ISO-10303-21;
HEADER;
/* Generated by software containing ST-Developer
 * from STEP Tools, Inc. (www.steptools.com) 
 */
/* OPTION: using custom renumber hook */

FILE_DESCRIPTION(
/* description */ ('STEP AP242 Edition 2',
'CAx-IF Rec.Pracs.---Representation and Presentation of Product Manufa
cturing Information (PMI)---4.0---2014-10-13',
'CAx-IF Rec.Pracs.---3D Tessellated Geometry---0.4---2014-09-14','2;1',
'CAx-IF Rec.Pracs.---User Defined Attributes---1.5---2016-08-15'),
/* implementation_level */ '2;1');

FILE_NAME(
/* name */ '6a6e4de05a7913dfae059d22',
/* time_stamp */ '2026-08-01T19:49:53Z',
/* author */ (''),
/* organization */ (''),
/* preprocessor_version */ 'ST-DEVELOPER v20',
/* originating_system */ 'ONSHAPE BY PTC INC, 1.218',
/* authorisation */ '  ');

FILE_SCHEMA (('AP242_MANAGED_MODEL_BASED_3D_ENGINEERING_MIM_LF { 1 0 10303 442 3 1 4 }'));
ENDSEC;

DATA;
#10=(
BOUNDED_SURFACE()
B_SPLINE_SURFACE(3,2,((#9950,#9951,#9952),(#9953,#9954,#9955),(#9956,#9957,
#9958),(#9959,#9960,#9961),(#9962,#9963,#9964),(#9965,#9966,#9967),(#9968,
#9969,#9970),(#9971,#9972,#9973),(#9974,#9975,#9976),(#9977,#9978,#9979),
(#9980,#9981,#9982),(#9983,#9984,#9985),(#9986,#9987,#9988),(#9989,#9990,
#9991),(#9992,#9993,#9994),(#9995,#9996,#9997),(#9998,#9999,#10000),(#10001,
#10002,#10003),(#10004,#10005,#10006)),.UNSPECIFIED.,.T.,.F.,.F.)
B_SPLINE_SURFACE_WITH_KNOTS((1,3,1,1,1,1,1,1,1,1,1,1,1,1,1,1,1,3,1),(3,
3),(-0.392699081698725,0.,0.392699081698724,0.785398163397448,1.17809724509617,
1.5707963267949,1.96349540849362,2.35619449019234,2.74889357189107,3.14159265358979,
3.53429173528852,3.92699081698724,4.31968989868597,4.71238898038469,5.10508806208341,
5.49778714378214,5.89048622548086,6.28318530717959,6.67588438887831),(0.,
1.),.UNSPECIFIED.)
GEOMETRIC_REPRESENTATION_ITEM()
RATIONAL_B_SPLINE_SURFACE(((1.,0.848048096156427,1.),(1.,0.848048096156427,
1.),(1.,0.841358928471499,1.),(1.,0.812091802629945,1.),(1.,0.766152132781954,
1.),(1.,0.708016969616044,1.),(1.,0.644420675873149,1.),(1.,0.584748265844267,
1.),(1.,0.540851604012193,1.),(1.,0.524453094343711,1.),(1.,0.540851604012192,
1.),(1.,0.584748265844268,1.),(1.,0.644420675873148,1.),(1.,0.708016969616045,
1.),(1.,0.766152132781951,1.),(1.,0.812091802629947,1.),(1.,0.841358928471499,
1.),(1.,0.848048096156427,1.),(1.,0.848048096156427,1.)))
REPRESENTATION_ITEM('')
SURFACE()
);
#11=(
BOUNDED_SURFACE()
B_SPLINE_SURFACE(3,2,((#10007,#10008,#10009),(#10010,#10011,#10012),(#10013,
#10014,#10015),(#10016,#10017,#10018),(#10019,#10020,#10021),(#10022,#10023,
#10024),(#10025,#10026,#10027),(#10028,#10029,#10030),(#10031,#10032,#10033),
(#10034,#10035,#10036),(#10037,#10038,#10039),(#10040,#10041,#10042),(#10043,
#10044,#10045),(#10046,#10047,#10048),(#10049,#10050,#10051),(#10052,#10053,
#10054),(#10055,#10056,#10057),(#10058,#10059,#10060),(#10061,#10062,#10063)),
 .UNSPECIFIED.,.T.,.F.,.F.)
B_SPLINE_SURFACE_WITH_KNOTS((1,3,1,1,1,1,1,1,1,1,1,1,1,1,1,1,1,3,1),(3,
3),(-0.392699081698725,0.,0.392699081698724,0.785398163397448,1.17809724509617,
1.5707963267949,1.96349540849362,2.35619449019234,2.74889357189107,3.14159265358979,
3.53429173528852,3.92699081698724,4.31968989868597,4.71238898038469,5.10508806208341,
5.49778714378214,5.89048622548086,6.28318530717959,6.67588438887831),(0.,
1.),.UNSPECIFIED.)
GEOMETRIC_REPRESENTATION_ITEM()
RATIONAL_B_SPLINE_SURFACE(((1.,0.848048096156427,1.),(1.,0.848048096156427,
1.),(1.,0.841358928471501,1.),(1.,0.812091802629943,1.),(1.,0.766152132781954,
1.),(1.,0.708016969616044,1.),(1.,0.644420675873148,1.),(1.,0.58474826584427,
1.),(1.,0.540851604012186,1.),(1.,0.524453094343714,1.),(1.,0.540851604012191,
1.),(1.,0.584748265844272,1.),(1.,0.644420675873147,1.),(1.,0.708016969616045,
1.),(1.,0.766152132781952,1.),(1.,0.812091802629945,1.),(1.,0.841358928471501,
1.),(1.,0.848048096156427,1.),(1.,0.848048096156427,1.)))
REPRESENTATION_ITEM('')
SURFACE()
);
#12=(
BOUNDED_SURFACE()
B_SPLINE_SURFACE(3,2,((#10064,#10065,#10066),(#10067,#10068,#10069),(#10070,
#10071,#10072),(#10073,#10074,#10075),(#10076,#10077,#10078),(#10079,#10080,
#10081),(#10082,#10083,#10084),(#10085,#10086,#10087),(#10088,#10089,#10090),
(#10091,#10092,#10093),(#10094,#10095,#10096),(#10097,#10098,#10099),(#10100,
#10101,#10102),(#10103,#10104,#10105),(#10106,#10107,#10108),(#10109,#10110,
#10111),(#10112,#10113,#10114),(#10115,#10116,#10117),(#10118,#10119,#10120)),
 .UNSPECIFIED.,.T.,.F.,.F.)
B_SPLINE_SURFACE_WITH_KNOTS((1,3,1,1,1,1,1,1,1,1,1,1,1,1,1,1,1,3,1),(3,
3),(-0.392699081698725,0.,0.392699081698724,0.785398163397448,1.17809724509617,
1.5707963267949,1.96349540849362,2.35619449019234,2.74889357189107,3.14159265358979,
3.53429173528852,3.92699081698724,4.31968989868597,4.71238898038469,5.10508806208341,
5.49778714378214,5.89048622548086,6.28318530717959,6.67588438887831),(0.,
1.),.UNSPECIFIED.)
GEOMETRIC_REPRESENTATION_ITEM()
RATIONAL_B_SPLINE_SURFACE(((1.,0.848048096156427,1.),(1.,0.848048096156427,
1.),(1.,0.841358928471501,1.),(1.,0.812091802629943,1.),(1.,0.766152132781954,
1.),(1.,0.708016969616044,1.),(1.,0.644420675873148,1.),(1.,0.58474826584427,
1.),(1.,0.540851604012186,1.),(1.,0.524453094343714,1.),(1.,0.540851604012191,
1.),(1.,0.584748265844272,1.),(1.,0.644420675873147,1.),(1.,0.708016969616045,
1.),(1.,0.766152132781952,1.),(1.,0.812091802629945,1.),(1.,0.841358928471501,
1.),(1.,0.848048096156427,1.),(1.,0.848048096156427,1.)))
REPRESENTATION_ITEM('')
SURFACE()
);
#13=(
BOUNDED_SURFACE()
B_SPLINE_SURFACE(3,2,((#10121,#10122,#10123),(#10124,#10125,#10126),(#10127,
#10128,#10129),(#10130,#10131,#10132),(#10133,#10134,#10135),(#10136,#10137,
#10138),(#10139,#10140,#10141),(#10142,#10143,#10144),(#10145,#10146,#10147),
(#10148,#10149,#10150),(#10151,#10152,#10153),(#10154,#10155,#10156),(#10157,
#10158,#10159),(#10160,#10161,#10162),(#10163,#10164,#10165),(#10166,#10167,
#10168),(#10169,#10170,#10171),(#10172,#10173,#10174),(#10175,#10176,#10177)),
 .UNSPECIFIED.,.T.,.F.,.F.)
B_SPLINE_SURFACE_WITH_KNOTS((1,3,1,1,1,1,1,1,1,1,1,1,1,1,1,1,1,3,1),(3,
3),(-0.392699081698725,0.,0.392699081698724,0.785398163397448,1.17809724509617,
1.5707963267949,1.96349540849362,2.35619449019234,2.74889357189107,3.14159265358979,
3.53429173528852,3.92699081698724,4.31968989868597,4.71238898038469,5.10508806208341,
5.49778714378214,5.89048622548086,6.28318530717959,6.67588438887831),(0.,
1.),.UNSPECIFIED.)
GEOMETRIC_REPRESENTATION_ITEM()
RATIONAL_B_SPLINE_SURFACE(((1.,0.848048096156427,1.),(1.,0.848048096156427,
1.),(1.,0.841358928471499,1.),(1.,0.812091802629945,1.),(1.,0.766152132781954,
1.),(1.,0.708016969616044,1.),(1.,0.644420675873149,1.),(1.,0.584748265844267,
1.),(1.,0.540851604012193,1.),(1.,0.524453094343711,1.),(1.,0.540851604012192,
1.),(1.,0.584748265844268,1.),(1.,0.644420675873148,1.),(1.,0.708016969616045,
1.),(1.,0.766152132781951,1.),(1.,0.812091802629947,1.),(1.,0.841358928471499,
1.),(1.,0.848048096156427,1.),(1.,0.848048096156427,1.)))
REPRESENTATION_ITEM('')
SURFACE()
);
#14=(
BOUNDED_SURFACE()
B_SPLINE_SURFACE(3,2,((#10178,#10179,#10180),(#10181,#10182,#10183),(#10184,
#10185,#10186),(#10187,#10188,#10189),(#10190,#10191,#10192),(#10193,#10194,
#10195),(#10196,#10197,#10198)),.UNSPECIFIED.,.F.,.F.,.F.)
B_SPLINE_SURFACE_WITH_KNOTS((4,1,1,1,4),(3,3),(4.71238898038469,5.10508806208341,
5.49778714378214,5.89048622548086,6.28318530717959),(0.,1.),
 .UNSPECIFIED.)
GEOMETRIC_REPRESENTATION_ITEM()
RATIONAL_B_SPLINE_SURFACE(((1.,0.707106781186549,1.),(1.,0.727394611351322,
1.),(1.,0.766152479132889,1.),(1.,0.812091709381718,1.),(1.,0.841358955113477,
1.),(1.,0.848048096157298,1.),(1.,0.848048096156426,1.)))
REPRESENTATION_ITEM('')
SURFACE()
);
#15=(
BOUNDED_SURFACE()
B_SPLINE_SURFACE(3,2,((#10205,#10206,#10207),(#10208,#10209,#10210),(#10211,
#10212,#10213),(#10214,#10215,#10216),(#10217,#10218,#10219),(#10220,#10221,
#10222),(#10223,#10224,#10225)),.UNSPECIFIED.,.F.,.F.,.F.)
B_SPLINE_SURFACE_WITH_KNOTS((4,1,1,1,4),(3,3),(3.14159265358979,3.53429173528852,
3.92699081698724,4.31968989868597,4.71238898038469),(0.,1.),
 .UNSPECIFIED.)
GEOMETRIC_REPRESENTATION_ITEM()
RATIONAL_B_SPLINE_SURFACE(((1.,0.848048096156426,1.),(1.,0.848048096157298,
1.),(1.,0.841358955113475,1.),(1.,0.812091709381726,1.),(1.,0.76615247913286,
1.),(1.,0.727394611351386,1.),(1.,0.707106781186549,1.)))
REPRESENTATION_ITEM('')
SURFACE()
);
#16=(
BOUNDED_SURFACE()
B_SPLINE_SURFACE(3,2,((#10231,#10232,#10233),(#10234,#10235,#10236),(#10237,
#10238,#10239),(#10240,#10241,#10242),(#10243,#10244,#10245),(#10246,#10247,
#10248),(#10249,#10250,#10251),(#10252,#10253,#10254),(#10255,#10256,#10257),
(#10258,#10259,#10260),(#10261,#10262,#10263),(#10264,#10265,#10266),(#10267,
#10268,#10269),(#10270,#10271,#10272),(#10273,#10274,#10275),(#10276,#10277,
#10278),(#10279,#10280,#10281),(#10282,#10283,#10284),(#10285,#10286,#10287)),
 .UNSPECIFIED.,.F.,.F.,.F.)
B_SPLINE_SURFACE_WITH_KNOTS((4,1,1,1,1,1,1,1,1,1,1,1,1,1,1,1,4),(3,3),(3.5369569733616,
3.88023551508885,4.2235140568161,4.56679259854335,4.91007114027059,5.25334968199784,
5.59662822372509,5.93990676545234,6.28318530717958,6.62646384890683,6.96974239063408,
7.31302093236133,7.65629947408858,7.99957801581582,8.34285655754307,8.68613509927032,
9.02941364099757),(0.,1.),.UNSPECIFIED.)
GEOMETRIC_REPRESENTATION_ITEM()
RATIONAL_B_SPLINE_SURFACE(((1.,0.838019563877796,1.),(1.,0.832256189449821,
1.),(1.,0.81584157205391,1.),(1.,0.778202062279649,1.),(1.,0.730290318179947,
1.),(1.,0.676113769266432,1.),(1.,0.621150648697923,1.),(1.,0.572461507249295,
1.),(1.,0.538218787444803,1.),(1.,0.525769502627407,1.),(1.,0.538218787444799,
1.),(1.,0.572461507249291,1.),(1.,0.621150648697923,1.),(1.,0.676113769266431,
1.),(1.,0.730290318179952,1.),(1.,0.778202062279622,1.),(1.,0.815841572054017,
1.),(1.,0.832256189449586,1.),(1.,0.838019563877796,1.)))
REPRESENTATION_ITEM('')
SURFACE()
);
#17=(
BOUNDED_SURFACE()
B_SPLINE_SURFACE(3,2,((#10290,#10291,#10292),(#10293,#10294,#10295),(#10296,
#10297,#10298),(#10299,#10300,#10301),(#10302,#10303,#10304),(#10305,#10306,
#10307),(#10308,#10309,#10310)),.UNSPECIFIED.,.F.,.F.,.F.)
B_SPLINE_SURFACE_WITH_KNOTS((4,1,1,1,4),(3,3),(0.,0.392699081698724,0.785398163397448,
1.17809724509617,1.5707963267949),(0.,1.),.UNSPECIFIED.)
GEOMETRIC_REPRESENTATION_ITEM()
RATIONAL_B_SPLINE_SURFACE(((1.,0.848048096156426,1.),(1.,0.848048096156135,
1.),(1.,0.841358955114115,1.),(1.,0.812091709381223,1.),(1.,0.766152479134228,
1.),(1.,0.727394611348512,1.),(1.,0.707106781186545,1.)))
REPRESENTATION_ITEM('')
SURFACE()
);
#18=(
BOUNDED_SURFACE()
B_SPLINE_SURFACE(3,2,((#10317,#10318,#10319),(#10320,#10321,#10322),(#10323,
#10324,#10325),(#10326,#10327,#10328),(#10329,#10330,#10331),(#10332,#10333,
#10334),(#10335,#10336,#10337)),.UNSPECIFIED.,.F.,.F.,.F.)
B_SPLINE_SURFACE_WITH_KNOTS((4,1,1,1,4),(3,3),(1.5707963267949,1.96349540849362,
2.35619449019234,2.74889357189107,3.14159265358979),(0.,1.),
 .UNSPECIFIED.)
GEOMETRIC_REPRESENTATION_ITEM()
RATIONAL_B_SPLINE_SURFACE(((1.,0.707106781186545,1.),(1.,0.727394611349288,
1.),(1.,0.76615247913387,1.),(1.,0.812091709381319,1.),(1.,0.841358955114087,
1.),(1.,0.848048096156135,1.),(1.,0.848048096156426,1.)))
REPRESENTATION_ITEM('')
SURFACE()
);
#19=(
BOUNDED_SURFACE()
B_SPLINE_SURFACE(3,2,((#10343,#10344,#10345),(#10346,#10347,#10348),(#10349,
#10350,#10351),(#10352,#10353,#10354),(#10355,#10356,#10357),(#10358,#10359,
#10360),(#10361,#10362,#10363),(#10364,#10365,#10366),(#10367,#10368,#10369),
(#10370,#10371,#10372),(#10373,#10374,#10375),(#10376,#10377,#10378),(#10379,
#10380,#10381),(#10382,#10383,#10384),(#10385,#10386,#10387),(#10388,#10389,
#10390),(#10391,#10392,#10393),(#10394,#10395,#10396),(#10397,#10398,#10399)),
 .UNSPECIFIED.,.F.,.F.,.F.)
B_SPLINE_SURFACE_WITH_KNOTS((4,1,1,1,1,1,1,1,1,1,1,1,1,1,1,1,4),(3,3),(3.5369569733616,
3.88023551508885,4.2235140568161,4.56679259854335,4.91007114027059,5.25334968199784,
5.59662822372509,5.93990676545234,6.28318530717959,6.62646384890683,6.96974239063408,
7.31302093236133,7.65629947408858,7.99957801581582,8.34285655754307,8.68613509927032,
9.02941364099757),(0.,1.),.UNSPECIFIED.)
GEOMETRIC_REPRESENTATION_ITEM()
RATIONAL_B_SPLINE_SURFACE(((1.,0.838019563877796,1.),(1.,0.832256189458044,
1.),(1.,0.815841572050092,1.),(1.,0.778202062280672,1.),(1.,0.730290318179673,
1.),(1.,0.676113769266505,1.),(1.,0.621150648697904,1.),(1.,0.572461507249295,
1.),(1.,0.538218787444805,1.),(1.,0.525769502627399,1.),(1.,0.538218787444804,
1.),(1.,0.5724615072493,1.),(1.,0.6211506486979,1.),(1.,0.676113769266516,
1.),(1.,0.73029031817964,1.),(1.,0.778202062280787,1.),(1.,0.815841572049656,
1.),(1.,0.832256189458983,1.),(1.,0.838019563877796,1.)))
REPRESENTATION_ITEM('')
SURFACE()
);
#20=(
BOUNDED_SURFACE()
B_SPLINE_SURFACE(3,2,((#10402,#10403,#10404),(#10405,#10406,#10407),(#10408,
#10409,#10410),(#10411,#10412,#10413),(#10414,#10415,#10416),(#10417,#10418,
#10419),(#10420,#10421,#10422)),.UNSPECIFIED.,.F.,.F.,.F.)
B_SPLINE_SURFACE_WITH_KNOTS((4,1,1,1,4),(3,3),(0.,0.392699081698724,0.785398163397448,
1.17809724509617,1.5707963267949),(0.,1.),.UNSPECIFIED.)
GEOMETRIC_REPRESENTATION_ITEM()
RATIONAL_B_SPLINE_SURFACE(((1.,0.848048096156426,1.),(1.,0.848048096156135,
1.),(1.,0.841358955114115,1.),(1.,0.812091709381223,1.),(1.,0.766152479134228,
1.),(1.,0.727394611348512,1.),(1.,0.707106781186545,1.)))
REPRESENTATION_ITEM('')
SURFACE()
);
#21=(
BOUNDED_SURFACE()
B_SPLINE_SURFACE(3,2,((#10429,#10430,#10431),(#10432,#10433,#10434),(#10435,
#10436,#10437),(#10438,#10439,#10440),(#10441,#10442,#10443),(#10444,#10445,
#10446),(#10447,#10448,#10449)),.UNSPECIFIED.,.F.,.F.,.F.)
B_SPLINE_SURFACE_WITH_KNOTS((4,1,1,1,4),(3,3),(1.5707963267949,1.96349540849362,
2.35619449019234,2.74889357189107,3.14159265358979),(0.,1.),
 .UNSPECIFIED.)
GEOMETRIC_REPRESENTATION_ITEM()
RATIONAL_B_SPLINE_SURFACE(((1.,0.707106781186545,1.),(1.,0.727394611349288,
1.),(1.,0.76615247913387,1.),(1.,0.812091709381319,1.),(1.,0.841358955114087,
1.),(1.,0.848048096156135,1.),(1.,0.848048096156426,1.)))
REPRESENTATION_ITEM('')
SURFACE()
);
#22=(
BOUNDED_SURFACE()
B_SPLINE_SURFACE(3,2,((#10455,#10456,#10457),(#10458,#10459,#10460),(#10461,
#10462,#10463),(#10464,#10465,#10466),(#10467,#10468,#10469),(#10470,#10471,
#10472),(#10473,#10474,#10475),(#10476,#10477,#10478),(#10479,#10480,#10481),
(#10482,#10483,#10484),(#10485,#10486,#10487),(#10488,#10489,#10490),(#10491,
#10492,#10493),(#10494,#10495,#10496),(#10497,#10498,#10499),(#10500,#10501,
#10502),(#10503,#10504,#10505),(#10506,#10507,#10508),(#10509,#10510,#10511)),
 .UNSPECIFIED.,.F.,.F.,.F.)
B_SPLINE_SURFACE_WITH_KNOTS((4,1,1,1,1,1,1,1,1,1,1,1,1,1,1,1,4),(3,3),(3.5369569733616,
3.88023551508885,4.2235140568161,4.56679259854335,4.91007114027059,5.25334968199784,
5.59662822372509,5.93990676545234,6.28318530717959,6.62646384890683,6.96974239063408,
7.31302093236133,7.65629947408858,7.99957801581582,8.34285655754307,8.68613509927032,
9.02941364099757),(0.,1.),.UNSPECIFIED.)
GEOMETRIC_REPRESENTATION_ITEM()
RATIONAL_B_SPLINE_SURFACE(((1.,0.838019563877796,1.),(1.,0.832256189458044,
1.),(1.,0.815841572050092,1.),(1.,0.778202062280672,1.),(1.,0.730290318179673,
1.),(1.,0.676113769266505,1.),(1.,0.621150648697904,1.),(1.,0.572461507249295,
1.),(1.,0.538218787444805,1.),(1.,0.525769502627399,1.),(1.,0.538218787444804,
1.),(1.,0.5724615072493,1.),(1.,0.6211506486979,1.),(1.,0.676113769266516,
1.),(1.,0.73029031817964,1.),(1.,0.778202062280787,1.),(1.,0.815841572049656,
1.),(1.,0.832256189458983,1.),(1.,0.838019563877796,1.)))
REPRESENTATION_ITEM('')
SURFACE()
);
#23=(
BOUNDED_SURFACE()
B_SPLINE_SURFACE(3,2,((#10514,#10515,#10516),(#10517,#10518,#10519),(#10520,
#10521,#10522),(#10523,#10524,#10525),(#10526,#10527,#10528),(#10529,#10530,
#10531),(#10532,#10533,#10534)),.UNSPECIFIED.,.F.,.F.,.F.)
B_SPLINE_SURFACE_WITH_KNOTS((4,1,1,1,4),(3,3),(4.71238898038469,5.10508806208341,
5.49778714378214,5.89048622548086,6.28318530717959),(0.,1.),
 .UNSPECIFIED.)
GEOMETRIC_REPRESENTATION_ITEM()
RATIONAL_B_SPLINE_SURFACE(((1.,0.707106781186549,1.),(1.,0.727394611351322,
1.),(1.,0.766152479132889,1.),(1.,0.812091709381718,1.),(1.,0.841358955113477,
1.),(1.,0.848048096157298,1.),(1.,0.848048096156426,1.)))
REPRESENTATION_ITEM('')
SURFACE()
);
#24=(
BOUNDED_SURFACE()
B_SPLINE_SURFACE(3,2,((#10541,#10542,#10543),(#10544,#10545,#10546),(#10547,
#10548,#10549),(#10550,#10551,#10552),(#10553,#10554,#10555),(#10556,#10557,
#10558),(#10559,#10560,#10561)),.UNSPECIFIED.,.F.,.F.,.F.)
B_SPLINE_SURFACE_WITH_KNOTS((4,1,1,1,4),(3,3),(3.14159265358979,3.53429173528852,
3.92699081698724,4.31968989868597,4.71238898038469),(0.,1.),
 .UNSPECIFIED.)
GEOMETRIC_REPRESENTATION_ITEM()
RATIONAL_B_SPLINE_SURFACE(((1.,0.848048096156426,1.),(1.,0.848048096157298,
1.),(1.,0.841358955113475,1.),(1.,0.812091709381726,1.),(1.,0.76615247913286,
1.),(1.,0.727394611351386,1.),(1.,0.707106781186549,1.)))
REPRESENTATION_ITEM('')
SURFACE()
);
#25=(
BOUNDED_SURFACE()
B_SPLINE_SURFACE(3,2,((#10567,#10568,#10569),(#10570,#10571,#10572),(#10573,
#10574,#10575),(#10576,#10577,#10578),(#10579,#10580,#10581),(#10582,#10583,
#10584),(#10585,#10586,#10587),(#10588,#10589,#10590),(#10591,#10592,#10593),
(#10594,#10595,#10596),(#10597,#10598,#10599),(#10600,#10601,#10602),(#10603,
#10604,#10605),(#10606,#10607,#10608),(#10609,#10610,#10611),(#10612,#10613,
#10614),(#10615,#10616,#10617),(#10618,#10619,#10620),(#10621,#10622,#10623)),
 .UNSPECIFIED.,.F.,.F.,.F.)
B_SPLINE_SURFACE_WITH_KNOTS((4,1,1,1,1,1,1,1,1,1,1,1,1,1,1,1,4),(3,3),(3.5369569733616,
3.88023551508885,4.2235140568161,4.56679259854335,4.91007114027059,5.25334968199784,
5.59662822372509,5.93990676545234,6.28318530717958,6.62646384890683,6.96974239063408,
7.31302093236133,7.65629947408858,7.99957801581582,8.34285655754307,8.68613509927032,
9.02941364099757),(0.,1.),.UNSPECIFIED.)
GEOMETRIC_REPRESENTATION_ITEM()
RATIONAL_B_SPLINE_SURFACE(((1.,0.838019563877796,1.),(1.,0.832256189449821,
1.),(1.,0.81584157205391,1.),(1.,0.778202062279649,1.),(1.,0.730290318179947,
1.),(1.,0.676113769266432,1.),(1.,0.621150648697923,1.),(1.,0.572461507249295,
1.),(1.,0.538218787444803,1.),(1.,0.525769502627407,1.),(1.,0.538218787444799,
1.),(1.,0.572461507249291,1.),(1.,0.621150648697923,1.),(1.,0.676113769266431,
1.),(1.,0.730290318179952,1.),(1.,0.778202062279622,1.),(1.,0.815841572054017,
1.),(1.,0.832256189449586,1.),(1.,0.838019563877796,1.)))
REPRESENTATION_ITEM('')
SURFACE()
);
#26=(
BOUNDED_SURFACE()
B_SPLINE_SURFACE(3,2,((#10626,#10627,#10628),(#10629,#10630,#10631),(#10632,
#10633,#10634),(#10635,#10636,#10637),(#10638,#10639,#10640)),
 .UNSPECIFIED.,.F.,.F.,.F.)
B_SPLINE_SURFACE_WITH_KNOTS((4,1,4),(3,3),(2.27682456221956E-17,0.00218957776152822,
0.00437915552305641),(0.,1.),.UNSPECIFIED.)
GEOMETRIC_REPRESENTATION_ITEM()
RATIONAL_B_SPLINE_SURFACE(((1.,0.707106781186546,1.),(1.,0.766639524698712,
1.),(1.,0.91737820755968,1.),(1.,0.999999999998217,1.),(1.,1.,1.)))
REPRESENTATION_ITEM('')
SURFACE()
);
#27=(
BOUNDED_SURFACE()
B_SPLINE_SURFACE(3,2,((#10644,#10645,#10646),(#10647,#10648,#10649),(#10650,
#10651,#10652),(#10653,#10654,#10655),(#10656,#10657,#10658)),
 .UNSPECIFIED.,.F.,.F.,.F.)
B_SPLINE_SURFACE_WITH_KNOTS((4,1,4),(3,3),(2.39608680119296E-17,0.00218957776152821,
0.0043791555230564),(0.,1.),.UNSPECIFIED.)
GEOMETRIC_REPRESENTATION_ITEM()
RATIONAL_B_SPLINE_SURFACE(((1.,0.707106781186546,1.),(1.,0.766639524698712,
1.),(1.,0.91737820755968,1.),(1.,0.999999999998217,1.),(1.,1.,1.)))
REPRESENTATION_ITEM('')
SURFACE()
);
#28=(
BOUNDED_SURFACE()
B_SPLINE_SURFACE(3,2,((#10659,#10660,#10661),(#10662,#10663,#10664),(#10665,
#10666,#10667),(#10668,#10669,#10670),(#10671,#10672,#10673)),
 .UNSPECIFIED.,.F.,.F.,.F.)
B_SPLINE_SURFACE_WITH_KNOTS((4,1,4),(3,3),(2.76471553983804E-17,0.00218957776152811,
0.00437915552305619),(0.,1.),.UNSPECIFIED.)
GEOMETRIC_REPRESENTATION_ITEM()
RATIONAL_B_SPLINE_SURFACE(((1.,0.707106781186557,1.),(1.,0.766639524690507,
1.),(1.,0.917378207563777,1.),(1.,0.999999999998217,1.),(1.,1.,1.)))
REPRESENTATION_ITEM('')
SURFACE()
);
#29=(
BOUNDED_SURFACE()
B_SPLINE_SURFACE(3,2,((#10677,#10678,#10679),(#10680,#10681,#10682),(#10683,
#10684,#10685),(#10686,#10687,#10688),(#10689,#10690,#10691)),
 .UNSPECIFIED.,.F.,.F.,.F.)
B_SPLINE_SURFACE_WITH_KNOTS((4,1,4),(3,3),(1.88651178012478E-17,0.00218957776152821,
0.00437915552305641),(0.,1.),.UNSPECIFIED.)
GEOMETRIC_REPRESENTATION_ITEM()
RATIONAL_B_SPLINE_SURFACE(((1.,0.707106781186546,1.),(1.,0.76663952469132,
1.),(1.,0.917378207563355,1.),(1.,0.999999999998217,1.),(1.,1.,1.)))
REPRESENTATION_ITEM('')
SURFACE()
);
#30=(
BOUNDED_SURFACE()
B_SPLINE_SURFACE(3,2,((#10692,#10693,#10694),(#10695,#10696,#10697),(#10698,
#10699,#10700),(#10701,#10702,#10703),(#10704,#10705,#10706)),
 .UNSPECIFIED.,.F.,.F.,.F.)
B_SPLINE_SURFACE_WITH_KNOTS((4,1,4),(3,3),(2.76471553983804E-17,0.00218957776152811,
0.00437915552305619),(0.,1.),.UNSPECIFIED.)
GEOMETRIC_REPRESENTATION_ITEM()
RATIONAL_B_SPLINE_SURFACE(((1.,0.707106781186557,1.),(1.,0.766639524690507,
1.),(1.,0.917378207563777,1.),(1.,0.999999999998217,1.),(1.,1.,1.)))
REPRESENTATION_ITEM('')
SURFACE()
);
#31=(
BOUNDED_SURFACE()
B_SPLINE_SURFACE(3,2,((#10710,#10711,#10712),(#10713,#10714,#10715),(#10716,
#10717,#10718),(#10719,#10720,#10721),(#10722,#10723,#10724)),
 .UNSPECIFIED.,.F.,.F.,.F.)
B_SPLINE_SURFACE_WITH_KNOTS((4,1,4),(3,3),(1.88651178012478E-17,0.00218957776152821,
0.00437915552305641),(0.,1.),.UNSPECIFIED.)
GEOMETRIC_REPRESENTATION_ITEM()
RATIONAL_B_SPLINE_SURFACE(((1.,0.707106781186546,1.),(1.,0.76663952469132,
1.),(1.,0.917378207563355,1.),(1.,0.999999999998217,1.),(1.,1.,1.)))
REPRESENTATION_ITEM('')
SURFACE()
);
#32=(
BOUNDED_SURFACE()
B_SPLINE_SURFACE(3,2,((#10725,#10726,#10727),(#10728,#10729,#10730),(#10731,
#10732,#10733),(#10734,#10735,#10736),(#10737,#10738,#10739)),
 .UNSPECIFIED.,.F.,.F.,.F.)
B_SPLINE_SURFACE_WITH_KNOTS((4,1,4),(3,3),(2.35271871429354E-17,0.00218957776152823,
0.00437915552305644),(0.,1.),.UNSPECIFIED.)
GEOMETRIC_REPRESENTATION_ITEM()
RATIONAL_B_SPLINE_SURFACE(((1.,0.707106781186546,1.),(1.,0.766639524698712,
1.),(1.,0.91737820755968,1.),(1.,0.999999999998217,1.),(1.,1.,1.)))
REPRESENTATION_ITEM('')
SURFACE()
);
#33=(
BOUNDED_SURFACE()
B_SPLINE_SURFACE(3,2,((#10743,#10744,#10745),(#10746,#10747,#10748),(#10749,
#10750,#10751),(#10752,#10753,#10754),(#10755,#10756,#10757)),
 .UNSPECIFIED.,.F.,.F.,.F.)
B_SPLINE_SURFACE_WITH_KNOTS((4,1,4),(3,3),(2.39608680119296E-17,0.00218957776152821,
0.0043791555230564),(0.,1.),.UNSPECIFIED.)
GEOMETRIC_REPRESENTATION_ITEM()
RATIONAL_B_SPLINE_SURFACE(((1.,0.707106781186546,1.),(1.,0.766639524698712,
1.),(1.,0.91737820755968,1.),(1.,0.999999999998217,1.),(1.,1.,1.)))
REPRESENTATION_ITEM('')
SURFACE()
);
#34=TOROIDAL_SURFACE('',#5909,0.008,0.004);
#35=TOROIDAL_SURFACE('',#5912,0.02835,0.004);
#36=TOROIDAL_SURFACE('',#5915,0.008,0.004);
#37=TOROIDAL_SURFACE('',#5923,0.03035,0.004);
#38=TOROIDAL_SURFACE('',#5935,0.005,0.001);
#39=TOROIDAL_SURFACE('',#5939,0.005,0.001);
#40=TOROIDAL_SURFACE('',#6049,0.008,0.004);
#41=TOROIDAL_SURFACE('',#6052,0.02835,0.004);
#42=TOROIDAL_SURFACE('',#6055,0.008,0.004);
#43=TOROIDAL_SURFACE('',#6063,0.03035,0.004);
#44=TOROIDAL_SURFACE('',#6075,0.005,0.001);
#45=TOROIDAL_SURFACE('',#6079,0.005,0.001);
#46=TOROIDAL_SURFACE('',#6179,0.005,0.001);
#47=TOROIDAL_SURFACE('',#6186,0.005,0.001);
#48=TOROIDAL_SURFACE('',#6201,0.03035,0.004);
#49=TOROIDAL_SURFACE('',#6214,0.008,0.004);
#50=TOROIDAL_SURFACE('',#6219,0.02835,0.004);
#51=TOROIDAL_SURFACE('',#6222,0.008,0.004);
#52=TOROIDAL_SURFACE('',#6319,0.005,0.001);
#53=TOROIDAL_SURFACE('',#6326,0.005,0.001);
#54=TOROIDAL_SURFACE('',#6341,0.03035,0.004);
#55=TOROIDAL_SURFACE('',#6354,0.008,0.004);
#56=TOROIDAL_SURFACE('',#6359,0.02835,0.004);
#57=TOROIDAL_SURFACE('',#6362,0.008,0.004);
#58=TOROIDAL_SURFACE('',#6509,0.02735,0.001);
#59=TOROIDAL_SURFACE('',#6512,0.02735,0.001);
#60=TOROIDAL_SURFACE('',#6515,0.02735,0.001);
#61=TOROIDAL_SURFACE('',#6518,0.02735,0.001);
#62=SPHERICAL_SURFACE('',#5891,0.004);
#63=SPHERICAL_SURFACE('',#5916,0.004);
#64=SPHERICAL_SURFACE('',#5928,0.004);
#65=SPHERICAL_SURFACE('',#5930,0.004);
#66=SPHERICAL_SURFACE('',#6031,0.004);
#67=SPHERICAL_SURFACE('',#6056,0.004);
#68=SPHERICAL_SURFACE('',#6068,0.004);
#69=SPHERICAL_SURFACE('',#6070,0.004);
#70=SPHERICAL_SURFACE('',#6194,0.004);
#71=SPHERICAL_SURFACE('',#6197,0.004);
#72=SPHERICAL_SURFACE('',#6211,0.004);
#73=SPHERICAL_SURFACE('',#6236,0.004);
#74=SPHERICAL_SURFACE('',#6334,0.004);
#75=SPHERICAL_SURFACE('',#6337,0.004);
#76=SPHERICAL_SURFACE('',#6351,0.004);
#77=SPHERICAL_SURFACE('',#6376,0.004);
#78=SPHERICAL_SURFACE('',#6463,0.004);
#79=SPHERICAL_SURFACE('',#6468,0.004);
#80=SPHERICAL_SURFACE('',#6476,0.004);
#81=SPHERICAL_SURFACE('',#6481,0.004);
#82=SPHERICAL_SURFACE('',#6489,0.004);
#83=SPHERICAL_SURFACE('',#6494,0.004);
#84=SPHERICAL_SURFACE('',#6502,0.004);
#85=SPHERICAL_SURFACE('',#6507,0.004);
#86=B_SPLINE_CURVE_WITH_KNOTS('',3,(#8481,#8482,#8483,#8484,#8485),
 .UNSPECIFIED.,.F.,.F.,(4,1,4),(0.,0.00212879970191427,0.00425759940382855),
 .UNSPECIFIED.);
#87=B_SPLINE_CURVE_WITH_KNOTS('',3,(#8489,#8490,#8491,#8492,#8493),
 .UNSPECIFIED.,.F.,.F.,(4,1,4),(0.,0.00212879970191431,0.00425759940382862),
 .UNSPECIFIED.);
#88=B_SPLINE_CURVE_WITH_KNOTS('',3,(#8633,#8634,#8635,#8636),
 .UNSPECIFIED.,.F.,.F.,(4,4),(-1.48908739051352E-5,0.0048429708626644),
 .UNSPECIFIED.);
#89=B_SPLINE_CURVE_WITH_KNOTS('',3,(#8642,#8643,#8644,#8645),
 .UNSPECIFIED.,.F.,.F.,(4,4),(-1.48908739051325E-5,0.00484297086266382),
 .UNSPECIFIED.);
#90=B_SPLINE_CURVE_WITH_KNOTS('',3,(#8666,#8667,#8668,#8669,#8670,#8671),
 .UNSPECIFIED.,.F.,.F.,(4,1,1,4),(0.,0.00100119135565618,0.00200238271131236,
0.00400476542262472),.UNSPECIFIED.);
#91=B_SPLINE_CURVE_WITH_KNOTS('',3,(#8676,#8677,#8678,#8679,#8680,#8681),
 .UNSPECIFIED.,.F.,.F.,(4,1,1,4),(0.,0.00100119135565617,0.00200238271131234,
0.00400476542262468),.UNSPECIFIED.);
#92=B_SPLINE_CURVE_WITH_KNOTS('',3,(#8813,#8814,#8815,#8816,#8817),
 .UNSPECIFIED.,.F.,.F.,(4,1,4),(0.,0.00212879970191425,0.0042575994038285),
 .UNSPECIFIED.);
#93=B_SPLINE_CURVE_WITH_KNOTS('',3,(#8821,#8822,#8823,#8824,#8825),
 .UNSPECIFIED.,.F.,.F.,(4,1,4),(0.,0.00212879970191419,0.00425759940382839),
 .UNSPECIFIED.);
#94=B_SPLINE_CURVE_WITH_KNOTS('',3,(#8965,#8966,#8967,#8968),
 .UNSPECIFIED.,.F.,.F.,(4,4),(-1.48908739051352E-5,0.00484297086266441),
 .UNSPECIFIED.);
#95=B_SPLINE_CURVE_WITH_KNOTS('',3,(#8974,#8975,#8976,#8977),
 .UNSPECIFIED.,.F.,.F.,(4,4),(-1.4890873905138E-5,0.00484297086266363),
 .UNSPECIFIED.);
#96=B_SPLINE_CURVE_WITH_KNOTS('',3,(#8998,#8999,#9000,#9001,#9002,#9003),
 .UNSPECIFIED.,.F.,.F.,(4,1,1,4),(1.99183726379383E-16,0.0010011913556564,
0.00200238271131261,0.00400476542262501),.UNSPECIFIED.);
#97=B_SPLINE_CURVE_WITH_KNOTS('',3,(#9008,#9009,#9010,#9011,#9012,#9013),
 .UNSPECIFIED.,.F.,.F.,(4,1,1,4),(0.,0.00100119135565617,0.00200238271131234,
0.00400476542262468),.UNSPECIFIED.);
#98=B_SPLINE_CURVE_WITH_KNOTS('',3,(#9377,#9378,#9379,#9380,#9381,#9382),
 .UNSPECIFIED.,.F.,.F.,(4,1,1,4),(0.,0.00100119135565617,0.00200238271131234,
0.00400476542262468),.UNSPECIFIED.);
#99=B_SPLINE_CURVE_WITH_KNOTS('',3,(#9398,#9399,#9400,#9401,#9402,#9403),
 .UNSPECIFIED.,.F.,.F.,(4,1,1,4),(0.,0.00100119135565618,0.00200238271131236,
0.00400476542262473),.UNSPECIFIED.);
#100=B_SPLINE_CURVE_WITH_KNOTS('',3,(#9433,#9434,#9435,#9436),
 .UNSPECIFIED.,.F.,.F.,(4,4),(-1.48908739051352E-5,0.0048429708626644),
 .UNSPECIFIED.);
#101=B_SPLINE_CURVE_WITH_KNOTS('',3,(#9441,#9442,#9443,#9444),
 .UNSPECIFIED.,.F.,.F.,(4,4),(-1.48908739051325E-5,0.00484297086266382),
 .UNSPECIFIED.);
#102=B_SPLINE_CURVE_WITH_KNOTS('',3,(#9627,#9628,#9629,#9630,#9631),
 .UNSPECIFIED.,.F.,.F.,(4,1,4),(0.,0.00212879970191427,0.00425759940382855),
 .UNSPECIFIED.);
#103=B_SPLINE_CURVE_WITH_KNOTS('',3,(#9632,#9633,#9634,#9635,#9636),
 .UNSPECIFIED.,.F.,.F.,(4,1,4),(0.,0.0021287997019143,0.0042575994038286),
 .UNSPECIFIED.);
#104=B_SPLINE_CURVE_WITH_KNOTS('',3,(#9675,#9676,#9677,#9678,#9679,#9680),
 .UNSPECIFIED.,.F.,.F.,(4,1,1,4),(0.,0.00100119135565617,0.00200238271131234,
0.00400476542262468),.UNSPECIFIED.);
#105=B_SPLINE_CURVE_WITH_KNOTS('',3,(#9696,#9697,#9698,#9699,#9700,#9701),
 .UNSPECIFIED.,.F.,.F.,(4,1,1,4),(0.,0.00100119135565617,0.00200238271131235,
0.0040047654226247),.UNSPECIFIED.);
#106=B_SPLINE_CURVE_WITH_KNOTS('',3,(#9731,#9732,#9733,#9734),
 .UNSPECIFIED.,.F.,.F.,(4,4),(-1.48908739051352E-5,0.00484297086266441),
 .UNSPECIFIED.);
#107=B_SPLINE_CURVE_WITH_KNOTS('',3,(#9739,#9740,#9741,#9742),
 .UNSPECIFIED.,.F.,.F.,(4,4),(-1.4890873905138E-5,0.00484297086266363),
 .UNSPECIFIED.);
#108=B_SPLINE_CURVE_WITH_KNOTS('',3,(#9925,#9926,#9927,#9928,#9929),
 .UNSPECIFIED.,.F.,.F.,(4,1,4),(0.,0.00212879970191425,0.0042575994038285),
 .UNSPECIFIED.);
#109=B_SPLINE_CURVE_WITH_KNOTS('',3,(#9930,#9931,#9932,#9933,#9934),
 .UNSPECIFIED.,.F.,.F.,(4,1,4),(0.,0.00212879970191419,0.00425759940382839),
 .UNSPECIFIED.);
#110=LINE('',#8416,#440);
#111=LINE('',#8418,#441);
#112=LINE('',#8420,#442);
#113=LINE('',#8432,#443);
#114=LINE('',#8435,#444);
#115=LINE('',#8437,#445);
#116=LINE('',#8439,#446);
#117=LINE('',#8449,#447);
#118=LINE('',#8452,#448);
#119=LINE('',#8454,#449);
#120=LINE('',#8456,#450);
#121=LINE('',#8458,#451);
#122=LINE('',#8463,#452);
#123=LINE('',#8467,#453);
#124=LINE('',#8470,#454);
#125=LINE('',#8476,#455);
#126=LINE('',#8478,#456);
#127=LINE('',#8495,#457);
#128=LINE('',#8501,#458);
#129=LINE('',#8504,#459);
#130=LINE('',#8506,#460);
#131=LINE('',#8508,#461);
#132=LINE('',#8518,#462);
#133=LINE('',#8521,#463);
#134=LINE('',#8523,#464);
#135=LINE('',#8525,#465);
#136=LINE('',#8527,#466);
#137=LINE('',#8537,#467);
#138=LINE('',#8540,#468);
#139=LINE('',#8542,#469);
#140=LINE('',#8544,#470);
#141=LINE('',#8689,#471);
#142=LINE('',#8693,#472);
#143=LINE('',#8697,#473);
#144=LINE('',#8701,#474);
#145=LINE('',#8705,#475);
#146=LINE('',#8709,#476);
#147=LINE('',#8710,#477);
#148=LINE('',#8713,#478);
#149=LINE('',#8715,#479);
#150=LINE('',#8717,#480);
#151=LINE('',#8719,#481);
#152=LINE('',#8721,#482);
#153=LINE('',#8723,#483);
#154=LINE('',#8725,#484);
#155=LINE('',#8727,#485);
#156=LINE('',#8729,#486);
#157=LINE('',#8731,#487);
#158=LINE('',#8733,#488);
#159=LINE('',#8735,#489);
#160=LINE('',#8737,#490);
#161=LINE('',#8739,#491);
#162=LINE('',#8741,#492);
#163=LINE('',#8743,#493);
#164=LINE('',#8748,#494);
#165=LINE('',#8750,#495);
#166=LINE('',#8752,#496);
#167=LINE('',#8764,#497);
#168=LINE('',#8767,#498);
#169=LINE('',#8769,#499);
#170=LINE('',#8771,#500);
#171=LINE('',#8781,#501);
#172=LINE('',#8784,#502);
#173=LINE('',#8786,#503);
#174=LINE('',#8788,#504);
#175=LINE('',#8790,#505);
#176=LINE('',#8795,#506);
#177=LINE('',#8799,#507);
#178=LINE('',#8802,#508);
#179=LINE('',#8808,#509);
#180=LINE('',#8810,#510);
#181=LINE('',#8827,#511);
#182=LINE('',#8833,#512);
#183=LINE('',#8836,#513);
#184=LINE('',#8838,#514);
#185=LINE('',#8840,#515);
#186=LINE('',#8858,#516);
#187=LINE('',#8861,#517);
#188=LINE('',#8863,#518);
#189=LINE('',#8865,#519);
#190=LINE('',#8867,#520);
#191=LINE('',#8870,#521);
#192=LINE('',#8872,#522);
#193=LINE('',#8874,#523);
#194=LINE('',#8876,#524);
#195=LINE('',#9020,#525);
#196=LINE('',#9023,#526);
#197=LINE('',#9025,#527);
#198=LINE('',#9027,#528);
#199=LINE('',#9029,#529);
#200=LINE('',#9032,#530);
#201=LINE('',#9034,#531);
#202=LINE('',#9036,#532);
#203=LINE('',#9038,#533);
#204=LINE('',#9041,#534);
#205=LINE('',#9043,#535);
#206=LINE('',#9045,#536);
#207=LINE('',#9047,#537);
#208=LINE('',#9050,#538);
#209=LINE('',#9052,#539);
#210=LINE('',#9054,#540);
#211=LINE('',#9056,#541);
#212=LINE('',#9059,#542);
#213=LINE('',#9061,#543);
#214=LINE('',#9063,#544);
#215=LINE('',#9065,#545);
#216=LINE('',#9068,#546);
#217=LINE('',#9070,#547);
#218=LINE('',#9072,#548);
#219=LINE('',#9074,#549);
#220=LINE('',#9077,#550);
#221=LINE('',#9079,#551);
#222=LINE('',#9081,#552);
#223=LINE('',#9083,#553);
#224=LINE('',#9086,#554);
#225=LINE('',#9088,#555);
#226=LINE('',#9090,#556);
#227=LINE('',#9092,#557);
#228=LINE('',#9095,#558);
#229=LINE('',#9097,#559);
#230=LINE('',#9099,#560);
#231=LINE('',#9101,#561);
#232=LINE('',#9104,#562);
#233=LINE('',#9106,#563);
#234=LINE('',#9108,#564);
#235=LINE('',#9110,#565);
#236=LINE('',#9113,#566);
#237=LINE('',#9115,#567);
#238=LINE('',#9117,#568);
#239=LINE('',#9119,#569);
#240=LINE('',#9122,#570);
#241=LINE('',#9124,#571);
#242=LINE('',#9126,#572);
#243=LINE('',#9128,#573);
#244=LINE('',#9131,#574);
#245=LINE('',#9133,#575);
#246=LINE('',#9135,#576);
#247=LINE('',#9137,#577);
#248=LINE('',#9140,#578);
#249=LINE('',#9142,#579);
#250=LINE('',#9144,#580);
#251=LINE('',#9146,#581);
#252=LINE('',#9149,#582);
#253=LINE('',#9151,#583);
#254=LINE('',#9153,#584);
#255=LINE('',#9155,#585);
#256=LINE('',#9158,#586);
#257=LINE('',#9160,#587);
#258=LINE('',#9162,#588);
#259=LINE('',#9164,#589);
#260=LINE('',#9166,#590);
#261=LINE('',#9168,#591);
#262=LINE('',#9170,#592);
#263=LINE('',#9171,#593);
#264=LINE('',#9173,#594);
#265=LINE('',#9174,#595);
#266=LINE('',#9176,#596);
#267=LINE('',#9178,#597);
#268=LINE('',#9180,#598);
#269=LINE('',#9182,#599);
#270=LINE('',#9183,#600);
#271=LINE('',#9185,#601);
#272=LINE('',#9187,#602);
#273=LINE('',#9189,#603);
#274=LINE('',#9191,#604);
#275=LINE('',#9192,#605);
#276=LINE('',#9194,#606);
#277=LINE('',#9196,#607);
#278=LINE('',#9198,#608);
#279=LINE('',#9199,#609);
#280=LINE('',#9201,#610);
#281=LINE('',#9203,#611);
#282=LINE('',#9205,#612);
#283=LINE('',#9207,#613);
#284=LINE('',#9209,#614);
#285=LINE('',#9211,#615);
#286=LINE('',#9213,#616);
#287=LINE('',#9215,#617);
#288=LINE('',#9217,#618);
#289=LINE('',#9218,#619);
#290=LINE('',#9220,#620);
#291=LINE('',#9222,#621);
#292=LINE('',#9224,#622);
#293=LINE('',#9225,#623);
#294=LINE('',#9227,#624);
#295=LINE('',#9229,#625);
#296=LINE('',#9231,#626);
#297=LINE('',#9233,#627);
#298=LINE('',#9235,#628);
#299=LINE('',#9237,#629);
#300=LINE('',#9239,#630);
#301=LINE('',#9241,#631);
#302=LINE('',#9243,#632);
#303=LINE('',#9244,#633);
#304=LINE('',#9246,#634);
#305=LINE('',#9248,#635);
#306=LINE('',#9250,#636);
#307=LINE('',#9251,#637);
#308=LINE('',#9253,#638);
#309=LINE('',#9255,#639);
#310=LINE('',#9257,#640);
#311=LINE('',#9259,#641);
#312=LINE('',#9261,#642);
#313=LINE('',#9263,#643);
#314=LINE('',#9265,#644);
#315=LINE('',#9267,#645);
#316=LINE('',#9269,#646);
#317=LINE('',#9271,#647);
#318=LINE('',#9272,#648);
#319=LINE('',#9274,#649);
#320=LINE('',#9276,#650);
#321=LINE('',#9278,#651);
#322=LINE('',#9279,#652);
#323=LINE('',#9281,#653);
#324=LINE('',#9283,#654);
#325=LINE('',#9285,#655);
#326=LINE('',#9287,#656);
#327=LINE('',#9289,#657);
#328=LINE('',#9291,#658);
#329=LINE('',#9293,#659);
#330=LINE('',#9295,#660);
#331=LINE('',#9297,#661);
#332=LINE('',#9298,#662);
#333=LINE('',#9300,#663);
#334=LINE('',#9302,#664);
#335=LINE('',#9304,#665);
#336=LINE('',#9305,#666);
#337=LINE('',#9307,#667);
#338=LINE('',#9309,#668);
#339=LINE('',#9311,#669);
#340=LINE('',#9313,#670);
#341=LINE('',#9315,#671);
#342=LINE('',#9317,#672);
#343=LINE('',#9319,#673);
#344=LINE('',#9321,#674);
#345=LINE('',#9323,#675);
#346=LINE('',#9324,#676);
#347=LINE('',#9326,#677);
#348=LINE('',#9328,#678);
#349=LINE('',#9330,#679);
#350=LINE('',#9331,#680);
#351=LINE('',#9333,#681);
#352=LINE('',#9335,#682);
#353=LINE('',#9337,#683);
#354=LINE('',#9339,#684);
#355=LINE('',#9341,#685);
#356=LINE('',#9343,#686);
#357=LINE('',#9345,#687);
#358=LINE('',#9347,#688);
#359=LINE('',#9349,#689);
#360=LINE('',#9350,#690);
#361=LINE('',#9351,#691);
#362=LINE('',#9353,#692);
#363=LINE('',#9355,#693);
#364=LINE('',#9357,#694);
#365=LINE('',#9359,#695);
#366=LINE('',#9361,#696);
#367=LINE('',#9363,#697);
#368=LINE('',#9365,#698);
#369=LINE('',#9367,#699);
#370=LINE('',#9369,#700);
#371=LINE('',#9371,#701);
#372=LINE('',#9390,#702);
#373=LINE('',#9394,#703);
#374=LINE('',#9410,#704);
#375=LINE('',#9414,#705);
#376=LINE('',#9419,#706);
#377=LINE('',#9420,#707);
#378=LINE('',#9430,#708);
#379=LINE('',#9431,#709);
#380=LINE('',#9456,#710);
#381=LINE('',#9457,#711);
#382=LINE('',#9459,#712);
#383=LINE('',#9463,#713);
#384=LINE('',#9484,#714);
#385=LINE('',#9485,#715);
#386=LINE('',#9490,#716);
#387=LINE('',#9491,#717);
#388=LINE('',#9496,#718);
#389=LINE('',#9497,#719);
#390=LINE('',#9499,#720);
#391=LINE('',#9503,#721);
#392=LINE('',#9505,#722);
#393=LINE('',#9509,#723);
#394=LINE('',#9513,#724);
#395=LINE('',#9514,#725);
#396=LINE('',#9518,#726);
#397=LINE('',#9522,#727);
#398=LINE('',#9614,#728);
#399=LINE('',#9615,#729);
#400=LINE('',#9616,#730);
#401=LINE('',#9618,#731);
#402=LINE('',#9620,#732);
#403=LINE('',#9647,#733);
#404=LINE('',#9651,#734);
#405=LINE('',#9655,#735);
#406=LINE('',#9659,#736);
#407=LINE('',#9663,#737);
#408=LINE('',#9667,#738);
#409=LINE('',#9688,#739);
#410=LINE('',#9692,#740);
#411=LINE('',#9708,#741);
#412=LINE('',#9712,#742);
#413=LINE('',#9717,#743);
#414=LINE('',#9718,#744);
#415=LINE('',#9728,#745);
#416=LINE('',#9729,#746);
#417=LINE('',#9754,#747);
#418=LINE('',#9755,#748);
#419=LINE('',#9757,#749);
#420=LINE('',#9761,#750);
#421=LINE('',#9782,#751);
#422=LINE('',#9783,#752);
#423=LINE('',#9788,#753);
#424=LINE('',#9789,#754);
#425=LINE('',#9794,#755);
#426=LINE('',#9795,#756);
#427=LINE('',#9797,#757);
#428=LINE('',#9801,#758);
#429=LINE('',#9803,#759);
#430=LINE('',#9807,#760);
#431=LINE('',#9811,#761);
#432=LINE('',#9812,#762);
#433=LINE('',#9816,#763);
#434=LINE('',#9820,#764);
#435=LINE('',#9912,#765);
#436=LINE('',#9913,#766);
#437=LINE('',#9914,#767);
#438=LINE('',#9916,#768);
#439=LINE('',#9918,#769);
#440=VECTOR('',#6591,1.);
#441=VECTOR('',#6592,1.);
#442=VECTOR('',#6593,1.);
#443=VECTOR('',#6606,1.);
#444=VECTOR('',#6607,1.);
#445=VECTOR('',#6608,1.);
#446=VECTOR('',#6609,1.);
#447=VECTOR('',#6620,1.);
#448=VECTOR('',#6621,1.);
#449=VECTOR('',#6622,1.);
#450=VECTOR('',#6623,1.);
#451=VECTOR('',#6626,1.);
#452=VECTOR('',#6629,1.);
#453=VECTOR('',#6634,1.);
#454=VECTOR('',#6635,1.);
#455=VECTOR('',#6640,1.);
#456=VECTOR('',#6643,1.);
#457=VECTOR('',#6646,1.);
#458=VECTOR('',#6653,1.);
#459=VECTOR('',#6654,1.);
#460=VECTOR('',#6655,1.);
#461=VECTOR('',#6656,1.);
#462=VECTOR('',#6667,1.);
#463=VECTOR('',#6668,1.);
#464=VECTOR('',#6669,1.);
#465=VECTOR('',#6670,1.);
#466=VECTOR('',#6673,1.);
#467=VECTOR('',#6684,1.);
#468=VECTOR('',#6685,1.);
#469=VECTOR('',#6686,1.);
#470=VECTOR('',#6687,1.);
#471=VECTOR('',#6888,1.);
#472=VECTOR('',#6891,1.);
#473=VECTOR('',#6894,1.);
#474=VECTOR('',#6897,1.);
#475=VECTOR('',#6900,1.);
#476=VECTOR('',#6903,1.);
#477=VECTOR('',#6904,1.);
#478=VECTOR('',#6905,1.);
#479=VECTOR('',#6906,1.);
#480=VECTOR('',#6907,1.);
#481=VECTOR('',#6908,1.);
#482=VECTOR('',#6909,1.);
#483=VECTOR('',#6910,1.);
#484=VECTOR('',#6911,1.);
#485=VECTOR('',#6912,1.);
#486=VECTOR('',#6913,1.);
#487=VECTOR('',#6914,1.);
#488=VECTOR('',#6915,1.);
#489=VECTOR('',#6916,1.);
#490=VECTOR('',#6917,1.);
#491=VECTOR('',#6918,1.);
#492=VECTOR('',#6919,1.);
#493=VECTOR('',#6920,1.);
#494=VECTOR('',#6925,1.);
#495=VECTOR('',#6926,1.);
#496=VECTOR('',#6927,1.);
#497=VECTOR('',#6940,1.);
#498=VECTOR('',#6941,1.);
#499=VECTOR('',#6942,1.);
#500=VECTOR('',#6943,1.);
#501=VECTOR('',#6954,1.);
#502=VECTOR('',#6955,1.);
#503=VECTOR('',#6956,1.);
#504=VECTOR('',#6957,1.);
#505=VECTOR('',#6960,1.);
#506=VECTOR('',#6963,1.);
#507=VECTOR('',#6968,1.);
#508=VECTOR('',#6969,1.);
#509=VECTOR('',#6974,1.);
#510=VECTOR('',#6977,1.);
#511=VECTOR('',#6980,1.);
#512=VECTOR('',#6987,1.);
#513=VECTOR('',#6988,1.);
#514=VECTOR('',#6989,1.);
#515=VECTOR('',#6990,1.);
#516=VECTOR('',#7009,1.);
#517=VECTOR('',#7010,1.);
#518=VECTOR('',#7011,1.);
#519=VECTOR('',#7012,1.);
#520=VECTOR('',#7015,1.);
#521=VECTOR('',#7016,1.);
#522=VECTOR('',#7017,1.);
#523=VECTOR('',#7018,1.);
#524=VECTOR('',#7021,1.);
#525=VECTOR('',#7222,1.);
#526=VECTOR('',#7223,1.);
#527=VECTOR('',#7224,1.);
#528=VECTOR('',#7225,1.);
#529=VECTOR('',#7228,1.);
#530=VECTOR('',#7229,1.);
#531=VECTOR('',#7230,1.);
#532=VECTOR('',#7231,1.);
#533=VECTOR('',#7234,1.);
#534=VECTOR('',#7235,1.);
#535=VECTOR('',#7236,1.);
#536=VECTOR('',#7237,1.);
#537=VECTOR('',#7240,1.);
#538=VECTOR('',#7241,1.);
#539=VECTOR('',#7242,1.);
#540=VECTOR('',#7243,1.);
#541=VECTOR('',#7246,1.);
#542=VECTOR('',#7247,1.);
#543=VECTOR('',#7248,1.);
#544=VECTOR('',#7249,1.);
#545=VECTOR('',#7252,1.);
#546=VECTOR('',#7253,1.);
#547=VECTOR('',#7254,1.);
#548=VECTOR('',#7255,1.);
#549=VECTOR('',#7258,1.);
#550=VECTOR('',#7259,1.);
#551=VECTOR('',#7260,1.);
#552=VECTOR('',#7261,1.);
#553=VECTOR('',#7264,1.);
#554=VECTOR('',#7265,1.);
#555=VECTOR('',#7266,1.);
#556=VECTOR('',#7267,1.);
#557=VECTOR('',#7270,1.);
#558=VECTOR('',#7271,1.);
#559=VECTOR('',#7272,1.);
#560=VECTOR('',#7273,1.);
#561=VECTOR('',#7276,1.);
#562=VECTOR('',#7277,1.);
#563=VECTOR('',#7278,1.);
#564=VECTOR('',#7279,1.);
#565=VECTOR('',#7282,1.);
#566=VECTOR('',#7283,1.);
#567=VECTOR('',#7284,1.);
#568=VECTOR('',#7285,1.);
#569=VECTOR('',#7288,1.);
#570=VECTOR('',#7289,1.);
#571=VECTOR('',#7290,1.);
#572=VECTOR('',#7291,1.);
#573=VECTOR('',#7294,1.);
#574=VECTOR('',#7295,1.);
#575=VECTOR('',#7296,1.);
#576=VECTOR('',#7297,1.);
#577=VECTOR('',#7300,1.);
#578=VECTOR('',#7301,1.);
#579=VECTOR('',#7302,1.);
#580=VECTOR('',#7303,1.);
#581=VECTOR('',#7306,1.);
#582=VECTOR('',#7307,1.);
#583=VECTOR('',#7308,1.);
#584=VECTOR('',#7309,1.);
#585=VECTOR('',#7312,1.);
#586=VECTOR('',#7313,1.);
#587=VECTOR('',#7314,1.);
#588=VECTOR('',#7315,1.);
#589=VECTOR('',#7318,1.);
#590=VECTOR('',#7319,1.);
#591=VECTOR('',#7320,1.);
#592=VECTOR('',#7323,1.);
#593=VECTOR('',#7324,1.);
#594=VECTOR('',#7327,1.);
#595=VECTOR('',#7328,1.);
#596=VECTOR('',#7331,1.);
#597=VECTOR('',#7332,1.);
#598=VECTOR('',#7335,1.);
#599=VECTOR('',#7338,1.);
#600=VECTOR('',#7339,1.);
#601=VECTOR('',#7342,1.);
#602=VECTOR('',#7345,1.);
#603=VECTOR('',#7346,1.);
#604=VECTOR('',#7349,1.);
#605=VECTOR('',#7350,1.);
#606=VECTOR('',#7353,1.);
#607=VECTOR('',#7356,1.);
#608=VECTOR('',#7359,1.);
#609=VECTOR('',#7360,1.);
#610=VECTOR('',#7363,1.);
#611=VECTOR('',#7364,1.);
#612=VECTOR('',#7367,1.);
#613=VECTOR('',#7370,1.);
#614=VECTOR('',#7373,1.);
#615=VECTOR('',#7376,1.);
#616=VECTOR('',#7379,1.);
#617=VECTOR('',#7380,1.);
#618=VECTOR('',#7383,1.);
#619=VECTOR('',#7384,1.);
#620=VECTOR('',#7387,1.);
#621=VECTOR('',#7390,1.);
#622=VECTOR('',#7393,1.);
#623=VECTOR('',#7394,1.);
#624=VECTOR('',#7397,1.);
#625=VECTOR('',#7398,1.);
#626=VECTOR('',#7401,1.);
#627=VECTOR('',#7404,1.);
#628=VECTOR('',#7407,1.);
#629=VECTOR('',#7410,1.);
#630=VECTOR('',#7413,1.);
#631=VECTOR('',#7414,1.);
#632=VECTOR('',#7417,1.);
#633=VECTOR('',#7418,1.);
#634=VECTOR('',#7421,1.);
#635=VECTOR('',#7424,1.);
#636=VECTOR('',#7427,1.);
#637=VECTOR('',#7428,1.);
#638=VECTOR('',#7431,1.);
#639=VECTOR('',#7432,1.);
#640=VECTOR('',#7435,1.);
#641=VECTOR('',#7438,1.);
#642=VECTOR('',#7441,1.);
#643=VECTOR('',#7444,1.);
#644=VECTOR('',#7447,1.);
#645=VECTOR('',#7448,1.);
#646=VECTOR('',#7451,1.);
#647=VECTOR('',#7452,1.);
#648=VECTOR('',#7453,1.);
#649=VECTOR('',#7456,1.);
#650=VECTOR('',#7459,1.);
#651=VECTOR('',#7462,1.);
#652=VECTOR('',#7463,1.);
#653=VECTOR('',#7466,1.);
#654=VECTOR('',#7467,1.);
#655=VECTOR('',#7470,1.);
#656=VECTOR('',#7473,1.);
#657=VECTOR('',#7476,1.);
#658=VECTOR('',#7479,1.);
#659=VECTOR('',#7482,1.);
#660=VECTOR('',#7483,1.);
#661=VECTOR('',#7486,1.);
#662=VECTOR('',#7487,1.);
#663=VECTOR('',#7490,1.);
#664=VECTOR('',#7493,1.);
#665=VECTOR('',#7496,1.);
#666=VECTOR('',#7497,1.);
#667=VECTOR('',#7500,1.);
#668=VECTOR('',#7501,1.);
#669=VECTOR('',#7504,1.);
#670=VECTOR('',#7507,1.);
#671=VECTOR('',#7510,1.);
#672=VECTOR('',#7513,1.);
#673=VECTOR('',#7516,1.);
#674=VECTOR('',#7517,1.);
#675=VECTOR('',#7520,1.);
#676=VECTOR('',#7521,1.);
#677=VECTOR('',#7524,1.);
#678=VECTOR('',#7527,1.);
#679=VECTOR('',#7530,1.);
#680=VECTOR('',#7531,1.);
#681=VECTOR('',#7534,1.);
#682=VECTOR('',#7535,1.);
#683=VECTOR('',#7538,1.);
#684=VECTOR('',#7541,1.);
#685=VECTOR('',#7544,1.);
#686=VECTOR('',#7547,1.);
#687=VECTOR('',#7550,1.);
#688=VECTOR('',#7551,1.);
#689=VECTOR('',#7554,1.);
#690=VECTOR('',#7555,1.);
#691=VECTOR('',#7556,1.);
#692=VECTOR('',#7559,1.);
#693=VECTOR('',#7562,1.);
#694=VECTOR('',#7565,1.);
#695=VECTOR('',#7568,1.);
#696=VECTOR('',#7571,1.);
#697=VECTOR('',#7574,1.);
#698=VECTOR('',#7577,1.);
#699=VECTOR('',#7580,1.);
#700=VECTOR('',#7583,1.);
#701=VECTOR('',#7586,1.);
#702=VECTOR('',#7601,1.);
#703=VECTOR('',#7604,1.);
#704=VECTOR('',#7615,1.);
#705=VECTOR('',#7618,1.);
#706=VECTOR('',#7623,1.);
#707=VECTOR('',#7624,1.);
#708=VECTOR('',#7639,1.);
#709=VECTOR('',#7640,1.);
#710=VECTOR('',#7657,1.);
#711=VECTOR('',#7658,1.);
#712=VECTOR('',#7661,1.);
#713=VECTOR('',#7664,1.);
#714=VECTOR('',#7695,1.);
#715=VECTOR('',#7696,1.);
#716=VECTOR('',#7701,1.);
#717=VECTOR('',#7702,1.);
#718=VECTOR('',#7707,1.);
#719=VECTOR('',#7708,1.);
#720=VECTOR('',#7711,1.);
#721=VECTOR('',#7714,1.);
#722=VECTOR('',#7717,1.);
#723=VECTOR('',#7720,1.);
#724=VECTOR('',#7725,1.);
#725=VECTOR('',#7726,1.);
#726=VECTOR('',#7733,1.);
#727=VECTOR('',#7736,1.);
#728=VECTOR('',#7855,1.);
#729=VECTOR('',#7856,1.);
#730=VECTOR('',#7857,1.);
#731=VECTOR('',#7860,1.);
#732=VECTOR('',#7863,1.);
#733=VECTOR('',#7886,1.);
#734=VECTOR('',#7889,1.);
#735=VECTOR('',#7892,1.);
#736=VECTOR('',#7895,1.);
#737=VECTOR('',#7898,1.);
#738=VECTOR('',#7901,1.);
#739=VECTOR('',#7918,1.);
#740=VECTOR('',#7921,1.);
#741=VECTOR('',#7932,1.);
#742=VECTOR('',#7935,1.);
#743=VECTOR('',#7940,1.);
#744=VECTOR('',#7941,1.);
#745=VECTOR('',#7956,1.);
#746=VECTOR('',#7957,1.);
#747=VECTOR('',#7974,1.);
#748=VECTOR('',#7975,1.);
#749=VECTOR('',#7978,1.);
#750=VECTOR('',#7981,1.);
#751=VECTOR('',#8012,1.);
#752=VECTOR('',#8013,1.);
#753=VECTOR('',#8018,1.);
#754=VECTOR('',#8019,1.);
#755=VECTOR('',#8024,1.);
#756=VECTOR('',#8025,1.);
#757=VECTOR('',#8028,1.);
#758=VECTOR('',#8031,1.);
#759=VECTOR('',#8034,1.);
#760=VECTOR('',#8037,1.);
#761=VECTOR('',#8042,1.);
#762=VECTOR('',#8043,1.);
#763=VECTOR('',#8050,1.);
#764=VECTOR('',#8053,1.);
#765=VECTOR('',#8172,1.);
#766=VECTOR('',#8173,1.);
#767=VECTOR('',#8174,1.);
#768=VECTOR('',#8177,1.);
#769=VECTOR('',#8180,1.);
#770=CONTEXT_DEPENDENT_SHAPE_REPRESENTATION(#780,#10803);
#771=CONTEXT_DEPENDENT_SHAPE_REPRESENTATION(#781,#10805);
#772=CONTEXT_DEPENDENT_SHAPE_REPRESENTATION(#782,#10807);
#773=CONTEXT_DEPENDENT_SHAPE_REPRESENTATION(#783,#10809);
#774=CONTEXT_DEPENDENT_SHAPE_REPRESENTATION(#784,#10811);
#775=NEXT_ASSEMBLY_USAGE_OCCURRENCE('NAUO1','Arm Front Right',
'Arm Front Right',#10812,#10813,'');
#776=NEXT_ASSEMBLY_USAGE_OCCURRENCE('NAUO2','Arm Back Right',
'Arm Back Right',#10812,#10814,'');
#777=NEXT_ASSEMBLY_USAGE_OCCURRENCE('NAUO3','Fuselage','Fuselage',#10812,
#10815,'');
#778=NEXT_ASSEMBLY_USAGE_OCCURRENCE('NAUO4','Arm Back Left',
'Arm Back Left',#10812,#10816,'');
#779=NEXT_ASSEMBLY_USAGE_OCCURRENCE('NAUO5','Arm Front Left',
'Arm Front Left',#10812,#10817,'');
#780=(
REPRESENTATION_RELATIONSHIP(' ',' ',#5780,#5779)
REPRESENTATION_RELATIONSHIP_WITH_TRANSFORMATION(#785)
SHAPE_REPRESENTATION_RELATIONSHIP()
);
#781=(
REPRESENTATION_RELATIONSHIP(' ',' ',#5781,#5779)
REPRESENTATION_RELATIONSHIP_WITH_TRANSFORMATION(#786)
SHAPE_REPRESENTATION_RELATIONSHIP()
);
#782=(
REPRESENTATION_RELATIONSHIP(' ',' ',#5782,#5779)
REPRESENTATION_RELATIONSHIP_WITH_TRANSFORMATION(#787)
SHAPE_REPRESENTATION_RELATIONSHIP()
);
#783=(
REPRESENTATION_RELATIONSHIP(' ',' ',#5783,#5779)
REPRESENTATION_RELATIONSHIP_WITH_TRANSFORMATION(#788)
SHAPE_REPRESENTATION_RELATIONSHIP()
);
#784=(
REPRESENTATION_RELATIONSHIP(' ',' ',#5784,#5779)
REPRESENTATION_RELATIONSHIP_WITH_TRANSFORMATION(#789)
SHAPE_REPRESENTATION_RELATIONSHIP()
);
#785=ITEM_DEFINED_TRANSFORMATION(' ',' ',#5785,#5794);
#786=ITEM_DEFINED_TRANSFORMATION(' ',' ',#5785,#5803);
#787=ITEM_DEFINED_TRANSFORMATION(' ',' ',#5785,#6520);
#788=ITEM_DEFINED_TRANSFORMATION(' ',' ',#5785,#6529);
#789=ITEM_DEFINED_TRANSFORMATION(' ',' ',#5785,#6538);
#790=SHAPE_REPRESENTATION_RELATIONSHIP('','',#5780,#795);
#791=SHAPE_REPRESENTATION_RELATIONSHIP('','',#5781,#796);
#792=SHAPE_REPRESENTATION_RELATIONSHIP('','',#5782,#797);
#793=SHAPE_REPRESENTATION_RELATIONSHIP('','',#5783,#798);
#794=SHAPE_REPRESENTATION_RELATIONSHIP('','',#5784,#799);
#795=ADVANCED_BREP_SHAPE_REPRESENTATION('',(#5768),#10787);
#796=ADVANCED_BREP_SHAPE_REPRESENTATION('',(#5769),#10788);
#797=ADVANCED_BREP_SHAPE_REPRESENTATION('',(#5770),#10789);
#798=ADVANCED_BREP_SHAPE_REPRESENTATION('',(#5771),#10790);
#799=ADVANCED_BREP_SHAPE_REPRESENTATION('',(#5772),#10791);
#800=CYLINDRICAL_SURFACE('',#5792,0.02);
#801=CYLINDRICAL_SURFACE('',#5793,0.018);
#802=CYLINDRICAL_SURFACE('',#5801,0.02);
#803=CYLINDRICAL_SURFACE('',#5802,0.018);
#804=CYLINDRICAL_SURFACE('',#5804,0.02005);
#805=CYLINDRICAL_SURFACE('',#5807,0.02005);
#806=CYLINDRICAL_SURFACE('',#5822,0.03235);
#807=CYLINDRICAL_SURFACE('',#5828,0.02635);
#808=CYLINDRICAL_SURFACE('',#5844,0.0042);
#809=CYLINDRICAL_SURFACE('',#5848,0.0042);
#810=CYLINDRICAL_SURFACE('',#5852,0.0042);
#811=CYLINDRICAL_SURFACE('',#5856,0.0042);
#812=CYLINDRICAL_SURFACE('',#5860,0.0042);
#813=CYLINDRICAL_SURFACE('',#5864,0.0042);
#814=CYLINDRICAL_SURFACE('',#5868,0.0042);
#815=CYLINDRICAL_SURFACE('',#5872,0.0042);
#816=CYLINDRICAL_SURFACE('',#5876,0.003);
#817=CYLINDRICAL_SURFACE('',#5877,0.003);
#818=CYLINDRICAL_SURFACE('',#5878,0.003);
#819=CYLINDRICAL_SURFACE('',#5879,0.003);
#820=CYLINDRICAL_SURFACE('',#5880,0.003);
#821=CYLINDRICAL_SURFACE('',#5881,0.003);
#822=CYLINDRICAL_SURFACE('',#5882,0.003);
#823=CYLINDRICAL_SURFACE('',#5883,0.003);
#824=CYLINDRICAL_SURFACE('',#5888,0.004);
#825=CYLINDRICAL_SURFACE('',#5894,0.004);
#826=CYLINDRICAL_SURFACE('',#5896,0.004);
#827=CYLINDRICAL_SURFACE('',#5899,0.004);
#828=CYLINDRICAL_SURFACE('',#5902,0.004);
#829=CYLINDRICAL_SURFACE('',#5904,0.004);
#830=CYLINDRICAL_SURFACE('',#5906,0.004);
#831=CYLINDRICAL_SURFACE('',#5918,0.004);
#832=CYLINDRICAL_SURFACE('',#5921,0.004);
#833=CYLINDRICAL_SURFACE('',#5925,0.004);
#834=CYLINDRICAL_SURFACE('',#5932,0.004);
#835=CYLINDRICAL_SURFACE('',#5934,0.004);
#836=CYLINDRICAL_SURFACE('',#5937,0.001);
#837=CYLINDRICAL_SURFACE('',#5962,0.03235);
#838=CYLINDRICAL_SURFACE('',#5968,0.02635);
#839=CYLINDRICAL_SURFACE('',#5984,0.0042);
#840=CYLINDRICAL_SURFACE('',#5988,0.0042);
#841=CYLINDRICAL_SURFACE('',#5992,0.0042);
#842=CYLINDRICAL_SURFACE('',#5996,0.0042);
#843=CYLINDRICAL_SURFACE('',#6000,0.0042);
#844=CYLINDRICAL_SURFACE('',#6004,0.0042);
#845=CYLINDRICAL_SURFACE('',#6008,0.0042);
#846=CYLINDRICAL_SURFACE('',#6012,0.0042);
#847=CYLINDRICAL_SURFACE('',#6016,0.003);
#848=CYLINDRICAL_SURFACE('',#6017,0.003);
#849=CYLINDRICAL_SURFACE('',#6018,0.003);
#850=CYLINDRICAL_SURFACE('',#6019,0.003);
#851=CYLINDRICAL_SURFACE('',#6020,0.003);
#852=CYLINDRICAL_SURFACE('',#6021,0.003);
#853=CYLINDRICAL_SURFACE('',#6022,0.003);
#854=CYLINDRICAL_SURFACE('',#6023,0.003);
#855=CYLINDRICAL_SURFACE('',#6028,0.004);
#856=CYLINDRICAL_SURFACE('',#6034,0.004);
#857=CYLINDRICAL_SURFACE('',#6036,0.004);
#858=CYLINDRICAL_SURFACE('',#6039,0.004);
#859=CYLINDRICAL_SURFACE('',#6042,0.004);
#860=CYLINDRICAL_SURFACE('',#6044,0.004);
#861=CYLINDRICAL_SURFACE('',#6046,0.004);
#862=CYLINDRICAL_SURFACE('',#6058,0.004);
#863=CYLINDRICAL_SURFACE('',#6061,0.004);
#864=CYLINDRICAL_SURFACE('',#6065,0.004);
#865=CYLINDRICAL_SURFACE('',#6072,0.004);
#866=CYLINDRICAL_SURFACE('',#6074,0.004);
#867=CYLINDRICAL_SURFACE('',#6077,0.001);
#868=CYLINDRICAL_SURFACE('',#6183,0.001);
#869=CYLINDRICAL_SURFACE('',#6189,0.004);
#870=CYLINDRICAL_SURFACE('',#6192,0.004);
#871=CYLINDRICAL_SURFACE('',#6200,0.004);
#872=CYLINDRICAL_SURFACE('',#6207,0.004);
#873=CYLINDRICAL_SURFACE('',#6209,0.004);
#874=CYLINDRICAL_SURFACE('',#6225,0.004);
#875=CYLINDRICAL_SURFACE('',#6226,0.004);
#876=CYLINDRICAL_SURFACE('',#6228,0.004);
#877=CYLINDRICAL_SURFACE('',#6230,0.004);
#878=CYLINDRICAL_SURFACE('',#6232,0.004);
#879=CYLINDRICAL_SURFACE('',#6234,0.004);
#880=CYLINDRICAL_SURFACE('',#6238,0.004);
#881=CYLINDRICAL_SURFACE('',#6242,0.003);
#882=CYLINDRICAL_SURFACE('',#6245,0.003);
#883=CYLINDRICAL_SURFACE('',#6248,0.003);
#884=CYLINDRICAL_SURFACE('',#6251,0.003);
#885=CYLINDRICAL_SURFACE('',#6254,0.003);
#886=CYLINDRICAL_SURFACE('',#6257,0.003);
#887=CYLINDRICAL_SURFACE('',#6260,0.003);
#888=CYLINDRICAL_SURFACE('',#6263,0.003);
#889=CYLINDRICAL_SURFACE('',#6268,0.0042);
#890=CYLINDRICAL_SURFACE('',#6272,0.0042);
#891=CYLINDRICAL_SURFACE('',#6276,0.0042);
#892=CYLINDRICAL_SURFACE('',#6280,0.0042);
#893=CYLINDRICAL_SURFACE('',#6284,0.0042);
#894=CYLINDRICAL_SURFACE('',#6288,0.0042);
#895=CYLINDRICAL_SURFACE('',#6292,0.0042);
#896=CYLINDRICAL_SURFACE('',#6296,0.0042);
#897=CYLINDRICAL_SURFACE('',#6301,0.02635);
#898=CYLINDRICAL_SURFACE('',#6305,0.03235);
#899=CYLINDRICAL_SURFACE('',#6323,0.001);
#900=CYLINDRICAL_SURFACE('',#6329,0.004);
#901=CYLINDRICAL_SURFACE('',#6332,0.004);
#902=CYLINDRICAL_SURFACE('',#6340,0.004);
#903=CYLINDRICAL_SURFACE('',#6347,0.004);
#904=CYLINDRICAL_SURFACE('',#6349,0.004);
#905=CYLINDRICAL_SURFACE('',#6365,0.004);
#906=CYLINDRICAL_SURFACE('',#6366,0.004);
#907=CYLINDRICAL_SURFACE('',#6368,0.004);
#908=CYLINDRICAL_SURFACE('',#6370,0.004);
#909=CYLINDRICAL_SURFACE('',#6372,0.004);
#910=CYLINDRICAL_SURFACE('',#6374,0.004);
#911=CYLINDRICAL_SURFACE('',#6378,0.004);
#912=CYLINDRICAL_SURFACE('',#6382,0.003);
#913=CYLINDRICAL_SURFACE('',#6385,0.003);
#914=CYLINDRICAL_SURFACE('',#6388,0.003);
#915=CYLINDRICAL_SURFACE('',#6391,0.003);
#916=CYLINDRICAL_SURFACE('',#6394,0.003);
#917=CYLINDRICAL_SURFACE('',#6397,0.003);
#918=CYLINDRICAL_SURFACE('',#6400,0.003);
#919=CYLINDRICAL_SURFACE('',#6403,0.003);
#920=CYLINDRICAL_SURFACE('',#6408,0.0042);
#921=CYLINDRICAL_SURFACE('',#6412,0.0042);
#922=CYLINDRICAL_SURFACE('',#6416,0.0042);
#923=CYLINDRICAL_SURFACE('',#6420,0.0042);
#924=CYLINDRICAL_SURFACE('',#6424,0.0042);
#925=CYLINDRICAL_SURFACE('',#6428,0.0042);
#926=CYLINDRICAL_SURFACE('',#6432,0.0042);
#927=CYLINDRICAL_SURFACE('',#6436,0.0042);
#928=CYLINDRICAL_SURFACE('',#6441,0.02635);
#929=CYLINDRICAL_SURFACE('',#6445,0.03235);
#930=CYLINDRICAL_SURFACE('',#6453,0.02005);
#931=CYLINDRICAL_SURFACE('',#6455,0.02005);
#932=CYLINDRICAL_SURFACE('',#6458,0.004);
#933=CYLINDRICAL_SURFACE('',#6460,0.004);
#934=CYLINDRICAL_SURFACE('',#6465,0.004);
#935=CYLINDRICAL_SURFACE('',#6471,0.004);
#936=CYLINDRICAL_SURFACE('',#6473,0.004);
#937=CYLINDRICAL_SURFACE('',#6478,0.004);
#938=CYLINDRICAL_SURFACE('',#6484,0.004);
#939=CYLINDRICAL_SURFACE('',#6486,0.004);
#940=CYLINDRICAL_SURFACE('',#6491,0.004);
#941=CYLINDRICAL_SURFACE('',#6497,0.004);
#942=CYLINDRICAL_SURFACE('',#6499,0.004);
#943=CYLINDRICAL_SURFACE('',#6504,0.004);
#944=CYLINDRICAL_SURFACE('',#6527,0.02);
#945=CYLINDRICAL_SURFACE('',#6528,0.018);
#946=CYLINDRICAL_SURFACE('',#6536,0.02);
#947=CYLINDRICAL_SURFACE('',#6537,0.018);
#948=CIRCLE('',#5790,0.018);
#949=CIRCLE('',#5791,0.02);
#950=CIRCLE('',#5796,0.018);
#951=CIRCLE('',#5797,0.02);
#952=CIRCLE('',#5810,0.03035);
#953=CIRCLE('',#5811,0.008);
#954=CIRCLE('',#5813,0.003);
#955=CIRCLE('',#5814,0.003);
#956=CIRCLE('',#5815,0.003);
#957=CIRCLE('',#5816,0.003);
#958=CIRCLE('',#5818,0.003);
#959=CIRCLE('',#5819,0.003);
#960=CIRCLE('',#5820,0.003);
#961=CIRCLE('',#5821,0.003);
#962=CIRCLE('',#5824,0.03235);
#963=CIRCLE('',#5826,0.03035);
#964=CIRCLE('',#5827,0.008);
#965=CIRCLE('',#5829,0.02635);
#966=CIRCLE('',#5830,0.02635);
#967=CIRCLE('',#5833,0.0042);
#968=CIRCLE('',#5834,0.0042);
#969=CIRCLE('',#5835,0.0042);
#970=CIRCLE('',#5836,0.0042);
#971=CIRCLE('',#5838,0.001);
#972=CIRCLE('',#5840,0.0042);
#973=CIRCLE('',#5841,0.0042);
#974=CIRCLE('',#5842,0.0042);
#975=CIRCLE('',#5843,0.0042);
#976=CIRCLE('',#5845,0.0042);
#977=CIRCLE('',#5847,0.003);
#978=CIRCLE('',#5849,0.0042);
#979=CIRCLE('',#5851,0.003);
#980=CIRCLE('',#5853,0.0042);
#981=CIRCLE('',#5855,0.003);
#982=CIRCLE('',#5857,0.0042);
#983=CIRCLE('',#5859,0.003);
#984=CIRCLE('',#5861,0.0042);
#985=CIRCLE('',#5863,0.003);
#986=CIRCLE('',#5865,0.0042);
#987=CIRCLE('',#5867,0.003);
#988=CIRCLE('',#5869,0.0042);
#989=CIRCLE('',#5871,0.003);
#990=CIRCLE('',#5873,0.0042);
#991=CIRCLE('',#5875,0.003);
#992=CIRCLE('',#5885,0.005);
#993=CIRCLE('',#5886,0.02735);
#994=CIRCLE('',#5887,0.005);
#995=CIRCLE('',#5890,0.004);
#996=CIRCLE('',#5892,0.004);
#997=CIRCLE('',#5893,0.004);
#998=CIRCLE('',#5897,0.004);
#999=CIRCLE('',#5898,0.004);
#1000=CIRCLE('',#5900,0.004);
#1001=CIRCLE('',#5901,0.004);
#1002=CIRCLE('',#5903,0.004);
#1003=CIRCLE('',#5905,0.004);
#1004=CIRCLE('',#5907,0.004);
#1005=CIRCLE('',#5908,0.004);
#1006=CIRCLE('',#5910,0.004);
#1007=CIRCLE('',#5911,0.004);
#1008=CIRCLE('',#5913,0.004);
#1009=CIRCLE('',#5914,0.02935);
#1010=CIRCLE('',#5917,0.004);
#1011=CIRCLE('',#5920,0.004);
#1012=CIRCLE('',#5922,0.004);
#1013=CIRCLE('',#5924,0.004);
#1014=CIRCLE('',#5926,0.004);
#1015=CIRCLE('',#5927,0.004);
#1016=CIRCLE('',#5929,0.004);
#1017=CIRCLE('',#5931,0.004);
#1018=CIRCLE('',#5936,0.001);
#1019=CIRCLE('',#5938,0.001);
#1020=CIRCLE('',#5950,0.03035);
#1021=CIRCLE('',#5951,0.008);
#1022=CIRCLE('',#5953,0.003);
#1023=CIRCLE('',#5954,0.003);
#1024=CIRCLE('',#5955,0.003);
#1025=CIRCLE('',#5956,0.003);
#1026=CIRCLE('',#5958,0.003);
#1027=CIRCLE('',#5959,0.003);
#1028=CIRCLE('',#5960,0.003);
#1029=CIRCLE('',#5961,0.003);
#1030=CIRCLE('',#5964,0.03235);
#1031=CIRCLE('',#5966,0.03035);
#1032=CIRCLE('',#5967,0.008);
#1033=CIRCLE('',#5969,0.02635);
#1034=CIRCLE('',#5970,0.02635);
#1035=CIRCLE('',#5973,0.0042);
#1036=CIRCLE('',#5974,0.0042);
#1037=CIRCLE('',#5975,0.0042);
#1038=CIRCLE('',#5976,0.0042);
#1039=CIRCLE('',#5978,0.0042);
#1040=CIRCLE('',#5979,0.0042);
#1041=CIRCLE('',#5980,0.0042);
#1042=CIRCLE('',#5981,0.0042);
#1043=CIRCLE('',#5983,0.001);
#1044=CIRCLE('',#5985,0.0042);
#1045=CIRCLE('',#5987,0.003);
#1046=CIRCLE('',#5989,0.0042);
#1047=CIRCLE('',#5991,0.003);
#1048=CIRCLE('',#5993,0.0042);
#1049=CIRCLE('',#5995,0.003);
#1050=CIRCLE('',#5997,0.0042);
#1051=CIRCLE('',#5999,0.003);
#1052=CIRCLE('',#6001,0.0042);
#1053=CIRCLE('',#6003,0.003);
#1054=CIRCLE('',#6005,0.0042);
#1055=CIRCLE('',#6007,0.003);
#1056=CIRCLE('',#6009,0.0042);
#1057=CIRCLE('',#6011,0.003);
#1058=CIRCLE('',#6013,0.0042);
#1059=CIRCLE('',#6015,0.003);
#1060=CIRCLE('',#6025,0.005);
#1061=CIRCLE('',#6026,0.02735);
#1062=CIRCLE('',#6027,0.005);
#1063=CIRCLE('',#6030,0.004);
#1064=CIRCLE('',#6032,0.004);
#1065=CIRCLE('',#6033,0.004);
#1066=CIRCLE('',#6037,0.004);
#1067=CIRCLE('',#6038,0.004);
#1068=CIRCLE('',#6040,0.004);
#1069=CIRCLE('',#6041,0.004);
#1070=CIRCLE('',#6043,0.004);
#1071=CIRCLE('',#6045,0.004);
#1072=CIRCLE('',#6047,0.004);
#1073=CIRCLE('',#6048,0.004);
#1074=CIRCLE('',#6050,0.004);
#1075=CIRCLE('',#6051,0.004);
#1076=CIRCLE('',#6053,0.004);
#1077=CIRCLE('',#6054,0.02935);
#1078=CIRCLE('',#6057,0.004);
#1079=CIRCLE('',#6060,0.004);
#1080=CIRCLE('',#6062,0.004);
#1081=CIRCLE('',#6064,0.004);
#1082=CIRCLE('',#6066,0.004);
#1083=CIRCLE('',#6067,0.004);
#1084=CIRCLE('',#6069,0.004);
#1085=CIRCLE('',#6071,0.004);
#1086=CIRCLE('',#6076,0.001);
#1087=CIRCLE('',#6078,0.001);
#1088=CIRCLE('',#6180,0.004);
#1089=CIRCLE('',#6181,0.005);
#1090=CIRCLE('',#6182,0.001);
#1091=CIRCLE('',#6184,0.001);
#1092=CIRCLE('',#6185,0.001);
#1093=CIRCLE('',#6187,0.005);
#1094=CIRCLE('',#6188,0.004);
#1095=CIRCLE('',#6190,0.004);
#1096=CIRCLE('',#6193,0.004);
#1097=CIRCLE('',#6195,0.004);
#1098=CIRCLE('',#6196,0.004);
#1099=CIRCLE('',#6198,0.004);
#1100=CIRCLE('',#6199,0.004);
#1101=CIRCLE('',#6202,0.02935);
#1102=CIRCLE('',#6203,0.03035);
#1103=CIRCLE('',#6204,0.004);
#1104=CIRCLE('',#6205,0.02635);
#1105=CIRCLE('',#6206,0.03035);
#1106=CIRCLE('',#6208,0.004);
#1107=CIRCLE('',#6212,0.004);
#1108=CIRCLE('',#6213,0.004);
#1109=CIRCLE('',#6215,0.004);
#1110=CIRCLE('',#6216,0.004);
#1111=CIRCLE('',#6217,0.008);
#1112=CIRCLE('',#6218,0.004);
#1113=CIRCLE('',#6220,0.004);
#1114=CIRCLE('',#6221,0.03235);
#1115=CIRCLE('',#6223,0.008);
#1116=CIRCLE('',#6224,0.004);
#1117=CIRCLE('',#6229,0.004);
#1118=CIRCLE('',#6231,0.004);
#1119=CIRCLE('',#6233,0.004);
#1120=CIRCLE('',#6235,0.004);
#1121=CIRCLE('',#6237,0.004);
#1122=CIRCLE('',#6241,0.02735);
#1123=CIRCLE('',#6243,0.003);
#1124=CIRCLE('',#6244,0.003);
#1125=CIRCLE('',#6246,0.003);
#1126=CIRCLE('',#6247,0.003);
#1127=CIRCLE('',#6249,0.003);
#1128=CIRCLE('',#6250,0.003);
#1129=CIRCLE('',#6252,0.003);
#1130=CIRCLE('',#6253,0.003);
#1131=CIRCLE('',#6255,0.003);
#1132=CIRCLE('',#6256,0.003);
#1133=CIRCLE('',#6258,0.003);
#1134=CIRCLE('',#6259,0.003);
#1135=CIRCLE('',#6261,0.003);
#1136=CIRCLE('',#6262,0.003);
#1137=CIRCLE('',#6264,0.003);
#1138=CIRCLE('',#6265,0.003);
#1139=CIRCLE('',#6267,0.0042);
#1140=CIRCLE('',#6269,0.0042);
#1141=CIRCLE('',#6271,0.0042);
#1142=CIRCLE('',#6273,0.0042);
#1143=CIRCLE('',#6275,0.0042);
#1144=CIRCLE('',#6277,0.0042);
#1145=CIRCLE('',#6279,0.0042);
#1146=CIRCLE('',#6281,0.0042);
#1147=CIRCLE('',#6283,0.0042);
#1148=CIRCLE('',#6285,0.0042);
#1149=CIRCLE('',#6287,0.0042);
#1150=CIRCLE('',#6289,0.0042);
#1151=CIRCLE('',#6291,0.0042);
#1152=CIRCLE('',#6293,0.0042);
#1153=CIRCLE('',#6295,0.0042);
#1154=CIRCLE('',#6297,0.0042);
#1155=CIRCLE('',#6303,0.02635);
#1156=CIRCLE('',#6320,0.004);
#1157=CIRCLE('',#6321,0.005);
#1158=CIRCLE('',#6322,0.001);
#1159=CIRCLE('',#6324,0.001);
#1160=CIRCLE('',#6325,0.001);
#1161=CIRCLE('',#6327,0.005);
#1162=CIRCLE('',#6328,0.004);
#1163=CIRCLE('',#6330,0.004);
#1164=CIRCLE('',#6333,0.004);
#1165=CIRCLE('',#6335,0.004);
#1166=CIRCLE('',#6336,0.004);
#1167=CIRCLE('',#6338,0.004);
#1168=CIRCLE('',#6339,0.004);
#1169=CIRCLE('',#6342,0.02935);
#1170=CIRCLE('',#6343,0.03035);
#1171=CIRCLE('',#6344,0.004);
#1172=CIRCLE('',#6345,0.02635);
#1173=CIRCLE('',#6346,0.03035);
#1174=CIRCLE('',#6348,0.004);
#1175=CIRCLE('',#6352,0.004);
#1176=CIRCLE('',#6353,0.004);
#1177=CIRCLE('',#6355,0.004);
#1178=CIRCLE('',#6356,0.004);
#1179=CIRCLE('',#6357,0.008);
#1180=CIRCLE('',#6358,0.004);
#1181=CIRCLE('',#6360,0.004);
#1182=CIRCLE('',#6361,0.03235);
#1183=CIRCLE('',#6363,0.008);
#1184=CIRCLE('',#6364,0.004);
#1185=CIRCLE('',#6369,0.004);
#1186=CIRCLE('',#6371,0.004);
#1187=CIRCLE('',#6373,0.004);
#1188=CIRCLE('',#6375,0.004);
#1189=CIRCLE('',#6377,0.004);
#1190=CIRCLE('',#6381,0.02735);
#1191=CIRCLE('',#6383,0.003);
#1192=CIRCLE('',#6384,0.003);
#1193=CIRCLE('',#6386,0.003);
#1194=CIRCLE('',#6387,0.003);
#1195=CIRCLE('',#6389,0.003);
#1196=CIRCLE('',#6390,0.003);
#1197=CIRCLE('',#6392,0.003);
#1198=CIRCLE('',#6393,0.003);
#1199=CIRCLE('',#6395,0.003);
#1200=CIRCLE('',#6396,0.003);
#1201=CIRCLE('',#6398,0.003);
#1202=CIRCLE('',#6399,0.003);
#1203=CIRCLE('',#6401,0.003);
#1204=CIRCLE('',#6402,0.003);
#1205=CIRCLE('',#6404,0.003);
#1206=CIRCLE('',#6405,0.003);
#1207=CIRCLE('',#6407,0.0042);
#1208=CIRCLE('',#6409,0.0042);
#1209=CIRCLE('',#6411,0.0042);
#1210=CIRCLE('',#6413,0.0042);
#1211=CIRCLE('',#6415,0.0042);
#1212=CIRCLE('',#6417,0.0042);
#1213=CIRCLE('',#6419,0.0042);
#1214=CIRCLE('',#6421,0.0042);
#1215=CIRCLE('',#6423,0.0042);
#1216=CIRCLE('',#6425,0.0042);
#1217=CIRCLE('',#6427,0.0042);
#1218=CIRCLE('',#6429,0.0042);
#1219=CIRCLE('',#6431,0.0042);
#1220=CIRCLE('',#6433,0.0042);
#1221=CIRCLE('',#6435,0.0042);
#1222=CIRCLE('',#6437,0.0042);
#1223=CIRCLE('',#6443,0.02635);
#1224=CIRCLE('',#6456,0.004);
#1225=CIRCLE('',#6457,0.004);
#1226=CIRCLE('',#6459,0.004);
#1227=CIRCLE('',#6461,0.004);
#1228=CIRCLE('',#6462,0.004);
#1229=CIRCLE('',#6464,0.004);
#1230=CIRCLE('',#6466,0.004);
#1231=CIRCLE('',#6467,0.004);
#1232=CIRCLE('',#6469,0.004);
#1233=CIRCLE('',#6470,0.004);
#1234=CIRCLE('',#6472,0.004);
#1235=CIRCLE('',#6474,0.004);
#1236=CIRCLE('',#6475,0.004);
#1237=CIRCLE('',#6477,0.004);
#1238=CIRCLE('',#6479,0.004);
#1239=CIRCLE('',#6480,0.004);
#1240=CIRCLE('',#6482,0.004);
#1241=CIRCLE('',#6483,0.004);
#1242=CIRCLE('',#6485,0.004);
#1243=CIRCLE('',#6487,0.004);
#1244=CIRCLE('',#6488,0.004);
#1245=CIRCLE('',#6490,0.004);
#1246=CIRCLE('',#6492,0.004);
#1247=CIRCLE('',#6493,0.004);
#1248=CIRCLE('',#6495,0.004);
#1249=CIRCLE('',#6496,0.004);
#1250=CIRCLE('',#6498,0.004);
#1251=CIRCLE('',#6500,0.004);
#1252=CIRCLE('',#6501,0.004);
#1253=CIRCLE('',#6503,0.004);
#1254=CIRCLE('',#6505,0.004);
#1255=CIRCLE('',#6506,0.004);
#1256=CIRCLE('',#6508,0.001);
#1257=CIRCLE('',#6510,0.001);
#1258=CIRCLE('',#6511,0.001);
#1259=CIRCLE('',#6513,0.001);
#1260=CIRCLE('',#6514,0.001);
#1261=CIRCLE('',#6516,0.001);
#1262=CIRCLE('',#6517,0.001);
#1263=CIRCLE('',#6519,0.001);
#1264=CIRCLE('',#6522,0.018);
#1265=CIRCLE('',#6523,0.02);
#1266=CIRCLE('',#6534,0.018);
#1267=CIRCLE('',#6535,0.02);
#1268=ORIENTED_EDGE('',*,*,#2724,.T.);
#1269=ORIENTED_EDGE('',*,*,#2725,.F.);
#1270=ORIENTED_EDGE('',*,*,#2726,.F.);
#1271=ORIENTED_EDGE('',*,*,#2727,.T.);
#1272=ORIENTED_EDGE('',*,*,#2727,.F.);
#1273=ORIENTED_EDGE('',*,*,#2724,.F.);
#1274=ORIENTED_EDGE('',*,*,#2725,.T.);
#1275=ORIENTED_EDGE('',*,*,#2726,.T.);
#1276=ORIENTED_EDGE('',*,*,#2728,.F.);
#1277=ORIENTED_EDGE('',*,*,#2729,.T.);
#1278=ORIENTED_EDGE('',*,*,#2730,.T.);
#1279=ORIENTED_EDGE('',*,*,#2731,.F.);
#1280=ORIENTED_EDGE('',*,*,#2729,.F.);
#1281=ORIENTED_EDGE('',*,*,#2730,.F.);
#1282=ORIENTED_EDGE('',*,*,#2731,.T.);
#1283=ORIENTED_EDGE('',*,*,#2728,.T.);
#1284=ORIENTED_EDGE('',*,*,#2732,.F.);
#1285=ORIENTED_EDGE('',*,*,#2733,.F.);
#1286=ORIENTED_EDGE('',*,*,#2734,.F.);
#1287=ORIENTED_EDGE('',*,*,#2732,.T.);
#1288=ORIENTED_EDGE('',*,*,#2735,.T.);
#1289=ORIENTED_EDGE('',*,*,#2736,.T.);
#1290=ORIENTED_EDGE('',*,*,#2737,.T.);
#1291=ORIENTED_EDGE('',*,*,#2738,.T.);
#1292=ORIENTED_EDGE('',*,*,#2739,.T.);
#1293=ORIENTED_EDGE('',*,*,#2740,.T.);
#1294=ORIENTED_EDGE('',*,*,#2741,.T.);
#1295=ORIENTED_EDGE('',*,*,#2742,.T.);
#1296=ORIENTED_EDGE('',*,*,#2743,.T.);
#1297=ORIENTED_EDGE('',*,*,#2744,.F.);
#1298=ORIENTED_EDGE('',*,*,#2745,.T.);
#1299=ORIENTED_EDGE('',*,*,#2746,.T.);
#1300=ORIENTED_EDGE('',*,*,#2747,.T.);
#1301=ORIENTED_EDGE('',*,*,#2748,.F.);
#1302=ORIENTED_EDGE('',*,*,#2749,.F.);
#1303=ORIENTED_EDGE('',*,*,#2750,.F.);
#1304=ORIENTED_EDGE('',*,*,#2751,.F.);
#1305=ORIENTED_EDGE('',*,*,#2752,.T.);
#1306=ORIENTED_EDGE('',*,*,#2753,.T.);
#1307=ORIENTED_EDGE('',*,*,#2754,.T.);
#1308=ORIENTED_EDGE('',*,*,#2755,.T.);
#1309=ORIENTED_EDGE('',*,*,#2756,.T.);
#1310=ORIENTED_EDGE('',*,*,#2757,.T.);
#1311=ORIENTED_EDGE('',*,*,#2758,.T.);
#1312=ORIENTED_EDGE('',*,*,#2759,.T.);
#1313=ORIENTED_EDGE('',*,*,#2760,.T.);
#1314=ORIENTED_EDGE('',*,*,#2761,.T.);
#1315=ORIENTED_EDGE('',*,*,#2762,.T.);
#1316=ORIENTED_EDGE('',*,*,#2763,.T.);
#1317=ORIENTED_EDGE('',*,*,#2764,.T.);
#1318=ORIENTED_EDGE('',*,*,#2765,.T.);
#1319=ORIENTED_EDGE('',*,*,#2766,.T.);
#1320=ORIENTED_EDGE('',*,*,#2767,.T.);
#1321=ORIENTED_EDGE('',*,*,#2768,.T.);
#1322=ORIENTED_EDGE('',*,*,#2769,.T.);
#1323=ORIENTED_EDGE('',*,*,#2770,.T.);
#1324=ORIENTED_EDGE('',*,*,#2771,.T.);
#1325=ORIENTED_EDGE('',*,*,#2772,.T.);
#1326=ORIENTED_EDGE('',*,*,#2773,.T.);
#1327=ORIENTED_EDGE('',*,*,#2774,.T.);
#1328=ORIENTED_EDGE('',*,*,#2775,.T.);
#1329=ORIENTED_EDGE('',*,*,#2776,.F.);
#1330=ORIENTED_EDGE('',*,*,#2777,.F.);
#1331=ORIENTED_EDGE('',*,*,#2778,.F.);
#1332=ORIENTED_EDGE('',*,*,#2779,.F.);
#1333=ORIENTED_EDGE('',*,*,#2780,.T.);
#1334=ORIENTED_EDGE('',*,*,#2781,.T.);
#1335=ORIENTED_EDGE('',*,*,#2782,.T.);
#1336=ORIENTED_EDGE('',*,*,#2783,.T.);
#1337=ORIENTED_EDGE('',*,*,#2754,.F.);
#1338=ORIENTED_EDGE('',*,*,#2784,.T.);
#1339=ORIENTED_EDGE('',*,*,#2744,.T.);
#1340=ORIENTED_EDGE('',*,*,#2785,.T.);
#1341=ORIENTED_EDGE('',*,*,#2786,.T.);
#1342=ORIENTED_EDGE('',*,*,#2787,.T.);
#1343=ORIENTED_EDGE('',*,*,#2788,.T.);
#1344=ORIENTED_EDGE('',*,*,#2789,.T.);
#1345=ORIENTED_EDGE('',*,*,#2790,.T.);
#1346=ORIENTED_EDGE('',*,*,#2791,.T.);
#1347=ORIENTED_EDGE('',*,*,#2792,.T.);
#1348=ORIENTED_EDGE('',*,*,#2793,.T.);
#1349=ORIENTED_EDGE('',*,*,#2794,.F.);
#1350=ORIENTED_EDGE('',*,*,#2779,.T.);
#1351=ORIENTED_EDGE('',*,*,#2795,.F.);
#1352=ORIENTED_EDGE('',*,*,#2794,.T.);
#1353=ORIENTED_EDGE('',*,*,#2796,.F.);
#1354=ORIENTED_EDGE('',*,*,#2778,.T.);
#1355=ORIENTED_EDGE('',*,*,#2797,.F.);
#1356=ORIENTED_EDGE('',*,*,#2796,.T.);
#1357=ORIENTED_EDGE('',*,*,#2798,.F.);
#1358=ORIENTED_EDGE('',*,*,#2777,.T.);
#1359=ORIENTED_EDGE('',*,*,#2799,.F.);
#1360=ORIENTED_EDGE('',*,*,#2798,.T.);
#1361=ORIENTED_EDGE('',*,*,#2800,.F.);
#1362=ORIENTED_EDGE('',*,*,#2776,.T.);
#1363=ORIENTED_EDGE('',*,*,#2801,.F.);
#1364=ORIENTED_EDGE('',*,*,#2800,.T.);
#1365=ORIENTED_EDGE('',*,*,#2802,.T.);
#1366=ORIENTED_EDGE('',*,*,#2789,.F.);
#1367=ORIENTED_EDGE('',*,*,#2803,.T.);
#1368=ORIENTED_EDGE('',*,*,#2802,.F.);
#1369=ORIENTED_EDGE('',*,*,#2804,.T.);
#1370=ORIENTED_EDGE('',*,*,#2788,.F.);
#1371=ORIENTED_EDGE('',*,*,#2805,.T.);
#1372=ORIENTED_EDGE('',*,*,#2804,.F.);
#1373=ORIENTED_EDGE('',*,*,#2806,.T.);
#1374=ORIENTED_EDGE('',*,*,#2787,.F.);
#1375=ORIENTED_EDGE('',*,*,#2807,.T.);
#1376=ORIENTED_EDGE('',*,*,#2806,.F.);
#1377=ORIENTED_EDGE('',*,*,#2808,.T.);
#1378=ORIENTED_EDGE('',*,*,#2786,.F.);
#1379=ORIENTED_EDGE('',*,*,#2809,.T.);
#1380=ORIENTED_EDGE('',*,*,#2808,.F.);
#1381=ORIENTED_EDGE('',*,*,#2809,.F.);
#1382=ORIENTED_EDGE('',*,*,#2743,.F.);
#1383=ORIENTED_EDGE('',*,*,#2807,.F.);
#1384=ORIENTED_EDGE('',*,*,#2742,.F.);
#1385=ORIENTED_EDGE('',*,*,#2805,.F.);
#1386=ORIENTED_EDGE('',*,*,#2741,.F.);
#1387=ORIENTED_EDGE('',*,*,#2803,.F.);
#1388=ORIENTED_EDGE('',*,*,#2740,.F.);
#1389=ORIENTED_EDGE('',*,*,#2748,.T.);
#1390=ORIENTED_EDGE('',*,*,#2801,.T.);
#1391=ORIENTED_EDGE('',*,*,#2749,.T.);
#1392=ORIENTED_EDGE('',*,*,#2799,.T.);
#1393=ORIENTED_EDGE('',*,*,#2750,.T.);
#1394=ORIENTED_EDGE('',*,*,#2797,.T.);
#1395=ORIENTED_EDGE('',*,*,#2751,.T.);
#1396=ORIENTED_EDGE('',*,*,#2795,.T.);
#1397=ORIENTED_EDGE('',*,*,#2810,.T.);
#1398=ORIENTED_EDGE('',*,*,#2811,.T.);
#1399=ORIENTED_EDGE('',*,*,#2812,.T.);
#1400=ORIENTED_EDGE('',*,*,#2782,.F.);
#1401=ORIENTED_EDGE('',*,*,#2813,.T.);
#1402=ORIENTED_EDGE('',*,*,#2772,.F.);
#1403=ORIENTED_EDGE('',*,*,#2814,.F.);
#1404=ORIENTED_EDGE('',*,*,#2815,.F.);
#1405=ORIENTED_EDGE('',*,*,#2816,.F.);
#1406=ORIENTED_EDGE('',*,*,#2814,.T.);
#1407=ORIENTED_EDGE('',*,*,#2816,.T.);
#1408=ORIENTED_EDGE('',*,*,#2737,.F.);
#1409=ORIENTED_EDGE('',*,*,#2817,.F.);
#1410=ORIENTED_EDGE('',*,*,#2783,.F.);
#1411=ORIENTED_EDGE('',*,*,#2758,.F.);
#1412=ORIENTED_EDGE('',*,*,#2818,.T.);
#1413=ORIENTED_EDGE('',*,*,#2790,.F.);
#1414=ORIENTED_EDGE('',*,*,#2819,.F.);
#1415=ORIENTED_EDGE('',*,*,#2774,.F.);
#1416=ORIENTED_EDGE('',*,*,#2820,.T.);
#1417=ORIENTED_EDGE('',*,*,#2756,.F.);
#1418=ORIENTED_EDGE('',*,*,#2821,.F.);
#1419=ORIENTED_EDGE('',*,*,#2815,.T.);
#1420=ORIENTED_EDGE('',*,*,#2775,.F.);
#1421=ORIENTED_EDGE('',*,*,#2822,.F.);
#1422=ORIENTED_EDGE('',*,*,#2738,.F.);
#1423=ORIENTED_EDGE('',*,*,#2817,.T.);
#1424=ORIENTED_EDGE('',*,*,#2736,.F.);
#1425=ORIENTED_EDGE('',*,*,#2823,.F.);
#1426=ORIENTED_EDGE('',*,*,#2755,.F.);
#1427=ORIENTED_EDGE('',*,*,#2769,.F.);
#1428=ORIENTED_EDGE('',*,*,#2824,.T.);
#1429=ORIENTED_EDGE('',*,*,#2752,.F.);
#1430=ORIENTED_EDGE('',*,*,#2825,.F.);
#1431=ORIENTED_EDGE('',*,*,#2826,.F.);
#1432=ORIENTED_EDGE('',*,*,#2819,.T.);
#1433=ORIENTED_EDGE('',*,*,#2827,.F.);
#1434=ORIENTED_EDGE('',*,*,#2763,.F.);
#1435=ORIENTED_EDGE('',*,*,#2828,.F.);
#1436=ORIENTED_EDGE('',*,*,#2829,.F.);
#1437=ORIENTED_EDGE('',*,*,#2759,.F.);
#1438=ORIENTED_EDGE('',*,*,#2826,.T.);
#1439=ORIENTED_EDGE('',*,*,#2830,.F.);
#1440=ORIENTED_EDGE('',*,*,#2821,.T.);
#1441=ORIENTED_EDGE('',*,*,#2829,.T.);
#1442=ORIENTED_EDGE('',*,*,#2831,.F.);
#1443=ORIENTED_EDGE('',*,*,#2739,.F.);
#1444=ORIENTED_EDGE('',*,*,#2822,.T.);
#1445=ORIENTED_EDGE('',*,*,#2825,.T.);
#1446=ORIENTED_EDGE('',*,*,#2823,.T.);
#1447=ORIENTED_EDGE('',*,*,#2832,.F.);
#1448=ORIENTED_EDGE('',*,*,#2792,.F.);
#1449=ORIENTED_EDGE('',*,*,#2833,.T.);
#1450=ORIENTED_EDGE('',*,*,#2780,.F.);
#1451=ORIENTED_EDGE('',*,*,#2834,.F.);
#1452=ORIENTED_EDGE('',*,*,#2827,.T.);
#1453=ORIENTED_EDGE('',*,*,#2793,.F.);
#1454=ORIENTED_EDGE('',*,*,#2835,.F.);
#1455=ORIENTED_EDGE('',*,*,#2764,.F.);
#1456=ORIENTED_EDGE('',*,*,#2828,.T.);
#1457=ORIENTED_EDGE('',*,*,#2762,.F.);
#1458=ORIENTED_EDGE('',*,*,#2836,.F.);
#1459=ORIENTED_EDGE('',*,*,#2770,.F.);
#1460=ORIENTED_EDGE('',*,*,#2832,.T.);
#1461=ORIENTED_EDGE('',*,*,#2735,.F.);
#1462=ORIENTED_EDGE('',*,*,#2831,.T.);
#1463=ORIENTED_EDGE('',*,*,#2830,.T.);
#1464=ORIENTED_EDGE('',*,*,#2746,.F.);
#1465=ORIENTED_EDGE('',*,*,#2837,.T.);
#1466=ORIENTED_EDGE('',*,*,#2765,.F.);
#1467=ORIENTED_EDGE('',*,*,#2838,.F.);
#1468=ORIENTED_EDGE('',*,*,#2835,.T.);
#1469=ORIENTED_EDGE('',*,*,#2834,.T.);
#1470=ORIENTED_EDGE('',*,*,#2839,.F.);
#1471=ORIENTED_EDGE('',*,*,#2838,.T.);
#1472=ORIENTED_EDGE('',*,*,#2836,.T.);
#1473=ORIENTED_EDGE('',*,*,#2840,.F.);
#1474=ORIENTED_EDGE('',*,*,#2839,.T.);
#1475=ORIENTED_EDGE('',*,*,#2785,.F.);
#1476=ORIENTED_EDGE('',*,*,#2841,.F.);
#1477=ORIENTED_EDGE('',*,*,#2760,.F.);
#1478=ORIENTED_EDGE('',*,*,#2840,.T.);
#1479=ORIENTED_EDGE('',*,*,#2761,.F.);
#1480=ORIENTED_EDGE('',*,*,#2841,.T.);
#1481=ORIENTED_EDGE('',*,*,#2747,.F.);
#1482=ORIENTED_EDGE('',*,*,#2824,.F.);
#1483=ORIENTED_EDGE('',*,*,#2842,.T.);
#1484=ORIENTED_EDGE('',*,*,#2810,.F.);
#1485=ORIENTED_EDGE('',*,*,#2843,.F.);
#1486=ORIENTED_EDGE('',*,*,#2843,.T.);
#1487=ORIENTED_EDGE('',*,*,#2844,.F.);
#1488=ORIENTED_EDGE('',*,*,#2745,.F.);
#1489=ORIENTED_EDGE('',*,*,#2784,.F.);
#1490=ORIENTED_EDGE('',*,*,#2753,.F.);
#1491=ORIENTED_EDGE('',*,*,#2812,.F.);
#1492=ORIENTED_EDGE('',*,*,#2845,.T.);
#1493=ORIENTED_EDGE('',*,*,#2837,.F.);
#1494=ORIENTED_EDGE('',*,*,#2844,.T.);
#1495=ORIENTED_EDGE('',*,*,#2846,.T.);
#1496=ORIENTED_EDGE('',*,*,#2734,.T.);
#1497=ORIENTED_EDGE('',*,*,#2847,.T.);
#1498=ORIENTED_EDGE('',*,*,#2848,.T.);
#1499=ORIENTED_EDGE('',*,*,#2849,.T.);
#1500=ORIENTED_EDGE('',*,*,#2850,.T.);
#1501=ORIENTED_EDGE('',*,*,#2851,.T.);
#1502=ORIENTED_EDGE('',*,*,#2852,.T.);
#1503=ORIENTED_EDGE('',*,*,#2853,.T.);
#1504=ORIENTED_EDGE('',*,*,#2854,.T.);
#1505=ORIENTED_EDGE('',*,*,#2855,.T.);
#1506=ORIENTED_EDGE('',*,*,#2856,.T.);
#1507=ORIENTED_EDGE('',*,*,#2857,.T.);
#1508=ORIENTED_EDGE('',*,*,#2858,.T.);
#1509=ORIENTED_EDGE('',*,*,#2859,.T.);
#1510=ORIENTED_EDGE('',*,*,#2860,.T.);
#1511=ORIENTED_EDGE('',*,*,#2861,.T.);
#1512=ORIENTED_EDGE('',*,*,#2862,.T.);
#1513=ORIENTED_EDGE('',*,*,#2863,.T.);
#1514=ORIENTED_EDGE('',*,*,#2864,.T.);
#1515=ORIENTED_EDGE('',*,*,#2865,.T.);
#1516=ORIENTED_EDGE('',*,*,#2866,.T.);
#1517=ORIENTED_EDGE('',*,*,#2867,.T.);
#1518=ORIENTED_EDGE('',*,*,#2868,.T.);
#1519=ORIENTED_EDGE('',*,*,#2869,.T.);
#1520=ORIENTED_EDGE('',*,*,#2870,.T.);
#1521=ORIENTED_EDGE('',*,*,#2871,.T.);
#1522=ORIENTED_EDGE('',*,*,#2872,.F.);
#1523=ORIENTED_EDGE('',*,*,#2873,.T.);
#1524=ORIENTED_EDGE('',*,*,#2874,.T.);
#1525=ORIENTED_EDGE('',*,*,#2875,.T.);
#1526=ORIENTED_EDGE('',*,*,#2876,.T.);
#1527=ORIENTED_EDGE('',*,*,#2877,.T.);
#1528=ORIENTED_EDGE('',*,*,#2878,.T.);
#1529=ORIENTED_EDGE('',*,*,#2879,.T.);
#1530=ORIENTED_EDGE('',*,*,#2880,.T.);
#1531=ORIENTED_EDGE('',*,*,#2881,.T.);
#1532=ORIENTED_EDGE('',*,*,#2882,.T.);
#1533=ORIENTED_EDGE('',*,*,#2883,.T.);
#1534=ORIENTED_EDGE('',*,*,#2884,.T.);
#1535=ORIENTED_EDGE('',*,*,#2885,.F.);
#1536=ORIENTED_EDGE('',*,*,#2886,.T.);
#1537=ORIENTED_EDGE('',*,*,#2887,.T.);
#1538=ORIENTED_EDGE('',*,*,#2888,.T.);
#1539=ORIENTED_EDGE('',*,*,#2889,.F.);
#1540=ORIENTED_EDGE('',*,*,#2890,.F.);
#1541=ORIENTED_EDGE('',*,*,#2891,.F.);
#1542=ORIENTED_EDGE('',*,*,#2892,.F.);
#1543=ORIENTED_EDGE('',*,*,#2893,.T.);
#1544=ORIENTED_EDGE('',*,*,#2894,.T.);
#1545=ORIENTED_EDGE('',*,*,#2895,.T.);
#1546=ORIENTED_EDGE('',*,*,#2896,.T.);
#1547=ORIENTED_EDGE('',*,*,#2897,.T.);
#1548=ORIENTED_EDGE('',*,*,#2898,.T.);
#1549=ORIENTED_EDGE('',*,*,#2899,.T.);
#1550=ORIENTED_EDGE('',*,*,#2900,.T.);
#1551=ORIENTED_EDGE('',*,*,#2901,.T.);
#1552=ORIENTED_EDGE('',*,*,#2902,.T.);
#1553=ORIENTED_EDGE('',*,*,#2903,.T.);
#1554=ORIENTED_EDGE('',*,*,#2904,.T.);
#1555=ORIENTED_EDGE('',*,*,#2905,.T.);
#1556=ORIENTED_EDGE('',*,*,#2906,.T.);
#1557=ORIENTED_EDGE('',*,*,#2907,.T.);
#1558=ORIENTED_EDGE('',*,*,#2908,.T.);
#1559=ORIENTED_EDGE('',*,*,#2909,.T.);
#1560=ORIENTED_EDGE('',*,*,#2910,.T.);
#1561=ORIENTED_EDGE('',*,*,#2911,.T.);
#1562=ORIENTED_EDGE('',*,*,#2912,.T.);
#1563=ORIENTED_EDGE('',*,*,#2913,.T.);
#1564=ORIENTED_EDGE('',*,*,#2914,.T.);
#1565=ORIENTED_EDGE('',*,*,#2915,.T.);
#1566=ORIENTED_EDGE('',*,*,#2916,.T.);
#1567=ORIENTED_EDGE('',*,*,#2917,.F.);
#1568=ORIENTED_EDGE('',*,*,#2918,.F.);
#1569=ORIENTED_EDGE('',*,*,#2919,.F.);
#1570=ORIENTED_EDGE('',*,*,#2920,.F.);
#1571=ORIENTED_EDGE('',*,*,#2921,.T.);
#1572=ORIENTED_EDGE('',*,*,#2922,.T.);
#1573=ORIENTED_EDGE('',*,*,#2923,.T.);
#1574=ORIENTED_EDGE('',*,*,#2924,.T.);
#1575=ORIENTED_EDGE('',*,*,#2925,.T.);
#1576=ORIENTED_EDGE('',*,*,#2926,.T.);
#1577=ORIENTED_EDGE('',*,*,#2927,.T.);
#1578=ORIENTED_EDGE('',*,*,#2928,.T.);
#1579=ORIENTED_EDGE('',*,*,#2929,.T.);
#1580=ORIENTED_EDGE('',*,*,#2930,.T.);
#1581=ORIENTED_EDGE('',*,*,#2931,.T.);
#1582=ORIENTED_EDGE('',*,*,#2932,.T.);
#1583=ORIENTED_EDGE('',*,*,#2895,.F.);
#1584=ORIENTED_EDGE('',*,*,#2933,.T.);
#1585=ORIENTED_EDGE('',*,*,#2885,.T.);
#1586=ORIENTED_EDGE('',*,*,#2934,.T.);
#1587=ORIENTED_EDGE('',*,*,#2935,.F.);
#1588=ORIENTED_EDGE('',*,*,#2920,.T.);
#1589=ORIENTED_EDGE('',*,*,#2936,.F.);
#1590=ORIENTED_EDGE('',*,*,#2935,.T.);
#1591=ORIENTED_EDGE('',*,*,#2937,.F.);
#1592=ORIENTED_EDGE('',*,*,#2919,.T.);
#1593=ORIENTED_EDGE('',*,*,#2938,.F.);
#1594=ORIENTED_EDGE('',*,*,#2937,.T.);
#1595=ORIENTED_EDGE('',*,*,#2939,.F.);
#1596=ORIENTED_EDGE('',*,*,#2918,.T.);
#1597=ORIENTED_EDGE('',*,*,#2940,.F.);
#1598=ORIENTED_EDGE('',*,*,#2939,.T.);
#1599=ORIENTED_EDGE('',*,*,#2941,.F.);
#1600=ORIENTED_EDGE('',*,*,#2917,.T.);
#1601=ORIENTED_EDGE('',*,*,#2942,.F.);
#1602=ORIENTED_EDGE('',*,*,#2941,.T.);
#1603=ORIENTED_EDGE('',*,*,#2943,.T.);
#1604=ORIENTED_EDGE('',*,*,#2924,.F.);
#1605=ORIENTED_EDGE('',*,*,#2944,.T.);
#1606=ORIENTED_EDGE('',*,*,#2943,.F.);
#1607=ORIENTED_EDGE('',*,*,#2945,.T.);
#1608=ORIENTED_EDGE('',*,*,#2923,.F.);
#1609=ORIENTED_EDGE('',*,*,#2946,.T.);
#1610=ORIENTED_EDGE('',*,*,#2945,.F.);
#1611=ORIENTED_EDGE('',*,*,#2947,.T.);
#1612=ORIENTED_EDGE('',*,*,#2922,.F.);
#1613=ORIENTED_EDGE('',*,*,#2948,.T.);
#1614=ORIENTED_EDGE('',*,*,#2947,.F.);
#1615=ORIENTED_EDGE('',*,*,#2949,.T.);
#1616=ORIENTED_EDGE('',*,*,#2921,.F.);
#1617=ORIENTED_EDGE('',*,*,#2950,.T.);
#1618=ORIENTED_EDGE('',*,*,#2949,.F.);
#1619=ORIENTED_EDGE('',*,*,#2950,.F.);
#1620=ORIENTED_EDGE('',*,*,#2884,.F.);
#1621=ORIENTED_EDGE('',*,*,#2948,.F.);
#1622=ORIENTED_EDGE('',*,*,#2883,.F.);
#1623=ORIENTED_EDGE('',*,*,#2946,.F.);
#1624=ORIENTED_EDGE('',*,*,#2882,.F.);
#1625=ORIENTED_EDGE('',*,*,#2944,.F.);
#1626=ORIENTED_EDGE('',*,*,#2881,.F.);
#1627=ORIENTED_EDGE('',*,*,#2889,.T.);
#1628=ORIENTED_EDGE('',*,*,#2942,.T.);
#1629=ORIENTED_EDGE('',*,*,#2890,.T.);
#1630=ORIENTED_EDGE('',*,*,#2940,.T.);
#1631=ORIENTED_EDGE('',*,*,#2891,.T.);
#1632=ORIENTED_EDGE('',*,*,#2938,.T.);
#1633=ORIENTED_EDGE('',*,*,#2892,.T.);
#1634=ORIENTED_EDGE('',*,*,#2936,.T.);
#1635=ORIENTED_EDGE('',*,*,#2951,.T.);
#1636=ORIENTED_EDGE('',*,*,#2952,.T.);
#1637=ORIENTED_EDGE('',*,*,#2953,.T.);
#1638=ORIENTED_EDGE('',*,*,#2931,.F.);
#1639=ORIENTED_EDGE('',*,*,#2954,.T.);
#1640=ORIENTED_EDGE('',*,*,#2913,.F.);
#1641=ORIENTED_EDGE('',*,*,#2955,.F.);
#1642=ORIENTED_EDGE('',*,*,#2956,.F.);
#1643=ORIENTED_EDGE('',*,*,#2957,.F.);
#1644=ORIENTED_EDGE('',*,*,#2955,.T.);
#1645=ORIENTED_EDGE('',*,*,#2957,.T.);
#1646=ORIENTED_EDGE('',*,*,#2878,.F.);
#1647=ORIENTED_EDGE('',*,*,#2958,.F.);
#1648=ORIENTED_EDGE('',*,*,#2932,.F.);
#1649=ORIENTED_EDGE('',*,*,#2899,.F.);
#1650=ORIENTED_EDGE('',*,*,#2959,.T.);
#1651=ORIENTED_EDGE('',*,*,#2925,.F.);
#1652=ORIENTED_EDGE('',*,*,#2960,.F.);
#1653=ORIENTED_EDGE('',*,*,#2915,.F.);
#1654=ORIENTED_EDGE('',*,*,#2961,.T.);
#1655=ORIENTED_EDGE('',*,*,#2897,.F.);
#1656=ORIENTED_EDGE('',*,*,#2962,.F.);
#1657=ORIENTED_EDGE('',*,*,#2956,.T.);
#1658=ORIENTED_EDGE('',*,*,#2916,.F.);
#1659=ORIENTED_EDGE('',*,*,#2963,.F.);
#1660=ORIENTED_EDGE('',*,*,#2879,.F.);
#1661=ORIENTED_EDGE('',*,*,#2958,.T.);
#1662=ORIENTED_EDGE('',*,*,#2877,.F.);
#1663=ORIENTED_EDGE('',*,*,#2964,.F.);
#1664=ORIENTED_EDGE('',*,*,#2896,.F.);
#1665=ORIENTED_EDGE('',*,*,#2910,.F.);
#1666=ORIENTED_EDGE('',*,*,#2965,.T.);
#1667=ORIENTED_EDGE('',*,*,#2893,.F.);
#1668=ORIENTED_EDGE('',*,*,#2966,.F.);
#1669=ORIENTED_EDGE('',*,*,#2967,.F.);
#1670=ORIENTED_EDGE('',*,*,#2960,.T.);
#1671=ORIENTED_EDGE('',*,*,#2968,.F.);
#1672=ORIENTED_EDGE('',*,*,#2904,.F.);
#1673=ORIENTED_EDGE('',*,*,#2969,.F.);
#1674=ORIENTED_EDGE('',*,*,#2970,.F.);
#1675=ORIENTED_EDGE('',*,*,#2900,.F.);
#1676=ORIENTED_EDGE('',*,*,#2967,.T.);
#1677=ORIENTED_EDGE('',*,*,#2971,.F.);
#1678=ORIENTED_EDGE('',*,*,#2962,.T.);
#1679=ORIENTED_EDGE('',*,*,#2970,.T.);
#1680=ORIENTED_EDGE('',*,*,#2972,.F.);
#1681=ORIENTED_EDGE('',*,*,#2880,.F.);
#1682=ORIENTED_EDGE('',*,*,#2963,.T.);
#1683=ORIENTED_EDGE('',*,*,#2966,.T.);
#1684=ORIENTED_EDGE('',*,*,#2964,.T.);
#1685=ORIENTED_EDGE('',*,*,#2973,.F.);
#1686=ORIENTED_EDGE('',*,*,#2927,.F.);
#1687=ORIENTED_EDGE('',*,*,#2974,.T.);
#1688=ORIENTED_EDGE('',*,*,#2929,.F.);
#1689=ORIENTED_EDGE('',*,*,#2975,.F.);
#1690=ORIENTED_EDGE('',*,*,#2968,.T.);
#1691=ORIENTED_EDGE('',*,*,#2928,.F.);
#1692=ORIENTED_EDGE('',*,*,#2976,.F.);
#1693=ORIENTED_EDGE('',*,*,#2905,.F.);
#1694=ORIENTED_EDGE('',*,*,#2969,.T.);
#1695=ORIENTED_EDGE('',*,*,#2903,.F.);
#1696=ORIENTED_EDGE('',*,*,#2977,.F.);
#1697=ORIENTED_EDGE('',*,*,#2911,.F.);
#1698=ORIENTED_EDGE('',*,*,#2973,.T.);
#1699=ORIENTED_EDGE('',*,*,#2876,.F.);
#1700=ORIENTED_EDGE('',*,*,#2972,.T.);
#1701=ORIENTED_EDGE('',*,*,#2971,.T.);
#1702=ORIENTED_EDGE('',*,*,#2887,.F.);
#1703=ORIENTED_EDGE('',*,*,#2978,.T.);
#1704=ORIENTED_EDGE('',*,*,#2906,.F.);
#1705=ORIENTED_EDGE('',*,*,#2979,.F.);
#1706=ORIENTED_EDGE('',*,*,#2976,.T.);
#1707=ORIENTED_EDGE('',*,*,#2975,.T.);
#1708=ORIENTED_EDGE('',*,*,#2980,.F.);
#1709=ORIENTED_EDGE('',*,*,#2979,.T.);
#1710=ORIENTED_EDGE('',*,*,#2977,.T.);
#1711=ORIENTED_EDGE('',*,*,#2981,.F.);
#1712=ORIENTED_EDGE('',*,*,#2980,.T.);
#1713=ORIENTED_EDGE('',*,*,#2934,.F.);
#1714=ORIENTED_EDGE('',*,*,#2982,.F.);
#1715=ORIENTED_EDGE('',*,*,#2901,.F.);
#1716=ORIENTED_EDGE('',*,*,#2981,.T.);
#1717=ORIENTED_EDGE('',*,*,#2902,.F.);
#1718=ORIENTED_EDGE('',*,*,#2982,.T.);
#1719=ORIENTED_EDGE('',*,*,#2888,.F.);
#1720=ORIENTED_EDGE('',*,*,#2965,.F.);
#1721=ORIENTED_EDGE('',*,*,#2983,.T.);
#1722=ORIENTED_EDGE('',*,*,#2951,.F.);
#1723=ORIENTED_EDGE('',*,*,#2984,.F.);
#1724=ORIENTED_EDGE('',*,*,#2984,.T.);
#1725=ORIENTED_EDGE('',*,*,#2985,.F.);
#1726=ORIENTED_EDGE('',*,*,#2886,.F.);
#1727=ORIENTED_EDGE('',*,*,#2933,.F.);
#1728=ORIENTED_EDGE('',*,*,#2894,.F.);
#1729=ORIENTED_EDGE('',*,*,#2953,.F.);
#1730=ORIENTED_EDGE('',*,*,#2986,.T.);
#1731=ORIENTED_EDGE('',*,*,#2978,.F.);
#1732=ORIENTED_EDGE('',*,*,#2985,.T.);
#1733=ORIENTED_EDGE('',*,*,#2987,.T.);
#1734=ORIENTED_EDGE('',*,*,#2988,.F.);
#1735=ORIENTED_EDGE('',*,*,#2989,.T.);
#1736=ORIENTED_EDGE('',*,*,#2990,.T.);
#1737=ORIENTED_EDGE('',*,*,#2991,.T.);
#1738=ORIENTED_EDGE('',*,*,#2992,.T.);
#1739=ORIENTED_EDGE('',*,*,#2993,.T.);
#1740=ORIENTED_EDGE('',*,*,#2994,.T.);
#1741=ORIENTED_EDGE('',*,*,#2995,.T.);
#1742=ORIENTED_EDGE('',*,*,#2996,.T.);
#1743=ORIENTED_EDGE('',*,*,#2997,.T.);
#1744=ORIENTED_EDGE('',*,*,#2998,.T.);
#1745=ORIENTED_EDGE('',*,*,#2999,.T.);
#1746=ORIENTED_EDGE('',*,*,#3000,.T.);
#1747=ORIENTED_EDGE('',*,*,#3001,.T.);
#1748=ORIENTED_EDGE('',*,*,#3002,.T.);
#1749=ORIENTED_EDGE('',*,*,#3003,.T.);
#1750=ORIENTED_EDGE('',*,*,#3004,.T.);
#1751=ORIENTED_EDGE('',*,*,#3005,.T.);
#1752=ORIENTED_EDGE('',*,*,#3006,.T.);
#1753=ORIENTED_EDGE('',*,*,#3007,.T.);
#1754=ORIENTED_EDGE('',*,*,#3008,.T.);
#1755=ORIENTED_EDGE('',*,*,#3009,.T.);
#1756=ORIENTED_EDGE('',*,*,#3010,.T.);
#1757=ORIENTED_EDGE('',*,*,#3011,.T.);
#1758=ORIENTED_EDGE('',*,*,#3012,.T.);
#1759=ORIENTED_EDGE('',*,*,#3013,.T.);
#1760=ORIENTED_EDGE('',*,*,#3014,.T.);
#1761=ORIENTED_EDGE('',*,*,#3015,.T.);
#1762=ORIENTED_EDGE('',*,*,#3016,.T.);
#1763=ORIENTED_EDGE('',*,*,#3017,.T.);
#1764=ORIENTED_EDGE('',*,*,#3018,.T.);
#1765=ORIENTED_EDGE('',*,*,#3019,.T.);
#1766=ORIENTED_EDGE('',*,*,#3020,.T.);
#1767=ORIENTED_EDGE('',*,*,#3021,.T.);
#1768=ORIENTED_EDGE('',*,*,#3022,.T.);
#1769=ORIENTED_EDGE('',*,*,#3023,.T.);
#1770=ORIENTED_EDGE('',*,*,#3024,.T.);
#1771=ORIENTED_EDGE('',*,*,#3025,.T.);
#1772=ORIENTED_EDGE('',*,*,#3026,.T.);
#1773=ORIENTED_EDGE('',*,*,#3027,.T.);
#1774=ORIENTED_EDGE('',*,*,#3028,.T.);
#1775=ORIENTED_EDGE('',*,*,#3029,.T.);
#1776=ORIENTED_EDGE('',*,*,#3030,.T.);
#1777=ORIENTED_EDGE('',*,*,#3031,.T.);
#1778=ORIENTED_EDGE('',*,*,#3032,.T.);
#1779=ORIENTED_EDGE('',*,*,#3033,.T.);
#1780=ORIENTED_EDGE('',*,*,#3034,.T.);
#1781=ORIENTED_EDGE('',*,*,#3035,.T.);
#1782=ORIENTED_EDGE('',*,*,#3036,.T.);
#1783=ORIENTED_EDGE('',*,*,#3037,.T.);
#1784=ORIENTED_EDGE('',*,*,#3038,.T.);
#1785=ORIENTED_EDGE('',*,*,#3039,.T.);
#1786=ORIENTED_EDGE('',*,*,#3040,.T.);
#1787=ORIENTED_EDGE('',*,*,#3041,.T.);
#1788=ORIENTED_EDGE('',*,*,#3042,.T.);
#1789=ORIENTED_EDGE('',*,*,#3043,.T.);
#1790=ORIENTED_EDGE('',*,*,#3044,.T.);
#1791=ORIENTED_EDGE('',*,*,#3045,.T.);
#1792=ORIENTED_EDGE('',*,*,#3046,.T.);
#1793=ORIENTED_EDGE('',*,*,#3047,.T.);
#1794=ORIENTED_EDGE('',*,*,#3048,.T.);
#1795=ORIENTED_EDGE('',*,*,#3049,.T.);
#1796=ORIENTED_EDGE('',*,*,#3050,.T.);
#1797=ORIENTED_EDGE('',*,*,#3051,.T.);
#1798=ORIENTED_EDGE('',*,*,#3052,.T.);
#1799=ORIENTED_EDGE('',*,*,#3053,.F.);
#1800=ORIENTED_EDGE('',*,*,#3051,.F.);
#1801=ORIENTED_EDGE('',*,*,#3054,.F.);
#1802=ORIENTED_EDGE('',*,*,#3055,.F.);
#1803=ORIENTED_EDGE('',*,*,#3056,.F.);
#1804=ORIENTED_EDGE('',*,*,#3053,.T.);
#1805=ORIENTED_EDGE('',*,*,#3057,.F.);
#1806=ORIENTED_EDGE('',*,*,#3058,.F.);
#1807=ORIENTED_EDGE('',*,*,#3054,.T.);
#1808=ORIENTED_EDGE('',*,*,#3059,.F.);
#1809=ORIENTED_EDGE('',*,*,#3057,.T.);
#1810=ORIENTED_EDGE('',*,*,#3060,.F.);
#1811=ORIENTED_EDGE('',*,*,#3061,.F.);
#1812=ORIENTED_EDGE('',*,*,#2991,.F.);
#1813=ORIENTED_EDGE('',*,*,#3056,.T.);
#1814=ORIENTED_EDGE('',*,*,#2990,.F.);
#1815=ORIENTED_EDGE('',*,*,#3062,.F.);
#1816=ORIENTED_EDGE('',*,*,#3052,.F.);
#1817=ORIENTED_EDGE('',*,*,#3063,.F.);
#1818=ORIENTED_EDGE('',*,*,#3049,.F.);
#1819=ORIENTED_EDGE('',*,*,#3064,.F.);
#1820=ORIENTED_EDGE('',*,*,#2867,.F.);
#1821=ORIENTED_EDGE('',*,*,#3059,.T.);
#1822=ORIENTED_EDGE('',*,*,#3050,.F.);
#1823=ORIENTED_EDGE('',*,*,#3065,.F.);
#1824=ORIENTED_EDGE('',*,*,#3046,.F.);
#1825=ORIENTED_EDGE('',*,*,#3058,.T.);
#1826=ORIENTED_EDGE('',*,*,#3045,.F.);
#1827=ORIENTED_EDGE('',*,*,#3066,.F.);
#1828=ORIENTED_EDGE('',*,*,#3067,.F.);
#1829=ORIENTED_EDGE('',*,*,#3068,.F.);
#1830=ORIENTED_EDGE('',*,*,#3061,.T.);
#1831=ORIENTED_EDGE('',*,*,#3069,.F.);
#1832=ORIENTED_EDGE('',*,*,#3064,.T.);
#1833=ORIENTED_EDGE('',*,*,#3062,.T.);
#1834=ORIENTED_EDGE('',*,*,#3070,.F.);
#1835=ORIENTED_EDGE('',*,*,#3065,.T.);
#1836=ORIENTED_EDGE('',*,*,#3063,.T.);
#1837=ORIENTED_EDGE('',*,*,#3071,.F.);
#1838=ORIENTED_EDGE('',*,*,#3072,.F.);
#1839=ORIENTED_EDGE('',*,*,#3066,.T.);
#1840=ORIENTED_EDGE('',*,*,#3073,.F.);
#1841=ORIENTED_EDGE('',*,*,#3069,.T.);
#1842=ORIENTED_EDGE('',*,*,#3074,.F.);
#1843=ORIENTED_EDGE('',*,*,#3075,.F.);
#1844=ORIENTED_EDGE('',*,*,#2993,.F.);
#1845=ORIENTED_EDGE('',*,*,#3068,.T.);
#1846=ORIENTED_EDGE('',*,*,#2996,.F.);
#1847=ORIENTED_EDGE('',*,*,#3076,.F.);
#1848=ORIENTED_EDGE('',*,*,#2992,.F.);
#1849=ORIENTED_EDGE('',*,*,#3070,.T.);
#1850=ORIENTED_EDGE('',*,*,#2989,.F.);
#1851=ORIENTED_EDGE('',*,*,#3077,.F.);
#1852=ORIENTED_EDGE('',*,*,#2868,.F.);
#1853=ORIENTED_EDGE('',*,*,#3071,.T.);
#1854=ORIENTED_EDGE('',*,*,#2866,.F.);
#1855=ORIENTED_EDGE('',*,*,#3078,.F.);
#1856=ORIENTED_EDGE('',*,*,#3047,.F.);
#1857=ORIENTED_EDGE('',*,*,#3073,.T.);
#1858=ORIENTED_EDGE('',*,*,#3048,.F.);
#1859=ORIENTED_EDGE('',*,*,#3079,.F.);
#1860=ORIENTED_EDGE('',*,*,#3042,.F.);
#1861=ORIENTED_EDGE('',*,*,#3072,.T.);
#1862=ORIENTED_EDGE('',*,*,#3041,.F.);
#1863=ORIENTED_EDGE('',*,*,#3080,.F.);
#1864=ORIENTED_EDGE('',*,*,#3081,.F.);
#1865=ORIENTED_EDGE('',*,*,#3082,.F.);
#1866=ORIENTED_EDGE('',*,*,#3075,.T.);
#1867=ORIENTED_EDGE('',*,*,#3083,.F.);
#1868=ORIENTED_EDGE('',*,*,#3077,.T.);
#1869=ORIENTED_EDGE('',*,*,#3076,.T.);
#1870=ORIENTED_EDGE('',*,*,#3084,.F.);
#1871=ORIENTED_EDGE('',*,*,#3079,.T.);
#1872=ORIENTED_EDGE('',*,*,#3078,.T.);
#1873=ORIENTED_EDGE('',*,*,#3085,.F.);
#1874=ORIENTED_EDGE('',*,*,#3086,.F.);
#1875=ORIENTED_EDGE('',*,*,#3080,.T.);
#1876=ORIENTED_EDGE('',*,*,#3087,.F.);
#1877=ORIENTED_EDGE('',*,*,#3083,.T.);
#1878=ORIENTED_EDGE('',*,*,#3088,.F.);
#1879=ORIENTED_EDGE('',*,*,#3089,.F.);
#1880=ORIENTED_EDGE('',*,*,#2997,.F.);
#1881=ORIENTED_EDGE('',*,*,#3082,.T.);
#1882=ORIENTED_EDGE('',*,*,#3000,.F.);
#1883=ORIENTED_EDGE('',*,*,#3090,.F.);
#1884=ORIENTED_EDGE('',*,*,#2994,.F.);
#1885=ORIENTED_EDGE('',*,*,#3084,.T.);
#1886=ORIENTED_EDGE('',*,*,#2995,.F.);
#1887=ORIENTED_EDGE('',*,*,#3091,.F.);
#1888=ORIENTED_EDGE('',*,*,#2869,.F.);
#1889=ORIENTED_EDGE('',*,*,#3085,.T.);
#1890=ORIENTED_EDGE('',*,*,#2865,.F.);
#1891=ORIENTED_EDGE('',*,*,#3092,.F.);
#1892=ORIENTED_EDGE('',*,*,#3043,.F.);
#1893=ORIENTED_EDGE('',*,*,#3087,.T.);
#1894=ORIENTED_EDGE('',*,*,#3044,.F.);
#1895=ORIENTED_EDGE('',*,*,#3093,.F.);
#1896=ORIENTED_EDGE('',*,*,#3040,.F.);
#1897=ORIENTED_EDGE('',*,*,#3086,.T.);
#1898=ORIENTED_EDGE('',*,*,#3039,.F.);
#1899=ORIENTED_EDGE('',*,*,#3094,.F.);
#1900=ORIENTED_EDGE('',*,*,#3095,.F.);
#1901=ORIENTED_EDGE('',*,*,#3096,.F.);
#1902=ORIENTED_EDGE('',*,*,#3089,.T.);
#1903=ORIENTED_EDGE('',*,*,#3097,.F.);
#1904=ORIENTED_EDGE('',*,*,#3091,.T.);
#1905=ORIENTED_EDGE('',*,*,#3090,.T.);
#1906=ORIENTED_EDGE('',*,*,#3098,.F.);
#1907=ORIENTED_EDGE('',*,*,#3093,.T.);
#1908=ORIENTED_EDGE('',*,*,#3092,.T.);
#1909=ORIENTED_EDGE('',*,*,#3099,.F.);
#1910=ORIENTED_EDGE('',*,*,#3100,.F.);
#1911=ORIENTED_EDGE('',*,*,#3094,.T.);
#1912=ORIENTED_EDGE('',*,*,#3101,.F.);
#1913=ORIENTED_EDGE('',*,*,#3097,.T.);
#1914=ORIENTED_EDGE('',*,*,#3102,.F.);
#1915=ORIENTED_EDGE('',*,*,#3103,.F.);
#1916=ORIENTED_EDGE('',*,*,#3001,.F.);
#1917=ORIENTED_EDGE('',*,*,#3096,.T.);
#1918=ORIENTED_EDGE('',*,*,#3004,.F.);
#1919=ORIENTED_EDGE('',*,*,#3104,.F.);
#1920=ORIENTED_EDGE('',*,*,#2998,.F.);
#1921=ORIENTED_EDGE('',*,*,#3098,.T.);
#1922=ORIENTED_EDGE('',*,*,#2999,.F.);
#1923=ORIENTED_EDGE('',*,*,#3105,.F.);
#1924=ORIENTED_EDGE('',*,*,#2870,.F.);
#1925=ORIENTED_EDGE('',*,*,#3099,.T.);
#1926=ORIENTED_EDGE('',*,*,#2864,.F.);
#1927=ORIENTED_EDGE('',*,*,#3106,.F.);
#1928=ORIENTED_EDGE('',*,*,#3037,.F.);
#1929=ORIENTED_EDGE('',*,*,#3101,.T.);
#1930=ORIENTED_EDGE('',*,*,#3038,.F.);
#1931=ORIENTED_EDGE('',*,*,#3107,.F.);
#1932=ORIENTED_EDGE('',*,*,#3036,.F.);
#1933=ORIENTED_EDGE('',*,*,#3100,.T.);
#1934=ORIENTED_EDGE('',*,*,#3035,.F.);
#1935=ORIENTED_EDGE('',*,*,#3108,.F.);
#1936=ORIENTED_EDGE('',*,*,#3109,.F.);
#1937=ORIENTED_EDGE('',*,*,#3103,.T.);
#1938=ORIENTED_EDGE('',*,*,#3110,.T.);
#1939=ORIENTED_EDGE('',*,*,#3111,.F.);
#1940=ORIENTED_EDGE('',*,*,#3112,.F.);
#1941=ORIENTED_EDGE('',*,*,#3105,.T.);
#1942=ORIENTED_EDGE('',*,*,#3104,.T.);
#1943=ORIENTED_EDGE('',*,*,#3113,.F.);
#1944=ORIENTED_EDGE('',*,*,#3107,.T.);
#1945=ORIENTED_EDGE('',*,*,#3106,.T.);
#1946=ORIENTED_EDGE('',*,*,#3114,.F.);
#1947=ORIENTED_EDGE('',*,*,#3115,.F.);
#1948=ORIENTED_EDGE('',*,*,#3108,.T.);
#1949=ORIENTED_EDGE('',*,*,#3116,.F.);
#1950=ORIENTED_EDGE('',*,*,#3111,.T.);
#1951=ORIENTED_EDGE('',*,*,#3117,.F.);
#1952=ORIENTED_EDGE('',*,*,#3118,.F.);
#1953=ORIENTED_EDGE('',*,*,#3005,.F.);
#1954=ORIENTED_EDGE('',*,*,#3112,.T.);
#1955=ORIENTED_EDGE('',*,*,#3008,.F.);
#1956=ORIENTED_EDGE('',*,*,#3119,.F.);
#1957=ORIENTED_EDGE('',*,*,#3002,.F.);
#1958=ORIENTED_EDGE('',*,*,#3113,.T.);
#1959=ORIENTED_EDGE('',*,*,#3003,.F.);
#1960=ORIENTED_EDGE('',*,*,#3120,.F.);
#1961=ORIENTED_EDGE('',*,*,#2871,.F.);
#1962=ORIENTED_EDGE('',*,*,#3114,.T.);
#1963=ORIENTED_EDGE('',*,*,#2863,.F.);
#1964=ORIENTED_EDGE('',*,*,#3121,.F.);
#1965=ORIENTED_EDGE('',*,*,#3033,.F.);
#1966=ORIENTED_EDGE('',*,*,#3116,.T.);
#1967=ORIENTED_EDGE('',*,*,#3034,.F.);
#1968=ORIENTED_EDGE('',*,*,#3122,.F.);
#1969=ORIENTED_EDGE('',*,*,#3032,.F.);
#1970=ORIENTED_EDGE('',*,*,#3115,.T.);
#1971=ORIENTED_EDGE('',*,*,#3031,.F.);
#1972=ORIENTED_EDGE('',*,*,#3123,.F.);
#1973=ORIENTED_EDGE('',*,*,#3124,.F.);
#1974=ORIENTED_EDGE('',*,*,#3125,.F.);
#1975=ORIENTED_EDGE('',*,*,#3118,.T.);
#1976=ORIENTED_EDGE('',*,*,#3126,.F.);
#1977=ORIENTED_EDGE('',*,*,#3120,.T.);
#1978=ORIENTED_EDGE('',*,*,#3119,.T.);
#1979=ORIENTED_EDGE('',*,*,#3127,.F.);
#1980=ORIENTED_EDGE('',*,*,#2872,.T.);
#1981=ORIENTED_EDGE('',*,*,#3122,.T.);
#1982=ORIENTED_EDGE('',*,*,#3121,.T.);
#1983=ORIENTED_EDGE('',*,*,#3128,.F.);
#1984=ORIENTED_EDGE('',*,*,#3129,.F.);
#1985=ORIENTED_EDGE('',*,*,#3123,.T.);
#1986=ORIENTED_EDGE('',*,*,#3130,.F.);
#1987=ORIENTED_EDGE('',*,*,#3126,.T.);
#1988=ORIENTED_EDGE('',*,*,#3131,.F.);
#1989=ORIENTED_EDGE('',*,*,#3132,.F.);
#1990=ORIENTED_EDGE('',*,*,#3009,.F.);
#1991=ORIENTED_EDGE('',*,*,#3125,.T.);
#1992=ORIENTED_EDGE('',*,*,#3012,.F.);
#1993=ORIENTED_EDGE('',*,*,#3133,.F.);
#1994=ORIENTED_EDGE('',*,*,#3006,.F.);
#1995=ORIENTED_EDGE('',*,*,#3127,.T.);
#1996=ORIENTED_EDGE('',*,*,#3007,.F.);
#1997=ORIENTED_EDGE('',*,*,#3134,.F.);
#1998=ORIENTED_EDGE('',*,*,#2873,.F.);
#1999=ORIENTED_EDGE('',*,*,#3128,.T.);
#2000=ORIENTED_EDGE('',*,*,#2862,.F.);
#2001=ORIENTED_EDGE('',*,*,#3135,.F.);
#2002=ORIENTED_EDGE('',*,*,#3029,.F.);
#2003=ORIENTED_EDGE('',*,*,#3130,.T.);
#2004=ORIENTED_EDGE('',*,*,#3030,.F.);
#2005=ORIENTED_EDGE('',*,*,#3136,.F.);
#2006=ORIENTED_EDGE('',*,*,#3028,.F.);
#2007=ORIENTED_EDGE('',*,*,#3129,.T.);
#2008=ORIENTED_EDGE('',*,*,#3027,.F.);
#2009=ORIENTED_EDGE('',*,*,#3137,.F.);
#2010=ORIENTED_EDGE('',*,*,#3138,.F.);
#2011=ORIENTED_EDGE('',*,*,#3139,.F.);
#2012=ORIENTED_EDGE('',*,*,#3132,.T.);
#2013=ORIENTED_EDGE('',*,*,#3140,.F.);
#2014=ORIENTED_EDGE('',*,*,#3134,.T.);
#2015=ORIENTED_EDGE('',*,*,#3133,.T.);
#2016=ORIENTED_EDGE('',*,*,#3141,.F.);
#2017=ORIENTED_EDGE('',*,*,#3136,.T.);
#2018=ORIENTED_EDGE('',*,*,#3135,.T.);
#2019=ORIENTED_EDGE('',*,*,#3142,.F.);
#2020=ORIENTED_EDGE('',*,*,#3143,.F.);
#2021=ORIENTED_EDGE('',*,*,#3137,.T.);
#2022=ORIENTED_EDGE('',*,*,#3144,.F.);
#2023=ORIENTED_EDGE('',*,*,#3140,.T.);
#2024=ORIENTED_EDGE('',*,*,#3145,.F.);
#2025=ORIENTED_EDGE('',*,*,#3146,.F.);
#2026=ORIENTED_EDGE('',*,*,#3013,.F.);
#2027=ORIENTED_EDGE('',*,*,#3139,.T.);
#2028=ORIENTED_EDGE('',*,*,#3016,.F.);
#2029=ORIENTED_EDGE('',*,*,#3147,.F.);
#2030=ORIENTED_EDGE('',*,*,#3010,.F.);
#2031=ORIENTED_EDGE('',*,*,#3141,.T.);
#2032=ORIENTED_EDGE('',*,*,#3011,.F.);
#2033=ORIENTED_EDGE('',*,*,#3148,.F.);
#2034=ORIENTED_EDGE('',*,*,#2874,.F.);
#2035=ORIENTED_EDGE('',*,*,#3142,.T.);
#2036=ORIENTED_EDGE('',*,*,#2861,.F.);
#2037=ORIENTED_EDGE('',*,*,#3149,.F.);
#2038=ORIENTED_EDGE('',*,*,#3025,.F.);
#2039=ORIENTED_EDGE('',*,*,#3144,.T.);
#2040=ORIENTED_EDGE('',*,*,#3026,.F.);
#2041=ORIENTED_EDGE('',*,*,#3150,.F.);
#2042=ORIENTED_EDGE('',*,*,#3024,.F.);
#2043=ORIENTED_EDGE('',*,*,#3143,.T.);
#2044=ORIENTED_EDGE('',*,*,#3023,.F.);
#2045=ORIENTED_EDGE('',*,*,#3151,.F.);
#2046=ORIENTED_EDGE('',*,*,#3152,.F.);
#2047=ORIENTED_EDGE('',*,*,#3153,.F.);
#2048=ORIENTED_EDGE('',*,*,#3154,.F.);
#2049=ORIENTED_EDGE('',*,*,#3155,.F.);
#2050=ORIENTED_EDGE('',*,*,#3019,.F.);
#2051=ORIENTED_EDGE('',*,*,#3146,.T.);
#2052=ORIENTED_EDGE('',*,*,#3153,.T.);
#2053=ORIENTED_EDGE('',*,*,#3156,.F.);
#2054=ORIENTED_EDGE('',*,*,#3148,.T.);
#2055=ORIENTED_EDGE('',*,*,#3147,.T.);
#2056=ORIENTED_EDGE('',*,*,#3157,.F.);
#2057=ORIENTED_EDGE('',*,*,#3150,.T.);
#2058=ORIENTED_EDGE('',*,*,#3149,.T.);
#2059=ORIENTED_EDGE('',*,*,#3158,.F.);
#2060=ORIENTED_EDGE('',*,*,#3155,.T.);
#2061=ORIENTED_EDGE('',*,*,#3151,.T.);
#2062=ORIENTED_EDGE('',*,*,#3159,.F.);
#2063=ORIENTED_EDGE('',*,*,#3156,.T.);
#2064=ORIENTED_EDGE('',*,*,#3018,.F.);
#2065=ORIENTED_EDGE('',*,*,#3160,.F.);
#2066=ORIENTED_EDGE('',*,*,#3014,.F.);
#2067=ORIENTED_EDGE('',*,*,#3157,.T.);
#2068=ORIENTED_EDGE('',*,*,#3015,.F.);
#2069=ORIENTED_EDGE('',*,*,#3161,.F.);
#2070=ORIENTED_EDGE('',*,*,#2875,.F.);
#2071=ORIENTED_EDGE('',*,*,#3158,.T.);
#2072=ORIENTED_EDGE('',*,*,#2860,.F.);
#2073=ORIENTED_EDGE('',*,*,#3162,.F.);
#2074=ORIENTED_EDGE('',*,*,#3021,.F.);
#2075=ORIENTED_EDGE('',*,*,#3159,.T.);
#2076=ORIENTED_EDGE('',*,*,#3022,.F.);
#2077=ORIENTED_EDGE('',*,*,#3163,.F.);
#2078=ORIENTED_EDGE('',*,*,#3020,.F.);
#2079=ORIENTED_EDGE('',*,*,#3161,.T.);
#2080=ORIENTED_EDGE('',*,*,#3160,.T.);
#2081=ORIENTED_EDGE('',*,*,#3164,.F.);
#2082=ORIENTED_EDGE('',*,*,#3163,.T.);
#2083=ORIENTED_EDGE('',*,*,#3162,.T.);
#2084=ORIENTED_EDGE('',*,*,#3165,.F.);
#2085=ORIENTED_EDGE('',*,*,#3164,.T.);
#2086=ORIENTED_EDGE('',*,*,#3017,.F.);
#2087=ORIENTED_EDGE('',*,*,#3165,.T.);
#2088=ORIENTED_EDGE('',*,*,#2859,.F.);
#2089=ORIENTED_EDGE('',*,*,#3166,.T.);
#2090=ORIENTED_EDGE('',*,*,#3167,.T.);
#2091=ORIENTED_EDGE('',*,*,#3168,.T.);
#2092=ORIENTED_EDGE('',*,*,#3169,.F.);
#2093=ORIENTED_EDGE('',*,*,#3170,.F.);
#2094=ORIENTED_EDGE('',*,*,#3171,.T.);
#2095=ORIENTED_EDGE('',*,*,#3172,.T.);
#2096=ORIENTED_EDGE('',*,*,#3173,.T.);
#2097=ORIENTED_EDGE('',*,*,#3169,.T.);
#2098=ORIENTED_EDGE('',*,*,#3174,.T.);
#2099=ORIENTED_EDGE('',*,*,#3175,.T.);
#2100=ORIENTED_EDGE('',*,*,#3176,.T.);
#2101=ORIENTED_EDGE('',*,*,#3170,.T.);
#2102=ORIENTED_EDGE('',*,*,#3177,.F.);
#2103=ORIENTED_EDGE('',*,*,#3178,.T.);
#2104=ORIENTED_EDGE('',*,*,#3179,.F.);
#2105=ORIENTED_EDGE('',*,*,#3180,.T.);
#2106=ORIENTED_EDGE('',*,*,#3181,.F.);
#2107=ORIENTED_EDGE('',*,*,#3182,.T.);
#2108=ORIENTED_EDGE('',*,*,#3179,.T.);
#2109=ORIENTED_EDGE('',*,*,#3183,.T.);
#2110=ORIENTED_EDGE('',*,*,#3184,.F.);
#2111=ORIENTED_EDGE('',*,*,#3177,.T.);
#2112=ORIENTED_EDGE('',*,*,#3185,.F.);
#2113=ORIENTED_EDGE('',*,*,#3186,.F.);
#2114=ORIENTED_EDGE('',*,*,#3181,.T.);
#2115=ORIENTED_EDGE('',*,*,#3187,.F.);
#2116=ORIENTED_EDGE('',*,*,#3188,.T.);
#2117=ORIENTED_EDGE('',*,*,#3184,.T.);
#2118=ORIENTED_EDGE('',*,*,#3189,.T.);
#2119=ORIENTED_EDGE('',*,*,#3166,.F.);
#2120=ORIENTED_EDGE('',*,*,#3190,.F.);
#2121=ORIENTED_EDGE('',*,*,#3191,.F.);
#2122=ORIENTED_EDGE('',*,*,#3192,.F.);
#2123=ORIENTED_EDGE('',*,*,#3193,.T.);
#2124=ORIENTED_EDGE('',*,*,#3194,.F.);
#2125=ORIENTED_EDGE('',*,*,#3195,.T.);
#2126=ORIENTED_EDGE('',*,*,#3185,.T.);
#2127=ORIENTED_EDGE('',*,*,#3196,.T.);
#2128=ORIENTED_EDGE('',*,*,#3197,.F.);
#2129=ORIENTED_EDGE('',*,*,#3198,.T.);
#2130=ORIENTED_EDGE('',*,*,#3186,.T.);
#2131=ORIENTED_EDGE('',*,*,#3199,.T.);
#2132=ORIENTED_EDGE('',*,*,#3200,.T.);
#2133=ORIENTED_EDGE('',*,*,#3201,.T.);
#2134=ORIENTED_EDGE('',*,*,#3202,.T.);
#2135=ORIENTED_EDGE('',*,*,#3187,.T.);
#2136=ORIENTED_EDGE('',*,*,#3203,.F.);
#2137=ORIENTED_EDGE('',*,*,#3194,.T.);
#2138=ORIENTED_EDGE('',*,*,#3204,.F.);
#2139=ORIENTED_EDGE('',*,*,#3205,.F.);
#2140=ORIENTED_EDGE('',*,*,#3206,.F.);
#2141=ORIENTED_EDGE('',*,*,#3207,.T.);
#2142=ORIENTED_EDGE('',*,*,#3192,.T.);
#2143=ORIENTED_EDGE('',*,*,#3208,.F.);
#2144=ORIENTED_EDGE('',*,*,#3208,.T.);
#2145=ORIENTED_EDGE('',*,*,#3191,.T.);
#2146=ORIENTED_EDGE('',*,*,#3209,.F.);
#2147=ORIENTED_EDGE('',*,*,#3210,.T.);
#2148=ORIENTED_EDGE('',*,*,#3209,.T.);
#2149=ORIENTED_EDGE('',*,*,#3190,.T.);
#2150=ORIENTED_EDGE('',*,*,#3211,.T.);
#2151=ORIENTED_EDGE('',*,*,#3197,.T.);
#2152=ORIENTED_EDGE('',*,*,#3212,.F.);
#2153=ORIENTED_EDGE('',*,*,#3213,.T.);
#2154=ORIENTED_EDGE('',*,*,#3203,.T.);
#2155=ORIENTED_EDGE('',*,*,#3214,.T.);
#2156=ORIENTED_EDGE('',*,*,#3176,.F.);
#2157=ORIENTED_EDGE('',*,*,#3215,.F.);
#2158=ORIENTED_EDGE('',*,*,#3216,.T.);
#2159=ORIENTED_EDGE('',*,*,#3204,.T.);
#2160=ORIENTED_EDGE('',*,*,#3217,.T.);
#2161=ORIENTED_EDGE('',*,*,#3218,.F.);
#2162=ORIENTED_EDGE('',*,*,#3219,.T.);
#2163=ORIENTED_EDGE('',*,*,#3206,.T.);
#2164=ORIENTED_EDGE('',*,*,#3220,.T.);
#2165=ORIENTED_EDGE('',*,*,#3221,.T.);
#2166=ORIENTED_EDGE('',*,*,#3222,.T.);
#2167=ORIENTED_EDGE('',*,*,#3223,.T.);
#2168=ORIENTED_EDGE('',*,*,#3205,.T.);
#2169=ORIENTED_EDGE('',*,*,#3224,.T.);
#2170=ORIENTED_EDGE('',*,*,#3225,.T.);
#2171=ORIENTED_EDGE('',*,*,#3226,.T.);
#2172=ORIENTED_EDGE('',*,*,#3212,.T.);
#2173=ORIENTED_EDGE('',*,*,#3227,.F.);
#2174=ORIENTED_EDGE('',*,*,#3228,.T.);
#2175=ORIENTED_EDGE('',*,*,#3215,.T.);
#2176=ORIENTED_EDGE('',*,*,#3229,.T.);
#2177=ORIENTED_EDGE('',*,*,#3218,.T.);
#2178=ORIENTED_EDGE('',*,*,#3230,.F.);
#2179=ORIENTED_EDGE('',*,*,#3227,.T.);
#2180=ORIENTED_EDGE('',*,*,#3231,.T.);
#2181=ORIENTED_EDGE('',*,*,#3232,.T.);
#2182=ORIENTED_EDGE('',*,*,#3233,.T.);
#2183=ORIENTED_EDGE('',*,*,#3230,.T.);
#2184=ORIENTED_EDGE('',*,*,#3168,.F.);
#2185=ORIENTED_EDGE('',*,*,#3234,.T.);
#2186=ORIENTED_EDGE('',*,*,#3174,.F.);
#2187=ORIENTED_EDGE('',*,*,#3235,.F.);
#2188=ORIENTED_EDGE('',*,*,#3236,.F.);
#2189=ORIENTED_EDGE('',*,*,#3237,.F.);
#2190=ORIENTED_EDGE('',*,*,#3238,.F.);
#2191=ORIENTED_EDGE('',*,*,#3239,.F.);
#2192=ORIENTED_EDGE('',*,*,#3240,.F.);
#2193=ORIENTED_EDGE('',*,*,#3241,.F.);
#2194=ORIENTED_EDGE('',*,*,#3242,.F.);
#2195=ORIENTED_EDGE('',*,*,#3243,.T.);
#2196=ORIENTED_EDGE('',*,*,#3244,.T.);
#2197=ORIENTED_EDGE('',*,*,#3245,.T.);
#2198=ORIENTED_EDGE('',*,*,#3246,.T.);
#2199=ORIENTED_EDGE('',*,*,#3247,.T.);
#2200=ORIENTED_EDGE('',*,*,#3248,.T.);
#2201=ORIENTED_EDGE('',*,*,#3249,.T.);
#2202=ORIENTED_EDGE('',*,*,#3250,.T.);
#2203=ORIENTED_EDGE('',*,*,#3249,.F.);
#2204=ORIENTED_EDGE('',*,*,#3251,.T.);
#2205=ORIENTED_EDGE('',*,*,#3251,.F.);
#2206=ORIENTED_EDGE('',*,*,#3252,.T.);
#2207=ORIENTED_EDGE('',*,*,#3247,.F.);
#2208=ORIENTED_EDGE('',*,*,#3253,.T.);
#2209=ORIENTED_EDGE('',*,*,#3253,.F.);
#2210=ORIENTED_EDGE('',*,*,#3254,.T.);
#2211=ORIENTED_EDGE('',*,*,#3245,.F.);
#2212=ORIENTED_EDGE('',*,*,#3255,.T.);
#2213=ORIENTED_EDGE('',*,*,#3255,.F.);
#2214=ORIENTED_EDGE('',*,*,#3256,.T.);
#2215=ORIENTED_EDGE('',*,*,#3243,.F.);
#2216=ORIENTED_EDGE('',*,*,#3257,.T.);
#2217=ORIENTED_EDGE('',*,*,#3257,.F.);
#2218=ORIENTED_EDGE('',*,*,#3258,.T.);
#2219=ORIENTED_EDGE('',*,*,#3242,.T.);
#2220=ORIENTED_EDGE('',*,*,#3259,.F.);
#2221=ORIENTED_EDGE('',*,*,#3259,.T.);
#2222=ORIENTED_EDGE('',*,*,#3260,.F.);
#2223=ORIENTED_EDGE('',*,*,#3240,.T.);
#2224=ORIENTED_EDGE('',*,*,#3261,.F.);
#2225=ORIENTED_EDGE('',*,*,#3261,.T.);
#2226=ORIENTED_EDGE('',*,*,#3262,.F.);
#2227=ORIENTED_EDGE('',*,*,#3238,.T.);
#2228=ORIENTED_EDGE('',*,*,#3263,.F.);
#2229=ORIENTED_EDGE('',*,*,#3263,.T.);
#2230=ORIENTED_EDGE('',*,*,#3264,.F.);
#2231=ORIENTED_EDGE('',*,*,#3236,.T.);
#2232=ORIENTED_EDGE('',*,*,#3265,.F.);
#2233=ORIENTED_EDGE('',*,*,#3265,.T.);
#2234=ORIENTED_EDGE('',*,*,#3266,.F.);
#2235=ORIENTED_EDGE('',*,*,#3233,.F.);
#2236=ORIENTED_EDGE('',*,*,#3267,.T.);
#2237=ORIENTED_EDGE('',*,*,#3200,.F.);
#2238=ORIENTED_EDGE('',*,*,#3183,.F.);
#2239=ORIENTED_EDGE('',*,*,#3268,.F.);
#2240=ORIENTED_EDGE('',*,*,#3172,.F.);
#2241=ORIENTED_EDGE('',*,*,#3269,.T.);
#2242=ORIENTED_EDGE('',*,*,#3228,.F.);
#2243=ORIENTED_EDGE('',*,*,#3252,.F.);
#2244=ORIENTED_EDGE('',*,*,#3254,.F.);
#2245=ORIENTED_EDGE('',*,*,#3256,.F.);
#2246=ORIENTED_EDGE('',*,*,#3258,.F.);
#2247=ORIENTED_EDGE('',*,*,#3202,.F.);
#2248=ORIENTED_EDGE('',*,*,#3270,.T.);
#2249=ORIENTED_EDGE('',*,*,#3224,.F.);
#2250=ORIENTED_EDGE('',*,*,#3199,.F.);
#2251=ORIENTED_EDGE('',*,*,#3223,.F.);
#2252=ORIENTED_EDGE('',*,*,#3271,.T.);
#2253=ORIENTED_EDGE('',*,*,#3231,.F.);
#2254=ORIENTED_EDGE('',*,*,#3220,.F.);
#2255=ORIENTED_EDGE('',*,*,#3260,.T.);
#2256=ORIENTED_EDGE('',*,*,#3262,.T.);
#2257=ORIENTED_EDGE('',*,*,#3264,.T.);
#2258=ORIENTED_EDGE('',*,*,#3266,.T.);
#2259=ORIENTED_EDGE('',*,*,#3272,.T.);
#2260=ORIENTED_EDGE('',*,*,#3273,.T.);
#2261=ORIENTED_EDGE('',*,*,#3274,.T.);
#2262=ORIENTED_EDGE('',*,*,#3189,.F.);
#2263=ORIENTED_EDGE('',*,*,#3195,.F.);
#2264=ORIENTED_EDGE('',*,*,#3213,.F.);
#2265=ORIENTED_EDGE('',*,*,#3275,.T.);
#2266=ORIENTED_EDGE('',*,*,#3182,.F.);
#2267=ORIENTED_EDGE('',*,*,#3198,.F.);
#2268=ORIENTED_EDGE('',*,*,#3211,.F.);
#2269=ORIENTED_EDGE('',*,*,#3196,.F.);
#2270=ORIENTED_EDGE('',*,*,#3180,.F.);
#2271=ORIENTED_EDGE('',*,*,#3226,.F.);
#2272=ORIENTED_EDGE('',*,*,#3276,.T.);
#2273=ORIENTED_EDGE('',*,*,#3221,.F.);
#2274=ORIENTED_EDGE('',*,*,#3210,.F.);
#2275=ORIENTED_EDGE('',*,*,#3241,.T.);
#2276=ORIENTED_EDGE('',*,*,#3239,.T.);
#2277=ORIENTED_EDGE('',*,*,#3237,.T.);
#2278=ORIENTED_EDGE('',*,*,#3235,.T.);
#2279=ORIENTED_EDGE('',*,*,#3214,.F.);
#2280=ORIENTED_EDGE('',*,*,#3216,.F.);
#2281=ORIENTED_EDGE('',*,*,#3269,.F.);
#2282=ORIENTED_EDGE('',*,*,#3171,.F.);
#2283=ORIENTED_EDGE('',*,*,#3244,.F.);
#2284=ORIENTED_EDGE('',*,*,#3246,.F.);
#2285=ORIENTED_EDGE('',*,*,#3248,.F.);
#2286=ORIENTED_EDGE('',*,*,#3250,.F.);
#2287=ORIENTED_EDGE('',*,*,#3268,.T.);
#2288=ORIENTED_EDGE('',*,*,#3178,.F.);
#2289=ORIENTED_EDGE('',*,*,#3188,.F.);
#2290=ORIENTED_EDGE('',*,*,#3173,.F.);
#2291=ORIENTED_EDGE('',*,*,#3193,.F.);
#2292=ORIENTED_EDGE('',*,*,#3207,.F.);
#2293=ORIENTED_EDGE('',*,*,#3219,.F.);
#2294=ORIENTED_EDGE('',*,*,#3229,.F.);
#2295=ORIENTED_EDGE('',*,*,#3217,.F.);
#2296=ORIENTED_EDGE('',*,*,#3277,.T.);
#2297=ORIENTED_EDGE('',*,*,#3278,.T.);
#2298=ORIENTED_EDGE('',*,*,#3279,.T.);
#2299=ORIENTED_EDGE('',*,*,#3280,.T.);
#2300=ORIENTED_EDGE('',*,*,#3281,.T.);
#2301=ORIENTED_EDGE('',*,*,#3282,.T.);
#2302=ORIENTED_EDGE('',*,*,#3283,.T.);
#2303=ORIENTED_EDGE('',*,*,#3284,.T.);
#2304=ORIENTED_EDGE('',*,*,#3285,.T.);
#2305=ORIENTED_EDGE('',*,*,#3286,.T.);
#2306=ORIENTED_EDGE('',*,*,#3287,.T.);
#2307=ORIENTED_EDGE('',*,*,#3288,.T.);
#2308=ORIENTED_EDGE('',*,*,#3124,.T.);
#2309=ORIENTED_EDGE('',*,*,#3138,.T.);
#2310=ORIENTED_EDGE('',*,*,#3152,.T.);
#2311=ORIENTED_EDGE('',*,*,#3154,.T.);
#2312=ORIENTED_EDGE('',*,*,#3145,.T.);
#2313=ORIENTED_EDGE('',*,*,#3131,.T.);
#2314=ORIENTED_EDGE('',*,*,#3117,.T.);
#2315=ORIENTED_EDGE('',*,*,#3110,.F.);
#2316=ORIENTED_EDGE('',*,*,#3102,.T.);
#2317=ORIENTED_EDGE('',*,*,#3088,.T.);
#2318=ORIENTED_EDGE('',*,*,#3074,.T.);
#2319=ORIENTED_EDGE('',*,*,#3060,.T.);
#2320=ORIENTED_EDGE('',*,*,#3055,.T.);
#2321=ORIENTED_EDGE('',*,*,#3067,.T.);
#2322=ORIENTED_EDGE('',*,*,#3081,.T.);
#2323=ORIENTED_EDGE('',*,*,#3095,.T.);
#2324=ORIENTED_EDGE('',*,*,#3109,.T.);
#2325=ORIENTED_EDGE('',*,*,#3289,.T.);
#2326=ORIENTED_EDGE('',*,*,#2733,.T.);
#2327=ORIENTED_EDGE('',*,*,#3290,.T.);
#2328=ORIENTED_EDGE('',*,*,#3291,.T.);
#2329=ORIENTED_EDGE('',*,*,#3292,.T.);
#2330=ORIENTED_EDGE('',*,*,#3293,.F.);
#2331=ORIENTED_EDGE('',*,*,#3294,.F.);
#2332=ORIENTED_EDGE('',*,*,#3295,.T.);
#2333=ORIENTED_EDGE('',*,*,#3296,.T.);
#2334=ORIENTED_EDGE('',*,*,#3297,.T.);
#2335=ORIENTED_EDGE('',*,*,#3293,.T.);
#2336=ORIENTED_EDGE('',*,*,#3298,.T.);
#2337=ORIENTED_EDGE('',*,*,#3299,.T.);
#2338=ORIENTED_EDGE('',*,*,#3300,.T.);
#2339=ORIENTED_EDGE('',*,*,#3294,.T.);
#2340=ORIENTED_EDGE('',*,*,#3301,.F.);
#2341=ORIENTED_EDGE('',*,*,#3302,.T.);
#2342=ORIENTED_EDGE('',*,*,#3303,.F.);
#2343=ORIENTED_EDGE('',*,*,#3304,.T.);
#2344=ORIENTED_EDGE('',*,*,#3305,.F.);
#2345=ORIENTED_EDGE('',*,*,#3306,.T.);
#2346=ORIENTED_EDGE('',*,*,#3303,.T.);
#2347=ORIENTED_EDGE('',*,*,#3307,.T.);
#2348=ORIENTED_EDGE('',*,*,#3308,.F.);
#2349=ORIENTED_EDGE('',*,*,#3301,.T.);
#2350=ORIENTED_EDGE('',*,*,#3309,.F.);
#2351=ORIENTED_EDGE('',*,*,#3310,.F.);
#2352=ORIENTED_EDGE('',*,*,#3305,.T.);
#2353=ORIENTED_EDGE('',*,*,#3311,.F.);
#2354=ORIENTED_EDGE('',*,*,#3312,.T.);
#2355=ORIENTED_EDGE('',*,*,#3308,.T.);
#2356=ORIENTED_EDGE('',*,*,#3313,.T.);
#2357=ORIENTED_EDGE('',*,*,#3290,.F.);
#2358=ORIENTED_EDGE('',*,*,#3314,.F.);
#2359=ORIENTED_EDGE('',*,*,#3315,.F.);
#2360=ORIENTED_EDGE('',*,*,#3316,.F.);
#2361=ORIENTED_EDGE('',*,*,#3317,.T.);
#2362=ORIENTED_EDGE('',*,*,#3318,.F.);
#2363=ORIENTED_EDGE('',*,*,#3319,.T.);
#2364=ORIENTED_EDGE('',*,*,#3309,.T.);
#2365=ORIENTED_EDGE('',*,*,#3320,.T.);
#2366=ORIENTED_EDGE('',*,*,#3321,.F.);
#2367=ORIENTED_EDGE('',*,*,#3322,.T.);
#2368=ORIENTED_EDGE('',*,*,#3310,.T.);
#2369=ORIENTED_EDGE('',*,*,#3323,.T.);
#2370=ORIENTED_EDGE('',*,*,#3324,.T.);
#2371=ORIENTED_EDGE('',*,*,#3325,.T.);
#2372=ORIENTED_EDGE('',*,*,#3326,.T.);
#2373=ORIENTED_EDGE('',*,*,#3311,.T.);
#2374=ORIENTED_EDGE('',*,*,#3327,.F.);
#2375=ORIENTED_EDGE('',*,*,#3318,.T.);
#2376=ORIENTED_EDGE('',*,*,#3328,.F.);
#2377=ORIENTED_EDGE('',*,*,#3329,.F.);
#2378=ORIENTED_EDGE('',*,*,#3330,.F.);
#2379=ORIENTED_EDGE('',*,*,#3331,.T.);
#2380=ORIENTED_EDGE('',*,*,#3316,.T.);
#2381=ORIENTED_EDGE('',*,*,#3332,.F.);
#2382=ORIENTED_EDGE('',*,*,#3332,.T.);
#2383=ORIENTED_EDGE('',*,*,#3315,.T.);
#2384=ORIENTED_EDGE('',*,*,#3333,.F.);
#2385=ORIENTED_EDGE('',*,*,#3334,.T.);
#2386=ORIENTED_EDGE('',*,*,#3333,.T.);
#2387=ORIENTED_EDGE('',*,*,#3314,.T.);
#2388=ORIENTED_EDGE('',*,*,#3335,.T.);
#2389=ORIENTED_EDGE('',*,*,#3321,.T.);
#2390=ORIENTED_EDGE('',*,*,#3336,.F.);
#2391=ORIENTED_EDGE('',*,*,#3337,.T.);
#2392=ORIENTED_EDGE('',*,*,#3327,.T.);
#2393=ORIENTED_EDGE('',*,*,#3338,.T.);
#2394=ORIENTED_EDGE('',*,*,#3300,.F.);
#2395=ORIENTED_EDGE('',*,*,#3339,.F.);
#2396=ORIENTED_EDGE('',*,*,#3340,.T.);
#2397=ORIENTED_EDGE('',*,*,#3328,.T.);
#2398=ORIENTED_EDGE('',*,*,#3341,.T.);
#2399=ORIENTED_EDGE('',*,*,#3342,.F.);
#2400=ORIENTED_EDGE('',*,*,#3343,.T.);
#2401=ORIENTED_EDGE('',*,*,#3330,.T.);
#2402=ORIENTED_EDGE('',*,*,#3344,.T.);
#2403=ORIENTED_EDGE('',*,*,#3345,.T.);
#2404=ORIENTED_EDGE('',*,*,#3346,.T.);
#2405=ORIENTED_EDGE('',*,*,#3347,.T.);
#2406=ORIENTED_EDGE('',*,*,#3329,.T.);
#2407=ORIENTED_EDGE('',*,*,#3348,.T.);
#2408=ORIENTED_EDGE('',*,*,#3349,.T.);
#2409=ORIENTED_EDGE('',*,*,#3350,.T.);
#2410=ORIENTED_EDGE('',*,*,#3336,.T.);
#2411=ORIENTED_EDGE('',*,*,#3351,.F.);
#2412=ORIENTED_EDGE('',*,*,#3352,.T.);
#2413=ORIENTED_EDGE('',*,*,#3339,.T.);
#2414=ORIENTED_EDGE('',*,*,#3353,.T.);
#2415=ORIENTED_EDGE('',*,*,#3342,.T.);
#2416=ORIENTED_EDGE('',*,*,#3354,.F.);
#2417=ORIENTED_EDGE('',*,*,#3351,.T.);
#2418=ORIENTED_EDGE('',*,*,#3355,.T.);
#2419=ORIENTED_EDGE('',*,*,#3356,.T.);
#2420=ORIENTED_EDGE('',*,*,#3357,.T.);
#2421=ORIENTED_EDGE('',*,*,#3354,.T.);
#2422=ORIENTED_EDGE('',*,*,#3292,.F.);
#2423=ORIENTED_EDGE('',*,*,#3358,.T.);
#2424=ORIENTED_EDGE('',*,*,#3298,.F.);
#2425=ORIENTED_EDGE('',*,*,#3359,.F.);
#2426=ORIENTED_EDGE('',*,*,#3360,.F.);
#2427=ORIENTED_EDGE('',*,*,#3361,.F.);
#2428=ORIENTED_EDGE('',*,*,#3362,.F.);
#2429=ORIENTED_EDGE('',*,*,#3363,.F.);
#2430=ORIENTED_EDGE('',*,*,#3364,.F.);
#2431=ORIENTED_EDGE('',*,*,#3365,.F.);
#2432=ORIENTED_EDGE('',*,*,#3366,.F.);
#2433=ORIENTED_EDGE('',*,*,#3367,.T.);
#2434=ORIENTED_EDGE('',*,*,#3368,.T.);
#2435=ORIENTED_EDGE('',*,*,#3369,.T.);
#2436=ORIENTED_EDGE('',*,*,#3370,.T.);
#2437=ORIENTED_EDGE('',*,*,#3371,.T.);
#2438=ORIENTED_EDGE('',*,*,#3372,.T.);
#2439=ORIENTED_EDGE('',*,*,#3373,.T.);
#2440=ORIENTED_EDGE('',*,*,#3374,.T.);
#2441=ORIENTED_EDGE('',*,*,#3373,.F.);
#2442=ORIENTED_EDGE('',*,*,#3375,.T.);
#2443=ORIENTED_EDGE('',*,*,#3375,.F.);
#2444=ORIENTED_EDGE('',*,*,#3376,.T.);
#2445=ORIENTED_EDGE('',*,*,#3371,.F.);
#2446=ORIENTED_EDGE('',*,*,#3377,.T.);
#2447=ORIENTED_EDGE('',*,*,#3377,.F.);
#2448=ORIENTED_EDGE('',*,*,#3378,.T.);
#2449=ORIENTED_EDGE('',*,*,#3369,.F.);
#2450=ORIENTED_EDGE('',*,*,#3379,.T.);
#2451=ORIENTED_EDGE('',*,*,#3379,.F.);
#2452=ORIENTED_EDGE('',*,*,#3380,.T.);
#2453=ORIENTED_EDGE('',*,*,#3367,.F.);
#2454=ORIENTED_EDGE('',*,*,#3381,.T.);
#2455=ORIENTED_EDGE('',*,*,#3381,.F.);
#2456=ORIENTED_EDGE('',*,*,#3382,.T.);
#2457=ORIENTED_EDGE('',*,*,#3366,.T.);
#2458=ORIENTED_EDGE('',*,*,#3383,.F.);
#2459=ORIENTED_EDGE('',*,*,#3383,.T.);
#2460=ORIENTED_EDGE('',*,*,#3384,.F.);
#2461=ORIENTED_EDGE('',*,*,#3364,.T.);
#2462=ORIENTED_EDGE('',*,*,#3385,.F.);
#2463=ORIENTED_EDGE('',*,*,#3385,.T.);
#2464=ORIENTED_EDGE('',*,*,#3386,.F.);
#2465=ORIENTED_EDGE('',*,*,#3362,.T.);
#2466=ORIENTED_EDGE('',*,*,#3387,.F.);
#2467=ORIENTED_EDGE('',*,*,#3387,.T.);
#2468=ORIENTED_EDGE('',*,*,#3388,.F.);
#2469=ORIENTED_EDGE('',*,*,#3360,.T.);
#2470=ORIENTED_EDGE('',*,*,#3389,.F.);
#2471=ORIENTED_EDGE('',*,*,#3389,.T.);
#2472=ORIENTED_EDGE('',*,*,#3390,.F.);
#2473=ORIENTED_EDGE('',*,*,#3357,.F.);
#2474=ORIENTED_EDGE('',*,*,#3391,.T.);
#2475=ORIENTED_EDGE('',*,*,#3324,.F.);
#2476=ORIENTED_EDGE('',*,*,#3307,.F.);
#2477=ORIENTED_EDGE('',*,*,#3392,.F.);
#2478=ORIENTED_EDGE('',*,*,#3296,.F.);
#2479=ORIENTED_EDGE('',*,*,#3393,.T.);
#2480=ORIENTED_EDGE('',*,*,#3352,.F.);
#2481=ORIENTED_EDGE('',*,*,#3376,.F.);
#2482=ORIENTED_EDGE('',*,*,#3378,.F.);
#2483=ORIENTED_EDGE('',*,*,#3380,.F.);
#2484=ORIENTED_EDGE('',*,*,#3382,.F.);
#2485=ORIENTED_EDGE('',*,*,#3326,.F.);
#2486=ORIENTED_EDGE('',*,*,#3394,.T.);
#2487=ORIENTED_EDGE('',*,*,#3348,.F.);
#2488=ORIENTED_EDGE('',*,*,#3323,.F.);
#2489=ORIENTED_EDGE('',*,*,#3347,.F.);
#2490=ORIENTED_EDGE('',*,*,#3395,.T.);
#2491=ORIENTED_EDGE('',*,*,#3355,.F.);
#2492=ORIENTED_EDGE('',*,*,#3344,.F.);
#2493=ORIENTED_EDGE('',*,*,#3384,.T.);
#2494=ORIENTED_EDGE('',*,*,#3386,.T.);
#2495=ORIENTED_EDGE('',*,*,#3388,.T.);
#2496=ORIENTED_EDGE('',*,*,#3390,.T.);
#2497=ORIENTED_EDGE('',*,*,#3396,.T.);
#2498=ORIENTED_EDGE('',*,*,#3397,.T.);
#2499=ORIENTED_EDGE('',*,*,#3398,.T.);
#2500=ORIENTED_EDGE('',*,*,#3313,.F.);
#2501=ORIENTED_EDGE('',*,*,#3319,.F.);
#2502=ORIENTED_EDGE('',*,*,#3337,.F.);
#2503=ORIENTED_EDGE('',*,*,#3399,.T.);
#2504=ORIENTED_EDGE('',*,*,#3306,.F.);
#2505=ORIENTED_EDGE('',*,*,#3322,.F.);
#2506=ORIENTED_EDGE('',*,*,#3335,.F.);
#2507=ORIENTED_EDGE('',*,*,#3320,.F.);
#2508=ORIENTED_EDGE('',*,*,#3304,.F.);
#2509=ORIENTED_EDGE('',*,*,#3350,.F.);
#2510=ORIENTED_EDGE('',*,*,#3400,.T.);
#2511=ORIENTED_EDGE('',*,*,#3345,.F.);
#2512=ORIENTED_EDGE('',*,*,#3334,.F.);
#2513=ORIENTED_EDGE('',*,*,#3365,.T.);
#2514=ORIENTED_EDGE('',*,*,#3363,.T.);
#2515=ORIENTED_EDGE('',*,*,#3361,.T.);
#2516=ORIENTED_EDGE('',*,*,#3359,.T.);
#2517=ORIENTED_EDGE('',*,*,#3338,.F.);
#2518=ORIENTED_EDGE('',*,*,#3340,.F.);
#2519=ORIENTED_EDGE('',*,*,#3393,.F.);
#2520=ORIENTED_EDGE('',*,*,#3295,.F.);
#2521=ORIENTED_EDGE('',*,*,#3368,.F.);
#2522=ORIENTED_EDGE('',*,*,#3370,.F.);
#2523=ORIENTED_EDGE('',*,*,#3372,.F.);
#2524=ORIENTED_EDGE('',*,*,#3374,.F.);
#2525=ORIENTED_EDGE('',*,*,#3392,.T.);
#2526=ORIENTED_EDGE('',*,*,#3302,.F.);
#2527=ORIENTED_EDGE('',*,*,#3312,.F.);
#2528=ORIENTED_EDGE('',*,*,#3297,.F.);
#2529=ORIENTED_EDGE('',*,*,#3317,.F.);
#2530=ORIENTED_EDGE('',*,*,#3331,.F.);
#2531=ORIENTED_EDGE('',*,*,#3343,.F.);
#2532=ORIENTED_EDGE('',*,*,#3353,.F.);
#2533=ORIENTED_EDGE('',*,*,#3341,.F.);
#2534=ORIENTED_EDGE('',*,*,#3401,.T.);
#2535=ORIENTED_EDGE('',*,*,#3402,.F.);
#2536=ORIENTED_EDGE('',*,*,#3402,.T.);
#2537=ORIENTED_EDGE('',*,*,#3403,.F.);
#2538=ORIENTED_EDGE('',*,*,#3403,.T.);
#2539=ORIENTED_EDGE('',*,*,#2988,.T.);
#2540=ORIENTED_EDGE('',*,*,#3272,.F.);
#2541=ORIENTED_EDGE('',*,*,#2987,.F.);
#2542=ORIENTED_EDGE('',*,*,#3289,.F.);
#2543=ORIENTED_EDGE('',*,*,#2912,.F.);
#2544=ORIENTED_EDGE('',*,*,#3396,.F.);
#2545=ORIENTED_EDGE('',*,*,#2846,.F.);
#2546=ORIENTED_EDGE('',*,*,#3401,.F.);
#2547=ORIENTED_EDGE('',*,*,#2771,.F.);
#2548=ORIENTED_EDGE('',*,*,#3404,.F.);
#2549=ORIENTED_EDGE('',*,*,#2851,.F.);
#2550=ORIENTED_EDGE('',*,*,#3405,.F.);
#2551=ORIENTED_EDGE('',*,*,#3356,.F.);
#2552=ORIENTED_EDGE('',*,*,#3405,.T.);
#2553=ORIENTED_EDGE('',*,*,#2850,.F.);
#2554=ORIENTED_EDGE('',*,*,#3406,.F.);
#2555=ORIENTED_EDGE('',*,*,#3391,.F.);
#2556=ORIENTED_EDGE('',*,*,#3404,.T.);
#2557=ORIENTED_EDGE('',*,*,#3395,.F.);
#2558=ORIENTED_EDGE('',*,*,#3407,.F.);
#2559=ORIENTED_EDGE('',*,*,#2852,.F.);
#2560=ORIENTED_EDGE('',*,*,#3406,.T.);
#2561=ORIENTED_EDGE('',*,*,#2849,.F.);
#2562=ORIENTED_EDGE('',*,*,#3408,.F.);
#2563=ORIENTED_EDGE('',*,*,#3325,.F.);
#2564=ORIENTED_EDGE('',*,*,#3407,.T.);
#2565=ORIENTED_EDGE('',*,*,#3346,.F.);
#2566=ORIENTED_EDGE('',*,*,#3409,.F.);
#2567=ORIENTED_EDGE('',*,*,#3408,.T.);
#2568=ORIENTED_EDGE('',*,*,#2848,.F.);
#2569=ORIENTED_EDGE('',*,*,#3410,.F.);
#2570=ORIENTED_EDGE('',*,*,#3394,.F.);
#2571=ORIENTED_EDGE('',*,*,#3409,.T.);
#2572=ORIENTED_EDGE('',*,*,#3400,.F.);
#2573=ORIENTED_EDGE('',*,*,#3411,.F.);
#2574=ORIENTED_EDGE('',*,*,#2847,.F.);
#2575=ORIENTED_EDGE('',*,*,#3349,.F.);
#2576=ORIENTED_EDGE('',*,*,#3410,.T.);
#2577=ORIENTED_EDGE('',*,*,#3411,.T.);
#2578=ORIENTED_EDGE('',*,*,#3412,.F.);
#2579=ORIENTED_EDGE('',*,*,#2813,.F.);
#2580=ORIENTED_EDGE('',*,*,#3413,.F.);
#2581=ORIENTED_EDGE('',*,*,#2857,.F.);
#2582=ORIENTED_EDGE('',*,*,#3413,.T.);
#2583=ORIENTED_EDGE('',*,*,#2781,.F.);
#2584=ORIENTED_EDGE('',*,*,#3414,.F.);
#2585=ORIENTED_EDGE('',*,*,#2858,.F.);
#2586=ORIENTED_EDGE('',*,*,#3412,.T.);
#2587=ORIENTED_EDGE('',*,*,#2856,.F.);
#2588=ORIENTED_EDGE('',*,*,#3415,.F.);
#2589=ORIENTED_EDGE('',*,*,#2773,.F.);
#2590=ORIENTED_EDGE('',*,*,#3414,.T.);
#2591=ORIENTED_EDGE('',*,*,#2833,.F.);
#2592=ORIENTED_EDGE('',*,*,#3416,.F.);
#2593=ORIENTED_EDGE('',*,*,#2853,.F.);
#2594=ORIENTED_EDGE('',*,*,#2820,.F.);
#2595=ORIENTED_EDGE('',*,*,#3415,.T.);
#2596=ORIENTED_EDGE('',*,*,#3417,.F.);
#2597=ORIENTED_EDGE('',*,*,#3416,.T.);
#2598=ORIENTED_EDGE('',*,*,#2791,.F.);
#2599=ORIENTED_EDGE('',*,*,#3418,.F.);
#2600=ORIENTED_EDGE('',*,*,#2854,.F.);
#2601=ORIENTED_EDGE('',*,*,#3417,.T.);
#2602=ORIENTED_EDGE('',*,*,#2855,.F.);
#2603=ORIENTED_EDGE('',*,*,#3419,.F.);
#2604=ORIENTED_EDGE('',*,*,#2757,.F.);
#2605=ORIENTED_EDGE('',*,*,#3418,.T.);
#2606=ORIENTED_EDGE('',*,*,#2818,.F.);
#2607=ORIENTED_EDGE('',*,*,#3419,.T.);
#2608=ORIENTED_EDGE('',*,*,#3420,.F.);
#2609=ORIENTED_EDGE('',*,*,#3281,.F.);
#2610=ORIENTED_EDGE('',*,*,#3421,.F.);
#2611=ORIENTED_EDGE('',*,*,#3232,.F.);
#2612=ORIENTED_EDGE('',*,*,#3421,.T.);
#2613=ORIENTED_EDGE('',*,*,#3280,.F.);
#2614=ORIENTED_EDGE('',*,*,#3422,.F.);
#2615=ORIENTED_EDGE('',*,*,#3267,.F.);
#2616=ORIENTED_EDGE('',*,*,#3420,.T.);
#2617=ORIENTED_EDGE('',*,*,#3271,.F.);
#2618=ORIENTED_EDGE('',*,*,#3423,.F.);
#2619=ORIENTED_EDGE('',*,*,#3282,.F.);
#2620=ORIENTED_EDGE('',*,*,#3422,.T.);
#2621=ORIENTED_EDGE('',*,*,#3279,.F.);
#2622=ORIENTED_EDGE('',*,*,#3424,.F.);
#2623=ORIENTED_EDGE('',*,*,#3201,.F.);
#2624=ORIENTED_EDGE('',*,*,#3423,.T.);
#2625=ORIENTED_EDGE('',*,*,#3222,.F.);
#2626=ORIENTED_EDGE('',*,*,#3425,.F.);
#2627=ORIENTED_EDGE('',*,*,#3424,.T.);
#2628=ORIENTED_EDGE('',*,*,#3278,.F.);
#2629=ORIENTED_EDGE('',*,*,#3426,.F.);
#2630=ORIENTED_EDGE('',*,*,#3270,.F.);
#2631=ORIENTED_EDGE('',*,*,#3425,.T.);
#2632=ORIENTED_EDGE('',*,*,#3276,.F.);
#2633=ORIENTED_EDGE('',*,*,#3427,.F.);
#2634=ORIENTED_EDGE('',*,*,#3277,.F.);
#2635=ORIENTED_EDGE('',*,*,#3225,.F.);
#2636=ORIENTED_EDGE('',*,*,#3426,.T.);
#2637=ORIENTED_EDGE('',*,*,#3427,.T.);
#2638=ORIENTED_EDGE('',*,*,#3428,.F.);
#2639=ORIENTED_EDGE('',*,*,#2954,.F.);
#2640=ORIENTED_EDGE('',*,*,#3429,.F.);
#2641=ORIENTED_EDGE('',*,*,#3287,.F.);
#2642=ORIENTED_EDGE('',*,*,#3429,.T.);
#2643=ORIENTED_EDGE('',*,*,#2930,.F.);
#2644=ORIENTED_EDGE('',*,*,#3430,.F.);
#2645=ORIENTED_EDGE('',*,*,#3288,.F.);
#2646=ORIENTED_EDGE('',*,*,#3428,.T.);
#2647=ORIENTED_EDGE('',*,*,#3286,.F.);
#2648=ORIENTED_EDGE('',*,*,#3431,.F.);
#2649=ORIENTED_EDGE('',*,*,#2914,.F.);
#2650=ORIENTED_EDGE('',*,*,#3430,.T.);
#2651=ORIENTED_EDGE('',*,*,#2974,.F.);
#2652=ORIENTED_EDGE('',*,*,#3432,.F.);
#2653=ORIENTED_EDGE('',*,*,#3283,.F.);
#2654=ORIENTED_EDGE('',*,*,#2961,.F.);
#2655=ORIENTED_EDGE('',*,*,#3431,.T.);
#2656=ORIENTED_EDGE('',*,*,#3433,.F.);
#2657=ORIENTED_EDGE('',*,*,#3432,.T.);
#2658=ORIENTED_EDGE('',*,*,#2926,.F.);
#2659=ORIENTED_EDGE('',*,*,#3434,.F.);
#2660=ORIENTED_EDGE('',*,*,#3284,.F.);
#2661=ORIENTED_EDGE('',*,*,#3433,.T.);
#2662=ORIENTED_EDGE('',*,*,#3285,.F.);
#2663=ORIENTED_EDGE('',*,*,#3435,.F.);
#2664=ORIENTED_EDGE('',*,*,#2898,.F.);
#2665=ORIENTED_EDGE('',*,*,#3434,.T.);
#2666=ORIENTED_EDGE('',*,*,#2959,.F.);
#2667=ORIENTED_EDGE('',*,*,#3435,.T.);
#2668=ORIENTED_EDGE('',*,*,#2842,.F.);
#2669=ORIENTED_EDGE('',*,*,#2768,.F.);
#2670=ORIENTED_EDGE('',*,*,#3436,.F.);
#2671=ORIENTED_EDGE('',*,*,#3436,.T.);
#2672=ORIENTED_EDGE('',*,*,#2767,.F.);
#2673=ORIENTED_EDGE('',*,*,#3437,.F.);
#2674=ORIENTED_EDGE('',*,*,#2811,.F.);
#2675=ORIENTED_EDGE('',*,*,#2766,.F.);
#2676=ORIENTED_EDGE('',*,*,#2845,.F.);
#2677=ORIENTED_EDGE('',*,*,#3437,.T.);
#2678=ORIENTED_EDGE('',*,*,#3399,.F.);
#2679=ORIENTED_EDGE('',*,*,#3299,.F.);
#2680=ORIENTED_EDGE('',*,*,#3438,.F.);
#2681=ORIENTED_EDGE('',*,*,#3438,.T.);
#2682=ORIENTED_EDGE('',*,*,#3358,.F.);
#2683=ORIENTED_EDGE('',*,*,#3439,.F.);
#2684=ORIENTED_EDGE('',*,*,#3397,.F.);
#2685=ORIENTED_EDGE('',*,*,#3291,.F.);
#2686=ORIENTED_EDGE('',*,*,#3398,.F.);
#2687=ORIENTED_EDGE('',*,*,#3439,.T.);
#2688=ORIENTED_EDGE('',*,*,#2983,.F.);
#2689=ORIENTED_EDGE('',*,*,#2909,.F.);
#2690=ORIENTED_EDGE('',*,*,#3440,.F.);
#2691=ORIENTED_EDGE('',*,*,#3440,.T.);
#2692=ORIENTED_EDGE('',*,*,#2908,.F.);
#2693=ORIENTED_EDGE('',*,*,#3441,.F.);
#2694=ORIENTED_EDGE('',*,*,#2952,.F.);
#2695=ORIENTED_EDGE('',*,*,#2907,.F.);
#2696=ORIENTED_EDGE('',*,*,#2986,.F.);
#2697=ORIENTED_EDGE('',*,*,#3441,.T.);
#2698=ORIENTED_EDGE('',*,*,#3275,.F.);
#2699=ORIENTED_EDGE('',*,*,#3175,.F.);
#2700=ORIENTED_EDGE('',*,*,#3442,.F.);
#2701=ORIENTED_EDGE('',*,*,#3442,.T.);
#2702=ORIENTED_EDGE('',*,*,#3234,.F.);
#2703=ORIENTED_EDGE('',*,*,#3443,.F.);
#2704=ORIENTED_EDGE('',*,*,#3273,.F.);
#2705=ORIENTED_EDGE('',*,*,#3167,.F.);
#2706=ORIENTED_EDGE('',*,*,#3274,.F.);
#2707=ORIENTED_EDGE('',*,*,#3443,.T.);
#2708=ORIENTED_EDGE('',*,*,#3444,.T.);
#2709=ORIENTED_EDGE('',*,*,#3445,.F.);
#2710=ORIENTED_EDGE('',*,*,#3446,.F.);
#2711=ORIENTED_EDGE('',*,*,#3447,.T.);
#2712=ORIENTED_EDGE('',*,*,#3445,.T.);
#2713=ORIENTED_EDGE('',*,*,#3446,.T.);
#2714=ORIENTED_EDGE('',*,*,#3447,.F.);
#2715=ORIENTED_EDGE('',*,*,#3444,.F.);
#2716=ORIENTED_EDGE('',*,*,#3448,.F.);
#2717=ORIENTED_EDGE('',*,*,#3449,.T.);
#2718=ORIENTED_EDGE('',*,*,#3450,.T.);
#2719=ORIENTED_EDGE('',*,*,#3451,.F.);
#2720=ORIENTED_EDGE('',*,*,#3451,.T.);
#2721=ORIENTED_EDGE('',*,*,#3448,.T.);
#2722=ORIENTED_EDGE('',*,*,#3449,.F.);
#2723=ORIENTED_EDGE('',*,*,#3450,.F.);
#2724=EDGE_CURVE('',#3452,#3452,#3912,.F.);
#2725=EDGE_CURVE('',#3453,#3453,#3913,.F.);
#2726=EDGE_CURVE('',#3454,#3454,#948,.T.);
#2727=EDGE_CURVE('',#3455,#3455,#949,.T.);
#2728=EDGE_CURVE('',#3456,#3456,#950,.T.);
#2729=EDGE_CURVE('',#3457,#3457,#951,.T.);
#2730=EDGE_CURVE('',#3458,#3458,#3914,.F.);
#2731=EDGE_CURVE('',#3459,#3459,#3915,.F.);
#2732=EDGE_CURVE('',#3460,#3460,#3916,.T.);
#2733=EDGE_CURVE('',#3461,#3461,#3917,.F.);
#2734=EDGE_CURVE('',#3462,#3462,#3918,.T.);
#2735=EDGE_CURVE('',#3463,#3464,#952,.F.);
#2736=EDGE_CURVE('',#3464,#3465,#110,.T.);
#2737=EDGE_CURVE('',#3465,#3466,#111,.T.);
#2738=EDGE_CURVE('',#3466,#3467,#112,.F.);
#2739=EDGE_CURVE('',#3467,#3463,#953,.F.);
#2740=EDGE_CURVE('',#3468,#3468,#954,.T.);
#2741=EDGE_CURVE('',#3469,#3469,#955,.T.);
#2742=EDGE_CURVE('',#3470,#3470,#956,.T.);
#2743=EDGE_CURVE('',#3471,#3471,#957,.T.);
#2744=EDGE_CURVE('',#3472,#3473,#113,.T.);
#2745=EDGE_CURVE('',#3472,#3474,#114,.F.);
#2746=EDGE_CURVE('',#3474,#3475,#115,.T.);
#2747=EDGE_CURVE('',#3475,#3473,#116,.T.);
#2748=EDGE_CURVE('',#3476,#3476,#958,.T.);
#2749=EDGE_CURVE('',#3477,#3477,#959,.T.);
#2750=EDGE_CURVE('',#3478,#3478,#960,.T.);
#2751=EDGE_CURVE('',#3479,#3479,#961,.T.);
#2752=EDGE_CURVE('',#3480,#3481,#117,.T.);
#2753=EDGE_CURVE('',#3481,#3482,#118,.T.);
#2754=EDGE_CURVE('',#3482,#3483,#119,.T.);
#2755=EDGE_CURVE('',#3483,#3480,#120,.F.);
#2756=EDGE_CURVE('',#3484,#3485,#121,.F.);
#2757=EDGE_CURVE('',#3485,#3486,#3919,.F.);
#2758=EDGE_CURVE('',#3486,#3487,#122,.T.);
#2759=EDGE_CURVE('',#3487,#3484,#962,.F.);
#2760=EDGE_CURVE('',#3488,#3489,#123,.T.);
#2761=EDGE_CURVE('',#3489,#3490,#124,.F.);
#2762=EDGE_CURVE('',#3490,#3491,#963,.F.);
#2763=EDGE_CURVE('',#3491,#3492,#964,.F.);
#2764=EDGE_CURVE('',#3492,#3488,#125,.T.);
#2765=EDGE_CURVE('',#3493,#3494,#126,.F.);
#2766=EDGE_CURVE('',#3494,#3495,#86,.F.);
#2767=EDGE_CURVE('',#3495,#3496,#965,.T.);
#2768=EDGE_CURVE('',#3496,#3497,#87,.T.);
#2769=EDGE_CURVE('',#3497,#3498,#127,.T.);
#2770=EDGE_CURVE('',#3498,#3493,#966,.T.);
#2771=EDGE_CURVE('',#3499,#3499,#3920,.T.);
#2772=EDGE_CURVE('',#3500,#3501,#128,.F.);
#2773=EDGE_CURVE('',#3501,#3502,#129,.T.);
#2774=EDGE_CURVE('',#3502,#3503,#130,.T.);
#2775=EDGE_CURVE('',#3503,#3500,#131,.T.);
#2776=EDGE_CURVE('',#3504,#3504,#967,.T.);
#2777=EDGE_CURVE('',#3505,#3505,#968,.T.);
#2778=EDGE_CURVE('',#3506,#3506,#969,.T.);
#2779=EDGE_CURVE('',#3507,#3507,#970,.T.);
#2780=EDGE_CURVE('',#3508,#3509,#132,.F.);
#2781=EDGE_CURVE('',#3509,#3510,#133,.F.);
#2782=EDGE_CURVE('',#3510,#3511,#134,.T.);
#2783=EDGE_CURVE('',#3511,#3483,#135,.F.);
#2784=EDGE_CURVE('',#3482,#3472,#971,.F.);
#2785=EDGE_CURVE('',#3473,#3508,#136,.F.);
#2786=EDGE_CURVE('',#3512,#3512,#972,.T.);
#2787=EDGE_CURVE('',#3513,#3513,#973,.T.);
#2788=EDGE_CURVE('',#3514,#3514,#974,.T.);
#2789=EDGE_CURVE('',#3515,#3515,#975,.T.);
#2790=EDGE_CURVE('',#3516,#3517,#137,.T.);
#2791=EDGE_CURVE('',#3517,#3518,#138,.F.);
#2792=EDGE_CURVE('',#3518,#3519,#139,.T.);
#2793=EDGE_CURVE('',#3519,#3516,#140,.F.);
#2794=EDGE_CURVE('',#3520,#3520,#976,.T.);
#2795=EDGE_CURVE('',#3521,#3521,#977,.T.);
#2796=EDGE_CURVE('',#3522,#3522,#978,.T.);
#2797=EDGE_CURVE('',#3523,#3523,#979,.T.);
#2798=EDGE_CURVE('',#3524,#3524,#980,.T.);
#2799=EDGE_CURVE('',#3525,#3525,#981,.T.);
#2800=EDGE_CURVE('',#3526,#3526,#982,.T.);
#2801=EDGE_CURVE('',#3527,#3527,#983,.T.);
#2802=EDGE_CURVE('',#3528,#3528,#984,.T.);
#2803=EDGE_CURVE('',#3529,#3529,#985,.T.);
#2804=EDGE_CURVE('',#3530,#3530,#986,.T.);
#2805=EDGE_CURVE('',#3531,#3531,#987,.T.);
#2806=EDGE_CURVE('',#3532,#3532,#988,.T.);
#2807=EDGE_CURVE('',#3533,#3533,#989,.T.);
#2808=EDGE_CURVE('',#3534,#3534,#990,.T.);
#2809=EDGE_CURVE('',#3535,#3535,#991,.T.);
#2810=EDGE_CURVE('',#3536,#3537,#992,.F.);
#2811=EDGE_CURVE('',#3537,#3538,#993,.F.);
#2812=EDGE_CURVE('',#3538,#3536,#994,.F.);
#2813=EDGE_CURVE('',#3510,#3501,#3921,.F.);
#2814=EDGE_CURVE('',#3511,#3500,#995,.T.);
#2815=EDGE_CURVE('',#3466,#3500,#996,.F.);
#2816=EDGE_CURVE('',#3511,#3466,#997,.F.);
#2817=EDGE_CURVE('',#3483,#3465,#3922,.F.);
#2818=EDGE_CURVE('',#3486,#3517,#998,.F.);
#2819=EDGE_CURVE('',#3487,#3516,#999,.F.);
#2820=EDGE_CURVE('',#3502,#3485,#1000,.F.);
#2821=EDGE_CURVE('',#3503,#3484,#1001,.F.);
#2822=EDGE_CURVE('',#3467,#3503,#1002,.T.);
#2823=EDGE_CURVE('',#3480,#3464,#1003,.T.);
#2824=EDGE_CURVE('',#3497,#3481,#1004,.T.);
#2825=EDGE_CURVE('',#3498,#3480,#1005,.T.);
#2826=EDGE_CURVE('',#3487,#3539,#1006,.F.);
#2827=EDGE_CURVE('',#3492,#3516,#1007,.F.);
#2828=EDGE_CURVE('',#3539,#3491,#88,.F.);
#2829=EDGE_CURVE('',#3484,#3540,#1008,.T.);
#2830=EDGE_CURVE('',#3540,#3539,#1009,.T.);
#2831=EDGE_CURVE('',#3463,#3540,#89,.T.);
#2832=EDGE_CURVE('',#3498,#3464,#1010,.F.);
#2833=EDGE_CURVE('',#3518,#3509,#3923,.F.);
#2834=EDGE_CURVE('',#3519,#3508,#1011,.T.);
#2835=EDGE_CURVE('',#3488,#3519,#1012,.T.);
#2836=EDGE_CURVE('',#3493,#3490,#1013,.T.);
#2837=EDGE_CURVE('',#3474,#3494,#1014,.T.);
#2838=EDGE_CURVE('',#3475,#3493,#1015,.T.);
#2839=EDGE_CURVE('',#3488,#3508,#1016,.F.);
#2840=EDGE_CURVE('',#3475,#3490,#1017,.F.);
#2841=EDGE_CURVE('',#3489,#3473,#3924,.T.);
#2842=EDGE_CURVE('',#3497,#3537,#90,.F.);
#2843=EDGE_CURVE('',#3481,#3536,#1018,.T.);
#2844=EDGE_CURVE('',#3474,#3536,#1019,.T.);
#2845=EDGE_CURVE('',#3538,#3494,#91,.T.);
#2846=EDGE_CURVE('',#3541,#3541,#3925,.T.);
#2847=EDGE_CURVE('',#3542,#3543,#3926,.F.);
#2848=EDGE_CURVE('',#3543,#3544,#141,.F.);
#2849=EDGE_CURVE('',#3544,#3545,#3927,.F.);
#2850=EDGE_CURVE('',#3545,#3546,#142,.F.);
#2851=EDGE_CURVE('',#3546,#3547,#3928,.F.);
#2852=EDGE_CURVE('',#3547,#3542,#143,.T.);
#2853=EDGE_CURVE('',#3548,#3549,#3929,.F.);
#2854=EDGE_CURVE('',#3549,#3550,#144,.T.);
#2855=EDGE_CURVE('',#3550,#3551,#3930,.F.);
#2856=EDGE_CURVE('',#3551,#3552,#145,.F.);
#2857=EDGE_CURVE('',#3552,#3553,#3931,.F.);
#2858=EDGE_CURVE('',#3553,#3548,#146,.T.);
#2859=EDGE_CURVE('',#3554,#3555,#147,.T.);
#2860=EDGE_CURVE('',#3555,#3556,#148,.T.);
#2861=EDGE_CURVE('',#3556,#3557,#149,.T.);
#2862=EDGE_CURVE('',#3557,#3558,#150,.T.);
#2863=EDGE_CURVE('',#3558,#3559,#151,.T.);
#2864=EDGE_CURVE('',#3559,#3560,#152,.T.);
#2865=EDGE_CURVE('',#3560,#3561,#153,.T.);
#2866=EDGE_CURVE('',#3561,#3562,#154,.T.);
#2867=EDGE_CURVE('',#3562,#3563,#155,.T.);
#2868=EDGE_CURVE('',#3563,#3564,#156,.T.);
#2869=EDGE_CURVE('',#3564,#3565,#157,.T.);
#2870=EDGE_CURVE('',#3565,#3566,#158,.T.);
#2871=EDGE_CURVE('',#3566,#3567,#159,.T.);
#2872=EDGE_CURVE('',#3568,#3567,#160,.T.);
#2873=EDGE_CURVE('',#3568,#3569,#161,.T.);
#2874=EDGE_CURVE('',#3569,#3570,#162,.T.);
#2875=EDGE_CURVE('',#3570,#3554,#163,.T.);
#2876=EDGE_CURVE('',#3571,#3572,#1020,.F.);
#2877=EDGE_CURVE('',#3572,#3573,#164,.T.);
#2878=EDGE_CURVE('',#3573,#3574,#165,.T.);
#2879=EDGE_CURVE('',#3574,#3575,#166,.F.);
#2880=EDGE_CURVE('',#3575,#3571,#1021,.F.);
#2881=EDGE_CURVE('',#3576,#3576,#1022,.T.);
#2882=EDGE_CURVE('',#3577,#3577,#1023,.T.);
#2883=EDGE_CURVE('',#3578,#3578,#1024,.T.);
#2884=EDGE_CURVE('',#3579,#3579,#1025,.T.);
#2885=EDGE_CURVE('',#3580,#3581,#167,.T.);
#2886=EDGE_CURVE('',#3580,#3582,#168,.F.);
#2887=EDGE_CURVE('',#3582,#3583,#169,.T.);
#2888=EDGE_CURVE('',#3583,#3581,#170,.T.);
#2889=EDGE_CURVE('',#3584,#3584,#1026,.T.);
#2890=EDGE_CURVE('',#3585,#3585,#1027,.T.);
#2891=EDGE_CURVE('',#3586,#3586,#1028,.T.);
#2892=EDGE_CURVE('',#3587,#3587,#1029,.T.);
#2893=EDGE_CURVE('',#3588,#3589,#171,.T.);
#2894=EDGE_CURVE('',#3589,#3590,#172,.T.);
#2895=EDGE_CURVE('',#3590,#3591,#173,.T.);
#2896=EDGE_CURVE('',#3591,#3588,#174,.F.);
#2897=EDGE_CURVE('',#3592,#3593,#175,.F.);
#2898=EDGE_CURVE('',#3593,#3594,#3932,.T.);
#2899=EDGE_CURVE('',#3594,#3595,#176,.T.);
#2900=EDGE_CURVE('',#3595,#3592,#1030,.F.);
#2901=EDGE_CURVE('',#3596,#3597,#177,.T.);
#2902=EDGE_CURVE('',#3597,#3598,#178,.F.);
#2903=EDGE_CURVE('',#3598,#3599,#1031,.F.);
#2904=EDGE_CURVE('',#3599,#3600,#1032,.F.);
#2905=EDGE_CURVE('',#3600,#3596,#179,.T.);
#2906=EDGE_CURVE('',#3601,#3602,#180,.F.);
#2907=EDGE_CURVE('',#3602,#3603,#92,.F.);
#2908=EDGE_CURVE('',#3603,#3604,#1033,.T.);
#2909=EDGE_CURVE('',#3604,#3605,#93,.T.);
#2910=EDGE_CURVE('',#3605,#3606,#181,.T.);
#2911=EDGE_CURVE('',#3606,#3601,#1034,.T.);
#2912=EDGE_CURVE('',#3607,#3607,#3933,.F.);
#2913=EDGE_CURVE('',#3608,#3609,#182,.F.);
#2914=EDGE_CURVE('',#3609,#3610,#183,.T.);
#2915=EDGE_CURVE('',#3610,#3611,#184,.T.);
#2916=EDGE_CURVE('',#3611,#3608,#185,.T.);
#2917=EDGE_CURVE('',#3612,#3612,#1035,.T.);
#2918=EDGE_CURVE('',#3613,#3613,#1036,.T.);
#2919=EDGE_CURVE('',#3614,#3614,#1037,.T.);
#2920=EDGE_CURVE('',#3615,#3615,#1038,.T.);
#2921=EDGE_CURVE('',#3616,#3616,#1039,.T.);
#2922=EDGE_CURVE('',#3617,#3617,#1040,.T.);
#2923=EDGE_CURVE('',#3618,#3618,#1041,.T.);
#2924=EDGE_CURVE('',#3619,#3619,#1042,.T.);
#2925=EDGE_CURVE('',#3620,#3621,#186,.T.);
#2926=EDGE_CURVE('',#3621,#3622,#187,.F.);
#2927=EDGE_CURVE('',#3622,#3623,#188,.T.);
#2928=EDGE_CURVE('',#3623,#3620,#189,.F.);
#2929=EDGE_CURVE('',#3624,#3625,#190,.F.);
#2930=EDGE_CURVE('',#3625,#3626,#191,.F.);
#2931=EDGE_CURVE('',#3626,#3627,#192,.T.);
#2932=EDGE_CURVE('',#3627,#3591,#193,.F.);
#2933=EDGE_CURVE('',#3590,#3580,#1043,.F.);
#2934=EDGE_CURVE('',#3581,#3624,#194,.F.);
#2935=EDGE_CURVE('',#3628,#3628,#1044,.T.);
#2936=EDGE_CURVE('',#3629,#3629,#1045,.T.);
#2937=EDGE_CURVE('',#3630,#3630,#1046,.T.);
#2938=EDGE_CURVE('',#3631,#3631,#1047,.T.);
#2939=EDGE_CURVE('',#3632,#3632,#1048,.T.);
#2940=EDGE_CURVE('',#3633,#3633,#1049,.T.);
#2941=EDGE_CURVE('',#3634,#3634,#1050,.T.);
#2942=EDGE_CURVE('',#3635,#3635,#1051,.T.);
#2943=EDGE_CURVE('',#3636,#3636,#1052,.T.);
#2944=EDGE_CURVE('',#3637,#3637,#1053,.T.);
#2945=EDGE_CURVE('',#3638,#3638,#1054,.T.);
#2946=EDGE_CURVE('',#3639,#3639,#1055,.T.);
#2947=EDGE_CURVE('',#3640,#3640,#1056,.T.);
#2948=EDGE_CURVE('',#3641,#3641,#1057,.T.);
#2949=EDGE_CURVE('',#3642,#3642,#1058,.T.);
#2950=EDGE_CURVE('',#3643,#3643,#1059,.T.);
#2951=EDGE_CURVE('',#3644,#3645,#1060,.F.);
#2952=EDGE_CURVE('',#3645,#3646,#1061,.F.);
#2953=EDGE_CURVE('',#3646,#3644,#1062,.F.);
#2954=EDGE_CURVE('',#3626,#3609,#3934,.T.);
#2955=EDGE_CURVE('',#3627,#3608,#1063,.T.);
#2956=EDGE_CURVE('',#3574,#3608,#1064,.F.);
#2957=EDGE_CURVE('',#3627,#3574,#1065,.F.);
#2958=EDGE_CURVE('',#3591,#3573,#3935,.F.);
#2959=EDGE_CURVE('',#3594,#3621,#1066,.F.);
#2960=EDGE_CURVE('',#3595,#3620,#1067,.F.);
#2961=EDGE_CURVE('',#3610,#3593,#1068,.F.);
#2962=EDGE_CURVE('',#3611,#3592,#1069,.F.);
#2963=EDGE_CURVE('',#3575,#3611,#1070,.T.);
#2964=EDGE_CURVE('',#3588,#3572,#1071,.T.);
#2965=EDGE_CURVE('',#3605,#3589,#1072,.T.);
#2966=EDGE_CURVE('',#3606,#3588,#1073,.T.);
#2967=EDGE_CURVE('',#3595,#3647,#1074,.F.);
#2968=EDGE_CURVE('',#3600,#3620,#1075,.F.);
#2969=EDGE_CURVE('',#3647,#3599,#94,.F.);
#2970=EDGE_CURVE('',#3592,#3648,#1076,.T.);
#2971=EDGE_CURVE('',#3648,#3647,#1077,.T.);
#2972=EDGE_CURVE('',#3571,#3648,#95,.T.);
#2973=EDGE_CURVE('',#3606,#3572,#1078,.F.);
#2974=EDGE_CURVE('',#3622,#3625,#3936,.T.);
#2975=EDGE_CURVE('',#3623,#3624,#1079,.T.);
#2976=EDGE_CURVE('',#3596,#3623,#1080,.T.);
#2977=EDGE_CURVE('',#3601,#3598,#1081,.T.);
#2978=EDGE_CURVE('',#3582,#3602,#1082,.T.);
#2979=EDGE_CURVE('',#3583,#3601,#1083,.T.);
#2980=EDGE_CURVE('',#3596,#3624,#1084,.F.);
#2981=EDGE_CURVE('',#3583,#3598,#1085,.F.);
#2982=EDGE_CURVE('',#3597,#3581,#3937,.T.);
#2983=EDGE_CURVE('',#3605,#3645,#96,.F.);
#2984=EDGE_CURVE('',#3589,#3644,#1086,.T.);
#2985=EDGE_CURVE('',#3582,#3644,#1087,.T.);
#2986=EDGE_CURVE('',#3646,#3602,#97,.T.);
#2987=EDGE_CURVE('',#3649,#3649,#3938,.F.);
#2988=EDGE_CURVE('',#3650,#3650,#3939,.F.);
#2989=EDGE_CURVE('',#3651,#3652,#195,.T.);
#2990=EDGE_CURVE('',#3652,#3653,#196,.T.);
#2991=EDGE_CURVE('',#3653,#3654,#197,.T.);
#2992=EDGE_CURVE('',#3654,#3651,#198,.T.);
#2993=EDGE_CURVE('',#3655,#3656,#199,.T.);
#2994=EDGE_CURVE('',#3656,#3657,#200,.T.);
#2995=EDGE_CURVE('',#3657,#3658,#201,.T.);
#2996=EDGE_CURVE('',#3658,#3655,#202,.T.);
#2997=EDGE_CURVE('',#3659,#3660,#203,.T.);
#2998=EDGE_CURVE('',#3660,#3661,#204,.T.);
#2999=EDGE_CURVE('',#3661,#3662,#205,.T.);
#3000=EDGE_CURVE('',#3662,#3659,#206,.T.);
#3001=EDGE_CURVE('',#3663,#3664,#207,.T.);
#3002=EDGE_CURVE('',#3664,#3665,#208,.T.);
#3003=EDGE_CURVE('',#3665,#3666,#209,.T.);
#3004=EDGE_CURVE('',#3666,#3663,#210,.T.);
#3005=EDGE_CURVE('',#3667,#3668,#211,.T.);
#3006=EDGE_CURVE('',#3668,#3669,#212,.T.);
#3007=EDGE_CURVE('',#3669,#3670,#213,.T.);
#3008=EDGE_CURVE('',#3670,#3667,#214,.T.);
#3009=EDGE_CURVE('',#3671,#3672,#215,.T.);
#3010=EDGE_CURVE('',#3672,#3673,#216,.T.);
#3011=EDGE_CURVE('',#3673,#3674,#217,.T.);
#3012=EDGE_CURVE('',#3674,#3671,#218,.T.);
#3013=EDGE_CURVE('',#3675,#3676,#219,.T.);
#3014=EDGE_CURVE('',#3676,#3677,#220,.T.);
#3015=EDGE_CURVE('',#3677,#3678,#221,.T.);
#3016=EDGE_CURVE('',#3678,#3675,#222,.T.);
#3017=EDGE_CURVE('',#3679,#3680,#223,.T.);
#3018=EDGE_CURVE('',#3680,#3681,#224,.T.);
#3019=EDGE_CURVE('',#3681,#3682,#225,.T.);
#3020=EDGE_CURVE('',#3682,#3679,#226,.T.);
#3021=EDGE_CURVE('',#3683,#3684,#227,.T.);
#3022=EDGE_CURVE('',#3684,#3685,#228,.T.);
#3023=EDGE_CURVE('',#3685,#3686,#229,.T.);
#3024=EDGE_CURVE('',#3686,#3683,#230,.T.);
#3025=EDGE_CURVE('',#3687,#3688,#231,.T.);
#3026=EDGE_CURVE('',#3688,#3689,#232,.T.);
#3027=EDGE_CURVE('',#3689,#3690,#233,.T.);
#3028=EDGE_CURVE('',#3690,#3687,#234,.T.);
#3029=EDGE_CURVE('',#3691,#3692,#235,.T.);
#3030=EDGE_CURVE('',#3692,#3693,#236,.T.);
#3031=EDGE_CURVE('',#3693,#3694,#237,.T.);
#3032=EDGE_CURVE('',#3694,#3691,#238,.T.);
#3033=EDGE_CURVE('',#3695,#3696,#239,.T.);
#3034=EDGE_CURVE('',#3696,#3697,#240,.T.);
#3035=EDGE_CURVE('',#3697,#3698,#241,.T.);
#3036=EDGE_CURVE('',#3698,#3695,#242,.T.);
#3037=EDGE_CURVE('',#3699,#3700,#243,.T.);
#3038=EDGE_CURVE('',#3700,#3701,#244,.T.);
#3039=EDGE_CURVE('',#3701,#3702,#245,.T.);
#3040=EDGE_CURVE('',#3702,#3699,#246,.T.);
#3041=EDGE_CURVE('',#3703,#3704,#247,.T.);
#3042=EDGE_CURVE('',#3704,#3705,#248,.T.);
#3043=EDGE_CURVE('',#3705,#3706,#249,.T.);
#3044=EDGE_CURVE('',#3706,#3703,#250,.T.);
#3045=EDGE_CURVE('',#3707,#3708,#251,.T.);
#3046=EDGE_CURVE('',#3708,#3709,#252,.T.);
#3047=EDGE_CURVE('',#3709,#3710,#253,.T.);
#3048=EDGE_CURVE('',#3710,#3707,#254,.T.);
#3049=EDGE_CURVE('',#3711,#3712,#255,.T.);
#3050=EDGE_CURVE('',#3712,#3713,#256,.T.);
#3051=EDGE_CURVE('',#3713,#3714,#257,.T.);
#3052=EDGE_CURVE('',#3714,#3711,#258,.T.);
#3053=EDGE_CURVE('',#3714,#3715,#259,.T.);
#3054=EDGE_CURVE('',#3716,#3713,#260,.T.);
#3055=EDGE_CURVE('',#3715,#3716,#261,.T.);
#3056=EDGE_CURVE('',#3714,#3653,#262,.T.);
#3057=EDGE_CURVE('',#3653,#3715,#263,.F.);
#3058=EDGE_CURVE('',#3716,#3708,#264,.F.);
#3059=EDGE_CURVE('',#3708,#3713,#265,.T.);
#3060=EDGE_CURVE('',#3717,#3715,#266,.T.);
#3061=EDGE_CURVE('',#3654,#3717,#267,.T.);
#3062=EDGE_CURVE('',#3711,#3652,#268,.F.);
#3063=EDGE_CURVE('',#3712,#3562,#269,.F.);
#3064=EDGE_CURVE('',#3563,#3711,#270,.F.);
#3065=EDGE_CURVE('',#3709,#3712,#271,.F.);
#3066=EDGE_CURVE('',#3718,#3707,#272,.T.);
#3067=EDGE_CURVE('',#3716,#3718,#273,.T.);
#3068=EDGE_CURVE('',#3654,#3655,#274,.F.);
#3069=EDGE_CURVE('',#3655,#3717,#275,.T.);
#3070=EDGE_CURVE('',#3563,#3652,#276,.T.);
#3071=EDGE_CURVE('',#3709,#3562,#277,.T.);
#3072=EDGE_CURVE('',#3718,#3704,#278,.F.);
#3073=EDGE_CURVE('',#3704,#3707,#279,.T.);
#3074=EDGE_CURVE('',#3719,#3717,#280,.T.);
#3075=EDGE_CURVE('',#3656,#3719,#281,.F.);
#3076=EDGE_CURVE('',#3651,#3658,#282,.T.);
#3077=EDGE_CURVE('',#3564,#3651,#283,.F.);
#3078=EDGE_CURVE('',#3710,#3561,#284,.F.);
#3079=EDGE_CURVE('',#3705,#3710,#285,.F.);
#3080=EDGE_CURVE('',#3720,#3703,#286,.T.);
#3081=EDGE_CURVE('',#3718,#3720,#287,.T.);
#3082=EDGE_CURVE('',#3656,#3659,#288,.T.);
#3083=EDGE_CURVE('',#3659,#3719,#289,.T.);
#3084=EDGE_CURVE('',#3564,#3658,#290,.F.);
#3085=EDGE_CURVE('',#3705,#3561,#291,.T.);
#3086=EDGE_CURVE('',#3720,#3702,#292,.F.);
#3087=EDGE_CURVE('',#3702,#3703,#293,.T.);
#3088=EDGE_CURVE('',#3721,#3719,#294,.T.);
#3089=EDGE_CURVE('',#3660,#3721,#295,.F.);
#3090=EDGE_CURVE('',#3657,#3662,#296,.F.);
#3091=EDGE_CURVE('',#3565,#3657,#297,.T.);
#3092=EDGE_CURVE('',#3706,#3560,#298,.F.);
#3093=EDGE_CURVE('',#3699,#3706,#299,.F.);
#3094=EDGE_CURVE('',#3722,#3701,#300,.T.);
#3095=EDGE_CURVE('',#3720,#3722,#301,.T.);
#3096=EDGE_CURVE('',#3660,#3663,#302,.T.);
#3097=EDGE_CURVE('',#3663,#3721,#303,.T.);
#3098=EDGE_CURVE('',#3565,#3662,#304,.F.);
#3099=EDGE_CURVE('',#3699,#3560,#305,.T.);
#3100=EDGE_CURVE('',#3722,#3698,#306,.F.);
#3101=EDGE_CURVE('',#3698,#3701,#307,.T.);
#3102=EDGE_CURVE('',#3723,#3721,#308,.T.);
#3103=EDGE_CURVE('',#3664,#3723,#309,.T.);
#3104=EDGE_CURVE('',#3661,#3666,#310,.F.);
#3105=EDGE_CURVE('',#3566,#3661,#311,.T.);
#3106=EDGE_CURVE('',#3700,#3559,#312,.F.);
#3107=EDGE_CURVE('',#3695,#3700,#313,.F.);
#3108=EDGE_CURVE('',#3724,#3697,#314,.T.);
#3109=EDGE_CURVE('',#3722,#3724,#315,.T.);
#3110=EDGE_CURVE('',#3723,#3725,#316,.T.);
#3111=EDGE_CURVE('',#3667,#3725,#317,.F.);
#3112=EDGE_CURVE('',#3664,#3667,#318,.F.);
#3113=EDGE_CURVE('',#3566,#3666,#319,.F.);
#3114=EDGE_CURVE('',#3695,#3559,#320,.T.);
#3115=EDGE_CURVE('',#3724,#3694,#321,.F.);
#3116=EDGE_CURVE('',#3694,#3697,#322,.T.);
#3117=EDGE_CURVE('',#3726,#3725,#323,.T.);
#3118=EDGE_CURVE('',#3668,#3726,#324,.T.);
#3119=EDGE_CURVE('',#3665,#3670,#325,.T.);
#3120=EDGE_CURVE('',#3567,#3665,#326,.T.);
#3121=EDGE_CURVE('',#3696,#3558,#327,.F.);
#3122=EDGE_CURVE('',#3691,#3696,#328,.F.);
#3123=EDGE_CURVE('',#3727,#3693,#329,.T.);
#3124=EDGE_CURVE('',#3724,#3727,#330,.T.);
#3125=EDGE_CURVE('',#3668,#3671,#331,.T.);
#3126=EDGE_CURVE('',#3671,#3726,#332,.F.);
#3127=EDGE_CURVE('',#3568,#3670,#333,.F.);
#3128=EDGE_CURVE('',#3691,#3558,#334,.T.);
#3129=EDGE_CURVE('',#3727,#3690,#335,.T.);
#3130=EDGE_CURVE('',#3690,#3693,#336,.F.);
#3131=EDGE_CURVE('',#3728,#3726,#337,.T.);
#3132=EDGE_CURVE('',#3672,#3728,#338,.T.);
#3133=EDGE_CURVE('',#3669,#3674,#339,.F.);
#3134=EDGE_CURVE('',#3569,#3669,#340,.F.);
#3135=EDGE_CURVE('',#3692,#3557,#341,.F.);
#3136=EDGE_CURVE('',#3687,#3692,#342,.T.);
#3137=EDGE_CURVE('',#3729,#3689,#343,.F.);
#3138=EDGE_CURVE('',#3727,#3729,#344,.T.);
#3139=EDGE_CURVE('',#3672,#3675,#345,.T.);
#3140=EDGE_CURVE('',#3675,#3728,#346,.F.);
#3141=EDGE_CURVE('',#3569,#3674,#347,.T.);
#3142=EDGE_CURVE('',#3687,#3557,#348,.F.);
#3143=EDGE_CURVE('',#3729,#3686,#349,.T.);
#3144=EDGE_CURVE('',#3686,#3689,#350,.T.);
#3145=EDGE_CURVE('',#3730,#3728,#351,.T.);
#3146=EDGE_CURVE('',#3676,#3730,#352,.T.);
#3147=EDGE_CURVE('',#3673,#3678,#353,.F.);
#3148=EDGE_CURVE('',#3570,#3673,#354,.F.);
#3149=EDGE_CURVE('',#3688,#3556,#355,.T.);
#3150=EDGE_CURVE('',#3683,#3688,#356,.F.);
#3151=EDGE_CURVE('',#3731,#3685,#357,.F.);
#3152=EDGE_CURVE('',#3729,#3731,#358,.T.);
#3153=EDGE_CURVE('',#3730,#3681,#359,.F.);
#3154=EDGE_CURVE('',#3731,#3730,#360,.T.);
#3155=EDGE_CURVE('',#3682,#3731,#361,.F.);
#3156=EDGE_CURVE('',#3676,#3681,#362,.F.);
#3157=EDGE_CURVE('',#3570,#3678,#363,.T.);
#3158=EDGE_CURVE('',#3683,#3556,#364,.F.);
#3159=EDGE_CURVE('',#3682,#3685,#365,.T.);
#3160=EDGE_CURVE('',#3677,#3680,#366,.T.);
#3161=EDGE_CURVE('',#3554,#3677,#367,.F.);
#3162=EDGE_CURVE('',#3684,#3555,#368,.T.);
#3163=EDGE_CURVE('',#3679,#3684,#369,.F.);
#3164=EDGE_CURVE('',#3554,#3680,#370,.F.);
#3165=EDGE_CURVE('',#3679,#3555,#371,.F.);
#3166=EDGE_CURVE('',#3732,#3733,#1088,.T.);
#3167=EDGE_CURVE('',#3733,#3734,#98,.F.);
#3168=EDGE_CURVE('',#3734,#3735,#1089,.F.);
#3169=EDGE_CURVE('',#3732,#3735,#1090,.T.);
#3170=EDGE_CURVE('',#3736,#3735,#1091,.T.);
#3171=EDGE_CURVE('',#3736,#3737,#372,.T.);
#3172=EDGE_CURVE('',#3737,#3738,#1092,.F.);
#3173=EDGE_CURVE('',#3738,#3732,#373,.F.);
#3174=EDGE_CURVE('',#3735,#3739,#1093,.F.);
#3175=EDGE_CURVE('',#3739,#3740,#99,.T.);
#3176=EDGE_CURVE('',#3740,#3736,#1094,.T.);
#3177=EDGE_CURVE('',#3741,#3742,#1095,.F.);
#3178=EDGE_CURVE('',#3741,#3743,#374,.T.);
#3179=EDGE_CURVE('',#3744,#3743,#3940,.T.);
#3180=EDGE_CURVE('',#3744,#3742,#375,.F.);
#3181=EDGE_CURVE('',#3745,#3746,#1096,.F.);
#3182=EDGE_CURVE('',#3745,#3744,#376,.T.);
#3183=EDGE_CURVE('',#3743,#3746,#377,.F.);
#3184=EDGE_CURVE('',#3741,#3747,#1097,.T.);
#3185=EDGE_CURVE('',#3747,#3742,#1098,.T.);
#3186=EDGE_CURVE('',#3745,#3748,#1099,.T.);
#3187=EDGE_CURVE('',#3748,#3746,#1100,.T.);
#3188=EDGE_CURVE('',#3732,#3741,#378,.T.);
#3189=EDGE_CURVE('',#3747,#3733,#379,.F.);
#3190=EDGE_CURVE('',#3749,#3750,#100,.F.);
#3191=EDGE_CURVE('',#3751,#3749,#1101,.T.);
#3192=EDGE_CURVE('',#3752,#3751,#101,.T.);
#3193=EDGE_CURVE('',#3752,#3753,#1102,.F.);
#3194=EDGE_CURVE('',#3754,#3753,#1103,.F.);
#3195=EDGE_CURVE('',#3754,#3747,#1104,.T.);
#3196=EDGE_CURVE('',#3742,#3750,#1105,.F.);
#3197=EDGE_CURVE('',#3755,#3756,#1106,.F.);
#3198=EDGE_CURVE('',#3755,#3745,#380,.T.);
#3199=EDGE_CURVE('',#3748,#3756,#381,.F.);
#3200=EDGE_CURVE('',#3746,#3757,#382,.F.);
#3201=EDGE_CURVE('',#3757,#3758,#3941,.T.);
#3202=EDGE_CURVE('',#3758,#3748,#383,.T.);
#3203=EDGE_CURVE('',#3754,#3759,#1107,.T.);
#3204=EDGE_CURVE('',#3759,#3753,#1108,.T.);
#3205=EDGE_CURVE('',#3760,#3761,#1109,.F.);
#3206=EDGE_CURVE('',#3762,#3760,#1110,.T.);
#3207=EDGE_CURVE('',#3762,#3752,#1111,.F.);
#3208=EDGE_CURVE('',#3761,#3751,#1112,.T.);
#3209=EDGE_CURVE('',#3763,#3749,#1113,.F.);
#3210=EDGE_CURVE('',#3763,#3761,#1114,.F.);
#3211=EDGE_CURVE('',#3750,#3755,#1115,.F.);
#3212=EDGE_CURVE('',#3763,#3756,#1116,.F.);
#3213=EDGE_CURVE('',#3740,#3754,#384,.T.);
#3214=EDGE_CURVE('',#3759,#3736,#385,.T.);
#3215=EDGE_CURVE('',#3764,#3765,#3942,.F.);
#3216=EDGE_CURVE('',#3764,#3759,#386,.F.);
#3217=EDGE_CURVE('',#3753,#3765,#387,.T.);
#3218=EDGE_CURVE('',#3766,#3767,#1117,.F.);
#3219=EDGE_CURVE('',#3766,#3762,#388,.F.);
#3220=EDGE_CURVE('',#3760,#3767,#389,.T.);
#3221=EDGE_CURVE('',#3761,#3768,#390,.F.);
#3222=EDGE_CURVE('',#3768,#3769,#1118,.F.);
#3223=EDGE_CURVE('',#3769,#3760,#391,.T.);
#3224=EDGE_CURVE('',#3756,#3770,#392,.T.);
#3225=EDGE_CURVE('',#3770,#3771,#1119,.F.);
#3226=EDGE_CURVE('',#3771,#3763,#393,.T.);
#3227=EDGE_CURVE('',#3772,#3766,#1120,.F.);
#3228=EDGE_CURVE('',#3772,#3764,#394,.F.);
#3229=EDGE_CURVE('',#3765,#3766,#395,.T.);
#3230=EDGE_CURVE('',#3772,#3767,#1121,.T.);
#3231=EDGE_CURVE('',#3767,#3773,#396,.F.);
#3232=EDGE_CURVE('',#3773,#3774,#3943,.T.);
#3233=EDGE_CURVE('',#3774,#3772,#397,.T.);
#3234=EDGE_CURVE('',#3734,#3739,#1122,.F.);
#3235=EDGE_CURVE('',#3775,#3775,#1123,.T.);
#3236=EDGE_CURVE('',#3776,#3776,#1124,.T.);
#3237=EDGE_CURVE('',#3777,#3777,#1125,.T.);
#3238=EDGE_CURVE('',#3778,#3778,#1126,.T.);
#3239=EDGE_CURVE('',#3779,#3779,#1127,.T.);
#3240=EDGE_CURVE('',#3780,#3780,#1128,.T.);
#3241=EDGE_CURVE('',#3781,#3781,#1129,.T.);
#3242=EDGE_CURVE('',#3782,#3782,#1130,.T.);
#3243=EDGE_CURVE('',#3783,#3783,#1131,.T.);
#3244=EDGE_CURVE('',#3784,#3784,#1132,.T.);
#3245=EDGE_CURVE('',#3785,#3785,#1133,.T.);
#3246=EDGE_CURVE('',#3786,#3786,#1134,.T.);
#3247=EDGE_CURVE('',#3787,#3787,#1135,.T.);
#3248=EDGE_CURVE('',#3788,#3788,#1136,.T.);
#3249=EDGE_CURVE('',#3789,#3789,#1137,.T.);
#3250=EDGE_CURVE('',#3790,#3790,#1138,.T.);
#3251=EDGE_CURVE('',#3791,#3791,#1139,.T.);
#3252=EDGE_CURVE('',#3792,#3792,#1140,.T.);
#3253=EDGE_CURVE('',#3793,#3793,#1141,.T.);
#3254=EDGE_CURVE('',#3794,#3794,#1142,.T.);
#3255=EDGE_CURVE('',#3795,#3795,#1143,.T.);
#3256=EDGE_CURVE('',#3796,#3796,#1144,.T.);
#3257=EDGE_CURVE('',#3797,#3797,#1145,.T.);
#3258=EDGE_CURVE('',#3798,#3798,#1146,.T.);
#3259=EDGE_CURVE('',#3799,#3799,#1147,.T.);
#3260=EDGE_CURVE('',#3800,#3800,#1148,.T.);
#3261=EDGE_CURVE('',#3801,#3801,#1149,.T.);
#3262=EDGE_CURVE('',#3802,#3802,#1150,.T.);
#3263=EDGE_CURVE('',#3803,#3803,#1151,.T.);
#3264=EDGE_CURVE('',#3804,#3804,#1152,.T.);
#3265=EDGE_CURVE('',#3805,#3805,#1153,.T.);
#3266=EDGE_CURVE('',#3806,#3806,#1154,.T.);
#3267=EDGE_CURVE('',#3774,#3757,#398,.T.);
#3268=EDGE_CURVE('',#3738,#3743,#399,.T.);
#3269=EDGE_CURVE('',#3737,#3764,#400,.T.);
#3270=EDGE_CURVE('',#3758,#3770,#401,.T.);
#3271=EDGE_CURVE('',#3769,#3773,#402,.F.);
#3272=EDGE_CURVE('',#3807,#3807,#3944,.F.);
#3273=EDGE_CURVE('',#3808,#3809,#1155,.T.);
#3274=EDGE_CURVE('',#3809,#3733,#102,.T.);
#3275=EDGE_CURVE('',#3740,#3808,#103,.F.);
#3276=EDGE_CURVE('',#3771,#3768,#3945,.T.);
#3277=EDGE_CURVE('',#3810,#3811,#3946,.T.);
#3278=EDGE_CURVE('',#3811,#3812,#403,.F.);
#3279=EDGE_CURVE('',#3812,#3813,#3947,.T.);
#3280=EDGE_CURVE('',#3813,#3814,#404,.F.);
#3281=EDGE_CURVE('',#3814,#3815,#3948,.T.);
#3282=EDGE_CURVE('',#3815,#3810,#405,.T.);
#3283=EDGE_CURVE('',#3816,#3817,#3949,.T.);
#3284=EDGE_CURVE('',#3817,#3818,#406,.T.);
#3285=EDGE_CURVE('',#3818,#3819,#3950,.T.);
#3286=EDGE_CURVE('',#3819,#3820,#407,.F.);
#3287=EDGE_CURVE('',#3820,#3821,#3951,.T.);
#3288=EDGE_CURVE('',#3821,#3816,#408,.T.);
#3289=EDGE_CURVE('',#3822,#3822,#3952,.F.);
#3290=EDGE_CURVE('',#3823,#3824,#1156,.T.);
#3291=EDGE_CURVE('',#3824,#3825,#104,.F.);
#3292=EDGE_CURVE('',#3825,#3826,#1157,.F.);
#3293=EDGE_CURVE('',#3823,#3826,#1158,.T.);
#3294=EDGE_CURVE('',#3827,#3826,#1159,.T.);
#3295=EDGE_CURVE('',#3827,#3828,#409,.T.);
#3296=EDGE_CURVE('',#3828,#3829,#1160,.F.);
#3297=EDGE_CURVE('',#3829,#3823,#410,.F.);
#3298=EDGE_CURVE('',#3826,#3830,#1161,.F.);
#3299=EDGE_CURVE('',#3830,#3831,#105,.T.);
#3300=EDGE_CURVE('',#3831,#3827,#1162,.T.);
#3301=EDGE_CURVE('',#3832,#3833,#1163,.F.);
#3302=EDGE_CURVE('',#3832,#3834,#411,.T.);
#3303=EDGE_CURVE('',#3835,#3834,#3953,.T.);
#3304=EDGE_CURVE('',#3835,#3833,#412,.F.);
#3305=EDGE_CURVE('',#3836,#3837,#1164,.F.);
#3306=EDGE_CURVE('',#3836,#3835,#413,.T.);
#3307=EDGE_CURVE('',#3834,#3837,#414,.F.);
#3308=EDGE_CURVE('',#3832,#3838,#1165,.T.);
#3309=EDGE_CURVE('',#3838,#3833,#1166,.T.);
#3310=EDGE_CURVE('',#3836,#3839,#1167,.T.);
#3311=EDGE_CURVE('',#3839,#3837,#1168,.T.);
#3312=EDGE_CURVE('',#3823,#3832,#415,.T.);
#3313=EDGE_CURVE('',#3838,#3824,#416,.F.);
#3314=EDGE_CURVE('',#3840,#3841,#106,.F.);
#3315=EDGE_CURVE('',#3842,#3840,#1169,.T.);
#3316=EDGE_CURVE('',#3843,#3842,#107,.T.);
#3317=EDGE_CURVE('',#3843,#3844,#1170,.F.);
#3318=EDGE_CURVE('',#3845,#3844,#1171,.F.);
#3319=EDGE_CURVE('',#3845,#3838,#1172,.T.);
#3320=EDGE_CURVE('',#3833,#3841,#1173,.F.);
#3321=EDGE_CURVE('',#3846,#3847,#1174,.F.);
#3322=EDGE_CURVE('',#3846,#3836,#417,.T.);
#3323=EDGE_CURVE('',#3839,#3847,#418,.F.);
#3324=EDGE_CURVE('',#3837,#3848,#419,.F.);
#3325=EDGE_CURVE('',#3848,#3849,#3954,.F.);
#3326=EDGE_CURVE('',#3849,#3839,#420,.T.);
#3327=EDGE_CURVE('',#3845,#3850,#1175,.T.);
#3328=EDGE_CURVE('',#3850,#3844,#1176,.T.);
#3329=EDGE_CURVE('',#3851,#3852,#1177,.F.);
#3330=EDGE_CURVE('',#3853,#3851,#1178,.T.);
#3331=EDGE_CURVE('',#3853,#3843,#1179,.F.);
#3332=EDGE_CURVE('',#3852,#3842,#1180,.T.);
#3333=EDGE_CURVE('',#3854,#3840,#1181,.F.);
#3334=EDGE_CURVE('',#3854,#3852,#1182,.F.);
#3335=EDGE_CURVE('',#3841,#3846,#1183,.F.);
#3336=EDGE_CURVE('',#3854,#3847,#1184,.F.);
#3337=EDGE_CURVE('',#3831,#3845,#421,.T.);
#3338=EDGE_CURVE('',#3850,#3827,#422,.T.);
#3339=EDGE_CURVE('',#3855,#3856,#3955,.F.);
#3340=EDGE_CURVE('',#3855,#3850,#423,.F.);
#3341=EDGE_CURVE('',#3844,#3856,#424,.T.);
#3342=EDGE_CURVE('',#3857,#3858,#1185,.F.);
#3343=EDGE_CURVE('',#3857,#3853,#425,.F.);
#3344=EDGE_CURVE('',#3851,#3858,#426,.T.);
#3345=EDGE_CURVE('',#3852,#3859,#427,.F.);
#3346=EDGE_CURVE('',#3859,#3860,#1186,.F.);
#3347=EDGE_CURVE('',#3860,#3851,#428,.T.);
#3348=EDGE_CURVE('',#3847,#3861,#429,.T.);
#3349=EDGE_CURVE('',#3861,#3862,#1187,.F.);
#3350=EDGE_CURVE('',#3862,#3854,#430,.T.);
#3351=EDGE_CURVE('',#3863,#3857,#1188,.F.);
#3352=EDGE_CURVE('',#3863,#3855,#431,.F.);
#3353=EDGE_CURVE('',#3856,#3857,#432,.T.);
#3354=EDGE_CURVE('',#3863,#3858,#1189,.T.);
#3355=EDGE_CURVE('',#3858,#3864,#433,.F.);
#3356=EDGE_CURVE('',#3864,#3865,#3956,.F.);
#3357=EDGE_CURVE('',#3865,#3863,#434,.T.);
#3358=EDGE_CURVE('',#3825,#3830,#1190,.F.);
#3359=EDGE_CURVE('',#3866,#3866,#1191,.T.);
#3360=EDGE_CURVE('',#3867,#3867,#1192,.T.);
#3361=EDGE_CURVE('',#3868,#3868,#1193,.T.);
#3362=EDGE_CURVE('',#3869,#3869,#1194,.T.);
#3363=EDGE_CURVE('',#3870,#3870,#1195,.T.);
#3364=EDGE_CURVE('',#3871,#3871,#1196,.T.);
#3365=EDGE_CURVE('',#3872,#3872,#1197,.T.);
#3366=EDGE_CURVE('',#3873,#3873,#1198,.T.);
#3367=EDGE_CURVE('',#3874,#3874,#1199,.T.);
#3368=EDGE_CURVE('',#3875,#3875,#1200,.T.);
#3369=EDGE_CURVE('',#3876,#3876,#1201,.T.);
#3370=EDGE_CURVE('',#3877,#3877,#1202,.T.);
#3371=EDGE_CURVE('',#3878,#3878,#1203,.T.);
#3372=EDGE_CURVE('',#3879,#3879,#1204,.T.);
#3373=EDGE_CURVE('',#3880,#3880,#1205,.T.);
#3374=EDGE_CURVE('',#3881,#3881,#1206,.T.);
#3375=EDGE_CURVE('',#3882,#3882,#1207,.T.);
#3376=EDGE_CURVE('',#3883,#3883,#1208,.T.);
#3377=EDGE_CURVE('',#3884,#3884,#1209,.T.);
#3378=EDGE_CURVE('',#3885,#3885,#1210,.T.);
#3379=EDGE_CURVE('',#3886,#3886,#1211,.T.);
#3380=EDGE_CURVE('',#3887,#3887,#1212,.T.);
#3381=EDGE_CURVE('',#3888,#3888,#1213,.T.);
#3382=EDGE_CURVE('',#3889,#3889,#1214,.T.);
#3383=EDGE_CURVE('',#3890,#3890,#1215,.T.);
#3384=EDGE_CURVE('',#3891,#3891,#1216,.T.);
#3385=EDGE_CURVE('',#3892,#3892,#1217,.T.);
#3386=EDGE_CURVE('',#3893,#3893,#1218,.T.);
#3387=EDGE_CURVE('',#3894,#3894,#1219,.T.);
#3388=EDGE_CURVE('',#3895,#3895,#1220,.T.);
#3389=EDGE_CURVE('',#3896,#3896,#1221,.T.);
#3390=EDGE_CURVE('',#3897,#3897,#1222,.T.);
#3391=EDGE_CURVE('',#3865,#3848,#435,.T.);
#3392=EDGE_CURVE('',#3829,#3834,#436,.T.);
#3393=EDGE_CURVE('',#3828,#3855,#437,.T.);
#3394=EDGE_CURVE('',#3849,#3861,#438,.T.);
#3395=EDGE_CURVE('',#3860,#3864,#439,.F.);
#3396=EDGE_CURVE('',#3898,#3898,#3957,.T.);
#3397=EDGE_CURVE('',#3899,#3900,#1223,.T.);
#3398=EDGE_CURVE('',#3900,#3824,#108,.T.);
#3399=EDGE_CURVE('',#3831,#3899,#109,.F.);
#3400=EDGE_CURVE('',#3862,#3859,#3958,.F.);
#3401=EDGE_CURVE('',#3901,#3901,#3959,.T.);
#3402=EDGE_CURVE('',#3902,#3902,#3960,.T.);
#3403=EDGE_CURVE('',#3903,#3903,#3961,.T.);
#3404=EDGE_CURVE('',#3547,#3864,#1224,.T.);
#3405=EDGE_CURVE('',#3865,#3546,#1225,.T.);
#3406=EDGE_CURVE('',#3848,#3545,#1226,.T.);
#3407=EDGE_CURVE('',#3542,#3860,#1227,.T.);
#3408=EDGE_CURVE('',#3849,#3544,#1228,.T.);
#3409=EDGE_CURVE('',#3542,#3859,#1229,.T.);
#3410=EDGE_CURVE('',#3861,#3543,#1230,.T.);
#3411=EDGE_CURVE('',#3543,#3862,#1231,.T.);
#3412=EDGE_CURVE('',#3501,#3552,#1232,.T.);
#3413=EDGE_CURVE('',#3553,#3510,#1233,.T.);
#3414=EDGE_CURVE('',#3548,#3509,#1234,.T.);
#3415=EDGE_CURVE('',#3502,#3551,#1235,.T.);
#3416=EDGE_CURVE('',#3549,#3518,#1236,.T.);
#3417=EDGE_CURVE('',#3485,#3551,#1237,.T.);
#3418=EDGE_CURVE('',#3550,#3517,#1238,.T.);
#3419=EDGE_CURVE('',#3486,#3550,#1239,.T.);
#3420=EDGE_CURVE('',#3815,#3773,#1240,.T.);
#3421=EDGE_CURVE('',#3774,#3814,#1241,.T.);
#3422=EDGE_CURVE('',#3757,#3813,#1242,.T.);
#3423=EDGE_CURVE('',#3810,#3769,#1243,.T.);
#3424=EDGE_CURVE('',#3758,#3812,#1244,.T.);
#3425=EDGE_CURVE('',#3810,#3768,#1245,.T.);
#3426=EDGE_CURVE('',#3770,#3811,#1246,.T.);
#3427=EDGE_CURVE('',#3811,#3771,#1247,.T.);
#3428=EDGE_CURVE('',#3609,#3820,#1248,.T.);
#3429=EDGE_CURVE('',#3821,#3626,#1249,.T.);
#3430=EDGE_CURVE('',#3816,#3625,#1250,.T.);
#3431=EDGE_CURVE('',#3610,#3819,#1251,.T.);
#3432=EDGE_CURVE('',#3817,#3622,#1252,.T.);
#3433=EDGE_CURVE('',#3593,#3819,#1253,.T.);
#3434=EDGE_CURVE('',#3818,#3621,#1254,.T.);
#3435=EDGE_CURVE('',#3594,#3818,#1255,.T.);
#3436=EDGE_CURVE('',#3537,#3496,#1256,.T.);
#3437=EDGE_CURVE('',#3538,#3495,#1257,.T.);
#3438=EDGE_CURVE('',#3899,#3830,#1258,.T.);
#3439=EDGE_CURVE('',#3900,#3825,#1259,.T.);
#3440=EDGE_CURVE('',#3645,#3604,#1260,.T.);
#3441=EDGE_CURVE('',#3646,#3603,#1261,.T.);
#3442=EDGE_CURVE('',#3808,#3739,#1262,.T.);
#3443=EDGE_CURVE('',#3809,#3734,#1263,.T.);
#3444=EDGE_CURVE('',#3904,#3904,#1264,.T.);
#3445=EDGE_CURVE('',#3905,#3905,#1265,.T.);
#3446=EDGE_CURVE('',#3906,#3906,#3962,.F.);
#3447=EDGE_CURVE('',#3907,#3907,#3963,.F.);
#3448=EDGE_CURVE('',#3908,#3908,#3964,.F.);
#3449=EDGE_CURVE('',#3909,#3909,#3965,.F.);
#3450=EDGE_CURVE('',#3910,#3910,#1266,.T.);
#3451=EDGE_CURVE('',#3911,#3911,#1267,.T.);
#3452=VERTEX_POINT('',#8380);
#3453=VERTEX_POINT('',#8382);
#3454=VERTEX_POINT('',#8385);
#3455=VERTEX_POINT('',#8387);
#3456=VERTEX_POINT('',#8393);
#3457=VERTEX_POINT('',#8395);
#3458=VERTEX_POINT('',#8398);
#3459=VERTEX_POINT('',#8400);
#3460=VERTEX_POINT('',#8406);
#3461=VERTEX_POINT('',#8408);
#3462=VERTEX_POINT('',#8411);
#3463=VERTEX_POINT('',#8414);
#3464=VERTEX_POINT('',#8415);
#3465=VERTEX_POINT('',#8417);
#3466=VERTEX_POINT('',#8419);
#3467=VERTEX_POINT('',#8421);
#3468=VERTEX_POINT('',#8425);
#3469=VERTEX_POINT('',#8427);
#3470=VERTEX_POINT('',#8429);
#3471=VERTEX_POINT('',#8431);
#3472=VERTEX_POINT('',#8433);
#3473=VERTEX_POINT('',#8434);
#3474=VERTEX_POINT('',#8436);
#3475=VERTEX_POINT('',#8438);
#3476=VERTEX_POINT('',#8442);
#3477=VERTEX_POINT('',#8444);
#3478=VERTEX_POINT('',#8446);
#3479=VERTEX_POINT('',#8448);
#3480=VERTEX_POINT('',#8450);
#3481=VERTEX_POINT('',#8451);
#3482=VERTEX_POINT('',#8453);
#3483=VERTEX_POINT('',#8455);
#3484=VERTEX_POINT('',#8459);
#3485=VERTEX_POINT('',#8460);
#3486=VERTEX_POINT('',#8462);
#3487=VERTEX_POINT('',#8464);
#3488=VERTEX_POINT('',#8468);
#3489=VERTEX_POINT('',#8469);
#3490=VERTEX_POINT('',#8471);
#3491=VERTEX_POINT('',#8473);
#3492=VERTEX_POINT('',#8475);
#3493=VERTEX_POINT('',#8479);
#3494=VERTEX_POINT('',#8480);
#3495=VERTEX_POINT('',#8486);
#3496=VERTEX_POINT('',#8488);
#3497=VERTEX_POINT('',#8494);
#3498=VERTEX_POINT('',#8496);
#3499=VERTEX_POINT('',#8499);
#3500=VERTEX_POINT('',#8502);
#3501=VERTEX_POINT('',#8503);
#3502=VERTEX_POINT('',#8505);
#3503=VERTEX_POINT('',#8507);
#3504=VERTEX_POINT('',#8510);
#3505=VERTEX_POINT('',#8512);
#3506=VERTEX_POINT('',#8514);
#3507=VERTEX_POINT('',#8516);
#3508=VERTEX_POINT('',#8519);
#3509=VERTEX_POINT('',#8520);
#3510=VERTEX_POINT('',#8522);
#3511=VERTEX_POINT('',#8524);
#3512=VERTEX_POINT('',#8530);
#3513=VERTEX_POINT('',#8532);
#3514=VERTEX_POINT('',#8534);
#3515=VERTEX_POINT('',#8536);
#3516=VERTEX_POINT('',#8538);
#3517=VERTEX_POINT('',#8539);
#3518=VERTEX_POINT('',#8541);
#3519=VERTEX_POINT('',#8543);
#3520=VERTEX_POINT('',#8547);
#3521=VERTEX_POINT('',#8550);
#3522=VERTEX_POINT('',#8553);
#3523=VERTEX_POINT('',#8556);
#3524=VERTEX_POINT('',#8559);
#3525=VERTEX_POINT('',#8562);
#3526=VERTEX_POINT('',#8565);
#3527=VERTEX_POINT('',#8568);
#3528=VERTEX_POINT('',#8571);
#3529=VERTEX_POINT('',#8574);
#3530=VERTEX_POINT('',#8577);
#3531=VERTEX_POINT('',#8580);
#3532=VERTEX_POINT('',#8583);
#3533=VERTEX_POINT('',#8586);
#3534=VERTEX_POINT('',#8589);
#3535=VERTEX_POINT('',#8592);
#3536=VERTEX_POINT('',#8603);
#3537=VERTEX_POINT('',#8604);
#3538=VERTEX_POINT('',#8606);
#3539=VERTEX_POINT('',#8631);
#3540=VERTEX_POINT('',#8639);
#3541=VERTEX_POINT('',#8684);
#3542=VERTEX_POINT('',#8687);
#3543=VERTEX_POINT('',#8688);
#3544=VERTEX_POINT('',#8690);
#3545=VERTEX_POINT('',#8692);
#3546=VERTEX_POINT('',#8694);
#3547=VERTEX_POINT('',#8696);
#3548=VERTEX_POINT('',#8699);
#3549=VERTEX_POINT('',#8700);
#3550=VERTEX_POINT('',#8702);
#3551=VERTEX_POINT('',#8704);
#3552=VERTEX_POINT('',#8706);
#3553=VERTEX_POINT('',#8708);
#3554=VERTEX_POINT('',#8711);
#3555=VERTEX_POINT('',#8712);
#3556=VERTEX_POINT('',#8714);
#3557=VERTEX_POINT('',#8716);
#3558=VERTEX_POINT('',#8718);
#3559=VERTEX_POINT('',#8720);
#3560=VERTEX_POINT('',#8722);
#3561=VERTEX_POINT('',#8724);
#3562=VERTEX_POINT('',#8726);
#3563=VERTEX_POINT('',#8728);
#3564=VERTEX_POINT('',#8730);
#3565=VERTEX_POINT('',#8732);
#3566=VERTEX_POINT('',#8734);
#3567=VERTEX_POINT('',#8736);
#3568=VERTEX_POINT('',#8738);
#3569=VERTEX_POINT('',#8740);
#3570=VERTEX_POINT('',#8742);
#3571=VERTEX_POINT('',#8746);
#3572=VERTEX_POINT('',#8747);
#3573=VERTEX_POINT('',#8749);
#3574=VERTEX_POINT('',#8751);
#3575=VERTEX_POINT('',#8753);
#3576=VERTEX_POINT('',#8757);
#3577=VERTEX_POINT('',#8759);
#3578=VERTEX_POINT('',#8761);
#3579=VERTEX_POINT('',#8763);
#3580=VERTEX_POINT('',#8765);
#3581=VERTEX_POINT('',#8766);
#3582=VERTEX_POINT('',#8768);
#3583=VERTEX_POINT('',#8770);
#3584=VERTEX_POINT('',#8774);
#3585=VERTEX_POINT('',#8776);
#3586=VERTEX_POINT('',#8778);
#3587=VERTEX_POINT('',#8780);
#3588=VERTEX_POINT('',#8782);
#3589=VERTEX_POINT('',#8783);
#3590=VERTEX_POINT('',#8785);
#3591=VERTEX_POINT('',#8787);
#3592=VERTEX_POINT('',#8791);
#3593=VERTEX_POINT('',#8792);
#3594=VERTEX_POINT('',#8794);
#3595=VERTEX_POINT('',#8796);
#3596=VERTEX_POINT('',#8800);
#3597=VERTEX_POINT('',#8801);
#3598=VERTEX_POINT('',#8803);
#3599=VERTEX_POINT('',#8805);
#3600=VERTEX_POINT('',#8807);
#3601=VERTEX_POINT('',#8811);
#3602=VERTEX_POINT('',#8812);
#3603=VERTEX_POINT('',#8818);
#3604=VERTEX_POINT('',#8820);
#3605=VERTEX_POINT('',#8826);
#3606=VERTEX_POINT('',#8828);
#3607=VERTEX_POINT('',#8831);
#3608=VERTEX_POINT('',#8834);
#3609=VERTEX_POINT('',#8835);
#3610=VERTEX_POINT('',#8837);
#3611=VERTEX_POINT('',#8839);
#3612=VERTEX_POINT('',#8842);
#3613=VERTEX_POINT('',#8844);
#3614=VERTEX_POINT('',#8846);
#3615=VERTEX_POINT('',#8848);
#3616=VERTEX_POINT('',#8851);
#3617=VERTEX_POINT('',#8853);
#3618=VERTEX_POINT('',#8855);
#3619=VERTEX_POINT('',#8857);
#3620=VERTEX_POINT('',#8859);
#3621=VERTEX_POINT('',#8860);
#3622=VERTEX_POINT('',#8862);
#3623=VERTEX_POINT('',#8864);
#3624=VERTEX_POINT('',#8868);
#3625=VERTEX_POINT('',#8869);
#3626=VERTEX_POINT('',#8871);
#3627=VERTEX_POINT('',#8873);
#3628=VERTEX_POINT('',#8879);
#3629=VERTEX_POINT('',#8882);
#3630=VERTEX_POINT('',#8885);
#3631=VERTEX_POINT('',#8888);
#3632=VERTEX_POINT('',#8891);
#3633=VERTEX_POINT('',#8894);
#3634=VERTEX_POINT('',#8897);
#3635=VERTEX_POINT('',#8900);
#3636=VERTEX_POINT('',#8903);
#3637=VERTEX_POINT('',#8906);
#3638=VERTEX_POINT('',#8909);
#3639=VERTEX_POINT('',#8912);
#3640=VERTEX_POINT('',#8915);
#3641=VERTEX_POINT('',#8918);
#3642=VERTEX_POINT('',#8921);
#3643=VERTEX_POINT('',#8924);
#3644=VERTEX_POINT('',#8935);
#3645=VERTEX_POINT('',#8936);
#3646=VERTEX_POINT('',#8938);
#3647=VERTEX_POINT('',#8963);
#3648=VERTEX_POINT('',#8971);
#3649=VERTEX_POINT('',#9016);
#3650=VERTEX_POINT('',#9018);
#3651=VERTEX_POINT('',#9021);
#3652=VERTEX_POINT('',#9022);
#3653=VERTEX_POINT('',#9024);
#3654=VERTEX_POINT('',#9026);
#3655=VERTEX_POINT('',#9030);
#3656=VERTEX_POINT('',#9031);
#3657=VERTEX_POINT('',#9033);
#3658=VERTEX_POINT('',#9035);
#3659=VERTEX_POINT('',#9039);
#3660=VERTEX_POINT('',#9040);
#3661=VERTEX_POINT('',#9042);
#3662=VERTEX_POINT('',#9044);
#3663=VERTEX_POINT('',#9048);
#3664=VERTEX_POINT('',#9049);
#3665=VERTEX_POINT('',#9051);
#3666=VERTEX_POINT('',#9053);
#3667=VERTEX_POINT('',#9057);
#3668=VERTEX_POINT('',#9058);
#3669=VERTEX_POINT('',#9060);
#3670=VERTEX_POINT('',#9062);
#3671=VERTEX_POINT('',#9066);
#3672=VERTEX_POINT('',#9067);
#3673=VERTEX_POINT('',#9069);
#3674=VERTEX_POINT('',#9071);
#3675=VERTEX_POINT('',#9075);
#3676=VERTEX_POINT('',#9076);
#3677=VERTEX_POINT('',#9078);
#3678=VERTEX_POINT('',#9080);
#3679=VERTEX_POINT('',#9084);
#3680=VERTEX_POINT('',#9085);
#3681=VERTEX_POINT('',#9087);
#3682=VERTEX_POINT('',#9089);
#3683=VERTEX_POINT('',#9093);
#3684=VERTEX_POINT('',#9094);
#3685=VERTEX_POINT('',#9096);
#3686=VERTEX_POINT('',#9098);
#3687=VERTEX_POINT('',#9102);
#3688=VERTEX_POINT('',#9103);
#3689=VERTEX_POINT('',#9105);
#3690=VERTEX_POINT('',#9107);
#3691=VERTEX_POINT('',#9111);
#3692=VERTEX_POINT('',#9112);
#3693=VERTEX_POINT('',#9114);
#3694=VERTEX_POINT('',#9116);
#3695=VERTEX_POINT('',#9120);
#3696=VERTEX_POINT('',#9121);
#3697=VERTEX_POINT('',#9123);
#3698=VERTEX_POINT('',#9125);
#3699=VERTEX_POINT('',#9129);
#3700=VERTEX_POINT('',#9130);
#3701=VERTEX_POINT('',#9132);
#3702=VERTEX_POINT('',#9134);
#3703=VERTEX_POINT('',#9138);
#3704=VERTEX_POINT('',#9139);
#3705=VERTEX_POINT('',#9141);
#3706=VERTEX_POINT('',#9143);
#3707=VERTEX_POINT('',#9147);
#3708=VERTEX_POINT('',#9148);
#3709=VERTEX_POINT('',#9150);
#3710=VERTEX_POINT('',#9152);
#3711=VERTEX_POINT('',#9156);
#3712=VERTEX_POINT('',#9157);
#3713=VERTEX_POINT('',#9159);
#3714=VERTEX_POINT('',#9161);
#3715=VERTEX_POINT('',#9165);
#3716=VERTEX_POINT('',#9167);
#3717=VERTEX_POINT('',#9177);
#3718=VERTEX_POINT('',#9188);
#3719=VERTEX_POINT('',#9202);
#3720=VERTEX_POINT('',#9214);
#3721=VERTEX_POINT('',#9228);
#3722=VERTEX_POINT('',#9240);
#3723=VERTEX_POINT('',#9254);
#3724=VERTEX_POINT('',#9266);
#3725=VERTEX_POINT('',#9270);
#3726=VERTEX_POINT('',#9282);
#3727=VERTEX_POINT('',#9294);
#3728=VERTEX_POINT('',#9308);
#3729=VERTEX_POINT('',#9320);
#3730=VERTEX_POINT('',#9334);
#3731=VERTEX_POINT('',#9346);
#3732=VERTEX_POINT('',#9375);
#3733=VERTEX_POINT('',#9376);
#3734=VERTEX_POINT('',#9383);
#3735=VERTEX_POINT('',#9385);
#3736=VERTEX_POINT('',#9389);
#3737=VERTEX_POINT('',#9391);
#3738=VERTEX_POINT('',#9393);
#3739=VERTEX_POINT('',#9397);
#3740=VERTEX_POINT('',#9404);
#3741=VERTEX_POINT('',#9408);
#3742=VERTEX_POINT('',#9409);
#3743=VERTEX_POINT('',#9411);
#3744=VERTEX_POINT('',#9413);
#3745=VERTEX_POINT('',#9417);
#3746=VERTEX_POINT('',#9418);
#3747=VERTEX_POINT('',#9423);
#3748=VERTEX_POINT('',#9427);
#3749=VERTEX_POINT('',#9437);
#3750=VERTEX_POINT('',#9438);
#3751=VERTEX_POINT('',#9440);
#3752=VERTEX_POINT('',#9445);
#3753=VERTEX_POINT('',#9447);
#3754=VERTEX_POINT('',#9449);
#3755=VERTEX_POINT('',#9454);
#3756=VERTEX_POINT('',#9455);
#3757=VERTEX_POINT('',#9460);
#3758=VERTEX_POINT('',#9462);
#3759=VERTEX_POINT('',#9466);
#3760=VERTEX_POINT('',#9470);
#3761=VERTEX_POINT('',#9471);
#3762=VERTEX_POINT('',#9473);
#3763=VERTEX_POINT('',#9478);
#3764=VERTEX_POINT('',#9488);
#3765=VERTEX_POINT('',#9489);
#3766=VERTEX_POINT('',#9494);
#3767=VERTEX_POINT('',#9495);
#3768=VERTEX_POINT('',#9500);
#3769=VERTEX_POINT('',#9502);
#3770=VERTEX_POINT('',#9506);
#3771=VERTEX_POINT('',#9508);
#3772=VERTEX_POINT('',#9512);
#3773=VERTEX_POINT('',#9519);
#3774=VERTEX_POINT('',#9521);
#3775=VERTEX_POINT('',#9527);
#3776=VERTEX_POINT('',#9529);
#3777=VERTEX_POINT('',#9532);
#3778=VERTEX_POINT('',#9534);
#3779=VERTEX_POINT('',#9537);
#3780=VERTEX_POINT('',#9539);
#3781=VERTEX_POINT('',#9542);
#3782=VERTEX_POINT('',#9544);
#3783=VERTEX_POINT('',#9547);
#3784=VERTEX_POINT('',#9549);
#3785=VERTEX_POINT('',#9552);
#3786=VERTEX_POINT('',#9554);
#3787=VERTEX_POINT('',#9557);
#3788=VERTEX_POINT('',#9559);
#3789=VERTEX_POINT('',#9562);
#3790=VERTEX_POINT('',#9564);
#3791=VERTEX_POINT('',#9567);
#3792=VERTEX_POINT('',#9570);
#3793=VERTEX_POINT('',#9573);
#3794=VERTEX_POINT('',#9576);
#3795=VERTEX_POINT('',#9579);
#3796=VERTEX_POINT('',#9582);
#3797=VERTEX_POINT('',#9585);
#3798=VERTEX_POINT('',#9588);
#3799=VERTEX_POINT('',#9591);
#3800=VERTEX_POINT('',#9594);
#3801=VERTEX_POINT('',#9597);
#3802=VERTEX_POINT('',#9600);
#3803=VERTEX_POINT('',#9603);
#3804=VERTEX_POINT('',#9606);
#3805=VERTEX_POINT('',#9609);
#3806=VERTEX_POINT('',#9612);
#3807=VERTEX_POINT('',#9623);
#3808=VERTEX_POINT('',#9625);
#3809=VERTEX_POINT('',#9626);
#3810=VERTEX_POINT('',#9645);
#3811=VERTEX_POINT('',#9646);
#3812=VERTEX_POINT('',#9648);
#3813=VERTEX_POINT('',#9650);
#3814=VERTEX_POINT('',#9652);
#3815=VERTEX_POINT('',#9654);
#3816=VERTEX_POINT('',#9657);
#3817=VERTEX_POINT('',#9658);
#3818=VERTEX_POINT('',#9660);
#3819=VERTEX_POINT('',#9662);
#3820=VERTEX_POINT('',#9664);
#3821=VERTEX_POINT('',#9666);
#3822=VERTEX_POINT('',#9670);
#3823=VERTEX_POINT('',#9673);
#3824=VERTEX_POINT('',#9674);
#3825=VERTEX_POINT('',#9681);
#3826=VERTEX_POINT('',#9683);
#3827=VERTEX_POINT('',#9687);
#3828=VERTEX_POINT('',#9689);
#3829=VERTEX_POINT('',#9691);
#3830=VERTEX_POINT('',#9695);
#3831=VERTEX_POINT('',#9702);
#3832=VERTEX_POINT('',#9706);
#3833=VERTEX_POINT('',#9707);
#3834=VERTEX_POINT('',#9709);
#3835=VERTEX_POINT('',#9711);
#3836=VERTEX_POINT('',#9715);
#3837=VERTEX_POINT('',#9716);
#3838=VERTEX_POINT('',#9721);
#3839=VERTEX_POINT('',#9725);
#3840=VERTEX_POINT('',#9735);
#3841=VERTEX_POINT('',#9736);
#3842=VERTEX_POINT('',#9738);
#3843=VERTEX_POINT('',#9743);
#3844=VERTEX_POINT('',#9745);
#3845=VERTEX_POINT('',#9747);
#3846=VERTEX_POINT('',#9752);
#3847=VERTEX_POINT('',#9753);
#3848=VERTEX_POINT('',#9758);
#3849=VERTEX_POINT('',#9760);
#3850=VERTEX_POINT('',#9764);
#3851=VERTEX_POINT('',#9768);
#3852=VERTEX_POINT('',#9769);
#3853=VERTEX_POINT('',#9771);
#3854=VERTEX_POINT('',#9776);
#3855=VERTEX_POINT('',#9786);
#3856=VERTEX_POINT('',#9787);
#3857=VERTEX_POINT('',#9792);
#3858=VERTEX_POINT('',#9793);
#3859=VERTEX_POINT('',#9798);
#3860=VERTEX_POINT('',#9800);
#3861=VERTEX_POINT('',#9804);
#3862=VERTEX_POINT('',#9806);
#3863=VERTEX_POINT('',#9810);
#3864=VERTEX_POINT('',#9817);
#3865=VERTEX_POINT('',#9819);
#3866=VERTEX_POINT('',#9825);
#3867=VERTEX_POINT('',#9827);
#3868=VERTEX_POINT('',#9830);
#3869=VERTEX_POINT('',#9832);
#3870=VERTEX_POINT('',#9835);
#3871=VERTEX_POINT('',#9837);
#3872=VERTEX_POINT('',#9840);
#3873=VERTEX_POINT('',#9842);
#3874=VERTEX_POINT('',#9845);
#3875=VERTEX_POINT('',#9847);
#3876=VERTEX_POINT('',#9850);
#3877=VERTEX_POINT('',#9852);
#3878=VERTEX_POINT('',#9855);
#3879=VERTEX_POINT('',#9857);
#3880=VERTEX_POINT('',#9860);
#3881=VERTEX_POINT('',#9862);
#3882=VERTEX_POINT('',#9865);
#3883=VERTEX_POINT('',#9868);
#3884=VERTEX_POINT('',#9871);
#3885=VERTEX_POINT('',#9874);
#3886=VERTEX_POINT('',#9877);
#3887=VERTEX_POINT('',#9880);
#3888=VERTEX_POINT('',#9883);
#3889=VERTEX_POINT('',#9886);
#3890=VERTEX_POINT('',#9889);
#3891=VERTEX_POINT('',#9892);
#3892=VERTEX_POINT('',#9895);
#3893=VERTEX_POINT('',#9898);
#3894=VERTEX_POINT('',#9901);
#3895=VERTEX_POINT('',#9904);
#3896=VERTEX_POINT('',#9907);
#3897=VERTEX_POINT('',#9910);
#3898=VERTEX_POINT('',#9921);
#3899=VERTEX_POINT('',#9923);
#3900=VERTEX_POINT('',#9924);
#3901=VERTEX_POINT('',#9943);
#3902=VERTEX_POINT('',#9945);
#3903=VERTEX_POINT('',#9948);
#3904=VERTEX_POINT('',#10761);
#3905=VERTEX_POINT('',#10763);
#3906=VERTEX_POINT('',#10766);
#3907=VERTEX_POINT('',#10768);
#3908=VERTEX_POINT('',#10774);
#3909=VERTEX_POINT('',#10776);
#3910=VERTEX_POINT('',#10779);
#3911=VERTEX_POINT('',#10781);
#3912=ELLIPSE('',#5787,0.0222520388095038,0.02);
#3913=ELLIPSE('',#5788,0.0200268349285536,0.018);
#3914=ELLIPSE('',#5799,0.0222520388095038,0.02);
#3915=ELLIPSE('',#5800,0.0200268349285534,0.018);
#3916=ELLIPSE('',#5805,0.0223076689065276,0.02005);
#3917=ELLIPSE('',#5806,0.0223076689065276,0.02005);
#3918=ELLIPSE('',#5808,0.0223076689065276,0.02005);
#3919=ELLIPSE('',#5823,0.0368896023733446,0.03235);
#3920=ELLIPSE('',#5831,0.0285157929892342,0.02635);
#3921=ELLIPSE('',#5889,0.00558789020908125,0.004);
#3922=ELLIPSE('',#5895,0.00565685424949238,0.004);
#3923=ELLIPSE('',#5919,0.00558789020908125,0.004);
#3924=ELLIPSE('',#5933,0.00565685424949238,0.004);
#3925=ELLIPSE('',#5941,0.0248666533696205,0.02235);
#3926=ELLIPSE('',#5943,0.0404430805362732,0.03635);
#3927=ELLIPSE('',#5944,0.00890081552380151,0.008);
#3928=ELLIPSE('',#5945,0.00890081552380151,0.008);
#3929=ELLIPSE('',#5946,0.00890081552380151,0.008);
#3930=ELLIPSE('',#5947,0.0404430805362732,0.03635);
#3931=ELLIPSE('',#5948,0.00890081552380151,0.008);
#3932=ELLIPSE('',#5963,0.0368896023733446,0.03235);
#3933=ELLIPSE('',#5971,0.0285157929892342,0.02635);
#3934=ELLIPSE('',#6029,0.00558789020908125,0.004);
#3935=ELLIPSE('',#6035,0.00565685424949238,0.004);
#3936=ELLIPSE('',#6059,0.00558789020908125,0.004);
#3937=ELLIPSE('',#6073,0.00565685424949238,0.004);
#3938=ELLIPSE('',#6081,0.0248666533696205,0.02235);
#3939=ELLIPSE('',#6082,0.0223076689065276,0.02005);
#3940=ELLIPSE('',#6191,0.00565685424949238,0.004);
#3941=ELLIPSE('',#6210,0.00558789020908125,0.004);
#3942=ELLIPSE('',#6227,0.00565685424949238,0.004);
#3943=ELLIPSE('',#6239,0.00558789020908125,0.004);
#3944=ELLIPSE('',#6302,0.0285157929892342,0.02635);
#3945=ELLIPSE('',#6306,0.0368896023733446,0.03235);
#3946=ELLIPSE('',#6311,0.0404430805362732,0.03635);
#3947=ELLIPSE('',#6312,0.00890081552380151,0.008);
#3948=ELLIPSE('',#6313,0.00890081552380151,0.008);
#3949=ELLIPSE('',#6314,0.00890081552380151,0.008);
#3950=ELLIPSE('',#6315,0.0404430805362732,0.03635);
#3951=ELLIPSE('',#6316,0.00890081552380151,0.008);
#3952=ELLIPSE('',#6318,0.0248666533696205,0.02235);
#3953=ELLIPSE('',#6331,0.00565685424949238,0.004);
#3954=ELLIPSE('',#6350,0.00558789020908125,0.004);
#3955=ELLIPSE('',#6367,0.00565685424949238,0.004);
#3956=ELLIPSE('',#6379,0.00558789020908125,0.004);
#3957=ELLIPSE('',#6442,0.0285157929892342,0.02635);
#3958=ELLIPSE('',#6446,0.0368896023733446,0.03235);
#3959=ELLIPSE('',#6451,0.0248666533696205,0.02235);
#3960=ELLIPSE('',#6452,0.0223076689065276,0.02005);
#3961=ELLIPSE('',#6454,0.0223076689065276,0.02005);
#3962=ELLIPSE('',#6525,0.0222520388095038,0.02);
#3963=ELLIPSE('',#6526,0.0200268349285534,0.018);
#3964=ELLIPSE('',#6531,0.0222520388095038,0.02);
#3965=ELLIPSE('',#6532,0.0200268349285536,0.018);
#3966=EDGE_LOOP('',(#1268));
#3967=EDGE_LOOP('',(#1269));
#3968=EDGE_LOOP('',(#1270));
#3969=EDGE_LOOP('',(#1271));
#3970=EDGE_LOOP('',(#1272));
#3971=EDGE_LOOP('',(#1273));
#3972=EDGE_LOOP('',(#1274));
#3973=EDGE_LOOP('',(#1275));
#3974=EDGE_LOOP('',(#1276));
#3975=EDGE_LOOP('',(#1277));
#3976=EDGE_LOOP('',(#1278));
#3977=EDGE_LOOP('',(#1279));
#3978=EDGE_LOOP('',(#1280));
#3979=EDGE_LOOP('',(#1281));
#3980=EDGE_LOOP('',(#1282));
#3981=EDGE_LOOP('',(#1283));
#3982=EDGE_LOOP('',(#1284));
#3983=EDGE_LOOP('',(#1285));
#3984=EDGE_LOOP('',(#1286));
#3985=EDGE_LOOP('',(#1287));
#3986=EDGE_LOOP('',(#1288,#1289,#1290,#1291,#1292));
#3987=EDGE_LOOP('',(#1293));
#3988=EDGE_LOOP('',(#1294));
#3989=EDGE_LOOP('',(#1295));
#3990=EDGE_LOOP('',(#1296));
#3991=EDGE_LOOP('',(#1297,#1298,#1299,#1300));
#3992=EDGE_LOOP('',(#1301));
#3993=EDGE_LOOP('',(#1302));
#3994=EDGE_LOOP('',(#1303));
#3995=EDGE_LOOP('',(#1304));
#3996=EDGE_LOOP('',(#1305,#1306,#1307,#1308));
#3997=EDGE_LOOP('',(#1309,#1310,#1311,#1312));
#3998=EDGE_LOOP('',(#1313,#1314,#1315,#1316,#1317));
#3999=EDGE_LOOP('',(#1318,#1319,#1320,#1321,#1322,#1323));
#4000=EDGE_LOOP('',(#1324));
#4001=EDGE_LOOP('',(#1325,#1326,#1327,#1328));
#4002=EDGE_LOOP('',(#1329));
#4003=EDGE_LOOP('',(#1330));
#4004=EDGE_LOOP('',(#1331));
#4005=EDGE_LOOP('',(#1332));
#4006=EDGE_LOOP('',(#1333,#1334,#1335,#1336,#1337,#1338,#1339,#1340));
#4007=EDGE_LOOP('',(#1341));
#4008=EDGE_LOOP('',(#1342));
#4009=EDGE_LOOP('',(#1343));
#4010=EDGE_LOOP('',(#1344));
#4011=EDGE_LOOP('',(#1345,#1346,#1347,#1348));
#4012=EDGE_LOOP('',(#1349));
#4013=EDGE_LOOP('',(#1350));
#4014=EDGE_LOOP('',(#1351));
#4015=EDGE_LOOP('',(#1352));
#4016=EDGE_LOOP('',(#1353));
#4017=EDGE_LOOP('',(#1354));
#4018=EDGE_LOOP('',(#1355));
#4019=EDGE_LOOP('',(#1356));
#4020=EDGE_LOOP('',(#1357));
#4021=EDGE_LOOP('',(#1358));
#4022=EDGE_LOOP('',(#1359));
#4023=EDGE_LOOP('',(#1360));
#4024=EDGE_LOOP('',(#1361));
#4025=EDGE_LOOP('',(#1362));
#4026=EDGE_LOOP('',(#1363));
#4027=EDGE_LOOP('',(#1364));
#4028=EDGE_LOOP('',(#1365));
#4029=EDGE_LOOP('',(#1366));
#4030=EDGE_LOOP('',(#1367));
#4031=EDGE_LOOP('',(#1368));
#4032=EDGE_LOOP('',(#1369));
#4033=EDGE_LOOP('',(#1370));
#4034=EDGE_LOOP('',(#1371));
#4035=EDGE_LOOP('',(#1372));
#4036=EDGE_LOOP('',(#1373));
#4037=EDGE_LOOP('',(#1374));
#4038=EDGE_LOOP('',(#1375));
#4039=EDGE_LOOP('',(#1376));
#4040=EDGE_LOOP('',(#1377));
#4041=EDGE_LOOP('',(#1378));
#4042=EDGE_LOOP('',(#1379));
#4043=EDGE_LOOP('',(#1380));
#4044=EDGE_LOOP('',(#1381));
#4045=EDGE_LOOP('',(#1382));
#4046=EDGE_LOOP('',(#1383));
#4047=EDGE_LOOP('',(#1384));
#4048=EDGE_LOOP('',(#1385));
#4049=EDGE_LOOP('',(#1386));
#4050=EDGE_LOOP('',(#1387));
#4051=EDGE_LOOP('',(#1388));
#4052=EDGE_LOOP('',(#1389));
#4053=EDGE_LOOP('',(#1390));
#4054=EDGE_LOOP('',(#1391));
#4055=EDGE_LOOP('',(#1392));
#4056=EDGE_LOOP('',(#1393));
#4057=EDGE_LOOP('',(#1394));
#4058=EDGE_LOOP('',(#1395));
#4059=EDGE_LOOP('',(#1396));
#4060=EDGE_LOOP('',(#1397,#1398,#1399));
#4061=EDGE_LOOP('',(#1400,#1401,#1402,#1403));
#4062=EDGE_LOOP('',(#1404,#1405,#1406));
#4063=EDGE_LOOP('',(#1407,#1408,#1409,#1410));
#4064=EDGE_LOOP('',(#1411,#1412,#1413,#1414));
#4065=EDGE_LOOP('',(#1415,#1416,#1417,#1418));
#4066=EDGE_LOOP('',(#1419,#1420,#1421,#1422));
#4067=EDGE_LOOP('',(#1423,#1424,#1425,#1426));
#4068=EDGE_LOOP('',(#1427,#1428,#1429,#1430));
#4069=EDGE_LOOP('',(#1431,#1432,#1433,#1434,#1435));
#4070=EDGE_LOOP('',(#1436,#1437,#1438,#1439));
#4071=EDGE_LOOP('',(#1440,#1441,#1442,#1443,#1444));
#4072=EDGE_LOOP('',(#1445,#1446,#1447));
#4073=EDGE_LOOP('',(#1448,#1449,#1450,#1451));
#4074=EDGE_LOOP('',(#1452,#1453,#1454,#1455));
#4075=EDGE_LOOP('',(#1456,#1457,#1458,#1459,#1460,#1461,#1462,#1463));
#4076=EDGE_LOOP('',(#1464,#1465,#1466,#1467));
#4077=EDGE_LOOP('',(#1468,#1469,#1470));
#4078=EDGE_LOOP('',(#1471,#1472,#1473));
#4079=EDGE_LOOP('',(#1474,#1475,#1476,#1477));
#4080=EDGE_LOOP('',(#1478,#1479,#1480,#1481));
#4081=EDGE_LOOP('',(#1482,#1483,#1484,#1485));
#4082=EDGE_LOOP('',(#1486,#1487,#1488,#1489,#1490));
#4083=EDGE_LOOP('',(#1491,#1492,#1493,#1494));
#4084=EDGE_LOOP('',(#1495));
#4085=EDGE_LOOP('',(#1496));
#4086=EDGE_LOOP('',(#1497,#1498,#1499,#1500,#1501,#1502));
#4087=EDGE_LOOP('',(#1503,#1504,#1505,#1506,#1507,#1508));
#4088=EDGE_LOOP('',(#1509,#1510,#1511,#1512,#1513,#1514,#1515,#1516,#1517,
#1518,#1519,#1520,#1521,#1522,#1523,#1524,#1525));
#4089=EDGE_LOOP('',(#1526,#1527,#1528,#1529,#1530));
#4090=EDGE_LOOP('',(#1531));
#4091=EDGE_LOOP('',(#1532));
#4092=EDGE_LOOP('',(#1533));
#4093=EDGE_LOOP('',(#1534));
#4094=EDGE_LOOP('',(#1535,#1536,#1537,#1538));
#4095=EDGE_LOOP('',(#1539));
#4096=EDGE_LOOP('',(#1540));
#4097=EDGE_LOOP('',(#1541));
#4098=EDGE_LOOP('',(#1542));
#4099=EDGE_LOOP('',(#1543,#1544,#1545,#1546));
#4100=EDGE_LOOP('',(#1547,#1548,#1549,#1550));
#4101=EDGE_LOOP('',(#1551,#1552,#1553,#1554,#1555));
#4102=EDGE_LOOP('',(#1556,#1557,#1558,#1559,#1560,#1561));
#4103=EDGE_LOOP('',(#1562));
#4104=EDGE_LOOP('',(#1563,#1564,#1565,#1566));
#4105=EDGE_LOOP('',(#1567));
#4106=EDGE_LOOP('',(#1568));
#4107=EDGE_LOOP('',(#1569));
#4108=EDGE_LOOP('',(#1570));
#4109=EDGE_LOOP('',(#1571));
#4110=EDGE_LOOP('',(#1572));
#4111=EDGE_LOOP('',(#1573));
#4112=EDGE_LOOP('',(#1574));
#4113=EDGE_LOOP('',(#1575,#1576,#1577,#1578));
#4114=EDGE_LOOP('',(#1579,#1580,#1581,#1582,#1583,#1584,#1585,#1586));
#4115=EDGE_LOOP('',(#1587));
#4116=EDGE_LOOP('',(#1588));
#4117=EDGE_LOOP('',(#1589));
#4118=EDGE_LOOP('',(#1590));
#4119=EDGE_LOOP('',(#1591));
#4120=EDGE_LOOP('',(#1592));
#4121=EDGE_LOOP('',(#1593));
#4122=EDGE_LOOP('',(#1594));
#4123=EDGE_LOOP('',(#1595));
#4124=EDGE_LOOP('',(#1596));
#4125=EDGE_LOOP('',(#1597));
#4126=EDGE_LOOP('',(#1598));
#4127=EDGE_LOOP('',(#1599));
#4128=EDGE_LOOP('',(#1600));
#4129=EDGE_LOOP('',(#1601));
#4130=EDGE_LOOP('',(#1602));
#4131=EDGE_LOOP('',(#1603));
#4132=EDGE_LOOP('',(#1604));
#4133=EDGE_LOOP('',(#1605));
#4134=EDGE_LOOP('',(#1606));
#4135=EDGE_LOOP('',(#1607));
#4136=EDGE_LOOP('',(#1608));
#4137=EDGE_LOOP('',(#1609));
#4138=EDGE_LOOP('',(#1610));
#4139=EDGE_LOOP('',(#1611));
#4140=EDGE_LOOP('',(#1612));
#4141=EDGE_LOOP('',(#1613));
#4142=EDGE_LOOP('',(#1614));
#4143=EDGE_LOOP('',(#1615));
#4144=EDGE_LOOP('',(#1616));
#4145=EDGE_LOOP('',(#1617));
#4146=EDGE_LOOP('',(#1618));
#4147=EDGE_LOOP('',(#1619));
#4148=EDGE_LOOP('',(#1620));
#4149=EDGE_LOOP('',(#1621));
#4150=EDGE_LOOP('',(#1622));
#4151=EDGE_LOOP('',(#1623));
#4152=EDGE_LOOP('',(#1624));
#4153=EDGE_LOOP('',(#1625));
#4154=EDGE_LOOP('',(#1626));
#4155=EDGE_LOOP('',(#1627));
#4156=EDGE_LOOP('',(#1628));
#4157=EDGE_LOOP('',(#1629));
#4158=EDGE_LOOP('',(#1630));
#4159=EDGE_LOOP('',(#1631));
#4160=EDGE_LOOP('',(#1632));
#4161=EDGE_LOOP('',(#1633));
#4162=EDGE_LOOP('',(#1634));
#4163=EDGE_LOOP('',(#1635,#1636,#1637));
#4164=EDGE_LOOP('',(#1638,#1639,#1640,#1641));
#4165=EDGE_LOOP('',(#1642,#1643,#1644));
#4166=EDGE_LOOP('',(#1645,#1646,#1647,#1648));
#4167=EDGE_LOOP('',(#1649,#1650,#1651,#1652));
#4168=EDGE_LOOP('',(#1653,#1654,#1655,#1656));
#4169=EDGE_LOOP('',(#1657,#1658,#1659,#1660));
#4170=EDGE_LOOP('',(#1661,#1662,#1663,#1664));
#4171=EDGE_LOOP('',(#1665,#1666,#1667,#1668));
#4172=EDGE_LOOP('',(#1669,#1670,#1671,#1672,#1673));
#4173=EDGE_LOOP('',(#1674,#1675,#1676,#1677));
#4174=EDGE_LOOP('',(#1678,#1679,#1680,#1681,#1682));
#4175=EDGE_LOOP('',(#1683,#1684,#1685));
#4176=EDGE_LOOP('',(#1686,#1687,#1688,#1689));
#4177=EDGE_LOOP('',(#1690,#1691,#1692,#1693));
#4178=EDGE_LOOP('',(#1694,#1695,#1696,#1697,#1698,#1699,#1700,#1701));
#4179=EDGE_LOOP('',(#1702,#1703,#1704,#1705));
#4180=EDGE_LOOP('',(#1706,#1707,#1708));
#4181=EDGE_LOOP('',(#1709,#1710,#1711));
#4182=EDGE_LOOP('',(#1712,#1713,#1714,#1715));
#4183=EDGE_LOOP('',(#1716,#1717,#1718,#1719));
#4184=EDGE_LOOP('',(#1720,#1721,#1722,#1723));
#4185=EDGE_LOOP('',(#1724,#1725,#1726,#1727,#1728));
#4186=EDGE_LOOP('',(#1729,#1730,#1731,#1732));
#4187=EDGE_LOOP('',(#1733));
#4188=EDGE_LOOP('',(#1734));
#4189=EDGE_LOOP('',(#1735,#1736,#1737,#1738));
#4190=EDGE_LOOP('',(#1739,#1740,#1741,#1742));
#4191=EDGE_LOOP('',(#1743,#1744,#1745,#1746));
#4192=EDGE_LOOP('',(#1747,#1748,#1749,#1750));
#4193=EDGE_LOOP('',(#1751,#1752,#1753,#1754));
#4194=EDGE_LOOP('',(#1755,#1756,#1757,#1758));
#4195=EDGE_LOOP('',(#1759,#1760,#1761,#1762));
#4196=EDGE_LOOP('',(#1763,#1764,#1765,#1766));
#4197=EDGE_LOOP('',(#1767,#1768,#1769,#1770));
#4198=EDGE_LOOP('',(#1771,#1772,#1773,#1774));
#4199=EDGE_LOOP('',(#1775,#1776,#1777,#1778));
#4200=EDGE_LOOP('',(#1779,#1780,#1781,#1782));
#4201=EDGE_LOOP('',(#1783,#1784,#1785,#1786));
#4202=EDGE_LOOP('',(#1787,#1788,#1789,#1790));
#4203=EDGE_LOOP('',(#1791,#1792,#1793,#1794));
#4204=EDGE_LOOP('',(#1795,#1796,#1797,#1798));
#4205=EDGE_LOOP('',(#1799,#1800,#1801,#1802));
#4206=EDGE_LOOP('',(#1803,#1804,#1805));
#4207=EDGE_LOOP('',(#1806,#1807,#1808));
#4208=EDGE_LOOP('',(#1809,#1810,#1811,#1812));
#4209=EDGE_LOOP('',(#1813,#1814,#1815,#1816));
#4210=EDGE_LOOP('',(#1817,#1818,#1819,#1820));
#4211=EDGE_LOOP('',(#1821,#1822,#1823,#1824));
#4212=EDGE_LOOP('',(#1825,#1826,#1827,#1828));
#4213=EDGE_LOOP('',(#1829,#1830,#1831));
#4214=EDGE_LOOP('',(#1832,#1833,#1834));
#4215=EDGE_LOOP('',(#1835,#1836,#1837));
#4216=EDGE_LOOP('',(#1838,#1839,#1840));
#4217=EDGE_LOOP('',(#1841,#1842,#1843,#1844));
#4218=EDGE_LOOP('',(#1845,#1846,#1847,#1848));
#4219=EDGE_LOOP('',(#1849,#1850,#1851,#1852));
#4220=EDGE_LOOP('',(#1853,#1854,#1855,#1856));
#4221=EDGE_LOOP('',(#1857,#1858,#1859,#1860));
#4222=EDGE_LOOP('',(#1861,#1862,#1863,#1864));
#4223=EDGE_LOOP('',(#1865,#1866,#1867));
#4224=EDGE_LOOP('',(#1868,#1869,#1870));
#4225=EDGE_LOOP('',(#1871,#1872,#1873));
#4226=EDGE_LOOP('',(#1874,#1875,#1876));
#4227=EDGE_LOOP('',(#1877,#1878,#1879,#1880));
#4228=EDGE_LOOP('',(#1881,#1882,#1883,#1884));
#4229=EDGE_LOOP('',(#1885,#1886,#1887,#1888));
#4230=EDGE_LOOP('',(#1889,#1890,#1891,#1892));
#4231=EDGE_LOOP('',(#1893,#1894,#1895,#1896));
#4232=EDGE_LOOP('',(#1897,#1898,#1899,#1900));
#4233=EDGE_LOOP('',(#1901,#1902,#1903));
#4234=EDGE_LOOP('',(#1904,#1905,#1906));
#4235=EDGE_LOOP('',(#1907,#1908,#1909));
#4236=EDGE_LOOP('',(#1910,#1911,#1912));
#4237=EDGE_LOOP('',(#1913,#1914,#1915,#1916));
#4238=EDGE_LOOP('',(#1917,#1918,#1919,#1920));
#4239=EDGE_LOOP('',(#1921,#1922,#1923,#1924));
#4240=EDGE_LOOP('',(#1925,#1926,#1927,#1928));
#4241=EDGE_LOOP('',(#1929,#1930,#1931,#1932));
#4242=EDGE_LOOP('',(#1933,#1934,#1935,#1936));
#4243=EDGE_LOOP('',(#1937,#1938,#1939,#1940));
#4244=EDGE_LOOP('',(#1941,#1942,#1943));
#4245=EDGE_LOOP('',(#1944,#1945,#1946));
#4246=EDGE_LOOP('',(#1947,#1948,#1949));
#4247=EDGE_LOOP('',(#1950,#1951,#1952,#1953));
#4248=EDGE_LOOP('',(#1954,#1955,#1956,#1957));
#4249=EDGE_LOOP('',(#1958,#1959,#1960,#1961));
#4250=EDGE_LOOP('',(#1962,#1963,#1964,#1965));
#4251=EDGE_LOOP('',(#1966,#1967,#1968,#1969));
#4252=EDGE_LOOP('',(#1970,#1971,#1972,#1973));
#4253=EDGE_LOOP('',(#1974,#1975,#1976));
#4254=EDGE_LOOP('',(#1977,#1978,#1979,#1980));
#4255=EDGE_LOOP('',(#1981,#1982,#1983));
#4256=EDGE_LOOP('',(#1984,#1985,#1986));
#4257=EDGE_LOOP('',(#1987,#1988,#1989,#1990));
#4258=EDGE_LOOP('',(#1991,#1992,#1993,#1994));
#4259=EDGE_LOOP('',(#1995,#1996,#1997,#1998));
#4260=EDGE_LOOP('',(#1999,#2000,#2001,#2002));
#4261=EDGE_LOOP('',(#2003,#2004,#2005,#2006));
#4262=EDGE_LOOP('',(#2007,#2008,#2009,#2010));
#4263=EDGE_LOOP('',(#2011,#2012,#2013));
#4264=EDGE_LOOP('',(#2014,#2015,#2016));
#4265=EDGE_LOOP('',(#2017,#2018,#2019));
#4266=EDGE_LOOP('',(#2020,#2021,#2022));
#4267=EDGE_LOOP('',(#2023,#2024,#2025,#2026));
#4268=EDGE_LOOP('',(#2027,#2028,#2029,#2030));
#4269=EDGE_LOOP('',(#2031,#2032,#2033,#2034));
#4270=EDGE_LOOP('',(#2035,#2036,#2037,#2038));
#4271=EDGE_LOOP('',(#2039,#2040,#2041,#2042));
#4272=EDGE_LOOP('',(#2043,#2044,#2045,#2046));
#4273=EDGE_LOOP('',(#2047,#2048,#2049,#2050));
#4274=EDGE_LOOP('',(#2051,#2052,#2053));
#4275=EDGE_LOOP('',(#2054,#2055,#2056));
#4276=EDGE_LOOP('',(#2057,#2058,#2059));
#4277=EDGE_LOOP('',(#2060,#2061,#2062));
#4278=EDGE_LOOP('',(#2063,#2064,#2065,#2066));
#4279=EDGE_LOOP('',(#2067,#2068,#2069,#2070));
#4280=EDGE_LOOP('',(#2071,#2072,#2073,#2074));
#4281=EDGE_LOOP('',(#2075,#2076,#2077,#2078));
#4282=EDGE_LOOP('',(#2079,#2080,#2081));
#4283=EDGE_LOOP('',(#2082,#2083,#2084));
#4284=EDGE_LOOP('',(#2085,#2086,#2087,#2088));
#4285=EDGE_LOOP('',(#2089,#2090,#2091,#2092));
#4286=EDGE_LOOP('',(#2093,#2094,#2095,#2096,#2097));
#4287=EDGE_LOOP('',(#2098,#2099,#2100,#2101));
#4288=EDGE_LOOP('',(#2102,#2103,#2104,#2105));
#4289=EDGE_LOOP('',(#2106,#2107,#2108,#2109));
#4290=EDGE_LOOP('',(#2110,#2111,#2112));
#4291=EDGE_LOOP('',(#2113,#2114,#2115));
#4292=EDGE_LOOP('',(#2116,#2117,#2118,#2119));
#4293=EDGE_LOOP('',(#2120,#2121,#2122,#2123,#2124,#2125,#2126,#2127));
#4294=EDGE_LOOP('',(#2128,#2129,#2130,#2131));
#4295=EDGE_LOOP('',(#2132,#2133,#2134,#2135));
#4296=EDGE_LOOP('',(#2136,#2137,#2138));
#4297=EDGE_LOOP('',(#2139,#2140,#2141,#2142,#2143));
#4298=EDGE_LOOP('',(#2144,#2145,#2146,#2147));
#4299=EDGE_LOOP('',(#2148,#2149,#2150,#2151,#2152));
#4300=EDGE_LOOP('',(#2153,#2154,#2155,#2156));
#4301=EDGE_LOOP('',(#2157,#2158,#2159,#2160));
#4302=EDGE_LOOP('',(#2161,#2162,#2163,#2164));
#4303=EDGE_LOOP('',(#2165,#2166,#2167,#2168));
#4304=EDGE_LOOP('',(#2169,#2170,#2171,#2172));
#4305=EDGE_LOOP('',(#2173,#2174,#2175,#2176));
#4306=EDGE_LOOP('',(#2177,#2178,#2179));
#4307=EDGE_LOOP('',(#2180,#2181,#2182,#2183));
#4308=EDGE_LOOP('',(#2184,#2185,#2186));
#4309=EDGE_LOOP('',(#2187));
#4310=EDGE_LOOP('',(#2188));
#4311=EDGE_LOOP('',(#2189));
#4312=EDGE_LOOP('',(#2190));
#4313=EDGE_LOOP('',(#2191));
#4314=EDGE_LOOP('',(#2192));
#4315=EDGE_LOOP('',(#2193));
#4316=EDGE_LOOP('',(#2194));
#4317=EDGE_LOOP('',(#2195));
#4318=EDGE_LOOP('',(#2196));
#4319=EDGE_LOOP('',(#2197));
#4320=EDGE_LOOP('',(#2198));
#4321=EDGE_LOOP('',(#2199));
#4322=EDGE_LOOP('',(#2200));
#4323=EDGE_LOOP('',(#2201));
#4324=EDGE_LOOP('',(#2202));
#4325=EDGE_LOOP('',(#2203));
#4326=EDGE_LOOP('',(#2204));
#4327=EDGE_LOOP('',(#2205));
#4328=EDGE_LOOP('',(#2206));
#4329=EDGE_LOOP('',(#2207));
#4330=EDGE_LOOP('',(#2208));
#4331=EDGE_LOOP('',(#2209));
#4332=EDGE_LOOP('',(#2210));
#4333=EDGE_LOOP('',(#2211));
#4334=EDGE_LOOP('',(#2212));
#4335=EDGE_LOOP('',(#2213));
#4336=EDGE_LOOP('',(#2214));
#4337=EDGE_LOOP('',(#2215));
#4338=EDGE_LOOP('',(#2216));
#4339=EDGE_LOOP('',(#2217));
#4340=EDGE_LOOP('',(#2218));
#4341=EDGE_LOOP('',(#2219));
#4342=EDGE_LOOP('',(#2220));
#4343=EDGE_LOOP('',(#2221));
#4344=EDGE_LOOP('',(#2222));
#4345=EDGE_LOOP('',(#2223));
#4346=EDGE_LOOP('',(#2224));
#4347=EDGE_LOOP('',(#2225));
#4348=EDGE_LOOP('',(#2226));
#4349=EDGE_LOOP('',(#2227));
#4350=EDGE_LOOP('',(#2228));
#4351=EDGE_LOOP('',(#2229));
#4352=EDGE_LOOP('',(#2230));
#4353=EDGE_LOOP('',(#2231));
#4354=EDGE_LOOP('',(#2232));
#4355=EDGE_LOOP('',(#2233));
#4356=EDGE_LOOP('',(#2234));
#4357=EDGE_LOOP('',(#2235,#2236,#2237,#2238,#2239,#2240,#2241,#2242));
#4358=EDGE_LOOP('',(#2243));
#4359=EDGE_LOOP('',(#2244));
#4360=EDGE_LOOP('',(#2245));
#4361=EDGE_LOOP('',(#2246));
#4362=EDGE_LOOP('',(#2247,#2248,#2249,#2250));
#4363=EDGE_LOOP('',(#2251,#2252,#2253,#2254));
#4364=EDGE_LOOP('',(#2255));
#4365=EDGE_LOOP('',(#2256));
#4366=EDGE_LOOP('',(#2257));
#4367=EDGE_LOOP('',(#2258));
#4368=EDGE_LOOP('',(#2259));
#4369=EDGE_LOOP('',(#2260,#2261,#2262,#2263,#2264,#2265));
#4370=EDGE_LOOP('',(#2266,#2267,#2268,#2269,#2270));
#4371=EDGE_LOOP('',(#2271,#2272,#2273,#2274));
#4372=EDGE_LOOP('',(#2275));
#4373=EDGE_LOOP('',(#2276));
#4374=EDGE_LOOP('',(#2277));
#4375=EDGE_LOOP('',(#2278));
#4376=EDGE_LOOP('',(#2279,#2280,#2281,#2282));
#4377=EDGE_LOOP('',(#2283));
#4378=EDGE_LOOP('',(#2284));
#4379=EDGE_LOOP('',(#2285));
#4380=EDGE_LOOP('',(#2286));
#4381=EDGE_LOOP('',(#2287,#2288,#2289,#2290));
#4382=EDGE_LOOP('',(#2291,#2292,#2293,#2294,#2295));
#4383=EDGE_LOOP('',(#2296,#2297,#2298,#2299,#2300,#2301));
#4384=EDGE_LOOP('',(#2302,#2303,#2304,#2305,#2306,#2307));
#4385=EDGE_LOOP('',(#2308,#2309,#2310,#2311,#2312,#2313,#2314,#2315,#2316,
#2317,#2318,#2319,#2320,#2321,#2322,#2323,#2324));
#4386=EDGE_LOOP('',(#2325));
#4387=EDGE_LOOP('',(#2326));
#4388=EDGE_LOOP('',(#2327,#2328,#2329,#2330));
#4389=EDGE_LOOP('',(#2331,#2332,#2333,#2334,#2335));
#4390=EDGE_LOOP('',(#2336,#2337,#2338,#2339));
#4391=EDGE_LOOP('',(#2340,#2341,#2342,#2343));
#4392=EDGE_LOOP('',(#2344,#2345,#2346,#2347));
#4393=EDGE_LOOP('',(#2348,#2349,#2350));
#4394=EDGE_LOOP('',(#2351,#2352,#2353));
#4395=EDGE_LOOP('',(#2354,#2355,#2356,#2357));
#4396=EDGE_LOOP('',(#2358,#2359,#2360,#2361,#2362,#2363,#2364,#2365));
#4397=EDGE_LOOP('',(#2366,#2367,#2368,#2369));
#4398=EDGE_LOOP('',(#2370,#2371,#2372,#2373));
#4399=EDGE_LOOP('',(#2374,#2375,#2376));
#4400=EDGE_LOOP('',(#2377,#2378,#2379,#2380,#2381));
#4401=EDGE_LOOP('',(#2382,#2383,#2384,#2385));
#4402=EDGE_LOOP('',(#2386,#2387,#2388,#2389,#2390));
#4403=EDGE_LOOP('',(#2391,#2392,#2393,#2394));
#4404=EDGE_LOOP('',(#2395,#2396,#2397,#2398));
#4405=EDGE_LOOP('',(#2399,#2400,#2401,#2402));
#4406=EDGE_LOOP('',(#2403,#2404,#2405,#2406));
#4407=EDGE_LOOP('',(#2407,#2408,#2409,#2410));
#4408=EDGE_LOOP('',(#2411,#2412,#2413,#2414));
#4409=EDGE_LOOP('',(#2415,#2416,#2417));
#4410=EDGE_LOOP('',(#2418,#2419,#2420,#2421));
#4411=EDGE_LOOP('',(#2422,#2423,#2424));
#4412=EDGE_LOOP('',(#2425));
#4413=EDGE_LOOP('',(#2426));
#4414=EDGE_LOOP('',(#2427));
#4415=EDGE_LOOP('',(#2428));
#4416=EDGE_LOOP('',(#2429));
#4417=EDGE_LOOP('',(#2430));
#4418=EDGE_LOOP('',(#2431));
#4419=EDGE_LOOP('',(#2432));
#4420=EDGE_LOOP('',(#2433));
#4421=EDGE_LOOP('',(#2434));
#4422=EDGE_LOOP('',(#2435));
#4423=EDGE_LOOP('',(#2436));
#4424=EDGE_LOOP('',(#2437));
#4425=EDGE_LOOP('',(#2438));
#4426=EDGE_LOOP('',(#2439));
#4427=EDGE_LOOP('',(#2440));
#4428=EDGE_LOOP('',(#2441));
#4429=EDGE_LOOP('',(#2442));
#4430=EDGE_LOOP('',(#2443));
#4431=EDGE_LOOP('',(#2444));
#4432=EDGE_LOOP('',(#2445));
#4433=EDGE_LOOP('',(#2446));
#4434=EDGE_LOOP('',(#2447));
#4435=EDGE_LOOP('',(#2448));
#4436=EDGE_LOOP('',(#2449));
#4437=EDGE_LOOP('',(#2450));
#4438=EDGE_LOOP('',(#2451));
#4439=EDGE_LOOP('',(#2452));
#4440=EDGE_LOOP('',(#2453));
#4441=EDGE_LOOP('',(#2454));
#4442=EDGE_LOOP('',(#2455));
#4443=EDGE_LOOP('',(#2456));
#4444=EDGE_LOOP('',(#2457));
#4445=EDGE_LOOP('',(#2458));
#4446=EDGE_LOOP('',(#2459));
#4447=EDGE_LOOP('',(#2460));
#4448=EDGE_LOOP('',(#2461));
#4449=EDGE_LOOP('',(#2462));
#4450=EDGE_LOOP('',(#2463));
#4451=EDGE_LOOP('',(#2464));
#4452=EDGE_LOOP('',(#2465));
#4453=EDGE_LOOP('',(#2466));
#4454=EDGE_LOOP('',(#2467));
#4455=EDGE_LOOP('',(#2468));
#4456=EDGE_LOOP('',(#2469));
#4457=EDGE_LOOP('',(#2470));
#4458=EDGE_LOOP('',(#2471));
#4459=EDGE_LOOP('',(#2472));
#4460=EDGE_LOOP('',(#2473,#2474,#2475,#2476,#2477,#2478,#2479,#2480));
#4461=EDGE_LOOP('',(#2481));
#4462=EDGE_LOOP('',(#2482));
#4463=EDGE_LOOP('',(#2483));
#4464=EDGE_LOOP('',(#2484));
#4465=EDGE_LOOP('',(#2485,#2486,#2487,#2488));
#4466=EDGE_LOOP('',(#2489,#2490,#2491,#2492));
#4467=EDGE_LOOP('',(#2493));
#4468=EDGE_LOOP('',(#2494));
#4469=EDGE_LOOP('',(#2495));
#4470=EDGE_LOOP('',(#2496));
#4471=EDGE_LOOP('',(#2497));
#4472=EDGE_LOOP('',(#2498,#2499,#2500,#2501,#2502,#2503));
#4473=EDGE_LOOP('',(#2504,#2505,#2506,#2507,#2508));
#4474=EDGE_LOOP('',(#2509,#2510,#2511,#2512));
#4475=EDGE_LOOP('',(#2513));
#4476=EDGE_LOOP('',(#2514));
#4477=EDGE_LOOP('',(#2515));
#4478=EDGE_LOOP('',(#2516));
#4479=EDGE_LOOP('',(#2517,#2518,#2519,#2520));
#4480=EDGE_LOOP('',(#2521));
#4481=EDGE_LOOP('',(#2522));
#4482=EDGE_LOOP('',(#2523));
#4483=EDGE_LOOP('',(#2524));
#4484=EDGE_LOOP('',(#2525,#2526,#2527,#2528));
#4485=EDGE_LOOP('',(#2529,#2530,#2531,#2532,#2533));
#4486=EDGE_LOOP('',(#2534));
#4487=EDGE_LOOP('',(#2535));
#4488=EDGE_LOOP('',(#2536));
#4489=EDGE_LOOP('',(#2537));
#4490=EDGE_LOOP('',(#2538));
#4491=EDGE_LOOP('',(#2539));
#4492=EDGE_LOOP('',(#2540));
#4493=EDGE_LOOP('',(#2541));
#4494=EDGE_LOOP('',(#2542));
#4495=EDGE_LOOP('',(#2543));
#4496=EDGE_LOOP('',(#2544));
#4497=EDGE_LOOP('',(#2545));
#4498=EDGE_LOOP('',(#2546));
#4499=EDGE_LOOP('',(#2547));
#4500=EDGE_LOOP('',(#2548,#2549,#2550,#2551));
#4501=EDGE_LOOP('',(#2552,#2553,#2554,#2555));
#4502=EDGE_LOOP('',(#2556,#2557,#2558,#2559));
#4503=EDGE_LOOP('',(#2560,#2561,#2562,#2563));
#4504=EDGE_LOOP('',(#2564,#2565,#2566));
#4505=EDGE_LOOP('',(#2567,#2568,#2569,#2570));
#4506=EDGE_LOOP('',(#2571,#2572,#2573,#2574));
#4507=EDGE_LOOP('',(#2575,#2576,#2577));
#4508=EDGE_LOOP('',(#2578,#2579,#2580,#2581));
#4509=EDGE_LOOP('',(#2582,#2583,#2584,#2585));
#4510=EDGE_LOOP('',(#2586,#2587,#2588,#2589));
#4511=EDGE_LOOP('',(#2590,#2591,#2592,#2593));
#4512=EDGE_LOOP('',(#2594,#2595,#2596));
#4513=EDGE_LOOP('',(#2597,#2598,#2599,#2600));
#4514=EDGE_LOOP('',(#2601,#2602,#2603,#2604));
#4515=EDGE_LOOP('',(#2605,#2606,#2607));
#4516=EDGE_LOOP('',(#2608,#2609,#2610,#2611));
#4517=EDGE_LOOP('',(#2612,#2613,#2614,#2615));
#4518=EDGE_LOOP('',(#2616,#2617,#2618,#2619));
#4519=EDGE_LOOP('',(#2620,#2621,#2622,#2623));
#4520=EDGE_LOOP('',(#2624,#2625,#2626));
#4521=EDGE_LOOP('',(#2627,#2628,#2629,#2630));
#4522=EDGE_LOOP('',(#2631,#2632,#2633,#2634));
#4523=EDGE_LOOP('',(#2635,#2636,#2637));
#4524=EDGE_LOOP('',(#2638,#2639,#2640,#2641));
#4525=EDGE_LOOP('',(#2642,#2643,#2644,#2645));
#4526=EDGE_LOOP('',(#2646,#2647,#2648,#2649));
#4527=EDGE_LOOP('',(#2650,#2651,#2652,#2653));
#4528=EDGE_LOOP('',(#2654,#2655,#2656));
#4529=EDGE_LOOP('',(#2657,#2658,#2659,#2660));
#4530=EDGE_LOOP('',(#2661,#2662,#2663,#2664));
#4531=EDGE_LOOP('',(#2665,#2666,#2667));
#4532=EDGE_LOOP('',(#2668,#2669,#2670));
#4533=EDGE_LOOP('',(#2671,#2672,#2673,#2674));
#4534=EDGE_LOOP('',(#2675,#2676,#2677));
#4535=EDGE_LOOP('',(#2678,#2679,#2680));
#4536=EDGE_LOOP('',(#2681,#2682,#2683,#2684));
#4537=EDGE_LOOP('',(#2685,#2686,#2687));
#4538=EDGE_LOOP('',(#2688,#2689,#2690));
#4539=EDGE_LOOP('',(#2691,#2692,#2693,#2694));
#4540=EDGE_LOOP('',(#2695,#2696,#2697));
#4541=EDGE_LOOP('',(#2698,#2699,#2700));
#4542=EDGE_LOOP('',(#2701,#2702,#2703,#2704));
#4543=EDGE_LOOP('',(#2705,#2706,#2707));
#4544=EDGE_LOOP('',(#2708));
#4545=EDGE_LOOP('',(#2709));
#4546=EDGE_LOOP('',(#2710));
#4547=EDGE_LOOP('',(#2711));
#4548=EDGE_LOOP('',(#2712));
#4549=EDGE_LOOP('',(#2713));
#4550=EDGE_LOOP('',(#2714));
#4551=EDGE_LOOP('',(#2715));
#4552=EDGE_LOOP('',(#2716));
#4553=EDGE_LOOP('',(#2717));
#4554=EDGE_LOOP('',(#2718));
#4555=EDGE_LOOP('',(#2719));
#4556=EDGE_LOOP('',(#2720));
#4557=EDGE_LOOP('',(#2721));
#4558=EDGE_LOOP('',(#2722));
#4559=EDGE_LOOP('',(#2723));
#4560=FACE_BOUND('',#3966,.T.);
#4561=FACE_BOUND('',#3967,.T.);
#4562=FACE_BOUND('',#3968,.T.);
#4563=FACE_BOUND('',#3969,.T.);
#4564=FACE_BOUND('',#3970,.T.);
#4565=FACE_BOUND('',#3971,.T.);
#4566=FACE_BOUND('',#3972,.T.);
#4567=FACE_BOUND('',#3973,.T.);
#4568=FACE_BOUND('',#3974,.T.);
#4569=FACE_BOUND('',#3975,.T.);
#4570=FACE_BOUND('',#3976,.T.);
#4571=FACE_BOUND('',#3977,.T.);
#4572=FACE_BOUND('',#3978,.T.);
#4573=FACE_BOUND('',#3979,.T.);
#4574=FACE_BOUND('',#3980,.T.);
#4575=FACE_BOUND('',#3981,.T.);
#4576=FACE_BOUND('',#3982,.T.);
#4577=FACE_BOUND('',#3983,.T.);
#4578=FACE_BOUND('',#3984,.T.);
#4579=FACE_BOUND('',#3985,.T.);
#4580=FACE_BOUND('',#3986,.T.);
#4581=FACE_BOUND('',#3987,.T.);
#4582=FACE_BOUND('',#3988,.T.);
#4583=FACE_BOUND('',#3989,.T.);
#4584=FACE_BOUND('',#3990,.T.);
#4585=FACE_BOUND('',#3991,.T.);
#4586=FACE_BOUND('',#3992,.T.);
#4587=FACE_BOUND('',#3993,.T.);
#4588=FACE_BOUND('',#3994,.T.);
#4589=FACE_BOUND('',#3995,.T.);
#4590=FACE_BOUND('',#3996,.T.);
#4591=FACE_BOUND('',#3997,.T.);
#4592=FACE_BOUND('',#3998,.T.);
#4593=FACE_BOUND('',#3999,.T.);
#4594=FACE_BOUND('',#4000,.T.);
#4595=FACE_BOUND('',#4001,.T.);
#4596=FACE_BOUND('',#4002,.T.);
#4597=FACE_BOUND('',#4003,.T.);
#4598=FACE_BOUND('',#4004,.T.);
#4599=FACE_BOUND('',#4005,.T.);
#4600=FACE_BOUND('',#4006,.T.);
#4601=FACE_BOUND('',#4007,.T.);
#4602=FACE_BOUND('',#4008,.T.);
#4603=FACE_BOUND('',#4009,.T.);
#4604=FACE_BOUND('',#4010,.T.);
#4605=FACE_BOUND('',#4011,.T.);
#4606=FACE_BOUND('',#4012,.T.);
#4607=FACE_BOUND('',#4013,.T.);
#4608=FACE_BOUND('',#4014,.T.);
#4609=FACE_BOUND('',#4015,.T.);
#4610=FACE_BOUND('',#4016,.T.);
#4611=FACE_BOUND('',#4017,.T.);
#4612=FACE_BOUND('',#4018,.T.);
#4613=FACE_BOUND('',#4019,.T.);
#4614=FACE_BOUND('',#4020,.T.);
#4615=FACE_BOUND('',#4021,.T.);
#4616=FACE_BOUND('',#4022,.T.);
#4617=FACE_BOUND('',#4023,.T.);
#4618=FACE_BOUND('',#4024,.T.);
#4619=FACE_BOUND('',#4025,.T.);
#4620=FACE_BOUND('',#4026,.T.);
#4621=FACE_BOUND('',#4027,.T.);
#4622=FACE_BOUND('',#4028,.T.);
#4623=FACE_BOUND('',#4029,.T.);
#4624=FACE_BOUND('',#4030,.T.);
#4625=FACE_BOUND('',#4031,.T.);
#4626=FACE_BOUND('',#4032,.T.);
#4627=FACE_BOUND('',#4033,.T.);
#4628=FACE_BOUND('',#4034,.T.);
#4629=FACE_BOUND('',#4035,.T.);
#4630=FACE_BOUND('',#4036,.T.);
#4631=FACE_BOUND('',#4037,.T.);
#4632=FACE_BOUND('',#4038,.T.);
#4633=FACE_BOUND('',#4039,.T.);
#4634=FACE_BOUND('',#4040,.T.);
#4635=FACE_BOUND('',#4041,.T.);
#4636=FACE_BOUND('',#4042,.T.);
#4637=FACE_BOUND('',#4043,.T.);
#4638=FACE_BOUND('',#4044,.T.);
#4639=FACE_BOUND('',#4045,.T.);
#4640=FACE_BOUND('',#4046,.T.);
#4641=FACE_BOUND('',#4047,.T.);
#4642=FACE_BOUND('',#4048,.T.);
#4643=FACE_BOUND('',#4049,.T.);
#4644=FACE_BOUND('',#4050,.T.);
#4645=FACE_BOUND('',#4051,.T.);
#4646=FACE_BOUND('',#4052,.T.);
#4647=FACE_BOUND('',#4053,.T.);
#4648=FACE_BOUND('',#4054,.T.);
#4649=FACE_BOUND('',#4055,.T.);
#4650=FACE_BOUND('',#4056,.T.);
#4651=FACE_BOUND('',#4057,.T.);
#4652=FACE_BOUND('',#4058,.T.);
#4653=FACE_BOUND('',#4059,.T.);
#4654=FACE_BOUND('',#4060,.T.);
#4655=FACE_BOUND('',#4061,.T.);
#4656=FACE_BOUND('',#4062,.T.);
#4657=FACE_BOUND('',#4063,.T.);
#4658=FACE_BOUND('',#4064,.T.);
#4659=FACE_BOUND('',#4065,.T.);
#4660=FACE_BOUND('',#4066,.T.);
#4661=FACE_BOUND('',#4067,.T.);
#4662=FACE_BOUND('',#4068,.T.);
#4663=FACE_BOUND('',#4069,.T.);
#4664=FACE_BOUND('',#4070,.T.);
#4665=FACE_BOUND('',#4071,.T.);
#4666=FACE_BOUND('',#4072,.T.);
#4667=FACE_BOUND('',#4073,.T.);
#4668=FACE_BOUND('',#4074,.T.);
#4669=FACE_BOUND('',#4075,.T.);
#4670=FACE_BOUND('',#4076,.T.);
#4671=FACE_BOUND('',#4077,.T.);
#4672=FACE_BOUND('',#4078,.T.);
#4673=FACE_BOUND('',#4079,.T.);
#4674=FACE_BOUND('',#4080,.T.);
#4675=FACE_BOUND('',#4081,.T.);
#4676=FACE_BOUND('',#4082,.T.);
#4677=FACE_BOUND('',#4083,.T.);
#4678=FACE_BOUND('',#4084,.T.);
#4679=FACE_BOUND('',#4085,.T.);
#4680=FACE_BOUND('',#4086,.T.);
#4681=FACE_BOUND('',#4087,.T.);
#4682=FACE_BOUND('',#4088,.T.);
#4683=FACE_BOUND('',#4089,.T.);
#4684=FACE_BOUND('',#4090,.T.);
#4685=FACE_BOUND('',#4091,.T.);
#4686=FACE_BOUND('',#4092,.T.);
#4687=FACE_BOUND('',#4093,.T.);
#4688=FACE_BOUND('',#4094,.T.);
#4689=FACE_BOUND('',#4095,.T.);
#4690=FACE_BOUND('',#4096,.T.);
#4691=FACE_BOUND('',#4097,.T.);
#4692=FACE_BOUND('',#4098,.T.);
#4693=FACE_BOUND('',#4099,.T.);
#4694=FACE_BOUND('',#4100,.T.);
#4695=FACE_BOUND('',#4101,.T.);
#4696=FACE_BOUND('',#4102,.T.);
#4697=FACE_BOUND('',#4103,.T.);
#4698=FACE_BOUND('',#4104,.T.);
#4699=FACE_BOUND('',#4105,.T.);
#4700=FACE_BOUND('',#4106,.T.);
#4701=FACE_BOUND('',#4107,.T.);
#4702=FACE_BOUND('',#4108,.T.);
#4703=FACE_BOUND('',#4109,.T.);
#4704=FACE_BOUND('',#4110,.T.);
#4705=FACE_BOUND('',#4111,.T.);
#4706=FACE_BOUND('',#4112,.T.);
#4707=FACE_BOUND('',#4113,.T.);
#4708=FACE_BOUND('',#4114,.T.);
#4709=FACE_BOUND('',#4115,.T.);
#4710=FACE_BOUND('',#4116,.T.);
#4711=FACE_BOUND('',#4117,.T.);
#4712=FACE_BOUND('',#4118,.T.);
#4713=FACE_BOUND('',#4119,.T.);
#4714=FACE_BOUND('',#4120,.T.);
#4715=FACE_BOUND('',#4121,.T.);
#4716=FACE_BOUND('',#4122,.T.);
#4717=FACE_BOUND('',#4123,.T.);
#4718=FACE_BOUND('',#4124,.T.);
#4719=FACE_BOUND('',#4125,.T.);
#4720=FACE_BOUND('',#4126,.T.);
#4721=FACE_BOUND('',#4127,.T.);
#4722=FACE_BOUND('',#4128,.T.);
#4723=FACE_BOUND('',#4129,.T.);
#4724=FACE_BOUND('',#4130,.T.);
#4725=FACE_BOUND('',#4131,.T.);
#4726=FACE_BOUND('',#4132,.T.);
#4727=FACE_BOUND('',#4133,.T.);
#4728=FACE_BOUND('',#4134,.T.);
#4729=FACE_BOUND('',#4135,.T.);
#4730=FACE_BOUND('',#4136,.T.);
#4731=FACE_BOUND('',#4137,.T.);
#4732=FACE_BOUND('',#4138,.T.);
#4733=FACE_BOUND('',#4139,.T.);
#4734=FACE_BOUND('',#4140,.T.);
#4735=FACE_BOUND('',#4141,.T.);
#4736=FACE_BOUND('',#4142,.T.);
#4737=FACE_BOUND('',#4143,.T.);
#4738=FACE_BOUND('',#4144,.T.);
#4739=FACE_BOUND('',#4145,.T.);
#4740=FACE_BOUND('',#4146,.T.);
#4741=FACE_BOUND('',#4147,.T.);
#4742=FACE_BOUND('',#4148,.T.);
#4743=FACE_BOUND('',#4149,.T.);
#4744=FACE_BOUND('',#4150,.T.);
#4745=FACE_BOUND('',#4151,.T.);
#4746=FACE_BOUND('',#4152,.T.);
#4747=FACE_BOUND('',#4153,.T.);
#4748=FACE_BOUND('',#4154,.T.);
#4749=FACE_BOUND('',#4155,.T.);
#4750=FACE_BOUND('',#4156,.T.);
#4751=FACE_BOUND('',#4157,.T.);
#4752=FACE_BOUND('',#4158,.T.);
#4753=FACE_BOUND('',#4159,.T.);
#4754=FACE_BOUND('',#4160,.T.);
#4755=FACE_BOUND('',#4161,.T.);
#4756=FACE_BOUND('',#4162,.T.);
#4757=FACE_BOUND('',#4163,.T.);
#4758=FACE_BOUND('',#4164,.T.);
#4759=FACE_BOUND('',#4165,.T.);
#4760=FACE_BOUND('',#4166,.T.);
#4761=FACE_BOUND('',#4167,.T.);
#4762=FACE_BOUND('',#4168,.T.);
#4763=FACE_BOUND('',#4169,.T.);
#4764=FACE_BOUND('',#4170,.T.);
#4765=FACE_BOUND('',#4171,.T.);
#4766=FACE_BOUND('',#4172,.T.);
#4767=FACE_BOUND('',#4173,.T.);
#4768=FACE_BOUND('',#4174,.T.);
#4769=FACE_BOUND('',#4175,.T.);
#4770=FACE_BOUND('',#4176,.T.);
#4771=FACE_BOUND('',#4177,.T.);
#4772=FACE_BOUND('',#4178,.T.);
#4773=FACE_BOUND('',#4179,.T.);
#4774=FACE_BOUND('',#4180,.T.);
#4775=FACE_BOUND('',#4181,.T.);
#4776=FACE_BOUND('',#4182,.T.);
#4777=FACE_BOUND('',#4183,.T.);
#4778=FACE_BOUND('',#4184,.T.);
#4779=FACE_BOUND('',#4185,.T.);
#4780=FACE_BOUND('',#4186,.T.);
#4781=FACE_BOUND('',#4187,.T.);
#4782=FACE_BOUND('',#4188,.T.);
#4783=FACE_BOUND('',#4189,.T.);
#4784=FACE_BOUND('',#4190,.T.);
#4785=FACE_BOUND('',#4191,.T.);
#4786=FACE_BOUND('',#4192,.T.);
#4787=FACE_BOUND('',#4193,.T.);
#4788=FACE_BOUND('',#4194,.T.);
#4789=FACE_BOUND('',#4195,.T.);
#4790=FACE_BOUND('',#4196,.T.);
#4791=FACE_BOUND('',#4197,.T.);
#4792=FACE_BOUND('',#4198,.T.);
#4793=FACE_BOUND('',#4199,.T.);
#4794=FACE_BOUND('',#4200,.T.);
#4795=FACE_BOUND('',#4201,.T.);
#4796=FACE_BOUND('',#4202,.T.);
#4797=FACE_BOUND('',#4203,.T.);
#4798=FACE_BOUND('',#4204,.T.);
#4799=FACE_BOUND('',#4205,.T.);
#4800=FACE_BOUND('',#4206,.T.);
#4801=FACE_BOUND('',#4207,.T.);
#4802=FACE_BOUND('',#4208,.T.);
#4803=FACE_BOUND('',#4209,.T.);
#4804=FACE_BOUND('',#4210,.T.);
#4805=FACE_BOUND('',#4211,.T.);
#4806=FACE_BOUND('',#4212,.T.);
#4807=FACE_BOUND('',#4213,.T.);
#4808=FACE_BOUND('',#4214,.T.);
#4809=FACE_BOUND('',#4215,.T.);
#4810=FACE_BOUND('',#4216,.T.);
#4811=FACE_BOUND('',#4217,.T.);
#4812=FACE_BOUND('',#4218,.T.);
#4813=FACE_BOUND('',#4219,.T.);
#4814=FACE_BOUND('',#4220,.T.);
#4815=FACE_BOUND('',#4221,.T.);
#4816=FACE_BOUND('',#4222,.T.);
#4817=FACE_BOUND('',#4223,.T.);
#4818=FACE_BOUND('',#4224,.T.);
#4819=FACE_BOUND('',#4225,.T.);
#4820=FACE_BOUND('',#4226,.T.);
#4821=FACE_BOUND('',#4227,.T.);
#4822=FACE_BOUND('',#4228,.T.);
#4823=FACE_BOUND('',#4229,.T.);
#4824=FACE_BOUND('',#4230,.T.);
#4825=FACE_BOUND('',#4231,.T.);
#4826=FACE_BOUND('',#4232,.T.);
#4827=FACE_BOUND('',#4233,.T.);
#4828=FACE_BOUND('',#4234,.T.);
#4829=FACE_BOUND('',#4235,.T.);
#4830=FACE_BOUND('',#4236,.T.);
#4831=FACE_BOUND('',#4237,.T.);
#4832=FACE_BOUND('',#4238,.T.);
#4833=FACE_BOUND('',#4239,.T.);
#4834=FACE_BOUND('',#4240,.T.);
#4835=FACE_BOUND('',#4241,.T.);
#4836=FACE_BOUND('',#4242,.T.);
#4837=FACE_BOUND('',#4243,.T.);
#4838=FACE_BOUND('',#4244,.T.);
#4839=FACE_BOUND('',#4245,.T.);
#4840=FACE_BOUND('',#4246,.T.);
#4841=FACE_BOUND('',#4247,.T.);
#4842=FACE_BOUND('',#4248,.T.);
#4843=FACE_BOUND('',#4249,.T.);
#4844=FACE_BOUND('',#4250,.T.);
#4845=FACE_BOUND('',#4251,.T.);
#4846=FACE_BOUND('',#4252,.T.);
#4847=FACE_BOUND('',#4253,.T.);
#4848=FACE_BOUND('',#4254,.T.);
#4849=FACE_BOUND('',#4255,.T.);
#4850=FACE_BOUND('',#4256,.T.);
#4851=FACE_BOUND('',#4257,.T.);
#4852=FACE_BOUND('',#4258,.T.);
#4853=FACE_BOUND('',#4259,.T.);
#4854=FACE_BOUND('',#4260,.T.);
#4855=FACE_BOUND('',#4261,.T.);
#4856=FACE_BOUND('',#4262,.T.);
#4857=FACE_BOUND('',#4263,.T.);
#4858=FACE_BOUND('',#4264,.T.);
#4859=FACE_BOUND('',#4265,.T.);
#4860=FACE_BOUND('',#4266,.T.);
#4861=FACE_BOUND('',#4267,.T.);
#4862=FACE_BOUND('',#4268,.T.);
#4863=FACE_BOUND('',#4269,.T.);
#4864=FACE_BOUND('',#4270,.T.);
#4865=FACE_BOUND('',#4271,.T.);
#4866=FACE_BOUND('',#4272,.T.);
#4867=FACE_BOUND('',#4273,.T.);
#4868=FACE_BOUND('',#4274,.T.);
#4869=FACE_BOUND('',#4275,.T.);
#4870=FACE_BOUND('',#4276,.T.);
#4871=FACE_BOUND('',#4277,.T.);
#4872=FACE_BOUND('',#4278,.T.);
#4873=FACE_BOUND('',#4279,.T.);
#4874=FACE_BOUND('',#4280,.T.);
#4875=FACE_BOUND('',#4281,.T.);
#4876=FACE_BOUND('',#4282,.T.);
#4877=FACE_BOUND('',#4283,.T.);
#4878=FACE_BOUND('',#4284,.T.);
#4879=FACE_BOUND('',#4285,.T.);
#4880=FACE_BOUND('',#4286,.T.);
#4881=FACE_BOUND('',#4287,.T.);
#4882=FACE_BOUND('',#4288,.T.);
#4883=FACE_BOUND('',#4289,.T.);
#4884=FACE_BOUND('',#4290,.T.);
#4885=FACE_BOUND('',#4291,.T.);
#4886=FACE_BOUND('',#4292,.T.);
#4887=FACE_BOUND('',#4293,.T.);
#4888=FACE_BOUND('',#4294,.T.);
#4889=FACE_BOUND('',#4295,.T.);
#4890=FACE_BOUND('',#4296,.T.);
#4891=FACE_BOUND('',#4297,.T.);
#4892=FACE_BOUND('',#4298,.T.);
#4893=FACE_BOUND('',#4299,.T.);
#4894=FACE_BOUND('',#4300,.T.);
#4895=FACE_BOUND('',#4301,.T.);
#4896=FACE_BOUND('',#4302,.T.);
#4897=FACE_BOUND('',#4303,.T.);
#4898=FACE_BOUND('',#4304,.T.);
#4899=FACE_BOUND('',#4305,.T.);
#4900=FACE_BOUND('',#4306,.T.);
#4901=FACE_BOUND('',#4307,.T.);
#4902=FACE_BOUND('',#4308,.T.);
#4903=FACE_BOUND('',#4309,.T.);
#4904=FACE_BOUND('',#4310,.T.);
#4905=FACE_BOUND('',#4311,.T.);
#4906=FACE_BOUND('',#4312,.T.);
#4907=FACE_BOUND('',#4313,.T.);
#4908=FACE_BOUND('',#4314,.T.);
#4909=FACE_BOUND('',#4315,.T.);
#4910=FACE_BOUND('',#4316,.T.);
#4911=FACE_BOUND('',#4317,.T.);
#4912=FACE_BOUND('',#4318,.T.);
#4913=FACE_BOUND('',#4319,.T.);
#4914=FACE_BOUND('',#4320,.T.);
#4915=FACE_BOUND('',#4321,.T.);
#4916=FACE_BOUND('',#4322,.T.);
#4917=FACE_BOUND('',#4323,.T.);
#4918=FACE_BOUND('',#4324,.T.);
#4919=FACE_BOUND('',#4325,.T.);
#4920=FACE_BOUND('',#4326,.T.);
#4921=FACE_BOUND('',#4327,.T.);
#4922=FACE_BOUND('',#4328,.T.);
#4923=FACE_BOUND('',#4329,.T.);
#4924=FACE_BOUND('',#4330,.T.);
#4925=FACE_BOUND('',#4331,.T.);
#4926=FACE_BOUND('',#4332,.T.);
#4927=FACE_BOUND('',#4333,.T.);
#4928=FACE_BOUND('',#4334,.T.);
#4929=FACE_BOUND('',#4335,.T.);
#4930=FACE_BOUND('',#4336,.T.);
#4931=FACE_BOUND('',#4337,.T.);
#4932=FACE_BOUND('',#4338,.T.);
#4933=FACE_BOUND('',#4339,.T.);
#4934=FACE_BOUND('',#4340,.T.);
#4935=FACE_BOUND('',#4341,.T.);
#4936=FACE_BOUND('',#4342,.T.);
#4937=FACE_BOUND('',#4343,.T.);
#4938=FACE_BOUND('',#4344,.T.);
#4939=FACE_BOUND('',#4345,.T.);
#4940=FACE_BOUND('',#4346,.T.);
#4941=FACE_BOUND('',#4347,.T.);
#4942=FACE_BOUND('',#4348,.T.);
#4943=FACE_BOUND('',#4349,.T.);
#4944=FACE_BOUND('',#4350,.T.);
#4945=FACE_BOUND('',#4351,.T.);
#4946=FACE_BOUND('',#4352,.T.);
#4947=FACE_BOUND('',#4353,.T.);
#4948=FACE_BOUND('',#4354,.T.);
#4949=FACE_BOUND('',#4355,.T.);
#4950=FACE_BOUND('',#4356,.T.);
#4951=FACE_BOUND('',#4357,.T.);
#4952=FACE_BOUND('',#4358,.T.);
#4953=FACE_BOUND('',#4359,.T.);
#4954=FACE_BOUND('',#4360,.T.);
#4955=FACE_BOUND('',#4361,.T.);
#4956=FACE_BOUND('',#4362,.T.);
#4957=FACE_BOUND('',#4363,.T.);
#4958=FACE_BOUND('',#4364,.T.);
#4959=FACE_BOUND('',#4365,.T.);
#4960=FACE_BOUND('',#4366,.T.);
#4961=FACE_BOUND('',#4367,.T.);
#4962=FACE_BOUND('',#4368,.T.);
#4963=FACE_BOUND('',#4369,.T.);
#4964=FACE_BOUND('',#4370,.T.);
#4965=FACE_BOUND('',#4371,.T.);
#4966=FACE_BOUND('',#4372,.T.);
#4967=FACE_BOUND('',#4373,.T.);
#4968=FACE_BOUND('',#4374,.T.);
#4969=FACE_BOUND('',#4375,.T.);
#4970=FACE_BOUND('',#4376,.T.);
#4971=FACE_BOUND('',#4377,.T.);
#4972=FACE_BOUND('',#4378,.T.);
#4973=FACE_BOUND('',#4379,.T.);
#4974=FACE_BOUND('',#4380,.T.);
#4975=FACE_BOUND('',#4381,.T.);
#4976=FACE_BOUND('',#4382,.T.);
#4977=FACE_BOUND('',#4383,.T.);
#4978=FACE_BOUND('',#4384,.T.);
#4979=FACE_BOUND('',#4385,.T.);
#4980=FACE_BOUND('',#4386,.T.);
#4981=FACE_BOUND('',#4387,.T.);
#4982=FACE_BOUND('',#4388,.T.);
#4983=FACE_BOUND('',#4389,.T.);
#4984=FACE_BOUND('',#4390,.T.);
#4985=FACE_BOUND('',#4391,.T.);
#4986=FACE_BOUND('',#4392,.T.);
#4987=FACE_BOUND('',#4393,.T.);
#4988=FACE_BOUND('',#4394,.T.);
#4989=FACE_BOUND('',#4395,.T.);
#4990=FACE_BOUND('',#4396,.T.);
#4991=FACE_BOUND('',#4397,.T.);
#4992=FACE_BOUND('',#4398,.T.);
#4993=FACE_BOUND('',#4399,.T.);
#4994=FACE_BOUND('',#4400,.T.);
#4995=FACE_BOUND('',#4401,.T.);
#4996=FACE_BOUND('',#4402,.T.);
#4997=FACE_BOUND('',#4403,.T.);
#4998=FACE_BOUND('',#4404,.T.);
#4999=FACE_BOUND('',#4405,.T.);
#5000=FACE_BOUND('',#4406,.T.);
#5001=FACE_BOUND('',#4407,.T.);
#5002=FACE_BOUND('',#4408,.T.);
#5003=FACE_BOUND('',#4409,.T.);
#5004=FACE_BOUND('',#4410,.T.);
#5005=FACE_BOUND('',#4411,.T.);
#5006=FACE_BOUND('',#4412,.T.);
#5007=FACE_BOUND('',#4413,.T.);
#5008=FACE_BOUND('',#4414,.T.);
#5009=FACE_BOUND('',#4415,.T.);
#5010=FACE_BOUND('',#4416,.T.);
#5011=FACE_BOUND('',#4417,.T.);
#5012=FACE_BOUND('',#4418,.T.);
#5013=FACE_BOUND('',#4419,.T.);
#5014=FACE_BOUND('',#4420,.T.);
#5015=FACE_BOUND('',#4421,.T.);
#5016=FACE_BOUND('',#4422,.T.);
#5017=FACE_BOUND('',#4423,.T.);
#5018=FACE_BOUND('',#4424,.T.);
#5019=FACE_BOUND('',#4425,.T.);
#5020=FACE_BOUND('',#4426,.T.);
#5021=FACE_BOUND('',#4427,.T.);
#5022=FACE_BOUND('',#4428,.T.);
#5023=FACE_BOUND('',#4429,.T.);
#5024=FACE_BOUND('',#4430,.T.);
#5025=FACE_BOUND('',#4431,.T.);
#5026=FACE_BOUND('',#4432,.T.);
#5027=FACE_BOUND('',#4433,.T.);
#5028=FACE_BOUND('',#4434,.T.);
#5029=FACE_BOUND('',#4435,.T.);
#5030=FACE_BOUND('',#4436,.T.);
#5031=FACE_BOUND('',#4437,.T.);
#5032=FACE_BOUND('',#4438,.T.);
#5033=FACE_BOUND('',#4439,.T.);
#5034=FACE_BOUND('',#4440,.T.);
#5035=FACE_BOUND('',#4441,.T.);
#5036=FACE_BOUND('',#4442,.T.);
#5037=FACE_BOUND('',#4443,.T.);
#5038=FACE_BOUND('',#4444,.T.);
#5039=FACE_BOUND('',#4445,.T.);
#5040=FACE_BOUND('',#4446,.T.);
#5041=FACE_BOUND('',#4447,.T.);
#5042=FACE_BOUND('',#4448,.T.);
#5043=FACE_BOUND('',#4449,.T.);
#5044=FACE_BOUND('',#4450,.T.);
#5045=FACE_BOUND('',#4451,.T.);
#5046=FACE_BOUND('',#4452,.T.);
#5047=FACE_BOUND('',#4453,.T.);
#5048=FACE_BOUND('',#4454,.T.);
#5049=FACE_BOUND('',#4455,.T.);
#5050=FACE_BOUND('',#4456,.T.);
#5051=FACE_BOUND('',#4457,.T.);
#5052=FACE_BOUND('',#4458,.T.);
#5053=FACE_BOUND('',#4459,.T.);
#5054=FACE_BOUND('',#4460,.T.);
#5055=FACE_BOUND('',#4461,.T.);
#5056=FACE_BOUND('',#4462,.T.);
#5057=FACE_BOUND('',#4463,.T.);
#5058=FACE_BOUND('',#4464,.T.);
#5059=FACE_BOUND('',#4465,.T.);
#5060=FACE_BOUND('',#4466,.T.);
#5061=FACE_BOUND('',#4467,.T.);
#5062=FACE_BOUND('',#4468,.T.);
#5063=FACE_BOUND('',#4469,.T.);
#5064=FACE_BOUND('',#4470,.T.);
#5065=FACE_BOUND('',#4471,.T.);
#5066=FACE_BOUND('',#4472,.T.);
#5067=FACE_BOUND('',#4473,.T.);
#5068=FACE_BOUND('',#4474,.T.);
#5069=FACE_BOUND('',#4475,.T.);
#5070=FACE_BOUND('',#4476,.T.);
#5071=FACE_BOUND('',#4477,.T.);
#5072=FACE_BOUND('',#4478,.T.);
#5073=FACE_BOUND('',#4479,.T.);
#5074=FACE_BOUND('',#4480,.T.);
#5075=FACE_BOUND('',#4481,.T.);
#5076=FACE_BOUND('',#4482,.T.);
#5077=FACE_BOUND('',#4483,.T.);
#5078=FACE_BOUND('',#4484,.T.);
#5079=FACE_BOUND('',#4485,.T.);
#5080=FACE_BOUND('',#4486,.T.);
#5081=FACE_BOUND('',#4487,.T.);
#5082=FACE_BOUND('',#4488,.T.);
#5083=FACE_BOUND('',#4489,.T.);
#5084=FACE_BOUND('',#4490,.T.);
#5085=FACE_BOUND('',#4491,.T.);
#5086=FACE_BOUND('',#4492,.T.);
#5087=FACE_BOUND('',#4493,.T.);
#5088=FACE_BOUND('',#4494,.T.);
#5089=FACE_BOUND('',#4495,.T.);
#5090=FACE_BOUND('',#4496,.T.);
#5091=FACE_BOUND('',#4497,.T.);
#5092=FACE_BOUND('',#4498,.T.);
#5093=FACE_BOUND('',#4499,.T.);
#5094=FACE_BOUND('',#4500,.T.);
#5095=FACE_BOUND('',#4501,.T.);
#5096=FACE_BOUND('',#4502,.T.);
#5097=FACE_BOUND('',#4503,.T.);
#5098=FACE_BOUND('',#4504,.T.);
#5099=FACE_BOUND('',#4505,.T.);
#5100=FACE_BOUND('',#4506,.T.);
#5101=FACE_BOUND('',#4507,.T.);
#5102=FACE_BOUND('',#4508,.T.);
#5103=FACE_BOUND('',#4509,.T.);
#5104=FACE_BOUND('',#4510,.T.);
#5105=FACE_BOUND('',#4511,.T.);
#5106=FACE_BOUND('',#4512,.T.);
#5107=FACE_BOUND('',#4513,.T.);
#5108=FACE_BOUND('',#4514,.T.);
#5109=FACE_BOUND('',#4515,.T.);
#5110=FACE_BOUND('',#4516,.T.);
#5111=FACE_BOUND('',#4517,.T.);
#5112=FACE_BOUND('',#4518,.T.);
#5113=FACE_BOUND('',#4519,.T.);
#5114=FACE_BOUND('',#4520,.T.);
#5115=FACE_BOUND('',#4521,.T.);
#5116=FACE_BOUND('',#4522,.T.);
#5117=FACE_BOUND('',#4523,.T.);
#5118=FACE_BOUND('',#4524,.T.);
#5119=FACE_BOUND('',#4525,.T.);
#5120=FACE_BOUND('',#4526,.T.);
#5121=FACE_BOUND('',#4527,.T.);
#5122=FACE_BOUND('',#4528,.T.);
#5123=FACE_BOUND('',#4529,.T.);
#5124=FACE_BOUND('',#4530,.T.);
#5125=FACE_BOUND('',#4531,.T.);
#5126=FACE_BOUND('',#4532,.T.);
#5127=FACE_BOUND('',#4533,.T.);
#5128=FACE_BOUND('',#4534,.T.);
#5129=FACE_BOUND('',#4535,.T.);
#5130=FACE_BOUND('',#4536,.T.);
#5131=FACE_BOUND('',#4537,.T.);
#5132=FACE_BOUND('',#4538,.T.);
#5133=FACE_BOUND('',#4539,.T.);
#5134=FACE_BOUND('',#4540,.T.);
#5135=FACE_BOUND('',#4541,.T.);
#5136=FACE_BOUND('',#4542,.T.);
#5137=FACE_BOUND('',#4543,.T.);
#5138=FACE_BOUND('',#4544,.T.);
#5139=FACE_BOUND('',#4545,.T.);
#5140=FACE_BOUND('',#4546,.T.);
#5141=FACE_BOUND('',#4547,.T.);
#5142=FACE_BOUND('',#4548,.T.);
#5143=FACE_BOUND('',#4549,.T.);
#5144=FACE_BOUND('',#4550,.T.);
#5145=FACE_BOUND('',#4551,.T.);
#5146=FACE_BOUND('',#4552,.T.);
#5147=FACE_BOUND('',#4553,.T.);
#5148=FACE_BOUND('',#4554,.T.);
#5149=FACE_BOUND('',#4555,.T.);
#5150=FACE_BOUND('',#4556,.T.);
#5151=FACE_BOUND('',#4557,.T.);
#5152=FACE_BOUND('',#4558,.T.);
#5153=FACE_BOUND('',#4559,.T.);
#5154=PLANE('',#5786);
#5155=PLANE('',#5789);
#5156=PLANE('',#5795);
#5157=PLANE('',#5798);
#5158=PLANE('',#5809);
#5159=PLANE('',#5812);
#5160=PLANE('',#5817);
#5161=PLANE('',#5825);
#5162=PLANE('',#5832);
#5163=PLANE('',#5837);
#5164=PLANE('',#5839);
#5165=PLANE('',#5846);
#5166=PLANE('',#5850);
#5167=PLANE('',#5854);
#5168=PLANE('',#5858);
#5169=PLANE('',#5862);
#5170=PLANE('',#5866);
#5171=PLANE('',#5870);
#5172=PLANE('',#5874);
#5173=PLANE('',#5884);
#5174=PLANE('',#5940);
#5175=PLANE('',#5942);
#5176=PLANE('',#5949);
#5177=PLANE('',#5952);
#5178=PLANE('',#5957);
#5179=PLANE('',#5965);
#5180=PLANE('',#5972);
#5181=PLANE('',#5977);
#5182=PLANE('',#5982);
#5183=PLANE('',#5986);
#5184=PLANE('',#5990);
#5185=PLANE('',#5994);
#5186=PLANE('',#5998);
#5187=PLANE('',#6002);
#5188=PLANE('',#6006);
#5189=PLANE('',#6010);
#5190=PLANE('',#6014);
#5191=PLANE('',#6024);
#5192=PLANE('',#6080);
#5193=PLANE('',#6083);
#5194=PLANE('',#6084);
#5195=PLANE('',#6085);
#5196=PLANE('',#6086);
#5197=PLANE('',#6087);
#5198=PLANE('',#6088);
#5199=PLANE('',#6089);
#5200=PLANE('',#6090);
#5201=PLANE('',#6091);
#5202=PLANE('',#6092);
#5203=PLANE('',#6093);
#5204=PLANE('',#6094);
#5205=PLANE('',#6095);
#5206=PLANE('',#6096);
#5207=PLANE('',#6097);
#5208=PLANE('',#6098);
#5209=PLANE('',#6099);
#5210=PLANE('',#6100);
#5211=PLANE('',#6101);
#5212=PLANE('',#6102);
#5213=PLANE('',#6103);
#5214=PLANE('',#6104);
#5215=PLANE('',#6105);
#5216=PLANE('',#6106);
#5217=PLANE('',#6107);
#5218=PLANE('',#6108);
#5219=PLANE('',#6109);
#5220=PLANE('',#6110);
#5221=PLANE('',#6111);
#5222=PLANE('',#6112);
#5223=PLANE('',#6113);
#5224=PLANE('',#6114);
#5225=PLANE('',#6115);
#5226=PLANE('',#6116);
#5227=PLANE('',#6117);
#5228=PLANE('',#6118);
#5229=PLANE('',#6119);
#5230=PLANE('',#6120);
#5231=PLANE('',#6121);
#5232=PLANE('',#6122);
#5233=PLANE('',#6123);
#5234=PLANE('',#6124);
#5235=PLANE('',#6125);
#5236=PLANE('',#6126);
#5237=PLANE('',#6127);
#5238=PLANE('',#6128);
#5239=PLANE('',#6129);
#5240=PLANE('',#6130);
#5241=PLANE('',#6131);
#5242=PLANE('',#6132);
#5243=PLANE('',#6133);
#5244=PLANE('',#6134);
#5245=PLANE('',#6135);
#5246=PLANE('',#6136);
#5247=PLANE('',#6137);
#5248=PLANE('',#6138);
#5249=PLANE('',#6139);
#5250=PLANE('',#6140);
#5251=PLANE('',#6141);
#5252=PLANE('',#6142);
#5253=PLANE('',#6143);
#5254=PLANE('',#6144);
#5255=PLANE('',#6145);
#5256=PLANE('',#6146);
#5257=PLANE('',#6147);
#5258=PLANE('',#6148);
#5259=PLANE('',#6149);
#5260=PLANE('',#6150);
#5261=PLANE('',#6151);
#5262=PLANE('',#6152);
#5263=PLANE('',#6153);
#5264=PLANE('',#6154);
#5265=PLANE('',#6155);
#5266=PLANE('',#6156);
#5267=PLANE('',#6157);
#5268=PLANE('',#6158);
#5269=PLANE('',#6159);
#5270=PLANE('',#6160);
#5271=PLANE('',#6161);
#5272=PLANE('',#6162);
#5273=PLANE('',#6163);
#5274=PLANE('',#6164);
#5275=PLANE('',#6165);
#5276=PLANE('',#6166);
#5277=PLANE('',#6167);
#5278=PLANE('',#6168);
#5279=PLANE('',#6169);
#5280=PLANE('',#6170);
#5281=PLANE('',#6171);
#5282=PLANE('',#6172);
#5283=PLANE('',#6173);
#5284=PLANE('',#6174);
#5285=PLANE('',#6175);
#5286=PLANE('',#6176);
#5287=PLANE('',#6177);
#5288=PLANE('',#6178);
#5289=PLANE('',#6240);
#5290=PLANE('',#6266);
#5291=PLANE('',#6270);
#5292=PLANE('',#6274);
#5293=PLANE('',#6278);
#5294=PLANE('',#6282);
#5295=PLANE('',#6286);
#5296=PLANE('',#6290);
#5297=PLANE('',#6294);
#5298=PLANE('',#6298);
#5299=PLANE('',#6299);
#5300=PLANE('',#6300);
#5301=PLANE('',#6304);
#5302=PLANE('',#6307);
#5303=PLANE('',#6308);
#5304=PLANE('',#6309);
#5305=PLANE('',#6310);
#5306=PLANE('',#6317);
#5307=PLANE('',#6380);
#5308=PLANE('',#6406);
#5309=PLANE('',#6410);
#5310=PLANE('',#6414);
#5311=PLANE('',#6418);
#5312=PLANE('',#6422);
#5313=PLANE('',#6426);
#5314=PLANE('',#6430);
#5315=PLANE('',#6434);
#5316=PLANE('',#6438);
#5317=PLANE('',#6439);
#5318=PLANE('',#6440);
#5319=PLANE('',#6444);
#5320=PLANE('',#6447);
#5321=PLANE('',#6448);
#5322=PLANE('',#6449);
#5323=PLANE('',#6450);
#5324=PLANE('',#6521);
#5325=PLANE('',#6524);
#5326=PLANE('',#6530);
#5327=PLANE('',#6533);
#5328=ADVANCED_FACE('',(#4560,#4561),#5154,.F.);
#5329=ADVANCED_FACE('',(#4562,#4563),#5155,.F.);
#5330=ADVANCED_FACE('',(#4564,#4565),#800,.T.);
#5331=ADVANCED_FACE('',(#4566,#4567),#801,.F.);
#5332=ADVANCED_FACE('',(#4568,#4569),#5156,.T.);
#5333=ADVANCED_FACE('',(#4570,#4571),#5157,.F.);
#5334=ADVANCED_FACE('',(#4572,#4573),#802,.T.);
#5335=ADVANCED_FACE('',(#4574,#4575),#803,.F.);
#5336=ADVANCED_FACE('',(#4576,#4577),#804,.F.);
#5337=ADVANCED_FACE('',(#4578,#4579),#805,.F.);
#5338=ADVANCED_FACE('',(#4580),#5158,.T.);
#5339=ADVANCED_FACE('',(#4581,#4582,#4583,#4584,#4585),#5159,.F.);
#5340=ADVANCED_FACE('',(#4586,#4587,#4588,#4589,#4590),#5160,.T.);
#5341=ADVANCED_FACE('',(#4591),#806,.T.);
#5342=ADVANCED_FACE('',(#4592),#5161,.T.);
#5343=ADVANCED_FACE('',(#4593,#4594),#807,.F.);
#5344=ADVANCED_FACE('',(#4595,#4596,#4597,#4598,#4599),#5162,.F.);
#5345=ADVANCED_FACE('',(#4600),#5163,.T.);
#5346=ADVANCED_FACE('',(#4601,#4602,#4603,#4604,#4605),#5164,.T.);
#5347=ADVANCED_FACE('',(#4606,#4607),#808,.F.);
#5348=ADVANCED_FACE('',(#4608,#4609),#5165,.T.);
#5349=ADVANCED_FACE('',(#4610,#4611),#809,.F.);
#5350=ADVANCED_FACE('',(#4612,#4613),#5166,.T.);
#5351=ADVANCED_FACE('',(#4614,#4615),#810,.F.);
#5352=ADVANCED_FACE('',(#4616,#4617),#5167,.T.);
#5353=ADVANCED_FACE('',(#4618,#4619),#811,.F.);
#5354=ADVANCED_FACE('',(#4620,#4621),#5168,.T.);
#5355=ADVANCED_FACE('',(#4622,#4623),#812,.F.);
#5356=ADVANCED_FACE('',(#4624,#4625),#5169,.F.);
#5357=ADVANCED_FACE('',(#4626,#4627),#813,.F.);
#5358=ADVANCED_FACE('',(#4628,#4629),#5170,.F.);
#5359=ADVANCED_FACE('',(#4630,#4631),#814,.F.);
#5360=ADVANCED_FACE('',(#4632,#4633),#5171,.F.);
#5361=ADVANCED_FACE('',(#4634,#4635),#815,.F.);
#5362=ADVANCED_FACE('',(#4636,#4637),#5172,.F.);
#5363=ADVANCED_FACE('',(#4638,#4639),#816,.F.);
#5364=ADVANCED_FACE('',(#4640,#4641),#817,.F.);
#5365=ADVANCED_FACE('',(#4642,#4643),#818,.F.);
#5366=ADVANCED_FACE('',(#4644,#4645),#819,.F.);
#5367=ADVANCED_FACE('',(#4646,#4647),#820,.F.);
#5368=ADVANCED_FACE('',(#4648,#4649),#821,.F.);
#5369=ADVANCED_FACE('',(#4650,#4651),#822,.F.);
#5370=ADVANCED_FACE('',(#4652,#4653),#823,.F.);
#5371=ADVANCED_FACE('',(#4654),#5173,.T.);
#5372=ADVANCED_FACE('',(#4655),#824,.T.);
#5373=ADVANCED_FACE('',(#4656),#62,.T.);
#5374=ADVANCED_FACE('',(#4657),#825,.T.);
#5375=ADVANCED_FACE('',(#4658),#826,.F.);
#5376=ADVANCED_FACE('',(#4659),#827,.F.);
#5377=ADVANCED_FACE('',(#4660),#828,.T.);
#5378=ADVANCED_FACE('',(#4661),#829,.T.);
#5379=ADVANCED_FACE('',(#4662),#830,.T.);
#5380=ADVANCED_FACE('',(#4663),#34,.T.);
#5381=ADVANCED_FACE('',(#4664),#35,.T.);
#5382=ADVANCED_FACE('',(#4665),#36,.T.);
#5383=ADVANCED_FACE('',(#4666),#63,.T.);
#5384=ADVANCED_FACE('',(#4667),#831,.T.);
#5385=ADVANCED_FACE('',(#4668),#832,.T.);
#5386=ADVANCED_FACE('',(#4669),#37,.T.);
#5387=ADVANCED_FACE('',(#4670),#833,.T.);
#5388=ADVANCED_FACE('',(#4671),#64,.T.);
#5389=ADVANCED_FACE('',(#4672),#65,.T.);
#5390=ADVANCED_FACE('',(#4673),#834,.T.);
#5391=ADVANCED_FACE('',(#4674),#835,.T.);
#5392=ADVANCED_FACE('',(#4675),#38,.F.);
#5393=ADVANCED_FACE('',(#4676),#836,.F.);
#5394=ADVANCED_FACE('',(#4677),#39,.F.);
#5395=ADVANCED_FACE('',(#4678,#4679),#5174,.T.);
#5396=ADVANCED_FACE('',(#4680,#4681,#4682),#5175,.T.);
#5397=ADVANCED_FACE('',(#4683),#5176,.T.);
#5398=ADVANCED_FACE('',(#4684,#4685,#4686,#4687,#4688),#5177,.F.);
#5399=ADVANCED_FACE('',(#4689,#4690,#4691,#4692,#4693),#5178,.T.);
#5400=ADVANCED_FACE('',(#4694),#837,.T.);
#5401=ADVANCED_FACE('',(#4695),#5179,.T.);
#5402=ADVANCED_FACE('',(#4696,#4697),#838,.F.);
#5403=ADVANCED_FACE('',(#4698,#4699,#4700,#4701,#4702),#5180,.F.);
#5404=ADVANCED_FACE('',(#4703,#4704,#4705,#4706,#4707),#5181,.T.);
#5405=ADVANCED_FACE('',(#4708),#5182,.T.);
#5406=ADVANCED_FACE('',(#4709,#4710),#839,.F.);
#5407=ADVANCED_FACE('',(#4711,#4712),#5183,.T.);
#5408=ADVANCED_FACE('',(#4713,#4714),#840,.F.);
#5409=ADVANCED_FACE('',(#4715,#4716),#5184,.T.);
#5410=ADVANCED_FACE('',(#4717,#4718),#841,.F.);
#5411=ADVANCED_FACE('',(#4719,#4720),#5185,.T.);
#5412=ADVANCED_FACE('',(#4721,#4722),#842,.F.);
#5413=ADVANCED_FACE('',(#4723,#4724),#5186,.T.);
#5414=ADVANCED_FACE('',(#4725,#4726),#843,.F.);
#5415=ADVANCED_FACE('',(#4727,#4728),#5187,.F.);
#5416=ADVANCED_FACE('',(#4729,#4730),#844,.F.);
#5417=ADVANCED_FACE('',(#4731,#4732),#5188,.F.);
#5418=ADVANCED_FACE('',(#4733,#4734),#845,.F.);
#5419=ADVANCED_FACE('',(#4735,#4736),#5189,.F.);
#5420=ADVANCED_FACE('',(#4737,#4738),#846,.F.);
#5421=ADVANCED_FACE('',(#4739,#4740),#5190,.F.);
#5422=ADVANCED_FACE('',(#4741,#4742),#847,.F.);
#5423=ADVANCED_FACE('',(#4743,#4744),#848,.F.);
#5424=ADVANCED_FACE('',(#4745,#4746),#849,.F.);
#5425=ADVANCED_FACE('',(#4747,#4748),#850,.F.);
#5426=ADVANCED_FACE('',(#4749,#4750),#851,.F.);
#5427=ADVANCED_FACE('',(#4751,#4752),#852,.F.);
#5428=ADVANCED_FACE('',(#4753,#4754),#853,.F.);
#5429=ADVANCED_FACE('',(#4755,#4756),#854,.F.);
#5430=ADVANCED_FACE('',(#4757),#5191,.T.);
#5431=ADVANCED_FACE('',(#4758),#855,.T.);
#5432=ADVANCED_FACE('',(#4759),#66,.T.);
#5433=ADVANCED_FACE('',(#4760),#856,.T.);
#5434=ADVANCED_FACE('',(#4761),#857,.F.);
#5435=ADVANCED_FACE('',(#4762),#858,.F.);
#5436=ADVANCED_FACE('',(#4763),#859,.T.);
#5437=ADVANCED_FACE('',(#4764),#860,.T.);
#5438=ADVANCED_FACE('',(#4765),#861,.T.);
#5439=ADVANCED_FACE('',(#4766),#40,.T.);
#5440=ADVANCED_FACE('',(#4767),#41,.T.);
#5441=ADVANCED_FACE('',(#4768),#42,.T.);
#5442=ADVANCED_FACE('',(#4769),#67,.T.);
#5443=ADVANCED_FACE('',(#4770),#862,.T.);
#5444=ADVANCED_FACE('',(#4771),#863,.T.);
#5445=ADVANCED_FACE('',(#4772),#43,.T.);
#5446=ADVANCED_FACE('',(#4773),#864,.T.);
#5447=ADVANCED_FACE('',(#4774),#68,.T.);
#5448=ADVANCED_FACE('',(#4775),#69,.T.);
#5449=ADVANCED_FACE('',(#4776),#865,.T.);
#5450=ADVANCED_FACE('',(#4777),#866,.T.);
#5451=ADVANCED_FACE('',(#4778),#44,.F.);
#5452=ADVANCED_FACE('',(#4779),#867,.F.);
#5453=ADVANCED_FACE('',(#4780),#45,.F.);
#5454=ADVANCED_FACE('',(#4781,#4782),#5192,.F.);
#5455=ADVANCED_FACE('',(#4783),#5193,.T.);
#5456=ADVANCED_FACE('',(#4784),#5194,.F.);
#5457=ADVANCED_FACE('',(#4785),#5195,.F.);
#5458=ADVANCED_FACE('',(#4786),#5196,.F.);
#5459=ADVANCED_FACE('',(#4787),#5197,.T.);
#5460=ADVANCED_FACE('',(#4788),#5198,.T.);
#5461=ADVANCED_FACE('',(#4789),#5199,.T.);
#5462=ADVANCED_FACE('',(#4790),#5200,.F.);
#5463=ADVANCED_FACE('',(#4791),#5201,.F.);
#5464=ADVANCED_FACE('',(#4792),#5202,.F.);
#5465=ADVANCED_FACE('',(#4793),#5203,.T.);
#5466=ADVANCED_FACE('',(#4794),#5204,.T.);
#5467=ADVANCED_FACE('',(#4795),#5205,.T.);
#5468=ADVANCED_FACE('',(#4796),#5206,.T.);
#5469=ADVANCED_FACE('',(#4797),#5207,.T.);
#5470=ADVANCED_FACE('',(#4798),#5208,.T.);
#5471=ADVANCED_FACE('',(#4799),#5209,.T.);
#5472=ADVANCED_FACE('',(#4800),#5210,.T.);
#5473=ADVANCED_FACE('',(#4801),#5211,.T.);
#5474=ADVANCED_FACE('',(#4802),#5212,.T.);
#5475=ADVANCED_FACE('',(#4803),#5213,.F.);
#5476=ADVANCED_FACE('',(#4804),#5214,.F.);
#5477=ADVANCED_FACE('',(#4805),#5215,.F.);
#5478=ADVANCED_FACE('',(#4806),#5216,.T.);
#5479=ADVANCED_FACE('',(#4807),#5217,.T.);
#5480=ADVANCED_FACE('',(#4808),#5218,.T.);
#5481=ADVANCED_FACE('',(#4809),#5219,.T.);
#5482=ADVANCED_FACE('',(#4810),#5220,.T.);
#5483=ADVANCED_FACE('',(#4811),#5221,.F.);
#5484=ADVANCED_FACE('',(#4812),#5222,.T.);
#5485=ADVANCED_FACE('',(#4813),#5223,.F.);
#5486=ADVANCED_FACE('',(#4814),#5224,.F.);
#5487=ADVANCED_FACE('',(#4815),#5225,.F.);
#5488=ADVANCED_FACE('',(#4816),#5226,.T.);
#5489=ADVANCED_FACE('',(#4817),#5227,.T.);
#5490=ADVANCED_FACE('',(#4818),#5228,.T.);
#5491=ADVANCED_FACE('',(#4819),#5229,.T.);
#5492=ADVANCED_FACE('',(#4820),#5230,.T.);
#5493=ADVANCED_FACE('',(#4821),#5231,.F.);
#5494=ADVANCED_FACE('',(#4822),#5232,.F.);
#5495=ADVANCED_FACE('',(#4823),#5233,.T.);
#5496=ADVANCED_FACE('',(#4824),#5234,.F.);
#5497=ADVANCED_FACE('',(#4825),#5235,.F.);
#5498=ADVANCED_FACE('',(#4826),#5236,.T.);
#5499=ADVANCED_FACE('',(#4827),#5237,.T.);
#5500=ADVANCED_FACE('',(#4828),#5238,.T.);
#5501=ADVANCED_FACE('',(#4829),#5239,.T.);
#5502=ADVANCED_FACE('',(#4830),#5240,.T.);
#5503=ADVANCED_FACE('',(#4831),#5241,.F.);
#5504=ADVANCED_FACE('',(#4832),#5242,.F.);
#5505=ADVANCED_FACE('',(#4833),#5243,.T.);
#5506=ADVANCED_FACE('',(#4834),#5244,.F.);
#5507=ADVANCED_FACE('',(#4835),#5245,.F.);
#5508=ADVANCED_FACE('',(#4836),#5246,.T.);
#5509=ADVANCED_FACE('',(#4837),#5247,.T.);
#5510=ADVANCED_FACE('',(#4838),#5248,.T.);
#5511=ADVANCED_FACE('',(#4839),#5249,.T.);
#5512=ADVANCED_FACE('',(#4840),#5250,.T.);
#5513=ADVANCED_FACE('',(#4841),#5251,.T.);
#5514=ADVANCED_FACE('',(#4842),#5252,.F.);
#5515=ADVANCED_FACE('',(#4843),#5253,.T.);
#5516=ADVANCED_FACE('',(#4844),#5254,.F.);
#5517=ADVANCED_FACE('',(#4845),#5255,.F.);
#5518=ADVANCED_FACE('',(#4846),#5256,.T.);
#5519=ADVANCED_FACE('',(#4847),#5257,.T.);
#5520=ADVANCED_FACE('',(#4848),#5258,.T.);
#5521=ADVANCED_FACE('',(#4849),#5259,.T.);
#5522=ADVANCED_FACE('',(#4850),#5260,.T.);
#5523=ADVANCED_FACE('',(#4851),#5261,.T.);
#5524=ADVANCED_FACE('',(#4852),#5262,.F.);
#5525=ADVANCED_FACE('',(#4853),#5263,.F.);
#5526=ADVANCED_FACE('',(#4854),#5264,.F.);
#5527=ADVANCED_FACE('',(#4855),#5265,.T.);
#5528=ADVANCED_FACE('',(#4856),#5266,.F.);
#5529=ADVANCED_FACE('',(#4857),#5267,.T.);
#5530=ADVANCED_FACE('',(#4858),#5268,.T.);
#5531=ADVANCED_FACE('',(#4859),#5269,.T.);
#5532=ADVANCED_FACE('',(#4860),#5270,.T.);
#5533=ADVANCED_FACE('',(#4861),#5271,.T.);
#5534=ADVANCED_FACE('',(#4862),#5272,.F.);
#5535=ADVANCED_FACE('',(#4863),#5273,.F.);
#5536=ADVANCED_FACE('',(#4864),#5274,.T.);
#5537=ADVANCED_FACE('',(#4865),#5275,.F.);
#5538=ADVANCED_FACE('',(#4866),#5276,.F.);
#5539=ADVANCED_FACE('',(#4867),#5277,.F.);
#5540=ADVANCED_FACE('',(#4868),#5278,.T.);
#5541=ADVANCED_FACE('',(#4869),#5279,.T.);
#5542=ADVANCED_FACE('',(#4870),#5280,.T.);
#5543=ADVANCED_FACE('',(#4871),#5281,.T.);
#5544=ADVANCED_FACE('',(#4872),#5282,.T.);
#5545=ADVANCED_FACE('',(#4873),#5283,.F.);
#5546=ADVANCED_FACE('',(#4874),#5284,.T.);
#5547=ADVANCED_FACE('',(#4875),#5285,.F.);
#5548=ADVANCED_FACE('',(#4876),#5286,.T.);
#5549=ADVANCED_FACE('',(#4877),#5287,.T.);
#5550=ADVANCED_FACE('',(#4878),#5288,.T.);
#5551=ADVANCED_FACE('',(#4879),#46,.F.);
#5552=ADVANCED_FACE('',(#4880),#868,.F.);
#5553=ADVANCED_FACE('',(#4881),#47,.F.);
#5554=ADVANCED_FACE('',(#4882),#869,.T.);
#5555=ADVANCED_FACE('',(#4883),#870,.T.);
#5556=ADVANCED_FACE('',(#4884),#70,.T.);
#5557=ADVANCED_FACE('',(#4885),#71,.T.);
#5558=ADVANCED_FACE('',(#4886),#871,.T.);
#5559=ADVANCED_FACE('',(#4887),#48,.T.);
#5560=ADVANCED_FACE('',(#4888),#872,.T.);
#5561=ADVANCED_FACE('',(#4889),#873,.T.);
#5562=ADVANCED_FACE('',(#4890),#72,.T.);
#5563=ADVANCED_FACE('',(#4891),#49,.T.);
#5564=ADVANCED_FACE('',(#4892),#50,.T.);
#5565=ADVANCED_FACE('',(#4893),#51,.T.);
#5566=ADVANCED_FACE('',(#4894),#874,.T.);
#5567=ADVANCED_FACE('',(#4895),#875,.T.);
#5568=ADVANCED_FACE('',(#4896),#876,.T.);
#5569=ADVANCED_FACE('',(#4897),#877,.F.);
#5570=ADVANCED_FACE('',(#4898),#878,.F.);
#5571=ADVANCED_FACE('',(#4899),#879,.T.);
#5572=ADVANCED_FACE('',(#4900),#73,.T.);
#5573=ADVANCED_FACE('',(#4901),#880,.T.);
#5574=ADVANCED_FACE('',(#4902),#5289,.T.);
#5575=ADVANCED_FACE('',(#4903,#4904),#881,.F.);
#5576=ADVANCED_FACE('',(#4905,#4906),#882,.F.);
#5577=ADVANCED_FACE('',(#4907,#4908),#883,.F.);
#5578=ADVANCED_FACE('',(#4909,#4910),#884,.F.);
#5579=ADVANCED_FACE('',(#4911,#4912),#885,.F.);
#5580=ADVANCED_FACE('',(#4913,#4914),#886,.F.);
#5581=ADVANCED_FACE('',(#4915,#4916),#887,.F.);
#5582=ADVANCED_FACE('',(#4917,#4918),#888,.F.);
#5583=ADVANCED_FACE('',(#4919,#4920),#5290,.F.);
#5584=ADVANCED_FACE('',(#4921,#4922),#889,.F.);
#5585=ADVANCED_FACE('',(#4923,#4924),#5291,.F.);
#5586=ADVANCED_FACE('',(#4925,#4926),#890,.F.);
#5587=ADVANCED_FACE('',(#4927,#4928),#5292,.F.);
#5588=ADVANCED_FACE('',(#4929,#4930),#891,.F.);
#5589=ADVANCED_FACE('',(#4931,#4932),#5293,.F.);
#5590=ADVANCED_FACE('',(#4933,#4934),#892,.F.);
#5591=ADVANCED_FACE('',(#4935,#4936),#5294,.T.);
#5592=ADVANCED_FACE('',(#4937,#4938),#893,.F.);
#5593=ADVANCED_FACE('',(#4939,#4940),#5295,.T.);
#5594=ADVANCED_FACE('',(#4941,#4942),#894,.F.);
#5595=ADVANCED_FACE('',(#4943,#4944),#5296,.T.);
#5596=ADVANCED_FACE('',(#4945,#4946),#895,.F.);
#5597=ADVANCED_FACE('',(#4947,#4948),#5297,.T.);
#5598=ADVANCED_FACE('',(#4949,#4950),#896,.F.);
#5599=ADVANCED_FACE('',(#4951),#5298,.T.);
#5600=ADVANCED_FACE('',(#4952,#4953,#4954,#4955,#4956),#5299,.T.);
#5601=ADVANCED_FACE('',(#4957,#4958,#4959,#4960,#4961),#5300,.F.);
#5602=ADVANCED_FACE('',(#4962,#4963),#897,.F.);
#5603=ADVANCED_FACE('',(#4964),#5301,.T.);
#5604=ADVANCED_FACE('',(#4965),#898,.T.);
#5605=ADVANCED_FACE('',(#4966,#4967,#4968,#4969,#4970),#5302,.T.);
#5606=ADVANCED_FACE('',(#4971,#4972,#4973,#4974,#4975),#5303,.F.);
#5607=ADVANCED_FACE('',(#4976),#5304,.T.);
#5608=ADVANCED_FACE('',(#4977,#4978,#4979),#5305,.F.);
#5609=ADVANCED_FACE('',(#4980,#4981),#5306,.F.);
#5610=ADVANCED_FACE('',(#4982),#52,.F.);
#5611=ADVANCED_FACE('',(#4983),#899,.F.);
#5612=ADVANCED_FACE('',(#4984),#53,.F.);
#5613=ADVANCED_FACE('',(#4985),#900,.T.);
#5614=ADVANCED_FACE('',(#4986),#901,.T.);
#5615=ADVANCED_FACE('',(#4987),#74,.T.);
#5616=ADVANCED_FACE('',(#4988),#75,.T.);
#5617=ADVANCED_FACE('',(#4989),#902,.T.);
#5618=ADVANCED_FACE('',(#4990),#54,.T.);
#5619=ADVANCED_FACE('',(#4991),#903,.T.);
#5620=ADVANCED_FACE('',(#4992),#904,.T.);
#5621=ADVANCED_FACE('',(#4993),#76,.T.);
#5622=ADVANCED_FACE('',(#4994),#55,.T.);
#5623=ADVANCED_FACE('',(#4995),#56,.T.);
#5624=ADVANCED_FACE('',(#4996),#57,.T.);
#5625=ADVANCED_FACE('',(#4997),#905,.T.);
#5626=ADVANCED_FACE('',(#4998),#906,.T.);
#5627=ADVANCED_FACE('',(#4999),#907,.T.);
#5628=ADVANCED_FACE('',(#5000),#908,.F.);
#5629=ADVANCED_FACE('',(#5001),#909,.F.);
#5630=ADVANCED_FACE('',(#5002),#910,.T.);
#5631=ADVANCED_FACE('',(#5003),#77,.T.);
#5632=ADVANCED_FACE('',(#5004),#911,.T.);
#5633=ADVANCED_FACE('',(#5005),#5307,.T.);
#5634=ADVANCED_FACE('',(#5006,#5007),#912,.F.);
#5635=ADVANCED_FACE('',(#5008,#5009),#913,.F.);
#5636=ADVANCED_FACE('',(#5010,#5011),#914,.F.);
#5637=ADVANCED_FACE('',(#5012,#5013),#915,.F.);
#5638=ADVANCED_FACE('',(#5014,#5015),#916,.F.);
#5639=ADVANCED_FACE('',(#5016,#5017),#917,.F.);
#5640=ADVANCED_FACE('',(#5018,#5019),#918,.F.);
#5641=ADVANCED_FACE('',(#5020,#5021),#919,.F.);
#5642=ADVANCED_FACE('',(#5022,#5023),#5308,.F.);
#5643=ADVANCED_FACE('',(#5024,#5025),#920,.F.);
#5644=ADVANCED_FACE('',(#5026,#5027),#5309,.F.);
#5645=ADVANCED_FACE('',(#5028,#5029),#921,.F.);
#5646=ADVANCED_FACE('',(#5030,#5031),#5310,.F.);
#5647=ADVANCED_FACE('',(#5032,#5033),#922,.F.);
#5648=ADVANCED_FACE('',(#5034,#5035),#5311,.F.);
#5649=ADVANCED_FACE('',(#5036,#5037),#923,.F.);
#5650=ADVANCED_FACE('',(#5038,#5039),#5312,.T.);
#5651=ADVANCED_FACE('',(#5040,#5041),#924,.F.);
#5652=ADVANCED_FACE('',(#5042,#5043),#5313,.T.);
#5653=ADVANCED_FACE('',(#5044,#5045),#925,.F.);
#5654=ADVANCED_FACE('',(#5046,#5047),#5314,.T.);
#5655=ADVANCED_FACE('',(#5048,#5049),#926,.F.);
#5656=ADVANCED_FACE('',(#5050,#5051),#5315,.T.);
#5657=ADVANCED_FACE('',(#5052,#5053),#927,.F.);
#5658=ADVANCED_FACE('',(#5054),#5316,.T.);
#5659=ADVANCED_FACE('',(#5055,#5056,#5057,#5058,#5059),#5317,.T.);
#5660=ADVANCED_FACE('',(#5060,#5061,#5062,#5063,#5064),#5318,.F.);
#5661=ADVANCED_FACE('',(#5065,#5066),#928,.F.);
#5662=ADVANCED_FACE('',(#5067),#5319,.T.);
#5663=ADVANCED_FACE('',(#5068),#929,.T.);
#5664=ADVANCED_FACE('',(#5069,#5070,#5071,#5072,#5073),#5320,.T.);
#5665=ADVANCED_FACE('',(#5074,#5075,#5076,#5077,#5078),#5321,.F.);
#5666=ADVANCED_FACE('',(#5079),#5322,.T.);
#5667=ADVANCED_FACE('',(#5080,#5081),#5323,.T.);
#5668=ADVANCED_FACE('',(#5082,#5083),#930,.F.);
#5669=ADVANCED_FACE('',(#5084,#5085),#931,.F.);
#5670=ADVANCED_FACE('',(#5086,#5087),#10,.F.);
#5671=ADVANCED_FACE('',(#5088,#5089),#11,.F.);
#5672=ADVANCED_FACE('',(#5090,#5091),#12,.F.);
#5673=ADVANCED_FACE('',(#5092,#5093),#13,.F.);
#5674=ADVANCED_FACE('',(#5094),#14,.F.);
#5675=ADVANCED_FACE('',(#5095),#932,.F.);
#5676=ADVANCED_FACE('',(#5096),#933,.F.);
#5677=ADVANCED_FACE('',(#5097),#15,.F.);
#5678=ADVANCED_FACE('',(#5098),#78,.F.);
#5679=ADVANCED_FACE('',(#5099),#934,.F.);
#5680=ADVANCED_FACE('',(#5100),#16,.F.);
#5681=ADVANCED_FACE('',(#5101),#79,.F.);
#5682=ADVANCED_FACE('',(#5102),#17,.F.);
#5683=ADVANCED_FACE('',(#5103),#935,.F.);
#5684=ADVANCED_FACE('',(#5104),#936,.F.);
#5685=ADVANCED_FACE('',(#5105),#18,.F.);
#5686=ADVANCED_FACE('',(#5106),#80,.F.);
#5687=ADVANCED_FACE('',(#5107),#937,.F.);
#5688=ADVANCED_FACE('',(#5108),#19,.F.);
#5689=ADVANCED_FACE('',(#5109),#81,.F.);
#5690=ADVANCED_FACE('',(#5110),#20,.F.);
#5691=ADVANCED_FACE('',(#5111),#938,.F.);
#5692=ADVANCED_FACE('',(#5112),#939,.F.);
#5693=ADVANCED_FACE('',(#5113),#21,.F.);
#5694=ADVANCED_FACE('',(#5114),#82,.F.);
#5695=ADVANCED_FACE('',(#5115),#940,.F.);
#5696=ADVANCED_FACE('',(#5116),#22,.F.);
#5697=ADVANCED_FACE('',(#5117),#83,.F.);
#5698=ADVANCED_FACE('',(#5118),#23,.F.);
#5699=ADVANCED_FACE('',(#5119),#941,.F.);
#5700=ADVANCED_FACE('',(#5120),#942,.F.);
#5701=ADVANCED_FACE('',(#5121),#24,.F.);
#5702=ADVANCED_FACE('',(#5122),#84,.F.);
#5703=ADVANCED_FACE('',(#5123),#943,.F.);
#5704=ADVANCED_FACE('',(#5124),#25,.F.);
#5705=ADVANCED_FACE('',(#5125),#85,.F.);
#5706=ADVANCED_FACE('',(#5126),#26,.T.);
#5707=ADVANCED_FACE('',(#5127),#58,.T.);
#5708=ADVANCED_FACE('',(#5128),#27,.T.);
#5709=ADVANCED_FACE('',(#5129),#28,.T.);
#5710=ADVANCED_FACE('',(#5130),#59,.T.);
#5711=ADVANCED_FACE('',(#5131),#29,.T.);
#5712=ADVANCED_FACE('',(#5132),#30,.T.);
#5713=ADVANCED_FACE('',(#5133),#60,.T.);
#5714=ADVANCED_FACE('',(#5134),#31,.T.);
#5715=ADVANCED_FACE('',(#5135),#32,.T.);
#5716=ADVANCED_FACE('',(#5136),#61,.T.);
#5717=ADVANCED_FACE('',(#5137),#33,.T.);
#5718=ADVANCED_FACE('',(#5138,#5139),#5324,.T.);
#5719=ADVANCED_FACE('',(#5140,#5141),#5325,.F.);
#5720=ADVANCED_FACE('',(#5142,#5143),#944,.T.);
#5721=ADVANCED_FACE('',(#5144,#5145),#945,.F.);
#5722=ADVANCED_FACE('',(#5146,#5147),#5326,.F.);
#5723=ADVANCED_FACE('',(#5148,#5149),#5327,.F.);
#5724=ADVANCED_FACE('',(#5150,#5151),#946,.T.);
#5725=ADVANCED_FACE('',(#5152,#5153),#947,.F.);
#5726=CLOSED_SHELL('',(#5328,#5329,#5330,#5331));
#5727=CLOSED_SHELL('',(#5332,#5333,#5334,#5335));
#5728=CLOSED_SHELL('',(#5336,#5337,#5338,#5339,#5340,#5341,#5342,#5343,
#5344,#5345,#5346,#5347,#5348,#5349,#5350,#5351,#5352,#5353,#5354,#5355,
#5356,#5357,#5358,#5359,#5360,#5361,#5362,#5363,#5364,#5365,#5366,#5367,
#5368,#5369,#5370,#5371,#5372,#5373,#5374,#5375,#5376,#5377,#5378,#5379,
#5380,#5381,#5382,#5383,#5384,#5385,#5386,#5387,#5388,#5389,#5390,#5391,
#5392,#5393,#5394,#5395,#5396,#5397,#5398,#5399,#5400,#5401,#5402,#5403,
#5404,#5405,#5406,#5407,#5408,#5409,#5410,#5411,#5412,#5413,#5414,#5415,
#5416,#5417,#5418,#5419,#5420,#5421,#5422,#5423,#5424,#5425,#5426,#5427,
#5428,#5429,#5430,#5431,#5432,#5433,#5434,#5435,#5436,#5437,#5438,#5439,
#5440,#5441,#5442,#5443,#5444,#5445,#5446,#5447,#5448,#5449,#5450,#5451,
#5452,#5453,#5454,#5455,#5456,#5457,#5458,#5459,#5460,#5461,#5462,#5463,
#5464,#5465,#5466,#5467,#5468,#5469,#5470,#5471,#5472,#5473,#5474,#5475,
#5476,#5477,#5478,#5479,#5480,#5481,#5482,#5483,#5484,#5485,#5486,#5487,
#5488,#5489,#5490,#5491,#5492,#5493,#5494,#5495,#5496,#5497,#5498,#5499,
#5500,#5501,#5502,#5503,#5504,#5505,#5506,#5507,#5508,#5509,#5510,#5511,
#5512,#5513,#5514,#5515,#5516,#5517,#5518,#5519,#5520,#5521,#5522,#5523,
#5524,#5525,#5526,#5527,#5528,#5529,#5530,#5531,#5532,#5533,#5534,#5535,
#5536,#5537,#5538,#5539,#5540,#5541,#5542,#5543,#5544,#5545,#5546,#5547,
#5548,#5549,#5550,#5551,#5552,#5553,#5554,#5555,#5556,#5557,#5558,#5559,
#5560,#5561,#5562,#5563,#5564,#5565,#5566,#5567,#5568,#5569,#5570,#5571,
#5572,#5573,#5574,#5575,#5576,#5577,#5578,#5579,#5580,#5581,#5582,#5583,
#5584,#5585,#5586,#5587,#5588,#5589,#5590,#5591,#5592,#5593,#5594,#5595,
#5596,#5597,#5598,#5599,#5600,#5601,#5602,#5603,#5604,#5605,#5606,#5607,
#5608,#5609,#5610,#5611,#5612,#5613,#5614,#5615,#5616,#5617,#5618,#5619,
#5620,#5621,#5622,#5623,#5624,#5625,#5626,#5627,#5628,#5629,#5630,#5631,
#5632,#5633,#5634,#5635,#5636,#5637,#5638,#5639,#5640,#5641,#5642,#5643,
#5644,#5645,#5646,#5647,#5648,#5649,#5650,#5651,#5652,#5653,#5654,#5655,
#5656,#5657,#5658,#5659,#5660,#5661,#5662,#5663,#5664,#5665,#5666,#5667,
#5668,#5669,#5670,#5671,#5672,#5673,#5674,#5675,#5676,#5677,#5678,#5679,
#5680,#5681,#5682,#5683,#5684,#5685,#5686,#5687,#5688,#5689,#5690,#5691,
#5692,#5693,#5694,#5695,#5696,#5697,#5698,#5699,#5700,#5701,#5702,#5703,
#5704,#5705,#5706,#5707,#5708,#5709,#5710,#5711,#5712,#5713,#5714,#5715,
#5716,#5717));
#5729=CLOSED_SHELL('',(#5718,#5719,#5720,#5721));
#5730=CLOSED_SHELL('',(#5722,#5723,#5724,#5725));
#5731=STYLED_ITEM('',(#5736),#5768);
#5732=STYLED_ITEM('',(#5737),#5769);
#5733=STYLED_ITEM('',(#5738),#5770);
#5734=STYLED_ITEM('',(#5739),#5771);
#5735=STYLED_ITEM('',(#5740),#5772);
#5736=PRESENTATION_STYLE_ASSIGNMENT((#5741));
#5737=PRESENTATION_STYLE_ASSIGNMENT((#5742));
#5738=PRESENTATION_STYLE_ASSIGNMENT((#5743));
#5739=PRESENTATION_STYLE_ASSIGNMENT((#5744));
#5740=PRESENTATION_STYLE_ASSIGNMENT((#5745));
#5741=SURFACE_STYLE_USAGE(.BOTH.,#5746);
#5742=SURFACE_STYLE_USAGE(.BOTH.,#5747);
#5743=SURFACE_STYLE_USAGE(.BOTH.,#5748);
#5744=SURFACE_STYLE_USAGE(.BOTH.,#5749);
#5745=SURFACE_STYLE_USAGE(.BOTH.,#5750);
#5746=SURFACE_SIDE_STYLE('',(#5751));
#5747=SURFACE_SIDE_STYLE('',(#5752));
#5748=SURFACE_SIDE_STYLE('',(#5753));
#5749=SURFACE_SIDE_STYLE('',(#5754));
#5750=SURFACE_SIDE_STYLE('',(#5755));
#5751=SURFACE_STYLE_FILL_AREA(#5756);
#5752=SURFACE_STYLE_FILL_AREA(#5757);
#5753=SURFACE_STYLE_FILL_AREA(#5758);
#5754=SURFACE_STYLE_FILL_AREA(#5759);
#5755=SURFACE_STYLE_FILL_AREA(#5760);
#5756=FILL_AREA_STYLE('',(#5761));
#5757=FILL_AREA_STYLE('',(#5762));
#5758=FILL_AREA_STYLE('',(#5763));
#5759=FILL_AREA_STYLE('',(#5764));
#5760=FILL_AREA_STYLE('',(#5765));
#5761=FILL_AREA_STYLE_COLOUR('',#5766);
#5762=FILL_AREA_STYLE_COLOUR('',#5766);
#5763=FILL_AREA_STYLE_COLOUR('',#5767);
#5764=FILL_AREA_STYLE_COLOUR('',#5766);
#5765=FILL_AREA_STYLE_COLOUR('',#5766);
#5766=COLOUR_RGB('',0.501960784313726,0.501960784313726,0.501960784313726);
#5767=COLOUR_RGB('',0.4,0.4,0.4);
#5768=MANIFOLD_SOLID_BREP('Arm Front Right',#5726);
#5769=MANIFOLD_SOLID_BREP('Arm Back Right',#5727);
#5770=MANIFOLD_SOLID_BREP('Fuselage',#5728);
#5771=MANIFOLD_SOLID_BREP('Arm Back Left',#5729);
#5772=MANIFOLD_SOLID_BREP('Arm Front Left',#5730);
#5773=SHAPE_DEFINITION_REPRESENTATION(#10801,#5779);
#5774=SHAPE_DEFINITION_REPRESENTATION(#10802,#5780);
#5775=SHAPE_DEFINITION_REPRESENTATION(#10804,#5781);
#5776=SHAPE_DEFINITION_REPRESENTATION(#10806,#5782);
#5777=SHAPE_DEFINITION_REPRESENTATION(#10808,#5783);
#5778=SHAPE_DEFINITION_REPRESENTATION(#10810,#5784);
#5779=SHAPE_REPRESENTATION('Prototype Assembly',(#5785,#5794,#5803,#6520,
#6529,#6538),#10786);
#5780=SHAPE_REPRESENTATION('Arm Front Right',(#5785),#10787);
#5781=SHAPE_REPRESENTATION('Arm Back Right',(#5785),#10788);
#5782=SHAPE_REPRESENTATION('Fuselage',(#5785),#10789);
#5783=SHAPE_REPRESENTATION('Arm Back Left',(#5785),#10790);
#5784=SHAPE_REPRESENTATION('Arm Front Left',(#5785),#10791);
#5785=AXIS2_PLACEMENT_3D('',#8377,#6539,#6540);
#5786=AXIS2_PLACEMENT_3D('',#8378,#6541,#6542);
#5787=AXIS2_PLACEMENT_3D('',#8379,#6543,#6544);
#5788=AXIS2_PLACEMENT_3D('',#8381,#6545,#6546);
#5789=AXIS2_PLACEMENT_3D('',#8383,#6547,#6548);
#5790=AXIS2_PLACEMENT_3D('',#8384,#6549,#6550);
#5791=AXIS2_PLACEMENT_3D('',#8386,#6551,#6552);
#5792=AXIS2_PLACEMENT_3D('',#8388,#6553,#6554);
#5793=AXIS2_PLACEMENT_3D('',#8389,#6555,#6556);
#5794=AXIS2_PLACEMENT_3D('',#8390,#6557,#6558);
#5795=AXIS2_PLACEMENT_3D('',#8391,#6559,#6560);
#5796=AXIS2_PLACEMENT_3D('',#8392,#6561,#6562);
#5797=AXIS2_PLACEMENT_3D('',#8394,#6563,#6564);
#5798=AXIS2_PLACEMENT_3D('',#8396,#6565,#6566);
#5799=AXIS2_PLACEMENT_3D('',#8397,#6567,#6568);
#5800=AXIS2_PLACEMENT_3D('',#8399,#6569,#6570);
#5801=AXIS2_PLACEMENT_3D('',#8401,#6571,#6572);
#5802=AXIS2_PLACEMENT_3D('',#8402,#6573,#6574);
#5803=AXIS2_PLACEMENT_3D('',#8403,#6575,#6576);
#5804=AXIS2_PLACEMENT_3D('',#8404,#6577,#6578);
#5805=AXIS2_PLACEMENT_3D('',#8405,#6579,#6580);
#5806=AXIS2_PLACEMENT_3D('',#8407,#6581,#6582);
#5807=AXIS2_PLACEMENT_3D('',#8409,#6583,#6584);
#5808=AXIS2_PLACEMENT_3D('',#8410,#6585,#6586);
#5809=AXIS2_PLACEMENT_3D('',#8412,#6587,#6588);
#5810=AXIS2_PLACEMENT_3D('',#8413,#6589,#6590);
#5811=AXIS2_PLACEMENT_3D('',#8422,#6594,#6595);
#5812=AXIS2_PLACEMENT_3D('',#8423,#6596,#6597);
#5813=AXIS2_PLACEMENT_3D('',#8424,#6598,#6599);
#5814=AXIS2_PLACEMENT_3D('',#8426,#6600,#6601);
#5815=AXIS2_PLACEMENT_3D('',#8428,#6602,#6603);
#5816=AXIS2_PLACEMENT_3D('',#8430,#6604,#6605);
#5817=AXIS2_PLACEMENT_3D('',#8440,#6610,#6611);
#5818=AXIS2_PLACEMENT_3D('',#8441,#6612,#6613);
#5819=AXIS2_PLACEMENT_3D('',#8443,#6614,#6615);
#5820=AXIS2_PLACEMENT_3D('',#8445,#6616,#6617);
#5821=AXIS2_PLACEMENT_3D('',#8447,#6618,#6619);
#5822=AXIS2_PLACEMENT_3D('',#8457,#6624,#6625);
#5823=AXIS2_PLACEMENT_3D('',#8461,#6627,#6628);
#5824=AXIS2_PLACEMENT_3D('',#8465,#6630,#6631);
#5825=AXIS2_PLACEMENT_3D('',#8466,#6632,#6633);
#5826=AXIS2_PLACEMENT_3D('',#8472,#6636,#6637);
#5827=AXIS2_PLACEMENT_3D('',#8474,#6638,#6639);
#5828=AXIS2_PLACEMENT_3D('',#8477,#6641,#6642);
#5829=AXIS2_PLACEMENT_3D('',#8487,#6644,#6645);
#5830=AXIS2_PLACEMENT_3D('',#8497,#6647,#6648);
#5831=AXIS2_PLACEMENT_3D('',#8498,#6649,#6650);
#5832=AXIS2_PLACEMENT_3D('',#8500,#6651,#6652);
#5833=AXIS2_PLACEMENT_3D('',#8509,#6657,#6658);
#5834=AXIS2_PLACEMENT_3D('',#8511,#6659,#6660);
#5835=AXIS2_PLACEMENT_3D('',#8513,#6661,#6662);
#5836=AXIS2_PLACEMENT_3D('',#8515,#6663,#6664);
#5837=AXIS2_PLACEMENT_3D('',#8517,#6665,#6666);
#5838=AXIS2_PLACEMENT_3D('',#8526,#6671,#6672);
#5839=AXIS2_PLACEMENT_3D('',#8528,#6674,#6675);
#5840=AXIS2_PLACEMENT_3D('',#8529,#6676,#6677);
#5841=AXIS2_PLACEMENT_3D('',#8531,#6678,#6679);
#5842=AXIS2_PLACEMENT_3D('',#8533,#6680,#6681);
#5843=AXIS2_PLACEMENT_3D('',#8535,#6682,#6683);
#5844=AXIS2_PLACEMENT_3D('',#8545,#6688,#6689);
#5845=AXIS2_PLACEMENT_3D('',#8546,#6690,#6691);
#5846=AXIS2_PLACEMENT_3D('',#8548,#6692,#6693);
#5847=AXIS2_PLACEMENT_3D('',#8549,#6694,#6695);
#5848=AXIS2_PLACEMENT_3D('',#8551,#6696,#6697);
#5849=AXIS2_PLACEMENT_3D('',#8552,#6698,#6699);
#5850=AXIS2_PLACEMENT_3D('',#8554,#6700,#6701);
#5851=AXIS2_PLACEMENT_3D('',#8555,#6702,#6703);
#5852=AXIS2_PLACEMENT_3D('',#8557,#6704,#6705);
#5853=AXIS2_PLACEMENT_3D('',#8558,#6706,#6707);
#5854=AXIS2_PLACEMENT_3D('',#8560,#6708,#6709);
#5855=AXIS2_PLACEMENT_3D('',#8561,#6710,#6711);
#5856=AXIS2_PLACEMENT_3D('',#8563,#6712,#6713);
#5857=AXIS2_PLACEMENT_3D('',#8564,#6714,#6715);
#5858=AXIS2_PLACEMENT_3D('',#8566,#6716,#6717);
#5859=AXIS2_PLACEMENT_3D('',#8567,#6718,#6719);
#5860=AXIS2_PLACEMENT_3D('',#8569,#6720,#6721);
#5861=AXIS2_PLACEMENT_3D('',#8570,#6722,#6723);
#5862=AXIS2_PLACEMENT_3D('',#8572,#6724,#6725);
#5863=AXIS2_PLACEMENT_3D('',#8573,#6726,#6727);
#5864=AXIS2_PLACEMENT_3D('',#8575,#6728,#6729);
#5865=AXIS2_PLACEMENT_3D('',#8576,#6730,#6731);
#5866=AXIS2_PLACEMENT_3D('',#8578,#6732,#6733);
#5867=AXIS2_PLACEMENT_3D('',#8579,#6734,#6735);
#5868=AXIS2_PLACEMENT_3D('',#8581,#6736,#6737);
#5869=AXIS2_PLACEMENT_3D('',#8582,#6738,#6739);
#5870=AXIS2_PLACEMENT_3D('',#8584,#6740,#6741);
#5871=AXIS2_PLACEMENT_3D('',#8585,#6742,#6743);
#5872=AXIS2_PLACEMENT_3D('',#8587,#6744,#6745);
#5873=AXIS2_PLACEMENT_3D('',#8588,#6746,#6747);
#5874=AXIS2_PLACEMENT_3D('',#8590,#6748,#6749);
#5875=AXIS2_PLACEMENT_3D('',#8591,#6750,#6751);
#5876=AXIS2_PLACEMENT_3D('',#8593,#6752,#6753);
#5877=AXIS2_PLACEMENT_3D('',#8594,#6754,#6755);
#5878=AXIS2_PLACEMENT_3D('',#8595,#6756,#6757);
#5879=AXIS2_PLACEMENT_3D('',#8596,#6758,#6759);
#5880=AXIS2_PLACEMENT_3D('',#8597,#6760,#6761);
#5881=AXIS2_PLACEMENT_3D('',#8598,#6762,#6763);
#5882=AXIS2_PLACEMENT_3D('',#8599,#6764,#6765);
#5883=AXIS2_PLACEMENT_3D('',#8600,#6766,#6767);
#5884=AXIS2_PLACEMENT_3D('',#8601,#6768,#6769);
#5885=AXIS2_PLACEMENT_3D('',#8602,#6770,#6771);
#5886=AXIS2_PLACEMENT_3D('',#8605,#6772,#6773);
#5887=AXIS2_PLACEMENT_3D('',#8607,#6774,#6775);
#5888=AXIS2_PLACEMENT_3D('',#8608,#6776,#6777);
#5889=AXIS2_PLACEMENT_3D('',#8609,#6778,#6779);
#5890=AXIS2_PLACEMENT_3D('',#8610,#6780,#6781);
#5891=AXIS2_PLACEMENT_3D('',#8611,#6782,#6783);
#5892=AXIS2_PLACEMENT_3D('',#8612,#6784,#6785);
#5893=AXIS2_PLACEMENT_3D('',#8613,#6786,#6787);
#5894=AXIS2_PLACEMENT_3D('',#8614,#6788,#6789);
#5895=AXIS2_PLACEMENT_3D('',#8615,#6790,#6791);
#5896=AXIS2_PLACEMENT_3D('',#8616,#6792,#6793);
#5897=AXIS2_PLACEMENT_3D('',#8617,#6794,#6795);
#5898=AXIS2_PLACEMENT_3D('',#8618,#6796,#6797);
#5899=AXIS2_PLACEMENT_3D('',#8619,#6798,#6799);
#5900=AXIS2_PLACEMENT_3D('',#8620,#6800,#6801);
#5901=AXIS2_PLACEMENT_3D('',#8621,#6802,#6803);
#5902=AXIS2_PLACEMENT_3D('',#8622,#6804,#6805);
#5903=AXIS2_PLACEMENT_3D('',#8623,#6806,#6807);
#5904=AXIS2_PLACEMENT_3D('',#8624,#6808,#6809);
#5905=AXIS2_PLACEMENT_3D('',#8625,#6810,#6811);
#5906=AXIS2_PLACEMENT_3D('',#8626,#6812,#6813);
#5907=AXIS2_PLACEMENT_3D('',#8627,#6814,#6815);
#5908=AXIS2_PLACEMENT_3D('',#8628,#6816,#6817);
#5909=AXIS2_PLACEMENT_3D('',#8629,#6818,#6819);
#5910=AXIS2_PLACEMENT_3D('',#8630,#6820,#6821);
#5911=AXIS2_PLACEMENT_3D('',#8632,#6822,#6823);
#5912=AXIS2_PLACEMENT_3D('',#8637,#6824,#6825);
#5913=AXIS2_PLACEMENT_3D('',#8638,#6826,#6827);
#5914=AXIS2_PLACEMENT_3D('',#8640,#6828,#6829);
#5915=AXIS2_PLACEMENT_3D('',#8641,#6830,#6831);
#5916=AXIS2_PLACEMENT_3D('',#8646,#6832,#6833);
#5917=AXIS2_PLACEMENT_3D('',#8647,#6834,#6835);
#5918=AXIS2_PLACEMENT_3D('',#8648,#6836,#6837);
#5919=AXIS2_PLACEMENT_3D('',#8649,#6838,#6839);
#5920=AXIS2_PLACEMENT_3D('',#8650,#6840,#6841);
#5921=AXIS2_PLACEMENT_3D('',#8651,#6842,#6843);
#5922=AXIS2_PLACEMENT_3D('',#8652,#6844,#6845);
#5923=AXIS2_PLACEMENT_3D('',#8653,#6846,#6847);
#5924=AXIS2_PLACEMENT_3D('',#8654,#6848,#6849);
#5925=AXIS2_PLACEMENT_3D('',#8655,#6850,#6851);
#5926=AXIS2_PLACEMENT_3D('',#8656,#6852,#6853);
#5927=AXIS2_PLACEMENT_3D('',#8657,#6854,#6855);
#5928=AXIS2_PLACEMENT_3D('',#8658,#6856,#6857);
#5929=AXIS2_PLACEMENT_3D('',#8659,#6858,#6859);
#5930=AXIS2_PLACEMENT_3D('',#8660,#6860,#6861);
#5931=AXIS2_PLACEMENT_3D('',#8661,#6862,#6863);
#5932=AXIS2_PLACEMENT_3D('',#8662,#6864,#6865);
#5933=AXIS2_PLACEMENT_3D('',#8663,#6866,#6867);
#5934=AXIS2_PLACEMENT_3D('',#8664,#6868,#6869);
#5935=AXIS2_PLACEMENT_3D('',#8665,#6870,#6871);
#5936=AXIS2_PLACEMENT_3D('',#8672,#6872,#6873);
#5937=AXIS2_PLACEMENT_3D('',#8673,#6874,#6875);
#5938=AXIS2_PLACEMENT_3D('',#8674,#6876,#6877);
#5939=AXIS2_PLACEMENT_3D('',#8675,#6878,#6879);
#5940=AXIS2_PLACEMENT_3D('',#8682,#6880,#6881);
#5941=AXIS2_PLACEMENT_3D('',#8683,#6882,#6883);
#5942=AXIS2_PLACEMENT_3D('',#8685,#6884,#6885);
#5943=AXIS2_PLACEMENT_3D('',#8686,#6886,#6887);
#5944=AXIS2_PLACEMENT_3D('',#8691,#6889,#6890);
#5945=AXIS2_PLACEMENT_3D('',#8695,#6892,#6893);
#5946=AXIS2_PLACEMENT_3D('',#8698,#6895,#6896);
#5947=AXIS2_PLACEMENT_3D('',#8703,#6898,#6899);
#5948=AXIS2_PLACEMENT_3D('',#8707,#6901,#6902);
#5949=AXIS2_PLACEMENT_3D('',#8744,#6921,#6922);
#5950=AXIS2_PLACEMENT_3D('',#8745,#6923,#6924);
#5951=AXIS2_PLACEMENT_3D('',#8754,#6928,#6929);
#5952=AXIS2_PLACEMENT_3D('',#8755,#6930,#6931);
#5953=AXIS2_PLACEMENT_3D('',#8756,#6932,#6933);
#5954=AXIS2_PLACEMENT_3D('',#8758,#6934,#6935);
#5955=AXIS2_PLACEMENT_3D('',#8760,#6936,#6937);
#5956=AXIS2_PLACEMENT_3D('',#8762,#6938,#6939);
#5957=AXIS2_PLACEMENT_3D('',#8772,#6944,#6945);
#5958=AXIS2_PLACEMENT_3D('',#8773,#6946,#6947);
#5959=AXIS2_PLACEMENT_3D('',#8775,#6948,#6949);
#5960=AXIS2_PLACEMENT_3D('',#8777,#6950,#6951);
#5961=AXIS2_PLACEMENT_3D('',#8779,#6952,#6953);
#5962=AXIS2_PLACEMENT_3D('',#8789,#6958,#6959);
#5963=AXIS2_PLACEMENT_3D('',#8793,#6961,#6962);
#5964=AXIS2_PLACEMENT_3D('',#8797,#6964,#6965);
#5965=AXIS2_PLACEMENT_3D('',#8798,#6966,#6967);
#5966=AXIS2_PLACEMENT_3D('',#8804,#6970,#6971);
#5967=AXIS2_PLACEMENT_3D('',#8806,#6972,#6973);
#5968=AXIS2_PLACEMENT_3D('',#8809,#6975,#6976);
#5969=AXIS2_PLACEMENT_3D('',#8819,#6978,#6979);
#5970=AXIS2_PLACEMENT_3D('',#8829,#6981,#6982);
#5971=AXIS2_PLACEMENT_3D('',#8830,#6983,#6984);
#5972=AXIS2_PLACEMENT_3D('',#8832,#6985,#6986);
#5973=AXIS2_PLACEMENT_3D('',#8841,#6991,#6992);
#5974=AXIS2_PLACEMENT_3D('',#8843,#6993,#6994);
#5975=AXIS2_PLACEMENT_3D('',#8845,#6995,#6996);
#5976=AXIS2_PLACEMENT_3D('',#8847,#6997,#6998);
#5977=AXIS2_PLACEMENT_3D('',#8849,#6999,#7000);
#5978=AXIS2_PLACEMENT_3D('',#8850,#7001,#7002);
#5979=AXIS2_PLACEMENT_3D('',#8852,#7003,#7004);
#5980=AXIS2_PLACEMENT_3D('',#8854,#7005,#7006);
#5981=AXIS2_PLACEMENT_3D('',#8856,#7007,#7008);
#5982=AXIS2_PLACEMENT_3D('',#8866,#7013,#7014);
#5983=AXIS2_PLACEMENT_3D('',#8875,#7019,#7020);
#5984=AXIS2_PLACEMENT_3D('',#8877,#7022,#7023);
#5985=AXIS2_PLACEMENT_3D('',#8878,#7024,#7025);
#5986=AXIS2_PLACEMENT_3D('',#8880,#7026,#7027);
#5987=AXIS2_PLACEMENT_3D('',#8881,#7028,#7029);
#5988=AXIS2_PLACEMENT_3D('',#8883,#7030,#7031);
#5989=AXIS2_PLACEMENT_3D('',#8884,#7032,#7033);
#5990=AXIS2_PLACEMENT_3D('',#8886,#7034,#7035);
#5991=AXIS2_PLACEMENT_3D('',#8887,#7036,#7037);
#5992=AXIS2_PLACEMENT_3D('',#8889,#7038,#7039);
#5993=AXIS2_PLACEMENT_3D('',#8890,#7040,#7041);
#5994=AXIS2_PLACEMENT_3D('',#8892,#7042,#7043);
#5995=AXIS2_PLACEMENT_3D('',#8893,#7044,#7045);
#5996=AXIS2_PLACEMENT_3D('',#8895,#7046,#7047);
#5997=AXIS2_PLACEMENT_3D('',#8896,#7048,#7049);
#5998=AXIS2_PLACEMENT_3D('',#8898,#7050,#7051);
#5999=AXIS2_PLACEMENT_3D('',#8899,#7052,#7053);
#6000=AXIS2_PLACEMENT_3D('',#8901,#7054,#7055);
#6001=AXIS2_PLACEMENT_3D('',#8902,#7056,#7057);
#6002=AXIS2_PLACEMENT_3D('',#8904,#7058,#7059);
#6003=AXIS2_PLACEMENT_3D('',#8905,#7060,#7061);
#6004=AXIS2_PLACEMENT_3D('',#8907,#7062,#7063);
#6005=AXIS2_PLACEMENT_3D('',#8908,#7064,#7065);
#6006=AXIS2_PLACEMENT_3D('',#8910,#7066,#7067);
#6007=AXIS2_PLACEMENT_3D('',#8911,#7068,#7069);
#6008=AXIS2_PLACEMENT_3D('',#8913,#7070,#7071);
#6009=AXIS2_PLACEMENT_3D('',#8914,#7072,#7073);
#6010=AXIS2_PLACEMENT_3D('',#8916,#7074,#7075);
#6011=AXIS2_PLACEMENT_3D('',#8917,#7076,#7077);
#6012=AXIS2_PLACEMENT_3D('',#8919,#7078,#7079);
#6013=AXIS2_PLACEMENT_3D('',#8920,#7080,#7081);
#6014=AXIS2_PLACEMENT_3D('',#8922,#7082,#7083);
#6015=AXIS2_PLACEMENT_3D('',#8923,#7084,#7085);
#6016=AXIS2_PLACEMENT_3D('',#8925,#7086,#7087);
#6017=AXIS2_PLACEMENT_3D('',#8926,#7088,#7089);
#6018=AXIS2_PLACEMENT_3D('',#8927,#7090,#7091);
#6019=AXIS2_PLACEMENT_3D('',#8928,#7092,#7093);
#6020=AXIS2_PLACEMENT_3D('',#8929,#7094,#7095);
#6021=AXIS2_PLACEMENT_3D('',#8930,#7096,#7097);
#6022=AXIS2_PLACEMENT_3D('',#8931,#7098,#7099);
#6023=AXIS2_PLACEMENT_3D('',#8932,#7100,#7101);
#6024=AXIS2_PLACEMENT_3D('',#8933,#7102,#7103);
#6025=AXIS2_PLACEMENT_3D('',#8934,#7104,#7105);
#6026=AXIS2_PLACEMENT_3D('',#8937,#7106,#7107);
#6027=AXIS2_PLACEMENT_3D('',#8939,#7108,#7109);
#6028=AXIS2_PLACEMENT_3D('',#8940,#7110,#7111);
#6029=AXIS2_PLACEMENT_3D('',#8941,#7112,#7113);
#6030=AXIS2_PLACEMENT_3D('',#8942,#7114,#7115);
#6031=AXIS2_PLACEMENT_3D('',#8943,#7116,#7117);
#6032=AXIS2_PLACEMENT_3D('',#8944,#7118,#7119);
#6033=AXIS2_PLACEMENT_3D('',#8945,#7120,#7121);
#6034=AXIS2_PLACEMENT_3D('',#8946,#7122,#7123);
#6035=AXIS2_PLACEMENT_3D('',#8947,#7124,#7125);
#6036=AXIS2_PLACEMENT_3D('',#8948,#7126,#7127);
#6037=AXIS2_PLACEMENT_3D('',#8949,#7128,#7129);
#6038=AXIS2_PLACEMENT_3D('',#8950,#7130,#7131);
#6039=AXIS2_PLACEMENT_3D('',#8951,#7132,#7133);
#6040=AXIS2_PLACEMENT_3D('',#8952,#7134,#7135);
#6041=AXIS2_PLACEMENT_3D('',#8953,#7136,#7137);
#6042=AXIS2_PLACEMENT_3D('',#8954,#7138,#7139);
#6043=AXIS2_PLACEMENT_3D('',#8955,#7140,#7141);
#6044=AXIS2_PLACEMENT_3D('',#8956,#7142,#7143);
#6045=AXIS2_PLACEMENT_3D('',#8957,#7144,#7145);
#6046=AXIS2_PLACEMENT_3D('',#8958,#7146,#7147);
#6047=AXIS2_PLACEMENT_3D('',#8959,#7148,#7149);
#6048=AXIS2_PLACEMENT_3D('',#8960,#7150,#7151);
#6049=AXIS2_PLACEMENT_3D('',#8961,#7152,#7153);
#6050=AXIS2_PLACEMENT_3D('',#8962,#7154,#7155);
#6051=AXIS2_PLACEMENT_3D('',#8964,#7156,#7157);
#6052=AXIS2_PLACEMENT_3D('',#8969,#7158,#7159);
#6053=AXIS2_PLACEMENT_3D('',#8970,#7160,#7161);
#6054=AXIS2_PLACEMENT_3D('',#8972,#7162,#7163);
#6055=AXIS2_PLACEMENT_3D('',#8973,#7164,#7165);
#6056=AXIS2_PLACEMENT_3D('',#8978,#7166,#7167);
#6057=AXIS2_PLACEMENT_3D('',#8979,#7168,#7169);
#6058=AXIS2_PLACEMENT_3D('',#8980,#7170,#7171);
#6059=AXIS2_PLACEMENT_3D('',#8981,#7172,#7173);
#6060=AXIS2_PLACEMENT_3D('',#8982,#7174,#7175);
#6061=AXIS2_PLACEMENT_3D('',#8983,#7176,#7177);
#6062=AXIS2_PLACEMENT_3D('',#8984,#7178,#7179);
#6063=AXIS2_PLACEMENT_3D('',#8985,#7180,#7181);
#6064=AXIS2_PLACEMENT_3D('',#8986,#7182,#7183);
#6065=AXIS2_PLACEMENT_3D('',#8987,#7184,#7185);
#6066=AXIS2_PLACEMENT_3D('',#8988,#7186,#7187);
#6067=AXIS2_PLACEMENT_3D('',#8989,#7188,#7189);
#6068=AXIS2_PLACEMENT_3D('',#8990,#7190,#7191);
#6069=AXIS2_PLACEMENT_3D('',#8991,#7192,#7193);
#6070=AXIS2_PLACEMENT_3D('',#8992,#7194,#7195);
#6071=AXIS2_PLACEMENT_3D('',#8993,#7196,#7197);
#6072=AXIS2_PLACEMENT_3D('',#8994,#7198,#7199);
#6073=AXIS2_PLACEMENT_3D('',#8995,#7200,#7201);
#6074=AXIS2_PLACEMENT_3D('',#8996,#7202,#7203);
#6075=AXIS2_PLACEMENT_3D('',#8997,#7204,#7205);
#6076=AXIS2_PLACEMENT_3D('',#9004,#7206,#7207);
#6077=AXIS2_PLACEMENT_3D('',#9005,#7208,#7209);
#6078=AXIS2_PLACEMENT_3D('',#9006,#7210,#7211);
#6079=AXIS2_PLACEMENT_3D('',#9007,#7212,#7213);
#6080=AXIS2_PLACEMENT_3D('',#9014,#7214,#7215);
#6081=AXIS2_PLACEMENT_3D('',#9015,#7216,#7217);
#6082=AXIS2_PLACEMENT_3D('',#9017,#7218,#7219);
#6083=AXIS2_PLACEMENT_3D('',#9019,#7220,#7221);
#6084=AXIS2_PLACEMENT_3D('',#9028,#7226,#7227);
#6085=AXIS2_PLACEMENT_3D('',#9037,#7232,#7233);
#6086=AXIS2_PLACEMENT_3D('',#9046,#7238,#7239);
#6087=AXIS2_PLACEMENT_3D('',#9055,#7244,#7245);
#6088=AXIS2_PLACEMENT_3D('',#9064,#7250,#7251);
#6089=AXIS2_PLACEMENT_3D('',#9073,#7256,#7257);
#6090=AXIS2_PLACEMENT_3D('',#9082,#7262,#7263);
#6091=AXIS2_PLACEMENT_3D('',#9091,#7268,#7269);
#6092=AXIS2_PLACEMENT_3D('',#9100,#7274,#7275);
#6093=AXIS2_PLACEMENT_3D('',#9109,#7280,#7281);
#6094=AXIS2_PLACEMENT_3D('',#9118,#7286,#7287);
#6095=AXIS2_PLACEMENT_3D('',#9127,#7292,#7293);
#6096=AXIS2_PLACEMENT_3D('',#9136,#7298,#7299);
#6097=AXIS2_PLACEMENT_3D('',#9145,#7304,#7305);
#6098=AXIS2_PLACEMENT_3D('',#9154,#7310,#7311);
#6099=AXIS2_PLACEMENT_3D('',#9163,#7316,#7317);
#6100=AXIS2_PLACEMENT_3D('',#9169,#7321,#7322);
#6101=AXIS2_PLACEMENT_3D('',#9172,#7325,#7326);
#6102=AXIS2_PLACEMENT_3D('',#9175,#7329,#7330);
#6103=AXIS2_PLACEMENT_3D('',#9179,#7333,#7334);
#6104=AXIS2_PLACEMENT_3D('',#9181,#7336,#7337);
#6105=AXIS2_PLACEMENT_3D('',#9184,#7340,#7341);
#6106=AXIS2_PLACEMENT_3D('',#9186,#7343,#7344);
#6107=AXIS2_PLACEMENT_3D('',#9190,#7347,#7348);
#6108=AXIS2_PLACEMENT_3D('',#9193,#7351,#7352);
#6109=AXIS2_PLACEMENT_3D('',#9195,#7354,#7355);
#6110=AXIS2_PLACEMENT_3D('',#9197,#7357,#7358);
#6111=AXIS2_PLACEMENT_3D('',#9200,#7361,#7362);
#6112=AXIS2_PLACEMENT_3D('',#9204,#7365,#7366);
#6113=AXIS2_PLACEMENT_3D('',#9206,#7368,#7369);
#6114=AXIS2_PLACEMENT_3D('',#9208,#7371,#7372);
#6115=AXIS2_PLACEMENT_3D('',#9210,#7374,#7375);
#6116=AXIS2_PLACEMENT_3D('',#9212,#7377,#7378);
#6117=AXIS2_PLACEMENT_3D('',#9216,#7381,#7382);
#6118=AXIS2_PLACEMENT_3D('',#9219,#7385,#7386);
#6119=AXIS2_PLACEMENT_3D('',#9221,#7388,#7389);
#6120=AXIS2_PLACEMENT_3D('',#9223,#7391,#7392);
#6121=AXIS2_PLACEMENT_3D('',#9226,#7395,#7396);
#6122=AXIS2_PLACEMENT_3D('',#9230,#7399,#7400);
#6123=AXIS2_PLACEMENT_3D('',#9232,#7402,#7403);
#6124=AXIS2_PLACEMENT_3D('',#9234,#7405,#7406);
#6125=AXIS2_PLACEMENT_3D('',#9236,#7408,#7409);
#6126=AXIS2_PLACEMENT_3D('',#9238,#7411,#7412);
#6127=AXIS2_PLACEMENT_3D('',#9242,#7415,#7416);
#6128=AXIS2_PLACEMENT_3D('',#9245,#7419,#7420);
#6129=AXIS2_PLACEMENT_3D('',#9247,#7422,#7423);
#6130=AXIS2_PLACEMENT_3D('',#9249,#7425,#7426);
#6131=AXIS2_PLACEMENT_3D('',#9252,#7429,#7430);
#6132=AXIS2_PLACEMENT_3D('',#9256,#7433,#7434);
#6133=AXIS2_PLACEMENT_3D('',#9258,#7436,#7437);
#6134=AXIS2_PLACEMENT_3D('',#9260,#7439,#7440);
#6135=AXIS2_PLACEMENT_3D('',#9262,#7442,#7443);
#6136=AXIS2_PLACEMENT_3D('',#9264,#7445,#7446);
#6137=AXIS2_PLACEMENT_3D('',#9268,#7449,#7450);
#6138=AXIS2_PLACEMENT_3D('',#9273,#7454,#7455);
#6139=AXIS2_PLACEMENT_3D('',#9275,#7457,#7458);
#6140=AXIS2_PLACEMENT_3D('',#9277,#7460,#7461);
#6141=AXIS2_PLACEMENT_3D('',#9280,#7464,#7465);
#6142=AXIS2_PLACEMENT_3D('',#9284,#7468,#7469);
#6143=AXIS2_PLACEMENT_3D('',#9286,#7471,#7472);
#6144=AXIS2_PLACEMENT_3D('',#9288,#7474,#7475);
#6145=AXIS2_PLACEMENT_3D('',#9290,#7477,#7478);
#6146=AXIS2_PLACEMENT_3D('',#9292,#7480,#7481);
#6147=AXIS2_PLACEMENT_3D('',#9296,#7484,#7485);
#6148=AXIS2_PLACEMENT_3D('',#9299,#7488,#7489);
#6149=AXIS2_PLACEMENT_3D('',#9301,#7491,#7492);
#6150=AXIS2_PLACEMENT_3D('',#9303,#7494,#7495);
#6151=AXIS2_PLACEMENT_3D('',#9306,#7498,#7499);
#6152=AXIS2_PLACEMENT_3D('',#9310,#7502,#7503);
#6153=AXIS2_PLACEMENT_3D('',#9312,#7505,#7506);
#6154=AXIS2_PLACEMENT_3D('',#9314,#7508,#7509);
#6155=AXIS2_PLACEMENT_3D('',#9316,#7511,#7512);
#6156=AXIS2_PLACEMENT_3D('',#9318,#7514,#7515);
#6157=AXIS2_PLACEMENT_3D('',#9322,#7518,#7519);
#6158=AXIS2_PLACEMENT_3D('',#9325,#7522,#7523);
#6159=AXIS2_PLACEMENT_3D('',#9327,#7525,#7526);
#6160=AXIS2_PLACEMENT_3D('',#9329,#7528,#7529);
#6161=AXIS2_PLACEMENT_3D('',#9332,#7532,#7533);
#6162=AXIS2_PLACEMENT_3D('',#9336,#7536,#7537);
#6163=AXIS2_PLACEMENT_3D('',#9338,#7539,#7540);
#6164=AXIS2_PLACEMENT_3D('',#9340,#7542,#7543);
#6165=AXIS2_PLACEMENT_3D('',#9342,#7545,#7546);
#6166=AXIS2_PLACEMENT_3D('',#9344,#7548,#7549);
#6167=AXIS2_PLACEMENT_3D('',#9348,#7552,#7553);
#6168=AXIS2_PLACEMENT_3D('',#9352,#7557,#7558);
#6169=AXIS2_PLACEMENT_3D('',#9354,#7560,#7561);
#6170=AXIS2_PLACEMENT_3D('',#9356,#7563,#7564);
#6171=AXIS2_PLACEMENT_3D('',#9358,#7566,#7567);
#6172=AXIS2_PLACEMENT_3D('',#9360,#7569,#7570);
#6173=AXIS2_PLACEMENT_3D('',#9362,#7572,#7573);
#6174=AXIS2_PLACEMENT_3D('',#9364,#7575,#7576);
#6175=AXIS2_PLACEMENT_3D('',#9366,#7578,#7579);
#6176=AXIS2_PLACEMENT_3D('',#9368,#7581,#7582);
#6177=AXIS2_PLACEMENT_3D('',#9370,#7584,#7585);
#6178=AXIS2_PLACEMENT_3D('',#9372,#7587,#7588);
#6179=AXIS2_PLACEMENT_3D('',#9373,#7589,#7590);
#6180=AXIS2_PLACEMENT_3D('',#9374,#7591,#7592);
#6181=AXIS2_PLACEMENT_3D('',#9384,#7593,#7594);
#6182=AXIS2_PLACEMENT_3D('',#9386,#7595,#7596);
#6183=AXIS2_PLACEMENT_3D('',#9387,#7597,#7598);
#6184=AXIS2_PLACEMENT_3D('',#9388,#7599,#7600);
#6185=AXIS2_PLACEMENT_3D('',#9392,#7602,#7603);
#6186=AXIS2_PLACEMENT_3D('',#9395,#7605,#7606);
#6187=AXIS2_PLACEMENT_3D('',#9396,#7607,#7608);
#6188=AXIS2_PLACEMENT_3D('',#9405,#7609,#7610);
#6189=AXIS2_PLACEMENT_3D('',#9406,#7611,#7612);
#6190=AXIS2_PLACEMENT_3D('',#9407,#7613,#7614);
#6191=AXIS2_PLACEMENT_3D('',#9412,#7616,#7617);
#6192=AXIS2_PLACEMENT_3D('',#9415,#7619,#7620);
#6193=AXIS2_PLACEMENT_3D('',#9416,#7621,#7622);
#6194=AXIS2_PLACEMENT_3D('',#9421,#7625,#7626);
#6195=AXIS2_PLACEMENT_3D('',#9422,#7627,#7628);
#6196=AXIS2_PLACEMENT_3D('',#9424,#7629,#7630);
#6197=AXIS2_PLACEMENT_3D('',#9425,#7631,#7632);
#6198=AXIS2_PLACEMENT_3D('',#9426,#7633,#7634);
#6199=AXIS2_PLACEMENT_3D('',#9428,#7635,#7636);
#6200=AXIS2_PLACEMENT_3D('',#9429,#7637,#7638);
#6201=AXIS2_PLACEMENT_3D('',#9432,#7641,#7642);
#6202=AXIS2_PLACEMENT_3D('',#9439,#7643,#7644);
#6203=AXIS2_PLACEMENT_3D('',#9446,#7645,#7646);
#6204=AXIS2_PLACEMENT_3D('',#9448,#7647,#7648);
#6205=AXIS2_PLACEMENT_3D('',#9450,#7649,#7650);
#6206=AXIS2_PLACEMENT_3D('',#9451,#7651,#7652);
#6207=AXIS2_PLACEMENT_3D('',#9452,#7653,#7654);
#6208=AXIS2_PLACEMENT_3D('',#9453,#7655,#7656);
#6209=AXIS2_PLACEMENT_3D('',#9458,#7659,#7660);
#6210=AXIS2_PLACEMENT_3D('',#9461,#7662,#7663);
#6211=AXIS2_PLACEMENT_3D('',#9464,#7665,#7666);
#6212=AXIS2_PLACEMENT_3D('',#9465,#7667,#7668);
#6213=AXIS2_PLACEMENT_3D('',#9467,#7669,#7670);
#6214=AXIS2_PLACEMENT_3D('',#9468,#7671,#7672);
#6215=AXIS2_PLACEMENT_3D('',#9469,#7673,#7674);
#6216=AXIS2_PLACEMENT_3D('',#9472,#7675,#7676);
#6217=AXIS2_PLACEMENT_3D('',#9474,#7677,#7678);
#6218=AXIS2_PLACEMENT_3D('',#9475,#7679,#7680);
#6219=AXIS2_PLACEMENT_3D('',#9476,#7681,#7682);
#6220=AXIS2_PLACEMENT_3D('',#9477,#7683,#7684);
#6221=AXIS2_PLACEMENT_3D('',#9479,#7685,#7686);
#6222=AXIS2_PLACEMENT_3D('',#9480,#7687,#7688);
#6223=AXIS2_PLACEMENT_3D('',#9481,#7689,#7690);
#6224=AXIS2_PLACEMENT_3D('',#9482,#7691,#7692);
#6225=AXIS2_PLACEMENT_3D('',#9483,#7693,#7694);
#6226=AXIS2_PLACEMENT_3D('',#9486,#7697,#7698);
#6227=AXIS2_PLACEMENT_3D('',#9487,#7699,#7700);
#6228=AXIS2_PLACEMENT_3D('',#9492,#7703,#7704);
#6229=AXIS2_PLACEMENT_3D('',#9493,#7705,#7706);
#6230=AXIS2_PLACEMENT_3D('',#9498,#7709,#7710);
#6231=AXIS2_PLACEMENT_3D('',#9501,#7712,#7713);
#6232=AXIS2_PLACEMENT_3D('',#9504,#7715,#7716);
#6233=AXIS2_PLACEMENT_3D('',#9507,#7718,#7719);
#6234=AXIS2_PLACEMENT_3D('',#9510,#7721,#7722);
#6235=AXIS2_PLACEMENT_3D('',#9511,#7723,#7724);
#6236=AXIS2_PLACEMENT_3D('',#9515,#7727,#7728);
#6237=AXIS2_PLACEMENT_3D('',#9516,#7729,#7730);
#6238=AXIS2_PLACEMENT_3D('',#9517,#7731,#7732);
#6239=AXIS2_PLACEMENT_3D('',#9520,#7734,#7735);
#6240=AXIS2_PLACEMENT_3D('',#9523,#7737,#7738);
#6241=AXIS2_PLACEMENT_3D('',#9524,#7739,#7740);
#6242=AXIS2_PLACEMENT_3D('',#9525,#7741,#7742);
#6243=AXIS2_PLACEMENT_3D('',#9526,#7743,#7744);
#6244=AXIS2_PLACEMENT_3D('',#9528,#7745,#7746);
#6245=AXIS2_PLACEMENT_3D('',#9530,#7747,#7748);
#6246=AXIS2_PLACEMENT_3D('',#9531,#7749,#7750);
#6247=AXIS2_PLACEMENT_3D('',#9533,#7751,#7752);
#6248=AXIS2_PLACEMENT_3D('',#9535,#7753,#7754);
#6249=AXIS2_PLACEMENT_3D('',#9536,#7755,#7756);
#6250=AXIS2_PLACEMENT_3D('',#9538,#7757,#7758);
#6251=AXIS2_PLACEMENT_3D('',#9540,#7759,#7760);
#6252=AXIS2_PLACEMENT_3D('',#9541,#7761,#7762);
#6253=AXIS2_PLACEMENT_3D('',#9543,#7763,#7764);
#6254=AXIS2_PLACEMENT_3D('',#9545,#7765,#7766);
#6255=AXIS2_PLACEMENT_3D('',#9546,#7767,#7768);
#6256=AXIS2_PLACEMENT_3D('',#9548,#7769,#7770);
#6257=AXIS2_PLACEMENT_3D('',#9550,#7771,#7772);
#6258=AXIS2_PLACEMENT_3D('',#9551,#7773,#7774);
#6259=AXIS2_PLACEMENT_3D('',#9553,#7775,#7776);
#6260=AXIS2_PLACEMENT_3D('',#9555,#7777,#7778);
#6261=AXIS2_PLACEMENT_3D('',#9556,#7779,#7780);
#6262=AXIS2_PLACEMENT_3D('',#9558,#7781,#7782);
#6263=AXIS2_PLACEMENT_3D('',#9560,#7783,#7784);
#6264=AXIS2_PLACEMENT_3D('',#9561,#7785,#7786);
#6265=AXIS2_PLACEMENT_3D('',#9563,#7787,#7788);
#6266=AXIS2_PLACEMENT_3D('',#9565,#7789,#7790);
#6267=AXIS2_PLACEMENT_3D('',#9566,#7791,#7792);
#6268=AXIS2_PLACEMENT_3D('',#9568,#7793,#7794);
#6269=AXIS2_PLACEMENT_3D('',#9569,#7795,#7796);
#6270=AXIS2_PLACEMENT_3D('',#9571,#7797,#7798);
#6271=AXIS2_PLACEMENT_3D('',#9572,#7799,#7800);
#6272=AXIS2_PLACEMENT_3D('',#9574,#7801,#7802);
#6273=AXIS2_PLACEMENT_3D('',#9575,#7803,#7804);
#6274=AXIS2_PLACEMENT_3D('',#9577,#7805,#7806);
#6275=AXIS2_PLACEMENT_3D('',#9578,#7807,#7808);
#6276=AXIS2_PLACEMENT_3D('',#9580,#7809,#7810);
#6277=AXIS2_PLACEMENT_3D('',#9581,#7811,#7812);
#6278=AXIS2_PLACEMENT_3D('',#9583,#7813,#7814);
#6279=AXIS2_PLACEMENT_3D('',#9584,#7815,#7816);
#6280=AXIS2_PLACEMENT_3D('',#9586,#7817,#7818);
#6281=AXIS2_PLACEMENT_3D('',#9587,#7819,#7820);
#6282=AXIS2_PLACEMENT_3D('',#9589,#7821,#7822);
#6283=AXIS2_PLACEMENT_3D('',#9590,#7823,#7824);
#6284=AXIS2_PLACEMENT_3D('',#9592,#7825,#7826);
#6285=AXIS2_PLACEMENT_3D('',#9593,#7827,#7828);
#6286=AXIS2_PLACEMENT_3D('',#9595,#7829,#7830);
#6287=AXIS2_PLACEMENT_3D('',#9596,#7831,#7832);
#6288=AXIS2_PLACEMENT_3D('',#9598,#7833,#7834);
#6289=AXIS2_PLACEMENT_3D('',#9599,#7835,#7836);
#6290=AXIS2_PLACEMENT_3D('',#9601,#7837,#7838);
#6291=AXIS2_PLACEMENT_3D('',#9602,#7839,#7840);
#6292=AXIS2_PLACEMENT_3D('',#9604,#7841,#7842);
#6293=AXIS2_PLACEMENT_3D('',#9605,#7843,#7844);
#6294=AXIS2_PLACEMENT_3D('',#9607,#7845,#7846);
#6295=AXIS2_PLACEMENT_3D('',#9608,#7847,#7848);
#6296=AXIS2_PLACEMENT_3D('',#9610,#7849,#7850);
#6297=AXIS2_PLACEMENT_3D('',#9611,#7851,#7852);
#6298=AXIS2_PLACEMENT_3D('',#9613,#7853,#7854);
#6299=AXIS2_PLACEMENT_3D('',#9617,#7858,#7859);
#6300=AXIS2_PLACEMENT_3D('',#9619,#7861,#7862);
#6301=AXIS2_PLACEMENT_3D('',#9621,#7864,#7865);
#6302=AXIS2_PLACEMENT_3D('',#9622,#7866,#7867);
#6303=AXIS2_PLACEMENT_3D('',#9624,#7868,#7869);
#6304=AXIS2_PLACEMENT_3D('',#9637,#7870,#7871);
#6305=AXIS2_PLACEMENT_3D('',#9638,#7872,#7873);
#6306=AXIS2_PLACEMENT_3D('',#9639,#7874,#7875);
#6307=AXIS2_PLACEMENT_3D('',#9640,#7876,#7877);
#6308=AXIS2_PLACEMENT_3D('',#9641,#7878,#7879);
#6309=AXIS2_PLACEMENT_3D('',#9642,#7880,#7881);
#6310=AXIS2_PLACEMENT_3D('',#9643,#7882,#7883);
#6311=AXIS2_PLACEMENT_3D('',#9644,#7884,#7885);
#6312=AXIS2_PLACEMENT_3D('',#9649,#7887,#7888);
#6313=AXIS2_PLACEMENT_3D('',#9653,#7890,#7891);
#6314=AXIS2_PLACEMENT_3D('',#9656,#7893,#7894);
#6315=AXIS2_PLACEMENT_3D('',#9661,#7896,#7897);
#6316=AXIS2_PLACEMENT_3D('',#9665,#7899,#7900);
#6317=AXIS2_PLACEMENT_3D('',#9668,#7902,#7903);
#6318=AXIS2_PLACEMENT_3D('',#9669,#7904,#7905);
#6319=AXIS2_PLACEMENT_3D('',#9671,#7906,#7907);
#6320=AXIS2_PLACEMENT_3D('',#9672,#7908,#7909);
#6321=AXIS2_PLACEMENT_3D('',#9682,#7910,#7911);
#6322=AXIS2_PLACEMENT_3D('',#9684,#7912,#7913);
#6323=AXIS2_PLACEMENT_3D('',#9685,#7914,#7915);
#6324=AXIS2_PLACEMENT_3D('',#9686,#7916,#7917);
#6325=AXIS2_PLACEMENT_3D('',#9690,#7919,#7920);
#6326=AXIS2_PLACEMENT_3D('',#9693,#7922,#7923);
#6327=AXIS2_PLACEMENT_3D('',#9694,#7924,#7925);
#6328=AXIS2_PLACEMENT_3D('',#9703,#7926,#7927);
#6329=AXIS2_PLACEMENT_3D('',#9704,#7928,#7929);
#6330=AXIS2_PLACEMENT_3D('',#9705,#7930,#7931);
#6331=AXIS2_PLACEMENT_3D('',#9710,#7933,#7934);
#6332=AXIS2_PLACEMENT_3D('',#9713,#7936,#7937);
#6333=AXIS2_PLACEMENT_3D('',#9714,#7938,#7939);
#6334=AXIS2_PLACEMENT_3D('',#9719,#7942,#7943);
#6335=AXIS2_PLACEMENT_3D('',#9720,#7944,#7945);
#6336=AXIS2_PLACEMENT_3D('',#9722,#7946,#7947);
#6337=AXIS2_PLACEMENT_3D('',#9723,#7948,#7949);
#6338=AXIS2_PLACEMENT_3D('',#9724,#7950,#7951);
#6339=AXIS2_PLACEMENT_3D('',#9726,#7952,#7953);
#6340=AXIS2_PLACEMENT_3D('',#9727,#7954,#7955);
#6341=AXIS2_PLACEMENT_3D('',#9730,#7958,#7959);
#6342=AXIS2_PLACEMENT_3D('',#9737,#7960,#7961);
#6343=AXIS2_PLACEMENT_3D('',#9744,#7962,#7963);
#6344=AXIS2_PLACEMENT_3D('',#9746,#7964,#7965);
#6345=AXIS2_PLACEMENT_3D('',#9748,#7966,#7967);
#6346=AXIS2_PLACEMENT_3D('',#9749,#7968,#7969);
#6347=AXIS2_PLACEMENT_3D('',#9750,#7970,#7971);
#6348=AXIS2_PLACEMENT_3D('',#9751,#7972,#7973);
#6349=AXIS2_PLACEMENT_3D('',#9756,#7976,#7977);
#6350=AXIS2_PLACEMENT_3D('',#9759,#7979,#7980);
#6351=AXIS2_PLACEMENT_3D('',#9762,#7982,#7983);
#6352=AXIS2_PLACEMENT_3D('',#9763,#7984,#7985);
#6353=AXIS2_PLACEMENT_3D('',#9765,#7986,#7987);
#6354=AXIS2_PLACEMENT_3D('',#9766,#7988,#7989);
#6355=AXIS2_PLACEMENT_3D('',#9767,#7990,#7991);
#6356=AXIS2_PLACEMENT_3D('',#9770,#7992,#7993);
#6357=AXIS2_PLACEMENT_3D('',#9772,#7994,#7995);
#6358=AXIS2_PLACEMENT_3D('',#9773,#7996,#7997);
#6359=AXIS2_PLACEMENT_3D('',#9774,#7998,#7999);
#6360=AXIS2_PLACEMENT_3D('',#9775,#8000,#8001);
#6361=AXIS2_PLACEMENT_3D('',#9777,#8002,#8003);
#6362=AXIS2_PLACEMENT_3D('',#9778,#8004,#8005);
#6363=AXIS2_PLACEMENT_3D('',#9779,#8006,#8007);
#6364=AXIS2_PLACEMENT_3D('',#9780,#8008,#8009);
#6365=AXIS2_PLACEMENT_3D('',#9781,#8010,#8011);
#6366=AXIS2_PLACEMENT_3D('',#9784,#8014,#8015);
#6367=AXIS2_PLACEMENT_3D('',#9785,#8016,#8017);
#6368=AXIS2_PLACEMENT_3D('',#9790,#8020,#8021);
#6369=AXIS2_PLACEMENT_3D('',#9791,#8022,#8023);
#6370=AXIS2_PLACEMENT_3D('',#9796,#8026,#8027);
#6371=AXIS2_PLACEMENT_3D('',#9799,#8029,#8030);
#6372=AXIS2_PLACEMENT_3D('',#9802,#8032,#8033);
#6373=AXIS2_PLACEMENT_3D('',#9805,#8035,#8036);
#6374=AXIS2_PLACEMENT_3D('',#9808,#8038,#8039);
#6375=AXIS2_PLACEMENT_3D('',#9809,#8040,#8041);
#6376=AXIS2_PLACEMENT_3D('',#9813,#8044,#8045);
#6377=AXIS2_PLACEMENT_3D('',#9814,#8046,#8047);
#6378=AXIS2_PLACEMENT_3D('',#9815,#8048,#8049);
#6379=AXIS2_PLACEMENT_3D('',#9818,#8051,#8052);
#6380=AXIS2_PLACEMENT_3D('',#9821,#8054,#8055);
#6381=AXIS2_PLACEMENT_3D('',#9822,#8056,#8057);
#6382=AXIS2_PLACEMENT_3D('',#9823,#8058,#8059);
#6383=AXIS2_PLACEMENT_3D('',#9824,#8060,#8061);
#6384=AXIS2_PLACEMENT_3D('',#9826,#8062,#8063);
#6385=AXIS2_PLACEMENT_3D('',#9828,#8064,#8065);
#6386=AXIS2_PLACEMENT_3D('',#9829,#8066,#8067);
#6387=AXIS2_PLACEMENT_3D('',#9831,#8068,#8069);
#6388=AXIS2_PLACEMENT_3D('',#9833,#8070,#8071);
#6389=AXIS2_PLACEMENT_3D('',#9834,#8072,#8073);
#6390=AXIS2_PLACEMENT_3D('',#9836,#8074,#8075);
#6391=AXIS2_PLACEMENT_3D('',#9838,#8076,#8077);
#6392=AXIS2_PLACEMENT_3D('',#9839,#8078,#8079);
#6393=AXIS2_PLACEMENT_3D('',#9841,#8080,#8081);
#6394=AXIS2_PLACEMENT_3D('',#9843,#8082,#8083);
#6395=AXIS2_PLACEMENT_3D('',#9844,#8084,#8085);
#6396=AXIS2_PLACEMENT_3D('',#9846,#8086,#8087);
#6397=AXIS2_PLACEMENT_3D('',#9848,#8088,#8089);
#6398=AXIS2_PLACEMENT_3D('',#9849,#8090,#8091);
#6399=AXIS2_PLACEMENT_3D('',#9851,#8092,#8093);
#6400=AXIS2_PLACEMENT_3D('',#9853,#8094,#8095);
#6401=AXIS2_PLACEMENT_3D('',#9854,#8096,#8097);
#6402=AXIS2_PLACEMENT_3D('',#9856,#8098,#8099);
#6403=AXIS2_PLACEMENT_3D('',#9858,#8100,#8101);
#6404=AXIS2_PLACEMENT_3D('',#9859,#8102,#8103);
#6405=AXIS2_PLACEMENT_3D('',#9861,#8104,#8105);
#6406=AXIS2_PLACEMENT_3D('',#9863,#8106,#8107);
#6407=AXIS2_PLACEMENT_3D('',#9864,#8108,#8109);
#6408=AXIS2_PLACEMENT_3D('',#9866,#8110,#8111);
#6409=AXIS2_PLACEMENT_3D('',#9867,#8112,#8113);
#6410=AXIS2_PLACEMENT_3D('',#9869,#8114,#8115);
#6411=AXIS2_PLACEMENT_3D('',#9870,#8116,#8117);
#6412=AXIS2_PLACEMENT_3D('',#9872,#8118,#8119);
#6413=AXIS2_PLACEMENT_3D('',#9873,#8120,#8121);
#6414=AXIS2_PLACEMENT_3D('',#9875,#8122,#8123);
#6415=AXIS2_PLACEMENT_3D('',#9876,#8124,#8125);
#6416=AXIS2_PLACEMENT_3D('',#9878,#8126,#8127);
#6417=AXIS2_PLACEMENT_3D('',#9879,#8128,#8129);
#6418=AXIS2_PLACEMENT_3D('',#9881,#8130,#8131);
#6419=AXIS2_PLACEMENT_3D('',#9882,#8132,#8133);
#6420=AXIS2_PLACEMENT_3D('',#9884,#8134,#8135);
#6421=AXIS2_PLACEMENT_3D('',#9885,#8136,#8137);
#6422=AXIS2_PLACEMENT_3D('',#9887,#8138,#8139);
#6423=AXIS2_PLACEMENT_3D('',#9888,#8140,#8141);
#6424=AXIS2_PLACEMENT_3D('',#9890,#8142,#8143);
#6425=AXIS2_PLACEMENT_3D('',#9891,#8144,#8145);
#6426=AXIS2_PLACEMENT_3D('',#9893,#8146,#8147);
#6427=AXIS2_PLACEMENT_3D('',#9894,#8148,#8149);
#6428=AXIS2_PLACEMENT_3D('',#9896,#8150,#8151);
#6429=AXIS2_PLACEMENT_3D('',#9897,#8152,#8153);
#6430=AXIS2_PLACEMENT_3D('',#9899,#8154,#8155);
#6431=AXIS2_PLACEMENT_3D('',#9900,#8156,#8157);
#6432=AXIS2_PLACEMENT_3D('',#9902,#8158,#8159);
#6433=AXIS2_PLACEMENT_3D('',#9903,#8160,#8161);
#6434=AXIS2_PLACEMENT_3D('',#9905,#8162,#8163);
#6435=AXIS2_PLACEMENT_3D('',#9906,#8164,#8165);
#6436=AXIS2_PLACEMENT_3D('',#9908,#8166,#8167);
#6437=AXIS2_PLACEMENT_3D('',#9909,#8168,#8169);
#6438=AXIS2_PLACEMENT_3D('',#9911,#8170,#8171);
#6439=AXIS2_PLACEMENT_3D('',#9915,#8175,#8176);
#6440=AXIS2_PLACEMENT_3D('',#9917,#8178,#8179);
#6441=AXIS2_PLACEMENT_3D('',#9919,#8181,#8182);
#6442=AXIS2_PLACEMENT_3D('',#9920,#8183,#8184);
#6443=AXIS2_PLACEMENT_3D('',#9922,#8185,#8186);
#6444=AXIS2_PLACEMENT_3D('',#9935,#8187,#8188);
#6445=AXIS2_PLACEMENT_3D('',#9936,#8189,#8190);
#6446=AXIS2_PLACEMENT_3D('',#9937,#8191,#8192);
#6447=AXIS2_PLACEMENT_3D('',#9938,#8193,#8194);
#6448=AXIS2_PLACEMENT_3D('',#9939,#8195,#8196);
#6449=AXIS2_PLACEMENT_3D('',#9940,#8197,#8198);
#6450=AXIS2_PLACEMENT_3D('',#9941,#8199,#8200);
#6451=AXIS2_PLACEMENT_3D('',#9942,#8201,#8202);
#6452=AXIS2_PLACEMENT_3D('',#9944,#8203,#8204);
#6453=AXIS2_PLACEMENT_3D('',#9946,#8205,#8206);
#6454=AXIS2_PLACEMENT_3D('',#9947,#8207,#8208);
#6455=AXIS2_PLACEMENT_3D('',#9949,#8209,#8210);
#6456=AXIS2_PLACEMENT_3D('',#10199,#8211,#8212);
#6457=AXIS2_PLACEMENT_3D('',#10200,#8213,#8214);
#6458=AXIS2_PLACEMENT_3D('',#10201,#8215,#8216);
#6459=AXIS2_PLACEMENT_3D('',#10202,#8217,#8218);
#6460=AXIS2_PLACEMENT_3D('',#10203,#8219,#8220);
#6461=AXIS2_PLACEMENT_3D('',#10204,#8221,#8222);
#6462=AXIS2_PLACEMENT_3D('',#10226,#8223,#8224);
#6463=AXIS2_PLACEMENT_3D('',#10227,#8225,#8226);
#6464=AXIS2_PLACEMENT_3D('',#10228,#8227,#8228);
#6465=AXIS2_PLACEMENT_3D('',#10229,#8229,#8230);
#6466=AXIS2_PLACEMENT_3D('',#10230,#8231,#8232);
#6467=AXIS2_PLACEMENT_3D('',#10288,#8233,#8234);
#6468=AXIS2_PLACEMENT_3D('',#10289,#8235,#8236);
#6469=AXIS2_PLACEMENT_3D('',#10311,#8237,#8238);
#6470=AXIS2_PLACEMENT_3D('',#10312,#8239,#8240);
#6471=AXIS2_PLACEMENT_3D('',#10313,#8241,#8242);
#6472=AXIS2_PLACEMENT_3D('',#10314,#8243,#8244);
#6473=AXIS2_PLACEMENT_3D('',#10315,#8245,#8246);
#6474=AXIS2_PLACEMENT_3D('',#10316,#8247,#8248);
#6475=AXIS2_PLACEMENT_3D('',#10338,#8249,#8250);
#6476=AXIS2_PLACEMENT_3D('',#10339,#8251,#8252);
#6477=AXIS2_PLACEMENT_3D('',#10340,#8253,#8254);
#6478=AXIS2_PLACEMENT_3D('',#10341,#8255,#8256);
#6479=AXIS2_PLACEMENT_3D('',#10342,#8257,#8258);
#6480=AXIS2_PLACEMENT_3D('',#10400,#8259,#8260);
#6481=AXIS2_PLACEMENT_3D('',#10401,#8261,#8262);
#6482=AXIS2_PLACEMENT_3D('',#10423,#8263,#8264);
#6483=AXIS2_PLACEMENT_3D('',#10424,#8265,#8266);
#6484=AXIS2_PLACEMENT_3D('',#10425,#8267,#8268);
#6485=AXIS2_PLACEMENT_3D('',#10426,#8269,#8270);
#6486=AXIS2_PLACEMENT_3D('',#10427,#8271,#8272);
#6487=AXIS2_PLACEMENT_3D('',#10428,#8273,#8274);
#6488=AXIS2_PLACEMENT_3D('',#10450,#8275,#8276);
#6489=AXIS2_PLACEMENT_3D('',#10451,#8277,#8278);
#6490=AXIS2_PLACEMENT_3D('',#10452,#8279,#8280);
#6491=AXIS2_PLACEMENT_3D('',#10453,#8281,#8282);
#6492=AXIS2_PLACEMENT_3D('',#10454,#8283,#8284);
#6493=AXIS2_PLACEMENT_3D('',#10512,#8285,#8286);
#6494=AXIS2_PLACEMENT_3D('',#10513,#8287,#8288);
#6495=AXIS2_PLACEMENT_3D('',#10535,#8289,#8290);
#6496=AXIS2_PLACEMENT_3D('',#10536,#8291,#8292);
#6497=AXIS2_PLACEMENT_3D('',#10537,#8293,#8294);
#6498=AXIS2_PLACEMENT_3D('',#10538,#8295,#8296);
#6499=AXIS2_PLACEMENT_3D('',#10539,#8297,#8298);
#6500=AXIS2_PLACEMENT_3D('',#10540,#8299,#8300);
#6501=AXIS2_PLACEMENT_3D('',#10562,#8301,#8302);
#6502=AXIS2_PLACEMENT_3D('',#10563,#8303,#8304);
#6503=AXIS2_PLACEMENT_3D('',#10564,#8305,#8306);
#6504=AXIS2_PLACEMENT_3D('',#10565,#8307,#8308);
#6505=AXIS2_PLACEMENT_3D('',#10566,#8309,#8310);
#6506=AXIS2_PLACEMENT_3D('',#10624,#8311,#8312);
#6507=AXIS2_PLACEMENT_3D('',#10625,#8313,#8314);
#6508=AXIS2_PLACEMENT_3D('',#10641,#8315,#8316);
#6509=AXIS2_PLACEMENT_3D('',#10642,#8317,#8318);
#6510=AXIS2_PLACEMENT_3D('',#10643,#8319,#8320);
#6511=AXIS2_PLACEMENT_3D('',#10674,#8321,#8322);
#6512=AXIS2_PLACEMENT_3D('',#10675,#8323,#8324);
#6513=AXIS2_PLACEMENT_3D('',#10676,#8325,#8326);
#6514=AXIS2_PLACEMENT_3D('',#10707,#8327,#8328);
#6515=AXIS2_PLACEMENT_3D('',#10708,#8329,#8330);
#6516=AXIS2_PLACEMENT_3D('',#10709,#8331,#8332);
#6517=AXIS2_PLACEMENT_3D('',#10740,#8333,#8334);
#6518=AXIS2_PLACEMENT_3D('',#10741,#8335,#8336);
#6519=AXIS2_PLACEMENT_3D('',#10742,#8337,#8338);
#6520=AXIS2_PLACEMENT_3D('',#10758,#8339,#8340);
#6521=AXIS2_PLACEMENT_3D('',#10759,#8341,#8342);
#6522=AXIS2_PLACEMENT_3D('',#10760,#8343,#8344);
#6523=AXIS2_PLACEMENT_3D('',#10762,#8345,#8346);
#6524=AXIS2_PLACEMENT_3D('',#10764,#8347,#8348);
#6525=AXIS2_PLACEMENT_3D('',#10765,#8349,#8350);
#6526=AXIS2_PLACEMENT_3D('',#10767,#8351,#8352);
#6527=AXIS2_PLACEMENT_3D('',#10769,#8353,#8354);
#6528=AXIS2_PLACEMENT_3D('',#10770,#8355,#8356);
#6529=AXIS2_PLACEMENT_3D('',#10771,#8357,#8358);
#6530=AXIS2_PLACEMENT_3D('',#10772,#8359,#8360);
#6531=AXIS2_PLACEMENT_3D('',#10773,#8361,#8362);
#6532=AXIS2_PLACEMENT_3D('',#10775,#8363,#8364);
#6533=AXIS2_PLACEMENT_3D('',#10777,#8365,#8366);
#6534=AXIS2_PLACEMENT_3D('',#10778,#8367,#8368);
#6535=AXIS2_PLACEMENT_3D('',#10780,#8369,#8370);
#6536=AXIS2_PLACEMENT_3D('',#10782,#8371,#8372);
#6537=AXIS2_PLACEMENT_3D('',#10783,#8373,#8374);
#6538=AXIS2_PLACEMENT_3D('',#10784,#8375,#8376);
#6539=DIRECTION('',(0.,0.,1.));
#6540=DIRECTION('',(1.,0.,0.));
#6541=DIRECTION('',(1.,6.12323399573674E-17,0.));
#6542=DIRECTION('',(-6.12323399573674E-17,1.,0.));
#6543=DIRECTION('',(1.,6.12323399573674E-17,0.));
#6544=DIRECTION('',(6.12323399573674E-17,-1.,0.));
#6545=DIRECTION('',(1.,6.12323399573674E-17,0.));
#6546=DIRECTION('',(6.12323399573674E-17,-1.,0.));
#6547=DIRECTION('',(-0.898794046299163,0.438371146789087,0.));
#6548=DIRECTION('',(-0.438371146789087,-0.898794046299163,0.));
#6549=DIRECTION('',(0.898794046299163,-0.438371146789087,0.));
#6550=DIRECTION('',(0.438371146789087,0.898794046299163,0.));
#6551=DIRECTION('',(0.898794046299163,-0.438371146789087,0.));
#6552=DIRECTION('',(0.438371146789087,0.898794046299163,0.));
#6553=DIRECTION('',(0.898794046299163,-0.438371146789087,0.));
#6554=DIRECTION('',(0.438371146789087,0.898794046299163,0.));
#6555=DIRECTION('',(0.898794046299163,-0.438371146789087,0.));
#6556=DIRECTION('',(0.438371146789087,0.898794046299163,0.));
#6557=DIRECTION('',(0.,0.,1.));
#6558=DIRECTION('',(1.,0.,0.));
#6559=DIRECTION('',(0.898794046299167,0.438371146789078,0.));
#6560=DIRECTION('',(-0.438371146789078,0.898794046299167,0.));
#6561=DIRECTION('',(0.898794046299167,0.438371146789078,0.));
#6562=DIRECTION('',(-0.438371146789078,0.898794046299167,0.));
#6563=DIRECTION('',(0.898794046299167,0.438371146789078,0.));
#6564=DIRECTION('',(-0.438371146789078,0.898794046299167,0.));
#6565=DIRECTION('',(1.,6.12323399573678E-17,0.));
#6566=DIRECTION('',(-6.12323399573678E-17,1.,0.));
#6567=DIRECTION('',(1.,6.12323399573678E-17,0.));
#6568=DIRECTION('',(-6.12323399573678E-17,1.,0.));
#6569=DIRECTION('',(1.,6.12323399573678E-17,0.));
#6570=DIRECTION('',(-6.12323399573678E-17,1.,0.));
#6571=DIRECTION('',(0.898794046299167,0.438371146789078,0.));
#6572=DIRECTION('',(-0.438371146789078,0.898794046299167,0.));
#6573=DIRECTION('',(0.898794046299167,0.438371146789078,0.));
#6574=DIRECTION('',(-0.438371146789078,0.898794046299167,0.));
#6575=DIRECTION('',(0.,0.,1.));
#6576=DIRECTION('',(1.,0.,0.));
#6577=DIRECTION('',(-0.898794046299167,0.438371146789079,2.36257155580857E-16));
#6578=DIRECTION('',(0.438371146789079,0.898794046299167,4.84398953688028E-16));
#6579=DIRECTION('',(-1.,6.12323399573674E-17,3.30007542098756E-32));
#6580=DIRECTION('',(6.12323399573674E-17,1.,5.38943215837451E-16));
#6581=DIRECTION('',(-1.,0.,0.));
#6582=DIRECTION('',(0.,1.,5.38943215837451E-16));
#6583=DIRECTION('',(0.898794046299167,0.438371146789079,2.36257155580857E-16));
#6584=DIRECTION('',(0.438371146789079,-0.898794046299167,-4.84398953688028E-16));
#6585=DIRECTION('',(-1.,0.,0.));
#6586=DIRECTION('',(0.,1.,5.38943215837451E-16));
#6587=DIRECTION('',(0.898794046299167,-0.438371146789079,0.));
#6588=DIRECTION('',(0.438371146789079,0.898794046299167,0.));
#6589=DIRECTION('',(0.898794046299167,-0.438371146789079,0.));
#6590=DIRECTION('',(0.438371146789079,0.898794046299167,0.));
#6591=DIRECTION('',(0.438371146789079,0.898794046299167,0.));
#6592=DIRECTION('',(0.,0.,1.));
#6593=DIRECTION('',(0.438371146789079,0.898794046299167,0.));
#6594=DIRECTION('',(0.898794046299167,-0.438371146789079,0.));
#6595=DIRECTION('',(0.438371146789079,0.898794046299167,0.));
#6596=DIRECTION('',(0.,0.,-1.));
#6597=DIRECTION('',(-1.,0.,0.));
#6598=DIRECTION('',(0.,0.,-1.));
#6599=DIRECTION('',(-1.,0.,0.));
#6600=DIRECTION('',(0.,0.,-1.));
#6601=DIRECTION('',(-1.,0.,0.));
#6602=DIRECTION('',(0.,0.,-1.));
#6603=DIRECTION('',(-1.,0.,0.));
#6604=DIRECTION('',(0.,0.,-1.));
#6605=DIRECTION('',(-1.,0.,0.));
#6606=DIRECTION('',(0.898794046299167,-0.438371146789079,0.));
#6607=DIRECTION('',(0.438371146789079,0.898794046299167,0.));
#6608=DIRECTION('',(0.898794046299167,-0.438371146789079,0.));
#6609=DIRECTION('',(0.438371146789079,0.898794046299167,0.));
#6610=DIRECTION('',(0.,0.,-1.));
#6611=DIRECTION('',(-1.,0.,0.));
#6612=DIRECTION('',(0.,0.,-1.));
#6613=DIRECTION('',(-1.,0.,0.));
#6614=DIRECTION('',(0.,0.,-1.));
#6615=DIRECTION('',(-1.,0.,0.));
#6616=DIRECTION('',(0.,0.,-1.));
#6617=DIRECTION('',(-1.,0.,0.));
#6618=DIRECTION('',(0.,0.,-1.));
#6619=DIRECTION('',(-1.,0.,0.));
#6620=DIRECTION('',(-0.898794046299167,0.438371146789079,0.));
#6621=DIRECTION('',(0.438371146789079,0.898794046299167,0.));
#6622=DIRECTION('',(0.898794046299167,-0.438371146789079,0.));
#6623=DIRECTION('',(0.438371146789079,0.898794046299167,0.));
#6624=DIRECTION('',(0.898794046299167,-0.438371146789079,0.));
#6625=DIRECTION('',(0.438371146789079,0.898794046299167,0.));
#6626=DIRECTION('',(0.898794046299167,-0.438371146789079,0.));
#6627=DIRECTION('',(-0.998869653788996,-0.047533301373379,0.));
#6628=DIRECTION('',(0.047533301373379,-0.998869653788996,0.));
#6629=DIRECTION('',(0.898794046299167,-0.438371146789079,0.));
#6630=DIRECTION('',(0.898794046299167,-0.438371146789079,0.));
#6631=DIRECTION('',(0.438371146789079,0.898794046299167,0.));
#6632=DIRECTION('',(0.898794046299167,-0.438371146789079,0.));
#6633=DIRECTION('',(0.438371146789079,0.898794046299167,0.));
#6634=DIRECTION('',(0.,0.,1.));
#6635=DIRECTION('',(0.438371146789079,0.898794046299167,0.));
#6636=DIRECTION('',(0.898794046299167,-0.438371146789079,0.));
#6637=DIRECTION('',(0.438371146789079,0.898794046299167,0.));
#6638=DIRECTION('',(0.898794046299167,-0.438371146789079,0.));
#6639=DIRECTION('',(0.438371146789079,0.898794046299167,0.));
#6640=DIRECTION('',(0.438371146789079,0.898794046299167,0.));
#6641=DIRECTION('',(0.898794046299167,-0.438371146789079,0.));
#6642=DIRECTION('',(0.438371146789079,0.898794046299167,0.));
#6643=DIRECTION('',(0.898794046299167,-0.438371146789079,0.));
#6644=DIRECTION('',(0.898794046299167,-0.438371146789079,0.));
#6645=DIRECTION('',(0.438371146789079,0.898794046299167,0.));
#6646=DIRECTION('',(0.898794046299167,-0.438371146789079,0.));
#6647=DIRECTION('',(0.898794046299167,-0.438371146789079,0.));
#6648=DIRECTION('',(0.438371146789079,0.898794046299167,0.));
#6649=DIRECTION('',(-0.998107594818162,0.0614916999789668,0.));
#6650=DIRECTION('',(-0.0614916999789668,-0.998107594818162,0.));
#6651=DIRECTION('',(0.,0.,-1.));
#6652=DIRECTION('',(-1.,0.,0.));
#6653=DIRECTION('',(0.898794046299167,-0.438371146789079,0.));
#6654=DIRECTION('',(0.,-1.,0.));
#6655=DIRECTION('',(0.898794046299167,-0.438371146789079,0.));
#6656=DIRECTION('',(0.438371146789079,0.898794046299167,0.));
#6657=DIRECTION('',(0.,0.,1.));
#6658=DIRECTION('',(1.,0.,0.));
#6659=DIRECTION('',(0.,0.,1.));
#6660=DIRECTION('',(1.,0.,0.));
#6661=DIRECTION('',(0.,0.,1.));
#6662=DIRECTION('',(1.,0.,0.));
#6663=DIRECTION('',(0.,0.,1.));
#6664=DIRECTION('',(1.,0.,0.));
#6665=DIRECTION('',(0.438371146789079,0.898794046299167,0.));
#6666=DIRECTION('',(-0.898794046299167,0.438371146789079,0.));
#6667=DIRECTION('',(0.898794046299167,-0.438371146789079,0.));
#6668=DIRECTION('',(0.,0.,-1.));
#6669=DIRECTION('',(0.898794046299167,-0.438371146789079,0.));
#6670=DIRECTION('',(0.,0.,1.));
#6671=DIRECTION('',(0.438371146789079,0.898794046299167,0.));
#6672=DIRECTION('',(-0.898794046299167,0.438371146789079,0.));
#6673=DIRECTION('',(0.,0.,1.));
#6674=DIRECTION('',(0.,0.,-1.));
#6675=DIRECTION('',(-1.,0.,0.));
#6676=DIRECTION('',(0.,0.,1.));
#6677=DIRECTION('',(1.,0.,0.));
#6678=DIRECTION('',(0.,0.,1.));
#6679=DIRECTION('',(1.,0.,0.));
#6680=DIRECTION('',(0.,0.,1.));
#6681=DIRECTION('',(1.,0.,0.));
#6682=DIRECTION('',(0.,0.,1.));
#6683=DIRECTION('',(1.,0.,0.));
#6684=DIRECTION('',(-0.898794046299167,0.438371146789079,0.));
#6685=DIRECTION('',(0.,-1.,0.));
#6686=DIRECTION('',(0.898794046299167,-0.438371146789079,0.));
#6687=DIRECTION('',(0.438371146789079,0.898794046299167,0.));
#6688=DIRECTION('',(0.,0.,1.));
#6689=DIRECTION('',(1.,0.,0.));
#6690=DIRECTION('',(0.,0.,1.));
#6691=DIRECTION('',(1.,0.,0.));
#6692=DIRECTION('',(0.,0.,1.));
#6693=DIRECTION('',(1.,0.,0.));
#6694=DIRECTION('',(0.,0.,1.));
#6695=DIRECTION('',(1.,0.,0.));
#6696=DIRECTION('',(0.,0.,1.));
#6697=DIRECTION('',(1.,0.,0.));
#6698=DIRECTION('',(0.,0.,1.));
#6699=DIRECTION('',(1.,0.,0.));
#6700=DIRECTION('',(0.,0.,1.));
#6701=DIRECTION('',(1.,0.,0.));
#6702=DIRECTION('',(0.,0.,1.));
#6703=DIRECTION('',(1.,0.,0.));
#6704=DIRECTION('',(0.,0.,1.));
#6705=DIRECTION('',(1.,0.,0.));
#6706=DIRECTION('',(0.,0.,1.));
#6707=DIRECTION('',(1.,0.,0.));
#6708=DIRECTION('',(0.,0.,1.));
#6709=DIRECTION('',(1.,0.,0.));
#6710=DIRECTION('',(0.,0.,1.));
#6711=DIRECTION('',(1.,0.,0.));
#6712=DIRECTION('',(0.,0.,1.));
#6713=DIRECTION('',(1.,0.,0.));
#6714=DIRECTION('',(0.,0.,1.));
#6715=DIRECTION('',(1.,0.,0.));
#6716=DIRECTION('',(0.,0.,1.));
#6717=DIRECTION('',(1.,0.,0.));
#6718=DIRECTION('',(0.,0.,1.));
#6719=DIRECTION('',(1.,0.,0.));
#6720=DIRECTION('',(0.,0.,-1.));
#6721=DIRECTION('',(-1.,0.,0.));
#6722=DIRECTION('',(0.,0.,1.));
#6723=DIRECTION('',(1.,0.,0.));
#6724=DIRECTION('',(0.,0.,1.));
#6725=DIRECTION('',(1.,0.,0.));
#6726=DIRECTION('',(0.,0.,1.));
#6727=DIRECTION('',(1.,0.,0.));
#6728=DIRECTION('',(0.,0.,-1.));
#6729=DIRECTION('',(-1.,0.,0.));
#6730=DIRECTION('',(0.,0.,1.));
#6731=DIRECTION('',(1.,0.,0.));
#6732=DIRECTION('',(0.,0.,1.));
#6733=DIRECTION('',(1.,0.,0.));
#6734=DIRECTION('',(0.,0.,1.));
#6735=DIRECTION('',(1.,0.,0.));
#6736=DIRECTION('',(0.,0.,-1.));
#6737=DIRECTION('',(-1.,0.,0.));
#6738=DIRECTION('',(0.,0.,1.));
#6739=DIRECTION('',(1.,0.,0.));
#6740=DIRECTION('',(0.,0.,1.));
#6741=DIRECTION('',(1.,0.,0.));
#6742=DIRECTION('',(0.,0.,1.));
#6743=DIRECTION('',(1.,0.,0.));
#6744=DIRECTION('',(0.,0.,-1.));
#6745=DIRECTION('',(-1.,0.,0.));
#6746=DIRECTION('',(0.,0.,1.));
#6747=DIRECTION('',(1.,0.,0.));
#6748=DIRECTION('',(0.,0.,1.));
#6749=DIRECTION('',(1.,0.,0.));
#6750=DIRECTION('',(0.,0.,1.));
#6751=DIRECTION('',(1.,0.,0.));
#6752=DIRECTION('',(0.,0.,1.));
#6753=DIRECTION('',(1.,0.,0.));
#6754=DIRECTION('',(0.,0.,1.));
#6755=DIRECTION('',(1.,0.,0.));
#6756=DIRECTION('',(0.,0.,1.));
#6757=DIRECTION('',(1.,0.,0.));
#6758=DIRECTION('',(0.,0.,1.));
#6759=DIRECTION('',(1.,0.,0.));
#6760=DIRECTION('',(0.,0.,1.));
#6761=DIRECTION('',(1.,0.,0.));
#6762=DIRECTION('',(0.,0.,1.));
#6763=DIRECTION('',(1.,0.,0.));
#6764=DIRECTION('',(0.,0.,1.));
#6765=DIRECTION('',(1.,0.,0.));
#6766=DIRECTION('',(0.,0.,1.));
#6767=DIRECTION('',(1.,0.,0.));
#6768=DIRECTION('',(0.898794046299167,-0.438371146789079,0.));
#6769=DIRECTION('',(0.438371146789079,0.898794046299167,0.));
#6770=DIRECTION('',(0.898794046299167,-0.438371146789079,0.));
#6771=DIRECTION('',(0.438371146789079,0.898794046299167,0.));
#6772=DIRECTION('',(0.898794046299167,-0.438371146789079,0.));
#6773=DIRECTION('',(0.438371146789079,0.898794046299167,0.));
#6774=DIRECTION('',(0.898794046299167,-0.438371146789079,0.));
#6775=DIRECTION('',(0.438371146789079,0.898794046299167,0.));
#6776=DIRECTION('',(-0.898794046299167,0.438371146789079,0.));
#6777=DIRECTION('',(-0.438371146789079,-0.898794046299167,0.));
#6778=DIRECTION('',(-0.94948883032496,-0.31380083028593,0.));
#6779=DIRECTION('',(-0.31380083028593,0.94948883032496,0.));
#6780=DIRECTION('',(0.898794046299166,-0.43837114678908,-3.04181087810357E-15));
#6781=DIRECTION('',(0.43837114678908,0.898794046299166,0.));
#6782=DIRECTION('',(0.438371146789072,0.89879404629917,0.));
#6783=DIRECTION('',(-0.89879404629917,0.438371146789072,0.));
#6784=DIRECTION('',(0.438371146789072,0.89879404629917,0.));
#6785=DIRECTION('',(-0.89879404629917,0.438371146789072,0.));
#6786=DIRECTION('',(0.,0.,1.));
#6787=DIRECTION('',(1.,0.,0.));
#6788=DIRECTION('',(0.,0.,1.));
#6789=DIRECTION('',(1.,0.,0.));
#6790=DIRECTION('',(0.309975210571081,0.635543365028236,0.707106781186548));
#6791=DIRECTION('',(-0.309975210571081,-0.635543365028236,0.707106781186548));
#6792=DIRECTION('',(0.898794046299167,-0.438371146789079,0.));
#6793=DIRECTION('',(0.438371146789079,0.898794046299167,0.));
#6794=DIRECTION('',(0.898794046299167,-0.438371146789079,0.));
#6795=DIRECTION('',(0.438371146789079,0.898794046299167,0.));
#6796=DIRECTION('',(0.898794046299167,-0.438371146789079,0.));
#6797=DIRECTION('',(0.438371146789079,0.898794046299167,0.));
#6798=DIRECTION('',(0.898794046299167,-0.438371146789079,0.));
#6799=DIRECTION('',(0.438371146789079,0.898794046299167,0.));
#6800=DIRECTION('',(0.898794046299167,-0.438371146789079,0.));
#6801=DIRECTION('',(0.438371146789079,0.898794046299167,0.));
#6802=DIRECTION('',(0.898794046299167,-0.438371146789079,0.));
#6803=DIRECTION('',(0.438371146789079,0.898794046299167,0.));
#6804=DIRECTION('',(-0.438371146789079,-0.898794046299167,0.));
#6805=DIRECTION('',(0.898794046299167,-0.438371146789079,0.));
#6806=DIRECTION('',(-0.43837114678908,-0.898794046299166,-3.04181087810357E-15));
#6807=DIRECTION('',(0.898794046299166,-0.43837114678908,0.));
#6808=DIRECTION('',(0.438371146789079,0.898794046299167,0.));
#6809=DIRECTION('',(-0.898794046299167,0.438371146789079,0.));
#6810=DIRECTION('',(-0.438371146789078,-0.898794046299167,0.));
#6811=DIRECTION('',(0.898794046299167,-0.438371146789078,0.));
#6812=DIRECTION('',(0.898794046299167,-0.438371146789079,0.));
#6813=DIRECTION('',(0.438371146789079,0.898794046299167,0.));
#6814=DIRECTION('',(0.898794046299167,-0.438371146789079,0.));
#6815=DIRECTION('',(0.438371146789079,0.898794046299167,0.));
#6816=DIRECTION('',(0.898794046299167,-0.438371146789078,0.));
#6817=DIRECTION('',(0.438371146789078,0.898794046299167,0.));
#6818=DIRECTION('',(0.898794046299167,-0.438371146789079,0.));
#6819=DIRECTION('',(0.438371146789079,0.898794046299167,0.));
#6820=DIRECTION('',(0.168836205090705,0.346165519895139,0.922856309880524));
#6821=DIRECTION('',(0.,-0.936297684923717,0.351207410523308));
#6822=DIRECTION('',(-0.43837114678908,-0.898794046299166,0.));
#6823=DIRECTION('',(0.898794046299166,-0.43837114678908,0.));
#6824=DIRECTION('',(0.898794046299167,-0.438371146789079,0.));
#6825=DIRECTION('',(0.438371146789079,0.898794046299167,0.));
#6826=DIRECTION('',(0.168836205090704,0.346165519895139,-0.922856309880524));
#6827=DIRECTION('',(0.,0.936297684923717,0.351207410523308));
#6828=DIRECTION('',(0.898794046299167,-0.438371146789079,0.));
#6829=DIRECTION('',(0.438371146789079,0.898794046299167,0.));
#6830=DIRECTION('',(0.898794046299167,-0.438371146789079,0.));
#6831=DIRECTION('',(0.438371146789079,0.898794046299167,0.));
#6832=DIRECTION('',(0.898794046299166,-0.43837114678908,0.));
#6833=DIRECTION('',(0.43837114678908,0.898794046299166,0.));
#6834=DIRECTION('',(0.0722192993062731,0.148071506803816,-0.986336251833298));
#6835=DIRECTION('',(0.,0.988918538506463,0.148459166770672));
#6836=DIRECTION('',(0.898794046299167,-0.438371146789079,0.));
#6837=DIRECTION('',(0.438371146789079,0.898794046299167,0.));
#6838=DIRECTION('',(-0.94948883032496,-0.313800830285929,0.));
#6839=DIRECTION('',(0.313800830285929,-0.94948883032496,0.));
#6840=DIRECTION('',(0.898794046299168,-0.438371146789074,0.));
#6841=DIRECTION('',(0.438371146789074,0.898794046299169,0.));
#6842=DIRECTION('',(0.438371146789079,0.898794046299167,0.));
#6843=DIRECTION('',(-0.898794046299167,0.438371146789079,0.));
#6844=DIRECTION('',(0.43837114678908,0.898794046299166,0.));
#6845=DIRECTION('',(-0.898794046299166,0.43837114678908,0.));
#6846=DIRECTION('',(0.898794046299167,-0.438371146789079,0.));
#6847=DIRECTION('',(0.438371146789079,0.898794046299167,0.));
#6848=DIRECTION('',(0.0722192993062732,0.148071506803817,0.986336251833298));
#6849=DIRECTION('',(0.,-0.988918538506462,0.148459166770673));
#6850=DIRECTION('',(0.898794046299167,-0.438371146789079,0.));
#6851=DIRECTION('',(0.438371146789079,0.898794046299167,0.));
#6852=DIRECTION('',(0.898794046299167,-0.438371146789079,0.));
#6853=DIRECTION('',(0.438371146789079,0.898794046299167,0.));
#6854=DIRECTION('',(0.898794046299163,-0.438371146789086,0.));
#6855=DIRECTION('',(0.438371146789087,0.898794046299163,0.));
#6856=DIRECTION('',(0.,6.93889390390723E-15,-1.));
#6857=DIRECTION('',(0.,1.,6.93889390390723E-15));
#6858=DIRECTION('',(7.79579566091668E-16,-3.80226359762943E-16,-1.));
#6859=DIRECTION('',(-1.,0.,-7.79579566091668E-16));
#6860=DIRECTION('',(0.89879404629917,-0.438371146789072,0.));
#6861=DIRECTION('',(0.438371146789072,0.89879404629917,0.));
#6862=DIRECTION('',(-0.43837114678908,-0.898794046299166,-6.23663652873339E-15));
#6863=DIRECTION('',(0.898794046299166,-0.43837114678908,0.));
#6864=DIRECTION('',(0.,0.,1.));
#6865=DIRECTION('',(1.,0.,0.));
#6866=DIRECTION('',(-0.309975210571081,-0.635543365028236,0.707106781186548));
#6867=DIRECTION('',(0.309975210571081,0.635543365028236,0.707106781186548));
#6868=DIRECTION('',(-0.438371146789079,-0.898794046299167,0.));
#6869=DIRECTION('',(0.898794046299167,-0.438371146789079,0.));
#6870=DIRECTION('',(0.898794046299167,-0.438371146789079,0.));
#6871=DIRECTION('',(0.438371146789079,0.898794046299167,0.));
#6872=DIRECTION('',(-0.438371146789074,-0.898794046299169,0.));
#6873=DIRECTION('',(0.898794046299169,-0.438371146789074,0.));
#6874=DIRECTION('',(-0.438371146789079,-0.898794046299167,0.));
#6875=DIRECTION('',(0.898794046299167,-0.438371146789079,0.));
#6876=DIRECTION('',(0.438371146789074,0.898794046299169,0.));
#6877=DIRECTION('',(-0.898794046299169,0.438371146789074,0.));
#6878=DIRECTION('',(0.898794046299167,-0.438371146789079,0.));
#6879=DIRECTION('',(0.438371146789079,0.898794046299167,0.));
#6880=DIRECTION('',(1.,0.,0.));
#6881=DIRECTION('',(0.,1.,0.));
#6882=DIRECTION('',(1.,0.,0.));
#6883=DIRECTION('',(0.,1.,4.85764077434922E-16));
#6884=DIRECTION('',(1.,0.,0.));
#6885=DIRECTION('',(0.,1.,0.));
#6886=DIRECTION('',(1.,0.,0.));
#6887=DIRECTION('',(0.,1.,4.85764077434922E-16));
#6888=DIRECTION('',(0.,1.,4.85764077434922E-16));
#6889=DIRECTION('',(1.,0.,0.));
#6890=DIRECTION('',(0.,1.,4.85764077434922E-16));
#6891=DIRECTION('',(0.,4.85764077434922E-16,-1.));
#6892=DIRECTION('',(1.,0.,0.));
#6893=DIRECTION('',(0.,-1.,-4.85764077434922E-16));
#6894=DIRECTION('',(0.,1.,4.85764077434922E-16));
#6895=DIRECTION('',(1.,0.,0.));
#6896=DIRECTION('',(0.,-1.,0.));
#6897=DIRECTION('',(0.,-1.,0.));
#6898=DIRECTION('',(1.,0.,0.));
#6899=DIRECTION('',(0.,-1.,0.));
#6900=DIRECTION('',(0.,-1.,0.));
#6901=DIRECTION('',(1.,0.,0.));
#6902=DIRECTION('',(0.,1.,0.));
#6903=DIRECTION('',(0.,0.,-1.));
#6904=DIRECTION('',(0.,0.572804307200251,0.819692152977471));
#6905=DIRECTION('',(0.,0.,1.));
#6906=DIRECTION('',(0.,-0.975245435742363,0.221125168318055));
#6907=DIRECTION('',(0.,-1.,-2.41352831440252E-16));
#6908=DIRECTION('',(0.,-0.999847695156391,-0.017452406437284));
#6909=DIRECTION('',(0.,-0.996413173733364,-0.084621434699517));
#6910=DIRECTION('',(0.,-0.972039234882402,-0.234818495543332));
#6911=DIRECTION('',(0.,-0.92610220238168,-0.377272727272728));
#6912=DIRECTION('',(0.,-0.875544246002407,-0.483137944372078));
#6913=DIRECTION('',(0.,0.,-1.));
#6914=DIRECTION('',(0.,0.8226557864306,-0.56853975855014));
#6915=DIRECTION('',(0.,0.946412814236988,-0.322959417029486));
#6916=DIRECTION('',(0.,1.,2.66880534765662E-16));
#6917=DIRECTION('',(0.,-0.865909397453539,0.500200875050863));
#6918=DIRECTION('',(0.,0.499598169196701,-0.866257276642052));
#6919=DIRECTION('',(0.,0.896388342514394,-0.443269601263494));
#6920=DIRECTION('',(0.,1.,0.));
#6921=DIRECTION('',(-0.898794046299167,0.438371146789079,2.12944955694085E-16));
#6922=DIRECTION('',(-0.438371146789079,-0.898794046299167,-4.36601860704515E-16));
#6923=DIRECTION('',(-0.898794046299167,0.438371146789079,2.12944955694085E-16));
#6924=DIRECTION('',(-0.438371146789079,-0.898794046299167,-4.36601860704515E-16));
#6925=DIRECTION('',(-0.438371146789079,-0.898794046299167,-4.36601860704515E-16));
#6926=DIRECTION('',(0.,-4.85764077434922E-16,1.));
#6927=DIRECTION('',(-0.438371146789079,-0.898794046299167,-4.36601860704515E-16));
#6928=DIRECTION('',(-0.898794046299167,0.438371146789079,2.12944955694085E-16));
#6929=DIRECTION('',(-0.438371146789079,-0.898794046299167,-4.36601860704515E-16));
#6930=DIRECTION('',(0.,4.85764077434922E-16,-1.));
#6931=DIRECTION('',(1.,0.,0.));
#6932=DIRECTION('',(0.,4.85764077434922E-16,-1.));
#6933=DIRECTION('',(1.,0.,0.));
#6934=DIRECTION('',(0.,4.85764077434922E-16,-1.));
#6935=DIRECTION('',(1.,0.,0.));
#6936=DIRECTION('',(0.,4.85764077434922E-16,-1.));
#6937=DIRECTION('',(1.,0.,0.));
#6938=DIRECTION('',(0.,4.85764077434922E-16,-1.));
#6939=DIRECTION('',(1.,0.,0.));
#6940=DIRECTION('',(-0.898794046299167,0.438371146789079,2.12944955694085E-16));
#6941=DIRECTION('',(-0.438371146789079,-0.898794046299167,-4.36601860704515E-16));
#6942=DIRECTION('',(-0.898794046299167,0.438371146789079,2.12944955694085E-16));
#6943=DIRECTION('',(-0.438371146789079,-0.898794046299167,-4.36601860704515E-16));
#6944=DIRECTION('',(0.,4.85764077434922E-16,-1.));
#6945=DIRECTION('',(1.,0.,0.));
#6946=DIRECTION('',(0.,4.85764077434922E-16,-1.));
#6947=DIRECTION('',(1.,0.,0.));
#6948=DIRECTION('',(0.,4.85764077434922E-16,-1.));
#6949=DIRECTION('',(1.,0.,0.));
#6950=DIRECTION('',(0.,4.85764077434922E-16,-1.));
#6951=DIRECTION('',(1.,0.,0.));
#6952=DIRECTION('',(0.,4.85764077434922E-16,-1.));
#6953=DIRECTION('',(1.,0.,0.));
#6954=DIRECTION('',(0.898794046299167,-0.438371146789079,-2.12944955694085E-16));
#6955=DIRECTION('',(-0.438371146789079,-0.898794046299167,-4.36601860704515E-16));
#6956=DIRECTION('',(-0.898794046299167,0.438371146789079,2.12944955694085E-16));
#6957=DIRECTION('',(-0.438371146789079,-0.898794046299167,-4.36601860704515E-16));
#6958=DIRECTION('',(-0.898794046299167,0.438371146789079,2.12944955694085E-16));
#6959=DIRECTION('',(-0.438371146789079,-0.898794046299167,-4.36601860704515E-16));
#6960=DIRECTION('',(-0.898794046299167,0.438371146789079,2.12944955694085E-16));
#6961=DIRECTION('',(-0.998869653788996,-0.047533301373379,-2.30899702890756E-17));
#6962=DIRECTION('',(-0.047533301373379,0.998869653788996,4.7024726870742E-16));
#6963=DIRECTION('',(-0.898794046299167,0.438371146789079,2.12944955694085E-16));
#6964=DIRECTION('',(-0.898794046299167,0.438371146789079,2.12944955694085E-16));
#6965=DIRECTION('',(-0.438371146789079,-0.898794046299167,-4.36601860704515E-16));
#6966=DIRECTION('',(-0.898794046299167,0.438371146789079,2.12944955694085E-16));
#6967=DIRECTION('',(-0.438371146789079,-0.898794046299167,-4.36601860704515E-16));
#6968=DIRECTION('',(0.,-4.85764077434922E-16,1.));
#6969=DIRECTION('',(-0.438371146789079,-0.898794046299167,-4.36601860704515E-16));
#6970=DIRECTION('',(-0.898794046299167,0.438371146789079,2.12944955694085E-16));
#6971=DIRECTION('',(-0.438371146789079,-0.898794046299167,-4.36601860704515E-16));
#6972=DIRECTION('',(-0.898794046299167,0.438371146789079,2.12944955694085E-16));
#6973=DIRECTION('',(-0.438371146789079,-0.898794046299167,-4.36601860704515E-16));
#6974=DIRECTION('',(-0.438371146789079,-0.898794046299167,-4.36601860704515E-16));
#6975=DIRECTION('',(-0.898794046299167,0.438371146789079,2.12944955694085E-16));
#6976=DIRECTION('',(-0.438371146789079,-0.898794046299167,-4.36601860704515E-16));
#6977=DIRECTION('',(-0.898794046299167,0.438371146789079,2.12944955694085E-16));
#6978=DIRECTION('',(-0.898794046299167,0.438371146789079,2.12944955694085E-16));
#6979=DIRECTION('',(-0.438371146789079,-0.898794046299167,0.));
#6980=DIRECTION('',(-0.898794046299167,0.438371146789079,2.12944955694085E-16));
#6981=DIRECTION('',(-0.898794046299167,0.438371146789079,2.12944955694085E-16));
#6982=DIRECTION('',(-0.438371146789079,-0.898794046299167,-4.36601860704515E-16));
#6983=DIRECTION('',(-0.998107594818162,0.0614916999789668,2.98704589101878E-17));
#6984=DIRECTION('',(0.0614916999789668,0.998107594818162,3.65002679735765E-16));
#6985=DIRECTION('',(0.,4.85764077434922E-16,-1.));
#6986=DIRECTION('',(1.,0.,0.));
#6987=DIRECTION('',(-0.898794046299167,0.438371146789079,2.12944955694085E-16));
#6988=DIRECTION('',(0.,1.,4.85764077434922E-16));
#6989=DIRECTION('',(-0.898794046299167,0.438371146789079,2.12944955694085E-16));
#6990=DIRECTION('',(-0.438371146789079,-0.898794046299167,-4.36601860704515E-16));
#6991=DIRECTION('',(0.,-4.85764077434922E-16,1.));
#6992=DIRECTION('',(-1.,0.,0.));
#6993=DIRECTION('',(0.,-4.85764077434922E-16,1.));
#6994=DIRECTION('',(-1.,0.,0.));
#6995=DIRECTION('',(0.,-4.85764077434922E-16,1.));
#6996=DIRECTION('',(-1.,0.,0.));
#6997=DIRECTION('',(0.,-4.85764077434922E-16,1.));
#6998=DIRECTION('',(-1.,0.,0.));
#6999=DIRECTION('',(0.,4.85764077434922E-16,-1.));
#7000=DIRECTION('',(1.,0.,0.));
#7001=DIRECTION('',(0.,-4.85764077434922E-16,1.));
#7002=DIRECTION('',(-1.,0.,0.));
#7003=DIRECTION('',(0.,-4.85764077434922E-16,1.));
#7004=DIRECTION('',(-1.,0.,0.));
#7005=DIRECTION('',(0.,-4.85764077434922E-16,1.));
#7006=DIRECTION('',(-1.,0.,0.));
#7007=DIRECTION('',(0.,-4.85764077434922E-16,1.));
#7008=DIRECTION('',(-1.,0.,0.));
#7009=DIRECTION('',(0.898794046299167,-0.438371146789079,-2.12944955694085E-16));
#7010=DIRECTION('',(0.,1.,4.85764077434922E-16));
#7011=DIRECTION('',(-0.898794046299167,0.438371146789079,2.12944955694085E-16));
#7012=DIRECTION('',(-0.438371146789079,-0.898794046299167,-4.36601860704515E-16));
#7013=DIRECTION('',(-0.438371146789079,-0.898794046299167,-4.36601860704515E-16));
#7014=DIRECTION('',(0.898794046299167,-0.438371146789079,-2.12944955694085E-16));
#7015=DIRECTION('',(-0.898794046299167,0.438371146789079,2.12944955694085E-16));
#7016=DIRECTION('',(0.,4.85764077434922E-16,-1.));
#7017=DIRECTION('',(-0.898794046299167,0.438371146789079,2.12944955694085E-16));
#7018=DIRECTION('',(0.,-4.85764077434922E-16,1.));
#7019=DIRECTION('',(-0.438371146789079,-0.898794046299167,-4.36601860704515E-16));
#7020=DIRECTION('',(0.898794046299167,-0.438371146789079,-2.12944955694085E-16));
#7021=DIRECTION('',(0.,-4.85764077434922E-16,1.));
#7022=DIRECTION('',(0.,-4.85764077434922E-16,1.));
#7023=DIRECTION('',(-1.,0.,0.));
#7024=DIRECTION('',(0.,-4.85764077434922E-16,1.));
#7025=DIRECTION('',(-1.,0.,0.));
#7026=DIRECTION('',(0.,-4.85764077434922E-16,1.));
#7027=DIRECTION('',(-1.,0.,0.));
#7028=DIRECTION('',(0.,-4.85764077434922E-16,1.));
#7029=DIRECTION('',(-1.,0.,0.));
#7030=DIRECTION('',(0.,-4.85764077434922E-16,1.));
#7031=DIRECTION('',(-1.,0.,0.));
#7032=DIRECTION('',(0.,-4.85764077434922E-16,1.));
#7033=DIRECTION('',(-1.,0.,0.));
#7034=DIRECTION('',(0.,-4.85764077434922E-16,1.));
#7035=DIRECTION('',(-1.,0.,0.));
#7036=DIRECTION('',(0.,-4.85764077434922E-16,1.));
#7037=DIRECTION('',(-1.,0.,0.));
#7038=DIRECTION('',(0.,-4.85764077434922E-16,1.));
#7039=DIRECTION('',(-1.,0.,0.));
#7040=DIRECTION('',(0.,-4.85764077434922E-16,1.));
#7041=DIRECTION('',(-1.,0.,0.));
#7042=DIRECTION('',(0.,-4.85764077434922E-16,1.));
#7043=DIRECTION('',(-1.,0.,0.));
#7044=DIRECTION('',(0.,-4.85764077434922E-16,1.));
#7045=DIRECTION('',(-1.,0.,0.));
#7046=DIRECTION('',(0.,-4.85764077434922E-16,1.));
#7047=DIRECTION('',(-1.,0.,0.));
#7048=DIRECTION('',(0.,-4.85764077434922E-16,1.));
#7049=DIRECTION('',(-1.,0.,0.));
#7050=DIRECTION('',(0.,-4.85764077434922E-16,1.));
#7051=DIRECTION('',(-1.,0.,0.));
#7052=DIRECTION('',(0.,-4.85764077434922E-16,1.));
#7053=DIRECTION('',(-1.,0.,0.));
#7054=DIRECTION('',(0.,4.85764077434922E-16,-1.));
#7055=DIRECTION('',(1.,0.,0.));
#7056=DIRECTION('',(0.,-4.85764077434922E-16,1.));
#7057=DIRECTION('',(-1.,0.,0.));
#7058=DIRECTION('',(0.,-4.85764077434922E-16,1.));
#7059=DIRECTION('',(-1.,0.,0.));
#7060=DIRECTION('',(0.,-4.85764077434922E-16,1.));
#7061=DIRECTION('',(-1.,0.,0.));
#7062=DIRECTION('',(0.,4.85764077434922E-16,-1.));
#7063=DIRECTION('',(1.,0.,0.));
#7064=DIRECTION('',(0.,-4.85764077434922E-16,1.));
#7065=DIRECTION('',(-1.,0.,0.));
#7066=DIRECTION('',(0.,-4.85764077434922E-16,1.));
#7067=DIRECTION('',(-1.,0.,0.));
#7068=DIRECTION('',(0.,-4.85764077434922E-16,1.));
#7069=DIRECTION('',(-1.,0.,0.));
#7070=DIRECTION('',(0.,4.85764077434922E-16,-1.));
#7071=DIRECTION('',(1.,0.,0.));
#7072=DIRECTION('',(0.,-4.85764077434922E-16,1.));
#7073=DIRECTION('',(-1.,0.,0.));
#7074=DIRECTION('',(0.,-4.85764077434922E-16,1.));
#7075=DIRECTION('',(-1.,0.,0.));
#7076=DIRECTION('',(0.,-4.85764077434922E-16,1.));
#7077=DIRECTION('',(-1.,0.,0.));
#7078=DIRECTION('',(0.,4.85764077434922E-16,-1.));
#7079=DIRECTION('',(1.,0.,0.));
#7080=DIRECTION('',(0.,-4.85764077434922E-16,1.));
#7081=DIRECTION('',(-1.,0.,0.));
#7082=DIRECTION('',(0.,-4.85764077434922E-16,1.));
#7083=DIRECTION('',(-1.,0.,0.));
#7084=DIRECTION('',(0.,-4.85764077434922E-16,1.));
#7085=DIRECTION('',(-1.,0.,0.));
#7086=DIRECTION('',(0.,-4.85764077434922E-16,1.));
#7087=DIRECTION('',(-1.,0.,0.));
#7088=DIRECTION('',(0.,-4.85764077434922E-16,1.));
#7089=DIRECTION('',(-1.,0.,0.));
#7090=DIRECTION('',(0.,-4.85764077434922E-16,1.));
#7091=DIRECTION('',(-1.,0.,0.));
#7092=DIRECTION('',(0.,-4.85764077434922E-16,1.));
#7093=DIRECTION('',(-1.,0.,0.));
#7094=DIRECTION('',(0.,-4.85764077434922E-16,1.));
#7095=DIRECTION('',(-1.,0.,0.));
#7096=DIRECTION('',(0.,-4.85764077434922E-16,1.));
#7097=DIRECTION('',(-1.,0.,0.));
#7098=DIRECTION('',(0.,-4.85764077434922E-16,1.));
#7099=DIRECTION('',(-1.,0.,0.));
#7100=DIRECTION('',(0.,-4.85764077434922E-16,1.));
#7101=DIRECTION('',(-1.,0.,0.));
#7102=DIRECTION('',(-0.898794046299167,0.438371146789079,2.12944955694085E-16));
#7103=DIRECTION('',(-0.438371146789079,-0.898794046299167,-4.36601860704515E-16));
#7104=DIRECTION('',(-0.898794046299167,0.438371146789079,2.12944955694085E-16));
#7105=DIRECTION('',(-0.438371146789079,-0.898794046299167,-4.36601860704515E-16));
#7106=DIRECTION('',(-0.898794046299167,0.438371146789079,2.12944955694085E-16));
#7107=DIRECTION('',(-0.438371146789079,-0.898794046299167,0.));
#7108=DIRECTION('',(-0.898794046299167,0.438371146789079,2.12944955694085E-16));
#7109=DIRECTION('',(-0.438371146789079,-0.898794046299167,-4.36601860704515E-16));
#7110=DIRECTION('',(0.898794046299167,-0.438371146789079,-2.12944955694085E-16));
#7111=DIRECTION('',(0.438371146789079,0.898794046299167,4.36601860704515E-16));
#7112=DIRECTION('',(-0.94948883032496,-0.31380083028593,-1.52433170822157E-16));
#7113=DIRECTION('',(0.31380083028593,-0.94948883032496,-6.20886742963415E-16));
#7114=DIRECTION('',(-0.898794046299166,0.43837114678908,-2.82886592240949E-15));
#7115=DIRECTION('',(-0.43837114678908,-0.898794046299166,-4.36601860704515E-16));
#7116=DIRECTION('',(-0.438371146789072,-0.89879404629917,-4.36601860704517E-16));
#7117=DIRECTION('',(0.89879404629917,-0.438371146789072,-2.12944955694082E-16));
#7118=DIRECTION('',(-0.438371146789072,-0.89879404629917,-4.36601860704517E-16));
#7119=DIRECTION('',(0.89879404629917,-0.438371146789072,-2.12944955694082E-16));
#7120=DIRECTION('',(0.,-4.85764077434922E-16,1.));
#7121=DIRECTION('',(-1.,0.,0.));
#7122=DIRECTION('',(0.,-4.85764077434922E-16,1.));
#7123=DIRECTION('',(-1.,0.,0.));
#7124=DIRECTION('',(-0.309975210571081,-0.635543365028237,0.707106781186547));
#7125=DIRECTION('',(0.309975210571081,0.635543365028236,0.707106781186548));
#7126=DIRECTION('',(-0.898794046299167,0.438371146789079,2.12944955694085E-16));
#7127=DIRECTION('',(-0.438371146789079,-0.898794046299167,-4.36601860704515E-16));
#7128=DIRECTION('',(-0.898794046299167,0.438371146789079,2.12944955694085E-16));
#7129=DIRECTION('',(-0.438371146789079,-0.898794046299167,0.));
#7130=DIRECTION('',(-0.898794046299167,0.438371146789079,2.12944955694085E-16));
#7131=DIRECTION('',(-0.438371146789079,-0.898794046299167,-4.36601860704515E-16));
#7132=DIRECTION('',(-0.898794046299167,0.438371146789079,2.12944955694085E-16));
#7133=DIRECTION('',(-0.438371146789079,-0.898794046299167,-4.36601860704515E-16));
#7134=DIRECTION('',(-0.898794046299167,0.438371146789079,2.12944955694085E-16));
#7135=DIRECTION('',(-0.438371146789079,-0.898794046299167,0.));
#7136=DIRECTION('',(-0.898794046299167,0.438371146789079,2.12944955694085E-16));
#7137=DIRECTION('',(-0.438371146789079,-0.898794046299167,-4.36601860704515E-16));
#7138=DIRECTION('',(0.438371146789079,0.898794046299167,4.36601860704515E-16));
#7139=DIRECTION('',(-0.898794046299167,0.438371146789079,2.12944955694085E-16));
#7140=DIRECTION('',(0.43837114678908,0.898794046299166,-2.60520901739906E-15));
#7141=DIRECTION('',(-0.898794046299166,0.43837114678908,2.12944955694086E-16));
#7142=DIRECTION('',(-0.438371146789079,-0.898794046299167,-4.36601860704515E-16));
#7143=DIRECTION('',(0.898794046299167,-0.438371146789079,-2.12944955694085E-16));
#7144=DIRECTION('',(0.438371146789078,0.898794046299167,4.36601860704515E-16));
#7145=DIRECTION('',(-0.898794046299167,0.438371146789078,2.12944955694085E-16));
#7146=DIRECTION('',(-0.898794046299167,0.438371146789079,2.12944955694085E-16));
#7147=DIRECTION('',(-0.438371146789079,-0.898794046299167,-4.36601860704515E-16));
#7148=DIRECTION('',(-0.898794046299167,0.438371146789079,2.12944955694085E-16));
#7149=DIRECTION('',(-0.438371146789079,-0.898794046299167,-4.36601860704515E-16));
#7150=DIRECTION('',(-0.898794046299167,0.438371146789078,2.12944955694085E-16));
#7151=DIRECTION('',(-0.438371146789078,-0.898794046299167,-4.36601860704515E-16));
#7152=DIRECTION('',(-0.898794046299167,0.438371146789079,2.12944955694085E-16));
#7153=DIRECTION('',(-0.438371146789079,-0.898794046299167,-4.36601860704515E-16));
#7154=DIRECTION('',(-0.168836205090705,-0.34616551989514,0.922856309880524));
#7155=DIRECTION('',(0.,0.936297684923717,0.351207410523308));
#7156=DIRECTION('',(0.43837114678908,0.898794046299166,4.36601860704515E-16));
#7157=DIRECTION('',(-0.898794046299166,0.43837114678908,2.12944955694086E-16));
#7158=DIRECTION('',(-0.898794046299167,0.438371146789079,2.12944955694085E-16));
#7159=DIRECTION('',(-0.438371146789079,-0.898794046299167,-4.36601860704515E-16));
#7160=DIRECTION('',(-0.168836205090704,-0.346165519895138,-0.922856309880524));
#7161=DIRECTION('',(0.,-0.936297684923718,0.351207410523307));
#7162=DIRECTION('',(-0.898794046299167,0.438371146789079,2.12944955694085E-16));
#7163=DIRECTION('',(-0.438371146789079,-0.898794046299167,-4.36601860704515E-16));
#7164=DIRECTION('',(-0.898794046299167,0.438371146789079,2.12944955694085E-16));
#7165=DIRECTION('',(-0.438371146789079,-0.898794046299167,-4.36601860704515E-16));
#7166=DIRECTION('',(-0.898794046299166,0.43837114678908,2.12944955694086E-16));
#7167=DIRECTION('',(-0.43837114678908,-0.898794046299166,-4.36601860704515E-16));
#7168=DIRECTION('',(-0.0722192993062731,-0.148071506803815,-0.986336251833298));
#7169=DIRECTION('',(0.,-0.988918538506463,0.148459166770671));
#7170=DIRECTION('',(-0.898794046299167,0.438371146789079,2.12944955694085E-16));
#7171=DIRECTION('',(-0.438371146789079,-0.898794046299167,-4.36601860704515E-16));
#7172=DIRECTION('',(-0.94948883032496,-0.313800830285929,-1.52433170822157E-16));
#7173=DIRECTION('',(-0.313800830285929,0.94948883032496,3.10443371481708E-16));
#7174=DIRECTION('',(-0.898794046299168,0.438371146789074,2.12944955694083E-16));
#7175=DIRECTION('',(-0.438371146789074,-0.898794046299169,-4.36601860704516E-16));
#7176=DIRECTION('',(-0.438371146789079,-0.898794046299167,-4.36601860704515E-16));
#7177=DIRECTION('',(0.898794046299167,-0.438371146789079,-2.12944955694085E-16));
#7178=DIRECTION('',(-0.43837114678908,-0.898794046299166,-4.36601860704515E-16));
#7179=DIRECTION('',(0.898794046299166,-0.43837114678908,-2.12944955694086E-16));
#7180=DIRECTION('',(-0.898794046299167,0.438371146789079,2.12944955694085E-16));
#7181=DIRECTION('',(-0.438371146789079,-0.898794046299167,-4.36601860704515E-16));
#7182=DIRECTION('',(-0.0722192993062732,-0.148071506803817,0.986336251833297));
#7183=DIRECTION('',(0.,0.988918538506462,0.148459166770674));
#7184=DIRECTION('',(-0.898794046299167,0.438371146789079,2.12944955694085E-16));
#7185=DIRECTION('',(-0.438371146789079,-0.898794046299167,-4.36601860704515E-16));
#7186=DIRECTION('',(-0.898794046299167,0.438371146789079,2.12944955694085E-16));
#7187=DIRECTION('',(-0.438371146789079,-0.898794046299167,-4.36601860704515E-16));
#7188=DIRECTION('',(-0.898794046299163,0.438371146789086,2.12944955694089E-16));
#7189=DIRECTION('',(-0.438371146789087,-0.898794046299163,-4.36601860704513E-16));
#7190=DIRECTION('',(0.,-6.45312982647231E-15,-1.));
#7191=DIRECTION('',(0.,-1.,6.45312982647231E-15));
#7192=DIRECTION('',(-7.79579566091668E-16,8.65990437197865E-16,-1.));
#7193=DIRECTION('',(1.,3.78691748709636E-31,-7.79579566091668E-16));
#7194=DIRECTION('',(-0.89879404629917,0.438371146789072,2.12944955694082E-16));
#7195=DIRECTION('',(-0.438371146789072,-0.89879404629917,-4.36601860704517E-16));
#7196=DIRECTION('',(0.43837114678908,0.898794046299166,-5.80003466802888E-15));
#7197=DIRECTION('',(-0.898794046299166,0.43837114678908,2.12944955694086E-16));
#7198=DIRECTION('',(0.,-4.85764077434922E-16,1.));
#7199=DIRECTION('',(-1.,0.,0.));
#7200=DIRECTION('',(0.309975210571081,0.635543365028236,0.707106781186548));
#7201=DIRECTION('',(-0.309975210571081,-0.635543365028237,0.707106781186547));
#7202=DIRECTION('',(0.438371146789079,0.898794046299167,4.36601860704515E-16));
#7203=DIRECTION('',(-0.898794046299167,0.438371146789079,2.12944955694085E-16));
#7204=DIRECTION('',(-0.898794046299167,0.438371146789079,2.12944955694085E-16));
#7205=DIRECTION('',(-0.438371146789079,-0.898794046299167,-4.36601860704515E-16));
#7206=DIRECTION('',(0.438371146789074,0.898794046299169,4.36601860704516E-16));
#7207=DIRECTION('',(-0.898794046299169,0.438371146789074,2.12944955694083E-16));
#7208=DIRECTION('',(0.438371146789079,0.898794046299167,4.36601860704515E-16));
#7209=DIRECTION('',(-0.898794046299167,0.438371146789079,2.12944955694085E-16));
#7210=DIRECTION('',(-0.438371146789074,-0.898794046299169,-4.36601860704516E-16));
#7211=DIRECTION('',(0.898794046299169,-0.438371146789074,-2.12944955694083E-16));
#7212=DIRECTION('',(-0.898794046299167,0.438371146789079,2.12944955694085E-16));
#7213=DIRECTION('',(-0.438371146789079,-0.898794046299167,-4.36601860704515E-16));
#7214=DIRECTION('',(1.,0.,0.));
#7215=DIRECTION('',(0.,1.,0.));
#7216=DIRECTION('',(1.,0.,0.));
#7217=DIRECTION('',(0.,-1.,0.));
#7218=DIRECTION('',(1.,0.,0.));
#7219=DIRECTION('',(0.,-1.,0.));
#7220=DIRECTION('',(0.,-1.,0.));
#7221=DIRECTION('',(0.,0.,-1.));
#7222=DIRECTION('',(0.,0.,1.));
#7223=DIRECTION('',(-1.,0.,0.));
#7224=DIRECTION('',(0.,0.,-1.));
#7225=DIRECTION('',(1.,0.,0.));
#7226=DIRECTION('',(0.,0.56853975855014,0.8226557864306));
#7227=DIRECTION('',(0.,-0.8226557864306,0.56853975855014));
#7228=DIRECTION('',(0.,0.8226557864306,-0.56853975855014));
#7229=DIRECTION('',(1.,0.,0.));
#7230=DIRECTION('',(0.,-0.8226557864306,0.56853975855014));
#7231=DIRECTION('',(-1.,0.,0.));
#7232=DIRECTION('',(0.,0.322959417029485,0.946412814236988));
#7233=DIRECTION('',(0.,-0.946412814236988,0.322959417029485));
#7234=DIRECTION('',(0.,0.946412814236988,-0.322959417029485));
#7235=DIRECTION('',(1.,0.,0.));
#7236=DIRECTION('',(0.,-0.946412814236988,0.322959417029485));
#7237=DIRECTION('',(-1.,0.,0.));
#7238=DIRECTION('',(0.,-2.66880534765662E-16,1.));
#7239=DIRECTION('',(0.,-1.,-2.66880534765662E-16));
#7240=DIRECTION('',(0.,1.,2.66880534765662E-16));
#7241=DIRECTION('',(1.,0.,0.));
#7242=DIRECTION('',(0.,-1.,-2.66880534765662E-16));
#7243=DIRECTION('',(-1.,0.,0.));
#7244=DIRECTION('',(0.,-0.866257276642052,-0.499598169196701));
#7245=DIRECTION('',(0.,0.499598169196701,-0.866257276642052));
#7246=DIRECTION('',(0.,0.499598169196701,-0.866257276642052));
#7247=DIRECTION('',(1.,0.,0.));
#7248=DIRECTION('',(0.,-0.499598169196701,0.866257276642052));
#7249=DIRECTION('',(-1.,0.,0.));
#7250=DIRECTION('',(0.,-0.443269601263494,-0.896388342514394));
#7251=DIRECTION('',(0.,0.896388342514394,-0.443269601263494));
#7252=DIRECTION('',(0.,0.896388342514394,-0.443269601263494));
#7253=DIRECTION('',(1.,0.,0.));
#7254=DIRECTION('',(0.,-0.896388342514394,0.443269601263494));
#7255=DIRECTION('',(-1.,0.,0.));
#7256=DIRECTION('',(0.,0.,-1.));
#7257=DIRECTION('',(-1.,0.,0.));
#7258=DIRECTION('',(0.,1.,0.));
#7259=DIRECTION('',(1.,0.,0.));
#7260=DIRECTION('',(0.,-1.,0.));
#7261=DIRECTION('',(-1.,0.,0.));
#7262=DIRECTION('',(0.,-0.819692152977471,0.572804307200251));
#7263=DIRECTION('',(0.,-0.572804307200251,-0.819692152977471));
#7264=DIRECTION('',(0.,-0.572804307200251,-0.819692152977471));
#7265=DIRECTION('',(-1.,0.,0.));
#7266=DIRECTION('',(0.,0.572804307200251,0.819692152977471));
#7267=DIRECTION('',(1.,0.,0.));
#7268=DIRECTION('',(0.,-1.,0.));
#7269=DIRECTION('',(0.,0.,-1.));
#7270=DIRECTION('',(0.,0.,-1.));
#7271=DIRECTION('',(-1.,0.,0.));
#7272=DIRECTION('',(0.,0.,1.));
#7273=DIRECTION('',(1.,0.,0.));
#7274=DIRECTION('',(0.,-0.221125168318055,-0.975245435742363));
#7275=DIRECTION('',(0.,0.975245435742363,-0.221125168318055));
#7276=DIRECTION('',(0.,0.975245435742363,-0.221125168318055));
#7277=DIRECTION('',(-1.,0.,0.));
#7278=DIRECTION('',(0.,-0.975245435742363,0.221125168318055));
#7279=DIRECTION('',(1.,0.,0.));
#7280=DIRECTION('',(0.,-2.41352831440252E-16,1.));
#7281=DIRECTION('',(0.,-1.,-2.41352831440252E-16));
#7282=DIRECTION('',(0.,1.,2.41352831440252E-16));
#7283=DIRECTION('',(-1.,0.,0.));
#7284=DIRECTION('',(0.,-1.,-2.41352831440252E-16));
#7285=DIRECTION('',(1.,0.,0.));
#7286=DIRECTION('',(0.,-0.017452406437284,0.999847695156391));
#7287=DIRECTION('',(0.,-0.999847695156391,-0.017452406437284));
#7288=DIRECTION('',(0.,0.999847695156391,0.017452406437284));
#7289=DIRECTION('',(-1.,0.,0.));
#7290=DIRECTION('',(0.,-0.999847695156391,-0.017452406437284));
#7291=DIRECTION('',(1.,0.,0.));
#7292=DIRECTION('',(0.,-0.0846214346995171,0.996413173733364));
#7293=DIRECTION('',(0.,-0.996413173733364,-0.0846214346995171));
#7294=DIRECTION('',(0.,0.996413173733364,0.0846214346995171));
#7295=DIRECTION('',(-1.,0.,0.));
#7296=DIRECTION('',(0.,-0.996413173733364,-0.0846214346995171));
#7297=DIRECTION('',(1.,0.,0.));
#7298=DIRECTION('',(0.,-0.234818495543332,0.972039234882402));
#7299=DIRECTION('',(0.,-0.972039234882402,-0.234818495543332));
#7300=DIRECTION('',(0.,-0.972039234882402,-0.234818495543332));
#7301=DIRECTION('',(1.,0.,0.));
#7302=DIRECTION('',(0.,0.972039234882402,0.234818495543332));
#7303=DIRECTION('',(-1.,0.,0.));
#7304=DIRECTION('',(0.,-0.377272727272728,0.92610220238168));
#7305=DIRECTION('',(0.,-0.92610220238168,-0.377272727272728));
#7306=DIRECTION('',(0.,-0.92610220238168,-0.377272727272728));
#7307=DIRECTION('',(1.,0.,0.));
#7308=DIRECTION('',(0.,0.92610220238168,0.377272727272728));
#7309=DIRECTION('',(-1.,0.,0.));
#7310=DIRECTION('',(0.,-0.483137944372078,0.875544246002407));
#7311=DIRECTION('',(0.,-0.875544246002407,-0.483137944372078));
#7312=DIRECTION('',(0.,0.875544246002407,0.483137944372078));
#7313=DIRECTION('',(-1.,0.,0.));
#7314=DIRECTION('',(0.,-0.875544246002407,-0.483137944372078));
#7315=DIRECTION('',(1.,0.,0.));
#7316=DIRECTION('',(-0.707106781186548,-0.341630116714025,0.619103273577164));
#7317=DIRECTION('',(0.,-0.875544246002407,-0.483137944372078));
#7318=DIRECTION('',(-0.679184283379347,0.0845283920912951,-0.729084124186601));
#7319=DIRECTION('',(0.588649710412373,-0.769503493126037,0.247701216182433));
#7320=DIRECTION('',(0.,0.875544246002407,0.483137944372078));
#7321=DIRECTION('',(-0.54668537446601,-0.721068676665362,0.425670136228772));
#7322=DIRECTION('',(0.796868031629606,-0.604153407808611,0.));
#7323=DIRECTION('',(1.44933397067827E-15,-0.508361119494754,-0.861143990390713));
#7324=DIRECTION('',(0.679184283379347,-0.679184283379347,-0.278239857714466));
#7325=DIRECTION('',(-0.68609323181754,-0.31352010269928,0.656491601208726));
#7326=DIRECTION('',(0.69134830186046,0.,0.722521643630597));
#7327=DIRECTION('',(-0.588649710412359,-0.291035166980735,-0.754181708881846));
#7328=DIRECTION('',(-7.28181445191963E-16,-0.902377051066583,-0.430947395523372));
#7329=DIRECTION('',(-0.707106781186548,-0.707106781186548,0.));
#7330=DIRECTION('',(0.,0.,-1.));
#7331=DIRECTION('',(0.,0.,1.));
#7332=DIRECTION('',(-0.670231876003164,0.670231876003164,-0.318713766220663));
#7333=DIRECTION('',(0.,0.861143990390713,-0.508361119494754));
#7334=DIRECTION('',(-1.,0.,0.));
#7335=DIRECTION('',(3.32379517414767E-16,0.508361119494754,0.861143990390713));
#7336=DIRECTION('',(-0.707106781186548,0.341630116714025,-0.619103273577164));
#7337=DIRECTION('',(0.,0.875544246002407,0.483137944372078));
#7338=DIRECTION('',(-0.588649710412366,-0.769503493126046,0.24770121618242));
#7339=DIRECTION('',(0.679184283379346,0.0845283920912938,-0.729084124186602));
#7340=DIRECTION('',(0.,0.430947395523372,-0.902377051066583));
#7341=DIRECTION('',(-1.,0.,0.));
#7342=DIRECTION('',(-2.98238299628579E-16,0.902377051066583,0.430947395523372));
#7343=DIRECTION('',(-0.707106781186549,-0.266772103811288,0.654853147375881));
#7344=DIRECTION('',(0.,-0.92610220238168,-0.377272727272728));
#7345=DIRECTION('',(0.591774641505885,-0.730173915118932,0.34153891044868));
#7346=DIRECTION('',(0.,0.92610220238168,0.377272727272728));
#7347=DIRECTION('',(-0.553579055132065,-0.737516477736591,-0.386807025254329));
#7348=DIRECTION('',(0.799770030708807,-0.600306503363102,0.));
#7349=DIRECTION('',(1.00276827160693E-16,-0.464467566924679,0.88559013052036));
#7350=DIRECTION('',(-0.670231876003161,0.118861744958923,0.732571578737944));
#7351=DIRECTION('',(0.54668537446601,-0.721068676665362,0.425670136228773));
#7352=DIRECTION('',(0.796868031629606,0.604153407808611,0.));
#7353=DIRECTION('',(-0.679184283379346,-0.679184283379347,-0.278239857714466));
#7354=DIRECTION('',(0.686093231817539,-0.31352010269928,0.656491601208727));
#7355=DIRECTION('',(0.691348301860461,0.,-0.722521643630596));
#7356=DIRECTION('',(0.588649710412356,-0.291035166980744,-0.754181708881846));
#7357=DIRECTION('',(-0.680215664849825,-0.224966003211213,0.697636686744672));
#7358=DIRECTION('',(0.715989933477937,0.,0.69811060381451));
#7359=DIRECTION('',(-0.591774641505901,-0.393098053445488,-0.703758974399567));
#7360=DIRECTION('',(-6.5286530845788E-16,-0.951739739108934,-0.306906287001191));
#7361=DIRECTION('',(0.707106781186549,0.402018318644966,0.581705485167428));
#7362=DIRECTION('',(0.,0.8226557864306,-0.56853975855014));
#7363=DIRECTION('',(0.,-0.8226557864306,0.56853975855014));
#7364=DIRECTION('',(0.60394218200015,-0.771231320579654,-0.20113699549775));
#7365=DIRECTION('',(0.,-0.88559013052036,-0.464467566924679));
#7366=DIRECTION('',(1.,0.,0.));
#7367=DIRECTION('',(2.60719750617802E-15,0.464467566924679,-0.88559013052036));
#7368=DIRECTION('',(-0.707106781186548,0.707106781186547,0.));
#7369=DIRECTION('',(0.,0.,1.));
#7370=DIRECTION('',(0.670231876003163,0.670231876003164,-0.318713766220664));
#7371=DIRECTION('',(-0.707106781186549,0.266772103811288,-0.654853147375881));
#7372=DIRECTION('',(0.,0.92610220238168,0.377272727272728));
#7373=DIRECTION('',(-0.591774641505884,-0.730173915118934,0.341538910448678));
#7374=DIRECTION('',(0.,0.306906287001191,-0.951739739108934));
#7375=DIRECTION('',(-1.,0.,0.));
#7376=DIRECTION('',(-1.09363739172864E-16,0.951739739108934,0.306906287001191));
#7377=DIRECTION('',(-0.707106781186546,-0.166041750546714,0.687335534564732));
#7378=DIRECTION('',(0.,-0.972039234882402,-0.234818495543332));
#7379=DIRECTION('',(0.592014763850867,-0.670568664970564,0.447052776461793));
#7380=DIRECTION('',(0.,0.972039234882402,0.234818495543332));
#7381=DIRECTION('',(-0.65726110590716,-0.339166451969138,-0.673033399260664));
#7382=DIRECTION('',(-0.715440127070802,0.,0.698674047447674));
#7383=DIRECTION('',(1.97863728549468E-16,0.89301643574032,-0.450024049910286));
#7384=DIRECTION('',(-0.603942182000156,-0.297183830215483,0.73955095284865));
#7385=DIRECTION('',(0.553579055132065,-0.737516477736591,-0.386807025254328));
#7386=DIRECTION('',(0.799770030708807,0.600306503363102,0.));
#7387=DIRECTION('',(0.670231876003161,0.118861744958925,0.732571578737943));
#7388=DIRECTION('',(0.680215664849825,-0.224966003211214,0.697636686744672));
#7389=DIRECTION('',(0.715989933477937,0.,-0.69811060381451));
#7390=DIRECTION('',(0.591774641505899,-0.393098053445491,-0.703758974399567));
#7391=DIRECTION('',(-0.679763307593471,-0.117484173316028,0.723960851614114));
#7392=DIRECTION('',(0.729009420457378,0.,0.684503663163608));
#7393=DIRECTION('',(-0.592014763850861,-0.494784222867765,-0.636165931329045));
#7394=DIRECTION('',(3.20112053164352E-16,-0.987087134207428,-0.160184236060128));
#7395=DIRECTION('',(0.707106781186547,0.228366793829604,0.669214918748819));
#7396=DIRECTION('',(0.,0.946412814236988,-0.322959417029485));
#7397=DIRECTION('',(0.,-0.946412814236988,0.322959417029486));
#7398=DIRECTION('',(0.609068028373473,-0.677489671900277,-0.412363772998678));
#7399=DIRECTION('',(0.,0.450024049910286,0.89301643574032));
#7400=DIRECTION('',(-1.,0.,0.));
#7401=DIRECTION('',(3.06825413298434E-15,-0.89301643574032,0.450024049910285));
#7402=DIRECTION('',(0.707106781186549,-0.402018318644966,-0.581705485167428));
#7403=DIRECTION('',(0.,-0.8226557864306,0.56853975855014));
#7404=DIRECTION('',(-0.603942182000154,-0.771231320579648,-0.20113699549776));
#7405=DIRECTION('',(-0.707106781186546,0.166041750546714,-0.687335534564731));
#7406=DIRECTION('',(0.,0.972039234882402,0.234818495543332));
#7407=DIRECTION('',(-0.592014763850865,-0.670568664970568,0.44705277646179));
#7408=DIRECTION('',(0.,0.160184236060128,-0.987087134207428));
#7409=DIRECTION('',(-1.,0.,0.));
#7410=DIRECTION('',(2.65403029975666E-16,0.987087134207428,0.160184236060128));
#7411=DIRECTION('',(-0.707106781186547,-0.0598363903097632,0.704570512010472));
#7412=DIRECTION('',(0.,-0.996413173733364,-0.0846214346995171));
#7413=DIRECTION('',(0.583824056951722,-0.611560297676875,0.533988270311067));
#7414=DIRECTION('',(0.,0.996413173733364,0.084621434699517));
#7415=DIRECTION('',(-0.647641642236301,-0.124720873987539,-0.751668149407204));
#7416=DIRECTION('',(-0.757583460815837,0.,0.652738308894383));
#7417=DIRECTION('',(1.21018735075308E-16,0.986512243775258,-0.163687485415062));
#7418=DIRECTION('',(-0.609068028373471,-0.508008143267906,0.609068028373471));
#7419=DIRECTION('',(0.657261105907161,-0.339166451969136,-0.673033399260664));
#7420=DIRECTION('',(-0.715440127070802,0.,-0.698674047447674));
#7421=DIRECTION('',(0.603942182000151,-0.297183830215492,0.73955095284865));
#7422=DIRECTION('',(0.679763307593471,-0.117484173316028,0.723960851614114));
#7423=DIRECTION('',(0.729009420457378,0.,-0.684503663163608));
#7424=DIRECTION('',(0.592014763850859,-0.494784222867769,-0.636165931329044));
#7425=DIRECTION('',(-0.695122748172379,-0.0367107496281885,0.717953122310235));
#7426=DIRECTION('',(0.718437397073085,0.,0.695591623358742));
#7427=DIRECTION('',(-0.583824056951707,-0.553904821532409,-0.593581434352188));
#7428=DIRECTION('',(2.09627396549992E-16,-0.998695290744151,-0.0510658030922482));
#7429=DIRECTION('',(0.707106781186547,-1.88713035899492E-16,0.707106781186548));
#7430=DIRECTION('',(0.,1.,2.66880534765662E-16));
#7431=DIRECTION('',(0.,-1.,-2.66880534765662E-16));
#7432=DIRECTION('',(-0.707106781186548,0.,0.707106781186547));
#7433=DIRECTION('',(0.,0.163687485415062,0.986512243775258));
#7434=DIRECTION('',(-1.,0.,0.));
#7435=DIRECTION('',(-4.28563789069973E-16,-0.986512243775258,0.163687485415062));
#7436=DIRECTION('',(0.707106781186548,-0.228366793829603,-0.669214918748818));
#7437=DIRECTION('',(0.,-0.946412814236988,0.322959417029485));
#7438=DIRECTION('',(-0.609068028373471,-0.67748967190028,-0.412363772998676));
#7439=DIRECTION('',(-0.707106781186547,0.0598363903097632,-0.704570512010472));
#7440=DIRECTION('',(0.,0.996413173733364,0.0846214346995171));
#7441=DIRECTION('',(-0.583824056951719,-0.61156029767688,0.533988270311064));
#7442=DIRECTION('',(0.,0.0510658030922482,-0.998695290744151));
#7443=DIRECTION('',(-1.,0.,0.));
#7444=DIRECTION('',(2.36104720533752E-16,0.998695290744151,0.0510658030922482));
#7445=DIRECTION('',(-0.707106781186546,-0.0123407149398273,0.706999085398826));
#7446=DIRECTION('',(0.,-0.999847695156391,-0.017452406437284));
#7447=DIRECTION('',(0.57902972711048,-0.583994653953718,0.568924264973679));
#7448=DIRECTION('',(0.,0.999847695156391,0.017452406437284));
#7449=DIRECTION('',(-0.654603556367836,-0.378138027684552,-0.654603556367836));
#7450=DIRECTION('',(-0.707106781186547,0.,0.707106781186548));
#7451=DIRECTION('',(0.,0.865909397453539,-0.500200875050863));
#7452=DIRECTION('',(0.707106781186548,-0.612536394565786,-0.353269253307371));
#7453=DIRECTION('',(0.,-0.865909397453539,0.500200875050863));
#7454=DIRECTION('',(0.647641642236302,-0.124720873987539,-0.751668149407204));
#7455=DIRECTION('',(-0.757583460815836,0.,-0.652738308894384));
#7456=DIRECTION('',(0.609068028373472,-0.508008143267905,0.609068028373472));
#7457=DIRECTION('',(0.695122748172379,-0.0367107496281885,0.717953122310235));
#7458=DIRECTION('',(0.718437397073085,0.,-0.695591623358742));
#7459=DIRECTION('',(0.583824056951703,-0.553904821532416,-0.593581434352185));
#7460=DIRECTION('',(-0.704014843480218,-0.00619745686115808,0.710158215954711));
#7461=DIRECTION('',(0.710171854393401,0.,0.704028363936736));
#7462=DIRECTION('',(-0.57902972711039,-0.573976611235105,-0.57902972711039));
#7463=DIRECTION('',(0.,-0.999961923064171,-0.0087265354983742));
#7464=DIRECTION('',(-0.707106781186548,-0.612536394565786,-0.353269253307371));
#7465=DIRECTION('',(0.,0.499598169196701,-0.866257276642052));
#7466=DIRECTION('',(0.,-0.499598169196701,0.866257276642052));
#7467=DIRECTION('',(-0.634258724957076,0.77029190671432,-0.0660775927697334));
#7468=DIRECTION('',(0.,0.500200875050863,0.865909397453539));
#7469=DIRECTION('',(-1.,0.,0.));
#7470=DIRECTION('',(0.,0.865909397453539,-0.500200875050863));
#7471=DIRECTION('',(0.707106781186548,1.88713035899492E-16,-0.707106781186547));
#7472=DIRECTION('',(0.,-1.,-2.66880534765662E-16));
#7473=DIRECTION('',(-0.707106781186547,0.,-0.707106781186548));
#7474=DIRECTION('',(-0.707106781186547,0.0123407149398273,-0.706999085398825));
#7475=DIRECTION('',(0.,0.999847695156391,0.017452406437284));
#7476=DIRECTION('',(-0.579029727110489,-0.5839946539537,0.568924264973688));
#7477=DIRECTION('',(0.,0.0087265354983742,-0.999961923064171));
#7478=DIRECTION('',(-1.,0.,0.));
#7479=DIRECTION('',(2.95685267214207E-17,0.999961923064171,0.0087265354983742));
#7480=DIRECTION('',(-0.707106781186547,-1.70662223769976E-16,0.707106781186548));
#7481=DIRECTION('',(0.,-1.,-2.41352831440252E-16));
#7482=DIRECTION('',(0.598830738619796,-0.531792716166873,0.598830738619796));
#7483=DIRECTION('',(0.,1.,2.41352831440252E-16));
#7484=DIRECTION('',(-0.602507199542223,-0.546037800995993,-0.58208916360232));
#7485=DIRECTION('',(-0.694815686398948,0.,0.719187848850326));
#7486=DIRECTION('',(1.52964858954727E-15,0.729331357203547,-0.684160632746165));
#7487=DIRECTION('',(0.634258724957075,0.115124718260842,-0.76450125510766));
#7488=DIRECTION('',(0.654603556367836,-0.378138027684551,-0.654603556367836));
#7489=DIRECTION('',(-0.707106781186547,0.,-0.707106781186548));
#7490=DIRECTION('',(0.707106781186547,0.612536394565787,0.353269253307372));
#7491=DIRECTION('',(0.704014843480219,-0.0061974568611581,0.710158215954711));
#7492=DIRECTION('',(0.710171854393401,0.,-0.704028363936737));
#7493=DIRECTION('',(0.5790297271104,-0.573976611235084,-0.579029727110401));
#7494=DIRECTION('',(-0.666901050004675,0.0828999344458297,0.740520486125495));
#7495=DIRECTION('',(0.743078253372508,0.,0.669204534776075));
#7496=DIRECTION('',(0.598830738619794,0.651044967074107,0.466414190748468));
#7497=DIRECTION('',(-1.31099003650719E-15,0.993792089861447,-0.111253234239812));
#7498=DIRECTION('',(-0.707106781186547,-0.313438940947273,-0.633842275568498));
#7499=DIRECTION('',(0.,0.896388342514394,-0.443269601263494));
#7500=DIRECTION('',(0.,-0.896388342514394,0.443269601263494));
#7501=DIRECTION('',(-0.621712150955067,0.702617076581911,0.346126053700546));
#7502=DIRECTION('',(0.,0.684160632746165,0.729331357203547));
#7503=DIRECTION('',(-1.,0.,0.));
#7504=DIRECTION('',(1.59402660382639E-15,-0.729331357203547,0.684160632746165));
#7505=DIRECTION('',(-0.707106781186548,0.612536394565786,0.353269253307371));
#7506=DIRECTION('',(0.,-0.499598169196701,0.866257276642052));
#7507=DIRECTION('',(0.634258724957076,0.77029190671432,-0.0660775927697332));
#7508=DIRECTION('',(-0.707106781186548,1.70662223769976E-16,-0.707106781186547));
#7509=DIRECTION('',(0.,1.,2.41352831440252E-16));
#7510=DIRECTION('',(-0.598830738619795,-0.531792716166873,0.598830738619796));
#7511=DIRECTION('',(0.,0.111253234239812,0.993792089861447));
#7512=DIRECTION('',(1.,0.,0.));
#7513=DIRECTION('',(-1.94223184833506E-16,-0.993792089861447,0.111253234239812));
#7514=DIRECTION('',(0.707106781186549,-0.156359106008713,-0.689602660934653));
#7515=DIRECTION('',(0.,-0.975245435742363,0.221125168318055));
#7516=DIRECTION('',(-0.700046732598365,-0.0173293518254555,-0.713886731732466));
#7517=DIRECTION('',(0.,0.975245435742363,-0.221125168318055));
#7518=DIRECTION('',(-0.624383471441253,-0.177789431391533,-0.760615670806516));
#7519=DIRECTION('',(-0.772929556648079,0.,0.634491844281552));
#7520=DIRECTION('',(6.63972160640252E-16,0.973752623235079,-0.227608938187415));
#7521=DIRECTION('',(0.621712150955064,0.476390598888827,-0.621712150955064));
#7522=DIRECTION('',(0.602507199542224,-0.546037800995993,-0.582089163602319));
#7523=DIRECTION('',(-0.694815686398948,0.,-0.719187848850326));
#7524=DIRECTION('',(-0.634258724957074,0.115124718260842,-0.76450125510766));
#7525=DIRECTION('',(0.666901050004675,0.0828999344458304,0.740520486125495));
#7526=DIRECTION('',(0.743078253372507,0.,-0.669204534776075));
#7527=DIRECTION('',(-0.598830738619792,0.65104496707411,0.466414190748465));
#7528=DIRECTION('',(-0.548352208278024,0.653431276118454,0.521859581752433));
#7529=DIRECTION('',(-0.766010808898481,-0.642827691260025,0.));
#7530=DIRECTION('',(0.700046732598366,0.700046732598366,-0.140957952442218));
#7531=DIRECTION('',(-1.69319960006394E-15,-0.624049209470674,0.781385042190486));
#7532=DIRECTION('',(-0.707106781186548,0.,-0.707106781186548));
#7533=DIRECTION('',(0.,1.,0.));
#7534=DIRECTION('',(0.,-1.,0.));
#7535=DIRECTION('',(-0.669757362995696,0.320702587183363,0.669757362995696));
#7536=DIRECTION('',(0.,0.227608938187415,0.973752623235079));
#7537=DIRECTION('',(-1.,0.,0.));
#7538=DIRECTION('',(5.83305590375865E-17,-0.973752623235079,0.227608938187415));
#7539=DIRECTION('',(-0.707106781186548,0.313438940947273,0.633842275568498));
#7540=DIRECTION('',(0.,-0.896388342514394,0.443269601263494));
#7541=DIRECTION('',(0.621712150955066,0.702617076581913,0.346126053700545));
#7542=DIRECTION('',(0.707106781186549,0.156359106008713,0.689602660934653));
#7543=DIRECTION('',(0.,0.975245435742363,-0.221125168318055));
#7544=DIRECTION('',(0.700046732598365,-0.0173293518254549,-0.713886731732466));
#7545=DIRECTION('',(0.,-0.781385042190486,-0.624049209470674));
#7546=DIRECTION('',(-1.,0.,0.));
#7547=DIRECTION('',(0.,0.624049209470674,-0.781385042190486));
#7548=DIRECTION('',(0.707106781186548,-0.707106781186548,0.));
#7549=DIRECTION('',(0.,0.,1.));
#7550=DIRECTION('',(-0.636345922762245,-0.636345922762245,-0.436036389728811));
#7551=DIRECTION('',(0.,0.,-1.));
#7552=DIRECTION('',(0.707106781186546,-0.579609879855772,0.405033809914161));
#7553=DIRECTION('',(0.,0.572804307200251,0.819692152977471));
#7554=DIRECTION('',(-0.669757362995698,-0.732694678115347,0.120762508149243));
#7555=DIRECTION('',(0.,-0.572804307200251,-0.819692152977471));
#7556=DIRECTION('',(0.636345922762248,0.271844237334713,-0.72191729250086));
#7557=DIRECTION('',(-0.554023096424777,0.384754185828101,-0.738256476514536));
#7558=DIRECTION('',(-0.799827972052208,0.,0.600229302119492));
#7559=DIRECTION('',(7.24408811557268E-17,-0.886793185359543,-0.462166470440982));
#7560=DIRECTION('',(0.624383471441253,-0.177789431391534,-0.760615670806516));
#7561=DIRECTION('',(-0.772929556648079,0.,-0.634491844281552));
#7562=DIRECTION('',(-0.621712150955063,0.476390598888828,-0.621712150955064));
#7563=DIRECTION('',(0.548352208278024,0.653431276118453,0.521859581752433));
#7564=DIRECTION('',(-0.766010808898481,0.642827691260026,0.));
#7565=DIRECTION('',(-0.700046732598366,0.700046732598367,-0.140957952442217));
#7566=DIRECTION('',(-0.5990346347252,0.763776565239482,-0.240422263508659));
#7567=DIRECTION('',(-0.786856323229739,-0.617136230174,0.));
#7568=DIRECTION('',(0.,0.300256429591882,0.953858520163622));
#7569=DIRECTION('',(0.,0.462166470440982,-0.886793185359543));
#7570=DIRECTION('',(1.,0.,0.));
#7571=DIRECTION('',(7.24408811557268E-17,0.886793185359543,0.462166470440982));
#7572=DIRECTION('',(-0.707106781186548,0.,0.707106781186547));
#7573=DIRECTION('',(0.,-1.,0.));
#7574=DIRECTION('',(0.669757362995695,0.320702587183365,0.669757362995696));
#7575=DIRECTION('',(0.707106781186548,0.707106781186547,0.));
#7576=DIRECTION('',(0.,0.,-1.));
#7577=DIRECTION('',(0.636345922762244,-0.636345922762245,-0.436036389728811));
#7578=DIRECTION('',(0.,-0.953858520163622,0.300256429591882));
#7579=DIRECTION('',(-1.,0.,0.));
#7580=DIRECTION('',(1.85782655459284E-17,-0.300256429591882,-0.953858520163622));
#7581=DIRECTION('',(0.554023096424777,0.384754185828101,-0.738256476514536));
#7582=DIRECTION('',(-0.799827972052209,0.,-0.600229302119492));
#7583=DIRECTION('',(0.669757362995697,-0.732694678115348,0.120762508149241));
#7584=DIRECTION('',(0.5990346347252,0.763776565239481,-0.240422263508659));
#7585=DIRECTION('',(-0.786856323229739,0.617136230174001,0.));
#7586=DIRECTION('',(-0.636345922762247,0.271844237334713,-0.72191729250086));
#7587=DIRECTION('',(0.707106781186547,0.579609879855771,-0.40503380991416));
#7588=DIRECTION('',(0.,-0.572804307200251,-0.819692152977471));
#7589=DIRECTION('',(-0.898794046299167,-0.438371146789079,0.));
#7590=DIRECTION('',(-0.438371146789079,0.898794046299167,0.));
#7591=DIRECTION('',(0.898794046299167,0.438371146789079,0.));
#7592=DIRECTION('',(-0.438371146789079,0.898794046299167,0.));
#7593=DIRECTION('',(0.898794046299167,0.438371146789079,0.));
#7594=DIRECTION('',(-0.438371146789079,0.898794046299167,0.));
#7595=DIRECTION('',(0.438371146789074,-0.898794046299169,0.));
#7596=DIRECTION('',(0.898794046299169,0.438371146789074,0.));
#7597=DIRECTION('',(0.438371146789079,-0.898794046299167,0.));
#7598=DIRECTION('',(-0.898794046299167,-0.438371146789079,0.));
#7599=DIRECTION('',(-0.438371146789074,0.898794046299169,0.));
#7600=DIRECTION('',(-0.898794046299169,-0.438371146789074,0.));
#7601=DIRECTION('',(-0.438371146789079,0.898794046299167,0.));
#7602=DIRECTION('',(0.438371146789079,-0.898794046299167,0.));
#7603=DIRECTION('',(0.898794046299167,0.438371146789079,0.));
#7604=DIRECTION('',(-0.438371146789079,0.898794046299167,0.));
#7605=DIRECTION('',(-0.898794046299167,-0.438371146789079,0.));
#7606=DIRECTION('',(-0.438371146789079,0.898794046299167,0.));
#7607=DIRECTION('',(0.898794046299167,0.438371146789079,0.));
#7608=DIRECTION('',(-0.438371146789079,0.898794046299167,0.));
#7609=DIRECTION('',(0.898794046299167,0.438371146789079,0.));
#7610=DIRECTION('',(-0.438371146789079,0.898794046299167,0.));
#7611=DIRECTION('',(0.438371146789079,-0.898794046299167,0.));
#7612=DIRECTION('',(-0.898794046299167,-0.438371146789079,0.));
#7613=DIRECTION('',(-0.43837114678908,0.898794046299166,6.23663652873339E-15));
#7614=DIRECTION('',(-0.898794046299166,-0.43837114678908,0.));
#7615=DIRECTION('',(-0.438371146789079,0.898794046299167,0.));
#7616=DIRECTION('',(-0.309975210571081,0.635543365028236,-0.707106781186548));
#7617=DIRECTION('',(-0.309975210571081,0.635543365028236,0.707106781186548));
#7618=DIRECTION('',(-0.438371146789079,0.898794046299167,0.));
#7619=DIRECTION('',(0.,0.,1.));
#7620=DIRECTION('',(-1.,0.,0.));
#7621=DIRECTION('',(7.79579566091668E-16,3.80226359762943E-16,1.));
#7622=DIRECTION('',(1.,0.,-7.79579566091668E-16));
#7623=DIRECTION('',(0.,0.,1.));
#7624=DIRECTION('',(0.,0.,1.));
#7625=DIRECTION('',(-0.89879404629917,-0.438371146789072,0.));
#7626=DIRECTION('',(-0.438371146789072,0.89879404629917,0.));
#7627=DIRECTION('',(0.898794046299163,0.438371146789086,0.));
#7628=DIRECTION('',(-0.438371146789087,0.898794046299163,0.));
#7629=DIRECTION('',(0.0722192993062732,-0.148071506803817,-0.986336251833298));
#7630=DIRECTION('',(0.,-0.988918538506462,0.148459166770673));
#7631=DIRECTION('',(0.,6.93889390390723E-15,-1.));
#7632=DIRECTION('',(0.,1.,6.93889390390723E-15));
#7633=DIRECTION('',(0.43837114678908,-0.898794046299166,0.));
#7634=DIRECTION('',(0.898794046299166,0.43837114678908,0.));
#7635=DIRECTION('',(0.898794046299168,0.438371146789074,0.));
#7636=DIRECTION('',(-0.438371146789074,0.898794046299169,0.));
#7637=DIRECTION('',(-0.898794046299167,-0.438371146789079,0.));
#7638=DIRECTION('',(-0.438371146789079,0.898794046299167,0.));
#7639=DIRECTION('',(-0.898794046299167,-0.438371146789079,0.));
#7640=DIRECTION('',(-0.898794046299167,-0.438371146789079,0.));
#7641=DIRECTION('',(-0.898794046299167,-0.438371146789079,0.));
#7642=DIRECTION('',(-0.438371146789079,0.898794046299167,0.));
#7643=DIRECTION('',(0.898794046299167,0.438371146789079,0.));
#7644=DIRECTION('',(-0.438371146789079,0.898794046299167,0.));
#7645=DIRECTION('',(0.898794046299167,0.438371146789079,0.));
#7646=DIRECTION('',(-0.438371146789079,0.898794046299167,0.));
#7647=DIRECTION('',(0.0722192993062731,-0.148071506803816,0.986336251833298));
#7648=DIRECTION('',(0.,0.988918538506463,0.148459166770672));
#7649=DIRECTION('',(0.898794046299167,0.438371146789079,0.));
#7650=DIRECTION('',(-0.438371146789079,0.898794046299167,0.));
#7651=DIRECTION('',(0.898794046299167,0.438371146789079,0.));
#7652=DIRECTION('',(-0.438371146789079,0.898794046299167,0.));
#7653=DIRECTION('',(-0.438371146789079,0.898794046299167,0.));
#7654=DIRECTION('',(0.898794046299167,0.438371146789079,0.));
#7655=DIRECTION('',(-0.43837114678908,0.898794046299166,0.));
#7656=DIRECTION('',(-0.898794046299166,-0.43837114678908,0.));
#7657=DIRECTION('',(-0.438371146789079,0.898794046299167,0.));
#7658=DIRECTION('',(-0.438371146789079,0.898794046299167,0.));
#7659=DIRECTION('',(-0.898794046299167,-0.438371146789079,0.));
#7660=DIRECTION('',(-0.438371146789079,0.898794046299167,0.));
#7661=DIRECTION('',(-0.898794046299167,-0.438371146789079,0.));
#7662=DIRECTION('',(-0.94948883032496,0.313800830285929,0.));
#7663=DIRECTION('',(-0.313800830285929,-0.94948883032496,0.));
#7664=DIRECTION('',(-0.898794046299167,-0.438371146789079,0.));
#7665=DIRECTION('',(-0.898794046299166,-0.43837114678908,0.));
#7666=DIRECTION('',(-0.43837114678908,0.898794046299166,0.));
#7667=DIRECTION('',(0.898794046299167,0.438371146789078,0.));
#7668=DIRECTION('',(-0.438371146789078,0.898794046299167,0.));
#7669=DIRECTION('',(-0.438371146789078,0.898794046299167,0.));
#7670=DIRECTION('',(-0.898794046299167,-0.438371146789078,0.));
#7671=DIRECTION('',(-0.898794046299167,-0.438371146789079,0.));
#7672=DIRECTION('',(-0.438371146789079,0.898794046299167,0.));
#7673=DIRECTION('',(0.898794046299167,0.438371146789079,0.));
#7674=DIRECTION('',(-0.438371146789079,0.898794046299167,0.));
#7675=DIRECTION('',(-0.43837114678908,0.898794046299166,3.04181087810357E-15));
#7676=DIRECTION('',(-0.898794046299166,-0.43837114678908,0.));
#7677=DIRECTION('',(0.898794046299167,0.438371146789079,0.));
#7678=DIRECTION('',(-0.438371146789079,0.898794046299167,0.));
#7679=DIRECTION('',(0.168836205090704,-0.346165519895139,0.922856309880524));
#7680=DIRECTION('',(0.,0.936297684923717,0.351207410523308));
#7681=DIRECTION('',(-0.898794046299167,-0.438371146789079,0.));
#7682=DIRECTION('',(-0.438371146789079,0.898794046299167,0.));
#7683=DIRECTION('',(0.168836205090705,-0.346165519895139,-0.922856309880524));
#7684=DIRECTION('',(0.,-0.936297684923717,0.351207410523308));
#7685=DIRECTION('',(0.898794046299167,0.438371146789079,0.));
#7686=DIRECTION('',(-0.438371146789079,0.898794046299167,0.));
#7687=DIRECTION('',(-0.898794046299167,-0.438371146789079,0.));
#7688=DIRECTION('',(-0.438371146789079,0.898794046299167,0.));
#7689=DIRECTION('',(0.898794046299167,0.438371146789079,0.));
#7690=DIRECTION('',(-0.438371146789079,0.898794046299167,0.));
#7691=DIRECTION('',(0.898794046299167,0.438371146789079,0.));
#7692=DIRECTION('',(-0.438371146789079,0.898794046299167,0.));
#7693=DIRECTION('',(-0.898794046299167,-0.438371146789079,0.));
#7694=DIRECTION('',(-0.438371146789079,0.898794046299167,0.));
#7695=DIRECTION('',(-0.898794046299167,-0.438371146789079,0.));
#7696=DIRECTION('',(0.898794046299167,0.438371146789079,0.));
#7697=DIRECTION('',(-0.438371146789079,0.898794046299167,0.));
#7698=DIRECTION('',(0.898794046299167,0.438371146789079,0.));
#7699=DIRECTION('',(0.309975210571081,-0.635543365028236,-0.707106781186548));
#7700=DIRECTION('',(0.309975210571081,-0.635543365028236,0.707106781186548));
#7701=DIRECTION('',(-0.438371146789079,0.898794046299167,0.));
#7702=DIRECTION('',(-0.438371146789079,0.898794046299167,0.));
#7703=DIRECTION('',(0.438371146789079,-0.898794046299167,0.));
#7704=DIRECTION('',(-0.898794046299167,-0.438371146789079,0.));
#7705=DIRECTION('',(0.438371146789072,-0.89879404629917,0.));
#7706=DIRECTION('',(0.89879404629917,0.438371146789072,0.));
#7707=DIRECTION('',(-0.438371146789079,0.898794046299167,0.));
#7708=DIRECTION('',(-0.438371146789079,0.898794046299167,0.));
#7709=DIRECTION('',(-0.898794046299167,-0.438371146789079,0.));
#7710=DIRECTION('',(-0.438371146789079,0.898794046299167,0.));
#7711=DIRECTION('',(-0.898794046299167,-0.438371146789079,0.));
#7712=DIRECTION('',(-0.898794046299167,-0.438371146789079,0.));
#7713=DIRECTION('',(0.438371146789079,-0.898794046299167,0.));
#7714=DIRECTION('',(-0.898794046299167,-0.438371146789079,0.));
#7715=DIRECTION('',(-0.898794046299167,-0.438371146789079,0.));
#7716=DIRECTION('',(-0.438371146789079,0.898794046299167,0.));
#7717=DIRECTION('',(0.898794046299167,0.438371146789079,0.));
#7718=DIRECTION('',(-0.898794046299167,-0.438371146789079,0.));
#7719=DIRECTION('',(0.438371146789079,-0.898794046299167,0.));
#7720=DIRECTION('',(-0.898794046299167,-0.438371146789079,0.));
#7721=DIRECTION('',(0.,0.,1.));
#7722=DIRECTION('',(-1.,0.,0.));
#7723=DIRECTION('',(0.,0.,-1.));
#7724=DIRECTION('',(-1.,0.,0.));
#7725=DIRECTION('',(0.,0.,1.));
#7726=DIRECTION('',(0.,0.,1.));
#7727=DIRECTION('',(-0.438371146789072,0.89879404629917,0.));
#7728=DIRECTION('',(0.89879404629917,0.438371146789072,0.));
#7729=DIRECTION('',(0.898794046299166,0.43837114678908,3.04181087810357E-15));
#7730=DIRECTION('',(-0.43837114678908,0.898794046299166,0.));
#7731=DIRECTION('',(0.898794046299167,0.438371146789079,0.));
#7732=DIRECTION('',(0.438371146789079,-0.898794046299167,0.));
#7733=DIRECTION('',(-0.898794046299167,-0.438371146789079,0.));
#7734=DIRECTION('',(-0.94948883032496,0.31380083028593,0.));
#7735=DIRECTION('',(0.31380083028593,0.94948883032496,0.));
#7736=DIRECTION('',(-0.898794046299167,-0.438371146789079,0.));
#7737=DIRECTION('',(-0.898794046299167,-0.438371146789079,0.));
#7738=DIRECTION('',(-0.438371146789079,0.898794046299167,0.));
#7739=DIRECTION('',(-0.898794046299167,-0.438371146789079,0.));
#7740=DIRECTION('',(0.438371146789079,-0.898794046299167,0.));
#7741=DIRECTION('',(0.,0.,1.));
#7742=DIRECTION('',(-1.,0.,0.));
#7743=DIRECTION('',(0.,0.,1.));
#7744=DIRECTION('',(1.,0.,0.));
#7745=DIRECTION('',(0.,0.,-1.));
#7746=DIRECTION('',(-1.,0.,0.));
#7747=DIRECTION('',(0.,0.,1.));
#7748=DIRECTION('',(-1.,0.,0.));
#7749=DIRECTION('',(0.,0.,1.));
#7750=DIRECTION('',(1.,0.,0.));
#7751=DIRECTION('',(0.,0.,-1.));
#7752=DIRECTION('',(-1.,0.,0.));
#7753=DIRECTION('',(0.,0.,1.));
#7754=DIRECTION('',(-1.,0.,0.));
#7755=DIRECTION('',(0.,0.,1.));
#7756=DIRECTION('',(1.,0.,0.));
#7757=DIRECTION('',(0.,0.,-1.));
#7758=DIRECTION('',(-1.,0.,0.));
#7759=DIRECTION('',(0.,0.,1.));
#7760=DIRECTION('',(-1.,0.,0.));
#7761=DIRECTION('',(0.,0.,1.));
#7762=DIRECTION('',(1.,0.,0.));
#7763=DIRECTION('',(0.,0.,-1.));
#7764=DIRECTION('',(-1.,0.,0.));
#7765=DIRECTION('',(0.,0.,1.));
#7766=DIRECTION('',(-1.,0.,0.));
#7767=DIRECTION('',(0.,0.,-1.));
#7768=DIRECTION('',(-1.,0.,0.));
#7769=DIRECTION('',(0.,0.,1.));
#7770=DIRECTION('',(1.,0.,0.));
#7771=DIRECTION('',(0.,0.,1.));
#7772=DIRECTION('',(-1.,0.,0.));
#7773=DIRECTION('',(0.,0.,-1.));
#7774=DIRECTION('',(-1.,0.,0.));
#7775=DIRECTION('',(0.,0.,1.));
#7776=DIRECTION('',(1.,0.,0.));
#7777=DIRECTION('',(0.,0.,1.));
#7778=DIRECTION('',(-1.,0.,0.));
#7779=DIRECTION('',(0.,0.,-1.));
#7780=DIRECTION('',(-1.,0.,0.));
#7781=DIRECTION('',(0.,0.,1.));
#7782=DIRECTION('',(1.,0.,0.));
#7783=DIRECTION('',(0.,0.,1.));
#7784=DIRECTION('',(-1.,0.,0.));
#7785=DIRECTION('',(0.,0.,-1.));
#7786=DIRECTION('',(-1.,0.,0.));
#7787=DIRECTION('',(0.,0.,1.));
#7788=DIRECTION('',(1.,0.,0.));
#7789=DIRECTION('',(0.,0.,1.));
#7790=DIRECTION('',(-1.,0.,0.));
#7791=DIRECTION('',(0.,0.,-1.));
#7792=DIRECTION('',(-1.,0.,0.));
#7793=DIRECTION('',(0.,0.,-1.));
#7794=DIRECTION('',(1.,0.,0.));
#7795=DIRECTION('',(0.,0.,-1.));
#7796=DIRECTION('',(-1.,0.,0.));
#7797=DIRECTION('',(0.,0.,1.));
#7798=DIRECTION('',(-1.,0.,0.));
#7799=DIRECTION('',(0.,0.,-1.));
#7800=DIRECTION('',(-1.,0.,0.));
#7801=DIRECTION('',(0.,0.,-1.));
#7802=DIRECTION('',(1.,0.,0.));
#7803=DIRECTION('',(0.,0.,-1.));
#7804=DIRECTION('',(-1.,0.,0.));
#7805=DIRECTION('',(0.,0.,1.));
#7806=DIRECTION('',(-1.,0.,0.));
#7807=DIRECTION('',(0.,0.,-1.));
#7808=DIRECTION('',(-1.,0.,0.));
#7809=DIRECTION('',(0.,0.,-1.));
#7810=DIRECTION('',(1.,0.,0.));
#7811=DIRECTION('',(0.,0.,-1.));
#7812=DIRECTION('',(-1.,0.,0.));
#7813=DIRECTION('',(0.,0.,1.));
#7814=DIRECTION('',(-1.,0.,0.));
#7815=DIRECTION('',(0.,0.,-1.));
#7816=DIRECTION('',(-1.,0.,0.));
#7817=DIRECTION('',(0.,0.,-1.));
#7818=DIRECTION('',(1.,0.,0.));
#7819=DIRECTION('',(0.,0.,-1.));
#7820=DIRECTION('',(-1.,0.,0.));
#7821=DIRECTION('',(0.,0.,1.));
#7822=DIRECTION('',(-1.,0.,0.));
#7823=DIRECTION('',(0.,0.,-1.));
#7824=DIRECTION('',(-1.,0.,0.));
#7825=DIRECTION('',(0.,0.,1.));
#7826=DIRECTION('',(-1.,0.,0.));
#7827=DIRECTION('',(0.,0.,-1.));
#7828=DIRECTION('',(-1.,0.,0.));
#7829=DIRECTION('',(0.,0.,1.));
#7830=DIRECTION('',(-1.,0.,0.));
#7831=DIRECTION('',(0.,0.,-1.));
#7832=DIRECTION('',(-1.,0.,0.));
#7833=DIRECTION('',(0.,0.,1.));
#7834=DIRECTION('',(-1.,0.,0.));
#7835=DIRECTION('',(0.,0.,-1.));
#7836=DIRECTION('',(-1.,0.,0.));
#7837=DIRECTION('',(0.,0.,1.));
#7838=DIRECTION('',(-1.,0.,0.));
#7839=DIRECTION('',(0.,0.,-1.));
#7840=DIRECTION('',(-1.,0.,0.));
#7841=DIRECTION('',(0.,0.,1.));
#7842=DIRECTION('',(-1.,0.,0.));
#7843=DIRECTION('',(0.,0.,-1.));
#7844=DIRECTION('',(-1.,0.,0.));
#7845=DIRECTION('',(0.,0.,1.));
#7846=DIRECTION('',(-1.,0.,0.));
#7847=DIRECTION('',(0.,0.,-1.));
#7848=DIRECTION('',(-1.,0.,0.));
#7849=DIRECTION('',(0.,0.,1.));
#7850=DIRECTION('',(-1.,0.,0.));
#7851=DIRECTION('',(0.,0.,-1.));
#7852=DIRECTION('',(-1.,0.,0.));
#7853=DIRECTION('',(-0.438371146789079,0.898794046299167,0.));
#7854=DIRECTION('',(0.898794046299167,0.438371146789079,0.));
#7855=DIRECTION('',(0.,0.,-1.));
#7856=DIRECTION('',(-0.898794046299167,-0.438371146789079,0.));
#7857=DIRECTION('',(-0.898794046299167,-0.438371146789079,0.));
#7858=DIRECTION('',(0.,0.,-1.));
#7859=DIRECTION('',(1.,0.,0.));
#7860=DIRECTION('',(0.,-1.,0.));
#7861=DIRECTION('',(0.,0.,-1.));
#7862=DIRECTION('',(1.,0.,0.));
#7863=DIRECTION('',(0.,-1.,0.));
#7864=DIRECTION('',(-0.898794046299167,-0.438371146789079,0.));
#7865=DIRECTION('',(-0.438371146789079,0.898794046299167,0.));
#7866=DIRECTION('',(-0.998107594818162,-0.0614916999789668,0.));
#7867=DIRECTION('',(0.0614916999789668,-0.998107594818162,0.));
#7868=DIRECTION('',(-0.898794046299167,-0.438371146789079,0.));
#7869=DIRECTION('',(0.438371146789079,-0.898794046299167,0.));
#7870=DIRECTION('',(-0.898794046299167,-0.438371146789079,0.));
#7871=DIRECTION('',(-0.438371146789079,0.898794046299167,0.));
#7872=DIRECTION('',(-0.898794046299167,-0.438371146789079,0.));
#7873=DIRECTION('',(-0.438371146789079,0.898794046299167,0.));
#7874=DIRECTION('',(-0.998869653788996,0.047533301373379,0.));
#7875=DIRECTION('',(-0.047533301373379,-0.998869653788996,0.));
#7876=DIRECTION('',(0.,0.,-1.));
#7877=DIRECTION('',(1.,0.,0.));
#7878=DIRECTION('',(0.,0.,-1.));
#7879=DIRECTION('',(1.,0.,0.));
#7880=DIRECTION('',(-0.898794046299167,-0.438371146789079,0.));
#7881=DIRECTION('',(-0.438371146789079,0.898794046299167,0.));
#7882=DIRECTION('',(1.,0.,0.));
#7883=DIRECTION('',(0.,1.,0.));
#7884=DIRECTION('',(1.,0.,0.));
#7885=DIRECTION('',(0.,-1.,0.));
#7886=DIRECTION('',(0.,-1.,0.));
#7887=DIRECTION('',(1.,0.,0.));
#7888=DIRECTION('',(0.,-1.,0.));
#7889=DIRECTION('',(0.,0.,-1.));
#7890=DIRECTION('',(1.,0.,0.));
#7891=DIRECTION('',(0.,1.,0.));
#7892=DIRECTION('',(0.,-1.,0.));
#7893=DIRECTION('',(1.,0.,0.));
#7894=DIRECTION('',(0.,1.,4.85764077434922E-16));
#7895=DIRECTION('',(0.,1.,4.85764077434922E-16));
#7896=DIRECTION('',(1.,0.,0.));
#7897=DIRECTION('',(0.,1.,4.85764077434922E-16));
#7898=DIRECTION('',(0.,1.,4.85764077434922E-16));
#7899=DIRECTION('',(1.,0.,0.));
#7900=DIRECTION('',(0.,-1.,-4.85764077434922E-16));
#7901=DIRECTION('',(0.,4.85764077434922E-16,-1.));
#7902=DIRECTION('',(1.,0.,0.));
#7903=DIRECTION('',(0.,1.,0.));
#7904=DIRECTION('',(1.,0.,0.));
#7905=DIRECTION('',(0.,1.,4.85764077434922E-16));
#7906=DIRECTION('',(0.898794046299167,0.438371146789079,2.12944955694085E-16));
#7907=DIRECTION('',(0.438371146789079,-0.898794046299167,-4.36601860704515E-16));
#7908=DIRECTION('',(-0.898794046299167,-0.438371146789079,-2.12944955694085E-16));
#7909=DIRECTION('',(0.438371146789079,-0.898794046299167,-4.36601860704515E-16));
#7910=DIRECTION('',(-0.898794046299167,-0.438371146789079,-2.12944955694085E-16));
#7911=DIRECTION('',(0.438371146789079,-0.898794046299167,-4.36601860704515E-16));
#7912=DIRECTION('',(-0.438371146789074,0.898794046299169,4.36601860704516E-16));
#7913=DIRECTION('',(-0.898794046299169,-0.438371146789074,-2.12944955694083E-16));
#7914=DIRECTION('',(-0.438371146789079,0.898794046299167,4.36601860704515E-16));
#7915=DIRECTION('',(0.898794046299167,0.438371146789079,2.12944955694085E-16));
#7916=DIRECTION('',(0.438371146789074,-0.898794046299169,-4.36601860704516E-16));
#7917=DIRECTION('',(0.898794046299169,0.438371146789074,2.12944955694083E-16));
#7918=DIRECTION('',(0.438371146789079,-0.898794046299167,-4.36601860704515E-16));
#7919=DIRECTION('',(-0.438371146789079,0.898794046299167,4.36601860704515E-16));
#7920=DIRECTION('',(-0.898794046299167,-0.438371146789079,-2.12944955694085E-16));
#7921=DIRECTION('',(0.438371146789079,-0.898794046299167,-4.36601860704515E-16));
#7922=DIRECTION('',(0.898794046299167,0.438371146789079,2.12944955694085E-16));
#7923=DIRECTION('',(0.438371146789079,-0.898794046299167,-4.36601860704515E-16));
#7924=DIRECTION('',(-0.898794046299167,-0.438371146789079,-2.12944955694085E-16));
#7925=DIRECTION('',(0.438371146789079,-0.898794046299167,-4.36601860704515E-16));
#7926=DIRECTION('',(-0.898794046299167,-0.438371146789079,-2.12944955694085E-16));
#7927=DIRECTION('',(0.438371146789079,-0.898794046299167,-4.36601860704515E-16));
#7928=DIRECTION('',(-0.438371146789079,0.898794046299167,4.36601860704515E-16));
#7929=DIRECTION('',(0.898794046299167,0.438371146789079,2.12944955694085E-16));
#7930=DIRECTION('',(0.43837114678908,-0.898794046299166,5.80003466802888E-15));
#7931=DIRECTION('',(0.898794046299166,0.43837114678908,2.12944955694086E-16));
#7932=DIRECTION('',(0.438371146789079,-0.898794046299167,-4.36601860704515E-16));
#7933=DIRECTION('',(0.309975210571081,-0.635543365028236,-0.707106781186548));
#7934=DIRECTION('',(0.309975210571081,-0.635543365028237,0.707106781186547));
#7935=DIRECTION('',(0.438371146789079,-0.898794046299167,-4.36601860704515E-16));
#7936=DIRECTION('',(0.,-4.85764077434922E-16,1.));
#7937=DIRECTION('',(1.,0.,0.));
#7938=DIRECTION('',(-7.79579566091668E-16,-8.65990437197865E-16,1.));
#7939=DIRECTION('',(-1.,3.78691748709636E-31,-7.79579566091668E-16));
#7940=DIRECTION('',(0.,-4.85764077434922E-16,1.));
#7941=DIRECTION('',(0.,-4.85764077434922E-16,1.));
#7942=DIRECTION('',(0.89879404629917,0.438371146789072,2.12944955694082E-16));
#7943=DIRECTION('',(0.438371146789072,-0.89879404629917,-4.36601860704517E-16));
#7944=DIRECTION('',(-0.898794046299163,-0.438371146789086,-2.12944955694089E-16));
#7945=DIRECTION('',(0.438371146789087,-0.898794046299163,-4.36601860704513E-16));
#7946=DIRECTION('',(-0.0722192993062732,0.148071506803817,-0.986336251833297));
#7947=DIRECTION('',(0.,0.988918538506462,0.148459166770674));
#7948=DIRECTION('',(0.,-6.45312982647231E-15,-1.));
#7949=DIRECTION('',(0.,-1.,6.45312982647231E-15));
#7950=DIRECTION('',(-0.43837114678908,0.898794046299166,4.36601860704515E-16));
#7951=DIRECTION('',(-0.898794046299166,-0.43837114678908,-2.12944955694086E-16));
#7952=DIRECTION('',(-0.898794046299168,-0.438371146789074,-2.12944955694083E-16));
#7953=DIRECTION('',(0.438371146789074,-0.898794046299169,-4.36601860704516E-16));
#7954=DIRECTION('',(0.898794046299167,0.438371146789079,2.12944955694085E-16));
#7955=DIRECTION('',(0.438371146789079,-0.898794046299167,-4.36601860704515E-16));
#7956=DIRECTION('',(0.898794046299167,0.438371146789079,2.12944955694085E-16));
#7957=DIRECTION('',(0.898794046299167,0.438371146789079,2.12944955694085E-16));
#7958=DIRECTION('',(0.898794046299167,0.438371146789079,2.12944955694085E-16));
#7959=DIRECTION('',(0.438371146789079,-0.898794046299167,-4.36601860704515E-16));
#7960=DIRECTION('',(-0.898794046299167,-0.438371146789079,-2.12944955694085E-16));
#7961=DIRECTION('',(0.438371146789079,-0.898794046299167,-4.36601860704515E-16));
#7962=DIRECTION('',(-0.898794046299167,-0.438371146789079,-2.12944955694085E-16));
#7963=DIRECTION('',(0.438371146789079,-0.898794046299167,-4.36601860704515E-16));
#7964=DIRECTION('',(-0.0722192993062731,0.148071506803815,0.986336251833298));
#7965=DIRECTION('',(0.,-0.988918538506463,0.148459166770671));
#7966=DIRECTION('',(-0.898794046299167,-0.438371146789079,-2.12944955694085E-16));
#7967=DIRECTION('',(0.438371146789079,-0.898794046299167,-4.36601860704515E-16));
#7968=DIRECTION('',(-0.898794046299167,-0.438371146789079,-2.12944955694085E-16));
#7969=DIRECTION('',(0.438371146789079,-0.898794046299167,-4.36601860704515E-16));
#7970=DIRECTION('',(0.438371146789079,-0.898794046299167,-4.36601860704515E-16));
#7971=DIRECTION('',(-0.898794046299167,-0.438371146789079,-2.12944955694085E-16));
#7972=DIRECTION('',(0.43837114678908,-0.898794046299166,-4.36601860704515E-16));
#7973=DIRECTION('',(0.898794046299166,0.43837114678908,2.12944955694086E-16));
#7974=DIRECTION('',(0.438371146789079,-0.898794046299167,-4.36601860704515E-16));
#7975=DIRECTION('',(0.438371146789079,-0.898794046299167,-4.36601860704515E-16));
#7976=DIRECTION('',(0.898794046299167,0.438371146789079,2.12944955694085E-16));
#7977=DIRECTION('',(0.438371146789079,-0.898794046299167,-4.36601860704515E-16));
#7978=DIRECTION('',(0.898794046299167,0.438371146789079,2.12944955694085E-16));
#7979=DIRECTION('',(-0.94948883032496,0.313800830285929,1.52433170822157E-16));
#7980=DIRECTION('',(0.313800830285929,0.94948883032496,3.10443371481708E-16));
#7981=DIRECTION('',(0.898794046299167,0.438371146789079,2.12944955694085E-16));
#7982=DIRECTION('',(0.898794046299166,0.43837114678908,2.12944955694086E-16));
#7983=DIRECTION('',(0.43837114678908,-0.898794046299166,-4.36601860704515E-16));
#7984=DIRECTION('',(-0.898794046299167,-0.438371146789078,-2.12944955694085E-16));
#7985=DIRECTION('',(0.438371146789078,-0.898794046299167,-4.36601860704515E-16));
#7986=DIRECTION('',(0.438371146789078,-0.898794046299167,-4.36601860704515E-16));
#7987=DIRECTION('',(0.898794046299167,0.438371146789078,2.12944955694085E-16));
#7988=DIRECTION('',(0.898794046299167,0.438371146789079,2.12944955694085E-16));
#7989=DIRECTION('',(0.438371146789079,-0.898794046299167,-4.36601860704515E-16));
#7990=DIRECTION('',(-0.898794046299167,-0.438371146789079,-2.12944955694085E-16));
#7991=DIRECTION('',(0.438371146789079,-0.898794046299167,-4.36601860704515E-16));
#7992=DIRECTION('',(0.43837114678908,-0.898794046299166,2.60520901739906E-15));
#7993=DIRECTION('',(0.898794046299166,0.43837114678908,2.12944955694086E-16));
#7994=DIRECTION('',(-0.898794046299167,-0.438371146789079,-2.12944955694085E-16));
#7995=DIRECTION('',(0.438371146789079,-0.898794046299167,-4.36601860704515E-16));
#7996=DIRECTION('',(-0.168836205090704,0.346165519895138,0.922856309880524));
#7997=DIRECTION('',(0.,-0.936297684923718,0.351207410523307));
#7998=DIRECTION('',(0.898794046299167,0.438371146789079,2.12944955694085E-16));
#7999=DIRECTION('',(0.438371146789079,-0.898794046299167,-4.36601860704515E-16));
#8000=DIRECTION('',(-0.168836205090705,0.34616551989514,-0.922856309880524));
#8001=DIRECTION('',(0.,0.936297684923717,0.351207410523308));
#8002=DIRECTION('',(-0.898794046299167,-0.438371146789079,-2.12944955694085E-16));
#8003=DIRECTION('',(0.438371146789079,-0.898794046299167,-4.36601860704515E-16));
#8004=DIRECTION('',(0.898794046299167,0.438371146789079,2.12944955694085E-16));
#8005=DIRECTION('',(0.438371146789079,-0.898794046299167,-4.36601860704515E-16));
#8006=DIRECTION('',(-0.898794046299167,-0.438371146789079,-2.12944955694085E-16));
#8007=DIRECTION('',(0.438371146789079,-0.898794046299167,-4.36601860704515E-16));
#8008=DIRECTION('',(-0.898794046299167,-0.438371146789079,-2.12944955694085E-16));
#8009=DIRECTION('',(0.438371146789079,-0.898794046299167,-4.36601860704515E-16));
#8010=DIRECTION('',(0.898794046299167,0.438371146789079,2.12944955694085E-16));
#8011=DIRECTION('',(0.438371146789079,-0.898794046299167,-4.36601860704515E-16));
#8012=DIRECTION('',(0.898794046299167,0.438371146789079,2.12944955694085E-16));
#8013=DIRECTION('',(-0.898794046299167,-0.438371146789079,-2.12944955694085E-16));
#8014=DIRECTION('',(0.438371146789079,-0.898794046299167,-4.36601860704515E-16));
#8015=DIRECTION('',(-0.898794046299167,-0.438371146789079,-2.12944955694085E-16));
#8016=DIRECTION('',(-0.309975210571081,0.635543365028237,-0.707106781186547));
#8017=DIRECTION('',(-0.309975210571081,0.635543365028236,0.707106781186548));
#8018=DIRECTION('',(0.438371146789079,-0.898794046299167,-4.36601860704515E-16));
#8019=DIRECTION('',(0.438371146789079,-0.898794046299167,-4.36601860704515E-16));
#8020=DIRECTION('',(-0.438371146789079,0.898794046299167,4.36601860704515E-16));
#8021=DIRECTION('',(0.898794046299167,0.438371146789079,2.12944955694085E-16));
#8022=DIRECTION('',(-0.438371146789072,0.89879404629917,4.36601860704517E-16));
#8023=DIRECTION('',(-0.89879404629917,-0.438371146789072,-2.12944955694082E-16));
#8024=DIRECTION('',(0.438371146789079,-0.898794046299167,-4.36601860704515E-16));
#8025=DIRECTION('',(0.438371146789079,-0.898794046299167,-4.36601860704515E-16));
#8026=DIRECTION('',(0.898794046299167,0.438371146789079,2.12944955694085E-16));
#8027=DIRECTION('',(0.438371146789079,-0.898794046299167,-4.36601860704515E-16));
#8028=DIRECTION('',(0.898794046299167,0.438371146789079,2.12944955694085E-16));
#8029=DIRECTION('',(0.898794046299167,0.438371146789079,2.12944955694085E-16));
#8030=DIRECTION('',(-0.438371146789079,0.898794046299167,0.));
#8031=DIRECTION('',(0.898794046299167,0.438371146789079,2.12944955694085E-16));
#8032=DIRECTION('',(0.898794046299167,0.438371146789079,2.12944955694085E-16));
#8033=DIRECTION('',(0.438371146789079,-0.898794046299167,-4.36601860704515E-16));
#8034=DIRECTION('',(-0.898794046299167,-0.438371146789079,-2.12944955694085E-16));
#8035=DIRECTION('',(0.898794046299167,0.438371146789079,2.12944955694085E-16));
#8036=DIRECTION('',(-0.438371146789079,0.898794046299167,0.));
#8037=DIRECTION('',(0.898794046299167,0.438371146789079,2.12944955694085E-16));
#8038=DIRECTION('',(0.,-4.85764077434922E-16,1.));
#8039=DIRECTION('',(1.,0.,0.));
#8040=DIRECTION('',(0.,4.85764077434922E-16,-1.));
#8041=DIRECTION('',(1.,0.,0.));
#8042=DIRECTION('',(0.,-4.85764077434922E-16,1.));
#8043=DIRECTION('',(0.,-4.85764077434922E-16,1.));
#8044=DIRECTION('',(0.438371146789072,-0.89879404629917,-4.36601860704517E-16));
#8045=DIRECTION('',(-0.89879404629917,-0.438371146789072,-2.12944955694082E-16));
#8046=DIRECTION('',(-0.898794046299166,-0.43837114678908,2.82886592240949E-15));
#8047=DIRECTION('',(0.43837114678908,-0.898794046299166,-4.36601860704515E-16));
#8048=DIRECTION('',(-0.898794046299167,-0.438371146789079,-2.12944955694085E-16));
#8049=DIRECTION('',(-0.438371146789079,0.898794046299167,4.36601860704515E-16));
#8050=DIRECTION('',(0.898794046299167,0.438371146789079,2.12944955694085E-16));
#8051=DIRECTION('',(-0.94948883032496,0.31380083028593,1.52433170822157E-16));
#8052=DIRECTION('',(-0.31380083028593,-0.94948883032496,-6.20886742963415E-16));
#8053=DIRECTION('',(0.898794046299167,0.438371146789079,2.12944955694085E-16));
#8054=DIRECTION('',(0.898794046299167,0.438371146789079,2.12944955694085E-16));
#8055=DIRECTION('',(0.438371146789079,-0.898794046299167,-4.36601860704515E-16));
#8056=DIRECTION('',(0.898794046299167,0.438371146789079,2.12944955694085E-16));
#8057=DIRECTION('',(-0.438371146789079,0.898794046299167,0.));
#8058=DIRECTION('',(0.,-4.85764077434922E-16,1.));
#8059=DIRECTION('',(1.,0.,0.));
#8060=DIRECTION('',(0.,-4.85764077434922E-16,1.));
#8061=DIRECTION('',(-1.,0.,0.));
#8062=DIRECTION('',(0.,4.85764077434922E-16,-1.));
#8063=DIRECTION('',(1.,0.,0.));
#8064=DIRECTION('',(0.,-4.85764077434922E-16,1.));
#8065=DIRECTION('',(1.,0.,0.));
#8066=DIRECTION('',(0.,-4.85764077434922E-16,1.));
#8067=DIRECTION('',(-1.,0.,0.));
#8068=DIRECTION('',(0.,4.85764077434922E-16,-1.));
#8069=DIRECTION('',(1.,0.,0.));
#8070=DIRECTION('',(0.,-4.85764077434922E-16,1.));
#8071=DIRECTION('',(1.,0.,0.));
#8072=DIRECTION('',(0.,-4.85764077434922E-16,1.));
#8073=DIRECTION('',(-1.,0.,0.));
#8074=DIRECTION('',(0.,4.85764077434922E-16,-1.));
#8075=DIRECTION('',(1.,0.,0.));
#8076=DIRECTION('',(0.,-4.85764077434922E-16,1.));
#8077=DIRECTION('',(1.,0.,0.));
#8078=DIRECTION('',(0.,-4.85764077434922E-16,1.));
#8079=DIRECTION('',(-1.,0.,0.));
#8080=DIRECTION('',(0.,4.85764077434922E-16,-1.));
#8081=DIRECTION('',(1.,0.,0.));
#8082=DIRECTION('',(0.,-4.85764077434922E-16,1.));
#8083=DIRECTION('',(1.,0.,0.));
#8084=DIRECTION('',(0.,4.85764077434922E-16,-1.));
#8085=DIRECTION('',(1.,0.,0.));
#8086=DIRECTION('',(0.,-4.85764077434922E-16,1.));
#8087=DIRECTION('',(-1.,0.,0.));
#8088=DIRECTION('',(0.,-4.85764077434922E-16,1.));
#8089=DIRECTION('',(1.,0.,0.));
#8090=DIRECTION('',(0.,4.85764077434922E-16,-1.));
#8091=DIRECTION('',(1.,0.,0.));
#8092=DIRECTION('',(0.,-4.85764077434922E-16,1.));
#8093=DIRECTION('',(-1.,0.,0.));
#8094=DIRECTION('',(0.,-4.85764077434922E-16,1.));
#8095=DIRECTION('',(1.,0.,0.));
#8096=DIRECTION('',(0.,4.85764077434922E-16,-1.));
#8097=DIRECTION('',(1.,0.,0.));
#8098=DIRECTION('',(0.,-4.85764077434922E-16,1.));
#8099=DIRECTION('',(-1.,0.,0.));
#8100=DIRECTION('',(0.,-4.85764077434922E-16,1.));
#8101=DIRECTION('',(1.,0.,0.));
#8102=DIRECTION('',(0.,4.85764077434922E-16,-1.));
#8103=DIRECTION('',(1.,0.,0.));
#8104=DIRECTION('',(0.,-4.85764077434922E-16,1.));
#8105=DIRECTION('',(-1.,0.,0.));
#8106=DIRECTION('',(0.,-4.85764077434922E-16,1.));
#8107=DIRECTION('',(1.,0.,0.));
#8108=DIRECTION('',(0.,4.85764077434922E-16,-1.));
#8109=DIRECTION('',(1.,0.,0.));
#8110=DIRECTION('',(0.,4.85764077434922E-16,-1.));
#8111=DIRECTION('',(-1.,0.,0.));
#8112=DIRECTION('',(0.,4.85764077434922E-16,-1.));
#8113=DIRECTION('',(1.,0.,0.));
#8114=DIRECTION('',(0.,-4.85764077434922E-16,1.));
#8115=DIRECTION('',(1.,0.,0.));
#8116=DIRECTION('',(0.,4.85764077434922E-16,-1.));
#8117=DIRECTION('',(1.,0.,0.));
#8118=DIRECTION('',(0.,4.85764077434922E-16,-1.));
#8119=DIRECTION('',(-1.,0.,0.));
#8120=DIRECTION('',(0.,4.85764077434922E-16,-1.));
#8121=DIRECTION('',(1.,0.,0.));
#8122=DIRECTION('',(0.,-4.85764077434922E-16,1.));
#8123=DIRECTION('',(1.,0.,0.));
#8124=DIRECTION('',(0.,4.85764077434922E-16,-1.));
#8125=DIRECTION('',(1.,0.,0.));
#8126=DIRECTION('',(0.,4.85764077434922E-16,-1.));
#8127=DIRECTION('',(-1.,0.,0.));
#8128=DIRECTION('',(0.,4.85764077434922E-16,-1.));
#8129=DIRECTION('',(1.,0.,0.));
#8130=DIRECTION('',(0.,-4.85764077434922E-16,1.));
#8131=DIRECTION('',(1.,0.,0.));
#8132=DIRECTION('',(0.,4.85764077434922E-16,-1.));
#8133=DIRECTION('',(1.,0.,0.));
#8134=DIRECTION('',(0.,4.85764077434922E-16,-1.));
#8135=DIRECTION('',(-1.,0.,0.));
#8136=DIRECTION('',(0.,4.85764077434922E-16,-1.));
#8137=DIRECTION('',(1.,0.,0.));
#8138=DIRECTION('',(0.,-4.85764077434922E-16,1.));
#8139=DIRECTION('',(1.,0.,0.));
#8140=DIRECTION('',(0.,4.85764077434922E-16,-1.));
#8141=DIRECTION('',(1.,0.,0.));
#8142=DIRECTION('',(0.,-4.85764077434922E-16,1.));
#8143=DIRECTION('',(1.,0.,0.));
#8144=DIRECTION('',(0.,4.85764077434922E-16,-1.));
#8145=DIRECTION('',(1.,0.,0.));
#8146=DIRECTION('',(0.,-4.85764077434922E-16,1.));
#8147=DIRECTION('',(1.,0.,0.));
#8148=DIRECTION('',(0.,4.85764077434922E-16,-1.));
#8149=DIRECTION('',(1.,0.,0.));
#8150=DIRECTION('',(0.,-4.85764077434922E-16,1.));
#8151=DIRECTION('',(1.,0.,0.));
#8152=DIRECTION('',(0.,4.85764077434922E-16,-1.));
#8153=DIRECTION('',(1.,0.,0.));
#8154=DIRECTION('',(0.,-4.85764077434922E-16,1.));
#8155=DIRECTION('',(1.,0.,0.));
#8156=DIRECTION('',(0.,4.85764077434922E-16,-1.));
#8157=DIRECTION('',(1.,0.,0.));
#8158=DIRECTION('',(0.,-4.85764077434922E-16,1.));
#8159=DIRECTION('',(1.,0.,0.));
#8160=DIRECTION('',(0.,4.85764077434922E-16,-1.));
#8161=DIRECTION('',(1.,0.,0.));
#8162=DIRECTION('',(0.,-4.85764077434922E-16,1.));
#8163=DIRECTION('',(1.,0.,0.));
#8164=DIRECTION('',(0.,4.85764077434922E-16,-1.));
#8165=DIRECTION('',(1.,0.,0.));
#8166=DIRECTION('',(0.,-4.85764077434922E-16,1.));
#8167=DIRECTION('',(1.,0.,0.));
#8168=DIRECTION('',(0.,4.85764077434922E-16,-1.));
#8169=DIRECTION('',(1.,0.,0.));
#8170=DIRECTION('',(0.438371146789079,-0.898794046299167,-4.36601860704515E-16));
#8171=DIRECTION('',(-0.898794046299167,-0.438371146789079,-2.12944955694085E-16));
#8172=DIRECTION('',(0.,4.85764077434922E-16,-1.));
#8173=DIRECTION('',(0.898794046299167,0.438371146789079,2.12944955694085E-16));
#8174=DIRECTION('',(0.898794046299167,0.438371146789079,2.12944955694085E-16));
#8175=DIRECTION('',(0.,4.85764077434922E-16,-1.));
#8176=DIRECTION('',(-1.,0.,0.));
#8177=DIRECTION('',(0.,1.,4.85764077434922E-16));
#8178=DIRECTION('',(0.,4.85764077434922E-16,-1.));
#8179=DIRECTION('',(-1.,0.,0.));
#8180=DIRECTION('',(0.,1.,4.85764077434922E-16));
#8181=DIRECTION('',(0.898794046299167,0.438371146789079,2.12944955694085E-16));
#8182=DIRECTION('',(0.438371146789079,-0.898794046299167,-4.36601860704515E-16));
#8183=DIRECTION('',(-0.998107594818162,-0.0614916999789668,-2.98704589101878E-17));
#8184=DIRECTION('',(-0.0614916999789668,0.998107594818162,3.65002679735765E-16));
#8185=DIRECTION('',(0.898794046299167,0.438371146789079,2.12944955694085E-16));
#8186=DIRECTION('',(-0.438371146789079,0.898794046299167,0.));
#8187=DIRECTION('',(0.898794046299167,0.438371146789079,2.12944955694085E-16));
#8188=DIRECTION('',(0.438371146789079,-0.898794046299167,-4.36601860704515E-16));
#8189=DIRECTION('',(0.898794046299167,0.438371146789079,2.12944955694085E-16));
#8190=DIRECTION('',(0.438371146789079,-0.898794046299167,-4.36601860704515E-16));
#8191=DIRECTION('',(-0.998869653788996,0.047533301373379,2.30899702890756E-17));
#8192=DIRECTION('',(0.047533301373379,0.998869653788996,4.7024726870742E-16));
#8193=DIRECTION('',(0.,4.85764077434922E-16,-1.));
#8194=DIRECTION('',(-1.,0.,0.));
#8195=DIRECTION('',(0.,4.85764077434922E-16,-1.));
#8196=DIRECTION('',(-1.,0.,0.));
#8197=DIRECTION('',(0.898794046299167,0.438371146789079,2.12944955694085E-16));
#8198=DIRECTION('',(0.438371146789079,-0.898794046299167,-4.36601860704515E-16));
#8199=DIRECTION('',(1.,0.,0.));
#8200=DIRECTION('',(0.,1.,0.));
#8201=DIRECTION('',(1.,0.,0.));
#8202=DIRECTION('',(0.,-1.,0.));
#8203=DIRECTION('',(1.,0.,0.));
#8204=DIRECTION('',(0.,-1.,0.));
#8205=DIRECTION('',(0.898794046299167,-0.438371146789079,0.));
#8206=DIRECTION('',(0.438371146789079,0.898794046299167,0.));
#8207=DIRECTION('',(1.,6.12323399573674E-17,0.));
#8208=DIRECTION('',(6.12323399573674E-17,-1.,0.));
#8209=DIRECTION('',(-0.898794046299167,-0.438371146789079,0.));
#8210=DIRECTION('',(0.438371146789079,-0.898794046299167,0.));
#8211=DIRECTION('',(0.,-1.,0.));
#8212=DIRECTION('',(0.,0.,-1.));
#8213=DIRECTION('',(0.,0.,1.));
#8214=DIRECTION('',(1.,0.,0.));
#8215=DIRECTION('',(0.,-4.85764077434922E-16,1.));
#8216=DIRECTION('',(0.,-1.,-4.85764077434922E-16));
#8217=DIRECTION('',(0.,-9.6502835277983E-16,1.));
#8218=DIRECTION('',(0.,-1.,-9.6502835277983E-16));
#8219=DIRECTION('',(0.,1.,4.85764077434922E-16));
#8220=DIRECTION('',(0.,-4.85764077434922E-16,1.));
#8221=DIRECTION('',(0.,-1.,0.));
#8222=DIRECTION('',(0.,0.,-1.));
#8223=DIRECTION('',(0.,-1.,0.));
#8224=DIRECTION('',(0.,0.,-1.));
#8225=DIRECTION('',(1.,0.,0.));
#8226=DIRECTION('',(0.,0.,-1.));
#8227=DIRECTION('',(0.,-0.421146426986373,-0.906992660960723));
#8228=DIRECTION('',(0.,0.906992660960723,-0.421146426986373));
#8229=DIRECTION('',(0.,-1.,-4.85764077434922E-16));
#8230=DIRECTION('',(0.,4.85764077434922E-16,-1.));
#8231=DIRECTION('',(0.,-1.,0.));
#8232=DIRECTION('',(0.,0.,-1.));
#8233=DIRECTION('',(0.,0.421146426986372,-0.906992660960723));
#8234=DIRECTION('',(0.,0.906992660960723,0.421146426986372));
#8235=DIRECTION('',(1.,0.,0.));
#8236=DIRECTION('',(0.,0.,-1.));
#8237=DIRECTION('',(0.,1.,0.));
#8238=DIRECTION('',(0.,0.,1.));
#8239=DIRECTION('',(0.,0.,1.));
#8240=DIRECTION('',(1.,0.,0.));
#8241=DIRECTION('',(0.,0.,1.));
#8242=DIRECTION('',(1.,0.,0.));
#8243=DIRECTION('',(0.,0.,1.));
#8244=DIRECTION('',(1.,0.,0.));
#8245=DIRECTION('',(0.,-1.,0.));
#8246=DIRECTION('',(0.,0.,-1.));
#8247=DIRECTION('',(0.,1.,0.));
#8248=DIRECTION('',(0.,0.,1.));
#8249=DIRECTION('',(0.,1.,0.));
#8250=DIRECTION('',(0.,0.,1.));
#8251=DIRECTION('',(1.,0.,0.));
#8252=DIRECTION('',(0.,0.,-1.));
#8253=DIRECTION('',(0.,0.421146426986373,-0.906992660960723));
#8254=DIRECTION('',(0.,0.906992660960723,0.421146426986373));
#8255=DIRECTION('',(0.,1.,0.));
#8256=DIRECTION('',(0.,0.,1.));
#8257=DIRECTION('',(0.,1.,0.));
#8258=DIRECTION('',(0.,0.,1.));
#8259=DIRECTION('',(7.86690730753619E-16,-0.421146426986372,-0.906992660960723));
#8260=DIRECTION('',(0.,0.906992660960723,-0.421146426986372));
#8261=DIRECTION('',(1.,0.,0.));
#8262=DIRECTION('',(0.,0.,-1.));
#8263=DIRECTION('',(0.,1.,0.));
#8264=DIRECTION('',(0.,0.,1.));
#8265=DIRECTION('',(0.,0.,1.));
#8266=DIRECTION('',(1.,0.,0.));
#8267=DIRECTION('',(0.,0.,-1.));
#8268=DIRECTION('',(-1.,0.,0.));
#8269=DIRECTION('',(0.,0.,1.));
#8270=DIRECTION('',(1.,0.,0.));
#8271=DIRECTION('',(0.,1.,0.));
#8272=DIRECTION('',(0.,0.,1.));
#8273=DIRECTION('',(0.,1.,0.));
#8274=DIRECTION('',(0.,0.,1.));
#8275=DIRECTION('',(0.,1.,0.));
#8276=DIRECTION('',(0.,0.,1.));
#8277=DIRECTION('',(1.,0.,0.));
#8278=DIRECTION('',(0.,0.,-1.));
#8279=DIRECTION('',(0.,0.421146426986373,-0.906992660960723));
#8280=DIRECTION('',(0.,0.906992660960723,0.421146426986373));
#8281=DIRECTION('',(0.,-1.,0.));
#8282=DIRECTION('',(0.,0.,-1.));
#8283=DIRECTION('',(0.,1.,0.));
#8284=DIRECTION('',(0.,0.,1.));
#8285=DIRECTION('',(0.,-0.421146426986372,-0.906992660960723));
#8286=DIRECTION('',(0.,0.906992660960723,-0.421146426986372));
#8287=DIRECTION('',(1.,0.,0.));
#8288=DIRECTION('',(0.,0.,-1.));
#8289=DIRECTION('',(0.,-1.,0.));
#8290=DIRECTION('',(0.,0.,-1.));
#8291=DIRECTION('',(0.,0.,1.));
#8292=DIRECTION('',(1.,0.,0.));
#8293=DIRECTION('',(0.,4.85764077434922E-16,-1.));
#8294=DIRECTION('',(0.,1.,4.85764077434922E-16));
#8295=DIRECTION('',(0.,-9.65028352779826E-16,1.));
#8296=DIRECTION('',(0.,-1.,-9.65028352779826E-16));
#8297=DIRECTION('',(0.,-1.,-4.85764077434922E-16));
#8298=DIRECTION('',(0.,4.85764077434922E-16,-1.));
#8299=DIRECTION('',(0.,-1.,0.));
#8300=DIRECTION('',(0.,0.,-1.));
#8301=DIRECTION('',(0.,-1.,0.));
#8302=DIRECTION('',(0.,0.,-1.));
#8303=DIRECTION('',(1.,0.,0.));
#8304=DIRECTION('',(0.,0.,-1.));
#8305=DIRECTION('',(0.,-0.421146426986373,-0.906992660960723));
#8306=DIRECTION('',(0.,0.906992660960723,-0.421146426986373));
#8307=DIRECTION('',(0.,1.,4.85764077434922E-16));
#8308=DIRECTION('',(0.,-4.85764077434922E-16,1.));
#8309=DIRECTION('',(0.,-1.,0.));
#8310=DIRECTION('',(0.,0.,-1.));
#8311=DIRECTION('',(-3.9334536537681E-16,0.421146426986372,-0.906992660960723));
#8312=DIRECTION('',(0.,0.906992660960723,0.421146426986372));
#8313=DIRECTION('',(1.,0.,0.));
#8314=DIRECTION('',(0.,0.,-1.));
#8315=DIRECTION('',(0.0116380014844658,0.023861439151898,-0.999647532204751));
#8316=DIRECTION('',(0.,0.999715236752027,0.0238630552494556));
#8317=DIRECTION('',(0.898794046299167,-0.438371146789079,0.));
#8318=DIRECTION('',(0.438371146789079,0.898794046299167,0.));
#8319=DIRECTION('',(-0.0116380014844643,-0.0238614391519028,-0.999647532204751));
#8320=DIRECTION('',(0.,0.999715236752027,-0.0238630552494603));
#8321=DIRECTION('',(0.011638001484469,-0.0238614391518966,-0.999647532204751));
#8322=DIRECTION('',(0.,0.999715236752027,-0.0238630552494541));
#8323=DIRECTION('',(0.898794046299167,0.438371146789079,2.12944955694085E-16));
#8324=DIRECTION('',(-0.438371146789079,0.898794046299167,0.));
#8325=DIRECTION('',(-0.0116380014844659,0.0238614391518982,-0.999647532204751));
#8326=DIRECTION('',(0.,0.999715236752027,0.0238630552494557));
#8327=DIRECTION('',(-0.0116380014844609,-0.023861439151896,-0.999647532204751));
#8328=DIRECTION('',(0.,0.999715236752027,-0.0238630552494535));
#8329=DIRECTION('',(-0.898794046299167,0.438371146789079,2.12944955694085E-16));
#8330=DIRECTION('',(-0.438371146789079,-0.898794046299167,0.));
#8331=DIRECTION('',(0.0116380014844643,0.0238614391519028,-0.999647532204751));
#8332=DIRECTION('',(0.,0.999715236752027,0.0238630552494603));
#8333=DIRECTION('',(-0.0116380014844659,0.0238614391518982,-0.999647532204751));
#8334=DIRECTION('',(0.,0.999715236752027,0.0238630552494557));
#8335=DIRECTION('',(-0.898794046299167,-0.438371146789079,0.));
#8336=DIRECTION('',(0.438371146789079,-0.898794046299167,0.));
#8337=DIRECTION('',(0.0116380014844659,-0.0238614391518982,-0.999647532204751));
#8338=DIRECTION('',(0.,0.999715236752027,-0.0238630552494557));
#8339=DIRECTION('',(0.,0.,1.));
#8340=DIRECTION('',(1.,0.,0.));
#8341=DIRECTION('',(-0.898794046299167,0.438371146789078,0.));
#8342=DIRECTION('',(0.438371146789078,0.898794046299167,0.));
#8343=DIRECTION('',(0.898794046299167,-0.438371146789078,0.));
#8344=DIRECTION('',(0.438371146789078,0.898794046299167,0.));
#8345=DIRECTION('',(0.898794046299167,-0.438371146789078,0.));
#8346=DIRECTION('',(0.438371146789078,0.898794046299167,0.));
#8347=DIRECTION('',(-1.,6.12323399573678E-17,0.));
#8348=DIRECTION('',(6.12323399573678E-17,1.,0.));
#8349=DIRECTION('',(1.,-6.12323399573678E-17,0.));
#8350=DIRECTION('',(6.12323399573678E-17,1.,0.));
#8351=DIRECTION('',(1.,-6.12323399573678E-17,0.));
#8352=DIRECTION('',(6.12323399573678E-17,1.,0.));
#8353=DIRECTION('',(-0.898794046299167,0.438371146789078,0.));
#8354=DIRECTION('',(0.438371146789078,0.898794046299167,0.));
#8355=DIRECTION('',(-0.898794046299167,0.438371146789078,0.));
#8356=DIRECTION('',(0.438371146789078,0.898794046299167,0.));
#8357=DIRECTION('',(0.,0.,1.));
#8358=DIRECTION('',(1.,0.,0.));
#8359=DIRECTION('',(-1.,6.12323399573674E-17,0.));
#8360=DIRECTION('',(6.12323399573674E-17,1.,0.));
#8361=DIRECTION('',(1.,-6.12323399573674E-17,0.));
#8362=DIRECTION('',(-6.12323399573674E-17,-1.,0.));
#8363=DIRECTION('',(1.,-6.12323399573674E-17,0.));
#8364=DIRECTION('',(-6.12323399573674E-17,-1.,0.));
#8365=DIRECTION('',(0.898794046299163,0.438371146789087,0.));
#8366=DIRECTION('',(0.438371146789087,-0.898794046299163,0.));
#8367=DIRECTION('',(0.898794046299163,0.438371146789087,0.));
#8368=DIRECTION('',(-0.438371146789087,0.898794046299163,0.));
#8369=DIRECTION('',(0.898794046299163,0.438371146789087,0.));
#8370=DIRECTION('',(-0.438371146789087,0.898794046299163,0.));
#8371=DIRECTION('',(-0.898794046299163,-0.438371146789087,0.));
#8372=DIRECTION('',(-0.438371146789087,0.898794046299163,0.));
#8373=DIRECTION('',(-0.898794046299163,-0.438371146789087,0.));
#8374=DIRECTION('',(-0.438371146789087,0.898794046299163,0.));
#8375=DIRECTION('',(0.,0.,1.));
#8376=DIRECTION('',(1.,0.,0.));
#8377=CARTESIAN_POINT('',(0.,0.,0.));
#8378=CARTESIAN_POINT('',(-9.91097618624999E-18,-0.175141475678533,0.0463));
#8379=CARTESIAN_POINT('',(-1.12056106174639E-17,-0.154002038809498,0.0263));
#8380=CARTESIAN_POINT('',(-9.84306621233587E-18,-0.176254077619002,0.0263));
#8381=CARTESIAN_POINT('',(-1.21430643318376E-17,-0.154002038809498,0.0263));
#8382=CARTESIAN_POINT('',(-1.09167743672224E-17,-0.174028873738052,0.0263));
#8383=CARTESIAN_POINT('',(0.504204072128743,-0.421058232943333,0.0463));
#8384=CARTESIAN_POINT('',(0.512533123917735,-0.403981146063649,0.0263));
#8385=CARTESIAN_POINT('',(0.520423804559939,-0.387802853230264,0.0263));
#8386=CARTESIAN_POINT('',(0.512533123917735,-0.403981146063649,0.0263));
#8387=CARTESIAN_POINT('',(0.521300546853517,-0.386005265137666,0.0263));
#8388=CARTESIAN_POINT('',(-1.79758809260022E-6,-0.154001162067204,0.0263));
#8389=CARTESIAN_POINT('',(-0.00789247823029626,-0.150152619972036,0.0263));
#8390=CARTESIAN_POINT('',(0.,0.,0.));
#8391=CARTESIAN_POINT('',(0.512533123917735,0.390481146063648,0.0463));
#8392=CARTESIAN_POINT('',(0.512533123917735,0.390481146063648,0.0263));
#8393=CARTESIAN_POINT('',(0.504642443275532,0.406659438897033,0.0263));
#8394=CARTESIAN_POINT('',(0.512533123917735,0.390481146063648,0.0263));
#8395=CARTESIAN_POINT('',(0.503765700981953,0.408457026989632,0.0263));
#8396=CARTESIAN_POINT('',(-2.92385671707197E-17,0.140502038809504,0.0463));
#8397=CARTESIAN_POINT('',(-2.94902990916057E-17,0.140502038809504,0.0263));
#8398=CARTESIAN_POINT('',(-3.08528434967338E-17,0.162754077619008,0.0263));
#8399=CARTESIAN_POINT('',(-2.94902990916057E-17,0.140502038809504,0.0263));
#8400=CARTESIAN_POINT('',(-3.0716589056221E-17,0.160528873738057,0.0263));
#8401=CARTESIAN_POINT('',(-0.0087692205238743,0.13622500418369,0.0263));
#8402=CARTESIAN_POINT('',(-0.00789247823029593,0.136652619972042,0.0263));
#8403=CARTESIAN_POINT('',(0.,0.,0.));
#8404=CARTESIAN_POINT('',(0.00879113908121357,0.136214313788975,0.0263));
#8405=CARTESIAN_POINT('',(-1.21430643318376E-17,0.140502038809498,0.0263));
#8406=CARTESIAN_POINT('',(-1.07771135656968E-17,0.162809707716026,0.0263));
#8407=CARTESIAN_POINT('',(-0.1,0.189275297666085,0.0263));
#8408=CARTESIAN_POINT('',(-0.1,0.211582966572612,0.0263));
#8409=CARTESIAN_POINT('',(-0.00879113908121368,0.136214313788975,0.0263));
#8410=CARTESIAN_POINT('',(0.1,0.189275297666085,0.0263));
#8411=CARTESIAN_POINT('',(0.1,0.211582966572612,0.0263));
#8412=CARTESIAN_POINT('',(0.228538108313306,-0.23634516617116,0.05865));
#8413=CARTESIAN_POINT('',(0.217063743546102,-0.259871100333041,0.0263));
#8414=CARTESIAN_POINT('',(0.229999880366348,-0.233348089315293,0.0333928661851404));
#8415=CARTESIAN_POINT('',(0.230186517635019,-0.232965426206357,0.0313));
#8416=CARTESIAN_POINT('',(0.228538108313306,-0.23634516617116,0.0313));
#8417=CARTESIAN_POINT('',(0.240889215374089,-0.21102164391668,0.0313));
#8418=CARTESIAN_POINT('',(0.240889215374089,-0.21102164391668,0.05865));
#8419=CARTESIAN_POINT('',(0.240889215374089,-0.21102164391668,0.0323));
#8420=CARTESIAN_POINT('',(0.230550497440592,-0.232219157012734,0.0323));
#8421=CARTESIAN_POINT('',(0.23176926613853,-0.229720310869354,0.0323));
#8422=CARTESIAN_POINT('',(0.23176926613853,-0.229720310869354,0.0403));
#8423=CARTESIAN_POINT('',(0.0978021860602971,-0.171284248911301,0.0253));
#8424=CARTESIAN_POINT('',(0.211767082064085,-0.207712647949987,0.0253));
#8425=CARTESIAN_POINT('',(0.208767082064085,-0.207712647949987,0.0253));
#8426=CARTESIAN_POINT('',(0.18480326067511,-0.194561513546315,0.0253));
#8427=CARTESIAN_POINT('',(0.18180326067511,-0.194561513546315,0.0253));
#8428=CARTESIAN_POINT('',(0.157839439286135,-0.181410379142642,0.0253));
#8429=CARTESIAN_POINT('',(0.154839439286135,-0.181410379142642,0.0253));
#8430=CARTESIAN_POINT('',(0.13087561789716,-0.16825924473897,0.0253));
#8431=CARTESIAN_POINT('',(0.12787561789716,-0.16825924473897,0.0253));
#8432=CARTESIAN_POINT('',(0.0999982024119074,-0.137854097697069,0.0253));
#8433=CARTESIAN_POINT('',(0.126698267988652,-0.150876589795693,0.0253));
#8434=CARTESIAN_POINT('',(0.239047523776048,-0.205672983144327,0.0253));
#8435=CARTESIAN_POINT('',(0.113104601820526,-0.178747735761349,0.0253));
#8436=CARTESIAN_POINT('',(0.114242085662426,-0.176415548270566,0.0253));
#8437=CARTESIAN_POINT('',(0.0989396699021974,-0.168952061420519,0.0253));
#8438=CARTESIAN_POINT('',(0.226591341449822,-0.231211941619201,0.0253));
#8439=CARTESIAN_POINT('',(0.239047523776048,-0.205672983144327,0.0253));
#8440=CARTESIAN_POINT('',(0.0978021860602971,-0.171284248911301,0.0273));
#8441=CARTESIAN_POINT('',(0.13087561789716,-0.16825924473897,0.0273));
#8442=CARTESIAN_POINT('',(0.12787561789716,-0.16825924473897,0.0273));
#8443=CARTESIAN_POINT('',(0.157839439286135,-0.181410379142642,0.0273));
#8444=CARTESIAN_POINT('',(0.154839439286135,-0.181410379142642,0.0273));
#8445=CARTESIAN_POINT('',(0.18480326067511,-0.194561513546315,0.0273));
#8446=CARTESIAN_POINT('',(0.18180326067511,-0.194561513546315,0.0273));
#8447=CARTESIAN_POINT('',(0.211767082064085,-0.207712647949987,0.0273));
#8448=CARTESIAN_POINT('',(0.208767082064085,-0.207712647949987,0.0273));
#8449=CARTESIAN_POINT('',(0.113343291616127,-0.175977177123777,0.0273));
#8450=CARTESIAN_POINT('',(0.226591341449822,-0.231211941619201,0.0273));
#8451=CARTESIAN_POINT('',(0.114242085662426,-0.176415548270566,0.0273));
#8452=CARTESIAN_POINT('',(0.126698267988652,-0.150876589795693,0.0273));
#8453=CARTESIAN_POINT('',(0.126698267988652,-0.150876589795693,0.0273));
#8454=CARTESIAN_POINT('',(0.0999982024119074,-0.137854097697069,0.0273));
#8455=CARTESIAN_POINT('',(0.239047523776048,-0.205672983144327,0.0273));
#8456=CARTESIAN_POINT('',(0.225453857607921,-0.233544129109983,0.0273));
#8457=CARTESIAN_POINT('',(0.0999982024119074,-0.202774420923796,0.0263));
#8458=CARTESIAN_POINT('',(0.1130855106888,-0.17594146248775,0.0387594222833562));
#8459=CARTESIAN_POINT('',(0.226555875637798,-0.231284657309838,0.0387594222833562));
#8460=CARTESIAN_POINT('',(0.102381785684465,-0.170720906984088,0.0387594222833562));
#8461=CARTESIAN_POINT('',(0.104,-0.204726228020353,0.0263));
#8462=CARTESIAN_POINT('',(0.102381785684465,-0.170720906984088,0.0138405777166437));
#8463=CARTESIAN_POINT('',(0.1130855106888,-0.17594146248775,0.0138405777166437));
#8464=CARTESIAN_POINT('',(0.226555875637798,-0.231284657309838,0.0138405777166437));
#8465=CARTESIAN_POINT('',(0.213468567360905,-0.258117615745884,0.0263));
#8466=CARTESIAN_POINT('',(0.228538108313306,-0.23634516617116,0.05865));
#8467=CARTESIAN_POINT('',(0.240889215374089,-0.21102164391668,0.05865));
#8468=CARTESIAN_POINT('',(0.240889215374089,-0.21102164391668,0.0203));
#8469=CARTESIAN_POINT('',(0.240889215374089,-0.21102164391668,0.0213));
#8470=CARTESIAN_POINT('',(0.228606502028664,-0.236204938273821,0.0213));
#8471=CARTESIAN_POINT('',(0.230186517635019,-0.232965426206357,0.0213));
#8472=CARTESIAN_POINT('',(0.217063743546102,-0.259871100333041,0.0263));
#8473=CARTESIAN_POINT('',(0.229999880366348,-0.233348089315293,0.0192071338148596));
#8474=CARTESIAN_POINT('',(0.23176926613853,-0.229720310869354,0.0123));
#8475=CARTESIAN_POINT('',(0.23176926613853,-0.229720310869354,0.0203));
#8476=CARTESIAN_POINT('',(0.228538108313306,-0.23634516617116,0.0203));
#8477=CARTESIAN_POINT('',(0.0884471226940152,-0.197140582912258,0.0263));
#8478=CARTESIAN_POINT('',(0.0998403713675886,-0.173780961388762,0.0219589785831961));
#8479=CARTESIAN_POINT('',(0.224861816034478,-0.234757994222388,0.0219589785831961));
#8480=CARTESIAN_POINT('',(0.112512560247083,-0.179961600873754,0.0219589785831961));
#8481=CARTESIAN_POINT('',(0.110868731815202,-0.178769604557126,0.0256004527296977));
#8482=CARTESIAN_POINT('',(0.110860352955659,-0.178786783765036,0.02488074958506));
#8483=CARTESIAN_POINT('',(0.111330246528104,-0.179123334152398,0.0235372689031755));
#8484=CARTESIAN_POINT('',(0.112126042730971,-0.179676057284028,0.0224810907289528));
#8485=CARTESIAN_POINT('',(0.112512560247083,-0.179961600873754,0.0219589785831961));
#8486=CARTESIAN_POINT('',(0.110868731815202,-0.178769604557126,0.0256004527296977));
#8487=CARTESIAN_POINT('',(0.0993217234809112,-0.202444480103671,0.0263));
#8488=CARTESIAN_POINT('',(0.110868731815202,-0.178769604557126,0.0269995472703024));
#8489=CARTESIAN_POINT('',(0.110868731815202,-0.178769604557126,0.0269995472703024));
#8490=CARTESIAN_POINT('',(0.110860352955659,-0.178786783765036,0.02771925041494));
#8491=CARTESIAN_POINT('',(0.111330246528047,-0.17912333415238,0.0290627310968765));
#8492=CARTESIAN_POINT('',(0.112126042731085,-0.179676057284064,0.0301189092709432));
#8493=CARTESIAN_POINT('',(0.112512560247083,-0.179961600873754,0.0306410214168039));
#8494=CARTESIAN_POINT('',(0.112512560247083,-0.179961600873754,0.0306410214168039));
#8495=CARTESIAN_POINT('',(0.0998403713675886,-0.173780961388762,0.0306410214168039));
#8496=CARTESIAN_POINT('',(0.224861816034478,-0.234757994222388,0.0306410214168039));
#8497=CARTESIAN_POINT('',(0.213468567360905,-0.258117615745884,0.0263));
#8498=CARTESIAN_POINT('',(0.104,-0.204726228020353,0.0263));
#8499=CARTESIAN_POINT('',(0.102246515412844,-0.23318805757517,0.0263));
#8500=CARTESIAN_POINT('',(0.0934226352100712,-0.151336008391557,0.0363));
#8501=CARTESIAN_POINT('',(0.0982465154128437,-0.141450150624559,0.0363));
#8502=CARTESIAN_POINT('',(0.237294039188892,-0.209268159329524,0.0363));
#8503=CARTESIAN_POINT('',(0.104,-0.144256312555527,0.0363));
#8504=CARTESIAN_POINT('',(0.104,-0.151336008391557,0.0363));
#8505=CARTESIAN_POINT('',(0.104,-0.167403075956448,0.0363));
#8506=CARTESIAN_POINT('',(0.0891247685891931,-0.160147940834938,0.0363));
#8507=CARTESIAN_POINT('',(0.228174089953333,-0.227966826282197,0.0363));
#8508=CARTESIAN_POINT('',(0.239047523776048,-0.205672983144327,0.0363));
#8509=CARTESIAN_POINT('',(0.13087561789716,-0.16825924473897,0.0363));
#8510=CARTESIAN_POINT('',(0.13507561789716,-0.16825924473897,0.0363));
#8511=CARTESIAN_POINT('',(0.157839439286135,-0.181410379142642,0.0363));
#8512=CARTESIAN_POINT('',(0.162039439286135,-0.181410379142642,0.0363));
#8513=CARTESIAN_POINT('',(0.18480326067511,-0.194561513546315,0.0363));
#8514=CARTESIAN_POINT('',(0.18900326067511,-0.194561513546315,0.0363));
#8515=CARTESIAN_POINT('',(0.211767082064085,-0.207712647949987,0.0363));
#8516=CARTESIAN_POINT('',(0.215967082064085,-0.207712647949987,0.0363));
#8517=CARTESIAN_POINT('',(0.0999982024119074,-0.137854097697069,0.0208));
#8518=CARTESIAN_POINT('',(0.0999982024119074,-0.137854097697069,0.0203));
#8519=CARTESIAN_POINT('',(0.239047523776048,-0.205672983144327,0.0203));
#8520=CARTESIAN_POINT('',(0.102246515412844,-0.138950673216922,0.0203));
#8521=CARTESIAN_POINT('',(0.102246515412844,-0.138950673216922,0.0323));
#8522=CARTESIAN_POINT('',(0.102246515412844,-0.138950673216922,0.0323));
#8523=CARTESIAN_POINT('',(0.242642699961245,-0.207426467731484,0.0323));
#8524=CARTESIAN_POINT('',(0.239047523776048,-0.205672983144327,0.0323));
#8525=CARTESIAN_POINT('',(0.239047523776048,-0.205672983144327,0.0208));
#8526=CARTESIAN_POINT('',(0.126698267988652,-0.150876589795693,0.0263));
#8527=CARTESIAN_POINT('',(0.239047523776048,-0.205672983144327,0.0208));
#8528=CARTESIAN_POINT('',(0.0934226352100712,-0.151336008391557,0.0163));
#8529=CARTESIAN_POINT('',(0.13087561789716,-0.16825924473897,0.0163));
#8530=CARTESIAN_POINT('',(0.13507561789716,-0.16825924473897,0.0163));
#8531=CARTESIAN_POINT('',(0.157839439286135,-0.181410379142642,0.0163));
#8532=CARTESIAN_POINT('',(0.162039439286135,-0.181410379142642,0.0163));
#8533=CARTESIAN_POINT('',(0.18480326067511,-0.194561513546315,0.0163));
#8534=CARTESIAN_POINT('',(0.18900326067511,-0.194561513546315,0.0163));
#8535=CARTESIAN_POINT('',(0.211767082064085,-0.207712647949987,0.0163));
#8536=CARTESIAN_POINT('',(0.215967082064085,-0.207712647949987,0.0163));
#8537=CARTESIAN_POINT('',(0.101218768697939,-0.166046578814093,0.0163));
#8538=CARTESIAN_POINT('',(0.228174089953333,-0.227966826282197,0.0163));
#8539=CARTESIAN_POINT('',(0.104,-0.167403075956447,0.0163));
#8540=CARTESIAN_POINT('',(0.104,-0.142305382201263,0.0163));
#8541=CARTESIAN_POINT('',(0.104,-0.144256312555527,0.0163));
#8542=CARTESIAN_POINT('',(0.0982447178247511,-0.141449273882265,0.0163));
#8543=CARTESIAN_POINT('',(0.237294039188892,-0.209268159329524,0.0163));
#8544=CARTESIAN_POINT('',(0.232471956574212,-0.219154893838815,0.0163));
#8545=CARTESIAN_POINT('',(0.211767082064085,-0.207712647949987,0.0283));
#8546=CARTESIAN_POINT('',(0.211767082064085,-0.207712647949987,0.0283));
#8547=CARTESIAN_POINT('',(0.215967082064085,-0.207712647949987,0.0283));
#8548=CARTESIAN_POINT('',(0.171321349980623,-0.185037065726048,0.0283));
#8549=CARTESIAN_POINT('',(0.211767082064085,-0.207712647949987,0.0283));
#8550=CARTESIAN_POINT('',(0.214767082064085,-0.207712647949987,0.0283));
#8551=CARTESIAN_POINT('',(0.18480326067511,-0.194561513546315,0.0283));
#8552=CARTESIAN_POINT('',(0.18480326067511,-0.194561513546315,0.0283));
#8553=CARTESIAN_POINT('',(0.18900326067511,-0.194561513546315,0.0283));
#8554=CARTESIAN_POINT('',(0.171321349980623,-0.185037065726048,0.0283));
#8555=CARTESIAN_POINT('',(0.18480326067511,-0.194561513546315,0.0283));
#8556=CARTESIAN_POINT('',(0.18780326067511,-0.194561513546315,0.0283));
#8557=CARTESIAN_POINT('',(0.157839439286135,-0.181410379142642,0.0283));
#8558=CARTESIAN_POINT('',(0.157839439286135,-0.181410379142642,0.0283));
#8559=CARTESIAN_POINT('',(0.162039439286135,-0.181410379142642,0.0283));
#8560=CARTESIAN_POINT('',(0.171321349980623,-0.185037065726048,0.0283));
#8561=CARTESIAN_POINT('',(0.157839439286135,-0.181410379142642,0.0283));
#8562=CARTESIAN_POINT('',(0.160839439286135,-0.181410379142642,0.0283));
#8563=CARTESIAN_POINT('',(0.13087561789716,-0.16825924473897,0.0283));
#8564=CARTESIAN_POINT('',(0.13087561789716,-0.16825924473897,0.0283));
#8565=CARTESIAN_POINT('',(0.13507561789716,-0.16825924473897,0.0283));
#8566=CARTESIAN_POINT('',(0.171321349980623,-0.185037065726048,0.0283));
#8567=CARTESIAN_POINT('',(0.13087561789716,-0.16825924473897,0.0283));
#8568=CARTESIAN_POINT('',(0.13387561789716,-0.16825924473897,0.0283));
#8569=CARTESIAN_POINT('',(0.211767082064085,-0.207712647949987,0.0243));
#8570=CARTESIAN_POINT('',(0.211767082064085,-0.207712647949987,0.0243));
#8571=CARTESIAN_POINT('',(0.215967082064085,-0.207712647949987,0.0243));
#8572=CARTESIAN_POINT('',(0.171321349980623,-0.185037065726048,0.0243));
#8573=CARTESIAN_POINT('',(0.211767082064085,-0.207712647949987,0.0243));
#8574=CARTESIAN_POINT('',(0.214767082064085,-0.207712647949987,0.0243));
#8575=CARTESIAN_POINT('',(0.18480326067511,-0.194561513546315,0.0243));
#8576=CARTESIAN_POINT('',(0.18480326067511,-0.194561513546315,0.0243));
#8577=CARTESIAN_POINT('',(0.18900326067511,-0.194561513546315,0.0243));
#8578=CARTESIAN_POINT('',(0.171321349980623,-0.185037065726048,0.0243));
#8579=CARTESIAN_POINT('',(0.18480326067511,-0.194561513546315,0.0243));
#8580=CARTESIAN_POINT('',(0.18780326067511,-0.194561513546315,0.0243));
#8581=CARTESIAN_POINT('',(0.157839439286135,-0.181410379142642,0.0243));
#8582=CARTESIAN_POINT('',(0.157839439286135,-0.181410379142642,0.0243));
#8583=CARTESIAN_POINT('',(0.162039439286135,-0.181410379142642,0.0243));
#8584=CARTESIAN_POINT('',(0.171321349980623,-0.185037065726048,0.0243));
#8585=CARTESIAN_POINT('',(0.157839439286135,-0.181410379142642,0.0243));
#8586=CARTESIAN_POINT('',(0.160839439286135,-0.181410379142642,0.0243));
#8587=CARTESIAN_POINT('',(0.13087561789716,-0.16825924473897,0.0243));
#8588=CARTESIAN_POINT('',(0.13087561789716,-0.16825924473897,0.0243));
#8589=CARTESIAN_POINT('',(0.13507561789716,-0.16825924473897,0.0243));
#8590=CARTESIAN_POINT('',(0.171321349980623,-0.185037065726048,0.0243));
#8591=CARTESIAN_POINT('',(0.13087561789716,-0.16825924473897,0.0243));
#8592=CARTESIAN_POINT('',(0.13387561789716,-0.16825924473897,0.0243));
#8593=CARTESIAN_POINT('',(0.13087561789716,-0.16825924473897,0.0113));
#8594=CARTESIAN_POINT('',(0.157839439286135,-0.181410379142642,0.0113));
#8595=CARTESIAN_POINT('',(0.18480326067511,-0.194561513546315,0.0113));
#8596=CARTESIAN_POINT('',(0.211767082064085,-0.207712647949987,0.0113));
#8597=CARTESIAN_POINT('',(0.13087561789716,-0.16825924473897,0.0113));
#8598=CARTESIAN_POINT('',(0.157839439286135,-0.181410379142642,0.0113));
#8599=CARTESIAN_POINT('',(0.18480326067511,-0.194561513546315,0.0113));
#8600=CARTESIAN_POINT('',(0.211767082064085,-0.207712647949987,0.0113));
#8601=CARTESIAN_POINT('',(0.105919342435468,-0.191198528648571,0.0263));
#8602=CARTESIAN_POINT('',(0.113343291616127,-0.175977177123777,0.0313));
#8603=CARTESIAN_POINT('',(0.113343291616127,-0.175977177123777,0.0263));
#8604=CARTESIAN_POINT('',(0.112205742496579,-0.178309498453571,0.0270260955538052));
#8605=CARTESIAN_POINT('',(0.10022051752721,-0.20288285125046,0.0263));
#8606=CARTESIAN_POINT('',(0.112205742496579,-0.178309498453571,0.0255739044461947));
#8607=CARTESIAN_POINT('',(0.113343291616127,-0.175977177123777,0.0213));
#8608=CARTESIAN_POINT('',(0.0982447178247511,-0.141449273882265,0.0323));
#8609=CARTESIAN_POINT('',(0.104,-0.144256312555527,0.0323));
#8610=CARTESIAN_POINT('',(0.237294039188892,-0.209268159329524,0.0323));
#8611=CARTESIAN_POINT('',(0.237294039188892,-0.209268159329524,0.0323));
#8612=CARTESIAN_POINT('',(0.237294039188892,-0.209268159329524,0.0323));
#8613=CARTESIAN_POINT('',(0.237294039188892,-0.209268159329524,0.0323));
#8614=CARTESIAN_POINT('',(0.237294039188892,-0.209268159329524,0.05865));
#8615=CARTESIAN_POINT('',(0.237294039188892,-0.209268159329524,0.0313));
#8616=CARTESIAN_POINT('',(0.114703725004336,-0.172623631460109,0.0123));
#8617=CARTESIAN_POINT('',(0.104,-0.167403075956447,0.0123));
#8618=CARTESIAN_POINT('',(0.228174089953333,-0.227966826282197,0.0123));
#8619=CARTESIAN_POINT('',(0.114703725004336,-0.172623631460109,0.0403));
#8620=CARTESIAN_POINT('',(0.104,-0.167403075956447,0.0403));
#8621=CARTESIAN_POINT('',(0.228174089953333,-0.227966826282197,0.0403));
#8622=CARTESIAN_POINT('',(0.232471956574212,-0.219154893838815,0.0323));
#8623=CARTESIAN_POINT('',(0.228174089953333,-0.227966826282197,0.0323));
#8624=CARTESIAN_POINT('',(0.22494293212811,-0.234591681584004,0.0313));
#8625=CARTESIAN_POINT('',(0.226591341449822,-0.231211941619201,0.0313));
#8626=CARTESIAN_POINT('',(0.101569896782932,-0.170234908785575,0.0313));
#8627=CARTESIAN_POINT('',(0.114242085662426,-0.176415548270566,0.0313));
#8628=CARTESIAN_POINT('',(0.226591341449822,-0.231211941619201,0.0313));
#8629=CARTESIAN_POINT('',(0.228174089953333,-0.227966826282197,0.0123));
#8630=CARTESIAN_POINT('',(0.224937661322263,-0.234602488337479,0.0153811554332875));
#8631=CARTESIAN_POINT('',(0.228823229274133,-0.23547083473154,0.0149960110041265));
#8632=CARTESIAN_POINT('',(0.228174089953333,-0.227966826282197,0.0203));
#8633=CARTESIAN_POINT('',(0.229999880366348,-0.233348089315293,0.0192071338148596));
#8634=CARTESIAN_POINT('',(0.22957675741485,-0.234215619928212,0.0179069611336494));
#8635=CARTESIAN_POINT('',(0.229097882969223,-0.234907711205395,0.0164972642182047));
#8636=CARTESIAN_POINT('',(0.228823229274134,-0.235470834731541,0.0149960110041265));
#8637=CARTESIAN_POINT('',(0.213468567360905,-0.258117615745884,0.0263));
#8638=CARTESIAN_POINT('',(0.224937661322263,-0.234602488337479,0.0372188445667125));
#8639=CARTESIAN_POINT('',(0.228823229274134,-0.23547083473154,0.037603988995873));
#8640=CARTESIAN_POINT('',(0.216949581733893,-0.259815419896856,0.0263));
#8641=CARTESIAN_POINT('',(0.228174089953333,-0.227966826282197,0.0403));
#8642=CARTESIAN_POINT('',(0.229999880366348,-0.233348089315293,0.0333928661851404));
#8643=CARTESIAN_POINT('',(0.229576757414849,-0.234215619928212,0.0346930388663503));
#8644=CARTESIAN_POINT('',(0.229097882969223,-0.234907711205395,0.036102735781795));
#8645=CARTESIAN_POINT('',(0.228823229274134,-0.23547083473154,0.0376039889958729));
#8646=CARTESIAN_POINT('',(0.226591341449822,-0.231211941619201,0.0313));
#8647=CARTESIAN_POINT('',(0.226591341449822,-0.231211941619201,0.0313));
#8648=CARTESIAN_POINT('',(0.0982447178247511,-0.141449273882265,0.0203));
#8649=CARTESIAN_POINT('',(0.104,-0.144256312555527,0.0203));
#8650=CARTESIAN_POINT('',(0.237294039188892,-0.209268159329524,0.0203));
#8651=CARTESIAN_POINT('',(0.22494293212811,-0.234591681584004,0.0203));
#8652=CARTESIAN_POINT('',(0.237294039188892,-0.209268159329524,0.0203));
#8653=CARTESIAN_POINT('',(0.213468567360905,-0.258117615745884,0.0263));
#8654=CARTESIAN_POINT('',(0.226591341449822,-0.231211941619201,0.0213));
#8655=CARTESIAN_POINT('',(0.101569896782932,-0.170234908785575,0.0213));
#8656=CARTESIAN_POINT('',(0.114242085662426,-0.176415548270566,0.0213));
#8657=CARTESIAN_POINT('',(0.226591341449822,-0.231211941619201,0.0213));
#8658=CARTESIAN_POINT('',(0.237294039188892,-0.209268159329524,0.0203));
#8659=CARTESIAN_POINT('',(0.237294039188892,-0.209268159329524,0.0203));
#8660=CARTESIAN_POINT('',(0.226591341449822,-0.231211941619201,0.0213));
#8661=CARTESIAN_POINT('',(0.226591341449822,-0.231211941619201,0.0213));
#8662=CARTESIAN_POINT('',(0.237294039188892,-0.209268159329524,0.05865));
#8663=CARTESIAN_POINT('',(0.237294039188892,-0.209268159329524,0.0213));
#8664=CARTESIAN_POINT('',(0.225453857607921,-0.233544129109983,0.0213));
#8665=CARTESIAN_POINT('',(0.114242085662426,-0.176415548270566,0.0313));
#8666=CARTESIAN_POINT('',(0.112205742496579,-0.178309498453571,0.0270260955538052));
#8667=CARTESIAN_POINT('',(0.112153169110391,-0.178417289869237,0.0273399226579983));
#8668=CARTESIAN_POINT('',(0.112137284837777,-0.178716096786629,0.0279407646234456));
#8669=CARTESIAN_POINT('',(0.112224076732231,-0.179372454661128,0.0291023352292522));
#8670=CARTESIAN_POINT('',(0.112374282423052,-0.17977772261546,0.0300144654467332));
#8671=CARTESIAN_POINT('',(0.112512560247083,-0.179961600873754,0.0306410214168039));
#8672=CARTESIAN_POINT('',(0.114242085662426,-0.176415548270566,0.0263));
#8673=CARTESIAN_POINT('',(0.113104601820526,-0.178747735761349,0.0263));
#8674=CARTESIAN_POINT('',(0.114242085662426,-0.176415548270566,0.0263));
#8675=CARTESIAN_POINT('',(0.114242085662426,-0.176415548270566,0.0213));
#8676=CARTESIAN_POINT('',(0.112205742496579,-0.178309498453571,0.0255739044461947));
#8677=CARTESIAN_POINT('',(0.112153169110391,-0.178417289869237,0.0252600773420017));
#8678=CARTESIAN_POINT('',(0.112137284837772,-0.178716096786627,0.0246592353765528));
#8679=CARTESIAN_POINT('',(0.112224076732253,-0.179372454661137,0.0234976647707554));
#8680=CARTESIAN_POINT('',(0.112374282422955,-0.179777722615419,0.0225855345532334));
#8681=CARTESIAN_POINT('',(0.112512560247083,-0.179961600873754,0.0219589785831961));
#8682=CARTESIAN_POINT('',(0.1,-0.00675,-0.01));
#8683=CARTESIAN_POINT('',(0.1,0.191226228020353,0.0263));
#8684=CARTESIAN_POINT('',(0.1,0.216092881389973,0.0263));
#8685=CARTESIAN_POINT('',(0.1,-0.00675,-0.01));
#8686=CARTESIAN_POINT('',(0.1,0.191226228020353,0.0263));
#8687=CARTESIAN_POINT('',(0.1,0.153903075956447,0.0403));
#8688=CARTESIAN_POINT('',(0.1,0.153903075956447,0.0123));
#8689=CARTESIAN_POINT('',(0.1,0.128805382201263,0.0123));
#8690=CARTESIAN_POINT('',(0.1,0.130756312555526,0.0123));
#8691=CARTESIAN_POINT('',(0.1,0.130756312555526,0.0203));
#8692=CARTESIAN_POINT('',(0.1,0.121855497031725,0.0203));
#8693=CARTESIAN_POINT('',(0.1,0.121855497031725,0.0323));
#8694=CARTESIAN_POINT('',(0.1,0.121855497031725,0.0323));
#8695=CARTESIAN_POINT('',(0.1,0.130756312555526,0.0323));
#8696=CARTESIAN_POINT('',(0.1,0.130756312555526,0.0403));
#8697=CARTESIAN_POINT('',(0.1,-0.00675,0.0403));
#8698=CARTESIAN_POINT('',(0.1,-0.144256312555527,0.0203));
#8699=CARTESIAN_POINT('',(0.1,-0.135355497031725,0.0203));
#8700=CARTESIAN_POINT('',(0.1,-0.144256312555527,0.0123));
#8701=CARTESIAN_POINT('',(0.1,-0.165452145602184,0.0123));
#8702=CARTESIAN_POINT('',(0.1,-0.167403075956448,0.0123));
#8703=CARTESIAN_POINT('',(0.1,-0.204726228020353,0.0263));
#8704=CARTESIAN_POINT('',(0.1,-0.167403075956448,0.0403));
#8705=CARTESIAN_POINT('',(0.1,-0.00675,0.0403));
#8706=CARTESIAN_POINT('',(0.1,-0.144256312555527,0.0403));
#8707=CARTESIAN_POINT('',(0.1,-0.144256312555527,0.0323));
#8708=CARTESIAN_POINT('',(0.1,-0.135355497031725,0.0323));
#8709=CARTESIAN_POINT('',(0.1,-0.135355497031725,0.0203));
#8710=CARTESIAN_POINT('',(0.1,0.31366369416427,-0.034326348313597));
#8711=CARTESIAN_POINT('',(0.1,0.22374600782138,-0.163));
#8712=CARTESIAN_POINT('',(0.1,0.3115,-0.0374226293743391));
#8713=CARTESIAN_POINT('',(0.1,0.3115,0.1338));
#8714=CARTESIAN_POINT('',(0.1,0.3115,0.124216260730235));
#8715=CARTESIAN_POINT('',(0.1,0.227346497980183,0.143297054771092));
#8716=CARTESIAN_POINT('',(0.1,0.228656621616838,0.143));
#8717=CARTESIAN_POINT('',(0.1,-0.00675,0.143));
#8718=CARTESIAN_POINT('',(0.1,0.000104722413485413,0.143));
#8719=CARTESIAN_POINT('',(0.1,-0.00941772364189848,0.142833785085828));
#8720=CARTESIAN_POINT('',(0.1,-0.0373014573079632,0.142347072704246));
#8721=CARTESIAN_POINT('',(0.1,-0.0198143596024518,0.143832182832835));
#8722=CARTESIAN_POINT('',(0.1,-0.116198055938641,0.135646696248939));
#8723=CARTESIAN_POINT('',(0.1,-0.0460292006806783,0.152597601556446));
#8724=CARTESIAN_POINT('',(0.1,-0.199194442902467,0.115597004813659));
#8725=CARTESIAN_POINT('',(0.1,-0.0780242514327258,0.164958952644453));
#8726=CARTESIAN_POINT('',(0.1,-0.248643007807365,0.095452797302419));
#8727=CARTESIAN_POINT('',(0.1,-0.107820660908357,0.173160599635747));
#8728=CARTESIAN_POINT('',(0.1,-0.325,0.0533179075868817));
#8729=CARTESIAN_POINT('',(0.1,-0.325,-0.01));
#8730=CARTESIAN_POINT('',(0.1,-0.325,0.01919556389162));
#8731=CARTESIAN_POINT('',(0.1,-0.276704896779409,-0.0141813195839392));
#8732=CARTESIAN_POINT('',(0.1,-0.27807529986435,-0.0132342301063229));
#8733=CARTESIAN_POINT('',(0.1,-0.207724486995646,-0.0372411509445035));
#8734=CARTESIAN_POINT('',(0.1,-0.209608894631187,-0.0365981047153474));
#8735=CARTESIAN_POINT('',(0.1,-0.0816,-0.0365981047153474));
#8736=CARTESIAN_POINT('',(0.1,-0.0936,-0.0365981047153474));
#8737=CARTESIAN_POINT('',(0.1,-0.0400003503799118,-0.0675604568057996));
#8738=CARTESIAN_POINT('',(0.1,-0.065209734649935,-0.0529980140046916));
#8739=CARTESIAN_POINT('',(0.1,-0.069226986597008,-0.0460324686007685));
#8740=CARTESIAN_POINT('',(0.1,-0.0282592753366466,-0.117066712068314));
#8741=CARTESIAN_POINT('',(0.1,-0.0535183829143282,-0.104575926531296));
#8742=CARTESIAN_POINT('',(0.1,0.0646279060039138,-0.163));
#8743=CARTESIAN_POINT('',(0.1,-0.00675,-0.163));
#8744=CARTESIAN_POINT('',(-0.228538108313306,0.22284516617116,0.05865));
#8745=CARTESIAN_POINT('',(-0.217063743546102,0.246371100333041,0.0263));
#8746=CARTESIAN_POINT('',(-0.229999880366348,0.219848089315293,0.0333928661851405));
#8747=CARTESIAN_POINT('',(-0.230186517635019,0.219465426206357,0.0313));
#8748=CARTESIAN_POINT('',(-0.228538108313306,0.22284516617116,0.0313));
#8749=CARTESIAN_POINT('',(-0.240889215374089,0.19752164391668,0.0313));
#8750=CARTESIAN_POINT('',(-0.240889215374089,0.19752164391668,0.05865));
#8751=CARTESIAN_POINT('',(-0.240889215374089,0.19752164391668,0.0323));
#8752=CARTESIAN_POINT('',(-0.230550497440592,0.218719157012734,0.0323));
#8753=CARTESIAN_POINT('',(-0.23176926613853,0.216220310869353,0.0323));
#8754=CARTESIAN_POINT('',(-0.23176926613853,0.216220310869353,0.0403));
#8755=CARTESIAN_POINT('',(-0.0978021860602971,0.157784248911301,0.0253));
#8756=CARTESIAN_POINT('',(-0.211767082064085,0.194212647949987,0.0253));
#8757=CARTESIAN_POINT('',(-0.208767082064085,0.194212647949987,0.0253));
#8758=CARTESIAN_POINT('',(-0.18480326067511,0.181061513546315,0.0253));
#8759=CARTESIAN_POINT('',(-0.18180326067511,0.181061513546315,0.0253));
#8760=CARTESIAN_POINT('',(-0.157839439286135,0.167910379142642,0.0253));
#8761=CARTESIAN_POINT('',(-0.154839439286135,0.167910379142642,0.0253));
#8762=CARTESIAN_POINT('',(-0.13087561789716,0.154759244738969,0.0253));
#8763=CARTESIAN_POINT('',(-0.12787561789716,0.154759244738969,0.0253));
#8764=CARTESIAN_POINT('',(-0.0999982024119074,0.124354097697069,0.0253));
#8765=CARTESIAN_POINT('',(-0.126698267988652,0.137376589795693,0.0253));
#8766=CARTESIAN_POINT('',(-0.239047523776048,0.192172983144327,0.0253));
#8767=CARTESIAN_POINT('',(-0.113104601820526,0.165247735761349,0.0253));
#8768=CARTESIAN_POINT('',(-0.114242085662426,0.162915548270566,0.0253));
#8769=CARTESIAN_POINT('',(-0.0989396699021974,0.155452061420519,0.0253));
#8770=CARTESIAN_POINT('',(-0.226591341449822,0.217711941619201,0.0253));
#8771=CARTESIAN_POINT('',(-0.239047523776048,0.192172983144327,0.0253));
#8772=CARTESIAN_POINT('',(-0.0978021860602971,0.157784248911301,0.0273));
#8773=CARTESIAN_POINT('',(-0.13087561789716,0.154759244738969,0.0273));
#8774=CARTESIAN_POINT('',(-0.12787561789716,0.154759244738969,0.0273));
#8775=CARTESIAN_POINT('',(-0.157839439286135,0.167910379142642,0.0273));
#8776=CARTESIAN_POINT('',(-0.154839439286135,0.167910379142642,0.0273));
#8777=CARTESIAN_POINT('',(-0.18480326067511,0.181061513546315,0.0273));
#8778=CARTESIAN_POINT('',(-0.18180326067511,0.181061513546315,0.0273));
#8779=CARTESIAN_POINT('',(-0.211767082064085,0.194212647949987,0.0273));
#8780=CARTESIAN_POINT('',(-0.208767082064085,0.194212647949987,0.0273));
#8781=CARTESIAN_POINT('',(-0.113343291616127,0.162477177123777,0.0273));
#8782=CARTESIAN_POINT('',(-0.226591341449822,0.217711941619201,0.0273));
#8783=CARTESIAN_POINT('',(-0.114242085662426,0.162915548270566,0.0273));
#8784=CARTESIAN_POINT('',(-0.126698267988652,0.137376589795693,0.0273));
#8785=CARTESIAN_POINT('',(-0.126698267988652,0.137376589795693,0.0273));
#8786=CARTESIAN_POINT('',(-0.0999982024119074,0.124354097697069,0.0273));
#8787=CARTESIAN_POINT('',(-0.239047523776048,0.192172983144327,0.0273));
#8788=CARTESIAN_POINT('',(-0.225453857607921,0.220044129109983,0.0273));
#8789=CARTESIAN_POINT('',(-0.0999982024119074,0.189274420923796,0.0263));
#8790=CARTESIAN_POINT('',(-0.1130855106888,0.16244146248775,0.0387594222833563));
#8791=CARTESIAN_POINT('',(-0.226555875637798,0.217784657309838,0.0387594222833563));
#8792=CARTESIAN_POINT('',(-0.102381785684465,0.157220906984088,0.0387594222833563));
#8793=CARTESIAN_POINT('',(-0.104,0.191226228020353,0.0263));
#8794=CARTESIAN_POINT('',(-0.102381785684465,0.157220906984088,0.0138405777166438));
#8795=CARTESIAN_POINT('',(-0.1130855106888,0.16244146248775,0.0138405777166438));
#8796=CARTESIAN_POINT('',(-0.226555875637798,0.217784657309838,0.0138405777166438));
#8797=CARTESIAN_POINT('',(-0.213468567360905,0.244617615745884,0.0263));
#8798=CARTESIAN_POINT('',(-0.228538108313306,0.22284516617116,0.05865));
#8799=CARTESIAN_POINT('',(-0.240889215374089,0.19752164391668,0.05865));
#8800=CARTESIAN_POINT('',(-0.240889215374089,0.19752164391668,0.0203));
#8801=CARTESIAN_POINT('',(-0.240889215374089,0.19752164391668,0.0213));
#8802=CARTESIAN_POINT('',(-0.228606502028664,0.222704938273821,0.0213));
#8803=CARTESIAN_POINT('',(-0.230186517635019,0.219465426206357,0.0213));
#8804=CARTESIAN_POINT('',(-0.217063743546102,0.246371100333041,0.0263));
#8805=CARTESIAN_POINT('',(-0.229999880366348,0.219848089315293,0.0192071338148597));
#8806=CARTESIAN_POINT('',(-0.23176926613853,0.216220310869353,0.0123));
#8807=CARTESIAN_POINT('',(-0.23176926613853,0.216220310869353,0.0203));
#8808=CARTESIAN_POINT('',(-0.228538108313306,0.22284516617116,0.0203));
#8809=CARTESIAN_POINT('',(-0.0884471226940152,0.183640582912258,0.0263));
#8810=CARTESIAN_POINT('',(-0.0998403713675886,0.160280961388762,0.0219589785831961));
#8811=CARTESIAN_POINT('',(-0.224861816034478,0.221257994222388,0.0219589785831962));
#8812=CARTESIAN_POINT('',(-0.112512560247083,0.166461600873754,0.0219589785831962));
#8813=CARTESIAN_POINT('',(-0.110868731815202,0.165269604557125,0.0256004527296978));
#8814=CARTESIAN_POINT('',(-0.110860352955659,0.165286783765036,0.0248807495850602));
#8815=CARTESIAN_POINT('',(-0.111330246528148,0.165623334152412,0.0235372689032156));
#8816=CARTESIAN_POINT('',(-0.112126042730884,0.166176057284,0.0224810907288731));
#8817=CARTESIAN_POINT('',(-0.112512560247083,0.166461600873754,0.0219589785831962));
#8818=CARTESIAN_POINT('',(-0.110868731815202,0.165269604557125,0.0256004527296978));
#8819=CARTESIAN_POINT('',(-0.0993217234809112,0.188944480103671,0.0263));
#8820=CARTESIAN_POINT('',(-0.110868731815202,0.165269604557125,0.0269995472703025));
#8821=CARTESIAN_POINT('',(-0.110868731815202,0.165269604557125,0.0269995472703025));
#8822=CARTESIAN_POINT('',(-0.110860352955659,0.165286783765036,0.02771925041494));
#8823=CARTESIAN_POINT('',(-0.111330246528195,0.165623334152427,0.0290627310967413));
#8824=CARTESIAN_POINT('',(-0.112126042730789,0.16617605728397,0.0301189092712135));
#8825=CARTESIAN_POINT('',(-0.112512560247083,0.166461600873754,0.0306410214168041));
#8826=CARTESIAN_POINT('',(-0.112512560247083,0.166461600873754,0.0306410214168041));
#8827=CARTESIAN_POINT('',(-0.0998403713675886,0.160280961388762,0.0306410214168041));
#8828=CARTESIAN_POINT('',(-0.224861816034478,0.221257994222388,0.0306410214168041));
#8829=CARTESIAN_POINT('',(-0.213468567360905,0.244617615745884,0.0263));
#8830=CARTESIAN_POINT('',(-0.104,0.191226228020353,0.0263));
#8831=CARTESIAN_POINT('',(-0.102246515412844,0.21968805757517,0.0263));
#8832=CARTESIAN_POINT('',(-0.0934226352100712,0.137836008391556,0.0363));
#8833=CARTESIAN_POINT('',(-0.0982465154128437,0.127950150624559,0.0363));
#8834=CARTESIAN_POINT('',(-0.237294039188892,0.195768159329524,0.0363));
#8835=CARTESIAN_POINT('',(-0.104,0.130756312555526,0.0363));
#8836=CARTESIAN_POINT('',(-0.104,0.151952145602184,0.0363));
#8837=CARTESIAN_POINT('',(-0.104,0.153903075956447,0.0363));
#8838=CARTESIAN_POINT('',(-0.0891247685891931,0.146647940834938,0.0363));
#8839=CARTESIAN_POINT('',(-0.228174089953333,0.214466826282197,0.0363));
#8840=CARTESIAN_POINT('',(-0.239047523776048,0.192172983144327,0.0363));
#8841=CARTESIAN_POINT('',(-0.13087561789716,0.154759244738969,0.0363));
#8842=CARTESIAN_POINT('',(-0.13507561789716,0.154759244738969,0.0363));
#8843=CARTESIAN_POINT('',(-0.157839439286135,0.167910379142642,0.0363));
#8844=CARTESIAN_POINT('',(-0.162039439286135,0.167910379142642,0.0363));
#8845=CARTESIAN_POINT('',(-0.18480326067511,0.181061513546315,0.0363));
#8846=CARTESIAN_POINT('',(-0.18900326067511,0.181061513546315,0.0363));
#8847=CARTESIAN_POINT('',(-0.211767082064085,0.194212647949987,0.0363));
#8848=CARTESIAN_POINT('',(-0.215967082064085,0.194212647949987,0.0363));
#8849=CARTESIAN_POINT('',(-0.0934226352100712,0.137836008391556,0.0163));
#8850=CARTESIAN_POINT('',(-0.13087561789716,0.154759244738969,0.0163));
#8851=CARTESIAN_POINT('',(-0.13507561789716,0.154759244738969,0.0163));
#8852=CARTESIAN_POINT('',(-0.157839439286135,0.167910379142642,0.0163));
#8853=CARTESIAN_POINT('',(-0.162039439286135,0.167910379142642,0.0163));
#8854=CARTESIAN_POINT('',(-0.18480326067511,0.181061513546315,0.0163));
#8855=CARTESIAN_POINT('',(-0.18900326067511,0.181061513546315,0.0163));
#8856=CARTESIAN_POINT('',(-0.211767082064085,0.194212647949987,0.0163));
#8857=CARTESIAN_POINT('',(-0.215967082064085,0.194212647949987,0.0163));
#8858=CARTESIAN_POINT('',(-0.101218768697939,0.152546578814093,0.0163));
#8859=CARTESIAN_POINT('',(-0.228174089953333,0.214466826282197,0.0163));
#8860=CARTESIAN_POINT('',(-0.104,0.153903075956447,0.0163));
#8861=CARTESIAN_POINT('',(-0.104,0.137836008391556,0.0163));
#8862=CARTESIAN_POINT('',(-0.104,0.130756312555526,0.0163));
#8863=CARTESIAN_POINT('',(-0.0982447178247511,0.127949273882265,0.0163));
#8864=CARTESIAN_POINT('',(-0.237294039188892,0.195768159329524,0.0163));
#8865=CARTESIAN_POINT('',(-0.232471956574212,0.205654893838815,0.0163));
#8866=CARTESIAN_POINT('',(-0.0999982024119074,0.124354097697069,0.0208));
#8867=CARTESIAN_POINT('',(-0.0999982024119074,0.124354097697069,0.0203));
#8868=CARTESIAN_POINT('',(-0.239047523776048,0.192172983144327,0.0203));
#8869=CARTESIAN_POINT('',(-0.102246515412844,0.125450673216922,0.0203));
#8870=CARTESIAN_POINT('',(-0.102246515412844,0.125450673216922,0.0208));
#8871=CARTESIAN_POINT('',(-0.102246515412844,0.125450673216922,0.0323));
#8872=CARTESIAN_POINT('',(-0.242642699961245,0.193926467731484,0.0323));
#8873=CARTESIAN_POINT('',(-0.239047523776048,0.192172983144327,0.0323));
#8874=CARTESIAN_POINT('',(-0.239047523776048,0.192172983144327,0.0208));
#8875=CARTESIAN_POINT('',(-0.126698267988652,0.137376589795693,0.0263));
#8876=CARTESIAN_POINT('',(-0.239047523776048,0.192172983144327,0.0208));
#8877=CARTESIAN_POINT('',(-0.211767082064085,0.194212647949987,0.0283));
#8878=CARTESIAN_POINT('',(-0.211767082064085,0.194212647949987,0.0283));
#8879=CARTESIAN_POINT('',(-0.215967082064085,0.194212647949987,0.0283));
#8880=CARTESIAN_POINT('',(-0.171321349980623,0.171537065726048,0.0283));
#8881=CARTESIAN_POINT('',(-0.211767082064085,0.194212647949987,0.0283));
#8882=CARTESIAN_POINT('',(-0.214767082064085,0.194212647949987,0.0283));
#8883=CARTESIAN_POINT('',(-0.18480326067511,0.181061513546315,0.0283));
#8884=CARTESIAN_POINT('',(-0.18480326067511,0.181061513546315,0.0283));
#8885=CARTESIAN_POINT('',(-0.18900326067511,0.181061513546315,0.0283));
#8886=CARTESIAN_POINT('',(-0.171321349980623,0.171537065726048,0.0283));
#8887=CARTESIAN_POINT('',(-0.18480326067511,0.181061513546315,0.0283));
#8888=CARTESIAN_POINT('',(-0.18780326067511,0.181061513546315,0.0283));
#8889=CARTESIAN_POINT('',(-0.157839439286135,0.167910379142642,0.0283));
#8890=CARTESIAN_POINT('',(-0.157839439286135,0.167910379142642,0.0283));
#8891=CARTESIAN_POINT('',(-0.162039439286135,0.167910379142642,0.0283));
#8892=CARTESIAN_POINT('',(-0.171321349980623,0.171537065726048,0.0283));
#8893=CARTESIAN_POINT('',(-0.157839439286135,0.167910379142642,0.0283));
#8894=CARTESIAN_POINT('',(-0.160839439286135,0.167910379142642,0.0283));
#8895=CARTESIAN_POINT('',(-0.13087561789716,0.154759244738969,0.0283));
#8896=CARTESIAN_POINT('',(-0.13087561789716,0.154759244738969,0.0283));
#8897=CARTESIAN_POINT('',(-0.13507561789716,0.154759244738969,0.0283));
#8898=CARTESIAN_POINT('',(-0.171321349980623,0.171537065726048,0.0283));
#8899=CARTESIAN_POINT('',(-0.13087561789716,0.154759244738969,0.0283));
#8900=CARTESIAN_POINT('',(-0.13387561789716,0.154759244738969,0.0283));
#8901=CARTESIAN_POINT('',(-0.211767082064085,0.194212647949987,0.0243));
#8902=CARTESIAN_POINT('',(-0.211767082064085,0.194212647949987,0.0243));
#8903=CARTESIAN_POINT('',(-0.215967082064085,0.194212647949987,0.0243));
#8904=CARTESIAN_POINT('',(-0.171321349980623,0.171537065726048,0.0243));
#8905=CARTESIAN_POINT('',(-0.211767082064085,0.194212647949987,0.0243));
#8906=CARTESIAN_POINT('',(-0.214767082064085,0.194212647949987,0.0243));
#8907=CARTESIAN_POINT('',(-0.18480326067511,0.181061513546315,0.0243));
#8908=CARTESIAN_POINT('',(-0.18480326067511,0.181061513546315,0.0243));
#8909=CARTESIAN_POINT('',(-0.18900326067511,0.181061513546315,0.0243));
#8910=CARTESIAN_POINT('',(-0.171321349980623,0.171537065726048,0.0243));
#8911=CARTESIAN_POINT('',(-0.18480326067511,0.181061513546315,0.0243));
#8912=CARTESIAN_POINT('',(-0.18780326067511,0.181061513546315,0.0243));
#8913=CARTESIAN_POINT('',(-0.157839439286135,0.167910379142642,0.0243));
#8914=CARTESIAN_POINT('',(-0.157839439286135,0.167910379142642,0.0243));
#8915=CARTESIAN_POINT('',(-0.162039439286135,0.167910379142642,0.0243));
#8916=CARTESIAN_POINT('',(-0.171321349980623,0.171537065726048,0.0243));
#8917=CARTESIAN_POINT('',(-0.157839439286135,0.167910379142642,0.0243));
#8918=CARTESIAN_POINT('',(-0.160839439286135,0.167910379142642,0.0243));
#8919=CARTESIAN_POINT('',(-0.13087561789716,0.154759244738969,0.0243));
#8920=CARTESIAN_POINT('',(-0.13087561789716,0.154759244738969,0.0243));
#8921=CARTESIAN_POINT('',(-0.13507561789716,0.154759244738969,0.0243));
#8922=CARTESIAN_POINT('',(-0.171321349980623,0.171537065726048,0.0243));
#8923=CARTESIAN_POINT('',(-0.13087561789716,0.154759244738969,0.0243));
#8924=CARTESIAN_POINT('',(-0.13387561789716,0.154759244738969,0.0243));
#8925=CARTESIAN_POINT('',(-0.13087561789716,0.154759244738969,0.0113));
#8926=CARTESIAN_POINT('',(-0.157839439286135,0.167910379142642,0.0113));
#8927=CARTESIAN_POINT('',(-0.18480326067511,0.181061513546315,0.0113));
#8928=CARTESIAN_POINT('',(-0.211767082064085,0.194212647949987,0.0113));
#8929=CARTESIAN_POINT('',(-0.13087561789716,0.154759244738969,0.0113));
#8930=CARTESIAN_POINT('',(-0.157839439286135,0.167910379142642,0.0113));
#8931=CARTESIAN_POINT('',(-0.18480326067511,0.181061513546315,0.0113));
#8932=CARTESIAN_POINT('',(-0.211767082064085,0.194212647949987,0.0113));
#8933=CARTESIAN_POINT('',(-0.105919342435468,0.177698528648571,0.0263));
#8934=CARTESIAN_POINT('',(-0.113343291616127,0.162477177123777,0.0313));
#8935=CARTESIAN_POINT('',(-0.113343291616127,0.162477177123777,0.0263));
#8936=CARTESIAN_POINT('',(-0.112205742496579,0.164809498453572,0.0270260955538053));
#8937=CARTESIAN_POINT('',(-0.10022051752721,0.18938285125046,0.0263));
#8938=CARTESIAN_POINT('',(-0.112205742496579,0.164809498453572,0.0255739044461948));
#8939=CARTESIAN_POINT('',(-0.113343291616127,0.162477177123777,0.0213));
#8940=CARTESIAN_POINT('',(-0.0982447178247511,0.127949273882265,0.0323));
#8941=CARTESIAN_POINT('',(-0.104,0.130756312555526,0.0323));
#8942=CARTESIAN_POINT('',(-0.237294039188892,0.195768159329524,0.0323));
#8943=CARTESIAN_POINT('',(-0.237294039188892,0.195768159329524,0.0323));
#8944=CARTESIAN_POINT('',(-0.237294039188892,0.195768159329524,0.0323));
#8945=CARTESIAN_POINT('',(-0.237294039188892,0.195768159329524,0.0323));
#8946=CARTESIAN_POINT('',(-0.237294039188892,0.195768159329524,0.05865));
#8947=CARTESIAN_POINT('',(-0.237294039188892,0.195768159329524,0.0313));
#8948=CARTESIAN_POINT('',(-0.114703725004336,0.159123631460109,0.0123));
#8949=CARTESIAN_POINT('',(-0.104,0.153903075956447,0.0123));
#8950=CARTESIAN_POINT('',(-0.228174089953333,0.214466826282197,0.0123));
#8951=CARTESIAN_POINT('',(-0.114703725004336,0.159123631460109,0.0403));
#8952=CARTESIAN_POINT('',(-0.104,0.153903075956447,0.0403));
#8953=CARTESIAN_POINT('',(-0.228174089953333,0.214466826282197,0.0403));
#8954=CARTESIAN_POINT('',(-0.232471956574212,0.205654893838815,0.0323));
#8955=CARTESIAN_POINT('',(-0.228174089953333,0.214466826282197,0.0323));
#8956=CARTESIAN_POINT('',(-0.22494293212811,0.221091681584004,0.0313));
#8957=CARTESIAN_POINT('',(-0.226591341449822,0.217711941619201,0.0313));
#8958=CARTESIAN_POINT('',(-0.101569896782932,0.156734908785575,0.0313));
#8959=CARTESIAN_POINT('',(-0.114242085662426,0.162915548270566,0.0313));
#8960=CARTESIAN_POINT('',(-0.226591341449822,0.217711941619201,0.0313));
#8961=CARTESIAN_POINT('',(-0.228174089953333,0.214466826282197,0.0123));
#8962=CARTESIAN_POINT('',(-0.224937661322263,0.221102488337479,0.0153811554332876));
#8963=CARTESIAN_POINT('',(-0.228823229274133,0.221970834731541,0.0149960110041266));
#8964=CARTESIAN_POINT('',(-0.228174089953333,0.214466826282197,0.0203));
#8965=CARTESIAN_POINT('',(-0.229999880366348,0.219848089315293,0.0192071338148597));
#8966=CARTESIAN_POINT('',(-0.22957675741485,0.220715619928212,0.0179069611336495));
#8967=CARTESIAN_POINT('',(-0.229097882969223,0.221407711205395,0.0164972642182047));
#8968=CARTESIAN_POINT('',(-0.228823229274134,0.22197083473154,0.0149960110041266));
#8969=CARTESIAN_POINT('',(-0.213468567360905,0.244617615745884,0.0263));
#8970=CARTESIAN_POINT('',(-0.224937661322263,0.221102488337479,0.0372188445667126));
#8971=CARTESIAN_POINT('',(-0.228823229274134,0.22197083473154,0.0376039889958731));
#8972=CARTESIAN_POINT('',(-0.216949581733893,0.246315419896856,0.0263));
#8973=CARTESIAN_POINT('',(-0.228174089953333,0.214466826282197,0.0403));
#8974=CARTESIAN_POINT('',(-0.229999880366348,0.219848089315293,0.0333928661851405));
#8975=CARTESIAN_POINT('',(-0.22957675741485,0.220715619928212,0.0346930388663506));
#8976=CARTESIAN_POINT('',(-0.229097882969223,0.221407711205395,0.036102735781795));
#8977=CARTESIAN_POINT('',(-0.228823229274134,0.22197083473154,0.0376039889958729));
#8978=CARTESIAN_POINT('',(-0.226591341449822,0.217711941619201,0.0313));
#8979=CARTESIAN_POINT('',(-0.226591341449822,0.217711941619201,0.0313));
#8980=CARTESIAN_POINT('',(-0.0982447178247511,0.127949273882265,0.0203));
#8981=CARTESIAN_POINT('',(-0.104,0.130756312555526,0.0203));
#8982=CARTESIAN_POINT('',(-0.237294039188892,0.195768159329524,0.0203));
#8983=CARTESIAN_POINT('',(-0.22494293212811,0.221091681584004,0.0203));
#8984=CARTESIAN_POINT('',(-0.237294039188892,0.195768159329524,0.0203));
#8985=CARTESIAN_POINT('',(-0.213468567360905,0.244617615745884,0.0263));
#8986=CARTESIAN_POINT('',(-0.226591341449822,0.217711941619201,0.0213));
#8987=CARTESIAN_POINT('',(-0.101569896782932,0.156734908785575,0.0213));
#8988=CARTESIAN_POINT('',(-0.114242085662426,0.162915548270566,0.0213));
#8989=CARTESIAN_POINT('',(-0.226591341449822,0.217711941619201,0.0213));
#8990=CARTESIAN_POINT('',(-0.237294039188892,0.195768159329524,0.0203));
#8991=CARTESIAN_POINT('',(-0.237294039188892,0.195768159329524,0.0203));
#8992=CARTESIAN_POINT('',(-0.226591341449822,0.217711941619201,0.0213));
#8993=CARTESIAN_POINT('',(-0.226591341449822,0.217711941619201,0.0213));
#8994=CARTESIAN_POINT('',(-0.237294039188892,0.195768159329524,0.05865));
#8995=CARTESIAN_POINT('',(-0.237294039188892,0.195768159329524,0.0213));
#8996=CARTESIAN_POINT('',(-0.225453857607921,0.220044129109983,0.0213));
#8997=CARTESIAN_POINT('',(-0.114242085662426,0.162915548270566,0.0313));
#8998=CARTESIAN_POINT('',(-0.112205742496579,0.164809498453571,0.0270260955538053));
#8999=CARTESIAN_POINT('',(-0.112153169110391,0.164917289869236,0.0273399226579984));
#9000=CARTESIAN_POINT('',(-0.112137284837769,0.165216096786626,0.0279407646234482));
#9001=CARTESIAN_POINT('',(-0.112224076732267,0.165872454661143,0.0291023352292399));
#9002=CARTESIAN_POINT('',(-0.112374282422893,0.166277722615393,0.0300144654467879));
#9003=CARTESIAN_POINT('',(-0.112512560247083,0.166461600873754,0.0306410214168041));
#9004=CARTESIAN_POINT('',(-0.114242085662426,0.162915548270566,0.0263));
#9005=CARTESIAN_POINT('',(-0.113104601820526,0.165247735761349,0.0263));
#9006=CARTESIAN_POINT('',(-0.114242085662426,0.162915548270566,0.0263));
#9007=CARTESIAN_POINT('',(-0.114242085662426,0.162915548270566,0.0213));
#9008=CARTESIAN_POINT('',(-0.112205742496579,0.164809498453572,0.0255739044461948));
#9009=CARTESIAN_POINT('',(-0.112153169110391,0.164917289869237,0.0252600773420018));
#9010=CARTESIAN_POINT('',(-0.112137284837777,0.165216096786629,0.0246592353765546));
#9011=CARTESIAN_POINT('',(-0.112224076732228,0.165872454661127,0.0234976647707468));
#9012=CARTESIAN_POINT('',(-0.112374282423065,0.166277722615466,0.0225855345532717));
#9013=CARTESIAN_POINT('',(-0.112512560247083,0.166461600873754,0.0219589785831962));
#9014=CARTESIAN_POINT('',(-0.1,-0.00675,-0.01));
#9015=CARTESIAN_POINT('',(-0.1,-0.204726228020353,0.0263));
#9016=CARTESIAN_POINT('',(-0.1,-0.229592881389973,0.0263));
#9017=CARTESIAN_POINT('',(-0.1,-0.202775297666084,0.0263));
#9018=CARTESIAN_POINT('',(-0.1,-0.225082966572612,0.0263));
#9019=CARTESIAN_POINT('',(0.1,-0.337,0.0533509476423263));
#9020=CARTESIAN_POINT('',(0.088,-0.337,0.0533509476423263));
#9021=CARTESIAN_POINT('',(0.088,-0.337,0.0249018952846526));
#9022=CARTESIAN_POINT('',(0.088,-0.337,0.0484018952846525));
#9023=CARTESIAN_POINT('',(0.1,-0.337,0.0484018952846525));
#9024=CARTESIAN_POINT('',(-0.088,-0.337,0.0484018952846525));
#9025=CARTESIAN_POINT('',(-0.088,-0.337,0.0129018952846526));
#9026=CARTESIAN_POINT('',(-0.088,-0.337,0.0249018952846526));
#9027=CARTESIAN_POINT('',(0.1,-0.337,0.0249018952846526));
#9028=CARTESIAN_POINT('',(0.1,-0.310263686941005,-0.00557564686822692));
#9029=CARTESIAN_POINT('',(-0.088,-0.310263686941005,-0.00557564686822692));
#9030=CARTESIAN_POINT('',(-0.088,-0.327128130562833,0.00607941818205093));
#9031=CARTESIAN_POINT('',(-0.088,-0.293399243319178,-0.0172307119185049));
#9032=CARTESIAN_POINT('',(0.1,-0.293399243319178,-0.0172307119185049));
#9033=CARTESIAN_POINT('',(0.088,-0.293399243319178,-0.0172307119185049));
#9034=CARTESIAN_POINT('',(0.088,-0.337,0.0129018952846526));
#9035=CARTESIAN_POINT('',(0.088,-0.327128130562833,0.00607941818205093));
#9036=CARTESIAN_POINT('',(-0.1,-0.327128130562833,0.00607941818205093));
#9037=CARTESIAN_POINT('',(0.1,-0.247563686941006,-0.0363256468682269));
#9038=CARTESIAN_POINT('',(-0.088,-0.247563686941006,-0.0363256468682269));
#9039=CARTESIAN_POINT('',(-0.088,-0.272170420111167,-0.0279287020254603));
#9040=CARTESIAN_POINT('',(-0.088,-0.222956953770844,-0.0447225917109936));
#9041=CARTESIAN_POINT('',(0.1,-0.222956953770844,-0.0447225917109936));
#9042=CARTESIAN_POINT('',(0.088,-0.222956953770844,-0.0447225917109936));
#9043=CARTESIAN_POINT('',(0.088,-0.283527373882011,-0.0240531890211064));
#9044=CARTESIAN_POINT('',(0.088,-0.272170420111167,-0.0279287020254603));
#9045=CARTESIAN_POINT('',(0.1,-0.272170420111167,-0.0279287020254603));
#9046=CARTESIAN_POINT('',(0.1,-0.1466,-0.0485981047153474));
#9047=CARTESIAN_POINT('',(-0.088,-0.1466,-0.0485981047153474));
#9048=CARTESIAN_POINT('',(-0.088,-0.1996,-0.0485981047153474));
#9049=CARTESIAN_POINT('',(-0.088,-0.0936,-0.0485981047153473));
#9050=CARTESIAN_POINT('',(0.1,-0.0936,-0.0485981047153473));
#9051=CARTESIAN_POINT('',(0.088,-0.0936,-0.0485981047153473));
#9052=CARTESIAN_POINT('',(0.088,-0.2116,-0.0485981047153474));
#9053=CARTESIAN_POINT('',(0.088,-0.1996,-0.0485981047153474));
#9054=CARTESIAN_POINT('',(0.1,-0.1996,-0.0485981047153474));
#9055=CARTESIAN_POINT('',(0.1,-0.0592189037777592,-0.0874048671438717));
#9056=CARTESIAN_POINT('',(-0.088,-0.0368378075555183,-0.126211629572396));
#9057=CARTESIAN_POINT('',(-0.088,-0.0756048219696396,-0.058993192035052));
#9058=CARTESIAN_POINT('',(-0.088,-0.0428329855858786,-0.115816542252691));
#9059=CARTESIAN_POINT('',(0.1,-0.0428329855858786,-0.115816542252691));
#9060=CARTESIAN_POINT('',(0.088,-0.0428329855858786,-0.115816542252691));
#9061=CARTESIAN_POINT('',(0.088,-0.0592189037777592,-0.0874048671438717));
#9062=CARTESIAN_POINT('',(0.088,-0.0756048219696396,-0.058993192035052));
#9063=CARTESIAN_POINT('',(0.1,-0.0756048219696396,-0.058993192035052));
#9064=CARTESIAN_POINT('',(0.1,0.012492584577081,-0.150605814786198));
#9065=CARTESIAN_POINT('',(-0.088,0.0618229767096802,-0.175));
#9066=CARTESIAN_POINT('',(-0.088,-0.0260811474453455,-0.131530864787558));
#9067=CARTESIAN_POINT('',(-0.088,0.0510663165995075,-0.169680764784838));
#9068=CARTESIAN_POINT('',(0.1,0.0510663165995075,-0.169680764784838));
#9069=CARTESIAN_POINT('',(0.088,0.0510663165995075,-0.169680764784838));
#9070=CARTESIAN_POINT('',(0.088,0.012492584577081,-0.150605814786198));
#9071=CARTESIAN_POINT('',(0.088,-0.0260811474453455,-0.131530864787558));
#9072=CARTESIAN_POINT('',(0.1,-0.0260811474453455,-0.131530864787558));
#9073=CARTESIAN_POINT('',(0.1,0.14591148835484,-0.175));
#9074=CARTESIAN_POINT('',(-0.088,0.23,-0.175));
#9075=CARTESIAN_POINT('',(-0.088,0.0738229767096803,-0.175));
#9076=CARTESIAN_POINT('',(-0.088,0.218,-0.175));
#9077=CARTESIAN_POINT('',(0.1,0.218,-0.175));
#9078=CARTESIAN_POINT('',(0.088,0.218,-0.175));
#9079=CARTESIAN_POINT('',(0.088,0.14591148835484,-0.175));
#9080=CARTESIAN_POINT('',(0.088,0.0738229767096803,-0.175));
#9081=CARTESIAN_POINT('',(0.1,0.0738229767096803,-0.175));
#9082=CARTESIAN_POINT('',(0.1,0.27675,-0.1081));
#9083=CARTESIAN_POINT('',(0.088,0.23,-0.175));
#9084=CARTESIAN_POINT('',(0.088,0.316626348313597,-0.0510363058357297));
#9085=CARTESIAN_POINT('',(0.088,0.236873651686403,-0.165163694164271));
#9086=CARTESIAN_POINT('',(-0.1,0.236873651686403,-0.165163694164271));
#9087=CARTESIAN_POINT('',(-0.088,0.236873651686403,-0.165163694164271));
#9088=CARTESIAN_POINT('',(-0.088,0.27675,-0.1081));
#9089=CARTESIAN_POINT('',(-0.088,0.316626348313597,-0.0510363058357297));
#9090=CARTESIAN_POINT('',(0.1,0.316626348313597,-0.0510363058357297));
#9091=CARTESIAN_POINT('',(0.1,0.3235,-0.0206));
#9092=CARTESIAN_POINT('',(0.088,0.3235,-0.0412));
#9093=CARTESIAN_POINT('',(0.088,0.3235,0.1218));
#9094=CARTESIAN_POINT('',(0.088,0.3235,-0.0292));
#9095=CARTESIAN_POINT('',(0.1,0.3235,-0.0292));
#9096=CARTESIAN_POINT('',(-0.088,0.3235,-0.0292));
#9097=CARTESIAN_POINT('',(-0.088,0.3235,-0.0206));
#9098=CARTESIAN_POINT('',(-0.088,0.3235,0.1218));
#9099=CARTESIAN_POINT('',(0.1,0.3235,0.1218));
#9100=CARTESIAN_POINT('',(0.1,0.27675,0.1444));
#9101=CARTESIAN_POINT('',(0.088,0.3235,0.1338));
#9102=CARTESIAN_POINT('',(0.088,0.241702945228909,0.152346497980183));
#9103=CARTESIAN_POINT('',(0.088,0.311797054771092,0.136453502019817));
#9104=CARTESIAN_POINT('',(0.1,0.311797054771092,0.136453502019817));
#9105=CARTESIAN_POINT('',(-0.088,0.311797054771092,0.136453502019817));
#9106=CARTESIAN_POINT('',(-0.088,0.27675,0.1444));
#9107=CARTESIAN_POINT('',(-0.088,0.241702945228909,0.152346497980183));
#9108=CARTESIAN_POINT('',(0.1,0.241702945228909,0.152346497980183));
#9109=CARTESIAN_POINT('',(0.1,0.115,0.155));
#9110=CARTESIAN_POINT('',(0.088,0.115,0.155));
#9111=CARTESIAN_POINT('',(0.088,0.0119999999999986,0.155));
#9112=CARTESIAN_POINT('',(0.088,0.218,0.155));
#9113=CARTESIAN_POINT('',(-0.1,0.218,0.155));
#9114=CARTESIAN_POINT('',(-0.088,0.218,0.155));
#9115=CARTESIAN_POINT('',(-0.088,-3.85625478328196E-17,0.155));
#9116=CARTESIAN_POINT('',(-0.088,0.0119999999999986,0.155));
#9117=CARTESIAN_POINT('',(0.1,0.0119999999999986,0.155));
#9118=CARTESIAN_POINT('',(0.1,-0.018957296865752,0.154669099152345));
#9119=CARTESIAN_POINT('',(0.088,-0.018957296865752,0.154669099152345));
#9120=CARTESIAN_POINT('',(0.088,-0.0259164213896186,0.154547627181937));
#9121=CARTESIAN_POINT('',(0.088,-0.0119981723418768,0.154790571122752));
#9122=CARTESIAN_POINT('',(0.1,-0.0119981723418768,0.154790571122752));
#9123=CARTESIAN_POINT('',(-0.088,-0.0119981723418768,0.154790571122752));
#9124=CARTESIAN_POINT('',(-0.088,-0.0379145937315038,0.15433819830469));
#9125=CARTESIAN_POINT('',(-0.088,-0.0259164213896186,0.154547627181937));
#9126=CARTESIAN_POINT('',(0.1,-0.0259164213896186,0.154547627181937));
#9127=CARTESIAN_POINT('',(0.1,-0.0780202239742694,0.150932185558034));
#9128=CARTESIAN_POINT('',(0.088,-0.0780202239742694,0.150932185558034));
#9129=CARTESIAN_POINT('',(0.088,-0.106168896132233,0.148541630027773));
#9130=CARTESIAN_POINT('',(0.088,-0.0498715518162972,0.153322741088296));
#9131=CARTESIAN_POINT('',(0.1,-0.0498715518162972,0.153322741088296));
#9132=CARTESIAN_POINT('',(-0.088,-0.0498715518162972,0.153322741088296));
#9133=CARTESIAN_POINT('',(-0.088,-0.118125854217033,0.147526172811379));
#9134=CARTESIAN_POINT('',(-0.088,-0.106168896132233,0.148541630027773));
#9135=CARTESIAN_POINT('',(0.1,-0.106168896132233,0.148541630027773));
#9136=CARTESIAN_POINT('',(0.1,-0.160506764857906,0.137288086405689));
#9137=CARTESIAN_POINT('',(-0.088,-0.202887675498779,0.12705));
#9138=CARTESIAN_POINT('',(-0.088,-0.129790325035622,0.144708350864859));
#9139=CARTESIAN_POINT('',(-0.088,-0.19122320468019,0.12986782194652));
#9140=CARTESIAN_POINT('',(0.1,-0.19122320468019,0.12986782194652));
#9141=CARTESIAN_POINT('',(0.088,-0.19122320468019,0.12986782194652));
#9142=CARTESIAN_POINT('',(0.088,-0.160506764857906,0.137288086405689));
#9143=CARTESIAN_POINT('',(0.088,-0.129790325035622,0.144708350864859));
#9144=CARTESIAN_POINT('',(0.1,-0.129790325035622,0.144708350864859));
#9145=CARTESIAN_POINT('',(0.1,-0.228355486064275,0.116675));
#9146=CARTESIAN_POINT('',(-0.088,-0.253823296629771,0.1063));
#9147=CARTESIAN_POINT('',(-0.088,-0.214000901927359,0.122522727272727));
#9148=CARTESIAN_POINT('',(-0.088,-0.242710070201191,0.110827272727273));
#9149=CARTESIAN_POINT('',(0.1,-0.242710070201191,0.110827272727273));
#9150=CARTESIAN_POINT('',(0.088,-0.242710070201191,0.110827272727273));
#9151=CARTESIAN_POINT('',(0.088,-0.228355486064275,0.116675));
#9152=CARTESIAN_POINT('',(0.088,-0.214000901927359,0.122522727272727));
#9153=CARTESIAN_POINT('',(0.1,-0.214000901927359,0.122522727272727));
#9154=CARTESIAN_POINT('',(0.1,-0.295411648314886,0.0833509476423263));
#9155=CARTESIAN_POINT('',(0.088,-0.295411648314886,0.0833509476423263));
#9156=CARTESIAN_POINT('',(0.088,-0.326493469047971,0.0661995506171175));
#9157=CARTESIAN_POINT('',(0.088,-0.264329827581801,0.100502344667535));
#9158=CARTESIAN_POINT('',(0.1,-0.264329827581801,0.100502344667535));
#9159=CARTESIAN_POINT('',(-0.088,-0.264329827581801,0.100502344667535));
#9160=CARTESIAN_POINT('',(-0.088,-0.337,0.0604018952846526));
#9161=CARTESIAN_POINT('',(-0.088,-0.326493469047971,0.0661995506171175));
#9162=CARTESIAN_POINT('',(0.1,-0.326493469047971,0.0661995506171175));
#9163=CARTESIAN_POINT('',(-0.1,-0.107820660908357,0.173160599635747));
#9164=CARTESIAN_POINT('',(-0.088,-0.326493469047971,0.0661995506171175));
#9165=CARTESIAN_POINT('',(-0.1,-0.325,0.0533179075868817));
#9166=CARTESIAN_POINT('',(-0.1,-0.248643007807365,0.095452797302419));
#9167=CARTESIAN_POINT('',(-0.1,-0.248643007807365,0.095452797302419));
#9168=CARTESIAN_POINT('',(-0.1,-0.248025641297307,0.095793469047971));
#9169=CARTESIAN_POINT('',(-0.088,-0.326493469047971,0.0661995506171175));
#9170=CARTESIAN_POINT('',(-0.088,-0.326493469047971,0.0661995506171175));
#9171=CARTESIAN_POINT('',(-0.0962099034013397,-0.32879009659866,0.0517652274614108));
#9172=CARTESIAN_POINT('',(-0.1,-0.248643007807365,0.095452797302419));
#9173=CARTESIAN_POINT('',(-0.1,-0.248643007807365,0.095452797302419));
#9174=CARTESIAN_POINT('',(-0.088,-0.253519948891496,0.105664808697404));
#9175=CARTESIAN_POINT('',(-0.1,-0.325,-0.01));
#9176=CARTESIAN_POINT('',(-0.1,-0.325,0.0604018952846526));
#9177=CARTESIAN_POINT('',(-0.1,-0.325,0.0191955638916201));
#9178=CARTESIAN_POINT('',(-0.088,-0.337,0.0249018952846526));
#9179=CARTESIAN_POINT('',(0.1,-0.337,0.0484018952846525));
#9180=CARTESIAN_POINT('',(0.088,-0.331746734523986,0.057300722950885));
#9181=CARTESIAN_POINT('',(0.088,-0.295411648314886,0.0833509476423263));
#9182=CARTESIAN_POINT('',(0.088,-0.264329827581801,0.100502344667535));
#9183=CARTESIAN_POINT('',(0.1,-0.325,0.0533179075868818));
#9184=CARTESIAN_POINT('',(0.1,-0.264329827581801,0.100502344667535));
#9185=CARTESIAN_POINT('',(0.088,-0.264329827581801,0.100502344667535));
#9186=CARTESIAN_POINT('',(-0.1,-0.0780242514327258,0.164958952644453));
#9187=CARTESIAN_POINT('',(-0.1,-0.199194442902467,0.115597004813659));
#9188=CARTESIAN_POINT('',(-0.1,-0.199194442902467,0.115597004813659));
#9189=CARTESIAN_POINT('',(-0.1,-0.198360402771506,0.11593677357142));
#9190=CARTESIAN_POINT('',(-0.088,-0.337,0.0249018952846526));
#9191=CARTESIAN_POINT('',(-0.088,-0.337,0.0249018952846526));
#9192=CARTESIAN_POINT('',(-0.0964552593875949,-0.325628639236214,0.0153211193603756));
#9193=CARTESIAN_POINT('',(0.1,-0.325,0.0533179075868817));
#9194=CARTESIAN_POINT('',(0.1,-0.325,0.0533179075868817));
#9195=CARTESIAN_POINT('',(0.088,-0.264329827581801,0.100502344667535));
#9196=CARTESIAN_POINT('',(0.0962875884343969,-0.246807548958435,0.100209162334278));
#9197=CARTESIAN_POINT('',(-0.1,-0.199194442902467,0.115597004813659));
#9198=CARTESIAN_POINT('',(-0.1,-0.199194442902467,0.115597004813659));
#9199=CARTESIAN_POINT('',(-0.088,-0.202612053303775,0.126195274609624));
#9200=CARTESIAN_POINT('',(-0.088,-0.310263686941005,-0.00557564686822692));
#9201=CARTESIAN_POINT('',(-0.1,-0.095965189882454,-0.139091046123967));
#9202=CARTESIAN_POINT('',(-0.1,-0.27807529986435,-0.013234230106323));
#9203=CARTESIAN_POINT('',(-0.1,-0.27807529986435,-0.013234230106323));
#9204=CARTESIAN_POINT('',(0.1,-0.327128130562833,0.00607941818205093));
#9205=CARTESIAN_POINT('',(0.088,-0.332064065281417,0.0154906567333517));
#9206=CARTESIAN_POINT('',(0.088,-0.337,0.0533509476423263));
#9207=CARTESIAN_POINT('',(0.1,-0.325,0.01919556389162));
#9208=CARTESIAN_POINT('',(0.088,-0.228355486064275,0.116675));
#9209=CARTESIAN_POINT('',(0.088,-0.214000901927359,0.122522727272727));
#9210=CARTESIAN_POINT('',(0.1,-0.214000901927359,0.122522727272727));
#9211=CARTESIAN_POINT('',(0.088,-0.214000901927359,0.122522727272727));
#9212=CARTESIAN_POINT('',(-0.1,-0.0460292006806783,0.152597601556446));
#9213=CARTESIAN_POINT('',(-0.1,-0.116198055938641,0.135646696248939));
#9214=CARTESIAN_POINT('',(-0.1,-0.116198055938641,0.135646696248939));
#9215=CARTESIAN_POINT('',(-0.1,-0.115308032270513,0.13586170199279));
#9216=CARTESIAN_POINT('',(-0.1,-0.27807529986435,-0.013234230106323));
#9217=CARTESIAN_POINT('',(-0.088,-0.282784831715172,-0.0225797069719826));
#9218=CARTESIAN_POINT('',(-0.1,-0.27807529986435,-0.013234230106323));
#9219=CARTESIAN_POINT('',(0.1,-0.325,0.01919556389162));
#9220=CARTESIAN_POINT('',(0.1,-0.325,0.01919556389162));
#9221=CARTESIAN_POINT('',(0.088,-0.214000901927359,0.122522727272727));
#9222=CARTESIAN_POINT('',(0.096357659740547,-0.19677494607791,0.119928602461852));
#9223=CARTESIAN_POINT('',(-0.1,-0.116198055938641,0.135646696248939));
#9224=CARTESIAN_POINT('',(-0.1,-0.116198055938641,0.135646696248939));
#9225=CARTESIAN_POINT('',(-0.088,-0.117979610583928,0.146624990446316));
#9226=CARTESIAN_POINT('',(-0.088,-0.247563686941006,-0.0363256468682269));
#9227=CARTESIAN_POINT('',(-0.1,-0.0360385363405767,-0.0958282639903226));
#9228=CARTESIAN_POINT('',(-0.1,-0.209608894631187,-0.0365981047153474));
#9229=CARTESIAN_POINT('',(-0.088,-0.222956953770844,-0.0447225917109936));
#9230=CARTESIAN_POINT('',(0.1,-0.272170420111167,-0.0279287020254603));
#9231=CARTESIAN_POINT('',(0.088,-0.272170420111167,-0.0279287020254603));
#9232=CARTESIAN_POINT('',(0.1,-0.095965189882454,-0.139091046123967));
#9233=CARTESIAN_POINT('',(0.0965884031435131,-0.282431892974307,-0.0143704288386102));
#9234=CARTESIAN_POINT('',(0.088,-0.160506764857906,0.137288086405689));
#9235=CARTESIAN_POINT('',(0.088,-0.129790325035622,0.144708350864859));
#9236=CARTESIAN_POINT('',(0.1,-0.129790325035622,0.144708350864859));
#9237=CARTESIAN_POINT('',(0.088,-0.129790325035622,0.144708350864859));
#9238=CARTESIAN_POINT('',(-0.1,-0.0198143596024518,0.143832182832835));
#9239=CARTESIAN_POINT('',(-0.0961711617357635,-0.0413121955445115,0.145849077627947));
#9240=CARTESIAN_POINT('',(-0.1,-0.0373014573079631,0.142347072704246));
#9241=CARTESIAN_POINT('',(-0.1,-0.0368991365151096,0.142381240219889));
#9242=CARTESIAN_POINT('',(-0.088,-0.222956953770844,-0.0447225917109936));
#9243=CARTESIAN_POINT('',(-0.088,-0.222956953770844,-0.0447225917109936));
#9244=CARTESIAN_POINT('',(-0.0966645858031065,-0.206826910527181,-0.0399335189122408));
#9245=CARTESIAN_POINT('',(0.088,-0.272170420111167,-0.0279287020254603));
#9246=CARTESIAN_POINT('',(0.088,-0.272170420111167,-0.0279287020254603));
#9247=CARTESIAN_POINT('',(0.088,-0.129790325035622,0.144708350864859));
#9248=CARTESIAN_POINT('',(0.096362866831222,-0.113158273456402,0.139555078861955));
#9249=CARTESIAN_POINT('',(-0.088,-0.0259164213896186,0.154547627181937));
#9250=CARTESIAN_POINT('',(-0.088,-0.0259164213896185,0.154547627181937));
#9251=CARTESIAN_POINT('',(-0.088,-0.0259164213896186,0.154547627181937));
#9252=CARTESIAN_POINT('',(-0.088,-0.1466,-0.0485981047153474));
#9253=CARTESIAN_POINT('',(-0.1,-0.00675,-0.0365981047153473));
#9254=CARTESIAN_POINT('',(-0.1,-0.0936,-0.0365981047153474));
#9255=CARTESIAN_POINT('',(-0.088,-0.0936,-0.0485981047153473));
#9256=CARTESIAN_POINT('',(0.1,-0.1996,-0.0485981047153474));
#9257=CARTESIAN_POINT('',(0.088,-0.211278476885422,-0.0466603482131705));
#9258=CARTESIAN_POINT('',(0.1,-0.0360385363405766,-0.0958282639903226));
#9259=CARTESIAN_POINT('',(0.1,-0.209608894631187,-0.0365981047153474));
#9260=CARTESIAN_POINT('',(0.088,-0.0780202239742694,0.150932185558034));
#9261=CARTESIAN_POINT('',(0.1,-0.0373014573079629,0.142347072704246));
#9262=CARTESIAN_POINT('',(0.1,-0.0498715518162975,0.153322741088296));
#9263=CARTESIAN_POINT('',(0.088,-0.0378939866029586,0.153935184135117));
#9264=CARTESIAN_POINT('',(-0.1,-0.00941772364189848,0.142833785085828));
#9265=CARTESIAN_POINT('',(-0.0960459974282071,-0.00388318400225112,0.146884995711856));
#9266=CARTESIAN_POINT('',(-0.1,0.000104722413485293,0.143));
#9267=CARTESIAN_POINT('',(-0.1,0.000209428877247368,0.143001827658123));
#9268=CARTESIAN_POINT('',(-0.088,-0.0756048219696396,-0.058993192035052));
#9269=CARTESIAN_POINT('',(-0.1,-0.065209734649935,-0.0529980140046916));
#9270=CARTESIAN_POINT('',(-0.1,-0.065209734649935,-0.0529980140046916));
#9271=CARTESIAN_POINT('',(-0.1,-0.065209734649935,-0.0529980140046916));
#9272=CARTESIAN_POINT('',(-0.088,-0.0756048219696396,-0.058993192035052));
#9273=CARTESIAN_POINT('',(0.1,-0.209608894631187,-0.0365981047153474));
#9274=CARTESIAN_POINT('',(0.1,-0.209608894631187,-0.0365981047153474));
#9275=CARTESIAN_POINT('',(0.1,-0.0373014573079632,0.142347072704246));
#9276=CARTESIAN_POINT('',(0.1,-0.0373014573079633,0.142347072704246));
#9277=CARTESIAN_POINT('',(-0.088,0.0119999999999986,0.155));
#9278=CARTESIAN_POINT('',(-0.088,0.0119999999999988,0.155));
#9279=CARTESIAN_POINT('',(-0.088,0.0119999999999986,0.155));
#9280=CARTESIAN_POINT('',(-0.1,-0.069226986597008,-0.0460324686007685));
#9281=CARTESIAN_POINT('',(-0.1,-0.0712049126802954,-0.0426029266849869));
#9282=CARTESIAN_POINT('',(-0.1,-0.0282592753366466,-0.117066712068314));
#9283=CARTESIAN_POINT('',(-0.1,-0.0282592753366466,-0.117066712068314));
#9284=CARTESIAN_POINT('',(0.1,-0.0756048219696396,-0.058993192035052));
#9285=CARTESIAN_POINT('',(0.088,-0.0756048219696396,-0.058993192035052));
#9286=CARTESIAN_POINT('',(0.1,-0.00675,-0.0365981047153473));
#9287=CARTESIAN_POINT('',(0.1,-0.0936,-0.0365981047153474));
#9288=CARTESIAN_POINT('',(0.088,-0.018957296865752,0.154669099152345));
#9289=CARTESIAN_POINT('',(0.1,0.000104722413485413,0.143));
#9290=CARTESIAN_POINT('',(0.1,-0.0119981723418771,0.154790571122752));
#9291=CARTESIAN_POINT('',(0.088,9.1382905795782E-7,0.154895285561376));
#9292=CARTESIAN_POINT('',(-0.1,-0.00675,0.143));
#9293=CARTESIAN_POINT('',(-0.0964998347622703,0.225548293572263,0.14650016523773));
#9294=CARTESIAN_POINT('',(-0.1,0.228656621616838,0.143));
#9295=CARTESIAN_POINT('',(-0.1,0.23,0.143));
#9296=CARTESIAN_POINT('',(-0.1,-0.0282592753366466,-0.117066712068314));
#9297=CARTESIAN_POINT('',(-0.088,-0.0344570665156122,-0.123673703520125));
#9298=CARTESIAN_POINT('',(-0.1,-0.0282592753366466,-0.117066712068314));
#9299=CARTESIAN_POINT('',(0.088,-0.0936,-0.0485981047153473));
#9300=CARTESIAN_POINT('',(0.088,-0.0756048219696396,-0.058993192035052));
#9301=CARTESIAN_POINT('',(0.1,0.000104722413485413,0.143));
#9302=CARTESIAN_POINT('',(0.1,0.000104722413485601,0.143));
#9303=CARTESIAN_POINT('',(-0.088,0.241702945228909,0.152346497980183));
#9304=CARTESIAN_POINT('',(-0.088,0.241702945228909,0.152346497980183));
#9305=CARTESIAN_POINT('',(-0.088,0.241702945228909,0.152346497980183));
#9306=CARTESIAN_POINT('',(-0.1,-0.0535183829143282,-0.104575926531296));
#9307=CARTESIAN_POINT('',(-0.1,-0.0315185723403564,-0.115454969462223));
#9308=CARTESIAN_POINT('',(-0.1,0.0646279060039139,-0.163));
#9309=CARTESIAN_POINT('',(-0.1,0.0646279060039139,-0.163));
#9310=CARTESIAN_POINT('',(0.1,-0.0260811474453455,-0.131530864787558));
#9311=CARTESIAN_POINT('',(0.088,-0.0260811474453455,-0.131530864787558));
#9312=CARTESIAN_POINT('',(0.088,-0.0592189037777592,-0.0874048671438717));
#9313=CARTESIAN_POINT('',(0.0968429429339424,-0.0320934449133977,-0.116737807280799));
#9314=CARTESIAN_POINT('',(0.088,0.115,0.155));
#9315=CARTESIAN_POINT('',(0.1,0.228656621616838,0.143));
#9316=CARTESIAN_POINT('',(0.1,0.218,0.155));
#9317=CARTESIAN_POINT('',(0.088,0.229851472614454,0.153673248990092));
#9318=CARTESIAN_POINT('',(-0.088,0.27675,0.1444));
#9319=CARTESIAN_POINT('',(-0.0951811747364268,0.311619287919634,0.129130354687125));
#9320=CARTESIAN_POINT('',(-0.1,0.3115,0.124216260730235));
#9321=CARTESIAN_POINT('',(-0.1,0.0377551728267024,0.186284606570598));
#9322=CARTESIAN_POINT('',(-0.1,0.0646279060039139,-0.163));
#9323=CARTESIAN_POINT('',(-0.088,0.0624446466545938,-0.172340382392419));
#9324=CARTESIAN_POINT('',(-0.1,0.0646279060039139,-0.163));
#9325=CARTESIAN_POINT('',(0.088,-0.0260811474453455,-0.131530864787558));
#9326=CARTESIAN_POINT('',(0.088,-0.0260811474453455,-0.131530864787558));
#9327=CARTESIAN_POINT('',(0.1,0.228656621616838,0.143));
#9328=CARTESIAN_POINT('',(0.1,0.228656621616838,0.143));
#9329=CARTESIAN_POINT('',(-0.088,0.3235,0.1218));
#9330=CARTESIAN_POINT('',(-0.088,0.3235,0.1218));
#9331=CARTESIAN_POINT('',(-0.088,0.3235,0.1218));
#9332=CARTESIAN_POINT('',(-0.1,-0.00675,-0.163));
#9333=CARTESIAN_POINT('',(-0.1,0.0618229767096802,-0.163));
#9334=CARTESIAN_POINT('',(-0.1,0.22374600782138,-0.163));
#9335=CARTESIAN_POINT('',(-0.1,0.22374600782138,-0.163));
#9336=CARTESIAN_POINT('',(0.1,0.0738229767096803,-0.175));
#9337=CARTESIAN_POINT('',(0.088,0.0738229767096803,-0.175));
#9338=CARTESIAN_POINT('',(0.088,0.012492584577081,-0.150605814786198));
#9339=CARTESIAN_POINT('',(0.0967960407749134,0.0610070077139901,-0.164783741496918));
#9340=CARTESIAN_POINT('',(0.1,0.0377551728267025,0.186284606570598));
#9341=CARTESIAN_POINT('',(0.1,0.3115,0.124216260730235));
#9342=CARTESIAN_POINT('',(0.1,0.311797054771092,0.136453502019817));
#9343=CARTESIAN_POINT('',(0.088,0.317648527385546,0.129126751009908));
#9344=CARTESIAN_POINT('',(-0.088,0.3235,-0.0206));
#9345=CARTESIAN_POINT('',(-0.0968423092532126,0.314657690746788,-0.0352589193168713));
#9346=CARTESIAN_POINT('',(-0.1,0.3115,-0.0374226293743391));
#9347=CARTESIAN_POINT('',(-0.1,0.3115,-0.01));
#9348=CARTESIAN_POINT('',(-0.088,0.27675,-0.1081));
#9349=CARTESIAN_POINT('',(-0.1,0.22374600782138,-0.163));
#9350=CARTESIAN_POINT('',(-0.1,0.219956216145198,-0.168423252687414));
#9351=CARTESIAN_POINT('',(-0.088,0.316626348313597,-0.0510363058357297));
#9352=CARTESIAN_POINT('',(-0.1,0.22374600782138,-0.163));
#9353=CARTESIAN_POINT('',(-0.088,0.227436825843202,-0.170081847082135));
#9354=CARTESIAN_POINT('',(0.088,0.0738229767096803,-0.175));
#9355=CARTESIAN_POINT('',(0.088,0.0738229767096803,-0.175));
#9356=CARTESIAN_POINT('',(0.1,0.3115,0.124216260730235));
#9357=CARTESIAN_POINT('',(0.1,0.3115,0.124216260730235));
#9358=CARTESIAN_POINT('',(-0.088,0.316626348313597,-0.0510363058357297));
#9359=CARTESIAN_POINT('',(-0.088,0.316626348313597,-0.0510363058357297));
#9360=CARTESIAN_POINT('',(0.1,0.236873651686403,-0.165163694164271));
#9361=CARTESIAN_POINT('',(0.088,0.236873651686403,-0.165163694164271));
#9362=CARTESIAN_POINT('',(0.088,0.14591148835484,-0.175));
#9363=CARTESIAN_POINT('',(0.0964662468951201,0.222053926739758,-0.16653375310488));
#9364=CARTESIAN_POINT('',(0.1,0.3115,-0.01));
#9365=CARTESIAN_POINT('',(0.1,0.3115,-0.0374226293743391));
#9366=CARTESIAN_POINT('',(0.1,0.3235,-0.0292));
#9367=CARTESIAN_POINT('',(0.088,0.320063174156799,-0.040118152917865));
#9368=CARTESIAN_POINT('',(0.088,0.236873651686403,-0.165163694164271));
#9369=CARTESIAN_POINT('',(0.088,0.236873651686403,-0.165163694164271));
#9370=CARTESIAN_POINT('',(0.1,0.3115,-0.0374226293743391));
#9371=CARTESIAN_POINT('',(0.1,0.3115,-0.0374226293743391));
#9372=CARTESIAN_POINT('',(0.1,0.219956216145198,-0.168423252687414));
#9373=CARTESIAN_POINT('',(-0.114242085662426,-0.176415548270566,0.0213));
#9374=CARTESIAN_POINT('',(-0.114242085662426,-0.176415548270566,0.0213));
#9375=CARTESIAN_POINT('',(-0.114242085662426,-0.176415548270566,0.0253));
#9376=CARTESIAN_POINT('',(-0.112512560247083,-0.179961600873754,0.0219589785831961));
#9377=CARTESIAN_POINT('',(-0.112205742496579,-0.178309498453571,0.0255739044461947));
#9378=CARTESIAN_POINT('',(-0.112153169110391,-0.178417289869237,0.0252600773420017));
#9379=CARTESIAN_POINT('',(-0.112137284837772,-0.178716096786627,0.0246592353765528));
#9380=CARTESIAN_POINT('',(-0.112224076732253,-0.179372454661137,0.0234976647707554));
#9381=CARTESIAN_POINT('',(-0.112374282422955,-0.179777722615419,0.0225855345532334));
#9382=CARTESIAN_POINT('',(-0.112512560247083,-0.179961600873754,0.0219589785831961));
#9383=CARTESIAN_POINT('',(-0.112205742496579,-0.178309498453571,0.0255739044461947));
#9384=CARTESIAN_POINT('',(-0.113343291616127,-0.175977177123777,0.0213));
#9385=CARTESIAN_POINT('',(-0.113343291616127,-0.175977177123777,0.0263));
#9386=CARTESIAN_POINT('',(-0.114242085662426,-0.176415548270566,0.0263));
#9387=CARTESIAN_POINT('',(-0.113104601820526,-0.178747735761349,0.0263));
#9388=CARTESIAN_POINT('',(-0.114242085662426,-0.176415548270566,0.0263));
#9389=CARTESIAN_POINT('',(-0.114242085662426,-0.176415548270566,0.0273));
#9390=CARTESIAN_POINT('',(-0.126698267988652,-0.150876589795693,0.0273));
#9391=CARTESIAN_POINT('',(-0.126698267988652,-0.150876589795693,0.0273));
#9392=CARTESIAN_POINT('',(-0.126698267988652,-0.150876589795693,0.0263));
#9393=CARTESIAN_POINT('',(-0.126698267988652,-0.150876589795693,0.0253));
#9394=CARTESIAN_POINT('',(-0.113104601820526,-0.178747735761349,0.0253));
#9395=CARTESIAN_POINT('',(-0.114242085662426,-0.176415548270566,0.0313));
#9396=CARTESIAN_POINT('',(-0.113343291616127,-0.175977177123777,0.0313));
#9397=CARTESIAN_POINT('',(-0.112205742496579,-0.178309498453571,0.0270260955538052));
#9398=CARTESIAN_POINT('',(-0.112205742496579,-0.178309498453571,0.0270260955538052));
#9399=CARTESIAN_POINT('',(-0.112153169110391,-0.178417289869237,0.0273399226579983));
#9400=CARTESIAN_POINT('',(-0.112137284837774,-0.178716096786628,0.0279407646234464));
#9401=CARTESIAN_POINT('',(-0.112224076732241,-0.179372454661133,0.0291023352292485));
#9402=CARTESIAN_POINT('',(-0.112374282423005,-0.17977772261544,0.0300144654467493));
#9403=CARTESIAN_POINT('',(-0.112512560247083,-0.179961600873754,0.0306410214168039));
#9404=CARTESIAN_POINT('',(-0.112512560247083,-0.179961600873754,0.0306410214168039));
#9405=CARTESIAN_POINT('',(-0.114242085662426,-0.176415548270566,0.0313));
#9406=CARTESIAN_POINT('',(-0.225453857607921,-0.233544129109983,0.0213));
#9407=CARTESIAN_POINT('',(-0.226591341449822,-0.231211941619201,0.0213));
#9408=CARTESIAN_POINT('',(-0.226591341449822,-0.231211941619201,0.0253));
#9409=CARTESIAN_POINT('',(-0.230186517635019,-0.232965426206357,0.0213));
#9410=CARTESIAN_POINT('',(-0.239047523776048,-0.205672983144327,0.0253));
#9411=CARTESIAN_POINT('',(-0.239047523776048,-0.205672983144327,0.0253));
#9412=CARTESIAN_POINT('',(-0.237294039188892,-0.209268159329524,0.0213));
#9413=CARTESIAN_POINT('',(-0.240889215374089,-0.21102164391668,0.0213));
#9414=CARTESIAN_POINT('',(-0.228606502028664,-0.236204938273821,0.0213));
#9415=CARTESIAN_POINT('',(-0.237294039188892,-0.209268159329524,0.05865));
#9416=CARTESIAN_POINT('',(-0.237294039188892,-0.209268159329524,0.0203));
#9417=CARTESIAN_POINT('',(-0.240889215374089,-0.21102164391668,0.0203));
#9418=CARTESIAN_POINT('',(-0.239047523776048,-0.205672983144327,0.0203));
#9419=CARTESIAN_POINT('',(-0.240889215374089,-0.21102164391668,0.05865));
#9420=CARTESIAN_POINT('',(-0.239047523776048,-0.205672983144327,0.0208));
#9421=CARTESIAN_POINT('',(-0.226591341449822,-0.231211941619201,0.0213));
#9422=CARTESIAN_POINT('',(-0.226591341449822,-0.231211941619201,0.0213));
#9423=CARTESIAN_POINT('',(-0.224861816034478,-0.234757994222388,0.0219589785831961));
#9424=CARTESIAN_POINT('',(-0.226591341449822,-0.231211941619201,0.0213));
#9425=CARTESIAN_POINT('',(-0.237294039188892,-0.209268159329524,0.0203));
#9426=CARTESIAN_POINT('',(-0.237294039188892,-0.209268159329524,0.0203));
#9427=CARTESIAN_POINT('',(-0.237294039188892,-0.209268159329524,0.0163));
#9428=CARTESIAN_POINT('',(-0.237294039188892,-0.209268159329524,0.0203));
#9429=CARTESIAN_POINT('',(-0.101569896782932,-0.170234908785575,0.0213));
#9430=CARTESIAN_POINT('',(-0.0989396699021974,-0.168952061420519,0.0253));
#9431=CARTESIAN_POINT('',(-0.0998403713675886,-0.173780961388762,0.0219589785831961));
#9432=CARTESIAN_POINT('',(-0.213468567360905,-0.258117615745884,0.0263));
#9433=CARTESIAN_POINT('',(-0.229999880366348,-0.233348089315293,0.0192071338148596));
#9434=CARTESIAN_POINT('',(-0.22957675741485,-0.234215619928212,0.0179069611336494));
#9435=CARTESIAN_POINT('',(-0.229097882969223,-0.234907711205395,0.0164972642182047));
#9436=CARTESIAN_POINT('',(-0.228823229274134,-0.235470834731541,0.0149960110041265));
#9437=CARTESIAN_POINT('',(-0.228823229274133,-0.23547083473154,0.0149960110041265));
#9438=CARTESIAN_POINT('',(-0.229999880366348,-0.233348089315293,0.0192071338148596));
#9439=CARTESIAN_POINT('',(-0.216949581733893,-0.259815419896856,0.0263));
#9440=CARTESIAN_POINT('',(-0.228823229274134,-0.23547083473154,0.037603988995873));
#9441=CARTESIAN_POINT('',(-0.229999880366348,-0.233348089315293,0.0333928661851404));
#9442=CARTESIAN_POINT('',(-0.229576757414849,-0.234215619928212,0.0346930388663503));
#9443=CARTESIAN_POINT('',(-0.229097882969223,-0.234907711205395,0.036102735781795));
#9444=CARTESIAN_POINT('',(-0.228823229274134,-0.23547083473154,0.0376039889958729));
#9445=CARTESIAN_POINT('',(-0.229999880366348,-0.233348089315293,0.0333928661851404));
#9446=CARTESIAN_POINT('',(-0.217063743546102,-0.259871100333041,0.0263));
#9447=CARTESIAN_POINT('',(-0.230186517635019,-0.232965426206357,0.0313));
#9448=CARTESIAN_POINT('',(-0.226591341449822,-0.231211941619201,0.0313));
#9449=CARTESIAN_POINT('',(-0.224861816034478,-0.234757994222388,0.0306410214168039));
#9450=CARTESIAN_POINT('',(-0.213468567360905,-0.258117615745884,0.0263));
#9451=CARTESIAN_POINT('',(-0.217063743546102,-0.259871100333041,0.0263));
#9452=CARTESIAN_POINT('',(-0.22494293212811,-0.234591681584004,0.0203));
#9453=CARTESIAN_POINT('',(-0.228174089953333,-0.227966826282197,0.0203));
#9454=CARTESIAN_POINT('',(-0.23176926613853,-0.229720310869354,0.0203));
#9455=CARTESIAN_POINT('',(-0.228174089953333,-0.227966826282197,0.0163));
#9456=CARTESIAN_POINT('',(-0.228538108313306,-0.23634516617116,0.0203));
#9457=CARTESIAN_POINT('',(-0.232471956574212,-0.219154893838815,0.0163));
#9458=CARTESIAN_POINT('',(-0.0982447178247511,-0.141449273882265,0.0203));
#9459=CARTESIAN_POINT('',(-0.0999982024119074,-0.137854097697069,0.0203));
#9460=CARTESIAN_POINT('',(-0.102246515412844,-0.138950673216922,0.0203));
#9461=CARTESIAN_POINT('',(-0.104,-0.144256312555527,0.0203));
#9462=CARTESIAN_POINT('',(-0.104,-0.144256312555527,0.0163));
#9463=CARTESIAN_POINT('',(-0.0982447178247511,-0.141449273882265,0.0163));
#9464=CARTESIAN_POINT('',(-0.226591341449822,-0.231211941619201,0.0313));
#9465=CARTESIAN_POINT('',(-0.226591341449822,-0.231211941619201,0.0313));
#9466=CARTESIAN_POINT('',(-0.226591341449822,-0.231211941619201,0.0273));
#9467=CARTESIAN_POINT('',(-0.226591341449822,-0.231211941619201,0.0313));
#9468=CARTESIAN_POINT('',(-0.228174089953333,-0.227966826282197,0.0403));
#9469=CARTESIAN_POINT('',(-0.228174089953333,-0.227966826282197,0.0403));
#9470=CARTESIAN_POINT('',(-0.228174089953333,-0.227966826282197,0.0363));
#9471=CARTESIAN_POINT('',(-0.226555875637798,-0.231284657309838,0.0387594222833562));
#9472=CARTESIAN_POINT('',(-0.228174089953333,-0.227966826282197,0.0323));
#9473=CARTESIAN_POINT('',(-0.23176926613853,-0.229720310869354,0.0323));
#9474=CARTESIAN_POINT('',(-0.23176926613853,-0.229720310869354,0.0403));
#9475=CARTESIAN_POINT('',(-0.224937661322263,-0.234602488337479,0.0372188445667125));
#9476=CARTESIAN_POINT('',(-0.213468567360905,-0.258117615745884,0.0263));
#9477=CARTESIAN_POINT('',(-0.224937661322263,-0.234602488337479,0.0153811554332875));
#9478=CARTESIAN_POINT('',(-0.226555875637798,-0.231284657309838,0.0138405777166437));
#9479=CARTESIAN_POINT('',(-0.213468567360905,-0.258117615745884,0.0263));
#9480=CARTESIAN_POINT('',(-0.228174089953333,-0.227966826282197,0.0123));
#9481=CARTESIAN_POINT('',(-0.23176926613853,-0.229720310869354,0.0123));
#9482=CARTESIAN_POINT('',(-0.228174089953333,-0.227966826282197,0.0123));
#9483=CARTESIAN_POINT('',(-0.101569896782932,-0.170234908785575,0.0313));
#9484=CARTESIAN_POINT('',(-0.0998403713675886,-0.173780961388762,0.0306410214168039));
#9485=CARTESIAN_POINT('',(-0.113343291616127,-0.175977177123777,0.0273));
#9486=CARTESIAN_POINT('',(-0.22494293212811,-0.234591681584004,0.0313));
#9487=CARTESIAN_POINT('',(-0.237294039188892,-0.209268159329524,0.0313));
#9488=CARTESIAN_POINT('',(-0.239047523776048,-0.205672983144327,0.0273));
#9489=CARTESIAN_POINT('',(-0.240889215374089,-0.21102164391668,0.0313));
#9490=CARTESIAN_POINT('',(-0.225453857607921,-0.233544129109983,0.0273));
#9491=CARTESIAN_POINT('',(-0.228538108313306,-0.23634516617116,0.0313));
#9492=CARTESIAN_POINT('',(-0.232471956574212,-0.219154893838815,0.0323));
#9493=CARTESIAN_POINT('',(-0.237294039188892,-0.209268159329524,0.0323));
#9494=CARTESIAN_POINT('',(-0.240889215374089,-0.21102164391668,0.0323));
#9495=CARTESIAN_POINT('',(-0.237294039188892,-0.209268159329524,0.0363));
#9496=CARTESIAN_POINT('',(-0.230550497440592,-0.232219157012734,0.0323));
#9497=CARTESIAN_POINT('',(-0.239047523776048,-0.205672983144327,0.0363));
#9498=CARTESIAN_POINT('',(-0.114703725004336,-0.172623631460109,0.0403));
#9499=CARTESIAN_POINT('',(-0.1130855106888,-0.17594146248775,0.0387594222833562));
#9500=CARTESIAN_POINT('',(-0.102381785684465,-0.170720906984088,0.0387594222833562));
#9501=CARTESIAN_POINT('',(-0.104,-0.167403075956447,0.0403));
#9502=CARTESIAN_POINT('',(-0.104,-0.167403075956448,0.0363));
#9503=CARTESIAN_POINT('',(-0.0891247685891931,-0.160147940834938,0.0363));
#9504=CARTESIAN_POINT('',(-0.114703725004336,-0.172623631460109,0.0123));
#9505=CARTESIAN_POINT('',(-0.101218768697939,-0.166046578814093,0.0163));
#9506=CARTESIAN_POINT('',(-0.104,-0.167403075956447,0.0163));
#9507=CARTESIAN_POINT('',(-0.104,-0.167403075956447,0.0123));
#9508=CARTESIAN_POINT('',(-0.102381785684465,-0.170720906984088,0.0138405777166437));
#9509=CARTESIAN_POINT('',(-0.1130855106888,-0.17594146248775,0.0138405777166437));
#9510=CARTESIAN_POINT('',(-0.237294039188892,-0.209268159329524,0.05865));
#9511=CARTESIAN_POINT('',(-0.237294039188892,-0.209268159329524,0.0323));
#9512=CARTESIAN_POINT('',(-0.239047523776048,-0.205672983144327,0.0323));
#9513=CARTESIAN_POINT('',(-0.239047523776048,-0.205672983144327,0.0208));
#9514=CARTESIAN_POINT('',(-0.240889215374089,-0.21102164391668,0.05865));
#9515=CARTESIAN_POINT('',(-0.237294039188892,-0.209268159329524,0.0323));
#9516=CARTESIAN_POINT('',(-0.237294039188892,-0.209268159329524,0.0323));
#9517=CARTESIAN_POINT('',(-0.0982447178247511,-0.141449273882265,0.0323));
#9518=CARTESIAN_POINT('',(-0.0982465154128437,-0.141450150624559,0.0363));
#9519=CARTESIAN_POINT('',(-0.104,-0.144256312555527,0.0363));
#9520=CARTESIAN_POINT('',(-0.104,-0.144256312555527,0.0323));
#9521=CARTESIAN_POINT('',(-0.102246515412844,-0.138950673216922,0.0323));
#9522=CARTESIAN_POINT('',(-0.242642699961245,-0.207426467731484,0.0323));
#9523=CARTESIAN_POINT('',(-0.105919342435468,-0.191198528648571,0.0263));
#9524=CARTESIAN_POINT('',(-0.10022051752721,-0.20288285125046,0.0263));
#9525=CARTESIAN_POINT('',(-0.211767082064085,-0.207712647949987,0.0113));
#9526=CARTESIAN_POINT('',(-0.211767082064085,-0.207712647949987,0.0273));
#9527=CARTESIAN_POINT('',(-0.208767082064085,-0.207712647949987,0.0273));
#9528=CARTESIAN_POINT('',(-0.211767082064085,-0.207712647949987,0.0283));
#9529=CARTESIAN_POINT('',(-0.214767082064085,-0.207712647949987,0.0283));
#9530=CARTESIAN_POINT('',(-0.18480326067511,-0.194561513546315,0.0113));
#9531=CARTESIAN_POINT('',(-0.18480326067511,-0.194561513546315,0.0273));
#9532=CARTESIAN_POINT('',(-0.18180326067511,-0.194561513546315,0.0273));
#9533=CARTESIAN_POINT('',(-0.18480326067511,-0.194561513546315,0.0283));
#9534=CARTESIAN_POINT('',(-0.18780326067511,-0.194561513546315,0.0283));
#9535=CARTESIAN_POINT('',(-0.157839439286135,-0.181410379142642,0.0113));
#9536=CARTESIAN_POINT('',(-0.157839439286135,-0.181410379142642,0.0273));
#9537=CARTESIAN_POINT('',(-0.154839439286135,-0.181410379142642,0.0273));
#9538=CARTESIAN_POINT('',(-0.157839439286135,-0.181410379142642,0.0283));
#9539=CARTESIAN_POINT('',(-0.160839439286135,-0.181410379142642,0.0283));
#9540=CARTESIAN_POINT('',(-0.13087561789716,-0.16825924473897,0.0113));
#9541=CARTESIAN_POINT('',(-0.13087561789716,-0.16825924473897,0.0273));
#9542=CARTESIAN_POINT('',(-0.12787561789716,-0.16825924473897,0.0273));
#9543=CARTESIAN_POINT('',(-0.13087561789716,-0.16825924473897,0.0283));
#9544=CARTESIAN_POINT('',(-0.13387561789716,-0.16825924473897,0.0283));
#9545=CARTESIAN_POINT('',(-0.211767082064085,-0.207712647949987,0.0113));
#9546=CARTESIAN_POINT('',(-0.211767082064085,-0.207712647949987,0.0243));
#9547=CARTESIAN_POINT('',(-0.214767082064085,-0.207712647949987,0.0243));
#9548=CARTESIAN_POINT('',(-0.211767082064085,-0.207712647949987,0.0253));
#9549=CARTESIAN_POINT('',(-0.208767082064085,-0.207712647949987,0.0253));
#9550=CARTESIAN_POINT('',(-0.18480326067511,-0.194561513546315,0.0113));
#9551=CARTESIAN_POINT('',(-0.18480326067511,-0.194561513546315,0.0243));
#9552=CARTESIAN_POINT('',(-0.18780326067511,-0.194561513546315,0.0243));
#9553=CARTESIAN_POINT('',(-0.18480326067511,-0.194561513546315,0.0253));
#9554=CARTESIAN_POINT('',(-0.18180326067511,-0.194561513546315,0.0253));
#9555=CARTESIAN_POINT('',(-0.157839439286135,-0.181410379142642,0.0113));
#9556=CARTESIAN_POINT('',(-0.157839439286135,-0.181410379142642,0.0243));
#9557=CARTESIAN_POINT('',(-0.160839439286135,-0.181410379142642,0.0243));
#9558=CARTESIAN_POINT('',(-0.157839439286135,-0.181410379142642,0.0253));
#9559=CARTESIAN_POINT('',(-0.154839439286135,-0.181410379142642,0.0253));
#9560=CARTESIAN_POINT('',(-0.13087561789716,-0.16825924473897,0.0113));
#9561=CARTESIAN_POINT('',(-0.13087561789716,-0.16825924473897,0.0243));
#9562=CARTESIAN_POINT('',(-0.13387561789716,-0.16825924473897,0.0243));
#9563=CARTESIAN_POINT('',(-0.13087561789716,-0.16825924473897,0.0253));
#9564=CARTESIAN_POINT('',(-0.12787561789716,-0.16825924473897,0.0253));
#9565=CARTESIAN_POINT('',(-0.171321349980623,-0.185037065726048,0.0243));
#9566=CARTESIAN_POINT('',(-0.13087561789716,-0.16825924473897,0.0243));
#9567=CARTESIAN_POINT('',(-0.13507561789716,-0.16825924473897,0.0243));
#9568=CARTESIAN_POINT('',(-0.13087561789716,-0.16825924473897,0.0243));
#9569=CARTESIAN_POINT('',(-0.13087561789716,-0.16825924473897,0.0163));
#9570=CARTESIAN_POINT('',(-0.13507561789716,-0.16825924473897,0.0163));
#9571=CARTESIAN_POINT('',(-0.171321349980623,-0.185037065726048,0.0243));
#9572=CARTESIAN_POINT('',(-0.157839439286135,-0.181410379142642,0.0243));
#9573=CARTESIAN_POINT('',(-0.162039439286135,-0.181410379142642,0.0243));
#9574=CARTESIAN_POINT('',(-0.157839439286135,-0.181410379142642,0.0243));
#9575=CARTESIAN_POINT('',(-0.157839439286135,-0.181410379142642,0.0163));
#9576=CARTESIAN_POINT('',(-0.162039439286135,-0.181410379142642,0.0163));
#9577=CARTESIAN_POINT('',(-0.171321349980623,-0.185037065726048,0.0243));
#9578=CARTESIAN_POINT('',(-0.18480326067511,-0.194561513546315,0.0243));
#9579=CARTESIAN_POINT('',(-0.18900326067511,-0.194561513546315,0.0243));
#9580=CARTESIAN_POINT('',(-0.18480326067511,-0.194561513546315,0.0243));
#9581=CARTESIAN_POINT('',(-0.18480326067511,-0.194561513546315,0.0163));
#9582=CARTESIAN_POINT('',(-0.18900326067511,-0.194561513546315,0.0163));
#9583=CARTESIAN_POINT('',(-0.171321349980623,-0.185037065726048,0.0243));
#9584=CARTESIAN_POINT('',(-0.211767082064085,-0.207712647949987,0.0243));
#9585=CARTESIAN_POINT('',(-0.215967082064085,-0.207712647949987,0.0243));
#9586=CARTESIAN_POINT('',(-0.211767082064085,-0.207712647949987,0.0243));
#9587=CARTESIAN_POINT('',(-0.211767082064085,-0.207712647949987,0.0163));
#9588=CARTESIAN_POINT('',(-0.215967082064085,-0.207712647949987,0.0163));
#9589=CARTESIAN_POINT('',(-0.171321349980623,-0.185037065726048,0.0283));
#9590=CARTESIAN_POINT('',(-0.13087561789716,-0.16825924473897,0.0283));
#9591=CARTESIAN_POINT('',(-0.13507561789716,-0.16825924473897,0.0283));
#9592=CARTESIAN_POINT('',(-0.13087561789716,-0.16825924473897,0.0283));
#9593=CARTESIAN_POINT('',(-0.13087561789716,-0.16825924473897,0.0363));
#9594=CARTESIAN_POINT('',(-0.13507561789716,-0.16825924473897,0.0363));
#9595=CARTESIAN_POINT('',(-0.171321349980623,-0.185037065726048,0.0283));
#9596=CARTESIAN_POINT('',(-0.157839439286135,-0.181410379142642,0.0283));
#9597=CARTESIAN_POINT('',(-0.162039439286135,-0.181410379142642,0.0283));
#9598=CARTESIAN_POINT('',(-0.157839439286135,-0.181410379142642,0.0283));
#9599=CARTESIAN_POINT('',(-0.157839439286135,-0.181410379142642,0.0363));
#9600=CARTESIAN_POINT('',(-0.162039439286135,-0.181410379142642,0.0363));
#9601=CARTESIAN_POINT('',(-0.171321349980623,-0.185037065726048,0.0283));
#9602=CARTESIAN_POINT('',(-0.18480326067511,-0.194561513546315,0.0283));
#9603=CARTESIAN_POINT('',(-0.18900326067511,-0.194561513546315,0.0283));
#9604=CARTESIAN_POINT('',(-0.18480326067511,-0.194561513546315,0.0283));
#9605=CARTESIAN_POINT('',(-0.18480326067511,-0.194561513546315,0.0363));
#9606=CARTESIAN_POINT('',(-0.18900326067511,-0.194561513546315,0.0363));
#9607=CARTESIAN_POINT('',(-0.171321349980623,-0.185037065726048,0.0283));
#9608=CARTESIAN_POINT('',(-0.211767082064085,-0.207712647949987,0.0283));
#9609=CARTESIAN_POINT('',(-0.215967082064085,-0.207712647949987,0.0283));
#9610=CARTESIAN_POINT('',(-0.211767082064085,-0.207712647949987,0.0283));
#9611=CARTESIAN_POINT('',(-0.211767082064085,-0.207712647949987,0.0363));
#9612=CARTESIAN_POINT('',(-0.215967082064085,-0.207712647949987,0.0363));
#9613=CARTESIAN_POINT('',(-0.0999982024119074,-0.137854097697069,0.0208));
#9614=CARTESIAN_POINT('',(-0.102246515412844,-0.138950673216922,0.0208));
#9615=CARTESIAN_POINT('',(-0.0999982024119074,-0.137854097697069,0.0253));
#9616=CARTESIAN_POINT('',(-0.0999982024119074,-0.137854097697069,0.0273));
#9617=CARTESIAN_POINT('',(-0.0934226352100712,-0.151336008391557,0.0163));
#9618=CARTESIAN_POINT('',(-0.104,-0.151336008391557,0.0163));
#9619=CARTESIAN_POINT('',(-0.0934226352100712,-0.151336008391557,0.0363));
#9620=CARTESIAN_POINT('',(-0.104,-0.142305382201263,0.0363));
#9621=CARTESIAN_POINT('',(-0.0884471226940152,-0.197140582912258,0.0263));
#9622=CARTESIAN_POINT('',(-0.104,-0.204726228020353,0.0263));
#9623=CARTESIAN_POINT('',(-0.102246515412844,-0.23318805757517,0.0263));
#9624=CARTESIAN_POINT('',(-0.0993217234809112,-0.202444480103671,0.0263));
#9625=CARTESIAN_POINT('',(-0.110868731815202,-0.178769604557126,0.0269995472703024));
#9626=CARTESIAN_POINT('',(-0.110868731815202,-0.178769604557126,0.0256004527296977));
#9627=CARTESIAN_POINT('',(-0.110868731815202,-0.178769604557126,0.0256004527296977));
#9628=CARTESIAN_POINT('',(-0.110860352955659,-0.178786783765036,0.02488074958506));
#9629=CARTESIAN_POINT('',(-0.111330246528104,-0.179123334152398,0.0235372689031755));
#9630=CARTESIAN_POINT('',(-0.112126042730971,-0.179676057284028,0.0224810907289528));
#9631=CARTESIAN_POINT('',(-0.112512560247083,-0.179961600873754,0.0219589785831961));
#9632=CARTESIAN_POINT('',(-0.110868731815202,-0.178769604557126,0.0269995472703024));
#9633=CARTESIAN_POINT('',(-0.110860352955659,-0.178786783765036,0.02771925041494));
#9634=CARTESIAN_POINT('',(-0.111330246528066,-0.179123334152386,0.0290627310968596));
#9635=CARTESIAN_POINT('',(-0.112126042731048,-0.179676057284052,0.0301189092709769));
#9636=CARTESIAN_POINT('',(-0.112512560247083,-0.179961600873754,0.030641021416804));
#9637=CARTESIAN_POINT('',(-0.228538108313306,-0.23634516617116,0.05865));
#9638=CARTESIAN_POINT('',(-0.0999982024119074,-0.202774420923796,0.0263));
#9639=CARTESIAN_POINT('',(-0.104,-0.204726228020353,0.0263));
#9640=CARTESIAN_POINT('',(-0.0978021860602971,-0.171284248911301,0.0273));
#9641=CARTESIAN_POINT('',(-0.0978021860602971,-0.171284248911301,0.0253));
#9642=CARTESIAN_POINT('',(-0.228538108313306,-0.23634516617116,0.05865));
#9643=CARTESIAN_POINT('',(-0.1,-0.00675,-0.01));
#9644=CARTESIAN_POINT('',(-0.1,-0.204726228020353,0.0263));
#9645=CARTESIAN_POINT('',(-0.1,-0.167403075956448,0.0403));
#9646=CARTESIAN_POINT('',(-0.1,-0.167403075956448,0.0123));
#9647=CARTESIAN_POINT('',(-0.1,-0.00675,0.0123));
#9648=CARTESIAN_POINT('',(-0.1,-0.144256312555527,0.0123));
#9649=CARTESIAN_POINT('',(-0.1,-0.144256312555527,0.0203));
#9650=CARTESIAN_POINT('',(-0.1,-0.135355497031725,0.0203));
#9651=CARTESIAN_POINT('',(-0.1,-0.135355497031725,-0.01));
#9652=CARTESIAN_POINT('',(-0.1,-0.135355497031725,0.0323));
#9653=CARTESIAN_POINT('',(-0.1,-0.144256312555527,0.0323));
#9654=CARTESIAN_POINT('',(-0.1,-0.144256312555527,0.0403));
#9655=CARTESIAN_POINT('',(-0.1,-0.165452145602184,0.0403));
#9656=CARTESIAN_POINT('',(-0.1,0.130756312555526,0.0203));
#9657=CARTESIAN_POINT('',(-0.1,0.121855497031725,0.0203));
#9658=CARTESIAN_POINT('',(-0.1,0.130756312555526,0.0123));
#9659=CARTESIAN_POINT('',(-0.1,-0.00675,0.0123));
#9660=CARTESIAN_POINT('',(-0.1,0.153903075956447,0.0123));
#9661=CARTESIAN_POINT('',(-0.1,0.191226228020353,0.0263));
#9662=CARTESIAN_POINT('',(-0.1,0.153903075956447,0.0403));
#9663=CARTESIAN_POINT('',(-0.1,0.128805382201263,0.0403));
#9664=CARTESIAN_POINT('',(-0.1,0.130756312555526,0.0403));
#9665=CARTESIAN_POINT('',(-0.1,0.130756312555526,0.0323));
#9666=CARTESIAN_POINT('',(-0.1,0.121855497031725,0.0323));
#9667=CARTESIAN_POINT('',(-0.1,0.121855497031725,-0.00999999999999986));
#9668=CARTESIAN_POINT('',(-0.1,-0.00675,-0.01));
#9669=CARTESIAN_POINT('',(-0.1,0.191226228020353,0.0263));
#9670=CARTESIAN_POINT('',(-0.1,0.216092881389973,0.0263));
#9671=CARTESIAN_POINT('',(0.114242085662426,0.162915548270566,0.0213));
#9672=CARTESIAN_POINT('',(0.114242085662426,0.162915548270566,0.0213));
#9673=CARTESIAN_POINT('',(0.114242085662426,0.162915548270566,0.0253));
#9674=CARTESIAN_POINT('',(0.112512560247083,0.166461600873754,0.0219589785831962));
#9675=CARTESIAN_POINT('',(0.112205742496579,0.164809498453572,0.0255739044461948));
#9676=CARTESIAN_POINT('',(0.112153169110391,0.164917289869237,0.0252600773420018));
#9677=CARTESIAN_POINT('',(0.112137284837777,0.165216096786629,0.0246592353765546));
#9678=CARTESIAN_POINT('',(0.112224076732228,0.165872454661127,0.0234976647707468));
#9679=CARTESIAN_POINT('',(0.112374282423065,0.166277722615466,0.0225855345532717));
#9680=CARTESIAN_POINT('',(0.112512560247083,0.166461600873754,0.0219589785831962));
#9681=CARTESIAN_POINT('',(0.112205742496579,0.164809498453572,0.0255739044461948));
#9682=CARTESIAN_POINT('',(0.113343291616127,0.162477177123777,0.0213));
#9683=CARTESIAN_POINT('',(0.113343291616127,0.162477177123777,0.0263));
#9684=CARTESIAN_POINT('',(0.114242085662426,0.162915548270566,0.0263));
#9685=CARTESIAN_POINT('',(0.113104601820526,0.165247735761349,0.0263));
#9686=CARTESIAN_POINT('',(0.114242085662426,0.162915548270566,0.0263));
#9687=CARTESIAN_POINT('',(0.114242085662426,0.162915548270566,0.0273));
#9688=CARTESIAN_POINT('',(0.126698267988652,0.137376589795693,0.0273));
#9689=CARTESIAN_POINT('',(0.126698267988652,0.137376589795693,0.0273));
#9690=CARTESIAN_POINT('',(0.126698267988652,0.137376589795693,0.0263));
#9691=CARTESIAN_POINT('',(0.126698267988652,0.137376589795693,0.0253));
#9692=CARTESIAN_POINT('',(0.113104601820526,0.165247735761349,0.0253));
#9693=CARTESIAN_POINT('',(0.114242085662426,0.162915548270566,0.0313));
#9694=CARTESIAN_POINT('',(0.113343291616127,0.162477177123777,0.0313));
#9695=CARTESIAN_POINT('',(0.112205742496579,0.164809498453572,0.0270260955538053));
#9696=CARTESIAN_POINT('',(0.112205742496579,0.164809498453572,0.0270260955538053));
#9697=CARTESIAN_POINT('',(0.112153169110391,0.164917289869237,0.0273399226579984));
#9698=CARTESIAN_POINT('',(0.112137284837769,0.165216096786626,0.0279407646234482));
#9699=CARTESIAN_POINT('',(0.112224076732267,0.165872454661143,0.0291023352292398));
#9700=CARTESIAN_POINT('',(0.112374282422893,0.166277722615393,0.0300144654467879));
#9701=CARTESIAN_POINT('',(0.112512560247083,0.166461600873754,0.0306410214168041));
#9702=CARTESIAN_POINT('',(0.112512560247083,0.166461600873754,0.0306410214168041));
#9703=CARTESIAN_POINT('',(0.114242085662426,0.162915548270566,0.0313));
#9704=CARTESIAN_POINT('',(0.225453857607921,0.220044129109983,0.0213));
#9705=CARTESIAN_POINT('',(0.226591341449822,0.217711941619201,0.0213));
#9706=CARTESIAN_POINT('',(0.226591341449822,0.217711941619201,0.0253));
#9707=CARTESIAN_POINT('',(0.230186517635019,0.219465426206357,0.0213));
#9708=CARTESIAN_POINT('',(0.239047523776048,0.192172983144327,0.0253));
#9709=CARTESIAN_POINT('',(0.239047523776048,0.192172983144327,0.0253));
#9710=CARTESIAN_POINT('',(0.237294039188892,0.195768159329524,0.0213));
#9711=CARTESIAN_POINT('',(0.240889215374089,0.19752164391668,0.0213));
#9712=CARTESIAN_POINT('',(0.228606502028664,0.222704938273821,0.0213));
#9713=CARTESIAN_POINT('',(0.237294039188892,0.195768159329524,0.05865));
#9714=CARTESIAN_POINT('',(0.237294039188892,0.195768159329524,0.0203));
#9715=CARTESIAN_POINT('',(0.240889215374089,0.19752164391668,0.0203));
#9716=CARTESIAN_POINT('',(0.239047523776048,0.192172983144327,0.0203));
#9717=CARTESIAN_POINT('',(0.240889215374089,0.19752164391668,0.05865));
#9718=CARTESIAN_POINT('',(0.239047523776048,0.192172983144327,0.0208));
#9719=CARTESIAN_POINT('',(0.226591341449822,0.217711941619201,0.0213));
#9720=CARTESIAN_POINT('',(0.226591341449822,0.217711941619201,0.0213));
#9721=CARTESIAN_POINT('',(0.224861816034478,0.221257994222388,0.0219589785831962));
#9722=CARTESIAN_POINT('',(0.226591341449822,0.217711941619201,0.0213));
#9723=CARTESIAN_POINT('',(0.237294039188892,0.195768159329524,0.0203));
#9724=CARTESIAN_POINT('',(0.237294039188892,0.195768159329524,0.0203));
#9725=CARTESIAN_POINT('',(0.237294039188892,0.195768159329524,0.0163));
#9726=CARTESIAN_POINT('',(0.237294039188892,0.195768159329524,0.0203));
#9727=CARTESIAN_POINT('',(0.101569896782932,0.156734908785575,0.0213));
#9728=CARTESIAN_POINT('',(0.0989396699021974,0.155452061420519,0.0253));
#9729=CARTESIAN_POINT('',(0.0998403713675886,0.160280961388762,0.0219589785831961));
#9730=CARTESIAN_POINT('',(0.213468567360905,0.244617615745884,0.0263));
#9731=CARTESIAN_POINT('',(0.229999880366348,0.219848089315293,0.0192071338148597));
#9732=CARTESIAN_POINT('',(0.22957675741485,0.220715619928212,0.0179069611336495));
#9733=CARTESIAN_POINT('',(0.229097882969223,0.221407711205395,0.0164972642182047));
#9734=CARTESIAN_POINT('',(0.228823229274134,0.22197083473154,0.0149960110041266));
#9735=CARTESIAN_POINT('',(0.228823229274133,0.221970834731541,0.0149960110041266));
#9736=CARTESIAN_POINT('',(0.229999880366348,0.219848089315293,0.0192071338148597));
#9737=CARTESIAN_POINT('',(0.216949581733893,0.246315419896856,0.0263));
#9738=CARTESIAN_POINT('',(0.228823229274134,0.22197083473154,0.0376039889958731));
#9739=CARTESIAN_POINT('',(0.229999880366348,0.219848089315293,0.0333928661851405));
#9740=CARTESIAN_POINT('',(0.22957675741485,0.220715619928212,0.0346930388663506));
#9741=CARTESIAN_POINT('',(0.229097882969223,0.221407711205395,0.036102735781795));
#9742=CARTESIAN_POINT('',(0.228823229274134,0.22197083473154,0.0376039889958729));
#9743=CARTESIAN_POINT('',(0.229999880366348,0.219848089315293,0.0333928661851405));
#9744=CARTESIAN_POINT('',(0.217063743546102,0.246371100333041,0.0263));
#9745=CARTESIAN_POINT('',(0.230186517635019,0.219465426206357,0.0313));
#9746=CARTESIAN_POINT('',(0.226591341449822,0.217711941619201,0.0313));
#9747=CARTESIAN_POINT('',(0.224861816034478,0.221257994222388,0.0306410214168041));
#9748=CARTESIAN_POINT('',(0.213468567360905,0.244617615745884,0.0263));
#9749=CARTESIAN_POINT('',(0.217063743546102,0.246371100333041,0.0263));
#9750=CARTESIAN_POINT('',(0.22494293212811,0.221091681584004,0.0203));
#9751=CARTESIAN_POINT('',(0.228174089953333,0.214466826282197,0.0203));
#9752=CARTESIAN_POINT('',(0.23176926613853,0.216220310869353,0.0203));
#9753=CARTESIAN_POINT('',(0.228174089953333,0.214466826282197,0.0163));
#9754=CARTESIAN_POINT('',(0.228538108313306,0.22284516617116,0.0203));
#9755=CARTESIAN_POINT('',(0.232471956574212,0.205654893838815,0.0163));
#9756=CARTESIAN_POINT('',(0.0982447178247511,0.127949273882265,0.0203));
#9757=CARTESIAN_POINT('',(0.0999982024119074,0.124354097697069,0.0203));
#9758=CARTESIAN_POINT('',(0.102246515412844,0.125450673216922,0.0203));
#9759=CARTESIAN_POINT('',(0.104,0.130756312555526,0.0203));
#9760=CARTESIAN_POINT('',(0.104,0.130756312555526,0.0163));
#9761=CARTESIAN_POINT('',(0.0982447178247511,0.127949273882265,0.0163));
#9762=CARTESIAN_POINT('',(0.226591341449822,0.217711941619201,0.0313));
#9763=CARTESIAN_POINT('',(0.226591341449822,0.217711941619201,0.0313));
#9764=CARTESIAN_POINT('',(0.226591341449822,0.217711941619201,0.0273));
#9765=CARTESIAN_POINT('',(0.226591341449822,0.217711941619201,0.0313));
#9766=CARTESIAN_POINT('',(0.228174089953333,0.214466826282197,0.0403));
#9767=CARTESIAN_POINT('',(0.228174089953333,0.214466826282197,0.0403));
#9768=CARTESIAN_POINT('',(0.228174089953333,0.214466826282197,0.0363));
#9769=CARTESIAN_POINT('',(0.226555875637798,0.217784657309838,0.0387594222833563));
#9770=CARTESIAN_POINT('',(0.228174089953333,0.214466826282197,0.0323));
#9771=CARTESIAN_POINT('',(0.23176926613853,0.216220310869353,0.0323));
#9772=CARTESIAN_POINT('',(0.23176926613853,0.216220310869353,0.0403));
#9773=CARTESIAN_POINT('',(0.224937661322263,0.221102488337479,0.0372188445667126));
#9774=CARTESIAN_POINT('',(0.213468567360905,0.244617615745884,0.0263));
#9775=CARTESIAN_POINT('',(0.224937661322263,0.221102488337479,0.0153811554332876));
#9776=CARTESIAN_POINT('',(0.226555875637798,0.217784657309838,0.0138405777166438));
#9777=CARTESIAN_POINT('',(0.213468567360905,0.244617615745884,0.0263));
#9778=CARTESIAN_POINT('',(0.228174089953333,0.214466826282197,0.0123));
#9779=CARTESIAN_POINT('',(0.23176926613853,0.216220310869353,0.0123));
#9780=CARTESIAN_POINT('',(0.228174089953333,0.214466826282197,0.0123));
#9781=CARTESIAN_POINT('',(0.101569896782932,0.156734908785575,0.0313));
#9782=CARTESIAN_POINT('',(0.0998403713675886,0.160280961388762,0.0306410214168041));
#9783=CARTESIAN_POINT('',(0.113343291616127,0.162477177123777,0.0273));
#9784=CARTESIAN_POINT('',(0.22494293212811,0.221091681584004,0.0313));
#9785=CARTESIAN_POINT('',(0.237294039188892,0.195768159329524,0.0313));
#9786=CARTESIAN_POINT('',(0.239047523776048,0.192172983144327,0.0273));
#9787=CARTESIAN_POINT('',(0.240889215374089,0.19752164391668,0.0313));
#9788=CARTESIAN_POINT('',(0.225453857607921,0.220044129109983,0.0273));
#9789=CARTESIAN_POINT('',(0.228538108313306,0.22284516617116,0.0313));
#9790=CARTESIAN_POINT('',(0.232471956574212,0.205654893838815,0.0323));
#9791=CARTESIAN_POINT('',(0.237294039188892,0.195768159329524,0.0323));
#9792=CARTESIAN_POINT('',(0.240889215374089,0.19752164391668,0.0323));
#9793=CARTESIAN_POINT('',(0.237294039188892,0.195768159329524,0.0363));
#9794=CARTESIAN_POINT('',(0.230550497440592,0.218719157012734,0.0323));
#9795=CARTESIAN_POINT('',(0.239047523776048,0.192172983144327,0.0363));
#9796=CARTESIAN_POINT('',(0.114703725004336,0.159123631460109,0.0403));
#9797=CARTESIAN_POINT('',(0.1130855106888,0.16244146248775,0.0387594222833563));
#9798=CARTESIAN_POINT('',(0.102381785684465,0.157220906984088,0.0387594222833563));
#9799=CARTESIAN_POINT('',(0.104,0.153903075956447,0.0403));
#9800=CARTESIAN_POINT('',(0.104,0.153903075956447,0.0363));
#9801=CARTESIAN_POINT('',(0.0891247685891931,0.146647940834938,0.0363));
#9802=CARTESIAN_POINT('',(0.114703725004336,0.159123631460109,0.0123));
#9803=CARTESIAN_POINT('',(0.101218768697939,0.152546578814093,0.0163));
#9804=CARTESIAN_POINT('',(0.104,0.153903075956447,0.0163));
#9805=CARTESIAN_POINT('',(0.104,0.153903075956447,0.0123));
#9806=CARTESIAN_POINT('',(0.102381785684465,0.157220906984088,0.0138405777166438));
#9807=CARTESIAN_POINT('',(0.1130855106888,0.16244146248775,0.0138405777166438));
#9808=CARTESIAN_POINT('',(0.237294039188892,0.195768159329524,0.05865));
#9809=CARTESIAN_POINT('',(0.237294039188892,0.195768159329524,0.0323));
#9810=CARTESIAN_POINT('',(0.239047523776048,0.192172983144327,0.0323));
#9811=CARTESIAN_POINT('',(0.239047523776048,0.192172983144327,0.0208));
#9812=CARTESIAN_POINT('',(0.240889215374089,0.19752164391668,0.05865));
#9813=CARTESIAN_POINT('',(0.237294039188892,0.195768159329524,0.0323));
#9814=CARTESIAN_POINT('',(0.237294039188892,0.195768159329524,0.0323));
#9815=CARTESIAN_POINT('',(0.0982447178247511,0.127949273882265,0.0323));
#9816=CARTESIAN_POINT('',(0.0982465154128437,0.127950150624559,0.0363));
#9817=CARTESIAN_POINT('',(0.104,0.130756312555526,0.0363));
#9818=CARTESIAN_POINT('',(0.104,0.130756312555526,0.0323));
#9819=CARTESIAN_POINT('',(0.102246515412844,0.125450673216922,0.0323));
#9820=CARTESIAN_POINT('',(0.242642699961245,0.193926467731484,0.0323));
#9821=CARTESIAN_POINT('',(0.105919342435468,0.177698528648571,0.0263));
#9822=CARTESIAN_POINT('',(0.10022051752721,0.18938285125046,0.0263));
#9823=CARTESIAN_POINT('',(0.211767082064085,0.194212647949987,0.0113));
#9824=CARTESIAN_POINT('',(0.211767082064085,0.194212647949987,0.0273));
#9825=CARTESIAN_POINT('',(0.208767082064085,0.194212647949987,0.0273));
#9826=CARTESIAN_POINT('',(0.211767082064085,0.194212647949987,0.0283));
#9827=CARTESIAN_POINT('',(0.214767082064085,0.194212647949987,0.0283));
#9828=CARTESIAN_POINT('',(0.18480326067511,0.181061513546315,0.0113));
#9829=CARTESIAN_POINT('',(0.18480326067511,0.181061513546315,0.0273));
#9830=CARTESIAN_POINT('',(0.18180326067511,0.181061513546315,0.0273));
#9831=CARTESIAN_POINT('',(0.18480326067511,0.181061513546315,0.0283));
#9832=CARTESIAN_POINT('',(0.18780326067511,0.181061513546315,0.0283));
#9833=CARTESIAN_POINT('',(0.157839439286135,0.167910379142642,0.0113));
#9834=CARTESIAN_POINT('',(0.157839439286135,0.167910379142642,0.0273));
#9835=CARTESIAN_POINT('',(0.154839439286135,0.167910379142642,0.0273));
#9836=CARTESIAN_POINT('',(0.157839439286135,0.167910379142642,0.0283));
#9837=CARTESIAN_POINT('',(0.160839439286135,0.167910379142642,0.0283));
#9838=CARTESIAN_POINT('',(0.13087561789716,0.154759244738969,0.0113));
#9839=CARTESIAN_POINT('',(0.13087561789716,0.154759244738969,0.0273));
#9840=CARTESIAN_POINT('',(0.12787561789716,0.154759244738969,0.0273));
#9841=CARTESIAN_POINT('',(0.13087561789716,0.154759244738969,0.0283));
#9842=CARTESIAN_POINT('',(0.13387561789716,0.154759244738969,0.0283));
#9843=CARTESIAN_POINT('',(0.211767082064085,0.194212647949987,0.0113));
#9844=CARTESIAN_POINT('',(0.211767082064085,0.194212647949987,0.0243));
#9845=CARTESIAN_POINT('',(0.214767082064085,0.194212647949987,0.0243));
#9846=CARTESIAN_POINT('',(0.211767082064085,0.194212647949987,0.0253));
#9847=CARTESIAN_POINT('',(0.208767082064085,0.194212647949987,0.0253));
#9848=CARTESIAN_POINT('',(0.18480326067511,0.181061513546315,0.0113));
#9849=CARTESIAN_POINT('',(0.18480326067511,0.181061513546315,0.0243));
#9850=CARTESIAN_POINT('',(0.18780326067511,0.181061513546315,0.0243));
#9851=CARTESIAN_POINT('',(0.18480326067511,0.181061513546315,0.0253));
#9852=CARTESIAN_POINT('',(0.18180326067511,0.181061513546315,0.0253));
#9853=CARTESIAN_POINT('',(0.157839439286135,0.167910379142642,0.0113));
#9854=CARTESIAN_POINT('',(0.157839439286135,0.167910379142642,0.0243));
#9855=CARTESIAN_POINT('',(0.160839439286135,0.167910379142642,0.0243));
#9856=CARTESIAN_POINT('',(0.157839439286135,0.167910379142642,0.0253));
#9857=CARTESIAN_POINT('',(0.154839439286135,0.167910379142642,0.0253));
#9858=CARTESIAN_POINT('',(0.13087561789716,0.154759244738969,0.0113));
#9859=CARTESIAN_POINT('',(0.13087561789716,0.154759244738969,0.0243));
#9860=CARTESIAN_POINT('',(0.13387561789716,0.154759244738969,0.0243));
#9861=CARTESIAN_POINT('',(0.13087561789716,0.154759244738969,0.0253));
#9862=CARTESIAN_POINT('',(0.12787561789716,0.154759244738969,0.0253));
#9863=CARTESIAN_POINT('',(0.171321349980623,0.171537065726048,0.0243));
#9864=CARTESIAN_POINT('',(0.13087561789716,0.154759244738969,0.0243));
#9865=CARTESIAN_POINT('',(0.13507561789716,0.154759244738969,0.0243));
#9866=CARTESIAN_POINT('',(0.13087561789716,0.154759244738969,0.0243));
#9867=CARTESIAN_POINT('',(0.13087561789716,0.154759244738969,0.0163));
#9868=CARTESIAN_POINT('',(0.13507561789716,0.154759244738969,0.0163));
#9869=CARTESIAN_POINT('',(0.171321349980623,0.171537065726048,0.0243));
#9870=CARTESIAN_POINT('',(0.157839439286135,0.167910379142642,0.0243));
#9871=CARTESIAN_POINT('',(0.162039439286135,0.167910379142642,0.0243));
#9872=CARTESIAN_POINT('',(0.157839439286135,0.167910379142642,0.0243));
#9873=CARTESIAN_POINT('',(0.157839439286135,0.167910379142642,0.0163));
#9874=CARTESIAN_POINT('',(0.162039439286135,0.167910379142642,0.0163));
#9875=CARTESIAN_POINT('',(0.171321349980623,0.171537065726048,0.0243));
#9876=CARTESIAN_POINT('',(0.18480326067511,0.181061513546315,0.0243));
#9877=CARTESIAN_POINT('',(0.18900326067511,0.181061513546315,0.0243));
#9878=CARTESIAN_POINT('',(0.18480326067511,0.181061513546315,0.0243));
#9879=CARTESIAN_POINT('',(0.18480326067511,0.181061513546315,0.0163));
#9880=CARTESIAN_POINT('',(0.18900326067511,0.181061513546315,0.0163));
#9881=CARTESIAN_POINT('',(0.171321349980623,0.171537065726048,0.0243));
#9882=CARTESIAN_POINT('',(0.211767082064085,0.194212647949987,0.0243));
#9883=CARTESIAN_POINT('',(0.215967082064085,0.194212647949987,0.0243));
#9884=CARTESIAN_POINT('',(0.211767082064085,0.194212647949987,0.0243));
#9885=CARTESIAN_POINT('',(0.211767082064085,0.194212647949987,0.0163));
#9886=CARTESIAN_POINT('',(0.215967082064085,0.194212647949987,0.0163));
#9887=CARTESIAN_POINT('',(0.171321349980623,0.171537065726048,0.0283));
#9888=CARTESIAN_POINT('',(0.13087561789716,0.154759244738969,0.0283));
#9889=CARTESIAN_POINT('',(0.13507561789716,0.154759244738969,0.0283));
#9890=CARTESIAN_POINT('',(0.13087561789716,0.154759244738969,0.0283));
#9891=CARTESIAN_POINT('',(0.13087561789716,0.154759244738969,0.0363));
#9892=CARTESIAN_POINT('',(0.13507561789716,0.154759244738969,0.0363));
#9893=CARTESIAN_POINT('',(0.171321349980623,0.171537065726048,0.0283));
#9894=CARTESIAN_POINT('',(0.157839439286135,0.167910379142642,0.0283));
#9895=CARTESIAN_POINT('',(0.162039439286135,0.167910379142642,0.0283));
#9896=CARTESIAN_POINT('',(0.157839439286135,0.167910379142642,0.0283));
#9897=CARTESIAN_POINT('',(0.157839439286135,0.167910379142642,0.0363));
#9898=CARTESIAN_POINT('',(0.162039439286135,0.167910379142642,0.0363));
#9899=CARTESIAN_POINT('',(0.171321349980623,0.171537065726048,0.0283));
#9900=CARTESIAN_POINT('',(0.18480326067511,0.181061513546315,0.0283));
#9901=CARTESIAN_POINT('',(0.18900326067511,0.181061513546315,0.0283));
#9902=CARTESIAN_POINT('',(0.18480326067511,0.181061513546315,0.0283));
#9903=CARTESIAN_POINT('',(0.18480326067511,0.181061513546315,0.0363));
#9904=CARTESIAN_POINT('',(0.18900326067511,0.181061513546315,0.0363));
#9905=CARTESIAN_POINT('',(0.171321349980623,0.171537065726048,0.0283));
#9906=CARTESIAN_POINT('',(0.211767082064085,0.194212647949987,0.0283));
#9907=CARTESIAN_POINT('',(0.215967082064085,0.194212647949987,0.0283));
#9908=CARTESIAN_POINT('',(0.211767082064085,0.194212647949987,0.0283));
#9909=CARTESIAN_POINT('',(0.211767082064085,0.194212647949987,0.0363));
#9910=CARTESIAN_POINT('',(0.215967082064085,0.194212647949987,0.0363));
#9911=CARTESIAN_POINT('',(0.0999982024119074,0.124354097697069,0.0208));
#9912=CARTESIAN_POINT('',(0.102246515412844,0.125450673216922,0.0203));
#9913=CARTESIAN_POINT('',(0.0999982024119074,0.124354097697069,0.0253));
#9914=CARTESIAN_POINT('',(0.0999982024119074,0.124354097697069,0.0273));
#9915=CARTESIAN_POINT('',(0.0934226352100712,0.137836008391556,0.0163));
#9916=CARTESIAN_POINT('',(0.104,0.151952145602184,0.0163));
#9917=CARTESIAN_POINT('',(0.0934226352100712,0.137836008391556,0.0363));
#9918=CARTESIAN_POINT('',(0.104,0.137836008391556,0.0363));
#9919=CARTESIAN_POINT('',(0.0884471226940152,0.183640582912258,0.0263));
#9920=CARTESIAN_POINT('',(0.104,0.191226228020353,0.0263));
#9921=CARTESIAN_POINT('',(0.102246515412844,0.21968805757517,0.0263));
#9922=CARTESIAN_POINT('',(0.0993217234809112,0.188944480103671,0.0263));
#9923=CARTESIAN_POINT('',(0.110868731815202,0.165269604557125,0.0269995472703025));
#9924=CARTESIAN_POINT('',(0.110868731815202,0.165269604557125,0.0256004527296978));
#9925=CARTESIAN_POINT('',(0.110868731815202,0.165269604557125,0.0256004527296978));
#9926=CARTESIAN_POINT('',(0.110860352955659,0.165286783765036,0.0248807495850602));
#9927=CARTESIAN_POINT('',(0.111330246528148,0.165623334152412,0.0235372689032156));
#9928=CARTESIAN_POINT('',(0.112126042730884,0.166176057284,0.0224810907288731));
#9929=CARTESIAN_POINT('',(0.112512560247083,0.166461600873754,0.0219589785831962));
#9930=CARTESIAN_POINT('',(0.110868731815202,0.165269604557125,0.0269995472703025));
#9931=CARTESIAN_POINT('',(0.110860352955659,0.165286783765036,0.02771925041494));
#9932=CARTESIAN_POINT('',(0.111330246528195,0.165623334152427,0.0290627310967413));
#9933=CARTESIAN_POINT('',(0.112126042730789,0.16617605728397,0.0301189092712135));
#9934=CARTESIAN_POINT('',(0.112512560247083,0.166461600873754,0.0306410214168041));
#9935=CARTESIAN_POINT('',(0.228538108313306,0.22284516617116,0.05865));
#9936=CARTESIAN_POINT('',(0.0999982024119074,0.189274420923796,0.0263));
#9937=CARTESIAN_POINT('',(0.104,0.191226228020353,0.0263));
#9938=CARTESIAN_POINT('',(0.0978021860602971,0.157784248911301,0.0273));
#9939=CARTESIAN_POINT('',(0.0978021860602971,0.157784248911301,0.0253));
#9940=CARTESIAN_POINT('',(0.228538108313306,0.22284516617116,0.05865));
#9941=CARTESIAN_POINT('',(0.1,-0.00675,-0.01));
#9942=CARTESIAN_POINT('',(0.1,-0.204726228020353,0.0263));
#9943=CARTESIAN_POINT('',(0.1,-0.229592881389973,0.0263));
#9944=CARTESIAN_POINT('',(0.1,-0.202775297666084,0.0263));
#9945=CARTESIAN_POINT('',(0.1,-0.225082966572612,0.0263));
#9946=CARTESIAN_POINT('',(-0.00879113908121368,-0.149714313788975,0.0263));
#9947=CARTESIAN_POINT('',(-1.21430643318376E-17,-0.154002038809498,0.0263));
#9948=CARTESIAN_POINT('',(-1.07771135656968E-17,-0.176309707716026,0.0263));
#9949=CARTESIAN_POINT('',(0.00879113908121357,-0.149714313788975,0.0263));
#9950=CARTESIAN_POINT('',(-0.102246515412844,-0.23318805757517,0.0263));
#9951=CARTESIAN_POINT('',(-0.1,-0.232092358797611,0.0263));
#9952=CARTESIAN_POINT('',(-0.1,-0.229592881389973,0.0263));
#9953=CARTESIAN_POINT('',(-0.102246515412844,-0.23318805757517,0.022851257214705));
#9954=CARTESIAN_POINT('',(-0.1,-0.232092358797611,0.0230115435272807));
#9955=CARTESIAN_POINT('',(-0.1,-0.229592881389973,0.0233747855312583));
#9956=CARTESIAN_POINT('',(-0.102337816073507,-0.2317061033789,0.0159537716441149));
#9957=CARTESIAN_POINT('',(-0.1,-0.230681746606152,0.016356196624492));
#9958=CARTESIAN_POINT('',(-0.1,-0.228298121288999,0.0175243565937749));
#9959=CARTESIAN_POINT('',(-0.102727819499575,-0.225375730634335,0.00718266276661969));
#9960=CARTESIAN_POINT('',(-0.1,-0.224647213694967,0.00779723076354846));
#9961=CARTESIAN_POINT('',(-0.1,-0.222767374067131,0.010084725344742));
#9962=CARTESIAN_POINT('',(-0.103311500874488,-0.215901658304999,0.00132199518381308));
#9963=CARTESIAN_POINT('',(-0.1,-0.215504262828509,0.00181927744609029));
#9964=CARTESIAN_POINT('',(-0.1,-0.214490025903037,0.00511372267014128));
#9965=CARTESIAN_POINT('',(-0.104,-0.204726228020353,-0.000735997591906543));
#9966=CARTESIAN_POINT('',(-0.1,-0.204474635748442,-0.000715785930621879));
#9967=CARTESIAN_POINT('',(-0.1,-0.204726228020353,0.00336813866492937));
#9968=CARTESIAN_POINT('',(-0.104688499125512,-0.193550797735707,0.00132199518381311));
#9969=CARTESIAN_POINT('',(-0.1,-0.19301790107461,0.000653577745003215));
#9970=CARTESIAN_POINT('',(-0.1,-0.194962430137669,0.00511372267014128));
#9971=CARTESIAN_POINT('',(-0.105272180500425,-0.184076725406371,0.00718266276661978));
#9972=CARTESIAN_POINT('',(-0.1,-0.182714511822704,0.00600025482001965));
#9973=CARTESIAN_POINT('',(-0.1,-0.186685081973575,0.010084725344742));
#9974=CARTESIAN_POINT('',(-0.105662183926493,-0.177746352661806,0.0159537716441148));
#9975=CARTESIAN_POINT('',(-0.1,-0.17528715127692,0.0149569469750403));
#9976=CARTESIAN_POINT('',(-0.1,-0.181154334751707,0.0175243565937748));
#9977=CARTESIAN_POINT('',(-0.105799134917488,-0.175523421367401,0.0263));
#9978=CARTESIAN_POINT('',(-0.1,-0.17251518606669,0.0263));
#9979=CARTESIAN_POINT('',(-0.1,-0.179212194600245,0.0263));
#9980=CARTESIAN_POINT('',(-0.105662183926493,-0.177746352661806,0.036646228355885));
#9981=CARTESIAN_POINT('',(-0.1,-0.17528715127692,0.0376430530249595));
#9982=CARTESIAN_POINT('',(-0.1,-0.181154334751707,0.0350756434062251));
#9983=CARTESIAN_POINT('',(-0.105272180500425,-0.184076725406371,0.0454173372333803));
#9984=CARTESIAN_POINT('',(-0.1,-0.182714511822704,0.0465997451799804));
#9985=CARTESIAN_POINT('',(-0.1,-0.186685081973575,0.0425152746552581));
#9986=CARTESIAN_POINT('',(-0.104688499125512,-0.193550797735707,0.0512780048161869));
#9987=CARTESIAN_POINT('',(-0.1,-0.19301790107461,0.0519464222549968));
#9988=CARTESIAN_POINT('',(-0.1,-0.194962430137669,0.0474862773298587));
#9989=CARTESIAN_POINT('',(-0.104,-0.204726228020353,0.0533359975919066));
#9990=CARTESIAN_POINT('',(-0.1,-0.204474635748443,0.0533157859306219));
#9991=CARTESIAN_POINT('',(-0.1,-0.204726228020353,0.0492318613350706));
#9992=CARTESIAN_POINT('',(-0.103311500874488,-0.215901658304999,0.0512780048161869));
#9993=CARTESIAN_POINT('',(-0.1,-0.215504262828509,0.0507807225539097));
#9994=CARTESIAN_POINT('',(-0.1,-0.214490025903037,0.0474862773298588));
#9995=CARTESIAN_POINT('',(-0.102727819499575,-0.225375730634335,0.0454173372333804));
#9996=CARTESIAN_POINT('',(-0.1,-0.224647213694967,0.0448027692364516));
#9997=CARTESIAN_POINT('',(-0.1,-0.222767374067131,0.0425152746552581));
#9998=CARTESIAN_POINT('',(-0.102337816073507,-0.2317061033789,0.0366462283558852));
#9999=CARTESIAN_POINT('',(-0.1,-0.230681746606152,0.036243803375508));
#10000=CARTESIAN_POINT('',(-0.1,-0.228298121288999,0.0350756434062252));
#10001=CARTESIAN_POINT('',(-0.102246515412844,-0.23318805757517,0.029748742785295));
#10002=CARTESIAN_POINT('',(-0.1,-0.232092358797611,0.0295884564727193));
#10003=CARTESIAN_POINT('',(-0.1,-0.229592881389974,0.0292252144687417));
#10004=CARTESIAN_POINT('',(-0.102246515412844,-0.23318805757517,0.0263));
#10005=CARTESIAN_POINT('',(-0.1,-0.232092358797611,0.0263));
#10006=CARTESIAN_POINT('',(-0.1,-0.229592881389973,0.0263));
#10007=CARTESIAN_POINT('',(-0.102246515412844,0.21968805757517,0.0263));
#10008=CARTESIAN_POINT('',(-0.1,0.218592358797611,0.0263));
#10009=CARTESIAN_POINT('',(-0.1,0.216092881389973,0.0263));
#10010=CARTESIAN_POINT('',(-0.102246515412844,0.21968805757517,0.029748742785295));
#10011=CARTESIAN_POINT('',(-0.1,0.218592358797611,0.0295884564727193));
#10012=CARTESIAN_POINT('',(-0.1,0.216092881389973,0.0292252144687417));
#10013=CARTESIAN_POINT('',(-0.102337816073507,0.2182061033789,0.0366462283558851));
#10014=CARTESIAN_POINT('',(-0.1,0.217181746606152,0.036243803375508));
#10015=CARTESIAN_POINT('',(-0.1,0.214798121288999,0.0350756434062251));
#10016=CARTESIAN_POINT('',(-0.102727819499575,0.211875730634335,0.0454173372333803));
#10017=CARTESIAN_POINT('',(-0.1,0.211147213694967,0.0448027692364515));
#10018=CARTESIAN_POINT('',(-0.1,0.209267374067131,0.042515274655258));
#10019=CARTESIAN_POINT('',(-0.103311500874488,0.202401658304999,0.0512780048161869));
#10020=CARTESIAN_POINT('',(-0.1,0.202004262828509,0.0507807225539097));
#10021=CARTESIAN_POINT('',(-0.1,0.200990025903037,0.0474862773298587));
#10022=CARTESIAN_POINT('',(-0.104,0.191226228020353,0.0533359975919065));
#10023=CARTESIAN_POINT('',(-0.1,0.190974635748442,0.0533157859306219));
#10024=CARTESIAN_POINT('',(-0.1,0.191226228020353,0.0492318613350706));
#10025=CARTESIAN_POINT('',(-0.104688499125512,0.180050797735707,0.0512780048161869));
#10026=CARTESIAN_POINT('',(-0.1,0.17951790107461,0.0519464222549968));
#10027=CARTESIAN_POINT('',(-0.1,0.181462430137669,0.0474862773298587));
#10028=CARTESIAN_POINT('',(-0.105272180500425,0.170576725406371,0.0454173372333802));
#10029=CARTESIAN_POINT('',(-0.1,0.169214511822704,0.0465997451799803));
#10030=CARTESIAN_POINT('',(-0.1,0.173185081973575,0.042515274655258));
#10031=CARTESIAN_POINT('',(-0.105662183926493,0.164246352661806,0.0366462283558852));
#10032=CARTESIAN_POINT('',(-0.0999999999999999,0.16178715127692,0.0376430530249597));
#10033=CARTESIAN_POINT('',(-0.1,0.167654334751707,0.0350756434062252));
#10034=CARTESIAN_POINT('',(-0.105799134917488,0.162023421367401,0.0262999999999999));
#10035=CARTESIAN_POINT('',(-0.1,0.15901518606669,0.0262999999999999));
#10036=CARTESIAN_POINT('',(-0.1,0.165712194600245,0.0263));
#10037=CARTESIAN_POINT('',(-0.105662183926493,0.164246352661806,0.015953771644115));
#10038=CARTESIAN_POINT('',(-0.1,0.16178715127692,0.0149569469750405));
#10039=CARTESIAN_POINT('',(-0.1,0.167654334751707,0.0175243565937749));
#10040=CARTESIAN_POINT('',(-0.105272180500425,0.170576725406371,0.00718266276661968));
#10041=CARTESIAN_POINT('',(-0.1,0.169214511822704,0.00600025482001963));
#10042=CARTESIAN_POINT('',(-0.1,0.173185081973575,0.0100847253447419));
#10043=CARTESIAN_POINT('',(-0.104688499125512,0.180050797735707,0.00132199518381314));
#10044=CARTESIAN_POINT('',(-0.1,0.17951790107461,0.000653577745003212));
#10045=CARTESIAN_POINT('',(-0.1,0.181462430137669,0.00511372267014131));
#10046=CARTESIAN_POINT('',(-0.104,0.191226228020353,-0.000735997591906553));
#10047=CARTESIAN_POINT('',(-0.1,0.190974635748443,-0.000715785930621874));
#10048=CARTESIAN_POINT('',(-0.1,0.191226228020353,0.00336813866492936));
#10049=CARTESIAN_POINT('',(-0.103311500874488,0.202401658304999,0.00132199518381308));
#10050=CARTESIAN_POINT('',(-0.1,0.202004262828509,0.00181927744609028));
#10051=CARTESIAN_POINT('',(-0.1,0.200990025903037,0.00511372267014128));
#10052=CARTESIAN_POINT('',(-0.102727819499575,0.211875730634335,0.00718266276661963));
#10053=CARTESIAN_POINT('',(-0.0999999999999999,0.211147213694967,0.00779723076354839));
#10054=CARTESIAN_POINT('',(-0.1,0.209267374067131,0.0100847253447419));
#10055=CARTESIAN_POINT('',(-0.102337816073507,0.2182061033789,0.0159537716441149));
#10056=CARTESIAN_POINT('',(-0.1,0.217181746606152,0.016356196624492));
#10057=CARTESIAN_POINT('',(-0.1,0.214798121288999,0.0175243565937749));
#10058=CARTESIAN_POINT('',(-0.102246515412844,0.21968805757517,0.022851257214705));
#10059=CARTESIAN_POINT('',(-0.1,0.218592358797611,0.0230115435272807));
#10060=CARTESIAN_POINT('',(-0.1,0.216092881389973,0.0233747855312583));
#10061=CARTESIAN_POINT('',(-0.102246515412844,0.21968805757517,0.0263));
#10062=CARTESIAN_POINT('',(-0.1,0.218592358797611,0.0263));
#10063=CARTESIAN_POINT('',(-0.1,0.216092881389973,0.0263));
#10064=CARTESIAN_POINT('',(0.1,0.216092881389973,0.0263));
#10065=CARTESIAN_POINT('',(0.1,0.218592358797611,0.0263));
#10066=CARTESIAN_POINT('',(0.102246515412844,0.21968805757517,0.0263));
#10067=CARTESIAN_POINT('',(0.1,0.216092881389973,0.0292252144687417));
#10068=CARTESIAN_POINT('',(0.1,0.218592358797611,0.0295884564727193));
#10069=CARTESIAN_POINT('',(0.102246515412844,0.21968805757517,0.029748742785295));
#10070=CARTESIAN_POINT('',(0.1,0.214798121288999,0.0350756434062251));
#10071=CARTESIAN_POINT('',(0.1,0.217181746606152,0.036243803375508));
#10072=CARTESIAN_POINT('',(0.102337816073507,0.2182061033789,0.0366462283558851));
#10073=CARTESIAN_POINT('',(0.1,0.209267374067131,0.042515274655258));
#10074=CARTESIAN_POINT('',(0.1,0.211147213694967,0.0448027692364515));
#10075=CARTESIAN_POINT('',(0.102727819499575,0.211875730634335,0.0454173372333803));
#10076=CARTESIAN_POINT('',(0.1,0.200990025903037,0.0474862773298587));
#10077=CARTESIAN_POINT('',(0.1,0.202004262828509,0.0507807225539097));
#10078=CARTESIAN_POINT('',(0.103311500874488,0.202401658304999,0.0512780048161869));
#10079=CARTESIAN_POINT('',(0.1,0.191226228020353,0.0492318613350706));
#10080=CARTESIAN_POINT('',(0.1,0.190974635748442,0.0533157859306219));
#10081=CARTESIAN_POINT('',(0.104,0.191226228020353,0.0533359975919065));
#10082=CARTESIAN_POINT('',(0.1,0.181462430137669,0.0474862773298587));
#10083=CARTESIAN_POINT('',(0.1,0.17951790107461,0.0519464222549968));
#10084=CARTESIAN_POINT('',(0.104688499125512,0.180050797735707,0.0512780048161869));
#10085=CARTESIAN_POINT('',(0.1,0.173185081973575,0.042515274655258));
#10086=CARTESIAN_POINT('',(0.1,0.169214511822704,0.0465997451799803));
#10087=CARTESIAN_POINT('',(0.105272180500425,0.170576725406371,0.0454173372333802));
#10088=CARTESIAN_POINT('',(0.1,0.167654334751707,0.0350756434062252));
#10089=CARTESIAN_POINT('',(0.0999999999999999,0.16178715127692,0.0376430530249597));
#10090=CARTESIAN_POINT('',(0.105662183926493,0.164246352661806,0.0366462283558852));
#10091=CARTESIAN_POINT('',(0.1,0.165712194600245,0.0263));
#10092=CARTESIAN_POINT('',(0.1,0.15901518606669,0.0262999999999999));
#10093=CARTESIAN_POINT('',(0.105799134917488,0.162023421367401,0.0262999999999999));
#10094=CARTESIAN_POINT('',(0.1,0.167654334751707,0.0175243565937749));
#10095=CARTESIAN_POINT('',(0.1,0.16178715127692,0.0149569469750405));
#10096=CARTESIAN_POINT('',(0.105662183926493,0.164246352661806,0.015953771644115));
#10097=CARTESIAN_POINT('',(0.1,0.173185081973575,0.0100847253447419));
#10098=CARTESIAN_POINT('',(0.1,0.169214511822704,0.00600025482001963));
#10099=CARTESIAN_POINT('',(0.105272180500425,0.170576725406371,0.00718266276661968));
#10100=CARTESIAN_POINT('',(0.1,0.181462430137669,0.00511372267014131));
#10101=CARTESIAN_POINT('',(0.1,0.17951790107461,0.000653577745003212));
#10102=CARTESIAN_POINT('',(0.104688499125512,0.180050797735707,0.00132199518381314));
#10103=CARTESIAN_POINT('',(0.1,0.191226228020353,0.00336813866492936));
#10104=CARTESIAN_POINT('',(0.1,0.190974635748443,-0.000715785930621874));
#10105=CARTESIAN_POINT('',(0.104,0.191226228020353,-0.000735997591906553));
#10106=CARTESIAN_POINT('',(0.1,0.200990025903037,0.00511372267014128));
#10107=CARTESIAN_POINT('',(0.1,0.202004262828509,0.00181927744609028));
#10108=CARTESIAN_POINT('',(0.103311500874488,0.202401658304999,0.00132199518381308));
#10109=CARTESIAN_POINT('',(0.1,0.209267374067131,0.0100847253447419));
#10110=CARTESIAN_POINT('',(0.0999999999999999,0.211147213694967,0.00779723076354839));
#10111=CARTESIAN_POINT('',(0.102727819499575,0.211875730634335,0.00718266276661963));
#10112=CARTESIAN_POINT('',(0.1,0.214798121288999,0.0175243565937749));
#10113=CARTESIAN_POINT('',(0.1,0.217181746606152,0.016356196624492));
#10114=CARTESIAN_POINT('',(0.102337816073507,0.2182061033789,0.0159537716441149));
#10115=CARTESIAN_POINT('',(0.1,0.216092881389973,0.0233747855312583));
#10116=CARTESIAN_POINT('',(0.1,0.218592358797611,0.0230115435272807));
#10117=CARTESIAN_POINT('',(0.102246515412844,0.21968805757517,0.022851257214705));
#10118=CARTESIAN_POINT('',(0.1,0.216092881389973,0.0263));
#10119=CARTESIAN_POINT('',(0.1,0.218592358797611,0.0263));
#10120=CARTESIAN_POINT('',(0.102246515412844,0.21968805757517,0.0263));
#10121=CARTESIAN_POINT('',(0.1,-0.229592881389973,0.0263));
#10122=CARTESIAN_POINT('',(0.1,-0.232092358797611,0.0263));
#10123=CARTESIAN_POINT('',(0.102246515412844,-0.23318805757517,0.0263));
#10124=CARTESIAN_POINT('',(0.1,-0.229592881389973,0.0233747855312583));
#10125=CARTESIAN_POINT('',(0.1,-0.232092358797611,0.0230115435272807));
#10126=CARTESIAN_POINT('',(0.102246515412844,-0.23318805757517,0.022851257214705));
#10127=CARTESIAN_POINT('',(0.1,-0.228298121288999,0.0175243565937749));
#10128=CARTESIAN_POINT('',(0.1,-0.230681746606152,0.016356196624492));
#10129=CARTESIAN_POINT('',(0.102337816073507,-0.2317061033789,0.0159537716441149));
#10130=CARTESIAN_POINT('',(0.1,-0.222767374067131,0.010084725344742));
#10131=CARTESIAN_POINT('',(0.1,-0.224647213694967,0.00779723076354846));
#10132=CARTESIAN_POINT('',(0.102727819499575,-0.225375730634335,0.00718266276661969));
#10133=CARTESIAN_POINT('',(0.1,-0.214490025903037,0.00511372267014128));
#10134=CARTESIAN_POINT('',(0.1,-0.215504262828509,0.00181927744609029));
#10135=CARTESIAN_POINT('',(0.103311500874488,-0.215901658304999,0.00132199518381308));
#10136=CARTESIAN_POINT('',(0.1,-0.204726228020353,0.00336813866492937));
#10137=CARTESIAN_POINT('',(0.1,-0.204474635748442,-0.000715785930621879));
#10138=CARTESIAN_POINT('',(0.104,-0.204726228020353,-0.000735997591906543));
#10139=CARTESIAN_POINT('',(0.1,-0.194962430137669,0.00511372267014128));
#10140=CARTESIAN_POINT('',(0.1,-0.19301790107461,0.000653577745003215));
#10141=CARTESIAN_POINT('',(0.104688499125512,-0.193550797735707,0.00132199518381311));
#10142=CARTESIAN_POINT('',(0.1,-0.186685081973575,0.010084725344742));
#10143=CARTESIAN_POINT('',(0.1,-0.182714511822704,0.00600025482001965));
#10144=CARTESIAN_POINT('',(0.105272180500425,-0.184076725406371,0.00718266276661978));
#10145=CARTESIAN_POINT('',(0.1,-0.181154334751707,0.0175243565937748));
#10146=CARTESIAN_POINT('',(0.1,-0.17528715127692,0.0149569469750403));
#10147=CARTESIAN_POINT('',(0.105662183926493,-0.177746352661806,0.0159537716441148));
#10148=CARTESIAN_POINT('',(0.1,-0.179212194600245,0.0263));
#10149=CARTESIAN_POINT('',(0.1,-0.17251518606669,0.0263));
#10150=CARTESIAN_POINT('',(0.105799134917488,-0.175523421367401,0.0263));
#10151=CARTESIAN_POINT('',(0.1,-0.181154334751707,0.0350756434062251));
#10152=CARTESIAN_POINT('',(0.1,-0.17528715127692,0.0376430530249595));
#10153=CARTESIAN_POINT('',(0.105662183926493,-0.177746352661806,0.036646228355885));
#10154=CARTESIAN_POINT('',(0.1,-0.186685081973575,0.0425152746552581));
#10155=CARTESIAN_POINT('',(0.1,-0.182714511822704,0.0465997451799804));
#10156=CARTESIAN_POINT('',(0.105272180500425,-0.184076725406371,0.0454173372333803));
#10157=CARTESIAN_POINT('',(0.1,-0.194962430137669,0.0474862773298587));
#10158=CARTESIAN_POINT('',(0.1,-0.19301790107461,0.0519464222549968));
#10159=CARTESIAN_POINT('',(0.104688499125512,-0.193550797735707,0.0512780048161869));
#10160=CARTESIAN_POINT('',(0.1,-0.204726228020353,0.0492318613350706));
#10161=CARTESIAN_POINT('',(0.1,-0.204474635748443,0.0533157859306219));
#10162=CARTESIAN_POINT('',(0.104,-0.204726228020353,0.0533359975919066));
#10163=CARTESIAN_POINT('',(0.1,-0.214490025903037,0.0474862773298588));
#10164=CARTESIAN_POINT('',(0.1,-0.215504262828509,0.0507807225539097));
#10165=CARTESIAN_POINT('',(0.103311500874488,-0.215901658304999,0.0512780048161869));
#10166=CARTESIAN_POINT('',(0.1,-0.222767374067131,0.0425152746552581));
#10167=CARTESIAN_POINT('',(0.1,-0.224647213694967,0.0448027692364516));
#10168=CARTESIAN_POINT('',(0.102727819499575,-0.225375730634335,0.0454173372333804));
#10169=CARTESIAN_POINT('',(0.1,-0.228298121288999,0.0350756434062252));
#10170=CARTESIAN_POINT('',(0.1,-0.230681746606152,0.036243803375508));
#10171=CARTESIAN_POINT('',(0.102337816073507,-0.2317061033789,0.0366462283558852));
#10172=CARTESIAN_POINT('',(0.1,-0.229592881389974,0.0292252144687417));
#10173=CARTESIAN_POINT('',(0.1,-0.232092358797611,0.0295884564727193));
#10174=CARTESIAN_POINT('',(0.102246515412844,-0.23318805757517,0.029748742785295));
#10175=CARTESIAN_POINT('',(0.1,-0.229592881389973,0.0263));
#10176=CARTESIAN_POINT('',(0.1,-0.232092358797611,0.0263));
#10177=CARTESIAN_POINT('',(0.102246515412844,-0.23318805757517,0.0263));
#10178=CARTESIAN_POINT('',(0.104,0.130756312555526,0.0363));
#10179=CARTESIAN_POINT('',(0.1,0.130756312555526,0.0363));
#10180=CARTESIAN_POINT('',(0.1,0.130756312555526,0.0403));
#10181=CARTESIAN_POINT('',(0.103770469403301,0.130061805987268,0.0363));
#10182=CARTESIAN_POINT('',(0.0999999999999867,0.130081176532512,0.0365231287415052));
#10183=CARTESIAN_POINT('',(0.1,0.129591198523121,0.0403000000000081));
#10184=CARTESIAN_POINT('',(0.103311515215435,0.1286731166245,0.0360917249698364));
#10185=CARTESIAN_POINT('',(0.100000000000005,0.128563707243039,0.0367004710888934));
#10186=CARTESIAN_POINT('',(0.1,0.127261513625827,0.0398834499396686));
#10187=CARTESIAN_POINT('',(0.102727815638552,0.126906976528575,0.0352020713858437));
#10188=CARTESIAN_POINT('',(0.100000000000003,0.126324926522389,0.0359560554078993));
#10189=CARTESIAN_POINT('',(0.1,0.124298612045102,0.0381041427716898));
#10190=CARTESIAN_POINT('',(0.102337817176651,0.125726931265215,0.0338705522352661));
#10191=CARTESIAN_POINT('',(0.0999999999999844,0.124737512644314,0.0343642875050009));
#10192=CARTESIAN_POINT('',(0.1,0.122318951437101,0.0354411044705267));
#10193=CARTESIAN_POINT('',(0.102246515412855,0.125450673216927,0.0328235987783249));
#10194=CARTESIAN_POINT('',(0.100000000000034,0.124354974439423,0.0329831755344949));
#10195=CARTESIAN_POINT('',(0.1,0.121855497031739,0.0333471975566608));
#10196=CARTESIAN_POINT('',(0.102246515412844,0.125450673216922,0.0323));
#10197=CARTESIAN_POINT('',(0.1,0.124354974439362,0.0323));
#10198=CARTESIAN_POINT('',(0.1,0.121855497031725,0.0323));
#10199=CARTESIAN_POINT('',(0.104,0.130756312555526,0.0403));
#10200=CARTESIAN_POINT('',(0.104,0.121855497031725,0.0323));
#10201=CARTESIAN_POINT('',(0.104,0.121855497031725,0.0208));
#10202=CARTESIAN_POINT('',(0.104,0.121855497031725,0.0203));
#10203=CARTESIAN_POINT('',(0.104,-0.00675,0.0403));
#10204=CARTESIAN_POINT('',(0.104,0.153903075956447,0.0403));
#10205=CARTESIAN_POINT('',(0.102246515412844,0.125450673216922,0.0203));
#10206=CARTESIAN_POINT('',(0.1,0.124354974439362,0.0203));
#10207=CARTESIAN_POINT('',(0.1,0.121855497031725,0.0203));
#10208=CARTESIAN_POINT('',(0.102246515412855,0.125450673216927,0.0197764012216733));
#10209=CARTESIAN_POINT('',(0.100000000000034,0.124354974439423,0.0196168244655242));
#10210=CARTESIAN_POINT('',(0.1,0.121855497031739,0.019252802443352));
#10211=CARTESIAN_POINT('',(0.102337817176651,0.125726931265215,0.0187294477647348));
#10212=CARTESIAN_POINT('',(0.0999999999999846,0.124737512644315,0.0182357124949897));
#10213=CARTESIAN_POINT('',(0.1,0.122318951437103,0.0171588955294672));
#10214=CARTESIAN_POINT('',(0.102727815638552,0.126906976528573,0.017397928614156));
#10215=CARTESIAN_POINT('',(0.100000000000002,0.126324926522386,0.016643944592105));
#10216=CARTESIAN_POINT('',(0.1,0.124298612045094,0.0144958572283126));
#10217=CARTESIAN_POINT('',(0.103311515215435,0.128673116624508,0.0165082750301637));
#10218=CARTESIAN_POINT('',(0.100000000000008,0.128563707243049,0.0158995289110988));
#10219=CARTESIAN_POINT('',(0.1,0.127261513625857,0.0127165500603282));
#10220=CARTESIAN_POINT('',(0.103770469403301,0.130061805987252,0.0163));
#10221=CARTESIAN_POINT('',(0.0999999999999778,0.130081176532489,0.0160768712585107));
#10222=CARTESIAN_POINT('',(0.1,0.129591198523057,0.012299999999998));
#10223=CARTESIAN_POINT('',(0.104,0.130756312555526,0.0163));
#10224=CARTESIAN_POINT('',(0.1,0.130756312555526,0.0163));
#10225=CARTESIAN_POINT('',(0.1,0.130756312555526,0.0123));
#10226=CARTESIAN_POINT('',(0.104,0.130756312555526,0.0123));
#10227=CARTESIAN_POINT('',(0.104,0.153903075956447,0.0403));
#10228=CARTESIAN_POINT('',(0.104,0.153903075956447,0.0403));
#10229=CARTESIAN_POINT('',(0.104,0.137836008391556,0.0123));
#10230=CARTESIAN_POINT('',(0.104,0.153903075956447,0.0123));
#10231=CARTESIAN_POINT('',(0.102381785684465,0.157220906984088,0.0138405777166438));
#10232=CARTESIAN_POINT('',(0.1,0.156265272085894,0.0133968451042417));
#10233=CARTESIAN_POINT('',(0.1,0.153903075956447,0.0123000000000001));
#10234=CARTESIAN_POINT('',(0.102459062812867,0.158844816459024,0.0104244525645518));
#10235=CARTESIAN_POINT('',(0.100000000000049,0.157979095515215,0.0098497494411027));
#10236=CARTESIAN_POINT('',(0.1,0.155685427024586,0.00846147915674227));
#10237=CARTESIAN_POINT('',(0.102677786286014,0.163441093881626,0.00408735947908406));
#10238=CARTESIAN_POINT('',(0.0999999999999766,0.162892761476598,0.00326953734018753));
#10239=CARTESIAN_POINT('',(0.1,0.160730154024465,0.00134081969289328));
#10240=CARTESIAN_POINT('',(0.103160173818097,0.17357803478897,-0.00282707238372301));
#10241=CARTESIAN_POINT('',(0.100000000000007,0.173523413160625,-0.00358218359513735));
#10242=CARTESIAN_POINT('',(0.1,0.171856135941951,-0.00642856510505213));
#10243=CARTESIAN_POINT('',(0.103740554145507,0.185774206314171,-0.00634254341543887));
#10244=CARTESIAN_POINT('',(0.0999999999999981,0.186098431286688,-0.00665158816208915));
#10245=CARTESIAN_POINT('',(0.1,0.185242263482022,-0.0103787157079189));
#10246=CARTESIAN_POINT('',(0.104351209746604,0.198606585535212,-0.00604909001612349));
#10247=CARTESIAN_POINT('',(0.100000000000001,0.198958319390972,-0.00560774332198504));
#10248=CARTESIAN_POINT('',(0.1,0.199326672227874,-0.0100489774987974));
#10249=CARTESIAN_POINT('',(0.104920883242376,0.210577762605898,-0.00198088809736201));
#10250=CARTESIAN_POINT('',(0.0999999999999998,0.21040950732416,-0.0007417696941062));
#10251=CARTESIAN_POINT('',(0.1,0.212465853055387,-0.00547775215885957));
#10252=CARTESIAN_POINT('',(0.105383101258801,0.220290859249756,0.00538733622561707));
#10253=CARTESIAN_POINT('',(0.1,0.219056963600765,0.00703082114912791));
#10254=CARTESIAN_POINT('',(0.1,0.223126637073968,0.00280153544980464));
#10255=CARTESIAN_POINT('',(0.105683928622475,0.226612476219782,0.0151958080311629));
#10256=CARTESIAN_POINT('',(0.1,0.224180807213188,0.0164104268304389));
#10257=CARTESIAN_POINT('',(0.1,0.230065041543387,0.0138228012962217));
#10258=CARTESIAN_POINT('',(0.105788262569497,0.228804960447253,0.0263));
#10259=CARTESIAN_POINT('',(0.1,0.225824423097961,0.0263));
#10260=CARTESIAN_POINT('',(0.1,0.232471442063246,0.0263));
#10261=CARTESIAN_POINT('',(0.105683928622475,0.226612476219782,0.0374041919688367));
#10262=CARTESIAN_POINT('',(0.0999999999999999,0.224180807213188,0.0361895731695606));
#10263=CARTESIAN_POINT('',(0.1,0.230065041543387,0.0387771987037778));
#10264=CARTESIAN_POINT('',(0.105383101258801,0.220290859249756,0.0472126637743829));
#10265=CARTESIAN_POINT('',(0.0999999999999999,0.219056963600765,0.045569178850872));
#10266=CARTESIAN_POINT('',(0.1,0.223126637073968,0.0497984645501953));
#10267=CARTESIAN_POINT('',(0.104920883242376,0.210577762605898,0.054580888097362));
#10268=CARTESIAN_POINT('',(0.1,0.21040950732416,0.053341769694106));
#10269=CARTESIAN_POINT('',(0.1,0.212465853055387,0.0580777521588595));
#10270=CARTESIAN_POINT('',(0.104351209746603,0.198606585535212,0.0586490900161233));
#10271=CARTESIAN_POINT('',(0.0999999999999993,0.198958319390974,0.0582077433219855));
#10272=CARTESIAN_POINT('',(0.1,0.199326672227873,0.0626489774987974));
#10273=CARTESIAN_POINT('',(0.103740554145507,0.185774206314172,0.0589425434154395));
#10274=CARTESIAN_POINT('',(0.100000000000002,0.186098431286681,0.0592515881620875));
#10275=CARTESIAN_POINT('',(0.1,0.185242263482024,0.0629787157079188));
#10276=CARTESIAN_POINT('',(0.103160173818094,0.173578034788968,0.0554270723837206));
#10277=CARTESIAN_POINT('',(0.0999999999999916,0.173523413160651,0.0561821835951429));
#10278=CARTESIAN_POINT('',(0.1,0.171856135941944,0.0590285651050525));
#10279=CARTESIAN_POINT('',(0.102677786286023,0.163441093881635,0.0485126405209248));
#10280=CARTESIAN_POINT('',(0.10000000000003,0.16289276147651,0.0493304626597936));
#10281=CARTESIAN_POINT('',(0.1,0.160730154024492,0.0512591803071053));
#10282=CARTESIAN_POINT('',(0.102459062812848,0.158844816459006,0.0421755474354296));
#10283=CARTESIAN_POINT('',(0.0999999999999365,0.157979095515401,0.0427502505589359));
#10284=CARTESIAN_POINT('',(0.1,0.155685427024527,0.0441385208432615));
#10285=CARTESIAN_POINT('',(0.102381785684465,0.157220906984088,0.0387594222833563));
#10286=CARTESIAN_POINT('',(0.1,0.156265272085895,0.0392031548957585));
#10287=CARTESIAN_POINT('',(0.1,0.153903075956447,0.0403));
#10288=CARTESIAN_POINT('',(0.104,0.153903075956447,0.0123));
#10289=CARTESIAN_POINT('',(0.104,0.153903075956447,0.0123));
#10290=CARTESIAN_POINT('',(0.102246515412844,-0.138950673216922,0.0323));
#10291=CARTESIAN_POINT('',(0.1,-0.137854974439362,0.0323));
#10292=CARTESIAN_POINT('',(0.1,-0.135355497031725,0.0323));
#10293=CARTESIAN_POINT('',(0.102246515412855,-0.138950673216927,0.0328235987783237));
#10294=CARTESIAN_POINT('',(0.100000000000009,-0.137854974439384,0.0329831755344721));
#10295=CARTESIAN_POINT('',(0.1,-0.13535549703174,0.0333471975566583));
#10296=CARTESIAN_POINT('',(0.10233781717665,-0.139226931265215,0.0338705522352666));
#10297=CARTESIAN_POINT('',(0.0999999999999967,-0.138237512644334,0.0343642875050116));
#10298=CARTESIAN_POINT('',(0.1,-0.135818951437101,0.0354411044705278));
#10299=CARTESIAN_POINT('',(0.102727815638556,-0.140406976528575,0.0352020713858435));
#10300=CARTESIAN_POINT('',(0.0999999999999986,-0.139824926522379,0.035956055407894));
#10301=CARTESIAN_POINT('',(0.1,-0.137798612045102,0.0381041427716895));
#10302=CARTESIAN_POINT('',(0.10331151521542,-0.142173116624501,0.0360917249698364));
#10303=CARTESIAN_POINT('',(0.100000000000009,-0.142063707243057,0.0367004710889041));
#10304=CARTESIAN_POINT('',(0.1,-0.140761513625828,0.0398834499396686));
#10305=CARTESIAN_POINT('',(0.103770469403333,-0.143561805987267,0.0363));
#10306=CARTESIAN_POINT('',(0.0999999999999778,-0.143581176532481,0.0365231287414818));
#10307=CARTESIAN_POINT('',(0.1,-0.143091198523119,0.0403000000000081));
#10308=CARTESIAN_POINT('',(0.104,-0.144256312555527,0.0363));
#10309=CARTESIAN_POINT('',(0.1,-0.144256312555527,0.0363));
#10310=CARTESIAN_POINT('',(0.1,-0.144256312555527,0.0403));
#10311=CARTESIAN_POINT('',(0.104,-0.144256312555527,0.0403));
#10312=CARTESIAN_POINT('',(0.104,-0.135355497031725,0.0323));
#10313=CARTESIAN_POINT('',(0.104,-0.135355497031725,-0.01));
#10314=CARTESIAN_POINT('',(0.104,-0.135355497031725,0.0203));
#10315=CARTESIAN_POINT('',(0.104,-0.151336008391557,0.0403));
#10316=CARTESIAN_POINT('',(0.104,-0.167403075956448,0.0403));
#10317=CARTESIAN_POINT('',(0.104,-0.144256312555527,0.0163));
#10318=CARTESIAN_POINT('',(0.1,-0.144256312555527,0.0163));
#10319=CARTESIAN_POINT('',(0.1,-0.144256312555527,0.0123));
#10320=CARTESIAN_POINT('',(0.103770469403325,-0.14356180598725,0.0163));
#10321=CARTESIAN_POINT('',(0.0999999999999822,-0.143581176532472,0.0160768712585366));
#10322=CARTESIAN_POINT('',(0.1,-0.143091198523103,0.012299999999998));
#10323=CARTESIAN_POINT('',(0.103311515215424,-0.142173116624509,0.0165082750301638));
#10324=CARTESIAN_POINT('',(0.100000000000008,-0.14206370724306,0.015899528911088));
#10325=CARTESIAN_POINT('',(0.1,-0.140761513625836,0.0127165500603284));
#10326=CARTESIAN_POINT('',(0.102727815638555,-0.140406976528573,0.0173979286141561));
#10327=CARTESIAN_POINT('',(0.0999999999999991,-0.139824926522378,0.0166439445921072));
#10328=CARTESIAN_POINT('',(0.1,-0.1377986120451,0.0144958572283119));
#10329=CARTESIAN_POINT('',(0.10233781717665,-0.139226931265215,0.0187294477647348));
#10330=CARTESIAN_POINT('',(0.0999999999999965,-0.138237512644334,0.0182357124949911));
#10331=CARTESIAN_POINT('',(0.1,-0.135818951437102,0.0171588955294697));
#10332=CARTESIAN_POINT('',(0.102246515412855,-0.138950673216927,0.0197764012216733));
#10333=CARTESIAN_POINT('',(0.100000000000009,-0.137854974439384,0.0196168244655211));
#10334=CARTESIAN_POINT('',(0.1,-0.13535549703174,0.0192528024433466));
#10335=CARTESIAN_POINT('',(0.102246515412844,-0.138950673216922,0.0203));
#10336=CARTESIAN_POINT('',(0.1,-0.137854974439362,0.0203));
#10337=CARTESIAN_POINT('',(0.1,-0.135355497031725,0.0203));
#10338=CARTESIAN_POINT('',(0.104,-0.144256312555527,0.0123));
#10339=CARTESIAN_POINT('',(0.104,-0.167403075956447,0.0403));
#10340=CARTESIAN_POINT('',(0.104,-0.167403075956447,0.0403));
#10341=CARTESIAN_POINT('',(0.104,-0.00675,0.0123));
#10342=CARTESIAN_POINT('',(0.104,-0.167403075956447,0.0123));
#10343=CARTESIAN_POINT('',(0.102381785684465,-0.170720906984088,0.0387594222833562));
#10344=CARTESIAN_POINT('',(0.1,-0.169765272085894,0.0392031548957584));
#10345=CARTESIAN_POINT('',(0.1,-0.167403075956447,0.0402999999999999));
#10346=CARTESIAN_POINT('',(0.102459062812931,-0.17234481645907,0.0421755474354795));
#10347=CARTESIAN_POINT('',(0.100000000000155,-0.171479095515821,0.0427502505588013));
#10348=CARTESIAN_POINT('',(0.1,-0.169185427024762,0.0441385208432174));
#10349=CARTESIAN_POINT('',(0.102677786285984,-0.176941093881605,0.0485126405209014));
#10350=CARTESIAN_POINT('',(0.0999999999999265,-0.176392761476334,0.0493304626598887));
#10351=CARTESIAN_POINT('',(0.1,-0.174230154024383,0.0512591803071255));
#10352=CARTESIAN_POINT('',(0.103160173818105,-0.187078034788976,0.0554270723837269));
#10353=CARTESIAN_POINT('',(0.100000000000021,-0.187023413160686,0.0561821835951069));
#10354=CARTESIAN_POINT('',(0.1,-0.185356135941973,0.0590285651050471));
#10355=CARTESIAN_POINT('',(0.103740554145505,-0.199274206314169,0.0589425434154379));
#10356=CARTESIAN_POINT('',(0.0999999999999941,-0.199598431286675,0.059251588162099));
#10357=CARTESIAN_POINT('',(0.1,-0.198742263482017,0.0629787157079202));
#10358=CARTESIAN_POINT('',(0.104351209746604,-0.212106585535213,0.0586490900161237));
#10359=CARTESIAN_POINT('',(0.100000000000002,-0.212458319390974,0.0582077433219823));
#10360=CARTESIAN_POINT('',(0.1,-0.212826672227875,0.062648977498797));
#10361=CARTESIAN_POINT('',(0.104920883242376,-0.224077762605897,0.0545808880973621));
#10362=CARTESIAN_POINT('',(0.0999999999999995,-0.22390950732416,0.053341769694107));
#10363=CARTESIAN_POINT('',(0.1,-0.225965853055386,0.0580777521588598));
#10364=CARTESIAN_POINT('',(0.105383101258801,-0.233790859249756,0.0472126637743829));
#10365=CARTESIAN_POINT('',(0.1,-0.232556963600765,0.0455691788508718));
#10366=CARTESIAN_POINT('',(0.1,-0.236626637073968,0.0497984645501952));
#10367=CARTESIAN_POINT('',(0.105683928622475,-0.240112476219782,0.0374041919688371));
#10368=CARTESIAN_POINT('',(0.1,-0.237680807213188,0.036189573169561));
#10369=CARTESIAN_POINT('',(0.1,-0.243565041543387,0.0387771987037783));
#10370=CARTESIAN_POINT('',(0.105788262569497,-0.242304960447253,0.0263));
#10371=CARTESIAN_POINT('',(0.1,-0.239324423097961,0.0263));
#10372=CARTESIAN_POINT('',(0.1,-0.245971442063246,0.0263));
#10373=CARTESIAN_POINT('',(0.105683928622475,-0.240112476219782,0.015195808031163));
#10374=CARTESIAN_POINT('',(0.1,-0.237680807213188,0.0164104268304391));
#10375=CARTESIAN_POINT('',(0.1,-0.243565041543387,0.0138228012962218));
#10376=CARTESIAN_POINT('',(0.105383101258801,-0.233790859249756,0.00538733622561718));
#10377=CARTESIAN_POINT('',(0.1,-0.232556963600764,0.00703082114912805));
#10378=CARTESIAN_POINT('',(0.1,-0.236626637073968,0.00280153544980475));
#10379=CARTESIAN_POINT('',(0.104920883242376,-0.224077762605898,-0.00198088809736199));
#10380=CARTESIAN_POINT('',(0.0999999999999997,-0.223909507324161,-0.000741769694106656));
#10381=CARTESIAN_POINT('',(0.1,-0.225965853055387,-0.00547775215885953));
#10382=CARTESIAN_POINT('',(0.104351209746603,-0.212106585535212,-0.00604909001612341));
#10383=CARTESIAN_POINT('',(0.100000000000001,-0.212458319390972,-0.00560774332198271));
#10384=CARTESIAN_POINT('',(0.1,-0.212826672227873,-0.0100489774987974));
#10385=CARTESIAN_POINT('',(0.103740554145507,-0.199274206314172,-0.00634254341543913));
#10386=CARTESIAN_POINT('',(0.099999999999997,-0.199598431286684,-0.00665158816209766));
#10387=CARTESIAN_POINT('',(0.1,-0.198742263482025,-0.0103787157079189));
#10388=CARTESIAN_POINT('',(0.103160173818094,-0.187078034788969,-0.00282707238372231));
#10389=CARTESIAN_POINT('',(0.10000000000001,-0.187023413160658,-0.00358218359511222));
#10390=CARTESIAN_POINT('',(0.1,-0.185356135941944,-0.00642856510505222));
#10391=CARTESIAN_POINT('',(0.102677786286024,-0.176941093881633,0.00408735947908094));
#10392=CARTESIAN_POINT('',(0.0999999999999632,-0.176392761476429,0.00326953734013335));
#10393=CARTESIAN_POINT('',(0.1,-0.174230154024492,0.00134081969289304));
#10394=CARTESIAN_POINT('',(0.102459062812845,-0.172344816459011,0.010424452564558));
#10395=CARTESIAN_POINT('',(0.100000000000078,-0.171479095515627,0.00984974944114415));
#10396=CARTESIAN_POINT('',(0.1,-0.169185427024527,0.00846147915674218));
#10397=CARTESIAN_POINT('',(0.102381785684465,-0.170720906984088,0.0138405777166437));
#10398=CARTESIAN_POINT('',(0.1,-0.169765272085895,0.0133968451042416));
#10399=CARTESIAN_POINT('',(0.1,-0.167403075956447,0.0123));
#10400=CARTESIAN_POINT('',(0.104,-0.167403075956448,0.0123));
#10401=CARTESIAN_POINT('',(0.104,-0.167403075956447,0.0123));
#10402=CARTESIAN_POINT('',(-0.1,-0.135355497031725,0.0323));
#10403=CARTESIAN_POINT('',(-0.1,-0.137854974439362,0.0323));
#10404=CARTESIAN_POINT('',(-0.102246515412844,-0.138950673216922,0.0323));
#10405=CARTESIAN_POINT('',(-0.1,-0.13535549703174,0.0333471975566583));
#10406=CARTESIAN_POINT('',(-0.100000000000009,-0.137854974439384,0.0329831755344721));
#10407=CARTESIAN_POINT('',(-0.102246515412855,-0.138950673216927,0.0328235987783237));
#10408=CARTESIAN_POINT('',(-0.1,-0.135818951437101,0.0354411044705278));
#10409=CARTESIAN_POINT('',(-0.0999999999999967,-0.138237512644334,0.0343642875050116));
#10410=CARTESIAN_POINT('',(-0.10233781717665,-0.139226931265215,0.0338705522352666));
#10411=CARTESIAN_POINT('',(-0.1,-0.137798612045102,0.0381041427716895));
#10412=CARTESIAN_POINT('',(-0.0999999999999986,-0.139824926522379,0.035956055407894));
#10413=CARTESIAN_POINT('',(-0.102727815638556,-0.140406976528575,0.0352020713858435));
#10414=CARTESIAN_POINT('',(-0.1,-0.140761513625828,0.0398834499396686));
#10415=CARTESIAN_POINT('',(-0.100000000000009,-0.142063707243057,0.0367004710889041));
#10416=CARTESIAN_POINT('',(-0.10331151521542,-0.142173116624501,0.0360917249698364));
#10417=CARTESIAN_POINT('',(-0.1,-0.143091198523119,0.0403000000000081));
#10418=CARTESIAN_POINT('',(-0.0999999999999778,-0.143581176532481,0.0365231287414818));
#10419=CARTESIAN_POINT('',(-0.103770469403333,-0.143561805987267,0.0363));
#10420=CARTESIAN_POINT('',(-0.1,-0.144256312555527,0.0403));
#10421=CARTESIAN_POINT('',(-0.1,-0.144256312555527,0.0363));
#10422=CARTESIAN_POINT('',(-0.104,-0.144256312555527,0.0363));
#10423=CARTESIAN_POINT('',(-0.104,-0.144256312555527,0.0403));
#10424=CARTESIAN_POINT('',(-0.104,-0.135355497031725,0.0323));
#10425=CARTESIAN_POINT('',(-0.104,-0.135355497031725,0.0208));
#10426=CARTESIAN_POINT('',(-0.104,-0.135355497031725,0.0203));
#10427=CARTESIAN_POINT('',(-0.104,-0.00675,0.0403));
#10428=CARTESIAN_POINT('',(-0.104,-0.167403075956448,0.0403));
#10429=CARTESIAN_POINT('',(-0.1,-0.144256312555527,0.0123));
#10430=CARTESIAN_POINT('',(-0.1,-0.144256312555527,0.0163));
#10431=CARTESIAN_POINT('',(-0.104,-0.144256312555527,0.0163));
#10432=CARTESIAN_POINT('',(-0.1,-0.143091198523103,0.012299999999998));
#10433=CARTESIAN_POINT('',(-0.0999999999999822,-0.143581176532472,0.016076871258538));
#10434=CARTESIAN_POINT('',(-0.103770469403325,-0.14356180598725,0.0163));
#10435=CARTESIAN_POINT('',(-0.1,-0.140761513625836,0.0127165500603284));
#10436=CARTESIAN_POINT('',(-0.100000000000008,-0.14206370724306,0.0158995289110874));
#10437=CARTESIAN_POINT('',(-0.103311515215424,-0.142173116624509,0.0165082750301638));
#10438=CARTESIAN_POINT('',(-0.1,-0.1377986120451,0.0144958572283119));
#10439=CARTESIAN_POINT('',(-0.0999999999999991,-0.139824926522378,0.0166439445921073));
#10440=CARTESIAN_POINT('',(-0.102727815638555,-0.140406976528573,0.0173979286141561));
#10441=CARTESIAN_POINT('',(-0.1,-0.135818951437102,0.0171588955294697));
#10442=CARTESIAN_POINT('',(-0.0999999999999965,-0.138237512644334,0.018235712494991));
#10443=CARTESIAN_POINT('',(-0.10233781717665,-0.139226931265215,0.0187294477647348));
#10444=CARTESIAN_POINT('',(-0.1,-0.13535549703174,0.0192528024433466));
#10445=CARTESIAN_POINT('',(-0.100000000000009,-0.137854974439384,0.0196168244655211));
#10446=CARTESIAN_POINT('',(-0.102246515412855,-0.138950673216927,0.0197764012216733));
#10447=CARTESIAN_POINT('',(-0.1,-0.135355497031725,0.0203));
#10448=CARTESIAN_POINT('',(-0.1,-0.137854974439362,0.0203));
#10449=CARTESIAN_POINT('',(-0.102246515412844,-0.138950673216922,0.0203));
#10450=CARTESIAN_POINT('',(-0.104,-0.144256312555527,0.0123));
#10451=CARTESIAN_POINT('',(-0.104,-0.167403075956447,0.0403));
#10452=CARTESIAN_POINT('',(-0.104,-0.167403075956447,0.0403));
#10453=CARTESIAN_POINT('',(-0.104,-0.151336008391557,0.0123));
#10454=CARTESIAN_POINT('',(-0.104,-0.167403075956447,0.0123));
#10455=CARTESIAN_POINT('',(-0.1,-0.167403075956447,0.0402999999999999));
#10456=CARTESIAN_POINT('',(-0.1,-0.169765272085894,0.0392031548957584));
#10457=CARTESIAN_POINT('',(-0.102381785684465,-0.170720906984088,0.0387594222833562));
#10458=CARTESIAN_POINT('',(-0.1,-0.169185427024762,0.0441385208432174));
#10459=CARTESIAN_POINT('',(-0.100000000000155,-0.171479095515821,0.0427502505588013));
#10460=CARTESIAN_POINT('',(-0.102459062812931,-0.17234481645907,0.0421755474354795));
#10461=CARTESIAN_POINT('',(-0.1,-0.174230154024383,0.0512591803071255));
#10462=CARTESIAN_POINT('',(-0.0999999999999265,-0.176392761476334,0.0493304626598887));
#10463=CARTESIAN_POINT('',(-0.102677786285984,-0.176941093881605,0.0485126405209014));
#10464=CARTESIAN_POINT('',(-0.1,-0.185356135941973,0.0590285651050471));
#10465=CARTESIAN_POINT('',(-0.100000000000021,-0.187023413160686,0.0561821835951069));
#10466=CARTESIAN_POINT('',(-0.103160173818105,-0.187078034788976,0.0554270723837269));
#10467=CARTESIAN_POINT('',(-0.1,-0.198742263482017,0.0629787157079202));
#10468=CARTESIAN_POINT('',(-0.0999999999999941,-0.199598431286675,0.059251588162099));
#10469=CARTESIAN_POINT('',(-0.103740554145505,-0.199274206314169,0.0589425434154379));
#10470=CARTESIAN_POINT('',(-0.1,-0.212826672227875,0.062648977498797));
#10471=CARTESIAN_POINT('',(-0.100000000000002,-0.212458319390974,0.0582077433219823));
#10472=CARTESIAN_POINT('',(-0.104351209746604,-0.212106585535213,0.0586490900161237));
#10473=CARTESIAN_POINT('',(-0.1,-0.225965853055386,0.0580777521588598));
#10474=CARTESIAN_POINT('',(-0.0999999999999995,-0.22390950732416,0.053341769694107));
#10475=CARTESIAN_POINT('',(-0.104920883242376,-0.224077762605897,0.0545808880973621));
#10476=CARTESIAN_POINT('',(-0.1,-0.236626637073968,0.0497984645501952));
#10477=CARTESIAN_POINT('',(-0.1,-0.232556963600765,0.0455691788508718));
#10478=CARTESIAN_POINT('',(-0.105383101258801,-0.233790859249756,0.0472126637743829));
#10479=CARTESIAN_POINT('',(-0.1,-0.243565041543387,0.0387771987037783));
#10480=CARTESIAN_POINT('',(-0.1,-0.237680807213188,0.036189573169561));
#10481=CARTESIAN_POINT('',(-0.105683928622475,-0.240112476219782,0.0374041919688371));
#10482=CARTESIAN_POINT('',(-0.1,-0.245971442063246,0.0263));
#10483=CARTESIAN_POINT('',(-0.1,-0.239324423097961,0.0263));
#10484=CARTESIAN_POINT('',(-0.105788262569497,-0.242304960447253,0.0263));
#10485=CARTESIAN_POINT('',(-0.1,-0.243565041543387,0.0138228012962218));
#10486=CARTESIAN_POINT('',(-0.1,-0.237680807213188,0.0164104268304391));
#10487=CARTESIAN_POINT('',(-0.105683928622475,-0.240112476219782,0.015195808031163));
#10488=CARTESIAN_POINT('',(-0.1,-0.236626637073968,0.00280153544980475));
#10489=CARTESIAN_POINT('',(-0.1,-0.232556963600764,0.00703082114912805));
#10490=CARTESIAN_POINT('',(-0.105383101258801,-0.233790859249756,0.00538733622561718));
#10491=CARTESIAN_POINT('',(-0.1,-0.225965853055387,-0.00547775215885953));
#10492=CARTESIAN_POINT('',(-0.0999999999999997,-0.223909507324161,-0.000741769694106656));
#10493=CARTESIAN_POINT('',(-0.104920883242376,-0.224077762605898,-0.00198088809736199));
#10494=CARTESIAN_POINT('',(-0.1,-0.212826672227873,-0.0100489774987974));
#10495=CARTESIAN_POINT('',(-0.100000000000001,-0.212458319390972,-0.00560774332198271));
#10496=CARTESIAN_POINT('',(-0.104351209746603,-0.212106585535212,-0.00604909001612341));
#10497=CARTESIAN_POINT('',(-0.1,-0.198742263482025,-0.0103787157079189));
#10498=CARTESIAN_POINT('',(-0.099999999999997,-0.199598431286684,-0.00665158816209766));
#10499=CARTESIAN_POINT('',(-0.103740554145507,-0.199274206314172,-0.00634254341543913));
#10500=CARTESIAN_POINT('',(-0.1,-0.185356135941944,-0.00642856510505222));
#10501=CARTESIAN_POINT('',(-0.10000000000001,-0.187023413160658,-0.00358218359511222));
#10502=CARTESIAN_POINT('',(-0.103160173818094,-0.187078034788969,-0.00282707238372231));
#10503=CARTESIAN_POINT('',(-0.1,-0.174230154024492,0.00134081969289304));
#10504=CARTESIAN_POINT('',(-0.0999999999999632,-0.176392761476429,0.00326953734013335));
#10505=CARTESIAN_POINT('',(-0.102677786286024,-0.176941093881633,0.00408735947908094));
#10506=CARTESIAN_POINT('',(-0.1,-0.169185427024527,0.00846147915674218));
#10507=CARTESIAN_POINT('',(-0.100000000000078,-0.171479095515627,0.00984974944114415));
#10508=CARTESIAN_POINT('',(-0.102459062812845,-0.172344816459011,0.010424452564558));
#10509=CARTESIAN_POINT('',(-0.1,-0.167403075956447,0.0123));
#10510=CARTESIAN_POINT('',(-0.1,-0.169765272085895,0.0133968451042416));
#10511=CARTESIAN_POINT('',(-0.102381785684465,-0.170720906984088,0.0138405777166437));
#10512=CARTESIAN_POINT('',(-0.104,-0.167403075956448,0.0123));
#10513=CARTESIAN_POINT('',(-0.104,-0.167403075956447,0.0123));
#10514=CARTESIAN_POINT('',(-0.1,0.130756312555526,0.0403));
#10515=CARTESIAN_POINT('',(-0.1,0.130756312555526,0.0363));
#10516=CARTESIAN_POINT('',(-0.104,0.130756312555526,0.0363));
#10517=CARTESIAN_POINT('',(-0.1,0.129591198523121,0.0403000000000081));
#10518=CARTESIAN_POINT('',(-0.0999999999999867,0.130081176532512,0.0365231287415052));
#10519=CARTESIAN_POINT('',(-0.103770469403301,0.130061805987268,0.0363));
#10520=CARTESIAN_POINT('',(-0.1,0.127261513625827,0.0398834499396686));
#10521=CARTESIAN_POINT('',(-0.100000000000005,0.128563707243039,0.0367004710888934));
#10522=CARTESIAN_POINT('',(-0.103311515215435,0.1286731166245,0.0360917249698364));
#10523=CARTESIAN_POINT('',(-0.1,0.124298612045102,0.0381041427716898));
#10524=CARTESIAN_POINT('',(-0.100000000000003,0.126324926522389,0.0359560554078993));
#10525=CARTESIAN_POINT('',(-0.102727815638552,0.126906976528575,0.0352020713858437));
#10526=CARTESIAN_POINT('',(-0.1,0.122318951437101,0.0354411044705267));
#10527=CARTESIAN_POINT('',(-0.0999999999999844,0.124737512644314,0.0343642875050009));
#10528=CARTESIAN_POINT('',(-0.102337817176651,0.125726931265215,0.0338705522352661));
#10529=CARTESIAN_POINT('',(-0.1,0.121855497031739,0.0333471975566608));
#10530=CARTESIAN_POINT('',(-0.100000000000034,0.124354974439423,0.0329831755344949));
#10531=CARTESIAN_POINT('',(-0.102246515412855,0.125450673216927,0.0328235987783249));
#10532=CARTESIAN_POINT('',(-0.1,0.121855497031725,0.0323));
#10533=CARTESIAN_POINT('',(-0.1,0.124354974439362,0.0323));
#10534=CARTESIAN_POINT('',(-0.102246515412844,0.125450673216922,0.0323));
#10535=CARTESIAN_POINT('',(-0.104,0.130756312555526,0.0403));
#10536=CARTESIAN_POINT('',(-0.104,0.121855497031725,0.0323));
#10537=CARTESIAN_POINT('',(-0.104,0.121855497031725,-0.00999999999999986));
#10538=CARTESIAN_POINT('',(-0.104,0.121855497031725,0.0203));
#10539=CARTESIAN_POINT('',(-0.104,0.137836008391556,0.0403));
#10540=CARTESIAN_POINT('',(-0.104,0.153903075956447,0.0403));
#10541=CARTESIAN_POINT('',(-0.1,0.121855497031725,0.0203));
#10542=CARTESIAN_POINT('',(-0.1,0.124354974439362,0.0203));
#10543=CARTESIAN_POINT('',(-0.102246515412844,0.125450673216922,0.0203));
#10544=CARTESIAN_POINT('',(-0.1,0.121855497031739,0.019252802443352));
#10545=CARTESIAN_POINT('',(-0.100000000000034,0.124354974439423,0.0196168244655242));
#10546=CARTESIAN_POINT('',(-0.102246515412855,0.125450673216927,0.0197764012216733));
#10547=CARTESIAN_POINT('',(-0.1,0.122318951437103,0.0171588955294672));
#10548=CARTESIAN_POINT('',(-0.0999999999999846,0.124737512644315,0.0182357124949897));
#10549=CARTESIAN_POINT('',(-0.102337817176651,0.125726931265215,0.0187294477647348));
#10550=CARTESIAN_POINT('',(-0.1,0.124298612045094,0.0144958572283126));
#10551=CARTESIAN_POINT('',(-0.100000000000002,0.126324926522386,0.0166439445921051));
#10552=CARTESIAN_POINT('',(-0.102727815638552,0.126906976528573,0.017397928614156));
#10553=CARTESIAN_POINT('',(-0.1,0.127261513625857,0.0127165500603282));
#10554=CARTESIAN_POINT('',(-0.100000000000008,0.128563707243049,0.0158995289110982));
#10555=CARTESIAN_POINT('',(-0.103311515215435,0.128673116624508,0.0165082750301637));
#10556=CARTESIAN_POINT('',(-0.1,0.129591198523057,0.012299999999998));
#10557=CARTESIAN_POINT('',(-0.0999999999999778,0.130081176532489,0.0160768712585121));
#10558=CARTESIAN_POINT('',(-0.103770469403301,0.130061805987252,0.0163));
#10559=CARTESIAN_POINT('',(-0.1,0.130756312555526,0.0123));
#10560=CARTESIAN_POINT('',(-0.1,0.130756312555526,0.0163));
#10561=CARTESIAN_POINT('',(-0.104,0.130756312555526,0.0163));
#10562=CARTESIAN_POINT('',(-0.104,0.130756312555526,0.0123));
#10563=CARTESIAN_POINT('',(-0.104,0.153903075956447,0.0403));
#10564=CARTESIAN_POINT('',(-0.104,0.153903075956447,0.0403));
#10565=CARTESIAN_POINT('',(-0.104,-0.00675,0.0123));
#10566=CARTESIAN_POINT('',(-0.104,0.153903075956447,0.0123));
#10567=CARTESIAN_POINT('',(-0.1,0.153903075956447,0.0123000000000001));
#10568=CARTESIAN_POINT('',(-0.1,0.156265272085894,0.0133968451042417));
#10569=CARTESIAN_POINT('',(-0.102381785684465,0.157220906984088,0.0138405777166438));
#10570=CARTESIAN_POINT('',(-0.1,0.155685427024586,0.00846147915674227));
#10571=CARTESIAN_POINT('',(-0.100000000000049,0.157979095515215,0.0098497494411027));
#10572=CARTESIAN_POINT('',(-0.102459062812867,0.158844816459024,0.0104244525645518));
#10573=CARTESIAN_POINT('',(-0.1,0.160730154024465,0.00134081969289328));
#10574=CARTESIAN_POINT('',(-0.0999999999999766,0.162892761476598,0.00326953734018753));
#10575=CARTESIAN_POINT('',(-0.102677786286014,0.163441093881626,0.00408735947908406));
#10576=CARTESIAN_POINT('',(-0.1,0.171856135941951,-0.00642856510505213));
#10577=CARTESIAN_POINT('',(-0.100000000000007,0.173523413160625,-0.00358218359513735));
#10578=CARTESIAN_POINT('',(-0.103160173818097,0.17357803478897,-0.00282707238372301));
#10579=CARTESIAN_POINT('',(-0.1,0.185242263482022,-0.0103787157079189));
#10580=CARTESIAN_POINT('',(-0.0999999999999981,0.186098431286688,-0.00665158816208915));
#10581=CARTESIAN_POINT('',(-0.103740554145507,0.185774206314171,-0.00634254341543887));
#10582=CARTESIAN_POINT('',(-0.1,0.199326672227874,-0.0100489774987974));
#10583=CARTESIAN_POINT('',(-0.100000000000001,0.198958319390972,-0.00560774332198504));
#10584=CARTESIAN_POINT('',(-0.104351209746604,0.198606585535212,-0.00604909001612349));
#10585=CARTESIAN_POINT('',(-0.1,0.212465853055387,-0.00547775215885957));
#10586=CARTESIAN_POINT('',(-0.0999999999999998,0.21040950732416,-0.0007417696941062));
#10587=CARTESIAN_POINT('',(-0.104920883242376,0.210577762605898,-0.00198088809736201));
#10588=CARTESIAN_POINT('',(-0.1,0.223126637073968,0.00280153544980464));
#10589=CARTESIAN_POINT('',(-0.1,0.219056963600765,0.00703082114912791));
#10590=CARTESIAN_POINT('',(-0.105383101258801,0.220290859249756,0.00538733622561707));
#10591=CARTESIAN_POINT('',(-0.1,0.230065041543387,0.0138228012962217));
#10592=CARTESIAN_POINT('',(-0.1,0.224180807213188,0.0164104268304389));
#10593=CARTESIAN_POINT('',(-0.105683928622475,0.226612476219782,0.0151958080311629));
#10594=CARTESIAN_POINT('',(-0.1,0.232471442063246,0.0263));
#10595=CARTESIAN_POINT('',(-0.1,0.225824423097961,0.0263));
#10596=CARTESIAN_POINT('',(-0.105788262569497,0.228804960447253,0.0263));
#10597=CARTESIAN_POINT('',(-0.1,0.230065041543387,0.0387771987037778));
#10598=CARTESIAN_POINT('',(-0.0999999999999999,0.224180807213188,0.0361895731695606));
#10599=CARTESIAN_POINT('',(-0.105683928622475,0.226612476219782,0.0374041919688367));
#10600=CARTESIAN_POINT('',(-0.1,0.223126637073968,0.0497984645501953));
#10601=CARTESIAN_POINT('',(-0.0999999999999999,0.219056963600765,0.045569178850872));
#10602=CARTESIAN_POINT('',(-0.105383101258801,0.220290859249756,0.0472126637743829));
#10603=CARTESIAN_POINT('',(-0.1,0.212465853055387,0.0580777521588595));
#10604=CARTESIAN_POINT('',(-0.1,0.21040950732416,0.053341769694106));
#10605=CARTESIAN_POINT('',(-0.104920883242376,0.210577762605898,0.054580888097362));
#10606=CARTESIAN_POINT('',(-0.1,0.199326672227873,0.0626489774987974));
#10607=CARTESIAN_POINT('',(-0.0999999999999993,0.198958319390974,0.0582077433219855));
#10608=CARTESIAN_POINT('',(-0.104351209746603,0.198606585535212,0.0586490900161233));
#10609=CARTESIAN_POINT('',(-0.1,0.185242263482024,0.0629787157079188));
#10610=CARTESIAN_POINT('',(-0.100000000000002,0.186098431286681,0.0592515881620875));
#10611=CARTESIAN_POINT('',(-0.103740554145507,0.185774206314172,0.0589425434154395));
#10612=CARTESIAN_POINT('',(-0.1,0.171856135941944,0.0590285651050525));
#10613=CARTESIAN_POINT('',(-0.0999999999999916,0.173523413160651,0.0561821835951429));
#10614=CARTESIAN_POINT('',(-0.103160173818094,0.173578034788968,0.0554270723837206));
#10615=CARTESIAN_POINT('',(-0.1,0.160730154024492,0.0512591803071053));
#10616=CARTESIAN_POINT('',(-0.10000000000003,0.16289276147651,0.0493304626597936));
#10617=CARTESIAN_POINT('',(-0.102677786286023,0.163441093881635,0.0485126405209248));
#10618=CARTESIAN_POINT('',(-0.1,0.155685427024527,0.0441385208432615));
#10619=CARTESIAN_POINT('',(-0.0999999999999365,0.157979095515401,0.0427502505589359));
#10620=CARTESIAN_POINT('',(-0.102459062812848,0.158844816459006,0.0421755474354296));
#10621=CARTESIAN_POINT('',(-0.1,0.153903075956447,0.0403));
#10622=CARTESIAN_POINT('',(-0.1,0.156265272085895,0.0392031548957585));
#10623=CARTESIAN_POINT('',(-0.102381785684465,0.157220906984088,0.0387594222833563));
#10624=CARTESIAN_POINT('',(-0.104,0.153903075956447,0.0123));
#10625=CARTESIAN_POINT('',(-0.104,0.153903075956447,0.0123));
#10626=CARTESIAN_POINT('',(0.112205742496579,-0.178309498453571,0.0270260955538053));
#10627=CARTESIAN_POINT('',(0.111767525861502,-0.179207975703914,0.0269995472703023));
#10628=CARTESIAN_POINT('',(0.110868731815203,-0.178769604557125,0.0269995472703023));
#10629=CARTESIAN_POINT('',(0.112126386927248,-0.178472201482221,0.0274997939367986));
#10630=CARTESIAN_POINT('',(0.111623091402304,-0.179149825208095,0.0274156454200095));
#10631=CARTESIAN_POINT('',(0.110860437295669,-0.178786610932947,0.0277120090844128));
#10632=CARTESIAN_POINT('',(0.112145004056702,-0.179073179203978,0.0285242852104521));
#10633=CARTESIAN_POINT('',(0.111614603918018,-0.179201786961457,0.0285834671320423));
#10634=CARTESIAN_POINT('',(0.111322317039937,-0.179117913970656,0.0290506285998199));
#10635=CARTESIAN_POINT('',(0.112351960146056,-0.179748038598403,0.0299133177884259));
#10636=CARTESIAN_POINT('',(0.112237628094288,-0.17971103336598,0.0300142583794647));
#10637=CARTESIAN_POINT('',(0.112123296068158,-0.179674028156349,0.0301151990285501));
#10638=CARTESIAN_POINT('',(0.112512560247083,-0.179961600873753,0.0306410214168039));
#10639=CARTESIAN_POINT('',(0.112512560247083,-0.179961600873753,0.0306410214168039));
#10640=CARTESIAN_POINT('',(0.112512560247083,-0.179961600873753,0.0306410214168039));
#10641=CARTESIAN_POINT('',(0.11130694845028,-0.177871127306782,0.0270260955538052));
#10642=CARTESIAN_POINT('',(0.0993217234809112,-0.202444480103671,0.0263));
#10643=CARTESIAN_POINT('',(0.11130694845028,-0.177871127306782,0.0255739044461947));
#10644=CARTESIAN_POINT('',(0.110868731815203,-0.178769604557125,0.0256004527296977));
#10645=CARTESIAN_POINT('',(0.111767525861502,-0.179207975703914,0.0256004527296977));
#10646=CARTESIAN_POINT('',(0.112205742496579,-0.178309498453571,0.0255739044461947));
#10647=CARTESIAN_POINT('',(0.11086043729567,-0.178786610932947,0.0248879909155923));
#10648=CARTESIAN_POINT('',(0.11162309140231,-0.179149825208095,0.0251843545799941));
#10649=CARTESIAN_POINT('',(0.112126386927248,-0.178472201482221,0.0251002060631963));
#10650=CARTESIAN_POINT('',(0.111322317039949,-0.17911791397066,0.0235493714001905));
#10651=CARTESIAN_POINT('',(0.111614603917946,-0.179201786961633,0.0240165328680086));
#10652=CARTESIAN_POINT('',(0.112145004056712,-0.179073179203979,0.0240757147895672));
#10653=CARTESIAN_POINT('',(0.112123296068135,-0.179674028156343,0.022484800971424));
#10654=CARTESIAN_POINT('',(0.112237628094415,-0.179711033365655,0.0225857416204391));
#10655=CARTESIAN_POINT('',(0.112351960146036,-0.1797480385984,0.0226866822115407));
#10656=CARTESIAN_POINT('',(0.112512560247083,-0.179961600873753,0.0219589785831961));
#10657=CARTESIAN_POINT('',(0.112512560247083,-0.179961600873753,0.0219589785831961));
#10658=CARTESIAN_POINT('',(0.112512560247083,-0.179961600873753,0.0219589785831961));
#10659=CARTESIAN_POINT('',(0.110868731815203,0.165269604557125,0.0269995472703024));
#10660=CARTESIAN_POINT('',(0.111767525861502,0.165707975703914,0.0269995472703024));
#10661=CARTESIAN_POINT('',(0.112205742496579,0.164809498453571,0.0270260955538053));
#10662=CARTESIAN_POINT('',(0.110860437295686,0.165286610932955,0.0277120090844078));
#10663=CARTESIAN_POINT('',(0.111623091402308,0.165649825208092,0.0274156454200069));
#10664=CARTESIAN_POINT('',(0.112126386927259,0.164972201482199,0.0274997939368012));
#10665=CARTESIAN_POINT('',(0.111322317040051,0.165617913970694,0.0290506285997245));
#10666=CARTESIAN_POINT('',(0.11161460391803,0.165701786961653,0.0285834671318794));
#10667=CARTESIAN_POINT('',(0.11214500405676,0.165573179203995,0.0285242852103133));
#10668=CARTESIAN_POINT('',(0.112123296067915,0.166174028156267,0.030115199028746));
#10669=CARTESIAN_POINT('',(0.112237628094263,0.166211033365621,0.0300142583797561));
#10670=CARTESIAN_POINT('',(0.112351960145929,0.166248038598392,0.0299133177887008));
#10671=CARTESIAN_POINT('',(0.112512560247083,0.166461600873753,0.030641021416804));
#10672=CARTESIAN_POINT('',(0.112512560247083,0.166461600873753,0.0306410214168041));
#10673=CARTESIAN_POINT('',(0.112512560247083,0.166461600873753,0.0306410214168041));
#10674=CARTESIAN_POINT('',(0.11130694845028,0.164371127306782,0.0270260955538053));
#10675=CARTESIAN_POINT('',(0.0993217234809112,0.188944480103671,0.0263));
#10676=CARTESIAN_POINT('',(0.11130694845028,0.164371127306782,0.0255739044461948));
#10677=CARTESIAN_POINT('',(0.112205742496579,0.164809498453571,0.0255739044461948));
#10678=CARTESIAN_POINT('',(0.111767525861502,0.165707975703914,0.0256004527296977));
#10679=CARTESIAN_POINT('',(0.110868731815203,0.165269604557125,0.0256004527296977));
#10680=CARTESIAN_POINT('',(0.112126386927258,0.164972201482201,0.0251002060631989));
#10681=CARTESIAN_POINT('',(0.111623091402302,0.165649825208115,0.0251843545799875));
#10682=CARTESIAN_POINT('',(0.110860437295686,0.165286610932955,0.0248879909155923));
#10683=CARTESIAN_POINT('',(0.11214500405671,0.165573179203987,0.0240757147895908));
#10684=CARTESIAN_POINT('',(0.111614603918033,0.165701786961445,0.0240165328680072));
#10685=CARTESIAN_POINT('',(0.111322317039954,0.165617913970658,0.0235493714002101));
#10686=CARTESIAN_POINT('',(0.11235196014603,0.166248038598406,0.0226866822114911));
#10687=CARTESIAN_POINT('',(0.112237628094263,0.166211033365986,0.0225857416204556));
#10688=CARTESIAN_POINT('',(0.112123296068109,0.166174028156337,0.022484800971385));
#10689=CARTESIAN_POINT('',(0.112512560247083,0.166461600873753,0.0219589785831961));
#10690=CARTESIAN_POINT('',(0.112512560247083,0.166461600873753,0.0219589785831961));
#10691=CARTESIAN_POINT('',(0.112512560247083,0.166461600873753,0.0219589785831961));
#10692=CARTESIAN_POINT('',(-0.112205742496579,0.164809498453571,0.0270260955538053));
#10693=CARTESIAN_POINT('',(-0.111767525861502,0.165707975703914,0.0269995472703024));
#10694=CARTESIAN_POINT('',(-0.110868731815203,0.165269604557125,0.0269995472703024));
#10695=CARTESIAN_POINT('',(-0.112126386927259,0.164972201482199,0.0274997939368012));
#10696=CARTESIAN_POINT('',(-0.111623091402308,0.165649825208092,0.0274156454200069));
#10697=CARTESIAN_POINT('',(-0.110860437295686,0.165286610932955,0.0277120090844078));
#10698=CARTESIAN_POINT('',(-0.112145004056758,0.165573179203993,0.0285242852103088));
#10699=CARTESIAN_POINT('',(-0.111614603918119,0.165701786961466,0.0285834671319084));
#10700=CARTESIAN_POINT('',(-0.11132231704004,0.165617913970688,0.0290506285997207));
#10701=CARTESIAN_POINT('',(-0.112351960145933,0.166248038598396,0.0299133177887097));
#10702=CARTESIAN_POINT('',(-0.112237628094101,0.166211033365966,0.0300142583797029));
#10703=CARTESIAN_POINT('',(-0.112123296067935,0.166174028156278,0.0301151990287535));
#10704=CARTESIAN_POINT('',(-0.112512560247083,0.166461600873753,0.0306410214168041));
#10705=CARTESIAN_POINT('',(-0.112512560247083,0.166461600873753,0.0306410214168041));
#10706=CARTESIAN_POINT('',(-0.112512560247083,0.166461600873753,0.030641021416804));
#10707=CARTESIAN_POINT('',(-0.11130694845028,0.164371127306782,0.0270260955538053));
#10708=CARTESIAN_POINT('',(-0.0993217234809112,0.188944480103671,0.0263));
#10709=CARTESIAN_POINT('',(-0.11130694845028,0.164371127306782,0.0255739044461948));
#10710=CARTESIAN_POINT('',(-0.110868731815203,0.165269604557125,0.0256004527296977));
#10711=CARTESIAN_POINT('',(-0.111767525861502,0.165707975703914,0.0256004527296977));
#10712=CARTESIAN_POINT('',(-0.112205742496579,0.164809498453571,0.0255739044461948));
#10713=CARTESIAN_POINT('',(-0.110860437295686,0.165286610932955,0.0248879909155923));
#10714=CARTESIAN_POINT('',(-0.111623091402302,0.165649825208115,0.0251843545799875));
#10715=CARTESIAN_POINT('',(-0.112126386927258,0.164972201482201,0.0251002060631989));
#10716=CARTESIAN_POINT('',(-0.111322317039956,0.16561791397066,0.0235493714002094));
#10717=CARTESIAN_POINT('',(-0.111614603917955,0.16570178696161,0.0240165328680369));
#10718=CARTESIAN_POINT('',(-0.112145004056713,0.165573179203988,0.0240757147895895));
#10719=CARTESIAN_POINT('',(-0.112123296068104,0.166174028156334,0.0224848009713865));
#10720=CARTESIAN_POINT('',(-0.112237628094405,0.166211033365682,0.0225857416204012));
#10721=CARTESIAN_POINT('',(-0.112351960146025,0.166248038598403,0.0226866822114938));
#10722=CARTESIAN_POINT('',(-0.112512560247083,0.166461600873753,0.0219589785831961));
#10723=CARTESIAN_POINT('',(-0.112512560247083,0.166461600873753,0.0219589785831961));
#10724=CARTESIAN_POINT('',(-0.112512560247083,0.166461600873753,0.0219589785831961));
#10725=CARTESIAN_POINT('',(-0.110868731815203,-0.178769604557125,0.0269995472703023));
#10726=CARTESIAN_POINT('',(-0.111767525861502,-0.179207975703914,0.0269995472703023));
#10727=CARTESIAN_POINT('',(-0.112205742496579,-0.178309498453571,0.0270260955538053));
#10728=CARTESIAN_POINT('',(-0.110860437295669,-0.178786610932947,0.0277120090844128));
#10729=CARTESIAN_POINT('',(-0.111623091402304,-0.179149825208095,0.0274156454200095));
#10730=CARTESIAN_POINT('',(-0.112126386927248,-0.178472201482221,0.0274997939367986));
#10731=CARTESIAN_POINT('',(-0.111322317039924,-0.179117913970653,0.0290506285998349));
#10732=CARTESIAN_POINT('',(-0.111614603917927,-0.179201786961622,0.0285834671320285));
#10733=CARTESIAN_POINT('',(-0.112145004056697,-0.179073179203979,0.0285242852104752));
#10734=CARTESIAN_POINT('',(-0.112123296068184,-0.179674028156356,0.0301151990285202));
#10735=CARTESIAN_POINT('',(-0.112237628094455,-0.179711033365676,0.0300142583794901));
#10736=CARTESIAN_POINT('',(-0.112351960146067,-0.1797480385984,0.0299133177883795));
#10737=CARTESIAN_POINT('',(-0.112512560247083,-0.179961600873753,0.0306410214168039));
#10738=CARTESIAN_POINT('',(-0.112512560247083,-0.179961600873753,0.0306410214168039));
#10739=CARTESIAN_POINT('',(-0.112512560247083,-0.179961600873753,0.0306410214168039));
#10740=CARTESIAN_POINT('',(-0.11130694845028,-0.177871127306782,0.0270260955538052));
#10741=CARTESIAN_POINT('',(-0.0993217234809112,-0.202444480103671,0.0263));
#10742=CARTESIAN_POINT('',(-0.11130694845028,-0.177871127306782,0.0255739044461947));
#10743=CARTESIAN_POINT('',(-0.112205742496579,-0.178309498453571,0.0255739044461947));
#10744=CARTESIAN_POINT('',(-0.111767525861502,-0.179207975703914,0.0256004527296977));
#10745=CARTESIAN_POINT('',(-0.110868731815203,-0.178769604557125,0.0256004527296977));
#10746=CARTESIAN_POINT('',(-0.112126386927248,-0.178472201482221,0.0251002060631963));
#10747=CARTESIAN_POINT('',(-0.11162309140231,-0.179149825208095,0.0251843545799941));
#10748=CARTESIAN_POINT('',(-0.11086043729567,-0.178786610932947,0.0248879909155923));
#10749=CARTESIAN_POINT('',(-0.112145004056707,-0.179073179203977,0.0240757147895663));
#10750=CARTESIAN_POINT('',(-0.111614603918018,-0.179201786961457,0.0240165328679741));
#10751=CARTESIAN_POINT('',(-0.111322317039944,-0.179117913970658,0.0235493714001895));
#10752=CARTESIAN_POINT('',(-0.112351960146046,-0.179748038598404,0.0226866822115426));
#10753=CARTESIAN_POINT('',(-0.112237628094283,-0.17971103336598,0.0225857416205024));
#10754=CARTESIAN_POINT('',(-0.112123296068144,-0.179674028156347,0.022484800971426));
#10755=CARTESIAN_POINT('',(-0.112512560247083,-0.179961600873753,0.0219589785831961));
#10756=CARTESIAN_POINT('',(-0.112512560247083,-0.179961600873753,0.0219589785831961));
#10757=CARTESIAN_POINT('',(-0.112512560247083,-0.179961600873753,0.0219589785831961));
#10758=CARTESIAN_POINT('',(0.,0.,0.));
#10759=CARTESIAN_POINT('',(-0.512533123917735,0.390481146063648,0.0463));
#10760=CARTESIAN_POINT('',(-0.512533123917735,0.390481146063648,0.0263));
#10761=CARTESIAN_POINT('',(-0.504642443275532,0.406659438897033,0.0263));
#10762=CARTESIAN_POINT('',(-0.512533123917735,0.390481146063648,0.0263));
#10763=CARTESIAN_POINT('',(-0.503765700981953,0.408457026989632,0.0263));
#10764=CARTESIAN_POINT('',(2.92385671707197E-17,0.140502038809504,0.0463));
#10765=CARTESIAN_POINT('',(2.94902990916057E-17,0.140502038809504,0.0263));
#10766=CARTESIAN_POINT('',(3.08528434967338E-17,0.162754077619008,0.0263));
#10767=CARTESIAN_POINT('',(2.94902990916057E-17,0.140502038809504,0.0263));
#10768=CARTESIAN_POINT('',(3.0716589056221E-17,0.160528873738057,0.0263));
#10769=CARTESIAN_POINT('',(0.0087692205238743,0.13622500418369,0.0263));
#10770=CARTESIAN_POINT('',(0.00789247823029593,0.136652619972042,0.0263));
#10771=CARTESIAN_POINT('',(0.,0.,0.));
#10772=CARTESIAN_POINT('',(9.91097618624999E-18,-0.175141475678533,0.0463));
#10773=CARTESIAN_POINT('',(1.12056106174639E-17,-0.154002038809498,0.0263));
#10774=CARTESIAN_POINT('',(9.84306621233587E-18,-0.176254077619002,0.0263));
#10775=CARTESIAN_POINT('',(1.21430643318376E-17,-0.154002038809498,0.0263));
#10776=CARTESIAN_POINT('',(1.09167743672224E-17,-0.174028873738052,0.0263));
#10777=CARTESIAN_POINT('',(-0.504204072128743,-0.421058232943333,0.0463));
#10778=CARTESIAN_POINT('',(-0.512533123917735,-0.403981146063649,0.0263));
#10779=CARTESIAN_POINT('',(-0.520423804559939,-0.387802853230264,0.0263));
#10780=CARTESIAN_POINT('',(-0.512533123917735,-0.403981146063649,0.0263));
#10781=CARTESIAN_POINT('',(-0.521300546853517,-0.386005265137666,0.0263));
#10782=CARTESIAN_POINT('',(1.79758809260022E-6,-0.154001162067204,0.0263));
#10783=CARTESIAN_POINT('',(0.00789247823029626,-0.150152619972036,0.0263));
#10784=CARTESIAN_POINT('',(0.,0.,0.));
#10785=MECHANICAL_DESIGN_GEOMETRIC_PRESENTATION_REPRESENTATION('',(#5731,
#5732,#5733,#5734,#5735),#10786);
#10786=(
GEOMETRIC_REPRESENTATION_CONTEXT(3)
GLOBAL_UNCERTAINTY_ASSIGNED_CONTEXT((#10792))
GLOBAL_UNIT_ASSIGNED_CONTEXT((#10800,#10799,#10798))
REPRESENTATION_CONTEXT('Prototype Assembly','TOP_LEVEL_ASSEMBLY_PART')
);
#10787=(
GEOMETRIC_REPRESENTATION_CONTEXT(3)
GLOBAL_UNCERTAINTY_ASSIGNED_CONTEXT((#10793))
GLOBAL_UNIT_ASSIGNED_CONTEXT((#10800,#10799,#10798))
REPRESENTATION_CONTEXT('Arm Front Right','COMPONENT_PART')
);
#10788=(
GEOMETRIC_REPRESENTATION_CONTEXT(3)
GLOBAL_UNCERTAINTY_ASSIGNED_CONTEXT((#10794))
GLOBAL_UNIT_ASSIGNED_CONTEXT((#10800,#10799,#10798))
REPRESENTATION_CONTEXT('Arm Back Right','COMPONENT_PART')
);
#10789=(
GEOMETRIC_REPRESENTATION_CONTEXT(3)
GLOBAL_UNCERTAINTY_ASSIGNED_CONTEXT((#10795))
GLOBAL_UNIT_ASSIGNED_CONTEXT((#10800,#10799,#10798))
REPRESENTATION_CONTEXT('Fuselage','COMPONENT_PART')
);
#10790=(
GEOMETRIC_REPRESENTATION_CONTEXT(3)
GLOBAL_UNCERTAINTY_ASSIGNED_CONTEXT((#10796))
GLOBAL_UNIT_ASSIGNED_CONTEXT((#10800,#10799,#10798))
REPRESENTATION_CONTEXT('Arm Back Left','COMPONENT_PART')
);
#10791=(
GEOMETRIC_REPRESENTATION_CONTEXT(3)
GLOBAL_UNCERTAINTY_ASSIGNED_CONTEXT((#10797))
GLOBAL_UNIT_ASSIGNED_CONTEXT((#10800,#10799,#10798))
REPRESENTATION_CONTEXT('Arm Front Left','COMPONENT_PART')
);
#10792=UNCERTAINTY_MEASURE_WITH_UNIT(LENGTH_MEASURE(1.E-8),#10800,
'DISTANCE_ACCURACY_VALUE','Maximum Tolerance applied to model');
#10793=UNCERTAINTY_MEASURE_WITH_UNIT(LENGTH_MEASURE(1.E-8),#10800,
'DISTANCE_ACCURACY_VALUE','Maximum Tolerance applied to model');
#10794=UNCERTAINTY_MEASURE_WITH_UNIT(LENGTH_MEASURE(1.E-8),#10800,
'DISTANCE_ACCURACY_VALUE','Maximum Tolerance applied to model');
#10795=UNCERTAINTY_MEASURE_WITH_UNIT(LENGTH_MEASURE(2.E-5),#10800,
'DISTANCE_ACCURACY_VALUE','Maximum Tolerance applied to model');
#10796=UNCERTAINTY_MEASURE_WITH_UNIT(LENGTH_MEASURE(1.E-8),#10800,
'DISTANCE_ACCURACY_VALUE','Maximum Tolerance applied to model');
#10797=UNCERTAINTY_MEASURE_WITH_UNIT(LENGTH_MEASURE(1.E-8),#10800,
'DISTANCE_ACCURACY_VALUE','Maximum Tolerance applied to model');
#10798=(
NAMED_UNIT(*)
SI_UNIT($,.STERADIAN.)
SOLID_ANGLE_UNIT()
);
#10799=(
NAMED_UNIT(*)
PLANE_ANGLE_UNIT()
SI_UNIT($,.RADIAN.)
);
#10800=(
LENGTH_UNIT()
NAMED_UNIT(*)
SI_UNIT($,.METRE.)
);
#10801=PRODUCT_DEFINITION_SHAPE('','',#10812);
#10802=PRODUCT_DEFINITION_SHAPE('','',#10813);
#10803=PRODUCT_DEFINITION_SHAPE(' ','NAUO PRDDFN',#775);
#10804=PRODUCT_DEFINITION_SHAPE('','',#10814);
#10805=PRODUCT_DEFINITION_SHAPE(' ','NAUO PRDDFN',#776);
#10806=PRODUCT_DEFINITION_SHAPE('','',#10815);
#10807=PRODUCT_DEFINITION_SHAPE(' ','NAUO PRDDFN',#777);
#10808=PRODUCT_DEFINITION_SHAPE('','',#10816);
#10809=PRODUCT_DEFINITION_SHAPE(' ','NAUO PRDDFN',#778);
#10810=PRODUCT_DEFINITION_SHAPE('','',#10817);
#10811=PRODUCT_DEFINITION_SHAPE(' ','NAUO PRDDFN',#779);
#10812=PRODUCT_DEFINITION('','',#10824,#10818);
#10813=PRODUCT_DEFINITION('','',#10825,#10819);
#10814=PRODUCT_DEFINITION('','',#10826,#10820);
#10815=PRODUCT_DEFINITION('','',#10827,#10821);
#10816=PRODUCT_DEFINITION('','',#10828,#10822);
#10817=PRODUCT_DEFINITION('','',#10829,#10823);
#10818=PRODUCT_DEFINITION_CONTEXT('',#10855,'design');
#10819=PRODUCT_DEFINITION_CONTEXT('',#10855,'design');
#10820=PRODUCT_DEFINITION_CONTEXT('',#10855,'design');
#10821=PRODUCT_DEFINITION_CONTEXT('',#10855,'design');
#10822=PRODUCT_DEFINITION_CONTEXT('',#10855,'design');
#10823=PRODUCT_DEFINITION_CONTEXT('',#10855,'design');
#10824=PRODUCT_DEFINITION_FORMATION_WITH_SPECIFIED_SOURCE('','',#10836,
 .NOT_KNOWN.);
#10825=PRODUCT_DEFINITION_FORMATION_WITH_SPECIFIED_SOURCE('','',#10837,
 .NOT_KNOWN.);
#10826=PRODUCT_DEFINITION_FORMATION_WITH_SPECIFIED_SOURCE('','',#10838,
 .NOT_KNOWN.);
#10827=PRODUCT_DEFINITION_FORMATION_WITH_SPECIFIED_SOURCE('','',#10839,
 .NOT_KNOWN.);
#10828=PRODUCT_DEFINITION_FORMATION_WITH_SPECIFIED_SOURCE('','',#10840,
 .NOT_KNOWN.);
#10829=PRODUCT_DEFINITION_FORMATION_WITH_SPECIFIED_SOURCE('','',#10841,
 .NOT_KNOWN.);
#10830=PRODUCT_RELATED_PRODUCT_CATEGORY('','',(#10836));
#10831=PRODUCT_RELATED_PRODUCT_CATEGORY('','',(#10837));
#10832=PRODUCT_RELATED_PRODUCT_CATEGORY('','',(#10838));
#10833=PRODUCT_RELATED_PRODUCT_CATEGORY('','',(#10839));
#10834=PRODUCT_RELATED_PRODUCT_CATEGORY('','',(#10840));
#10835=PRODUCT_RELATED_PRODUCT_CATEGORY('','',(#10841));
#10836=PRODUCT('Prototype Assembly','Prototype Assembly',
'Prototype Assembly',(#10848));
#10837=PRODUCT('Arm Front Right','Arm Front Right','Arm Front Right',(#10849));
#10838=PRODUCT('Arm Back Right','Arm Back Right','Arm Back Right',(#10850));
#10839=PRODUCT('Fuselage','Fuselage','Fuselage',(#10851));
#10840=PRODUCT('Arm Back Left','Arm Back Left','Arm Back Left',(#10852));
#10841=PRODUCT('Arm Front Left','Arm Front Left','Arm Front Left',(#10853));
#10842=PRODUCT_CATEGORY('','');
#10843=PRODUCT_CATEGORY('','');
#10844=PRODUCT_CATEGORY('','');
#10845=PRODUCT_CATEGORY('','');
#10846=PRODUCT_CATEGORY('','');
#10847=PRODUCT_CATEGORY('','');
#10848=PRODUCT_CONTEXT('',#10855,'mechanical');
#10849=PRODUCT_CONTEXT('',#10855,'mechanical');
#10850=PRODUCT_CONTEXT('',#10855,'mechanical');
#10851=PRODUCT_CONTEXT('',#10855,'mechanical');
#10852=PRODUCT_CONTEXT('',#10855,'mechanical');
#10853=PRODUCT_CONTEXT('',#10855,'mechanical');
#10854=APPLICATION_PROTOCOL_DEFINITION('international standard',
'ap242_managed_model_based_3d_engineering',2020,#10855);
#10855=APPLICATION_CONTEXT('managed model based 3d engineering');
ENDSEC;
END-ISO-10303-21;
