ISO-10303-21;
HEADER;
/* Generated by software containing ST-Developer
 * from STEP Tools, Inc. (www.steptools.com) 
 */
/* OPTION: using custom renumber hook */

FILE_DESCRIPTION(
/* description */ ('STEP AP242 Edition 2',
'CAx-IF Rec.Pracs.---Representation and Presentation of Product Manufa
cturing Information (PMI)---4.0---2014-10-13',
'CAx-IF Rec.Pracs.---3D Tessellated Geometry---0.4---2014-09-14','2;1',
'CAx-IF Rec.Pracs.---User Defined Attributes---1.5---2016-08-15'),
/* implementation_level */ '2;1');

FILE_NAME(
/* name */ '6a6812e4e209f83e7bd9984b',
/* time_stamp */ '2026-07-28T02:24:36Z',
/* author */ (''),
/* organization */ (''),
/* preprocessor_version */ 'ST-DEVELOPER v20',
/* originating_system */ 'ONSHAPE BY PTC INC, 1.218',
/* authorisation */ '  ');

FILE_SCHEMA (('AP242_MANAGED_MODEL_BASED_3D_ENGINEERING_MIM_LF { 1 0 10303 442 3 1 4 }'));
ENDSEC;

DATA;
#10=LINE('',#2756,#204);
#11=LINE('',#2759,#205);
#12=LINE('',#2761,#206);
#13=LINE('',#2763,#207);
#14=LINE('',#2765,#208);
#15=LINE('',#2768,#209);
#16=LINE('',#2770,#210);
#17=LINE('',#2772,#211);
#18=LINE('',#2774,#212);
#19=LINE('',#2777,#213);
#20=LINE('',#2779,#214);
#21=LINE('',#2781,#215);
#22=LINE('',#2783,#216);
#23=LINE('',#2786,#217);
#24=LINE('',#2788,#218);
#25=LINE('',#2790,#219);
#26=LINE('',#2792,#220);
#27=LINE('',#2795,#221);
#28=LINE('',#2797,#222);
#29=LINE('',#2799,#223);
#30=LINE('',#2801,#224);
#31=LINE('',#2804,#225);
#32=LINE('',#2806,#226);
#33=LINE('',#2808,#227);
#34=LINE('',#2810,#228);
#35=LINE('',#2813,#229);
#36=LINE('',#2815,#230);
#37=LINE('',#2817,#231);
#38=LINE('',#2819,#232);
#39=LINE('',#2822,#233);
#40=LINE('',#2824,#234);
#41=LINE('',#2826,#235);
#42=LINE('',#2828,#236);
#43=LINE('',#2831,#237);
#44=LINE('',#2833,#238);
#45=LINE('',#2835,#239);
#46=LINE('',#2837,#240);
#47=LINE('',#2840,#241);
#48=LINE('',#2842,#242);
#49=LINE('',#2844,#243);
#50=LINE('',#2846,#244);
#51=LINE('',#2849,#245);
#52=LINE('',#2851,#246);
#53=LINE('',#2853,#247);
#54=LINE('',#2855,#248);
#55=LINE('',#2858,#249);
#56=LINE('',#2860,#250);
#57=LINE('',#2862,#251);
#58=LINE('',#2864,#252);
#59=LINE('',#2867,#253);
#60=LINE('',#2869,#254);
#61=LINE('',#2871,#255);
#62=LINE('',#2873,#256);
#63=LINE('',#2876,#257);
#64=LINE('',#2878,#258);
#65=LINE('',#2880,#259);
#66=LINE('',#2882,#260);
#67=LINE('',#2885,#261);
#68=LINE('',#2887,#262);
#69=LINE('',#2889,#263);
#70=LINE('',#2891,#264);
#71=LINE('',#2894,#265);
#72=LINE('',#2896,#266);
#73=LINE('',#2898,#267);
#74=LINE('',#2900,#268);
#75=LINE('',#2903,#269);
#76=LINE('',#2905,#270);
#77=LINE('',#2907,#271);
#78=LINE('',#2909,#272);
#79=LINE('',#2911,#273);
#80=LINE('',#2913,#274);
#81=LINE('',#2915,#275);
#82=LINE('',#2917,#276);
#83=LINE('',#2919,#277);
#84=LINE('',#2921,#278);
#85=LINE('',#2923,#279);
#86=LINE('',#2925,#280);
#87=LINE('',#2927,#281);
#88=LINE('',#2929,#282);
#89=LINE('',#2931,#283);
#90=LINE('',#2933,#284);
#91=LINE('',#2935,#285);
#92=LINE('',#2938,#286);
#93=LINE('',#2940,#287);
#94=LINE('',#2942,#288);
#95=LINE('',#2944,#289);
#96=LINE('',#2946,#290);
#97=LINE('',#2948,#291);
#98=LINE('',#2950,#292);
#99=LINE('',#2952,#293);
#100=LINE('',#2954,#294);
#101=LINE('',#2956,#295);
#102=LINE('',#2958,#296);
#103=LINE('',#2960,#297);
#104=LINE('',#2962,#298);
#105=LINE('',#2964,#299);
#106=LINE('',#2966,#300);
#107=LINE('',#2968,#301);
#108=LINE('',#2970,#302);
#109=LINE('',#2971,#303);
#110=LINE('',#2973,#304);
#111=LINE('',#2974,#305);
#112=LINE('',#2976,#306);
#113=LINE('',#2977,#307);
#114=LINE('',#2979,#308);
#115=LINE('',#2981,#309);
#116=LINE('',#2983,#310);
#117=LINE('',#2984,#311);
#118=LINE('',#2986,#312);
#119=LINE('',#2988,#313);
#120=LINE('',#2990,#314);
#121=LINE('',#2991,#315);
#122=LINE('',#2993,#316);
#123=LINE('',#2995,#317);
#124=LINE('',#2997,#318);
#125=LINE('',#2998,#319);
#126=LINE('',#3000,#320);
#127=LINE('',#3002,#321);
#128=LINE('',#3004,#322);
#129=LINE('',#3006,#323);
#130=LINE('',#3008,#324);
#131=LINE('',#3010,#325);
#132=LINE('',#3012,#326);
#133=LINE('',#3013,#327);
#134=LINE('',#3015,#328);
#135=LINE('',#3017,#329);
#136=LINE('',#3019,#330);
#137=LINE('',#3020,#331);
#138=LINE('',#3022,#332);
#139=LINE('',#3024,#333);
#140=LINE('',#3026,#334);
#141=LINE('',#3028,#335);
#142=LINE('',#3030,#336);
#143=LINE('',#3032,#337);
#144=LINE('',#3034,#338);
#145=LINE('',#3035,#339);
#146=LINE('',#3037,#340);
#147=LINE('',#3039,#341);
#148=LINE('',#3041,#342);
#149=LINE('',#3042,#343);
#150=LINE('',#3044,#344);
#151=LINE('',#3046,#345);
#152=LINE('',#3048,#346);
#153=LINE('',#3050,#347);
#154=LINE('',#3052,#348);
#155=LINE('',#3054,#349);
#156=LINE('',#3056,#350);
#157=LINE('',#3057,#351);
#158=LINE('',#3059,#352);
#159=LINE('',#3061,#353);
#160=LINE('',#3063,#354);
#161=LINE('',#3064,#355);
#162=LINE('',#3066,#356);
#163=LINE('',#3068,#357);
#164=LINE('',#3070,#358);
#165=LINE('',#3072,#359);
#166=LINE('',#3074,#360);
#167=LINE('',#3076,#361);
#168=LINE('',#3078,#362);
#169=LINE('',#3079,#363);
#170=LINE('',#3081,#364);
#171=LINE('',#3083,#365);
#172=LINE('',#3085,#366);
#173=LINE('',#3086,#367);
#174=LINE('',#3088,#368);
#175=LINE('',#3090,#369);
#176=LINE('',#3092,#370);
#177=LINE('',#3094,#371);
#178=LINE('',#3096,#372);
#179=LINE('',#3098,#373);
#180=LINE('',#3100,#374);
#181=LINE('',#3101,#375);
#182=LINE('',#3103,#376);
#183=LINE('',#3105,#377);
#184=LINE('',#3107,#378);
#185=LINE('',#3108,#379);
#186=LINE('',#3110,#380);
#187=LINE('',#3112,#381);
#188=LINE('',#3114,#382);
#189=LINE('',#3116,#383);
#190=LINE('',#3118,#384);
#191=LINE('',#3120,#385);
#192=LINE('',#3122,#386);
#193=LINE('',#3123,#387);
#194=LINE('',#3125,#388);
#195=LINE('',#3127,#389);
#196=LINE('',#3129,#390);
#197=LINE('',#3131,#391);
#198=LINE('',#3133,#392);
#199=LINE('',#3135,#393);
#200=LINE('',#3137,#394);
#201=LINE('',#3139,#395);
#202=LINE('',#3141,#396);
#203=LINE('',#3143,#397);
#204=VECTOR('',#2245,1.);
#205=VECTOR('',#2246,1.);
#206=VECTOR('',#2247,1.);
#207=VECTOR('',#2248,1.);
#208=VECTOR('',#2251,1.);
#209=VECTOR('',#2252,1.);
#210=VECTOR('',#2253,1.);
#211=VECTOR('',#2254,1.);
#212=VECTOR('',#2257,1.);
#213=VECTOR('',#2258,1.);
#214=VECTOR('',#2259,1.);
#215=VECTOR('',#2260,1.);
#216=VECTOR('',#2263,1.);
#217=VECTOR('',#2264,1.);
#218=VECTOR('',#2265,1.);
#219=VECTOR('',#2266,1.);
#220=VECTOR('',#2269,1.);
#221=VECTOR('',#2270,1.);
#222=VECTOR('',#2271,1.);
#223=VECTOR('',#2272,1.);
#224=VECTOR('',#2275,1.);
#225=VECTOR('',#2276,1.);
#226=VECTOR('',#2277,1.);
#227=VECTOR('',#2278,1.);
#228=VECTOR('',#2281,1.);
#229=VECTOR('',#2282,1.);
#230=VECTOR('',#2283,1.);
#231=VECTOR('',#2284,1.);
#232=VECTOR('',#2287,1.);
#233=VECTOR('',#2288,1.);
#234=VECTOR('',#2289,1.);
#235=VECTOR('',#2290,1.);
#236=VECTOR('',#2293,1.);
#237=VECTOR('',#2294,1.);
#238=VECTOR('',#2295,1.);
#239=VECTOR('',#2296,1.);
#240=VECTOR('',#2299,1.);
#241=VECTOR('',#2300,1.);
#242=VECTOR('',#2301,1.);
#243=VECTOR('',#2302,1.);
#244=VECTOR('',#2305,1.);
#245=VECTOR('',#2306,1.);
#246=VECTOR('',#2307,1.);
#247=VECTOR('',#2308,1.);
#248=VECTOR('',#2311,1.);
#249=VECTOR('',#2312,1.);
#250=VECTOR('',#2313,1.);
#251=VECTOR('',#2314,1.);
#252=VECTOR('',#2317,1.);
#253=VECTOR('',#2318,1.);
#254=VECTOR('',#2319,1.);
#255=VECTOR('',#2320,1.);
#256=VECTOR('',#2323,1.);
#257=VECTOR('',#2324,1.);
#258=VECTOR('',#2325,1.);
#259=VECTOR('',#2326,1.);
#260=VECTOR('',#2329,1.);
#261=VECTOR('',#2330,1.);
#262=VECTOR('',#2331,1.);
#263=VECTOR('',#2332,1.);
#264=VECTOR('',#2335,1.);
#265=VECTOR('',#2336,1.);
#266=VECTOR('',#2337,1.);
#267=VECTOR('',#2338,1.);
#268=VECTOR('',#2341,1.);
#269=VECTOR('',#2342,1.);
#270=VECTOR('',#2343,1.);
#271=VECTOR('',#2344,1.);
#272=VECTOR('',#2345,1.);
#273=VECTOR('',#2346,1.);
#274=VECTOR('',#2347,1.);
#275=VECTOR('',#2348,1.);
#276=VECTOR('',#2349,1.);
#277=VECTOR('',#2350,1.);
#278=VECTOR('',#2351,1.);
#279=VECTOR('',#2352,1.);
#280=VECTOR('',#2353,1.);
#281=VECTOR('',#2354,1.);
#282=VECTOR('',#2355,1.);
#283=VECTOR('',#2356,1.);
#284=VECTOR('',#2357,1.);
#285=VECTOR('',#2360,1.);
#286=VECTOR('',#2361,1.);
#287=VECTOR('',#2362,1.);
#288=VECTOR('',#2363,1.);
#289=VECTOR('',#2364,1.);
#290=VECTOR('',#2365,1.);
#291=VECTOR('',#2366,1.);
#292=VECTOR('',#2367,1.);
#293=VECTOR('',#2368,1.);
#294=VECTOR('',#2369,1.);
#295=VECTOR('',#2370,1.);
#296=VECTOR('',#2371,1.);
#297=VECTOR('',#2372,1.);
#298=VECTOR('',#2373,1.);
#299=VECTOR('',#2374,1.);
#300=VECTOR('',#2375,1.);
#301=VECTOR('',#2376,1.);
#302=VECTOR('',#2379,1.);
#303=VECTOR('',#2380,1.);
#304=VECTOR('',#2383,1.);
#305=VECTOR('',#2384,1.);
#306=VECTOR('',#2387,1.);
#307=VECTOR('',#2388,1.);
#308=VECTOR('',#2391,1.);
#309=VECTOR('',#2394,1.);
#310=VECTOR('',#2397,1.);
#311=VECTOR('',#2398,1.);
#312=VECTOR('',#2401,1.);
#313=VECTOR('',#2404,1.);
#314=VECTOR('',#2407,1.);
#315=VECTOR('',#2408,1.);
#316=VECTOR('',#2411,1.);
#317=VECTOR('',#2414,1.);
#318=VECTOR('',#2417,1.);
#319=VECTOR('',#2418,1.);
#320=VECTOR('',#2421,1.);
#321=VECTOR('',#2424,1.);
#322=VECTOR('',#2427,1.);
#323=VECTOR('',#2430,1.);
#324=VECTOR('',#2433,1.);
#325=VECTOR('',#2436,1.);
#326=VECTOR('',#2439,1.);
#327=VECTOR('',#2440,1.);
#328=VECTOR('',#2443,1.);
#329=VECTOR('',#2446,1.);
#330=VECTOR('',#2449,1.);
#331=VECTOR('',#2450,1.);
#332=VECTOR('',#2453,1.);
#333=VECTOR('',#2456,1.);
#334=VECTOR('',#2459,1.);
#335=VECTOR('',#2462,1.);
#336=VECTOR('',#2465,1.);
#337=VECTOR('',#2468,1.);
#338=VECTOR('',#2471,1.);
#339=VECTOR('',#2472,1.);
#340=VECTOR('',#2475,1.);
#341=VECTOR('',#2478,1.);
#342=VECTOR('',#2481,1.);
#343=VECTOR('',#2482,1.);
#344=VECTOR('',#2485,1.);
#345=VECTOR('',#2488,1.);
#346=VECTOR('',#2491,1.);
#347=VECTOR('',#2494,1.);
#348=VECTOR('',#2497,1.);
#349=VECTOR('',#2500,1.);
#350=VECTOR('',#2503,1.);
#351=VECTOR('',#2504,1.);
#352=VECTOR('',#2507,1.);
#353=VECTOR('',#2510,1.);
#354=VECTOR('',#2513,1.);
#355=VECTOR('',#2514,1.);
#356=VECTOR('',#2517,1.);
#357=VECTOR('',#2520,1.);
#358=VECTOR('',#2523,1.);
#359=VECTOR('',#2526,1.);
#360=VECTOR('',#2529,1.);
#361=VECTOR('',#2532,1.);
#362=VECTOR('',#2535,1.);
#363=VECTOR('',#2536,1.);
#364=VECTOR('',#2539,1.);
#365=VECTOR('',#2542,1.);
#366=VECTOR('',#2545,1.);
#367=VECTOR('',#2546,1.);
#368=VECTOR('',#2549,1.);
#369=VECTOR('',#2552,1.);
#370=VECTOR('',#2555,1.);
#371=VECTOR('',#2558,1.);
#372=VECTOR('',#2561,1.);
#373=VECTOR('',#2564,1.);
#374=VECTOR('',#2567,1.);
#375=VECTOR('',#2568,1.);
#376=VECTOR('',#2571,1.);
#377=VECTOR('',#2574,1.);
#378=VECTOR('',#2577,1.);
#379=VECTOR('',#2578,1.);
#380=VECTOR('',#2581,1.);
#381=VECTOR('',#2584,1.);
#382=VECTOR('',#2587,1.);
#383=VECTOR('',#2590,1.);
#384=VECTOR('',#2593,1.);
#385=VECTOR('',#2596,1.);
#386=VECTOR('',#2599,1.);
#387=VECTOR('',#2600,1.);
#388=VECTOR('',#2603,1.);
#389=VECTOR('',#2606,1.);
#390=VECTOR('',#2609,1.);
#391=VECTOR('',#2612,1.);
#392=VECTOR('',#2615,1.);
#393=VECTOR('',#2618,1.);
#394=VECTOR('',#2621,1.);
#395=VECTOR('',#2624,1.);
#396=VECTOR('',#2627,1.);
#397=VECTOR('',#2630,1.);
#398=CONTEXT_DEPENDENT_SHAPE_REPRESENTATION(#416,#3211);
#399=CONTEXT_DEPENDENT_SHAPE_REPRESENTATION(#417,#3213);
#400=CONTEXT_DEPENDENT_SHAPE_REPRESENTATION(#418,#3215);
#401=CONTEXT_DEPENDENT_SHAPE_REPRESENTATION(#419,#3217);
#402=CONTEXT_DEPENDENT_SHAPE_REPRESENTATION(#420,#3219);
#403=CONTEXT_DEPENDENT_SHAPE_REPRESENTATION(#421,#3221);
#404=CONTEXT_DEPENDENT_SHAPE_REPRESENTATION(#422,#3223);
#405=CONTEXT_DEPENDENT_SHAPE_REPRESENTATION(#423,#3225);
#406=CONTEXT_DEPENDENT_SHAPE_REPRESENTATION(#424,#3227);
#407=NEXT_ASSEMBLY_USAGE_OCCURRENCE('NAUO1','Right Middle 1',
'Right Middle 1',#3228,#3229,'');
#408=NEXT_ASSEMBLY_USAGE_OCCURRENCE('NAUO2','Left Middle 1',
'Left Middle 1',#3228,#3230,'');
#409=NEXT_ASSEMBLY_USAGE_OCCURRENCE('NAUO3','Back Right Arm',
'Back Right Arm',#3228,#3231,'');
#410=NEXT_ASSEMBLY_USAGE_OCCURRENCE('NAUO4','Left Front Arm',
'Left Front Arm',#3228,#3232,'');
#411=NEXT_ASSEMBLY_USAGE_OCCURRENCE('NAUO5','Front Right Arm',
'Front Right Arm',#3228,#3233,'');
#412=NEXT_ASSEMBLY_USAGE_OCCURRENCE('NAUO6','Fuselage','Fuselage',#3228,
#3234,'');
#413=NEXT_ASSEMBLY_USAGE_OCCURRENCE('NAUO7','Back Left Arm',
'Back Left Arm',#3228,#3235,'');
#414=NEXT_ASSEMBLY_USAGE_OCCURRENCE('NAUO8','Left Middle 2',
'Left Middle 2',#3228,#3236,'');
#415=NEXT_ASSEMBLY_USAGE_OCCURRENCE('NAUO9','Right Middle 2',
'Right Middle 2',#3228,#3237,'');
#416=(
REPRESENTATION_RELATIONSHIP(' ',' ',#1970,#1969)
REPRESENTATION_RELATIONSHIP_WITH_TRANSFORMATION(#425)
SHAPE_REPRESENTATION_RELATIONSHIP()
);
#417=(
REPRESENTATION_RELATIONSHIP(' ',' ',#1971,#1969)
REPRESENTATION_RELATIONSHIP_WITH_TRANSFORMATION(#426)
SHAPE_REPRESENTATION_RELATIONSHIP()
);
#418=(
REPRESENTATION_RELATIONSHIP(' ',' ',#1972,#1969)
REPRESENTATION_RELATIONSHIP_WITH_TRANSFORMATION(#427)
SHAPE_REPRESENTATION_RELATIONSHIP()
);
#419=(
REPRESENTATION_RELATIONSHIP(' ',' ',#1973,#1969)
REPRESENTATION_RELATIONSHIP_WITH_TRANSFORMATION(#428)
SHAPE_REPRESENTATION_RELATIONSHIP()
);
#420=(
REPRESENTATION_RELATIONSHIP(' ',' ',#1974,#1969)
REPRESENTATION_RELATIONSHIP_WITH_TRANSFORMATION(#429)
SHAPE_REPRESENTATION_RELATIONSHIP()
);
#421=(
REPRESENTATION_RELATIONSHIP(' ',' ',#1975,#1969)
REPRESENTATION_RELATIONSHIP_WITH_TRANSFORMATION(#430)
SHAPE_REPRESENTATION_RELATIONSHIP()
);
#422=(
REPRESENTATION_RELATIONSHIP(' ',' ',#1976,#1969)
REPRESENTATION_RELATIONSHIP_WITH_TRANSFORMATION(#431)
SHAPE_REPRESENTATION_RELATIONSHIP()
);
#423=(
REPRESENTATION_RELATIONSHIP(' ',' ',#1977,#1969)
REPRESENTATION_RELATIONSHIP_WITH_TRANSFORMATION(#432)
SHAPE_REPRESENTATION_RELATIONSHIP()
);
#424=(
REPRESENTATION_RELATIONSHIP(' ',' ',#1978,#1969)
REPRESENTATION_RELATIONSHIP_WITH_TRANSFORMATION(#433)
SHAPE_REPRESENTATION_RELATIONSHIP()
);
#425=ITEM_DEFINED_TRANSFORMATION(' ',' ',#1979,#1988);
#426=ITEM_DEFINED_TRANSFORMATION(' ',' ',#1979,#1997);
#427=ITEM_DEFINED_TRANSFORMATION(' ',' ',#1979,#2006);
#428=ITEM_DEFINED_TRANSFORMATION(' ',' ',#1979,#2015);
#429=ITEM_DEFINED_TRANSFORMATION(' ',' ',#1979,#2024);
#430=ITEM_DEFINED_TRANSFORMATION(' ',' ',#1979,#2123);
#431=ITEM_DEFINED_TRANSFORMATION(' ',' ',#1979,#2132);
#432=ITEM_DEFINED_TRANSFORMATION(' ',' ',#1979,#2141);
#433=ITEM_DEFINED_TRANSFORMATION(' ',' ',#1979,#2150);
#434=SHAPE_REPRESENTATION_RELATIONSHIP('','',#1970,#443);
#435=SHAPE_REPRESENTATION_RELATIONSHIP('','',#1971,#444);
#436=SHAPE_REPRESENTATION_RELATIONSHIP('','',#1972,#445);
#437=SHAPE_REPRESENTATION_RELATIONSHIP('','',#1973,#446);
#438=SHAPE_REPRESENTATION_RELATIONSHIP('','',#1974,#447);
#439=SHAPE_REPRESENTATION_RELATIONSHIP('','',#1975,#448);
#440=SHAPE_REPRESENTATION_RELATIONSHIP('','',#1976,#449);
#441=SHAPE_REPRESENTATION_RELATIONSHIP('','',#1977,#450);
#442=SHAPE_REPRESENTATION_RELATIONSHIP('','',#1978,#451);
#443=ADVANCED_BREP_SHAPE_REPRESENTATION('',(#1950),#3187);
#444=ADVANCED_BREP_SHAPE_REPRESENTATION('',(#1951),#3188);
#445=ADVANCED_BREP_SHAPE_REPRESENTATION('',(#1952),#3189);
#446=ADVANCED_BREP_SHAPE_REPRESENTATION('',(#1953),#3190);
#447=ADVANCED_BREP_SHAPE_REPRESENTATION('',(#1954),#3191);
#448=ADVANCED_BREP_SHAPE_REPRESENTATION('',(#1955),#3192);
#449=ADVANCED_BREP_SHAPE_REPRESENTATION('',(#1956),#3193);
#450=ADVANCED_BREP_SHAPE_REPRESENTATION('',(#1957),#3194);
#451=ADVANCED_BREP_SHAPE_REPRESENTATION('',(#1958),#3195);
#452=CYLINDRICAL_SURFACE('',#1986,0.015);
#453=CYLINDRICAL_SURFACE('',#1987,0.013);
#454=CYLINDRICAL_SURFACE('',#1995,0.015);
#455=CYLINDRICAL_SURFACE('',#1996,0.013);
#456=CYLINDRICAL_SURFACE('',#2004,0.013);
#457=CYLINDRICAL_SURFACE('',#2005,0.015);
#458=CYLINDRICAL_SURFACE('',#2013,0.013);
#459=CYLINDRICAL_SURFACE('',#2014,0.015);
#460=CYLINDRICAL_SURFACE('',#2022,0.013);
#461=CYLINDRICAL_SURFACE('',#2023,0.015);
#462=CYLINDRICAL_SURFACE('',#2130,0.013);
#463=CYLINDRICAL_SURFACE('',#2131,0.015);
#464=CYLINDRICAL_SURFACE('',#2139,0.015);
#465=CYLINDRICAL_SURFACE('',#2140,0.013);
#466=CYLINDRICAL_SURFACE('',#2148,0.015);
#467=CYLINDRICAL_SURFACE('',#2149,0.013);
#468=CIRCLE('',#1984,0.013);
#469=CIRCLE('',#1985,0.015);
#470=CIRCLE('',#1993,0.013);
#471=CIRCLE('',#1994,0.015);
#472=CIRCLE('',#2002,0.013);
#473=CIRCLE('',#2003,0.015);
#474=CIRCLE('',#2011,0.013);
#475=CIRCLE('',#2012,0.015);
#476=CIRCLE('',#2020,0.013);
#477=CIRCLE('',#2021,0.015);
#478=CIRCLE('',#2128,0.013);
#479=CIRCLE('',#2129,0.015);
#480=CIRCLE('',#2137,0.013);
#481=CIRCLE('',#2138,0.015);
#482=CIRCLE('',#2146,0.013);
#483=CIRCLE('',#2147,0.015);
#484=ORIENTED_EDGE('',*,*,#936,.T.);
#485=ORIENTED_EDGE('',*,*,#937,.F.);
#486=ORIENTED_EDGE('',*,*,#938,.F.);
#487=ORIENTED_EDGE('',*,*,#939,.T.);
#488=ORIENTED_EDGE('',*,*,#939,.F.);
#489=ORIENTED_EDGE('',*,*,#936,.F.);
#490=ORIENTED_EDGE('',*,*,#937,.T.);
#491=ORIENTED_EDGE('',*,*,#938,.T.);
#492=ORIENTED_EDGE('',*,*,#940,.F.);
#493=ORIENTED_EDGE('',*,*,#941,.T.);
#494=ORIENTED_EDGE('',*,*,#942,.T.);
#495=ORIENTED_EDGE('',*,*,#943,.F.);
#496=ORIENTED_EDGE('',*,*,#943,.T.);
#497=ORIENTED_EDGE('',*,*,#940,.T.);
#498=ORIENTED_EDGE('',*,*,#941,.F.);
#499=ORIENTED_EDGE('',*,*,#942,.F.);
#500=ORIENTED_EDGE('',*,*,#944,.F.);
#501=ORIENTED_EDGE('',*,*,#945,.T.);
#502=ORIENTED_EDGE('',*,*,#946,.T.);
#503=ORIENTED_EDGE('',*,*,#947,.F.);
#504=ORIENTED_EDGE('',*,*,#945,.F.);
#505=ORIENTED_EDGE('',*,*,#946,.F.);
#506=ORIENTED_EDGE('',*,*,#947,.T.);
#507=ORIENTED_EDGE('',*,*,#944,.T.);
#508=ORIENTED_EDGE('',*,*,#948,.F.);
#509=ORIENTED_EDGE('',*,*,#949,.T.);
#510=ORIENTED_EDGE('',*,*,#950,.T.);
#511=ORIENTED_EDGE('',*,*,#951,.F.);
#512=ORIENTED_EDGE('',*,*,#949,.F.);
#513=ORIENTED_EDGE('',*,*,#950,.F.);
#514=ORIENTED_EDGE('',*,*,#951,.T.);
#515=ORIENTED_EDGE('',*,*,#948,.T.);
#516=ORIENTED_EDGE('',*,*,#952,.T.);
#517=ORIENTED_EDGE('',*,*,#953,.F.);
#518=ORIENTED_EDGE('',*,*,#954,.F.);
#519=ORIENTED_EDGE('',*,*,#955,.T.);
#520=ORIENTED_EDGE('',*,*,#953,.T.);
#521=ORIENTED_EDGE('',*,*,#954,.T.);
#522=ORIENTED_EDGE('',*,*,#955,.F.);
#523=ORIENTED_EDGE('',*,*,#952,.F.);
#524=ORIENTED_EDGE('',*,*,#956,.T.);
#525=ORIENTED_EDGE('',*,*,#957,.T.);
#526=ORIENTED_EDGE('',*,*,#958,.T.);
#527=ORIENTED_EDGE('',*,*,#959,.T.);
#528=ORIENTED_EDGE('',*,*,#960,.T.);
#529=ORIENTED_EDGE('',*,*,#961,.T.);
#530=ORIENTED_EDGE('',*,*,#962,.T.);
#531=ORIENTED_EDGE('',*,*,#963,.T.);
#532=ORIENTED_EDGE('',*,*,#964,.T.);
#533=ORIENTED_EDGE('',*,*,#965,.T.);
#534=ORIENTED_EDGE('',*,*,#966,.T.);
#535=ORIENTED_EDGE('',*,*,#967,.T.);
#536=ORIENTED_EDGE('',*,*,#968,.T.);
#537=ORIENTED_EDGE('',*,*,#969,.T.);
#538=ORIENTED_EDGE('',*,*,#970,.T.);
#539=ORIENTED_EDGE('',*,*,#971,.T.);
#540=ORIENTED_EDGE('',*,*,#972,.T.);
#541=ORIENTED_EDGE('',*,*,#973,.T.);
#542=ORIENTED_EDGE('',*,*,#974,.T.);
#543=ORIENTED_EDGE('',*,*,#975,.T.);
#544=ORIENTED_EDGE('',*,*,#976,.T.);
#545=ORIENTED_EDGE('',*,*,#977,.T.);
#546=ORIENTED_EDGE('',*,*,#978,.T.);
#547=ORIENTED_EDGE('',*,*,#979,.T.);
#548=ORIENTED_EDGE('',*,*,#980,.T.);
#549=ORIENTED_EDGE('',*,*,#981,.T.);
#550=ORIENTED_EDGE('',*,*,#982,.T.);
#551=ORIENTED_EDGE('',*,*,#983,.T.);
#552=ORIENTED_EDGE('',*,*,#984,.T.);
#553=ORIENTED_EDGE('',*,*,#985,.T.);
#554=ORIENTED_EDGE('',*,*,#986,.T.);
#555=ORIENTED_EDGE('',*,*,#987,.T.);
#556=ORIENTED_EDGE('',*,*,#988,.T.);
#557=ORIENTED_EDGE('',*,*,#989,.T.);
#558=ORIENTED_EDGE('',*,*,#990,.T.);
#559=ORIENTED_EDGE('',*,*,#991,.T.);
#560=ORIENTED_EDGE('',*,*,#992,.T.);
#561=ORIENTED_EDGE('',*,*,#993,.T.);
#562=ORIENTED_EDGE('',*,*,#994,.T.);
#563=ORIENTED_EDGE('',*,*,#995,.T.);
#564=ORIENTED_EDGE('',*,*,#996,.T.);
#565=ORIENTED_EDGE('',*,*,#997,.T.);
#566=ORIENTED_EDGE('',*,*,#998,.T.);
#567=ORIENTED_EDGE('',*,*,#999,.T.);
#568=ORIENTED_EDGE('',*,*,#1000,.T.);
#569=ORIENTED_EDGE('',*,*,#1001,.T.);
#570=ORIENTED_EDGE('',*,*,#1002,.T.);
#571=ORIENTED_EDGE('',*,*,#1003,.T.);
#572=ORIENTED_EDGE('',*,*,#1004,.T.);
#573=ORIENTED_EDGE('',*,*,#1005,.T.);
#574=ORIENTED_EDGE('',*,*,#1006,.T.);
#575=ORIENTED_EDGE('',*,*,#1007,.T.);
#576=ORIENTED_EDGE('',*,*,#1008,.T.);
#577=ORIENTED_EDGE('',*,*,#1009,.T.);
#578=ORIENTED_EDGE('',*,*,#1010,.T.);
#579=ORIENTED_EDGE('',*,*,#1011,.T.);
#580=ORIENTED_EDGE('',*,*,#1012,.T.);
#581=ORIENTED_EDGE('',*,*,#1013,.T.);
#582=ORIENTED_EDGE('',*,*,#1014,.T.);
#583=ORIENTED_EDGE('',*,*,#1015,.T.);
#584=ORIENTED_EDGE('',*,*,#1016,.T.);
#585=ORIENTED_EDGE('',*,*,#1017,.T.);
#586=ORIENTED_EDGE('',*,*,#1018,.T.);
#587=ORIENTED_EDGE('',*,*,#1019,.T.);
#588=ORIENTED_EDGE('',*,*,#1020,.T.);
#589=ORIENTED_EDGE('',*,*,#1021,.T.);
#590=ORIENTED_EDGE('',*,*,#1022,.T.);
#591=ORIENTED_EDGE('',*,*,#1023,.T.);
#592=ORIENTED_EDGE('',*,*,#1024,.T.);
#593=ORIENTED_EDGE('',*,*,#1025,.T.);
#594=ORIENTED_EDGE('',*,*,#1026,.T.);
#595=ORIENTED_EDGE('',*,*,#1027,.T.);
#596=ORIENTED_EDGE('',*,*,#1028,.T.);
#597=ORIENTED_EDGE('',*,*,#1029,.T.);
#598=ORIENTED_EDGE('',*,*,#1030,.T.);
#599=ORIENTED_EDGE('',*,*,#1031,.T.);
#600=ORIENTED_EDGE('',*,*,#1032,.T.);
#601=ORIENTED_EDGE('',*,*,#1033,.F.);
#602=ORIENTED_EDGE('',*,*,#1034,.T.);
#603=ORIENTED_EDGE('',*,*,#1035,.T.);
#604=ORIENTED_EDGE('',*,*,#1036,.T.);
#605=ORIENTED_EDGE('',*,*,#1037,.T.);
#606=ORIENTED_EDGE('',*,*,#1038,.T.);
#607=ORIENTED_EDGE('',*,*,#1039,.T.);
#608=ORIENTED_EDGE('',*,*,#1040,.T.);
#609=ORIENTED_EDGE('',*,*,#1041,.T.);
#610=ORIENTED_EDGE('',*,*,#1042,.T.);
#611=ORIENTED_EDGE('',*,*,#1043,.T.);
#612=ORIENTED_EDGE('',*,*,#1044,.F.);
#613=ORIENTED_EDGE('',*,*,#1045,.T.);
#614=ORIENTED_EDGE('',*,*,#1046,.T.);
#615=ORIENTED_EDGE('',*,*,#1047,.T.);
#616=ORIENTED_EDGE('',*,*,#1048,.T.);
#617=ORIENTED_EDGE('',*,*,#1049,.T.);
#618=ORIENTED_EDGE('',*,*,#1050,.T.);
#619=ORIENTED_EDGE('',*,*,#1051,.T.);
#620=ORIENTED_EDGE('',*,*,#1052,.T.);
#621=ORIENTED_EDGE('',*,*,#1053,.T.);
#622=ORIENTED_EDGE('',*,*,#1054,.F.);
#623=ORIENTED_EDGE('',*,*,#1018,.F.);
#624=ORIENTED_EDGE('',*,*,#1055,.F.);
#625=ORIENTED_EDGE('',*,*,#1049,.F.);
#626=ORIENTED_EDGE('',*,*,#1056,.F.);
#627=ORIENTED_EDGE('',*,*,#1054,.T.);
#628=ORIENTED_EDGE('',*,*,#1057,.F.);
#629=ORIENTED_EDGE('',*,*,#1058,.F.);
#630=ORIENTED_EDGE('',*,*,#1055,.T.);
#631=ORIENTED_EDGE('',*,*,#1059,.F.);
#632=ORIENTED_EDGE('',*,*,#1057,.T.);
#633=ORIENTED_EDGE('',*,*,#1048,.F.);
#634=ORIENTED_EDGE('',*,*,#1060,.F.);
#635=ORIENTED_EDGE('',*,*,#958,.F.);
#636=ORIENTED_EDGE('',*,*,#1056,.T.);
#637=ORIENTED_EDGE('',*,*,#957,.F.);
#638=ORIENTED_EDGE('',*,*,#1061,.F.);
#639=ORIENTED_EDGE('',*,*,#1019,.F.);
#640=ORIENTED_EDGE('',*,*,#1062,.F.);
#641=ORIENTED_EDGE('',*,*,#1016,.F.);
#642=ORIENTED_EDGE('',*,*,#1063,.F.);
#643=ORIENTED_EDGE('',*,*,#1028,.F.);
#644=ORIENTED_EDGE('',*,*,#1059,.T.);
#645=ORIENTED_EDGE('',*,*,#1017,.F.);
#646=ORIENTED_EDGE('',*,*,#1064,.F.);
#647=ORIENTED_EDGE('',*,*,#1013,.F.);
#648=ORIENTED_EDGE('',*,*,#1058,.T.);
#649=ORIENTED_EDGE('',*,*,#1012,.F.);
#650=ORIENTED_EDGE('',*,*,#1065,.F.);
#651=ORIENTED_EDGE('',*,*,#1050,.F.);
#652=ORIENTED_EDGE('',*,*,#1066,.F.);
#653=ORIENTED_EDGE('',*,*,#1060,.T.);
#654=ORIENTED_EDGE('',*,*,#1067,.F.);
#655=ORIENTED_EDGE('',*,*,#1063,.T.);
#656=ORIENTED_EDGE('',*,*,#1061,.T.);
#657=ORIENTED_EDGE('',*,*,#1068,.F.);
#658=ORIENTED_EDGE('',*,*,#1064,.T.);
#659=ORIENTED_EDGE('',*,*,#1062,.T.);
#660=ORIENTED_EDGE('',*,*,#1069,.F.);
#661=ORIENTED_EDGE('',*,*,#1070,.F.);
#662=ORIENTED_EDGE('',*,*,#1065,.T.);
#663=ORIENTED_EDGE('',*,*,#1071,.F.);
#664=ORIENTED_EDGE('',*,*,#1067,.T.);
#665=ORIENTED_EDGE('',*,*,#1047,.F.);
#666=ORIENTED_EDGE('',*,*,#1072,.F.);
#667=ORIENTED_EDGE('',*,*,#960,.F.);
#668=ORIENTED_EDGE('',*,*,#1066,.T.);
#669=ORIENTED_EDGE('',*,*,#963,.F.);
#670=ORIENTED_EDGE('',*,*,#1073,.F.);
#671=ORIENTED_EDGE('',*,*,#959,.F.);
#672=ORIENTED_EDGE('',*,*,#1068,.T.);
#673=ORIENTED_EDGE('',*,*,#956,.F.);
#674=ORIENTED_EDGE('',*,*,#1074,.F.);
#675=ORIENTED_EDGE('',*,*,#1029,.F.);
#676=ORIENTED_EDGE('',*,*,#1069,.T.);
#677=ORIENTED_EDGE('',*,*,#1027,.F.);
#678=ORIENTED_EDGE('',*,*,#1075,.F.);
#679=ORIENTED_EDGE('',*,*,#1014,.F.);
#680=ORIENTED_EDGE('',*,*,#1071,.T.);
#681=ORIENTED_EDGE('',*,*,#1015,.F.);
#682=ORIENTED_EDGE('',*,*,#1076,.F.);
#683=ORIENTED_EDGE('',*,*,#1009,.F.);
#684=ORIENTED_EDGE('',*,*,#1070,.T.);
#685=ORIENTED_EDGE('',*,*,#1008,.F.);
#686=ORIENTED_EDGE('',*,*,#1077,.F.);
#687=ORIENTED_EDGE('',*,*,#1051,.F.);
#688=ORIENTED_EDGE('',*,*,#1078,.F.);
#689=ORIENTED_EDGE('',*,*,#1072,.T.);
#690=ORIENTED_EDGE('',*,*,#1079,.F.);
#691=ORIENTED_EDGE('',*,*,#1074,.T.);
#692=ORIENTED_EDGE('',*,*,#1073,.T.);
#693=ORIENTED_EDGE('',*,*,#1080,.F.);
#694=ORIENTED_EDGE('',*,*,#1076,.T.);
#695=ORIENTED_EDGE('',*,*,#1075,.T.);
#696=ORIENTED_EDGE('',*,*,#1081,.F.);
#697=ORIENTED_EDGE('',*,*,#1082,.F.);
#698=ORIENTED_EDGE('',*,*,#1077,.T.);
#699=ORIENTED_EDGE('',*,*,#1083,.F.);
#700=ORIENTED_EDGE('',*,*,#1079,.T.);
#701=ORIENTED_EDGE('',*,*,#1046,.F.);
#702=ORIENTED_EDGE('',*,*,#1084,.F.);
#703=ORIENTED_EDGE('',*,*,#964,.F.);
#704=ORIENTED_EDGE('',*,*,#1078,.T.);
#705=ORIENTED_EDGE('',*,*,#967,.F.);
#706=ORIENTED_EDGE('',*,*,#1085,.F.);
#707=ORIENTED_EDGE('',*,*,#961,.F.);
#708=ORIENTED_EDGE('',*,*,#1080,.T.);
#709=ORIENTED_EDGE('',*,*,#962,.F.);
#710=ORIENTED_EDGE('',*,*,#1086,.F.);
#711=ORIENTED_EDGE('',*,*,#1030,.F.);
#712=ORIENTED_EDGE('',*,*,#1081,.T.);
#713=ORIENTED_EDGE('',*,*,#1026,.F.);
#714=ORIENTED_EDGE('',*,*,#1087,.F.);
#715=ORIENTED_EDGE('',*,*,#1010,.F.);
#716=ORIENTED_EDGE('',*,*,#1083,.T.);
#717=ORIENTED_EDGE('',*,*,#1011,.F.);
#718=ORIENTED_EDGE('',*,*,#1088,.F.);
#719=ORIENTED_EDGE('',*,*,#1007,.F.);
#720=ORIENTED_EDGE('',*,*,#1082,.T.);
#721=ORIENTED_EDGE('',*,*,#1006,.F.);
#722=ORIENTED_EDGE('',*,*,#1089,.F.);
#723=ORIENTED_EDGE('',*,*,#1052,.F.);
#724=ORIENTED_EDGE('',*,*,#1090,.F.);
#725=ORIENTED_EDGE('',*,*,#1084,.T.);
#726=ORIENTED_EDGE('',*,*,#1091,.F.);
#727=ORIENTED_EDGE('',*,*,#1086,.T.);
#728=ORIENTED_EDGE('',*,*,#1085,.T.);
#729=ORIENTED_EDGE('',*,*,#1092,.F.);
#730=ORIENTED_EDGE('',*,*,#1088,.T.);
#731=ORIENTED_EDGE('',*,*,#1087,.T.);
#732=ORIENTED_EDGE('',*,*,#1093,.F.);
#733=ORIENTED_EDGE('',*,*,#1094,.F.);
#734=ORIENTED_EDGE('',*,*,#1089,.T.);
#735=ORIENTED_EDGE('',*,*,#1095,.F.);
#736=ORIENTED_EDGE('',*,*,#1091,.T.);
#737=ORIENTED_EDGE('',*,*,#1045,.F.);
#738=ORIENTED_EDGE('',*,*,#1096,.F.);
#739=ORIENTED_EDGE('',*,*,#968,.F.);
#740=ORIENTED_EDGE('',*,*,#1090,.T.);
#741=ORIENTED_EDGE('',*,*,#971,.F.);
#742=ORIENTED_EDGE('',*,*,#1097,.F.);
#743=ORIENTED_EDGE('',*,*,#965,.F.);
#744=ORIENTED_EDGE('',*,*,#1092,.T.);
#745=ORIENTED_EDGE('',*,*,#966,.F.);
#746=ORIENTED_EDGE('',*,*,#1098,.F.);
#747=ORIENTED_EDGE('',*,*,#1031,.F.);
#748=ORIENTED_EDGE('',*,*,#1093,.T.);
#749=ORIENTED_EDGE('',*,*,#1025,.F.);
#750=ORIENTED_EDGE('',*,*,#1099,.F.);
#751=ORIENTED_EDGE('',*,*,#1004,.F.);
#752=ORIENTED_EDGE('',*,*,#1095,.T.);
#753=ORIENTED_EDGE('',*,*,#1005,.F.);
#754=ORIENTED_EDGE('',*,*,#1100,.F.);
#755=ORIENTED_EDGE('',*,*,#1003,.F.);
#756=ORIENTED_EDGE('',*,*,#1094,.T.);
#757=ORIENTED_EDGE('',*,*,#1002,.F.);
#758=ORIENTED_EDGE('',*,*,#1101,.F.);
#759=ORIENTED_EDGE('',*,*,#1053,.F.);
#760=ORIENTED_EDGE('',*,*,#1096,.T.);
#761=ORIENTED_EDGE('',*,*,#1044,.T.);
#762=ORIENTED_EDGE('',*,*,#1102,.F.);
#763=ORIENTED_EDGE('',*,*,#1103,.F.);
#764=ORIENTED_EDGE('',*,*,#1098,.T.);
#765=ORIENTED_EDGE('',*,*,#1097,.T.);
#766=ORIENTED_EDGE('',*,*,#1104,.F.);
#767=ORIENTED_EDGE('',*,*,#1100,.T.);
#768=ORIENTED_EDGE('',*,*,#1099,.T.);
#769=ORIENTED_EDGE('',*,*,#1105,.F.);
#770=ORIENTED_EDGE('',*,*,#1106,.F.);
#771=ORIENTED_EDGE('',*,*,#1101,.T.);
#772=ORIENTED_EDGE('',*,*,#1107,.F.);
#773=ORIENTED_EDGE('',*,*,#1102,.T.);
#774=ORIENTED_EDGE('',*,*,#1043,.F.);
#775=ORIENTED_EDGE('',*,*,#1108,.F.);
#776=ORIENTED_EDGE('',*,*,#972,.F.);
#777=ORIENTED_EDGE('',*,*,#1103,.T.);
#778=ORIENTED_EDGE('',*,*,#975,.F.);
#779=ORIENTED_EDGE('',*,*,#1109,.F.);
#780=ORIENTED_EDGE('',*,*,#969,.F.);
#781=ORIENTED_EDGE('',*,*,#1104,.T.);
#782=ORIENTED_EDGE('',*,*,#970,.F.);
#783=ORIENTED_EDGE('',*,*,#1110,.F.);
#784=ORIENTED_EDGE('',*,*,#1032,.F.);
#785=ORIENTED_EDGE('',*,*,#1105,.T.);
#786=ORIENTED_EDGE('',*,*,#1024,.F.);
#787=ORIENTED_EDGE('',*,*,#1111,.F.);
#788=ORIENTED_EDGE('',*,*,#1000,.F.);
#789=ORIENTED_EDGE('',*,*,#1107,.T.);
#790=ORIENTED_EDGE('',*,*,#1001,.F.);
#791=ORIENTED_EDGE('',*,*,#1112,.F.);
#792=ORIENTED_EDGE('',*,*,#999,.F.);
#793=ORIENTED_EDGE('',*,*,#1106,.T.);
#794=ORIENTED_EDGE('',*,*,#998,.F.);
#795=ORIENTED_EDGE('',*,*,#1113,.F.);
#796=ORIENTED_EDGE('',*,*,#1037,.F.);
#797=ORIENTED_EDGE('',*,*,#1114,.F.);
#798=ORIENTED_EDGE('',*,*,#1108,.T.);
#799=ORIENTED_EDGE('',*,*,#1115,.F.);
#800=ORIENTED_EDGE('',*,*,#1110,.T.);
#801=ORIENTED_EDGE('',*,*,#1109,.T.);
#802=ORIENTED_EDGE('',*,*,#1116,.F.);
#803=ORIENTED_EDGE('',*,*,#1033,.T.);
#804=ORIENTED_EDGE('',*,*,#1112,.T.);
#805=ORIENTED_EDGE('',*,*,#1111,.T.);
#806=ORIENTED_EDGE('',*,*,#1117,.F.);
#807=ORIENTED_EDGE('',*,*,#1118,.F.);
#808=ORIENTED_EDGE('',*,*,#1113,.T.);
#809=ORIENTED_EDGE('',*,*,#1119,.F.);
#810=ORIENTED_EDGE('',*,*,#1115,.T.);
#811=ORIENTED_EDGE('',*,*,#1042,.F.);
#812=ORIENTED_EDGE('',*,*,#1120,.F.);
#813=ORIENTED_EDGE('',*,*,#976,.F.);
#814=ORIENTED_EDGE('',*,*,#1114,.T.);
#815=ORIENTED_EDGE('',*,*,#979,.F.);
#816=ORIENTED_EDGE('',*,*,#1121,.F.);
#817=ORIENTED_EDGE('',*,*,#973,.F.);
#818=ORIENTED_EDGE('',*,*,#1116,.T.);
#819=ORIENTED_EDGE('',*,*,#974,.F.);
#820=ORIENTED_EDGE('',*,*,#1122,.F.);
#821=ORIENTED_EDGE('',*,*,#1034,.F.);
#822=ORIENTED_EDGE('',*,*,#1117,.T.);
#823=ORIENTED_EDGE('',*,*,#1023,.F.);
#824=ORIENTED_EDGE('',*,*,#1123,.F.);
#825=ORIENTED_EDGE('',*,*,#996,.F.);
#826=ORIENTED_EDGE('',*,*,#1119,.T.);
#827=ORIENTED_EDGE('',*,*,#997,.F.);
#828=ORIENTED_EDGE('',*,*,#1124,.F.);
#829=ORIENTED_EDGE('',*,*,#995,.F.);
#830=ORIENTED_EDGE('',*,*,#1118,.T.);
#831=ORIENTED_EDGE('',*,*,#994,.F.);
#832=ORIENTED_EDGE('',*,*,#1125,.F.);
#833=ORIENTED_EDGE('',*,*,#1038,.F.);
#834=ORIENTED_EDGE('',*,*,#1126,.F.);
#835=ORIENTED_EDGE('',*,*,#1120,.T.);
#836=ORIENTED_EDGE('',*,*,#1127,.F.);
#837=ORIENTED_EDGE('',*,*,#1122,.T.);
#838=ORIENTED_EDGE('',*,*,#1121,.T.);
#839=ORIENTED_EDGE('',*,*,#1128,.F.);
#840=ORIENTED_EDGE('',*,*,#1124,.T.);
#841=ORIENTED_EDGE('',*,*,#1123,.T.);
#842=ORIENTED_EDGE('',*,*,#1129,.F.);
#843=ORIENTED_EDGE('',*,*,#1130,.F.);
#844=ORIENTED_EDGE('',*,*,#1125,.T.);
#845=ORIENTED_EDGE('',*,*,#1131,.F.);
#846=ORIENTED_EDGE('',*,*,#1127,.T.);
#847=ORIENTED_EDGE('',*,*,#1041,.F.);
#848=ORIENTED_EDGE('',*,*,#1132,.F.);
#849=ORIENTED_EDGE('',*,*,#980,.F.);
#850=ORIENTED_EDGE('',*,*,#1126,.T.);
#851=ORIENTED_EDGE('',*,*,#983,.F.);
#852=ORIENTED_EDGE('',*,*,#1133,.F.);
#853=ORIENTED_EDGE('',*,*,#977,.F.);
#854=ORIENTED_EDGE('',*,*,#1128,.T.);
#855=ORIENTED_EDGE('',*,*,#978,.F.);
#856=ORIENTED_EDGE('',*,*,#1134,.F.);
#857=ORIENTED_EDGE('',*,*,#1035,.F.);
#858=ORIENTED_EDGE('',*,*,#1129,.T.);
#859=ORIENTED_EDGE('',*,*,#1022,.F.);
#860=ORIENTED_EDGE('',*,*,#1135,.F.);
#861=ORIENTED_EDGE('',*,*,#992,.F.);
#862=ORIENTED_EDGE('',*,*,#1131,.T.);
#863=ORIENTED_EDGE('',*,*,#993,.F.);
#864=ORIENTED_EDGE('',*,*,#1136,.F.);
#865=ORIENTED_EDGE('',*,*,#991,.F.);
#866=ORIENTED_EDGE('',*,*,#1130,.T.);
#867=ORIENTED_EDGE('',*,*,#990,.F.);
#868=ORIENTED_EDGE('',*,*,#1137,.F.);
#869=ORIENTED_EDGE('',*,*,#1039,.F.);
#870=ORIENTED_EDGE('',*,*,#1138,.F.);
#871=ORIENTED_EDGE('',*,*,#1040,.F.);
#872=ORIENTED_EDGE('',*,*,#1139,.F.);
#873=ORIENTED_EDGE('',*,*,#986,.F.);
#874=ORIENTED_EDGE('',*,*,#1132,.T.);
#875=ORIENTED_EDGE('',*,*,#1138,.T.);
#876=ORIENTED_EDGE('',*,*,#1140,.F.);
#877=ORIENTED_EDGE('',*,*,#1134,.T.);
#878=ORIENTED_EDGE('',*,*,#1133,.T.);
#879=ORIENTED_EDGE('',*,*,#1141,.F.);
#880=ORIENTED_EDGE('',*,*,#1136,.T.);
#881=ORIENTED_EDGE('',*,*,#1135,.T.);
#882=ORIENTED_EDGE('',*,*,#1142,.F.);
#883=ORIENTED_EDGE('',*,*,#1139,.T.);
#884=ORIENTED_EDGE('',*,*,#1137,.T.);
#885=ORIENTED_EDGE('',*,*,#1143,.F.);
#886=ORIENTED_EDGE('',*,*,#1140,.T.);
#887=ORIENTED_EDGE('',*,*,#985,.F.);
#888=ORIENTED_EDGE('',*,*,#1144,.F.);
#889=ORIENTED_EDGE('',*,*,#981,.F.);
#890=ORIENTED_EDGE('',*,*,#1141,.T.);
#891=ORIENTED_EDGE('',*,*,#982,.F.);
#892=ORIENTED_EDGE('',*,*,#1145,.F.);
#893=ORIENTED_EDGE('',*,*,#1036,.F.);
#894=ORIENTED_EDGE('',*,*,#1142,.T.);
#895=ORIENTED_EDGE('',*,*,#1021,.F.);
#896=ORIENTED_EDGE('',*,*,#1146,.F.);
#897=ORIENTED_EDGE('',*,*,#988,.F.);
#898=ORIENTED_EDGE('',*,*,#1143,.T.);
#899=ORIENTED_EDGE('',*,*,#989,.F.);
#900=ORIENTED_EDGE('',*,*,#1147,.F.);
#901=ORIENTED_EDGE('',*,*,#987,.F.);
#902=ORIENTED_EDGE('',*,*,#1145,.T.);
#903=ORIENTED_EDGE('',*,*,#1144,.T.);
#904=ORIENTED_EDGE('',*,*,#1148,.F.);
#905=ORIENTED_EDGE('',*,*,#1147,.T.);
#906=ORIENTED_EDGE('',*,*,#1146,.T.);
#907=ORIENTED_EDGE('',*,*,#1149,.F.);
#908=ORIENTED_EDGE('',*,*,#1148,.T.);
#909=ORIENTED_EDGE('',*,*,#984,.F.);
#910=ORIENTED_EDGE('',*,*,#1149,.T.);
#911=ORIENTED_EDGE('',*,*,#1020,.F.);
#912=ORIENTED_EDGE('',*,*,#1150,.T.);
#913=ORIENTED_EDGE('',*,*,#1151,.F.);
#914=ORIENTED_EDGE('',*,*,#1152,.F.);
#915=ORIENTED_EDGE('',*,*,#1153,.T.);
#916=ORIENTED_EDGE('',*,*,#1151,.T.);
#917=ORIENTED_EDGE('',*,*,#1152,.T.);
#918=ORIENTED_EDGE('',*,*,#1153,.F.);
#919=ORIENTED_EDGE('',*,*,#1150,.F.);
#920=ORIENTED_EDGE('',*,*,#1154,.T.);
#921=ORIENTED_EDGE('',*,*,#1155,.F.);
#922=ORIENTED_EDGE('',*,*,#1156,.F.);
#923=ORIENTED_EDGE('',*,*,#1157,.T.);
#924=ORIENTED_EDGE('',*,*,#1157,.F.);
#925=ORIENTED_EDGE('',*,*,#1154,.F.);
#926=ORIENTED_EDGE('',*,*,#1155,.T.);
#927=ORIENTED_EDGE('',*,*,#1156,.T.);
#928=ORIENTED_EDGE('',*,*,#1158,.F.);
#929=ORIENTED_EDGE('',*,*,#1159,.T.);
#930=ORIENTED_EDGE('',*,*,#1160,.T.);
#931=ORIENTED_EDGE('',*,*,#1161,.F.);
#932=ORIENTED_EDGE('',*,*,#1161,.T.);
#933=ORIENTED_EDGE('',*,*,#1158,.T.);
#934=ORIENTED_EDGE('',*,*,#1159,.F.);
#935=ORIENTED_EDGE('',*,*,#1160,.F.);
#936=EDGE_CURVE('',#1162,#1162,#1292,.F.);
#937=EDGE_CURVE('',#1163,#1163,#1293,.F.);
#938=EDGE_CURVE('',#1164,#1164,#468,.T.);
#939=EDGE_CURVE('',#1165,#1165,#469,.T.);
#940=EDGE_CURVE('',#1166,#1166,#1294,.F.);
#941=EDGE_CURVE('',#1167,#1167,#1295,.F.);
#942=EDGE_CURVE('',#1168,#1168,#470,.T.);
#943=EDGE_CURVE('',#1169,#1169,#471,.T.);
#944=EDGE_CURVE('',#1170,#1170,#1296,.F.);
#945=EDGE_CURVE('',#1171,#1171,#1297,.F.);
#946=EDGE_CURVE('',#1172,#1172,#472,.T.);
#947=EDGE_CURVE('',#1173,#1173,#473,.T.);
#948=EDGE_CURVE('',#1174,#1174,#1298,.F.);
#949=EDGE_CURVE('',#1175,#1175,#1299,.F.);
#950=EDGE_CURVE('',#1176,#1176,#474,.T.);
#951=EDGE_CURVE('',#1177,#1177,#475,.T.);
#952=EDGE_CURVE('',#1178,#1178,#1300,.F.);
#953=EDGE_CURVE('',#1179,#1179,#1301,.F.);
#954=EDGE_CURVE('',#1180,#1180,#476,.T.);
#955=EDGE_CURVE('',#1181,#1181,#477,.T.);
#956=EDGE_CURVE('',#1182,#1183,#10,.T.);
#957=EDGE_CURVE('',#1183,#1184,#11,.T.);
#958=EDGE_CURVE('',#1184,#1185,#12,.T.);
#959=EDGE_CURVE('',#1185,#1182,#13,.T.);
#960=EDGE_CURVE('',#1186,#1187,#14,.T.);
#961=EDGE_CURVE('',#1187,#1188,#15,.T.);
#962=EDGE_CURVE('',#1188,#1189,#16,.T.);
#963=EDGE_CURVE('',#1189,#1186,#17,.T.);
#964=EDGE_CURVE('',#1190,#1191,#18,.T.);
#965=EDGE_CURVE('',#1191,#1192,#19,.T.);
#966=EDGE_CURVE('',#1192,#1193,#20,.T.);
#967=EDGE_CURVE('',#1193,#1190,#21,.T.);
#968=EDGE_CURVE('',#1194,#1195,#22,.T.);
#969=EDGE_CURVE('',#1195,#1196,#23,.T.);
#970=EDGE_CURVE('',#1196,#1197,#24,.T.);
#971=EDGE_CURVE('',#1197,#1194,#25,.T.);
#972=EDGE_CURVE('',#1198,#1199,#26,.T.);
#973=EDGE_CURVE('',#1199,#1200,#27,.T.);
#974=EDGE_CURVE('',#1200,#1201,#28,.T.);
#975=EDGE_CURVE('',#1201,#1198,#29,.T.);
#976=EDGE_CURVE('',#1202,#1203,#30,.T.);
#977=EDGE_CURVE('',#1203,#1204,#31,.T.);
#978=EDGE_CURVE('',#1204,#1205,#32,.T.);
#979=EDGE_CURVE('',#1205,#1202,#33,.T.);
#980=EDGE_CURVE('',#1206,#1207,#34,.T.);
#981=EDGE_CURVE('',#1207,#1208,#35,.T.);
#982=EDGE_CURVE('',#1208,#1209,#36,.T.);
#983=EDGE_CURVE('',#1209,#1206,#37,.T.);
#984=EDGE_CURVE('',#1210,#1211,#38,.T.);
#985=EDGE_CURVE('',#1211,#1212,#39,.T.);
#986=EDGE_CURVE('',#1212,#1213,#40,.T.);
#987=EDGE_CURVE('',#1213,#1210,#41,.T.);
#988=EDGE_CURVE('',#1214,#1215,#42,.T.);
#989=EDGE_CURVE('',#1215,#1216,#43,.T.);
#990=EDGE_CURVE('',#1216,#1217,#44,.T.);
#991=EDGE_CURVE('',#1217,#1214,#45,.T.);
#992=EDGE_CURVE('',#1218,#1219,#46,.T.);
#993=EDGE_CURVE('',#1219,#1220,#47,.T.);
#994=EDGE_CURVE('',#1220,#1221,#48,.T.);
#995=EDGE_CURVE('',#1221,#1218,#49,.T.);
#996=EDGE_CURVE('',#1222,#1223,#50,.T.);
#997=EDGE_CURVE('',#1223,#1224,#51,.T.);
#998=EDGE_CURVE('',#1224,#1225,#52,.T.);
#999=EDGE_CURVE('',#1225,#1222,#53,.T.);
#1000=EDGE_CURVE('',#1226,#1227,#54,.T.);
#1001=EDGE_CURVE('',#1227,#1228,#55,.T.);
#1002=EDGE_CURVE('',#1228,#1229,#56,.T.);
#1003=EDGE_CURVE('',#1229,#1226,#57,.T.);
#1004=EDGE_CURVE('',#1230,#1231,#58,.T.);
#1005=EDGE_CURVE('',#1231,#1232,#59,.T.);
#1006=EDGE_CURVE('',#1232,#1233,#60,.T.);
#1007=EDGE_CURVE('',#1233,#1230,#61,.T.);
#1008=EDGE_CURVE('',#1234,#1235,#62,.T.);
#1009=EDGE_CURVE('',#1235,#1236,#63,.T.);
#1010=EDGE_CURVE('',#1236,#1237,#64,.T.);
#1011=EDGE_CURVE('',#1237,#1234,#65,.T.);
#1012=EDGE_CURVE('',#1238,#1239,#66,.T.);
#1013=EDGE_CURVE('',#1239,#1240,#67,.T.);
#1014=EDGE_CURVE('',#1240,#1241,#68,.T.);
#1015=EDGE_CURVE('',#1241,#1238,#69,.T.);
#1016=EDGE_CURVE('',#1242,#1243,#70,.T.);
#1017=EDGE_CURVE('',#1243,#1244,#71,.T.);
#1018=EDGE_CURVE('',#1244,#1245,#72,.T.);
#1019=EDGE_CURVE('',#1245,#1242,#73,.T.);
#1020=EDGE_CURVE('',#1246,#1247,#74,.T.);
#1021=EDGE_CURVE('',#1247,#1248,#75,.T.);
#1022=EDGE_CURVE('',#1248,#1249,#76,.T.);
#1023=EDGE_CURVE('',#1249,#1250,#77,.T.);
#1024=EDGE_CURVE('',#1250,#1251,#78,.T.);
#1025=EDGE_CURVE('',#1251,#1252,#79,.T.);
#1026=EDGE_CURVE('',#1252,#1253,#80,.T.);
#1027=EDGE_CURVE('',#1253,#1254,#81,.T.);
#1028=EDGE_CURVE('',#1254,#1255,#82,.T.);
#1029=EDGE_CURVE('',#1255,#1256,#83,.T.);
#1030=EDGE_CURVE('',#1256,#1257,#84,.T.);
#1031=EDGE_CURVE('',#1257,#1258,#85,.T.);
#1032=EDGE_CURVE('',#1258,#1259,#86,.T.);
#1033=EDGE_CURVE('',#1260,#1259,#87,.T.);
#1034=EDGE_CURVE('',#1260,#1261,#88,.T.);
#1035=EDGE_CURVE('',#1261,#1262,#89,.T.);
#1036=EDGE_CURVE('',#1262,#1246,#90,.T.);
#1037=EDGE_CURVE('',#1263,#1264,#91,.T.);
#1038=EDGE_CURVE('',#1264,#1265,#92,.T.);
#1039=EDGE_CURVE('',#1265,#1266,#93,.T.);
#1040=EDGE_CURVE('',#1266,#1267,#94,.T.);
#1041=EDGE_CURVE('',#1267,#1268,#95,.T.);
#1042=EDGE_CURVE('',#1268,#1269,#96,.T.);
#1043=EDGE_CURVE('',#1269,#1270,#97,.T.);
#1044=EDGE_CURVE('',#1271,#1270,#98,.T.);
#1045=EDGE_CURVE('',#1271,#1272,#99,.T.);
#1046=EDGE_CURVE('',#1272,#1273,#100,.T.);
#1047=EDGE_CURVE('',#1273,#1274,#101,.T.);
#1048=EDGE_CURVE('',#1274,#1275,#102,.T.);
#1049=EDGE_CURVE('',#1275,#1276,#103,.T.);
#1050=EDGE_CURVE('',#1276,#1277,#104,.T.);
#1051=EDGE_CURVE('',#1277,#1278,#105,.T.);
#1052=EDGE_CURVE('',#1278,#1279,#106,.T.);
#1053=EDGE_CURVE('',#1279,#1263,#107,.T.);
#1054=EDGE_CURVE('',#1245,#1275,#108,.T.);
#1055=EDGE_CURVE('',#1276,#1244,#109,.T.);
#1056=EDGE_CURVE('',#1245,#1184,#110,.T.);
#1057=EDGE_CURVE('',#1184,#1275,#111,.F.);
#1058=EDGE_CURVE('',#1276,#1239,#112,.F.);
#1059=EDGE_CURVE('',#1239,#1244,#113,.T.);
#1060=EDGE_CURVE('',#1185,#1274,#114,.T.);
#1061=EDGE_CURVE('',#1242,#1183,#115,.F.);
#1062=EDGE_CURVE('',#1243,#1254,#116,.F.);
#1063=EDGE_CURVE('',#1255,#1242,#117,.F.);
#1064=EDGE_CURVE('',#1240,#1243,#118,.F.);
#1065=EDGE_CURVE('',#1277,#1238,#119,.T.);
#1066=EDGE_CURVE('',#1185,#1186,#120,.F.);
#1067=EDGE_CURVE('',#1186,#1274,#121,.T.);
#1068=EDGE_CURVE('',#1255,#1183,#122,.T.);
#1069=EDGE_CURVE('',#1240,#1254,#123,.T.);
#1070=EDGE_CURVE('',#1277,#1235,#124,.F.);
#1071=EDGE_CURVE('',#1235,#1238,#125,.T.);
#1072=EDGE_CURVE('',#1187,#1273,#126,.F.);
#1073=EDGE_CURVE('',#1182,#1189,#127,.T.);
#1074=EDGE_CURVE('',#1256,#1182,#128,.F.);
#1075=EDGE_CURVE('',#1241,#1253,#129,.F.);
#1076=EDGE_CURVE('',#1236,#1241,#130,.F.);
#1077=EDGE_CURVE('',#1278,#1234,#131,.T.);
#1078=EDGE_CURVE('',#1187,#1190,#132,.T.);
#1079=EDGE_CURVE('',#1190,#1273,#133,.T.);
#1080=EDGE_CURVE('',#1256,#1189,#134,.F.);
#1081=EDGE_CURVE('',#1236,#1253,#135,.T.);
#1082=EDGE_CURVE('',#1278,#1233,#136,.F.);
#1083=EDGE_CURVE('',#1233,#1234,#137,.T.);
#1084=EDGE_CURVE('',#1191,#1272,#138,.F.);
#1085=EDGE_CURVE('',#1188,#1193,#139,.F.);
#1086=EDGE_CURVE('',#1257,#1188,#140,.T.);
#1087=EDGE_CURVE('',#1237,#1252,#141,.F.);
#1088=EDGE_CURVE('',#1230,#1237,#142,.F.);
#1089=EDGE_CURVE('',#1279,#1232,#143,.T.);
#1090=EDGE_CURVE('',#1191,#1194,#144,.T.);
#1091=EDGE_CURVE('',#1194,#1272,#145,.T.);
#1092=EDGE_CURVE('',#1257,#1193,#146,.F.);
#1093=EDGE_CURVE('',#1230,#1252,#147,.T.);
#1094=EDGE_CURVE('',#1279,#1229,#148,.F.);
#1095=EDGE_CURVE('',#1229,#1232,#149,.T.);
#1096=EDGE_CURVE('',#1195,#1271,#150,.T.);
#1097=EDGE_CURVE('',#1192,#1197,#151,.F.);
#1098=EDGE_CURVE('',#1258,#1192,#152,.T.);
#1099=EDGE_CURVE('',#1231,#1251,#153,.F.);
#1100=EDGE_CURVE('',#1226,#1231,#154,.F.);
#1101=EDGE_CURVE('',#1263,#1228,#155,.T.);
#1102=EDGE_CURVE('',#1198,#1270,#156,.F.);
#1103=EDGE_CURVE('',#1195,#1198,#157,.F.);
#1104=EDGE_CURVE('',#1258,#1197,#158,.F.);
#1105=EDGE_CURVE('',#1226,#1251,#159,.T.);
#1106=EDGE_CURVE('',#1263,#1225,#160,.F.);
#1107=EDGE_CURVE('',#1225,#1228,#161,.T.);
#1108=EDGE_CURVE('',#1199,#1269,#162,.T.);
#1109=EDGE_CURVE('',#1196,#1201,#163,.T.);
#1110=EDGE_CURVE('',#1259,#1196,#164,.T.);
#1111=EDGE_CURVE('',#1227,#1250,#165,.F.);
#1112=EDGE_CURVE('',#1222,#1227,#166,.F.);
#1113=EDGE_CURVE('',#1264,#1224,#167,.T.);
#1114=EDGE_CURVE('',#1199,#1202,#168,.T.);
#1115=EDGE_CURVE('',#1202,#1269,#169,.F.);
#1116=EDGE_CURVE('',#1260,#1201,#170,.F.);
#1117=EDGE_CURVE('',#1222,#1250,#171,.T.);
#1118=EDGE_CURVE('',#1264,#1221,#172,.T.);
#1119=EDGE_CURVE('',#1221,#1224,#173,.F.);
#1120=EDGE_CURVE('',#1203,#1268,#174,.T.);
#1121=EDGE_CURVE('',#1200,#1205,#175,.F.);
#1122=EDGE_CURVE('',#1261,#1200,#176,.F.);
#1123=EDGE_CURVE('',#1223,#1249,#177,.F.);
#1124=EDGE_CURVE('',#1218,#1223,#178,.T.);
#1125=EDGE_CURVE('',#1265,#1220,#179,.F.);
#1126=EDGE_CURVE('',#1203,#1206,#180,.T.);
#1127=EDGE_CURVE('',#1206,#1268,#181,.F.);
#1128=EDGE_CURVE('',#1261,#1205,#182,.T.);
#1129=EDGE_CURVE('',#1218,#1249,#183,.F.);
#1130=EDGE_CURVE('',#1265,#1217,#184,.T.);
#1131=EDGE_CURVE('',#1217,#1220,#185,.T.);
#1132=EDGE_CURVE('',#1207,#1267,#186,.T.);
#1133=EDGE_CURVE('',#1204,#1209,#187,.F.);
#1134=EDGE_CURVE('',#1262,#1204,#188,.F.);
#1135=EDGE_CURVE('',#1219,#1248,#189,.T.);
#1136=EDGE_CURVE('',#1214,#1219,#190,.F.);
#1137=EDGE_CURVE('',#1266,#1216,#191,.F.);
#1138=EDGE_CURVE('',#1267,#1212,#192,.F.);
#1139=EDGE_CURVE('',#1213,#1266,#193,.F.);
#1140=EDGE_CURVE('',#1207,#1212,#194,.F.);
#1141=EDGE_CURVE('',#1262,#1209,#195,.T.);
#1142=EDGE_CURVE('',#1214,#1248,#196,.F.);
#1143=EDGE_CURVE('',#1213,#1216,#197,.T.);
#1144=EDGE_CURVE('',#1208,#1211,#198,.T.);
#1145=EDGE_CURVE('',#1246,#1208,#199,.F.);
#1146=EDGE_CURVE('',#1215,#1247,#200,.T.);
#1147=EDGE_CURVE('',#1210,#1215,#201,.F.);
#1148=EDGE_CURVE('',#1246,#1211,#202,.F.);
#1149=EDGE_CURVE('',#1210,#1247,#203,.F.);
#1150=EDGE_CURVE('',#1280,#1280,#1302,.F.);
#1151=EDGE_CURVE('',#1281,#1281,#1303,.F.);
#1152=EDGE_CURVE('',#1282,#1282,#478,.T.);
#1153=EDGE_CURVE('',#1283,#1283,#479,.T.);
#1154=EDGE_CURVE('',#1284,#1284,#1304,.F.);
#1155=EDGE_CURVE('',#1285,#1285,#1305,.F.);
#1156=EDGE_CURVE('',#1286,#1286,#480,.T.);
#1157=EDGE_CURVE('',#1287,#1287,#481,.T.);
#1158=EDGE_CURVE('',#1288,#1288,#1306,.F.);
#1159=EDGE_CURVE('',#1289,#1289,#1307,.F.);
#1160=EDGE_CURVE('',#1290,#1290,#482,.T.);
#1161=EDGE_CURVE('',#1291,#1291,#483,.T.);
#1162=VERTEX_POINT('',#2692);
#1163=VERTEX_POINT('',#2694);
#1164=VERTEX_POINT('',#2697);
#1165=VERTEX_POINT('',#2699);
#1166=VERTEX_POINT('',#2705);
#1167=VERTEX_POINT('',#2707);
#1168=VERTEX_POINT('',#2710);
#1169=VERTEX_POINT('',#2712);
#1170=VERTEX_POINT('',#2718);
#1171=VERTEX_POINT('',#2720);
#1172=VERTEX_POINT('',#2723);
#1173=VERTEX_POINT('',#2725);
#1174=VERTEX_POINT('',#2731);
#1175=VERTEX_POINT('',#2733);
#1176=VERTEX_POINT('',#2736);
#1177=VERTEX_POINT('',#2738);
#1178=VERTEX_POINT('',#2744);
#1179=VERTEX_POINT('',#2746);
#1180=VERTEX_POINT('',#2749);
#1181=VERTEX_POINT('',#2751);
#1182=VERTEX_POINT('',#2757);
#1183=VERTEX_POINT('',#2758);
#1184=VERTEX_POINT('',#2760);
#1185=VERTEX_POINT('',#2762);
#1186=VERTEX_POINT('',#2766);
#1187=VERTEX_POINT('',#2767);
#1188=VERTEX_POINT('',#2769);
#1189=VERTEX_POINT('',#2771);
#1190=VERTEX_POINT('',#2775);
#1191=VERTEX_POINT('',#2776);
#1192=VERTEX_POINT('',#2778);
#1193=VERTEX_POINT('',#2780);
#1194=VERTEX_POINT('',#2784);
#1195=VERTEX_POINT('',#2785);
#1196=VERTEX_POINT('',#2787);
#1197=VERTEX_POINT('',#2789);
#1198=VERTEX_POINT('',#2793);
#1199=VERTEX_POINT('',#2794);
#1200=VERTEX_POINT('',#2796);
#1201=VERTEX_POINT('',#2798);
#1202=VERTEX_POINT('',#2802);
#1203=VERTEX_POINT('',#2803);
#1204=VERTEX_POINT('',#2805);
#1205=VERTEX_POINT('',#2807);
#1206=VERTEX_POINT('',#2811);
#1207=VERTEX_POINT('',#2812);
#1208=VERTEX_POINT('',#2814);
#1209=VERTEX_POINT('',#2816);
#1210=VERTEX_POINT('',#2820);
#1211=VERTEX_POINT('',#2821);
#1212=VERTEX_POINT('',#2823);
#1213=VERTEX_POINT('',#2825);
#1214=VERTEX_POINT('',#2829);
#1215=VERTEX_POINT('',#2830);
#1216=VERTEX_POINT('',#2832);
#1217=VERTEX_POINT('',#2834);
#1218=VERTEX_POINT('',#2838);
#1219=VERTEX_POINT('',#2839);
#1220=VERTEX_POINT('',#2841);
#1221=VERTEX_POINT('',#2843);
#1222=VERTEX_POINT('',#2847);
#1223=VERTEX_POINT('',#2848);
#1224=VERTEX_POINT('',#2850);
#1225=VERTEX_POINT('',#2852);
#1226=VERTEX_POINT('',#2856);
#1227=VERTEX_POINT('',#2857);
#1228=VERTEX_POINT('',#2859);
#1229=VERTEX_POINT('',#2861);
#1230=VERTEX_POINT('',#2865);
#1231=VERTEX_POINT('',#2866);
#1232=VERTEX_POINT('',#2868);
#1233=VERTEX_POINT('',#2870);
#1234=VERTEX_POINT('',#2874);
#1235=VERTEX_POINT('',#2875);
#1236=VERTEX_POINT('',#2877);
#1237=VERTEX_POINT('',#2879);
#1238=VERTEX_POINT('',#2883);
#1239=VERTEX_POINT('',#2884);
#1240=VERTEX_POINT('',#2886);
#1241=VERTEX_POINT('',#2888);
#1242=VERTEX_POINT('',#2892);
#1243=VERTEX_POINT('',#2893);
#1244=VERTEX_POINT('',#2895);
#1245=VERTEX_POINT('',#2897);
#1246=VERTEX_POINT('',#2901);
#1247=VERTEX_POINT('',#2902);
#1248=VERTEX_POINT('',#2904);
#1249=VERTEX_POINT('',#2906);
#1250=VERTEX_POINT('',#2908);
#1251=VERTEX_POINT('',#2910);
#1252=VERTEX_POINT('',#2912);
#1253=VERTEX_POINT('',#2914);
#1254=VERTEX_POINT('',#2916);
#1255=VERTEX_POINT('',#2918);
#1256=VERTEX_POINT('',#2920);
#1257=VERTEX_POINT('',#2922);
#1258=VERTEX_POINT('',#2924);
#1259=VERTEX_POINT('',#2926);
#1260=VERTEX_POINT('',#2928);
#1261=VERTEX_POINT('',#2930);
#1262=VERTEX_POINT('',#2932);
#1263=VERTEX_POINT('',#2936);
#1264=VERTEX_POINT('',#2937);
#1265=VERTEX_POINT('',#2939);
#1266=VERTEX_POINT('',#2941);
#1267=VERTEX_POINT('',#2943);
#1268=VERTEX_POINT('',#2945);
#1269=VERTEX_POINT('',#2947);
#1270=VERTEX_POINT('',#2949);
#1271=VERTEX_POINT('',#2951);
#1272=VERTEX_POINT('',#2953);
#1273=VERTEX_POINT('',#2955);
#1274=VERTEX_POINT('',#2957);
#1275=VERTEX_POINT('',#2959);
#1276=VERTEX_POINT('',#2961);
#1277=VERTEX_POINT('',#2963);
#1278=VERTEX_POINT('',#2965);
#1279=VERTEX_POINT('',#2967);
#1280=VERTEX_POINT('',#3148);
#1281=VERTEX_POINT('',#3150);
#1282=VERTEX_POINT('',#3153);
#1283=VERTEX_POINT('',#3155);
#1284=VERTEX_POINT('',#3161);
#1285=VERTEX_POINT('',#3163);
#1286=VERTEX_POINT('',#3166);
#1287=VERTEX_POINT('',#3168);
#1288=VERTEX_POINT('',#3174);
#1289=VERTEX_POINT('',#3176);
#1290=VERTEX_POINT('',#3179);
#1291=VERTEX_POINT('',#3181);
#1292=ELLIPSE('',#1981,0.0156232449035058,0.015);
#1293=ELLIPSE('',#1982,0.0135401455830383,0.013);
#1294=ELLIPSE('',#1990,0.0156232449035058,0.015);
#1295=ELLIPSE('',#1991,0.0135401455830383,0.013);
#1296=ELLIPSE('',#1999,0.0303671474933684,0.015);
#1297=ELLIPSE('',#2000,0.0263181944942526,0.013);
#1298=ELLIPSE('',#2008,0.0303671474933684,0.015);
#1299=ELLIPSE('',#2009,0.0263181944942526,0.013);
#1300=ELLIPSE('',#2017,0.0303671474933684,0.015);
#1301=ELLIPSE('',#2018,0.0263181944942526,0.013);
#1302=ELLIPSE('',#2125,0.0303671474933684,0.015);
#1303=ELLIPSE('',#2126,0.0263181944942526,0.013);
#1304=ELLIPSE('',#2134,0.0156232449035058,0.015);
#1305=ELLIPSE('',#2135,0.0135401455830383,0.013);
#1306=ELLIPSE('',#2143,0.0156232449035058,0.015);
#1307=ELLIPSE('',#2144,0.0135401455830383,0.013);
#1308=EDGE_LOOP('',(#484));
#1309=EDGE_LOOP('',(#485));
#1310=EDGE_LOOP('',(#486));
#1311=EDGE_LOOP('',(#487));
#1312=EDGE_LOOP('',(#488));
#1313=EDGE_LOOP('',(#489));
#1314=EDGE_LOOP('',(#490));
#1315=EDGE_LOOP('',(#491));
#1316=EDGE_LOOP('',(#492));
#1317=EDGE_LOOP('',(#493));
#1318=EDGE_LOOP('',(#494));
#1319=EDGE_LOOP('',(#495));
#1320=EDGE_LOOP('',(#496));
#1321=EDGE_LOOP('',(#497));
#1322=EDGE_LOOP('',(#498));
#1323=EDGE_LOOP('',(#499));
#1324=EDGE_LOOP('',(#500));
#1325=EDGE_LOOP('',(#501));
#1326=EDGE_LOOP('',(#502));
#1327=EDGE_LOOP('',(#503));
#1328=EDGE_LOOP('',(#504));
#1329=EDGE_LOOP('',(#505));
#1330=EDGE_LOOP('',(#506));
#1331=EDGE_LOOP('',(#507));
#1332=EDGE_LOOP('',(#508));
#1333=EDGE_LOOP('',(#509));
#1334=EDGE_LOOP('',(#510));
#1335=EDGE_LOOP('',(#511));
#1336=EDGE_LOOP('',(#512));
#1337=EDGE_LOOP('',(#513));
#1338=EDGE_LOOP('',(#514));
#1339=EDGE_LOOP('',(#515));
#1340=EDGE_LOOP('',(#516));
#1341=EDGE_LOOP('',(#517));
#1342=EDGE_LOOP('',(#518));
#1343=EDGE_LOOP('',(#519));
#1344=EDGE_LOOP('',(#520));
#1345=EDGE_LOOP('',(#521));
#1346=EDGE_LOOP('',(#522));
#1347=EDGE_LOOP('',(#523));
#1348=EDGE_LOOP('',(#524,#525,#526,#527));
#1349=EDGE_LOOP('',(#528,#529,#530,#531));
#1350=EDGE_LOOP('',(#532,#533,#534,#535));
#1351=EDGE_LOOP('',(#536,#537,#538,#539));
#1352=EDGE_LOOP('',(#540,#541,#542,#543));
#1353=EDGE_LOOP('',(#544,#545,#546,#547));
#1354=EDGE_LOOP('',(#548,#549,#550,#551));
#1355=EDGE_LOOP('',(#552,#553,#554,#555));
#1356=EDGE_LOOP('',(#556,#557,#558,#559));
#1357=EDGE_LOOP('',(#560,#561,#562,#563));
#1358=EDGE_LOOP('',(#564,#565,#566,#567));
#1359=EDGE_LOOP('',(#568,#569,#570,#571));
#1360=EDGE_LOOP('',(#572,#573,#574,#575));
#1361=EDGE_LOOP('',(#576,#577,#578,#579));
#1362=EDGE_LOOP('',(#580,#581,#582,#583));
#1363=EDGE_LOOP('',(#584,#585,#586,#587));
#1364=EDGE_LOOP('',(#588,#589,#590,#591,#592,#593,#594,#595,#596,#597,#598,
#599,#600,#601,#602,#603,#604));
#1365=EDGE_LOOP('',(#605,#606,#607,#608,#609,#610,#611,#612,#613,#614,#615,
#616,#617,#618,#619,#620,#621));
#1366=EDGE_LOOP('',(#622,#623,#624,#625));
#1367=EDGE_LOOP('',(#626,#627,#628));
#1368=EDGE_LOOP('',(#629,#630,#631));
#1369=EDGE_LOOP('',(#632,#633,#634,#635));
#1370=EDGE_LOOP('',(#636,#637,#638,#639));
#1371=EDGE_LOOP('',(#640,#641,#642,#643));
#1372=EDGE_LOOP('',(#644,#645,#646,#647));
#1373=EDGE_LOOP('',(#648,#649,#650,#651));
#1374=EDGE_LOOP('',(#652,#653,#654));
#1375=EDGE_LOOP('',(#655,#656,#657));
#1376=EDGE_LOOP('',(#658,#659,#660));
#1377=EDGE_LOOP('',(#661,#662,#663));
#1378=EDGE_LOOP('',(#664,#665,#666,#667));
#1379=EDGE_LOOP('',(#668,#669,#670,#671));
#1380=EDGE_LOOP('',(#672,#673,#674,#675));
#1381=EDGE_LOOP('',(#676,#677,#678,#679));
#1382=EDGE_LOOP('',(#680,#681,#682,#683));
#1383=EDGE_LOOP('',(#684,#685,#686,#687));
#1384=EDGE_LOOP('',(#688,#689,#690));
#1385=EDGE_LOOP('',(#691,#692,#693));
#1386=EDGE_LOOP('',(#694,#695,#696));
#1387=EDGE_LOOP('',(#697,#698,#699));
#1388=EDGE_LOOP('',(#700,#701,#702,#703));
#1389=EDGE_LOOP('',(#704,#705,#706,#707));
#1390=EDGE_LOOP('',(#708,#709,#710,#711));
#1391=EDGE_LOOP('',(#712,#713,#714,#715));
#1392=EDGE_LOOP('',(#716,#717,#718,#719));
#1393=EDGE_LOOP('',(#720,#721,#722,#723));
#1394=EDGE_LOOP('',(#724,#725,#726));
#1395=EDGE_LOOP('',(#727,#728,#729));
#1396=EDGE_LOOP('',(#730,#731,#732));
#1397=EDGE_LOOP('',(#733,#734,#735));
#1398=EDGE_LOOP('',(#736,#737,#738,#739));
#1399=EDGE_LOOP('',(#740,#741,#742,#743));
#1400=EDGE_LOOP('',(#744,#745,#746,#747));
#1401=EDGE_LOOP('',(#748,#749,#750,#751));
#1402=EDGE_LOOP('',(#752,#753,#754,#755));
#1403=EDGE_LOOP('',(#756,#757,#758,#759));
#1404=EDGE_LOOP('',(#760,#761,#762,#763));
#1405=EDGE_LOOP('',(#764,#765,#766));
#1406=EDGE_LOOP('',(#767,#768,#769));
#1407=EDGE_LOOP('',(#770,#771,#772));
#1408=EDGE_LOOP('',(#773,#774,#775,#776));
#1409=EDGE_LOOP('',(#777,#778,#779,#780));
#1410=EDGE_LOOP('',(#781,#782,#783,#784));
#1411=EDGE_LOOP('',(#785,#786,#787,#788));
#1412=EDGE_LOOP('',(#789,#790,#791,#792));
#1413=EDGE_LOOP('',(#793,#794,#795,#796));
#1414=EDGE_LOOP('',(#797,#798,#799));
#1415=EDGE_LOOP('',(#800,#801,#802,#803));
#1416=EDGE_LOOP('',(#804,#805,#806));
#1417=EDGE_LOOP('',(#807,#808,#809));
#1418=EDGE_LOOP('',(#810,#811,#812,#813));
#1419=EDGE_LOOP('',(#814,#815,#816,#817));
#1420=EDGE_LOOP('',(#818,#819,#820,#821));
#1421=EDGE_LOOP('',(#822,#823,#824,#825));
#1422=EDGE_LOOP('',(#826,#827,#828,#829));
#1423=EDGE_LOOP('',(#830,#831,#832,#833));
#1424=EDGE_LOOP('',(#834,#835,#836));
#1425=EDGE_LOOP('',(#837,#838,#839));
#1426=EDGE_LOOP('',(#840,#841,#842));
#1427=EDGE_LOOP('',(#843,#844,#845));
#1428=EDGE_LOOP('',(#846,#847,#848,#849));
#1429=EDGE_LOOP('',(#850,#851,#852,#853));
#1430=EDGE_LOOP('',(#854,#855,#856,#857));
#1431=EDGE_LOOP('',(#858,#859,#860,#861));
#1432=EDGE_LOOP('',(#862,#863,#864,#865));
#1433=EDGE_LOOP('',(#866,#867,#868,#869));
#1434=EDGE_LOOP('',(#870,#871,#872,#873));
#1435=EDGE_LOOP('',(#874,#875,#876));
#1436=EDGE_LOOP('',(#877,#878,#879));
#1437=EDGE_LOOP('',(#880,#881,#882));
#1438=EDGE_LOOP('',(#883,#884,#885));
#1439=EDGE_LOOP('',(#886,#887,#888,#889));
#1440=EDGE_LOOP('',(#890,#891,#892,#893));
#1441=EDGE_LOOP('',(#894,#895,#896,#897));
#1442=EDGE_LOOP('',(#898,#899,#900,#901));
#1443=EDGE_LOOP('',(#902,#903,#904));
#1444=EDGE_LOOP('',(#905,#906,#907));
#1445=EDGE_LOOP('',(#908,#909,#910,#911));
#1446=EDGE_LOOP('',(#912));
#1447=EDGE_LOOP('',(#913));
#1448=EDGE_LOOP('',(#914));
#1449=EDGE_LOOP('',(#915));
#1450=EDGE_LOOP('',(#916));
#1451=EDGE_LOOP('',(#917));
#1452=EDGE_LOOP('',(#918));
#1453=EDGE_LOOP('',(#919));
#1454=EDGE_LOOP('',(#920));
#1455=EDGE_LOOP('',(#921));
#1456=EDGE_LOOP('',(#922));
#1457=EDGE_LOOP('',(#923));
#1458=EDGE_LOOP('',(#924));
#1459=EDGE_LOOP('',(#925));
#1460=EDGE_LOOP('',(#926));
#1461=EDGE_LOOP('',(#927));
#1462=EDGE_LOOP('',(#928));
#1463=EDGE_LOOP('',(#929));
#1464=EDGE_LOOP('',(#930));
#1465=EDGE_LOOP('',(#931));
#1466=EDGE_LOOP('',(#932));
#1467=EDGE_LOOP('',(#933));
#1468=EDGE_LOOP('',(#934));
#1469=EDGE_LOOP('',(#935));
#1470=FACE_BOUND('',#1308,.T.);
#1471=FACE_BOUND('',#1309,.T.);
#1472=FACE_BOUND('',#1310,.T.);
#1473=FACE_BOUND('',#1311,.T.);
#1474=FACE_BOUND('',#1312,.T.);
#1475=FACE_BOUND('',#1313,.T.);
#1476=FACE_BOUND('',#1314,.T.);
#1477=FACE_BOUND('',#1315,.T.);
#1478=FACE_BOUND('',#1316,.T.);
#1479=FACE_BOUND('',#1317,.T.);
#1480=FACE_BOUND('',#1318,.T.);
#1481=FACE_BOUND('',#1319,.T.);
#1482=FACE_BOUND('',#1320,.T.);
#1483=FACE_BOUND('',#1321,.T.);
#1484=FACE_BOUND('',#1322,.T.);
#1485=FACE_BOUND('',#1323,.T.);
#1486=FACE_BOUND('',#1324,.T.);
#1487=FACE_BOUND('',#1325,.T.);
#1488=FACE_BOUND('',#1326,.T.);
#1489=FACE_BOUND('',#1327,.T.);
#1490=FACE_BOUND('',#1328,.T.);
#1491=FACE_BOUND('',#1329,.T.);
#1492=FACE_BOUND('',#1330,.T.);
#1493=FACE_BOUND('',#1331,.T.);
#1494=FACE_BOUND('',#1332,.T.);
#1495=FACE_BOUND('',#1333,.T.);
#1496=FACE_BOUND('',#1334,.T.);
#1497=FACE_BOUND('',#1335,.T.);
#1498=FACE_BOUND('',#1336,.T.);
#1499=FACE_BOUND('',#1337,.T.);
#1500=FACE_BOUND('',#1338,.T.);
#1501=FACE_BOUND('',#1339,.T.);
#1502=FACE_BOUND('',#1340,.T.);
#1503=FACE_BOUND('',#1341,.T.);
#1504=FACE_BOUND('',#1342,.T.);
#1505=FACE_BOUND('',#1343,.T.);
#1506=FACE_BOUND('',#1344,.T.);
#1507=FACE_BOUND('',#1345,.T.);
#1508=FACE_BOUND('',#1346,.T.);
#1509=FACE_BOUND('',#1347,.T.);
#1510=FACE_BOUND('',#1348,.T.);
#1511=FACE_BOUND('',#1349,.T.);
#1512=FACE_BOUND('',#1350,.T.);
#1513=FACE_BOUND('',#1351,.T.);
#1514=FACE_BOUND('',#1352,.T.);
#1515=FACE_BOUND('',#1353,.T.);
#1516=FACE_BOUND('',#1354,.T.);
#1517=FACE_BOUND('',#1355,.T.);
#1518=FACE_BOUND('',#1356,.T.);
#1519=FACE_BOUND('',#1357,.T.);
#1520=FACE_BOUND('',#1358,.T.);
#1521=FACE_BOUND('',#1359,.T.);
#1522=FACE_BOUND('',#1360,.T.);
#1523=FACE_BOUND('',#1361,.T.);
#1524=FACE_BOUND('',#1362,.T.);
#1525=FACE_BOUND('',#1363,.T.);
#1526=FACE_BOUND('',#1364,.T.);
#1527=FACE_BOUND('',#1365,.T.);
#1528=FACE_BOUND('',#1366,.T.);
#1529=FACE_BOUND('',#1367,.T.);
#1530=FACE_BOUND('',#1368,.T.);
#1531=FACE_BOUND('',#1369,.T.);
#1532=FACE_BOUND('',#1370,.T.);
#1533=FACE_BOUND('',#1371,.T.);
#1534=FACE_BOUND('',#1372,.T.);
#1535=FACE_BOUND('',#1373,.T.);
#1536=FACE_BOUND('',#1374,.T.);
#1537=FACE_BOUND('',#1375,.T.);
#1538=FACE_BOUND('',#1376,.T.);
#1539=FACE_BOUND('',#1377,.T.);
#1540=FACE_BOUND('',#1378,.T.);
#1541=FACE_BOUND('',#1379,.T.);
#1542=FACE_BOUND('',#1380,.T.);
#1543=FACE_BOUND('',#1381,.T.);
#1544=FACE_BOUND('',#1382,.T.);
#1545=FACE_BOUND('',#1383,.T.);
#1546=FACE_BOUND('',#1384,.T.);
#1547=FACE_BOUND('',#1385,.T.);
#1548=FACE_BOUND('',#1386,.T.);
#1549=FACE_BOUND('',#1387,.T.);
#1550=FACE_BOUND('',#1388,.T.);
#1551=FACE_BOUND('',#1389,.T.);
#1552=FACE_BOUND('',#1390,.T.);
#1553=FACE_BOUND('',#1391,.T.);
#1554=FACE_BOUND('',#1392,.T.);
#1555=FACE_BOUND('',#1393,.T.);
#1556=FACE_BOUND('',#1394,.T.);
#1557=FACE_BOUND('',#1395,.T.);
#1558=FACE_BOUND('',#1396,.T.);
#1559=FACE_BOUND('',#1397,.T.);
#1560=FACE_BOUND('',#1398,.T.);
#1561=FACE_BOUND('',#1399,.T.);
#1562=FACE_BOUND('',#1400,.T.);
#1563=FACE_BOUND('',#1401,.T.);
#1564=FACE_BOUND('',#1402,.T.);
#1565=FACE_BOUND('',#1403,.T.);
#1566=FACE_BOUND('',#1404,.T.);
#1567=FACE_BOUND('',#1405,.T.);
#1568=FACE_BOUND('',#1406,.T.);
#1569=FACE_BOUND('',#1407,.T.);
#1570=FACE_BOUND('',#1408,.T.);
#1571=FACE_BOUND('',#1409,.T.);
#1572=FACE_BOUND('',#1410,.T.);
#1573=FACE_BOUND('',#1411,.T.);
#1574=FACE_BOUND('',#1412,.T.);
#1575=FACE_BOUND('',#1413,.T.);
#1576=FACE_BOUND('',#1414,.T.);
#1577=FACE_BOUND('',#1415,.T.);
#1578=FACE_BOUND('',#1416,.T.);
#1579=FACE_BOUND('',#1417,.T.);
#1580=FACE_BOUND('',#1418,.T.);
#1581=FACE_BOUND('',#1419,.T.);
#1582=FACE_BOUND('',#1420,.T.);
#1583=FACE_BOUND('',#1421,.T.);
#1584=FACE_BOUND('',#1422,.T.);
#1585=FACE_BOUND('',#1423,.T.);
#1586=FACE_BOUND('',#1424,.T.);
#1587=FACE_BOUND('',#1425,.T.);
#1588=FACE_BOUND('',#1426,.T.);
#1589=FACE_BOUND('',#1427,.T.);
#1590=FACE_BOUND('',#1428,.T.);
#1591=FACE_BOUND('',#1429,.T.);
#1592=FACE_BOUND('',#1430,.T.);
#1593=FACE_BOUND('',#1431,.T.);
#1594=FACE_BOUND('',#1432,.T.);
#1595=FACE_BOUND('',#1433,.T.);
#1596=FACE_BOUND('',#1434,.T.);
#1597=FACE_BOUND('',#1435,.T.);
#1598=FACE_BOUND('',#1436,.T.);
#1599=FACE_BOUND('',#1437,.T.);
#1600=FACE_BOUND('',#1438,.T.);
#1601=FACE_BOUND('',#1439,.T.);
#1602=FACE_BOUND('',#1440,.T.);
#1603=FACE_BOUND('',#1441,.T.);
#1604=FACE_BOUND('',#1442,.T.);
#1605=FACE_BOUND('',#1443,.T.);
#1606=FACE_BOUND('',#1444,.T.);
#1607=FACE_BOUND('',#1445,.T.);
#1608=FACE_BOUND('',#1446,.T.);
#1609=FACE_BOUND('',#1447,.T.);
#1610=FACE_BOUND('',#1448,.T.);
#1611=FACE_BOUND('',#1449,.T.);
#1612=FACE_BOUND('',#1450,.T.);
#1613=FACE_BOUND('',#1451,.T.);
#1614=FACE_BOUND('',#1452,.T.);
#1615=FACE_BOUND('',#1453,.T.);
#1616=FACE_BOUND('',#1454,.T.);
#1617=FACE_BOUND('',#1455,.T.);
#1618=FACE_BOUND('',#1456,.T.);
#1619=FACE_BOUND('',#1457,.T.);
#1620=FACE_BOUND('',#1458,.T.);
#1621=FACE_BOUND('',#1459,.T.);
#1622=FACE_BOUND('',#1460,.T.);
#1623=FACE_BOUND('',#1461,.T.);
#1624=FACE_BOUND('',#1462,.T.);
#1625=FACE_BOUND('',#1463,.T.);
#1626=FACE_BOUND('',#1464,.T.);
#1627=FACE_BOUND('',#1465,.T.);
#1628=FACE_BOUND('',#1466,.T.);
#1629=FACE_BOUND('',#1467,.T.);
#1630=FACE_BOUND('',#1468,.T.);
#1631=FACE_BOUND('',#1469,.T.);
#1632=PLANE('',#1980);
#1633=PLANE('',#1983);
#1634=PLANE('',#1989);
#1635=PLANE('',#1992);
#1636=PLANE('',#1998);
#1637=PLANE('',#2001);
#1638=PLANE('',#2007);
#1639=PLANE('',#2010);
#1640=PLANE('',#2016);
#1641=PLANE('',#2019);
#1642=PLANE('',#2025);
#1643=PLANE('',#2026);
#1644=PLANE('',#2027);
#1645=PLANE('',#2028);
#1646=PLANE('',#2029);
#1647=PLANE('',#2030);
#1648=PLANE('',#2031);
#1649=PLANE('',#2032);
#1650=PLANE('',#2033);
#1651=PLANE('',#2034);
#1652=PLANE('',#2035);
#1653=PLANE('',#2036);
#1654=PLANE('',#2037);
#1655=PLANE('',#2038);
#1656=PLANE('',#2039);
#1657=PLANE('',#2040);
#1658=PLANE('',#2041);
#1659=PLANE('',#2042);
#1660=PLANE('',#2043);
#1661=PLANE('',#2044);
#1662=PLANE('',#2045);
#1663=PLANE('',#2046);
#1664=PLANE('',#2047);
#1665=PLANE('',#2048);
#1666=PLANE('',#2049);
#1667=PLANE('',#2050);
#1668=PLANE('',#2051);
#1669=PLANE('',#2052);
#1670=PLANE('',#2053);
#1671=PLANE('',#2054);
#1672=PLANE('',#2055);
#1673=PLANE('',#2056);
#1674=PLANE('',#2057);
#1675=PLANE('',#2058);
#1676=PLANE('',#2059);
#1677=PLANE('',#2060);
#1678=PLANE('',#2061);
#1679=PLANE('',#2062);
#1680=PLANE('',#2063);
#1681=PLANE('',#2064);
#1682=PLANE('',#2065);
#1683=PLANE('',#2066);
#1684=PLANE('',#2067);
#1685=PLANE('',#2068);
#1686=PLANE('',#2069);
#1687=PLANE('',#2070);
#1688=PLANE('',#2071);
#1689=PLANE('',#2072);
#1690=PLANE('',#2073);
#1691=PLANE('',#2074);
#1692=PLANE('',#2075);
#1693=PLANE('',#2076);
#1694=PLANE('',#2077);
#1695=PLANE('',#2078);
#1696=PLANE('',#2079);
#1697=PLANE('',#2080);
#1698=PLANE('',#2081);
#1699=PLANE('',#2082);
#1700=PLANE('',#2083);
#1701=PLANE('',#2084);
#1702=PLANE('',#2085);
#1703=PLANE('',#2086);
#1704=PLANE('',#2087);
#1705=PLANE('',#2088);
#1706=PLANE('',#2089);
#1707=PLANE('',#2090);
#1708=PLANE('',#2091);
#1709=PLANE('',#2092);
#1710=PLANE('',#2093);
#1711=PLANE('',#2094);
#1712=PLANE('',#2095);
#1713=PLANE('',#2096);
#1714=PLANE('',#2097);
#1715=PLANE('',#2098);
#1716=PLANE('',#2099);
#1717=PLANE('',#2100);
#1718=PLANE('',#2101);
#1719=PLANE('',#2102);
#1720=PLANE('',#2103);
#1721=PLANE('',#2104);
#1722=PLANE('',#2105);
#1723=PLANE('',#2106);
#1724=PLANE('',#2107);
#1725=PLANE('',#2108);
#1726=PLANE('',#2109);
#1727=PLANE('',#2110);
#1728=PLANE('',#2111);
#1729=PLANE('',#2112);
#1730=PLANE('',#2113);
#1731=PLANE('',#2114);
#1732=PLANE('',#2115);
#1733=PLANE('',#2116);
#1734=PLANE('',#2117);
#1735=PLANE('',#2118);
#1736=PLANE('',#2119);
#1737=PLANE('',#2120);
#1738=PLANE('',#2121);
#1739=PLANE('',#2122);
#1740=PLANE('',#2124);
#1741=PLANE('',#2127);
#1742=PLANE('',#2133);
#1743=PLANE('',#2136);
#1744=PLANE('',#2142);
#1745=PLANE('',#2145);
#1746=ADVANCED_FACE('',(#1470,#1471),#1632,.F.);
#1747=ADVANCED_FACE('',(#1472,#1473),#1633,.F.);
#1748=ADVANCED_FACE('',(#1474,#1475),#452,.T.);
#1749=ADVANCED_FACE('',(#1476,#1477),#453,.F.);
#1750=ADVANCED_FACE('',(#1478,#1479),#1634,.F.);
#1751=ADVANCED_FACE('',(#1480,#1481),#1635,.F.);
#1752=ADVANCED_FACE('',(#1482,#1483),#454,.T.);
#1753=ADVANCED_FACE('',(#1484,#1485),#455,.F.);
#1754=ADVANCED_FACE('',(#1486,#1487),#1636,.F.);
#1755=ADVANCED_FACE('',(#1488,#1489),#1637,.F.);
#1756=ADVANCED_FACE('',(#1490,#1491),#456,.F.);
#1757=ADVANCED_FACE('',(#1492,#1493),#457,.T.);
#1758=ADVANCED_FACE('',(#1494,#1495),#1638,.F.);
#1759=ADVANCED_FACE('',(#1496,#1497),#1639,.F.);
#1760=ADVANCED_FACE('',(#1498,#1499),#458,.F.);
#1761=ADVANCED_FACE('',(#1500,#1501),#459,.T.);
#1762=ADVANCED_FACE('',(#1502,#1503),#1640,.F.);
#1763=ADVANCED_FACE('',(#1504,#1505),#1641,.F.);
#1764=ADVANCED_FACE('',(#1506,#1507),#460,.F.);
#1765=ADVANCED_FACE('',(#1508,#1509),#461,.T.);
#1766=ADVANCED_FACE('',(#1510),#1642,.T.);
#1767=ADVANCED_FACE('',(#1511),#1643,.F.);
#1768=ADVANCED_FACE('',(#1512),#1644,.F.);
#1769=ADVANCED_FACE('',(#1513),#1645,.F.);
#1770=ADVANCED_FACE('',(#1514),#1646,.T.);
#1771=ADVANCED_FACE('',(#1515),#1647,.T.);
#1772=ADVANCED_FACE('',(#1516),#1648,.T.);
#1773=ADVANCED_FACE('',(#1517),#1649,.F.);
#1774=ADVANCED_FACE('',(#1518),#1650,.F.);
#1775=ADVANCED_FACE('',(#1519),#1651,.F.);
#1776=ADVANCED_FACE('',(#1520),#1652,.T.);
#1777=ADVANCED_FACE('',(#1521),#1653,.T.);
#1778=ADVANCED_FACE('',(#1522),#1654,.T.);
#1779=ADVANCED_FACE('',(#1523),#1655,.T.);
#1780=ADVANCED_FACE('',(#1524),#1656,.T.);
#1781=ADVANCED_FACE('',(#1525),#1657,.T.);
#1782=ADVANCED_FACE('',(#1526),#1658,.T.);
#1783=ADVANCED_FACE('',(#1527),#1659,.F.);
#1784=ADVANCED_FACE('',(#1528),#1660,.T.);
#1785=ADVANCED_FACE('',(#1529),#1661,.T.);
#1786=ADVANCED_FACE('',(#1530),#1662,.T.);
#1787=ADVANCED_FACE('',(#1531),#1663,.T.);
#1788=ADVANCED_FACE('',(#1532),#1664,.F.);
#1789=ADVANCED_FACE('',(#1533),#1665,.F.);
#1790=ADVANCED_FACE('',(#1534),#1666,.F.);
#1791=ADVANCED_FACE('',(#1535),#1667,.T.);
#1792=ADVANCED_FACE('',(#1536),#1668,.T.);
#1793=ADVANCED_FACE('',(#1537),#1669,.T.);
#1794=ADVANCED_FACE('',(#1538),#1670,.T.);
#1795=ADVANCED_FACE('',(#1539),#1671,.T.);
#1796=ADVANCED_FACE('',(#1540),#1672,.F.);
#1797=ADVANCED_FACE('',(#1541),#1673,.T.);
#1798=ADVANCED_FACE('',(#1542),#1674,.F.);
#1799=ADVANCED_FACE('',(#1543),#1675,.F.);
#1800=ADVANCED_FACE('',(#1544),#1676,.F.);
#1801=ADVANCED_FACE('',(#1545),#1677,.T.);
#1802=ADVANCED_FACE('',(#1546),#1678,.T.);
#1803=ADVANCED_FACE('',(#1547),#1679,.T.);
#1804=ADVANCED_FACE('',(#1548),#1680,.T.);
#1805=ADVANCED_FACE('',(#1549),#1681,.T.);
#1806=ADVANCED_FACE('',(#1550),#1682,.F.);
#1807=ADVANCED_FACE('',(#1551),#1683,.F.);
#1808=ADVANCED_FACE('',(#1552),#1684,.T.);
#1809=ADVANCED_FACE('',(#1553),#1685,.F.);
#1810=ADVANCED_FACE('',(#1554),#1686,.F.);
#1811=ADVANCED_FACE('',(#1555),#1687,.T.);
#1812=ADVANCED_FACE('',(#1556),#1688,.T.);
#1813=ADVANCED_FACE('',(#1557),#1689,.T.);
#1814=ADVANCED_FACE('',(#1558),#1690,.T.);
#1815=ADVANCED_FACE('',(#1559),#1691,.T.);
#1816=ADVANCED_FACE('',(#1560),#1692,.F.);
#1817=ADVANCED_FACE('',(#1561),#1693,.F.);
#1818=ADVANCED_FACE('',(#1562),#1694,.T.);
#1819=ADVANCED_FACE('',(#1563),#1695,.F.);
#1820=ADVANCED_FACE('',(#1564),#1696,.F.);
#1821=ADVANCED_FACE('',(#1565),#1697,.T.);
#1822=ADVANCED_FACE('',(#1566),#1698,.T.);
#1823=ADVANCED_FACE('',(#1567),#1699,.T.);
#1824=ADVANCED_FACE('',(#1568),#1700,.T.);
#1825=ADVANCED_FACE('',(#1569),#1701,.T.);
#1826=ADVANCED_FACE('',(#1570),#1702,.T.);
#1827=ADVANCED_FACE('',(#1571),#1703,.F.);
#1828=ADVANCED_FACE('',(#1572),#1704,.T.);
#1829=ADVANCED_FACE('',(#1573),#1705,.F.);
#1830=ADVANCED_FACE('',(#1574),#1706,.F.);
#1831=ADVANCED_FACE('',(#1575),#1707,.T.);
#1832=ADVANCED_FACE('',(#1576),#1708,.T.);
#1833=ADVANCED_FACE('',(#1577),#1709,.T.);
#1834=ADVANCED_FACE('',(#1578),#1710,.T.);
#1835=ADVANCED_FACE('',(#1579),#1711,.T.);
#1836=ADVANCED_FACE('',(#1580),#1712,.T.);
#1837=ADVANCED_FACE('',(#1581),#1713,.F.);
#1838=ADVANCED_FACE('',(#1582),#1714,.F.);
#1839=ADVANCED_FACE('',(#1583),#1715,.F.);
#1840=ADVANCED_FACE('',(#1584),#1716,.T.);
#1841=ADVANCED_FACE('',(#1585),#1717,.F.);
#1842=ADVANCED_FACE('',(#1586),#1718,.T.);
#1843=ADVANCED_FACE('',(#1587),#1719,.T.);
#1844=ADVANCED_FACE('',(#1588),#1720,.T.);
#1845=ADVANCED_FACE('',(#1589),#1721,.T.);
#1846=ADVANCED_FACE('',(#1590),#1722,.T.);
#1847=ADVANCED_FACE('',(#1591),#1723,.F.);
#1848=ADVANCED_FACE('',(#1592),#1724,.F.);
#1849=ADVANCED_FACE('',(#1593),#1725,.T.);
#1850=ADVANCED_FACE('',(#1594),#1726,.F.);
#1851=ADVANCED_FACE('',(#1595),#1727,.F.);
#1852=ADVANCED_FACE('',(#1596),#1728,.F.);
#1853=ADVANCED_FACE('',(#1597),#1729,.T.);
#1854=ADVANCED_FACE('',(#1598),#1730,.T.);
#1855=ADVANCED_FACE('',(#1599),#1731,.T.);
#1856=ADVANCED_FACE('',(#1600),#1732,.T.);
#1857=ADVANCED_FACE('',(#1601),#1733,.T.);
#1858=ADVANCED_FACE('',(#1602),#1734,.F.);
#1859=ADVANCED_FACE('',(#1603),#1735,.T.);
#1860=ADVANCED_FACE('',(#1604),#1736,.F.);
#1861=ADVANCED_FACE('',(#1605),#1737,.T.);
#1862=ADVANCED_FACE('',(#1606),#1738,.T.);
#1863=ADVANCED_FACE('',(#1607),#1739,.T.);
#1864=ADVANCED_FACE('',(#1608,#1609),#1740,.F.);
#1865=ADVANCED_FACE('',(#1610,#1611),#1741,.F.);
#1866=ADVANCED_FACE('',(#1612,#1613),#462,.F.);
#1867=ADVANCED_FACE('',(#1614,#1615),#463,.T.);
#1868=ADVANCED_FACE('',(#1616,#1617),#1742,.F.);
#1869=ADVANCED_FACE('',(#1618,#1619),#1743,.F.);
#1870=ADVANCED_FACE('',(#1620,#1621),#464,.T.);
#1871=ADVANCED_FACE('',(#1622,#1623),#465,.F.);
#1872=ADVANCED_FACE('',(#1624,#1625),#1744,.F.);
#1873=ADVANCED_FACE('',(#1626,#1627),#1745,.F.);
#1874=ADVANCED_FACE('',(#1628,#1629),#466,.T.);
#1875=ADVANCED_FACE('',(#1630,#1631),#467,.F.);
#1876=CLOSED_SHELL('',(#1746,#1747,#1748,#1749));
#1877=CLOSED_SHELL('',(#1750,#1751,#1752,#1753));
#1878=CLOSED_SHELL('',(#1754,#1755,#1756,#1757));
#1879=CLOSED_SHELL('',(#1758,#1759,#1760,#1761));
#1880=CLOSED_SHELL('',(#1762,#1763,#1764,#1765));
#1881=CLOSED_SHELL('',(#1766,#1767,#1768,#1769,#1770,#1771,#1772,#1773,
#1774,#1775,#1776,#1777,#1778,#1779,#1780,#1781,#1782,#1783,#1784,#1785,
#1786,#1787,#1788,#1789,#1790,#1791,#1792,#1793,#1794,#1795,#1796,#1797,
#1798,#1799,#1800,#1801,#1802,#1803,#1804,#1805,#1806,#1807,#1808,#1809,
#1810,#1811,#1812,#1813,#1814,#1815,#1816,#1817,#1818,#1819,#1820,#1821,
#1822,#1823,#1824,#1825,#1826,#1827,#1828,#1829,#1830,#1831,#1832,#1833,
#1834,#1835,#1836,#1837,#1838,#1839,#1840,#1841,#1842,#1843,#1844,#1845,
#1846,#1847,#1848,#1849,#1850,#1851,#1852,#1853,#1854,#1855,#1856,#1857,
#1858,#1859,#1860,#1861,#1862,#1863));
#1882=CLOSED_SHELL('',(#1864,#1865,#1866,#1867));
#1883=CLOSED_SHELL('',(#1868,#1869,#1870,#1871));
#1884=CLOSED_SHELL('',(#1872,#1873,#1874,#1875));
#1885=STYLED_ITEM('',(#1894),#1950);
#1886=STYLED_ITEM('',(#1895),#1951);
#1887=STYLED_ITEM('',(#1896),#1952);
#1888=STYLED_ITEM('',(#1897),#1953);
#1889=STYLED_ITEM('',(#1898),#1954);
#1890=STYLED_ITEM('',(#1899),#1955);
#1891=STYLED_ITEM('',(#1900),#1956);
#1892=STYLED_ITEM('',(#1901),#1957);
#1893=STYLED_ITEM('',(#1902),#1958);
#1894=PRESENTATION_STYLE_ASSIGNMENT((#1903));
#1895=PRESENTATION_STYLE_ASSIGNMENT((#1904));
#1896=PRESENTATION_STYLE_ASSIGNMENT((#1905));
#1897=PRESENTATION_STYLE_ASSIGNMENT((#1906));
#1898=PRESENTATION_STYLE_ASSIGNMENT((#1907));
#1899=PRESENTATION_STYLE_ASSIGNMENT((#1908));
#1900=PRESENTATION_STYLE_ASSIGNMENT((#1909));
#1901=PRESENTATION_STYLE_ASSIGNMENT((#1910));
#1902=PRESENTATION_STYLE_ASSIGNMENT((#1911));
#1903=SURFACE_STYLE_USAGE(.BOTH.,#1912);
#1904=SURFACE_STYLE_USAGE(.BOTH.,#1913);
#1905=SURFACE_STYLE_USAGE(.BOTH.,#1914);
#1906=SURFACE_STYLE_USAGE(.BOTH.,#1915);
#1907=SURFACE_STYLE_USAGE(.BOTH.,#1916);
#1908=SURFACE_STYLE_USAGE(.BOTH.,#1917);
#1909=SURFACE_STYLE_USAGE(.BOTH.,#1918);
#1910=SURFACE_STYLE_USAGE(.BOTH.,#1919);
#1911=SURFACE_STYLE_USAGE(.BOTH.,#1920);
#1912=SURFACE_SIDE_STYLE('',(#1921));
#1913=SURFACE_SIDE_STYLE('',(#1922));
#1914=SURFACE_SIDE_STYLE('',(#1923));
#1915=SURFACE_SIDE_STYLE('',(#1924));
#1916=SURFACE_SIDE_STYLE('',(#1925));
#1917=SURFACE_SIDE_STYLE('',(#1926));
#1918=SURFACE_SIDE_STYLE('',(#1927));
#1919=SURFACE_SIDE_STYLE('',(#1928));
#1920=SURFACE_SIDE_STYLE('',(#1929));
#1921=SURFACE_STYLE_FILL_AREA(#1930);
#1922=SURFACE_STYLE_FILL_AREA(#1931);
#1923=SURFACE_STYLE_FILL_AREA(#1932);
#1924=SURFACE_STYLE_FILL_AREA(#1933);
#1925=SURFACE_STYLE_FILL_AREA(#1934);
#1926=SURFACE_STYLE_FILL_AREA(#1935);
#1927=SURFACE_STYLE_FILL_AREA(#1936);
#1928=SURFACE_STYLE_FILL_AREA(#1937);
#1929=SURFACE_STYLE_FILL_AREA(#1938);
#1930=FILL_AREA_STYLE('',(#1939));
#1931=FILL_AREA_STYLE('',(#1940));
#1932=FILL_AREA_STYLE('',(#1941));
#1933=FILL_AREA_STYLE('',(#1942));
#1934=FILL_AREA_STYLE('',(#1943));
#1935=FILL_AREA_STYLE('',(#1944));
#1936=FILL_AREA_STYLE('',(#1945));
#1937=FILL_AREA_STYLE('',(#1946));
#1938=FILL_AREA_STYLE('',(#1947));
#1939=FILL_AREA_STYLE_COLOUR('',#1948);
#1940=FILL_AREA_STYLE_COLOUR('',#1948);
#1941=FILL_AREA_STYLE_COLOUR('',#1948);
#1942=FILL_AREA_STYLE_COLOUR('',#1948);
#1943=FILL_AREA_STYLE_COLOUR('',#1948);
#1944=FILL_AREA_STYLE_COLOUR('',#1949);
#1945=FILL_AREA_STYLE_COLOUR('',#1948);
#1946=FILL_AREA_STYLE_COLOUR('',#1948);
#1947=FILL_AREA_STYLE_COLOUR('',#1948);
#1948=COLOUR_RGB('',0.6,0.6,0.6);
#1949=COLOUR_RGB('',0.4,0.4,0.4);
#1950=MANIFOLD_SOLID_BREP('Right Middle 1',#1876);
#1951=MANIFOLD_SOLID_BREP('Left Middle 1',#1877);
#1952=MANIFOLD_SOLID_BREP('Back Right Arm',#1878);
#1953=MANIFOLD_SOLID_BREP('Left Front Arm',#1879);
#1954=MANIFOLD_SOLID_BREP('Front Right Arm',#1880);
#1955=MANIFOLD_SOLID_BREP('Fuselage',#1881);
#1956=MANIFOLD_SOLID_BREP('Back Left Arm',#1882);
#1957=MANIFOLD_SOLID_BREP('Left Middle 2',#1883);
#1958=MANIFOLD_SOLID_BREP('Right Middle 2',#1884);
#1959=SHAPE_DEFINITION_REPRESENTATION(#3209,#1969);
#1960=SHAPE_DEFINITION_REPRESENTATION(#3210,#1970);
#1961=SHAPE_DEFINITION_REPRESENTATION(#3212,#1971);
#1962=SHAPE_DEFINITION_REPRESENTATION(#3214,#1972);
#1963=SHAPE_DEFINITION_REPRESENTATION(#3216,#1973);
#1964=SHAPE_DEFINITION_REPRESENTATION(#3218,#1974);
#1965=SHAPE_DEFINITION_REPRESENTATION(#3220,#1975);
#1966=SHAPE_DEFINITION_REPRESENTATION(#3222,#1976);
#1967=SHAPE_DEFINITION_REPRESENTATION(#3224,#1977);
#1968=SHAPE_DEFINITION_REPRESENTATION(#3226,#1978);
#1969=SHAPE_REPRESENTATION('Prototype Assembly',(#1979,#1988,#1997,#2006,
#2015,#2024,#2123,#2132,#2141,#2150),#3186);
#1970=SHAPE_REPRESENTATION('Right Middle 1',(#1979),#3187);
#1971=SHAPE_REPRESENTATION('Left Middle 1',(#1979),#3188);
#1972=SHAPE_REPRESENTATION('Back Right Arm',(#1979),#3189);
#1973=SHAPE_REPRESENTATION('Left Front Arm',(#1979),#3190);
#1974=SHAPE_REPRESENTATION('Front Right Arm',(#1979),#3191);
#1975=SHAPE_REPRESENTATION('Fuselage',(#1979),#3192);
#1976=SHAPE_REPRESENTATION('Back Left Arm',(#1979),#3193);
#1977=SHAPE_REPRESENTATION('Left Middle 2',(#1979),#3194);
#1978=SHAPE_REPRESENTATION('Right Middle 2',(#1979),#3195);
#1979=AXIS2_PLACEMENT_3D('',#2689,#2151,#2152);
#1980=AXIS2_PLACEMENT_3D('',#2690,#2153,#2154);
#1981=AXIS2_PLACEMENT_3D('',#2691,#2155,#2156);
#1982=AXIS2_PLACEMENT_3D('',#2693,#2157,#2158);
#1983=AXIS2_PLACEMENT_3D('',#2695,#2159,#2160);
#1984=AXIS2_PLACEMENT_3D('',#2696,#2161,#2162);
#1985=AXIS2_PLACEMENT_3D('',#2698,#2163,#2164);
#1986=AXIS2_PLACEMENT_3D('',#2700,#2165,#2166);
#1987=AXIS2_PLACEMENT_3D('',#2701,#2167,#2168);
#1988=AXIS2_PLACEMENT_3D('',#2702,#2169,#2170);
#1989=AXIS2_PLACEMENT_3D('',#2703,#2171,#2172);
#1990=AXIS2_PLACEMENT_3D('',#2704,#2173,#2174);
#1991=AXIS2_PLACEMENT_3D('',#2706,#2175,#2176);
#1992=AXIS2_PLACEMENT_3D('',#2708,#2177,#2178);
#1993=AXIS2_PLACEMENT_3D('',#2709,#2179,#2180);
#1994=AXIS2_PLACEMENT_3D('',#2711,#2181,#2182);
#1995=AXIS2_PLACEMENT_3D('',#2713,#2183,#2184);
#1996=AXIS2_PLACEMENT_3D('',#2714,#2185,#2186);
#1997=AXIS2_PLACEMENT_3D('',#2715,#2187,#2188);
#1998=AXIS2_PLACEMENT_3D('',#2716,#2189,#2190);
#1999=AXIS2_PLACEMENT_3D('',#2717,#2191,#2192);
#2000=AXIS2_PLACEMENT_3D('',#2719,#2193,#2194);
#2001=AXIS2_PLACEMENT_3D('',#2721,#2195,#2196);
#2002=AXIS2_PLACEMENT_3D('',#2722,#2197,#2198);
#2003=AXIS2_PLACEMENT_3D('',#2724,#2199,#2200);
#2004=AXIS2_PLACEMENT_3D('',#2726,#2201,#2202);
#2005=AXIS2_PLACEMENT_3D('',#2727,#2203,#2204);
#2006=AXIS2_PLACEMENT_3D('',#2728,#2205,#2206);
#2007=AXIS2_PLACEMENT_3D('',#2729,#2207,#2208);
#2008=AXIS2_PLACEMENT_3D('',#2730,#2209,#2210);
#2009=AXIS2_PLACEMENT_3D('',#2732,#2211,#2212);
#2010=AXIS2_PLACEMENT_3D('',#2734,#2213,#2214);
#2011=AXIS2_PLACEMENT_3D('',#2735,#2215,#2216);
#2012=AXIS2_PLACEMENT_3D('',#2737,#2217,#2218);
#2013=AXIS2_PLACEMENT_3D('',#2739,#2219,#2220);
#2014=AXIS2_PLACEMENT_3D('',#2740,#2221,#2222);
#2015=AXIS2_PLACEMENT_3D('',#2741,#2223,#2224);
#2016=AXIS2_PLACEMENT_3D('',#2742,#2225,#2226);
#2017=AXIS2_PLACEMENT_3D('',#2743,#2227,#2228);
#2018=AXIS2_PLACEMENT_3D('',#2745,#2229,#2230);
#2019=AXIS2_PLACEMENT_3D('',#2747,#2231,#2232);
#2020=AXIS2_PLACEMENT_3D('',#2748,#2233,#2234);
#2021=AXIS2_PLACEMENT_3D('',#2750,#2235,#2236);
#2022=AXIS2_PLACEMENT_3D('',#2752,#2237,#2238);
#2023=AXIS2_PLACEMENT_3D('',#2753,#2239,#2240);
#2024=AXIS2_PLACEMENT_3D('',#2754,#2241,#2242);
#2025=AXIS2_PLACEMENT_3D('',#2755,#2243,#2244);
#2026=AXIS2_PLACEMENT_3D('',#2764,#2249,#2250);
#2027=AXIS2_PLACEMENT_3D('',#2773,#2255,#2256);
#2028=AXIS2_PLACEMENT_3D('',#2782,#2261,#2262);
#2029=AXIS2_PLACEMENT_3D('',#2791,#2267,#2268);
#2030=AXIS2_PLACEMENT_3D('',#2800,#2273,#2274);
#2031=AXIS2_PLACEMENT_3D('',#2809,#2279,#2280);
#2032=AXIS2_PLACEMENT_3D('',#2818,#2285,#2286);
#2033=AXIS2_PLACEMENT_3D('',#2827,#2291,#2292);
#2034=AXIS2_PLACEMENT_3D('',#2836,#2297,#2298);
#2035=AXIS2_PLACEMENT_3D('',#2845,#2303,#2304);
#2036=AXIS2_PLACEMENT_3D('',#2854,#2309,#2310);
#2037=AXIS2_PLACEMENT_3D('',#2863,#2315,#2316);
#2038=AXIS2_PLACEMENT_3D('',#2872,#2321,#2322);
#2039=AXIS2_PLACEMENT_3D('',#2881,#2327,#2328);
#2040=AXIS2_PLACEMENT_3D('',#2890,#2333,#2334);
#2041=AXIS2_PLACEMENT_3D('',#2899,#2339,#2340);
#2042=AXIS2_PLACEMENT_3D('',#2934,#2358,#2359);
#2043=AXIS2_PLACEMENT_3D('',#2969,#2377,#2378);
#2044=AXIS2_PLACEMENT_3D('',#2972,#2381,#2382);
#2045=AXIS2_PLACEMENT_3D('',#2975,#2385,#2386);
#2046=AXIS2_PLACEMENT_3D('',#2978,#2389,#2390);
#2047=AXIS2_PLACEMENT_3D('',#2980,#2392,#2393);
#2048=AXIS2_PLACEMENT_3D('',#2982,#2395,#2396);
#2049=AXIS2_PLACEMENT_3D('',#2985,#2399,#2400);
#2050=AXIS2_PLACEMENT_3D('',#2987,#2402,#2403);
#2051=AXIS2_PLACEMENT_3D('',#2989,#2405,#2406);
#2052=AXIS2_PLACEMENT_3D('',#2992,#2409,#2410);
#2053=AXIS2_PLACEMENT_3D('',#2994,#2412,#2413);
#2054=AXIS2_PLACEMENT_3D('',#2996,#2415,#2416);
#2055=AXIS2_PLACEMENT_3D('',#2999,#2419,#2420);
#2056=AXIS2_PLACEMENT_3D('',#3001,#2422,#2423);
#2057=AXIS2_PLACEMENT_3D('',#3003,#2425,#2426);
#2058=AXIS2_PLACEMENT_3D('',#3005,#2428,#2429);
#2059=AXIS2_PLACEMENT_3D('',#3007,#2431,#2432);
#2060=AXIS2_PLACEMENT_3D('',#3009,#2434,#2435);
#2061=AXIS2_PLACEMENT_3D('',#3011,#2437,#2438);
#2062=AXIS2_PLACEMENT_3D('',#3014,#2441,#2442);
#2063=AXIS2_PLACEMENT_3D('',#3016,#2444,#2445);
#2064=AXIS2_PLACEMENT_3D('',#3018,#2447,#2448);
#2065=AXIS2_PLACEMENT_3D('',#3021,#2451,#2452);
#2066=AXIS2_PLACEMENT_3D('',#3023,#2454,#2455);
#2067=AXIS2_PLACEMENT_3D('',#3025,#2457,#2458);
#2068=AXIS2_PLACEMENT_3D('',#3027,#2460,#2461);
#2069=AXIS2_PLACEMENT_3D('',#3029,#2463,#2464);
#2070=AXIS2_PLACEMENT_3D('',#3031,#2466,#2467);
#2071=AXIS2_PLACEMENT_3D('',#3033,#2469,#2470);
#2072=AXIS2_PLACEMENT_3D('',#3036,#2473,#2474);
#2073=AXIS2_PLACEMENT_3D('',#3038,#2476,#2477);
#2074=AXIS2_PLACEMENT_3D('',#3040,#2479,#2480);
#2075=AXIS2_PLACEMENT_3D('',#3043,#2483,#2484);
#2076=AXIS2_PLACEMENT_3D('',#3045,#2486,#2487);
#2077=AXIS2_PLACEMENT_3D('',#3047,#2489,#2490);
#2078=AXIS2_PLACEMENT_3D('',#3049,#2492,#2493);
#2079=AXIS2_PLACEMENT_3D('',#3051,#2495,#2496);
#2080=AXIS2_PLACEMENT_3D('',#3053,#2498,#2499);
#2081=AXIS2_PLACEMENT_3D('',#3055,#2501,#2502);
#2082=AXIS2_PLACEMENT_3D('',#3058,#2505,#2506);
#2083=AXIS2_PLACEMENT_3D('',#3060,#2508,#2509);
#2084=AXIS2_PLACEMENT_3D('',#3062,#2511,#2512);
#2085=AXIS2_PLACEMENT_3D('',#3065,#2515,#2516);
#2086=AXIS2_PLACEMENT_3D('',#3067,#2518,#2519);
#2087=AXIS2_PLACEMENT_3D('',#3069,#2521,#2522);
#2088=AXIS2_PLACEMENT_3D('',#3071,#2524,#2525);
#2089=AXIS2_PLACEMENT_3D('',#3073,#2527,#2528);
#2090=AXIS2_PLACEMENT_3D('',#3075,#2530,#2531);
#2091=AXIS2_PLACEMENT_3D('',#3077,#2533,#2534);
#2092=AXIS2_PLACEMENT_3D('',#3080,#2537,#2538);
#2093=AXIS2_PLACEMENT_3D('',#3082,#2540,#2541);
#2094=AXIS2_PLACEMENT_3D('',#3084,#2543,#2544);
#2095=AXIS2_PLACEMENT_3D('',#3087,#2547,#2548);
#2096=AXIS2_PLACEMENT_3D('',#3089,#2550,#2551);
#2097=AXIS2_PLACEMENT_3D('',#3091,#2553,#2554);
#2098=AXIS2_PLACEMENT_3D('',#3093,#2556,#2557);
#2099=AXIS2_PLACEMENT_3D('',#3095,#2559,#2560);
#2100=AXIS2_PLACEMENT_3D('',#3097,#2562,#2563);
#2101=AXIS2_PLACEMENT_3D('',#3099,#2565,#2566);
#2102=AXIS2_PLACEMENT_3D('',#3102,#2569,#2570);
#2103=AXIS2_PLACEMENT_3D('',#3104,#2572,#2573);
#2104=AXIS2_PLACEMENT_3D('',#3106,#2575,#2576);
#2105=AXIS2_PLACEMENT_3D('',#3109,#2579,#2580);
#2106=AXIS2_PLACEMENT_3D('',#3111,#2582,#2583);
#2107=AXIS2_PLACEMENT_3D('',#3113,#2585,#2586);
#2108=AXIS2_PLACEMENT_3D('',#3115,#2588,#2589);
#2109=AXIS2_PLACEMENT_3D('',#3117,#2591,#2592);
#2110=AXIS2_PLACEMENT_3D('',#3119,#2594,#2595);
#2111=AXIS2_PLACEMENT_3D('',#3121,#2597,#2598);
#2112=AXIS2_PLACEMENT_3D('',#3124,#2601,#2602);
#2113=AXIS2_PLACEMENT_3D('',#3126,#2604,#2605);
#2114=AXIS2_PLACEMENT_3D('',#3128,#2607,#2608);
#2115=AXIS2_PLACEMENT_3D('',#3130,#2610,#2611);
#2116=AXIS2_PLACEMENT_3D('',#3132,#2613,#2614);
#2117=AXIS2_PLACEMENT_3D('',#3134,#2616,#2617);
#2118=AXIS2_PLACEMENT_3D('',#3136,#2619,#2620);
#2119=AXIS2_PLACEMENT_3D('',#3138,#2622,#2623);
#2120=AXIS2_PLACEMENT_3D('',#3140,#2625,#2626);
#2121=AXIS2_PLACEMENT_3D('',#3142,#2628,#2629);
#2122=AXIS2_PLACEMENT_3D('',#3144,#2631,#2632);
#2123=AXIS2_PLACEMENT_3D('',#3145,#2633,#2634);
#2124=AXIS2_PLACEMENT_3D('',#3146,#2635,#2636);
#2125=AXIS2_PLACEMENT_3D('',#3147,#2637,#2638);
#2126=AXIS2_PLACEMENT_3D('',#3149,#2639,#2640);
#2127=AXIS2_PLACEMENT_3D('',#3151,#2641,#2642);
#2128=AXIS2_PLACEMENT_3D('',#3152,#2643,#2644);
#2129=AXIS2_PLACEMENT_3D('',#3154,#2645,#2646);
#2130=AXIS2_PLACEMENT_3D('',#3156,#2647,#2648);
#2131=AXIS2_PLACEMENT_3D('',#3157,#2649,#2650);
#2132=AXIS2_PLACEMENT_3D('',#3158,#2651,#2652);
#2133=AXIS2_PLACEMENT_3D('',#3159,#2653,#2654);
#2134=AXIS2_PLACEMENT_3D('',#3160,#2655,#2656);
#2135=AXIS2_PLACEMENT_3D('',#3162,#2657,#2658);
#2136=AXIS2_PLACEMENT_3D('',#3164,#2659,#2660);
#2137=AXIS2_PLACEMENT_3D('',#3165,#2661,#2662);
#2138=AXIS2_PLACEMENT_3D('',#3167,#2663,#2664);
#2139=AXIS2_PLACEMENT_3D('',#3169,#2665,#2666);
#2140=AXIS2_PLACEMENT_3D('',#3170,#2667,#2668);
#2141=AXIS2_PLACEMENT_3D('',#3171,#2669,#2670);
#2142=AXIS2_PLACEMENT_3D('',#3172,#2671,#2672);
#2143=AXIS2_PLACEMENT_3D('',#3173,#2673,#2674);
#2144=AXIS2_PLACEMENT_3D('',#3175,#2675,#2676);
#2145=AXIS2_PLACEMENT_3D('',#3177,#2677,#2678);
#2146=AXIS2_PLACEMENT_3D('',#3178,#2679,#2680);
#2147=AXIS2_PLACEMENT_3D('',#3180,#2681,#2682);
#2148=AXIS2_PLACEMENT_3D('',#3182,#2683,#2684);
#2149=AXIS2_PLACEMENT_3D('',#3183,#2685,#2686);
#2150=AXIS2_PLACEMENT_3D('',#3184,#2687,#2688);
#2151=DIRECTION('',(0.,0.,1.));
#2152=DIRECTION('',(1.,0.,0.));
#2153=DIRECTION('',(1.,-1.83697019872102E-16,0.));
#2154=DIRECTION('',(1.83697019872102E-16,1.,0.));
#2155=DIRECTION('',(1.,-1.83697019872102E-16,0.));
#2156=DIRECTION('',(-1.83697019872102E-16,-1.,0.));
#2157=DIRECTION('',(1.,-1.83697019872102E-16,0.));
#2158=DIRECTION('',(-1.83697019872102E-16,-1.,0.));
#2159=DIRECTION('',(-0.960107845242449,0.279629979622897,0.));
#2160=DIRECTION('',(-0.279629979622897,-0.960107845242449,0.));
#2161=DIRECTION('',(0.960107845242449,-0.279629979622897,0.));
#2162=DIRECTION('',(0.279629979622897,0.960107845242449,0.));
#2163=DIRECTION('',(0.960107845242449,-0.279629979622897,0.));
#2164=DIRECTION('',(0.279629979622897,0.960107845242449,0.));
#2165=DIRECTION('',(0.960107845242449,-0.279629979622897,0.));
#2166=DIRECTION('',(0.279629979622897,0.960107845242449,0.));
#2167=DIRECTION('',(0.960107845242449,-0.279629979622897,0.));
#2168=DIRECTION('',(0.279629979622897,0.960107845242449,0.));
#2169=DIRECTION('',(0.,0.,1.));
#2170=DIRECTION('',(1.,0.,0.));
#2171=DIRECTION('',(-1.,-1.83697019872102E-16,0.));
#2172=DIRECTION('',(-1.83697019872102E-16,1.,0.));
#2173=DIRECTION('',(1.,1.83697019872102E-16,0.));
#2174=DIRECTION('',(1.83697019872102E-16,-1.,0.));
#2175=DIRECTION('',(1.,1.83697019872102E-16,0.));
#2176=DIRECTION('',(1.83697019872102E-16,-1.,0.));
#2177=DIRECTION('',(0.960107845242449,0.279629979622897,0.));
#2178=DIRECTION('',(0.279629979622897,-0.960107845242449,0.));
#2179=DIRECTION('',(0.960107845242449,0.279629979622897,0.));
#2180=DIRECTION('',(-0.279629979622897,0.960107845242449,0.));
#2181=DIRECTION('',(0.960107845242449,0.279629979622897,0.));
#2182=DIRECTION('',(-0.279629979622897,0.960107845242449,0.));
#2183=DIRECTION('',(-0.960107845242449,-0.279629979622897,0.));
#2184=DIRECTION('',(-0.279629979622897,0.960107845242449,0.));
#2185=DIRECTION('',(-0.960107845242449,-0.279629979622897,0.));
#2186=DIRECTION('',(-0.279629979622897,0.960107845242449,0.));
#2187=DIRECTION('',(0.,0.,1.));
#2188=DIRECTION('',(1.,0.,0.));
#2189=DIRECTION('',(1.,1.83697019872103E-16,0.));
#2190=DIRECTION('',(1.83697019872103E-16,-1.,0.));
#2191=DIRECTION('',(-1.,-1.83697019872103E-16,0.));
#2192=DIRECTION('',(-1.83697019872103E-16,1.,0.));
#2193=DIRECTION('',(-1.,-1.83697019872103E-16,0.));
#2194=DIRECTION('',(-1.83697019872103E-16,1.,0.));
#2195=DIRECTION('',(-0.493954857079536,-0.869487549748434,0.));
#2196=DIRECTION('',(-0.869487549748434,0.493954857079536,0.));
#2197=DIRECTION('',(-0.493954857079536,-0.869487549748434,0.));
#2198=DIRECTION('',(0.869487549748434,-0.493954857079536,0.));
#2199=DIRECTION('',(-0.493954857079536,-0.869487549748434,0.));
#2200=DIRECTION('',(0.869487549748434,-0.493954857079536,0.));
#2201=DIRECTION('',(0.493954857079536,0.869487549748434,0.));
#2202=DIRECTION('',(0.869487549748434,-0.493954857079536,0.));
#2203=DIRECTION('',(0.493954857079536,0.869487549748434,0.));
#2204=DIRECTION('',(0.869487549748434,-0.493954857079537,0.));
#2205=DIRECTION('',(0.,0.,1.));
#2206=DIRECTION('',(1.,0.,0.));
#2207=DIRECTION('',(-1.,-1.83697019872103E-16,0.));
#2208=DIRECTION('',(-1.83697019872103E-16,1.,0.));
#2209=DIRECTION('',(1.,1.83697019872103E-16,0.));
#2210=DIRECTION('',(1.83697019872103E-16,-1.,0.));
#2211=DIRECTION('',(1.,1.83697019872103E-16,0.));
#2212=DIRECTION('',(1.83697019872103E-16,-1.,0.));
#2213=DIRECTION('',(0.493954857079536,0.869487549748434,0.));
#2214=DIRECTION('',(0.869487549748434,-0.493954857079536,0.));
#2215=DIRECTION('',(0.493954857079536,0.869487549748434,0.));
#2216=DIRECTION('',(-0.869487549748434,0.493954857079536,0.));
#2217=DIRECTION('',(0.493954857079536,0.869487549748434,0.));
#2218=DIRECTION('',(-0.869487549748434,0.493954857079536,0.));
#2219=DIRECTION('',(-0.493954857079536,-0.869487549748434,0.));
#2220=DIRECTION('',(-0.869487549748434,0.493954857079536,0.));
#2221=DIRECTION('',(-0.493954857079536,-0.869487549748434,0.));
#2222=DIRECTION('',(-0.869487549748434,0.493954857079537,0.));
#2223=DIRECTION('',(0.,0.,1.));
#2224=DIRECTION('',(1.,0.,0.));
#2225=DIRECTION('',(1.,-1.83697019872103E-16,0.));
#2226=DIRECTION('',(1.83697019872103E-16,1.,0.));
#2227=DIRECTION('',(1.,-1.83697019872103E-16,0.));
#2228=DIRECTION('',(-1.83697019872103E-16,-1.,0.));
#2229=DIRECTION('',(1.,-1.83697019872103E-16,0.));
#2230=DIRECTION('',(-1.83697019872103E-16,-1.,0.));
#2231=DIRECTION('',(-0.493954857079536,0.869487549748434,0.));
#2232=DIRECTION('',(-0.869487549748434,-0.493954857079536,0.));
#2233=DIRECTION('',(0.493954857079536,-0.869487549748434,0.));
#2234=DIRECTION('',(0.869487549748434,0.493954857079536,0.));
#2235=DIRECTION('',(0.493954857079536,-0.869487549748434,0.));
#2236=DIRECTION('',(0.869487549748434,0.493954857079536,0.));
#2237=DIRECTION('',(0.493954857079536,-0.869487549748434,0.));
#2238=DIRECTION('',(0.869487549748434,0.493954857079536,0.));
#2239=DIRECTION('',(0.493954857079536,-0.869487549748434,0.));
#2240=DIRECTION('',(0.869487549748434,0.493954857079537,0.));
#2241=DIRECTION('',(0.,0.,1.));
#2242=DIRECTION('',(1.,0.,0.));
#2243=DIRECTION('',(0.,-1.,0.));
#2244=DIRECTION('',(0.,0.,-1.));
#2245=DIRECTION('',(0.,0.,1.));
#2246=DIRECTION('',(-1.,0.,0.));
#2247=DIRECTION('',(0.,0.,-1.));
#2248=DIRECTION('',(1.,0.,0.));
#2249=DIRECTION('',(0.,0.56853975855014,0.8226557864306));
#2250=DIRECTION('',(0.,-0.8226557864306,0.56853975855014));
#2251=DIRECTION('',(0.,0.8226557864306,-0.56853975855014));
#2252=DIRECTION('',(1.,0.,0.));
#2253=DIRECTION('',(0.,-0.8226557864306,0.56853975855014));
#2254=DIRECTION('',(-1.,0.,0.));
#2255=DIRECTION('',(0.,0.322959417029485,0.946412814236988));
#2256=DIRECTION('',(0.,-0.946412814236988,0.322959417029485));
#2257=DIRECTION('',(0.,0.946412814236988,-0.322959417029485));
#2258=DIRECTION('',(1.,0.,0.));
#2259=DIRECTION('',(0.,-0.946412814236988,0.322959417029485));
#2260=DIRECTION('',(-1.,0.,0.));
#2261=DIRECTION('',(0.,-2.66880534765662E-16,1.));
#2262=DIRECTION('',(0.,-1.,-2.66880534765662E-16));
#2263=DIRECTION('',(0.,1.,2.66880534765662E-16));
#2264=DIRECTION('',(1.,0.,0.));
#2265=DIRECTION('',(0.,-1.,-2.66880534765662E-16));
#2266=DIRECTION('',(-1.,0.,0.));
#2267=DIRECTION('',(0.,-0.866257276642052,-0.499598169196701));
#2268=DIRECTION('',(0.,0.499598169196701,-0.866257276642052));
#2269=DIRECTION('',(0.,0.499598169196701,-0.866257276642052));
#2270=DIRECTION('',(1.,0.,0.));
#2271=DIRECTION('',(0.,-0.499598169196701,0.866257276642052));
#2272=DIRECTION('',(-1.,0.,0.));
#2273=DIRECTION('',(0.,-0.443269601263494,-0.896388342514394));
#2274=DIRECTION('',(0.,0.896388342514394,-0.443269601263494));
#2275=DIRECTION('',(0.,0.896388342514394,-0.443269601263494));
#2276=DIRECTION('',(1.,0.,0.));
#2277=DIRECTION('',(0.,-0.896388342514394,0.443269601263494));
#2278=DIRECTION('',(-1.,0.,0.));
#2279=DIRECTION('',(0.,0.,-1.));
#2280=DIRECTION('',(-1.,0.,0.));
#2281=DIRECTION('',(0.,1.,0.));
#2282=DIRECTION('',(1.,0.,0.));
#2283=DIRECTION('',(0.,-1.,0.));
#2284=DIRECTION('',(-1.,0.,0.));
#2285=DIRECTION('',(0.,-0.819692152977471,0.572804307200251));
#2286=DIRECTION('',(0.,-0.572804307200251,-0.819692152977471));
#2287=DIRECTION('',(0.,-0.572804307200251,-0.819692152977471));
#2288=DIRECTION('',(-1.,0.,0.));
#2289=DIRECTION('',(0.,0.572804307200251,0.819692152977471));
#2290=DIRECTION('',(1.,0.,0.));
#2291=DIRECTION('',(0.,-1.,0.));
#2292=DIRECTION('',(0.,0.,-1.));
#2293=DIRECTION('',(0.,0.,-1.));
#2294=DIRECTION('',(-1.,0.,0.));
#2295=DIRECTION('',(0.,0.,1.));
#2296=DIRECTION('',(1.,0.,0.));
#2297=DIRECTION('',(0.,-0.221125168318055,-0.975245435742363));
#2298=DIRECTION('',(0.,0.975245435742363,-0.221125168318055));
#2299=DIRECTION('',(0.,0.975245435742363,-0.221125168318055));
#2300=DIRECTION('',(-1.,0.,0.));
#2301=DIRECTION('',(0.,-0.975245435742363,0.221125168318055));
#2302=DIRECTION('',(1.,0.,0.));
#2303=DIRECTION('',(0.,-2.41352831440252E-16,1.));
#2304=DIRECTION('',(0.,-1.,-2.41352831440252E-16));
#2305=DIRECTION('',(0.,1.,2.41352831440252E-16));
#2306=DIRECTION('',(-1.,0.,0.));
#2307=DIRECTION('',(0.,-1.,-2.41352831440252E-16));
#2308=DIRECTION('',(1.,0.,0.));
#2309=DIRECTION('',(0.,-0.017452406437284,0.999847695156391));
#2310=DIRECTION('',(0.,-0.999847695156391,-0.017452406437284));
#2311=DIRECTION('',(0.,0.999847695156391,0.017452406437284));
#2312=DIRECTION('',(-1.,0.,0.));
#2313=DIRECTION('',(0.,-0.999847695156391,-0.017452406437284));
#2314=DIRECTION('',(1.,0.,0.));
#2315=DIRECTION('',(0.,-0.0846214346993932,0.996413173733375));
#2316=DIRECTION('',(0.,-0.996413173733375,-0.0846214346993932));
#2317=DIRECTION('',(0.,0.996413173733375,0.0846214346993932));
#2318=DIRECTION('',(-1.,0.,0.));
#2319=DIRECTION('',(0.,-0.996413173733375,-0.0846214346993932));
#2320=DIRECTION('',(1.,0.,0.));
#2321=DIRECTION('',(0.,-0.234818495543447,0.972039234882375));
#2322=DIRECTION('',(0.,-0.972039234882375,-0.234818495543447));
#2323=DIRECTION('',(0.,-0.972039234882375,-0.234818495543447));
#2324=DIRECTION('',(1.,0.,0.));
#2325=DIRECTION('',(0.,0.972039234882375,0.234818495543447));
#2326=DIRECTION('',(-1.,0.,0.));
#2327=DIRECTION('',(0.,-0.377272727272728,0.92610220238168));
#2328=DIRECTION('',(0.,-0.92610220238168,-0.377272727272728));
#2329=DIRECTION('',(0.,-0.92610220238168,-0.377272727272728));
#2330=DIRECTION('',(1.,0.,0.));
#2331=DIRECTION('',(0.,0.92610220238168,0.377272727272728));
#2332=DIRECTION('',(-1.,0.,0.));
#2333=DIRECTION('',(0.,-0.483137944372078,0.875544246002407));
#2334=DIRECTION('',(0.,-0.875544246002407,-0.483137944372078));
#2335=DIRECTION('',(0.,0.875544246002407,0.483137944372078));
#2336=DIRECTION('',(-1.,0.,0.));
#2337=DIRECTION('',(0.,-0.875544246002407,-0.483137944372078));
#2338=DIRECTION('',(1.,0.,0.));
#2339=DIRECTION('',(1.,0.,0.));
#2340=DIRECTION('',(0.,1.,0.));
#2341=DIRECTION('',(0.,0.572804307200251,0.819692152977471));
#2342=DIRECTION('',(0.,0.,1.));
#2343=DIRECTION('',(0.,-0.975245435742363,0.221125168318055));
#2344=DIRECTION('',(0.,-1.,-2.41352831440252E-16));
#2345=DIRECTION('',(0.,-0.999847695156391,-0.017452406437284));
#2346=DIRECTION('',(0.,-0.996413173733375,-0.0846214346993932));
#2347=DIRECTION('',(0.,-0.972039234882375,-0.234818495543447));
#2348=DIRECTION('',(0.,-0.92610220238168,-0.377272727272728));
#2349=DIRECTION('',(0.,-0.875544246002407,-0.483137944372078));
#2350=DIRECTION('',(0.,0.,-1.));
#2351=DIRECTION('',(0.,0.8226557864306,-0.56853975855014));
#2352=DIRECTION('',(0.,0.946412814236988,-0.322959417029486));
#2353=DIRECTION('',(0.,1.,2.66880534765662E-16));
#2354=DIRECTION('',(0.,-0.865909397453539,0.500200875050863));
#2355=DIRECTION('',(0.,0.499598169196701,-0.866257276642052));
#2356=DIRECTION('',(0.,0.896388342514394,-0.443269601263494));
#2357=DIRECTION('',(0.,1.,0.));
#2358=DIRECTION('',(1.,0.,0.));
#2359=DIRECTION('',(0.,1.,0.));
#2360=DIRECTION('',(0.,1.,2.41352831440252E-16));
#2361=DIRECTION('',(0.,0.975245435742363,-0.221125168318055));
#2362=DIRECTION('',(0.,0.,-1.));
#2363=DIRECTION('',(0.,-0.572804307200251,-0.819692152977471));
#2364=DIRECTION('',(0.,-1.,0.));
#2365=DIRECTION('',(0.,-0.896388342514394,0.443269601263494));
#2366=DIRECTION('',(0.,-0.499598169196701,0.866257276642052));
#2367=DIRECTION('',(0.,0.865909397453539,-0.500200875050863));
#2368=DIRECTION('',(0.,-1.,-2.66880534765662E-16));
#2369=DIRECTION('',(0.,-0.946412814236988,0.322959417029486));
#2370=DIRECTION('',(0.,-0.8226557864306,0.56853975855014));
#2371=DIRECTION('',(0.,0.,1.));
#2372=DIRECTION('',(0.,0.875544246002407,0.483137944372078));
#2373=DIRECTION('',(0.,0.92610220238168,0.377272727272728));
#2374=DIRECTION('',(0.,0.972039234882375,0.234818495543447));
#2375=DIRECTION('',(0.,0.996413173733375,0.0846214346993932));
#2376=DIRECTION('',(0.,0.999847695156391,0.017452406437284));
#2377=DIRECTION('',(-0.707106781186546,-0.341630116714026,0.619103273577166));
#2378=DIRECTION('',(0.,-0.875544246002407,-0.483137944372078));
#2379=DIRECTION('',(-0.679184283379349,0.0845283920912938,-0.729084124186599));
#2380=DIRECTION('',(0.588649710412397,-0.769503493126006,0.247701216182474));
#2381=DIRECTION('',(-0.546685374466008,-0.721068676665363,0.425670136228774));
#2382=DIRECTION('',(0.796868031629608,-0.604153407808608,0.));
#2383=DIRECTION('',(3.78478419113834E-15,-0.508361119494756,-0.861143990390712));
#2384=DIRECTION('',(0.679184283379346,-0.679184283379346,-0.27823985771447));
#2385=DIRECTION('',(-0.686093231817539,-0.313520102699279,0.656491601208728));
#2386=DIRECTION('',(0.691348301860461,0.,0.722521643630595));
#2387=DIRECTION('',(-0.588649710412326,-0.291035166980809,-0.754181708881843));
#2388=DIRECTION('',(-1.24139131760223E-15,-0.902377051066584,-0.43094739552337));
#2389=DIRECTION('',(-0.707106781186548,-0.707106781186548,0.));
#2390=DIRECTION('',(0.,0.,-1.));
#2391=DIRECTION('',(-0.670231876003163,0.670231876003163,-0.318713766220664));
#2392=DIRECTION('',(0.,0.861143990390712,-0.508361119494756));
#2393=DIRECTION('',(-1.,0.,0.));
#2394=DIRECTION('',(1.42157839506265E-15,0.508361119494756,0.861143990390712));
#2395=DIRECTION('',(-0.707106781186546,0.341630116714026,-0.619103273577166));
#2396=DIRECTION('',(0.,0.875544246002407,0.483137944372078));
#2397=DIRECTION('',(-0.588649710412391,-0.769503493126014,0.247701216182461));
#2398=DIRECTION('',(0.679184283379349,0.0845283920912931,-0.729084124186599));
#2399=DIRECTION('',(0.,0.43094739552337,-0.902377051066584));
#2400=DIRECTION('',(-1.,0.,0.));
#2401=DIRECTION('',(1.61818098931547E-16,0.902377051066584,0.43094739552337));
#2402=DIRECTION('',(-0.70710678118655,-0.266772103811287,0.65485314737588));
#2403=DIRECTION('',(0.,-0.92610220238168,-0.377272727272728));
#2404=DIRECTION('',(0.59177464150586,-0.730173915118971,0.34153891044864));
#2405=DIRECTION('',(-0.553579055132065,-0.737516477736592,-0.386807025254328));
#2406=DIRECTION('',(0.799770030708807,-0.600306503363102,0.));
#2407=DIRECTION('',(-2.77555756156289E-17,-0.464467566924677,0.885590130520361));
#2408=DIRECTION('',(-0.670231876003162,0.118861744958925,0.732571578737943));
#2409=DIRECTION('',(0.546685374466007,-0.721068676665363,0.425670136228775));
#2410=DIRECTION('',(0.796868031629608,0.604153407808608,0.));
#2411=DIRECTION('',(-0.679184283379346,-0.679184283379346,-0.278239857714469));
#2412=DIRECTION('',(0.686093231817538,-0.31352010269928,0.656491601208728));
#2413=DIRECTION('',(0.691348301860462,0.,-0.722521643630595));
#2414=DIRECTION('',(0.588649710412328,-0.291035166980805,-0.754181708881843));
#2415=DIRECTION('',(-0.680215664849847,-0.22496600321125,0.697636686744638));
#2416=DIRECTION('',(0.715989933477908,0.,0.698110603814539));
#2417=DIRECTION('',(-0.591774641505892,-0.393098053445422,-0.703758974399612));
#2418=DIRECTION('',(2.85628572450313E-16,-0.951739739108916,-0.306906287001249));
#2419=DIRECTION('',(0.707106781186549,0.402018318644966,0.581705485167428));
#2420=DIRECTION('',(0.,0.8226557864306,-0.56853975855014));
#2421=DIRECTION('',(0.603942182000146,-0.771231320579658,-0.201136995497744));
#2422=DIRECTION('',(0.,-0.885590130520361,-0.464467566924677));
#2423=DIRECTION('',(1.,0.,0.));
#2424=DIRECTION('',(2.40664385185663E-15,0.464467566924677,-0.885590130520361));
#2425=DIRECTION('',(-0.707106781186548,0.707106781186548,0.));
#2426=DIRECTION('',(0.,0.,1.));
#2427=DIRECTION('',(0.670231876003163,0.670231876003163,-0.318713766220665));
#2428=DIRECTION('',(-0.70710678118655,0.266772103811288,-0.65485314737588));
#2429=DIRECTION('',(0.,0.92610220238168,0.377272727272728));
#2430=DIRECTION('',(-0.591774641505864,-0.730173915118965,0.341538910448646));
#2431=DIRECTION('',(0.,0.30690628700125,-0.951739739108916));
#2432=DIRECTION('',(-1.,0.,0.));
#2433=DIRECTION('',(2.72580066287325E-16,0.951739739108916,0.306906287001249));
#2434=DIRECTION('',(-0.707106781186547,-0.166041750546795,0.687335534564711));
#2435=DIRECTION('',(0.,-0.972039234882375,-0.234818495543447));
#2436=DIRECTION('',(0.592014763850879,-0.670568664970591,0.447052776461736));
#2437=DIRECTION('',(-0.65726110590716,-0.339166451969139,-0.673033399260662));
#2438=DIRECTION('',(-0.715440127070801,0.,0.698674047447675));
#2439=DIRECTION('',(1.41161010904855E-16,0.893016435740319,-0.450024049910288));
#2440=DIRECTION('',(-0.60394218200016,-0.297183830215471,0.739550952848651));
#2441=DIRECTION('',(0.553579055132066,-0.737516477736592,-0.386807025254326));
#2442=DIRECTION('',(0.799770030708807,0.600306503363102,0.));
#2443=DIRECTION('',(0.670231876003161,0.118861744958927,0.732571578737943));
#2444=DIRECTION('',(0.680215664849847,-0.22496600321125,0.697636686744638));
#2445=DIRECTION('',(0.715989933477908,0.,-0.698110603814539));
#2446=DIRECTION('',(0.591774641505895,-0.393098053445416,-0.703758974399613));
#2447=DIRECTION('',(-0.679763307593428,-0.117484173316032,0.723960851614154));
#2448=DIRECTION('',(0.729009420457418,0.,0.684503663163565));
#2449=DIRECTION('',(-0.592014763850883,-0.494784222867794,-0.636165931329002));
#2450=DIRECTION('',(4.7369065263497E-17,-0.987087134207429,-0.160184236060125));
#2451=DIRECTION('',(0.707106781186547,0.228366793829604,0.669214918748819));
#2452=DIRECTION('',(0.,0.946412814236988,-0.322959417029485));
#2453=DIRECTION('',(0.609068028373473,-0.677489671900278,-0.412363772998677));
#2454=DIRECTION('',(0.,0.450024049910288,0.893016435740319));
#2455=DIRECTION('',(-1.,0.,0.));
#2456=DIRECTION('',(7.60124639342175E-16,-0.893016435740319,0.450024049910288));
#2457=DIRECTION('',(0.70710678118655,-0.402018318644965,-0.581705485167428));
#2458=DIRECTION('',(0.,-0.8226557864306,0.56853975855014));
#2459=DIRECTION('',(-0.603942182000148,-0.771231320579655,-0.201136995497749));
#2460=DIRECTION('',(-0.707106781186547,0.166041750546795,-0.687335534564711));
#2461=DIRECTION('',(0.,0.972039234882375,0.234818495543447));
#2462=DIRECTION('',(-0.592014763850877,-0.670568664970595,0.447052776461732));
#2463=DIRECTION('',(0.,0.160184236060125,-0.987087134207429));
#2464=DIRECTION('',(-1.,0.,0.));
#2465=DIRECTION('',(2.04156176904372E-17,0.987087134207429,0.160184236060125));
#2466=DIRECTION('',(-0.707106781186547,-0.0598363903096756,0.704570512010479));
#2467=DIRECTION('',(0.,-0.996413173733375,-0.0846214346993932));
#2468=DIRECTION('',(0.583824056951703,-0.611560297676845,0.533988270311122));
#2469=DIRECTION('',(-0.647641642236301,-0.124720873987539,-0.751668149407204));
#2470=DIRECTION('',(-0.757583460815837,0.,0.652738308894383));
#2471=DIRECTION('',(4.28563789069973E-17,0.986512243775258,-0.163687485415062));
#2472=DIRECTION('',(-0.609068028373472,-0.508008143267905,0.609068028373471));
#2473=DIRECTION('',(0.657261105907161,-0.339166451969138,-0.673033399260662));
#2474=DIRECTION('',(-0.7154401270708,0.,-0.698674047447676));
#2475=DIRECTION('',(0.603942182000161,-0.297183830215469,0.739550952848651));
#2476=DIRECTION('',(0.679763307593427,-0.117484173316032,0.723960851614155));
#2477=DIRECTION('',(0.729009420457419,0.,-0.684503663163564));
#2478=DIRECTION('',(0.592014763850881,-0.494784222867798,-0.636165931329));
#2479=DIRECTION('',(-0.695122748172404,-0.0367107496281464,0.717953122310214));
#2480=DIRECTION('',(0.718437397073063,0.,0.695591623358765));
#2481=DIRECTION('',(-0.58382405695175,-0.553904821532318,-0.59358143435223));
#2482=DIRECTION('',(-4.25767603126587E-16,-0.998695290744154,-0.051065803092192));
#2483=DIRECTION('',(0.707106781186547,-1.88713035899492E-16,0.707106781186548));
#2484=DIRECTION('',(0.,1.,2.66880534765662E-16));
#2485=DIRECTION('',(-0.707106781186548,0.,0.707106781186547));
#2486=DIRECTION('',(0.,0.163687485415062,0.986512243775258));
#2487=DIRECTION('',(-1.,0.,0.));
#2488=DIRECTION('',(7.28558441418953E-16,-0.986512243775258,0.163687485415062));
#2489=DIRECTION('',(0.707106781186548,-0.228366793829603,-0.669214918748818));
#2490=DIRECTION('',(0.,-0.946412814236988,0.322959417029485));
#2491=DIRECTION('',(-0.609068028373474,-0.677489671900275,-0.412363772998681));
#2492=DIRECTION('',(-0.707106781186547,0.0598363903096756,-0.704570512010479));
#2493=DIRECTION('',(0.,0.996413173733375,0.0846214346993932));
#2494=DIRECTION('',(-0.583824056951683,-0.611560297676886,0.533988270311097));
#2495=DIRECTION('',(0.,0.051065803092192,-0.998695290744154));
#2496=DIRECTION('',(-1.,0.,0.));
#2497=DIRECTION('',(2.6952093842141E-16,0.998695290744154,0.051065803092192));
#2498=DIRECTION('',(-0.707106781186547,-0.0123407149398273,0.706999085398825));
#2499=DIRECTION('',(0.,-0.999847695156391,-0.017452406437284));
#2500=DIRECTION('',(0.579029727110405,-0.583994653953868,0.568924264973601));
#2501=DIRECTION('',(-0.654603556367837,-0.378138027684551,-0.654603556367835));
#2502=DIRECTION('',(-0.707106781186546,0.,0.707106781186549));
#2503=DIRECTION('',(0.707106781186547,-0.612536394565787,-0.353269253307372));
#2504=DIRECTION('',(0.,-0.865909397453539,0.500200875050863));
#2505=DIRECTION('',(0.647641642236302,-0.124720873987538,-0.751668149407203));
#2506=DIRECTION('',(-0.757583460815836,0.,-0.652738308894384));
#2507=DIRECTION('',(0.609068028373472,-0.508008143267904,0.609068028373472));
#2508=DIRECTION('',(0.695122748172402,-0.036710749628147,0.717953122310215));
#2509=DIRECTION('',(0.718437397073064,0.,-0.695591623358764));
#2510=DIRECTION('',(0.583824056951729,-0.553904821532363,-0.593581434352209));
#2511=DIRECTION('',(-0.704014843480218,-0.00619745686115924,0.710158215954711));
#2512=DIRECTION('',(0.710171854393402,0.,0.704028363936736));
#2513=DIRECTION('',(-0.579029727110409,-0.573976611235068,-0.579029727110409));
#2514=DIRECTION('',(-2.46404389345173E-18,-0.999961923064171,-0.00872653549837583));
#2515=DIRECTION('',(-0.707106781186548,-0.612536394565786,-0.353269253307371));
#2516=DIRECTION('',(0.,0.499598169196701,-0.866257276642052));
#2517=DIRECTION('',(-0.634258724957076,0.77029190671432,-0.0660775927697326));
#2518=DIRECTION('',(0.,0.500200875050863,0.865909397453539));
#2519=DIRECTION('',(-1.,0.,0.));
#2520=DIRECTION('',(0.,0.865909397453539,-0.500200875050863));
#2521=DIRECTION('',(0.707106781186548,1.88713035899492E-16,-0.707106781186548));
#2522=DIRECTION('',(0.,-1.,-2.66880534765662E-16));
#2523=DIRECTION('',(-0.707106781186547,0.,-0.707106781186548));
#2524=DIRECTION('',(-0.707106781186547,0.0123407149398273,-0.706999085398825));
#2525=DIRECTION('',(0.,0.999847695156391,0.017452406437284));
#2526=DIRECTION('',(-0.579029727110377,-0.583994653953923,0.568924264973573));
#2527=DIRECTION('',(0.,0.00872653549837583,-0.999961923064171));
#2528=DIRECTION('',(-1.,0.,0.));
#2529=DIRECTION('',(7.03119871371732E-16,0.999961923064171,0.00872653549837583));
#2530=DIRECTION('',(-0.707106781186548,-1.70662223769976E-16,0.707106781186548));
#2531=DIRECTION('',(0.,-1.,-2.41352831440252E-16));
#2532=DIRECTION('',(0.598830738619798,-0.531792716166868,0.598830738619798));
#2533=DIRECTION('',(-0.602507199542225,-0.546037800995993,-0.582089163602318));
#2534=DIRECTION('',(-0.694815686398946,0.,0.719187848850327));
#2535=DIRECTION('',(7.37068719158003E-16,0.729331357203546,-0.684160632746165));
#2536=DIRECTION('',(0.634258724957077,0.115124718260835,-0.76450125510766));
#2537=DIRECTION('',(0.654603556367837,-0.37813802768455,-0.654603556367836));
#2538=DIRECTION('',(-0.707106781186547,0.,-0.707106781186548));
#2539=DIRECTION('',(0.707106781186548,0.612536394565786,0.353269253307372));
#2540=DIRECTION('',(0.704014843480218,-0.00619745686115974,0.710158215954712));
#2541=DIRECTION('',(0.710171854393402,0.,-0.704028363936736));
#2542=DIRECTION('',(0.579029727110377,-0.57397661123513,-0.579029727110378));
#2543=DIRECTION('',(-0.666901050004676,0.0828999344458292,0.740520486125494));
#2544=DIRECTION('',(0.743078253372507,0.,0.669204534776076));
#2545=DIRECTION('',(0.598830738619793,0.651044967074106,0.466414190748469));
#2546=DIRECTION('',(-1.58845068397607E-15,0.993792089861447,-0.111253234239811));
#2547=DIRECTION('',(-0.707106781186548,-0.313438940947273,-0.633842275568498));
#2548=DIRECTION('',(0.,0.896388342514394,-0.443269601263494));
#2549=DIRECTION('',(-0.621712150955066,0.702617076581912,0.346126053700545));
#2550=DIRECTION('',(0.,0.684160632746165,0.729331357203546));
#2551=DIRECTION('',(-1.,0.,0.));
#2552=DIRECTION('',(-4.88423525089381E-16,-0.729331357203547,0.684160632746165));
#2553=DIRECTION('',(-0.707106781186548,0.612536394565786,0.353269253307371));
#2554=DIRECTION('',(0.,-0.499598169196701,0.866257276642052));
#2555=DIRECTION('',(0.634258724957076,0.77029190671432,-0.0660775927697333));
#2556=DIRECTION('',(-0.707106781186548,1.70662223769976E-16,-0.707106781186547));
#2557=DIRECTION('',(0.,1.,2.41352831440252E-16));
#2558=DIRECTION('',(-0.598830738619797,-0.531792716166869,0.598830738619798));
#2559=DIRECTION('',(0.,0.111253234239811,0.993792089861447));
#2560=DIRECTION('',(1.,0.,0.));
#2561=DIRECTION('',(-1.10985722198128E-16,-0.993792089861447,0.111253234239811));
#2562=DIRECTION('',(0.70710678118655,-0.156359106008713,-0.689602660934653));
#2563=DIRECTION('',(0.,-0.975245435742363,0.221125168318055));
#2564=DIRECTION('',(-0.700046732598365,-0.0173293518254571,-0.713886731732467));
#2565=DIRECTION('',(-0.624383471441253,-0.177789431391534,-0.760615670806515));
#2566=DIRECTION('',(-0.772929556648078,0.,0.634491844281552));
#2567=DIRECTION('',(2.2226385614886E-16,0.973752623235079,-0.227608938187416));
#2568=DIRECTION('',(0.621712150955065,0.476390598888824,-0.621712150955065));
#2569=DIRECTION('',(0.602507199542224,-0.546037800995994,-0.582089163602318));
#2570=DIRECTION('',(-0.694815686398946,0.,-0.719187848850328));
#2571=DIRECTION('',(-0.634258724957076,0.115124718260836,-0.76450125510766));
#2572=DIRECTION('',(0.666901050004676,0.0828999344458301,0.740520486125494));
#2573=DIRECTION('',(0.743078253372507,0.,-0.669204534776076));
#2574=DIRECTION('',(-0.598830738619794,0.651044967074107,0.466414190748468));
#2575=DIRECTION('',(-0.548352208278025,0.653431276118454,0.521859581752431));
#2576=DIRECTION('',(-0.766010808898481,-0.642827691260026,0.));
#2577=DIRECTION('',(0.700046732598367,0.700046732598367,-0.140957952442217));
#2578=DIRECTION('',(-1.92342049046539E-15,-0.624049209470672,0.781385042190487));
#2579=DIRECTION('',(-0.707106781186548,0.,-0.707106781186548));
#2580=DIRECTION('',(0.,1.,0.));
#2581=DIRECTION('',(-0.669757362995695,0.320702587183367,0.669757362995695));
#2582=DIRECTION('',(0.,0.227608938187416,0.973752623235079));
#2583=DIRECTION('',(-1.,0.,0.));
#2584=DIRECTION('',(1.77811084919088E-16,-0.973752623235079,0.227608938187416));
#2585=DIRECTION('',(-0.707106781186548,0.313438940947273,0.633842275568498));
#2586=DIRECTION('',(0.,-0.896388342514394,0.443269601263494));
#2587=DIRECTION('',(0.621712150955065,0.702617076581913,0.346126053700545));
#2588=DIRECTION('',(0.707106781186549,0.156359106008713,0.689602660934653));
#2589=DIRECTION('',(0.,0.975245435742363,-0.221125168318055));
#2590=DIRECTION('',(0.700046732598365,-0.0173293518254552,-0.713886731732467));
#2591=DIRECTION('',(0.,-0.781385042190487,-0.624049209470672));
#2592=DIRECTION('',(-1.,0.,0.));
#2593=DIRECTION('',(-7.54350107912066E-16,0.624049209470672,-0.781385042190487));
#2594=DIRECTION('',(0.707106781186548,-0.707106781186548,0.));
#2595=DIRECTION('',(0.,0.,1.));
#2596=DIRECTION('',(-0.636345922762245,-0.636345922762245,-0.436036389728809));
#2597=DIRECTION('',(0.707106781186545,-0.579609879855772,0.405033809914161));
#2598=DIRECTION('',(0.,0.572804307200251,0.819692152977471));
#2599=DIRECTION('',(-0.669757362995699,-0.732694678115347,0.120762508149241));
#2600=DIRECTION('',(0.636345922762248,0.271844237334712,-0.72191729250086));
#2601=DIRECTION('',(-0.554023096424776,0.384754185828101,-0.738256476514537));
#2602=DIRECTION('',(-0.79982797205221,0.,0.60022930211949));
#2603=DIRECTION('',(-7.4606050293959E-16,-0.886793185359543,-0.462166470440982));
#2604=DIRECTION('',(0.624383471441253,-0.177789431391534,-0.760615670806515));
#2605=DIRECTION('',(-0.772929556648078,0.,-0.634491844281552));
#2606=DIRECTION('',(-0.621712150955064,0.476390598888825,-0.621712150955065));
#2607=DIRECTION('',(0.548352208278024,0.653431276118454,0.521859581752432));
#2608=DIRECTION('',(-0.766010808898482,0.642827691260025,0.));
#2609=DIRECTION('',(-0.700046732598366,0.700046732598366,-0.140957952442219));
#2610=DIRECTION('',(-0.599034634725199,0.763776565239481,-0.24042226350866));
#2611=DIRECTION('',(-0.786856323229739,-0.617136230174,0.));
#2612=DIRECTION('',(-8.8034298206959E-16,0.300256429591883,0.953858520163622));
#2613=DIRECTION('',(0.,0.462166470440982,-0.886793185359543));
#2614=DIRECTION('',(1.,0.,0.));
#2615=DIRECTION('',(2.77555756156289E-17,0.886793185359543,0.462166470440982));
#2616=DIRECTION('',(-0.707106781186548,0.,0.707106781186547));
#2617=DIRECTION('',(0.,-1.,0.));
#2618=DIRECTION('',(0.669757362995694,0.320702587183369,0.669757362995695));
#2619=DIRECTION('',(0.707106781186548,0.707106781186548,0.));
#2620=DIRECTION('',(0.,0.,-1.));
#2621=DIRECTION('',(0.636345922762244,-0.636345922762244,-0.436036389728811));
#2622=DIRECTION('',(0.,-0.953858520163622,0.300256429591883));
#2623=DIRECTION('',(-1.,0.,0.));
#2624=DIRECTION('',(6.48673776261804E-16,-0.300256429591883,-0.953858520163622));
#2625=DIRECTION('',(0.554023096424776,0.384754185828101,-0.738256476514537));
#2626=DIRECTION('',(-0.79982797205221,0.,-0.60022930211949));
#2627=DIRECTION('',(0.669757362995698,-0.732694678115348,0.120762508149241));
#2628=DIRECTION('',(0.599034634725199,0.763776565239482,-0.24042226350866));
#2629=DIRECTION('',(-0.786856323229739,0.617136230174,0.));
#2630=DIRECTION('',(-0.636345922762248,0.271844237334712,-0.72191729250086));
#2631=DIRECTION('',(0.707106781186546,0.579609879855772,-0.405033809914161));
#2632=DIRECTION('',(0.,-0.572804307200251,-0.819692152977471));
#2633=DIRECTION('',(0.,0.,1.));
#2634=DIRECTION('',(1.,0.,0.));
#2635=DIRECTION('',(-1.,1.83697019872103E-16,0.));
#2636=DIRECTION('',(-1.83697019872103E-16,-1.,0.));
#2637=DIRECTION('',(-1.,1.83697019872103E-16,0.));
#2638=DIRECTION('',(1.83697019872103E-16,1.,0.));
#2639=DIRECTION('',(-1.,1.83697019872103E-16,0.));
#2640=DIRECTION('',(1.83697019872103E-16,1.,0.));
#2641=DIRECTION('',(0.493954857079536,-0.869487549748434,0.));
#2642=DIRECTION('',(0.869487549748434,0.493954857079536,0.));
#2643=DIRECTION('',(-0.493954857079536,0.869487549748434,0.));
#2644=DIRECTION('',(-0.869487549748434,-0.493954857079536,0.));
#2645=DIRECTION('',(-0.493954857079536,0.869487549748434,0.));
#2646=DIRECTION('',(-0.869487549748434,-0.493954857079536,0.));
#2647=DIRECTION('',(-0.493954857079536,0.869487549748434,0.));
#2648=DIRECTION('',(-0.869487549748434,-0.493954857079536,0.));
#2649=DIRECTION('',(-0.493954857079536,0.869487549748434,0.));
#2650=DIRECTION('',(-0.869487549748434,-0.493954857079537,0.));
#2651=DIRECTION('',(0.,0.,1.));
#2652=DIRECTION('',(1.,0.,0.));
#2653=DIRECTION('',(-1.,1.83697019872102E-16,0.));
#2654=DIRECTION('',(-1.83697019872102E-16,-1.,0.));
#2655=DIRECTION('',(-1.,1.83697019872102E-16,0.));
#2656=DIRECTION('',(1.83697019872102E-16,1.,0.));
#2657=DIRECTION('',(-1.,1.83697019872102E-16,0.));
#2658=DIRECTION('',(1.83697019872102E-16,1.,0.));
#2659=DIRECTION('',(0.960107845242449,-0.279629979622897,0.));
#2660=DIRECTION('',(0.279629979622897,0.960107845242449,0.));
#2661=DIRECTION('',(-0.960107845242449,0.279629979622897,0.));
#2662=DIRECTION('',(-0.279629979622897,-0.960107845242449,0.));
#2663=DIRECTION('',(-0.960107845242449,0.279629979622897,0.));
#2664=DIRECTION('',(-0.279629979622897,-0.960107845242449,0.));
#2665=DIRECTION('',(-0.960107845242449,0.279629979622897,0.));
#2666=DIRECTION('',(-0.279629979622897,-0.960107845242449,0.));
#2667=DIRECTION('',(-0.960107845242449,0.279629979622897,0.));
#2668=DIRECTION('',(-0.279629979622897,-0.960107845242449,0.));
#2669=DIRECTION('',(0.,0.,1.));
#2670=DIRECTION('',(1.,0.,0.));
#2671=DIRECTION('',(1.,1.83697019872102E-16,0.));
#2672=DIRECTION('',(1.83697019872102E-16,-1.,0.));
#2673=DIRECTION('',(-1.,-1.83697019872102E-16,0.));
#2674=DIRECTION('',(-1.83697019872102E-16,1.,0.));
#2675=DIRECTION('',(-1.,-1.83697019872102E-16,0.));
#2676=DIRECTION('',(-1.83697019872102E-16,1.,0.));
#2677=DIRECTION('',(-0.960107845242449,-0.279629979622897,0.));
#2678=DIRECTION('',(-0.279629979622897,0.960107845242449,0.));
#2679=DIRECTION('',(-0.960107845242449,-0.279629979622897,0.));
#2680=DIRECTION('',(0.279629979622897,-0.960107845242449,0.));
#2681=DIRECTION('',(-0.960107845242449,-0.279629979622897,0.));
#2682=DIRECTION('',(0.279629979622897,-0.960107845242449,0.));
#2683=DIRECTION('',(0.960107845242449,0.279629979622897,0.));
#2684=DIRECTION('',(0.279629979622897,-0.960107845242449,0.));
#2685=DIRECTION('',(0.960107845242449,0.279629979622897,0.));
#2686=DIRECTION('',(0.279629979622897,-0.960107845242449,0.));
#2687=DIRECTION('',(0.,0.,1.));
#2688=DIRECTION('',(1.,0.,0.));
#2689=CARTESIAN_POINT('',(0.,0.,0.));
#2690=CARTESIAN_POINT('',(-3.00483416107297E-17,-0.0923662680160128,0.052));
#2691=CARTESIAN_POINT('',(-2.86136199911975E-17,-0.0845546455642616,0.037));
#2692=CARTESIAN_POINT('',(-3.14835635207035E-17,-0.100177890467767,0.037));
#2693=CARTESIAN_POINT('',(-2.81892564846231E-17,-0.0845546455642616,0.037));
#2694=CARTESIAN_POINT('',(-3.06765408768616E-17,-0.0980947911472999,0.037));
#2695=CARTESIAN_POINT('',(0.857805386176688,-0.342200808839319,0.052));
#2696=CARTESIAN_POINT('',(0.85990261102386,-0.335,0.037));
#2697=CARTESIAN_POINT('',(0.863537800758958,-0.322518598011848,0.037));
#2698=CARTESIAN_POINT('',(0.85990261102386,-0.335,0.037));
#2699=CARTESIAN_POINT('',(0.864097060718203,-0.320598382321363,0.037));
#2700=CARTESIAN_POINT('',(-1.92021569023204E-6,-0.0845540863043024,0.037));
#2701=CARTESIAN_POINT('',(-0.00363710995078814,-0.0834953427094158,0.037));
#2702=CARTESIAN_POINT('',(0.,0.,0.));
#2703=CARTESIAN_POINT('',(3.00483416107297E-17,-0.0923662680160128,0.052));
#2704=CARTESIAN_POINT('',(2.86136199911975E-17,-0.0845546455642616,0.037));
#2705=CARTESIAN_POINT('',(3.14835635207035E-17,-0.100177890467767,0.037));
#2706=CARTESIAN_POINT('',(2.81892564846231E-17,-0.0845546455642616,0.037));
#2707=CARTESIAN_POINT('',(3.06765408768616E-17,-0.0980947911472999,0.037));
#2708=CARTESIAN_POINT('',(-0.857805386176688,-0.342200808839319,0.052));
#2709=CARTESIAN_POINT('',(-0.85990261102386,-0.335,0.037));
#2710=CARTESIAN_POINT('',(-0.863537800758958,-0.322518598011848,0.037));
#2711=CARTESIAN_POINT('',(-0.85990261102386,-0.335,0.037));
#2712=CARTESIAN_POINT('',(-0.864097060718203,-0.320598382321363,0.037));
#2713=CARTESIAN_POINT('',(1.92021569023204E-6,-0.0845540863043024,0.037));
#2714=CARTESIAN_POINT('',(0.00363710995078814,-0.0834953427094158,0.037));
#2715=CARTESIAN_POINT('',(0.,0.,0.));
#2716=CARTESIAN_POINT('',(3.31402532650243E-17,0.164213139077222,0.052));
#2717=CARTESIAN_POINT('',(3.59292317983961E-17,0.149029565330534,0.037));
#2718=CARTESIAN_POINT('',(3.03508773018477E-17,0.179396712823903,0.037));
#2719=CARTESIAN_POINT('',(3.64291929955129E-17,0.149029565330534,0.037));
#2720=CARTESIAN_POINT('',(3.15946190985044E-17,0.175347759824787,0.037));
#2721=CARTESIAN_POINT('',(0.350902672940314,0.781892064432783,0.052));
#2722=CARTESIAN_POINT('',(0.357423829563428,0.778187403004687,0.037));
#2723=CARTESIAN_POINT('',(0.368727167710157,0.771765989862653,0.037));
#2724=CARTESIAN_POINT('',(0.357423829563428,0.778187403004687,0.037));
#2725=CARTESIAN_POINT('',(0.370466142809654,0.770778080148494,0.037));
#2726=CARTESIAN_POINT('',(-0.0113043260564437,0.129131045003216,0.037));
#2727=CARTESIAN_POINT('',(-9.87909714089685E-7,0.149027826355435,0.037));
#2728=CARTESIAN_POINT('',(0.,0.,0.));
#2729=CARTESIAN_POINT('',(-3.31402532650243E-17,-0.164213139077222,0.052));
#2730=CARTESIAN_POINT('',(-3.59292317983961E-17,-0.149029565330534,0.037));
#2731=CARTESIAN_POINT('',(-3.03508773018477E-17,-0.179396712823903,0.037));
#2732=CARTESIAN_POINT('',(-3.64291929955129E-17,-0.149029565330534,0.037));
#2733=CARTESIAN_POINT('',(-3.15946190985044E-17,-0.175347759824787,0.037));
#2734=CARTESIAN_POINT('',(-0.350902672940314,-0.781892064432783,0.052));
#2735=CARTESIAN_POINT('',(-0.357423829563428,-0.778187403004687,0.037));
#2736=CARTESIAN_POINT('',(-0.368727167710157,-0.771765989862653,0.037));
#2737=CARTESIAN_POINT('',(-0.357423829563428,-0.778187403004687,0.037));
#2738=CARTESIAN_POINT('',(-0.370466142809654,-0.770778080148494,0.037));
#2739=CARTESIAN_POINT('',(0.0113043260564437,-0.129131045003216,0.037));
#2740=CARTESIAN_POINT('',(9.87909714089685E-7,-0.149027826355435,0.037));
#2741=CARTESIAN_POINT('',(0.,0.,0.));
#2742=CARTESIAN_POINT('',(3.31402532650243E-17,-0.164213139077222,0.052));
#2743=CARTESIAN_POINT('',(3.59292317983961E-17,-0.149029565330534,0.037));
#2744=CARTESIAN_POINT('',(3.03508773018477E-17,-0.179396712823903,0.037));
#2745=CARTESIAN_POINT('',(3.64291929955129E-17,-0.149029565330534,0.037));
#2746=CARTESIAN_POINT('',(3.15946190985044E-17,-0.175347759824787,0.037));
#2747=CARTESIAN_POINT('',(0.350902672940314,-0.781892064432783,0.052));
#2748=CARTESIAN_POINT('',(0.357423829563428,-0.778187403004687,0.037));
#2749=CARTESIAN_POINT('',(0.368727167710157,-0.771765989862653,0.037));
#2750=CARTESIAN_POINT('',(0.357423829563428,-0.778187403004687,0.037));
#2751=CARTESIAN_POINT('',(0.370466142809654,-0.770778080148494,0.037));
#2752=CARTESIAN_POINT('',(-0.0113043260564437,-0.129131045003216,0.037));
#2753=CARTESIAN_POINT('',(-9.87909714089685E-7,-0.149027826355435,0.037));
#2754=CARTESIAN_POINT('',(0.,0.,0.));
#2755=CARTESIAN_POINT('',(0.1,-0.337,0.0533509476423263));
#2756=CARTESIAN_POINT('',(0.09,-0.337,0.0533509476423263));
#2757=CARTESIAN_POINT('',(0.09,-0.337,0.0229018952846527));
#2758=CARTESIAN_POINT('',(0.09,-0.337,0.0504018952846526));
#2759=CARTESIAN_POINT('',(0.1,-0.337,0.0504018952846526));
#2760=CARTESIAN_POINT('',(-0.09,-0.337,0.0504018952846526));
#2761=CARTESIAN_POINT('',(-0.09,-0.337,0.0129018952846526));
#2762=CARTESIAN_POINT('',(-0.09,-0.337,0.0229018952846527));
#2763=CARTESIAN_POINT('',(0.1,-0.337,0.0229018952846527));
#2764=CARTESIAN_POINT('',(0.1,-0.310263686941005,-0.00557564686822692));
#2765=CARTESIAN_POINT('',(-0.09,-0.310263686941005,-0.00557564686822692));
#2766=CARTESIAN_POINT('',(-0.09,-0.328773442135694,0.00721649769915123));
#2767=CARTESIAN_POINT('',(-0.09,-0.291753931746317,-0.018367791435605));
#2768=CARTESIAN_POINT('',(0.1,-0.291753931746317,-0.018367791435605));
#2769=CARTESIAN_POINT('',(0.09,-0.291753931746317,-0.018367791435605));
#2770=CARTESIAN_POINT('',(0.09,-0.337,0.0129018952846526));
#2771=CARTESIAN_POINT('',(0.09,-0.328773442135694,0.00721649769915123));
#2772=CARTESIAN_POINT('',(-0.1,-0.328773442135694,0.00721649769915123));
#2773=CARTESIAN_POINT('',(0.1,-0.247563686941006,-0.0363256468682269));
#2774=CARTESIAN_POINT('',(-0.09,-0.247563686941006,-0.0363256468682269));
#2775=CARTESIAN_POINT('',(-0.09,-0.274063245739642,-0.0272827831914013));
#2776=CARTESIAN_POINT('',(-0.09,-0.22106412814237,-0.0453685105450525));
#2777=CARTESIAN_POINT('',(0.1,-0.22106412814237,-0.0453685105450525));
#2778=CARTESIAN_POINT('',(0.09,-0.22106412814237,-0.0453685105450525));
#2779=CARTESIAN_POINT('',(0.09,-0.283527373882011,-0.0240531890211065));
#2780=CARTESIAN_POINT('',(0.09,-0.274063245739642,-0.0272827831914013));
#2781=CARTESIAN_POINT('',(0.1,-0.274063245739642,-0.0272827831914013));
#2782=CARTESIAN_POINT('',(0.1,-0.1466,-0.0485981047153474));
#2783=CARTESIAN_POINT('',(-0.09,-0.1466,-0.0485981047153474));
#2784=CARTESIAN_POINT('',(-0.09,-0.2016,-0.0485981047153474));
#2785=CARTESIAN_POINT('',(-0.09,-0.0916,-0.0485981047153473));
#2786=CARTESIAN_POINT('',(0.1,-0.0916,-0.0485981047153473));
#2787=CARTESIAN_POINT('',(0.09,-0.0916,-0.0485981047153473));
#2788=CARTESIAN_POINT('',(0.09,-0.2116,-0.0485981047153474));
#2789=CARTESIAN_POINT('',(0.09,-0.2016,-0.0485981047153474));
#2790=CARTESIAN_POINT('',(0.1,-0.2016,-0.0485981047153474));
#2791=CARTESIAN_POINT('',(0.1,-0.0592189037777592,-0.0874048671438717));
#2792=CARTESIAN_POINT('',(-0.09,-0.0368378075555183,-0.126211629572396));
#2793=CARTESIAN_POINT('',(-0.09,-0.076604018308033,-0.0572606774817678));
#2794=CARTESIAN_POINT('',(-0.09,-0.0418337892474853,-0.117549056805976));
#2795=CARTESIAN_POINT('',(0.1,-0.0418337892474853,-0.117549056805976));
#2796=CARTESIAN_POINT('',(0.09,-0.0418337892474853,-0.117549056805976));
#2797=CARTESIAN_POINT('',(0.09,-0.0592189037777592,-0.0874048671438717));
#2798=CARTESIAN_POINT('',(0.09,-0.076604018308033,-0.0572606774817678));
#2799=CARTESIAN_POINT('',(0.1,-0.076604018308033,-0.0572606774817678));
#2800=CARTESIAN_POINT('',(0.1,0.012492584577081,-0.150605814786198));
#2801=CARTESIAN_POINT('',(-0.09,0.0618229767096802,-0.175));
#2802=CARTESIAN_POINT('',(-0.09,-0.0278739241303743,-0.130644325585031));
#2803=CARTESIAN_POINT('',(-0.09,0.0528590932845363,-0.170567303987365));
#2804=CARTESIAN_POINT('',(0.1,0.0528590932845363,-0.170567303987365));
#2805=CARTESIAN_POINT('',(0.09,0.0528590932845363,-0.170567303987365));
#2806=CARTESIAN_POINT('',(0.09,0.012492584577081,-0.150605814786198));
#2807=CARTESIAN_POINT('',(0.09,-0.0278739241303743,-0.130644325585031));
#2808=CARTESIAN_POINT('',(0.1,-0.0278739241303743,-0.130644325585031));
#2809=CARTESIAN_POINT('',(0.1,0.14591148835484,-0.175));
#2810=CARTESIAN_POINT('',(-0.09,0.23,-0.175));
#2811=CARTESIAN_POINT('',(-0.09,0.0718229767096802,-0.175));
#2812=CARTESIAN_POINT('',(-0.09,0.22,-0.175));
#2813=CARTESIAN_POINT('',(0.1,0.22,-0.175));
#2814=CARTESIAN_POINT('',(0.09,0.22,-0.175));
#2815=CARTESIAN_POINT('',(0.09,0.14591148835484,-0.175));
#2816=CARTESIAN_POINT('',(0.09,0.0718229767096802,-0.175));
#2817=CARTESIAN_POINT('',(0.1,0.0718229767096802,-0.175));
#2818=CARTESIAN_POINT('',(0.1,0.27675,-0.1081));
#2819=CARTESIAN_POINT('',(0.09,0.23,-0.175));
#2820=CARTESIAN_POINT('',(0.09,0.317771956927998,-0.0493969215297747));
#2821=CARTESIAN_POINT('',(0.09,0.235728043072002,-0.166803078470225));
#2822=CARTESIAN_POINT('',(-0.1,0.235728043072002,-0.166803078470225));
#2823=CARTESIAN_POINT('',(-0.09,0.235728043072002,-0.166803078470225));
#2824=CARTESIAN_POINT('',(-0.09,0.27675,-0.1081));
#2825=CARTESIAN_POINT('',(-0.09,0.317771956927998,-0.0493969215297747));
#2826=CARTESIAN_POINT('',(0.1,0.317771956927998,-0.0493969215297747));
#2827=CARTESIAN_POINT('',(0.1,0.3235,-0.0206));
#2828=CARTESIAN_POINT('',(0.09,0.3235,-0.0412));
#2829=CARTESIAN_POINT('',(0.09,0.3235,0.1238));
#2830=CARTESIAN_POINT('',(0.09,0.3235,-0.0312));
#2831=CARTESIAN_POINT('',(0.1,0.3235,-0.0312));
#2832=CARTESIAN_POINT('',(-0.09,0.3235,-0.0312));
#2833=CARTESIAN_POINT('',(-0.09,0.3235,-0.0206));
#2834=CARTESIAN_POINT('',(-0.09,0.3235,0.1238));
#2835=CARTESIAN_POINT('',(0.1,0.3235,0.1238));
#2836=CARTESIAN_POINT('',(0.1,0.27675,0.1444));
#2837=CARTESIAN_POINT('',(0.09,0.3235,0.1338));
#2838=CARTESIAN_POINT('',(0.09,0.239752454357424,0.152788748316819));
#2839=CARTESIAN_POINT('',(0.09,0.313747545642577,0.136011251683181));
#2840=CARTESIAN_POINT('',(0.1,0.313747545642577,0.136011251683181));
#2841=CARTESIAN_POINT('',(-0.09,0.313747545642577,0.136011251683181));
#2842=CARTESIAN_POINT('',(-0.09,0.27675,0.1444));
#2843=CARTESIAN_POINT('',(-0.09,0.239752454357424,0.152788748316819));
#2844=CARTESIAN_POINT('',(0.1,0.239752454357424,0.152788748316819));
#2845=CARTESIAN_POINT('',(0.1,0.115,0.155));
#2846=CARTESIAN_POINT('',(0.09,0.115,0.155));
#2847=CARTESIAN_POINT('',(0.09,0.00999999999999924,0.155));
#2848=CARTESIAN_POINT('',(0.09,0.22,0.155));
#2849=CARTESIAN_POINT('',(-0.1,0.22,0.155));
#2850=CARTESIAN_POINT('',(-0.09,0.22,0.155));
#2851=CARTESIAN_POINT('',(-0.09,-3.85625478328196E-17,0.155));
#2852=CARTESIAN_POINT('',(-0.09,0.00999999999999924,0.155));
#2853=CARTESIAN_POINT('',(0.1,0.00999999999999923,0.155));
#2854=CARTESIAN_POINT('',(0.1,-0.018957296865752,0.154669099152345));
#2855=CARTESIAN_POINT('',(0.09,-0.018957296865752,0.154669099152345));
#2856=CARTESIAN_POINT('',(0.09,-0.0279161167799361,0.154512722369062));
#2857=CARTESIAN_POINT('',(0.09,-0.00999847695156836,0.154825475935627));
#2858=CARTESIAN_POINT('',(0.1,-0.00999847695156836,0.154825475935627));
#2859=CARTESIAN_POINT('',(-0.09,-0.00999847695156836,0.154825475935627));
#2860=CARTESIAN_POINT('',(-0.09,-0.0379145937315038,0.15433819830469));
#2861=CARTESIAN_POINT('',(-0.09,-0.0279161167799361,0.154512722369062));
#2862=CARTESIAN_POINT('',(0.1,-0.0279161167799361,0.154512722369062));
#2863=CARTESIAN_POINT('',(0.1,-0.0780202239742699,0.150932185558039));
#2864=CARTESIAN_POINT('',(0.09,-0.0780202239742699,0.150932185558039));
#2865=CARTESIAN_POINT('',(0.09,-0.108161722479702,0.148372387158382));
#2866=CARTESIAN_POINT('',(0.09,-0.0478787254688342,0.153491983957695));
#2867=CARTESIAN_POINT('',(0.1,-0.0478787254688342,0.153491983957695));
#2868=CARTESIAN_POINT('',(-0.09,-0.0478787254688342,0.153491983957695));
#2869=CARTESIAN_POINT('',(-0.09,-0.118125854217036,0.147526172811389));
#2870=CARTESIAN_POINT('',(-0.09,-0.108161722479702,0.148372387158382));
#2871=CARTESIAN_POINT('',(0.1,-0.108161722479702,0.148372387158382));
#2872=CARTESIAN_POINT('',(0.1,-0.160506764857908,0.137288086405694));
#2873=CARTESIAN_POINT('',(-0.09,-0.202887675498779,0.12705));
#2874=CARTESIAN_POINT('',(-0.09,-0.12784624656586,0.145177987855954));
#2875=CARTESIAN_POINT('',(-0.09,-0.193167283149956,0.129398184955434));
#2876=CARTESIAN_POINT('',(0.1,-0.193167283149956,0.129398184955434));
#2877=CARTESIAN_POINT('',(0.09,-0.193167283149956,0.129398184955434));
#2878=CARTESIAN_POINT('',(0.09,-0.160506764857908,0.137288086405694));
#2879=CARTESIAN_POINT('',(0.09,-0.12784624656586,0.145177987855954));
#2880=CARTESIAN_POINT('',(0.1,-0.12784624656586,0.145177987855954));
#2881=CARTESIAN_POINT('',(0.1,-0.228355486064275,0.116675));
#2882=CARTESIAN_POINT('',(-0.09,-0.253823296629771,0.1063));
#2883=CARTESIAN_POINT('',(-0.09,-0.212148697522596,0.123277272727272));
#2884=CARTESIAN_POINT('',(-0.09,-0.244562274605954,0.110072727272727));
#2885=CARTESIAN_POINT('',(0.1,-0.244562274605954,0.110072727272727));
#2886=CARTESIAN_POINT('',(0.09,-0.244562274605954,0.110072727272727));
#2887=CARTESIAN_POINT('',(0.09,-0.228355486064275,0.116675));
#2888=CARTESIAN_POINT('',(0.09,-0.212148697522596,0.123277272727272));
#2889=CARTESIAN_POINT('',(0.1,-0.212148697522596,0.123277272727272));
#2890=CARTESIAN_POINT('',(0.1,-0.295411648314886,0.0833509476423263));
#2891=CARTESIAN_POINT('',(0.09,-0.295411648314886,0.0833509476423263));
#2892=CARTESIAN_POINT('',(0.09,-0.328244557539976,0.0652332747283734));
#2893=CARTESIAN_POINT('',(0.09,-0.262578739089796,0.101468620556279));
#2894=CARTESIAN_POINT('',(0.1,-0.262578739089796,0.101468620556279));
#2895=CARTESIAN_POINT('',(-0.09,-0.262578739089796,0.101468620556279));
#2896=CARTESIAN_POINT('',(-0.09,-0.337,0.0604018952846526));
#2897=CARTESIAN_POINT('',(-0.09,-0.328244557539976,0.0652332747283734));
#2898=CARTESIAN_POINT('',(0.1,-0.328244557539976,0.0652332747283733));
#2899=CARTESIAN_POINT('',(0.1,-0.0060647102529362,-0.01));
#2900=CARTESIAN_POINT('',(0.1,0.315303078470226,-0.0354719569279975));
#2901=CARTESIAN_POINT('',(0.1,0.224788339851151,-0.165));
#2902=CARTESIAN_POINT('',(0.1,0.3135,-0.0380521911452826));
#2903=CARTESIAN_POINT('',(0.1,0.3135,0.1338));
#2904=CARTESIAN_POINT('',(0.1,0.3135,0.125813550608529));
#2905=CARTESIAN_POINT('',(0.1,0.22778874831682,0.145247545642576));
#2906=CARTESIAN_POINT('',(0.1,0.228880518014032,0.145));
#2907=CARTESIAN_POINT('',(0.1,-0.00606471025293624,0.145));
#2908=CARTESIAN_POINT('',(0.1,8.72686779042801E-5,0.145));
#2909=CARTESIAN_POINT('',(0.1,-0.00876754743770822,0.144845438609775));
#2910=CARTESIAN_POINT('',(0.1,-0.0374036467118884,0.144345593637653));
#2911=CARTESIAN_POINT('',(0.1,-0.0193032199388238,0.145882791381104));
#2912=CARTESIAN_POINT('',(0.1,-0.116519355651708,0.137626609009356));
#2913=CARTESIAN_POINT('',(0.1,-0.0458513346135053,0.15469809932346));
#2914=CARTESIAN_POINT('',(0.1,-0.199809981668518,0.117505837344716));
#2915=CARTESIAN_POINT('',(0.1,-0.0781910476581314,0.167050592560826));
#2916=CARTESIAN_POINT('',(0.1,-0.249506389277767,0.097260664418682));
#2917=CARTESIAN_POINT('',(0.1,-0.108261608940661,0.175201571616612));
#2918=CARTESIAN_POINT('',(0.1,-0.327,0.054498572203177));
#2919=CARTESIAN_POINT('',(0.1,-0.327,-0.01));
#2920=CARTESIAN_POINT('',(0.1,-0.327,0.0181466191237921));
#2921=CARTESIAN_POINT('',(0.1,-0.277841976296509,-0.0158266311568004));
#2922=CARTESIAN_POINT('',(0.1,-0.278983978867294,-0.0150373899254536));
#2923=CARTESIAN_POINT('',(0.1,-0.208370405829705,-0.0391339765729775));
#2924=CARTESIAN_POINT('',(0.1,-0.209940745525989,-0.0385981047153474));
#2925=CARTESIAN_POINT('',(0.1,-0.0816,-0.0385981047153473));
#2926=CARTESIAN_POINT('',(0.1,-0.0916,-0.0385981047153473));
#2927=CARTESIAN_POINT('',(0.1,-0.0398523762007173,-0.0684906163133554));
#2928=CARTESIAN_POINT('',(0.1,-0.0679414455416125,-0.0522646957898008));
#2929=CARTESIAN_POINT('',(0.1,-0.0707884539734034,-0.047328245012438));
#2930=CARTESIAN_POINT('',(0.1,-0.0296890307064585,-0.118590864985661));
#2931=CARTESIAN_POINT('',(0.1,-0.0538542835400868,-0.106640997411584));
#2932=CARTESIAN_POINT('',(0.1,0.0641604177882083,-0.165));
#2933=CARTESIAN_POINT('',(0.1,-0.0060647102529362,-0.165));
#2934=CARTESIAN_POINT('',(-0.1,-0.0060647102529362,-0.01));
#2935=CARTESIAN_POINT('',(-0.1,0.23,0.145));
#2936=CARTESIAN_POINT('',(-0.1,8.72686779057293E-5,0.145));
#2937=CARTESIAN_POINT('',(-0.1,0.228880518014031,0.145));
#2938=CARTESIAN_POINT('',(-0.1,0.0388492047498877,0.188087313809624));
#2939=CARTESIAN_POINT('',(-0.1,0.3135,0.125813550608529));
#2940=CARTESIAN_POINT('',(-0.1,0.3135,-0.01));
#2941=CARTESIAN_POINT('',(-0.1,0.3135,-0.0380521911452826));
#2942=CARTESIAN_POINT('',(-0.1,0.221820447288976,-0.169247101869722));
#2943=CARTESIAN_POINT('',(-0.1,0.224788339851151,-0.165));
#2944=CARTESIAN_POINT('',(-0.1,0.0618229767096802,-0.165));
#2945=CARTESIAN_POINT('',(-0.1,0.0641604177882083,-0.165));
#2946=CARTESIAN_POINT('',(-0.1,-0.0324051115428834,-0.117247746147252));
#2947=CARTESIAN_POINT('',(-0.1,-0.0296890307064585,-0.118590864985661));
#2948=CARTESIAN_POINT('',(-0.1,-0.0729374272335795,-0.0436021230233802));
#2949=CARTESIAN_POINT('',(-0.1,-0.0679414455416125,-0.0522646957898008));
#2950=CARTESIAN_POINT('',(-0.1,-0.0679414455416125,-0.0522646957898009));
#2951=CARTESIAN_POINT('',(-0.1,-0.0916,-0.0385981047153473));
#2952=CARTESIAN_POINT('',(-0.1,-0.00606471025293619,-0.0385981047153473));
#2953=CARTESIAN_POINT('',(-0.1,-0.209940745525989,-0.0385981047153474));
#2954=CARTESIAN_POINT('',(-0.1,-0.0360706430567554,-0.0979305504384032));
#2955=CARTESIAN_POINT('',(-0.1,-0.278983978867294,-0.0150373899254536));
#2956=CARTESIAN_POINT('',(-0.1,-0.0966384909676753,-0.141056876292857));
#2957=CARTESIAN_POINT('',(-0.1,-0.327,0.0181466191237921));
#2958=CARTESIAN_POINT('',(-0.1,-0.327,0.0604018952846526));
#2959=CARTESIAN_POINT('',(-0.1,-0.327,0.054498572203177));
#2960=CARTESIAN_POINT('',(-0.1,-0.248991917186051,0.097544557539976));
#2961=CARTESIAN_POINT('',(-0.1,-0.249506389277767,0.0972606644186819));
#2962=CARTESIAN_POINT('',(-0.1,-0.199114948226051,0.117788977976183));
#2963=CARTESIAN_POINT('',(-0.1,-0.199809981668518,0.117505837344716));
#2964=CARTESIAN_POINT('',(-0.1,-0.115777669261601,0.137805780462565));
#2965=CARTESIAN_POINT('',(-0.1,-0.116519355651708,0.137626609009356));
#2966=CARTESIAN_POINT('',(-0.1,-0.0370683793845099,0.144374066567356));
#2967=CARTESIAN_POINT('',(-0.1,-0.0374036467118888,0.144345593637653));
#2968=CARTESIAN_POINT('',(-0.1,0.0001745240643728,0.145001523048436));
#2969=CARTESIAN_POINT('',(-0.1,-0.108261608940661,0.175201571616612));
#2970=CARTESIAN_POINT('',(-0.09,-0.328244557539976,0.0652332747283733));
#2971=CARTESIAN_POINT('',(-0.1,-0.249506389277767,0.0972606644186819));
#2972=CARTESIAN_POINT('',(-0.09,-0.328244557539976,0.0652332747283734));
#2973=CARTESIAN_POINT('',(-0.09,-0.328244557539976,0.0652332747283734));
#2974=CARTESIAN_POINT('',(-0.0968415861677831,-0.330158413832217,0.0532046720986179));
#2975=CARTESIAN_POINT('',(-0.1,-0.249506389277767,0.0972606644186819));
#2976=CARTESIAN_POINT('',(-0.1,-0.249506389277767,0.0972606644186819));
#2977=CARTESIAN_POINT('',(-0.09,-0.253570506847876,0.105770673914502));
#2978=CARTESIAN_POINT('',(-0.1,-0.327,-0.01));
#2979=CARTESIAN_POINT('',(-0.09,-0.337,0.0229018952846527));
#2980=CARTESIAN_POINT('',(0.1,-0.337,0.0504018952846526));
#2981=CARTESIAN_POINT('',(0.09,-0.332622278769988,0.057817585006513));
#2982=CARTESIAN_POINT('',(0.09,-0.295411648314886,0.0833509476423263));
#2983=CARTESIAN_POINT('',(0.09,-0.262578739089796,0.101468620556279));
#2984=CARTESIAN_POINT('',(0.1,-0.327,0.054498572203177));
#2985=CARTESIAN_POINT('',(0.1,-0.262578739089796,0.101468620556279));
#2986=CARTESIAN_POINT('',(0.09,-0.262578739089796,0.101468620556279));
#2987=CARTESIAN_POINT('',(-0.1,-0.0781910476581314,0.167050592560826));
#2988=CARTESIAN_POINT('',(-0.1,-0.199809981668518,0.117505837344716));
#2989=CARTESIAN_POINT('',(-0.09,-0.337,0.0229018952846527));
#2990=CARTESIAN_POINT('',(-0.09,-0.337,0.0229018952846527));
#2991=CARTESIAN_POINT('',(-0.0970460494896624,-0.327523866030179,0.0149179153477552));
#2992=CARTESIAN_POINT('',(0.1,-0.327,0.054498572203177));
#2993=CARTESIAN_POINT('',(0.1,-0.327,0.054498572203177));
#2994=CARTESIAN_POINT('',(0.09,-0.262578739089796,0.101468620556279));
#2995=CARTESIAN_POINT('',(0.0969063236953312,-0.247976840236992,0.101224301945231));
#2996=CARTESIAN_POINT('',(-0.1,-0.199809981668518,0.117505837344716));
#2997=CARTESIAN_POINT('',(-0.1,-0.199809981668518,0.117505837344716));
#2998=CARTESIAN_POINT('',(-0.09,-0.202657990336275,0.126337728841354));
#2999=CARTESIAN_POINT('',(-0.09,-0.310263686941005,-0.00557564686822692));
#3000=CARTESIAN_POINT('',(-0.1,-0.278983978867294,-0.0150373899254536));
#3001=CARTESIAN_POINT('',(0.1,-0.328773442135694,0.00721649769915124));
#3002=CARTESIAN_POINT('',(0.09,-0.332886721067847,0.015059196491902));
#3003=CARTESIAN_POINT('',(0.09,-0.337,0.0533509476423263));
#3004=CARTESIAN_POINT('',(0.1,-0.327,0.0181466191237921));
#3005=CARTESIAN_POINT('',(0.09,-0.228355486064275,0.116675));
#3006=CARTESIAN_POINT('',(0.09,-0.212148697522596,0.123277272727273));
#3007=CARTESIAN_POINT('',(0.1,-0.212148697522596,0.123277272727273));
#3008=CARTESIAN_POINT('',(0.09,-0.212148697522596,0.123277272727272));
#3009=CARTESIAN_POINT('',(-0.1,-0.0458513346135053,0.15469809932346));
#3010=CARTESIAN_POINT('',(-0.1,-0.116519355651708,0.137626609009356));
#3011=CARTESIAN_POINT('',(-0.1,-0.278983978867294,-0.0150373899254536));
#3012=CARTESIAN_POINT('',(-0.09,-0.282908588742979,-0.0228252873135033));
#3013=CARTESIAN_POINT('',(-0.1,-0.278983978867294,-0.0150373899254536));
#3014=CARTESIAN_POINT('',(0.1,-0.327,0.0181466191237921));
#3015=CARTESIAN_POINT('',(0.1,-0.327,0.0181466191237921));
#3016=CARTESIAN_POINT('',(0.09,-0.212148697522596,0.123277272727272));
#3017=CARTESIAN_POINT('',(0.0969647164504557,-0.19779373431472,0.121115502051544));
#3018=CARTESIAN_POINT('',(-0.1,-0.116519355651708,0.137626609009356));
#3019=CARTESIAN_POINT('',(-0.1,-0.116519355651708,0.137626609009356));
#3020=CARTESIAN_POINT('',(-0.09,-0.118003984522781,0.146775187507168));
#3021=CARTESIAN_POINT('',(-0.09,-0.247563686941006,-0.0363256468682269));
#3022=CARTESIAN_POINT('',(-0.09,-0.22106412814237,-0.0453685105450525));
#3023=CARTESIAN_POINT('',(0.1,-0.274063245739642,-0.0272827831914013));
#3024=CARTESIAN_POINT('',(0.09,-0.274063245739642,-0.0272827831914013));
#3025=CARTESIAN_POINT('',(0.1,-0.0966384909676753,-0.141056876292857));
#3026=CARTESIAN_POINT('',(0.0971570026195943,-0.28261447312559,-0.0159842222023595));
#3027=CARTESIAN_POINT('',(0.09,-0.160506764857908,0.137288086405694));
#3028=CARTESIAN_POINT('',(0.09,-0.12784624656586,0.145177987855954));
#3029=CARTESIAN_POINT('',(0.1,-0.127846246565859,0.145177987855954));
#3030=CARTESIAN_POINT('',(0.09,-0.12784624656586,0.145177987855954));
#3031=CARTESIAN_POINT('',(-0.1,-0.0193032199388238,0.145882791381104));
#3032=CARTESIAN_POINT('',(-0.096809301446469,-0.04074592857568,0.147263931074072));
#3033=CARTESIAN_POINT('',(-0.09,-0.22106412814237,-0.0453685105450525));
#3034=CARTESIAN_POINT('',(-0.09,-0.22106412814237,-0.0453685105450525));
#3035=CARTESIAN_POINT('',(-0.0972204881692555,-0.207622425439317,-0.0413776165460919));
#3036=CARTESIAN_POINT('',(0.09,-0.274063245739642,-0.0272827831914013));
#3037=CARTESIAN_POINT('',(0.09,-0.274063245739642,-0.0272827831914013));
#3038=CARTESIAN_POINT('',(0.09,-0.12784624656586,0.145177987855954));
#3039=CARTESIAN_POINT('',(0.0969690556926856,-0.113986203583177,0.140883594520201));
#3040=CARTESIAN_POINT('',(-0.09,-0.0279161167799361,0.154512722369062));
#3041=CARTESIAN_POINT('',(-0.09,-0.0279161167799363,0.154512722369062));
#3042=CARTESIAN_POINT('',(-0.09,-0.0279161167799361,0.154512722369062));
#3043=CARTESIAN_POINT('',(-0.09,-0.1466,-0.0485981047153474));
#3044=CARTESIAN_POINT('',(-0.09,-0.0916,-0.0485981047153473));
#3045=CARTESIAN_POINT('',(0.1,-0.2016,-0.0485981047153474));
#3046=CARTESIAN_POINT('',(0.09,-0.211332064071185,-0.0469833076301999));
#3047=CARTESIAN_POINT('',(0.1,-0.0360706430567554,-0.0979305504384032));
#3048=CARTESIAN_POINT('',(0.1,-0.209940745525989,-0.0385981047153474));
#3049=CARTESIAN_POINT('',(0.09,-0.0780202239742699,0.150932185558039));
#3050=CARTESIAN_POINT('',(0.1,-0.0374036467118882,0.144345593637653));
#3051=CARTESIAN_POINT('',(0.1,-0.0478787254688338,0.153491983957695));
#3052=CARTESIAN_POINT('',(0.09,-0.0378974211243841,0.154002353163379));
#3053=CARTESIAN_POINT('',(-0.1,-0.00876754743770821,0.144845438609775));
#3054=CARTESIAN_POINT('',(-0.0967049978568417,-0.00323598666854182,0.148237496426544));
#3055=CARTESIAN_POINT('',(-0.09,-0.076604018308033,-0.0572606774817678));
#3056=CARTESIAN_POINT('',(-0.1,-0.0679414455416125,-0.0522646957898008));
#3057=CARTESIAN_POINT('',(-0.09,-0.076604018308033,-0.0572606774817678));
#3058=CARTESIAN_POINT('',(0.1,-0.209940745525989,-0.0385981047153474));
#3059=CARTESIAN_POINT('',(0.1,-0.209940745525989,-0.0385981047153474));
#3060=CARTESIAN_POINT('',(0.1,-0.0374036467118884,0.144345593637653));
#3061=CARTESIAN_POINT('',(0.1,-0.0374036467118889,0.144345593637653));
#3062=CARTESIAN_POINT('',(-0.09,0.00999999999999924,0.155));
#3063=CARTESIAN_POINT('',(-0.09,0.00999999999999933,0.155));
#3064=CARTESIAN_POINT('',(-0.09,0.00999999999999924,0.155));
#3065=CARTESIAN_POINT('',(-0.1,-0.0707884539734034,-0.047328245012438));
#3066=CARTESIAN_POINT('',(-0.1,-0.0296890307064585,-0.118590864985661));
#3067=CARTESIAN_POINT('',(0.1,-0.076604018308033,-0.0572606774817678));
#3068=CARTESIAN_POINT('',(0.09,-0.076604018308033,-0.0572606774817678));
#3069=CARTESIAN_POINT('',(0.1,-0.00606471025293619,-0.0385981047153473));
#3070=CARTESIAN_POINT('',(0.1,-0.0916,-0.0385981047153473));
#3071=CARTESIAN_POINT('',(0.09,-0.018957296865752,0.154669099152345));
#3072=CARTESIAN_POINT('',(0.1,8.72686779053034E-5,0.145));
#3073=CARTESIAN_POINT('',(0.1,-0.00999847695156863,0.154825475935627));
#3074=CARTESIAN_POINT('',(0.09,7.61524214724555E-7,0.154912737967814));
#3075=CARTESIAN_POINT('',(-0.1,-0.00606471025293624,0.145));
#3076=CARTESIAN_POINT('',(-0.0970831956352252,0.226290244643552,0.147916804364775));
#3077=CARTESIAN_POINT('',(-0.1,-0.0296890307064585,-0.118590864985661));
#3078=CARTESIAN_POINT('',(-0.09,-0.0348538566889298,-0.124096691195503));
#3079=CARTESIAN_POINT('',(-0.1,-0.0296890307064585,-0.118590864985661));
#3080=CARTESIAN_POINT('',(0.09,-0.0916,-0.0485981047153473));
#3081=CARTESIAN_POINT('',(0.09,-0.076604018308033,-0.0572606774817678));
#3082=CARTESIAN_POINT('',(0.1,8.72686779042801E-5,0.145));
#3083=CARTESIAN_POINT('',(0.1,8.7268677904374E-5,0.145));
#3084=CARTESIAN_POINT('',(-0.09,0.239752454357424,0.152788748316819));
#3085=CARTESIAN_POINT('',(-0.09,0.239752454357424,0.152788748316819));
#3086=CARTESIAN_POINT('',(-0.09,0.239752454357424,0.152788748316819));
#3087=CARTESIAN_POINT('',(-0.1,-0.0538542835400868,-0.106640997411584));
#3088=CARTESIAN_POINT('',(-0.1,0.0641604177882083,-0.165));
#3089=CARTESIAN_POINT('',(0.1,-0.0278739241303743,-0.130644325585031));
#3090=CARTESIAN_POINT('',(0.09,-0.0278739241303743,-0.130644325585031));
#3091=CARTESIAN_POINT('',(0.09,-0.0592189037777592,-0.0874048671438717));
#3092=CARTESIAN_POINT('',(0.0973691191116187,-0.0328841720204179,-0.118316777662732));
#3093=CARTESIAN_POINT('',(0.09,0.115,0.155));
#3094=CARTESIAN_POINT('',(0.1,0.228880518014032,0.145));
#3095=CARTESIAN_POINT('',(0.1,0.22,0.155));
#3096=CARTESIAN_POINT('',(0.09,0.229876227178712,0.15389437415841));
#3097=CARTESIAN_POINT('',(-0.09,0.27675,0.1444));
#3098=CARTESIAN_POINT('',(-0.0959843122803557,0.313599406599695,0.129908628905937));
#3099=CARTESIAN_POINT('',(-0.1,0.0641604177882083,-0.165));
#3100=CARTESIAN_POINT('',(-0.09,0.0623410349971082,-0.172783651993683));
#3101=CARTESIAN_POINT('',(-0.1,0.0641604177882083,-0.165));
#3102=CARTESIAN_POINT('',(0.09,-0.0278739241303743,-0.130644325585031));
#3103=CARTESIAN_POINT('',(0.09,-0.0278739241303743,-0.130644325585031));
#3104=CARTESIAN_POINT('',(0.1,0.228880518014032,0.145));
#3105=CARTESIAN_POINT('',(0.1,0.228880518014031,0.145));
#3106=CARTESIAN_POINT('',(-0.09,0.3235,0.1238));
#3107=CARTESIAN_POINT('',(-0.09,0.3235,0.1238));
#3108=CARTESIAN_POINT('',(-0.09,0.3235,0.1238));
#3109=CARTESIAN_POINT('',(-0.1,-0.0060647102529362,-0.165));
#3110=CARTESIAN_POINT('',(-0.1,0.224788339851151,-0.165));
#3111=CARTESIAN_POINT('',(0.1,0.0718229767096802,-0.175));
#3112=CARTESIAN_POINT('',(0.09,0.0718229767096802,-0.175));
#3113=CARTESIAN_POINT('',(0.09,0.012492584577081,-0.150605814786198));
#3114=CARTESIAN_POINT('',(0.0973300339790945,0.0611430025466051,-0.166486451247431));
#3115=CARTESIAN_POINT('',(0.1,0.0388492047498878,0.188087313809624));
#3116=CARTESIAN_POINT('',(0.1,0.3135,0.125813550608529));
#3117=CARTESIAN_POINT('',(0.1,0.313747545642577,0.136011251683181));
#3118=CARTESIAN_POINT('',(0.09,0.318623772821288,0.12990562584159));
#3119=CARTESIAN_POINT('',(-0.09,0.3235,-0.0206));
#3120=CARTESIAN_POINT('',(-0.0973685910443438,0.316131408955656,-0.0362490994307261));
#3121=CARTESIAN_POINT('',(-0.09,0.27675,-0.1081));
#3122=CARTESIAN_POINT('',(-0.1,0.224788339851151,-0.165));
#3123=CARTESIAN_POINT('',(-0.09,0.317771956927998,-0.0493969215297748));
#3124=CARTESIAN_POINT('',(-0.1,0.224788339851151,-0.165));
#3125=CARTESIAN_POINT('',(-0.09,0.227864021536001,-0.170901539235113));
#3126=CARTESIAN_POINT('',(0.09,0.0718229767096802,-0.175));
#3127=CARTESIAN_POINT('',(0.09,0.0718229767096802,-0.175));
#3128=CARTESIAN_POINT('',(0.1,0.3135,0.125813550608529));
#3129=CARTESIAN_POINT('',(0.1,0.3135,0.125813550608529));
#3130=CARTESIAN_POINT('',(-0.09,0.317771956927998,-0.0493969215297747));
#3131=CARTESIAN_POINT('',(-0.09,0.317771956927998,-0.0493969215297747));
#3132=CARTESIAN_POINT('',(0.1,0.235728043072002,-0.166803078470225));
#3133=CARTESIAN_POINT('',(0.09,0.235728043072002,-0.166803078470225));
#3134=CARTESIAN_POINT('',(0.09,0.14591148835484,-0.175));
#3135=CARTESIAN_POINT('',(0.0970552057459335,0.223378272283132,-0.167944794254066));
#3136=CARTESIAN_POINT('',(0.1,0.3135,-0.01));
#3137=CARTESIAN_POINT('',(0.1,0.3135,-0.0380521911452826));
#3138=CARTESIAN_POINT('',(0.1,0.3235,-0.0312));
#3139=CARTESIAN_POINT('',(0.09,0.320635978463998,-0.0402984607648875));
#3140=CARTESIAN_POINT('',(0.09,0.235728043072002,-0.166803078470225));
#3141=CARTESIAN_POINT('',(0.09,0.235728043072002,-0.166803078470225));
#3142=CARTESIAN_POINT('',(0.1,0.3135,-0.0380521911452826));
#3143=CARTESIAN_POINT('',(0.1,0.3135,-0.0380521911452826));
#3144=CARTESIAN_POINT('',(0.1,0.221820447288976,-0.169247101869722));
#3145=CARTESIAN_POINT('',(0.,0.,0.));
#3146=CARTESIAN_POINT('',(-3.31402532650243E-17,0.164213139077222,0.052));
#3147=CARTESIAN_POINT('',(-3.59292317983961E-17,0.149029565330534,0.037));
#3148=CARTESIAN_POINT('',(-3.03508773018477E-17,0.179396712823903,0.037));
#3149=CARTESIAN_POINT('',(-3.64291929955129E-17,0.149029565330534,0.037));
#3150=CARTESIAN_POINT('',(-3.15946190985044E-17,0.175347759824787,0.037));
#3151=CARTESIAN_POINT('',(-0.350902672940314,0.781892064432783,0.052));
#3152=CARTESIAN_POINT('',(-0.357423829563428,0.778187403004687,0.037));
#3153=CARTESIAN_POINT('',(-0.368727167710157,0.771765989862653,0.037));
#3154=CARTESIAN_POINT('',(-0.357423829563428,0.778187403004687,0.037));
#3155=CARTESIAN_POINT('',(-0.370466142809654,0.770778080148494,0.037));
#3156=CARTESIAN_POINT('',(0.0113043260564437,0.129131045003216,0.037));
#3157=CARTESIAN_POINT('',(9.87909714089685E-7,0.149027826355435,0.037));
#3158=CARTESIAN_POINT('',(0.,0.,0.));
#3159=CARTESIAN_POINT('',(3.00483416107297E-17,0.0923662680160128,0.052));
#3160=CARTESIAN_POINT('',(2.86136199911975E-17,0.0845546455642616,0.037));
#3161=CARTESIAN_POINT('',(3.14835635207035E-17,0.100177890467767,0.037));
#3162=CARTESIAN_POINT('',(2.81892564846231E-17,0.0845546455642616,0.037));
#3163=CARTESIAN_POINT('',(3.06765408768616E-17,0.0980947911472999,0.037));
#3164=CARTESIAN_POINT('',(-0.857805386176688,0.342200808839319,0.052));
#3165=CARTESIAN_POINT('',(-0.85990261102386,0.335,0.037));
#3166=CARTESIAN_POINT('',(-0.863537800758958,0.322518598011848,0.037));
#3167=CARTESIAN_POINT('',(-0.85990261102386,0.335,0.037));
#3168=CARTESIAN_POINT('',(-0.864097060718203,0.320598382321363,0.037));
#3169=CARTESIAN_POINT('',(1.92021569023204E-6,0.0845540863043024,0.037));
#3170=CARTESIAN_POINT('',(0.00363710995078814,0.0834953427094158,0.037));
#3171=CARTESIAN_POINT('',(0.,0.,0.));
#3172=CARTESIAN_POINT('',(-3.00483416107297E-17,0.0923662680160128,0.052));
#3173=CARTESIAN_POINT('',(-2.86136199911975E-17,0.0845546455642616,0.037));
#3174=CARTESIAN_POINT('',(-3.14835635207035E-17,0.100177890467767,0.037));
#3175=CARTESIAN_POINT('',(-2.81892564846231E-17,0.0845546455642616,0.037));
#3176=CARTESIAN_POINT('',(-3.06765408768616E-17,0.0980947911472999,0.037));
#3177=CARTESIAN_POINT('',(0.857805386176688,0.342200808839319,0.052));
#3178=CARTESIAN_POINT('',(0.85990261102386,0.335,0.037));
#3179=CARTESIAN_POINT('',(0.863537800758958,0.322518598011848,0.037));
#3180=CARTESIAN_POINT('',(0.85990261102386,0.335,0.037));
#3181=CARTESIAN_POINT('',(0.864097060718203,0.320598382321363,0.037));
#3182=CARTESIAN_POINT('',(-1.92021569023204E-6,0.0845540863043024,0.037));
#3183=CARTESIAN_POINT('',(-0.00363710995078814,0.0834953427094158,0.037));
#3184=CARTESIAN_POINT('',(0.,0.,0.));
#3185=MECHANICAL_DESIGN_GEOMETRIC_PRESENTATION_REPRESENTATION('',(#1885,
#1886,#1887,#1888,#1889,#1890,#1891,#1892,#1893),#3186);
#3186=(
GEOMETRIC_REPRESENTATION_CONTEXT(3)
GLOBAL_UNCERTAINTY_ASSIGNED_CONTEXT((#3196))
GLOBAL_UNIT_ASSIGNED_CONTEXT((#3208,#3207,#3206))
REPRESENTATION_CONTEXT('Prototype Assembly','TOP_LEVEL_ASSEMBLY_PART')
);
#3187=(
GEOMETRIC_REPRESENTATION_CONTEXT(3)
GLOBAL_UNCERTAINTY_ASSIGNED_CONTEXT((#3197))
GLOBAL_UNIT_ASSIGNED_CONTEXT((#3208,#3207,#3206))
REPRESENTATION_CONTEXT('Right Middle 1','COMPONENT_PART')
);
#3188=(
GEOMETRIC_REPRESENTATION_CONTEXT(3)
GLOBAL_UNCERTAINTY_ASSIGNED_CONTEXT((#3198))
GLOBAL_UNIT_ASSIGNED_CONTEXT((#3208,#3207,#3206))
REPRESENTATION_CONTEXT('Left Middle 1','COMPONENT_PART')
);
#3189=(
GEOMETRIC_REPRESENTATION_CONTEXT(3)
GLOBAL_UNCERTAINTY_ASSIGNED_CONTEXT((#3199))
GLOBAL_UNIT_ASSIGNED_CONTEXT((#3208,#3207,#3206))
REPRESENTATION_CONTEXT('Back Right Arm','COMPONENT_PART')
);
#3190=(
GEOMETRIC_REPRESENTATION_CONTEXT(3)
GLOBAL_UNCERTAINTY_ASSIGNED_CONTEXT((#3200))
GLOBAL_UNIT_ASSIGNED_CONTEXT((#3208,#3207,#3206))
REPRESENTATION_CONTEXT('Left Front Arm','COMPONENT_PART')
);
#3191=(
GEOMETRIC_REPRESENTATION_CONTEXT(3)
GLOBAL_UNCERTAINTY_ASSIGNED_CONTEXT((#3201))
GLOBAL_UNIT_ASSIGNED_CONTEXT((#3208,#3207,#3206))
REPRESENTATION_CONTEXT('Front Right Arm','COMPONENT_PART')
);
#3192=(
GEOMETRIC_REPRESENTATION_CONTEXT(3)
GLOBAL_UNCERTAINTY_ASSIGNED_CONTEXT((#3202))
GLOBAL_UNIT_ASSIGNED_CONTEXT((#3208,#3207,#3206))
REPRESENTATION_CONTEXT('Fuselage','COMPONENT_PART')
);
#3193=(
GEOMETRIC_REPRESENTATION_CONTEXT(3)
GLOBAL_UNCERTAINTY_ASSIGNED_CONTEXT((#3203))
GLOBAL_UNIT_ASSIGNED_CONTEXT((#3208,#3207,#3206))
REPRESENTATION_CONTEXT('Back Left Arm','COMPONENT_PART')
);
#3194=(
GEOMETRIC_REPRESENTATION_CONTEXT(3)
GLOBAL_UNCERTAINTY_ASSIGNED_CONTEXT((#3204))
GLOBAL_UNIT_ASSIGNED_CONTEXT((#3208,#3207,#3206))
REPRESENTATION_CONTEXT('Left Middle 2','COMPONENT_PART')
);
#3195=(
GEOMETRIC_REPRESENTATION_CONTEXT(3)
GLOBAL_UNCERTAINTY_ASSIGNED_CONTEXT((#3205))
GLOBAL_UNIT_ASSIGNED_CONTEXT((#3208,#3207,#3206))
REPRESENTATION_CONTEXT('Right Middle 2','COMPONENT_PART')
);
#3196=UNCERTAINTY_MEASURE_WITH_UNIT(LENGTH_MEASURE(1.E-8),#3208,
'DISTANCE_ACCURACY_VALUE','Maximum Tolerance applied to model');
#3197=UNCERTAINTY_MEASURE_WITH_UNIT(LENGTH_MEASURE(1.E-8),#3208,
'DISTANCE_ACCURACY_VALUE','Maximum Tolerance applied to model');
#3198=UNCERTAINTY_MEASURE_WITH_UNIT(LENGTH_MEASURE(1.E-8),#3208,
'DISTANCE_ACCURACY_VALUE','Maximum Tolerance applied to model');
#3199=UNCERTAINTY_MEASURE_WITH_UNIT(LENGTH_MEASURE(1.E-8),#3208,
'DISTANCE_ACCURACY_VALUE','Maximum Tolerance applied to model');
#3200=UNCERTAINTY_MEASURE_WITH_UNIT(LENGTH_MEASURE(1.E-8),#3208,
'DISTANCE_ACCURACY_VALUE','Maximum Tolerance applied to model');
#3201=UNCERTAINTY_MEASURE_WITH_UNIT(LENGTH_MEASURE(1.E-8),#3208,
'DISTANCE_ACCURACY_VALUE','Maximum Tolerance applied to model');
#3202=UNCERTAINTY_MEASURE_WITH_UNIT(LENGTH_MEASURE(1.E-8),#3208,
'DISTANCE_ACCURACY_VALUE','Maximum Tolerance applied to model');
#3203=UNCERTAINTY_MEASURE_WITH_UNIT(LENGTH_MEASURE(1.E-8),#3208,
'DISTANCE_ACCURACY_VALUE','Maximum Tolerance applied to model');
#3204=UNCERTAINTY_MEASURE_WITH_UNIT(LENGTH_MEASURE(1.E-8),#3208,
'DISTANCE_ACCURACY_VALUE','Maximum Tolerance applied to model');
#3205=UNCERTAINTY_MEASURE_WITH_UNIT(LENGTH_MEASURE(1.E-8),#3208,
'DISTANCE_ACCURACY_VALUE','Maximum Tolerance applied to model');
#3206=(
NAMED_UNIT(*)
SI_UNIT($,.STERADIAN.)
SOLID_ANGLE_UNIT()
);
#3207=(
NAMED_UNIT(*)
PLANE_ANGLE_UNIT()
SI_UNIT($,.RADIAN.)
);
#3208=(
LENGTH_UNIT()
NAMED_UNIT(*)
SI_UNIT($,.METRE.)
);
#3209=PRODUCT_DEFINITION_SHAPE('','',#3228);
#3210=PRODUCT_DEFINITION_SHAPE('','',#3229);
#3211=PRODUCT_DEFINITION_SHAPE(' ','NAUO PRDDFN',#407);
#3212=PRODUCT_DEFINITION_SHAPE('','',#3230);
#3213=PRODUCT_DEFINITION_SHAPE(' ','NAUO PRDDFN',#408);
#3214=PRODUCT_DEFINITION_SHAPE('','',#3231);
#3215=PRODUCT_DEFINITION_SHAPE(' ','NAUO PRDDFN',#409);
#3216=PRODUCT_DEFINITION_SHAPE('','',#3232);
#3217=PRODUCT_DEFINITION_SHAPE(' ','NAUO PRDDFN',#410);
#3218=PRODUCT_DEFINITION_SHAPE('','',#3233);
#3219=PRODUCT_DEFINITION_SHAPE(' ','NAUO PRDDFN',#411);
#3220=PRODUCT_DEFINITION_SHAPE('','',#3234);
#3221=PRODUCT_DEFINITION_SHAPE(' ','NAUO PRDDFN',#412);
#3222=PRODUCT_DEFINITION_SHAPE('','',#3235);
#3223=PRODUCT_DEFINITION_SHAPE(' ','NAUO PRDDFN',#413);
#3224=PRODUCT_DEFINITION_SHAPE('','',#3236);
#3225=PRODUCT_DEFINITION_SHAPE(' ','NAUO PRDDFN',#414);
#3226=PRODUCT_DEFINITION_SHAPE('','',#3237);
#3227=PRODUCT_DEFINITION_SHAPE(' ','NAUO PRDDFN',#415);
#3228=PRODUCT_DEFINITION('','',#3248,#3238);
#3229=PRODUCT_DEFINITION('','',#3249,#3239);
#3230=PRODUCT_DEFINITION('','',#3250,#3240);
#3231=PRODUCT_DEFINITION('','',#3251,#3241);
#3232=PRODUCT_DEFINITION('','',#3252,#3242);
#3233=PRODUCT_DEFINITION('','',#3253,#3243);
#3234=PRODUCT_DEFINITION('','',#3254,#3244);
#3235=PRODUCT_DEFINITION('','',#3255,#3245);
#3236=PRODUCT_DEFINITION('','',#3256,#3246);
#3237=PRODUCT_DEFINITION('','',#3257,#3247);
#3238=PRODUCT_DEFINITION_CONTEXT('',#3299,'design');
#3239=PRODUCT_DEFINITION_CONTEXT('',#3299,'design');
#3240=PRODUCT_DEFINITION_CONTEXT('',#3299,'design');
#3241=PRODUCT_DEFINITION_CONTEXT('',#3299,'design');
#3242=PRODUCT_DEFINITION_CONTEXT('',#3299,'design');
#3243=PRODUCT_DEFINITION_CONTEXT('',#3299,'design');
#3244=PRODUCT_DEFINITION_CONTEXT('',#3299,'design');
#3245=PRODUCT_DEFINITION_CONTEXT('',#3299,'design');
#3246=PRODUCT_DEFINITION_CONTEXT('',#3299,'design');
#3247=PRODUCT_DEFINITION_CONTEXT('',#3299,'design');
#3248=PRODUCT_DEFINITION_FORMATION_WITH_SPECIFIED_SOURCE('','',#3268,
 .NOT_KNOWN.);
#3249=PRODUCT_DEFINITION_FORMATION_WITH_SPECIFIED_SOURCE('','',#3269,
 .NOT_KNOWN.);
#3250=PRODUCT_DEFINITION_FORMATION_WITH_SPECIFIED_SOURCE('','',#3270,
 .NOT_KNOWN.);
#3251=PRODUCT_DEFINITION_FORMATION_WITH_SPECIFIED_SOURCE('','',#3271,
 .NOT_KNOWN.);
#3252=PRODUCT_DEFINITION_FORMATION_WITH_SPECIFIED_SOURCE('','',#3272,
 .NOT_KNOWN.);
#3253=PRODUCT_DEFINITION_FORMATION_WITH_SPECIFIED_SOURCE('','',#3273,
 .NOT_KNOWN.);
#3254=PRODUCT_DEFINITION_FORMATION_WITH_SPECIFIED_SOURCE('','',#3274,
 .NOT_KNOWN.);
#3255=PRODUCT_DEFINITION_FORMATION_WITH_SPECIFIED_SOURCE('','',#3275,
 .NOT_KNOWN.);
#3256=PRODUCT_DEFINITION_FORMATION_WITH_SPECIFIED_SOURCE('','',#3276,
 .NOT_KNOWN.);
#3257=PRODUCT_DEFINITION_FORMATION_WITH_SPECIFIED_SOURCE('','',#3277,
 .NOT_KNOWN.);
#3258=PRODUCT_RELATED_PRODUCT_CATEGORY('','',(#3268));
#3259=PRODUCT_RELATED_PRODUCT_CATEGORY('','',(#3269));
#3260=PRODUCT_RELATED_PRODUCT_CATEGORY('','',(#3270));
#3261=PRODUCT_RELATED_PRODUCT_CATEGORY('','',(#3271));
#3262=PRODUCT_RELATED_PRODUCT_CATEGORY('','',(#3272));
#3263=PRODUCT_RELATED_PRODUCT_CATEGORY('','',(#3273));
#3264=PRODUCT_RELATED_PRODUCT_CATEGORY('','',(#3274));
#3265=PRODUCT_RELATED_PRODUCT_CATEGORY('','',(#3275));
#3266=PRODUCT_RELATED_PRODUCT_CATEGORY('','',(#3276));
#3267=PRODUCT_RELATED_PRODUCT_CATEGORY('','',(#3277));
#3268=PRODUCT('Prototype Assembly','Prototype Assembly',
'Prototype Assembly',(#3288));
#3269=PRODUCT('Right Middle 1','Right Middle 1','Right Middle 1',(#3289));
#3270=PRODUCT('Left Middle 1','Left Middle 1','Left Middle 1',(#3290));
#3271=PRODUCT('Back Right Arm','Back Right Arm','Back Right Arm',(#3291));
#3272=PRODUCT('Left Front Arm','Left Front Arm','Left Front Arm',(#3292));
#3273=PRODUCT('Front Right Arm','Front Right Arm','Front Right Arm',(#3293));
#3274=PRODUCT('Fuselage','Fuselage','Fuselage',(#3294));
#3275=PRODUCT('Back Left Arm','Back Left Arm','Back Left Arm',(#3295));
#3276=PRODUCT('Left Middle 2','Left Middle 2','Left Middle 2',(#3296));
#3277=PRODUCT('Right Middle 2','Right Middle 2','Right Middle 2',(#3297));
#3278=PRODUCT_CATEGORY('','');
#3279=PRODUCT_CATEGORY('','');
#3280=PRODUCT_CATEGORY('','');
#3281=PRODUCT_CATEGORY('','');
#3282=PRODUCT_CATEGORY('','');
#3283=PRODUCT_CATEGORY('','');
#3284=PRODUCT_CATEGORY('','');
#3285=PRODUCT_CATEGORY('','');
#3286=PRODUCT_CATEGORY('','');
#3287=PRODUCT_CATEGORY('','');
#3288=PRODUCT_CONTEXT('',#3299,'mechanical');
#3289=PRODUCT_CONTEXT('',#3299,'mechanical');
#3290=PRODUCT_CONTEXT('',#3299,'mechanical');
#3291=PRODUCT_CONTEXT('',#3299,'mechanical');
#3292=PRODUCT_CONTEXT('',#3299,'mechanical');
#3293=PRODUCT_CONTEXT('',#3299,'mechanical');
#3294=PRODUCT_CONTEXT('',#3299,'mechanical');
#3295=PRODUCT_CONTEXT('',#3299,'mechanical');
#3296=PRODUCT_CONTEXT('',#3299,'mechanical');
#3297=PRODUCT_CONTEXT('',#3299,'mechanical');
#3298=APPLICATION_PROTOCOL_DEFINITION('international standard',
'ap242_managed_model_based_3d_engineering',2020,#3299);
#3299=APPLICATION_CONTEXT('managed model based 3d engineering');
ENDSEC;
END-ISO-10303-21;
