ISO-10303-21;
HEADER;
/* Generated by software containing ST-Developer
 * from STEP Tools, Inc. (www.steptools.com) 
 */
/* OPTION: using custom renumber hook */

FILE_DESCRIPTION(
/* description */ ('STEP AP242 Edition 2',
'CAx-IF Rec.Pracs.---Representation and Presentation of Product Manufa
cturing Information (PMI)---4.0---2014-10-13',
'CAx-IF Rec.Pracs.---3D Tessellated Geometry---0.4---2014-09-14','2;1',
'CAx-IF Rec.Pracs.---User Defined Attributes---1.5---2016-08-15'),
/* implementation_level */ '2;1');

FILE_NAME(
/* name */ 'Main motor mount V4 Top Bottom - Clamp V4 Bottom',
/* time_stamp */ '2026-07-31T18:16:47Z',
/* author */ (''),
/* organization */ (''),
/* preprocessor_version */ 'ST-DEVELOPER v20',
/* originating_system */ 'ONSHAPE BY PTC INC, 1.218',
/* authorisation */ '  ');

FILE_SCHEMA (('AP242_MANAGED_MODEL_BASED_3D_ENGINEERING_MIM_LF { 1 0 10303 442 3 1 4 }'));
ENDSEC;

DATA;
#10=SHAPE_REPRESENTATION_RELATIONSHIP('','',#2082,#11);
#11=ADVANCED_BREP_SHAPE_REPRESENTATION('',(#2080),#3879);
#12=(
BOUNDED_SURFACE()
B_SPLINE_SURFACE(3,2,((#3658,#3659,#3660),(#3661,#3662,#3663),(#3664,#3665,
#3666),(#3667,#3668,#3669),(#3670,#3671,#3672),(#3673,#3674,#3675)),
 .UNSPECIFIED.,.F.,.F.,.F.)
B_SPLINE_SURFACE_WITH_KNOTS((4,1,1,4),(3,3),(-1.21430643318376E-17,0.00372970119725949,
0.00745940239451899,0.014918804789038),(0.,1.),.UNSPECIFIED.)
GEOMETRIC_REPRESENTATION_ITEM()
RATIONAL_B_SPLINE_SURFACE(((1.,0.707106781186545,1.),(1.,0.76057780238521,
1.),(1.,0.847721853469483,1.),(1.,0.966453864814774,1.),(1.,0.999999999999862,
1.),(1.,1.,1.)))
REPRESENTATION_ITEM('')
SURFACE()
);
#13=(
BOUNDED_SURFACE()
B_SPLINE_SURFACE(3,2,((#3677,#3678,#3679),(#3680,#3681,#3682),(#3683,#3684,
#3685),(#3686,#3687,#3688),(#3689,#3690,#3691)),.UNSPECIFIED.,.F.,.F.,.F.)
B_SPLINE_SURFACE_WITH_KNOTS((4,1,4),(3,3),(-2.60208521396521E-18,0.00489107395034556,
0.00978214790069113),(0.,1.),.UNSPECIFIED.)
GEOMETRIC_REPRESENTATION_ITEM()
RATIONAL_B_SPLINE_SURFACE(((1.,0.707106781186548,1.),(1.,0.72064671040099,
1.),(1.,0.734230145785353,1.),(1.,0.720646710400994,1.),(1.,0.707106781186548,
1.)))
REPRESENTATION_ITEM('')
SURFACE()
);
#14=(
BOUNDED_SURFACE()
B_SPLINE_SURFACE(3,2,((#3693,#3694,#3695),(#3696,#3697,#3698),(#3699,#3700,
#3701),(#3702,#3703,#3704),(#3705,#3706,#3707),(#3708,#3709,#3710),(#3711,
#3712,#3713),(#3714,#3715,#3716),(#3717,#3718,#3719),(#3720,#3721,#3722),
(#3723,#3724,#3725),(#3726,#3727,#3728)),.UNSPECIFIED.,.F.,.F.,.F.)
B_SPLINE_SURFACE_WITH_KNOTS((4,1,1,1,1,1,1,1,1,4),(3,3),(2.60208521396521E-17,
0.00464326188604043,0.00928652377208083,0.0139297856581212,0.0185730475441616,
0.0208946784871818,0.023216309430202,0.0278595713162424,0.0325028332022828,
0.0371460950883232),(0.,1.),.UNSPECIFIED.)
GEOMETRIC_REPRESENTATION_ITEM()
RATIONAL_B_SPLINE_SURFACE(((1.,0.707106781186548,1.),(1.,0.74892855504635,
1.),(1.,0.822436380037256,1.),(1.,0.905394255125091,1.),(1.,0.958672407683765,
1.),(1.,0.975631139840989,1.),(1.,0.969708615640819,1.),(1.,0.951330298613156,
1.),(1.,0.907163555412687,1.),(1.,0.823617115313449,1.),(1.,0.749358124657574,
1.),(1.,0.707106781186547,1.)))
REPRESENTATION_ITEM('')
SURFACE()
);
#15=(
BOUNDED_SURFACE()
B_SPLINE_SURFACE(3,2,((#3746,#3747,#3748),(#3749,#3750,#3751),(#3752,#3753,
#3754),(#3755,#3756,#3757),(#3758,#3759,#3760),(#3761,#3762,#3763),(#3764,
#3765,#3766),(#3767,#3768,#3769),(#3770,#3771,#3772),(#3773,#3774,#3775),
(#3776,#3777,#3778),(#3779,#3780,#3781)),.UNSPECIFIED.,.F.,.F.,.F.)
B_SPLINE_SURFACE_WITH_KNOTS((4,1,1,1,1,1,1,1,1,4),(3,3),(-1.12757025938492E-17,
0.0046432618860404,0.00928652377208082,0.0139297856581212,0.0185730475441616,
0.0208946784871819,0.0232163094302021,0.0278595713162425,0.0325028332022829,
0.0371460950883233),(0.,1.),.UNSPECIFIED.)
GEOMETRIC_REPRESENTATION_ITEM()
RATIONAL_B_SPLINE_SURFACE(((1.,0.707106781186546,1.),(1.,0.748928555046958,
1.),(1.,0.822436380036972,1.),(1.,0.905394255125168,1.),(1.,0.958672407683743,
1.),(1.,0.975631139840995,1.),(1.,0.969708615640814,1.),(1.,0.951330298613181,
1.),(1.,0.907163555412485,1.),(1.,0.823617115314188,1.),(1.,0.749358124655991,
1.),(1.,0.707106781186548,1.)))
REPRESENTATION_ITEM('')
SURFACE()
);
#16=(
BOUNDED_SURFACE()
B_SPLINE_SURFACE(3,2,((#3783,#3784,#3785),(#3786,#3787,#3788),(#3789,#3790,
#3791),(#3792,#3793,#3794),(#3795,#3796,#3797)),.UNSPECIFIED.,.F.,.F.,.F.)
B_SPLINE_SURFACE_WITH_KNOTS((4,1,4),(3,3),(2.60208521396521E-18,0.00489107395034566,
0.00978214790069131),(0.,1.),.UNSPECIFIED.)
GEOMETRIC_REPRESENTATION_ITEM()
RATIONAL_B_SPLINE_SURFACE(((1.,0.707106781186548,1.),(1.,0.72064671040099,
1.),(1.,0.734230145787164,1.),(1.,0.720646710397374,1.),(1.,0.707106781186548,
1.)))
REPRESENTATION_ITEM('')
SURFACE()
);
#17=(
BOUNDED_SURFACE()
B_SPLINE_SURFACE(3,2,((#3807,#3808,#3809),(#3810,#3811,#3812),(#3813,#3814,
#3815),(#3816,#3817,#3818),(#3819,#3820,#3821),(#3822,#3823,#3824)),
 .UNSPECIFIED.,.F.,.F.,.F.)
B_SPLINE_SURFACE_WITH_KNOTS((4,1,1,4),(3,3),(-1.34441069388203E-17,0.00372970119725944,
0.0074594023945189,0.0149188047890378),(0.,1.),.UNSPECIFIED.)
GEOMETRIC_REPRESENTATION_ITEM()
RATIONAL_B_SPLINE_SURFACE(((1.,0.707106781186546,1.),(1.,0.760577802384863,
1.),(1.,0.847721853469639,1.),(1.,0.966453864814679,1.),(1.,0.999999999999862,
1.),(1.,1.,1.)))
REPRESENTATION_ITEM('')
SURFACE()
);
#18=SPHERICAL_SURFACE('',#2280,0.002);
#19=SPHERICAL_SURFACE('',#2298,0.002);
#20=SPHERICAL_SURFACE('',#2300,0.002);
#21=SPHERICAL_SURFACE('',#2312,0.002);
#22=SPHERICAL_SURFACE('',#2318,0.002);
#23=SPHERICAL_SURFACE('',#2322,0.002);
#24=SPHERICAL_SURFACE('',#2331,0.002);
#25=SPHERICAL_SURFACE('',#2335,0.002);
#26=SPHERICAL_SURFACE('',#2338,0.002);
#27=SPHERICAL_SURFACE('',#2343,0.002);
#28=SPHERICAL_SURFACE('',#2350,0.002);
#29=SPHERICAL_SURFACE('',#2354,0.002);
#30=SPHERICAL_SURFACE('',#2356,0.002);
#31=SPHERICAL_SURFACE('',#2360,0.002);
#32=TOROIDAL_SURFACE('',#2132,0.0355,0.0005);
#33=TOROIDAL_SURFACE('',#2168,0.037,0.001);
#34=TOROIDAL_SURFACE('',#2169,0.037,0.001);
#35=TOROIDAL_SURFACE('',#2277,0.03435,0.004);
#36=TOROIDAL_SURFACE('',#2326,0.004,0.002);
#37=TOROIDAL_SURFACE('',#2327,0.004,0.002);
#38=TOROIDAL_SURFACE('',#2362,0.02835,0.002);
#39=TOROIDAL_SURFACE('',#2365,0.004,0.002);
#40=TOROIDAL_SURFACE('',#2368,0.004,0.002);
#41=B_SPLINE_CURVE_WITH_KNOTS('',3,(#3088,#3089,#3090,#3091,#3092),
 .UNSPECIFIED.,.F.,.F.,(4,1,4),(0.,0.00430798449835884,0.00861596899671767),
 .UNSPECIFIED.);
#42=B_SPLINE_CURVE_WITH_KNOTS('',3,(#3097,#3098,#3099,#3100,#3101),
 .UNSPECIFIED.,.F.,.F.,(4,1,4),(1.04083408558608E-17,0.00430798449835884,
0.00861596899671768),.UNSPECIFIED.);
#43=B_SPLINE_CURVE_WITH_KNOTS('',3,(#3187,#3188,#3189,#3190,#3191,#3192,
#3193,#3194,#3195,#3196,#3197,#3198),.UNSPECIFIED.,.F.,.F.,(4,1,1,1,1,1,
1,1,1,4),(0.,0.00463507270372326,0.00927014540744651,0.0139052181111698,
0.018540290814893,0.0208578271667547,0.0231753635186163,0.0278104362223395,
0.0324455089260628,0.037080581629786),.UNSPECIFIED.);
#44=B_SPLINE_CURVE_WITH_KNOTS('',3,(#3209,#3210,#3211,#3212,#3213),
 .UNSPECIFIED.,.F.,.F.,(4,1,4),(0.,0.00745940239451892,0.0149188047890378),
 .UNSPECIFIED.);
#45=B_SPLINE_CURVE_WITH_KNOTS('',3,(#3220,#3221,#3222,#3223,#3224),
 .UNSPECIFIED.,.F.,.F.,(4,1,4),(0.,0.00489107395034566,0.00978214790069131),
 .UNSPECIFIED.);
#46=B_SPLINE_CURVE_WITH_KNOTS('',3,(#3228,#3229,#3230,#3231,#3232),
 .UNSPECIFIED.,.F.,.F.,(4,1,4),(0.,0.00745940239451901,0.014918804789038),
 .UNSPECIFIED.);
#47=B_SPLINE_CURVE_WITH_KNOTS('',3,(#3238,#3239,#3240,#3241,#3242),
 .UNSPECIFIED.,.F.,.F.,(4,1,4),(0.,0.00489107395034557,0.00978214790069114),
 .UNSPECIFIED.);
#48=B_SPLINE_CURVE_WITH_KNOTS('',3,(#3309,#3310,#3311,#3312,#3313),
 .UNSPECIFIED.,.F.,.F.,(4,1,4),(0.,0.00740040378304735,0.0148008075660947),
 .UNSPECIFIED.);
#49=B_SPLINE_CURVE_WITH_KNOTS('',3,(#3315,#3316,#3317,#3318,#3319),
 .UNSPECIFIED.,.F.,.F.,(4,1,4),(0.,0.00740040378304732,0.0148008075660946),
 .UNSPECIFIED.);
#50=B_SPLINE_CURVE_WITH_KNOTS('',3,(#3343,#3344,#3345,#3346,#3347,#3348,
#3349,#3350,#3351,#3352,#3353,#3354,#3355),.UNSPECIFIED.,.F.,.F.,(4,1,1,
1,1,1,1,1,1,1,4),(0.,0.00466991098059416,0.00933982196118833,0.0140097329417825,
0.0163446884320796,0.0186796439223767,0.0210145994126737,0.0233495549029708,
0.028019465883565,0.0326893768641592,0.0373592878447533),.UNSPECIFIED.);
#51=B_SPLINE_CURVE_WITH_KNOTS('',3,(#3398,#3399,#3400,#3401),
 .UNSPECIFIED.,.F.,.F.,(4,4),(0.,0.00233877232100799),.UNSPECIFIED.);
#52=B_SPLINE_CURVE_WITH_KNOTS('',3,(#3414,#3415,#3416,#3417),
 .UNSPECIFIED.,.F.,.F.,(4,4),(0.,0.00233878544947742),.UNSPECIFIED.);
#53=B_SPLINE_CURVE_WITH_KNOTS('',3,(#3515,#3516,#3517,#3518),
 .UNSPECIFIED.,.F.,.F.,(4,4),(0.00263184357299679,0.003772185786279),
 .UNSPECIFIED.);
#54=B_SPLINE_CURVE_WITH_KNOTS('',3,(#3521,#3522,#3523,#3524),
 .UNSPECIFIED.,.F.,.F.,(4,4),(0.00263184357299684,0.00377218578627903),
 .UNSPECIFIED.);
#55=B_SPLINE_CURVE_WITH_KNOTS('',3,(#3585,#3586,#3587,#3588),
 .UNSPECIFIED.,.F.,.F.,(4,4),(0.,0.00120744555296617),.UNSPECIFIED.);
#56=B_SPLINE_CURVE_WITH_KNOTS('',3,(#3590,#3591,#3592,#3593,#3594,#3595),
 .UNSPECIFIED.,.F.,.F.,(4,1,1,4),(0.,0.00143073221044162,0.00214609831566243,
0.00286146442088324),.UNSPECIFIED.);
#57=B_SPLINE_CURVE_WITH_KNOTS('',3,(#3596,#3597,#3598,#3599,#3600,#3601),
 .UNSPECIFIED.,.F.,.F.,(4,1,1,4),(0.,0.00143073221044165,0.00214609831566247,
0.0028614644208833),.UNSPECIFIED.);
#58=B_SPLINE_CURVE_WITH_KNOTS('',3,(#3603,#3604,#3605,#3606),
 .UNSPECIFIED.,.F.,.F.,(4,4),(9.34177181294034E-18,0.00120744555296612),
 .UNSPECIFIED.);
#59=B_SPLINE_CURVE_WITH_KNOTS('',3,(#3607,#3608,#3609,#3610,#3611,#3612),
 .UNSPECIFIED.,.F.,.F.,(4,1,1,4),(0.,0.000831368076689511,0.00166273615337902,
0.00332547230675804),.UNSPECIFIED.);
#60=B_SPLINE_CURVE_WITH_KNOTS('',3,(#3613,#3614,#3615,#3616,#3617,#3618),
 .UNSPECIFIED.,.F.,.F.,(4,1,1,4),(0.,0.00166026503230143,0.00249039754845215,
0.00332053006460286),.UNSPECIFIED.);
#61=B_SPLINE_CURVE_WITH_KNOTS('',3,(#3619,#3620,#3621,#3622,#3623,#3624,
#3625,#3626,#3627,#3628,#3629),.UNSPECIFIED.,.F.,.F.,(4,1,1,1,1,1,1,1,4),
(0.,0.00467151014091885,0.00934302028183769,0.0140145304227565,0.0186860405636754,
0.0233575507045942,0.0280290608455131,0.0327005709864319,0.0373720811273508),
 .UNSPECIFIED.);
#62=B_SPLINE_CURVE_WITH_KNOTS('',3,(#3630,#3631,#3632,#3633),
 .UNSPECIFIED.,.F.,.F.,(4,4),(0.,0.00978491849851943),.UNSPECIFIED.);
#63=B_SPLINE_CURVE_WITH_KNOTS('',3,(#3634,#3635,#3636,#3637,#3638,#3639,
#3640,#3641,#3642,#3643,#3644),.UNSPECIFIED.,.F.,.F.,(4,1,1,1,1,1,1,1,4),
(0.,0.00465070545072829,0.00930141090145658,0.0139521163521849,0.0186028218029132,
0.0232535272536415,0.0279042327043697,0.032554938155098,0.0372056436058263),
 .UNSPECIFIED.);
#64=B_SPLINE_CURVE_WITH_KNOTS('',3,(#3645,#3646,#3647,#3648),
 .UNSPECIFIED.,.F.,.F.,(4,4),(0.,0.00978491849851925),.UNSPECIFIED.);
#65=CYLINDRICAL_SURFACE('',#2093,0.03035);
#66=CYLINDRICAL_SURFACE('',#2096,0.02635);
#67=CYLINDRICAL_SURFACE('',#2100,0.0015);
#68=CYLINDRICAL_SURFACE('',#2103,0.0015);
#69=CYLINDRICAL_SURFACE('',#2114,0.0028);
#70=CYLINDRICAL_SURFACE('',#2117,0.0028);
#71=CYLINDRICAL_SURFACE('',#2120,0.0028);
#72=CYLINDRICAL_SURFACE('',#2123,0.0028);
#73=CYLINDRICAL_SURFACE('',#2126,0.036);
#74=CYLINDRICAL_SURFACE('',#2148,0.006);
#75=CYLINDRICAL_SURFACE('',#2151,0.006);
#76=CYLINDRICAL_SURFACE('',#2154,0.006);
#77=CYLINDRICAL_SURFACE('',#2157,0.006);
#78=CYLINDRICAL_SURFACE('',#2160,0.0005);
#79=CYLINDRICAL_SURFACE('',#2162,0.0005);
#80=CYLINDRICAL_SURFACE('',#2164,0.0005);
#81=CYLINDRICAL_SURFACE('',#2166,0.0005);
#82=CYLINDRICAL_SURFACE('',#2170,0.0022);
#83=CYLINDRICAL_SURFACE('',#2173,0.0022);
#84=CYLINDRICAL_SURFACE('',#2215,0.002);
#85=CYLINDRICAL_SURFACE('',#2217,0.002);
#86=CYLINDRICAL_SURFACE('',#2219,0.002);
#87=CYLINDRICAL_SURFACE('',#2222,0.002);
#88=CYLINDRICAL_SURFACE('',#2225,0.002);
#89=CYLINDRICAL_SURFACE('',#2228,0.002);
#90=CYLINDRICAL_SURFACE('',#2231,0.002);
#91=CYLINDRICAL_SURFACE('',#2234,0.002);
#92=CYLINDRICAL_SURFACE('',#2237,0.0042);
#93=CYLINDRICAL_SURFACE('',#2241,0.0042);
#94=CYLINDRICAL_SURFACE('',#2245,0.0042);
#95=CYLINDRICAL_SURFACE('',#2249,0.0042);
#96=CYLINDRICAL_SURFACE('',#2253,0.0042);
#97=CYLINDRICAL_SURFACE('',#2257,0.0042);
#98=CYLINDRICAL_SURFACE('',#2261,0.0042);
#99=CYLINDRICAL_SURFACE('',#2265,0.0042);
#100=CYLINDRICAL_SURFACE('',#2269,0.0035);
#101=CYLINDRICAL_SURFACE('',#2270,0.0035);
#102=CYLINDRICAL_SURFACE('',#2271,0.0035);
#103=CYLINDRICAL_SURFACE('',#2272,0.0035);
#104=CYLINDRICAL_SURFACE('',#2273,0.0035);
#105=CYLINDRICAL_SURFACE('',#2274,0.0035);
#106=CYLINDRICAL_SURFACE('',#2275,0.0035);
#107=CYLINDRICAL_SURFACE('',#2276,0.0035);
#108=CYLINDRICAL_SURFACE('',#2278,0.002);
#109=CYLINDRICAL_SURFACE('',#2283,0.002);
#110=CYLINDRICAL_SURFACE('',#2285,0.002);
#111=CYLINDRICAL_SURFACE('',#2290,0.002);
#112=CYLINDRICAL_SURFACE('',#2292,0.002);
#113=CYLINDRICAL_SURFACE('',#2294,0.002);
#114=CYLINDRICAL_SURFACE('',#2296,0.002);
#115=CYLINDRICAL_SURFACE('',#2302,0.002);
#116=CYLINDRICAL_SURFACE('',#2304,0.002);
#117=CYLINDRICAL_SURFACE('',#2308,0.002);
#118=CYLINDRICAL_SURFACE('',#2310,0.002);
#119=CYLINDRICAL_SURFACE('',#2314,0.002);
#120=CYLINDRICAL_SURFACE('',#2316,0.002);
#121=CYLINDRICAL_SURFACE('',#2320,0.002);
#122=CYLINDRICAL_SURFACE('',#2324,0.002);
#123=CYLINDRICAL_SURFACE('',#2329,0.002);
#124=CYLINDRICAL_SURFACE('',#2333,0.002);
#125=CYLINDRICAL_SURFACE('',#2337,0.002);
#126=CYLINDRICAL_SURFACE('',#2341,0.002);
#127=CYLINDRICAL_SURFACE('',#2346,0.002);
#128=CYLINDRICAL_SURFACE('',#2348,0.002);
#129=CYLINDRICAL_SURFACE('',#2352,0.002);
#130=CYLINDRICAL_SURFACE('',#2358,0.002);
#131=CYLINDRICAL_SURFACE('',#2366,0.002);
#132=CIRCLE('',#2085,0.004);
#133=CIRCLE('',#2086,0.02835);
#134=CIRCLE('',#2088,0.03435);
#135=CIRCLE('',#2090,0.03435);
#136=CIRCLE('',#2092,0.03435);
#137=CIRCLE('',#2094,0.03035);
#138=CIRCLE('',#2095,0.03035);
#139=CIRCLE('',#2097,0.02635);
#140=CIRCLE('',#2098,0.02635);
#141=CIRCLE('',#2101,0.0015);
#142=CIRCLE('',#2102,0.0015);
#143=CIRCLE('',#2104,0.0015);
#144=CIRCLE('',#2105,0.0015);
#145=CIRCLE('',#2107,0.0022);
#146=CIRCLE('',#2108,0.0022);
#147=CIRCLE('',#2109,0.036);
#148=CIRCLE('',#2110,0.006);
#149=CIRCLE('',#2112,0.0005);
#150=CIRCLE('',#2113,0.0005);
#151=CIRCLE('',#2115,0.0028);
#152=CIRCLE('',#2116,0.0028);
#153=CIRCLE('',#2118,0.0028);
#154=CIRCLE('',#2119,0.0028);
#155=CIRCLE('',#2121,0.0028);
#156=CIRCLE('',#2122,0.0028);
#157=CIRCLE('',#2124,0.0028);
#158=CIRCLE('',#2125,0.0028);
#159=CIRCLE('',#2127,0.036);
#160=CIRCLE('',#2128,0.036);
#161=CIRCLE('',#2129,0.036);
#162=CIRCLE('',#2131,0.0355);
#163=CIRCLE('',#2134,0.037);
#164=CIRCLE('',#2135,0.037);
#165=CIRCLE('',#2139,0.0005);
#166=CIRCLE('',#2140,0.0005);
#167=CIRCLE('',#2142,0.006);
#168=CIRCLE('',#2143,0.006);
#169=CIRCLE('',#2144,0.006);
#170=CIRCLE('',#2145,0.006);
#171=CIRCLE('',#2149,0.006);
#172=CIRCLE('',#2152,0.006);
#173=CIRCLE('',#2155,0.006);
#174=CIRCLE('',#2158,0.006);
#175=CIRCLE('',#2161,0.0005);
#176=CIRCLE('',#2163,0.0005);
#177=CIRCLE('',#2165,0.0005);
#178=CIRCLE('',#2167,0.0005);
#179=CIRCLE('',#2171,0.0022);
#180=CIRCLE('',#2174,0.0022);
#181=CIRCLE('',#2177,0.002);
#182=CIRCLE('',#2178,0.002);
#183=CIRCLE('',#2181,0.03435);
#184=CIRCLE('',#2183,0.02835);
#185=CIRCLE('',#2184,0.004);
#186=CIRCLE('',#2186,0.002);
#187=CIRCLE('',#2187,0.0316378941802541);
#188=CIRCLE('',#2188,0.002);
#189=CIRCLE('',#2190,0.0035);
#190=CIRCLE('',#2191,0.0035);
#191=CIRCLE('',#2192,0.0035);
#192=CIRCLE('',#2193,0.0035);
#193=CIRCLE('',#2195,0.0035);
#194=CIRCLE('',#2196,0.0035);
#195=CIRCLE('',#2197,0.0035);
#196=CIRCLE('',#2198,0.0035);
#197=CIRCLE('',#2200,0.0042);
#198=CIRCLE('',#2201,0.0042);
#199=CIRCLE('',#2202,0.0042);
#200=CIRCLE('',#2203,0.0042);
#201=CIRCLE('',#2205,0.0316378941802541);
#202=CIRCLE('',#2208,0.0042);
#203=CIRCLE('',#2209,0.0042);
#204=CIRCLE('',#2210,0.0042);
#205=CIRCLE('',#2211,0.0042);
#206=CIRCLE('',#2213,0.0316378941802541);
#207=CIRCLE('',#2216,0.002);
#208=CIRCLE('',#2218,0.002);
#209=CIRCLE('',#2220,0.002);
#210=CIRCLE('',#2221,0.002);
#211=CIRCLE('',#2223,0.002);
#212=CIRCLE('',#2224,0.002);
#213=CIRCLE('',#2226,0.002);
#214=CIRCLE('',#2227,0.002);
#215=CIRCLE('',#2229,0.002);
#216=CIRCLE('',#2230,0.002);
#217=CIRCLE('',#2232,0.002);
#218=CIRCLE('',#2233,0.002);
#219=CIRCLE('',#2235,0.002);
#220=CIRCLE('',#2236,0.002);
#221=CIRCLE('',#2238,0.0042);
#222=CIRCLE('',#2240,0.0035);
#223=CIRCLE('',#2242,0.0042);
#224=CIRCLE('',#2244,0.0035);
#225=CIRCLE('',#2246,0.0042);
#226=CIRCLE('',#2248,0.0035);
#227=CIRCLE('',#2250,0.0042);
#228=CIRCLE('',#2252,0.0035);
#229=CIRCLE('',#2254,0.0042);
#230=CIRCLE('',#2256,0.0035);
#231=CIRCLE('',#2258,0.0042);
#232=CIRCLE('',#2260,0.0035);
#233=CIRCLE('',#2262,0.0042);
#234=CIRCLE('',#2264,0.0035);
#235=CIRCLE('',#2266,0.0042);
#236=CIRCLE('',#2268,0.0035);
#237=CIRCLE('',#2279,0.002);
#238=CIRCLE('',#2281,0.002);
#239=CIRCLE('',#2282,0.002);
#240=CIRCLE('',#2284,0.002);
#241=CIRCLE('',#2286,0.002);
#242=CIRCLE('',#2287,0.002);
#243=CIRCLE('',#2288,0.002);
#244=CIRCLE('',#2289,0.002);
#245=CIRCLE('',#2291,0.002);
#246=CIRCLE('',#2293,0.002);
#247=CIRCLE('',#2295,0.002);
#248=CIRCLE('',#2297,0.002);
#249=CIRCLE('',#2299,0.002);
#250=CIRCLE('',#2301,0.002);
#251=CIRCLE('',#2303,0.002);
#252=CIRCLE('',#2305,0.002);
#253=CIRCLE('',#2306,0.002);
#254=CIRCLE('',#2307,0.002);
#255=CIRCLE('',#2309,0.002);
#256=CIRCLE('',#2311,0.002);
#257=CIRCLE('',#2313,0.002);
#258=CIRCLE('',#2315,0.002);
#259=CIRCLE('',#2317,0.002);
#260=CIRCLE('',#2319,0.002);
#261=CIRCLE('',#2321,0.002);
#262=CIRCLE('',#2323,0.002);
#263=CIRCLE('',#2325,0.002);
#264=CIRCLE('',#2328,0.002);
#265=CIRCLE('',#2330,0.002);
#266=CIRCLE('',#2332,0.002);
#267=CIRCLE('',#2334,0.002);
#268=CIRCLE('',#2336,0.002);
#269=CIRCLE('',#2339,0.002);
#270=CIRCLE('',#2340,0.002);
#271=CIRCLE('',#2342,0.002);
#272=CIRCLE('',#2344,0.002);
#273=CIRCLE('',#2345,0.002);
#274=CIRCLE('',#2347,0.002);
#275=CIRCLE('',#2349,0.002);
#276=CIRCLE('',#2351,0.002);
#277=CIRCLE('',#2353,0.002);
#278=CIRCLE('',#2355,0.002);
#279=CIRCLE('',#2357,0.002);
#280=CIRCLE('',#2359,0.002);
#281=CIRCLE('',#2361,0.002);
#282=CIRCLE('',#2363,0.002);
#283=CIRCLE('',#2364,0.002);
#284=CIRCLE('',#2367,0.002);
#285=ORIENTED_EDGE('',*,*,#829,.T.);
#286=ORIENTED_EDGE('',*,*,#830,.T.);
#287=ORIENTED_EDGE('',*,*,#831,.T.);
#288=ORIENTED_EDGE('',*,*,#832,.T.);
#289=ORIENTED_EDGE('',*,*,#833,.T.);
#290=ORIENTED_EDGE('',*,*,#834,.T.);
#291=ORIENTED_EDGE('',*,*,#835,.T.);
#292=ORIENTED_EDGE('',*,*,#836,.T.);
#293=ORIENTED_EDGE('',*,*,#837,.T.);
#294=ORIENTED_EDGE('',*,*,#838,.T.);
#295=ORIENTED_EDGE('',*,*,#839,.T.);
#296=ORIENTED_EDGE('',*,*,#840,.T.);
#297=ORIENTED_EDGE('',*,*,#841,.T.);
#298=ORIENTED_EDGE('',*,*,#842,.T.);
#299=ORIENTED_EDGE('',*,*,#843,.T.);
#300=ORIENTED_EDGE('',*,*,#844,.T.);
#301=ORIENTED_EDGE('',*,*,#845,.T.);
#302=ORIENTED_EDGE('',*,*,#846,.T.);
#303=ORIENTED_EDGE('',*,*,#847,.T.);
#304=ORIENTED_EDGE('',*,*,#848,.T.);
#305=ORIENTED_EDGE('',*,*,#849,.T.);
#306=ORIENTED_EDGE('',*,*,#850,.T.);
#307=ORIENTED_EDGE('',*,*,#851,.T.);
#308=ORIENTED_EDGE('',*,*,#852,.T.);
#309=ORIENTED_EDGE('',*,*,#853,.T.);
#310=ORIENTED_EDGE('',*,*,#854,.F.);
#311=ORIENTED_EDGE('',*,*,#855,.T.);
#312=ORIENTED_EDGE('',*,*,#856,.T.);
#313=ORIENTED_EDGE('',*,*,#857,.F.);
#314=ORIENTED_EDGE('',*,*,#858,.F.);
#315=ORIENTED_EDGE('',*,*,#859,.F.);
#316=ORIENTED_EDGE('',*,*,#860,.F.);
#317=ORIENTED_EDGE('',*,*,#861,.T.);
#318=ORIENTED_EDGE('',*,*,#862,.T.);
#319=ORIENTED_EDGE('',*,*,#863,.T.);
#320=ORIENTED_EDGE('',*,*,#864,.F.);
#321=ORIENTED_EDGE('',*,*,#865,.T.);
#322=ORIENTED_EDGE('',*,*,#866,.T.);
#323=ORIENTED_EDGE('',*,*,#867,.T.);
#324=ORIENTED_EDGE('',*,*,#868,.F.);
#325=ORIENTED_EDGE('',*,*,#869,.T.);
#326=ORIENTED_EDGE('',*,*,#870,.T.);
#327=ORIENTED_EDGE('',*,*,#871,.T.);
#328=ORIENTED_EDGE('',*,*,#872,.F.);
#329=ORIENTED_EDGE('',*,*,#873,.T.);
#330=ORIENTED_EDGE('',*,*,#860,.T.);
#331=ORIENTED_EDGE('',*,*,#874,.T.);
#332=ORIENTED_EDGE('',*,*,#875,.F.);
#333=ORIENTED_EDGE('',*,*,#876,.F.);
#334=ORIENTED_EDGE('',*,*,#877,.F.);
#335=ORIENTED_EDGE('',*,*,#878,.F.);
#336=ORIENTED_EDGE('',*,*,#879,.F.);
#337=ORIENTED_EDGE('',*,*,#880,.F.);
#338=ORIENTED_EDGE('',*,*,#881,.F.);
#339=ORIENTED_EDGE('',*,*,#882,.F.);
#340=ORIENTED_EDGE('',*,*,#883,.T.);
#341=ORIENTED_EDGE('',*,*,#884,.T.);
#342=ORIENTED_EDGE('',*,*,#885,.T.);
#343=ORIENTED_EDGE('',*,*,#886,.T.);
#344=ORIENTED_EDGE('',*,*,#887,.F.);
#345=ORIENTED_EDGE('',*,*,#864,.T.);
#346=ORIENTED_EDGE('',*,*,#888,.T.);
#347=ORIENTED_EDGE('',*,*,#882,.T.);
#348=ORIENTED_EDGE('',*,*,#880,.T.);
#349=ORIENTED_EDGE('',*,*,#878,.T.);
#350=ORIENTED_EDGE('',*,*,#876,.T.);
#351=ORIENTED_EDGE('',*,*,#888,.F.);
#352=ORIENTED_EDGE('',*,*,#883,.F.);
#353=ORIENTED_EDGE('',*,*,#889,.T.);
#354=ORIENTED_EDGE('',*,*,#890,.T.);
#355=ORIENTED_EDGE('',*,*,#891,.T.);
#356=ORIENTED_EDGE('',*,*,#892,.T.);
#357=ORIENTED_EDGE('',*,*,#893,.T.);
#358=ORIENTED_EDGE('',*,*,#894,.T.);
#359=ORIENTED_EDGE('',*,*,#895,.T.);
#360=ORIENTED_EDGE('',*,*,#852,.F.);
#361=ORIENTED_EDGE('',*,*,#856,.F.);
#362=ORIENTED_EDGE('',*,*,#854,.T.);
#363=ORIENTED_EDGE('',*,*,#896,.T.);
#364=ORIENTED_EDGE('',*,*,#897,.T.);
#365=ORIENTED_EDGE('',*,*,#884,.F.);
#366=ORIENTED_EDGE('',*,*,#863,.F.);
#367=ORIENTED_EDGE('',*,*,#898,.F.);
#368=ORIENTED_EDGE('',*,*,#899,.T.);
#369=ORIENTED_EDGE('',*,*,#900,.T.);
#370=ORIENTED_EDGE('',*,*,#901,.T.);
#371=ORIENTED_EDGE('',*,*,#902,.T.);
#372=ORIENTED_EDGE('',*,*,#887,.T.);
#373=ORIENTED_EDGE('',*,*,#903,.T.);
#374=ORIENTED_EDGE('',*,*,#904,.T.);
#375=ORIENTED_EDGE('',*,*,#905,.T.);
#376=ORIENTED_EDGE('',*,*,#906,.T.);
#377=ORIENTED_EDGE('',*,*,#907,.T.);
#378=ORIENTED_EDGE('',*,*,#908,.T.);
#379=ORIENTED_EDGE('',*,*,#909,.F.);
#380=ORIENTED_EDGE('',*,*,#865,.F.);
#381=ORIENTED_EDGE('',*,*,#910,.T.);
#382=ORIENTED_EDGE('',*,*,#911,.T.);
#383=ORIENTED_EDGE('',*,*,#912,.T.);
#384=ORIENTED_EDGE('',*,*,#913,.T.);
#385=ORIENTED_EDGE('',*,*,#868,.T.);
#386=ORIENTED_EDGE('',*,*,#914,.T.);
#387=ORIENTED_EDGE('',*,*,#915,.T.);
#388=ORIENTED_EDGE('',*,*,#916,.T.);
#389=ORIENTED_EDGE('',*,*,#917,.T.);
#390=ORIENTED_EDGE('',*,*,#918,.T.);
#391=ORIENTED_EDGE('',*,*,#919,.T.);
#392=ORIENTED_EDGE('',*,*,#870,.F.);
#393=ORIENTED_EDGE('',*,*,#920,.T.);
#394=ORIENTED_EDGE('',*,*,#912,.F.);
#395=ORIENTED_EDGE('',*,*,#921,.T.);
#396=ORIENTED_EDGE('',*,*,#922,.F.);
#397=ORIENTED_EDGE('',*,*,#923,.T.);
#398=ORIENTED_EDGE('',*,*,#872,.T.);
#399=ORIENTED_EDGE('',*,*,#924,.T.);
#400=ORIENTED_EDGE('',*,*,#925,.T.);
#401=ORIENTED_EDGE('',*,*,#926,.T.);
#402=ORIENTED_EDGE('',*,*,#910,.F.);
#403=ORIENTED_EDGE('',*,*,#927,.T.);
#404=ORIENTED_EDGE('',*,*,#928,.F.);
#405=ORIENTED_EDGE('',*,*,#913,.F.);
#406=ORIENTED_EDGE('',*,*,#920,.F.);
#407=ORIENTED_EDGE('',*,*,#874,.F.);
#408=ORIENTED_EDGE('',*,*,#869,.F.);
#409=ORIENTED_EDGE('',*,*,#881,.T.);
#410=ORIENTED_EDGE('',*,*,#928,.T.);
#411=ORIENTED_EDGE('',*,*,#929,.F.);
#412=ORIENTED_EDGE('',*,*,#917,.F.);
#413=ORIENTED_EDGE('',*,*,#875,.T.);
#414=ORIENTED_EDGE('',*,*,#929,.T.);
#415=ORIENTED_EDGE('',*,*,#930,.F.);
#416=ORIENTED_EDGE('',*,*,#916,.F.);
#417=ORIENTED_EDGE('',*,*,#877,.T.);
#418=ORIENTED_EDGE('',*,*,#930,.T.);
#419=ORIENTED_EDGE('',*,*,#931,.F.);
#420=ORIENTED_EDGE('',*,*,#915,.F.);
#421=ORIENTED_EDGE('',*,*,#879,.T.);
#422=ORIENTED_EDGE('',*,*,#931,.T.);
#423=ORIENTED_EDGE('',*,*,#873,.F.);
#424=ORIENTED_EDGE('',*,*,#923,.F.);
#425=ORIENTED_EDGE('',*,*,#932,.F.);
#426=ORIENTED_EDGE('',*,*,#861,.F.);
#427=ORIENTED_EDGE('',*,*,#871,.F.);
#428=ORIENTED_EDGE('',*,*,#919,.F.);
#429=ORIENTED_EDGE('',*,*,#933,.F.);
#430=ORIENTED_EDGE('',*,*,#924,.F.);
#431=ORIENTED_EDGE('',*,*,#911,.F.);
#432=ORIENTED_EDGE('',*,*,#926,.F.);
#433=ORIENTED_EDGE('',*,*,#934,.F.);
#434=ORIENTED_EDGE('',*,*,#921,.F.);
#435=ORIENTED_EDGE('',*,*,#914,.F.);
#436=ORIENTED_EDGE('',*,*,#867,.F.);
#437=ORIENTED_EDGE('',*,*,#935,.F.);
#438=ORIENTED_EDGE('',*,*,#927,.F.);
#439=ORIENTED_EDGE('',*,*,#895,.F.);
#440=ORIENTED_EDGE('',*,*,#936,.T.);
#441=ORIENTED_EDGE('',*,*,#886,.F.);
#442=ORIENTED_EDGE('',*,*,#853,.F.);
#443=ORIENTED_EDGE('',*,*,#885,.F.);
#444=ORIENTED_EDGE('',*,*,#937,.T.);
#445=ORIENTED_EDGE('',*,*,#889,.F.);
#446=ORIENTED_EDGE('',*,*,#851,.F.);
#447=ORIENTED_EDGE('',*,*,#938,.F.);
#448=ORIENTED_EDGE('',*,*,#859,.T.);
#449=ORIENTED_EDGE('',*,*,#857,.T.);
#450=ORIENTED_EDGE('',*,*,#938,.T.);
#451=ORIENTED_EDGE('',*,*,#939,.F.);
#452=ORIENTED_EDGE('',*,*,#858,.T.);
#453=ORIENTED_EDGE('',*,*,#855,.F.);
#454=ORIENTED_EDGE('',*,*,#939,.T.);
#455=ORIENTED_EDGE('',*,*,#940,.T.);
#456=ORIENTED_EDGE('',*,*,#941,.T.);
#457=ORIENTED_EDGE('',*,*,#898,.T.);
#458=ORIENTED_EDGE('',*,*,#862,.F.);
#459=ORIENTED_EDGE('',*,*,#932,.T.);
#460=ORIENTED_EDGE('',*,*,#922,.T.);
#461=ORIENTED_EDGE('',*,*,#933,.T.);
#462=ORIENTED_EDGE('',*,*,#918,.F.);
#463=ORIENTED_EDGE('',*,*,#934,.T.);
#464=ORIENTED_EDGE('',*,*,#925,.F.);
#465=ORIENTED_EDGE('',*,*,#935,.T.);
#466=ORIENTED_EDGE('',*,*,#866,.F.);
#467=ORIENTED_EDGE('',*,*,#909,.T.);
#468=ORIENTED_EDGE('',*,*,#942,.T.);
#469=ORIENTED_EDGE('',*,*,#943,.T.);
#470=ORIENTED_EDGE('',*,*,#944,.T.);
#471=ORIENTED_EDGE('',*,*,#940,.F.);
#472=ORIENTED_EDGE('',*,*,#945,.T.);
#473=ORIENTED_EDGE('',*,*,#946,.T.);
#474=ORIENTED_EDGE('',*,*,#947,.T.);
#475=ORIENTED_EDGE('',*,*,#948,.T.);
#476=ORIENTED_EDGE('',*,*,#949,.T.);
#477=ORIENTED_EDGE('',*,*,#950,.T.);
#478=ORIENTED_EDGE('',*,*,#951,.T.);
#479=ORIENTED_EDGE('',*,*,#952,.T.);
#480=ORIENTED_EDGE('',*,*,#953,.T.);
#481=ORIENTED_EDGE('',*,*,#954,.T.);
#482=ORIENTED_EDGE('',*,*,#955,.T.);
#483=ORIENTED_EDGE('',*,*,#850,.F.);
#484=ORIENTED_EDGE('',*,*,#956,.T.);
#485=ORIENTED_EDGE('',*,*,#957,.T.);
#486=ORIENTED_EDGE('',*,*,#958,.T.);
#487=ORIENTED_EDGE('',*,*,#959,.F.);
#488=ORIENTED_EDGE('',*,*,#960,.T.);
#489=ORIENTED_EDGE('',*,*,#961,.T.);
#490=ORIENTED_EDGE('',*,*,#962,.T.);
#491=ORIENTED_EDGE('',*,*,#963,.T.);
#492=ORIENTED_EDGE('',*,*,#964,.T.);
#493=ORIENTED_EDGE('',*,*,#965,.T.);
#494=ORIENTED_EDGE('',*,*,#966,.T.);
#495=ORIENTED_EDGE('',*,*,#967,.T.);
#496=ORIENTED_EDGE('',*,*,#957,.F.);
#497=ORIENTED_EDGE('',*,*,#968,.T.);
#498=ORIENTED_EDGE('',*,*,#969,.T.);
#499=ORIENTED_EDGE('',*,*,#970,.F.);
#500=ORIENTED_EDGE('',*,*,#971,.F.);
#501=ORIENTED_EDGE('',*,*,#972,.F.);
#502=ORIENTED_EDGE('',*,*,#973,.F.);
#503=ORIENTED_EDGE('',*,*,#959,.T.);
#504=ORIENTED_EDGE('',*,*,#974,.T.);
#505=ORIENTED_EDGE('',*,*,#975,.T.);
#506=ORIENTED_EDGE('',*,*,#976,.T.);
#507=ORIENTED_EDGE('',*,*,#977,.T.);
#508=ORIENTED_EDGE('',*,*,#978,.T.);
#509=ORIENTED_EDGE('',*,*,#979,.T.);
#510=ORIENTED_EDGE('',*,*,#980,.T.);
#511=ORIENTED_EDGE('',*,*,#981,.T.);
#512=ORIENTED_EDGE('',*,*,#982,.T.);
#513=ORIENTED_EDGE('',*,*,#983,.T.);
#514=ORIENTED_EDGE('',*,*,#984,.T.);
#515=ORIENTED_EDGE('',*,*,#985,.T.);
#516=ORIENTED_EDGE('',*,*,#986,.T.);
#517=ORIENTED_EDGE('',*,*,#987,.T.);
#518=ORIENTED_EDGE('',*,*,#988,.T.);
#519=ORIENTED_EDGE('',*,*,#989,.T.);
#520=ORIENTED_EDGE('',*,*,#990,.T.);
#521=ORIENTED_EDGE('',*,*,#991,.T.);
#522=ORIENTED_EDGE('',*,*,#992,.T.);
#523=ORIENTED_EDGE('',*,*,#993,.T.);
#524=ORIENTED_EDGE('',*,*,#994,.T.);
#525=ORIENTED_EDGE('',*,*,#995,.F.);
#526=ORIENTED_EDGE('',*,*,#996,.F.);
#527=ORIENTED_EDGE('',*,*,#997,.F.);
#528=ORIENTED_EDGE('',*,*,#998,.F.);
#529=ORIENTED_EDGE('',*,*,#999,.T.);
#530=ORIENTED_EDGE('',*,*,#1000,.T.);
#531=ORIENTED_EDGE('',*,*,#1001,.T.);
#532=ORIENTED_EDGE('',*,*,#1002,.T.);
#533=ORIENTED_EDGE('',*,*,#1003,.T.);
#534=ORIENTED_EDGE('',*,*,#1004,.T.);
#535=ORIENTED_EDGE('',*,*,#1005,.T.);
#536=ORIENTED_EDGE('',*,*,#1006,.T.);
#537=ORIENTED_EDGE('',*,*,#1007,.T.);
#538=ORIENTED_EDGE('',*,*,#1008,.T.);
#539=ORIENTED_EDGE('',*,*,#1009,.T.);
#540=ORIENTED_EDGE('',*,*,#1010,.T.);
#541=ORIENTED_EDGE('',*,*,#849,.F.);
#542=ORIENTED_EDGE('',*,*,#1011,.T.);
#543=ORIENTED_EDGE('',*,*,#968,.F.);
#544=ORIENTED_EDGE('',*,*,#956,.F.);
#545=ORIENTED_EDGE('',*,*,#978,.F.);
#546=ORIENTED_EDGE('',*,*,#1012,.T.);
#547=ORIENTED_EDGE('',*,*,#847,.F.);
#548=ORIENTED_EDGE('',*,*,#960,.F.);
#549=ORIENTED_EDGE('',*,*,#976,.F.);
#550=ORIENTED_EDGE('',*,*,#1013,.T.);
#551=ORIENTED_EDGE('',*,*,#991,.F.);
#552=ORIENTED_EDGE('',*,*,#1014,.T.);
#553=ORIENTED_EDGE('',*,*,#1009,.F.);
#554=ORIENTED_EDGE('',*,*,#1015,.T.);
#555=ORIENTED_EDGE('',*,*,#965,.F.);
#556=ORIENTED_EDGE('',*,*,#1016,.T.);
#557=ORIENTED_EDGE('',*,*,#1001,.F.);
#558=ORIENTED_EDGE('',*,*,#1017,.T.);
#559=ORIENTED_EDGE('',*,*,#1007,.F.);
#560=ORIENTED_EDGE('',*,*,#1018,.T.);
#561=ORIENTED_EDGE('',*,*,#993,.F.);
#562=ORIENTED_EDGE('',*,*,#1019,.T.);
#563=ORIENTED_EDGE('',*,*,#983,.F.);
#564=ORIENTED_EDGE('',*,*,#1020,.T.);
#565=ORIENTED_EDGE('',*,*,#985,.F.);
#566=ORIENTED_EDGE('',*,*,#1021,.T.);
#567=ORIENTED_EDGE('',*,*,#1022,.T.);
#568=ORIENTED_EDGE('',*,*,#845,.F.);
#569=ORIENTED_EDGE('',*,*,#1023,.T.);
#570=ORIENTED_EDGE('',*,*,#1024,.T.);
#571=ORIENTED_EDGE('',*,*,#1025,.T.);
#572=ORIENTED_EDGE('',*,*,#999,.F.);
#573=ORIENTED_EDGE('',*,*,#1026,.T.);
#574=ORIENTED_EDGE('',*,*,#843,.F.);
#575=ORIENTED_EDGE('',*,*,#1027,.F.);
#576=ORIENTED_EDGE('',*,*,#998,.T.);
#577=ORIENTED_EDGE('',*,*,#1028,.F.);
#578=ORIENTED_EDGE('',*,*,#1027,.T.);
#579=ORIENTED_EDGE('',*,*,#1029,.F.);
#580=ORIENTED_EDGE('',*,*,#997,.T.);
#581=ORIENTED_EDGE('',*,*,#1030,.F.);
#582=ORIENTED_EDGE('',*,*,#1029,.T.);
#583=ORIENTED_EDGE('',*,*,#1031,.F.);
#584=ORIENTED_EDGE('',*,*,#996,.T.);
#585=ORIENTED_EDGE('',*,*,#1032,.F.);
#586=ORIENTED_EDGE('',*,*,#1031,.T.);
#587=ORIENTED_EDGE('',*,*,#1033,.F.);
#588=ORIENTED_EDGE('',*,*,#995,.T.);
#589=ORIENTED_EDGE('',*,*,#1034,.F.);
#590=ORIENTED_EDGE('',*,*,#1033,.T.);
#591=ORIENTED_EDGE('',*,*,#1035,.T.);
#592=ORIENTED_EDGE('',*,*,#982,.F.);
#593=ORIENTED_EDGE('',*,*,#1036,.T.);
#594=ORIENTED_EDGE('',*,*,#1035,.F.);
#595=ORIENTED_EDGE('',*,*,#1037,.T.);
#596=ORIENTED_EDGE('',*,*,#981,.F.);
#597=ORIENTED_EDGE('',*,*,#1038,.T.);
#598=ORIENTED_EDGE('',*,*,#1037,.F.);
#599=ORIENTED_EDGE('',*,*,#1039,.T.);
#600=ORIENTED_EDGE('',*,*,#980,.F.);
#601=ORIENTED_EDGE('',*,*,#1040,.T.);
#602=ORIENTED_EDGE('',*,*,#1039,.F.);
#603=ORIENTED_EDGE('',*,*,#1041,.T.);
#604=ORIENTED_EDGE('',*,*,#979,.F.);
#605=ORIENTED_EDGE('',*,*,#1042,.T.);
#606=ORIENTED_EDGE('',*,*,#1041,.F.);
#607=ORIENTED_EDGE('',*,*,#970,.T.);
#608=ORIENTED_EDGE('',*,*,#1042,.F.);
#609=ORIENTED_EDGE('',*,*,#973,.T.);
#610=ORIENTED_EDGE('',*,*,#1040,.F.);
#611=ORIENTED_EDGE('',*,*,#972,.T.);
#612=ORIENTED_EDGE('',*,*,#1038,.F.);
#613=ORIENTED_EDGE('',*,*,#971,.T.);
#614=ORIENTED_EDGE('',*,*,#1036,.F.);
#615=ORIENTED_EDGE('',*,*,#1032,.T.);
#616=ORIENTED_EDGE('',*,*,#964,.F.);
#617=ORIENTED_EDGE('',*,*,#1030,.T.);
#618=ORIENTED_EDGE('',*,*,#963,.F.);
#619=ORIENTED_EDGE('',*,*,#1028,.T.);
#620=ORIENTED_EDGE('',*,*,#962,.F.);
#621=ORIENTED_EDGE('',*,*,#1034,.T.);
#622=ORIENTED_EDGE('',*,*,#961,.F.);
#623=ORIENTED_EDGE('',*,*,#1003,.F.);
#624=ORIENTED_EDGE('',*,*,#1043,.T.);
#625=ORIENTED_EDGE('',*,*,#1044,.T.);
#626=ORIENTED_EDGE('',*,*,#1024,.F.);
#627=ORIENTED_EDGE('',*,*,#846,.F.);
#628=ORIENTED_EDGE('',*,*,#1022,.F.);
#629=ORIENTED_EDGE('',*,*,#1045,.T.);
#630=ORIENTED_EDGE('',*,*,#1046,.T.);
#631=ORIENTED_EDGE('',*,*,#987,.F.);
#632=ORIENTED_EDGE('',*,*,#1047,.T.);
#633=ORIENTED_EDGE('',*,*,#974,.F.);
#634=ORIENTED_EDGE('',*,*,#958,.F.);
#635=ORIENTED_EDGE('',*,*,#967,.F.);
#636=ORIENTED_EDGE('',*,*,#1048,.T.);
#637=ORIENTED_EDGE('',*,*,#836,.F.);
#638=ORIENTED_EDGE('',*,*,#1049,.T.);
#639=ORIENTED_EDGE('',*,*,#837,.F.);
#640=ORIENTED_EDGE('',*,*,#1050,.T.);
#641=ORIENTED_EDGE('',*,*,#948,.F.);
#642=ORIENTED_EDGE('',*,*,#1051,.T.);
#643=ORIENTED_EDGE('',*,*,#842,.F.);
#644=ORIENTED_EDGE('',*,*,#1052,.T.);
#645=ORIENTED_EDGE('',*,*,#1053,.F.);
#646=ORIENTED_EDGE('',*,*,#945,.F.);
#647=ORIENTED_EDGE('',*,*,#942,.F.);
#648=ORIENTED_EDGE('',*,*,#908,.F.);
#649=ORIENTED_EDGE('',*,*,#1054,.F.);
#650=ORIENTED_EDGE('',*,*,#1053,.T.);
#651=ORIENTED_EDGE('',*,*,#1055,.F.);
#652=ORIENTED_EDGE('',*,*,#1055,.T.);
#653=ORIENTED_EDGE('',*,*,#907,.F.);
#654=ORIENTED_EDGE('',*,*,#1056,.F.);
#655=ORIENTED_EDGE('',*,*,#841,.F.);
#656=ORIENTED_EDGE('',*,*,#1054,.T.);
#657=ORIENTED_EDGE('',*,*,#840,.F.);
#658=ORIENTED_EDGE('',*,*,#1057,.F.);
#659=ORIENTED_EDGE('',*,*,#946,.F.);
#660=ORIENTED_EDGE('',*,*,#903,.F.);
#661=ORIENTED_EDGE('',*,*,#936,.F.);
#662=ORIENTED_EDGE('',*,*,#1058,.F.);
#663=ORIENTED_EDGE('',*,*,#1056,.T.);
#664=ORIENTED_EDGE('',*,*,#906,.F.);
#665=ORIENTED_EDGE('',*,*,#1059,.F.);
#666=ORIENTED_EDGE('',*,*,#1052,.F.);
#667=ORIENTED_EDGE('',*,*,#1057,.T.);
#668=ORIENTED_EDGE('',*,*,#1051,.F.);
#669=ORIENTED_EDGE('',*,*,#1060,.F.);
#670=ORIENTED_EDGE('',*,*,#947,.F.);
#671=ORIENTED_EDGE('',*,*,#1058,.T.);
#672=ORIENTED_EDGE('',*,*,#894,.F.);
#673=ORIENTED_EDGE('',*,*,#1061,.F.);
#674=ORIENTED_EDGE('',*,*,#904,.F.);
#675=ORIENTED_EDGE('',*,*,#1059,.T.);
#676=ORIENTED_EDGE('',*,*,#905,.F.);
#677=ORIENTED_EDGE('',*,*,#1062,.F.);
#678=ORIENTED_EDGE('',*,*,#834,.F.);
#679=ORIENTED_EDGE('',*,*,#1060,.T.);
#680=ORIENTED_EDGE('',*,*,#950,.F.);
#681=ORIENTED_EDGE('',*,*,#1063,.F.);
#682=ORIENTED_EDGE('',*,*,#943,.F.);
#683=ORIENTED_EDGE('',*,*,#941,.F.);
#684=ORIENTED_EDGE('',*,*,#944,.F.);
#685=ORIENTED_EDGE('',*,*,#1064,.F.);
#686=ORIENTED_EDGE('',*,*,#899,.F.);
#687=ORIENTED_EDGE('',*,*,#1062,.T.);
#688=ORIENTED_EDGE('',*,*,#1061,.T.);
#689=ORIENTED_EDGE('',*,*,#1065,.F.);
#690=ORIENTED_EDGE('',*,*,#1064,.T.);
#691=ORIENTED_EDGE('',*,*,#1063,.T.);
#692=ORIENTED_EDGE('',*,*,#1066,.F.);
#693=ORIENTED_EDGE('',*,*,#1065,.T.);
#694=ORIENTED_EDGE('',*,*,#893,.F.);
#695=ORIENTED_EDGE('',*,*,#1067,.F.);
#696=ORIENTED_EDGE('',*,*,#835,.F.);
#697=ORIENTED_EDGE('',*,*,#1066,.T.);
#698=ORIENTED_EDGE('',*,*,#949,.F.);
#699=ORIENTED_EDGE('',*,*,#1068,.F.);
#700=ORIENTED_EDGE('',*,*,#900,.F.);
#701=ORIENTED_EDGE('',*,*,#1067,.T.);
#702=ORIENTED_EDGE('',*,*,#892,.F.);
#703=ORIENTED_EDGE('',*,*,#1069,.F.);
#704=ORIENTED_EDGE('',*,*,#1049,.F.);
#705=ORIENTED_EDGE('',*,*,#1068,.T.);
#706=ORIENTED_EDGE('',*,*,#1050,.F.);
#707=ORIENTED_EDGE('',*,*,#1070,.F.);
#708=ORIENTED_EDGE('',*,*,#901,.F.);
#709=ORIENTED_EDGE('',*,*,#1069,.T.);
#710=ORIENTED_EDGE('',*,*,#891,.F.);
#711=ORIENTED_EDGE('',*,*,#1071,.F.);
#712=ORIENTED_EDGE('',*,*,#838,.F.);
#713=ORIENTED_EDGE('',*,*,#1070,.T.);
#714=ORIENTED_EDGE('',*,*,#839,.F.);
#715=ORIENTED_EDGE('',*,*,#1072,.F.);
#716=ORIENTED_EDGE('',*,*,#902,.F.);
#717=ORIENTED_EDGE('',*,*,#1072,.T.);
#718=ORIENTED_EDGE('',*,*,#1071,.T.);
#719=ORIENTED_EDGE('',*,*,#1073,.F.);
#720=ORIENTED_EDGE('',*,*,#1073,.T.);
#721=ORIENTED_EDGE('',*,*,#890,.F.);
#722=ORIENTED_EDGE('',*,*,#1074,.F.);
#723=ORIENTED_EDGE('',*,*,#896,.F.);
#724=ORIENTED_EDGE('',*,*,#1074,.T.);
#725=ORIENTED_EDGE('',*,*,#937,.F.);
#726=ORIENTED_EDGE('',*,*,#897,.F.);
#727=ORIENTED_EDGE('',*,*,#1075,.F.);
#728=ORIENTED_EDGE('',*,*,#975,.F.);
#729=ORIENTED_EDGE('',*,*,#1047,.F.);
#730=ORIENTED_EDGE('',*,*,#990,.F.);
#731=ORIENTED_EDGE('',*,*,#1013,.F.);
#732=ORIENTED_EDGE('',*,*,#1075,.T.);
#733=ORIENTED_EDGE('',*,*,#1076,.F.);
#734=ORIENTED_EDGE('',*,*,#1077,.F.);
#735=ORIENTED_EDGE('',*,*,#992,.F.);
#736=ORIENTED_EDGE('',*,*,#1076,.T.);
#737=ORIENTED_EDGE('',*,*,#989,.F.);
#738=ORIENTED_EDGE('',*,*,#1019,.F.);
#739=ORIENTED_EDGE('',*,*,#1077,.T.);
#740=ORIENTED_EDGE('',*,*,#1078,.F.);
#741=ORIENTED_EDGE('',*,*,#988,.F.);
#742=ORIENTED_EDGE('',*,*,#1046,.F.);
#743=ORIENTED_EDGE('',*,*,#1079,.F.);
#744=ORIENTED_EDGE('',*,*,#984,.F.);
#745=ORIENTED_EDGE('',*,*,#1078,.T.);
#746=ORIENTED_EDGE('',*,*,#1045,.F.);
#747=ORIENTED_EDGE('',*,*,#1021,.F.);
#748=ORIENTED_EDGE('',*,*,#1079,.T.);
#749=ORIENTED_EDGE('',*,*,#1025,.F.);
#750=ORIENTED_EDGE('',*,*,#1044,.F.);
#751=ORIENTED_EDGE('',*,*,#1080,.F.);
#752=ORIENTED_EDGE('',*,*,#1081,.F.);
#753=ORIENTED_EDGE('',*,*,#1000,.F.);
#754=ORIENTED_EDGE('',*,*,#1080,.T.);
#755=ORIENTED_EDGE('',*,*,#1043,.F.);
#756=ORIENTED_EDGE('',*,*,#1006,.F.);
#757=ORIENTED_EDGE('',*,*,#1017,.F.);
#758=ORIENTED_EDGE('',*,*,#1081,.T.);
#759=ORIENTED_EDGE('',*,*,#1082,.F.);
#760=ORIENTED_EDGE('',*,*,#1083,.F.);
#761=ORIENTED_EDGE('',*,*,#1008,.F.);
#762=ORIENTED_EDGE('',*,*,#1082,.T.);
#763=ORIENTED_EDGE('',*,*,#1005,.F.);
#764=ORIENTED_EDGE('',*,*,#1015,.F.);
#765=ORIENTED_EDGE('',*,*,#1083,.T.);
#766=ORIENTED_EDGE('',*,*,#1084,.F.);
#767=ORIENTED_EDGE('',*,*,#1084,.T.);
#768=ORIENTED_EDGE('',*,*,#1004,.F.);
#769=ORIENTED_EDGE('',*,*,#1048,.F.);
#770=ORIENTED_EDGE('',*,*,#966,.F.);
#771=ORIENTED_EDGE('',*,*,#1085,.F.);
#772=ORIENTED_EDGE('',*,*,#1086,.F.);
#773=ORIENTED_EDGE('',*,*,#1016,.F.);
#774=ORIENTED_EDGE('',*,*,#1086,.T.);
#775=ORIENTED_EDGE('',*,*,#955,.F.);
#776=ORIENTED_EDGE('',*,*,#1087,.F.);
#777=ORIENTED_EDGE('',*,*,#1010,.F.);
#778=ORIENTED_EDGE('',*,*,#1088,.F.);
#779=ORIENTED_EDGE('',*,*,#1089,.F.);
#780=ORIENTED_EDGE('',*,*,#1014,.F.);
#781=ORIENTED_EDGE('',*,*,#1089,.T.);
#782=ORIENTED_EDGE('',*,*,#832,.F.);
#783=ORIENTED_EDGE('',*,*,#1090,.F.);
#784=ORIENTED_EDGE('',*,*,#977,.F.);
#785=ORIENTED_EDGE('',*,*,#1085,.T.);
#786=ORIENTED_EDGE('',*,*,#969,.F.);
#787=ORIENTED_EDGE('',*,*,#1091,.F.);
#788=ORIENTED_EDGE('',*,*,#951,.F.);
#789=ORIENTED_EDGE('',*,*,#1018,.F.);
#790=ORIENTED_EDGE('',*,*,#1087,.T.);
#791=ORIENTED_EDGE('',*,*,#1092,.F.);
#792=ORIENTED_EDGE('',*,*,#1088,.T.);
#793=ORIENTED_EDGE('',*,*,#994,.F.);
#794=ORIENTED_EDGE('',*,*,#1093,.F.);
#795=ORIENTED_EDGE('',*,*,#833,.F.);
#796=ORIENTED_EDGE('',*,*,#1012,.F.);
#797=ORIENTED_EDGE('',*,*,#1090,.T.);
#798=ORIENTED_EDGE('',*,*,#1094,.F.);
#799=ORIENTED_EDGE('',*,*,#1091,.T.);
#800=ORIENTED_EDGE('',*,*,#1011,.F.);
#801=ORIENTED_EDGE('',*,*,#1095,.F.);
#802=ORIENTED_EDGE('',*,*,#1092,.T.);
#803=ORIENTED_EDGE('',*,*,#954,.F.);
#804=ORIENTED_EDGE('',*,*,#1096,.F.);
#805=ORIENTED_EDGE('',*,*,#1002,.F.);
#806=ORIENTED_EDGE('',*,*,#1093,.T.);
#807=ORIENTED_EDGE('',*,*,#1020,.F.);
#808=ORIENTED_EDGE('',*,*,#1097,.F.);
#809=ORIENTED_EDGE('',*,*,#1094,.T.);
#810=ORIENTED_EDGE('',*,*,#831,.F.);
#811=ORIENTED_EDGE('',*,*,#1098,.F.);
#812=ORIENTED_EDGE('',*,*,#844,.F.);
#813=ORIENTED_EDGE('',*,*,#1099,.T.);
#814=ORIENTED_EDGE('',*,*,#952,.F.);
#815=ORIENTED_EDGE('',*,*,#1095,.T.);
#816=ORIENTED_EDGE('',*,*,#848,.F.);
#817=ORIENTED_EDGE('',*,*,#1096,.T.);
#818=ORIENTED_EDGE('',*,*,#953,.F.);
#819=ORIENTED_EDGE('',*,*,#1099,.F.);
#820=ORIENTED_EDGE('',*,*,#1026,.F.);
#821=ORIENTED_EDGE('',*,*,#1097,.T.);
#822=ORIENTED_EDGE('',*,*,#986,.F.);
#823=ORIENTED_EDGE('',*,*,#1100,.F.);
#824=ORIENTED_EDGE('',*,*,#829,.F.);
#825=ORIENTED_EDGE('',*,*,#1100,.T.);
#826=ORIENTED_EDGE('',*,*,#1023,.F.);
#827=ORIENTED_EDGE('',*,*,#1098,.T.);
#828=ORIENTED_EDGE('',*,*,#830,.F.);
#829=EDGE_CURVE('',#1101,#1102,#1281,.T.);
#830=EDGE_CURVE('',#1102,#1103,#132,.F.);
#831=EDGE_CURVE('',#1103,#1104,#133,.F.);
#832=EDGE_CURVE('',#1104,#1105,#1282,.T.);
#833=EDGE_CURVE('',#1105,#1101,#1283,.T.);
#834=EDGE_CURVE('',#1106,#1107,#1284,.F.);
#835=EDGE_CURVE('',#1107,#1108,#1285,.F.);
#836=EDGE_CURVE('',#1108,#1106,#134,.F.);
#837=EDGE_CURVE('',#1109,#1110,#135,.F.);
#838=EDGE_CURVE('',#1110,#1111,#1286,.F.);
#839=EDGE_CURVE('',#1111,#1109,#1287,.F.);
#840=EDGE_CURVE('',#1112,#1113,#1288,.F.);
#841=EDGE_CURVE('',#1113,#1114,#1289,.F.);
#842=EDGE_CURVE('',#1114,#1112,#136,.F.);
#843=EDGE_CURVE('',#1115,#1116,#1290,.F.);
#844=EDGE_CURVE('',#1116,#1117,#137,.F.);
#845=EDGE_CURVE('',#1117,#1118,#1291,.T.);
#846=EDGE_CURVE('',#1118,#1115,#138,.T.);
#847=EDGE_CURVE('',#1119,#1120,#1292,.F.);
#848=EDGE_CURVE('',#1120,#1121,#139,.T.);
#849=EDGE_CURVE('',#1121,#1122,#1293,.T.);
#850=EDGE_CURVE('',#1122,#1119,#140,.F.);
#851=EDGE_CURVE('',#1123,#1124,#41,.F.);
#852=EDGE_CURVE('',#1124,#1125,#1294,.T.);
#853=EDGE_CURVE('',#1125,#1123,#42,.T.);
#854=EDGE_CURVE('',#1126,#1126,#141,.T.);
#855=EDGE_CURVE('',#1127,#1127,#142,.F.);
#856=EDGE_CURVE('',#1128,#1128,#143,.F.);
#857=EDGE_CURVE('',#1129,#1129,#144,.T.);
#858=EDGE_CURVE('',#1130,#1130,#145,.T.);
#859=EDGE_CURVE('',#1131,#1131,#146,.T.);
#860=EDGE_CURVE('',#1132,#1133,#1295,.T.);
#861=EDGE_CURVE('',#1132,#1134,#1296,.T.);
#862=EDGE_CURVE('',#1134,#1135,#1297,.T.);
#863=EDGE_CURVE('',#1135,#1136,#1298,.T.);
#864=EDGE_CURVE('',#1137,#1136,#147,.T.);
#865=EDGE_CURVE('',#1137,#1138,#1299,.T.);
#866=EDGE_CURVE('',#1138,#1139,#1300,.T.);
#867=EDGE_CURVE('',#1139,#1140,#1301,.F.);
#868=EDGE_CURVE('',#1141,#1140,#1302,.T.);
#869=EDGE_CURVE('',#1141,#1133,#148,.T.);
#870=EDGE_CURVE('',#1142,#1143,#1303,.T.);
#871=EDGE_CURVE('',#1143,#1144,#149,.F.);
#872=EDGE_CURVE('',#1145,#1144,#1304,.T.);
#873=EDGE_CURVE('',#1145,#1132,#150,.T.);
#874=EDGE_CURVE('',#1133,#1142,#1305,.T.);
#875=EDGE_CURVE('',#1146,#1146,#151,.T.);
#876=EDGE_CURVE('',#1147,#1147,#152,.T.);
#877=EDGE_CURVE('',#1148,#1148,#153,.T.);
#878=EDGE_CURVE('',#1149,#1149,#154,.T.);
#879=EDGE_CURVE('',#1150,#1150,#155,.T.);
#880=EDGE_CURVE('',#1151,#1151,#156,.T.);
#881=EDGE_CURVE('',#1152,#1152,#157,.T.);
#882=EDGE_CURVE('',#1153,#1153,#158,.T.);
#883=EDGE_CURVE('',#1154,#1154,#159,.T.);
#884=EDGE_CURVE('',#1136,#1155,#1306,.T.);
#885=EDGE_CURVE('',#1155,#1123,#160,.F.);
#886=EDGE_CURVE('',#1123,#1156,#161,.F.);
#887=EDGE_CURVE('',#1137,#1156,#1307,.T.);
#888=EDGE_CURVE('',#1157,#1157,#162,.F.);
#889=EDGE_CURVE('',#1124,#1158,#163,.T.);
#890=EDGE_CURVE('',#1158,#1159,#1308,.T.);
#891=EDGE_CURVE('',#1159,#1160,#1309,.T.);
#892=EDGE_CURVE('',#1160,#1161,#43,.T.);
#893=EDGE_CURVE('',#1161,#1162,#1310,.T.);
#894=EDGE_CURVE('',#1162,#1163,#1311,.T.);
#895=EDGE_CURVE('',#1163,#1125,#164,.T.);
#896=EDGE_CURVE('',#1164,#1165,#1312,.F.);
#897=EDGE_CURVE('',#1165,#1155,#44,.T.);
#898=EDGE_CURVE('',#1166,#1135,#1313,.T.);
#899=EDGE_CURVE('',#1166,#1167,#1314,.F.);
#900=EDGE_CURVE('',#1167,#1168,#1315,.T.);
#901=EDGE_CURVE('',#1168,#1169,#45,.T.);
#902=EDGE_CURVE('',#1169,#1164,#1316,.T.);
#903=EDGE_CURVE('',#1156,#1170,#46,.F.);
#904=EDGE_CURVE('',#1170,#1171,#1317,.F.);
#905=EDGE_CURVE('',#1171,#1172,#1318,.T.);
#906=EDGE_CURVE('',#1172,#1173,#47,.T.);
#907=EDGE_CURVE('',#1173,#1174,#1319,.T.);
#908=EDGE_CURVE('',#1174,#1175,#1320,.T.);
#909=EDGE_CURVE('',#1138,#1175,#1321,.T.);
#910=EDGE_CURVE('',#1176,#1177,#1322,.T.);
#911=EDGE_CURVE('',#1177,#1178,#165,.F.);
#912=EDGE_CURVE('',#1178,#1179,#1323,.T.);
#913=EDGE_CURVE('',#1179,#1141,#1324,.F.);
#914=EDGE_CURVE('',#1140,#1176,#166,.T.);
#915=EDGE_CURVE('',#1180,#1180,#167,.T.);
#916=EDGE_CURVE('',#1181,#1181,#168,.T.);
#917=EDGE_CURVE('',#1182,#1182,#169,.T.);
#918=EDGE_CURVE('',#1183,#1184,#1325,.T.);
#919=EDGE_CURVE('',#1184,#1143,#1326,.F.);
#920=EDGE_CURVE('',#1142,#1179,#170,.T.);
#921=EDGE_CURVE('',#1178,#1183,#1327,.T.);
#922=EDGE_CURVE('',#1185,#1186,#1328,.T.);
#923=EDGE_CURVE('',#1185,#1145,#1329,.F.);
#924=EDGE_CURVE('',#1144,#1186,#1330,.T.);
#925=EDGE_CURVE('',#1187,#1188,#1331,.T.);
#926=EDGE_CURVE('',#1188,#1177,#1332,.F.);
#927=EDGE_CURVE('',#1176,#1187,#1333,.T.);
#928=EDGE_CURVE('',#1189,#1189,#171,.F.);
#929=EDGE_CURVE('',#1190,#1190,#172,.F.);
#930=EDGE_CURVE('',#1191,#1191,#173,.F.);
#931=EDGE_CURVE('',#1192,#1192,#174,.F.);
#932=EDGE_CURVE('',#1134,#1185,#175,.F.);
#933=EDGE_CURVE('',#1186,#1184,#176,.T.);
#934=EDGE_CURVE('',#1183,#1188,#177,.T.);
#935=EDGE_CURVE('',#1187,#1139,#178,.F.);
#936=EDGE_CURVE('',#1163,#1156,#48,.T.);
#937=EDGE_CURVE('',#1155,#1158,#49,.F.);
#938=EDGE_CURVE('',#1193,#1193,#179,.T.);
#939=EDGE_CURVE('',#1194,#1194,#180,.T.);
#940=EDGE_CURVE('',#1195,#1196,#1334,.T.);
#941=EDGE_CURVE('',#1196,#1166,#181,.F.);
#942=EDGE_CURVE('',#1175,#1195,#182,.F.);
#943=EDGE_CURVE('',#1197,#1198,#1335,.T.);
#944=EDGE_CURVE('',#1198,#1196,#1336,.T.);
#945=EDGE_CURVE('',#1195,#1199,#1337,.F.);
#946=EDGE_CURVE('',#1199,#1200,#1338,.T.);
#947=EDGE_CURVE('',#1200,#1197,#50,.T.);
#948=EDGE_CURVE('',#1201,#1202,#183,.F.);
#949=EDGE_CURVE('',#1202,#1203,#1339,.F.);
#950=EDGE_CURVE('',#1203,#1201,#1340,.F.);
#951=EDGE_CURVE('',#1204,#1205,#1341,.F.);
#952=EDGE_CURVE('',#1205,#1206,#184,.F.);
#953=EDGE_CURVE('',#1206,#1207,#185,.F.);
#954=EDGE_CURVE('',#1207,#1208,#1342,.F.);
#955=EDGE_CURVE('',#1208,#1204,#1343,.F.);
#956=EDGE_CURVE('',#1122,#1209,#186,.F.);
#957=EDGE_CURVE('',#1209,#1210,#1344,.T.);
#958=EDGE_CURVE('',#1210,#1211,#187,.T.);
#959=EDGE_CURVE('',#1212,#1211,#1345,.T.);
#960=EDGE_CURVE('',#1212,#1119,#188,.F.);
#961=EDGE_CURVE('',#1213,#1213,#189,.T.);
#962=EDGE_CURVE('',#1214,#1214,#190,.T.);
#963=EDGE_CURVE('',#1215,#1215,#191,.T.);
#964=EDGE_CURVE('',#1216,#1216,#192,.T.);
#965=EDGE_CURVE('',#1217,#1218,#1346,.F.);
#966=EDGE_CURVE('',#1218,#1219,#1347,.T.);
#967=EDGE_CURVE('',#1219,#1210,#51,.T.);
#968=EDGE_CURVE('',#1209,#1220,#1348,.T.);
#969=EDGE_CURVE('',#1220,#1217,#1349,.T.);
#970=EDGE_CURVE('',#1221,#1221,#193,.T.);
#971=EDGE_CURVE('',#1222,#1222,#194,.T.);
#972=EDGE_CURVE('',#1223,#1223,#195,.T.);
#973=EDGE_CURVE('',#1224,#1224,#196,.T.);
#974=EDGE_CURVE('',#1211,#1225,#52,.T.);
#975=EDGE_CURVE('',#1225,#1226,#1350,.F.);
#976=EDGE_CURVE('',#1226,#1227,#1351,.T.);
#977=EDGE_CURVE('',#1227,#1228,#1352,.F.);
#978=EDGE_CURVE('',#1228,#1212,#1353,.T.);
#979=EDGE_CURVE('',#1229,#1229,#197,.T.);
#980=EDGE_CURVE('',#1230,#1230,#198,.T.);
#981=EDGE_CURVE('',#1231,#1231,#199,.T.);
#982=EDGE_CURVE('',#1232,#1232,#200,.T.);
#983=EDGE_CURVE('',#1233,#1234,#1354,.T.);
#984=EDGE_CURVE('',#1234,#1235,#1355,.T.);
#985=EDGE_CURVE('',#1235,#1236,#1356,.F.);
#986=EDGE_CURVE('',#1236,#1233,#1357,.F.);
#987=EDGE_CURVE('',#1237,#1238,#201,.T.);
#988=EDGE_CURVE('',#1238,#1239,#1358,.F.);
#989=EDGE_CURVE('',#1239,#1240,#1359,.T.);
#990=EDGE_CURVE('',#1240,#1237,#1360,.T.);
#991=EDGE_CURVE('',#1241,#1242,#1361,.F.);
#992=EDGE_CURVE('',#1242,#1243,#1362,.F.);
#993=EDGE_CURVE('',#1243,#1244,#1363,.F.);
#994=EDGE_CURVE('',#1244,#1241,#1364,.F.);
#995=EDGE_CURVE('',#1245,#1245,#202,.T.);
#996=EDGE_CURVE('',#1246,#1246,#203,.T.);
#997=EDGE_CURVE('',#1247,#1247,#204,.T.);
#998=EDGE_CURVE('',#1248,#1248,#205,.T.);
#999=EDGE_CURVE('',#1249,#1250,#1365,.F.);
#1000=EDGE_CURVE('',#1250,#1251,#1366,.F.);
#1001=EDGE_CURVE('',#1251,#1252,#1367,.F.);
#1002=EDGE_CURVE('',#1252,#1249,#1368,.T.);
#1003=EDGE_CURVE('',#1253,#1254,#206,.T.);
#1004=EDGE_CURVE('',#1254,#1255,#1369,.F.);
#1005=EDGE_CURVE('',#1255,#1256,#1370,.T.);
#1006=EDGE_CURVE('',#1256,#1253,#1371,.T.);
#1007=EDGE_CURVE('',#1257,#1258,#1372,.T.);
#1008=EDGE_CURVE('',#1258,#1259,#1373,.F.);
#1009=EDGE_CURVE('',#1259,#1260,#1374,.T.);
#1010=EDGE_CURVE('',#1260,#1257,#1375,.T.);
#1011=EDGE_CURVE('',#1121,#1220,#207,.T.);
#1012=EDGE_CURVE('',#1228,#1120,#208,.T.);
#1013=EDGE_CURVE('',#1226,#1242,#209,.T.);
#1014=EDGE_CURVE('',#1241,#1227,#210,.F.);
#1015=EDGE_CURVE('',#1259,#1218,#211,.F.);
#1016=EDGE_CURVE('',#1217,#1260,#212,.T.);
#1017=EDGE_CURVE('',#1251,#1258,#213,.T.);
#1018=EDGE_CURVE('',#1257,#1252,#214,.F.);
#1019=EDGE_CURVE('',#1243,#1234,#215,.F.);
#1020=EDGE_CURVE('',#1233,#1244,#216,.T.);
#1021=EDGE_CURVE('',#1235,#1261,#217,.T.);
#1022=EDGE_CURVE('',#1261,#1118,#53,.T.);
#1023=EDGE_CURVE('',#1117,#1236,#218,.T.);
#1024=EDGE_CURVE('',#1115,#1262,#54,.F.);
#1025=EDGE_CURVE('',#1262,#1250,#219,.T.);
#1026=EDGE_CURVE('',#1249,#1116,#220,.T.);
#1027=EDGE_CURVE('',#1263,#1263,#221,.T.);
#1028=EDGE_CURVE('',#1264,#1264,#222,.T.);
#1029=EDGE_CURVE('',#1265,#1265,#223,.T.);
#1030=EDGE_CURVE('',#1266,#1266,#224,.T.);
#1031=EDGE_CURVE('',#1267,#1267,#225,.T.);
#1032=EDGE_CURVE('',#1268,#1268,#226,.T.);
#1033=EDGE_CURVE('',#1269,#1269,#227,.T.);
#1034=EDGE_CURVE('',#1270,#1270,#228,.T.);
#1035=EDGE_CURVE('',#1271,#1271,#229,.T.);
#1036=EDGE_CURVE('',#1272,#1272,#230,.T.);
#1037=EDGE_CURVE('',#1273,#1273,#231,.T.);
#1038=EDGE_CURVE('',#1274,#1274,#232,.T.);
#1039=EDGE_CURVE('',#1275,#1275,#233,.T.);
#1040=EDGE_CURVE('',#1276,#1276,#234,.T.);
#1041=EDGE_CURVE('',#1277,#1277,#235,.T.);
#1042=EDGE_CURVE('',#1278,#1278,#236,.T.);
#1043=EDGE_CURVE('',#1253,#1279,#55,.T.);
#1044=EDGE_CURVE('',#1279,#1262,#56,.T.);
#1045=EDGE_CURVE('',#1261,#1280,#57,.F.);
#1046=EDGE_CURVE('',#1280,#1238,#58,.F.);
#1047=EDGE_CURVE('',#1237,#1225,#59,.T.);
#1048=EDGE_CURVE('',#1219,#1254,#60,.T.);
#1049=EDGE_CURVE('',#1108,#1110,#61,.T.);
#1050=EDGE_CURVE('',#1109,#1202,#62,.T.);
#1051=EDGE_CURVE('',#1201,#1112,#63,.T.);
#1052=EDGE_CURVE('',#1114,#1106,#64,.T.);
#1053=EDGE_CURVE('',#1199,#1174,#237,.T.);
#1054=EDGE_CURVE('',#1199,#1113,#238,.F.);
#1055=EDGE_CURVE('',#1113,#1174,#239,.F.);
#1056=EDGE_CURVE('',#1114,#1173,#240,.T.);
#1057=EDGE_CURVE('',#1200,#1112,#241,.T.);
#1058=EDGE_CURVE('',#1170,#1163,#242,.T.);
#1059=EDGE_CURVE('',#1106,#1172,#243,.T.);
#1060=EDGE_CURVE('',#1197,#1201,#244,.T.);
#1061=EDGE_CURVE('',#1171,#1162,#245,.T.);
#1062=EDGE_CURVE('',#1107,#1171,#246,.T.);
#1063=EDGE_CURVE('',#1198,#1203,#247,.T.);
#1064=EDGE_CURVE('',#1167,#1198,#248,.T.);
#1065=EDGE_CURVE('',#1107,#1162,#249,.F.);
#1066=EDGE_CURVE('',#1167,#1203,#250,.F.);
#1067=EDGE_CURVE('',#1108,#1161,#251,.T.);
#1068=EDGE_CURVE('',#1168,#1202,#252,.T.);
#1069=EDGE_CURVE('',#1110,#1160,#253,.T.);
#1070=EDGE_CURVE('',#1169,#1109,#254,.T.);
#1071=EDGE_CURVE('',#1111,#1159,#255,.T.);
#1072=EDGE_CURVE('',#1164,#1111,#256,.T.);
#1073=EDGE_CURVE('',#1164,#1159,#257,.F.);
#1074=EDGE_CURVE('',#1165,#1158,#258,.T.);
#1075=EDGE_CURVE('',#1226,#1240,#259,.T.);
#1076=EDGE_CURVE('',#1242,#1240,#260,.T.);
#1077=EDGE_CURVE('',#1243,#1239,#261,.T.);
#1078=EDGE_CURVE('',#1234,#1239,#262,.T.);
#1079=EDGE_CURVE('',#1235,#1280,#263,.T.);
#1080=EDGE_CURVE('',#1250,#1279,#264,.T.);
#1081=EDGE_CURVE('',#1251,#1256,#265,.T.);
#1082=EDGE_CURVE('',#1258,#1256,#266,.T.);
#1083=EDGE_CURVE('',#1259,#1255,#267,.T.);
#1084=EDGE_CURVE('',#1218,#1255,#268,.T.);
#1085=EDGE_CURVE('',#1204,#1217,#269,.T.);
#1086=EDGE_CURVE('',#1260,#1204,#270,.T.);
#1087=EDGE_CURVE('',#1257,#1208,#271,.T.);
#1088=EDGE_CURVE('',#1105,#1241,#272,.T.);
#1089=EDGE_CURVE('',#1227,#1105,#273,.T.);
#1090=EDGE_CURVE('',#1228,#1104,#274,.T.);
#1091=EDGE_CURVE('',#1205,#1220,#275,.T.);
#1092=EDGE_CURVE('',#1252,#1208,#276,.T.);
#1093=EDGE_CURVE('',#1101,#1244,#277,.T.);
#1094=EDGE_CURVE('',#1120,#1104,#278,.T.);
#1095=EDGE_CURVE('',#1205,#1121,#279,.T.);
#1096=EDGE_CURVE('',#1249,#1207,#280,.T.);
#1097=EDGE_CURVE('',#1101,#1233,#281,.T.);
#1098=EDGE_CURVE('',#1117,#1103,#282,.T.);
#1099=EDGE_CURVE('',#1116,#1206,#283,.T.);
#1100=EDGE_CURVE('',#1102,#1236,#284,.T.);
#1101=VERTEX_POINT('',#3039);
#1102=VERTEX_POINT('',#3040);
#1103=VERTEX_POINT('',#3042);
#1104=VERTEX_POINT('',#3044);
#1105=VERTEX_POINT('',#3046);
#1106=VERTEX_POINT('',#3050);
#1107=VERTEX_POINT('',#3051);
#1108=VERTEX_POINT('',#3053);
#1109=VERTEX_POINT('',#3057);
#1110=VERTEX_POINT('',#3058);
#1111=VERTEX_POINT('',#3060);
#1112=VERTEX_POINT('',#3064);
#1113=VERTEX_POINT('',#3065);
#1114=VERTEX_POINT('',#3067);
#1115=VERTEX_POINT('',#3071);
#1116=VERTEX_POINT('',#3072);
#1117=VERTEX_POINT('',#3074);
#1118=VERTEX_POINT('',#3076);
#1119=VERTEX_POINT('',#3080);
#1120=VERTEX_POINT('',#3081);
#1121=VERTEX_POINT('',#3083);
#1122=VERTEX_POINT('',#3085);
#1123=VERTEX_POINT('',#3093);
#1124=VERTEX_POINT('',#3094);
#1125=VERTEX_POINT('',#3096);
#1126=VERTEX_POINT('',#3104);
#1127=VERTEX_POINT('',#3106);
#1128=VERTEX_POINT('',#3109);
#1129=VERTEX_POINT('',#3111);
#1130=VERTEX_POINT('',#3114);
#1131=VERTEX_POINT('',#3116);
#1132=VERTEX_POINT('',#3118);
#1133=VERTEX_POINT('',#3119);
#1134=VERTEX_POINT('',#3121);
#1135=VERTEX_POINT('',#3123);
#1136=VERTEX_POINT('',#3125);
#1137=VERTEX_POINT('',#3127);
#1138=VERTEX_POINT('',#3129);
#1139=VERTEX_POINT('',#3131);
#1140=VERTEX_POINT('',#3133);
#1141=VERTEX_POINT('',#3135);
#1142=VERTEX_POINT('',#3139);
#1143=VERTEX_POINT('',#3140);
#1144=VERTEX_POINT('',#3142);
#1145=VERTEX_POINT('',#3144);
#1146=VERTEX_POINT('',#3149);
#1147=VERTEX_POINT('',#3151);
#1148=VERTEX_POINT('',#3154);
#1149=VERTEX_POINT('',#3156);
#1150=VERTEX_POINT('',#3159);
#1151=VERTEX_POINT('',#3161);
#1152=VERTEX_POINT('',#3164);
#1153=VERTEX_POINT('',#3166);
#1154=VERTEX_POINT('',#3169);
#1155=VERTEX_POINT('',#3171);
#1156=VERTEX_POINT('',#3174);
#1157=VERTEX_POINT('',#3178);
#1158=VERTEX_POINT('',#3182);
#1159=VERTEX_POINT('',#3184);
#1160=VERTEX_POINT('',#3186);
#1161=VERTEX_POINT('',#3199);
#1162=VERTEX_POINT('',#3201);
#1163=VERTEX_POINT('',#3203);
#1164=VERTEX_POINT('',#3207);
#1165=VERTEX_POINT('',#3208);
#1166=VERTEX_POINT('',#3215);
#1167=VERTEX_POINT('',#3217);
#1168=VERTEX_POINT('',#3219);
#1169=VERTEX_POINT('',#3225);
#1170=VERTEX_POINT('',#3233);
#1171=VERTEX_POINT('',#3235);
#1172=VERTEX_POINT('',#3237);
#1173=VERTEX_POINT('',#3243);
#1174=VERTEX_POINT('',#3245);
#1175=VERTEX_POINT('',#3247);
#1176=VERTEX_POINT('',#3251);
#1177=VERTEX_POINT('',#3252);
#1178=VERTEX_POINT('',#3254);
#1179=VERTEX_POINT('',#3256);
#1180=VERTEX_POINT('',#3261);
#1181=VERTEX_POINT('',#3263);
#1182=VERTEX_POINT('',#3265);
#1183=VERTEX_POINT('',#3267);
#1184=VERTEX_POINT('',#3268);
#1185=VERTEX_POINT('',#3274);
#1186=VERTEX_POINT('',#3275);
#1187=VERTEX_POINT('',#3280);
#1188=VERTEX_POINT('',#3281);
#1189=VERTEX_POINT('',#3286);
#1190=VERTEX_POINT('',#3290);
#1191=VERTEX_POINT('',#3294);
#1192=VERTEX_POINT('',#3298);
#1193=VERTEX_POINT('',#3322);
#1194=VERTEX_POINT('',#3326);
#1195=VERTEX_POINT('',#3330);
#1196=VERTEX_POINT('',#3331);
#1197=VERTEX_POINT('',#3336);
#1198=VERTEX_POINT('',#3337);
#1199=VERTEX_POINT('',#3340);
#1200=VERTEX_POINT('',#3342);
#1201=VERTEX_POINT('',#3358);
#1202=VERTEX_POINT('',#3359);
#1203=VERTEX_POINT('',#3361);
#1204=VERTEX_POINT('',#3365);
#1205=VERTEX_POINT('',#3366);
#1206=VERTEX_POINT('',#3368);
#1207=VERTEX_POINT('',#3370);
#1208=VERTEX_POINT('',#3372);
#1209=VERTEX_POINT('',#3376);
#1210=VERTEX_POINT('',#3378);
#1211=VERTEX_POINT('',#3380);
#1212=VERTEX_POINT('',#3382);
#1213=VERTEX_POINT('',#3386);
#1214=VERTEX_POINT('',#3388);
#1215=VERTEX_POINT('',#3390);
#1216=VERTEX_POINT('',#3392);
#1217=VERTEX_POINT('',#3394);
#1218=VERTEX_POINT('',#3395);
#1219=VERTEX_POINT('',#3397);
#1220=VERTEX_POINT('',#3403);
#1221=VERTEX_POINT('',#3407);
#1222=VERTEX_POINT('',#3409);
#1223=VERTEX_POINT('',#3411);
#1224=VERTEX_POINT('',#3413);
#1225=VERTEX_POINT('',#3418);
#1226=VERTEX_POINT('',#3420);
#1227=VERTEX_POINT('',#3422);
#1228=VERTEX_POINT('',#3424);
#1229=VERTEX_POINT('',#3428);
#1230=VERTEX_POINT('',#3430);
#1231=VERTEX_POINT('',#3432);
#1232=VERTEX_POINT('',#3434);
#1233=VERTEX_POINT('',#3436);
#1234=VERTEX_POINT('',#3437);
#1235=VERTEX_POINT('',#3439);
#1236=VERTEX_POINT('',#3441);
#1237=VERTEX_POINT('',#3445);
#1238=VERTEX_POINT('',#3446);
#1239=VERTEX_POINT('',#3448);
#1240=VERTEX_POINT('',#3450);
#1241=VERTEX_POINT('',#3454);
#1242=VERTEX_POINT('',#3455);
#1243=VERTEX_POINT('',#3457);
#1244=VERTEX_POINT('',#3459);
#1245=VERTEX_POINT('',#3463);
#1246=VERTEX_POINT('',#3465);
#1247=VERTEX_POINT('',#3467);
#1248=VERTEX_POINT('',#3469);
#1249=VERTEX_POINT('',#3471);
#1250=VERTEX_POINT('',#3472);
#1251=VERTEX_POINT('',#3474);
#1252=VERTEX_POINT('',#3476);
#1253=VERTEX_POINT('',#3480);
#1254=VERTEX_POINT('',#3481);
#1255=VERTEX_POINT('',#3483);
#1256=VERTEX_POINT('',#3485);
#1257=VERTEX_POINT('',#3489);
#1258=VERTEX_POINT('',#3490);
#1259=VERTEX_POINT('',#3492);
#1260=VERTEX_POINT('',#3494);
#1261=VERTEX_POINT('',#3514);
#1262=VERTEX_POINT('',#3525);
#1263=VERTEX_POINT('',#3530);
#1264=VERTEX_POINT('',#3533);
#1265=VERTEX_POINT('',#3536);
#1266=VERTEX_POINT('',#3539);
#1267=VERTEX_POINT('',#3542);
#1268=VERTEX_POINT('',#3545);
#1269=VERTEX_POINT('',#3548);
#1270=VERTEX_POINT('',#3551);
#1271=VERTEX_POINT('',#3554);
#1272=VERTEX_POINT('',#3557);
#1273=VERTEX_POINT('',#3560);
#1274=VERTEX_POINT('',#3563);
#1275=VERTEX_POINT('',#3566);
#1276=VERTEX_POINT('',#3569);
#1277=VERTEX_POINT('',#3572);
#1278=VERTEX_POINT('',#3575);
#1279=VERTEX_POINT('',#3589);
#1280=VERTEX_POINT('',#3602);
#1281=LINE('',#3038,#1376);
#1282=LINE('',#3045,#1377);
#1283=LINE('',#3047,#1378);
#1284=LINE('',#3049,#1379);
#1285=LINE('',#3052,#1380);
#1286=LINE('',#3059,#1381);
#1287=LINE('',#3061,#1382);
#1288=LINE('',#3063,#1383);
#1289=LINE('',#3066,#1384);
#1290=LINE('',#3070,#1385);
#1291=LINE('',#3075,#1386);
#1292=LINE('',#3079,#1387);
#1293=LINE('',#3084,#1388);
#1294=LINE('',#3095,#1389);
#1295=LINE('',#3117,#1390);
#1296=LINE('',#3120,#1391);
#1297=LINE('',#3122,#1392);
#1298=LINE('',#3124,#1393);
#1299=LINE('',#3128,#1394);
#1300=LINE('',#3130,#1395);
#1301=LINE('',#3132,#1396);
#1302=LINE('',#3134,#1397);
#1303=LINE('',#3138,#1398);
#1304=LINE('',#3143,#1399);
#1305=LINE('',#3146,#1400);
#1306=LINE('',#3170,#1401);
#1307=LINE('',#3175,#1402);
#1308=LINE('',#3183,#1403);
#1309=LINE('',#3185,#1404);
#1310=LINE('',#3200,#1405);
#1311=LINE('',#3202,#1406);
#1312=LINE('',#3206,#1407);
#1313=LINE('',#3214,#1408);
#1314=LINE('',#3216,#1409);
#1315=LINE('',#3218,#1410);
#1316=LINE('',#3226,#1411);
#1317=LINE('',#3234,#1412);
#1318=LINE('',#3236,#1413);
#1319=LINE('',#3244,#1414);
#1320=LINE('',#3246,#1415);
#1321=LINE('',#3248,#1416);
#1322=LINE('',#3250,#1417);
#1323=LINE('',#3255,#1418);
#1324=LINE('',#3257,#1419);
#1325=LINE('',#3266,#1420);
#1326=LINE('',#3269,#1421);
#1327=LINE('',#3271,#1422);
#1328=LINE('',#3273,#1423);
#1329=LINE('',#3276,#1424);
#1330=LINE('',#3277,#1425);
#1331=LINE('',#3279,#1426);
#1332=LINE('',#3282,#1427);
#1333=LINE('',#3283,#1428);
#1334=LINE('',#3329,#1429);
#1335=LINE('',#3335,#1430);
#1336=LINE('',#3338,#1431);
#1337=LINE('',#3339,#1432);
#1338=LINE('',#3341,#1433);
#1339=LINE('',#3360,#1434);
#1340=LINE('',#3362,#1435);
#1341=LINE('',#3364,#1436);
#1342=LINE('',#3371,#1437);
#1343=LINE('',#3373,#1438);
#1344=LINE('',#3377,#1439);
#1345=LINE('',#3381,#1440);
#1346=LINE('',#3393,#1441);
#1347=LINE('',#3396,#1442);
#1348=LINE('',#3402,#1443);
#1349=LINE('',#3404,#1444);
#1350=LINE('',#3419,#1445);
#1351=LINE('',#3421,#1446);
#1352=LINE('',#3423,#1447);
#1353=LINE('',#3425,#1448);
#1354=LINE('',#3435,#1449);
#1355=LINE('',#3438,#1450);
#1356=LINE('',#3440,#1451);
#1357=LINE('',#3442,#1452);
#1358=LINE('',#3447,#1453);
#1359=LINE('',#3449,#1454);
#1360=LINE('',#3451,#1455);
#1361=LINE('',#3453,#1456);
#1362=LINE('',#3456,#1457);
#1363=LINE('',#3458,#1458);
#1364=LINE('',#3460,#1459);
#1365=LINE('',#3470,#1460);
#1366=LINE('',#3473,#1461);
#1367=LINE('',#3475,#1462);
#1368=LINE('',#3477,#1463);
#1369=LINE('',#3482,#1464);
#1370=LINE('',#3484,#1465);
#1371=LINE('',#3486,#1466);
#1372=LINE('',#3488,#1467);
#1373=LINE('',#3491,#1468);
#1374=LINE('',#3493,#1469);
#1375=LINE('',#3495,#1470);
#1376=VECTOR('',#2373,1.);
#1377=VECTOR('',#2378,1.);
#1378=VECTOR('',#2379,1.);
#1379=VECTOR('',#2382,1.);
#1380=VECTOR('',#2383,1.);
#1381=VECTOR('',#2390,1.);
#1382=VECTOR('',#2391,1.);
#1383=VECTOR('',#2394,1.);
#1384=VECTOR('',#2395,1.);
#1385=VECTOR('',#2400,1.);
#1386=VECTOR('',#2403,1.);
#1387=VECTOR('',#2408,1.);
#1388=VECTOR('',#2411,1.);
#1389=VECTOR('',#2416,1.);
#1390=VECTOR('',#2435,1.);
#1391=VECTOR('',#2436,1.);
#1392=VECTOR('',#2437,1.);
#1393=VECTOR('',#2438,1.);
#1394=VECTOR('',#2441,1.);
#1395=VECTOR('',#2442,1.);
#1396=VECTOR('',#2443,1.);
#1397=VECTOR('',#2444,1.);
#1398=VECTOR('',#2449,1.);
#1399=VECTOR('',#2452,1.);
#1400=VECTOR('',#2455,1.);
#1401=VECTOR('',#2484,1.);
#1402=VECTOR('',#2489,1.);
#1403=VECTOR('',#2500,1.);
#1404=VECTOR('',#2501,1.);
#1405=VECTOR('',#2502,1.);
#1406=VECTOR('',#2503,1.);
#1407=VECTOR('',#2508,1.);
#1408=VECTOR('',#2509,1.);
#1409=VECTOR('',#2510,1.);
#1410=VECTOR('',#2511,1.);
#1411=VECTOR('',#2512,1.);
#1412=VECTOR('',#2515,1.);
#1413=VECTOR('',#2516,1.);
#1414=VECTOR('',#2517,1.);
#1415=VECTOR('',#2518,1.);
#1416=VECTOR('',#2519,1.);
#1417=VECTOR('',#2522,1.);
#1418=VECTOR('',#2525,1.);
#1419=VECTOR('',#2526,1.);
#1420=VECTOR('',#2537,1.);
#1421=VECTOR('',#2538,1.);
#1422=VECTOR('',#2541,1.);
#1423=VECTOR('',#2544,1.);
#1424=VECTOR('',#2545,1.);
#1425=VECTOR('',#2546,1.);
#1426=VECTOR('',#2549,1.);
#1427=VECTOR('',#2550,1.);
#1428=VECTOR('',#2551,1.);
#1429=VECTOR('',#2610,1.);
#1430=VECTOR('',#2617,1.);
#1431=VECTOR('',#2618,1.);
#1432=VECTOR('',#2619,1.);
#1433=VECTOR('',#2620,1.);
#1434=VECTOR('',#2625,1.);
#1435=VECTOR('',#2626,1.);
#1436=VECTOR('',#2629,1.);
#1437=VECTOR('',#2634,1.);
#1438=VECTOR('',#2635,1.);
#1439=VECTOR('',#2640,1.);
#1440=VECTOR('',#2643,1.);
#1441=VECTOR('',#2656,1.);
#1442=VECTOR('',#2657,1.);
#1443=VECTOR('',#2658,1.);
#1444=VECTOR('',#2659,1.);
#1445=VECTOR('',#2670,1.);
#1446=VECTOR('',#2671,1.);
#1447=VECTOR('',#2672,1.);
#1448=VECTOR('',#2673,1.);
#1449=VECTOR('',#2684,1.);
#1450=VECTOR('',#2685,1.);
#1451=VECTOR('',#2686,1.);
#1452=VECTOR('',#2687,1.);
#1453=VECTOR('',#2692,1.);
#1454=VECTOR('',#2693,1.);
#1455=VECTOR('',#2694,1.);
#1456=VECTOR('',#2697,1.);
#1457=VECTOR('',#2698,1.);
#1458=VECTOR('',#2699,1.);
#1459=VECTOR('',#2700,1.);
#1460=VECTOR('',#2711,1.);
#1461=VECTOR('',#2712,1.);
#1462=VECTOR('',#2713,1.);
#1463=VECTOR('',#2714,1.);
#1464=VECTOR('',#2719,1.);
#1465=VECTOR('',#2720,1.);
#1466=VECTOR('',#2721,1.);
#1467=VECTOR('',#2724,1.);
#1468=VECTOR('',#2725,1.);
#1469=VECTOR('',#2726,1.);
#1470=VECTOR('',#2727,1.);
#1471=EDGE_LOOP('',(#285,#286,#287,#288,#289));
#1472=EDGE_LOOP('',(#290,#291,#292));
#1473=EDGE_LOOP('',(#293,#294,#295));
#1474=EDGE_LOOP('',(#296,#297,#298));
#1475=EDGE_LOOP('',(#299,#300,#301,#302));
#1476=EDGE_LOOP('',(#303,#304,#305,#306));
#1477=EDGE_LOOP('',(#307,#308,#309));
#1478=EDGE_LOOP('',(#310));
#1479=EDGE_LOOP('',(#311));
#1480=EDGE_LOOP('',(#312));
#1481=EDGE_LOOP('',(#313));
#1482=EDGE_LOOP('',(#314));
#1483=EDGE_LOOP('',(#315));
#1484=EDGE_LOOP('',(#316,#317,#318,#319,#320,#321,#322,#323,#324,#325));
#1485=EDGE_LOOP('',(#326,#327,#328,#329,#330,#331));
#1486=EDGE_LOOP('',(#332));
#1487=EDGE_LOOP('',(#333));
#1488=EDGE_LOOP('',(#334));
#1489=EDGE_LOOP('',(#335));
#1490=EDGE_LOOP('',(#336));
#1491=EDGE_LOOP('',(#337));
#1492=EDGE_LOOP('',(#338));
#1493=EDGE_LOOP('',(#339));
#1494=EDGE_LOOP('',(#340));
#1495=EDGE_LOOP('',(#341,#342,#343,#344,#345));
#1496=EDGE_LOOP('',(#346));
#1497=EDGE_LOOP('',(#347));
#1498=EDGE_LOOP('',(#348));
#1499=EDGE_LOOP('',(#349));
#1500=EDGE_LOOP('',(#350));
#1501=EDGE_LOOP('',(#351));
#1502=EDGE_LOOP('',(#352));
#1503=EDGE_LOOP('',(#353,#354,#355,#356,#357,#358,#359,#360));
#1504=EDGE_LOOP('',(#361));
#1505=EDGE_LOOP('',(#362));
#1506=EDGE_LOOP('',(#363,#364,#365,#366,#367,#368,#369,#370,#371));
#1507=EDGE_LOOP('',(#372,#373,#374,#375,#376,#377,#378,#379,#380));
#1508=EDGE_LOOP('',(#381,#382,#383,#384,#385,#386));
#1509=EDGE_LOOP('',(#387));
#1510=EDGE_LOOP('',(#388));
#1511=EDGE_LOOP('',(#389));
#1512=EDGE_LOOP('',(#390,#391,#392,#393,#394,#395));
#1513=EDGE_LOOP('',(#396,#397,#398,#399));
#1514=EDGE_LOOP('',(#400,#401,#402,#403));
#1515=EDGE_LOOP('',(#404));
#1516=EDGE_LOOP('',(#405,#406,#407,#408));
#1517=EDGE_LOOP('',(#409));
#1518=EDGE_LOOP('',(#410));
#1519=EDGE_LOOP('',(#411));
#1520=EDGE_LOOP('',(#412));
#1521=EDGE_LOOP('',(#413));
#1522=EDGE_LOOP('',(#414));
#1523=EDGE_LOOP('',(#415));
#1524=EDGE_LOOP('',(#416));
#1525=EDGE_LOOP('',(#417));
#1526=EDGE_LOOP('',(#418));
#1527=EDGE_LOOP('',(#419));
#1528=EDGE_LOOP('',(#420));
#1529=EDGE_LOOP('',(#421));
#1530=EDGE_LOOP('',(#422));
#1531=EDGE_LOOP('',(#423,#424,#425,#426));
#1532=EDGE_LOOP('',(#427,#428,#429,#430));
#1533=EDGE_LOOP('',(#431,#432,#433,#434));
#1534=EDGE_LOOP('',(#435,#436,#437,#438));
#1535=EDGE_LOOP('',(#439,#440,#441,#442));
#1536=EDGE_LOOP('',(#443,#444,#445,#446));
#1537=EDGE_LOOP('',(#447));
#1538=EDGE_LOOP('',(#448));
#1539=EDGE_LOOP('',(#449));
#1540=EDGE_LOOP('',(#450));
#1541=EDGE_LOOP('',(#451));
#1542=EDGE_LOOP('',(#452));
#1543=EDGE_LOOP('',(#453));
#1544=EDGE_LOOP('',(#454));
#1545=EDGE_LOOP('',(#455,#456,#457,#458,#459,#460,#461,#462,#463,#464,#465,
#466,#467,#468));
#1546=EDGE_LOOP('',(#469,#470,#471,#472,#473,#474));
#1547=EDGE_LOOP('',(#475,#476,#477));
#1548=EDGE_LOOP('',(#478,#479,#480,#481,#482));
#1549=EDGE_LOOP('',(#483,#484,#485,#486,#487,#488));
#1550=EDGE_LOOP('',(#489));
#1551=EDGE_LOOP('',(#490));
#1552=EDGE_LOOP('',(#491));
#1553=EDGE_LOOP('',(#492));
#1554=EDGE_LOOP('',(#493,#494,#495,#496,#497,#498));
#1555=EDGE_LOOP('',(#499));
#1556=EDGE_LOOP('',(#500));
#1557=EDGE_LOOP('',(#501));
#1558=EDGE_LOOP('',(#502));
#1559=EDGE_LOOP('',(#503,#504,#505,#506,#507,#508));
#1560=EDGE_LOOP('',(#509));
#1561=EDGE_LOOP('',(#510));
#1562=EDGE_LOOP('',(#511));
#1563=EDGE_LOOP('',(#512));
#1564=EDGE_LOOP('',(#513,#514,#515,#516));
#1565=EDGE_LOOP('',(#517,#518,#519,#520));
#1566=EDGE_LOOP('',(#521,#522,#523,#524));
#1567=EDGE_LOOP('',(#525));
#1568=EDGE_LOOP('',(#526));
#1569=EDGE_LOOP('',(#527));
#1570=EDGE_LOOP('',(#528));
#1571=EDGE_LOOP('',(#529,#530,#531,#532));
#1572=EDGE_LOOP('',(#533,#534,#535,#536));
#1573=EDGE_LOOP('',(#537,#538,#539,#540));
#1574=EDGE_LOOP('',(#541,#542,#543,#544));
#1575=EDGE_LOOP('',(#545,#546,#547,#548));
#1576=EDGE_LOOP('',(#549,#550,#551,#552));
#1577=EDGE_LOOP('',(#553,#554,#555,#556));
#1578=EDGE_LOOP('',(#557,#558,#559,#560));
#1579=EDGE_LOOP('',(#561,#562,#563,#564));
#1580=EDGE_LOOP('',(#565,#566,#567,#568,#569));
#1581=EDGE_LOOP('',(#570,#571,#572,#573,#574));
#1582=EDGE_LOOP('',(#575));
#1583=EDGE_LOOP('',(#576));
#1584=EDGE_LOOP('',(#577));
#1585=EDGE_LOOP('',(#578));
#1586=EDGE_LOOP('',(#579));
#1587=EDGE_LOOP('',(#580));
#1588=EDGE_LOOP('',(#581));
#1589=EDGE_LOOP('',(#582));
#1590=EDGE_LOOP('',(#583));
#1591=EDGE_LOOP('',(#584));
#1592=EDGE_LOOP('',(#585));
#1593=EDGE_LOOP('',(#586));
#1594=EDGE_LOOP('',(#587));
#1595=EDGE_LOOP('',(#588));
#1596=EDGE_LOOP('',(#589));
#1597=EDGE_LOOP('',(#590));
#1598=EDGE_LOOP('',(#591));
#1599=EDGE_LOOP('',(#592));
#1600=EDGE_LOOP('',(#593));
#1601=EDGE_LOOP('',(#594));
#1602=EDGE_LOOP('',(#595));
#1603=EDGE_LOOP('',(#596));
#1604=EDGE_LOOP('',(#597));
#1605=EDGE_LOOP('',(#598));
#1606=EDGE_LOOP('',(#599));
#1607=EDGE_LOOP('',(#600));
#1608=EDGE_LOOP('',(#601));
#1609=EDGE_LOOP('',(#602));
#1610=EDGE_LOOP('',(#603));
#1611=EDGE_LOOP('',(#604));
#1612=EDGE_LOOP('',(#605));
#1613=EDGE_LOOP('',(#606));
#1614=EDGE_LOOP('',(#607));
#1615=EDGE_LOOP('',(#608));
#1616=EDGE_LOOP('',(#609));
#1617=EDGE_LOOP('',(#610));
#1618=EDGE_LOOP('',(#611));
#1619=EDGE_LOOP('',(#612));
#1620=EDGE_LOOP('',(#613));
#1621=EDGE_LOOP('',(#614));
#1622=EDGE_LOOP('',(#615));
#1623=EDGE_LOOP('',(#616));
#1624=EDGE_LOOP('',(#617));
#1625=EDGE_LOOP('',(#618));
#1626=EDGE_LOOP('',(#619));
#1627=EDGE_LOOP('',(#620));
#1628=EDGE_LOOP('',(#621));
#1629=EDGE_LOOP('',(#622));
#1630=EDGE_LOOP('',(#623,#624,#625,#626,#627,#628,#629,#630,#631,#632,#633,
#634,#635,#636));
#1631=EDGE_LOOP('',(#637,#638,#639,#640,#641,#642,#643,#644));
#1632=EDGE_LOOP('',(#645,#646,#647,#648));
#1633=EDGE_LOOP('',(#649,#650,#651));
#1634=EDGE_LOOP('',(#652,#653,#654,#655));
#1635=EDGE_LOOP('',(#656,#657,#658,#659));
#1636=EDGE_LOOP('',(#660,#661,#662));
#1637=EDGE_LOOP('',(#663,#664,#665,#666));
#1638=EDGE_LOOP('',(#667,#668,#669,#670));
#1639=EDGE_LOOP('',(#671,#672,#673,#674));
#1640=EDGE_LOOP('',(#675,#676,#677,#678));
#1641=EDGE_LOOP('',(#679,#680,#681,#682));
#1642=EDGE_LOOP('',(#683,#684,#685,#686));
#1643=EDGE_LOOP('',(#687,#688,#689));
#1644=EDGE_LOOP('',(#690,#691,#692));
#1645=EDGE_LOOP('',(#693,#694,#695,#696));
#1646=EDGE_LOOP('',(#697,#698,#699,#700));
#1647=EDGE_LOOP('',(#701,#702,#703,#704));
#1648=EDGE_LOOP('',(#705,#706,#707,#708));
#1649=EDGE_LOOP('',(#709,#710,#711,#712));
#1650=EDGE_LOOP('',(#713,#714,#715,#716));
#1651=EDGE_LOOP('',(#717,#718,#719));
#1652=EDGE_LOOP('',(#720,#721,#722,#723));
#1653=EDGE_LOOP('',(#724,#725,#726));
#1654=EDGE_LOOP('',(#727,#728,#729,#730));
#1655=EDGE_LOOP('',(#731,#732,#733));
#1656=EDGE_LOOP('',(#734,#735,#736,#737));
#1657=EDGE_LOOP('',(#738,#739,#740));
#1658=EDGE_LOOP('',(#741,#742,#743,#744,#745));
#1659=EDGE_LOOP('',(#746,#747,#748));
#1660=EDGE_LOOP('',(#749,#750,#751));
#1661=EDGE_LOOP('',(#752,#753,#754,#755,#756));
#1662=EDGE_LOOP('',(#757,#758,#759));
#1663=EDGE_LOOP('',(#760,#761,#762,#763));
#1664=EDGE_LOOP('',(#764,#765,#766));
#1665=EDGE_LOOP('',(#767,#768,#769,#770));
#1666=EDGE_LOOP('',(#771,#772,#773));
#1667=EDGE_LOOP('',(#774,#775,#776,#777));
#1668=EDGE_LOOP('',(#778,#779,#780));
#1669=EDGE_LOOP('',(#781,#782,#783,#784));
#1670=EDGE_LOOP('',(#785,#786,#787,#788));
#1671=EDGE_LOOP('',(#789,#790,#791));
#1672=EDGE_LOOP('',(#792,#793,#794,#795));
#1673=EDGE_LOOP('',(#796,#797,#798));
#1674=EDGE_LOOP('',(#799,#800,#801));
#1675=EDGE_LOOP('',(#802,#803,#804,#805));
#1676=EDGE_LOOP('',(#806,#807,#808));
#1677=EDGE_LOOP('',(#809,#810,#811,#812,#813,#814,#815,#816));
#1678=EDGE_LOOP('',(#817,#818,#819,#820));
#1679=EDGE_LOOP('',(#821,#822,#823,#824));
#1680=EDGE_LOOP('',(#825,#826,#827,#828));
#1681=FACE_BOUND('',#1471,.T.);
#1682=FACE_BOUND('',#1472,.T.);
#1683=FACE_BOUND('',#1473,.T.);
#1684=FACE_BOUND('',#1474,.T.);
#1685=FACE_BOUND('',#1475,.T.);
#1686=FACE_BOUND('',#1476,.T.);
#1687=FACE_BOUND('',#1477,.T.);
#1688=FACE_BOUND('',#1478,.T.);
#1689=FACE_BOUND('',#1479,.T.);
#1690=FACE_BOUND('',#1480,.T.);
#1691=FACE_BOUND('',#1481,.T.);
#1692=FACE_BOUND('',#1482,.T.);
#1693=FACE_BOUND('',#1483,.T.);
#1694=FACE_BOUND('',#1484,.T.);
#1695=FACE_BOUND('',#1485,.T.);
#1696=FACE_BOUND('',#1486,.T.);
#1697=FACE_BOUND('',#1487,.T.);
#1698=FACE_BOUND('',#1488,.T.);
#1699=FACE_BOUND('',#1489,.T.);
#1700=FACE_BOUND('',#1490,.T.);
#1701=FACE_BOUND('',#1491,.T.);
#1702=FACE_BOUND('',#1492,.T.);
#1703=FACE_BOUND('',#1493,.T.);
#1704=FACE_BOUND('',#1494,.T.);
#1705=FACE_BOUND('',#1495,.T.);
#1706=FACE_BOUND('',#1496,.T.);
#1707=FACE_BOUND('',#1497,.T.);
#1708=FACE_BOUND('',#1498,.T.);
#1709=FACE_BOUND('',#1499,.T.);
#1710=FACE_BOUND('',#1500,.T.);
#1711=FACE_BOUND('',#1501,.T.);
#1712=FACE_BOUND('',#1502,.T.);
#1713=FACE_BOUND('',#1503,.T.);
#1714=FACE_BOUND('',#1504,.T.);
#1715=FACE_BOUND('',#1505,.T.);
#1716=FACE_BOUND('',#1506,.T.);
#1717=FACE_BOUND('',#1507,.T.);
#1718=FACE_BOUND('',#1508,.T.);
#1719=FACE_BOUND('',#1509,.T.);
#1720=FACE_BOUND('',#1510,.T.);
#1721=FACE_BOUND('',#1511,.T.);
#1722=FACE_BOUND('',#1512,.T.);
#1723=FACE_BOUND('',#1513,.T.);
#1724=FACE_BOUND('',#1514,.T.);
#1725=FACE_BOUND('',#1515,.T.);
#1726=FACE_BOUND('',#1516,.T.);
#1727=FACE_BOUND('',#1517,.T.);
#1728=FACE_BOUND('',#1518,.T.);
#1729=FACE_BOUND('',#1519,.T.);
#1730=FACE_BOUND('',#1520,.T.);
#1731=FACE_BOUND('',#1521,.T.);
#1732=FACE_BOUND('',#1522,.T.);
#1733=FACE_BOUND('',#1523,.T.);
#1734=FACE_BOUND('',#1524,.T.);
#1735=FACE_BOUND('',#1525,.T.);
#1736=FACE_BOUND('',#1526,.T.);
#1737=FACE_BOUND('',#1527,.T.);
#1738=FACE_BOUND('',#1528,.T.);
#1739=FACE_BOUND('',#1529,.T.);
#1740=FACE_BOUND('',#1530,.T.);
#1741=FACE_BOUND('',#1531,.T.);
#1742=FACE_BOUND('',#1532,.T.);
#1743=FACE_BOUND('',#1533,.T.);
#1744=FACE_BOUND('',#1534,.T.);
#1745=FACE_BOUND('',#1535,.T.);
#1746=FACE_BOUND('',#1536,.T.);
#1747=FACE_BOUND('',#1537,.T.);
#1748=FACE_BOUND('',#1538,.T.);
#1749=FACE_BOUND('',#1539,.T.);
#1750=FACE_BOUND('',#1540,.T.);
#1751=FACE_BOUND('',#1541,.T.);
#1752=FACE_BOUND('',#1542,.T.);
#1753=FACE_BOUND('',#1543,.T.);
#1754=FACE_BOUND('',#1544,.T.);
#1755=FACE_BOUND('',#1545,.T.);
#1756=FACE_BOUND('',#1546,.T.);
#1757=FACE_BOUND('',#1547,.T.);
#1758=FACE_BOUND('',#1548,.T.);
#1759=FACE_BOUND('',#1549,.T.);
#1760=FACE_BOUND('',#1550,.T.);
#1761=FACE_BOUND('',#1551,.T.);
#1762=FACE_BOUND('',#1552,.T.);
#1763=FACE_BOUND('',#1553,.T.);
#1764=FACE_BOUND('',#1554,.T.);
#1765=FACE_BOUND('',#1555,.T.);
#1766=FACE_BOUND('',#1556,.T.);
#1767=FACE_BOUND('',#1557,.T.);
#1768=FACE_BOUND('',#1558,.T.);
#1769=FACE_BOUND('',#1559,.T.);
#1770=FACE_BOUND('',#1560,.T.);
#1771=FACE_BOUND('',#1561,.T.);
#1772=FACE_BOUND('',#1562,.T.);
#1773=FACE_BOUND('',#1563,.T.);
#1774=FACE_BOUND('',#1564,.T.);
#1775=FACE_BOUND('',#1565,.T.);
#1776=FACE_BOUND('',#1566,.T.);
#1777=FACE_BOUND('',#1567,.T.);
#1778=FACE_BOUND('',#1568,.T.);
#1779=FACE_BOUND('',#1569,.T.);
#1780=FACE_BOUND('',#1570,.T.);
#1781=FACE_BOUND('',#1571,.T.);
#1782=FACE_BOUND('',#1572,.T.);
#1783=FACE_BOUND('',#1573,.T.);
#1784=FACE_BOUND('',#1574,.T.);
#1785=FACE_BOUND('',#1575,.T.);
#1786=FACE_BOUND('',#1576,.T.);
#1787=FACE_BOUND('',#1577,.T.);
#1788=FACE_BOUND('',#1578,.T.);
#1789=FACE_BOUND('',#1579,.T.);
#1790=FACE_BOUND('',#1580,.T.);
#1791=FACE_BOUND('',#1581,.T.);
#1792=FACE_BOUND('',#1582,.T.);
#1793=FACE_BOUND('',#1583,.T.);
#1794=FACE_BOUND('',#1584,.T.);
#1795=FACE_BOUND('',#1585,.T.);
#1796=FACE_BOUND('',#1586,.T.);
#1797=FACE_BOUND('',#1587,.T.);
#1798=FACE_BOUND('',#1588,.T.);
#1799=FACE_BOUND('',#1589,.T.);
#1800=FACE_BOUND('',#1590,.T.);
#1801=FACE_BOUND('',#1591,.T.);
#1802=FACE_BOUND('',#1592,.T.);
#1803=FACE_BOUND('',#1593,.T.);
#1804=FACE_BOUND('',#1594,.T.);
#1805=FACE_BOUND('',#1595,.T.);
#1806=FACE_BOUND('',#1596,.T.);
#1807=FACE_BOUND('',#1597,.T.);
#1808=FACE_BOUND('',#1598,.T.);
#1809=FACE_BOUND('',#1599,.T.);
#1810=FACE_BOUND('',#1600,.T.);
#1811=FACE_BOUND('',#1601,.T.);
#1812=FACE_BOUND('',#1602,.T.);
#1813=FACE_BOUND('',#1603,.T.);
#1814=FACE_BOUND('',#1604,.T.);
#1815=FACE_BOUND('',#1605,.T.);
#1816=FACE_BOUND('',#1606,.T.);
#1817=FACE_BOUND('',#1607,.T.);
#1818=FACE_BOUND('',#1608,.T.);
#1819=FACE_BOUND('',#1609,.T.);
#1820=FACE_BOUND('',#1610,.T.);
#1821=FACE_BOUND('',#1611,.T.);
#1822=FACE_BOUND('',#1612,.T.);
#1823=FACE_BOUND('',#1613,.T.);
#1824=FACE_BOUND('',#1614,.T.);
#1825=FACE_BOUND('',#1615,.T.);
#1826=FACE_BOUND('',#1616,.T.);
#1827=FACE_BOUND('',#1617,.T.);
#1828=FACE_BOUND('',#1618,.T.);
#1829=FACE_BOUND('',#1619,.T.);
#1830=FACE_BOUND('',#1620,.T.);
#1831=FACE_BOUND('',#1621,.T.);
#1832=FACE_BOUND('',#1622,.T.);
#1833=FACE_BOUND('',#1623,.T.);
#1834=FACE_BOUND('',#1624,.T.);
#1835=FACE_BOUND('',#1625,.T.);
#1836=FACE_BOUND('',#1626,.T.);
#1837=FACE_BOUND('',#1627,.T.);
#1838=FACE_BOUND('',#1628,.T.);
#1839=FACE_BOUND('',#1629,.T.);
#1840=FACE_BOUND('',#1630,.T.);
#1841=FACE_BOUND('',#1631,.T.);
#1842=FACE_BOUND('',#1632,.T.);
#1843=FACE_BOUND('',#1633,.T.);
#1844=FACE_BOUND('',#1634,.T.);
#1845=FACE_BOUND('',#1635,.T.);
#1846=FACE_BOUND('',#1636,.T.);
#1847=FACE_BOUND('',#1637,.T.);
#1848=FACE_BOUND('',#1638,.T.);
#1849=FACE_BOUND('',#1639,.T.);
#1850=FACE_BOUND('',#1640,.T.);
#1851=FACE_BOUND('',#1641,.T.);
#1852=FACE_BOUND('',#1642,.T.);
#1853=FACE_BOUND('',#1643,.T.);
#1854=FACE_BOUND('',#1644,.T.);
#1855=FACE_BOUND('',#1645,.T.);
#1856=FACE_BOUND('',#1646,.T.);
#1857=FACE_BOUND('',#1647,.T.);
#1858=FACE_BOUND('',#1648,.T.);
#1859=FACE_BOUND('',#1649,.T.);
#1860=FACE_BOUND('',#1650,.T.);
#1861=FACE_BOUND('',#1651,.T.);
#1862=FACE_BOUND('',#1652,.T.);
#1863=FACE_BOUND('',#1653,.T.);
#1864=FACE_BOUND('',#1654,.T.);
#1865=FACE_BOUND('',#1655,.T.);
#1866=FACE_BOUND('',#1656,.T.);
#1867=FACE_BOUND('',#1657,.T.);
#1868=FACE_BOUND('',#1658,.T.);
#1869=FACE_BOUND('',#1659,.T.);
#1870=FACE_BOUND('',#1660,.T.);
#1871=FACE_BOUND('',#1661,.T.);
#1872=FACE_BOUND('',#1662,.T.);
#1873=FACE_BOUND('',#1663,.T.);
#1874=FACE_BOUND('',#1664,.T.);
#1875=FACE_BOUND('',#1665,.T.);
#1876=FACE_BOUND('',#1666,.T.);
#1877=FACE_BOUND('',#1667,.T.);
#1878=FACE_BOUND('',#1668,.T.);
#1879=FACE_BOUND('',#1669,.T.);
#1880=FACE_BOUND('',#1670,.T.);
#1881=FACE_BOUND('',#1671,.T.);
#1882=FACE_BOUND('',#1672,.T.);
#1883=FACE_BOUND('',#1673,.T.);
#1884=FACE_BOUND('',#1674,.T.);
#1885=FACE_BOUND('',#1675,.T.);
#1886=FACE_BOUND('',#1676,.T.);
#1887=FACE_BOUND('',#1677,.T.);
#1888=FACE_BOUND('',#1678,.T.);
#1889=FACE_BOUND('',#1679,.T.);
#1890=FACE_BOUND('',#1680,.T.);
#1891=PLANE('',#2084);
#1892=PLANE('',#2087);
#1893=PLANE('',#2089);
#1894=PLANE('',#2091);
#1895=PLANE('',#2099);
#1896=PLANE('',#2106);
#1897=PLANE('',#2111);
#1898=PLANE('',#2130);
#1899=PLANE('',#2133);
#1900=PLANE('',#2136);
#1901=PLANE('',#2137);
#1902=PLANE('',#2138);
#1903=PLANE('',#2141);
#1904=PLANE('',#2146);
#1905=PLANE('',#2147);
#1906=PLANE('',#2150);
#1907=PLANE('',#2153);
#1908=PLANE('',#2156);
#1909=PLANE('',#2159);
#1910=PLANE('',#2172);
#1911=PLANE('',#2175);
#1912=PLANE('',#2176);
#1913=PLANE('',#2179);
#1914=PLANE('',#2180);
#1915=PLANE('',#2182);
#1916=PLANE('',#2185);
#1917=PLANE('',#2189);
#1918=PLANE('',#2194);
#1919=PLANE('',#2199);
#1920=PLANE('',#2204);
#1921=PLANE('',#2206);
#1922=PLANE('',#2207);
#1923=PLANE('',#2212);
#1924=PLANE('',#2214);
#1925=PLANE('',#2239);
#1926=PLANE('',#2243);
#1927=PLANE('',#2247);
#1928=PLANE('',#2251);
#1929=PLANE('',#2255);
#1930=PLANE('',#2259);
#1931=PLANE('',#2263);
#1932=PLANE('',#2267);
#1933=ADVANCED_FACE('',(#1681),#1891,.T.);
#1934=ADVANCED_FACE('',(#1682),#1892,.T.);
#1935=ADVANCED_FACE('',(#1683),#1893,.T.);
#1936=ADVANCED_FACE('',(#1684),#1894,.T.);
#1937=ADVANCED_FACE('',(#1685),#65,.T.);
#1938=ADVANCED_FACE('',(#1686),#66,.F.);
#1939=ADVANCED_FACE('',(#1687),#1895,.T.);
#1940=ADVANCED_FACE('',(#1688,#1689),#67,.F.);
#1941=ADVANCED_FACE('',(#1690,#1691),#68,.F.);
#1942=ADVANCED_FACE('',(#1692,#1693,#1694),#1896,.F.);
#1943=ADVANCED_FACE('',(#1695),#1897,.F.);
#1944=ADVANCED_FACE('',(#1696,#1697),#69,.F.);
#1945=ADVANCED_FACE('',(#1698,#1699),#70,.F.);
#1946=ADVANCED_FACE('',(#1700,#1701),#71,.F.);
#1947=ADVANCED_FACE('',(#1702,#1703),#72,.F.);
#1948=ADVANCED_FACE('',(#1704,#1705),#73,.T.);
#1949=ADVANCED_FACE('',(#1706,#1707,#1708,#1709,#1710),#1898,.F.);
#1950=ADVANCED_FACE('',(#1711,#1712),#32,.T.);
#1951=ADVANCED_FACE('',(#1713,#1714,#1715),#1899,.F.);
#1952=ADVANCED_FACE('',(#1716),#1900,.T.);
#1953=ADVANCED_FACE('',(#1717),#1901,.T.);
#1954=ADVANCED_FACE('',(#1718),#1902,.F.);
#1955=ADVANCED_FACE('',(#1719,#1720,#1721,#1722),#1903,.F.);
#1956=ADVANCED_FACE('',(#1723),#1904,.T.);
#1957=ADVANCED_FACE('',(#1724),#1905,.F.);
#1958=ADVANCED_FACE('',(#1725,#1726),#74,.F.);
#1959=ADVANCED_FACE('',(#1727,#1728),#1906,.F.);
#1960=ADVANCED_FACE('',(#1729,#1730),#75,.F.);
#1961=ADVANCED_FACE('',(#1731,#1732),#1907,.F.);
#1962=ADVANCED_FACE('',(#1733,#1734),#76,.F.);
#1963=ADVANCED_FACE('',(#1735,#1736),#1908,.F.);
#1964=ADVANCED_FACE('',(#1737,#1738),#77,.F.);
#1965=ADVANCED_FACE('',(#1739,#1740),#1909,.F.);
#1966=ADVANCED_FACE('',(#1741),#78,.F.);
#1967=ADVANCED_FACE('',(#1742),#79,.T.);
#1968=ADVANCED_FACE('',(#1743),#80,.T.);
#1969=ADVANCED_FACE('',(#1744),#81,.F.);
#1970=ADVANCED_FACE('',(#1745),#33,.F.);
#1971=ADVANCED_FACE('',(#1746),#34,.F.);
#1972=ADVANCED_FACE('',(#1747,#1748),#82,.F.);
#1973=ADVANCED_FACE('',(#1749,#1750),#1910,.T.);
#1974=ADVANCED_FACE('',(#1751,#1752),#83,.F.);
#1975=ADVANCED_FACE('',(#1753,#1754),#1911,.T.);
#1976=ADVANCED_FACE('',(#1755),#1912,.F.);
#1977=ADVANCED_FACE('',(#1756),#1913,.T.);
#1978=ADVANCED_FACE('',(#1757),#1914,.T.);
#1979=ADVANCED_FACE('',(#1758),#1915,.T.);
#1980=ADVANCED_FACE('',(#1759),#1916,.T.);
#1981=ADVANCED_FACE('',(#1760,#1761,#1762,#1763,#1764),#1917,.F.);
#1982=ADVANCED_FACE('',(#1765,#1766,#1767,#1768,#1769),#1918,.T.);
#1983=ADVANCED_FACE('',(#1770,#1771,#1772,#1773,#1774),#1919,.T.);
#1984=ADVANCED_FACE('',(#1775),#1920,.T.);
#1985=ADVANCED_FACE('',(#1776),#1921,.T.);
#1986=ADVANCED_FACE('',(#1777,#1778,#1779,#1780,#1781),#1922,.F.);
#1987=ADVANCED_FACE('',(#1782),#1923,.T.);
#1988=ADVANCED_FACE('',(#1783),#1924,.T.);
#1989=ADVANCED_FACE('',(#1784),#84,.T.);
#1990=ADVANCED_FACE('',(#1785),#85,.T.);
#1991=ADVANCED_FACE('',(#1786),#86,.T.);
#1992=ADVANCED_FACE('',(#1787),#87,.T.);
#1993=ADVANCED_FACE('',(#1788),#88,.T.);
#1994=ADVANCED_FACE('',(#1789),#89,.T.);
#1995=ADVANCED_FACE('',(#1790),#90,.F.);
#1996=ADVANCED_FACE('',(#1791),#91,.F.);
#1997=ADVANCED_FACE('',(#1792,#1793),#92,.F.);
#1998=ADVANCED_FACE('',(#1794,#1795),#1925,.T.);
#1999=ADVANCED_FACE('',(#1796,#1797),#93,.F.);
#2000=ADVANCED_FACE('',(#1798,#1799),#1926,.T.);
#2001=ADVANCED_FACE('',(#1800,#1801),#94,.F.);
#2002=ADVANCED_FACE('',(#1802,#1803),#1927,.T.);
#2003=ADVANCED_FACE('',(#1804,#1805),#95,.F.);
#2004=ADVANCED_FACE('',(#1806,#1807),#1928,.T.);
#2005=ADVANCED_FACE('',(#1808,#1809),#96,.F.);
#2006=ADVANCED_FACE('',(#1810,#1811),#1929,.F.);
#2007=ADVANCED_FACE('',(#1812,#1813),#97,.F.);
#2008=ADVANCED_FACE('',(#1814,#1815),#1930,.F.);
#2009=ADVANCED_FACE('',(#1816,#1817),#98,.F.);
#2010=ADVANCED_FACE('',(#1818,#1819),#1931,.F.);
#2011=ADVANCED_FACE('',(#1820,#1821),#99,.F.);
#2012=ADVANCED_FACE('',(#1822,#1823),#1932,.F.);
#2013=ADVANCED_FACE('',(#1824,#1825),#100,.F.);
#2014=ADVANCED_FACE('',(#1826,#1827),#101,.F.);
#2015=ADVANCED_FACE('',(#1828,#1829),#102,.F.);
#2016=ADVANCED_FACE('',(#1830,#1831),#103,.F.);
#2017=ADVANCED_FACE('',(#1832,#1833),#104,.F.);
#2018=ADVANCED_FACE('',(#1834,#1835),#105,.F.);
#2019=ADVANCED_FACE('',(#1836,#1837),#106,.F.);
#2020=ADVANCED_FACE('',(#1838,#1839),#107,.F.);
#2021=ADVANCED_FACE('',(#1840,#1841),#35,.F.);
#2022=ADVANCED_FACE('',(#1842),#108,.T.);
#2023=ADVANCED_FACE('',(#1843),#18,.T.);
#2024=ADVANCED_FACE('',(#1844),#109,.T.);
#2025=ADVANCED_FACE('',(#1845),#110,.T.);
#2026=ADVANCED_FACE('',(#1846),#12,.T.);
#2027=ADVANCED_FACE('',(#1847),#13,.T.);
#2028=ADVANCED_FACE('',(#1848),#14,.T.);
#2029=ADVANCED_FACE('',(#1849),#111,.T.);
#2030=ADVANCED_FACE('',(#1850),#112,.T.);
#2031=ADVANCED_FACE('',(#1851),#113,.T.);
#2032=ADVANCED_FACE('',(#1852),#114,.T.);
#2033=ADVANCED_FACE('',(#1853),#19,.T.);
#2034=ADVANCED_FACE('',(#1854),#20,.T.);
#2035=ADVANCED_FACE('',(#1855),#115,.T.);
#2036=ADVANCED_FACE('',(#1856),#116,.T.);
#2037=ADVANCED_FACE('',(#1857),#15,.T.);
#2038=ADVANCED_FACE('',(#1858),#16,.T.);
#2039=ADVANCED_FACE('',(#1859),#117,.T.);
#2040=ADVANCED_FACE('',(#1860),#118,.T.);
#2041=ADVANCED_FACE('',(#1861),#21,.T.);
#2042=ADVANCED_FACE('',(#1862),#119,.T.);
#2043=ADVANCED_FACE('',(#1863),#17,.T.);
#2044=ADVANCED_FACE('',(#1864),#120,.T.);
#2045=ADVANCED_FACE('',(#1865),#22,.T.);
#2046=ADVANCED_FACE('',(#1866),#121,.T.);
#2047=ADVANCED_FACE('',(#1867),#23,.T.);
#2048=ADVANCED_FACE('',(#1868),#122,.T.);
#2049=ADVANCED_FACE('',(#1869),#36,.T.);
#2050=ADVANCED_FACE('',(#1870),#37,.T.);
#2051=ADVANCED_FACE('',(#1871),#123,.T.);
#2052=ADVANCED_FACE('',(#1872),#24,.T.);
#2053=ADVANCED_FACE('',(#1873),#124,.T.);
#2054=ADVANCED_FACE('',(#1874),#25,.T.);
#2055=ADVANCED_FACE('',(#1875),#125,.T.);
#2056=ADVANCED_FACE('',(#1876),#26,.T.);
#2057=ADVANCED_FACE('',(#1877),#126,.T.);
#2058=ADVANCED_FACE('',(#1878),#27,.T.);
#2059=ADVANCED_FACE('',(#1879),#127,.T.);
#2060=ADVANCED_FACE('',(#1880),#128,.T.);
#2061=ADVANCED_FACE('',(#1881),#28,.T.);
#2062=ADVANCED_FACE('',(#1882),#129,.T.);
#2063=ADVANCED_FACE('',(#1883),#29,.T.);
#2064=ADVANCED_FACE('',(#1884),#30,.T.);
#2065=ADVANCED_FACE('',(#1885),#130,.T.);
#2066=ADVANCED_FACE('',(#1886),#31,.T.);
#2067=ADVANCED_FACE('',(#1887),#38,.T.);
#2068=ADVANCED_FACE('',(#1888),#39,.T.);
#2069=ADVANCED_FACE('',(#1889),#131,.T.);
#2070=ADVANCED_FACE('',(#1890),#40,.T.);
#2071=CLOSED_SHELL('',(#1933,#1934,#1935,#1936,#1937,#1938,#1939,#1940,
#1941,#1942,#1943,#1944,#1945,#1946,#1947,#1948,#1949,#1950,#1951,#1952,
#1953,#1954,#1955,#1956,#1957,#1958,#1959,#1960,#1961,#1962,#1963,#1964,
#1965,#1966,#1967,#1968,#1969,#1970,#1971,#1972,#1973,#1974,#1975,#1976,
#1977,#1978,#1979,#1980,#1981,#1982,#1983,#1984,#1985,#1986,#1987,#1988,
#1989,#1990,#1991,#1992,#1993,#1994,#1995,#1996,#1997,#1998,#1999,#2000,
#2001,#2002,#2003,#2004,#2005,#2006,#2007,#2008,#2009,#2010,#2011,#2012,
#2013,#2014,#2015,#2016,#2017,#2018,#2019,#2020,#2021,#2022,#2023,#2024,
#2025,#2026,#2027,#2028,#2029,#2030,#2031,#2032,#2033,#2034,#2035,#2036,
#2037,#2038,#2039,#2040,#2041,#2042,#2043,#2044,#2045,#2046,#2047,#2048,
#2049,#2050,#2051,#2052,#2053,#2054,#2055,#2056,#2057,#2058,#2059,#2060,
#2061,#2062,#2063,#2064,#2065,#2066,#2067,#2068,#2069,#2070));
#2072=STYLED_ITEM('',(#2073),#2080);
#2073=PRESENTATION_STYLE_ASSIGNMENT((#2074));
#2074=SURFACE_STYLE_USAGE(.BOTH.,#2075);
#2075=SURFACE_SIDE_STYLE('',(#2076));
#2076=SURFACE_STYLE_FILL_AREA(#2077);
#2077=FILL_AREA_STYLE('',(#2078));
#2078=FILL_AREA_STYLE_COLOUR('',#2079);
#2079=COLOUR_RGB('',0.4,0.4,0.4);
#2080=MANIFOLD_SOLID_BREP('Clamp V4 Bottom',#2071);
#2081=SHAPE_DEFINITION_REPRESENTATION(#3884,#2082);
#2082=SHAPE_REPRESENTATION('Clamp V4 Bottom',(#2083),#3879);
#2083=AXIS2_PLACEMENT_3D('',#3036,#2369,#2370);
#2084=AXIS2_PLACEMENT_3D('',#3037,#2371,#2372);
#2085=AXIS2_PLACEMENT_3D('',#3041,#2374,#2375);
#2086=AXIS2_PLACEMENT_3D('',#3043,#2376,#2377);
#2087=AXIS2_PLACEMENT_3D('',#3048,#2380,#2381);
#2088=AXIS2_PLACEMENT_3D('',#3054,#2384,#2385);
#2089=AXIS2_PLACEMENT_3D('',#3055,#2386,#2387);
#2090=AXIS2_PLACEMENT_3D('',#3056,#2388,#2389);
#2091=AXIS2_PLACEMENT_3D('',#3062,#2392,#2393);
#2092=AXIS2_PLACEMENT_3D('',#3068,#2396,#2397);
#2093=AXIS2_PLACEMENT_3D('',#3069,#2398,#2399);
#2094=AXIS2_PLACEMENT_3D('',#3073,#2401,#2402);
#2095=AXIS2_PLACEMENT_3D('',#3077,#2404,#2405);
#2096=AXIS2_PLACEMENT_3D('',#3078,#2406,#2407);
#2097=AXIS2_PLACEMENT_3D('',#3082,#2409,#2410);
#2098=AXIS2_PLACEMENT_3D('',#3086,#2412,#2413);
#2099=AXIS2_PLACEMENT_3D('',#3087,#2414,#2415);
#2100=AXIS2_PLACEMENT_3D('',#3102,#2417,#2418);
#2101=AXIS2_PLACEMENT_3D('',#3103,#2419,#2420);
#2102=AXIS2_PLACEMENT_3D('',#3105,#2421,#2422);
#2103=AXIS2_PLACEMENT_3D('',#3107,#2423,#2424);
#2104=AXIS2_PLACEMENT_3D('',#3108,#2425,#2426);
#2105=AXIS2_PLACEMENT_3D('',#3110,#2427,#2428);
#2106=AXIS2_PLACEMENT_3D('',#3112,#2429,#2430);
#2107=AXIS2_PLACEMENT_3D('',#3113,#2431,#2432);
#2108=AXIS2_PLACEMENT_3D('',#3115,#2433,#2434);
#2109=AXIS2_PLACEMENT_3D('',#3126,#2439,#2440);
#2110=AXIS2_PLACEMENT_3D('',#3136,#2445,#2446);
#2111=AXIS2_PLACEMENT_3D('',#3137,#2447,#2448);
#2112=AXIS2_PLACEMENT_3D('',#3141,#2450,#2451);
#2113=AXIS2_PLACEMENT_3D('',#3145,#2453,#2454);
#2114=AXIS2_PLACEMENT_3D('',#3147,#2456,#2457);
#2115=AXIS2_PLACEMENT_3D('',#3148,#2458,#2459);
#2116=AXIS2_PLACEMENT_3D('',#3150,#2460,#2461);
#2117=AXIS2_PLACEMENT_3D('',#3152,#2462,#2463);
#2118=AXIS2_PLACEMENT_3D('',#3153,#2464,#2465);
#2119=AXIS2_PLACEMENT_3D('',#3155,#2466,#2467);
#2120=AXIS2_PLACEMENT_3D('',#3157,#2468,#2469);
#2121=AXIS2_PLACEMENT_3D('',#3158,#2470,#2471);
#2122=AXIS2_PLACEMENT_3D('',#3160,#2472,#2473);
#2123=AXIS2_PLACEMENT_3D('',#3162,#2474,#2475);
#2124=AXIS2_PLACEMENT_3D('',#3163,#2476,#2477);
#2125=AXIS2_PLACEMENT_3D('',#3165,#2478,#2479);
#2126=AXIS2_PLACEMENT_3D('',#3167,#2480,#2481);
#2127=AXIS2_PLACEMENT_3D('',#3168,#2482,#2483);
#2128=AXIS2_PLACEMENT_3D('',#3172,#2485,#2486);
#2129=AXIS2_PLACEMENT_3D('',#3173,#2487,#2488);
#2130=AXIS2_PLACEMENT_3D('',#3176,#2490,#2491);
#2131=AXIS2_PLACEMENT_3D('',#3177,#2492,#2493);
#2132=AXIS2_PLACEMENT_3D('',#3179,#2494,#2495);
#2133=AXIS2_PLACEMENT_3D('',#3180,#2496,#2497);
#2134=AXIS2_PLACEMENT_3D('',#3181,#2498,#2499);
#2135=AXIS2_PLACEMENT_3D('',#3204,#2504,#2505);
#2136=AXIS2_PLACEMENT_3D('',#3205,#2506,#2507);
#2137=AXIS2_PLACEMENT_3D('',#3227,#2513,#2514);
#2138=AXIS2_PLACEMENT_3D('',#3249,#2520,#2521);
#2139=AXIS2_PLACEMENT_3D('',#3253,#2523,#2524);
#2140=AXIS2_PLACEMENT_3D('',#3258,#2527,#2528);
#2141=AXIS2_PLACEMENT_3D('',#3259,#2529,#2530);
#2142=AXIS2_PLACEMENT_3D('',#3260,#2531,#2532);
#2143=AXIS2_PLACEMENT_3D('',#3262,#2533,#2534);
#2144=AXIS2_PLACEMENT_3D('',#3264,#2535,#2536);
#2145=AXIS2_PLACEMENT_3D('',#3270,#2539,#2540);
#2146=AXIS2_PLACEMENT_3D('',#3272,#2542,#2543);
#2147=AXIS2_PLACEMENT_3D('',#3278,#2547,#2548);
#2148=AXIS2_PLACEMENT_3D('',#3284,#2552,#2553);
#2149=AXIS2_PLACEMENT_3D('',#3285,#2554,#2555);
#2150=AXIS2_PLACEMENT_3D('',#3287,#2556,#2557);
#2151=AXIS2_PLACEMENT_3D('',#3288,#2558,#2559);
#2152=AXIS2_PLACEMENT_3D('',#3289,#2560,#2561);
#2153=AXIS2_PLACEMENT_3D('',#3291,#2562,#2563);
#2154=AXIS2_PLACEMENT_3D('',#3292,#2564,#2565);
#2155=AXIS2_PLACEMENT_3D('',#3293,#2566,#2567);
#2156=AXIS2_PLACEMENT_3D('',#3295,#2568,#2569);
#2157=AXIS2_PLACEMENT_3D('',#3296,#2570,#2571);
#2158=AXIS2_PLACEMENT_3D('',#3297,#2572,#2573);
#2159=AXIS2_PLACEMENT_3D('',#3299,#2574,#2575);
#2160=AXIS2_PLACEMENT_3D('',#3300,#2576,#2577);
#2161=AXIS2_PLACEMENT_3D('',#3301,#2578,#2579);
#2162=AXIS2_PLACEMENT_3D('',#3302,#2580,#2581);
#2163=AXIS2_PLACEMENT_3D('',#3303,#2582,#2583);
#2164=AXIS2_PLACEMENT_3D('',#3304,#2584,#2585);
#2165=AXIS2_PLACEMENT_3D('',#3305,#2586,#2587);
#2166=AXIS2_PLACEMENT_3D('',#3306,#2588,#2589);
#2167=AXIS2_PLACEMENT_3D('',#3307,#2590,#2591);
#2168=AXIS2_PLACEMENT_3D('',#3308,#2592,#2593);
#2169=AXIS2_PLACEMENT_3D('',#3314,#2594,#2595);
#2170=AXIS2_PLACEMENT_3D('',#3320,#2596,#2597);
#2171=AXIS2_PLACEMENT_3D('',#3321,#2598,#2599);
#2172=AXIS2_PLACEMENT_3D('',#3323,#2600,#2601);
#2173=AXIS2_PLACEMENT_3D('',#3324,#2602,#2603);
#2174=AXIS2_PLACEMENT_3D('',#3325,#2604,#2605);
#2175=AXIS2_PLACEMENT_3D('',#3327,#2606,#2607);
#2176=AXIS2_PLACEMENT_3D('',#3328,#2608,#2609);
#2177=AXIS2_PLACEMENT_3D('',#3332,#2611,#2612);
#2178=AXIS2_PLACEMENT_3D('',#3333,#2613,#2614);
#2179=AXIS2_PLACEMENT_3D('',#3334,#2615,#2616);
#2180=AXIS2_PLACEMENT_3D('',#3356,#2621,#2622);
#2181=AXIS2_PLACEMENT_3D('',#3357,#2623,#2624);
#2182=AXIS2_PLACEMENT_3D('',#3363,#2627,#2628);
#2183=AXIS2_PLACEMENT_3D('',#3367,#2630,#2631);
#2184=AXIS2_PLACEMENT_3D('',#3369,#2632,#2633);
#2185=AXIS2_PLACEMENT_3D('',#3374,#2636,#2637);
#2186=AXIS2_PLACEMENT_3D('',#3375,#2638,#2639);
#2187=AXIS2_PLACEMENT_3D('',#3379,#2641,#2642);
#2188=AXIS2_PLACEMENT_3D('',#3383,#2644,#2645);
#2189=AXIS2_PLACEMENT_3D('',#3384,#2646,#2647);
#2190=AXIS2_PLACEMENT_3D('',#3385,#2648,#2649);
#2191=AXIS2_PLACEMENT_3D('',#3387,#2650,#2651);
#2192=AXIS2_PLACEMENT_3D('',#3389,#2652,#2653);
#2193=AXIS2_PLACEMENT_3D('',#3391,#2654,#2655);
#2194=AXIS2_PLACEMENT_3D('',#3405,#2660,#2661);
#2195=AXIS2_PLACEMENT_3D('',#3406,#2662,#2663);
#2196=AXIS2_PLACEMENT_3D('',#3408,#2664,#2665);
#2197=AXIS2_PLACEMENT_3D('',#3410,#2666,#2667);
#2198=AXIS2_PLACEMENT_3D('',#3412,#2668,#2669);
#2199=AXIS2_PLACEMENT_3D('',#3426,#2674,#2675);
#2200=AXIS2_PLACEMENT_3D('',#3427,#2676,#2677);
#2201=AXIS2_PLACEMENT_3D('',#3429,#2678,#2679);
#2202=AXIS2_PLACEMENT_3D('',#3431,#2680,#2681);
#2203=AXIS2_PLACEMENT_3D('',#3433,#2682,#2683);
#2204=AXIS2_PLACEMENT_3D('',#3443,#2688,#2689);
#2205=AXIS2_PLACEMENT_3D('',#3444,#2690,#2691);
#2206=AXIS2_PLACEMENT_3D('',#3452,#2695,#2696);
#2207=AXIS2_PLACEMENT_3D('',#3461,#2701,#2702);
#2208=AXIS2_PLACEMENT_3D('',#3462,#2703,#2704);
#2209=AXIS2_PLACEMENT_3D('',#3464,#2705,#2706);
#2210=AXIS2_PLACEMENT_3D('',#3466,#2707,#2708);
#2211=AXIS2_PLACEMENT_3D('',#3468,#2709,#2710);
#2212=AXIS2_PLACEMENT_3D('',#3478,#2715,#2716);
#2213=AXIS2_PLACEMENT_3D('',#3479,#2717,#2718);
#2214=AXIS2_PLACEMENT_3D('',#3487,#2722,#2723);
#2215=AXIS2_PLACEMENT_3D('',#3496,#2728,#2729);
#2216=AXIS2_PLACEMENT_3D('',#3497,#2730,#2731);
#2217=AXIS2_PLACEMENT_3D('',#3498,#2732,#2733);
#2218=AXIS2_PLACEMENT_3D('',#3499,#2734,#2735);
#2219=AXIS2_PLACEMENT_3D('',#3500,#2736,#2737);
#2220=AXIS2_PLACEMENT_3D('',#3501,#2738,#2739);
#2221=AXIS2_PLACEMENT_3D('',#3502,#2740,#2741);
#2222=AXIS2_PLACEMENT_3D('',#3503,#2742,#2743);
#2223=AXIS2_PLACEMENT_3D('',#3504,#2744,#2745);
#2224=AXIS2_PLACEMENT_3D('',#3505,#2746,#2747);
#2225=AXIS2_PLACEMENT_3D('',#3506,#2748,#2749);
#2226=AXIS2_PLACEMENT_3D('',#3507,#2750,#2751);
#2227=AXIS2_PLACEMENT_3D('',#3508,#2752,#2753);
#2228=AXIS2_PLACEMENT_3D('',#3509,#2754,#2755);
#2229=AXIS2_PLACEMENT_3D('',#3510,#2756,#2757);
#2230=AXIS2_PLACEMENT_3D('',#3511,#2758,#2759);
#2231=AXIS2_PLACEMENT_3D('',#3512,#2760,#2761);
#2232=AXIS2_PLACEMENT_3D('',#3513,#2762,#2763);
#2233=AXIS2_PLACEMENT_3D('',#3519,#2764,#2765);
#2234=AXIS2_PLACEMENT_3D('',#3520,#2766,#2767);
#2235=AXIS2_PLACEMENT_3D('',#3526,#2768,#2769);
#2236=AXIS2_PLACEMENT_3D('',#3527,#2770,#2771);
#2237=AXIS2_PLACEMENT_3D('',#3528,#2772,#2773);
#2238=AXIS2_PLACEMENT_3D('',#3529,#2774,#2775);
#2239=AXIS2_PLACEMENT_3D('',#3531,#2776,#2777);
#2240=AXIS2_PLACEMENT_3D('',#3532,#2778,#2779);
#2241=AXIS2_PLACEMENT_3D('',#3534,#2780,#2781);
#2242=AXIS2_PLACEMENT_3D('',#3535,#2782,#2783);
#2243=AXIS2_PLACEMENT_3D('',#3537,#2784,#2785);
#2244=AXIS2_PLACEMENT_3D('',#3538,#2786,#2787);
#2245=AXIS2_PLACEMENT_3D('',#3540,#2788,#2789);
#2246=AXIS2_PLACEMENT_3D('',#3541,#2790,#2791);
#2247=AXIS2_PLACEMENT_3D('',#3543,#2792,#2793);
#2248=AXIS2_PLACEMENT_3D('',#3544,#2794,#2795);
#2249=AXIS2_PLACEMENT_3D('',#3546,#2796,#2797);
#2250=AXIS2_PLACEMENT_3D('',#3547,#2798,#2799);
#2251=AXIS2_PLACEMENT_3D('',#3549,#2800,#2801);
#2252=AXIS2_PLACEMENT_3D('',#3550,#2802,#2803);
#2253=AXIS2_PLACEMENT_3D('',#3552,#2804,#2805);
#2254=AXIS2_PLACEMENT_3D('',#3553,#2806,#2807);
#2255=AXIS2_PLACEMENT_3D('',#3555,#2808,#2809);
#2256=AXIS2_PLACEMENT_3D('',#3556,#2810,#2811);
#2257=AXIS2_PLACEMENT_3D('',#3558,#2812,#2813);
#2258=AXIS2_PLACEMENT_3D('',#3559,#2814,#2815);
#2259=AXIS2_PLACEMENT_3D('',#3561,#2816,#2817);
#2260=AXIS2_PLACEMENT_3D('',#3562,#2818,#2819);
#2261=AXIS2_PLACEMENT_3D('',#3564,#2820,#2821);
#2262=AXIS2_PLACEMENT_3D('',#3565,#2822,#2823);
#2263=AXIS2_PLACEMENT_3D('',#3567,#2824,#2825);
#2264=AXIS2_PLACEMENT_3D('',#3568,#2826,#2827);
#2265=AXIS2_PLACEMENT_3D('',#3570,#2828,#2829);
#2266=AXIS2_PLACEMENT_3D('',#3571,#2830,#2831);
#2267=AXIS2_PLACEMENT_3D('',#3573,#2832,#2833);
#2268=AXIS2_PLACEMENT_3D('',#3574,#2834,#2835);
#2269=AXIS2_PLACEMENT_3D('',#3576,#2836,#2837);
#2270=AXIS2_PLACEMENT_3D('',#3577,#2838,#2839);
#2271=AXIS2_PLACEMENT_3D('',#3578,#2840,#2841);
#2272=AXIS2_PLACEMENT_3D('',#3579,#2842,#2843);
#2273=AXIS2_PLACEMENT_3D('',#3580,#2844,#2845);
#2274=AXIS2_PLACEMENT_3D('',#3581,#2846,#2847);
#2275=AXIS2_PLACEMENT_3D('',#3582,#2848,#2849);
#2276=AXIS2_PLACEMENT_3D('',#3583,#2850,#2851);
#2277=AXIS2_PLACEMENT_3D('',#3584,#2852,#2853);
#2278=AXIS2_PLACEMENT_3D('',#3649,#2854,#2855);
#2279=AXIS2_PLACEMENT_3D('',#3650,#2856,#2857);
#2280=AXIS2_PLACEMENT_3D('',#3651,#2858,#2859);
#2281=AXIS2_PLACEMENT_3D('',#3652,#2860,#2861);
#2282=AXIS2_PLACEMENT_3D('',#3653,#2862,#2863);
#2283=AXIS2_PLACEMENT_3D('',#3654,#2864,#2865);
#2284=AXIS2_PLACEMENT_3D('',#3655,#2866,#2867);
#2285=AXIS2_PLACEMENT_3D('',#3656,#2868,#2869);
#2286=AXIS2_PLACEMENT_3D('',#3657,#2870,#2871);
#2287=AXIS2_PLACEMENT_3D('',#3676,#2872,#2873);
#2288=AXIS2_PLACEMENT_3D('',#3692,#2874,#2875);
#2289=AXIS2_PLACEMENT_3D('',#3729,#2876,#2877);
#2290=AXIS2_PLACEMENT_3D('',#3730,#2878,#2879);
#2291=AXIS2_PLACEMENT_3D('',#3731,#2880,#2881);
#2292=AXIS2_PLACEMENT_3D('',#3732,#2882,#2883);
#2293=AXIS2_PLACEMENT_3D('',#3733,#2884,#2885);
#2294=AXIS2_PLACEMENT_3D('',#3734,#2886,#2887);
#2295=AXIS2_PLACEMENT_3D('',#3735,#2888,#2889);
#2296=AXIS2_PLACEMENT_3D('',#3736,#2890,#2891);
#2297=AXIS2_PLACEMENT_3D('',#3737,#2892,#2893);
#2298=AXIS2_PLACEMENT_3D('',#3738,#2894,#2895);
#2299=AXIS2_PLACEMENT_3D('',#3739,#2896,#2897);
#2300=AXIS2_PLACEMENT_3D('',#3740,#2898,#2899);
#2301=AXIS2_PLACEMENT_3D('',#3741,#2900,#2901);
#2302=AXIS2_PLACEMENT_3D('',#3742,#2902,#2903);
#2303=AXIS2_PLACEMENT_3D('',#3743,#2904,#2905);
#2304=AXIS2_PLACEMENT_3D('',#3744,#2906,#2907);
#2305=AXIS2_PLACEMENT_3D('',#3745,#2908,#2909);
#2306=AXIS2_PLACEMENT_3D('',#3782,#2910,#2911);
#2307=AXIS2_PLACEMENT_3D('',#3798,#2912,#2913);
#2308=AXIS2_PLACEMENT_3D('',#3799,#2914,#2915);
#2309=AXIS2_PLACEMENT_3D('',#3800,#2916,#2917);
#2310=AXIS2_PLACEMENT_3D('',#3801,#2918,#2919);
#2311=AXIS2_PLACEMENT_3D('',#3802,#2920,#2921);
#2312=AXIS2_PLACEMENT_3D('',#3803,#2922,#2923);
#2313=AXIS2_PLACEMENT_3D('',#3804,#2924,#2925);
#2314=AXIS2_PLACEMENT_3D('',#3805,#2926,#2927);
#2315=AXIS2_PLACEMENT_3D('',#3806,#2928,#2929);
#2316=AXIS2_PLACEMENT_3D('',#3825,#2930,#2931);
#2317=AXIS2_PLACEMENT_3D('',#3826,#2932,#2933);
#2318=AXIS2_PLACEMENT_3D('',#3827,#2934,#2935);
#2319=AXIS2_PLACEMENT_3D('',#3828,#2936,#2937);
#2320=AXIS2_PLACEMENT_3D('',#3829,#2938,#2939);
#2321=AXIS2_PLACEMENT_3D('',#3830,#2940,#2941);
#2322=AXIS2_PLACEMENT_3D('',#3831,#2942,#2943);
#2323=AXIS2_PLACEMENT_3D('',#3832,#2944,#2945);
#2324=AXIS2_PLACEMENT_3D('',#3833,#2946,#2947);
#2325=AXIS2_PLACEMENT_3D('',#3834,#2948,#2949);
#2326=AXIS2_PLACEMENT_3D('',#3835,#2950,#2951);
#2327=AXIS2_PLACEMENT_3D('',#3836,#2952,#2953);
#2328=AXIS2_PLACEMENT_3D('',#3837,#2954,#2955);
#2329=AXIS2_PLACEMENT_3D('',#3838,#2956,#2957);
#2330=AXIS2_PLACEMENT_3D('',#3839,#2958,#2959);
#2331=AXIS2_PLACEMENT_3D('',#3840,#2960,#2961);
#2332=AXIS2_PLACEMENT_3D('',#3841,#2962,#2963);
#2333=AXIS2_PLACEMENT_3D('',#3842,#2964,#2965);
#2334=AXIS2_PLACEMENT_3D('',#3843,#2966,#2967);
#2335=AXIS2_PLACEMENT_3D('',#3844,#2968,#2969);
#2336=AXIS2_PLACEMENT_3D('',#3845,#2970,#2971);
#2337=AXIS2_PLACEMENT_3D('',#3846,#2972,#2973);
#2338=AXIS2_PLACEMENT_3D('',#3847,#2974,#2975);
#2339=AXIS2_PLACEMENT_3D('',#3848,#2976,#2977);
#2340=AXIS2_PLACEMENT_3D('',#3849,#2978,#2979);
#2341=AXIS2_PLACEMENT_3D('',#3850,#2980,#2981);
#2342=AXIS2_PLACEMENT_3D('',#3851,#2982,#2983);
#2343=AXIS2_PLACEMENT_3D('',#3852,#2984,#2985);
#2344=AXIS2_PLACEMENT_3D('',#3853,#2986,#2987);
#2345=AXIS2_PLACEMENT_3D('',#3854,#2988,#2989);
#2346=AXIS2_PLACEMENT_3D('',#3855,#2990,#2991);
#2347=AXIS2_PLACEMENT_3D('',#3856,#2992,#2993);
#2348=AXIS2_PLACEMENT_3D('',#3857,#2994,#2995);
#2349=AXIS2_PLACEMENT_3D('',#3858,#2996,#2997);
#2350=AXIS2_PLACEMENT_3D('',#3859,#2998,#2999);
#2351=AXIS2_PLACEMENT_3D('',#3860,#3000,#3001);
#2352=AXIS2_PLACEMENT_3D('',#3861,#3002,#3003);
#2353=AXIS2_PLACEMENT_3D('',#3862,#3004,#3005);
#2354=AXIS2_PLACEMENT_3D('',#3863,#3006,#3007);
#2355=AXIS2_PLACEMENT_3D('',#3864,#3008,#3009);
#2356=AXIS2_PLACEMENT_3D('',#3865,#3010,#3011);
#2357=AXIS2_PLACEMENT_3D('',#3866,#3012,#3013);
#2358=AXIS2_PLACEMENT_3D('',#3867,#3014,#3015);
#2359=AXIS2_PLACEMENT_3D('',#3868,#3016,#3017);
#2360=AXIS2_PLACEMENT_3D('',#3869,#3018,#3019);
#2361=AXIS2_PLACEMENT_3D('',#3870,#3020,#3021);
#2362=AXIS2_PLACEMENT_3D('',#3871,#3022,#3023);
#2363=AXIS2_PLACEMENT_3D('',#3872,#3024,#3025);
#2364=AXIS2_PLACEMENT_3D('',#3873,#3026,#3027);
#2365=AXIS2_PLACEMENT_3D('',#3874,#3028,#3029);
#2366=AXIS2_PLACEMENT_3D('',#3875,#3030,#3031);
#2367=AXIS2_PLACEMENT_3D('',#3876,#3032,#3033);
#2368=AXIS2_PLACEMENT_3D('',#3877,#3034,#3035);
#2369=DIRECTION('',(0.,0.,1.));
#2370=DIRECTION('',(1.,0.,0.));
#2371=DIRECTION('',(0.,1.,0.));
#2372=DIRECTION('',(1.,0.,0.));
#2373=DIRECTION('',(-1.,0.,0.));
#2374=DIRECTION('',(0.,1.,0.));
#2375=DIRECTION('',(0.,0.,1.));
#2376=DIRECTION('',(0.,1.,0.));
#2377=DIRECTION('',(0.,0.,1.));
#2378=DIRECTION('',(1.,0.,1.08352409470909E-16));
#2379=DIRECTION('',(0.,0.,-1.));
#2380=DIRECTION('',(0.,1.,0.));
#2381=DIRECTION('',(-1.,0.,0.));
#2382=DIRECTION('',(0.,0.,1.));
#2383=DIRECTION('',(1.,0.,0.));
#2384=DIRECTION('',(0.,1.,0.));
#2385=DIRECTION('',(0.,0.,1.));
#2386=DIRECTION('',(0.,1.,0.));
#2387=DIRECTION('',(-1.,0.,0.));
#2388=DIRECTION('',(0.,1.,0.));
#2389=DIRECTION('',(0.,0.,1.));
#2390=DIRECTION('',(1.,0.,0.));
#2391=DIRECTION('',(0.,0.,-1.));
#2392=DIRECTION('',(0.,1.,0.));
#2393=DIRECTION('',(-1.,0.,0.));
#2394=DIRECTION('',(-1.,0.,0.));
#2395=DIRECTION('',(0.,0.,1.));
#2396=DIRECTION('',(0.,1.,0.));
#2397=DIRECTION('',(0.,0.,1.));
#2398=DIRECTION('',(0.,-1.,0.));
#2399=DIRECTION('',(0.,0.,-1.));
#2400=DIRECTION('',(0.,-1.,0.));
#2401=DIRECTION('',(0.,1.,0.));
#2402=DIRECTION('',(0.,0.,1.));
#2403=DIRECTION('',(0.,-1.,0.));
#2404=DIRECTION('',(0.,1.,0.));
#2405=DIRECTION('',(0.,0.,1.));
#2406=DIRECTION('',(0.,-1.,0.));
#2407=DIRECTION('',(0.,0.,-1.));
#2408=DIRECTION('',(0.,-1.,0.));
#2409=DIRECTION('',(0.,1.,0.));
#2410=DIRECTION('',(0.,0.,1.));
#2411=DIRECTION('',(0.,-1.,0.));
#2412=DIRECTION('',(0.,1.,0.));
#2413=DIRECTION('',(0.,0.,1.));
#2414=DIRECTION('',(0.,1.,0.));
#2415=DIRECTION('',(0.,0.,1.));
#2416=DIRECTION('',(1.,0.,0.));
#2417=DIRECTION('',(0.,0.,1.));
#2418=DIRECTION('',(1.,0.,0.));
#2419=DIRECTION('',(0.,0.,1.));
#2420=DIRECTION('',(1.,0.,0.));
#2421=DIRECTION('',(0.,0.,-1.));
#2422=DIRECTION('',(-1.,0.,0.));
#2423=DIRECTION('',(0.,0.,1.));
#2424=DIRECTION('',(1.,0.,0.));
#2425=DIRECTION('',(0.,0.,1.));
#2426=DIRECTION('',(1.,0.,0.));
#2427=DIRECTION('',(0.,0.,-1.));
#2428=DIRECTION('',(-1.,0.,0.));
#2429=DIRECTION('',(0.,0.,-1.));
#2430=DIRECTION('',(1.,0.,0.));
#2431=DIRECTION('',(0.,0.,1.));
#2432=DIRECTION('',(1.,0.,0.));
#2433=DIRECTION('',(0.,0.,1.));
#2434=DIRECTION('',(1.,0.,0.));
#2435=DIRECTION('',(1.,0.,0.));
#2436=DIRECTION('',(0.,1.,0.));
#2437=DIRECTION('',(-1.,0.,0.));
#2438=DIRECTION('',(0.,-1.,0.));
#2439=DIRECTION('',(0.,0.,-1.));
#2440=DIRECTION('',(-1.,0.,0.));
#2441=DIRECTION('',(0.,1.,0.));
#2442=DIRECTION('',(-1.,0.,0.));
#2443=DIRECTION('',(0.,1.,0.));
#2444=DIRECTION('',(1.,0.,0.));
#2445=DIRECTION('',(0.,0.,-1.));
#2446=DIRECTION('',(-1.,0.,0.));
#2447=DIRECTION('',(0.,1.,0.));
#2448=DIRECTION('',(-1.,0.,0.));
#2449=DIRECTION('',(-1.,0.,0.));
#2450=DIRECTION('',(0.,1.,0.));
#2451=DIRECTION('',(0.,0.,1.));
#2452=DIRECTION('',(-0.25,0.,0.968245836551854));
#2453=DIRECTION('',(0.,1.,0.));
#2454=DIRECTION('',(0.,0.,1.));
#2455=DIRECTION('',(0.,0.,1.));
#2456=DIRECTION('',(0.,0.,-1.));
#2457=DIRECTION('',(-1.,0.,0.));
#2458=DIRECTION('',(0.,0.,-1.));
#2459=DIRECTION('',(-1.,0.,0.));
#2460=DIRECTION('',(0.,0.,1.));
#2461=DIRECTION('',(1.,0.,0.));
#2462=DIRECTION('',(0.,0.,-1.));
#2463=DIRECTION('',(-1.,0.,0.));
#2464=DIRECTION('',(0.,0.,-1.));
#2465=DIRECTION('',(-1.,0.,0.));
#2466=DIRECTION('',(0.,0.,1.));
#2467=DIRECTION('',(1.,0.,0.));
#2468=DIRECTION('',(0.,0.,-1.));
#2469=DIRECTION('',(-1.,0.,0.));
#2470=DIRECTION('',(0.,0.,-1.));
#2471=DIRECTION('',(-1.,0.,0.));
#2472=DIRECTION('',(0.,0.,1.));
#2473=DIRECTION('',(1.,0.,0.));
#2474=DIRECTION('',(0.,0.,-1.));
#2475=DIRECTION('',(-1.,0.,0.));
#2476=DIRECTION('',(0.,0.,-1.));
#2477=DIRECTION('',(-1.,0.,0.));
#2478=DIRECTION('',(0.,0.,1.));
#2479=DIRECTION('',(1.,0.,0.));
#2480=DIRECTION('',(0.,0.,-1.));
#2481=DIRECTION('',(-1.,0.,0.));
#2482=DIRECTION('',(0.,0.,1.));
#2483=DIRECTION('',(1.,0.,0.));
#2484=DIRECTION('',(0.,0.,-1.));
#2485=DIRECTION('',(0.,0.,1.));
#2486=DIRECTION('',(1.,0.,0.));
#2487=DIRECTION('',(0.,0.,1.));
#2488=DIRECTION('',(1.,0.,0.));
#2489=DIRECTION('',(0.,0.,-1.));
#2490=DIRECTION('',(0.,0.,1.));
#2491=DIRECTION('',(1.,0.,0.));
#2492=DIRECTION('',(0.,0.,1.));
#2493=DIRECTION('',(1.,0.,0.));
#2494=DIRECTION('',(0.,0.,1.));
#2495=DIRECTION('',(1.,0.,0.));
#2496=DIRECTION('',(0.,0.,1.));
#2497=DIRECTION('',(1.,0.,0.));
#2498=DIRECTION('',(0.,0.,1.));
#2499=DIRECTION('',(1.,0.,0.));
#2500=DIRECTION('',(0.,1.,0.));
#2501=DIRECTION('',(1.,0.,0.));
#2502=DIRECTION('',(1.,0.,0.));
#2503=DIRECTION('',(0.,-1.,0.));
#2504=DIRECTION('',(0.,0.,1.));
#2505=DIRECTION('',(1.,0.,0.));
#2506=DIRECTION('',(-1.,0.,0.));
#2507=DIRECTION('',(0.,0.,1.));
#2508=DIRECTION('',(0.,1.,0.));
#2509=DIRECTION('',(0.,0.,-1.));
#2510=DIRECTION('',(0.,-1.,0.));
#2511=DIRECTION('',(0.,0.,-1.));
#2512=DIRECTION('',(0.,0.,-1.));
#2513=DIRECTION('',(1.,0.,0.));
#2514=DIRECTION('',(0.,0.,-1.));
#2515=DIRECTION('',(0.,-1.,0.));
#2516=DIRECTION('',(0.,0.,1.));
#2517=DIRECTION('',(0.,0.,1.));
#2518=DIRECTION('',(0.,-1.,0.));
#2519=DIRECTION('',(0.,0.,1.));
#2520=DIRECTION('',(0.,1.,0.));
#2521=DIRECTION('',(-1.,0.,0.));
#2522=DIRECTION('',(0.25,0.,0.968245836551854));
#2523=DIRECTION('',(0.,1.,0.));
#2524=DIRECTION('',(0.,0.,1.));
#2525=DIRECTION('',(-1.,0.,0.));
#2526=DIRECTION('',(0.,0.,1.));
#2527=DIRECTION('',(0.,1.,0.));
#2528=DIRECTION('',(0.,0.,1.));
#2529=DIRECTION('',(0.,0.,-1.));
#2530=DIRECTION('',(-1.,0.,0.));
#2531=DIRECTION('',(0.,0.,-1.));
#2532=DIRECTION('',(-1.,0.,0.));
#2533=DIRECTION('',(0.,0.,-1.));
#2534=DIRECTION('',(-1.,0.,0.));
#2535=DIRECTION('',(0.,0.,-1.));
#2536=DIRECTION('',(-1.,0.,0.));
#2537=DIRECTION('',(-1.,0.,0.));
#2538=DIRECTION('',(0.,1.,0.));
#2539=DIRECTION('',(0.,0.,-1.));
#2540=DIRECTION('',(-1.,0.,0.));
#2541=DIRECTION('',(0.,1.,0.));
#2542=DIRECTION('',(-0.968245836551854,0.,-0.25));
#2543=DIRECTION('',(-0.25,0.,0.968245836551854));
#2544=DIRECTION('',(-0.25,0.,0.968245836551854));
#2545=DIRECTION('',(0.,1.,0.));
#2546=DIRECTION('',(0.,1.,0.));
#2547=DIRECTION('',(-0.968245836551854,0.,0.25));
#2548=DIRECTION('',(0.25,0.,0.968245836551854));
#2549=DIRECTION('',(0.25,0.,0.968245836551854));
#2550=DIRECTION('',(0.,1.,0.));
#2551=DIRECTION('',(0.,1.,0.));
#2552=DIRECTION('',(0.,0.,1.));
#2553=DIRECTION('',(1.,0.,0.));
#2554=DIRECTION('',(0.,0.,-1.));
#2555=DIRECTION('',(-1.,0.,0.));
#2556=DIRECTION('',(0.,0.,-1.));
#2557=DIRECTION('',(1.,0.,0.));
#2558=DIRECTION('',(0.,0.,1.));
#2559=DIRECTION('',(1.,0.,0.));
#2560=DIRECTION('',(0.,0.,-1.));
#2561=DIRECTION('',(-1.,0.,0.));
#2562=DIRECTION('',(0.,0.,-1.));
#2563=DIRECTION('',(1.,0.,0.));
#2564=DIRECTION('',(0.,0.,1.));
#2565=DIRECTION('',(1.,0.,0.));
#2566=DIRECTION('',(0.,0.,-1.));
#2567=DIRECTION('',(-1.,0.,0.));
#2568=DIRECTION('',(0.,0.,-1.));
#2569=DIRECTION('',(1.,0.,0.));
#2570=DIRECTION('',(0.,0.,1.));
#2571=DIRECTION('',(1.,0.,0.));
#2572=DIRECTION('',(0.,0.,-1.));
#2573=DIRECTION('',(-1.,0.,0.));
#2574=DIRECTION('',(0.,0.,-1.));
#2575=DIRECTION('',(1.,0.,0.));
#2576=DIRECTION('',(0.,1.,0.));
#2577=DIRECTION('',(0.,0.,1.));
#2578=DIRECTION('',(0.,1.,0.));
#2579=DIRECTION('',(0.,0.,1.));
#2580=DIRECTION('',(0.,-1.,0.));
#2581=DIRECTION('',(0.,0.,-1.));
#2582=DIRECTION('',(0.,1.,0.));
#2583=DIRECTION('',(0.,0.,1.));
#2584=DIRECTION('',(0.,1.,0.));
#2585=DIRECTION('',(0.,0.,1.));
#2586=DIRECTION('',(0.,1.,0.));
#2587=DIRECTION('',(0.,0.,1.));
#2588=DIRECTION('',(0.,-1.,0.));
#2589=DIRECTION('',(0.,0.,-1.));
#2590=DIRECTION('',(0.,1.,0.));
#2591=DIRECTION('',(0.,0.,1.));
#2592=DIRECTION('',(0.,0.,1.));
#2593=DIRECTION('',(1.,0.,0.));
#2594=DIRECTION('',(0.,0.,1.));
#2595=DIRECTION('',(1.,0.,0.));
#2596=DIRECTION('',(0.,0.,1.));
#2597=DIRECTION('',(1.,0.,0.));
#2598=DIRECTION('',(0.,0.,1.));
#2599=DIRECTION('',(1.,0.,0.));
#2600=DIRECTION('',(0.,0.,1.));
#2601=DIRECTION('',(1.,0.,0.));
#2602=DIRECTION('',(0.,0.,1.));
#2603=DIRECTION('',(1.,0.,0.));
#2604=DIRECTION('',(0.,0.,1.));
#2605=DIRECTION('',(1.,0.,0.));
#2606=DIRECTION('',(0.,0.,1.));
#2607=DIRECTION('',(1.,0.,0.));
#2608=DIRECTION('',(0.,1.,0.));
#2609=DIRECTION('',(-1.,0.,0.));
#2610=DIRECTION('',(-1.,0.,0.));
#2611=DIRECTION('',(0.,1.,0.));
#2612=DIRECTION('',(0.,0.,1.));
#2613=DIRECTION('',(0.,1.,0.));
#2614=DIRECTION('',(0.,0.,1.));
#2615=DIRECTION('',(0.,0.,1.));
#2616=DIRECTION('',(1.,0.,0.));
#2617=DIRECTION('',(-1.,0.,0.));
#2618=DIRECTION('',(0.,-1.,0.));
#2619=DIRECTION('',(0.,-1.,0.));
#2620=DIRECTION('',(-1.,0.,0.));
#2621=DIRECTION('',(0.,1.,0.));
#2622=DIRECTION('',(-1.,0.,0.));
#2623=DIRECTION('',(0.,1.,0.));
#2624=DIRECTION('',(0.,0.,1.));
#2625=DIRECTION('',(0.,0.,-1.));
#2626=DIRECTION('',(-1.,0.,0.));
#2627=DIRECTION('',(0.,1.,0.));
#2628=DIRECTION('',(1.,0.,0.));
#2629=DIRECTION('',(1.,0.,1.08352409470909E-16));
#2630=DIRECTION('',(0.,1.,0.));
#2631=DIRECTION('',(0.,0.,1.));
#2632=DIRECTION('',(0.,1.,0.));
#2633=DIRECTION('',(0.,0.,1.));
#2634=DIRECTION('',(-1.,0.,0.));
#2635=DIRECTION('',(0.,0.,1.));
#2636=DIRECTION('',(0.,1.,0.));
#2637=DIRECTION('',(1.,0.,0.));
#2638=DIRECTION('',(0.,1.,0.));
#2639=DIRECTION('',(0.,0.,1.));
#2640=DIRECTION('',(1.,0.,1.08352409470909E-16));
#2641=DIRECTION('',(0.,1.,0.));
#2642=DIRECTION('',(0.,0.,1.));
#2643=DIRECTION('',(1.,0.,1.08352409470909E-16));
#2644=DIRECTION('',(0.,1.,0.));
#2645=DIRECTION('',(0.,0.,1.));
#2646=DIRECTION('',(-1.08352409470909E-16,0.,1.));
#2647=DIRECTION('',(1.,0.,1.08352409470909E-16));
#2648=DIRECTION('',(-1.08352409470909E-16,0.,1.));
#2649=DIRECTION('',(1.,0.,1.08352409470909E-16));
#2650=DIRECTION('',(-1.08352409470909E-16,0.,1.));
#2651=DIRECTION('',(1.,0.,1.08352409470909E-16));
#2652=DIRECTION('',(-1.08352409470909E-16,0.,1.));
#2653=DIRECTION('',(1.,0.,1.08352409470909E-16));
#2654=DIRECTION('',(-1.08352409470909E-16,0.,1.));
#2655=DIRECTION('',(1.,0.,1.08352409470909E-16));
#2656=DIRECTION('',(0.,1.,0.));
#2657=DIRECTION('',(-1.,0.,-1.08352409470909E-16));
#2658=DIRECTION('',(0.,1.,0.));
#2659=DIRECTION('',(1.,0.,1.08352409470909E-16));
#2660=DIRECTION('',(-1.08352409470909E-16,0.,1.));
#2661=DIRECTION('',(1.,0.,1.08352409470909E-16));
#2662=DIRECTION('',(-1.08352409470909E-16,0.,1.));
#2663=DIRECTION('',(1.,0.,1.08352409470909E-16));
#2664=DIRECTION('',(-1.08352409470909E-16,0.,1.));
#2665=DIRECTION('',(1.,0.,1.08352409470909E-16));
#2666=DIRECTION('',(-1.08352409470909E-16,0.,1.));
#2667=DIRECTION('',(1.,0.,1.08352409470909E-16));
#2668=DIRECTION('',(-1.08352409470909E-16,0.,1.));
#2669=DIRECTION('',(1.,0.,1.08352409470909E-16));
#2670=DIRECTION('',(-1.,0.,-1.08352409470909E-16));
#2671=DIRECTION('',(0.,1.,0.));
#2672=DIRECTION('',(1.,0.,1.08352409470909E-16));
#2673=DIRECTION('',(0.,-1.,0.));
#2674=DIRECTION('',(0.,1.16678748158754E-16,-1.));
#2675=DIRECTION('',(0.,1.,1.16678748158754E-16));
#2676=DIRECTION('',(0.,-1.45848435198443E-16,1.));
#2677=DIRECTION('',(0.,-1.,-1.45848435198443E-16));
#2678=DIRECTION('',(0.,-1.45848435198443E-16,1.));
#2679=DIRECTION('',(0.,-1.,-1.45848435198443E-16));
#2680=DIRECTION('',(0.,-1.45848435198443E-16,1.));
#2681=DIRECTION('',(0.,-1.,-1.45848435198443E-16));
#2682=DIRECTION('',(0.,-1.45848435198443E-16,1.));
#2683=DIRECTION('',(0.,-1.,-1.45848435198443E-16));
#2684=DIRECTION('',(0.,-1.,-1.16678748158754E-16));
#2685=DIRECTION('',(-1.,0.,0.));
#2686=DIRECTION('',(0.,-1.,-1.16678748158754E-16));
#2687=DIRECTION('',(-1.,0.,0.));
#2688=DIRECTION('',(0.,-1.,0.));
#2689=DIRECTION('',(0.,0.,-1.));
#2690=DIRECTION('',(0.,1.,0.));
#2691=DIRECTION('',(0.,0.,1.));
#2692=DIRECTION('',(-1.,0.,0.));
#2693=DIRECTION('',(0.,0.,1.));
#2694=DIRECTION('',(-1.,0.,-1.08352409470909E-16));
#2695=DIRECTION('',(1.,0.,0.));
#2696=DIRECTION('',(0.,1.,0.));
#2697=DIRECTION('',(0.,1.,0.));
#2698=DIRECTION('',(0.,0.,1.));
#2699=DIRECTION('',(0.,-1.,-1.16678748158754E-16));
#2700=DIRECTION('',(0.,0.,-1.));
#2701=DIRECTION('',(0.,1.45848435198443E-16,-1.));
#2702=DIRECTION('',(0.,1.,1.45848435198443E-16));
#2703=DIRECTION('',(0.,-1.45848435198443E-16,1.));
#2704=DIRECTION('',(0.,-1.,-1.45848435198443E-16));
#2705=DIRECTION('',(0.,-1.45848435198443E-16,1.));
#2706=DIRECTION('',(0.,-1.,-1.45848435198443E-16));
#2707=DIRECTION('',(0.,-1.45848435198443E-16,1.));
#2708=DIRECTION('',(0.,-1.,-1.45848435198443E-16));
#2709=DIRECTION('',(0.,-1.45848435198443E-16,1.));
#2710=DIRECTION('',(0.,-1.,-1.45848435198443E-16));
#2711=DIRECTION('',(0.,1.,1.45848435198443E-16));
#2712=DIRECTION('',(-1.,0.,0.));
#2713=DIRECTION('',(0.,-1.,-1.45848435198443E-16));
#2714=DIRECTION('',(-1.,0.,0.));
#2715=DIRECTION('',(0.,-1.,0.));
#2716=DIRECTION('',(0.,0.,-1.));
#2717=DIRECTION('',(0.,1.,0.));
#2718=DIRECTION('',(0.,0.,1.));
#2719=DIRECTION('',(-1.,0.,-1.08352409470909E-16));
#2720=DIRECTION('',(0.,0.,1.));
#2721=DIRECTION('',(-1.,0.,0.));
#2722=DIRECTION('',(1.,0.,0.));
#2723=DIRECTION('',(0.,1.,0.));
#2724=DIRECTION('',(0.,-1.,-1.45848435198443E-16));
#2725=DIRECTION('',(0.,0.,1.));
#2726=DIRECTION('',(0.,1.,0.));
#2727=DIRECTION('',(0.,0.,1.));
#2728=DIRECTION('',(0.,-1.,0.));
#2729=DIRECTION('',(0.,0.,-1.));
#2730=DIRECTION('',(0.,-1.,0.));
#2731=DIRECTION('',(0.,0.,-1.));
#2732=DIRECTION('',(0.,-1.,0.));
#2733=DIRECTION('',(0.,0.,-1.));
#2734=DIRECTION('',(0.,-1.,0.));
#2735=DIRECTION('',(0.,0.,-1.));
#2736=DIRECTION('',(0.,1.,0.));
#2737=DIRECTION('',(0.,0.,1.));
#2738=DIRECTION('',(0.,1.,0.));
#2739=DIRECTION('',(0.,0.,1.));
#2740=DIRECTION('',(0.,1.,0.));
#2741=DIRECTION('',(0.,0.,1.));
#2742=DIRECTION('',(0.,-1.,0.));
#2743=DIRECTION('',(0.,0.,-1.));
#2744=DIRECTION('',(0.,-1.,0.));
#2745=DIRECTION('',(0.,0.,-1.));
#2746=DIRECTION('',(0.,-1.,0.));
#2747=DIRECTION('',(0.,0.,-1.));
#2748=DIRECTION('',(0.,1.,1.45848435198443E-16));
#2749=DIRECTION('',(0.,-1.45848435198443E-16,1.));
#2750=DIRECTION('',(0.,1.,1.45848435198443E-16));
#2751=DIRECTION('',(0.,-1.45848435198443E-16,1.));
#2752=DIRECTION('',(0.,1.,1.45848435198443E-16));
#2753=DIRECTION('',(0.,-1.45848435198443E-16,1.));
#2754=DIRECTION('',(0.,-1.,-1.16678748158754E-16));
#2755=DIRECTION('',(0.,1.16678748158754E-16,-1.));
#2756=DIRECTION('',(0.,-1.,-1.16678748158754E-16));
#2757=DIRECTION('',(0.,1.16678748158754E-16,-1.));
#2758=DIRECTION('',(0.,-1.,-1.16678748158754E-16));
#2759=DIRECTION('',(0.,1.16678748158754E-16,-1.));
#2760=DIRECTION('',(0.,-1.,0.));
#2761=DIRECTION('',(0.,0.,-1.));
#2762=DIRECTION('',(0.,-1.,0.));
#2763=DIRECTION('',(0.,0.,-1.));
#2764=DIRECTION('',(0.,1.,0.));
#2765=DIRECTION('',(0.,0.,1.));
#2766=DIRECTION('',(0.,-1.,0.));
#2767=DIRECTION('',(0.,0.,-1.));
#2768=DIRECTION('',(0.,-1.,0.));
#2769=DIRECTION('',(0.,0.,-1.));
#2770=DIRECTION('',(0.,1.,0.));
#2771=DIRECTION('',(0.,0.,1.));
#2772=DIRECTION('',(0.,-1.45848435198443E-16,1.));
#2773=DIRECTION('',(0.,-1.,-1.45848435198443E-16));
#2774=DIRECTION('',(0.,-1.45848435198443E-16,1.));
#2775=DIRECTION('',(0.,-1.,-1.45848435198443E-16));
#2776=DIRECTION('',(0.,-1.45848435198443E-16,1.));
#2777=DIRECTION('',(1.,0.,0.));
#2778=DIRECTION('',(0.,-1.45848435198443E-16,1.));
#2779=DIRECTION('',(0.,-1.,-1.45848435198443E-16));
#2780=DIRECTION('',(0.,-1.45848435198443E-16,1.));
#2781=DIRECTION('',(0.,-1.,-1.45848435198443E-16));
#2782=DIRECTION('',(0.,-1.45848435198443E-16,1.));
#2783=DIRECTION('',(0.,-1.,-1.45848435198443E-16));
#2784=DIRECTION('',(0.,-1.45848435198443E-16,1.));
#2785=DIRECTION('',(1.,0.,0.));
#2786=DIRECTION('',(0.,-1.45848435198443E-16,1.));
#2787=DIRECTION('',(0.,-1.,-1.45848435198443E-16));
#2788=DIRECTION('',(0.,-1.45848435198443E-16,1.));
#2789=DIRECTION('',(0.,-1.,-1.45848435198443E-16));
#2790=DIRECTION('',(0.,-1.45848435198443E-16,1.));
#2791=DIRECTION('',(0.,-1.,-1.45848435198443E-16));
#2792=DIRECTION('',(0.,-1.45848435198443E-16,1.));
#2793=DIRECTION('',(1.,0.,0.));
#2794=DIRECTION('',(0.,-1.45848435198443E-16,1.));
#2795=DIRECTION('',(0.,-1.,-1.45848435198443E-16));
#2796=DIRECTION('',(0.,-1.45848435198443E-16,1.));
#2797=DIRECTION('',(0.,-1.,-1.45848435198443E-16));
#2798=DIRECTION('',(0.,-1.45848435198443E-16,1.));
#2799=DIRECTION('',(0.,-1.,-1.45848435198443E-16));
#2800=DIRECTION('',(0.,-1.45848435198443E-16,1.));
#2801=DIRECTION('',(1.,0.,0.));
#2802=DIRECTION('',(0.,-1.45848435198443E-16,1.));
#2803=DIRECTION('',(0.,-1.,-1.45848435198443E-16));
#2804=DIRECTION('',(0.,1.45848435198443E-16,-1.));
#2805=DIRECTION('',(0.,1.,1.45848435198443E-16));
#2806=DIRECTION('',(0.,-1.45848435198443E-16,1.));
#2807=DIRECTION('',(0.,-1.,-1.45848435198443E-16));
#2808=DIRECTION('',(0.,-1.45848435198443E-16,1.));
#2809=DIRECTION('',(1.,0.,0.));
#2810=DIRECTION('',(0.,-1.45848435198443E-16,1.));
#2811=DIRECTION('',(0.,-1.,-1.45848435198443E-16));
#2812=DIRECTION('',(0.,1.45848435198443E-16,-1.));
#2813=DIRECTION('',(0.,1.,1.45848435198443E-16));
#2814=DIRECTION('',(0.,-1.45848435198443E-16,1.));
#2815=DIRECTION('',(0.,-1.,-1.45848435198443E-16));
#2816=DIRECTION('',(0.,-1.45848435198443E-16,1.));
#2817=DIRECTION('',(1.,0.,0.));
#2818=DIRECTION('',(0.,-1.45848435198443E-16,1.));
#2819=DIRECTION('',(0.,-1.,-1.45848435198443E-16));
#2820=DIRECTION('',(0.,1.45848435198443E-16,-1.));
#2821=DIRECTION('',(0.,1.,1.45848435198443E-16));
#2822=DIRECTION('',(0.,-1.45848435198443E-16,1.));
#2823=DIRECTION('',(0.,-1.,-1.45848435198443E-16));
#2824=DIRECTION('',(0.,-1.45848435198443E-16,1.));
#2825=DIRECTION('',(1.,0.,0.));
#2826=DIRECTION('',(0.,-1.45848435198443E-16,1.));
#2827=DIRECTION('',(0.,-1.,-1.45848435198443E-16));
#2828=DIRECTION('',(0.,1.45848435198443E-16,-1.));
#2829=DIRECTION('',(0.,1.,1.45848435198443E-16));
#2830=DIRECTION('',(0.,-1.45848435198443E-16,1.));
#2831=DIRECTION('',(0.,-1.,-1.45848435198443E-16));
#2832=DIRECTION('',(0.,-1.45848435198443E-16,1.));
#2833=DIRECTION('',(1.,0.,0.));
#2834=DIRECTION('',(0.,-1.45848435198443E-16,1.));
#2835=DIRECTION('',(0.,-1.,-1.45848435198443E-16));
#2836=DIRECTION('',(0.,-1.45848435198443E-16,1.));
#2837=DIRECTION('',(0.,-1.,-1.45848435198443E-16));
#2838=DIRECTION('',(0.,-1.45848435198443E-16,1.));
#2839=DIRECTION('',(0.,-1.,-1.45848435198443E-16));
#2840=DIRECTION('',(0.,-1.45848435198443E-16,1.));
#2841=DIRECTION('',(0.,-1.,-1.45848435198443E-16));
#2842=DIRECTION('',(0.,-1.45848435198443E-16,1.));
#2843=DIRECTION('',(0.,-1.,-1.45848435198443E-16));
#2844=DIRECTION('',(0.,-1.45848435198443E-16,1.));
#2845=DIRECTION('',(0.,-1.,-1.45848435198443E-16));
#2846=DIRECTION('',(0.,-1.45848435198443E-16,1.));
#2847=DIRECTION('',(0.,-1.,-1.45848435198443E-16));
#2848=DIRECTION('',(0.,-1.45848435198443E-16,1.));
#2849=DIRECTION('',(0.,-1.,-1.45848435198443E-16));
#2850=DIRECTION('',(0.,-1.45848435198443E-16,1.));
#2851=DIRECTION('',(0.,-1.,-1.45848435198443E-16));
#2852=DIRECTION('',(0.,1.,0.));
#2853=DIRECTION('',(0.,0.,1.));
#2854=DIRECTION('',(0.,-1.,0.));
#2855=DIRECTION('',(0.,0.,-1.));
#2856=DIRECTION('',(3.46944695195361E-15,1.,0.));
#2857=DIRECTION('',(-1.,3.46944695195361E-15,0.));
#2858=DIRECTION('',(1.,-3.46944695195361E-15,-1.73472347597681E-15));
#2859=DIRECTION('',(3.46944695195361E-15,1.,0.));
#2860=DIRECTION('',(1.,0.,0.));
#2861=DIRECTION('',(0.,0.,-1.));
#2862=DIRECTION('',(0.,-1.7347234759768E-15,1.));
#2863=DIRECTION('',(0.,-1.,-1.7347234759768E-15));
#2864=DIRECTION('',(0.,0.,1.));
#2865=DIRECTION('',(1.,0.,0.));
#2866=DIRECTION('',(4.33680868994202E-16,0.,-1.));
#2867=DIRECTION('',(-1.,0.,-4.33680868994202E-16));
#2868=DIRECTION('',(-1.,0.,0.));
#2869=DIRECTION('',(0.,0.,1.));
#2870=DIRECTION('',(-1.,0.,0.));
#2871=DIRECTION('',(0.,0.,1.));
#2872=DIRECTION('',(0.,1.,0.));
#2873=DIRECTION('',(0.,0.,1.));
#2874=DIRECTION('',(0.,0.,-1.));
#2875=DIRECTION('',(-1.,0.,0.));
#2876=DIRECTION('',(-1.,0.,0.));
#2877=DIRECTION('',(0.,0.,1.));
#2878=DIRECTION('',(0.,1.,0.));
#2879=DIRECTION('',(0.,0.,1.));
#2880=DIRECTION('',(0.,1.,3.46944695195361E-15));
#2881=DIRECTION('',(0.,-3.46944695195361E-15,1.));
#2882=DIRECTION('',(0.,0.,1.));
#2883=DIRECTION('',(1.,0.,0.));
#2884=DIRECTION('',(0.,0.,-1.));
#2885=DIRECTION('',(-1.,0.,0.));
#2886=DIRECTION('',(-1.,0.,0.));
#2887=DIRECTION('',(0.,0.,1.));
#2888=DIRECTION('',(-1.,0.,0.));
#2889=DIRECTION('',(0.,0.,1.));
#2890=DIRECTION('',(0.,-1.,0.));
#2891=DIRECTION('',(0.,0.,-1.));
#2892=DIRECTION('',(0.,1.,0.));
#2893=DIRECTION('',(0.,0.,1.));
#2894=DIRECTION('',(1.,-3.46944695195361E-15,0.));
#2895=DIRECTION('',(3.46944695195361E-15,1.,0.));
#2896=DIRECTION('',(1.,0.,0.));
#2897=DIRECTION('',(0.,0.,-1.));
#2898=DIRECTION('',(0.,0.,1.));
#2899=DIRECTION('',(1.,0.,0.));
#2900=DIRECTION('',(0.,0.,1.));
#2901=DIRECTION('',(1.,0.,0.));
#2902=DIRECTION('',(-1.,0.,0.));
#2903=DIRECTION('',(0.,0.,1.));
#2904=DIRECTION('',(-1.,0.,1.73472347597681E-15));
#2905=DIRECTION('',(1.73472347597681E-15,0.,1.));
#2906=DIRECTION('',(0.,0.,-1.));
#2907=DIRECTION('',(-1.,0.,0.));
#2908=DIRECTION('',(0.,8.67361737988403E-16,-1.));
#2909=DIRECTION('',(0.,1.,8.67361737988403E-16));
#2910=DIRECTION('',(-1.,0.,0.));
#2911=DIRECTION('',(0.,0.,1.));
#2912=DIRECTION('',(0.,0.,-1.));
#2913=DIRECTION('',(-1.,0.,0.));
#2914=DIRECTION('',(-1.,0.,0.));
#2915=DIRECTION('',(0.,0.,1.));
#2916=DIRECTION('',(-1.,0.,0.));
#2917=DIRECTION('',(0.,0.,1.));
#2918=DIRECTION('',(0.,0.,-1.));
#2919=DIRECTION('',(-1.,0.,0.));
#2920=DIRECTION('',(0.,0.,-1.));
#2921=DIRECTION('',(-1.,0.,0.));
#2922=DIRECTION('',(0.,1.,0.));
#2923=DIRECTION('',(0.,0.,1.));
#2924=DIRECTION('',(0.,1.,0.));
#2925=DIRECTION('',(0.,0.,1.));
#2926=DIRECTION('',(0.,-1.,0.));
#2927=DIRECTION('',(0.,0.,-1.));
#2928=DIRECTION('',(0.,-1.,0.));
#2929=DIRECTION('',(0.,0.,-1.));
#2930=DIRECTION('',(-1.,0.,-1.08352409470909E-16));
#2931=DIRECTION('',(-1.08352409470909E-16,0.,1.));
#2932=DIRECTION('',(1.,0.,0.));
#2933=DIRECTION('',(0.,0.,-1.));
#2934=DIRECTION('',(0.,-1.,0.));
#2935=DIRECTION('',(0.,0.,-1.));
#2936=DIRECTION('',(0.,0.,-1.));
#2937=DIRECTION('',(-1.,0.,0.));
#2938=DIRECTION('',(0.,0.,1.));
#2939=DIRECTION('',(1.,0.,0.));
#2940=DIRECTION('',(0.,0.,-1.));
#2941=DIRECTION('',(-1.,0.,0.));
#2942=DIRECTION('',(0.,-1.,0.));
#2943=DIRECTION('',(0.,0.,-1.));
#2944=DIRECTION('',(-1.,0.,0.));
#2945=DIRECTION('',(0.,0.,1.));
#2946=DIRECTION('',(-1.,0.,0.));
#2947=DIRECTION('',(0.,0.,1.));
#2948=DIRECTION('',(-1.,0.,0.));
#2949=DIRECTION('',(0.,0.,1.));
#2950=DIRECTION('',(0.,-1.,0.));
#2951=DIRECTION('',(0.,0.,-1.));
#2952=DIRECTION('',(0.,-1.,0.));
#2953=DIRECTION('',(0.,0.,-1.));
#2954=DIRECTION('',(1.,0.,0.));
#2955=DIRECTION('',(0.,0.,-1.));
#2956=DIRECTION('',(1.,0.,0.));
#2957=DIRECTION('',(0.,0.,-1.));
#2958=DIRECTION('',(1.,0.,0.));
#2959=DIRECTION('',(0.,0.,-1.));
#2960=DIRECTION('',(0.,-1.,0.));
#2961=DIRECTION('',(0.,0.,-1.));
#2962=DIRECTION('',(0.,0.,-1.));
#2963=DIRECTION('',(-1.,0.,0.));
#2964=DIRECTION('',(0.,0.,1.));
#2965=DIRECTION('',(1.,0.,0.));
#2966=DIRECTION('',(0.,0.,-1.));
#2967=DIRECTION('',(-1.,0.,0.));
#2968=DIRECTION('',(0.,-1.,0.));
#2969=DIRECTION('',(0.,0.,-1.));
#2970=DIRECTION('',(-1.,0.,0.));
#2971=DIRECTION('',(0.,0.,1.));
#2972=DIRECTION('',(1.,0.,1.08352409470909E-16));
#2973=DIRECTION('',(1.08352409470909E-16,0.,-1.));
#2974=DIRECTION('',(0.,1.,0.));
#2975=DIRECTION('',(0.,0.,1.));
#2976=DIRECTION('',(-1.,0.,0.));
#2977=DIRECTION('',(0.,0.,1.));
#2978=DIRECTION('',(0.,0.,1.));
#2979=DIRECTION('',(1.,0.,0.));
#2980=DIRECTION('',(0.,0.,1.));
#2981=DIRECTION('',(1.,0.,0.));
#2982=DIRECTION('',(0.,0.,1.));
#2983=DIRECTION('',(1.,0.,0.));
#2984=DIRECTION('',(0.,1.,0.));
#2985=DIRECTION('',(0.,0.,1.));
#2986=DIRECTION('',(0.,0.,-1.));
#2987=DIRECTION('',(-1.,0.,0.));
#2988=DIRECTION('',(-1.,0.,0.));
#2989=DIRECTION('',(0.,0.,1.));
#2990=DIRECTION('',(1.,0.,1.08352409470909E-16));
#2991=DIRECTION('',(1.08352409470909E-16,0.,-1.));
#2992=DIRECTION('',(-1.,0.,0.));
#2993=DIRECTION('',(0.,0.,1.));
#2994=DIRECTION('',(-1.,0.,-1.08352409470909E-16));
#2995=DIRECTION('',(-1.08352409470909E-16,0.,1.));
#2996=DIRECTION('',(-1.,0.,0.));
#2997=DIRECTION('',(0.,0.,1.));
#2998=DIRECTION('',(0.,1.,0.));
#2999=DIRECTION('',(0.,0.,1.));
#3000=DIRECTION('',(-1.,0.,0.));
#3001=DIRECTION('',(0.,0.,1.));
#3002=DIRECTION('',(0.,0.,-1.));
#3003=DIRECTION('',(-1.,0.,0.));
#3004=DIRECTION('',(0.,0.,-1.));
#3005=DIRECTION('',(-1.,0.,0.));
#3006=DIRECTION('',(0.,1.,0.));
#3007=DIRECTION('',(0.,0.,1.));
#3008=DIRECTION('',(-0.1058201058201,0.,-0.994385290118585));
#3009=DIRECTION('',(-0.994385290118585,0.,0.1058201058201));
#3010=DIRECTION('',(0.,1.,0.));
#3011=DIRECTION('',(0.,0.,1.));
#3012=DIRECTION('',(-0.105820105820111,0.,0.994385290118584));
#3013=DIRECTION('',(0.994385290118584,0.,0.105820105820111));
#3014=DIRECTION('',(1.,0.,0.));
#3015=DIRECTION('',(0.,0.,-1.));
#3016=DIRECTION('',(-1.,0.,0.));
#3017=DIRECTION('',(0.,0.,1.));
#3018=DIRECTION('',(0.,1.,0.));
#3019=DIRECTION('',(0.,0.,1.));
#3020=DIRECTION('',(-1.,0.,0.));
#3021=DIRECTION('',(0.,0.,1.));
#3022=DIRECTION('',(0.,1.,0.));
#3023=DIRECTION('',(0.,0.,1.));
#3024=DIRECTION('',(0.370942812982994,-1.61997225523545E-16,0.92865571095873));
#3025=DIRECTION('',(0.92865571095873,0.,-0.370942812982994));
#3026=DIRECTION('',(-0.370942812983002,0.,0.928655710958726));
#3027=DIRECTION('',(0.928655710958726,0.,0.370942812983002));
#3028=DIRECTION('',(0.,1.,0.));
#3029=DIRECTION('',(0.,0.,1.));
#3030=DIRECTION('',(-1.,0.,0.));
#3031=DIRECTION('',(0.,0.,1.));
#3032=DIRECTION('',(-1.,0.,0.));
#3033=DIRECTION('',(0.,0.,1.));
#3034=DIRECTION('',(0.,1.,0.));
#3035=DIRECTION('',(0.,0.,1.));
#3036=CARTESIAN_POINT('',(0.,0.,0.));
#3037=CARTESIAN_POINT('',(-6.07192076884803E-18,0.181,-9.48737620132505E-19));
#3038=CARTESIAN_POINT('',(-6.07192076884803E-18,0.181,-0.00799999999999985));
#3039=CARTESIAN_POINT('',(0.046,0.181,-0.00799999999999985));
#3040=CARTESIAN_POINT('',(0.0300420122495149,0.181,-0.00799999999999985));
#3041=CARTESIAN_POINT('',(0.0300420122495149,0.181,-0.0119999999999999));
#3042=CARTESIAN_POINT('',(0.02632738940568,0.181,-0.0105162287480679));
#3043=CARTESIAN_POINT('',(-6.93889390390723E-18,0.181,-2.56220977800914E-18));
#3044=CARTESIAN_POINT('',(0.0281908229748619,0.181,-0.00299999999999985));
#3045=CARTESIAN_POINT('',(-5.74686354043532E-18,0.181,-0.00299999999999985));
#3046=CARTESIAN_POINT('',(0.046,0.181,-0.00299999999999985));
#3047=CARTESIAN_POINT('',(0.046,0.181,-9.48737620132505E-19));
#3048=CARTESIAN_POINT('',(0.,0.061,-0.000690703667508584));
#3049=CARTESIAN_POINT('',(0.034,0.061,-0.000690703667508584));
#3050=CARTESIAN_POINT('',(0.034,0.061,-0.00489106327908357));
#3051=CARTESIAN_POINT('',(0.034,0.061,-0.029));
#3052=CARTESIAN_POINT('',(0.0147960298729085,0.061,-0.029));
#3053=CARTESIAN_POINT('',(0.018409847908117,0.061,-0.029));
#3054=CARTESIAN_POINT('',(-6.93889390390723E-18,0.061,-2.80713913783861E-18));
#3055=CARTESIAN_POINT('',(0.,0.061,-0.000690703667508584));
#3056=CARTESIAN_POINT('',(-6.93889390390723E-18,0.061,-2.80713913783861E-18));
#3057=CARTESIAN_POINT('',(-0.034,0.061,-0.00489106327908366));
#3058=CARTESIAN_POINT('',(-0.0184098479081171,0.061,-0.029));
#3059=CARTESIAN_POINT('',(-0.036,0.061,-0.029));
#3060=CARTESIAN_POINT('',(-0.034,0.061,-0.029));
#3061=CARTESIAN_POINT('',(-0.034,0.061,-0.000690703667508584));
#3062=CARTESIAN_POINT('',(0.,0.061,-0.000690703667508584));
#3063=CARTESIAN_POINT('',(0.,0.061,0.029));
#3064=CARTESIAN_POINT('',(0.018409847908117,0.061,0.029));
#3065=CARTESIAN_POINT('',(0.034,0.061,0.029));
#3066=CARTESIAN_POINT('',(0.034,0.061,-0.000690703667508584));
#3067=CARTESIAN_POINT('',(0.034,0.061,0.00489106327908357));
#3068=CARTESIAN_POINT('',(-6.93889390390723E-18,0.061,-2.80713913783861E-18));
#3069=CARTESIAN_POINT('',(-6.93889390390723E-18,0.06205985,-2.80713913783861E-18));
#3070=CARTESIAN_POINT('',(0.0281847008275974,0.06205985,0.0112581143740341));
#3071=CARTESIAN_POINT('',(0.0281847008275974,0.065,0.0112581143740341));
#3072=CARTESIAN_POINT('',(0.0281847008275974,0.179,0.0112581143740341));
#3073=CARTESIAN_POINT('',(-6.93889390390723E-18,0.179,-2.80713913783861E-18));
#3074=CARTESIAN_POINT('',(0.0281847008275974,0.179,-0.0112581143740339));
#3075=CARTESIAN_POINT('',(0.0281847008275974,0.06205985,-0.0112581143740339));
#3076=CARTESIAN_POINT('',(0.0281847008275974,0.065,-0.0112581143740339));
#3077=CARTESIAN_POINT('',(-6.93889390390723E-18,0.065,-2.80713913783861E-18));
#3078=CARTESIAN_POINT('',(-6.93889390390723E-18,0.181,-2.56220977800914E-18));
#3079=CARTESIAN_POINT('',(0.0262020523946247,0.181,-0.00278835978835965));
#3080=CARTESIAN_POINT('',(0.0262020523946247,0.06205985,-0.00278835978835965));
#3081=CARTESIAN_POINT('',(0.0262020523946247,0.179,-0.00278835978835965));
#3082=CARTESIAN_POINT('',(-6.93889390390723E-18,0.179,-2.56220977800914E-18));
#3083=CARTESIAN_POINT('',(0.0262020523946247,0.179,0.00278835978835993));
#3084=CARTESIAN_POINT('',(0.0262020523946247,0.181,0.00278835978835993));
#3085=CARTESIAN_POINT('',(0.0262020523946247,0.06205985,0.00278835978835993));
#3086=CARTESIAN_POINT('',(-6.93889390390723E-18,0.06205985,-2.56220977800914E-18));
#3087=CARTESIAN_POINT('',(-0.018,0.036,-0.011));
#3088=CARTESIAN_POINT('',(-0.00854400374531757,0.036,-0.031));
#3089=CARTESIAN_POINT('',(-0.00710662144237399,0.036,-0.031));
#3090=CARTESIAN_POINT('',(-0.00424434858606466,0.036,-0.0312943792631595));
#3091=CARTESIAN_POINT('',(-0.00141645676728123,0.036,-0.031763925041116));
#3092=CARTESIAN_POINT('',(6.08561701290277E-18,0.036,-0.032));
#3093=CARTESIAN_POINT('',(6.08561701290277E-18,0.036,-0.032));
#3094=CARTESIAN_POINT('',(-0.00854400374531757,0.036,-0.031));
#3095=CARTESIAN_POINT('',(0.,0.036,-0.031));
#3096=CARTESIAN_POINT('',(0.0085440037453176,0.036,-0.031));
#3097=CARTESIAN_POINT('',(0.00854400374531759,0.036,-0.031));
#3098=CARTESIAN_POINT('',(0.00710662144237401,0.036,-0.031));
#3099=CARTESIAN_POINT('',(0.00424434858606467,0.036,-0.0312943792631595));
#3100=CARTESIAN_POINT('',(0.00141645676728125,0.036,-0.031763925041116));
#3101=CARTESIAN_POINT('',(6.08561701290277E-18,0.036,-0.032));
#3102=CARTESIAN_POINT('',(-0.031,0.031,-0.031002));
#3103=CARTESIAN_POINT('',(-0.031,0.031,-0.031));
#3104=CARTESIAN_POINT('',(-0.0295,0.031,-0.031));
#3105=CARTESIAN_POINT('',(-0.031,0.031,0.004));
#3106=CARTESIAN_POINT('',(-0.0325,0.031,0.004));
#3107=CARTESIAN_POINT('',(0.031,0.031,-0.031002));
#3108=CARTESIAN_POINT('',(0.031,0.031,-0.031));
#3109=CARTESIAN_POINT('',(0.0325,0.031,-0.031));
#3110=CARTESIAN_POINT('',(0.031,0.031,0.004));
#3111=CARTESIAN_POINT('',(0.0295,0.031,0.004));
#3112=CARTESIAN_POINT('',(6.93889390390723E-18,6.93889390390723E-18,0.011));
#3113=CARTESIAN_POINT('',(-0.031,0.031,0.011));
#3114=CARTESIAN_POINT('',(-0.0288,0.031,0.011));
#3115=CARTESIAN_POINT('',(0.031,0.031,0.011));
#3116=CARTESIAN_POINT('',(0.0332,0.031,0.011));
#3117=CARTESIAN_POINT('',(0.,-0.0208,0.011));
#3118=CARTESIAN_POINT('',(-0.0244389381125702,-0.0208,0.011));
#3119=CARTESIAN_POINT('',(-0.0036,-0.0208,0.011));
#3120=CARTESIAN_POINT('',(-0.0244389381125702,6.93889390390723E-18,0.011));
#3121=CARTESIAN_POINT('',(-0.0244389381125702,0.036,0.011));
#3122=CARTESIAN_POINT('',(-0.018,0.036,0.011));
#3123=CARTESIAN_POINT('',(-0.036,0.036,0.011));
#3124=CARTESIAN_POINT('',(-0.036,0.018,0.011));
#3125=CARTESIAN_POINT('',(-0.036,5.67381119041885E-18,0.011));
#3126=CARTESIAN_POINT('',(6.08561701290277E-18,5.67381119041885E-18,0.011));
#3127=CARTESIAN_POINT('',(0.036,5.67381119041885E-18,0.011));
#3128=CARTESIAN_POINT('',(0.036,0.018,0.011));
#3129=CARTESIAN_POINT('',(0.036,0.036,0.011));
#3130=CARTESIAN_POINT('',(-0.018,0.036,0.011));
#3131=CARTESIAN_POINT('',(0.0244389381125702,0.036,0.011));
#3132=CARTESIAN_POINT('',(0.0244389381125702,-0.0208,0.011));
#3133=CARTESIAN_POINT('',(0.0244389381125702,-0.0208,0.011));
#3134=CARTESIAN_POINT('',(0.,-0.0208,0.011));
#3135=CARTESIAN_POINT('',(0.0036,-0.0208,0.011));
#3136=CARTESIAN_POINT('',(4.70264370872579E-19,-0.016,0.011));
#3137=CARTESIAN_POINT('',(0.,-0.0208,0.0148729833462074));
#3138=CARTESIAN_POINT('',(3.46944695195361E-18,-0.0208,0.0185459666924148));
#3139=CARTESIAN_POINT('',(-0.0036,-0.0208,0.0185459666924148));
#3140=CARTESIAN_POINT('',(-0.0250963038858849,-0.0208,0.0185459666924148));
#3141=CARTESIAN_POINT('',(-0.0250963038858849,-0.0208,0.0180459666924149));
#3142=CARTESIAN_POINT('',(-0.0255804268041608,-0.0208,0.0179209666924149));
#3143=CARTESIAN_POINT('',(-0.0247676209992275,-0.0208,0.0147729833462074));
#3144=CARTESIAN_POINT('',(-0.0239548151942942,-0.0208,0.011625));
#3145=CARTESIAN_POINT('',(-0.0244389381125702,-0.0208,0.0115));
#3146=CARTESIAN_POINT('',(-0.0036,-0.0208,-0.035002));
#3147=CARTESIAN_POINT('',(-0.016,-1.08258777044626E-18,-0.031));
#3148=CARTESIAN_POINT('',(-0.016,-1.08258777044626E-18,-0.035));
#3149=CARTESIAN_POINT('',(-0.0188,-1.08258777044626E-18,-0.035));
#3150=CARTESIAN_POINT('',(-0.016,-1.08258777044626E-18,-0.041));
#3151=CARTESIAN_POINT('',(-0.0132,-1.08258777044626E-18,-0.041));
#3152=CARTESIAN_POINT('',(-2.06230520976414E-18,0.016,-0.031));
#3153=CARTESIAN_POINT('',(-2.06230520976414E-18,0.016,-0.035));
#3154=CARTESIAN_POINT('',(-0.0028,0.016,-0.035));
#3155=CARTESIAN_POINT('',(-2.06230520976414E-18,0.016,-0.041));
#3156=CARTESIAN_POINT('',(0.0028,0.016,-0.041));
#3157=CARTESIAN_POINT('',(0.016,3.04202264908202E-18,-0.031));
#3158=CARTESIAN_POINT('',(0.016,3.04202264908202E-18,-0.035));
#3159=CARTESIAN_POINT('',(0.0132,3.04202264908202E-18,-0.035));
#3160=CARTESIAN_POINT('',(0.016,3.04202264908202E-18,-0.041));
#3161=CARTESIAN_POINT('',(0.0188,3.04202264908202E-18,-0.041));
#3162=CARTESIAN_POINT('',(4.0217400883999E-18,-0.016,-0.031));
#3163=CARTESIAN_POINT('',(4.0217400883999E-18,-0.016,-0.035));
#3164=CARTESIAN_POINT('',(-0.0028,-0.016,-0.035));
#3165=CARTESIAN_POINT('',(4.0217400883999E-18,-0.016,-0.041));
#3166=CARTESIAN_POINT('',(0.0028,-0.016,-0.041));
#3167=CARTESIAN_POINT('',(6.08561701290277E-18,5.67381119041885E-18,-0.031));
#3168=CARTESIAN_POINT('',(6.08561701290277E-18,5.67381119041885E-18,-0.0405));
#3169=CARTESIAN_POINT('',(0.036,5.67381119041885E-18,-0.0405));
#3170=CARTESIAN_POINT('',(-0.036,5.67381119041885E-18,-0.011));
#3171=CARTESIAN_POINT('',(-0.036,5.67381119041885E-18,-0.032));
#3172=CARTESIAN_POINT('',(6.08561701290277E-18,5.67381119041885E-18,-0.032));
#3173=CARTESIAN_POINT('',(6.08561701290277E-18,5.67381119041885E-18,-0.032));
#3174=CARTESIAN_POINT('',(0.036,5.67381119041885E-18,-0.032));
#3175=CARTESIAN_POINT('',(0.036,5.67381119041885E-18,-0.011));
#3176=CARTESIAN_POINT('',(0.,0.,-0.041));
#3177=CARTESIAN_POINT('',(6.08561701290277E-18,5.67381119041885E-18,-0.041));
#3178=CARTESIAN_POINT('',(0.0355,5.67381119041885E-18,-0.041));
#3179=CARTESIAN_POINT('',(6.08561701290277E-18,5.67381119041885E-18,-0.0405));
#3180=CARTESIAN_POINT('',(6.93889390390723E-18,6.93889390390723E-18,-0.031));
#3181=CARTESIAN_POINT('',(6.08561701290277E-18,5.67381119041885E-18,-0.031));
#3182=CARTESIAN_POINT('',(-0.034,0.0145945195193264,-0.031));
#3183=CARTESIAN_POINT('',(-0.034,0.061,-0.031));
#3184=CARTESIAN_POINT('',(-0.034,0.059,-0.031));
#3185=CARTESIAN_POINT('',(-0.0147960298729085,0.059,-0.031));
#3186=CARTESIAN_POINT('',(-0.0184098479081171,0.059,-0.031));
#3187=CARTESIAN_POINT('',(-0.0184098479081171,0.059,-0.031));
#3188=CARTESIAN_POINT('',(-0.0168440440834405,0.059,-0.031));
#3189=CARTESIAN_POINT('',(-0.0137684113650991,0.0593409707831348,-0.031));
#3190=CARTESIAN_POINT('',(-0.00924779328548176,0.060411631590475,-0.031));
#3191=CARTESIAN_POINT('',(-0.00476076622523793,0.0617036253855231,-0.031));
#3192=CARTESIAN_POINT('',(-0.000968947020224648,0.0624073405409809,-0.031));
#3193=CARTESIAN_POINT('',(0.00221541780595797,0.062174979097956,-0.031));
#3194=CARTESIAN_POINT('',(0.00530473092589852,0.0615436658228638,-0.031));
#3195=CARTESIAN_POINT('',(0.00910132393595425,0.0604515961804881,-0.031));
#3196=CARTESIAN_POINT('',(0.0136991369686358,0.0593505466385669,-0.031));
#3197=CARTESIAN_POINT('',(0.0168215181070803,0.059,-0.031));
#3198=CARTESIAN_POINT('',(0.018409847908117,0.059,-0.031));
#3199=CARTESIAN_POINT('',(0.018409847908117,0.059,-0.031));
#3200=CARTESIAN_POINT('',(0.036,0.059,-0.031));
#3201=CARTESIAN_POINT('',(0.034,0.059,-0.031));
#3202=CARTESIAN_POINT('',(0.034,0.0085440037453176,-0.031));
#3203=CARTESIAN_POINT('',(0.034,0.0145945195193265,-0.031));
#3204=CARTESIAN_POINT('',(6.08561701290277E-18,5.67381119041885E-18,-0.031));
#3205=CARTESIAN_POINT('',(-0.036,0.018,-0.011));
#3206=CARTESIAN_POINT('',(-0.036,0.00854400374531755,-0.029));
#3207=CARTESIAN_POINT('',(-0.036,0.059,-0.029));
#3208=CARTESIAN_POINT('',(-0.036,0.0145945195193264,-0.029));
#3209=CARTESIAN_POINT('',(-0.036,0.0145945195193264,-0.029));
#3210=CARTESIAN_POINT('',(-0.036,0.0120910088077029,-0.029));
#3211=CARTESIAN_POINT('',(-0.036,0.0071732781109066,-0.029873876356261));
#3212=CARTESIAN_POINT('',(-0.036,0.00238353446519748,-0.0312919859415789));
#3213=CARTESIAN_POINT('',(-0.036,5.67381119041885E-18,-0.032));
#3214=CARTESIAN_POINT('',(-0.036,0.036,0.));
#3215=CARTESIAN_POINT('',(-0.036,0.036,0.029));
#3216=CARTESIAN_POINT('',(-0.036,0.018,0.029));
#3217=CARTESIAN_POINT('',(-0.036,0.059,0.029));
#3218=CARTESIAN_POINT('',(-0.036,0.059,-0.011));
#3219=CARTESIAN_POINT('',(-0.036,0.059,0.00489106327908366));
#3220=CARTESIAN_POINT('',(-0.036,0.059,0.00489106327908366));
#3221=CARTESIAN_POINT('',(-0.036,0.059,0.00326070173854001));
#3222=CARTESIAN_POINT('',(-0.036,0.0590204340646248,-6.93889390390723E-18));
#3223=CARTESIAN_POINT('',(-0.036,0.059,-0.00326070173854001));
#3224=CARTESIAN_POINT('',(-0.036,0.059,-0.00489106327908366));
#3225=CARTESIAN_POINT('',(-0.036,0.059,-0.00489106327908366));
#3226=CARTESIAN_POINT('',(-0.036,0.059,-0.011));
#3227=CARTESIAN_POINT('',(0.036,0.018,-0.011));
#3228=CARTESIAN_POINT('',(0.036,0.0145945195193265,-0.029));
#3229=CARTESIAN_POINT('',(0.036,0.0120910088077029,-0.029));
#3230=CARTESIAN_POINT('',(0.036,0.00717327811086895,-0.0298738763561345));
#3231=CARTESIAN_POINT('',(0.036,0.00238353446527268,-0.031291985941832));
#3232=CARTESIAN_POINT('',(0.036,5.67381119041885E-18,-0.032));
#3233=CARTESIAN_POINT('',(0.036,0.0145945195193265,-0.029));
#3234=CARTESIAN_POINT('',(0.036,0.061,-0.029));
#3235=CARTESIAN_POINT('',(0.036,0.059,-0.029));
#3236=CARTESIAN_POINT('',(0.036,0.059,-0.011));
#3237=CARTESIAN_POINT('',(0.036,0.059,-0.00489106327908357));
#3238=CARTESIAN_POINT('',(0.036,0.059,-0.00489106327908357));
#3239=CARTESIAN_POINT('',(0.036,0.059,-0.00326070173853995));
#3240=CARTESIAN_POINT('',(0.036,0.0590204340646248,-5.42101086242752E-18));
#3241=CARTESIAN_POINT('',(0.036,0.059,0.00326070173853995));
#3242=CARTESIAN_POINT('',(0.036,0.059,0.00489106327908357));
#3243=CARTESIAN_POINT('',(0.036,0.059,0.00489106327908357));
#3244=CARTESIAN_POINT('',(0.036,0.059,-0.011));
#3245=CARTESIAN_POINT('',(0.036,0.059,0.029));
#3246=CARTESIAN_POINT('',(0.036,0.018,0.029));
#3247=CARTESIAN_POINT('',(0.036,0.036,0.029));
#3248=CARTESIAN_POINT('',(0.036,0.036,0.));
#3249=CARTESIAN_POINT('',(0.,-0.0208,0.0148729833462074));
#3250=CARTESIAN_POINT('',(0.0247676209992275,-0.0208,0.0147729833462074));
#3251=CARTESIAN_POINT('',(0.0239548151942942,-0.0208,0.011625));
#3252=CARTESIAN_POINT('',(0.0255804268041608,-0.0208,0.0179209666924149));
#3253=CARTESIAN_POINT('',(0.0250963038858849,-0.0208,0.0180459666924149));
#3254=CARTESIAN_POINT('',(0.0250963038858849,-0.0208,0.0185459666924148));
#3255=CARTESIAN_POINT('',(3.46944695195361E-18,-0.0208,0.0185459666924148));
#3256=CARTESIAN_POINT('',(0.0036,-0.0208,0.0185459666924148));
#3257=CARTESIAN_POINT('',(0.0036,-0.0208,-0.035002));
#3258=CARTESIAN_POINT('',(0.0244389381125702,-0.0208,0.0115));
#3259=CARTESIAN_POINT('',(3.46944695195361E-18,-0.0208,0.0185459666924148));
#3260=CARTESIAN_POINT('',(0.016,3.40941668882622E-18,0.0185459666924148));
#3261=CARTESIAN_POINT('',(0.01,3.40941668882622E-18,0.0185459666924148));
#3262=CARTESIAN_POINT('',(-2.42969924950834E-18,0.016,0.0185459666924148));
#3263=CARTESIAN_POINT('',(-0.006,0.016,0.0185459666924148));
#3264=CARTESIAN_POINT('',(-0.016,-1.44998181019046E-18,0.0185459666924148));
#3265=CARTESIAN_POINT('',(-0.022,-1.44998181019046E-18,0.0185459666924148));
#3266=CARTESIAN_POINT('',(3.46944695195361E-18,0.036,0.0185459666924148));
#3267=CARTESIAN_POINT('',(0.0250963038858849,0.036,0.0185459666924148));
#3268=CARTESIAN_POINT('',(-0.0250963038858849,0.036,0.0185459666924148));
#3269=CARTESIAN_POINT('',(-0.0250963038858849,-0.0208,0.0185459666924148));
#3270=CARTESIAN_POINT('',(4.70264370872579E-19,-0.016,0.0185459666924148));
#3271=CARTESIAN_POINT('',(0.0250963038858849,-0.0208,0.0185459666924148));
#3272=CARTESIAN_POINT('',(-0.0247676209992275,-0.0208,0.0147729833462074));
#3273=CARTESIAN_POINT('',(-0.0247676209992275,0.036,0.0147729833462074));
#3274=CARTESIAN_POINT('',(-0.0239548151942942,0.036,0.011625));
#3275=CARTESIAN_POINT('',(-0.0255804268041608,0.036,0.0179209666924149));
#3276=CARTESIAN_POINT('',(-0.0239548151942942,-0.0208,0.011625));
#3277=CARTESIAN_POINT('',(-0.0255804268041608,0.036,0.0179209666924149));
#3278=CARTESIAN_POINT('',(0.0247676209992275,-0.0208,0.0147729833462074));
#3279=CARTESIAN_POINT('',(0.0247676209992275,0.036,0.0147729833462074));
#3280=CARTESIAN_POINT('',(0.0239548151942942,0.036,0.011625));
#3281=CARTESIAN_POINT('',(0.0255804268041608,0.036,0.0179209666924149));
#3282=CARTESIAN_POINT('',(0.0255804268041608,-0.0208,0.0179209666924149));
#3283=CARTESIAN_POINT('',(0.0239548151942942,0.036,0.011625));
#3284=CARTESIAN_POINT('',(4.70264370872579E-19,-0.016,-0.035002));
#3285=CARTESIAN_POINT('',(4.70264370872579E-19,-0.016,-0.035));
#3286=CARTESIAN_POINT('',(-0.006,-0.016,-0.035));
#3287=CARTESIAN_POINT('',(0.027958754197953,0.027958754197953,-0.035));
#3288=CARTESIAN_POINT('',(-0.016,-1.44998181019046E-18,-0.035002));
#3289=CARTESIAN_POINT('',(-0.016,-1.44998181019046E-18,-0.035));
#3290=CARTESIAN_POINT('',(-0.022,-1.44998181019046E-18,-0.035));
#3291=CARTESIAN_POINT('',(0.027958754197953,0.027958754197953,-0.035));
#3292=CARTESIAN_POINT('',(-2.42969924950834E-18,0.016,-0.035002));
#3293=CARTESIAN_POINT('',(-2.42969924950834E-18,0.016,-0.035));
#3294=CARTESIAN_POINT('',(-0.006,0.016,-0.035));
#3295=CARTESIAN_POINT('',(0.027958754197953,0.027958754197953,-0.035));
#3296=CARTESIAN_POINT('',(0.016,3.40941668882622E-18,-0.035002));
#3297=CARTESIAN_POINT('',(0.016,3.40941668882622E-18,-0.035));
#3298=CARTESIAN_POINT('',(0.01,3.40941668882622E-18,-0.035));
#3299=CARTESIAN_POINT('',(0.027958754197953,0.027958754197953,-0.035));
#3300=CARTESIAN_POINT('',(-0.0244389381125702,6.93889390390723E-18,0.0115));
#3301=CARTESIAN_POINT('',(-0.0244389381125702,0.036,0.0115));
#3302=CARTESIAN_POINT('',(-0.0250963038858849,-0.0208,0.0180459666924149));
#3303=CARTESIAN_POINT('',(-0.0250963038858849,0.036,0.0180459666924149));
#3304=CARTESIAN_POINT('',(0.0250963038858849,-0.0208,0.0180459666924149));
#3305=CARTESIAN_POINT('',(0.0250963038858849,0.036,0.0180459666924149));
#3306=CARTESIAN_POINT('',(0.0244389381125702,-0.0208,0.0115));
#3307=CARTESIAN_POINT('',(0.0244389381125702,0.036,0.0115));
#3308=CARTESIAN_POINT('',(6.08561701290277E-18,5.67381119041885E-18,-0.032));
#3309=CARTESIAN_POINT('',(0.034,0.0145945195193265,-0.031));
#3310=CARTESIAN_POINT('',(0.0346433807659747,0.0122081638292207,-0.031));
#3311=CARTESIAN_POINT('',(0.0356516387099126,0.00737804372238084,-0.0313129619511148));
#3312=CARTESIAN_POINT('',(0.036,0.00245608576486006,-0.0317703220495751));
#3313=CARTESIAN_POINT('',(0.036,5.67381119041885E-18,-0.032));
#3314=CARTESIAN_POINT('',(6.08561701290277E-18,5.67381119041885E-18,-0.032));
#3315=CARTESIAN_POINT('',(-0.034,0.0145945195193264,-0.031));
#3316=CARTESIAN_POINT('',(-0.0346433807659747,0.0122081638292206,-0.031));
#3317=CARTESIAN_POINT('',(-0.0356516387099126,0.00737804372238552,-0.0313129619511651));
#3318=CARTESIAN_POINT('',(-0.036,0.00245608576485063,-0.0317703220494744));
#3319=CARTESIAN_POINT('',(-0.036,5.67381119041885E-18,-0.032));
#3320=CARTESIAN_POINT('',(0.031,0.031,0.004));
#3321=CARTESIAN_POINT('',(0.031,0.031,0.004));
#3322=CARTESIAN_POINT('',(0.0332,0.031,0.004));
#3323=CARTESIAN_POINT('',(6.93889390390723E-18,0.,0.004));
#3324=CARTESIAN_POINT('',(-0.031,0.031,0.004));
#3325=CARTESIAN_POINT('',(-0.031,0.031,0.004));
#3326=CARTESIAN_POINT('',(-0.0288,0.031,0.004));
#3327=CARTESIAN_POINT('',(6.93889390390723E-18,0.,0.004));
#3328=CARTESIAN_POINT('',(0.,0.036,-0.000690703667508584));
#3329=CARTESIAN_POINT('',(0.,0.036,0.031));
#3330=CARTESIAN_POINT('',(0.034,0.036,0.031));
#3331=CARTESIAN_POINT('',(-0.034,0.036,0.031));
#3332=CARTESIAN_POINT('',(-0.034,0.036,0.029));
#3333=CARTESIAN_POINT('',(0.034,0.036,0.029));
#3334=CARTESIAN_POINT('',(0.,0.061,0.031));
#3335=CARTESIAN_POINT('',(0.,0.059,0.031));
#3336=CARTESIAN_POINT('',(-0.018409847908117,0.059,0.031));
#3337=CARTESIAN_POINT('',(-0.034,0.059,0.031));
#3338=CARTESIAN_POINT('',(-0.034,0.061,0.031));
#3339=CARTESIAN_POINT('',(0.034,0.061,0.031));
#3340=CARTESIAN_POINT('',(0.034,0.059,0.031));
#3341=CARTESIAN_POINT('',(0.,0.059,0.031));
#3342=CARTESIAN_POINT('',(0.018409847908117,0.059,0.031));
#3343=CARTESIAN_POINT('',(0.018409847908117,0.059,0.031));
#3344=CARTESIAN_POINT('',(0.0168349542081757,0.059,0.031));
#3345=CARTESIAN_POINT('',(0.0137382410231066,0.0593448344141446,0.031));
#3346=CARTESIAN_POINT('',(0.00917985036399108,0.0604305415059953,0.031));
#3347=CARTESIAN_POINT('',(0.00541072556832249,0.0615135999737885,0.031));
#3348=CARTESIAN_POINT('',(0.002358430518599,0.0621515618733662,0.031));
#3349=CARTESIAN_POINT('',(-1.28979531287957E-5,0.0623505352390628,0.031));
#3350=CARTESIAN_POINT('',(-0.00236827141249352,0.0621493435828653,0.031));
#3351=CARTESIAN_POINT('',(-0.00541755264020582,0.0615119507236198,0.031));
#3352=CARTESIAN_POINT('',(-0.00918281045205456,0.0604297226642079,0.031));
#3353=CARTESIAN_POINT('',(-0.0137354295547481,0.0593455726363556,0.031));
#3354=CARTESIAN_POINT('',(-0.0168327685270656,0.059,0.031));
#3355=CARTESIAN_POINT('',(-0.018409847908117,0.059,0.031));
#3356=CARTESIAN_POINT('',(0.,0.061,-0.000690703667508584));
#3357=CARTESIAN_POINT('',(-6.93889390390723E-18,0.061,-2.80713913783861E-18));
#3358=CARTESIAN_POINT('',(-0.018409847908117,0.061,0.029));
#3359=CARTESIAN_POINT('',(-0.034,0.061,0.00489106327908366));
#3360=CARTESIAN_POINT('',(-0.034,0.061,-0.000690703667508584));
#3361=CARTESIAN_POINT('',(-0.034,0.061,0.029));
#3362=CARTESIAN_POINT('',(0.,0.061,0.029));
#3363=CARTESIAN_POINT('',(-6.07192076884803E-18,0.181,-9.48737620132505E-19));
#3364=CARTESIAN_POINT('',(0.0281908229748618,0.181,0.00300000000000015));
#3365=CARTESIAN_POINT('',(0.046,0.181,0.00300000000000015));
#3366=CARTESIAN_POINT('',(0.0281908229748618,0.181,0.00300000000000015));
#3367=CARTESIAN_POINT('',(-6.93889390390723E-18,0.181,-2.56220977800914E-18));
#3368=CARTESIAN_POINT('',(0.0263273894056799,0.181,0.0105162287480681));
#3369=CARTESIAN_POINT('',(0.0300420122495148,0.181,0.0120000000000001));
#3370=CARTESIAN_POINT('',(0.0300420122495148,0.181,0.00800000000000013));
#3371=CARTESIAN_POINT('',(0.046,0.181,0.00800000000000015));
#3372=CARTESIAN_POINT('',(0.046,0.181,0.00800000000000015));
#3373=CARTESIAN_POINT('',(0.046,0.181,-9.48737620132505E-19));
#3374=CARTESIAN_POINT('',(-6.07192076884803E-18,0.06205985,-9.48737620132505E-19));
#3375=CARTESIAN_POINT('',(0.0281908229748618,0.06205985,0.00300000000000015));
#3376=CARTESIAN_POINT('',(0.0281908229748618,0.06205985,0.00100000000000015));
#3377=CARTESIAN_POINT('',(0.028332269446189,0.06205985,0.00100000000000015));
#3378=CARTESIAN_POINT('',(0.0316220863979743,0.06205985,0.00100000000000015));
#3379=CARTESIAN_POINT('',(-6.93889390390723E-18,0.06205985,-2.80713913783861E-18));
#3380=CARTESIAN_POINT('',(0.0316220863979743,0.06205985,-0.000999999999999848));
#3381=CARTESIAN_POINT('',(0.028332269446189,0.06205985,-0.000999999999999848));
#3382=CARTESIAN_POINT('',(0.0281908229748619,0.06205985,-0.000999999999999848));
#3383=CARTESIAN_POINT('',(0.0281908229748619,0.06205985,-0.00299999999999985));
#3384=CARTESIAN_POINT('',(0.028332269446189,0.06205985,0.00100000000000015));
#3385=CARTESIAN_POINT('',(0.038,0.076529925,0.00100000000000015));
#3386=CARTESIAN_POINT('',(0.0415,0.076529925,0.00100000000000015));
#3387=CARTESIAN_POINT('',(0.038,0.166529925,0.00100000000000015));
#3388=CARTESIAN_POINT('',(0.0415,0.166529925,0.00100000000000015));
#3389=CARTESIAN_POINT('',(0.038,0.136529925,0.00100000000000015));
#3390=CARTESIAN_POINT('',(0.0415,0.136529925,0.00100000000000015));
#3391=CARTESIAN_POINT('',(0.038,0.106529925,0.00100000000000015));
#3392=CARTESIAN_POINT('',(0.0415,0.106529925,0.00100000000000015));
#3393=CARTESIAN_POINT('',(0.046,0.06205985,0.00100000000000015));
#3394=CARTESIAN_POINT('',(0.046,0.179,0.00100000000000015));
#3395=CARTESIAN_POINT('',(0.046,0.06405985,0.00100000000000015));
#3396=CARTESIAN_POINT('',(0.0316220863979743,0.06405985,0.00100000000000015));
#3397=CARTESIAN_POINT('',(0.0304456364995086,0.06405985,0.00100000000000015));
#3398=CARTESIAN_POINT('',(0.0304456364995086,0.06405985,0.00100000000000015));
#3399=CARTESIAN_POINT('',(0.0306316037403531,0.0632912059023574,0.00100000000000015));
#3400=CARTESIAN_POINT('',(0.031040673441266,0.0625958993829546,0.00100000000000015));
#3401=CARTESIAN_POINT('',(0.0316220863979743,0.06205985,0.00100000000000015));
#3402=CARTESIAN_POINT('',(0.0281908229748618,0.181,0.00100000000000015));
#3403=CARTESIAN_POINT('',(0.0281908229748618,0.179,0.00100000000000015));
#3404=CARTESIAN_POINT('',(0.046,0.179,0.00100000000000015));
#3405=CARTESIAN_POINT('',(0.028332269446189,0.06205985,-0.000999999999999848));
#3406=CARTESIAN_POINT('',(0.038,0.076529925,-0.000999999999999848));
#3407=CARTESIAN_POINT('',(0.0415,0.076529925,-0.000999999999999848));
#3408=CARTESIAN_POINT('',(0.038,0.166529925,-0.000999999999999848));
#3409=CARTESIAN_POINT('',(0.0415,0.166529925,-0.000999999999999848));
#3410=CARTESIAN_POINT('',(0.038,0.136529925,-0.000999999999999848));
#3411=CARTESIAN_POINT('',(0.0415,0.136529925,-0.000999999999999848));
#3412=CARTESIAN_POINT('',(0.038,0.106529925,-0.000999999999999848));
#3413=CARTESIAN_POINT('',(0.0415,0.106529925,-0.000999999999999848));
#3414=CARTESIAN_POINT('',(0.0316220863979743,0.06205985,-0.000999999999999848));
#3415=CARTESIAN_POINT('',(0.0310406750581147,0.0625958978922572,-0.000999999999999848));
#3416=CARTESIAN_POINT('',(0.0306316032974577,0.0632912077329433,-0.000999999999999848));
#3417=CARTESIAN_POINT('',(0.0304456364995087,0.06405985,-0.000999999999999848));
#3418=CARTESIAN_POINT('',(0.0304456364995087,0.06405985,-0.000999999999999848));
#3419=CARTESIAN_POINT('',(0.028332269446189,0.06405985,-0.000999999999999848));
#3420=CARTESIAN_POINT('',(0.046,0.06405985,-0.000999999999999846));
#3421=CARTESIAN_POINT('',(0.046,0.06205985,-0.000999999999999846));
#3422=CARTESIAN_POINT('',(0.046,0.179,-0.000999999999999846));
#3423=CARTESIAN_POINT('',(0.028332269446189,0.179,-0.000999999999999848));
#3424=CARTESIAN_POINT('',(0.0281908229748619,0.179,-0.000999999999999848));
#3425=CARTESIAN_POINT('',(0.0281908229748619,0.06205985,-0.000999999999999848));
#3426=CARTESIAN_POINT('',(0.048,0.121529925,-0.00999999999999986));
#3427=CARTESIAN_POINT('',(0.038,0.076529925,-0.00999999999999987));
#3428=CARTESIAN_POINT('',(0.038,0.072329925,-0.00999999999999987));
#3429=CARTESIAN_POINT('',(0.038,0.106529925,-0.00999999999999986));
#3430=CARTESIAN_POINT('',(0.038,0.102329925,-0.00999999999999986));
#3431=CARTESIAN_POINT('',(0.038,0.136529925,-0.00999999999999986));
#3432=CARTESIAN_POINT('',(0.038,0.132329925,-0.00999999999999986));
#3433=CARTESIAN_POINT('',(0.038,0.166529925,-0.00999999999999986));
#3434=CARTESIAN_POINT('',(0.038,0.162329925,-0.00999999999999986));
#3435=CARTESIAN_POINT('',(0.046,0.121529925,-0.00999999999999986));
#3436=CARTESIAN_POINT('',(0.046,0.179,-0.00999999999999985));
#3437=CARTESIAN_POINT('',(0.046,0.06405985,-0.00999999999999986));
#3438=CARTESIAN_POINT('',(0.048,0.06405985,-0.00999999999999986));
#3439=CARTESIAN_POINT('',(0.0300420122495149,0.06405985,-0.00999999999999986));
#3440=CARTESIAN_POINT('',(0.0300420122495149,0.121529925,-0.00999999999999986));
#3441=CARTESIAN_POINT('',(0.0300420122495149,0.179,-0.00999999999999985));
#3442=CARTESIAN_POINT('',(0.048,0.179,-0.00999999999999985));
#3443=CARTESIAN_POINT('',(0.048,0.06205985,-0.00549999999999986));
#3444=CARTESIAN_POINT('',(-6.93889390390723E-18,0.06205985,-2.80713913783861E-18));
#3445=CARTESIAN_POINT('',(0.0314953385147859,0.06205985,-0.00299999999999985));
#3446=CARTESIAN_POINT('',(0.0306097427000123,0.06205985,-0.00799999999999986));
#3447=CARTESIAN_POINT('',(0.048,0.06205985,-0.00799999999999986));
#3448=CARTESIAN_POINT('',(0.046,0.06205985,-0.00799999999999986));
#3449=CARTESIAN_POINT('',(0.046,0.06205985,-0.00549999999999986));
#3450=CARTESIAN_POINT('',(0.046,0.06205985,-0.00299999999999985));
#3451=CARTESIAN_POINT('',(0.048,0.06205985,-0.00299999999999985));
#3452=CARTESIAN_POINT('',(0.048,0.0905,-0.000690703667508584));
#3453=CARTESIAN_POINT('',(0.048,0.0905,-0.00299999999999985));
#3454=CARTESIAN_POINT('',(0.048,0.179,-0.00299999999999985));
#3455=CARTESIAN_POINT('',(0.048,0.06405985,-0.00299999999999985));
#3456=CARTESIAN_POINT('',(0.048,0.06405985,-0.000690703667508584));
#3457=CARTESIAN_POINT('',(0.048,0.06405985,-0.00799999999999986));
#3458=CARTESIAN_POINT('',(0.048,0.0905,-0.00799999999999986));
#3459=CARTESIAN_POINT('',(0.048,0.179,-0.00799999999999985));
#3460=CARTESIAN_POINT('',(0.048,0.179,-0.000690703667508584));
#3461=CARTESIAN_POINT('',(0.048,0.121529925,0.0100000000000001));
#3462=CARTESIAN_POINT('',(0.038,0.076529925,0.0100000000000001));
#3463=CARTESIAN_POINT('',(0.038,0.072329925,0.0100000000000001));
#3464=CARTESIAN_POINT('',(0.038,0.106529925,0.0100000000000001));
#3465=CARTESIAN_POINT('',(0.038,0.102329925,0.0100000000000001));
#3466=CARTESIAN_POINT('',(0.038,0.136529925,0.0100000000000001));
#3467=CARTESIAN_POINT('',(0.038,0.132329925,0.0100000000000001));
#3468=CARTESIAN_POINT('',(0.038,0.166529925,0.0100000000000001));
#3469=CARTESIAN_POINT('',(0.038,0.162329925,0.0100000000000001));
#3470=CARTESIAN_POINT('',(0.0300420122495148,0.06205985,0.0100000000000001));
#3471=CARTESIAN_POINT('',(0.0300420122495148,0.179,0.0100000000000001));
#3472=CARTESIAN_POINT('',(0.0300420122495148,0.06405985,0.0100000000000001));
#3473=CARTESIAN_POINT('',(0.046,0.06405985,0.0100000000000001));
#3474=CARTESIAN_POINT('',(0.046,0.06405985,0.0100000000000001));
#3475=CARTESIAN_POINT('',(0.046,0.181,0.0100000000000001));
#3476=CARTESIAN_POINT('',(0.046,0.179,0.0100000000000001));
#3477=CARTESIAN_POINT('',(0.0300420122495148,0.179,0.0100000000000001));
#3478=CARTESIAN_POINT('',(0.048,0.06205985,0.00550000000000014));
#3479=CARTESIAN_POINT('',(-6.93889390390723E-18,0.06205985,-2.80713913783861E-18));
#3480=CARTESIAN_POINT('',(0.0306097427000122,0.06205985,0.00800000000000013));
#3481=CARTESIAN_POINT('',(0.0314953385147859,0.06205985,0.00300000000000015));
#3482=CARTESIAN_POINT('',(0.046,0.06205985,0.00300000000000015));
#3483=CARTESIAN_POINT('',(0.046,0.06205985,0.00300000000000015));
#3484=CARTESIAN_POINT('',(0.046,0.06205985,0.00550000000000014));
#3485=CARTESIAN_POINT('',(0.046,0.06205985,0.00800000000000013));
#3486=CARTESIAN_POINT('',(0.0300420122495148,0.06205985,0.00800000000000013));
#3487=CARTESIAN_POINT('',(0.048,0.0905,-0.000690703667508584));
#3488=CARTESIAN_POINT('',(0.048,0.06205985,0.00800000000000013));
#3489=CARTESIAN_POINT('',(0.048,0.179,0.00800000000000015));
#3490=CARTESIAN_POINT('',(0.048,0.06405985,0.00800000000000013));
#3491=CARTESIAN_POINT('',(0.048,0.06405985,-0.000690703667508584));
#3492=CARTESIAN_POINT('',(0.048,0.06405985,0.00300000000000015));
#3493=CARTESIAN_POINT('',(0.048,0.181,0.00300000000000015));
#3494=CARTESIAN_POINT('',(0.048,0.179,0.00300000000000015));
#3495=CARTESIAN_POINT('',(0.048,0.179,-0.000690703667508584));
#3496=CARTESIAN_POINT('',(0.0281908229748618,0.181,0.00300000000000015));
#3497=CARTESIAN_POINT('',(0.0281908229748618,0.179,0.00300000000000015));
#3498=CARTESIAN_POINT('',(0.0281908229748619,0.181,-0.00299999999999985));
#3499=CARTESIAN_POINT('',(0.0281908229748619,0.179,-0.00299999999999985));
#3500=CARTESIAN_POINT('',(0.046,0.06205985,-0.00299999999999985));
#3501=CARTESIAN_POINT('',(0.046,0.06405985,-0.00299999999999985));
#3502=CARTESIAN_POINT('',(0.046,0.179,-0.00299999999999985));
#3503=CARTESIAN_POINT('',(0.046,0.0905,0.00300000000000015));
#3504=CARTESIAN_POINT('',(0.046,0.06405985,0.00300000000000015));
#3505=CARTESIAN_POINT('',(0.046,0.179,0.00300000000000015));
#3506=CARTESIAN_POINT('',(0.046,0.0905,0.00800000000000013));
#3507=CARTESIAN_POINT('',(0.046,0.06405985,0.00800000000000013));
#3508=CARTESIAN_POINT('',(0.046,0.179,0.00800000000000014));
#3509=CARTESIAN_POINT('',(0.046,0.121529925,-0.00799999999999986));
#3510=CARTESIAN_POINT('',(0.046,0.06405985,-0.00799999999999986));
#3511=CARTESIAN_POINT('',(0.046,0.179,-0.00799999999999985));
#3512=CARTESIAN_POINT('',(0.0300420122495149,0.06205985,-0.0119999999999999));
#3513=CARTESIAN_POINT('',(0.0300420122495149,0.06405985,-0.0119999999999999));
#3514=CARTESIAN_POINT('',(0.0285200829386738,0.06405985,-0.0107024133274409));
#3515=CARTESIAN_POINT('',(0.0285200829386737,0.0640598499999999,-0.010702413327441));
#3516=CARTESIAN_POINT('',(0.0283763649830603,0.0643713847235984,-0.0108709789992129));
#3517=CARTESIAN_POINT('',(0.0282643762238156,0.0646863896882044,-0.0110586469382697));
#3518=CARTESIAN_POINT('',(0.0281847008275974,0.065,-0.0112581143740339));
#3519=CARTESIAN_POINT('',(0.0300420122495149,0.179,-0.0119999999999999));
#3520=CARTESIAN_POINT('',(0.0300420122495148,0.06205985,0.0120000000000001));
#3521=CARTESIAN_POINT('',(0.0285200829386736,0.0640598499999999,0.0107024133274413));
#3522=CARTESIAN_POINT('',(0.0283763649830602,0.0643713847235984,0.0108709789992132));
#3523=CARTESIAN_POINT('',(0.0282643762238259,0.0646863896882237,0.0110586469382439));
#3524=CARTESIAN_POINT('',(0.0281847008275974,0.065,0.0112581143740341));
#3525=CARTESIAN_POINT('',(0.0285200829386737,0.06405985,0.0107024133274412));
#3526=CARTESIAN_POINT('',(0.0300420122495148,0.06405985,0.0120000000000001));
#3527=CARTESIAN_POINT('',(0.0300420122495148,0.179,0.0120000000000001));
#3528=CARTESIAN_POINT('',(0.038,0.166529925,0.00200000000000014));
#3529=CARTESIAN_POINT('',(0.038,0.166529925,0.00200000000000014));
#3530=CARTESIAN_POINT('',(0.038,0.162329925,0.00200000000000014));
#3531=CARTESIAN_POINT('',(0.0380210061247574,0.121529925,0.00200000000000013));
#3532=CARTESIAN_POINT('',(0.038,0.166529925,0.00200000000000014));
#3533=CARTESIAN_POINT('',(0.038,0.163029925,0.00200000000000014));
#3534=CARTESIAN_POINT('',(0.038,0.136529925,0.00200000000000014));
#3535=CARTESIAN_POINT('',(0.038,0.136529925,0.00200000000000014));
#3536=CARTESIAN_POINT('',(0.038,0.132329925,0.00200000000000014));
#3537=CARTESIAN_POINT('',(0.0380210061247574,0.121529925,0.00200000000000013));
#3538=CARTESIAN_POINT('',(0.038,0.136529925,0.00200000000000014));
#3539=CARTESIAN_POINT('',(0.038,0.133029925,0.00200000000000014));
#3540=CARTESIAN_POINT('',(0.038,0.106529925,0.00200000000000013));
#3541=CARTESIAN_POINT('',(0.038,0.106529925,0.00200000000000013));
#3542=CARTESIAN_POINT('',(0.038,0.102329925,0.00200000000000013));
#3543=CARTESIAN_POINT('',(0.0380210061247574,0.121529925,0.00200000000000013));
#3544=CARTESIAN_POINT('',(0.038,0.106529925,0.00200000000000013));
#3545=CARTESIAN_POINT('',(0.038,0.103029925,0.00200000000000013));
#3546=CARTESIAN_POINT('',(0.038,0.076529925,0.00200000000000013));
#3547=CARTESIAN_POINT('',(0.038,0.076529925,0.00200000000000013));
#3548=CARTESIAN_POINT('',(0.038,0.072329925,0.00200000000000013));
#3549=CARTESIAN_POINT('',(0.0380210061247574,0.121529925,0.00200000000000013));
#3550=CARTESIAN_POINT('',(0.038,0.076529925,0.00200000000000013));
#3551=CARTESIAN_POINT('',(0.038,0.073029925,0.00200000000000013));
#3552=CARTESIAN_POINT('',(0.038,0.166529925,-0.00199999999999986));
#3553=CARTESIAN_POINT('',(0.038,0.166529925,-0.00199999999999986));
#3554=CARTESIAN_POINT('',(0.038,0.162329925,-0.00199999999999986));
#3555=CARTESIAN_POINT('',(0.0380210061247574,0.121529925,-0.00199999999999987));
#3556=CARTESIAN_POINT('',(0.038,0.166529925,-0.00199999999999986));
#3557=CARTESIAN_POINT('',(0.038,0.163029925,-0.00199999999999986));
#3558=CARTESIAN_POINT('',(0.038,0.136529925,-0.00199999999999986));
#3559=CARTESIAN_POINT('',(0.038,0.136529925,-0.00199999999999986));
#3560=CARTESIAN_POINT('',(0.038,0.132329925,-0.00199999999999986));
#3561=CARTESIAN_POINT('',(0.0380210061247574,0.121529925,-0.00199999999999987));
#3562=CARTESIAN_POINT('',(0.038,0.136529925,-0.00199999999999986));
#3563=CARTESIAN_POINT('',(0.038,0.133029925,-0.00199999999999986));
#3564=CARTESIAN_POINT('',(0.038,0.106529925,-0.00199999999999987));
#3565=CARTESIAN_POINT('',(0.038,0.106529925,-0.00199999999999987));
#3566=CARTESIAN_POINT('',(0.038,0.102329925,-0.00199999999999987));
#3567=CARTESIAN_POINT('',(0.0380210061247574,0.121529925,-0.00199999999999987));
#3568=CARTESIAN_POINT('',(0.038,0.106529925,-0.00199999999999987));
#3569=CARTESIAN_POINT('',(0.038,0.103029925,-0.00199999999999987));
#3570=CARTESIAN_POINT('',(0.038,0.076529925,-0.00199999999999987));
#3571=CARTESIAN_POINT('',(0.038,0.076529925,-0.00199999999999987));
#3572=CARTESIAN_POINT('',(0.038,0.072329925,-0.00199999999999987));
#3573=CARTESIAN_POINT('',(0.0380210061247574,0.121529925,-0.00199999999999987));
#3574=CARTESIAN_POINT('',(0.038,0.076529925,-0.00199999999999987));
#3575=CARTESIAN_POINT('',(0.038,0.073029925,-0.00199999999999987));
#3576=CARTESIAN_POINT('',(0.038,0.076529925,-0.023));
#3577=CARTESIAN_POINT('',(0.038,0.106529925,-0.023));
#3578=CARTESIAN_POINT('',(0.038,0.136529925,-0.023));
#3579=CARTESIAN_POINT('',(0.038,0.166529925,-0.023));
#3580=CARTESIAN_POINT('',(0.038,0.106529925,-0.023));
#3581=CARTESIAN_POINT('',(0.038,0.136529925,-0.023));
#3582=CARTESIAN_POINT('',(0.038,0.166529925,-0.023));
#3583=CARTESIAN_POINT('',(0.038,0.076529925,-0.023));
#3584=CARTESIAN_POINT('',(-6.93889390390723E-18,0.065,-2.80713913783861E-18));
#3585=CARTESIAN_POINT('',(0.0306097427000122,0.06205985,0.00800000000000013));
#3586=CARTESIAN_POINT('',(0.0305057883306309,0.06205985,0.00839775206241321));
#3587=CARTESIAN_POINT('',(0.0302802366789766,0.0621713990395056,0.00873471425971973));
#3588=CARTESIAN_POINT('',(0.0300420122495148,0.0623367166952368,0.00901528893129798));
#3589=CARTESIAN_POINT('',(0.0300420122495148,0.0623367166952368,0.00901528893129799));
#3590=CARTESIAN_POINT('',(0.0300420122495148,0.0623367166952368,0.00901528893129799));
#3591=CARTESIAN_POINT('',(0.0297568513213091,0.0625346062914617,0.00935114421683269));
#3592=CARTESIAN_POINT('',(0.0293217117108577,0.0629214869425625,0.00976884215181025));
#3593=CARTESIAN_POINT('',(0.0288280238989395,0.0635329588796474,0.0103186998062975));
#3594=CARTESIAN_POINT('',(0.0286103356448493,0.0638642108973389,0.0105965566306853));
#3595=CARTESIAN_POINT('',(0.0285200829386736,0.0640598499999999,0.0107024133274413));
#3596=CARTESIAN_POINT('',(0.030042012249515,0.0623367166952368,-0.0090152889312977));
#3597=CARTESIAN_POINT('',(0.0297568513213093,0.0625346062914617,-0.00935114421683241));
#3598=CARTESIAN_POINT('',(0.0293217117108578,0.0629214869425625,-0.00976884215180997));
#3599=CARTESIAN_POINT('',(0.0288280238989396,0.0635329588796474,-0.0103186998062973));
#3600=CARTESIAN_POINT('',(0.0286103356448494,0.0638642108973389,-0.010596556630685));
#3601=CARTESIAN_POINT('',(0.0285200829386737,0.0640598499999999,-0.010702413327441));
#3602=CARTESIAN_POINT('',(0.030042012249515,0.0623367166952368,-0.0090152889312977));
#3603=CARTESIAN_POINT('',(0.0306097427000123,0.06205985,-0.00799999999999987));
#3604=CARTESIAN_POINT('',(0.030505788330631,0.06205985,-0.00839775206241294));
#3605=CARTESIAN_POINT('',(0.0302802366789767,0.0621713990395056,-0.00873471425971944));
#3606=CARTESIAN_POINT('',(0.0300420122495149,0.0623367166952368,-0.00901528893129768));
#3607=CARTESIAN_POINT('',(0.0314953385147859,0.06205985,-0.00299999999999985));
#3608=CARTESIAN_POINT('',(0.031522122270694,0.06205985,-0.00271881218032549));
#3609=CARTESIAN_POINT('',(0.0314259366353379,0.0621841560397685,-0.00216507094007017));
#3610=CARTESIAN_POINT('',(0.030945299759229,0.062778874691607,-0.00132604058650262));
#3611=CARTESIAN_POINT('',(0.0305781218874084,0.0635122583329376,-0.000999999999999848));
#3612=CARTESIAN_POINT('',(0.0304456364995087,0.06405985,-0.000999999999999848));
#3613=CARTESIAN_POINT('',(0.0304456364995086,0.06405985,0.00100000000000015));
#3614=CARTESIAN_POINT('',(0.0305778873726549,0.0635132276347363,0.00100000000000015));
#3615=CARTESIAN_POINT('',(0.0309457238303889,0.062778210506486,0.001327392006719));
#3616=CARTESIAN_POINT('',(0.031425130962906,0.0621852034553444,0.00216256108719498));
#3617=CARTESIAN_POINT('',(0.031522086477786,0.06205985,0.00271918795022089));
#3618=CARTESIAN_POINT('',(0.0314953385147837,0.06205985,0.00300000000000009));
#3619=CARTESIAN_POINT('',(0.018409847908117,0.061,-0.029));
#3620=CARTESIAN_POINT('',(0.0168648508665453,0.061,-0.0292576980941161));
#3621=CARTESIAN_POINT('',(0.0138003944974591,0.0612668211276972,-0.0297428224094083));
#3622=CARTESIAN_POINT('',(0.00921343734741533,0.0620263551502489,-0.0303215890949825));
#3623=CARTESIAN_POINT('',(0.00463486855048308,0.062874551986309,-0.030696201613533));
#3624=CARTESIAN_POINT('',(-5.88236231611427E-5,0.063349479322974,-0.0308278895715559));
#3625=CARTESIAN_POINT('',(-0.00468893214283051,0.0628626288504744,-0.0306921557932134));
#3626=CARTESIAN_POINT('',(-0.00925662237172739,0.0620191885644425,-0.0303169624254843));
#3627=CARTESIAN_POINT('',(-0.0138181574950419,0.0612647830463548,-0.0297399165558594));
#3628=CARTESIAN_POINT('',(-0.016870423011633,0.061,-0.0292567686870489));
#3629=CARTESIAN_POINT('',(-0.0184098479081171,0.061,-0.029));
#3630=CARTESIAN_POINT('',(-0.034,0.061,-0.00489106327908366));
#3631=CARTESIAN_POINT('',(-0.0341541425947871,0.061,-0.00163216963472002));
#3632=CARTESIAN_POINT('',(-0.0341541425947871,0.061,0.00163216963472002));
#3633=CARTESIAN_POINT('',(-0.034,0.061,0.00489106327908366));
#3634=CARTESIAN_POINT('',(-0.018409847908117,0.061,0.029));
#3635=CARTESIAN_POINT('',(-0.016870423011633,0.061,0.0292567686870489));
#3636=CARTESIAN_POINT('',(-0.0138181574950419,0.0612647830463553,0.0297399165558591));
#3637=CARTESIAN_POINT('',(-0.00925662237172734,0.0620191885644425,0.0303169624254844));
#3638=CARTESIAN_POINT('',(-0.00468893214283053,0.0628626288504741,0.0306921557932133));
#3639=CARTESIAN_POINT('',(-5.88236231609095E-5,0.0633494793229754,0.030827889571556));
#3640=CARTESIAN_POINT('',(0.0046348685504823,0.0628745519863034,0.0306962016135326));
#3641=CARTESIAN_POINT('',(0.00921343734741555,0.0620263551502503,0.0303215890949826));
#3642=CARTESIAN_POINT('',(0.0138003944974591,0.061266821127697,0.0297428224094084));
#3643=CARTESIAN_POINT('',(0.0168648508665452,0.0610000000000001,0.0292576980941157));
#3644=CARTESIAN_POINT('',(0.0184098479081169,0.061,0.0289999999999996));
#3645=CARTESIAN_POINT('',(0.034,0.061,0.00489106327908357));
#3646=CARTESIAN_POINT('',(0.0341541425947871,0.061,0.00163216963471999));
#3647=CARTESIAN_POINT('',(0.0341541425947871,0.061,-0.00163216963471999));
#3648=CARTESIAN_POINT('',(0.034,0.061,-0.00489106327908357));
#3649=CARTESIAN_POINT('',(0.034,0.018,0.029));
#3650=CARTESIAN_POINT('',(0.034,0.059,0.029));
#3651=CARTESIAN_POINT('',(0.034,0.059,0.029));
#3652=CARTESIAN_POINT('',(0.034,0.059,0.029));
#3653=CARTESIAN_POINT('',(0.034,0.059,0.029));
#3654=CARTESIAN_POINT('',(0.034,0.059,-0.011));
#3655=CARTESIAN_POINT('',(0.034,0.059,0.00489106327908357));
#3656=CARTESIAN_POINT('',(0.,0.059,0.029));
#3657=CARTESIAN_POINT('',(0.018409847908117,0.059,0.029));
#3658=CARTESIAN_POINT('',(0.036,0.0145945195193265,-0.029));
#3659=CARTESIAN_POINT('',(0.036,0.0145945195193265,-0.031));
#3660=CARTESIAN_POINT('',(0.034,0.0145945195193265,-0.031));
#3661=CARTESIAN_POINT('',(0.036,0.0133427641640053,-0.0290000000041496));
#3662=CARTESIAN_POINT('',(0.0359999999999996,0.0135514771911586,-0.0307187873671016));
#3663=CARTESIAN_POINT('',(0.0343024777753843,0.013472602922306,-0.031));
#3664=CARTESIAN_POINT('',(0.036,0.0108671030778308,-0.0292327174277087));
#3665=CARTESIAN_POINT('',(0.035999999999999,0.0112356809122153,-0.0304719287375493));
#3666=CARTESIAN_POINT('',(0.0348592463554674,0.0111688007291716,-0.0310775724765322));
#3667=CARTESIAN_POINT('',(0.036,0.0059725260328688,-0.0302198547493512));
#3668=CARTESIAN_POINT('',(0.0360000000000049,0.00637791659389833,-0.0307802593835913));
#3669=CARTESIAN_POINT('',(0.0357198219204263,0.00632195301646648,-0.0314066182494039));
#3670=CARTESIAN_POINT('',(0.036,0.00238353446526898,-0.0312919859418453));
#3671=CARTESIAN_POINT('',(0.0359999999999791,0.00245363842683126,-0.0315279906267596));
#3672=CARTESIAN_POINT('',(0.036,0.00252374237636526,-0.0317639953139599));
#3673=CARTESIAN_POINT('',(0.036,5.67381119041885E-18,-0.032));
#3674=CARTESIAN_POINT('',(0.036,5.67381119041885E-18,-0.032));
#3675=CARTESIAN_POINT('',(0.036,5.67381119041885E-18,-0.032));
#3676=CARTESIAN_POINT('',(0.034,0.0145945195193265,-0.029));
#3677=CARTESIAN_POINT('',(0.036,0.059,0.00489106327908357));
#3678=CARTESIAN_POINT('',(0.036,0.061,0.00489106327908357));
#3679=CARTESIAN_POINT('',(0.034,0.061,0.00489106327908357));
#3680=CARTESIAN_POINT('',(0.036,0.0590000000011087,0.00326070173854398));
#3681=CARTESIAN_POINT('',(0.0360000000000173,0.0609248456761329,0.00330214522487748));
#3682=CARTESIAN_POINT('',(0.0340765934063221,0.061,0.00327172006743628));
#3683=CARTESIAN_POINT('',(0.036,0.0590204340635162,-5.77229236631283E-16));
#3684=CARTESIAN_POINT('',(0.0359999999999831,0.0608691995607808,-6.83689724185665E-16));
#3685=CARTESIAN_POINT('',(0.0341567399270112,0.0610136227097499,-5.759281940243E-16));
#3686=CARTESIAN_POINT('',(0.036,0.0590000000011087,-0.00326070173854284));
#3687=CARTESIAN_POINT('',(0.0360000000000173,0.0609248456761329,-0.00330214522487608));
#3688=CARTESIAN_POINT('',(0.0340765934063222,0.061,-0.00327172006743514));
#3689=CARTESIAN_POINT('',(0.036,0.059,-0.00489106327908357));
#3690=CARTESIAN_POINT('',(0.036,0.061,-0.00489106327908357));
#3691=CARTESIAN_POINT('',(0.034,0.061,-0.00489106327908357));
#3692=CARTESIAN_POINT('',(0.034,0.059,-0.00489106327908357));
#3693=CARTESIAN_POINT('',(-0.018409847908117,0.059,0.031));
#3694=CARTESIAN_POINT('',(-0.018409847908117,0.061,0.031));
#3695=CARTESIAN_POINT('',(-0.018409847908117,0.061,0.029));
#3696=CARTESIAN_POINT('',(-0.0168412776434817,0.0590000000035101,0.031));
#3697=CARTESIAN_POINT('',(-0.0170706693149805,0.0607766314360087,0.0310000000000021));
#3698=CARTESIAN_POINT('',(-0.0169914637095245,0.061,0.029236579679655));
#3699=CARTESIAN_POINT('',(-0.0137604479750381,0.0593421563882613,0.031));
#3700=CARTESIAN_POINT('',(-0.0142103701757716,0.0606868901907242,0.0309999999999991));
#3701=CARTESIAN_POINT('',(-0.0141231917815741,0.061228104259927,0.0296933667211163));
#3702=CARTESIAN_POINT('',(-0.00923139687136138,0.0604158558131151,0.031));
#3703=CARTESIAN_POINT('',(-0.00960649549338855,0.0613075981223389,0.0310000000000002));
#3704=CARTESIAN_POINT('',(-0.00966251087586725,0.0619439038751189,0.030272836820206));
#3705=CARTESIAN_POINT('',(-0.00473882745710127,0.0617104825688544,0.031));
#3706=CARTESIAN_POINT('',(-0.00495348630038237,0.0622898857739519,0.031));
#3707=CARTESIAN_POINT('',(-0.00502767960165309,0.0628069883793148,0.0306746286262974));
#3708=CARTESIAN_POINT('',(-0.000931741126012379,0.0624107140004349,0.031));
#3709=CARTESIAN_POINT('',(-0.000960689423693016,0.0628648435834625,0.031));
#3710=CARTESIAN_POINT('',(-0.00098945524476499,0.0632738093336173,0.0308075243726936));
#3711=CARTESIAN_POINT('',(0.00225574951615495,0.0621686097543401,0.031));
#3712=CARTESIAN_POINT('',(0.00233696703925653,0.0626692550545566,0.031));
#3713=CARTESIAN_POINT('',(0.00239470606726727,0.0631124065028884,0.0307612211906194));
#3714=CARTESIAN_POINT('',(0.00533267914744533,0.0615355620538,0.031));
#3715=CARTESIAN_POINT('',(0.00553242259455498,0.0621644430101496,0.031));
#3716=CARTESIAN_POINT('',(0.00563851347111853,0.0626903747025691,0.0306193117159587));
#3717=CARTESIAN_POINT('',(0.00912292498014285,0.0604458530788845,0.031));
#3718=CARTESIAN_POINT('',(0.0094985884028854,0.0613275912444292,0.0310000000000003));
#3719=CARTESIAN_POINT('',(0.00955384480173759,0.0619639020522923,0.0302856729080374));
#3720=CARTESIAN_POINT('',(0.0137096730714003,0.0593489961286049,0.031));
#3721=CARTESIAN_POINT('',(0.0141646368737674,0.0606865716333171,0.0309999999999986));
#3722=CARTESIAN_POINT('',(0.014075540397857,0.0612326640868237,0.0297009038625614));
#3723=CARTESIAN_POINT('',(0.0168251661768105,0.0590000000035077,0.031));
#3724=CARTESIAN_POINT('',(0.0170576895993598,0.06077446648165,0.0310000000000033));
#3725=CARTESIAN_POINT('',(0.0169768948691906,0.061,0.0292390096923404));
#3726=CARTESIAN_POINT('',(0.018409847908117,0.059,0.031));
#3727=CARTESIAN_POINT('',(0.018409847908117,0.061,0.031));
#3728=CARTESIAN_POINT('',(0.018409847908117,0.061,0.029));
#3729=CARTESIAN_POINT('',(-0.018409847908117,0.059,0.029));
#3730=CARTESIAN_POINT('',(0.034,6.93889390390723E-18,-0.029));
#3731=CARTESIAN_POINT('',(0.034,0.059,-0.029));
#3732=CARTESIAN_POINT('',(0.034,0.059,-0.011));
#3733=CARTESIAN_POINT('',(0.034,0.059,-0.029));
#3734=CARTESIAN_POINT('',(0.,0.059,0.029));
#3735=CARTESIAN_POINT('',(-0.034,0.059,0.029));
#3736=CARTESIAN_POINT('',(-0.034,0.061,0.029));
#3737=CARTESIAN_POINT('',(-0.034,0.059,0.029));
#3738=CARTESIAN_POINT('',(0.034,0.059,-0.029));
#3739=CARTESIAN_POINT('',(0.034,0.059,-0.029));
#3740=CARTESIAN_POINT('',(-0.034,0.059,0.029));
#3741=CARTESIAN_POINT('',(-0.034,0.059,0.029));
#3742=CARTESIAN_POINT('',(6.93889390390723E-18,0.059,-0.029));
#3743=CARTESIAN_POINT('',(0.018409847908117,0.059,-0.029));
#3744=CARTESIAN_POINT('',(-0.034,0.059,-0.011));
#3745=CARTESIAN_POINT('',(-0.034,0.059,0.00489106327908366));
#3746=CARTESIAN_POINT('',(-0.018409847908117,0.061,-0.029));
#3747=CARTESIAN_POINT('',(-0.018409847908117,0.061,-0.031));
#3748=CARTESIAN_POINT('',(-0.0184098479081171,0.059,-0.031));
#3749=CARTESIAN_POINT('',(-0.0169914637095245,0.061,-0.029236579679655));
#3750=CARTESIAN_POINT('',(-0.0170706693149739,0.0607766314360102,-0.0310000000000023));
#3751=CARTESIAN_POINT('',(-0.0168412776434818,0.0590000000035101,-0.031));
#3752=CARTESIAN_POINT('',(-0.0141231917815742,0.0612281042599269,-0.0296933667211163));
#3753=CARTESIAN_POINT('',(-0.0142103701757735,0.0606868901907235,-0.030999999999999));
#3754=CARTESIAN_POINT('',(-0.0137604479750381,0.0593421563882613,-0.031));
#3755=CARTESIAN_POINT('',(-0.00966251087586728,0.0619439038751189,-0.030272836820206));
#3756=CARTESIAN_POINT('',(-0.00960649549338851,0.061307598122339,-0.0310000000000002));
#3757=CARTESIAN_POINT('',(-0.0092313968713614,0.0604158558131151,-0.031));
#3758=CARTESIAN_POINT('',(-0.0050276796016531,0.0628069883793149,-0.0306746286262974));
#3759=CARTESIAN_POINT('',(-0.00495348630038232,0.0622898857739519,-0.0309999999999999));
#3760=CARTESIAN_POINT('',(-0.00473882745710128,0.0617104825688544,-0.031));
#3761=CARTESIAN_POINT('',(-0.000989455244764987,0.0632738093336172,-0.0308075243726936));
#3762=CARTESIAN_POINT('',(-0.000960689423692981,0.0628648435834625,-0.031));
#3763=CARTESIAN_POINT('',(-0.000931741126012376,0.0624107140004349,-0.031));
#3764=CARTESIAN_POINT('',(0.00239470606726728,0.0631124065028884,-0.0307612211906194));
#3765=CARTESIAN_POINT('',(0.00233696703925646,0.0626692550545566,-0.031));
#3766=CARTESIAN_POINT('',(0.00225574951615496,0.0621686097543401,-0.031));
#3767=CARTESIAN_POINT('',(0.00563851347111857,0.0626903747025691,-0.0306193117159589));
#3768=CARTESIAN_POINT('',(0.00553242259455535,0.0621644430101496,-0.031));
#3769=CARTESIAN_POINT('',(0.00533267914744537,0.0615355620538,-0.031));
#3770=CARTESIAN_POINT('',(0.0095538448017376,0.0619639020522923,-0.0302856729080363));
#3771=CARTESIAN_POINT('',(0.00949858840288348,0.061327591244429,-0.0310000000000003));
#3772=CARTESIAN_POINT('',(0.00912292498014286,0.0604458530788845,-0.031));
#3773=CARTESIAN_POINT('',(0.014075540397857,0.0612326640868238,-0.0297009038625653));
#3774=CARTESIAN_POINT('',(0.014164636873771,0.0606865716333187,-0.0309999999999988));
#3775=CARTESIAN_POINT('',(0.0137096730714003,0.0593489961286049,-0.031));
#3776=CARTESIAN_POINT('',(0.0169768948691905,0.061,-0.0292390096923322));
#3777=CARTESIAN_POINT('',(0.0170576895993573,0.0607744664816463,-0.0310000000000027));
#3778=CARTESIAN_POINT('',(0.0168251661768105,0.0590000000035077,-0.031));
#3779=CARTESIAN_POINT('',(0.018409847908117,0.061,-0.029));
#3780=CARTESIAN_POINT('',(0.018409847908117,0.061,-0.031));
#3781=CARTESIAN_POINT('',(0.018409847908117,0.059,-0.031));
#3782=CARTESIAN_POINT('',(-0.0184098479081171,0.059,-0.029));
#3783=CARTESIAN_POINT('',(-0.036,0.059,-0.00489106327908366));
#3784=CARTESIAN_POINT('',(-0.036,0.061,-0.00489106327908366));
#3785=CARTESIAN_POINT('',(-0.034,0.061,-0.00489106327908366));
#3786=CARTESIAN_POINT('',(-0.036,0.0590000000011087,-0.00326070173854404));
#3787=CARTESIAN_POINT('',(-0.0360000000000173,0.0609248456761329,-0.0033021452248795));
#3788=CARTESIAN_POINT('',(-0.0340765934063221,0.061,-0.00327172006743634));
#3789=CARTESIAN_POINT('',(-0.036,0.0590204340635161,5.62917767954474E-16));
#3790=CARTESIAN_POINT('',(-0.035999999999979,0.0608691995607694,1.41522296254411E-14));
#3791=CARTESIAN_POINT('',(-0.0341567399270225,0.0610136227097498,1.97541635826859E-15));
#3792=CARTESIAN_POINT('',(-0.036,0.0590000000011087,0.0032607017385429));
#3793=CARTESIAN_POINT('',(-0.0360000000000254,0.0609248456761564,0.00330214522486722));
#3794=CARTESIAN_POINT('',(-0.0340765934062995,0.061,0.00327172006743237));
#3795=CARTESIAN_POINT('',(-0.036,0.059,0.00489106327908366));
#3796=CARTESIAN_POINT('',(-0.036,0.061,0.00489106327908366));
#3797=CARTESIAN_POINT('',(-0.034,0.061,0.00489106327908366));
#3798=CARTESIAN_POINT('',(-0.034,0.059,-0.00489106327908366));
#3799=CARTESIAN_POINT('',(6.93889390390723E-18,0.059,-0.029));
#3800=CARTESIAN_POINT('',(-0.034,0.059,-0.029));
#3801=CARTESIAN_POINT('',(-0.034,0.059,-0.011));
#3802=CARTESIAN_POINT('',(-0.034,0.059,-0.029));
#3803=CARTESIAN_POINT('',(-0.034,0.059,-0.029));
#3804=CARTESIAN_POINT('',(-0.034,0.059,-0.029));
#3805=CARTESIAN_POINT('',(-0.034,6.93889390390723E-18,-0.029));
#3806=CARTESIAN_POINT('',(-0.034,0.0145945195193264,-0.029));
#3807=CARTESIAN_POINT('',(-0.034,0.0145945195193264,-0.031));
#3808=CARTESIAN_POINT('',(-0.036,0.0145945195193264,-0.031));
#3809=CARTESIAN_POINT('',(-0.036,0.0145945195193264,-0.029));
#3810=CARTESIAN_POINT('',(-0.0343024777753843,0.0134726029223049,-0.031));
#3811=CARTESIAN_POINT('',(-0.0360000000000018,0.0135514771911619,-0.0307187873671128));
#3812=CARTESIAN_POINT('',(-0.036,0.0133427641640052,-0.0290000000041496));
#3813=CARTESIAN_POINT('',(-0.0348592463554674,0.0111688007291684,-0.0310775724765282));
#3814=CARTESIAN_POINT('',(-0.0359999999999945,0.0112356809122101,-0.0304719287375355));
#3815=CARTESIAN_POINT('',(-0.036,0.0108671030778273,-0.0292327174276965));
#3816=CARTESIAN_POINT('',(-0.0357198219204263,0.00632195301648472,-0.0314066182494235));
#3817=CARTESIAN_POINT('',(-0.0360000000000215,0.006377916593917,-0.0307802593836343));
#3818=CARTESIAN_POINT('',(-0.036,0.00597252603288631,-0.030219854749412));
#3819=CARTESIAN_POINT('',(-0.036,0.00252374237628389,-0.0317639953138737));
#3820=CARTESIAN_POINT('',(-0.0359999999999101,0.00245363842675215,-0.0315279906265871));
#3821=CARTESIAN_POINT('',(-0.036,0.00238353446519213,-0.0312919859415778));
#3822=CARTESIAN_POINT('',(-0.036,5.67381119041885E-18,-0.032));
#3823=CARTESIAN_POINT('',(-0.036,5.67381119041885E-18,-0.032));
#3824=CARTESIAN_POINT('',(-0.036,5.67381119041885E-18,-0.032));
#3825=CARTESIAN_POINT('',(0.048,0.06405985,-0.00299999999999985));
#3826=CARTESIAN_POINT('',(0.046,0.06405985,-0.00299999999999985));
#3827=CARTESIAN_POINT('',(0.046,0.06405985,-0.00299999999999985));
#3828=CARTESIAN_POINT('',(0.046,0.06405985,-0.00299999999999985));
#3829=CARTESIAN_POINT('',(0.046,0.06405985,-0.00549999999999986));
#3830=CARTESIAN_POINT('',(0.046,0.06405985,-0.00799999999999986));
#3831=CARTESIAN_POINT('',(0.046,0.06405985,-0.00799999999999986));
#3832=CARTESIAN_POINT('',(0.046,0.06405985,-0.00799999999999986));
#3833=CARTESIAN_POINT('',(0.048,0.06405985,-0.00799999999999986));
#3834=CARTESIAN_POINT('',(0.0300420122495149,0.06405985,-0.00799999999999986));
#3835=CARTESIAN_POINT('',(0.0300420122495149,0.06405985,-0.0119999999999999));
#3836=CARTESIAN_POINT('',(0.0300420122495148,0.06405985,0.0120000000000001));
#3837=CARTESIAN_POINT('',(0.0300420122495148,0.06405985,0.00800000000000013));
#3838=CARTESIAN_POINT('',(0.048,0.06405985,0.00800000000000013));
#3839=CARTESIAN_POINT('',(0.046,0.06405985,0.00800000000000013));
#3840=CARTESIAN_POINT('',(0.046,0.06405985,0.00800000000000013));
#3841=CARTESIAN_POINT('',(0.046,0.06405985,0.00800000000000013));
#3842=CARTESIAN_POINT('',(0.046,0.06405985,0.00550000000000014));
#3843=CARTESIAN_POINT('',(0.046,0.06405985,0.00300000000000015));
#3844=CARTESIAN_POINT('',(0.046,0.06405985,0.00300000000000015));
#3845=CARTESIAN_POINT('',(0.046,0.06405985,0.00300000000000015));
#3846=CARTESIAN_POINT('',(0.028332269446189,0.06405985,0.00300000000000015));
#3847=CARTESIAN_POINT('',(0.046,0.179,0.00300000000000015));
#3848=CARTESIAN_POINT('',(0.046,0.179,0.00300000000000015));
#3849=CARTESIAN_POINT('',(0.046,0.179,0.00300000000000015));
#3850=CARTESIAN_POINT('',(0.046,0.179,-0.000690703667508584));
#3851=CARTESIAN_POINT('',(0.046,0.179,0.00800000000000015));
#3852=CARTESIAN_POINT('',(0.046,0.179,-0.00299999999999985));
#3853=CARTESIAN_POINT('',(0.046,0.179,-0.00299999999999985));
#3854=CARTESIAN_POINT('',(0.046,0.179,-0.00299999999999985));
#3855=CARTESIAN_POINT('',(-5.74686354043532E-18,0.179,-0.00299999999999985));
#3856=CARTESIAN_POINT('',(0.0281908229748619,0.179,-0.00299999999999985));
#3857=CARTESIAN_POINT('',(0.028332269446189,0.179,0.00300000000000015));
#3858=CARTESIAN_POINT('',(0.0281908229748618,0.179,0.00300000000000015));
#3859=CARTESIAN_POINT('',(0.046,0.179,0.00800000000000014));
#3860=CARTESIAN_POINT('',(0.046,0.179,0.00800000000000014));
#3861=CARTESIAN_POINT('',(0.046,0.179,-9.48737620132505E-19));
#3862=CARTESIAN_POINT('',(0.046,0.179,-0.00799999999999985));
#3863=CARTESIAN_POINT('',(0.0281908229748619,0.179,-0.00299999999999985));
#3864=CARTESIAN_POINT('',(0.0281908229748619,0.179,-0.00299999999999985));
#3865=CARTESIAN_POINT('',(0.0281908229748618,0.179,0.00300000000000015));
#3866=CARTESIAN_POINT('',(0.0281908229748618,0.179,0.00300000000000015));
#3867=CARTESIAN_POINT('',(0.048,0.179,0.00800000000000015));
#3868=CARTESIAN_POINT('',(0.0300420122495148,0.179,0.00800000000000015));
#3869=CARTESIAN_POINT('',(0.046,0.179,-0.00799999999999985));
#3870=CARTESIAN_POINT('',(0.046,0.179,-0.00799999999999985));
#3871=CARTESIAN_POINT('',(-6.93889390390723E-18,0.179,-2.56220977800914E-18));
#3872=CARTESIAN_POINT('',(0.02632738940568,0.179,-0.0105162287480679));
#3873=CARTESIAN_POINT('',(0.0263273894056799,0.179,0.0105162287480681));
#3874=CARTESIAN_POINT('',(0.0300420122495148,0.179,0.0120000000000001));
#3875=CARTESIAN_POINT('',(-6.07192076884803E-18,0.179,-0.00799999999999985));
#3876=CARTESIAN_POINT('',(0.0300420122495149,0.179,-0.00799999999999985));
#3877=CARTESIAN_POINT('',(0.0300420122495149,0.179,-0.0119999999999999));
#3878=MECHANICAL_DESIGN_GEOMETRIC_PRESENTATION_REPRESENTATION('',(#2072),
#3879);
#3879=(
GEOMETRIC_REPRESENTATION_CONTEXT(3)
GLOBAL_UNCERTAINTY_ASSIGNED_CONTEXT((#3880))
GLOBAL_UNIT_ASSIGNED_CONTEXT((#3883,#3882,#3881))
REPRESENTATION_CONTEXT('Clamp V4 Bottom','TOP_LEVEL_ASSEMBLY_PART')
);
#3880=UNCERTAINTY_MEASURE_WITH_UNIT(LENGTH_MEASURE(2.E-5),#3883,
'DISTANCE_ACCURACY_VALUE','Maximum Tolerance applied to model');
#3881=(
NAMED_UNIT(*)
SI_UNIT($,.STERADIAN.)
SOLID_ANGLE_UNIT()
);
#3882=(
NAMED_UNIT(*)
PLANE_ANGLE_UNIT()
SI_UNIT($,.RADIAN.)
);
#3883=(
LENGTH_UNIT()
NAMED_UNIT(*)
SI_UNIT($,.METRE.)
);
#3884=PRODUCT_DEFINITION_SHAPE('','',#3885);
#3885=PRODUCT_DEFINITION('','',#3887,#3886);
#3886=PRODUCT_DEFINITION_CONTEXT('',#3893,'design');
#3887=PRODUCT_DEFINITION_FORMATION_WITH_SPECIFIED_SOURCE('','',#3889,
 .NOT_KNOWN.);
#3888=PRODUCT_RELATED_PRODUCT_CATEGORY('','',(#3889));
#3889=PRODUCT('Clamp V4 Bottom','Clamp V4 Bottom','Clamp V4 Bottom',(#3891));
#3890=PRODUCT_CATEGORY('','');
#3891=PRODUCT_CONTEXT('',#3893,'mechanical');
#3892=APPLICATION_PROTOCOL_DEFINITION('international standard',
'ap242_managed_model_based_3d_engineering',2020,#3893);
#3893=APPLICATION_CONTEXT('managed model based 3d engineering');
ENDSEC;
END-ISO-10303-21;
