ISO-10303-21;
HEADER;
/* Generated by software containing ST-Developer
 * from STEP Tools, Inc. (www.steptools.com) 
 */
/* OPTION: using custom renumber hook */

FILE_DESCRIPTION(
/* description */ ('STEP AP242 Edition 2',
'CAx-IF Rec.Pracs.---Representation and Presentation of Product Manufa
cturing Information (PMI)---4.0---2014-10-13',
'CAx-IF Rec.Pracs.---3D Tessellated Geometry---0.4---2014-09-14','2;1',
'CAx-IF Rec.Pracs.---User Defined Attributes---1.5---2016-08-15'),
/* implementation_level */ '2;1');

FILE_NAME(
/* name */ 'Fuselage Design v6 - Front R',
/* time_stamp */ '2026-08-06T02:39:04Z',
/* author */ (''),
/* organization */ (''),
/* preprocessor_version */ 'ST-DEVELOPER v20',
/* originating_system */ 'ONSHAPE BY PTC INC, 1.218',
/* authorisation */ '  ');

FILE_SCHEMA (('AP242_MANAGED_MODEL_BASED_3D_ENGINEERING_MIM_LF { 1 0 10303 442 3 1 4 }'));
ENDSEC;

DATA;
#10=SHAPE_REPRESENTATION_RELATIONSHIP('','',#5327,#11);
#11=ADVANCED_BREP_SHAPE_REPRESENTATION('',(#5325),#9526);
#12=(
BOUNDED_SURFACE()
B_SPLINE_SURFACE(3,2,((#8714,#8715,#8716),(#8717,#8718,#8719),(#8720,#8721,
#8722),(#8723,#8724,#8725),(#8726,#8727,#8728),(#8729,#8730,#8731),(#8732,
#8733,#8734),(#8735,#8736,#8737),(#8738,#8739,#8740),(#8741,#8742,#8743),
(#8744,#8745,#8746),(#8747,#8748,#8749),(#8750,#8751,#8752),(#8753,#8754,
#8755),(#8756,#8757,#8758),(#8759,#8760,#8761),(#8762,#8763,#8764),(#8765,
#8766,#8767),(#8768,#8769,#8770)),.UNSPECIFIED.,.T.,.F.,.F.)
B_SPLINE_SURFACE_WITH_KNOTS((1,3,1,1,1,1,1,1,1,1,1,1,1,1,1,1,1,3,1),(3,
3),(-0.392699081698725,0.,0.392699081698724,0.785398163397448,1.17809724509617,
1.5707963267949,1.96349540849362,2.35619449019234,2.74889357189107,3.14159265358979,
3.53429173528852,3.92699081698724,4.31968989868597,4.71238898038469,5.10508806208341,
5.49778714378214,5.89048622548086,6.28318530717959,6.67588438887831),(0.,
1.),.UNSPECIFIED.)
GEOMETRIC_REPRESENTATION_ITEM()
RATIONAL_B_SPLINE_SURFACE(((1.,0.848048096156427,1.),(1.,0.848048096156427,
1.),(1.,0.841358928471499,1.),(1.,0.812091802629945,1.),(1.,0.766152132781954,
1.),(1.,0.708016969616044,1.),(1.,0.644420675873149,1.),(1.,0.584748265844267,
1.),(1.,0.540851604012193,1.),(1.,0.524453094343711,1.),(1.,0.540851604012192,
1.),(1.,0.584748265844268,1.),(1.,0.644420675873148,1.),(1.,0.708016969616045,
1.),(1.,0.766152132781951,1.),(1.,0.812091802629947,1.),(1.,0.841358928471499,
1.),(1.,0.848048096156427,1.),(1.,0.848048096156427,1.)))
REPRESENTATION_ITEM('')
SURFACE()
);
#13=(
BOUNDED_SURFACE()
B_SPLINE_SURFACE(3,2,((#8771,#8772,#8773),(#8774,#8775,#8776),(#8777,#8778,
#8779),(#8780,#8781,#8782),(#8783,#8784,#8785),(#8786,#8787,#8788),(#8789,
#8790,#8791)),.UNSPECIFIED.,.F.,.F.,.F.)
B_SPLINE_SURFACE_WITH_KNOTS((4,1,1,1,4),(3,3),(0.,0.392699081698724,0.785398163397448,
1.17809724509617,1.5707963267949),(0.,1.),.UNSPECIFIED.)
GEOMETRIC_REPRESENTATION_ITEM()
RATIONAL_B_SPLINE_SURFACE(((1.,0.848048096156426,1.),(1.,0.848048096156135,
1.),(1.,0.841358955114115,1.),(1.,0.812091709381223,1.),(1.,0.766152479134228,
1.),(1.,0.727394611348512,1.),(1.,0.707106781186545,1.)))
REPRESENTATION_ITEM('')
SURFACE()
);
#14=(
BOUNDED_SURFACE()
B_SPLINE_SURFACE(3,2,((#8798,#8799,#8800),(#8801,#8802,#8803),(#8804,#8805,
#8806),(#8807,#8808,#8809),(#8810,#8811,#8812),(#8813,#8814,#8815),(#8816,
#8817,#8818)),.UNSPECIFIED.,.F.,.F.,.F.)
B_SPLINE_SURFACE_WITH_KNOTS((4,1,1,1,4),(3,3),(1.5707963267949,1.96349540849362,
2.35619449019234,2.74889357189107,3.14159265358979),(0.,1.),
 .UNSPECIFIED.)
GEOMETRIC_REPRESENTATION_ITEM()
RATIONAL_B_SPLINE_SURFACE(((1.,0.707106781186545,1.),(1.,0.727394611349288,
1.),(1.,0.76615247913387,1.),(1.,0.812091709381319,1.),(1.,0.841358955114087,
1.),(1.,0.848048096156135,1.),(1.,0.848048096156426,1.)))
REPRESENTATION_ITEM('')
SURFACE()
);
#15=(
BOUNDED_SURFACE()
B_SPLINE_SURFACE(3,2,((#8824,#8825,#8826),(#8827,#8828,#8829),(#8830,#8831,
#8832),(#8833,#8834,#8835),(#8836,#8837,#8838),(#8839,#8840,#8841),(#8842,
#8843,#8844),(#8845,#8846,#8847),(#8848,#8849,#8850),(#8851,#8852,#8853),
(#8854,#8855,#8856),(#8857,#8858,#8859),(#8860,#8861,#8862),(#8863,#8864,
#8865),(#8866,#8867,#8868),(#8869,#8870,#8871),(#8872,#8873,#8874),(#8875,
#8876,#8877),(#8878,#8879,#8880)),.UNSPECIFIED.,.F.,.F.,.F.)
B_SPLINE_SURFACE_WITH_KNOTS((4,1,1,1,1,1,1,1,1,1,1,1,1,1,1,1,4),(3,3),(3.5369569733616,
3.88023551508885,4.2235140568161,4.56679259854335,4.91007114027059,5.25334968199784,
5.59662822372509,5.93990676545234,6.28318530717959,6.62646384890683,6.96974239063408,
7.31302093236133,7.65629947408858,7.99957801581582,8.34285655754307,8.68613509927032,
9.02941364099757),(0.,1.),.UNSPECIFIED.)
GEOMETRIC_REPRESENTATION_ITEM()
RATIONAL_B_SPLINE_SURFACE(((1.,0.838019563877796,1.),(1.,0.832256189458044,
1.),(1.,0.815841572050092,1.),(1.,0.778202062280672,1.),(1.,0.730290318179673,
1.),(1.,0.676113769266505,1.),(1.,0.621150648697904,1.),(1.,0.572461507249295,
1.),(1.,0.538218787444805,1.),(1.,0.525769502627399,1.),(1.,0.538218787444804,
1.),(1.,0.5724615072493,1.),(1.,0.6211506486979,1.),(1.,0.676113769266516,
1.),(1.,0.73029031817964,1.),(1.,0.778202062280787,1.),(1.,0.815841572049656,
1.),(1.,0.832256189458983,1.),(1.,0.838019563877796,1.)))
REPRESENTATION_ITEM('')
SURFACE()
);
#16=(
BOUNDED_SURFACE()
B_SPLINE_SURFACE(3,2,((#8883,#8884,#8885),(#8886,#8887,#8888),(#8889,#8890,
#8891),(#8892,#8893,#8894),(#8895,#8896,#8897)),.UNSPECIFIED.,.F.,.F.,.F.)
B_SPLINE_SURFACE_WITH_KNOTS((4,1,4),(3,3),(2.27682456221956E-17,0.00218957776152822,
0.00437915552305641),(0.,1.),.UNSPECIFIED.)
GEOMETRIC_REPRESENTATION_ITEM()
RATIONAL_B_SPLINE_SURFACE(((1.,0.707106781186546,1.),(1.,0.766639524698712,
1.),(1.,0.91737820755968,1.),(1.,0.999999999998217,1.),(1.,1.,1.)))
REPRESENTATION_ITEM('')
SURFACE()
);
#17=(
BOUNDED_SURFACE()
B_SPLINE_SURFACE(3,2,((#8901,#8902,#8903),(#8904,#8905,#8906),(#8907,#8908,
#8909),(#8910,#8911,#8912),(#8913,#8914,#8915)),.UNSPECIFIED.,.F.,.F.,.F.)
B_SPLINE_SURFACE_WITH_KNOTS((4,1,4),(3,3),(2.39608680119296E-17,0.00218957776152821,
0.0043791555230564),(0.,1.),.UNSPECIFIED.)
GEOMETRIC_REPRESENTATION_ITEM()
RATIONAL_B_SPLINE_SURFACE(((1.,0.707106781186546,1.),(1.,0.766639524698712,
1.),(1.,0.91737820755968,1.),(1.,0.999999999998217,1.),(1.,1.,1.)))
REPRESENTATION_ITEM('')
SURFACE()
);
#18=(
BOUNDED_SURFACE()
B_SPLINE_SURFACE(3,2,((#9054,#9055,#9056),(#9057,#9058,#9059),(#9060,#9061,
#9062),(#9063,#9064,#9065),(#9066,#9067,#9068),(#9069,#9070,#9071),(#9072,
#9073,#9074),(#9075,#9076,#9077),(#9078,#9079,#9080),(#9081,#9082,#9083),
(#9084,#9085,#9086),(#9087,#9088,#9089),(#9090,#9091,#9092),(#9093,#9094,
#9095),(#9096,#9097,#9098),(#9099,#9100,#9101),(#9102,#9103,#9104),(#9105,
#9106,#9107),(#9108,#9109,#9110),(#9111,#9112,#9113),(#9114,#9115,#9116)),
 .UNSPECIFIED.,.T.,.F.,.F.)
B_SPLINE_SURFACE_WITH_KNOTS((1,3,1,1,1,1,1,1,1,1,1,1,1,1,1,1,1,1,1,3,1),
(3,3),(-0.392699081698725,0.,0.392699081698724,0.785398163397448,1.17809724509617,
1.5707963267949,1.96349540849362,2.35619449019234,2.74889357189107,2.94524311274043,
3.14159265358979,3.33794219443916,3.53429173528852,3.92699081698724,4.31968989868597,
4.71238898038469,5.10508806208341,5.49778714378214,5.89048622548086,6.28318530717959,
6.67588438887831),(0.,1.),.UNSPECIFIED.)
GEOMETRIC_REPRESENTATION_ITEM()
RATIONAL_B_SPLINE_SURFACE(((1.,0.848048096156428,1.),(1.,0.848048096156427,
1.),(1.,0.84135894434511,1.),(1.,0.812091747072308,1.),(1.,0.766152339138906,
1.),(1.,0.708016199745879,1.),(1.,0.644423548996866,1.),(1.,0.584737543219566,
1.),(1.,0.548199275026004,1.),(1.,0.532597684427659,1.),(1.,0.528580054135979,
1.),(1.,0.532597684427659,1.),(1.,0.548199275026003,1.),(1.,0.584737543219568,
1.),(1.,0.644423548996866,1.),(1.,0.708016199745879,1.),(1.,0.766152339138906,
1.),(1.,0.812091747072306,1.),(1.,0.841358944345111,1.),(1.,0.848048096156428,
1.),(1.,0.848048096156428,1.)))
REPRESENTATION_ITEM('')
SURFACE()
);
#19=(
BOUNDED_SURFACE()
B_SPLINE_SURFACE(3,2,((#9443,#9444,#9445),(#9446,#9447,#9448),(#9449,#9450,
#9451),(#9452,#9453,#9454),(#9455,#9456,#9457),(#9458,#9459,#9460),(#9461,
#9462,#9463)),.UNSPECIFIED.,.F.,.F.,.F.)
B_SPLINE_SURFACE_WITH_KNOTS((4,1,1,1,4),(3,3),(1.5707963267949,1.88278181824426,
2.19476730969362,2.50675280114298,2.81873829259234),(0.,1.),
 .UNSPECIFIED.)
GEOMETRIC_REPRESENTATION_ITEM()
RATIONAL_B_SPLINE_SURFACE(((1.,0.707106781186548,1.),(1.,0.69847301166147,
1.),(1.,0.68088027652658,1.),(1.,0.656092073172891,1.),(1.,0.635624251748891,
1.),(1.,0.626530472967425,1.),(1.,0.623423497833473,1.)))
REPRESENTATION_ITEM('')
SURFACE()
);
#20=TOROIDAL_SURFACE('',#5622,0.008,0.004);
#21=TOROIDAL_SURFACE('',#5625,0.02835,0.004);
#22=TOROIDAL_SURFACE('',#5628,0.008,0.004);
#23=TOROIDAL_SURFACE('',#5636,0.03035,0.004);
#24=TOROIDAL_SURFACE('',#5648,0.005,0.001);
#25=TOROIDAL_SURFACE('',#5652,0.005,0.001);
#26=TOROIDAL_SURFACE('',#5683,0.02735,0.001);
#27=TOROIDAL_SURFACE('',#5755,0.018,0.008);
#28=TOROIDAL_SURFACE('',#5756,0.018,0.008);
#29=TOROIDAL_SURFACE('',#5757,0.018,0.008);
#30=TOROIDAL_SURFACE('',#5889,0.033,0.002);
#31=TOROIDAL_SURFACE('',#5907,0.0105,0.002);
#32=TOROIDAL_SURFACE('',#5909,0.0105,0.002);
#33=TOROIDAL_SURFACE('',#5917,0.0105,0.002);
#34=TOROIDAL_SURFACE('',#5919,0.0105,0.002);
#35=TOROIDAL_SURFACE('',#5924,0.0105,0.002);
#36=TOROIDAL_SURFACE('',#5928,0.0105,0.002);
#37=TOROIDAL_SURFACE('',#5931,0.0105,0.002);
#38=TOROIDAL_SURFACE('',#5933,0.0105,0.002);
#39=SPHERICAL_SURFACE('',#5604,0.004);
#40=SPHERICAL_SURFACE('',#5629,0.004);
#41=SPHERICAL_SURFACE('',#5641,0.004);
#42=SPHERICAL_SURFACE('',#5643,0.004);
#43=SPHERICAL_SURFACE('',#5676,0.004);
#44=SPHERICAL_SURFACE('',#5681,0.004);
#45=SPHERICAL_SURFACE('',#5902,0.002);
#46=SPHERICAL_SURFACE('',#5913,0.002);
#47=SPHERICAL_SURFACE('',#5915,0.002);
#48=SPHERICAL_SURFACE('',#5921,0.002);
#49=SPHERICAL_SURFACE('',#5929,0.002);
#50=SPHERICAL_SURFACE('',#5935,0.002);
#51=B_SPLINE_CURVE_WITH_KNOTS('',3,(#8084,#8085,#8086,#8087,#8088,#8089,
#8090,#8091,#8092,#8093,#8094,#8095,#8096,#8097,#8098,#8099,#8100,#8101,
#8102,#8103,#8104,#8105,#8106,#8107,#8108,#8109,#8110,#8111,#8112,#8113,
#8114,#8115,#8116,#8117,#8118,#8119,#8120,#8121,#8122,#8123,#8124,#8125,
#8126,#8127,#8128),.UNSPECIFIED.,.F.,.F.,(4,1,1,1,1,1,1,1,1,1,1,1,1,1,1,
1,1,1,1,1,1,1,1,1,1,1,1,1,1,1,1,1,1,1,1,1,1,1,1,1,1,1,4),(1.55305967073717E-19,
0.00249733632076388,0.00499467264152776,0.00998934528305553,0.0149840179245833,
0.0199786905661111,0.0299680358491666,0.0399573811322221,0.0449520537737499,
0.0499467264152776,0.0549413990568054,0.0599360716983331,0.0649307443398609,
0.0674280806606248,0.0699254169813887,0.0724227533021526,0.0736714214625345,
0.0749200896229164,0.0761687577832984,0.0774174259436803,0.0786660941040623,
0.0792904281842532,0.0799147622644442,0.0811634304248262,0.0824120985852081,
0.08366076674559,0.084909434905972,0.0874067712267358,0.0899041075474997,
0.0924014438682636,0.0948987801890275,0.0998934528305553,0.104888125472083,
0.109882798113611,0.114877470755139,0.119872143396666,0.129861488679722,
0.139850833962777,0.144845506604305,0.149840179245833,0.154834851887361,
0.157332188208125,0.159829524528888),.UNSPECIFIED.);
#52=B_SPLINE_CURVE_WITH_KNOTS('',3,(#8477,#8478,#8479,#8480,#8481),
 .UNSPECIFIED.,.F.,.F.,(4,1,4),(0.,0.00212879970191427,0.00425759940382855),
 .UNSPECIFIED.);
#53=B_SPLINE_CURVE_WITH_KNOTS('',3,(#8485,#8486,#8487,#8488,#8489),
 .UNSPECIFIED.,.F.,.F.,(4,1,4),(0.,0.00212879970191431,0.00425759940382862),
 .UNSPECIFIED.);
#54=B_SPLINE_CURVE_WITH_KNOTS('',3,(#8629,#8630,#8631,#8632),
 .UNSPECIFIED.,.F.,.F.,(4,4),(-1.48908739051352E-5,0.0048429708626644),
 .UNSPECIFIED.);
#55=B_SPLINE_CURVE_WITH_KNOTS('',3,(#8638,#8639,#8640,#8641),
 .UNSPECIFIED.,.F.,.F.,(4,4),(-1.48908739051325E-5,0.00484297086266382),
 .UNSPECIFIED.);
#56=B_SPLINE_CURVE_WITH_KNOTS('',3,(#8662,#8663,#8664,#8665,#8666,#8667),
 .UNSPECIFIED.,.F.,.F.,(4,1,1,4),(0.,0.00100119135565618,0.00200238271131236,
0.00400476542262472),.UNSPECIFIED.);
#57=B_SPLINE_CURVE_WITH_KNOTS('',3,(#8672,#8673,#8674,#8675,#8676,#8677),
 .UNSPECIFIED.,.F.,.F.,(4,1,1,4),(0.,0.00100119135565617,0.00200238271131234,
0.00400476542262468),.UNSPECIFIED.);
#58=B_SPLINE_CURVE_WITH_KNOTS('',3,(#8981,#8982,#8983,#8984,#8985),
 .UNSPECIFIED.,.F.,.F.,(4,1,4),(0.,0.00161704749499288,0.00323409498998577),
 .UNSPECIFIED.);
#59=B_SPLINE_CURVE_WITH_KNOTS('',3,(#8986,#8987,#8988,#8989,#8990),
 .UNSPECIFIED.,.F.,.F.,(4,1,4),(0.,0.00183395254241784,0.00366790508483568),
 .UNSPECIFIED.);
#60=B_SPLINE_CURVE_WITH_KNOTS('',3,(#9117,#9118,#9119,#9120,#9121),
 .UNSPECIFIED.,.F.,.F.,(4,1,4),(0.,0.00265205793300199,0.00530411586600399),
 .UNSPECIFIED.);
#61=B_SPLINE_CURVE_WITH_KNOTS('',3,(#9122,#9123,#9124,#9125,#9126,#9127,
#9128,#9129,#9130,#9131,#9132,#9133,#9134,#9135,#9136),.UNSPECIFIED.,.F.,
 .F.,(4,1,1,1,1,1,1,1,1,1,1,1,4),(-1.7898151065718E-5,0.00214410285836051,
0.00430610386778675,0.00863010588663921,0.0129541079054917,0.0151161089149179,
0.0172781099243441,0.0194401109337704,0.0216021119431966,0.0259261139620491,
0.0302501159809015,0.0324121169903278,0.034574117999754),.UNSPECIFIED.);
#62=B_SPLINE_CURVE_WITH_KNOTS('',3,(#9138,#9139,#9140,#9141,#9142,#9143,
#9144),.UNSPECIFIED.,.F.,.F.,(4,1,1,1,4),(0.00691031455920618,0.0102378791268367,
0.0135654436944673,0.0168930082620978,0.0202205728297284),.UNSPECIFIED.);
#63=B_SPLINE_CURVE_WITH_KNOTS('',3,(#9145,#9146,#9147,#9148,#9149,#9150,
#9151),.UNSPECIFIED.,.F.,.F.,(4,1,1,1,4),(1.9717610533272E-7,0.00333208581033412,
0.00666397444456291,0.0099958630787917,0.0133277517130205),
 .UNSPECIFIED.);
#64=B_SPLINE_CURVE_WITH_KNOTS('',3,(#9309,#9310,#9311,#9312,#9313),
 .UNSPECIFIED.,.F.,.F.,(4,1,4),(0.,0.00340646655783268,0.00681293311566535),
 .UNSPECIFIED.);
#65=B_SPLINE_CURVE_WITH_KNOTS('',3,(#9315,#9316,#9317,#9318,#9319),
 .UNSPECIFIED.,.F.,.F.,(4,1,4),(0.,0.00340646655783269,0.00681293311566539),
 .UNSPECIFIED.);
#66=B_SPLINE_CURVE_WITH_KNOTS('',3,(#9430,#9431,#9432,#9433,#9434,#9435,
#9436),.UNSPECIFIED.,.F.,.F.,(4,1,1,1,4),(0.,0.25,0.5,0.75,1.),
 .UNSPECIFIED.);
#67=B_SPLINE_CURVE_WITH_KNOTS('',3,(#9438,#9439,#9440,#9441,#9442),
 .UNSPECIFIED.,.F.,.F.,(4,1,4),(0.,0.5,1.),.UNSPECIFIED.);
#68=B_SPLINE_CURVE_WITH_KNOTS('',3,(#9490,#9491,#9492,#9493,#9494,#9495,
#9496,#9497),.UNSPECIFIED.,.F.,.F.,(4,1,1,1,1,4),(0.,0.000587669936882524,
0.00117533987376505,0.00235067974753009,0.00352601962129514,0.00470135949506019),
 .UNSPECIFIED.);
#69=B_SPLINE_CURVE_WITH_KNOTS('',3,(#9501,#9502,#9503,#9504,#9505,#9506,
#9507,#9508),.UNSPECIFIED.,.F.,.F.,(4,1,1,1,1,4),(0.,0.000587669936882508,
0.00117533987376502,0.00235067974753003,0.00352601962129504,0.00470135949506006),
 .UNSPECIFIED.);
#70=CYLINDRICAL_SURFACE('',#5453,0.025);
#71=CYLINDRICAL_SURFACE('',#5484,0.035);
#72=CYLINDRICAL_SURFACE('',#5510,0.027);
#73=CYLINDRICAL_SURFACE('',#5518,0.01);
#74=CYLINDRICAL_SURFACE('',#5535,0.03235);
#75=CYLINDRICAL_SURFACE('',#5541,0.02635);
#76=CYLINDRICAL_SURFACE('',#5557,0.0042);
#77=CYLINDRICAL_SURFACE('',#5561,0.0042);
#78=CYLINDRICAL_SURFACE('',#5565,0.0042);
#79=CYLINDRICAL_SURFACE('',#5569,0.0042);
#80=CYLINDRICAL_SURFACE('',#5573,0.0042);
#81=CYLINDRICAL_SURFACE('',#5577,0.0042);
#82=CYLINDRICAL_SURFACE('',#5581,0.0042);
#83=CYLINDRICAL_SURFACE('',#5585,0.0042);
#84=CYLINDRICAL_SURFACE('',#5589,0.003);
#85=CYLINDRICAL_SURFACE('',#5590,0.003);
#86=CYLINDRICAL_SURFACE('',#5591,0.003);
#87=CYLINDRICAL_SURFACE('',#5592,0.003);
#88=CYLINDRICAL_SURFACE('',#5593,0.003);
#89=CYLINDRICAL_SURFACE('',#5594,0.003);
#90=CYLINDRICAL_SURFACE('',#5595,0.003);
#91=CYLINDRICAL_SURFACE('',#5596,0.003);
#92=CYLINDRICAL_SURFACE('',#5601,0.004);
#93=CYLINDRICAL_SURFACE('',#5607,0.004);
#94=CYLINDRICAL_SURFACE('',#5609,0.004);
#95=CYLINDRICAL_SURFACE('',#5612,0.004);
#96=CYLINDRICAL_SURFACE('',#5615,0.004);
#97=CYLINDRICAL_SURFACE('',#5617,0.004);
#98=CYLINDRICAL_SURFACE('',#5619,0.004);
#99=CYLINDRICAL_SURFACE('',#5631,0.004);
#100=CYLINDRICAL_SURFACE('',#5634,0.004);
#101=CYLINDRICAL_SURFACE('',#5638,0.004);
#102=CYLINDRICAL_SURFACE('',#5645,0.004);
#103=CYLINDRICAL_SURFACE('',#5647,0.004);
#104=CYLINDRICAL_SURFACE('',#5650,0.001);
#105=CYLINDRICAL_SURFACE('',#5671,0.004);
#106=CYLINDRICAL_SURFACE('',#5673,0.004);
#107=CYLINDRICAL_SURFACE('',#5678,0.004);
#108=CYLINDRICAL_SURFACE('',#5685,0.0021);
#109=CYLINDRICAL_SURFACE('',#5689,0.008);
#110=CYLINDRICAL_SURFACE('',#5691,0.008);
#111=CYLINDRICAL_SURFACE('',#5693,0.008);
#112=CYLINDRICAL_SURFACE('',#5695,0.008);
#113=CYLINDRICAL_SURFACE('',#5697,0.008);
#114=CYLINDRICAL_SURFACE('',#5699,0.008);
#115=CYLINDRICAL_SURFACE('',#5701,0.008);
#116=CYLINDRICAL_SURFACE('',#5722,0.020005);
#117=CYLINDRICAL_SURFACE('',#5727,0.005);
#118=CYLINDRICAL_SURFACE('',#5729,0.01);
#119=CYLINDRICAL_SURFACE('',#5737,0.005);
#120=CYLINDRICAL_SURFACE('',#5739,0.01);
#121=CYLINDRICAL_SURFACE('',#5744,0.005);
#122=CYLINDRICAL_SURFACE('',#5746,0.01);
#123=CYLINDRICAL_SURFACE('',#5752,0.0027);
#124=CYLINDRICAL_SURFACE('',#5753,0.0027);
#125=CYLINDRICAL_SURFACE('',#5754,0.0027);
#126=CYLINDRICAL_SURFACE('',#5797,0.0021);
#127=CYLINDRICAL_SURFACE('',#5799,0.0021);
#128=CYLINDRICAL_SURFACE('',#5801,0.0021);
#129=CYLINDRICAL_SURFACE('',#5803,0.0045);
#130=CYLINDRICAL_SURFACE('',#5806,0.0045);
#131=CYLINDRICAL_SURFACE('',#5809,0.0045);
#132=CYLINDRICAL_SURFACE('',#5821,0.004);
#133=CYLINDRICAL_SURFACE('',#5822,0.004);
#134=CYLINDRICAL_SURFACE('',#5823,0.004);
#135=CYLINDRICAL_SURFACE('',#5824,0.0085);
#136=CYLINDRICAL_SURFACE('',#5826,0.0085);
#137=CYLINDRICAL_SURFACE('',#5828,0.0085);
#138=CYLINDRICAL_SURFACE('',#5830,0.0085);
#139=CYLINDRICAL_SURFACE('',#5834,0.0085);
#140=CYLINDRICAL_SURFACE('',#5836,0.0085);
#141=CYLINDRICAL_SURFACE('',#5838,0.0085);
#142=CYLINDRICAL_SURFACE('',#5840,0.0085);
#143=CYLINDRICAL_SURFACE('',#5842,0.002);
#144=CYLINDRICAL_SURFACE('',#5843,0.002);
#145=CYLINDRICAL_SURFACE('',#5844,0.002);
#146=CYLINDRICAL_SURFACE('',#5845,0.002);
#147=CYLINDRICAL_SURFACE('',#5846,0.002);
#148=CYLINDRICAL_SURFACE('',#5847,0.002);
#149=CYLINDRICAL_SURFACE('',#5848,0.002);
#150=CYLINDRICAL_SURFACE('',#5849,0.002);
#151=CYLINDRICAL_SURFACE('',#5850,0.002);
#152=CYLINDRICAL_SURFACE('',#5851,0.002);
#153=CYLINDRICAL_SURFACE('',#5852,0.002);
#154=CYLINDRICAL_SURFACE('',#5853,0.002);
#155=CYLINDRICAL_SURFACE('',#5854,0.002);
#156=CYLINDRICAL_SURFACE('',#5855,0.002);
#157=CYLINDRICAL_SURFACE('',#5856,0.002);
#158=CYLINDRICAL_SURFACE('',#5857,0.002);
#159=CYLINDRICAL_SURFACE('',#5858,0.002);
#160=CYLINDRICAL_SURFACE('',#5859,0.002);
#161=CYLINDRICAL_SURFACE('',#5860,0.002);
#162=CYLINDRICAL_SURFACE('',#5861,0.002);
#163=CYLINDRICAL_SURFACE('',#5862,0.002);
#164=CYLINDRICAL_SURFACE('',#5863,0.002);
#165=CYLINDRICAL_SURFACE('',#5864,0.002);
#166=CYLINDRICAL_SURFACE('',#5865,0.002);
#167=CYLINDRICAL_SURFACE('',#5866,0.002);
#168=CYLINDRICAL_SURFACE('',#5867,0.002);
#169=CYLINDRICAL_SURFACE('',#5868,0.002);
#170=CYLINDRICAL_SURFACE('',#5869,0.002);
#171=CYLINDRICAL_SURFACE('',#5870,0.002);
#172=CYLINDRICAL_SURFACE('',#5871,0.002);
#173=CYLINDRICAL_SURFACE('',#5872,0.002);
#174=CYLINDRICAL_SURFACE('',#5873,0.002);
#175=CYLINDRICAL_SURFACE('',#5874,0.002);
#176=CYLINDRICAL_SURFACE('',#5875,0.002);
#177=CYLINDRICAL_SURFACE('',#5876,0.002);
#178=CYLINDRICAL_SURFACE('',#5877,0.002);
#179=CYLINDRICAL_SURFACE('',#5878,0.002);
#180=CYLINDRICAL_SURFACE('',#5879,0.002);
#181=CYLINDRICAL_SURFACE('',#5880,0.002);
#182=CYLINDRICAL_SURFACE('',#5881,0.002);
#183=CYLINDRICAL_SURFACE('',#5882,0.002);
#184=CYLINDRICAL_SURFACE('',#5883,0.002);
#185=CYLINDRICAL_SURFACE('',#5884,0.002);
#186=CYLINDRICAL_SURFACE('',#5885,0.002);
#187=CYLINDRICAL_SURFACE('',#5886,0.002);
#188=CYLINDRICAL_SURFACE('',#5887,0.002);
#189=CYLINDRICAL_SURFACE('',#5888,0.002);
#190=CYLINDRICAL_SURFACE('',#5891,0.002);
#191=CYLINDRICAL_SURFACE('',#5893,0.002);
#192=CYLINDRICAL_SURFACE('',#5894,0.002);
#193=CYLINDRICAL_SURFACE('',#5896,0.002);
#194=CYLINDRICAL_SURFACE('',#5898,0.002);
#195=CYLINDRICAL_SURFACE('',#5899,0.002);
#196=CYLINDRICAL_SURFACE('',#5900,0.002);
#197=CYLINDRICAL_SURFACE('',#5905,0.002);
#198=CYLINDRICAL_SURFACE('',#5911,0.002);
#199=CYLINDRICAL_SURFACE('',#5923,0.002);
#200=CYLINDRICAL_SURFACE('',#5926,0.002);
#201=CYLINDRICAL_SURFACE('',#5937,0.002);
#202=CYLINDRICAL_SURFACE('',#5938,0.011557);
#203=CYLINDRICAL_SURFACE('',#5942,0.006557);
#204=LINE('',#7637,#612);
#205=LINE('',#7642,#613);
#206=LINE('',#7646,#614);
#207=LINE('',#7650,#615);
#208=LINE('',#7654,#616);
#209=LINE('',#7658,#617);
#210=LINE('',#7662,#618);
#211=LINE('',#7666,#619);
#212=LINE('',#7670,#620);
#213=LINE('',#7674,#621);
#214=LINE('',#7678,#622);
#215=LINE('',#7682,#623);
#216=LINE('',#7684,#624);
#217=LINE('',#7688,#625);
#218=LINE('',#7692,#626);
#219=LINE('',#7696,#627);
#220=LINE('',#7700,#628);
#221=LINE('',#7704,#629);
#222=LINE('',#7708,#630);
#223=LINE('',#7712,#631);
#224=LINE('',#7714,#632);
#225=LINE('',#7716,#633);
#226=LINE('',#7720,#634);
#227=LINE('',#7724,#635);
#228=LINE('',#7728,#636);
#229=LINE('',#7732,#637);
#230=LINE('',#7734,#638);
#231=LINE('',#7736,#639);
#232=LINE('',#7740,#640);
#233=LINE('',#7744,#641);
#234=LINE('',#7746,#642);
#235=LINE('',#7748,#643);
#236=LINE('',#7750,#644);
#237=LINE('',#7752,#645);
#238=LINE('',#7754,#646);
#239=LINE('',#7756,#647);
#240=LINE('',#7758,#648);
#241=LINE('',#7760,#649);
#242=LINE('',#7762,#650);
#243=LINE('',#7764,#651);
#244=LINE('',#7772,#652);
#245=LINE('',#7777,#653);
#246=LINE('',#7779,#654);
#247=LINE('',#7781,#655);
#248=LINE('',#7783,#656);
#249=LINE('',#7785,#657);
#250=LINE('',#7787,#658);
#251=LINE('',#7789,#659);
#252=LINE('',#7793,#660);
#253=LINE('',#7797,#661);
#254=LINE('',#7801,#662);
#255=LINE('',#7805,#663);
#256=LINE('',#7809,#664);
#257=LINE('',#7813,#665);
#258=LINE('',#7821,#666);
#259=LINE('',#7822,#667);
#260=LINE('',#7824,#668);
#261=LINE('',#7825,#669);
#262=LINE('',#7827,#670);
#263=LINE('',#7828,#671);
#264=LINE('',#7830,#672);
#265=LINE('',#7831,#673);
#266=LINE('',#7833,#674);
#267=LINE('',#7834,#675);
#268=LINE('',#7836,#676);
#269=LINE('',#7837,#677);
#270=LINE('',#7839,#678);
#271=LINE('',#7840,#679);
#272=LINE('',#7842,#680);
#273=LINE('',#7845,#681);
#274=LINE('',#7848,#682);
#275=LINE('',#7850,#683);
#276=LINE('',#7852,#684);
#277=LINE('',#7854,#685);
#278=LINE('',#7856,#686);
#279=LINE('',#7869,#687);
#280=LINE('',#7881,#688);
#281=LINE('',#7883,#689);
#282=LINE('',#7885,#690);
#283=LINE('',#7887,#691);
#284=LINE('',#7891,#692);
#285=LINE('',#7894,#693);
#286=LINE('',#7896,#694);
#287=LINE('',#7898,#695);
#288=LINE('',#7900,#696);
#289=LINE('',#7902,#697);
#290=LINE('',#7904,#698);
#291=LINE('',#7906,#699);
#292=LINE('',#7908,#700);
#293=LINE('',#7912,#701);
#294=LINE('',#7914,#702);
#295=LINE('',#7918,#703);
#296=LINE('',#7922,#704);
#297=LINE('',#7926,#705);
#298=LINE('',#7930,#706);
#299=LINE('',#7934,#707);
#300=LINE('',#7938,#708);
#301=LINE('',#7940,#709);
#302=LINE('',#7944,#710);
#303=LINE('',#7946,#711);
#304=LINE('',#7948,#712);
#305=LINE('',#7952,#713);
#306=LINE('',#7956,#714);
#307=LINE('',#7960,#715);
#308=LINE('',#7964,#716);
#309=LINE('',#7966,#717);
#310=LINE('',#7968,#718);
#311=LINE('',#7972,#719);
#312=LINE('',#7974,#720);
#313=LINE('',#7978,#721);
#314=LINE('',#7982,#722);
#315=LINE('',#7984,#723);
#316=LINE('',#7988,#724);
#317=LINE('',#7992,#725);
#318=LINE('',#7996,#726);
#319=LINE('',#8000,#727);
#320=LINE('',#8002,#728);
#321=LINE('',#8006,#729);
#322=LINE('',#8010,#730);
#323=LINE('',#8012,#731);
#324=LINE('',#8016,#732);
#325=LINE('',#8020,#733);
#326=LINE('',#8022,#734);
#327=LINE('',#8026,#735);
#328=LINE('',#8030,#736);
#329=LINE('',#8032,#737);
#330=LINE('',#8034,#738);
#331=LINE('',#8044,#739);
#332=LINE('',#8048,#740);
#333=LINE('',#8052,#741);
#334=LINE('',#8054,#742);
#335=LINE('',#8055,#743);
#336=LINE('',#8057,#744);
#337=LINE('',#8059,#745);
#338=LINE('',#8060,#746);
#339=LINE('',#8062,#747);
#340=LINE('',#8063,#748);
#341=LINE('',#8065,#749);
#342=LINE('',#8067,#750);
#343=LINE('',#8068,#751);
#344=LINE('',#8070,#752);
#345=LINE('',#8071,#753);
#346=LINE('',#8073,#754);
#347=LINE('',#8074,#755);
#348=LINE('',#8076,#756);
#349=LINE('',#8077,#757);
#350=LINE('',#8130,#758);
#351=LINE('',#8135,#759);
#352=LINE('',#8139,#760);
#353=LINE('',#8141,#761);
#354=LINE('',#8143,#762);
#355=LINE('',#8145,#763);
#356=LINE('',#8149,#764);
#357=LINE('',#8155,#765);
#358=LINE('',#8159,#766);
#359=LINE('',#8162,#767);
#360=LINE('',#8166,#768);
#361=LINE('',#8168,#769);
#362=LINE('',#8170,#770);
#363=LINE('',#8172,#771);
#364=LINE('',#8174,#772);
#365=LINE('',#8179,#773);
#366=LINE('',#8181,#774);
#367=LINE('',#8183,#775);
#368=LINE('',#8186,#776);
#369=LINE('',#8188,#777);
#370=LINE('',#8190,#778);
#371=LINE('',#8192,#779);
#372=LINE('',#8194,#780);
#373=LINE('',#8196,#781);
#374=LINE('',#8201,#782);
#375=LINE('',#8203,#783);
#376=LINE('',#8205,#784);
#377=LINE('',#8207,#785);
#378=LINE('',#8209,#786);
#379=LINE('',#8213,#787);
#380=LINE('',#8215,#788);
#381=LINE('',#8219,#789);
#382=LINE('',#8223,#790);
#383=LINE('',#8229,#791);
#384=LINE('',#8234,#792);
#385=LINE('',#8238,#793);
#386=LINE('',#8242,#794);
#387=LINE('',#8244,#795);
#388=LINE('',#8246,#796);
#389=LINE('',#8248,#797);
#390=LINE('',#8250,#798);
#391=LINE('',#8254,#799);
#392=LINE('',#8256,#800);
#393=LINE('',#8258,#801);
#394=LINE('',#8260,#802);
#395=LINE('',#8261,#803);
#396=LINE('',#8263,#804);
#397=LINE('',#8267,#805);
#398=LINE('',#8272,#806);
#399=LINE('',#8276,#807);
#400=LINE('',#8279,#808);
#401=LINE('',#8281,#809);
#402=LINE('',#8283,#810);
#403=LINE('',#8289,#811);
#404=LINE('',#8292,#812);
#405=LINE('',#8294,#813);
#406=LINE('',#8298,#814);
#407=LINE('',#8302,#815);
#408=LINE('',#8306,#816);
#409=LINE('',#8310,#817);
#410=LINE('',#8314,#818);
#411=LINE('',#8317,#819);
#412=LINE('',#8318,#820);
#413=LINE('',#8320,#821);
#414=LINE('',#8325,#822);
#415=LINE('',#8329,#823);
#416=LINE('',#8330,#824);
#417=LINE('',#8332,#825);
#418=LINE('',#8334,#826);
#419=LINE('',#8338,#827);
#420=LINE('',#8342,#828);
#421=LINE('',#8346,#829);
#422=LINE('',#8350,#830);
#423=LINE('',#8353,#831);
#424=LINE('',#8355,#832);
#425=LINE('',#8357,#833);
#426=LINE('',#8358,#834);
#427=LINE('',#8360,#835);
#428=LINE('',#8362,#836);
#429=LINE('',#8364,#837);
#430=LINE('',#8366,#838);
#431=LINE('',#8368,#839);
#432=LINE('',#8371,#840);
#433=LINE('',#8372,#841);
#434=LINE('',#8377,#842);
#435=LINE('',#8380,#843);
#436=LINE('',#8384,#844);
#437=LINE('',#8388,#845);
#438=LINE('',#8392,#846);
#439=LINE('',#8393,#847);
#440=LINE('',#8396,#848);
#441=LINE('',#8398,#849);
#442=LINE('',#8399,#850);
#443=LINE('',#8401,#851);
#444=LINE('',#8402,#852);
#445=LINE('',#8404,#853);
#446=LINE('',#8405,#854);
#447=LINE('',#8407,#855);
#448=LINE('',#8412,#856);
#449=LINE('',#8414,#857);
#450=LINE('',#8416,#858);
#451=LINE('',#8428,#859);
#452=LINE('',#8431,#860);
#453=LINE('',#8433,#861);
#454=LINE('',#8435,#862);
#455=LINE('',#8445,#863);
#456=LINE('',#8448,#864);
#457=LINE('',#8450,#865);
#458=LINE('',#8452,#866);
#459=LINE('',#8454,#867);
#460=LINE('',#8459,#868);
#461=LINE('',#8463,#869);
#462=LINE('',#8466,#870);
#463=LINE('',#8472,#871);
#464=LINE('',#8474,#872);
#465=LINE('',#8491,#873);
#466=LINE('',#8497,#874);
#467=LINE('',#8500,#875);
#468=LINE('',#8502,#876);
#469=LINE('',#8504,#877);
#470=LINE('',#8514,#878);
#471=LINE('',#8517,#879);
#472=LINE('',#8519,#880);
#473=LINE('',#8521,#881);
#474=LINE('',#8523,#882);
#475=LINE('',#8533,#883);
#476=LINE('',#8536,#884);
#477=LINE('',#8538,#885);
#478=LINE('',#8540,#886);
#479=LINE('',#8681,#887);
#480=LINE('',#8683,#888);
#481=LINE('',#8685,#889);
#482=LINE('',#8687,#890);
#483=LINE('',#8689,#891);
#484=LINE('',#8690,#892);
#485=LINE('',#8693,#893);
#486=LINE('',#8695,#894);
#487=LINE('',#8697,#895);
#488=LINE('',#8698,#896);
#489=LINE('',#8700,#897);
#490=LINE('',#8702,#898);
#491=LINE('',#8704,#899);
#492=LINE('',#8705,#900);
#493=LINE('',#8707,#901);
#494=LINE('',#8918,#902);
#495=LINE('',#8921,#903);
#496=LINE('',#8922,#904);
#497=LINE('',#8923,#905);
#498=LINE('',#8925,#906);
#499=LINE('',#8927,#907);
#500=LINE('',#8929,#908);
#501=LINE('',#8931,#909);
#502=LINE('',#8932,#910);
#503=LINE('',#8948,#911);
#504=LINE('',#8950,#912);
#505=LINE('',#8951,#913);
#506=LINE('',#8953,#914);
#507=LINE('',#8955,#915);
#508=LINE('',#8957,#916);
#509=LINE('',#8959,#917);
#510=LINE('',#8960,#918);
#511=LINE('',#8962,#919);
#512=LINE('',#8964,#920);
#513=LINE('',#8965,#921);
#514=LINE('',#8967,#922);
#515=LINE('',#8968,#923);
#516=LINE('',#8971,#924);
#517=LINE('',#8972,#925);
#518=LINE('',#8975,#926);
#519=LINE('',#8976,#927);
#520=LINE('',#8978,#928);
#521=LINE('',#8979,#929);
#522=LINE('',#8991,#930);
#523=LINE('',#8992,#931);
#524=LINE('',#8994,#932);
#525=LINE('',#8996,#933);
#526=LINE('',#8997,#934);
#527=LINE('',#8999,#935);
#528=LINE('',#9000,#936);
#529=LINE('',#9002,#937);
#530=LINE('',#9003,#938);
#531=LINE('',#9154,#939);
#532=LINE('',#9155,#940);
#533=LINE('',#9157,#941);
#534=LINE('',#9158,#942);
#535=LINE('',#9160,#943);
#536=LINE('',#9162,#944);
#537=LINE('',#9163,#945);
#538=LINE('',#9165,#946);
#539=LINE('',#9166,#947);
#540=LINE('',#9168,#948);
#541=LINE('',#9170,#949);
#542=LINE('',#9171,#950);
#543=LINE('',#9173,#951);
#544=LINE('',#9174,#952);
#545=LINE('',#9176,#953);
#546=LINE('',#9177,#954);
#547=LINE('',#9179,#955);
#548=LINE('',#9180,#956);
#549=LINE('',#9182,#957);
#550=LINE('',#9184,#958);
#551=LINE('',#9186,#959);
#552=LINE('',#9188,#960);
#553=LINE('',#9190,#961);
#554=LINE('',#9192,#962);
#555=LINE('',#9194,#963);
#556=LINE('',#9196,#964);
#557=LINE('',#9198,#965);
#558=LINE('',#9200,#966);
#559=LINE('',#9202,#967);
#560=LINE('',#9204,#968);
#561=LINE('',#9206,#969);
#562=LINE('',#9208,#970);
#563=LINE('',#9210,#971);
#564=LINE('',#9212,#972);
#565=LINE('',#9214,#973);
#566=LINE('',#9216,#974);
#567=LINE('',#9218,#975);
#568=LINE('',#9220,#976);
#569=LINE('',#9222,#977);
#570=LINE('',#9233,#978);
#571=LINE('',#9235,#979);
#572=LINE('',#9237,#980);
#573=LINE('',#9240,#981);
#574=LINE('',#9241,#982);
#575=LINE('',#9243,#983);
#576=LINE('',#9245,#984);
#577=LINE('',#9252,#985);
#578=LINE('',#9254,#986);
#579=LINE('',#9256,#987);
#580=LINE('',#9259,#988);
#581=LINE('',#9260,#989);
#582=LINE('',#9262,#990);
#583=LINE('',#9264,#991);
#584=LINE('',#9292,#992);
#585=LINE('',#9293,#993);
#586=LINE('',#9295,#994);
#587=LINE('',#9296,#995);
#588=LINE('',#9297,#996);
#589=LINE('',#9299,#997);
#590=LINE('',#9300,#998);
#591=LINE('',#9302,#999);
#592=LINE('',#9303,#1000);
#593=LINE('',#9304,#1001);
#594=LINE('',#9306,#1002);
#595=LINE('',#9307,#1003);
#596=LINE('',#9314,#1004);
#597=LINE('',#9321,#1005);
#598=LINE('',#9331,#1006);
#599=LINE('',#9332,#1007);
#600=LINE('',#9334,#1008);
#601=LINE('',#9338,#1009);
#602=LINE('',#9343,#1010);
#603=LINE('',#9344,#1011);
#604=LINE('',#9349,#1012);
#605=LINE('',#9351,#1013);
#606=LINE('',#9354,#1014);
#607=LINE('',#9358,#1015);
#608=LINE('',#9362,#1016);
#609=LINE('',#9367,#1017);
#610=LINE('',#9368,#1018);
#611=LINE('',#9370,#1019);
#612=VECTOR('',#6001,1.);
#613=VECTOR('',#6004,1.);
#614=VECTOR('',#6007,1.);
#615=VECTOR('',#6010,1.);
#616=VECTOR('',#6013,1.);
#617=VECTOR('',#6016,1.);
#618=VECTOR('',#6019,1.);
#619=VECTOR('',#6022,1.);
#620=VECTOR('',#6025,1.);
#621=VECTOR('',#6028,1.);
#622=VECTOR('',#6031,1.);
#623=VECTOR('',#6034,1.);
#624=VECTOR('',#6035,1.);
#625=VECTOR('',#6038,1.);
#626=VECTOR('',#6041,1.);
#627=VECTOR('',#6044,1.);
#628=VECTOR('',#6047,1.);
#629=VECTOR('',#6050,1.);
#630=VECTOR('',#6053,1.);
#631=VECTOR('',#6056,1.);
#632=VECTOR('',#6057,1.);
#633=VECTOR('',#6058,1.);
#634=VECTOR('',#6061,1.);
#635=VECTOR('',#6064,1.);
#636=VECTOR('',#6067,1.);
#637=VECTOR('',#6070,1.);
#638=VECTOR('',#6071,1.);
#639=VECTOR('',#6072,1.);
#640=VECTOR('',#6075,1.);
#641=VECTOR('',#6078,1.);
#642=VECTOR('',#6079,1.);
#643=VECTOR('',#6080,1.);
#644=VECTOR('',#6081,1.);
#645=VECTOR('',#6082,1.);
#646=VECTOR('',#6083,1.);
#647=VECTOR('',#6084,1.);
#648=VECTOR('',#6085,1.);
#649=VECTOR('',#6086,1.);
#650=VECTOR('',#6087,1.);
#651=VECTOR('',#6088,1.);
#652=VECTOR('',#6097,1.);
#653=VECTOR('',#6100,1.);
#654=VECTOR('',#6101,1.);
#655=VECTOR('',#6102,1.);
#656=VECTOR('',#6103,1.);
#657=VECTOR('',#6104,1.);
#658=VECTOR('',#6105,1.);
#659=VECTOR('',#6106,1.);
#660=VECTOR('',#6109,1.);
#661=VECTOR('',#6112,1.);
#662=VECTOR('',#6115,1.);
#663=VECTOR('',#6118,1.);
#664=VECTOR('',#6121,1.);
#665=VECTOR('',#6124,1.);
#666=VECTOR('',#6133,1.);
#667=VECTOR('',#6134,1.);
#668=VECTOR('',#6137,1.);
#669=VECTOR('',#6138,1.);
#670=VECTOR('',#6141,1.);
#671=VECTOR('',#6142,1.);
#672=VECTOR('',#6145,1.);
#673=VECTOR('',#6146,1.);
#674=VECTOR('',#6149,1.);
#675=VECTOR('',#6150,1.);
#676=VECTOR('',#6153,1.);
#677=VECTOR('',#6154,1.);
#678=VECTOR('',#6157,1.);
#679=VECTOR('',#6158,1.);
#680=VECTOR('',#6161,1.);
#681=VECTOR('',#6162,1.);
#682=VECTOR('',#6165,1.);
#683=VECTOR('',#6166,1.);
#684=VECTOR('',#6167,1.);
#685=VECTOR('',#6168,1.);
#686=VECTOR('',#6171,1.);
#687=VECTOR('',#6182,1.);
#688=VECTOR('',#6193,1.);
#689=VECTOR('',#6194,1.);
#690=VECTOR('',#6195,1.);
#691=VECTOR('',#6196,1.);
#692=VECTOR('',#6199,1.);
#693=VECTOR('',#6202,1.);
#694=VECTOR('',#6203,1.);
#695=VECTOR('',#6204,1.);
#696=VECTOR('',#6205,1.);
#697=VECTOR('',#6206,1.);
#698=VECTOR('',#6207,1.);
#699=VECTOR('',#6208,1.);
#700=VECTOR('',#6209,1.);
#701=VECTOR('',#6212,1.);
#702=VECTOR('',#6213,1.);
#703=VECTOR('',#6216,1.);
#704=VECTOR('',#6219,1.);
#705=VECTOR('',#6222,1.);
#706=VECTOR('',#6225,1.);
#707=VECTOR('',#6228,1.);
#708=VECTOR('',#6231,1.);
#709=VECTOR('',#6232,1.);
#710=VECTOR('',#6235,1.);
#711=VECTOR('',#6236,1.);
#712=VECTOR('',#6237,1.);
#713=VECTOR('',#6240,1.);
#714=VECTOR('',#6243,1.);
#715=VECTOR('',#6246,1.);
#716=VECTOR('',#6249,1.);
#717=VECTOR('',#6250,1.);
#718=VECTOR('',#6251,1.);
#719=VECTOR('',#6254,1.);
#720=VECTOR('',#6255,1.);
#721=VECTOR('',#6258,1.);
#722=VECTOR('',#6261,1.);
#723=VECTOR('',#6262,1.);
#724=VECTOR('',#6265,1.);
#725=VECTOR('',#6268,1.);
#726=VECTOR('',#6271,1.);
#727=VECTOR('',#6274,1.);
#728=VECTOR('',#6275,1.);
#729=VECTOR('',#6278,1.);
#730=VECTOR('',#6281,1.);
#731=VECTOR('',#6282,1.);
#732=VECTOR('',#6285,1.);
#733=VECTOR('',#6288,1.);
#734=VECTOR('',#6289,1.);
#735=VECTOR('',#6292,1.);
#736=VECTOR('',#6295,1.);
#737=VECTOR('',#6296,1.);
#738=VECTOR('',#6297,1.);
#739=VECTOR('',#6306,1.);
#740=VECTOR('',#6309,1.);
#741=VECTOR('',#6312,1.);
#742=VECTOR('',#6315,1.);
#743=VECTOR('',#6316,1.);
#744=VECTOR('',#6317,1.);
#745=VECTOR('',#6318,1.);
#746=VECTOR('',#6319,1.);
#747=VECTOR('',#6322,1.);
#748=VECTOR('',#6323,1.);
#749=VECTOR('',#6324,1.);
#750=VECTOR('',#6325,1.);
#751=VECTOR('',#6326,1.);
#752=VECTOR('',#6329,1.);
#753=VECTOR('',#6330,1.);
#754=VECTOR('',#6333,1.);
#755=VECTOR('',#6334,1.);
#756=VECTOR('',#6337,1.);
#757=VECTOR('',#6338,1.);
#758=VECTOR('',#6347,1.);
#759=VECTOR('',#6350,1.);
#760=VECTOR('',#6353,1.);
#761=VECTOR('',#6354,1.);
#762=VECTOR('',#6355,1.);
#763=VECTOR('',#6356,1.);
#764=VECTOR('',#6359,1.);
#765=VECTOR('',#6364,1.);
#766=VECTOR('',#6369,1.);
#767=VECTOR('',#6370,1.);
#768=VECTOR('',#6373,1.);
#769=VECTOR('',#6374,1.);
#770=VECTOR('',#6375,1.);
#771=VECTOR('',#6376,1.);
#772=VECTOR('',#6379,1.);
#773=VECTOR('',#6382,1.);
#774=VECTOR('',#6383,1.);
#775=VECTOR('',#6386,1.);
#776=VECTOR('',#6387,1.);
#777=VECTOR('',#6388,1.);
#778=VECTOR('',#6389,1.);
#779=VECTOR('',#6390,1.);
#780=VECTOR('',#6391,1.);
#781=VECTOR('',#6394,1.);
#782=VECTOR('',#6397,1.);
#783=VECTOR('',#6398,1.);
#784=VECTOR('',#6399,1.);
#785=VECTOR('',#6400,1.);
#786=VECTOR('',#6401,1.);
#787=VECTOR('',#6404,1.);
#788=VECTOR('',#6405,1.);
#789=VECTOR('',#6408,1.);
#790=VECTOR('',#6411,1.);
#791=VECTOR('',#6418,1.);
#792=VECTOR('',#6421,1.);
#793=VECTOR('',#6424,1.);
#794=VECTOR('',#6427,1.);
#795=VECTOR('',#6428,1.);
#796=VECTOR('',#6429,1.);
#797=VECTOR('',#6430,1.);
#798=VECTOR('',#6431,1.);
#799=VECTOR('',#6436,1.);
#800=VECTOR('',#6437,1.);
#801=VECTOR('',#6438,1.);
#802=VECTOR('',#6441,1.);
#803=VECTOR('',#6442,1.);
#804=VECTOR('',#6445,1.);
#805=VECTOR('',#6450,1.);
#806=VECTOR('',#6453,1.);
#807=VECTOR('',#6458,1.);
#808=VECTOR('',#6459,1.);
#809=VECTOR('',#6460,1.);
#810=VECTOR('',#6461,1.);
#811=VECTOR('',#6468,1.);
#812=VECTOR('',#6469,1.);
#813=VECTOR('',#6470,1.);
#814=VECTOR('',#6473,1.);
#815=VECTOR('',#6476,1.);
#816=VECTOR('',#6479,1.);
#817=VECTOR('',#6482,1.);
#818=VECTOR('',#6487,1.);
#819=VECTOR('',#6488,1.);
#820=VECTOR('',#6489,1.);
#821=VECTOR('',#6492,1.);
#822=VECTOR('',#6495,1.);
#823=VECTOR('',#6498,1.);
#824=VECTOR('',#6499,1.);
#825=VECTOR('',#6500,1.);
#826=VECTOR('',#6501,1.);
#827=VECTOR('',#6504,1.);
#828=VECTOR('',#6509,1.);
#829=VECTOR('',#6512,1.);
#830=VECTOR('',#6517,1.);
#831=VECTOR('',#6520,1.);
#832=VECTOR('',#6523,1.);
#833=VECTOR('',#6524,1.);
#834=VECTOR('',#6525,1.);
#835=VECTOR('',#6526,1.);
#836=VECTOR('',#6529,1.);
#837=VECTOR('',#6530,1.);
#838=VECTOR('',#6531,1.);
#839=VECTOR('',#6534,1.);
#840=VECTOR('',#6535,1.);
#841=VECTOR('',#6536,1.);
#842=VECTOR('',#6541,1.);
#843=VECTOR('',#6544,1.);
#844=VECTOR('',#6549,1.);
#845=VECTOR('',#6552,1.);
#846=VECTOR('',#6555,1.);
#847=VECTOR('',#6556,1.);
#848=VECTOR('',#6559,1.);
#849=VECTOR('',#6562,1.);
#850=VECTOR('',#6563,1.);
#851=VECTOR('',#6566,1.);
#852=VECTOR('',#6567,1.);
#853=VECTOR('',#6570,1.);
#854=VECTOR('',#6571,1.);
#855=VECTOR('',#6574,1.);
#856=VECTOR('',#6579,1.);
#857=VECTOR('',#6580,1.);
#858=VECTOR('',#6581,1.);
#859=VECTOR('',#6594,1.);
#860=VECTOR('',#6595,1.);
#861=VECTOR('',#6596,1.);
#862=VECTOR('',#6597,1.);
#863=VECTOR('',#6608,1.);
#864=VECTOR('',#6609,1.);
#865=VECTOR('',#6610,1.);
#866=VECTOR('',#6611,1.);
#867=VECTOR('',#6614,1.);
#868=VECTOR('',#6617,1.);
#869=VECTOR('',#6622,1.);
#870=VECTOR('',#6623,1.);
#871=VECTOR('',#6628,1.);
#872=VECTOR('',#6631,1.);
#873=VECTOR('',#6634,1.);
#874=VECTOR('',#6641,1.);
#875=VECTOR('',#6642,1.);
#876=VECTOR('',#6643,1.);
#877=VECTOR('',#6644,1.);
#878=VECTOR('',#6655,1.);
#879=VECTOR('',#6656,1.);
#880=VECTOR('',#6657,1.);
#881=VECTOR('',#6658,1.);
#882=VECTOR('',#6661,1.);
#883=VECTOR('',#6672,1.);
#884=VECTOR('',#6673,1.);
#885=VECTOR('',#6674,1.);
#886=VECTOR('',#6675,1.);
#887=VECTOR('',#6872,1.);
#888=VECTOR('',#6875,1.);
#889=VECTOR('',#6876,1.);
#890=VECTOR('',#6877,1.);
#891=VECTOR('',#6880,1.);
#892=VECTOR('',#6881,1.);
#893=VECTOR('',#6886,1.);
#894=VECTOR('',#6889,1.);
#895=VECTOR('',#6892,1.);
#896=VECTOR('',#6893,1.);
#897=VECTOR('',#6896,1.);
#898=VECTOR('',#6899,1.);
#899=VECTOR('',#6902,1.);
#900=VECTOR('',#6903,1.);
#901=VECTOR('',#6906,1.);
#902=VECTOR('',#6951,1.);
#903=VECTOR('',#6952,1.);
#904=VECTOR('',#6953,1.);
#905=VECTOR('',#6954,1.);
#906=VECTOR('',#6957,1.);
#907=VECTOR('',#6958,1.);
#908=VECTOR('',#6959,1.);
#909=VECTOR('',#6962,1.);
#910=VECTOR('',#6963,1.);
#911=VECTOR('',#6994,1.);
#912=VECTOR('',#6997,1.);
#913=VECTOR('',#6998,1.);
#914=VECTOR('',#7001,1.);
#915=VECTOR('',#7004,1.);
#916=VECTOR('',#7007,1.);
#917=VECTOR('',#7010,1.);
#918=VECTOR('',#7011,1.);
#919=VECTOR('',#7014,1.);
#920=VECTOR('',#7017,1.);
#921=VECTOR('',#7018,1.);
#922=VECTOR('',#7021,1.);
#923=VECTOR('',#7022,1.);
#924=VECTOR('',#7027,1.);
#925=VECTOR('',#7028,1.);
#926=VECTOR('',#7033,1.);
#927=VECTOR('',#7034,1.);
#928=VECTOR('',#7037,1.);
#929=VECTOR('',#7038,1.);
#930=VECTOR('',#7041,1.);
#931=VECTOR('',#7042,1.);
#932=VECTOR('',#7045,1.);
#933=VECTOR('',#7048,1.);
#934=VECTOR('',#7049,1.);
#935=VECTOR('',#7052,1.);
#936=VECTOR('',#7053,1.);
#937=VECTOR('',#7056,1.);
#938=VECTOR('',#7057,1.);
#939=VECTOR('',#7132,1.);
#940=VECTOR('',#7133,1.);
#941=VECTOR('',#7136,1.);
#942=VECTOR('',#7137,1.);
#943=VECTOR('',#7140,1.);
#944=VECTOR('',#7143,1.);
#945=VECTOR('',#7144,1.);
#946=VECTOR('',#7147,1.);
#947=VECTOR('',#7148,1.);
#948=VECTOR('',#7149,1.);
#949=VECTOR('',#7150,1.);
#950=VECTOR('',#7151,1.);
#951=VECTOR('',#7154,1.);
#952=VECTOR('',#7155,1.);
#953=VECTOR('',#7158,1.);
#954=VECTOR('',#7159,1.);
#955=VECTOR('',#7162,1.);
#956=VECTOR('',#7163,1.);
#957=VECTOR('',#7166,1.);
#958=VECTOR('',#7169,1.);
#959=VECTOR('',#7172,1.);
#960=VECTOR('',#7173,1.);
#961=VECTOR('',#7176,1.);
#962=VECTOR('',#7177,1.);
#963=VECTOR('',#7180,1.);
#964=VECTOR('',#7181,1.);
#965=VECTOR('',#7182,1.);
#966=VECTOR('',#7185,1.);
#967=VECTOR('',#7186,1.);
#968=VECTOR('',#7187,1.);
#969=VECTOR('',#7190,1.);
#970=VECTOR('',#7191,1.);
#971=VECTOR('',#7192,1.);
#972=VECTOR('',#7195,1.);
#973=VECTOR('',#7196,1.);
#974=VECTOR('',#7197,1.);
#975=VECTOR('',#7200,1.);
#976=VECTOR('',#7201,1.);
#977=VECTOR('',#7202,1.);
#978=VECTOR('',#7221,1.);
#979=VECTOR('',#7222,1.);
#980=VECTOR('',#7225,1.);
#981=VECTOR('',#7226,1.);
#982=VECTOR('',#7227,1.);
#983=VECTOR('',#7230,1.);
#984=VECTOR('',#7231,1.);
#985=VECTOR('',#7242,1.);
#986=VECTOR('',#7243,1.);
#987=VECTOR('',#7246,1.);
#988=VECTOR('',#7247,1.);
#989=VECTOR('',#7248,1.);
#990=VECTOR('',#7251,1.);
#991=VECTOR('',#7252,1.);
#992=VECTOR('',#7293,1.);
#993=VECTOR('',#7294,1.);
#994=VECTOR('',#7297,1.);
#995=VECTOR('',#7298,1.);
#996=VECTOR('',#7299,1.);
#997=VECTOR('',#7302,1.);
#998=VECTOR('',#7303,1.);
#999=VECTOR('',#7306,1.);
#1000=VECTOR('',#7307,1.);
#1001=VECTOR('',#7308,1.);
#1002=VECTOR('',#7311,1.);
#1003=VECTOR('',#7312,1.);
#1004=VECTOR('',#7315,1.);
#1005=VECTOR('',#7318,1.);
#1006=VECTOR('',#7333,1.);
#1007=VECTOR('',#7334,1.);
#1008=VECTOR('',#7337,1.);
#1009=VECTOR('',#7340,1.);
#1010=VECTOR('',#7345,1.);
#1011=VECTOR('',#7346,1.);
#1012=VECTOR('',#7351,1.);
#1013=VECTOR('',#7354,1.);
#1014=VECTOR('',#7359,1.);
#1015=VECTOR('',#7362,1.);
#1016=VECTOR('',#7367,1.);
#1017=VECTOR('',#7372,1.);
#1018=VECTOR('',#7373,1.);
#1019=VECTOR('',#7376,1.);
#1020=ELLIPSE('',#5344,0.0367158640356813,0.033);
#1021=ELLIPSE('',#5352,0.0367158640356813,0.033);
#1022=ELLIPSE('',#5403,0.00802879790320874,0.008);
#1023=ELLIPSE('',#5445,0.00890081552380151,0.008);
#1024=ELLIPSE('',#5446,0.0404430805362732,0.03635);
#1025=ELLIPSE('',#5447,0.00890081552380151,0.008);
#1026=ELLIPSE('',#5454,0.0297330568876904,0.025);
#1027=ELLIPSE('',#5455,0.0278150485118798,0.025);
#1028=ELLIPSE('',#5457,0.00205753011630437,0.002);
#1029=ELLIPSE('',#5458,0.00205753011630437,0.002);
#1030=ELLIPSE('',#5459,0.027776656570109,0.027);
#1031=ELLIPSE('',#5460,0.00205753011630437,0.002);
#1032=ELLIPSE('',#5461,0.0102876505815218,0.01);
#1033=ELLIPSE('',#5462,0.00205753011630437,0.002);
#1034=ELLIPSE('',#5464,0.00215958886055616,0.002);
#1035=ELLIPSE('',#5466,0.00215958886055616,0.002);
#1036=ELLIPSE('',#5469,0.0380643071516309,0.037);
#1037=ELLIPSE('',#5470,0.00205753011630437,0.002);
#1038=ELLIPSE('',#5471,0.00205753011630437,0.002);
#1039=ELLIPSE('',#5472,0.00205753011630437,0.002);
#1040=ELLIPSE('',#5473,0.0102876505815218,0.01);
#1041=ELLIPSE('',#5474,0.00205753011630437,0.002);
#1042=ELLIPSE('',#5476,0.00228429346561487,0.002);
#1043=ELLIPSE('',#5477,0.00228429346561487,0.002);
#1044=ELLIPSE('',#5478,0.00228429346561487,0.002);
#1045=ELLIPSE('',#5479,0.00228429346561487,0.002);
#1046=ELLIPSE('',#5483,0.00202616357836118,0.002);
#1047=ELLIPSE('',#5486,0.0361232816744783,0.035);
#1048=ELLIPSE('',#5488,0.00215958886055616,0.002);
#1049=ELLIPSE('',#5498,0.00228429346561487,0.002);
#1050=ELLIPSE('',#5499,0.00228429346561487,0.002);
#1051=ELLIPSE('',#5500,0.00228429346561487,0.002);
#1052=ELLIPSE('',#5501,0.00228429346561487,0.002);
#1053=ELLIPSE('',#5503,0.015736844721624,0.008);
#1054=ELLIPSE('',#5506,0.0091371738624595,0.008);
#1055=ELLIPSE('',#5512,0.0283691001757252,0.027);
#1056=ELLIPSE('',#5536,0.0368896023733446,0.03235);
#1057=ELLIPSE('',#5544,0.0285157929892342,0.02635);
#1058=ELLIPSE('',#5602,0.00558789020908125,0.004);
#1059=ELLIPSE('',#5608,0.00565685424949238,0.004);
#1060=ELLIPSE('',#5632,0.00558789020908125,0.004);
#1061=ELLIPSE('',#5646,0.00565685424949238,0.004);
#1062=ELLIPSE('',#5667,0.0222576018192061,0.020005);
#1063=ELLIPSE('',#5668,0.0248666533696205,0.02235);
#1064=ELLIPSE('',#5690,0.00800580301993152,0.008);
#1065=ELLIPSE('',#5692,0.00800580301993152,0.008);
#1066=ELLIPSE('',#5694,0.00800561462443108,0.008);
#1067=ELLIPSE('',#5696,0.00800561462443108,0.008);
#1068=ELLIPSE('',#5698,0.00800344607818635,0.008);
#1069=ELLIPSE('',#5700,0.00800344607818635,0.008);
#1070=ELLIPSE('',#5723,0.0222576018192061,0.020005);
#1071=ELLIPSE('',#5892,0.00282842712474619,0.002);
#1072=ELLIPSE('',#5895,0.00282842712474619,0.002);
#1073=ELLIPSE('',#5897,0.00200140365610777,0.002);
#1074=ORIENTED_EDGE('',*,*,#2558,.T.);
#1075=ORIENTED_EDGE('',*,*,#2559,.T.);
#1076=ORIENTED_EDGE('',*,*,#2560,.F.);
#1077=ORIENTED_EDGE('',*,*,#2561,.F.);
#1078=ORIENTED_EDGE('',*,*,#2562,.F.);
#1079=ORIENTED_EDGE('',*,*,#2563,.T.);
#1080=ORIENTED_EDGE('',*,*,#2564,.T.);
#1081=ORIENTED_EDGE('',*,*,#2565,.T.);
#1082=ORIENTED_EDGE('',*,*,#2566,.T.);
#1083=ORIENTED_EDGE('',*,*,#2567,.T.);
#1084=ORIENTED_EDGE('',*,*,#2568,.T.);
#1085=ORIENTED_EDGE('',*,*,#2569,.T.);
#1086=ORIENTED_EDGE('',*,*,#2570,.T.);
#1087=ORIENTED_EDGE('',*,*,#2571,.T.);
#1088=ORIENTED_EDGE('',*,*,#2572,.T.);
#1089=ORIENTED_EDGE('',*,*,#2573,.T.);
#1090=ORIENTED_EDGE('',*,*,#2574,.T.);
#1091=ORIENTED_EDGE('',*,*,#2575,.T.);
#1092=ORIENTED_EDGE('',*,*,#2576,.T.);
#1093=ORIENTED_EDGE('',*,*,#2577,.T.);
#1094=ORIENTED_EDGE('',*,*,#2578,.T.);
#1095=ORIENTED_EDGE('',*,*,#2579,.T.);
#1096=ORIENTED_EDGE('',*,*,#2580,.T.);
#1097=ORIENTED_EDGE('',*,*,#2581,.T.);
#1098=ORIENTED_EDGE('',*,*,#2582,.T.);
#1099=ORIENTED_EDGE('',*,*,#2583,.T.);
#1100=ORIENTED_EDGE('',*,*,#2584,.T.);
#1101=ORIENTED_EDGE('',*,*,#2585,.F.);
#1102=ORIENTED_EDGE('',*,*,#2586,.T.);
#1103=ORIENTED_EDGE('',*,*,#2587,.F.);
#1104=ORIENTED_EDGE('',*,*,#2588,.T.);
#1105=ORIENTED_EDGE('',*,*,#2589,.F.);
#1106=ORIENTED_EDGE('',*,*,#2590,.T.);
#1107=ORIENTED_EDGE('',*,*,#2591,.T.);
#1108=ORIENTED_EDGE('',*,*,#2592,.T.);
#1109=ORIENTED_EDGE('',*,*,#2593,.F.);
#1110=ORIENTED_EDGE('',*,*,#2594,.T.);
#1111=ORIENTED_EDGE('',*,*,#2595,.F.);
#1112=ORIENTED_EDGE('',*,*,#2596,.T.);
#1113=ORIENTED_EDGE('',*,*,#2597,.F.);
#1114=ORIENTED_EDGE('',*,*,#2598,.T.);
#1115=ORIENTED_EDGE('',*,*,#2599,.T.);
#1116=ORIENTED_EDGE('',*,*,#2600,.T.);
#1117=ORIENTED_EDGE('',*,*,#2601,.F.);
#1118=ORIENTED_EDGE('',*,*,#2602,.T.);
#1119=ORIENTED_EDGE('',*,*,#2603,.F.);
#1120=ORIENTED_EDGE('',*,*,#2604,.T.);
#1121=ORIENTED_EDGE('',*,*,#2605,.F.);
#1122=ORIENTED_EDGE('',*,*,#2606,.T.);
#1123=ORIENTED_EDGE('',*,*,#2607,.T.);
#1124=ORIENTED_EDGE('',*,*,#2608,.T.);
#1125=ORIENTED_EDGE('',*,*,#2609,.T.);
#1126=ORIENTED_EDGE('',*,*,#2610,.F.);
#1127=ORIENTED_EDGE('',*,*,#2611,.T.);
#1128=ORIENTED_EDGE('',*,*,#2612,.F.);
#1129=ORIENTED_EDGE('',*,*,#2613,.T.);
#1130=ORIENTED_EDGE('',*,*,#2614,.F.);
#1131=ORIENTED_EDGE('',*,*,#2615,.T.);
#1132=ORIENTED_EDGE('',*,*,#2616,.T.);
#1133=ORIENTED_EDGE('',*,*,#2617,.T.);
#1134=ORIENTED_EDGE('',*,*,#2618,.F.);
#1135=ORIENTED_EDGE('',*,*,#2619,.T.);
#1136=ORIENTED_EDGE('',*,*,#2620,.F.);
#1137=ORIENTED_EDGE('',*,*,#2621,.T.);
#1138=ORIENTED_EDGE('',*,*,#2622,.F.);
#1139=ORIENTED_EDGE('',*,*,#2623,.T.);
#1140=ORIENTED_EDGE('',*,*,#2624,.T.);
#1141=ORIENTED_EDGE('',*,*,#2625,.T.);
#1142=ORIENTED_EDGE('',*,*,#2626,.F.);
#1143=ORIENTED_EDGE('',*,*,#2627,.T.);
#1144=ORIENTED_EDGE('',*,*,#2628,.F.);
#1145=ORIENTED_EDGE('',*,*,#2629,.T.);
#1146=ORIENTED_EDGE('',*,*,#2630,.F.);
#1147=ORIENTED_EDGE('',*,*,#2631,.T.);
#1148=ORIENTED_EDGE('',*,*,#2632,.T.);
#1149=ORIENTED_EDGE('',*,*,#2633,.T.);
#1150=ORIENTED_EDGE('',*,*,#2634,.F.);
#1151=ORIENTED_EDGE('',*,*,#2635,.T.);
#1152=ORIENTED_EDGE('',*,*,#2636,.F.);
#1153=ORIENTED_EDGE('',*,*,#2637,.T.);
#1154=ORIENTED_EDGE('',*,*,#2638,.F.);
#1155=ORIENTED_EDGE('',*,*,#2639,.T.);
#1156=ORIENTED_EDGE('',*,*,#2640,.F.);
#1157=ORIENTED_EDGE('',*,*,#2641,.T.);
#1158=ORIENTED_EDGE('',*,*,#2642,.T.);
#1159=ORIENTED_EDGE('',*,*,#2643,.T.);
#1160=ORIENTED_EDGE('',*,*,#2644,.T.);
#1161=ORIENTED_EDGE('',*,*,#2645,.T.);
#1162=ORIENTED_EDGE('',*,*,#2646,.T.);
#1163=ORIENTED_EDGE('',*,*,#2647,.T.);
#1164=ORIENTED_EDGE('',*,*,#2648,.T.);
#1165=ORIENTED_EDGE('',*,*,#2649,.T.);
#1166=ORIENTED_EDGE('',*,*,#2650,.F.);
#1167=ORIENTED_EDGE('',*,*,#2651,.F.);
#1168=ORIENTED_EDGE('',*,*,#2652,.F.);
#1169=ORIENTED_EDGE('',*,*,#2653,.T.);
#1170=ORIENTED_EDGE('',*,*,#2654,.F.);
#1171=ORIENTED_EDGE('',*,*,#2655,.T.);
#1172=ORIENTED_EDGE('',*,*,#2656,.F.);
#1173=ORIENTED_EDGE('',*,*,#2657,.F.);
#1174=ORIENTED_EDGE('',*,*,#2658,.T.);
#1175=ORIENTED_EDGE('',*,*,#2659,.T.);
#1176=ORIENTED_EDGE('',*,*,#2660,.F.);
#1177=ORIENTED_EDGE('',*,*,#2661,.T.);
#1178=ORIENTED_EDGE('',*,*,#2662,.F.);
#1179=ORIENTED_EDGE('',*,*,#2663,.T.);
#1180=ORIENTED_EDGE('',*,*,#2664,.T.);
#1181=ORIENTED_EDGE('',*,*,#2665,.T.);
#1182=ORIENTED_EDGE('',*,*,#2666,.F.);
#1183=ORIENTED_EDGE('',*,*,#2667,.T.);
#1184=ORIENTED_EDGE('',*,*,#2668,.F.);
#1185=ORIENTED_EDGE('',*,*,#2669,.T.);
#1186=ORIENTED_EDGE('',*,*,#2670,.F.);
#1187=ORIENTED_EDGE('',*,*,#2671,.T.);
#1188=ORIENTED_EDGE('',*,*,#2672,.T.);
#1189=ORIENTED_EDGE('',*,*,#2673,.T.);
#1190=ORIENTED_EDGE('',*,*,#2674,.F.);
#1191=ORIENTED_EDGE('',*,*,#2675,.T.);
#1192=ORIENTED_EDGE('',*,*,#2599,.F.);
#1193=ORIENTED_EDGE('',*,*,#2676,.T.);
#1194=ORIENTED_EDGE('',*,*,#2664,.F.);
#1195=ORIENTED_EDGE('',*,*,#2677,.T.);
#1196=ORIENTED_EDGE('',*,*,#2591,.F.);
#1197=ORIENTED_EDGE('',*,*,#2678,.T.);
#1198=ORIENTED_EDGE('',*,*,#2672,.F.);
#1199=ORIENTED_EDGE('',*,*,#2679,.T.);
#1200=ORIENTED_EDGE('',*,*,#2597,.T.);
#1201=ORIENTED_EDGE('',*,*,#2680,.T.);
#1202=ORIENTED_EDGE('',*,*,#2666,.T.);
#1203=ORIENTED_EDGE('',*,*,#2681,.T.);
#1204=ORIENTED_EDGE('',*,*,#2595,.T.);
#1205=ORIENTED_EDGE('',*,*,#2682,.T.);
#1206=ORIENTED_EDGE('',*,*,#2668,.T.);
#1207=ORIENTED_EDGE('',*,*,#2683,.T.);
#1208=ORIENTED_EDGE('',*,*,#2670,.T.);
#1209=ORIENTED_EDGE('',*,*,#2684,.T.);
#1210=ORIENTED_EDGE('',*,*,#2593,.T.);
#1211=ORIENTED_EDGE('',*,*,#2685,.T.);
#1212=ORIENTED_EDGE('',*,*,#2662,.T.);
#1213=ORIENTED_EDGE('',*,*,#2686,.T.);
#1214=ORIENTED_EDGE('',*,*,#2601,.T.);
#1215=ORIENTED_EDGE('',*,*,#2687,.T.);
#1216=ORIENTED_EDGE('',*,*,#2652,.T.);
#1217=ORIENTED_EDGE('',*,*,#2688,.T.);
#1218=ORIENTED_EDGE('',*,*,#2589,.T.);
#1219=ORIENTED_EDGE('',*,*,#2689,.T.);
#1220=ORIENTED_EDGE('',*,*,#2690,.T.);
#1221=ORIENTED_EDGE('',*,*,#2691,.T.);
#1222=ORIENTED_EDGE('',*,*,#2648,.F.);
#1223=ORIENTED_EDGE('',*,*,#2692,.T.);
#1224=ORIENTED_EDGE('',*,*,#2693,.F.);
#1225=ORIENTED_EDGE('',*,*,#2694,.T.);
#1226=ORIENTED_EDGE('',*,*,#2695,.T.);
#1227=ORIENTED_EDGE('',*,*,#2696,.T.);
#1228=ORIENTED_EDGE('',*,*,#2697,.T.);
#1229=ORIENTED_EDGE('',*,*,#2698,.T.);
#1230=ORIENTED_EDGE('',*,*,#2699,.T.);
#1231=ORIENTED_EDGE('',*,*,#2700,.T.);
#1232=ORIENTED_EDGE('',*,*,#2701,.T.);
#1233=ORIENTED_EDGE('',*,*,#2702,.T.);
#1234=ORIENTED_EDGE('',*,*,#2703,.T.);
#1235=ORIENTED_EDGE('',*,*,#2704,.T.);
#1236=ORIENTED_EDGE('',*,*,#2705,.T.);
#1237=ORIENTED_EDGE('',*,*,#2706,.T.);
#1238=ORIENTED_EDGE('',*,*,#2707,.T.);
#1239=ORIENTED_EDGE('',*,*,#2708,.T.);
#1240=ORIENTED_EDGE('',*,*,#2709,.T.);
#1241=ORIENTED_EDGE('',*,*,#2710,.T.);
#1242=ORIENTED_EDGE('',*,*,#2711,.F.);
#1243=ORIENTED_EDGE('',*,*,#2712,.T.);
#1244=ORIENTED_EDGE('',*,*,#2713,.T.);
#1245=ORIENTED_EDGE('',*,*,#2714,.T.);
#1246=ORIENTED_EDGE('',*,*,#2715,.T.);
#1247=ORIENTED_EDGE('',*,*,#2690,.F.);
#1248=ORIENTED_EDGE('',*,*,#2716,.T.);
#1249=ORIENTED_EDGE('',*,*,#2717,.T.);
#1250=ORIENTED_EDGE('',*,*,#2718,.T.);
#1251=ORIENTED_EDGE('',*,*,#2719,.T.);
#1252=ORIENTED_EDGE('',*,*,#2720,.T.);
#1253=ORIENTED_EDGE('',*,*,#2721,.T.);
#1254=ORIENTED_EDGE('',*,*,#2722,.F.);
#1255=ORIENTED_EDGE('',*,*,#2723,.T.);
#1256=ORIENTED_EDGE('',*,*,#2724,.T.);
#1257=ORIENTED_EDGE('',*,*,#2725,.T.);
#1258=ORIENTED_EDGE('',*,*,#2726,.T.);
#1259=ORIENTED_EDGE('',*,*,#2727,.T.);
#1260=ORIENTED_EDGE('',*,*,#2728,.T.);
#1261=ORIENTED_EDGE('',*,*,#2729,.T.);
#1262=ORIENTED_EDGE('',*,*,#2730,.T.);
#1263=ORIENTED_EDGE('',*,*,#2731,.T.);
#1264=ORIENTED_EDGE('',*,*,#2732,.T.);
#1265=ORIENTED_EDGE('',*,*,#2733,.T.);
#1266=ORIENTED_EDGE('',*,*,#2734,.T.);
#1267=ORIENTED_EDGE('',*,*,#2735,.T.);
#1268=ORIENTED_EDGE('',*,*,#2736,.T.);
#1269=ORIENTED_EDGE('',*,*,#2737,.T.);
#1270=ORIENTED_EDGE('',*,*,#2738,.T.);
#1271=ORIENTED_EDGE('',*,*,#2739,.T.);
#1272=ORIENTED_EDGE('',*,*,#2740,.T.);
#1273=ORIENTED_EDGE('',*,*,#2741,.T.);
#1274=ORIENTED_EDGE('',*,*,#2742,.F.);
#1275=ORIENTED_EDGE('',*,*,#2743,.F.);
#1276=ORIENTED_EDGE('',*,*,#2744,.T.);
#1277=ORIENTED_EDGE('',*,*,#2745,.T.);
#1278=ORIENTED_EDGE('',*,*,#2746,.T.);
#1279=ORIENTED_EDGE('',*,*,#2747,.T.);
#1280=ORIENTED_EDGE('',*,*,#2748,.T.);
#1281=ORIENTED_EDGE('',*,*,#2749,.T.);
#1282=ORIENTED_EDGE('',*,*,#2750,.T.);
#1283=ORIENTED_EDGE('',*,*,#2751,.F.);
#1284=ORIENTED_EDGE('',*,*,#2752,.F.);
#1285=ORIENTED_EDGE('',*,*,#2753,.T.);
#1286=ORIENTED_EDGE('',*,*,#2754,.T.);
#1287=ORIENTED_EDGE('',*,*,#2755,.T.);
#1288=ORIENTED_EDGE('',*,*,#2756,.F.);
#1289=ORIENTED_EDGE('',*,*,#2757,.T.);
#1290=ORIENTED_EDGE('',*,*,#2758,.F.);
#1291=ORIENTED_EDGE('',*,*,#2759,.T.);
#1292=ORIENTED_EDGE('',*,*,#2760,.F.);
#1293=ORIENTED_EDGE('',*,*,#2761,.T.);
#1294=ORIENTED_EDGE('',*,*,#2762,.T.);
#1295=ORIENTED_EDGE('',*,*,#2763,.T.);
#1296=ORIENTED_EDGE('',*,*,#2764,.T.);
#1297=ORIENTED_EDGE('',*,*,#2765,.F.);
#1298=ORIENTED_EDGE('',*,*,#2766,.T.);
#1299=ORIENTED_EDGE('',*,*,#2767,.T.);
#1300=ORIENTED_EDGE('',*,*,#2768,.T.);
#1301=ORIENTED_EDGE('',*,*,#2769,.T.);
#1302=ORIENTED_EDGE('',*,*,#2770,.T.);
#1303=ORIENTED_EDGE('',*,*,#2771,.T.);
#1304=ORIENTED_EDGE('',*,*,#2772,.T.);
#1305=ORIENTED_EDGE('',*,*,#2773,.T.);
#1306=ORIENTED_EDGE('',*,*,#2774,.T.);
#1307=ORIENTED_EDGE('',*,*,#2775,.T.);
#1308=ORIENTED_EDGE('',*,*,#2776,.T.);
#1309=ORIENTED_EDGE('',*,*,#2777,.T.);
#1310=ORIENTED_EDGE('',*,*,#2778,.T.);
#1311=ORIENTED_EDGE('',*,*,#2779,.F.);
#1312=ORIENTED_EDGE('',*,*,#2780,.F.);
#1313=ORIENTED_EDGE('',*,*,#2781,.T.);
#1314=ORIENTED_EDGE('',*,*,#2782,.T.);
#1315=ORIENTED_EDGE('',*,*,#2783,.T.);
#1316=ORIENTED_EDGE('',*,*,#2784,.T.);
#1317=ORIENTED_EDGE('',*,*,#2785,.F.);
#1318=ORIENTED_EDGE('',*,*,#2786,.F.);
#1319=ORIENTED_EDGE('',*,*,#2787,.F.);
#1320=ORIENTED_EDGE('',*,*,#2788,.F.);
#1321=ORIENTED_EDGE('',*,*,#2789,.F.);
#1322=ORIENTED_EDGE('',*,*,#2790,.T.);
#1323=ORIENTED_EDGE('',*,*,#2791,.T.);
#1324=ORIENTED_EDGE('',*,*,#2792,.T.);
#1325=ORIENTED_EDGE('',*,*,#2793,.T.);
#1326=ORIENTED_EDGE('',*,*,#2794,.T.);
#1327=ORIENTED_EDGE('',*,*,#2795,.T.);
#1328=ORIENTED_EDGE('',*,*,#2612,.T.);
#1329=ORIENTED_EDGE('',*,*,#2796,.T.);
#1330=ORIENTED_EDGE('',*,*,#2775,.F.);
#1331=ORIENTED_EDGE('',*,*,#2797,.F.);
#1332=ORIENTED_EDGE('',*,*,#2798,.T.);
#1333=ORIENTED_EDGE('',*,*,#2799,.T.);
#1334=ORIENTED_EDGE('',*,*,#2769,.F.);
#1335=ORIENTED_EDGE('',*,*,#2800,.T.);
#1336=ORIENTED_EDGE('',*,*,#2636,.T.);
#1337=ORIENTED_EDGE('',*,*,#2801,.T.);
#1338=ORIENTED_EDGE('',*,*,#2739,.F.);
#1339=ORIENTED_EDGE('',*,*,#2802,.T.);
#1340=ORIENTED_EDGE('',*,*,#2803,.T.);
#1341=ORIENTED_EDGE('',*,*,#2804,.T.);
#1342=ORIENTED_EDGE('',*,*,#2725,.F.);
#1343=ORIENTED_EDGE('',*,*,#2805,.T.);
#1344=ORIENTED_EDGE('',*,*,#2751,.T.);
#1345=ORIENTED_EDGE('',*,*,#2806,.T.);
#1346=ORIENTED_EDGE('',*,*,#2624,.F.);
#1347=ORIENTED_EDGE('',*,*,#2807,.F.);
#1348=ORIENTED_EDGE('',*,*,#2616,.F.);
#1349=ORIENTED_EDGE('',*,*,#2808,.T.);
#1350=ORIENTED_EDGE('',*,*,#2765,.T.);
#1351=ORIENTED_EDGE('',*,*,#2809,.T.);
#1352=ORIENTED_EDGE('',*,*,#2779,.T.);
#1353=ORIENTED_EDGE('',*,*,#2810,.T.);
#1354=ORIENTED_EDGE('',*,*,#2608,.F.);
#1355=ORIENTED_EDGE('',*,*,#2811,.F.);
#1356=ORIENTED_EDGE('',*,*,#2812,.T.);
#1357=ORIENTED_EDGE('',*,*,#2813,.F.);
#1358=ORIENTED_EDGE('',*,*,#2814,.T.);
#1359=ORIENTED_EDGE('',*,*,#2815,.F.);
#1360=ORIENTED_EDGE('',*,*,#2816,.T.);
#1361=ORIENTED_EDGE('',*,*,#2817,.T.);
#1362=ORIENTED_EDGE('',*,*,#2818,.T.);
#1363=ORIENTED_EDGE('',*,*,#2819,.F.);
#1364=ORIENTED_EDGE('',*,*,#2820,.T.);
#1365=ORIENTED_EDGE('',*,*,#2821,.T.);
#1366=ORIENTED_EDGE('',*,*,#2822,.F.);
#1367=ORIENTED_EDGE('',*,*,#2823,.T.);
#1368=ORIENTED_EDGE('',*,*,#2824,.T.);
#1369=ORIENTED_EDGE('',*,*,#2825,.T.);
#1370=ORIENTED_EDGE('',*,*,#2826,.F.);
#1371=ORIENTED_EDGE('',*,*,#2827,.T.);
#1372=ORIENTED_EDGE('',*,*,#2828,.T.);
#1373=ORIENTED_EDGE('',*,*,#2829,.F.);
#1374=ORIENTED_EDGE('',*,*,#2830,.T.);
#1375=ORIENTED_EDGE('',*,*,#2831,.T.);
#1376=ORIENTED_EDGE('',*,*,#2832,.T.);
#1377=ORIENTED_EDGE('',*,*,#2833,.T.);
#1378=ORIENTED_EDGE('',*,*,#2834,.T.);
#1379=ORIENTED_EDGE('',*,*,#2835,.T.);
#1380=ORIENTED_EDGE('',*,*,#2836,.T.);
#1381=ORIENTED_EDGE('',*,*,#2837,.T.);
#1382=ORIENTED_EDGE('',*,*,#2838,.T.);
#1383=ORIENTED_EDGE('',*,*,#2839,.T.);
#1384=ORIENTED_EDGE('',*,*,#2840,.T.);
#1385=ORIENTED_EDGE('',*,*,#2841,.T.);
#1386=ORIENTED_EDGE('',*,*,#2842,.T.);
#1387=ORIENTED_EDGE('',*,*,#2843,.T.);
#1388=ORIENTED_EDGE('',*,*,#2844,.T.);
#1389=ORIENTED_EDGE('',*,*,#2845,.T.);
#1390=ORIENTED_EDGE('',*,*,#2846,.T.);
#1391=ORIENTED_EDGE('',*,*,#2847,.T.);
#1392=ORIENTED_EDGE('',*,*,#2848,.T.);
#1393=ORIENTED_EDGE('',*,*,#2849,.T.);
#1394=ORIENTED_EDGE('',*,*,#2850,.T.);
#1395=ORIENTED_EDGE('',*,*,#2851,.T.);
#1396=ORIENTED_EDGE('',*,*,#2852,.F.);
#1397=ORIENTED_EDGE('',*,*,#2853,.T.);
#1398=ORIENTED_EDGE('',*,*,#2854,.T.);
#1399=ORIENTED_EDGE('',*,*,#2855,.T.);
#1400=ORIENTED_EDGE('',*,*,#2856,.T.);
#1401=ORIENTED_EDGE('',*,*,#2857,.F.);
#1402=ORIENTED_EDGE('',*,*,#2858,.T.);
#1403=ORIENTED_EDGE('',*,*,#2859,.T.);
#1404=ORIENTED_EDGE('',*,*,#2860,.F.);
#1405=ORIENTED_EDGE('',*,*,#2861,.T.);
#1406=ORIENTED_EDGE('',*,*,#2862,.F.);
#1407=ORIENTED_EDGE('',*,*,#2863,.T.);
#1408=ORIENTED_EDGE('',*,*,#2864,.T.);
#1409=ORIENTED_EDGE('',*,*,#2865,.T.);
#1410=ORIENTED_EDGE('',*,*,#2866,.T.);
#1411=ORIENTED_EDGE('',*,*,#2867,.T.);
#1412=ORIENTED_EDGE('',*,*,#2868,.T.);
#1413=ORIENTED_EDGE('',*,*,#2869,.T.);
#1414=ORIENTED_EDGE('',*,*,#2870,.T.);
#1415=ORIENTED_EDGE('',*,*,#2871,.T.);
#1416=ORIENTED_EDGE('',*,*,#2872,.T.);
#1417=ORIENTED_EDGE('',*,*,#2873,.T.);
#1418=ORIENTED_EDGE('',*,*,#2869,.F.);
#1419=ORIENTED_EDGE('',*,*,#2874,.T.);
#1420=ORIENTED_EDGE('',*,*,#2875,.F.);
#1421=ORIENTED_EDGE('',*,*,#2876,.F.);
#1422=ORIENTED_EDGE('',*,*,#2844,.F.);
#1423=ORIENTED_EDGE('',*,*,#2877,.T.);
#1424=ORIENTED_EDGE('',*,*,#2871,.F.);
#1425=ORIENTED_EDGE('',*,*,#2878,.F.);
#1426=ORIENTED_EDGE('',*,*,#2879,.T.);
#1427=ORIENTED_EDGE('',*,*,#2880,.T.);
#1428=ORIENTED_EDGE('',*,*,#2855,.F.);
#1429=ORIENTED_EDGE('',*,*,#2881,.F.);
#1430=ORIENTED_EDGE('',*,*,#2882,.T.);
#1431=ORIENTED_EDGE('',*,*,#2883,.T.);
#1432=ORIENTED_EDGE('',*,*,#2884,.T.);
#1433=ORIENTED_EDGE('',*,*,#2885,.F.);
#1434=ORIENTED_EDGE('',*,*,#2886,.T.);
#1435=ORIENTED_EDGE('',*,*,#2887,.F.);
#1436=ORIENTED_EDGE('',*,*,#2888,.T.);
#1437=ORIENTED_EDGE('',*,*,#2889,.T.);
#1438=ORIENTED_EDGE('',*,*,#2890,.F.);
#1439=ORIENTED_EDGE('',*,*,#2891,.T.);
#1440=ORIENTED_EDGE('',*,*,#2892,.T.);
#1441=ORIENTED_EDGE('',*,*,#2893,.T.);
#1442=ORIENTED_EDGE('',*,*,#2894,.T.);
#1443=ORIENTED_EDGE('',*,*,#2895,.T.);
#1444=ORIENTED_EDGE('',*,*,#2896,.T.);
#1445=ORIENTED_EDGE('',*,*,#2897,.F.);
#1446=ORIENTED_EDGE('',*,*,#2898,.T.);
#1447=ORIENTED_EDGE('',*,*,#2899,.T.);
#1448=ORIENTED_EDGE('',*,*,#2900,.T.);
#1449=ORIENTED_EDGE('',*,*,#2901,.T.);
#1450=ORIENTED_EDGE('',*,*,#2902,.T.);
#1451=ORIENTED_EDGE('',*,*,#2903,.F.);
#1452=ORIENTED_EDGE('',*,*,#2904,.T.);
#1453=ORIENTED_EDGE('',*,*,#2829,.T.);
#1454=ORIENTED_EDGE('',*,*,#2905,.T.);
#1455=ORIENTED_EDGE('',*,*,#2906,.T.);
#1456=ORIENTED_EDGE('',*,*,#2907,.T.);
#1457=ORIENTED_EDGE('',*,*,#2908,.F.);
#1458=ORIENTED_EDGE('',*,*,#2909,.T.);
#1459=ORIENTED_EDGE('',*,*,#2910,.T.);
#1460=ORIENTED_EDGE('',*,*,#2903,.T.);
#1461=ORIENTED_EDGE('',*,*,#2911,.T.);
#1462=ORIENTED_EDGE('',*,*,#2912,.F.);
#1463=ORIENTED_EDGE('',*,*,#2913,.T.);
#1464=ORIENTED_EDGE('',*,*,#2914,.T.);
#1465=ORIENTED_EDGE('',*,*,#2915,.T.);
#1466=ORIENTED_EDGE('',*,*,#2916,.T.);
#1467=ORIENTED_EDGE('',*,*,#2917,.F.);
#1468=ORIENTED_EDGE('',*,*,#2912,.T.);
#1469=ORIENTED_EDGE('',*,*,#2918,.T.);
#1470=ORIENTED_EDGE('',*,*,#2919,.F.);
#1471=ORIENTED_EDGE('',*,*,#2920,.T.);
#1472=ORIENTED_EDGE('',*,*,#2921,.F.);
#1473=ORIENTED_EDGE('',*,*,#2919,.T.);
#1474=ORIENTED_EDGE('',*,*,#2922,.T.);
#1475=ORIENTED_EDGE('',*,*,#2640,.T.);
#1476=ORIENTED_EDGE('',*,*,#2923,.F.);
#1477=ORIENTED_EDGE('',*,*,#2924,.F.);
#1478=ORIENTED_EDGE('',*,*,#2923,.T.);
#1479=ORIENTED_EDGE('',*,*,#2925,.F.);
#1480=ORIENTED_EDGE('',*,*,#2721,.F.);
#1481=ORIENTED_EDGE('',*,*,#2926,.F.);
#1482=ORIENTED_EDGE('',*,*,#2927,.F.);
#1483=ORIENTED_EDGE('',*,*,#2832,.F.);
#1484=ORIENTED_EDGE('',*,*,#2928,.T.);
#1485=ORIENTED_EDGE('',*,*,#2929,.F.);
#1486=ORIENTED_EDGE('',*,*,#2930,.F.);
#1487=ORIENTED_EDGE('',*,*,#2931,.F.);
#1488=ORIENTED_EDGE('',*,*,#2932,.T.);
#1489=ORIENTED_EDGE('',*,*,#2839,.F.);
#1490=ORIENTED_EDGE('',*,*,#2933,.T.);
#1491=ORIENTED_EDGE('',*,*,#2934,.F.);
#1492=ORIENTED_EDGE('',*,*,#2935,.T.);
#1493=ORIENTED_EDGE('',*,*,#2823,.F.);
#1494=ORIENTED_EDGE('',*,*,#2936,.F.);
#1495=ORIENTED_EDGE('',*,*,#2937,.T.);
#1496=ORIENTED_EDGE('',*,*,#2938,.T.);
#1497=ORIENTED_EDGE('',*,*,#2939,.F.);
#1498=ORIENTED_EDGE('',*,*,#2940,.T.);
#1499=ORIENTED_EDGE('',*,*,#2941,.T.);
#1500=ORIENTED_EDGE('',*,*,#2942,.T.);
#1501=ORIENTED_EDGE('',*,*,#2943,.F.);
#1502=ORIENTED_EDGE('',*,*,#2934,.T.);
#1503=ORIENTED_EDGE('',*,*,#2944,.T.);
#1504=ORIENTED_EDGE('',*,*,#2929,.T.);
#1505=ORIENTED_EDGE('',*,*,#2945,.T.);
#1506=ORIENTED_EDGE('',*,*,#2946,.F.);
#1507=ORIENTED_EDGE('',*,*,#2931,.T.);
#1508=ORIENTED_EDGE('',*,*,#2826,.T.);
#1509=ORIENTED_EDGE('',*,*,#2947,.T.);
#1510=ORIENTED_EDGE('',*,*,#2860,.T.);
#1511=ORIENTED_EDGE('',*,*,#2948,.F.);
#1512=ORIENTED_EDGE('',*,*,#2949,.F.);
#1513=ORIENTED_EDGE('',*,*,#2926,.T.);
#1514=ORIENTED_EDGE('',*,*,#2720,.F.);
#1515=ORIENTED_EDGE('',*,*,#2950,.T.);
#1516=ORIENTED_EDGE('',*,*,#2834,.F.);
#1517=ORIENTED_EDGE('',*,*,#2951,.T.);
#1518=ORIENTED_EDGE('',*,*,#2936,.T.);
#1519=ORIENTED_EDGE('',*,*,#2822,.T.);
#1520=ORIENTED_EDGE('',*,*,#2952,.T.);
#1521=ORIENTED_EDGE('',*,*,#2607,.F.);
#1522=ORIENTED_EDGE('',*,*,#2953,.T.);
#1523=ORIENTED_EDGE('',*,*,#2780,.T.);
#1524=ORIENTED_EDGE('',*,*,#2811,.T.);
#1525=ORIENTED_EDGE('',*,*,#2954,.T.);
#1526=ORIENTED_EDGE('',*,*,#2955,.T.);
#1527=ORIENTED_EDGE('',*,*,#2956,.T.);
#1528=ORIENTED_EDGE('',*,*,#2957,.T.);
#1529=ORIENTED_EDGE('',*,*,#2958,.T.);
#1530=ORIENTED_EDGE('',*,*,#2959,.T.);
#1531=ORIENTED_EDGE('',*,*,#2960,.T.);
#1532=ORIENTED_EDGE('',*,*,#2961,.T.);
#1533=ORIENTED_EDGE('',*,*,#2962,.T.);
#1534=ORIENTED_EDGE('',*,*,#2963,.F.);
#1535=ORIENTED_EDGE('',*,*,#2964,.T.);
#1536=ORIENTED_EDGE('',*,*,#2965,.T.);
#1537=ORIENTED_EDGE('',*,*,#2966,.T.);
#1538=ORIENTED_EDGE('',*,*,#2967,.F.);
#1539=ORIENTED_EDGE('',*,*,#2968,.F.);
#1540=ORIENTED_EDGE('',*,*,#2969,.F.);
#1541=ORIENTED_EDGE('',*,*,#2970,.F.);
#1542=ORIENTED_EDGE('',*,*,#2971,.T.);
#1543=ORIENTED_EDGE('',*,*,#2972,.T.);
#1544=ORIENTED_EDGE('',*,*,#2973,.T.);
#1545=ORIENTED_EDGE('',*,*,#2974,.T.);
#1546=ORIENTED_EDGE('',*,*,#2975,.T.);
#1547=ORIENTED_EDGE('',*,*,#2976,.T.);
#1548=ORIENTED_EDGE('',*,*,#2977,.T.);
#1549=ORIENTED_EDGE('',*,*,#2978,.T.);
#1550=ORIENTED_EDGE('',*,*,#2979,.T.);
#1551=ORIENTED_EDGE('',*,*,#2980,.T.);
#1552=ORIENTED_EDGE('',*,*,#2981,.T.);
#1553=ORIENTED_EDGE('',*,*,#2982,.T.);
#1554=ORIENTED_EDGE('',*,*,#2983,.T.);
#1555=ORIENTED_EDGE('',*,*,#2984,.T.);
#1556=ORIENTED_EDGE('',*,*,#2985,.T.);
#1557=ORIENTED_EDGE('',*,*,#2986,.T.);
#1558=ORIENTED_EDGE('',*,*,#2987,.T.);
#1559=ORIENTED_EDGE('',*,*,#2988,.T.);
#1560=ORIENTED_EDGE('',*,*,#2989,.T.);
#1561=ORIENTED_EDGE('',*,*,#2990,.T.);
#1562=ORIENTED_EDGE('',*,*,#2991,.T.);
#1563=ORIENTED_EDGE('',*,*,#2992,.T.);
#1564=ORIENTED_EDGE('',*,*,#2993,.T.);
#1565=ORIENTED_EDGE('',*,*,#2994,.T.);
#1566=ORIENTED_EDGE('',*,*,#2995,.F.);
#1567=ORIENTED_EDGE('',*,*,#2996,.F.);
#1568=ORIENTED_EDGE('',*,*,#2997,.F.);
#1569=ORIENTED_EDGE('',*,*,#2998,.F.);
#1570=ORIENTED_EDGE('',*,*,#2999,.T.);
#1571=ORIENTED_EDGE('',*,*,#3000,.T.);
#1572=ORIENTED_EDGE('',*,*,#3001,.T.);
#1573=ORIENTED_EDGE('',*,*,#3002,.T.);
#1574=ORIENTED_EDGE('',*,*,#2973,.F.);
#1575=ORIENTED_EDGE('',*,*,#3003,.T.);
#1576=ORIENTED_EDGE('',*,*,#2963,.T.);
#1577=ORIENTED_EDGE('',*,*,#3004,.T.);
#1578=ORIENTED_EDGE('',*,*,#3005,.T.);
#1579=ORIENTED_EDGE('',*,*,#3006,.T.);
#1580=ORIENTED_EDGE('',*,*,#3007,.T.);
#1581=ORIENTED_EDGE('',*,*,#3008,.T.);
#1582=ORIENTED_EDGE('',*,*,#3009,.T.);
#1583=ORIENTED_EDGE('',*,*,#3010,.T.);
#1584=ORIENTED_EDGE('',*,*,#3011,.T.);
#1585=ORIENTED_EDGE('',*,*,#3012,.T.);
#1586=ORIENTED_EDGE('',*,*,#3013,.F.);
#1587=ORIENTED_EDGE('',*,*,#2998,.T.);
#1588=ORIENTED_EDGE('',*,*,#3014,.F.);
#1589=ORIENTED_EDGE('',*,*,#3013,.T.);
#1590=ORIENTED_EDGE('',*,*,#3015,.F.);
#1591=ORIENTED_EDGE('',*,*,#2997,.T.);
#1592=ORIENTED_EDGE('',*,*,#3016,.F.);
#1593=ORIENTED_EDGE('',*,*,#3015,.T.);
#1594=ORIENTED_EDGE('',*,*,#3017,.F.);
#1595=ORIENTED_EDGE('',*,*,#2996,.T.);
#1596=ORIENTED_EDGE('',*,*,#3018,.F.);
#1597=ORIENTED_EDGE('',*,*,#3017,.T.);
#1598=ORIENTED_EDGE('',*,*,#3019,.F.);
#1599=ORIENTED_EDGE('',*,*,#2995,.T.);
#1600=ORIENTED_EDGE('',*,*,#3020,.F.);
#1601=ORIENTED_EDGE('',*,*,#3019,.T.);
#1602=ORIENTED_EDGE('',*,*,#3021,.T.);
#1603=ORIENTED_EDGE('',*,*,#3008,.F.);
#1604=ORIENTED_EDGE('',*,*,#3022,.T.);
#1605=ORIENTED_EDGE('',*,*,#3021,.F.);
#1606=ORIENTED_EDGE('',*,*,#3023,.T.);
#1607=ORIENTED_EDGE('',*,*,#3007,.F.);
#1608=ORIENTED_EDGE('',*,*,#3024,.T.);
#1609=ORIENTED_EDGE('',*,*,#3023,.F.);
#1610=ORIENTED_EDGE('',*,*,#3025,.T.);
#1611=ORIENTED_EDGE('',*,*,#3006,.F.);
#1612=ORIENTED_EDGE('',*,*,#3026,.T.);
#1613=ORIENTED_EDGE('',*,*,#3025,.F.);
#1614=ORIENTED_EDGE('',*,*,#3027,.T.);
#1615=ORIENTED_EDGE('',*,*,#3005,.F.);
#1616=ORIENTED_EDGE('',*,*,#3028,.T.);
#1617=ORIENTED_EDGE('',*,*,#3027,.F.);
#1618=ORIENTED_EDGE('',*,*,#3028,.F.);
#1619=ORIENTED_EDGE('',*,*,#2962,.F.);
#1620=ORIENTED_EDGE('',*,*,#3026,.F.);
#1621=ORIENTED_EDGE('',*,*,#2961,.F.);
#1622=ORIENTED_EDGE('',*,*,#3024,.F.);
#1623=ORIENTED_EDGE('',*,*,#2960,.F.);
#1624=ORIENTED_EDGE('',*,*,#3022,.F.);
#1625=ORIENTED_EDGE('',*,*,#2959,.F.);
#1626=ORIENTED_EDGE('',*,*,#2967,.T.);
#1627=ORIENTED_EDGE('',*,*,#3020,.T.);
#1628=ORIENTED_EDGE('',*,*,#2968,.T.);
#1629=ORIENTED_EDGE('',*,*,#3018,.T.);
#1630=ORIENTED_EDGE('',*,*,#2969,.T.);
#1631=ORIENTED_EDGE('',*,*,#3016,.T.);
#1632=ORIENTED_EDGE('',*,*,#2970,.T.);
#1633=ORIENTED_EDGE('',*,*,#3014,.T.);
#1634=ORIENTED_EDGE('',*,*,#3029,.T.);
#1635=ORIENTED_EDGE('',*,*,#3030,.T.);
#1636=ORIENTED_EDGE('',*,*,#3031,.T.);
#1637=ORIENTED_EDGE('',*,*,#3001,.F.);
#1638=ORIENTED_EDGE('',*,*,#3032,.T.);
#1639=ORIENTED_EDGE('',*,*,#2991,.F.);
#1640=ORIENTED_EDGE('',*,*,#3033,.F.);
#1641=ORIENTED_EDGE('',*,*,#3034,.F.);
#1642=ORIENTED_EDGE('',*,*,#3035,.F.);
#1643=ORIENTED_EDGE('',*,*,#3033,.T.);
#1644=ORIENTED_EDGE('',*,*,#3035,.T.);
#1645=ORIENTED_EDGE('',*,*,#2956,.F.);
#1646=ORIENTED_EDGE('',*,*,#3036,.F.);
#1647=ORIENTED_EDGE('',*,*,#3002,.F.);
#1648=ORIENTED_EDGE('',*,*,#2977,.F.);
#1649=ORIENTED_EDGE('',*,*,#3037,.T.);
#1650=ORIENTED_EDGE('',*,*,#3009,.F.);
#1651=ORIENTED_EDGE('',*,*,#3038,.F.);
#1652=ORIENTED_EDGE('',*,*,#2993,.F.);
#1653=ORIENTED_EDGE('',*,*,#3039,.T.);
#1654=ORIENTED_EDGE('',*,*,#2975,.F.);
#1655=ORIENTED_EDGE('',*,*,#3040,.F.);
#1656=ORIENTED_EDGE('',*,*,#3034,.T.);
#1657=ORIENTED_EDGE('',*,*,#2994,.F.);
#1658=ORIENTED_EDGE('',*,*,#3041,.F.);
#1659=ORIENTED_EDGE('',*,*,#2957,.F.);
#1660=ORIENTED_EDGE('',*,*,#3036,.T.);
#1661=ORIENTED_EDGE('',*,*,#2955,.F.);
#1662=ORIENTED_EDGE('',*,*,#3042,.F.);
#1663=ORIENTED_EDGE('',*,*,#2974,.F.);
#1664=ORIENTED_EDGE('',*,*,#2988,.F.);
#1665=ORIENTED_EDGE('',*,*,#3043,.T.);
#1666=ORIENTED_EDGE('',*,*,#2971,.F.);
#1667=ORIENTED_EDGE('',*,*,#3044,.F.);
#1668=ORIENTED_EDGE('',*,*,#3045,.F.);
#1669=ORIENTED_EDGE('',*,*,#3038,.T.);
#1670=ORIENTED_EDGE('',*,*,#3046,.F.);
#1671=ORIENTED_EDGE('',*,*,#2982,.F.);
#1672=ORIENTED_EDGE('',*,*,#3047,.F.);
#1673=ORIENTED_EDGE('',*,*,#3048,.F.);
#1674=ORIENTED_EDGE('',*,*,#2978,.F.);
#1675=ORIENTED_EDGE('',*,*,#3045,.T.);
#1676=ORIENTED_EDGE('',*,*,#3049,.F.);
#1677=ORIENTED_EDGE('',*,*,#3040,.T.);
#1678=ORIENTED_EDGE('',*,*,#3048,.T.);
#1679=ORIENTED_EDGE('',*,*,#3050,.F.);
#1680=ORIENTED_EDGE('',*,*,#2958,.F.);
#1681=ORIENTED_EDGE('',*,*,#3041,.T.);
#1682=ORIENTED_EDGE('',*,*,#3044,.T.);
#1683=ORIENTED_EDGE('',*,*,#3042,.T.);
#1684=ORIENTED_EDGE('',*,*,#3051,.F.);
#1685=ORIENTED_EDGE('',*,*,#3011,.F.);
#1686=ORIENTED_EDGE('',*,*,#3052,.T.);
#1687=ORIENTED_EDGE('',*,*,#2999,.F.);
#1688=ORIENTED_EDGE('',*,*,#3053,.F.);
#1689=ORIENTED_EDGE('',*,*,#3046,.T.);
#1690=ORIENTED_EDGE('',*,*,#3012,.F.);
#1691=ORIENTED_EDGE('',*,*,#3054,.F.);
#1692=ORIENTED_EDGE('',*,*,#2983,.F.);
#1693=ORIENTED_EDGE('',*,*,#3047,.T.);
#1694=ORIENTED_EDGE('',*,*,#2981,.F.);
#1695=ORIENTED_EDGE('',*,*,#3055,.F.);
#1696=ORIENTED_EDGE('',*,*,#2989,.F.);
#1697=ORIENTED_EDGE('',*,*,#3051,.T.);
#1698=ORIENTED_EDGE('',*,*,#2954,.F.);
#1699=ORIENTED_EDGE('',*,*,#3050,.T.);
#1700=ORIENTED_EDGE('',*,*,#3049,.T.);
#1701=ORIENTED_EDGE('',*,*,#2965,.F.);
#1702=ORIENTED_EDGE('',*,*,#3056,.T.);
#1703=ORIENTED_EDGE('',*,*,#2984,.F.);
#1704=ORIENTED_EDGE('',*,*,#3057,.F.);
#1705=ORIENTED_EDGE('',*,*,#3054,.T.);
#1706=ORIENTED_EDGE('',*,*,#3053,.T.);
#1707=ORIENTED_EDGE('',*,*,#3058,.F.);
#1708=ORIENTED_EDGE('',*,*,#3057,.T.);
#1709=ORIENTED_EDGE('',*,*,#3055,.T.);
#1710=ORIENTED_EDGE('',*,*,#3059,.F.);
#1711=ORIENTED_EDGE('',*,*,#3058,.T.);
#1712=ORIENTED_EDGE('',*,*,#3004,.F.);
#1713=ORIENTED_EDGE('',*,*,#3060,.F.);
#1714=ORIENTED_EDGE('',*,*,#2979,.F.);
#1715=ORIENTED_EDGE('',*,*,#3059,.T.);
#1716=ORIENTED_EDGE('',*,*,#2980,.F.);
#1717=ORIENTED_EDGE('',*,*,#3060,.T.);
#1718=ORIENTED_EDGE('',*,*,#2966,.F.);
#1719=ORIENTED_EDGE('',*,*,#3043,.F.);
#1720=ORIENTED_EDGE('',*,*,#3061,.T.);
#1721=ORIENTED_EDGE('',*,*,#3029,.F.);
#1722=ORIENTED_EDGE('',*,*,#3062,.F.);
#1723=ORIENTED_EDGE('',*,*,#3062,.T.);
#1724=ORIENTED_EDGE('',*,*,#3063,.F.);
#1725=ORIENTED_EDGE('',*,*,#2964,.F.);
#1726=ORIENTED_EDGE('',*,*,#3003,.F.);
#1727=ORIENTED_EDGE('',*,*,#2972,.F.);
#1728=ORIENTED_EDGE('',*,*,#3031,.F.);
#1729=ORIENTED_EDGE('',*,*,#3064,.T.);
#1730=ORIENTED_EDGE('',*,*,#3056,.F.);
#1731=ORIENTED_EDGE('',*,*,#3063,.T.);
#1732=ORIENTED_EDGE('',*,*,#3065,.F.);
#1733=ORIENTED_EDGE('',*,*,#3066,.F.);
#1734=ORIENTED_EDGE('',*,*,#2927,.T.);
#1735=ORIENTED_EDGE('',*,*,#2949,.T.);
#1736=ORIENTED_EDGE('',*,*,#2875,.T.);
#1737=ORIENTED_EDGE('',*,*,#3067,.F.);
#1738=ORIENTED_EDGE('',*,*,#3068,.T.);
#1739=ORIENTED_EDGE('',*,*,#3069,.T.);
#1740=ORIENTED_EDGE('',*,*,#2695,.F.);
#1741=ORIENTED_EDGE('',*,*,#3070,.F.);
#1742=ORIENTED_EDGE('',*,*,#2870,.F.);
#1743=ORIENTED_EDGE('',*,*,#3071,.F.);
#1744=ORIENTED_EDGE('',*,*,#2719,.F.);
#1745=ORIENTED_EDGE('',*,*,#3071,.T.);
#1746=ORIENTED_EDGE('',*,*,#2876,.T.);
#1747=ORIENTED_EDGE('',*,*,#2950,.F.);
#1748=ORIENTED_EDGE('',*,*,#2878,.T.);
#1749=ORIENTED_EDGE('',*,*,#3070,.T.);
#1750=ORIENTED_EDGE('',*,*,#3072,.F.);
#1751=ORIENTED_EDGE('',*,*,#3072,.T.);
#1752=ORIENTED_EDGE('',*,*,#2718,.F.);
#1753=ORIENTED_EDGE('',*,*,#3073,.F.);
#1754=ORIENTED_EDGE('',*,*,#2845,.F.);
#1755=ORIENTED_EDGE('',*,*,#2849,.F.);
#1756=ORIENTED_EDGE('',*,*,#3074,.T.);
#1757=ORIENTED_EDGE('',*,*,#2840,.F.);
#1758=ORIENTED_EDGE('',*,*,#3075,.F.);
#1759=ORIENTED_EDGE('',*,*,#3075,.T.);
#1760=ORIENTED_EDGE('',*,*,#3073,.T.);
#1761=ORIENTED_EDGE('',*,*,#3076,.F.);
#1762=ORIENTED_EDGE('',*,*,#3076,.T.);
#1763=ORIENTED_EDGE('',*,*,#2717,.F.);
#1764=ORIENTED_EDGE('',*,*,#3077,.F.);
#1765=ORIENTED_EDGE('',*,*,#2850,.F.);
#1766=ORIENTED_EDGE('',*,*,#3078,.F.);
#1767=ORIENTED_EDGE('',*,*,#2851,.F.);
#1768=ORIENTED_EDGE('',*,*,#3079,.F.);
#1769=ORIENTED_EDGE('',*,*,#3068,.F.);
#1770=ORIENTED_EDGE('',*,*,#3079,.T.);
#1771=ORIENTED_EDGE('',*,*,#3077,.T.);
#1772=ORIENTED_EDGE('',*,*,#3080,.F.);
#1773=ORIENTED_EDGE('',*,*,#2696,.F.);
#1774=ORIENTED_EDGE('',*,*,#3069,.F.);
#1775=ORIENTED_EDGE('',*,*,#3080,.T.);
#1776=ORIENTED_EDGE('',*,*,#2716,.F.);
#1777=ORIENTED_EDGE('',*,*,#3081,.F.);
#1778=ORIENTED_EDGE('',*,*,#3082,.T.);
#1779=ORIENTED_EDGE('',*,*,#3082,.F.);
#1780=ORIENTED_EDGE('',*,*,#2990,.F.);
#1781=ORIENTED_EDGE('',*,*,#3083,.F.);
#1782=ORIENTED_EDGE('',*,*,#3032,.F.);
#1783=ORIENTED_EDGE('',*,*,#3084,.F.);
#1784=ORIENTED_EDGE('',*,*,#2794,.F.);
#1785=ORIENTED_EDGE('',*,*,#3084,.T.);
#1786=ORIENTED_EDGE('',*,*,#3000,.F.);
#1787=ORIENTED_EDGE('',*,*,#3085,.F.);
#1788=ORIENTED_EDGE('',*,*,#2795,.F.);
#1789=ORIENTED_EDGE('',*,*,#3083,.T.);
#1790=ORIENTED_EDGE('',*,*,#2793,.F.);
#1791=ORIENTED_EDGE('',*,*,#3086,.F.);
#1792=ORIENTED_EDGE('',*,*,#2992,.F.);
#1793=ORIENTED_EDGE('',*,*,#3085,.T.);
#1794=ORIENTED_EDGE('',*,*,#3052,.F.);
#1795=ORIENTED_EDGE('',*,*,#3087,.F.);
#1796=ORIENTED_EDGE('',*,*,#2790,.F.);
#1797=ORIENTED_EDGE('',*,*,#3039,.F.);
#1798=ORIENTED_EDGE('',*,*,#3086,.T.);
#1799=ORIENTED_EDGE('',*,*,#3088,.F.);
#1800=ORIENTED_EDGE('',*,*,#3087,.T.);
#1801=ORIENTED_EDGE('',*,*,#3010,.F.);
#1802=ORIENTED_EDGE('',*,*,#3089,.F.);
#1803=ORIENTED_EDGE('',*,*,#2791,.F.);
#1804=ORIENTED_EDGE('',*,*,#3088,.T.);
#1805=ORIENTED_EDGE('',*,*,#2792,.F.);
#1806=ORIENTED_EDGE('',*,*,#3090,.F.);
#1807=ORIENTED_EDGE('',*,*,#2976,.F.);
#1808=ORIENTED_EDGE('',*,*,#3089,.T.);
#1809=ORIENTED_EDGE('',*,*,#3037,.F.);
#1810=ORIENTED_EDGE('',*,*,#3090,.T.);
#1811=ORIENTED_EDGE('',*,*,#3061,.F.);
#1812=ORIENTED_EDGE('',*,*,#2987,.F.);
#1813=ORIENTED_EDGE('',*,*,#3091,.F.);
#1814=ORIENTED_EDGE('',*,*,#3091,.T.);
#1815=ORIENTED_EDGE('',*,*,#2986,.F.);
#1816=ORIENTED_EDGE('',*,*,#3092,.F.);
#1817=ORIENTED_EDGE('',*,*,#3030,.F.);
#1818=ORIENTED_EDGE('',*,*,#2985,.F.);
#1819=ORIENTED_EDGE('',*,*,#3064,.F.);
#1820=ORIENTED_EDGE('',*,*,#3092,.T.);
#1821=ORIENTED_EDGE('',*,*,#2938,.F.);
#1822=ORIENTED_EDGE('',*,*,#2890,.T.);
#1823=ORIENTED_EDGE('',*,*,#3093,.T.);
#1824=ORIENTED_EDGE('',*,*,#3094,.T.);
#1825=ORIENTED_EDGE('',*,*,#2883,.F.);
#1826=ORIENTED_EDGE('',*,*,#3095,.T.);
#1827=ORIENTED_EDGE('',*,*,#2885,.T.);
#1828=ORIENTED_EDGE('',*,*,#3096,.T.);
#1829=ORIENTED_EDGE('',*,*,#3097,.F.);
#1830=ORIENTED_EDGE('',*,*,#2693,.T.);
#1831=ORIENTED_EDGE('',*,*,#3098,.T.);
#1832=ORIENTED_EDGE('',*,*,#3099,.F.);
#1833=ORIENTED_EDGE('',*,*,#3100,.F.);
#1834=ORIENTED_EDGE('',*,*,#3099,.T.);
#1835=ORIENTED_EDGE('',*,*,#3101,.T.);
#1836=ORIENTED_EDGE('',*,*,#2820,.F.);
#1837=ORIENTED_EDGE('',*,*,#2692,.F.);
#1838=ORIENTED_EDGE('',*,*,#2647,.F.);
#1839=ORIENTED_EDGE('',*,*,#3102,.F.);
#1840=ORIENTED_EDGE('',*,*,#3098,.F.);
#1841=ORIENTED_EDGE('',*,*,#3102,.T.);
#1842=ORIENTED_EDGE('',*,*,#2646,.F.);
#1843=ORIENTED_EDGE('',*,*,#3103,.F.);
#1844=ORIENTED_EDGE('',*,*,#3101,.F.);
#1845=ORIENTED_EDGE('',*,*,#3103,.T.);
#1846=ORIENTED_EDGE('',*,*,#2645,.F.);
#1847=ORIENTED_EDGE('',*,*,#3104,.F.);
#1848=ORIENTED_EDGE('',*,*,#2821,.F.);
#1849=ORIENTED_EDGE('',*,*,#3104,.T.);
#1850=ORIENTED_EDGE('',*,*,#2644,.F.);
#1851=ORIENTED_EDGE('',*,*,#3105,.F.);
#1852=ORIENTED_EDGE('',*,*,#2952,.F.);
#1853=ORIENTED_EDGE('',*,*,#3105,.T.);
#1854=ORIENTED_EDGE('',*,*,#2643,.F.);
#1855=ORIENTED_EDGE('',*,*,#3106,.F.);
#1856=ORIENTED_EDGE('',*,*,#2835,.F.);
#1857=ORIENTED_EDGE('',*,*,#3106,.T.);
#1858=ORIENTED_EDGE('',*,*,#2642,.F.);
#1859=ORIENTED_EDGE('',*,*,#3107,.F.);
#1860=ORIENTED_EDGE('',*,*,#2905,.F.);
#1861=ORIENTED_EDGE('',*,*,#2918,.F.);
#1862=ORIENTED_EDGE('',*,*,#2911,.F.);
#1863=ORIENTED_EDGE('',*,*,#3107,.T.);
#1864=ORIENTED_EDGE('',*,*,#2641,.F.);
#1865=ORIENTED_EDGE('',*,*,#2922,.F.);
#1866=ORIENTED_EDGE('',*,*,#2833,.F.);
#1867=ORIENTED_EDGE('',*,*,#2930,.T.);
#1868=ORIENTED_EDGE('',*,*,#2944,.F.);
#1869=ORIENTED_EDGE('',*,*,#2937,.F.);
#1870=ORIENTED_EDGE('',*,*,#2951,.F.);
#1871=ORIENTED_EDGE('',*,*,#2752,.T.);
#1872=ORIENTED_EDGE('',*,*,#2807,.T.);
#1873=ORIENTED_EDGE('',*,*,#2623,.F.);
#1874=ORIENTED_EDGE('',*,*,#3108,.F.);
#1875=ORIENTED_EDGE('',*,*,#2632,.F.);
#1876=ORIENTED_EDGE('',*,*,#3109,.T.);
#1877=ORIENTED_EDGE('',*,*,#2743,.T.);
#1878=ORIENTED_EDGE('',*,*,#3110,.T.);
#1879=ORIENTED_EDGE('',*,*,#2742,.T.);
#1880=ORIENTED_EDGE('',*,*,#3111,.T.);
#1881=ORIENTED_EDGE('',*,*,#2633,.F.);
#1882=ORIENTED_EDGE('',*,*,#3110,.F.);
#1883=ORIENTED_EDGE('',*,*,#2722,.T.);
#1884=ORIENTED_EDGE('',*,*,#2925,.T.);
#1885=ORIENTED_EDGE('',*,*,#2639,.F.);
#1886=ORIENTED_EDGE('',*,*,#3112,.F.);
#1887=ORIENTED_EDGE('',*,*,#2819,.T.);
#1888=ORIENTED_EDGE('',*,*,#3113,.T.);
#1889=ORIENTED_EDGE('',*,*,#2852,.T.);
#1890=ORIENTED_EDGE('',*,*,#3078,.T.);
#1891=ORIENTED_EDGE('',*,*,#3067,.T.);
#1892=ORIENTED_EDGE('',*,*,#2694,.F.);
#1893=ORIENTED_EDGE('',*,*,#3097,.T.);
#1894=ORIENTED_EDGE('',*,*,#3100,.T.);
#1895=ORIENTED_EDGE('',*,*,#2817,.F.);
#1896=ORIENTED_EDGE('',*,*,#3114,.T.);
#1897=ORIENTED_EDGE('',*,*,#2879,.F.);
#1898=ORIENTED_EDGE('',*,*,#2854,.F.);
#1899=ORIENTED_EDGE('',*,*,#3115,.T.);
#1900=ORIENTED_EDGE('',*,*,#2859,.F.);
#1901=ORIENTED_EDGE('',*,*,#3116,.T.);
#1902=ORIENTED_EDGE('',*,*,#2827,.F.);
#1903=ORIENTED_EDGE('',*,*,#2948,.T.);
#1904=ORIENTED_EDGE('',*,*,#2857,.T.);
#1905=ORIENTED_EDGE('',*,*,#3117,.T.);
#1906=ORIENTED_EDGE('',*,*,#2815,.T.);
#1907=ORIENTED_EDGE('',*,*,#3118,.T.);
#1908=ORIENTED_EDGE('',*,*,#2941,.F.);
#1909=ORIENTED_EDGE('',*,*,#3119,.T.);
#1910=ORIENTED_EDGE('',*,*,#2897,.T.);
#1911=ORIENTED_EDGE('',*,*,#3120,.T.);
#1912=ORIENTED_EDGE('',*,*,#2887,.T.);
#1913=ORIENTED_EDGE('',*,*,#3121,.T.);
#1914=ORIENTED_EDGE('',*,*,#2891,.F.);
#1915=ORIENTED_EDGE('',*,*,#3122,.T.);
#1916=ORIENTED_EDGE('',*,*,#2830,.F.);
#1917=ORIENTED_EDGE('',*,*,#2904,.F.);
#1918=ORIENTED_EDGE('',*,*,#2910,.F.);
#1919=ORIENTED_EDGE('',*,*,#3123,.T.);
#1920=ORIENTED_EDGE('',*,*,#2872,.F.);
#1921=ORIENTED_EDGE('',*,*,#2877,.F.);
#1922=ORIENTED_EDGE('',*,*,#2843,.F.);
#1923=ORIENTED_EDGE('',*,*,#3124,.T.);
#1924=ORIENTED_EDGE('',*,*,#2946,.T.);
#1925=ORIENTED_EDGE('',*,*,#3125,.T.);
#1926=ORIENTED_EDGE('',*,*,#2901,.F.);
#1927=ORIENTED_EDGE('',*,*,#3126,.T.);
#1928=ORIENTED_EDGE('',*,*,#2836,.F.);
#1929=ORIENTED_EDGE('',*,*,#2932,.F.);
#1930=ORIENTED_EDGE('',*,*,#2899,.F.);
#1931=ORIENTED_EDGE('',*,*,#3127,.T.);
#1932=ORIENTED_EDGE('',*,*,#2939,.T.);
#1933=ORIENTED_EDGE('',*,*,#2933,.F.);
#1934=ORIENTED_EDGE('',*,*,#2838,.F.);
#1935=ORIENTED_EDGE('',*,*,#3128,.T.);
#1936=ORIENTED_EDGE('',*,*,#2895,.F.);
#1937=ORIENTED_EDGE('',*,*,#3129,.T.);
#1938=ORIENTED_EDGE('',*,*,#2881,.T.);
#1939=ORIENTED_EDGE('',*,*,#3130,.T.);
#1940=ORIENTED_EDGE('',*,*,#2846,.F.);
#1941=ORIENTED_EDGE('',*,*,#3131,.T.);
#1942=ORIENTED_EDGE('',*,*,#2824,.F.);
#1943=ORIENTED_EDGE('',*,*,#2935,.F.);
#1944=ORIENTED_EDGE('',*,*,#2943,.T.);
#1945=ORIENTED_EDGE('',*,*,#3132,.T.);
#1946=ORIENTED_EDGE('',*,*,#2868,.F.);
#1947=ORIENTED_EDGE('',*,*,#3133,.T.);
#1948=ORIENTED_EDGE('',*,*,#2913,.F.);
#1949=ORIENTED_EDGE('',*,*,#2917,.T.);
#1950=ORIENTED_EDGE('',*,*,#2921,.T.);
#1951=ORIENTED_EDGE('',*,*,#2924,.T.);
#1952=ORIENTED_EDGE('',*,*,#3066,.T.);
#1953=ORIENTED_EDGE('',*,*,#2874,.F.);
#1954=ORIENTED_EDGE('',*,*,#2915,.F.);
#1955=ORIENTED_EDGE('',*,*,#3134,.T.);
#1956=ORIENTED_EDGE('',*,*,#2866,.F.);
#1957=ORIENTED_EDGE('',*,*,#3135,.T.);
#1958=ORIENTED_EDGE('',*,*,#2864,.F.);
#1959=ORIENTED_EDGE('',*,*,#3136,.T.);
#1960=ORIENTED_EDGE('',*,*,#2906,.F.);
#1961=ORIENTED_EDGE('',*,*,#3137,.T.);
#1962=ORIENTED_EDGE('',*,*,#2908,.T.);
#1963=ORIENTED_EDGE('',*,*,#3138,.T.);
#1964=ORIENTED_EDGE('',*,*,#2862,.T.);
#1965=ORIENTED_EDGE('',*,*,#3139,.T.);
#1966=ORIENTED_EDGE('',*,*,#3081,.T.);
#1967=ORIENTED_EDGE('',*,*,#3140,.T.);
#1968=ORIENTED_EDGE('',*,*,#2813,.T.);
#1969=ORIENTED_EDGE('',*,*,#3141,.F.);
#1970=ORIENTED_EDGE('',*,*,#3140,.F.);
#1971=ORIENTED_EDGE('',*,*,#3142,.T.);
#1972=ORIENTED_EDGE('',*,*,#3142,.F.);
#1973=ORIENTED_EDGE('',*,*,#3143,.F.);
#1974=ORIENTED_EDGE('',*,*,#3144,.T.);
#1975=ORIENTED_EDGE('',*,*,#3145,.T.);
#1976=ORIENTED_EDGE('',*,*,#2814,.F.);
#1977=ORIENTED_EDGE('',*,*,#3141,.T.);
#1978=ORIENTED_EDGE('',*,*,#3146,.F.);
#1979=ORIENTED_EDGE('',*,*,#3143,.T.);
#1980=ORIENTED_EDGE('',*,*,#3147,.T.);
#1981=ORIENTED_EDGE('',*,*,#3148,.F.);
#1982=ORIENTED_EDGE('',*,*,#3147,.F.);
#1983=ORIENTED_EDGE('',*,*,#3149,.F.);
#1984=ORIENTED_EDGE('',*,*,#3150,.T.);
#1985=ORIENTED_EDGE('',*,*,#3148,.T.);
#1986=ORIENTED_EDGE('',*,*,#3151,.T.);
#1987=ORIENTED_EDGE('',*,*,#3152,.F.);
#1988=ORIENTED_EDGE('',*,*,#3151,.F.);
#1989=ORIENTED_EDGE('',*,*,#3153,.F.);
#1990=ORIENTED_EDGE('',*,*,#3154,.T.);
#1991=ORIENTED_EDGE('',*,*,#3152,.T.);
#1992=ORIENTED_EDGE('',*,*,#3155,.F.);
#1993=ORIENTED_EDGE('',*,*,#3149,.T.);
#1994=ORIENTED_EDGE('',*,*,#3156,.F.);
#1995=ORIENTED_EDGE('',*,*,#3153,.T.);
#1996=ORIENTED_EDGE('',*,*,#2789,.T.);
#1997=ORIENTED_EDGE('',*,*,#3156,.T.);
#1998=ORIENTED_EDGE('',*,*,#2788,.T.);
#1999=ORIENTED_EDGE('',*,*,#3146,.T.);
#2000=ORIENTED_EDGE('',*,*,#2787,.T.);
#2001=ORIENTED_EDGE('',*,*,#3155,.T.);
#2002=ORIENTED_EDGE('',*,*,#2563,.F.);
#2003=ORIENTED_EDGE('',*,*,#3154,.F.);
#2004=ORIENTED_EDGE('',*,*,#2812,.F.);
#2005=ORIENTED_EDGE('',*,*,#2580,.F.);
#2006=ORIENTED_EDGE('',*,*,#3157,.T.);
#2007=ORIENTED_EDGE('',*,*,#2572,.F.);
#2008=ORIENTED_EDGE('',*,*,#3158,.F.);
#2009=ORIENTED_EDGE('',*,*,#2571,.F.);
#2010=ORIENTED_EDGE('',*,*,#3159,.T.);
#2011=ORIENTED_EDGE('',*,*,#3145,.F.);
#2012=ORIENTED_EDGE('',*,*,#3160,.T.);
#2013=ORIENTED_EDGE('',*,*,#2581,.F.);
#2014=ORIENTED_EDGE('',*,*,#3158,.T.);
#2015=ORIENTED_EDGE('',*,*,#2584,.F.);
#2016=ORIENTED_EDGE('',*,*,#3150,.F.);
#2017=ORIENTED_EDGE('',*,*,#2614,.T.);
#2018=ORIENTED_EDGE('',*,*,#3161,.T.);
#2019=ORIENTED_EDGE('',*,*,#2767,.F.);
#2020=ORIENTED_EDGE('',*,*,#3162,.T.);
#2021=ORIENTED_EDGE('',*,*,#2610,.T.);
#2022=ORIENTED_EDGE('',*,*,#3163,.T.);
#2023=ORIENTED_EDGE('',*,*,#2777,.F.);
#2024=ORIENTED_EDGE('',*,*,#3164,.T.);
#2025=ORIENTED_EDGE('',*,*,#2622,.T.);
#2026=ORIENTED_EDGE('',*,*,#3165,.T.);
#2027=ORIENTED_EDGE('',*,*,#2753,.F.);
#2028=ORIENTED_EDGE('',*,*,#3108,.T.);
#2029=ORIENTED_EDGE('',*,*,#2618,.T.);
#2030=ORIENTED_EDGE('',*,*,#3166,.T.);
#2031=ORIENTED_EDGE('',*,*,#2763,.F.);
#2032=ORIENTED_EDGE('',*,*,#3167,.T.);
#2033=ORIENTED_EDGE('',*,*,#2620,.T.);
#2034=ORIENTED_EDGE('',*,*,#3168,.T.);
#2035=ORIENTED_EDGE('',*,*,#2761,.F.);
#2036=ORIENTED_EDGE('',*,*,#3169,.F.);
#2037=ORIENTED_EDGE('',*,*,#3170,.T.);
#2038=ORIENTED_EDGE('',*,*,#3171,.T.);
#2039=ORIENTED_EDGE('',*,*,#2755,.F.);
#2040=ORIENTED_EDGE('',*,*,#3172,.T.);
#2041=ORIENTED_EDGE('',*,*,#2745,.F.);
#2042=ORIENTED_EDGE('',*,*,#3173,.T.);
#2043=ORIENTED_EDGE('',*,*,#2630,.T.);
#2044=ORIENTED_EDGE('',*,*,#3174,.T.);
#2045=ORIENTED_EDGE('',*,*,#2626,.T.);
#2046=ORIENTED_EDGE('',*,*,#3175,.T.);
#2047=ORIENTED_EDGE('',*,*,#2749,.F.);
#2048=ORIENTED_EDGE('',*,*,#3176,.T.);
#2049=ORIENTED_EDGE('',*,*,#2628,.T.);
#2050=ORIENTED_EDGE('',*,*,#3177,.T.);
#2051=ORIENTED_EDGE('',*,*,#2747,.F.);
#2052=ORIENTED_EDGE('',*,*,#3178,.T.);
#2053=ORIENTED_EDGE('',*,*,#2638,.T.);
#2054=ORIENTED_EDGE('',*,*,#3179,.T.);
#2055=ORIENTED_EDGE('',*,*,#2723,.F.);
#2056=ORIENTED_EDGE('',*,*,#3112,.T.);
#2057=ORIENTED_EDGE('',*,*,#2741,.F.);
#2058=ORIENTED_EDGE('',*,*,#3180,.T.);
#2059=ORIENTED_EDGE('',*,*,#2634,.T.);
#2060=ORIENTED_EDGE('',*,*,#3111,.F.);
#2061=ORIENTED_EDGE('',*,*,#3181,.T.);
#2062=ORIENTED_EDGE('',*,*,#3182,.T.);
#2063=ORIENTED_EDGE('',*,*,#2726,.F.);
#2064=ORIENTED_EDGE('',*,*,#2804,.F.);
#2065=ORIENTED_EDGE('',*,*,#2738,.F.);
#2066=ORIENTED_EDGE('',*,*,#3183,.T.);
#2067=ORIENTED_EDGE('',*,*,#3184,.T.);
#2068=ORIENTED_EDGE('',*,*,#2802,.F.);
#2069=ORIENTED_EDGE('',*,*,#2736,.F.);
#2070=ORIENTED_EDGE('',*,*,#3185,.T.);
#2071=ORIENTED_EDGE('',*,*,#3186,.T.);
#2072=ORIENTED_EDGE('',*,*,#3187,.T.);
#2073=ORIENTED_EDGE('',*,*,#2734,.F.);
#2074=ORIENTED_EDGE('',*,*,#3188,.T.);
#2075=ORIENTED_EDGE('',*,*,#3189,.T.);
#2076=ORIENTED_EDGE('',*,*,#3190,.T.);
#2077=ORIENTED_EDGE('',*,*,#2732,.F.);
#2078=ORIENTED_EDGE('',*,*,#3191,.T.);
#2079=ORIENTED_EDGE('',*,*,#3192,.T.);
#2080=ORIENTED_EDGE('',*,*,#3193,.T.);
#2081=ORIENTED_EDGE('',*,*,#2730,.F.);
#2082=ORIENTED_EDGE('',*,*,#3194,.T.);
#2083=ORIENTED_EDGE('',*,*,#3195,.T.);
#2084=ORIENTED_EDGE('',*,*,#3196,.T.);
#2085=ORIENTED_EDGE('',*,*,#2728,.F.);
#2086=ORIENTED_EDGE('',*,*,#3197,.T.);
#2087=ORIENTED_EDGE('',*,*,#3198,.T.);
#2088=ORIENTED_EDGE('',*,*,#3199,.T.);
#2089=ORIENTED_EDGE('',*,*,#3200,.F.);
#2090=ORIENTED_EDGE('',*,*,#3195,.F.);
#2091=ORIENTED_EDGE('',*,*,#3201,.T.);
#2092=ORIENTED_EDGE('',*,*,#3198,.F.);
#2093=ORIENTED_EDGE('',*,*,#3202,.T.);
#2094=ORIENTED_EDGE('',*,*,#3181,.F.);
#2095=ORIENTED_EDGE('',*,*,#2803,.F.);
#2096=ORIENTED_EDGE('',*,*,#3184,.F.);
#2097=ORIENTED_EDGE('',*,*,#3203,.T.);
#2098=ORIENTED_EDGE('',*,*,#3186,.F.);
#2099=ORIENTED_EDGE('',*,*,#3204,.T.);
#2100=ORIENTED_EDGE('',*,*,#3189,.F.);
#2101=ORIENTED_EDGE('',*,*,#3205,.T.);
#2102=ORIENTED_EDGE('',*,*,#3192,.F.);
#2103=ORIENTED_EDGE('',*,*,#3206,.T.);
#2104=ORIENTED_EDGE('',*,*,#2760,.T.);
#2105=ORIENTED_EDGE('',*,*,#3207,.T.);
#2106=ORIENTED_EDGE('',*,*,#3208,.F.);
#2107=ORIENTED_EDGE('',*,*,#3169,.T.);
#2108=ORIENTED_EDGE('',*,*,#3209,.F.);
#2109=ORIENTED_EDGE('',*,*,#3210,.T.);
#2110=ORIENTED_EDGE('',*,*,#2758,.T.);
#2111=ORIENTED_EDGE('',*,*,#3211,.T.);
#2112=ORIENTED_EDGE('',*,*,#3212,.F.);
#2113=ORIENTED_EDGE('',*,*,#3213,.T.);
#2114=ORIENTED_EDGE('',*,*,#2756,.T.);
#2115=ORIENTED_EDGE('',*,*,#3171,.F.);
#2116=ORIENTED_EDGE('',*,*,#3214,.F.);
#2117=ORIENTED_EDGE('',*,*,#3208,.T.);
#2118=ORIENTED_EDGE('',*,*,#3215,.T.);
#2119=ORIENTED_EDGE('',*,*,#3209,.T.);
#2120=ORIENTED_EDGE('',*,*,#3216,.T.);
#2121=ORIENTED_EDGE('',*,*,#3212,.T.);
#2122=ORIENTED_EDGE('',*,*,#3170,.F.);
#2123=ORIENTED_EDGE('',*,*,#2774,.F.);
#2124=ORIENTED_EDGE('',*,*,#3217,.T.);
#2125=ORIENTED_EDGE('',*,*,#3218,.T.);
#2126=ORIENTED_EDGE('',*,*,#2797,.T.);
#2127=ORIENTED_EDGE('',*,*,#3219,.T.);
#2128=ORIENTED_EDGE('',*,*,#3220,.T.);
#2129=ORIENTED_EDGE('',*,*,#2772,.F.);
#2130=ORIENTED_EDGE('',*,*,#3221,.T.);
#2131=ORIENTED_EDGE('',*,*,#3222,.T.);
#2132=ORIENTED_EDGE('',*,*,#3223,.T.);
#2133=ORIENTED_EDGE('',*,*,#2770,.F.);
#2134=ORIENTED_EDGE('',*,*,#2799,.F.);
#2135=ORIENTED_EDGE('',*,*,#3224,.F.);
#2136=ORIENTED_EDGE('',*,*,#3218,.F.);
#2137=ORIENTED_EDGE('',*,*,#3225,.T.);
#2138=ORIENTED_EDGE('',*,*,#3219,.F.);
#2139=ORIENTED_EDGE('',*,*,#3226,.T.);
#2140=ORIENTED_EDGE('',*,*,#3222,.F.);
#2141=ORIENTED_EDGE('',*,*,#2798,.F.);
#2142=ORIENTED_EDGE('',*,*,#3224,.T.);
#2143=ORIENTED_EDGE('',*,*,#3227,.T.);
#2144=ORIENTED_EDGE('',*,*,#3214,.T.);
#2145=ORIENTED_EDGE('',*,*,#3228,.T.);
#2146=ORIENTED_EDGE('',*,*,#3200,.T.);
#2147=ORIENTED_EDGE('',*,*,#3229,.T.);
#2148=ORIENTED_EDGE('',*,*,#3230,.F.);
#2149=ORIENTED_EDGE('',*,*,#2562,.T.);
#2150=ORIENTED_EDGE('',*,*,#3229,.F.);
#2151=ORIENTED_EDGE('',*,*,#3230,.T.);
#2152=ORIENTED_EDGE('',*,*,#3231,.F.);
#2153=ORIENTED_EDGE('',*,*,#2561,.T.);
#2154=ORIENTED_EDGE('',*,*,#3228,.F.);
#2155=ORIENTED_EDGE('',*,*,#3231,.T.);
#2156=ORIENTED_EDGE('',*,*,#3232,.F.);
#2157=ORIENTED_EDGE('',*,*,#2560,.T.);
#2158=ORIENTED_EDGE('',*,*,#3227,.F.);
#2159=ORIENTED_EDGE('',*,*,#3232,.T.);
#2160=ORIENTED_EDGE('',*,*,#2605,.T.);
#2161=ORIENTED_EDGE('',*,*,#3233,.T.);
#2162=ORIENTED_EDGE('',*,*,#2782,.F.);
#2163=ORIENTED_EDGE('',*,*,#3234,.T.);
#2164=ORIENTED_EDGE('',*,*,#2784,.F.);
#2165=ORIENTED_EDGE('',*,*,#3235,.T.);
#2166=ORIENTED_EDGE('',*,*,#2603,.T.);
#2167=ORIENTED_EDGE('',*,*,#3236,.T.);
#2168=ORIENTED_EDGE('',*,*,#2660,.T.);
#2169=ORIENTED_EDGE('',*,*,#3237,.F.);
#2170=ORIENTED_EDGE('',*,*,#2714,.F.);
#2171=ORIENTED_EDGE('',*,*,#3238,.T.);
#2172=ORIENTED_EDGE('',*,*,#2585,.T.);
#2173=ORIENTED_EDGE('',*,*,#3239,.T.);
#2174=ORIENTED_EDGE('',*,*,#2587,.T.);
#2175=ORIENTED_EDGE('',*,*,#3240,.T.);
#2176=ORIENTED_EDGE('',*,*,#2712,.F.);
#2177=ORIENTED_EDGE('',*,*,#3241,.F.);
#2178=ORIENTED_EDGE('',*,*,#2654,.T.);
#2179=ORIENTED_EDGE('',*,*,#3242,.T.);
#2180=ORIENTED_EDGE('',*,*,#2710,.F.);
#2181=ORIENTED_EDGE('',*,*,#3243,.F.);
#2182=ORIENTED_EDGE('',*,*,#2656,.T.);
#2183=ORIENTED_EDGE('',*,*,#3244,.T.);
#2184=ORIENTED_EDGE('',*,*,#2703,.F.);
#2185=ORIENTED_EDGE('',*,*,#3245,.T.);
#2186=ORIENTED_EDGE('',*,*,#2697,.F.);
#2187=ORIENTED_EDGE('',*,*,#3246,.F.);
#2188=ORIENTED_EDGE('',*,*,#2657,.T.);
#2189=ORIENTED_EDGE('',*,*,#3243,.T.);
#2190=ORIENTED_EDGE('',*,*,#2709,.F.);
#2191=ORIENTED_EDGE('',*,*,#3247,.T.);
#2192=ORIENTED_EDGE('',*,*,#2786,.T.);
#2193=ORIENTED_EDGE('',*,*,#3248,.F.);
#2194=ORIENTED_EDGE('',*,*,#2658,.F.);
#2195=ORIENTED_EDGE('',*,*,#3246,.T.);
#2196=ORIENTED_EDGE('',*,*,#3237,.T.);
#2197=ORIENTED_EDGE('',*,*,#2659,.F.);
#2198=ORIENTED_EDGE('',*,*,#3248,.T.);
#2199=ORIENTED_EDGE('',*,*,#2785,.T.);
#2200=ORIENTED_EDGE('',*,*,#3241,.T.);
#2201=ORIENTED_EDGE('',*,*,#2711,.T.);
#2202=ORIENTED_EDGE('',*,*,#3244,.F.);
#2203=ORIENTED_EDGE('',*,*,#2655,.F.);
#2204=ORIENTED_EDGE('',*,*,#2674,.T.);
#2205=ORIENTED_EDGE('',*,*,#2559,.F.);
#2206=ORIENTED_EDGE('',*,*,#2675,.F.);
#2207=ORIENTED_EDGE('',*,*,#2650,.T.);
#2208=ORIENTED_EDGE('',*,*,#2651,.T.);
#2209=ORIENTED_EDGE('',*,*,#2558,.F.);
#2210=ORIENTED_EDGE('',*,*,#3249,.T.);
#2211=ORIENTED_EDGE('',*,*,#3250,.T.);
#2212=ORIENTED_EDGE('',*,*,#2564,.F.);
#2213=ORIENTED_EDGE('',*,*,#3251,.T.);
#2214=ORIENTED_EDGE('',*,*,#2566,.F.);
#2215=ORIENTED_EDGE('',*,*,#3252,.T.);
#2216=ORIENTED_EDGE('',*,*,#3253,.T.);
#2217=ORIENTED_EDGE('',*,*,#3254,.T.);
#2218=ORIENTED_EDGE('',*,*,#3255,.T.);
#2219=ORIENTED_EDGE('',*,*,#3256,.T.);
#2220=ORIENTED_EDGE('',*,*,#2568,.F.);
#2221=ORIENTED_EDGE('',*,*,#3257,.T.);
#2222=ORIENTED_EDGE('',*,*,#3258,.T.);
#2223=ORIENTED_EDGE('',*,*,#3259,.T.);
#2224=ORIENTED_EDGE('',*,*,#2582,.F.);
#2225=ORIENTED_EDGE('',*,*,#3160,.F.);
#2226=ORIENTED_EDGE('',*,*,#3260,.F.);
#2227=ORIENTED_EDGE('',*,*,#3159,.F.);
#2228=ORIENTED_EDGE('',*,*,#2570,.F.);
#2229=ORIENTED_EDGE('',*,*,#3261,.T.);
#2230=ORIENTED_EDGE('',*,*,#3144,.F.);
#2231=ORIENTED_EDGE('',*,*,#3260,.T.);
#2232=ORIENTED_EDGE('',*,*,#3262,.T.);
#2233=ORIENTED_EDGE('',*,*,#3263,.T.);
#2234=ORIENTED_EDGE('',*,*,#3264,.F.);
#2235=ORIENTED_EDGE('',*,*,#2574,.F.);
#2236=ORIENTED_EDGE('',*,*,#3265,.T.);
#2237=ORIENTED_EDGE('',*,*,#3266,.T.);
#2238=ORIENTED_EDGE('',*,*,#2575,.F.);
#2239=ORIENTED_EDGE('',*,*,#3264,.T.);
#2240=ORIENTED_EDGE('',*,*,#3267,.T.);
#2241=ORIENTED_EDGE('',*,*,#3268,.T.);
#2242=ORIENTED_EDGE('',*,*,#2577,.F.);
#2243=ORIENTED_EDGE('',*,*,#3269,.T.);
#2244=ORIENTED_EDGE('',*,*,#2579,.F.);
#2245=ORIENTED_EDGE('',*,*,#3270,.T.);
#2246=ORIENTED_EDGE('',*,*,#3271,.T.);
#2247=ORIENTED_EDGE('',*,*,#3262,.F.);
#2248=ORIENTED_EDGE('',*,*,#2573,.F.);
#2249=ORIENTED_EDGE('',*,*,#3157,.F.);
#2250=ORIENTED_EDGE('',*,*,#2586,.F.);
#2251=ORIENTED_EDGE('',*,*,#3238,.F.);
#2252=ORIENTED_EDGE('',*,*,#2713,.F.);
#2253=ORIENTED_EDGE('',*,*,#3240,.F.);
#2254=ORIENTED_EDGE('',*,*,#2649,.F.);
#2255=ORIENTED_EDGE('',*,*,#2691,.F.);
#2256=ORIENTED_EDGE('',*,*,#2715,.F.);
#2257=ORIENTED_EDGE('',*,*,#3239,.F.);
#2258=ORIENTED_EDGE('',*,*,#2590,.F.);
#2259=ORIENTED_EDGE('',*,*,#2688,.F.);
#2260=ORIENTED_EDGE('',*,*,#2673,.F.);
#2261=ORIENTED_EDGE('',*,*,#2678,.F.);
#2262=ORIENTED_EDGE('',*,*,#2588,.F.);
#2263=ORIENTED_EDGE('',*,*,#3242,.F.);
#2264=ORIENTED_EDGE('',*,*,#2653,.F.);
#2265=ORIENTED_EDGE('',*,*,#2689,.F.);
#2266=ORIENTED_EDGE('',*,*,#2594,.F.);
#2267=ORIENTED_EDGE('',*,*,#2684,.F.);
#2268=ORIENTED_EDGE('',*,*,#2669,.F.);
#2269=ORIENTED_EDGE('',*,*,#2682,.F.);
#2270=ORIENTED_EDGE('',*,*,#2592,.F.);
#2271=ORIENTED_EDGE('',*,*,#2679,.F.);
#2272=ORIENTED_EDGE('',*,*,#2671,.F.);
#2273=ORIENTED_EDGE('',*,*,#2685,.F.);
#2274=ORIENTED_EDGE('',*,*,#2596,.F.);
#2275=ORIENTED_EDGE('',*,*,#2683,.F.);
#2276=ORIENTED_EDGE('',*,*,#2667,.F.);
#2277=ORIENTED_EDGE('',*,*,#2680,.F.);
#2278=ORIENTED_EDGE('',*,*,#2598,.F.);
#2279=ORIENTED_EDGE('',*,*,#2681,.F.);
#2280=ORIENTED_EDGE('',*,*,#2665,.F.);
#2281=ORIENTED_EDGE('',*,*,#2676,.F.);
#2282=ORIENTED_EDGE('',*,*,#2604,.F.);
#2283=ORIENTED_EDGE('',*,*,#3235,.F.);
#2284=ORIENTED_EDGE('',*,*,#2783,.F.);
#2285=ORIENTED_EDGE('',*,*,#3233,.F.);
#2286=ORIENTED_EDGE('',*,*,#2606,.F.);
#2287=ORIENTED_EDGE('',*,*,#3234,.F.);
#2288=ORIENTED_EDGE('',*,*,#2781,.F.);
#2289=ORIENTED_EDGE('',*,*,#2953,.F.);
#2290=ORIENTED_EDGE('',*,*,#2602,.F.);
#2291=ORIENTED_EDGE('',*,*,#2686,.F.);
#2292=ORIENTED_EDGE('',*,*,#2661,.F.);
#2293=ORIENTED_EDGE('',*,*,#3236,.F.);
#2294=ORIENTED_EDGE('',*,*,#2600,.F.);
#2295=ORIENTED_EDGE('',*,*,#2677,.F.);
#2296=ORIENTED_EDGE('',*,*,#2663,.F.);
#2297=ORIENTED_EDGE('',*,*,#2687,.F.);
#2298=ORIENTED_EDGE('',*,*,#2609,.F.);
#2299=ORIENTED_EDGE('',*,*,#2810,.F.);
#2300=ORIENTED_EDGE('',*,*,#2778,.F.);
#2301=ORIENTED_EDGE('',*,*,#3163,.F.);
#2302=ORIENTED_EDGE('',*,*,#2611,.F.);
#2303=ORIENTED_EDGE('',*,*,#3164,.F.);
#2304=ORIENTED_EDGE('',*,*,#2776,.F.);
#2305=ORIENTED_EDGE('',*,*,#2796,.F.);
#2306=ORIENTED_EDGE('',*,*,#3225,.F.);
#2307=ORIENTED_EDGE('',*,*,#3217,.F.);
#2308=ORIENTED_EDGE('',*,*,#2773,.F.);
#2309=ORIENTED_EDGE('',*,*,#3220,.F.);
#2310=ORIENTED_EDGE('',*,*,#3226,.F.);
#2311=ORIENTED_EDGE('',*,*,#3221,.F.);
#2312=ORIENTED_EDGE('',*,*,#2771,.F.);
#2313=ORIENTED_EDGE('',*,*,#3223,.F.);
#2314=ORIENTED_EDGE('',*,*,#2613,.F.);
#2315=ORIENTED_EDGE('',*,*,#2800,.F.);
#2316=ORIENTED_EDGE('',*,*,#2768,.F.);
#2317=ORIENTED_EDGE('',*,*,#3161,.F.);
#2318=ORIENTED_EDGE('',*,*,#2615,.F.);
#2319=ORIENTED_EDGE('',*,*,#3162,.F.);
#2320=ORIENTED_EDGE('',*,*,#2766,.F.);
#2321=ORIENTED_EDGE('',*,*,#2808,.F.);
#2322=ORIENTED_EDGE('',*,*,#2617,.F.);
#2323=ORIENTED_EDGE('',*,*,#2809,.F.);
#2324=ORIENTED_EDGE('',*,*,#2764,.F.);
#2325=ORIENTED_EDGE('',*,*,#3166,.F.);
#2326=ORIENTED_EDGE('',*,*,#2619,.F.);
#2327=ORIENTED_EDGE('',*,*,#3167,.F.);
#2328=ORIENTED_EDGE('',*,*,#2762,.F.);
#2329=ORIENTED_EDGE('',*,*,#3168,.F.);
#2330=ORIENTED_EDGE('',*,*,#3215,.F.);
#2331=ORIENTED_EDGE('',*,*,#3207,.F.);
#2332=ORIENTED_EDGE('',*,*,#2759,.F.);
#2333=ORIENTED_EDGE('',*,*,#3210,.F.);
#2334=ORIENTED_EDGE('',*,*,#3216,.F.);
#2335=ORIENTED_EDGE('',*,*,#3211,.F.);
#2336=ORIENTED_EDGE('',*,*,#2757,.F.);
#2337=ORIENTED_EDGE('',*,*,#3213,.F.);
#2338=ORIENTED_EDGE('',*,*,#2621,.F.);
#2339=ORIENTED_EDGE('',*,*,#3172,.F.);
#2340=ORIENTED_EDGE('',*,*,#2754,.F.);
#2341=ORIENTED_EDGE('',*,*,#3165,.F.);
#2342=ORIENTED_EDGE('',*,*,#2625,.F.);
#2343=ORIENTED_EDGE('',*,*,#2806,.F.);
#2344=ORIENTED_EDGE('',*,*,#2750,.F.);
#2345=ORIENTED_EDGE('',*,*,#3175,.F.);
#2346=ORIENTED_EDGE('',*,*,#2627,.F.);
#2347=ORIENTED_EDGE('',*,*,#3176,.F.);
#2348=ORIENTED_EDGE('',*,*,#2748,.F.);
#2349=ORIENTED_EDGE('',*,*,#3177,.F.);
#2350=ORIENTED_EDGE('',*,*,#2631,.F.);
#2351=ORIENTED_EDGE('',*,*,#3173,.F.);
#2352=ORIENTED_EDGE('',*,*,#2744,.F.);
#2353=ORIENTED_EDGE('',*,*,#3109,.F.);
#2354=ORIENTED_EDGE('',*,*,#2629,.F.);
#2355=ORIENTED_EDGE('',*,*,#3178,.F.);
#2356=ORIENTED_EDGE('',*,*,#2746,.F.);
#2357=ORIENTED_EDGE('',*,*,#3174,.F.);
#2358=ORIENTED_EDGE('',*,*,#2635,.F.);
#2359=ORIENTED_EDGE('',*,*,#3180,.F.);
#2360=ORIENTED_EDGE('',*,*,#2740,.F.);
#2361=ORIENTED_EDGE('',*,*,#2801,.F.);
#2362=ORIENTED_EDGE('',*,*,#2637,.F.);
#2363=ORIENTED_EDGE('',*,*,#2805,.F.);
#2364=ORIENTED_EDGE('',*,*,#2724,.F.);
#2365=ORIENTED_EDGE('',*,*,#3179,.F.);
#2366=ORIENTED_EDGE('',*,*,#3202,.F.);
#2367=ORIENTED_EDGE('',*,*,#3197,.F.);
#2368=ORIENTED_EDGE('',*,*,#2727,.F.);
#2369=ORIENTED_EDGE('',*,*,#3182,.F.);
#2370=ORIENTED_EDGE('',*,*,#3201,.F.);
#2371=ORIENTED_EDGE('',*,*,#3194,.F.);
#2372=ORIENTED_EDGE('',*,*,#2729,.F.);
#2373=ORIENTED_EDGE('',*,*,#3199,.F.);
#2374=ORIENTED_EDGE('',*,*,#3206,.F.);
#2375=ORIENTED_EDGE('',*,*,#3191,.F.);
#2376=ORIENTED_EDGE('',*,*,#2731,.F.);
#2377=ORIENTED_EDGE('',*,*,#3196,.F.);
#2378=ORIENTED_EDGE('',*,*,#3205,.F.);
#2379=ORIENTED_EDGE('',*,*,#3188,.F.);
#2380=ORIENTED_EDGE('',*,*,#2733,.F.);
#2381=ORIENTED_EDGE('',*,*,#3193,.F.);
#2382=ORIENTED_EDGE('',*,*,#3204,.F.);
#2383=ORIENTED_EDGE('',*,*,#3185,.F.);
#2384=ORIENTED_EDGE('',*,*,#2735,.F.);
#2385=ORIENTED_EDGE('',*,*,#3190,.F.);
#2386=ORIENTED_EDGE('',*,*,#3203,.F.);
#2387=ORIENTED_EDGE('',*,*,#3183,.F.);
#2388=ORIENTED_EDGE('',*,*,#2737,.F.);
#2389=ORIENTED_EDGE('',*,*,#3187,.F.);
#2390=ORIENTED_EDGE('',*,*,#2907,.F.);
#2391=ORIENTED_EDGE('',*,*,#3136,.F.);
#2392=ORIENTED_EDGE('',*,*,#2863,.F.);
#2393=ORIENTED_EDGE('',*,*,#3138,.F.);
#2394=ORIENTED_EDGE('',*,*,#2909,.F.);
#2395=ORIENTED_EDGE('',*,*,#3139,.F.);
#2396=ORIENTED_EDGE('',*,*,#2873,.F.);
#2397=ORIENTED_EDGE('',*,*,#3123,.F.);
#2398=ORIENTED_EDGE('',*,*,#2914,.F.);
#2399=ORIENTED_EDGE('',*,*,#3133,.F.);
#2400=ORIENTED_EDGE('',*,*,#2867,.F.);
#2401=ORIENTED_EDGE('',*,*,#3134,.F.);
#2402=ORIENTED_EDGE('',*,*,#2916,.F.);
#2403=ORIENTED_EDGE('',*,*,#3135,.F.);
#2404=ORIENTED_EDGE('',*,*,#2865,.F.);
#2405=ORIENTED_EDGE('',*,*,#3137,.F.);
#2406=ORIENTED_EDGE('',*,*,#2816,.F.);
#2407=ORIENTED_EDGE('',*,*,#3117,.F.);
#2408=ORIENTED_EDGE('',*,*,#2856,.F.);
#2409=ORIENTED_EDGE('',*,*,#2880,.F.);
#2410=ORIENTED_EDGE('',*,*,#3114,.F.);
#2411=ORIENTED_EDGE('',*,*,#2818,.F.);
#2412=ORIENTED_EDGE('',*,*,#3115,.F.);
#2413=ORIENTED_EDGE('',*,*,#2853,.F.);
#2414=ORIENTED_EDGE('',*,*,#3113,.F.);
#2415=ORIENTED_EDGE('',*,*,#2825,.F.);
#2416=ORIENTED_EDGE('',*,*,#3131,.F.);
#2417=ORIENTED_EDGE('',*,*,#2861,.F.);
#2418=ORIENTED_EDGE('',*,*,#2947,.F.);
#2419=ORIENTED_EDGE('',*,*,#2828,.F.);
#2420=ORIENTED_EDGE('',*,*,#3116,.F.);
#2421=ORIENTED_EDGE('',*,*,#2858,.F.);
#2422=ORIENTED_EDGE('',*,*,#3118,.F.);
#2423=ORIENTED_EDGE('',*,*,#2940,.F.);
#2424=ORIENTED_EDGE('',*,*,#3127,.F.);
#2425=ORIENTED_EDGE('',*,*,#2898,.F.);
#2426=ORIENTED_EDGE('',*,*,#3119,.F.);
#2427=ORIENTED_EDGE('',*,*,#2942,.F.);
#2428=ORIENTED_EDGE('',*,*,#3120,.F.);
#2429=ORIENTED_EDGE('',*,*,#2896,.F.);
#2430=ORIENTED_EDGE('',*,*,#3132,.F.);
#2431=ORIENTED_EDGE('',*,*,#2831,.F.);
#2432=ORIENTED_EDGE('',*,*,#3122,.F.);
#2433=ORIENTED_EDGE('',*,*,#2902,.F.);
#2434=ORIENTED_EDGE('',*,*,#3125,.F.);
#2435=ORIENTED_EDGE('',*,*,#2945,.F.);
#2436=ORIENTED_EDGE('',*,*,#2928,.F.);
#2437=ORIENTED_EDGE('',*,*,#2837,.F.);
#2438=ORIENTED_EDGE('',*,*,#3126,.F.);
#2439=ORIENTED_EDGE('',*,*,#2900,.F.);
#2440=ORIENTED_EDGE('',*,*,#3128,.F.);
#2441=ORIENTED_EDGE('',*,*,#3129,.F.);
#2442=ORIENTED_EDGE('',*,*,#2894,.F.);
#2443=ORIENTED_EDGE('',*,*,#3272,.F.);
#2444=ORIENTED_EDGE('',*,*,#2882,.F.);
#2445=ORIENTED_EDGE('',*,*,#3272,.T.);
#2446=ORIENTED_EDGE('',*,*,#2893,.F.);
#2447=ORIENTED_EDGE('',*,*,#3273,.F.);
#2448=ORIENTED_EDGE('',*,*,#3095,.F.);
#2449=ORIENTED_EDGE('',*,*,#3121,.F.);
#2450=ORIENTED_EDGE('',*,*,#2886,.F.);
#2451=ORIENTED_EDGE('',*,*,#3273,.T.);
#2452=ORIENTED_EDGE('',*,*,#2892,.F.);
#2453=ORIENTED_EDGE('',*,*,#3124,.F.);
#2454=ORIENTED_EDGE('',*,*,#2842,.F.);
#2455=ORIENTED_EDGE('',*,*,#3274,.F.);
#2456=ORIENTED_EDGE('',*,*,#2888,.F.);
#2457=ORIENTED_EDGE('',*,*,#3274,.T.);
#2458=ORIENTED_EDGE('',*,*,#2841,.F.);
#2459=ORIENTED_EDGE('',*,*,#3275,.F.);
#2460=ORIENTED_EDGE('',*,*,#3096,.F.);
#2461=ORIENTED_EDGE('',*,*,#2889,.F.);
#2462=ORIENTED_EDGE('',*,*,#3275,.T.);
#2463=ORIENTED_EDGE('',*,*,#3074,.F.);
#2464=ORIENTED_EDGE('',*,*,#3276,.F.);
#2465=ORIENTED_EDGE('',*,*,#3093,.F.);
#2466=ORIENTED_EDGE('',*,*,#3276,.T.);
#2467=ORIENTED_EDGE('',*,*,#2848,.F.);
#2468=ORIENTED_EDGE('',*,*,#3277,.F.);
#2469=ORIENTED_EDGE('',*,*,#3094,.F.);
#2470=ORIENTED_EDGE('',*,*,#3130,.F.);
#2471=ORIENTED_EDGE('',*,*,#2884,.F.);
#2472=ORIENTED_EDGE('',*,*,#3277,.T.);
#2473=ORIENTED_EDGE('',*,*,#2847,.F.);
#2474=ORIENTED_EDGE('',*,*,#3278,.F.);
#2475=ORIENTED_EDGE('',*,*,#3261,.F.);
#2476=ORIENTED_EDGE('',*,*,#2569,.F.);
#2477=ORIENTED_EDGE('',*,*,#3256,.F.);
#2478=ORIENTED_EDGE('',*,*,#3279,.F.);
#2479=ORIENTED_EDGE('',*,*,#3278,.T.);
#2480=ORIENTED_EDGE('',*,*,#3280,.F.);
#2481=ORIENTED_EDGE('',*,*,#2567,.F.);
#2482=ORIENTED_EDGE('',*,*,#3254,.F.);
#2483=ORIENTED_EDGE('',*,*,#3281,.F.);
#2484=ORIENTED_EDGE('',*,*,#3257,.F.);
#2485=ORIENTED_EDGE('',*,*,#3280,.T.);
#2486=ORIENTED_EDGE('',*,*,#3255,.F.);
#2487=ORIENTED_EDGE('',*,*,#3282,.F.);
#2488=ORIENTED_EDGE('',*,*,#2701,.F.);
#2489=ORIENTED_EDGE('',*,*,#3279,.T.);
#2490=ORIENTED_EDGE('',*,*,#2700,.F.);
#2491=ORIENTED_EDGE('',*,*,#3283,.F.);
#2492=ORIENTED_EDGE('',*,*,#3258,.F.);
#2493=ORIENTED_EDGE('',*,*,#2583,.F.);
#2494=ORIENTED_EDGE('',*,*,#3259,.F.);
#2495=ORIENTED_EDGE('',*,*,#3284,.F.);
#2496=ORIENTED_EDGE('',*,*,#3251,.F.);
#2497=ORIENTED_EDGE('',*,*,#3282,.T.);
#2498=ORIENTED_EDGE('',*,*,#3281,.T.);
#2499=ORIENTED_EDGE('',*,*,#3285,.F.);
#2500=ORIENTED_EDGE('',*,*,#3284,.T.);
#2501=ORIENTED_EDGE('',*,*,#3283,.T.);
#2502=ORIENTED_EDGE('',*,*,#3286,.F.);
#2503=ORIENTED_EDGE('',*,*,#3285,.T.);
#2504=ORIENTED_EDGE('',*,*,#3253,.F.);
#2505=ORIENTED_EDGE('',*,*,#3287,.F.);
#2506=ORIENTED_EDGE('',*,*,#2698,.F.);
#2507=ORIENTED_EDGE('',*,*,#3245,.F.);
#2508=ORIENTED_EDGE('',*,*,#2702,.F.);
#2509=ORIENTED_EDGE('',*,*,#3286,.T.);
#2510=ORIENTED_EDGE('',*,*,#2699,.F.);
#2511=ORIENTED_EDGE('',*,*,#3288,.F.);
#2512=ORIENTED_EDGE('',*,*,#3249,.F.);
#2513=ORIENTED_EDGE('',*,*,#3288,.T.);
#2514=ORIENTED_EDGE('',*,*,#3287,.T.);
#2515=ORIENTED_EDGE('',*,*,#3289,.F.);
#2516=ORIENTED_EDGE('',*,*,#2565,.F.);
#2517=ORIENTED_EDGE('',*,*,#3250,.F.);
#2518=ORIENTED_EDGE('',*,*,#3289,.T.);
#2519=ORIENTED_EDGE('',*,*,#3252,.F.);
#2520=ORIENTED_EDGE('',*,*,#3290,.F.);
#2521=ORIENTED_EDGE('',*,*,#3265,.F.);
#2522=ORIENTED_EDGE('',*,*,#3291,.F.);
#2523=ORIENTED_EDGE('',*,*,#2704,.F.);
#2524=ORIENTED_EDGE('',*,*,#3247,.F.);
#2525=ORIENTED_EDGE('',*,*,#2708,.F.);
#2526=ORIENTED_EDGE('',*,*,#2576,.F.);
#2527=ORIENTED_EDGE('',*,*,#3266,.F.);
#2528=ORIENTED_EDGE('',*,*,#3292,.F.);
#2529=ORIENTED_EDGE('',*,*,#3269,.F.);
#2530=ORIENTED_EDGE('',*,*,#3291,.T.);
#2531=ORIENTED_EDGE('',*,*,#3263,.F.);
#2532=ORIENTED_EDGE('',*,*,#3293,.F.);
#2533=ORIENTED_EDGE('',*,*,#2705,.F.);
#2534=ORIENTED_EDGE('',*,*,#3292,.T.);
#2535=ORIENTED_EDGE('',*,*,#3290,.T.);
#2536=ORIENTED_EDGE('',*,*,#3294,.F.);
#2537=ORIENTED_EDGE('',*,*,#3293,.T.);
#2538=ORIENTED_EDGE('',*,*,#3271,.F.);
#2539=ORIENTED_EDGE('',*,*,#3295,.F.);
#2540=ORIENTED_EDGE('',*,*,#2706,.F.);
#2541=ORIENTED_EDGE('',*,*,#3294,.T.);
#2542=ORIENTED_EDGE('',*,*,#2707,.F.);
#2543=ORIENTED_EDGE('',*,*,#3296,.F.);
#2544=ORIENTED_EDGE('',*,*,#3267,.F.);
#2545=ORIENTED_EDGE('',*,*,#3296,.T.);
#2546=ORIENTED_EDGE('',*,*,#3295,.T.);
#2547=ORIENTED_EDGE('',*,*,#3297,.F.);
#2548=ORIENTED_EDGE('',*,*,#2578,.F.);
#2549=ORIENTED_EDGE('',*,*,#3268,.F.);
#2550=ORIENTED_EDGE('',*,*,#3297,.T.);
#2551=ORIENTED_EDGE('',*,*,#3270,.F.);
#2552=ORIENTED_EDGE('',*,*,#3298,.F.);
#2553=ORIENTED_EDGE('',*,*,#3065,.T.);
#2554=ORIENTED_EDGE('',*,*,#3299,.F.);
#2555=ORIENTED_EDGE('',*,*,#3298,.T.);
#2556=ORIENTED_EDGE('',*,*,#3299,.T.);
#2557=ORIENTED_EDGE('',*,*,#2920,.F.);
#2558=EDGE_CURVE('',#3300,#3300,#3794,.T.);
#2559=EDGE_CURVE('',#3301,#3301,#3795,.T.);
#2560=EDGE_CURVE('',#3302,#3302,#3796,.F.);
#2561=EDGE_CURVE('',#3303,#3303,#3797,.F.);
#2562=EDGE_CURVE('',#3304,#3304,#3798,.F.);
#2563=EDGE_CURVE('',#3305,#3305,#3799,.T.);
#2564=EDGE_CURVE('',#3306,#3307,#3800,.T.);
#2565=EDGE_CURVE('',#3307,#3308,#3801,.F.);
#2566=EDGE_CURVE('',#3308,#3309,#3802,.T.);
#2567=EDGE_CURVE('',#3309,#3310,#3803,.F.);
#2568=EDGE_CURVE('',#3310,#3311,#3804,.T.);
#2569=EDGE_CURVE('',#3311,#3312,#3805,.F.);
#2570=EDGE_CURVE('',#3312,#3313,#3806,.T.);
#2571=EDGE_CURVE('',#3313,#3314,#3807,.T.);
#2572=EDGE_CURVE('',#3314,#3315,#1020,.T.);
#2573=EDGE_CURVE('',#3315,#3316,#3808,.T.);
#2574=EDGE_CURVE('',#3316,#3317,#3809,.T.);
#2575=EDGE_CURVE('',#3317,#3318,#3810,.T.);
#2576=EDGE_CURVE('',#3318,#3319,#3811,.F.);
#2577=EDGE_CURVE('',#3319,#3320,#3812,.T.);
#2578=EDGE_CURVE('',#3320,#3321,#3813,.F.);
#2579=EDGE_CURVE('',#3321,#3322,#3814,.T.);
#2580=EDGE_CURVE('',#3322,#3323,#1021,.T.);
#2581=EDGE_CURVE('',#3323,#3324,#3815,.T.);
#2582=EDGE_CURVE('',#3324,#3325,#3816,.T.);
#2583=EDGE_CURVE('',#3325,#3306,#3817,.F.);
#2584=EDGE_CURVE('',#3326,#3326,#3818,.T.);
#2585=EDGE_CURVE('',#3327,#3328,#204,.T.);
#2586=EDGE_CURVE('',#3327,#3329,#3819,.F.);
#2587=EDGE_CURVE('',#3330,#3329,#205,.T.);
#2588=EDGE_CURVE('',#3330,#3331,#3820,.F.);
#2589=EDGE_CURVE('',#3332,#3331,#206,.T.);
#2590=EDGE_CURVE('',#3332,#3333,#3821,.T.);
#2591=EDGE_CURVE('',#3333,#3334,#207,.T.);
#2592=EDGE_CURVE('',#3334,#3335,#3822,.T.);
#2593=EDGE_CURVE('',#3336,#3335,#208,.T.);
#2594=EDGE_CURVE('',#3336,#3337,#3823,.F.);
#2595=EDGE_CURVE('',#3338,#3337,#209,.T.);
#2596=EDGE_CURVE('',#3338,#3339,#3824,.F.);
#2597=EDGE_CURVE('',#3340,#3339,#210,.T.);
#2598=EDGE_CURVE('',#3340,#3341,#3825,.T.);
#2599=EDGE_CURVE('',#3341,#3342,#211,.T.);
#2600=EDGE_CURVE('',#3342,#3343,#3826,.T.);
#2601=EDGE_CURVE('',#3344,#3343,#212,.T.);
#2602=EDGE_CURVE('',#3344,#3345,#3827,.F.);
#2603=EDGE_CURVE('',#3346,#3345,#213,.T.);
#2604=EDGE_CURVE('',#3346,#3347,#3828,.F.);
#2605=EDGE_CURVE('',#3348,#3347,#214,.T.);
#2606=EDGE_CURVE('',#3348,#3349,#3829,.T.);
#2607=EDGE_CURVE('',#3349,#3350,#215,.T.);
#2608=EDGE_CURVE('',#3350,#3351,#216,.T.);
#2609=EDGE_CURVE('',#3351,#3352,#3830,.F.);
#2610=EDGE_CURVE('',#3353,#3352,#217,.T.);
#2611=EDGE_CURVE('',#3353,#3354,#3831,.T.);
#2612=EDGE_CURVE('',#3355,#3354,#218,.T.);
#2613=EDGE_CURVE('',#3355,#3356,#3832,.T.);
#2614=EDGE_CURVE('',#3357,#3356,#219,.T.);
#2615=EDGE_CURVE('',#3357,#3358,#3833,.F.);
#2616=EDGE_CURVE('',#3358,#3359,#220,.T.);
#2617=EDGE_CURVE('',#3359,#3360,#3834,.F.);
#2618=EDGE_CURVE('',#3361,#3360,#221,.T.);
#2619=EDGE_CURVE('',#3361,#3362,#3835,.T.);
#2620=EDGE_CURVE('',#3363,#3362,#222,.T.);
#2621=EDGE_CURVE('',#3363,#3364,#3836,.T.);
#2622=EDGE_CURVE('',#3365,#3364,#223,.T.);
#2623=EDGE_CURVE('',#3365,#3366,#224,.T.);
#2624=EDGE_CURVE('',#3366,#3367,#225,.T.);
#2625=EDGE_CURVE('',#3367,#3368,#3837,.F.);
#2626=EDGE_CURVE('',#3369,#3368,#226,.T.);
#2627=EDGE_CURVE('',#3369,#3370,#3838,.T.);
#2628=EDGE_CURVE('',#3371,#3370,#227,.T.);
#2629=EDGE_CURVE('',#3371,#3372,#3839,.T.);
#2630=EDGE_CURVE('',#3373,#3372,#228,.T.);
#2631=EDGE_CURVE('',#3373,#3374,#3840,.F.);
#2632=EDGE_CURVE('',#3374,#3375,#229,.T.);
#2633=EDGE_CURVE('',#3375,#3376,#230,.T.);
#2634=EDGE_CURVE('',#3377,#3376,#231,.T.);
#2635=EDGE_CURVE('',#3377,#3378,#3841,.T.);
#2636=EDGE_CURVE('',#3379,#3378,#232,.T.);
#2637=EDGE_CURVE('',#3379,#3380,#3842,.T.);
#2638=EDGE_CURVE('',#3381,#3380,#233,.T.);
#2639=EDGE_CURVE('',#3381,#3382,#234,.T.);
#2640=EDGE_CURVE('',#3383,#3382,#235,.T.);
#2641=EDGE_CURVE('',#3383,#3384,#236,.T.);
#2642=EDGE_CURVE('',#3384,#3385,#237,.T.);
#2643=EDGE_CURVE('',#3385,#3386,#238,.T.);
#2644=EDGE_CURVE('',#3386,#3387,#239,.T.);
#2645=EDGE_CURVE('',#3387,#3388,#240,.T.);
#2646=EDGE_CURVE('',#3388,#3389,#241,.T.);
#2647=EDGE_CURVE('',#3389,#3390,#242,.T.);
#2648=EDGE_CURVE('',#3390,#3391,#243,.T.);
#2649=EDGE_CURVE('',#3391,#3328,#3843,.T.);
#2650=EDGE_CURVE('',#3392,#3392,#3844,.F.);
#2651=EDGE_CURVE('',#3393,#3393,#3845,.T.);
#2652=EDGE_CURVE('',#3394,#3395,#244,.T.);
#2653=EDGE_CURVE('',#3394,#3396,#3846,.T.);
#2654=EDGE_CURVE('',#3397,#3396,#245,.T.);
#2655=EDGE_CURVE('',#3397,#3398,#246,.T.);
#2656=EDGE_CURVE('',#3399,#3398,#247,.T.);
#2657=EDGE_CURVE('',#3400,#3399,#248,.T.);
#2658=EDGE_CURVE('',#3400,#3401,#249,.T.);
#2659=EDGE_CURVE('',#3401,#3402,#250,.T.);
#2660=EDGE_CURVE('',#3403,#3402,#251,.T.);
#2661=EDGE_CURVE('',#3403,#3404,#3847,.T.);
#2662=EDGE_CURVE('',#3405,#3404,#252,.T.);
#2663=EDGE_CURVE('',#3405,#3406,#3848,.F.);
#2664=EDGE_CURVE('',#3406,#3407,#253,.T.);
#2665=EDGE_CURVE('',#3407,#3408,#3849,.F.);
#2666=EDGE_CURVE('',#3409,#3408,#254,.T.);
#2667=EDGE_CURVE('',#3409,#3410,#3850,.T.);
#2668=EDGE_CURVE('',#3411,#3410,#255,.T.);
#2669=EDGE_CURVE('',#3411,#3412,#3851,.T.);
#2670=EDGE_CURVE('',#3413,#3412,#256,.T.);
#2671=EDGE_CURVE('',#3413,#3414,#3852,.F.);
#2672=EDGE_CURVE('',#3414,#3415,#257,.T.);
#2673=EDGE_CURVE('',#3415,#3395,#3853,.F.);
#2674=EDGE_CURVE('',#3416,#3416,#3854,.T.);
#2675=EDGE_CURVE('',#3417,#3417,#3855,.F.);
#2676=EDGE_CURVE('',#3341,#3407,#258,.T.);
#2677=EDGE_CURVE('',#3406,#3342,#259,.F.);
#2678=EDGE_CURVE('',#3333,#3415,#260,.T.);
#2679=EDGE_CURVE('',#3414,#3334,#261,.F.);
#2680=EDGE_CURVE('',#3339,#3409,#262,.T.);
#2681=EDGE_CURVE('',#3408,#3340,#263,.F.);
#2682=EDGE_CURVE('',#3337,#3411,#264,.T.);
#2683=EDGE_CURVE('',#3410,#3338,#265,.F.);
#2684=EDGE_CURVE('',#3412,#3336,#266,.F.);
#2685=EDGE_CURVE('',#3335,#3413,#267,.T.);
#2686=EDGE_CURVE('',#3404,#3344,#268,.F.);
#2687=EDGE_CURVE('',#3343,#3405,#269,.T.);
#2688=EDGE_CURVE('',#3395,#3332,#270,.F.);
#2689=EDGE_CURVE('',#3331,#3394,#271,.T.);
#2690=EDGE_CURVE('',#3418,#3419,#272,.T.);
#2691=EDGE_CURVE('',#3419,#3391,#273,.F.);
#2692=EDGE_CURVE('',#3390,#3420,#1022,.T.);
#2693=EDGE_CURVE('',#3421,#3420,#274,.T.);
#2694=EDGE_CURVE('',#3421,#3422,#275,.T.);
#2695=EDGE_CURVE('',#3422,#3423,#276,.T.);
#2696=EDGE_CURVE('',#3423,#3418,#277,.F.);
#2697=EDGE_CURVE('',#3424,#3425,#278,.T.);
#2698=EDGE_CURVE('',#3425,#3426,#3856,.F.);
#2699=EDGE_CURVE('',#3426,#3427,#3857,.F.);
#2700=EDGE_CURVE('',#3427,#3428,#3858,.F.);
#2701=EDGE_CURVE('',#3428,#3429,#3859,.F.);
#2702=EDGE_CURVE('',#3429,#3430,#3860,.F.);
#2703=EDGE_CURVE('',#3430,#3431,#279,.T.);
#2704=EDGE_CURVE('',#3431,#3432,#3861,.F.);
#2705=EDGE_CURVE('',#3432,#3433,#3862,.F.);
#2706=EDGE_CURVE('',#3433,#3434,#3863,.F.);
#2707=EDGE_CURVE('',#3434,#3435,#3864,.F.);
#2708=EDGE_CURVE('',#3435,#3436,#3865,.F.);
#2709=EDGE_CURVE('',#3436,#3437,#280,.T.);
#2710=EDGE_CURVE('',#3437,#3438,#281,.T.);
#2711=EDGE_CURVE('',#3439,#3438,#282,.T.);
#2712=EDGE_CURVE('',#3439,#3440,#283,.T.);
#2713=EDGE_CURVE('',#3440,#3441,#3866,.T.);
#2714=EDGE_CURVE('',#3441,#3442,#284,.T.);
#2715=EDGE_CURVE('',#3442,#3419,#3867,.F.);
#2716=EDGE_CURVE('',#3418,#3443,#285,.T.);
#2717=EDGE_CURVE('',#3443,#3444,#286,.T.);
#2718=EDGE_CURVE('',#3444,#3445,#287,.T.);
#2719=EDGE_CURVE('',#3445,#3446,#288,.T.);
#2720=EDGE_CURVE('',#3446,#3447,#289,.T.);
#2721=EDGE_CURVE('',#3447,#3448,#290,.T.);
#2722=EDGE_CURVE('',#3449,#3448,#291,.T.);
#2723=EDGE_CURVE('',#3449,#3450,#292,.T.);
#2724=EDGE_CURVE('',#3450,#3451,#3868,.F.);
#2725=EDGE_CURVE('',#3451,#3452,#293,.T.);
#2726=EDGE_CURVE('',#3452,#3453,#294,.T.);
#2727=EDGE_CURVE('',#3453,#3454,#3869,.T.);
#2728=EDGE_CURVE('',#3454,#3455,#295,.T.);
#2729=EDGE_CURVE('',#3455,#3456,#3870,.F.);
#2730=EDGE_CURVE('',#3456,#3457,#296,.T.);
#2731=EDGE_CURVE('',#3457,#3458,#3871,.F.);
#2732=EDGE_CURVE('',#3458,#3459,#297,.T.);
#2733=EDGE_CURVE('',#3459,#3460,#3872,.F.);
#2734=EDGE_CURVE('',#3460,#3461,#298,.T.);
#2735=EDGE_CURVE('',#3461,#3462,#3873,.F.);
#2736=EDGE_CURVE('',#3462,#3463,#299,.T.);
#2737=EDGE_CURVE('',#3463,#3464,#3874,.T.);
#2738=EDGE_CURVE('',#3464,#3465,#300,.T.);
#2739=EDGE_CURVE('',#3465,#3466,#301,.T.);
#2740=EDGE_CURVE('',#3466,#3467,#3875,.F.);
#2741=EDGE_CURVE('',#3467,#3468,#302,.T.);
#2742=EDGE_CURVE('',#3469,#3468,#303,.T.);
#2743=EDGE_CURVE('',#3470,#3469,#304,.T.);
#2744=EDGE_CURVE('',#3470,#3471,#3876,.T.);
#2745=EDGE_CURVE('',#3471,#3472,#305,.T.);
#2746=EDGE_CURVE('',#3472,#3473,#3877,.F.);
#2747=EDGE_CURVE('',#3473,#3474,#306,.T.);
#2748=EDGE_CURVE('',#3474,#3475,#3878,.F.);
#2749=EDGE_CURVE('',#3475,#3476,#307,.T.);
#2750=EDGE_CURVE('',#3476,#3477,#3879,.T.);
#2751=EDGE_CURVE('',#3478,#3477,#308,.T.);
#2752=EDGE_CURVE('',#3479,#3478,#309,.T.);
#2753=EDGE_CURVE('',#3479,#3480,#310,.T.);
#2754=EDGE_CURVE('',#3480,#3481,#3880,.F.);
#2755=EDGE_CURVE('',#3481,#3482,#311,.T.);
#2756=EDGE_CURVE('',#3483,#3482,#312,.T.);
#2757=EDGE_CURVE('',#3483,#3484,#3881,.F.);
#2758=EDGE_CURVE('',#3485,#3484,#313,.T.);
#2759=EDGE_CURVE('',#3485,#3486,#3882,.F.);
#2760=EDGE_CURVE('',#3487,#3486,#314,.T.);
#2761=EDGE_CURVE('',#3487,#3488,#315,.T.);
#2762=EDGE_CURVE('',#3488,#3489,#3883,.F.);
#2763=EDGE_CURVE('',#3489,#3490,#316,.T.);
#2764=EDGE_CURVE('',#3490,#3491,#3884,.T.);
#2765=EDGE_CURVE('',#3492,#3491,#317,.T.);
#2766=EDGE_CURVE('',#3492,#3493,#3885,.T.);
#2767=EDGE_CURVE('',#3493,#3494,#318,.T.);
#2768=EDGE_CURVE('',#3494,#3495,#3886,.F.);
#2769=EDGE_CURVE('',#3495,#3496,#319,.T.);
#2770=EDGE_CURVE('',#3496,#3497,#320,.T.);
#2771=EDGE_CURVE('',#3497,#3498,#3887,.F.);
#2772=EDGE_CURVE('',#3498,#3499,#321,.T.);
#2773=EDGE_CURVE('',#3499,#3500,#3888,.F.);
#2774=EDGE_CURVE('',#3500,#3501,#322,.T.);
#2775=EDGE_CURVE('',#3501,#3502,#323,.T.);
#2776=EDGE_CURVE('',#3502,#3503,#3889,.F.);
#2777=EDGE_CURVE('',#3503,#3504,#324,.T.);
#2778=EDGE_CURVE('',#3504,#3505,#3890,.T.);
#2779=EDGE_CURVE('',#3506,#3505,#325,.T.);
#2780=EDGE_CURVE('',#3507,#3506,#326,.T.);
#2781=EDGE_CURVE('',#3507,#3508,#3891,.F.);
#2782=EDGE_CURVE('',#3508,#3509,#327,.T.);
#2783=EDGE_CURVE('',#3509,#3510,#3892,.T.);
#2784=EDGE_CURVE('',#3510,#3511,#328,.T.);
#2785=EDGE_CURVE('',#3512,#3511,#329,.T.);
#2786=EDGE_CURVE('',#3424,#3512,#330,.T.);
#2787=EDGE_CURVE('',#3513,#3513,#3893,.T.);
#2788=EDGE_CURVE('',#3514,#3514,#3894,.T.);
#2789=EDGE_CURVE('',#3515,#3515,#3895,.T.);
#2790=EDGE_CURVE('',#3516,#3517,#1023,.F.);
#2791=EDGE_CURVE('',#3517,#3518,#331,.T.);
#2792=EDGE_CURVE('',#3518,#3519,#1024,.F.);
#2793=EDGE_CURVE('',#3519,#3520,#332,.F.);
#2794=EDGE_CURVE('',#3520,#3521,#1025,.F.);
#2795=EDGE_CURVE('',#3521,#3516,#333,.T.);
#2796=EDGE_CURVE('',#3354,#3502,#334,.T.);
#2797=EDGE_CURVE('',#3522,#3501,#335,.T.);
#2798=EDGE_CURVE('',#3522,#3523,#336,.T.);
#2799=EDGE_CURVE('',#3523,#3496,#337,.T.);
#2800=EDGE_CURVE('',#3495,#3355,#338,.F.);
#2801=EDGE_CURVE('',#3378,#3466,#339,.T.);
#2802=EDGE_CURVE('',#3465,#3524,#340,.T.);
#2803=EDGE_CURVE('',#3524,#3525,#341,.T.);
#2804=EDGE_CURVE('',#3525,#3452,#342,.T.);
#2805=EDGE_CURVE('',#3451,#3379,#343,.F.);
#2806=EDGE_CURVE('',#3477,#3367,#344,.F.);
#2807=EDGE_CURVE('',#3478,#3366,#345,.T.);
#2808=EDGE_CURVE('',#3358,#3492,#346,.T.);
#2809=EDGE_CURVE('',#3491,#3359,#347,.F.);
#2810=EDGE_CURVE('',#3505,#3351,#348,.F.);
#2811=EDGE_CURVE('',#3506,#3350,#349,.T.);
#2812=EDGE_CURVE('',#3526,#3526,#1026,.T.);
#2813=EDGE_CURVE('',#3527,#3528,#1027,.F.);
#2814=EDGE_CURVE('',#3527,#3528,#51,.T.);
#2815=EDGE_CURVE('',#3529,#3530,#350,.T.);
#2816=EDGE_CURVE('',#3529,#3531,#1028,.T.);
#2817=EDGE_CURVE('',#3531,#3532,#351,.T.);
#2818=EDGE_CURVE('',#3532,#3533,#1029,.F.);
#2819=EDGE_CURVE('',#3534,#3533,#352,.T.);
#2820=EDGE_CURVE('',#3534,#3535,#353,.T.);
#2821=EDGE_CURVE('',#3535,#3536,#354,.F.);
#2822=EDGE_CURVE('',#3537,#3536,#355,.T.);
#2823=EDGE_CURVE('',#3537,#3538,#1030,.F.);
#2824=EDGE_CURVE('',#3538,#3539,#356,.T.);
#2825=EDGE_CURVE('',#3539,#3540,#1031,.F.);
#2826=EDGE_CURVE('',#3541,#3540,#1032,.T.);
#2827=EDGE_CURVE('',#3541,#3542,#357,.T.);
#2828=EDGE_CURVE('',#3542,#3530,#1033,.T.);
#2829=EDGE_CURVE('',#3543,#3544,#358,.T.);
#2830=EDGE_CURVE('',#3543,#3545,#359,.T.);
#2831=EDGE_CURVE('',#3545,#3546,#1034,.F.);
#2832=EDGE_CURVE('',#3546,#3547,#360,.T.);
#2833=EDGE_CURVE('',#3547,#3548,#361,.T.);
#2834=EDGE_CURVE('',#3548,#3549,#362,.T.);
#2835=EDGE_CURVE('',#3549,#3544,#363,.F.);
#2836=EDGE_CURVE('',#3550,#3551,#364,.T.);
#2837=EDGE_CURVE('',#3551,#3552,#1035,.T.);
#2838=EDGE_CURVE('',#3552,#3553,#365,.T.);
#2839=EDGE_CURVE('',#3553,#3550,#366,.T.);
#2840=EDGE_CURVE('',#3554,#3555,#367,.T.);
#2841=EDGE_CURVE('',#3555,#3556,#368,.F.);
#2842=EDGE_CURVE('',#3556,#3557,#369,.T.);
#2843=EDGE_CURVE('',#3557,#3558,#370,.T.);
#2844=EDGE_CURVE('',#3558,#3559,#371,.T.);
#2845=EDGE_CURVE('',#3559,#3554,#372,.T.);
#2846=EDGE_CURVE('',#3560,#3561,#373,.T.);
#2847=EDGE_CURVE('',#3561,#3562,#1036,.F.);
#2848=EDGE_CURVE('',#3562,#3563,#374,.T.);
#2849=EDGE_CURVE('',#3563,#3564,#375,.T.);
#2850=EDGE_CURVE('',#3564,#3565,#376,.T.);
#2851=EDGE_CURVE('',#3565,#3566,#377,.T.);
#2852=EDGE_CURVE('',#3567,#3566,#378,.T.);
#2853=EDGE_CURVE('',#3567,#3568,#1037,.F.);
#2854=EDGE_CURVE('',#3568,#3569,#379,.T.);
#2855=EDGE_CURVE('',#3569,#3570,#380,.T.);
#2856=EDGE_CURVE('',#3570,#3571,#1038,.T.);
#2857=EDGE_CURVE('',#3572,#3571,#381,.T.);
#2858=EDGE_CURVE('',#3572,#3573,#1039,.T.);
#2859=EDGE_CURVE('',#3573,#3574,#382,.T.);
#2860=EDGE_CURVE('',#3575,#3574,#1040,.T.);
#2861=EDGE_CURVE('',#3575,#3560,#1041,.F.);
#2862=EDGE_CURVE('',#3576,#3577,#383,.T.);
#2863=EDGE_CURVE('',#3576,#3578,#1042,.T.);
#2864=EDGE_CURVE('',#3578,#3579,#384,.T.);
#2865=EDGE_CURVE('',#3579,#3580,#1043,.T.);
#2866=EDGE_CURVE('',#3580,#3581,#385,.T.);
#2867=EDGE_CURVE('',#3581,#3582,#1044,.F.);
#2868=EDGE_CURVE('',#3582,#3583,#386,.T.);
#2869=EDGE_CURVE('',#3583,#3584,#387,.T.);
#2870=EDGE_CURVE('',#3584,#3585,#388,.T.);
#2871=EDGE_CURVE('',#3585,#3586,#389,.T.);
#2872=EDGE_CURVE('',#3586,#3587,#390,.T.);
#2873=EDGE_CURVE('',#3587,#3577,#1045,.F.);
#2874=EDGE_CURVE('',#3583,#3588,#391,.F.);
#2875=EDGE_CURVE('',#3589,#3588,#392,.T.);
#2876=EDGE_CURVE('',#3584,#3589,#393,.F.);
#2877=EDGE_CURVE('',#3558,#3586,#394,.F.);
#2878=EDGE_CURVE('',#3559,#3585,#395,.F.);
#2879=EDGE_CURVE('',#3569,#3590,#396,.F.);
#2880=EDGE_CURVE('',#3590,#3570,#1046,.F.);
#2881=EDGE_CURVE('',#3591,#3592,#397,.T.);
#2882=EDGE_CURVE('',#3591,#3593,#3896,.F.);
#2883=EDGE_CURVE('',#3593,#3594,#398,.T.);
#2884=EDGE_CURVE('',#3594,#3592,#1047,.F.);
#2885=EDGE_CURVE('',#3595,#3596,#399,.T.);
#2886=EDGE_CURVE('',#3595,#3597,#400,.F.);
#2887=EDGE_CURVE('',#3598,#3597,#401,.T.);
#2888=EDGE_CURVE('',#3598,#3599,#402,.F.);
#2889=EDGE_CURVE('',#3599,#3596,#1048,.T.);
#2890=EDGE_CURVE('',#3600,#3600,#3897,.T.);
#2891=EDGE_CURVE('',#3601,#3602,#403,.T.);
#2892=EDGE_CURVE('',#3602,#3603,#404,.T.);
#2893=EDGE_CURVE('',#3603,#3604,#405,.F.);
#2894=EDGE_CURVE('',#3604,#3605,#3898,.T.);
#2895=EDGE_CURVE('',#3605,#3606,#406,.T.);
#2896=EDGE_CURVE('',#3606,#3607,#3899,.F.);
#2897=EDGE_CURVE('',#3608,#3607,#407,.T.);
#2898=EDGE_CURVE('',#3608,#3609,#3900,.T.);
#2899=EDGE_CURVE('',#3609,#3610,#408,.T.);
#2900=EDGE_CURVE('',#3610,#3611,#3901,.T.);
#2901=EDGE_CURVE('',#3611,#3612,#409,.T.);
#2902=EDGE_CURVE('',#3612,#3601,#3902,.F.);
#2903=EDGE_CURVE('',#3613,#3614,#410,.T.);
#2904=EDGE_CURVE('',#3613,#3543,#411,.T.);
#2905=EDGE_CURVE('',#3544,#3614,#412,.F.);
#2906=EDGE_CURVE('',#3615,#3616,#413,.T.);
#2907=EDGE_CURVE('',#3616,#3617,#1049,.T.);
#2908=EDGE_CURVE('',#3618,#3617,#414,.T.);
#2909=EDGE_CURVE('',#3618,#3619,#1050,.F.);
#2910=EDGE_CURVE('',#3619,#3613,#415,.T.);
#2911=EDGE_CURVE('',#3614,#3620,#416,.F.);
#2912=EDGE_CURVE('',#3621,#3620,#417,.T.);
#2913=EDGE_CURVE('',#3621,#3622,#418,.T.);
#2914=EDGE_CURVE('',#3622,#3623,#1051,.F.);
#2915=EDGE_CURVE('',#3623,#3624,#419,.T.);
#2916=EDGE_CURVE('',#3624,#3615,#1052,.T.);
#2917=EDGE_CURVE('',#3621,#3625,#420,.T.);
#2918=EDGE_CURVE('',#3620,#3626,#1053,.F.);
#2919=EDGE_CURVE('',#3625,#3626,#421,.T.);
#2920=EDGE_CURVE('',#3627,#3627,#3903,.T.);
#2921=EDGE_CURVE('',#3625,#3628,#422,.T.);
#2922=EDGE_CURVE('',#3626,#3383,#1054,.F.);
#2923=EDGE_CURVE('',#3628,#3382,#423,.T.);
#2924=EDGE_CURVE('',#3628,#3629,#424,.T.);
#2925=EDGE_CURVE('',#3448,#3382,#425,.T.);
#2926=EDGE_CURVE('',#3630,#3447,#426,.F.);
#2927=EDGE_CURVE('',#3629,#3630,#427,.T.);
#2928=EDGE_CURVE('',#3546,#3631,#428,.F.);
#2929=EDGE_CURVE('',#3632,#3631,#429,.T.);
#2930=EDGE_CURVE('',#3547,#3632,#430,.T.);
#2931=EDGE_CURVE('',#3633,#3634,#431,.T.);
#2932=EDGE_CURVE('',#3633,#3550,#432,.T.);
#2933=EDGE_CURVE('',#3553,#3634,#433,.T.);
#2934=EDGE_CURVE('',#3635,#3636,#3904,.T.);
#2935=EDGE_CURVE('',#3635,#3538,#434,.F.);
#2936=EDGE_CURVE('',#3637,#3537,#1055,.F.);
#2937=EDGE_CURVE('',#3637,#3636,#435,.T.);
#2938=EDGE_CURVE('',#3638,#3638,#3905,.T.);
#2939=EDGE_CURVE('',#3639,#3634,#436,.T.);
#2940=EDGE_CURVE('',#3639,#3640,#3906,.F.);
#2941=EDGE_CURVE('',#3640,#3641,#437,.T.);
#2942=EDGE_CURVE('',#3641,#3642,#3907,.T.);
#2943=EDGE_CURVE('',#3635,#3642,#438,.T.);
#2944=EDGE_CURVE('',#3636,#3632,#439,.T.);
#2945=EDGE_CURVE('',#3631,#3643,#3908,.T.);
#2946=EDGE_CURVE('',#3633,#3643,#440,.T.);
#2947=EDGE_CURVE('',#3540,#3575,#441,.F.);
#2948=EDGE_CURVE('',#3541,#3574,#442,.T.);
#2949=EDGE_CURVE('',#3630,#3589,#443,.T.);
#2950=EDGE_CURVE('',#3446,#3589,#444,.T.);
#2951=EDGE_CURVE('',#3548,#3637,#445,.T.);
#2952=EDGE_CURVE('',#3536,#3549,#446,.F.);
#2953=EDGE_CURVE('',#3349,#3507,#447,.T.);
#2954=EDGE_CURVE('',#3644,#3645,#3909,.F.);
#2955=EDGE_CURVE('',#3645,#3646,#448,.T.);
#2956=EDGE_CURVE('',#3646,#3647,#449,.T.);
#2957=EDGE_CURVE('',#3647,#3648,#450,.F.);
#2958=EDGE_CURVE('',#3648,#3644,#3910,.F.);
#2959=EDGE_CURVE('',#3649,#3649,#3911,.T.);
#2960=EDGE_CURVE('',#3650,#3650,#3912,.T.);
#2961=EDGE_CURVE('',#3651,#3651,#3913,.T.);
#2962=EDGE_CURVE('',#3652,#3652,#3914,.T.);
#2963=EDGE_CURVE('',#3653,#3654,#451,.T.);
#2964=EDGE_CURVE('',#3653,#3655,#452,.F.);
#2965=EDGE_CURVE('',#3655,#3656,#453,.T.);
#2966=EDGE_CURVE('',#3656,#3654,#454,.T.);
#2967=EDGE_CURVE('',#3657,#3657,#3915,.T.);
#2968=EDGE_CURVE('',#3658,#3658,#3916,.T.);
#2969=EDGE_CURVE('',#3659,#3659,#3917,.T.);
#2970=EDGE_CURVE('',#3660,#3660,#3918,.T.);
#2971=EDGE_CURVE('',#3661,#3662,#455,.T.);
#2972=EDGE_CURVE('',#3662,#3663,#456,.T.);
#2973=EDGE_CURVE('',#3663,#3664,#457,.T.);
#2974=EDGE_CURVE('',#3664,#3661,#458,.F.);
#2975=EDGE_CURVE('',#3665,#3666,#459,.F.);
#2976=EDGE_CURVE('',#3666,#3667,#1056,.F.);
#2977=EDGE_CURVE('',#3667,#3668,#460,.T.);
#2978=EDGE_CURVE('',#3668,#3665,#3919,.F.);
#2979=EDGE_CURVE('',#3669,#3670,#461,.T.);
#2980=EDGE_CURVE('',#3670,#3671,#462,.F.);
#2981=EDGE_CURVE('',#3671,#3672,#3920,.F.);
#2982=EDGE_CURVE('',#3672,#3673,#3921,.F.);
#2983=EDGE_CURVE('',#3673,#3669,#463,.T.);
#2984=EDGE_CURVE('',#3674,#3675,#464,.F.);
#2985=EDGE_CURVE('',#3675,#3676,#52,.F.);
#2986=EDGE_CURVE('',#3676,#3677,#3922,.T.);
#2987=EDGE_CURVE('',#3677,#3678,#53,.T.);
#2988=EDGE_CURVE('',#3678,#3679,#465,.T.);
#2989=EDGE_CURVE('',#3679,#3674,#3923,.T.);
#2990=EDGE_CURVE('',#3680,#3680,#1057,.T.);
#2991=EDGE_CURVE('',#3681,#3682,#466,.F.);
#2992=EDGE_CURVE('',#3682,#3683,#467,.T.);
#2993=EDGE_CURVE('',#3683,#3684,#468,.T.);
#2994=EDGE_CURVE('',#3684,#3681,#469,.T.);
#2995=EDGE_CURVE('',#3685,#3685,#3924,.T.);
#2996=EDGE_CURVE('',#3686,#3686,#3925,.T.);
#2997=EDGE_CURVE('',#3687,#3687,#3926,.T.);
#2998=EDGE_CURVE('',#3688,#3688,#3927,.T.);
#2999=EDGE_CURVE('',#3689,#3690,#470,.F.);
#3000=EDGE_CURVE('',#3690,#3691,#471,.F.);
#3001=EDGE_CURVE('',#3691,#3692,#472,.T.);
#3002=EDGE_CURVE('',#3692,#3664,#473,.F.);
#3003=EDGE_CURVE('',#3663,#3653,#3928,.F.);
#3004=EDGE_CURVE('',#3654,#3689,#474,.F.);
#3005=EDGE_CURVE('',#3693,#3693,#3929,.T.);
#3006=EDGE_CURVE('',#3694,#3694,#3930,.T.);
#3007=EDGE_CURVE('',#3695,#3695,#3931,.T.);
#3008=EDGE_CURVE('',#3696,#3696,#3932,.T.);
#3009=EDGE_CURVE('',#3697,#3698,#475,.T.);
#3010=EDGE_CURVE('',#3698,#3699,#476,.F.);
#3011=EDGE_CURVE('',#3699,#3700,#477,.T.);
#3012=EDGE_CURVE('',#3700,#3697,#478,.F.);
#3013=EDGE_CURVE('',#3701,#3701,#3933,.T.);
#3014=EDGE_CURVE('',#3702,#3702,#3934,.T.);
#3015=EDGE_CURVE('',#3703,#3703,#3935,.T.);
#3016=EDGE_CURVE('',#3704,#3704,#3936,.T.);
#3017=EDGE_CURVE('',#3705,#3705,#3937,.T.);
#3018=EDGE_CURVE('',#3706,#3706,#3938,.T.);
#3019=EDGE_CURVE('',#3707,#3707,#3939,.T.);
#3020=EDGE_CURVE('',#3708,#3708,#3940,.T.);
#3021=EDGE_CURVE('',#3709,#3709,#3941,.T.);
#3022=EDGE_CURVE('',#3710,#3710,#3942,.T.);
#3023=EDGE_CURVE('',#3711,#3711,#3943,.T.);
#3024=EDGE_CURVE('',#3712,#3712,#3944,.T.);
#3025=EDGE_CURVE('',#3713,#3713,#3945,.T.);
#3026=EDGE_CURVE('',#3714,#3714,#3946,.T.);
#3027=EDGE_CURVE('',#3715,#3715,#3947,.T.);
#3028=EDGE_CURVE('',#3716,#3716,#3948,.T.);
#3029=EDGE_CURVE('',#3717,#3718,#3949,.F.);
#3030=EDGE_CURVE('',#3718,#3719,#3950,.F.);
#3031=EDGE_CURVE('',#3719,#3717,#3951,.F.);
#3032=EDGE_CURVE('',#3691,#3682,#1058,.F.);
#3033=EDGE_CURVE('',#3692,#3681,#3952,.T.);
#3034=EDGE_CURVE('',#3647,#3681,#3953,.F.);
#3035=EDGE_CURVE('',#3692,#3647,#3954,.F.);
#3036=EDGE_CURVE('',#3664,#3646,#1059,.F.);
#3037=EDGE_CURVE('',#3667,#3698,#3955,.F.);
#3038=EDGE_CURVE('',#3668,#3697,#3956,.F.);
#3039=EDGE_CURVE('',#3683,#3666,#3957,.F.);
#3040=EDGE_CURVE('',#3684,#3665,#3958,.F.);
#3041=EDGE_CURVE('',#3648,#3684,#3959,.T.);
#3042=EDGE_CURVE('',#3661,#3645,#3960,.T.);
#3043=EDGE_CURVE('',#3678,#3662,#3961,.T.);
#3044=EDGE_CURVE('',#3679,#3661,#3962,.T.);
#3045=EDGE_CURVE('',#3668,#3720,#3963,.F.);
#3046=EDGE_CURVE('',#3673,#3697,#3964,.F.);
#3047=EDGE_CURVE('',#3720,#3672,#54,.F.);
#3048=EDGE_CURVE('',#3665,#3721,#3965,.T.);
#3049=EDGE_CURVE('',#3721,#3720,#3966,.T.);
#3050=EDGE_CURVE('',#3644,#3721,#55,.T.);
#3051=EDGE_CURVE('',#3679,#3645,#3967,.F.);
#3052=EDGE_CURVE('',#3699,#3690,#1060,.F.);
#3053=EDGE_CURVE('',#3700,#3689,#3968,.T.);
#3054=EDGE_CURVE('',#3669,#3700,#3969,.T.);
#3055=EDGE_CURVE('',#3674,#3671,#3970,.T.);
#3056=EDGE_CURVE('',#3655,#3675,#3971,.T.);
#3057=EDGE_CURVE('',#3656,#3674,#3972,.T.);
#3058=EDGE_CURVE('',#3669,#3689,#3973,.F.);
#3059=EDGE_CURVE('',#3656,#3671,#3974,.F.);
#3060=EDGE_CURVE('',#3670,#3654,#1061,.T.);
#3061=EDGE_CURVE('',#3678,#3718,#56,.F.);
#3062=EDGE_CURVE('',#3662,#3717,#3975,.T.);
#3063=EDGE_CURVE('',#3655,#3717,#3976,.T.);
#3064=EDGE_CURVE('',#3719,#3675,#57,.T.);
#3065=EDGE_CURVE('',#3722,#3722,#3977,.T.);
#3066=EDGE_CURVE('',#3629,#3588,#479,.T.);
#3067=EDGE_CURVE('',#3723,#3422,#480,.T.);
#3068=EDGE_CURVE('',#3723,#3724,#481,.T.);
#3069=EDGE_CURVE('',#3724,#3423,#482,.T.);
#3070=EDGE_CURVE('',#3585,#3445,#483,.F.);
#3071=EDGE_CURVE('',#3446,#3584,#484,.F.);
#3072=EDGE_CURVE('',#3559,#3445,#485,.T.);
#3073=EDGE_CURVE('',#3554,#3444,#486,.F.);
#3074=EDGE_CURVE('',#3563,#3555,#487,.F.);
#3075=EDGE_CURVE('',#3564,#3554,#488,.F.);
#3076=EDGE_CURVE('',#3564,#3444,#489,.T.);
#3077=EDGE_CURVE('',#3565,#3443,#490,.F.);
#3078=EDGE_CURVE('',#3566,#3723,#491,.F.);
#3079=EDGE_CURVE('',#3724,#3565,#492,.F.);
#3080=EDGE_CURVE('',#3724,#3443,#493,.T.);
#3081=EDGE_CURVE('',#3725,#3725,#1062,.T.);
#3082=EDGE_CURVE('',#3726,#3726,#1063,.T.);
#3083=EDGE_CURVE('',#3682,#3520,#3978,.T.);
#3084=EDGE_CURVE('',#3521,#3691,#3979,.T.);
#3085=EDGE_CURVE('',#3516,#3690,#3980,.T.);
#3086=EDGE_CURVE('',#3683,#3519,#3981,.T.);
#3087=EDGE_CURVE('',#3517,#3699,#3982,.T.);
#3088=EDGE_CURVE('',#3666,#3519,#3983,.T.);
#3089=EDGE_CURVE('',#3518,#3698,#3984,.T.);
#3090=EDGE_CURVE('',#3667,#3518,#3985,.T.);
#3091=EDGE_CURVE('',#3718,#3677,#3986,.T.);
#3092=EDGE_CURVE('',#3719,#3676,#3987,.T.);
#3093=EDGE_CURVE('',#3727,#3728,#494,.F.);
#3094=EDGE_CURVE('',#3728,#3594,#495,.F.);
#3095=EDGE_CURVE('',#3593,#3595,#496,.T.);
#3096=EDGE_CURVE('',#3596,#3727,#497,.T.);
#3097=EDGE_CURVE('',#3421,#3729,#498,.T.);
#3098=EDGE_CURVE('',#3420,#3730,#499,.F.);
#3099=EDGE_CURVE('',#3729,#3730,#500,.T.);
#3100=EDGE_CURVE('',#3729,#3534,#501,.T.);
#3101=EDGE_CURVE('',#3730,#3535,#502,.F.);
#3102=EDGE_CURVE('',#3730,#3389,#1064,.T.);
#3103=EDGE_CURVE('',#3535,#3388,#1065,.T.);
#3104=EDGE_CURVE('',#3536,#3387,#1066,.T.);
#3105=EDGE_CURVE('',#3549,#3386,#1067,.T.);
#3106=EDGE_CURVE('',#3544,#3385,#1068,.T.);
#3107=EDGE_CURVE('',#3614,#3384,#1069,.T.);
#3108=EDGE_CURVE('',#3479,#3365,#503,.T.);
#3109=EDGE_CURVE('',#3374,#3470,#504,.T.);
#3110=EDGE_CURVE('',#3469,#3375,#505,.T.);
#3111=EDGE_CURVE('',#3468,#3376,#506,.T.);
#3112=EDGE_CURVE('',#3449,#3381,#507,.T.);
#3113=EDGE_CURVE('',#3533,#3567,#508,.T.);
#3114=EDGE_CURVE('',#3531,#3590,#509,.T.);
#3115=EDGE_CURVE('',#3568,#3532,#510,.F.);
#3116=EDGE_CURVE('',#3573,#3542,#511,.F.);
#3117=EDGE_CURVE('',#3571,#3529,#512,.F.);
#3118=EDGE_CURVE('',#3530,#3572,#513,.T.);
#3119=EDGE_CURVE('',#3640,#3608,#514,.T.);
#3120=EDGE_CURVE('',#3607,#3641,#515,.F.);
#3121=EDGE_CURVE('',#3597,#3602,#3988,.T.);
#3122=EDGE_CURVE('',#3601,#3545,#516,.F.);
#3123=EDGE_CURVE('',#3619,#3587,#517,.T.);
#3124=EDGE_CURVE('',#3557,#3598,#3989,.F.);
#3125=EDGE_CURVE('',#3643,#3612,#518,.T.);
#3126=EDGE_CURVE('',#3611,#3551,#519,.F.);
#3127=EDGE_CURVE('',#3609,#3639,#520,.F.);
#3128=EDGE_CURVE('',#3552,#3610,#521,.T.);
#3129=EDGE_CURVE('',#3605,#3591,#58,.T.);
#3130=EDGE_CURVE('',#3592,#3561,#59,.T.);
#3131=EDGE_CURVE('',#3560,#3539,#522,.F.);
#3132=EDGE_CURVE('',#3642,#3606,#523,.T.);
#3133=EDGE_CURVE('',#3582,#3622,#524,.F.);
#3134=EDGE_CURVE('',#3623,#3581,#525,.T.);
#3135=EDGE_CURVE('',#3580,#3624,#526,.F.);
#3136=EDGE_CURVE('',#3578,#3616,#527,.F.);
#3137=EDGE_CURVE('',#3615,#3579,#528,.T.);
#3138=EDGE_CURVE('',#3617,#3576,#529,.T.);
#3139=EDGE_CURVE('',#3577,#3618,#530,.F.);
#3140=EDGE_CURVE('',#3731,#3731,#1070,.F.);
#3141=EDGE_CURVE('',#3527,#3528,#3990,.T.);
#3142=EDGE_CURVE('',#3732,#3732,#3991,.T.);
#3143=EDGE_CURVE('',#3733,#3733,#3992,.T.);
#3144=EDGE_CURVE('',#3734,#3735,#3993,.F.);
#3145=EDGE_CURVE('',#3735,#3734,#3994,.F.);
#3146=EDGE_CURVE('',#3736,#3736,#3995,.T.);
#3147=EDGE_CURVE('',#3737,#3737,#3996,.T.);
#3148=EDGE_CURVE('',#3738,#3738,#3997,.T.);
#3149=EDGE_CURVE('',#3739,#3739,#3998,.T.);
#3150=EDGE_CURVE('',#3740,#3740,#3999,.F.);
#3151=EDGE_CURVE('',#3741,#3741,#4000,.T.);
#3152=EDGE_CURVE('',#3742,#3742,#4001,.T.);
#3153=EDGE_CURVE('',#3743,#3743,#4002,.T.);
#3154=EDGE_CURVE('',#3744,#3744,#4003,.F.);
#3155=EDGE_CURVE('',#3745,#3745,#4004,.T.);
#3156=EDGE_CURVE('',#3746,#3746,#4005,.T.);
#3157=EDGE_CURVE('',#3322,#3315,#60,.T.);
#3158=EDGE_CURVE('',#3323,#3314,#61,.F.);
#3159=EDGE_CURVE('',#3313,#3734,#62,.T.);
#3160=EDGE_CURVE('',#3735,#3324,#63,.T.);
#3161=EDGE_CURVE('',#3356,#3494,#531,.T.);
#3162=EDGE_CURVE('',#3493,#3357,#532,.F.);
#3163=EDGE_CURVE('',#3352,#3504,#533,.T.);
#3164=EDGE_CURVE('',#3503,#3353,#534,.F.);
#3165=EDGE_CURVE('',#3364,#3480,#535,.T.);
#3166=EDGE_CURVE('',#3360,#3490,#536,.T.);
#3167=EDGE_CURVE('',#3489,#3361,#537,.F.);
#3168=EDGE_CURVE('',#3362,#3488,#538,.T.);
#3169=EDGE_CURVE('',#3747,#3487,#539,.T.);
#3170=EDGE_CURVE('',#3747,#3748,#540,.T.);
#3171=EDGE_CURVE('',#3748,#3482,#541,.T.);
#3172=EDGE_CURVE('',#3481,#3363,#542,.F.);
#3173=EDGE_CURVE('',#3471,#3373,#543,.F.);
#3174=EDGE_CURVE('',#3372,#3472,#544,.T.);
#3175=EDGE_CURVE('',#3368,#3476,#545,.T.);
#3176=EDGE_CURVE('',#3475,#3369,#546,.F.);
#3177=EDGE_CURVE('',#3370,#3474,#547,.T.);
#3178=EDGE_CURVE('',#3473,#3371,#548,.F.);
#3179=EDGE_CURVE('',#3380,#3450,#549,.T.);
#3180=EDGE_CURVE('',#3467,#3377,#550,.F.);
#3181=EDGE_CURVE('',#3525,#3749,#551,.T.);
#3182=EDGE_CURVE('',#3749,#3453,#552,.T.);
#3183=EDGE_CURVE('',#3464,#3750,#553,.F.);
#3184=EDGE_CURVE('',#3750,#3524,#554,.T.);
#3185=EDGE_CURVE('',#3462,#3751,#555,.F.);
#3186=EDGE_CURVE('',#3751,#3752,#556,.T.);
#3187=EDGE_CURVE('',#3752,#3463,#557,.T.);
#3188=EDGE_CURVE('',#3460,#3753,#558,.F.);
#3189=EDGE_CURVE('',#3753,#3754,#559,.T.);
#3190=EDGE_CURVE('',#3754,#3461,#560,.T.);
#3191=EDGE_CURVE('',#3458,#3755,#561,.F.);
#3192=EDGE_CURVE('',#3755,#3756,#562,.T.);
#3193=EDGE_CURVE('',#3756,#3459,#563,.T.);
#3194=EDGE_CURVE('',#3456,#3757,#564,.F.);
#3195=EDGE_CURVE('',#3757,#3758,#565,.T.);
#3196=EDGE_CURVE('',#3758,#3457,#566,.T.);
#3197=EDGE_CURVE('',#3454,#3759,#567,.F.);
#3198=EDGE_CURVE('',#3759,#3760,#568,.T.);
#3199=EDGE_CURVE('',#3760,#3455,#569,.T.);
#3200=EDGE_CURVE('',#3761,#3761,#4006,.T.);
#3201=EDGE_CURVE('',#3757,#3760,#4007,.T.);
#3202=EDGE_CURVE('',#3759,#3749,#4008,.F.);
#3203=EDGE_CURVE('',#3750,#3752,#4009,.F.);
#3204=EDGE_CURVE('',#3751,#3754,#4010,.T.);
#3205=EDGE_CURVE('',#3753,#3756,#4011,.T.);
#3206=EDGE_CURVE('',#3755,#3758,#4012,.T.);
#3207=EDGE_CURVE('',#3486,#3762,#570,.F.);
#3208=EDGE_CURVE('',#3747,#3762,#571,.T.);
#3209=EDGE_CURVE('',#3763,#3764,#572,.T.);
#3210=EDGE_CURVE('',#3763,#3485,#573,.T.);
#3211=EDGE_CURVE('',#3484,#3764,#574,.F.);
#3212=EDGE_CURVE('',#3765,#3748,#575,.T.);
#3213=EDGE_CURVE('',#3765,#3483,#576,.T.);
#3214=EDGE_CURVE('',#3766,#3766,#4013,.T.);
#3215=EDGE_CURVE('',#3762,#3763,#4014,.T.);
#3216=EDGE_CURVE('',#3764,#3765,#4015,.T.);
#3217=EDGE_CURVE('',#3500,#3767,#577,.F.);
#3218=EDGE_CURVE('',#3767,#3522,#578,.T.);
#3219=EDGE_CURVE('',#3768,#3769,#579,.T.);
#3220=EDGE_CURVE('',#3769,#3499,#580,.T.);
#3221=EDGE_CURVE('',#3498,#3768,#581,.F.);
#3222=EDGE_CURVE('',#3523,#3770,#582,.T.);
#3223=EDGE_CURVE('',#3770,#3497,#583,.T.);
#3224=EDGE_CURVE('',#3771,#3771,#4016,.T.);
#3225=EDGE_CURVE('',#3767,#3769,#4017,.T.);
#3226=EDGE_CURVE('',#3768,#3770,#4018,.T.);
#3227=EDGE_CURVE('',#3772,#3772,#4019,.T.);
#3228=EDGE_CURVE('',#3773,#3773,#4020,.T.);
#3229=EDGE_CURVE('',#3774,#3774,#4021,.T.);
#3230=EDGE_CURVE('',#3775,#3775,#4022,.T.);
#3231=EDGE_CURVE('',#3776,#3776,#4023,.T.);
#3232=EDGE_CURVE('',#3777,#3777,#4024,.T.);
#3233=EDGE_CURVE('',#3347,#3509,#584,.T.);
#3234=EDGE_CURVE('',#3508,#3348,#585,.F.);
#3235=EDGE_CURVE('',#3510,#3346,#586,.F.);
#3236=EDGE_CURVE('',#3345,#3403,#587,.T.);
#3237=EDGE_CURVE('',#3511,#3402,#588,.T.);
#3238=EDGE_CURVE('',#3441,#3327,#589,.F.);
#3239=EDGE_CURVE('',#3328,#3442,#590,.T.);
#3240=EDGE_CURVE('',#3329,#3440,#591,.T.);
#3241=EDGE_CURVE('',#3397,#3439,#592,.T.);
#3242=EDGE_CURVE('',#3396,#3330,#593,.F.);
#3243=EDGE_CURVE('',#3399,#3437,#594,.T.);
#3244=EDGE_CURVE('',#3398,#3438,#595,.T.);
#3245=EDGE_CURVE('',#3430,#3425,#64,.T.);
#3246=EDGE_CURVE('',#3400,#3424,#596,.T.);
#3247=EDGE_CURVE('',#3436,#3431,#65,.T.);
#3248=EDGE_CURVE('',#3401,#3512,#597,.T.);
#3249=EDGE_CURVE('',#3778,#3779,#4025,.T.);
#3250=EDGE_CURVE('',#3779,#3307,#598,.F.);
#3251=EDGE_CURVE('',#3306,#3778,#599,.T.);
#3252=EDGE_CURVE('',#3308,#3780,#600,.T.);
#3253=EDGE_CURVE('',#3780,#3781,#4026,.T.);
#3254=EDGE_CURVE('',#3781,#3309,#601,.F.);
#3255=EDGE_CURVE('',#3782,#3783,#4027,.T.);
#3256=EDGE_CURVE('',#3783,#3311,#602,.F.);
#3257=EDGE_CURVE('',#3310,#3782,#603,.T.);
#3258=EDGE_CURVE('',#3784,#3785,#4028,.T.);
#3259=EDGE_CURVE('',#3785,#3325,#604,.F.);
#3260=EDGE_CURVE('',#3734,#3735,#4029,.T.);
#3261=EDGE_CURVE('',#3312,#3784,#605,.T.);
#3262=EDGE_CURVE('',#3316,#3786,#606,.T.);
#3263=EDGE_CURVE('',#3786,#3787,#4030,.T.);
#3264=EDGE_CURVE('',#3317,#3787,#607,.T.);
#3265=EDGE_CURVE('',#3787,#3788,#4031,.T.);
#3266=EDGE_CURVE('',#3788,#3318,#608,.F.);
#3267=EDGE_CURVE('',#3789,#3790,#4032,.T.);
#3268=EDGE_CURVE('',#3790,#3320,#609,.F.);
#3269=EDGE_CURVE('',#3319,#3789,#610,.T.);
#3270=EDGE_CURVE('',#3321,#3791,#611,.T.);
#3271=EDGE_CURVE('',#3791,#3786,#4033,.T.);
#3272=EDGE_CURVE('',#3593,#3604,#4034,.T.);
#3273=EDGE_CURVE('',#3595,#3603,#1071,.T.);
#3274=EDGE_CURVE('',#3599,#3556,#1072,.T.);
#3275=EDGE_CURVE('',#3727,#3555,#1073,.T.);
#3276=EDGE_CURVE('',#3728,#3563,#66,.F.);
#3277=EDGE_CURVE('',#3594,#3562,#67,.F.);
#3278=EDGE_CURVE('',#3784,#3783,#4035,.T.);
#3279=EDGE_CURVE('',#3784,#3428,#4036,.F.);
#3280=EDGE_CURVE('',#3428,#3783,#4037,.F.);
#3281=EDGE_CURVE('',#3782,#3781,#4038,.T.);
#3282=EDGE_CURVE('',#3429,#3782,#4039,.T.);
#3283=EDGE_CURVE('',#3785,#3427,#4040,.T.);
#3284=EDGE_CURVE('',#3778,#3785,#4041,.T.);
#3285=EDGE_CURVE('',#3429,#3781,#4042,.F.);
#3286=EDGE_CURVE('',#3778,#3427,#4043,.F.);
#3287=EDGE_CURVE('',#3426,#3780,#4044,.T.);
#3288=EDGE_CURVE('',#3779,#3426,#4045,.T.);
#3289=EDGE_CURVE('',#3779,#3780,#4046,.F.);
#3290=EDGE_CURVE('',#3788,#3435,#4047,.T.);
#3291=EDGE_CURVE('',#3432,#3787,#68,.F.);
#3292=EDGE_CURVE('',#3789,#3788,#4048,.T.);
#3293=EDGE_CURVE('',#3433,#3786,#69,.F.);
#3294=EDGE_CURVE('',#3789,#3435,#4049,.F.);
#3295=EDGE_CURVE('',#3434,#3791,#4050,.T.);
#3296=EDGE_CURVE('',#3790,#3434,#4051,.T.);
#3297=EDGE_CURVE('',#3790,#3791,#4052,.F.);
#3298=EDGE_CURVE('',#3792,#3792,#4053,.T.);
#3299=EDGE_CURVE('',#3793,#3793,#4054,.T.);
#3300=VERTEX_POINT('',#7584);
#3301=VERTEX_POINT('',#7586);
#3302=VERTEX_POINT('',#7588);
#3303=VERTEX_POINT('',#7590);
#3304=VERTEX_POINT('',#7592);
#3305=VERTEX_POINT('',#7594);
#3306=VERTEX_POINT('',#7596);
#3307=VERTEX_POINT('',#7597);
#3308=VERTEX_POINT('',#7599);
#3309=VERTEX_POINT('',#7601);
#3310=VERTEX_POINT('',#7603);
#3311=VERTEX_POINT('',#7605);
#3312=VERTEX_POINT('',#7607);
#3313=VERTEX_POINT('',#7609);
#3314=VERTEX_POINT('',#7611);
#3315=VERTEX_POINT('',#7613);
#3316=VERTEX_POINT('',#7615);
#3317=VERTEX_POINT('',#7617);
#3318=VERTEX_POINT('',#7619);
#3319=VERTEX_POINT('',#7621);
#3320=VERTEX_POINT('',#7623);
#3321=VERTEX_POINT('',#7625);
#3322=VERTEX_POINT('',#7627);
#3323=VERTEX_POINT('',#7629);
#3324=VERTEX_POINT('',#7631);
#3325=VERTEX_POINT('',#7633);
#3326=VERTEX_POINT('',#7636);
#3327=VERTEX_POINT('',#7638);
#3328=VERTEX_POINT('',#7639);
#3329=VERTEX_POINT('',#7641);
#3330=VERTEX_POINT('',#7643);
#3331=VERTEX_POINT('',#7645);
#3332=VERTEX_POINT('',#7647);
#3333=VERTEX_POINT('',#7649);
#3334=VERTEX_POINT('',#7651);
#3335=VERTEX_POINT('',#7653);
#3336=VERTEX_POINT('',#7655);
#3337=VERTEX_POINT('',#7657);
#3338=VERTEX_POINT('',#7659);
#3339=VERTEX_POINT('',#7661);
#3340=VERTEX_POINT('',#7663);
#3341=VERTEX_POINT('',#7665);
#3342=VERTEX_POINT('',#7667);
#3343=VERTEX_POINT('',#7669);
#3344=VERTEX_POINT('',#7671);
#3345=VERTEX_POINT('',#7673);
#3346=VERTEX_POINT('',#7675);
#3347=VERTEX_POINT('',#7677);
#3348=VERTEX_POINT('',#7679);
#3349=VERTEX_POINT('',#7681);
#3350=VERTEX_POINT('',#7683);
#3351=VERTEX_POINT('',#7685);
#3352=VERTEX_POINT('',#7687);
#3353=VERTEX_POINT('',#7689);
#3354=VERTEX_POINT('',#7691);
#3355=VERTEX_POINT('',#7693);
#3356=VERTEX_POINT('',#7695);
#3357=VERTEX_POINT('',#7697);
#3358=VERTEX_POINT('',#7699);
#3359=VERTEX_POINT('',#7701);
#3360=VERTEX_POINT('',#7703);
#3361=VERTEX_POINT('',#7705);
#3362=VERTEX_POINT('',#7707);
#3363=VERTEX_POINT('',#7709);
#3364=VERTEX_POINT('',#7711);
#3365=VERTEX_POINT('',#7713);
#3366=VERTEX_POINT('',#7715);
#3367=VERTEX_POINT('',#7717);
#3368=VERTEX_POINT('',#7719);
#3369=VERTEX_POINT('',#7721);
#3370=VERTEX_POINT('',#7723);
#3371=VERTEX_POINT('',#7725);
#3372=VERTEX_POINT('',#7727);
#3373=VERTEX_POINT('',#7729);
#3374=VERTEX_POINT('',#7731);
#3375=VERTEX_POINT('',#7733);
#3376=VERTEX_POINT('',#7735);
#3377=VERTEX_POINT('',#7737);
#3378=VERTEX_POINT('',#7739);
#3379=VERTEX_POINT('',#7741);
#3380=VERTEX_POINT('',#7743);
#3381=VERTEX_POINT('',#7745);
#3382=VERTEX_POINT('',#7747);
#3383=VERTEX_POINT('',#7749);
#3384=VERTEX_POINT('',#7751);
#3385=VERTEX_POINT('',#7753);
#3386=VERTEX_POINT('',#7755);
#3387=VERTEX_POINT('',#7757);
#3388=VERTEX_POINT('',#7759);
#3389=VERTEX_POINT('',#7761);
#3390=VERTEX_POINT('',#7763);
#3391=VERTEX_POINT('',#7765);
#3392=VERTEX_POINT('',#7768);
#3393=VERTEX_POINT('',#7771);
#3394=VERTEX_POINT('',#7773);
#3395=VERTEX_POINT('',#7774);
#3396=VERTEX_POINT('',#7776);
#3397=VERTEX_POINT('',#7778);
#3398=VERTEX_POINT('',#7780);
#3399=VERTEX_POINT('',#7782);
#3400=VERTEX_POINT('',#7784);
#3401=VERTEX_POINT('',#7786);
#3402=VERTEX_POINT('',#7788);
#3403=VERTEX_POINT('',#7790);
#3404=VERTEX_POINT('',#7792);
#3405=VERTEX_POINT('',#7794);
#3406=VERTEX_POINT('',#7796);
#3407=VERTEX_POINT('',#7798);
#3408=VERTEX_POINT('',#7800);
#3409=VERTEX_POINT('',#7802);
#3410=VERTEX_POINT('',#7804);
#3411=VERTEX_POINT('',#7806);
#3412=VERTEX_POINT('',#7808);
#3413=VERTEX_POINT('',#7810);
#3414=VERTEX_POINT('',#7812);
#3415=VERTEX_POINT('',#7814);
#3416=VERTEX_POINT('',#7817);
#3417=VERTEX_POINT('',#7819);
#3418=VERTEX_POINT('',#7843);
#3419=VERTEX_POINT('',#7844);
#3420=VERTEX_POINT('',#7847);
#3421=VERTEX_POINT('',#7849);
#3422=VERTEX_POINT('',#7851);
#3423=VERTEX_POINT('',#7853);
#3424=VERTEX_POINT('',#7857);
#3425=VERTEX_POINT('',#7858);
#3426=VERTEX_POINT('',#7860);
#3427=VERTEX_POINT('',#7862);
#3428=VERTEX_POINT('',#7864);
#3429=VERTEX_POINT('',#7866);
#3430=VERTEX_POINT('',#7868);
#3431=VERTEX_POINT('',#7870);
#3432=VERTEX_POINT('',#7872);
#3433=VERTEX_POINT('',#7874);
#3434=VERTEX_POINT('',#7876);
#3435=VERTEX_POINT('',#7878);
#3436=VERTEX_POINT('',#7880);
#3437=VERTEX_POINT('',#7882);
#3438=VERTEX_POINT('',#7884);
#3439=VERTEX_POINT('',#7886);
#3440=VERTEX_POINT('',#7888);
#3441=VERTEX_POINT('',#7890);
#3442=VERTEX_POINT('',#7892);
#3443=VERTEX_POINT('',#7895);
#3444=VERTEX_POINT('',#7897);
#3445=VERTEX_POINT('',#7899);
#3446=VERTEX_POINT('',#7901);
#3447=VERTEX_POINT('',#7903);
#3448=VERTEX_POINT('',#7905);
#3449=VERTEX_POINT('',#7907);
#3450=VERTEX_POINT('',#7909);
#3451=VERTEX_POINT('',#7911);
#3452=VERTEX_POINT('',#7913);
#3453=VERTEX_POINT('',#7915);
#3454=VERTEX_POINT('',#7917);
#3455=VERTEX_POINT('',#7919);
#3456=VERTEX_POINT('',#7921);
#3457=VERTEX_POINT('',#7923);
#3458=VERTEX_POINT('',#7925);
#3459=VERTEX_POINT('',#7927);
#3460=VERTEX_POINT('',#7929);
#3461=VERTEX_POINT('',#7931);
#3462=VERTEX_POINT('',#7933);
#3463=VERTEX_POINT('',#7935);
#3464=VERTEX_POINT('',#7937);
#3465=VERTEX_POINT('',#7939);
#3466=VERTEX_POINT('',#7941);
#3467=VERTEX_POINT('',#7943);
#3468=VERTEX_POINT('',#7945);
#3469=VERTEX_POINT('',#7947);
#3470=VERTEX_POINT('',#7949);
#3471=VERTEX_POINT('',#7951);
#3472=VERTEX_POINT('',#7953);
#3473=VERTEX_POINT('',#7955);
#3474=VERTEX_POINT('',#7957);
#3475=VERTEX_POINT('',#7959);
#3476=VERTEX_POINT('',#7961);
#3477=VERTEX_POINT('',#7963);
#3478=VERTEX_POINT('',#7965);
#3479=VERTEX_POINT('',#7967);
#3480=VERTEX_POINT('',#7969);
#3481=VERTEX_POINT('',#7971);
#3482=VERTEX_POINT('',#7973);
#3483=VERTEX_POINT('',#7975);
#3484=VERTEX_POINT('',#7977);
#3485=VERTEX_POINT('',#7979);
#3486=VERTEX_POINT('',#7981);
#3487=VERTEX_POINT('',#7983);
#3488=VERTEX_POINT('',#7985);
#3489=VERTEX_POINT('',#7987);
#3490=VERTEX_POINT('',#7989);
#3491=VERTEX_POINT('',#7991);
#3492=VERTEX_POINT('',#7993);
#3493=VERTEX_POINT('',#7995);
#3494=VERTEX_POINT('',#7997);
#3495=VERTEX_POINT('',#7999);
#3496=VERTEX_POINT('',#8001);
#3497=VERTEX_POINT('',#8003);
#3498=VERTEX_POINT('',#8005);
#3499=VERTEX_POINT('',#8007);
#3500=VERTEX_POINT('',#8009);
#3501=VERTEX_POINT('',#8011);
#3502=VERTEX_POINT('',#8013);
#3503=VERTEX_POINT('',#8015);
#3504=VERTEX_POINT('',#8017);
#3505=VERTEX_POINT('',#8019);
#3506=VERTEX_POINT('',#8021);
#3507=VERTEX_POINT('',#8023);
#3508=VERTEX_POINT('',#8025);
#3509=VERTEX_POINT('',#8027);
#3510=VERTEX_POINT('',#8029);
#3511=VERTEX_POINT('',#8031);
#3512=VERTEX_POINT('',#8033);
#3513=VERTEX_POINT('',#8036);
#3514=VERTEX_POINT('',#8038);
#3515=VERTEX_POINT('',#8040);
#3516=VERTEX_POINT('',#8042);
#3517=VERTEX_POINT('',#8043);
#3518=VERTEX_POINT('',#8045);
#3519=VERTEX_POINT('',#8047);
#3520=VERTEX_POINT('',#8049);
#3521=VERTEX_POINT('',#8051);
#3522=VERTEX_POINT('',#8056);
#3523=VERTEX_POINT('',#8058);
#3524=VERTEX_POINT('',#8064);
#3525=VERTEX_POINT('',#8066);
#3526=VERTEX_POINT('',#8080);
#3527=VERTEX_POINT('',#8082);
#3528=VERTEX_POINT('',#8083);
#3529=VERTEX_POINT('',#8131);
#3530=VERTEX_POINT('',#8132);
#3531=VERTEX_POINT('',#8134);
#3532=VERTEX_POINT('',#8136);
#3533=VERTEX_POINT('',#8138);
#3534=VERTEX_POINT('',#8140);
#3535=VERTEX_POINT('',#8142);
#3536=VERTEX_POINT('',#8144);
#3537=VERTEX_POINT('',#8146);
#3538=VERTEX_POINT('',#8148);
#3539=VERTEX_POINT('',#8150);
#3540=VERTEX_POINT('',#8152);
#3541=VERTEX_POINT('',#8154);
#3542=VERTEX_POINT('',#8156);
#3543=VERTEX_POINT('',#8160);
#3544=VERTEX_POINT('',#8161);
#3545=VERTEX_POINT('',#8163);
#3546=VERTEX_POINT('',#8165);
#3547=VERTEX_POINT('',#8167);
#3548=VERTEX_POINT('',#8169);
#3549=VERTEX_POINT('',#8171);
#3550=VERTEX_POINT('',#8175);
#3551=VERTEX_POINT('',#8176);
#3552=VERTEX_POINT('',#8178);
#3553=VERTEX_POINT('',#8180);
#3554=VERTEX_POINT('',#8184);
#3555=VERTEX_POINT('',#8185);
#3556=VERTEX_POINT('',#8187);
#3557=VERTEX_POINT('',#8189);
#3558=VERTEX_POINT('',#8191);
#3559=VERTEX_POINT('',#8193);
#3560=VERTEX_POINT('',#8197);
#3561=VERTEX_POINT('',#8198);
#3562=VERTEX_POINT('',#8200);
#3563=VERTEX_POINT('',#8202);
#3564=VERTEX_POINT('',#8204);
#3565=VERTEX_POINT('',#8206);
#3566=VERTEX_POINT('',#8208);
#3567=VERTEX_POINT('',#8210);
#3568=VERTEX_POINT('',#8212);
#3569=VERTEX_POINT('',#8214);
#3570=VERTEX_POINT('',#8216);
#3571=VERTEX_POINT('',#8218);
#3572=VERTEX_POINT('',#8220);
#3573=VERTEX_POINT('',#8222);
#3574=VERTEX_POINT('',#8224);
#3575=VERTEX_POINT('',#8226);
#3576=VERTEX_POINT('',#8230);
#3577=VERTEX_POINT('',#8231);
#3578=VERTEX_POINT('',#8233);
#3579=VERTEX_POINT('',#8235);
#3580=VERTEX_POINT('',#8237);
#3581=VERTEX_POINT('',#8239);
#3582=VERTEX_POINT('',#8241);
#3583=VERTEX_POINT('',#8243);
#3584=VERTEX_POINT('',#8245);
#3585=VERTEX_POINT('',#8247);
#3586=VERTEX_POINT('',#8249);
#3587=VERTEX_POINT('',#8251);
#3588=VERTEX_POINT('',#8255);
#3589=VERTEX_POINT('',#8257);
#3590=VERTEX_POINT('',#8264);
#3591=VERTEX_POINT('',#8268);
#3592=VERTEX_POINT('',#8269);
#3593=VERTEX_POINT('',#8271);
#3594=VERTEX_POINT('',#8273);
#3595=VERTEX_POINT('',#8277);
#3596=VERTEX_POINT('',#8278);
#3597=VERTEX_POINT('',#8280);
#3598=VERTEX_POINT('',#8282);
#3599=VERTEX_POINT('',#8284);
#3600=VERTEX_POINT('',#8288);
#3601=VERTEX_POINT('',#8290);
#3602=VERTEX_POINT('',#8291);
#3603=VERTEX_POINT('',#8293);
#3604=VERTEX_POINT('',#8295);
#3605=VERTEX_POINT('',#8297);
#3606=VERTEX_POINT('',#8299);
#3607=VERTEX_POINT('',#8301);
#3608=VERTEX_POINT('',#8303);
#3609=VERTEX_POINT('',#8305);
#3610=VERTEX_POINT('',#8307);
#3611=VERTEX_POINT('',#8309);
#3612=VERTEX_POINT('',#8311);
#3613=VERTEX_POINT('',#8315);
#3614=VERTEX_POINT('',#8316);
#3615=VERTEX_POINT('',#8321);
#3616=VERTEX_POINT('',#8322);
#3617=VERTEX_POINT('',#8324);
#3618=VERTEX_POINT('',#8326);
#3619=VERTEX_POINT('',#8328);
#3620=VERTEX_POINT('',#8331);
#3621=VERTEX_POINT('',#8333);
#3622=VERTEX_POINT('',#8335);
#3623=VERTEX_POINT('',#8337);
#3624=VERTEX_POINT('',#8339);
#3625=VERTEX_POINT('',#8343);
#3626=VERTEX_POINT('',#8345);
#3627=VERTEX_POINT('',#8349);
#3628=VERTEX_POINT('',#8351);
#3629=VERTEX_POINT('',#8356);
#3630=VERTEX_POINT('',#8359);
#3631=VERTEX_POINT('',#8363);
#3632=VERTEX_POINT('',#8365);
#3633=VERTEX_POINT('',#8369);
#3634=VERTEX_POINT('',#8370);
#3635=VERTEX_POINT('',#8375);
#3636=VERTEX_POINT('',#8376);
#3637=VERTEX_POINT('',#8379);
#3638=VERTEX_POINT('',#8383);
#3639=VERTEX_POINT('',#8385);
#3640=VERTEX_POINT('',#8387);
#3641=VERTEX_POINT('',#8389);
#3642=VERTEX_POINT('',#8391);
#3643=VERTEX_POINT('',#8395);
#3644=VERTEX_POINT('',#8410);
#3645=VERTEX_POINT('',#8411);
#3646=VERTEX_POINT('',#8413);
#3647=VERTEX_POINT('',#8415);
#3648=VERTEX_POINT('',#8417);
#3649=VERTEX_POINT('',#8421);
#3650=VERTEX_POINT('',#8423);
#3651=VERTEX_POINT('',#8425);
#3652=VERTEX_POINT('',#8427);
#3653=VERTEX_POINT('',#8429);
#3654=VERTEX_POINT('',#8430);
#3655=VERTEX_POINT('',#8432);
#3656=VERTEX_POINT('',#8434);
#3657=VERTEX_POINT('',#8438);
#3658=VERTEX_POINT('',#8440);
#3659=VERTEX_POINT('',#8442);
#3660=VERTEX_POINT('',#8444);
#3661=VERTEX_POINT('',#8446);
#3662=VERTEX_POINT('',#8447);
#3663=VERTEX_POINT('',#8449);
#3664=VERTEX_POINT('',#8451);
#3665=VERTEX_POINT('',#8455);
#3666=VERTEX_POINT('',#8456);
#3667=VERTEX_POINT('',#8458);
#3668=VERTEX_POINT('',#8460);
#3669=VERTEX_POINT('',#8464);
#3670=VERTEX_POINT('',#8465);
#3671=VERTEX_POINT('',#8467);
#3672=VERTEX_POINT('',#8469);
#3673=VERTEX_POINT('',#8471);
#3674=VERTEX_POINT('',#8475);
#3675=VERTEX_POINT('',#8476);
#3676=VERTEX_POINT('',#8482);
#3677=VERTEX_POINT('',#8484);
#3678=VERTEX_POINT('',#8490);
#3679=VERTEX_POINT('',#8492);
#3680=VERTEX_POINT('',#8495);
#3681=VERTEX_POINT('',#8498);
#3682=VERTEX_POINT('',#8499);
#3683=VERTEX_POINT('',#8501);
#3684=VERTEX_POINT('',#8503);
#3685=VERTEX_POINT('',#8506);
#3686=VERTEX_POINT('',#8508);
#3687=VERTEX_POINT('',#8510);
#3688=VERTEX_POINT('',#8512);
#3689=VERTEX_POINT('',#8515);
#3690=VERTEX_POINT('',#8516);
#3691=VERTEX_POINT('',#8518);
#3692=VERTEX_POINT('',#8520);
#3693=VERTEX_POINT('',#8526);
#3694=VERTEX_POINT('',#8528);
#3695=VERTEX_POINT('',#8530);
#3696=VERTEX_POINT('',#8532);
#3697=VERTEX_POINT('',#8534);
#3698=VERTEX_POINT('',#8535);
#3699=VERTEX_POINT('',#8537);
#3700=VERTEX_POINT('',#8539);
#3701=VERTEX_POINT('',#8543);
#3702=VERTEX_POINT('',#8546);
#3703=VERTEX_POINT('',#8549);
#3704=VERTEX_POINT('',#8552);
#3705=VERTEX_POINT('',#8555);
#3706=VERTEX_POINT('',#8558);
#3707=VERTEX_POINT('',#8561);
#3708=VERTEX_POINT('',#8564);
#3709=VERTEX_POINT('',#8567);
#3710=VERTEX_POINT('',#8570);
#3711=VERTEX_POINT('',#8573);
#3712=VERTEX_POINT('',#8576);
#3713=VERTEX_POINT('',#8579);
#3714=VERTEX_POINT('',#8582);
#3715=VERTEX_POINT('',#8585);
#3716=VERTEX_POINT('',#8588);
#3717=VERTEX_POINT('',#8599);
#3718=VERTEX_POINT('',#8600);
#3719=VERTEX_POINT('',#8602);
#3720=VERTEX_POINT('',#8627);
#3721=VERTEX_POINT('',#8635);
#3722=VERTEX_POINT('',#8680);
#3723=VERTEX_POINT('',#8684);
#3724=VERTEX_POINT('',#8686);
#3725=VERTEX_POINT('',#8711);
#3726=VERTEX_POINT('',#8713);
#3727=VERTEX_POINT('',#8919);
#3728=VERTEX_POINT('',#8920);
#3729=VERTEX_POINT('',#8926);
#3730=VERTEX_POINT('',#8928);
#3731=VERTEX_POINT('',#9006);
#3732=VERTEX_POINT('',#9010);
#3733=VERTEX_POINT('',#9013);
#3734=VERTEX_POINT('',#9016);
#3735=VERTEX_POINT('',#9017);
#3736=VERTEX_POINT('',#9021);
#3737=VERTEX_POINT('',#9024);
#3738=VERTEX_POINT('',#9026);
#3739=VERTEX_POINT('',#9029);
#3740=VERTEX_POINT('',#9032);
#3741=VERTEX_POINT('',#9035);
#3742=VERTEX_POINT('',#9037);
#3743=VERTEX_POINT('',#9040);
#3744=VERTEX_POINT('',#9043);
#3745=VERTEX_POINT('',#9046);
#3746=VERTEX_POINT('',#9049);
#3747=VERTEX_POINT('',#9167);
#3748=VERTEX_POINT('',#9169);
#3749=VERTEX_POINT('',#9187);
#3750=VERTEX_POINT('',#9191);
#3751=VERTEX_POINT('',#9195);
#3752=VERTEX_POINT('',#9197);
#3753=VERTEX_POINT('',#9201);
#3754=VERTEX_POINT('',#9203);
#3755=VERTEX_POINT('',#9207);
#3756=VERTEX_POINT('',#9209);
#3757=VERTEX_POINT('',#9213);
#3758=VERTEX_POINT('',#9215);
#3759=VERTEX_POINT('',#9219);
#3760=VERTEX_POINT('',#9221);
#3761=VERTEX_POINT('',#9225);
#3762=VERTEX_POINT('',#9234);
#3763=VERTEX_POINT('',#9238);
#3764=VERTEX_POINT('',#9239);
#3765=VERTEX_POINT('',#9244);
#3766=VERTEX_POINT('',#9248);
#3767=VERTEX_POINT('',#9253);
#3768=VERTEX_POINT('',#9257);
#3769=VERTEX_POINT('',#9258);
#3770=VERTEX_POINT('',#9263);
#3771=VERTEX_POINT('',#9267);
#3772=VERTEX_POINT('',#9272);
#3773=VERTEX_POINT('',#9275);
#3774=VERTEX_POINT('',#9278);
#3775=VERTEX_POINT('',#9281);
#3776=VERTEX_POINT('',#9285);
#3777=VERTEX_POINT('',#9289);
#3778=VERTEX_POINT('',#9329);
#3779=VERTEX_POINT('',#9330);
#3780=VERTEX_POINT('',#9335);
#3781=VERTEX_POINT('',#9337);
#3782=VERTEX_POINT('',#9341);
#3783=VERTEX_POINT('',#9342);
#3784=VERTEX_POINT('',#9347);
#3785=VERTEX_POINT('',#9348);
#3786=VERTEX_POINT('',#9355);
#3787=VERTEX_POINT('',#9357);
#3788=VERTEX_POINT('',#9361);
#3789=VERTEX_POINT('',#9365);
#3790=VERTEX_POINT('',#9366);
#3791=VERTEX_POINT('',#9371);
#3792=VERTEX_POINT('',#9520);
#3793=VERTEX_POINT('',#9523);
#3794=CIRCLE('',#5330,0.004);
#3795=CIRCLE('',#5331,0.004);
#3796=CIRCLE('',#5332,0.0045);
#3797=CIRCLE('',#5333,0.0045);
#3798=CIRCLE('',#5334,0.0045);
#3799=CIRCLE('',#5335,0.018);
#3800=CIRCLE('',#5336,0.0085);
#3801=CIRCLE('',#5337,0.002);
#3802=CIRCLE('',#5338,0.0085);
#3803=CIRCLE('',#5339,0.002);
#3804=CIRCLE('',#5340,0.0085);
#3805=CIRCLE('',#5341,0.002);
#3806=CIRCLE('',#5342,0.0085);
#3807=CIRCLE('',#5343,0.018);
#3808=CIRCLE('',#5345,0.0085);
#3809=CIRCLE('',#5346,0.0085);
#3810=CIRCLE('',#5347,0.0085);
#3811=CIRCLE('',#5348,0.002);
#3812=CIRCLE('',#5349,0.0085);
#3813=CIRCLE('',#5350,0.002);
#3814=CIRCLE('',#5351,0.0085);
#3815=CIRCLE('',#5353,0.018);
#3816=CIRCLE('',#5354,0.0085);
#3817=CIRCLE('',#5355,0.002);
#3818=CIRCLE('',#5356,0.018);
#3819=CIRCLE('',#5357,0.002);
#3820=CIRCLE('',#5358,0.002);
#3821=CIRCLE('',#5359,0.002);
#3822=CIRCLE('',#5360,0.002);
#3823=CIRCLE('',#5361,0.002);
#3824=CIRCLE('',#5362,0.002);
#3825=CIRCLE('',#5363,0.002);
#3826=CIRCLE('',#5364,0.002);
#3827=CIRCLE('',#5365,0.002);
#3828=CIRCLE('',#5366,0.002);
#3829=CIRCLE('',#5367,0.002);
#3830=CIRCLE('',#5368,0.002);
#3831=CIRCLE('',#5369,0.002);
#3832=CIRCLE('',#5370,0.002);
#3833=CIRCLE('',#5371,0.002);
#3834=CIRCLE('',#5372,0.002);
#3835=CIRCLE('',#5373,0.002);
#3836=CIRCLE('',#5374,0.002);
#3837=CIRCLE('',#5375,0.002);
#3838=CIRCLE('',#5376,0.002);
#3839=CIRCLE('',#5377,0.002);
#3840=CIRCLE('',#5378,0.002);
#3841=CIRCLE('',#5379,0.002);
#3842=CIRCLE('',#5380,0.002);
#3843=CIRCLE('',#5381,0.002);
#3844=CIRCLE('',#5382,0.004);
#3845=CIRCLE('',#5384,0.004);
#3846=CIRCLE('',#5385,0.002);
#3847=CIRCLE('',#5386,0.002);
#3848=CIRCLE('',#5387,0.002);
#3849=CIRCLE('',#5388,0.002);
#3850=CIRCLE('',#5389,0.002);
#3851=CIRCLE('',#5390,0.002);
#3852=CIRCLE('',#5391,0.002);
#3853=CIRCLE('',#5392,0.002);
#3854=CIRCLE('',#5393,0.004);
#3855=CIRCLE('',#5394,0.004);
#3856=CIRCLE('',#5405,0.0105);
#3857=CIRCLE('',#5406,0.0105);
#3858=CIRCLE('',#5407,0.0105);
#3859=CIRCLE('',#5408,0.0105);
#3860=CIRCLE('',#5409,0.0105);
#3861=CIRCLE('',#5410,0.0105);
#3862=CIRCLE('',#5411,0.0105);
#3863=CIRCLE('',#5412,0.0105);
#3864=CIRCLE('',#5413,0.0105);
#3865=CIRCLE('',#5414,0.0105);
#3866=CIRCLE('',#5415,0.002);
#3867=CIRCLE('',#5416,0.002);
#3868=CIRCLE('',#5417,0.002);
#3869=CIRCLE('',#5418,0.002);
#3870=CIRCLE('',#5419,0.002);
#3871=CIRCLE('',#5420,0.002);
#3872=CIRCLE('',#5421,0.002);
#3873=CIRCLE('',#5422,0.002);
#3874=CIRCLE('',#5423,0.002);
#3875=CIRCLE('',#5424,0.002);
#3876=CIRCLE('',#5425,0.002);
#3877=CIRCLE('',#5426,0.002);
#3878=CIRCLE('',#5427,0.002);
#3879=CIRCLE('',#5428,0.002);
#3880=CIRCLE('',#5429,0.002);
#3881=CIRCLE('',#5430,0.002);
#3882=CIRCLE('',#5431,0.002);
#3883=CIRCLE('',#5432,0.002);
#3884=CIRCLE('',#5433,0.002);
#3885=CIRCLE('',#5434,0.002);
#3886=CIRCLE('',#5435,0.002);
#3887=CIRCLE('',#5436,0.002);
#3888=CIRCLE('',#5437,0.002);
#3889=CIRCLE('',#5438,0.002);
#3890=CIRCLE('',#5439,0.002);
#3891=CIRCLE('',#5440,0.002);
#3892=CIRCLE('',#5441,0.002);
#3893=CIRCLE('',#5442,0.0027);
#3894=CIRCLE('',#5443,0.0027);
#3895=CIRCLE('',#5444,0.0027);
#3896=CIRCLE('',#5485,0.035);
#3897=CIRCLE('',#5490,0.0021);
#3898=CIRCLE('',#5491,0.033);
#3899=CIRCLE('',#5492,0.002);
#3900=CIRCLE('',#5493,0.002);
#3901=CIRCLE('',#5494,0.002);
#3902=CIRCLE('',#5495,0.002);
#3903=CIRCLE('',#5505,0.006557);
#3904=CIRCLE('',#5511,0.027);
#3905=CIRCLE('',#5514,0.0021);
#3906=CIRCLE('',#5515,0.002);
#3907=CIRCLE('',#5516,0.002);
#3908=CIRCLE('',#5517,0.002);
#3909=CIRCLE('',#5523,0.03035);
#3910=CIRCLE('',#5524,0.008);
#3911=CIRCLE('',#5526,0.003);
#3912=CIRCLE('',#5527,0.003);
#3913=CIRCLE('',#5528,0.003);
#3914=CIRCLE('',#5529,0.003);
#3915=CIRCLE('',#5531,0.003);
#3916=CIRCLE('',#5532,0.003);
#3917=CIRCLE('',#5533,0.003);
#3918=CIRCLE('',#5534,0.003);
#3919=CIRCLE('',#5537,0.03235);
#3920=CIRCLE('',#5539,0.03035);
#3921=CIRCLE('',#5540,0.008);
#3922=CIRCLE('',#5542,0.02635);
#3923=CIRCLE('',#5543,0.02635);
#3924=CIRCLE('',#5546,0.0042);
#3925=CIRCLE('',#5547,0.0042);
#3926=CIRCLE('',#5548,0.0042);
#3927=CIRCLE('',#5549,0.0042);
#3928=CIRCLE('',#5551,0.001);
#3929=CIRCLE('',#5553,0.0042);
#3930=CIRCLE('',#5554,0.0042);
#3931=CIRCLE('',#5555,0.0042);
#3932=CIRCLE('',#5556,0.0042);
#3933=CIRCLE('',#5558,0.0042);
#3934=CIRCLE('',#5560,0.003);
#3935=CIRCLE('',#5562,0.0042);
#3936=CIRCLE('',#5564,0.003);
#3937=CIRCLE('',#5566,0.0042);
#3938=CIRCLE('',#5568,0.003);
#3939=CIRCLE('',#5570,0.0042);
#3940=CIRCLE('',#5572,0.003);
#3941=CIRCLE('',#5574,0.0042);
#3942=CIRCLE('',#5576,0.003);
#3943=CIRCLE('',#5578,0.0042);
#3944=CIRCLE('',#5580,0.003);
#3945=CIRCLE('',#5582,0.0042);
#3946=CIRCLE('',#5584,0.003);
#3947=CIRCLE('',#5586,0.0042);
#3948=CIRCLE('',#5588,0.003);
#3949=CIRCLE('',#5598,0.005);
#3950=CIRCLE('',#5599,0.02735);
#3951=CIRCLE('',#5600,0.005);
#3952=CIRCLE('',#5603,0.004);
#3953=CIRCLE('',#5605,0.004);
#3954=CIRCLE('',#5606,0.004);
#3955=CIRCLE('',#5610,0.004);
#3956=CIRCLE('',#5611,0.004);
#3957=CIRCLE('',#5613,0.004);
#3958=CIRCLE('',#5614,0.004);
#3959=CIRCLE('',#5616,0.004);
#3960=CIRCLE('',#5618,0.004);
#3961=CIRCLE('',#5620,0.004);
#3962=CIRCLE('',#5621,0.004);
#3963=CIRCLE('',#5623,0.004);
#3964=CIRCLE('',#5624,0.004);
#3965=CIRCLE('',#5626,0.004);
#3966=CIRCLE('',#5627,0.02935);
#3967=CIRCLE('',#5630,0.004);
#3968=CIRCLE('',#5633,0.004);
#3969=CIRCLE('',#5635,0.004);
#3970=CIRCLE('',#5637,0.004);
#3971=CIRCLE('',#5639,0.004);
#3972=CIRCLE('',#5640,0.004);
#3973=CIRCLE('',#5642,0.004);
#3974=CIRCLE('',#5644,0.004);
#3975=CIRCLE('',#5649,0.001);
#3976=CIRCLE('',#5651,0.001);
#3977=CIRCLE('',#5654,0.011557);
#3978=CIRCLE('',#5669,0.004);
#3979=CIRCLE('',#5670,0.004);
#3980=CIRCLE('',#5672,0.004);
#3981=CIRCLE('',#5674,0.004);
#3982=CIRCLE('',#5675,0.004);
#3983=CIRCLE('',#5677,0.004);
#3984=CIRCLE('',#5679,0.004);
#3985=CIRCLE('',#5680,0.004);
#3986=CIRCLE('',#5682,0.001);
#3987=CIRCLE('',#5684,0.001);
#3988=CIRCLE('',#5713,0.002);
#3989=CIRCLE('',#5714,0.002);
#3990=CIRCLE('',#5725,0.01);
#3991=CIRCLE('',#5726,0.005);
#3992=CIRCLE('',#5728,0.005);
#3993=CIRCLE('',#5730,0.01);
#3994=CIRCLE('',#5731,0.01);
#3995=CIRCLE('',#5733,0.0027);
#3996=CIRCLE('',#5735,0.005);
#3997=CIRCLE('',#5736,0.01);
#3998=CIRCLE('',#5738,0.005);
#3999=CIRCLE('',#5740,0.01);
#4000=CIRCLE('',#5742,0.005);
#4001=CIRCLE('',#5743,0.01);
#4002=CIRCLE('',#5745,0.005);
#4003=CIRCLE('',#5747,0.01);
#4004=CIRCLE('',#5749,0.0027);
#4005=CIRCLE('',#5751,0.0027);
#4006=CIRCLE('',#5776,0.0021);
#4007=CIRCLE('',#5777,0.002);
#4008=CIRCLE('',#5778,0.002);
#4009=CIRCLE('',#5779,0.002);
#4010=CIRCLE('',#5780,0.002);
#4011=CIRCLE('',#5781,0.002);
#4012=CIRCLE('',#5782,0.002);
#4013=CIRCLE('',#5787,0.0021);
#4014=CIRCLE('',#5788,0.002);
#4015=CIRCLE('',#5789,0.002);
#4016=CIRCLE('',#5794,0.0021);
#4017=CIRCLE('',#5795,0.002);
#4018=CIRCLE('',#5796,0.002);
#4019=CIRCLE('',#5798,0.0021);
#4020=CIRCLE('',#5800,0.0021);
#4021=CIRCLE('',#5802,0.0021);
#4022=CIRCLE('',#5804,0.0045);
#4023=CIRCLE('',#5807,0.0045);
#4024=CIRCLE('',#5810,0.0045);
#4025=CIRCLE('',#5825,0.0085);
#4026=CIRCLE('',#5827,0.0085);
#4027=CIRCLE('',#5829,0.0085);
#4028=CIRCLE('',#5831,0.0085);
#4029=CIRCLE('',#5832,0.0085);
#4030=CIRCLE('',#5835,0.0085);
#4031=CIRCLE('',#5837,0.0085);
#4032=CIRCLE('',#5839,0.0085);
#4033=CIRCLE('',#5841,0.0085);
#4034=CIRCLE('',#5890,0.002);
#4035=CIRCLE('',#5901,0.002);
#4036=CIRCLE('',#5903,0.002);
#4037=CIRCLE('',#5904,0.002);
#4038=CIRCLE('',#5906,0.002);
#4039=CIRCLE('',#5908,0.002);
#4040=CIRCLE('',#5910,0.002);
#4041=CIRCLE('',#5912,0.002);
#4042=CIRCLE('',#5914,0.002);
#4043=CIRCLE('',#5916,0.002);
#4044=CIRCLE('',#5918,0.002);
#4045=CIRCLE('',#5920,0.002);
#4046=CIRCLE('',#5922,0.002);
#4047=CIRCLE('',#5925,0.002);
#4048=CIRCLE('',#5927,0.002);
#4049=CIRCLE('',#5930,0.002);
#4050=CIRCLE('',#5932,0.002);
#4051=CIRCLE('',#5934,0.002);
#4052=CIRCLE('',#5936,0.002);
#4053=CIRCLE('',#5939,0.011557);
#4054=CIRCLE('',#5941,0.006557);
#4055=EDGE_LOOP('',(#1074));
#4056=EDGE_LOOP('',(#1075));
#4057=EDGE_LOOP('',(#1076));
#4058=EDGE_LOOP('',(#1077));
#4059=EDGE_LOOP('',(#1078));
#4060=EDGE_LOOP('',(#1079));
#4061=EDGE_LOOP('',(#1080,#1081,#1082,#1083,#1084,#1085,#1086,#1087,#1088,
#1089,#1090,#1091,#1092,#1093,#1094,#1095,#1096,#1097,#1098,#1099));
#4062=EDGE_LOOP('',(#1100));
#4063=EDGE_LOOP('',(#1101,#1102,#1103,#1104,#1105,#1106,#1107,#1108,#1109,
#1110,#1111,#1112,#1113,#1114,#1115,#1116,#1117,#1118,#1119,#1120,#1121,
#1122,#1123,#1124,#1125,#1126,#1127,#1128,#1129,#1130,#1131,#1132,#1133,
#1134,#1135,#1136,#1137,#1138,#1139,#1140,#1141,#1142,#1143,#1144,#1145,
#1146,#1147,#1148,#1149,#1150,#1151,#1152,#1153,#1154,#1155,#1156,#1157,
#1158,#1159,#1160,#1161,#1162,#1163,#1164,#1165));
#4064=EDGE_LOOP('',(#1166));
#4065=EDGE_LOOP('',(#1167));
#4066=EDGE_LOOP('',(#1168,#1169,#1170,#1171,#1172,#1173,#1174,#1175,#1176,
#1177,#1178,#1179,#1180,#1181,#1182,#1183,#1184,#1185,#1186,#1187,#1188,
#1189));
#4067=EDGE_LOOP('',(#1190));
#4068=EDGE_LOOP('',(#1191));
#4069=EDGE_LOOP('',(#1192,#1193,#1194,#1195));
#4070=EDGE_LOOP('',(#1196,#1197,#1198,#1199));
#4071=EDGE_LOOP('',(#1200,#1201,#1202,#1203));
#4072=EDGE_LOOP('',(#1204,#1205,#1206,#1207));
#4073=EDGE_LOOP('',(#1208,#1209,#1210,#1211));
#4074=EDGE_LOOP('',(#1212,#1213,#1214,#1215));
#4075=EDGE_LOOP('',(#1216,#1217,#1218,#1219));
#4076=EDGE_LOOP('',(#1220,#1221,#1222,#1223,#1224,#1225,#1226,#1227));
#4077=EDGE_LOOP('',(#1228,#1229,#1230,#1231,#1232,#1233,#1234,#1235,#1236,
#1237,#1238,#1239,#1240,#1241,#1242,#1243,#1244,#1245,#1246,#1247,#1248,
#1249,#1250,#1251,#1252,#1253,#1254,#1255,#1256,#1257,#1258,#1259,#1260,
#1261,#1262,#1263,#1264,#1265,#1266,#1267,#1268,#1269,#1270,#1271,#1272,
#1273,#1274,#1275,#1276,#1277,#1278,#1279,#1280,#1281,#1282,#1283,#1284,
#1285,#1286,#1287,#1288,#1289,#1290,#1291,#1292,#1293,#1294,#1295,#1296,
#1297,#1298,#1299,#1300,#1301,#1302,#1303,#1304,#1305,#1306,#1307,#1308,
#1309,#1310,#1311,#1312,#1313,#1314,#1315,#1316,#1317,#1318));
#4078=EDGE_LOOP('',(#1319));
#4079=EDGE_LOOP('',(#1320));
#4080=EDGE_LOOP('',(#1321));
#4081=EDGE_LOOP('',(#1322,#1323,#1324,#1325,#1326,#1327));
#4082=EDGE_LOOP('',(#1328,#1329,#1330,#1331,#1332,#1333,#1334,#1335));
#4083=EDGE_LOOP('',(#1336,#1337,#1338,#1339,#1340,#1341,#1342,#1343));
#4084=EDGE_LOOP('',(#1344,#1345,#1346,#1347));
#4085=EDGE_LOOP('',(#1348,#1349,#1350,#1351));
#4086=EDGE_LOOP('',(#1352,#1353,#1354,#1355));
#4087=EDGE_LOOP('',(#1356));
#4088=EDGE_LOOP('',(#1357,#1358));
#4089=EDGE_LOOP('',(#1359,#1360,#1361,#1362,#1363,#1364,#1365,#1366,#1367,
#1368,#1369,#1370,#1371,#1372));
#4090=EDGE_LOOP('',(#1373,#1374,#1375,#1376,#1377,#1378,#1379));
#4091=EDGE_LOOP('',(#1380,#1381,#1382,#1383));
#4092=EDGE_LOOP('',(#1384,#1385,#1386,#1387,#1388,#1389));
#4093=EDGE_LOOP('',(#1390,#1391,#1392,#1393,#1394,#1395,#1396,#1397,#1398,
#1399,#1400,#1401,#1402,#1403,#1404,#1405));
#4094=EDGE_LOOP('',(#1406,#1407,#1408,#1409,#1410,#1411,#1412,#1413,#1414,
#1415,#1416,#1417));
#4095=EDGE_LOOP('',(#1418,#1419,#1420,#1421));
#4096=EDGE_LOOP('',(#1422,#1423,#1424,#1425));
#4097=EDGE_LOOP('',(#1426,#1427,#1428));
#4098=EDGE_LOOP('',(#1429,#1430,#1431,#1432));
#4099=EDGE_LOOP('',(#1433,#1434,#1435,#1436,#1437));
#4100=EDGE_LOOP('',(#1438));
#4101=EDGE_LOOP('',(#1439,#1440,#1441,#1442,#1443,#1444,#1445,#1446,#1447,
#1448,#1449,#1450));
#4102=EDGE_LOOP('',(#1451,#1452,#1453,#1454));
#4103=EDGE_LOOP('',(#1455,#1456,#1457,#1458,#1459,#1460,#1461,#1462,#1463,
#1464,#1465,#1466));
#4104=EDGE_LOOP('',(#1467,#1468,#1469,#1470));
#4105=EDGE_LOOP('',(#1471));
#4106=EDGE_LOOP('',(#1472,#1473,#1474,#1475,#1476));
#4107=EDGE_LOOP('',(#1477,#1478,#1479,#1480,#1481,#1482));
#4108=EDGE_LOOP('',(#1483,#1484,#1485,#1486));
#4109=EDGE_LOOP('',(#1487,#1488,#1489,#1490));
#4110=EDGE_LOOP('',(#1491,#1492,#1493,#1494,#1495));
#4111=EDGE_LOOP('',(#1496));
#4112=EDGE_LOOP('',(#1497,#1498,#1499,#1500,#1501,#1502,#1503,#1504,#1505,
#1506,#1507));
#4113=EDGE_LOOP('',(#1508,#1509,#1510,#1511));
#4114=EDGE_LOOP('',(#1512,#1513,#1514,#1515));
#4115=EDGE_LOOP('',(#1516,#1517,#1518,#1519,#1520));
#4116=EDGE_LOOP('',(#1521,#1522,#1523,#1524));
#4117=EDGE_LOOP('',(#1525,#1526,#1527,#1528,#1529));
#4118=EDGE_LOOP('',(#1530));
#4119=EDGE_LOOP('',(#1531));
#4120=EDGE_LOOP('',(#1532));
#4121=EDGE_LOOP('',(#1533));
#4122=EDGE_LOOP('',(#1534,#1535,#1536,#1537));
#4123=EDGE_LOOP('',(#1538));
#4124=EDGE_LOOP('',(#1539));
#4125=EDGE_LOOP('',(#1540));
#4126=EDGE_LOOP('',(#1541));
#4127=EDGE_LOOP('',(#1542,#1543,#1544,#1545));
#4128=EDGE_LOOP('',(#1546,#1547,#1548,#1549));
#4129=EDGE_LOOP('',(#1550,#1551,#1552,#1553,#1554));
#4130=EDGE_LOOP('',(#1555,#1556,#1557,#1558,#1559,#1560));
#4131=EDGE_LOOP('',(#1561));
#4132=EDGE_LOOP('',(#1562,#1563,#1564,#1565));
#4133=EDGE_LOOP('',(#1566));
#4134=EDGE_LOOP('',(#1567));
#4135=EDGE_LOOP('',(#1568));
#4136=EDGE_LOOP('',(#1569));
#4137=EDGE_LOOP('',(#1570,#1571,#1572,#1573,#1574,#1575,#1576,#1577));
#4138=EDGE_LOOP('',(#1578));
#4139=EDGE_LOOP('',(#1579));
#4140=EDGE_LOOP('',(#1580));
#4141=EDGE_LOOP('',(#1581));
#4142=EDGE_LOOP('',(#1582,#1583,#1584,#1585));
#4143=EDGE_LOOP('',(#1586));
#4144=EDGE_LOOP('',(#1587));
#4145=EDGE_LOOP('',(#1588));
#4146=EDGE_LOOP('',(#1589));
#4147=EDGE_LOOP('',(#1590));
#4148=EDGE_LOOP('',(#1591));
#4149=EDGE_LOOP('',(#1592));
#4150=EDGE_LOOP('',(#1593));
#4151=EDGE_LOOP('',(#1594));
#4152=EDGE_LOOP('',(#1595));
#4153=EDGE_LOOP('',(#1596));
#4154=EDGE_LOOP('',(#1597));
#4155=EDGE_LOOP('',(#1598));
#4156=EDGE_LOOP('',(#1599));
#4157=EDGE_LOOP('',(#1600));
#4158=EDGE_LOOP('',(#1601));
#4159=EDGE_LOOP('',(#1602));
#4160=EDGE_LOOP('',(#1603));
#4161=EDGE_LOOP('',(#1604));
#4162=EDGE_LOOP('',(#1605));
#4163=EDGE_LOOP('',(#1606));
#4164=EDGE_LOOP('',(#1607));
#4165=EDGE_LOOP('',(#1608));
#4166=EDGE_LOOP('',(#1609));
#4167=EDGE_LOOP('',(#1610));
#4168=EDGE_LOOP('',(#1611));
#4169=EDGE_LOOP('',(#1612));
#4170=EDGE_LOOP('',(#1613));
#4171=EDGE_LOOP('',(#1614));
#4172=EDGE_LOOP('',(#1615));
#4173=EDGE_LOOP('',(#1616));
#4174=EDGE_LOOP('',(#1617));
#4175=EDGE_LOOP('',(#1618));
#4176=EDGE_LOOP('',(#1619));
#4177=EDGE_LOOP('',(#1620));
#4178=EDGE_LOOP('',(#1621));
#4179=EDGE_LOOP('',(#1622));
#4180=EDGE_LOOP('',(#1623));
#4181=EDGE_LOOP('',(#1624));
#4182=EDGE_LOOP('',(#1625));
#4183=EDGE_LOOP('',(#1626));
#4184=EDGE_LOOP('',(#1627));
#4185=EDGE_LOOP('',(#1628));
#4186=EDGE_LOOP('',(#1629));
#4187=EDGE_LOOP('',(#1630));
#4188=EDGE_LOOP('',(#1631));
#4189=EDGE_LOOP('',(#1632));
#4190=EDGE_LOOP('',(#1633));
#4191=EDGE_LOOP('',(#1634,#1635,#1636));
#4192=EDGE_LOOP('',(#1637,#1638,#1639,#1640));
#4193=EDGE_LOOP('',(#1641,#1642,#1643));
#4194=EDGE_LOOP('',(#1644,#1645,#1646,#1647));
#4195=EDGE_LOOP('',(#1648,#1649,#1650,#1651));
#4196=EDGE_LOOP('',(#1652,#1653,#1654,#1655));
#4197=EDGE_LOOP('',(#1656,#1657,#1658,#1659));
#4198=EDGE_LOOP('',(#1660,#1661,#1662,#1663));
#4199=EDGE_LOOP('',(#1664,#1665,#1666,#1667));
#4200=EDGE_LOOP('',(#1668,#1669,#1670,#1671,#1672));
#4201=EDGE_LOOP('',(#1673,#1674,#1675,#1676));
#4202=EDGE_LOOP('',(#1677,#1678,#1679,#1680,#1681));
#4203=EDGE_LOOP('',(#1682,#1683,#1684));
#4204=EDGE_LOOP('',(#1685,#1686,#1687,#1688));
#4205=EDGE_LOOP('',(#1689,#1690,#1691,#1692));
#4206=EDGE_LOOP('',(#1693,#1694,#1695,#1696,#1697,#1698,#1699,#1700));
#4207=EDGE_LOOP('',(#1701,#1702,#1703,#1704));
#4208=EDGE_LOOP('',(#1705,#1706,#1707));
#4209=EDGE_LOOP('',(#1708,#1709,#1710));
#4210=EDGE_LOOP('',(#1711,#1712,#1713,#1714));
#4211=EDGE_LOOP('',(#1715,#1716,#1717,#1718));
#4212=EDGE_LOOP('',(#1719,#1720,#1721,#1722));
#4213=EDGE_LOOP('',(#1723,#1724,#1725,#1726,#1727));
#4214=EDGE_LOOP('',(#1728,#1729,#1730,#1731));
#4215=EDGE_LOOP('',(#1732));
#4216=EDGE_LOOP('',(#1733,#1734,#1735,#1736));
#4217=EDGE_LOOP('',(#1737,#1738,#1739,#1740));
#4218=EDGE_LOOP('',(#1741,#1742,#1743,#1744));
#4219=EDGE_LOOP('',(#1745,#1746,#1747));
#4220=EDGE_LOOP('',(#1748,#1749,#1750));
#4221=EDGE_LOOP('',(#1751,#1752,#1753,#1754));
#4222=EDGE_LOOP('',(#1755,#1756,#1757,#1758));
#4223=EDGE_LOOP('',(#1759,#1760,#1761));
#4224=EDGE_LOOP('',(#1762,#1763,#1764,#1765));
#4225=EDGE_LOOP('',(#1766,#1767,#1768,#1769));
#4226=EDGE_LOOP('',(#1770,#1771,#1772));
#4227=EDGE_LOOP('',(#1773,#1774,#1775,#1776));
#4228=EDGE_LOOP('',(#1777));
#4229=EDGE_LOOP('',(#1778));
#4230=EDGE_LOOP('',(#1779));
#4231=EDGE_LOOP('',(#1780));
#4232=EDGE_LOOP('',(#1781,#1782,#1783,#1784));
#4233=EDGE_LOOP('',(#1785,#1786,#1787,#1788));
#4234=EDGE_LOOP('',(#1789,#1790,#1791,#1792));
#4235=EDGE_LOOP('',(#1793,#1794,#1795,#1796));
#4236=EDGE_LOOP('',(#1797,#1798,#1799));
#4237=EDGE_LOOP('',(#1800,#1801,#1802,#1803));
#4238=EDGE_LOOP('',(#1804,#1805,#1806,#1807));
#4239=EDGE_LOOP('',(#1808,#1809,#1810));
#4240=EDGE_LOOP('',(#1811,#1812,#1813));
#4241=EDGE_LOOP('',(#1814,#1815,#1816,#1817));
#4242=EDGE_LOOP('',(#1818,#1819,#1820));
#4243=EDGE_LOOP('',(#1821));
#4244=EDGE_LOOP('',(#1822));
#4245=EDGE_LOOP('',(#1823,#1824,#1825,#1826,#1827,#1828));
#4246=EDGE_LOOP('',(#1829,#1830,#1831,#1832));
#4247=EDGE_LOOP('',(#1833,#1834,#1835,#1836));
#4248=EDGE_LOOP('',(#1837,#1838,#1839,#1840));
#4249=EDGE_LOOP('',(#1841,#1842,#1843,#1844));
#4250=EDGE_LOOP('',(#1845,#1846,#1847,#1848));
#4251=EDGE_LOOP('',(#1849,#1850,#1851,#1852));
#4252=EDGE_LOOP('',(#1853,#1854,#1855,#1856));
#4253=EDGE_LOOP('',(#1857,#1858,#1859,#1860));
#4254=EDGE_LOOP('',(#1861,#1862,#1863,#1864,#1865));
#4255=EDGE_LOOP('',(#1866,#1867,#1868,#1869,#1870));
#4256=EDGE_LOOP('',(#1871,#1872,#1873,#1874));
#4257=EDGE_LOOP('',(#1875,#1876,#1877,#1878));
#4258=EDGE_LOOP('',(#1879,#1880,#1881,#1882));
#4259=EDGE_LOOP('',(#1883,#1884,#1885,#1886));
#4260=EDGE_LOOP('',(#1887,#1888,#1889,#1890,#1891,#1892,#1893,#1894));
#4261=EDGE_LOOP('',(#1895,#1896,#1897,#1898,#1899));
#4262=EDGE_LOOP('',(#1900,#1901,#1902,#1903));
#4263=EDGE_LOOP('',(#1904,#1905,#1906,#1907));
#4264=EDGE_LOOP('',(#1908,#1909,#1910,#1911));
#4265=EDGE_LOOP('',(#1912,#1913,#1914,#1915,#1916,#1917,#1918,#1919,#1920,
#1921,#1922,#1923));
#4266=EDGE_LOOP('',(#1924,#1925,#1926,#1927,#1928,#1929));
#4267=EDGE_LOOP('',(#1930,#1931,#1932,#1933,#1934,#1935));
#4268=EDGE_LOOP('',(#1936,#1937,#1938,#1939,#1940,#1941,#1942,#1943,#1944,
#1945));
#4269=EDGE_LOOP('',(#1946,#1947,#1948,#1949,#1950,#1951,#1952,#1953));
#4270=EDGE_LOOP('',(#1954,#1955,#1956,#1957));
#4271=EDGE_LOOP('',(#1958,#1959,#1960,#1961));
#4272=EDGE_LOOP('',(#1962,#1963,#1964,#1965));
#4273=EDGE_LOOP('',(#1966));
#4274=EDGE_LOOP('',(#1967));
#4275=EDGE_LOOP('',(#1968,#1969));
#4276=EDGE_LOOP('',(#1970));
#4277=EDGE_LOOP('',(#1971));
#4278=EDGE_LOOP('',(#1972));
#4279=EDGE_LOOP('',(#1973));
#4280=EDGE_LOOP('',(#1974,#1975));
#4281=EDGE_LOOP('',(#1976,#1977));
#4282=EDGE_LOOP('',(#1978));
#4283=EDGE_LOOP('',(#1979));
#4284=EDGE_LOOP('',(#1980));
#4285=EDGE_LOOP('',(#1981));
#4286=EDGE_LOOP('',(#1982));
#4287=EDGE_LOOP('',(#1983));
#4288=EDGE_LOOP('',(#1984));
#4289=EDGE_LOOP('',(#1985));
#4290=EDGE_LOOP('',(#1986));
#4291=EDGE_LOOP('',(#1987));
#4292=EDGE_LOOP('',(#1988));
#4293=EDGE_LOOP('',(#1989));
#4294=EDGE_LOOP('',(#1990));
#4295=EDGE_LOOP('',(#1991));
#4296=EDGE_LOOP('',(#1992));
#4297=EDGE_LOOP('',(#1993));
#4298=EDGE_LOOP('',(#1994));
#4299=EDGE_LOOP('',(#1995));
#4300=EDGE_LOOP('',(#1996));
#4301=EDGE_LOOP('',(#1997));
#4302=EDGE_LOOP('',(#1998));
#4303=EDGE_LOOP('',(#1999));
#4304=EDGE_LOOP('',(#2000));
#4305=EDGE_LOOP('',(#2001));
#4306=EDGE_LOOP('',(#2002));
#4307=EDGE_LOOP('',(#2003));
#4308=EDGE_LOOP('',(#2004));
#4309=EDGE_LOOP('',(#2005,#2006,#2007,#2008));
#4310=EDGE_LOOP('',(#2009,#2010,#2011,#2012,#2013,#2014));
#4311=EDGE_LOOP('',(#2015));
#4312=EDGE_LOOP('',(#2016));
#4313=EDGE_LOOP('',(#2017,#2018,#2019,#2020));
#4314=EDGE_LOOP('',(#2021,#2022,#2023,#2024));
#4315=EDGE_LOOP('',(#2025,#2026,#2027,#2028));
#4316=EDGE_LOOP('',(#2029,#2030,#2031,#2032));
#4317=EDGE_LOOP('',(#2033,#2034,#2035,#2036,#2037,#2038,#2039,#2040));
#4318=EDGE_LOOP('',(#2041,#2042,#2043,#2044));
#4319=EDGE_LOOP('',(#2045,#2046,#2047,#2048));
#4320=EDGE_LOOP('',(#2049,#2050,#2051,#2052));
#4321=EDGE_LOOP('',(#2053,#2054,#2055,#2056));
#4322=EDGE_LOOP('',(#2057,#2058,#2059,#2060));
#4323=EDGE_LOOP('',(#2061,#2062,#2063,#2064));
#4324=EDGE_LOOP('',(#2065,#2066,#2067,#2068));
#4325=EDGE_LOOP('',(#2069,#2070,#2071,#2072));
#4326=EDGE_LOOP('',(#2073,#2074,#2075,#2076));
#4327=EDGE_LOOP('',(#2077,#2078,#2079,#2080));
#4328=EDGE_LOOP('',(#2081,#2082,#2083,#2084));
#4329=EDGE_LOOP('',(#2085,#2086,#2087,#2088));
#4330=EDGE_LOOP('',(#2089));
#4331=EDGE_LOOP('',(#2090,#2091,#2092,#2093,#2094,#2095,#2096,#2097,#2098,
#2099,#2100,#2101,#2102,#2103));
#4332=EDGE_LOOP('',(#2104,#2105,#2106,#2107));
#4333=EDGE_LOOP('',(#2108,#2109,#2110,#2111));
#4334=EDGE_LOOP('',(#2112,#2113,#2114,#2115));
#4335=EDGE_LOOP('',(#2116));
#4336=EDGE_LOOP('',(#2117,#2118,#2119,#2120,#2121,#2122));
#4337=EDGE_LOOP('',(#2123,#2124,#2125,#2126));
#4338=EDGE_LOOP('',(#2127,#2128,#2129,#2130));
#4339=EDGE_LOOP('',(#2131,#2132,#2133,#2134));
#4340=EDGE_LOOP('',(#2135));
#4341=EDGE_LOOP('',(#2136,#2137,#2138,#2139,#2140,#2141));
#4342=EDGE_LOOP('',(#2142));
#4343=EDGE_LOOP('',(#2143));
#4344=EDGE_LOOP('',(#2144));
#4345=EDGE_LOOP('',(#2145));
#4346=EDGE_LOOP('',(#2146));
#4347=EDGE_LOOP('',(#2147));
#4348=EDGE_LOOP('',(#2148));
#4349=EDGE_LOOP('',(#2149));
#4350=EDGE_LOOP('',(#2150));
#4351=EDGE_LOOP('',(#2151));
#4352=EDGE_LOOP('',(#2152));
#4353=EDGE_LOOP('',(#2153));
#4354=EDGE_LOOP('',(#2154));
#4355=EDGE_LOOP('',(#2155));
#4356=EDGE_LOOP('',(#2156));
#4357=EDGE_LOOP('',(#2157));
#4358=EDGE_LOOP('',(#2158));
#4359=EDGE_LOOP('',(#2159));
#4360=EDGE_LOOP('',(#2160,#2161,#2162,#2163));
#4361=EDGE_LOOP('',(#2164,#2165,#2166,#2167,#2168,#2169));
#4362=EDGE_LOOP('',(#2170,#2171,#2172,#2173));
#4363=EDGE_LOOP('',(#2174,#2175,#2176,#2177,#2178,#2179));
#4364=EDGE_LOOP('',(#2180,#2181,#2182,#2183));
#4365=EDGE_LOOP('',(#2184,#2185,#2186,#2187,#2188,#2189,#2190,#2191));
#4366=EDGE_LOOP('',(#2192,#2193,#2194,#2195));
#4367=EDGE_LOOP('',(#2196,#2197,#2198,#2199));
#4368=EDGE_LOOP('',(#2200,#2201,#2202,#2203));
#4369=EDGE_LOOP('',(#2204));
#4370=EDGE_LOOP('',(#2205));
#4371=EDGE_LOOP('',(#2206));
#4372=EDGE_LOOP('',(#2207));
#4373=EDGE_LOOP('',(#2208));
#4374=EDGE_LOOP('',(#2209));
#4375=EDGE_LOOP('',(#2210,#2211,#2212,#2213));
#4376=EDGE_LOOP('',(#2214,#2215,#2216,#2217));
#4377=EDGE_LOOP('',(#2218,#2219,#2220,#2221));
#4378=EDGE_LOOP('',(#2222,#2223,#2224,#2225,#2226,#2227,#2228,#2229));
#4379=EDGE_LOOP('',(#2230,#2231));
#4380=EDGE_LOOP('',(#2232,#2233,#2234,#2235));
#4381=EDGE_LOOP('',(#2236,#2237,#2238,#2239));
#4382=EDGE_LOOP('',(#2240,#2241,#2242,#2243));
#4383=EDGE_LOOP('',(#2244,#2245,#2246,#2247,#2248,#2249));
#4384=EDGE_LOOP('',(#2250,#2251,#2252,#2253));
#4385=EDGE_LOOP('',(#2254,#2255,#2256,#2257));
#4386=EDGE_LOOP('',(#2258,#2259,#2260,#2261));
#4387=EDGE_LOOP('',(#2262,#2263,#2264,#2265));
#4388=EDGE_LOOP('',(#2266,#2267,#2268,#2269));
#4389=EDGE_LOOP('',(#2270,#2271,#2272,#2273));
#4390=EDGE_LOOP('',(#2274,#2275,#2276,#2277));
#4391=EDGE_LOOP('',(#2278,#2279,#2280,#2281));
#4392=EDGE_LOOP('',(#2282,#2283,#2284,#2285));
#4393=EDGE_LOOP('',(#2286,#2287,#2288,#2289));
#4394=EDGE_LOOP('',(#2290,#2291,#2292,#2293));
#4395=EDGE_LOOP('',(#2294,#2295,#2296,#2297));
#4396=EDGE_LOOP('',(#2298,#2299,#2300,#2301));
#4397=EDGE_LOOP('',(#2302,#2303,#2304,#2305));
#4398=EDGE_LOOP('',(#2306,#2307,#2308,#2309));
#4399=EDGE_LOOP('',(#2310,#2311,#2312,#2313));
#4400=EDGE_LOOP('',(#2314,#2315,#2316,#2317));
#4401=EDGE_LOOP('',(#2318,#2319,#2320,#2321));
#4402=EDGE_LOOP('',(#2322,#2323,#2324,#2325));
#4403=EDGE_LOOP('',(#2326,#2327,#2328,#2329));
#4404=EDGE_LOOP('',(#2330,#2331,#2332,#2333));
#4405=EDGE_LOOP('',(#2334,#2335,#2336,#2337));
#4406=EDGE_LOOP('',(#2338,#2339,#2340,#2341));
#4407=EDGE_LOOP('',(#2342,#2343,#2344,#2345));
#4408=EDGE_LOOP('',(#2346,#2347,#2348,#2349));
#4409=EDGE_LOOP('',(#2350,#2351,#2352,#2353));
#4410=EDGE_LOOP('',(#2354,#2355,#2356,#2357));
#4411=EDGE_LOOP('',(#2358,#2359,#2360,#2361));
#4412=EDGE_LOOP('',(#2362,#2363,#2364,#2365));
#4413=EDGE_LOOP('',(#2366,#2367,#2368,#2369));
#4414=EDGE_LOOP('',(#2370,#2371,#2372,#2373));
#4415=EDGE_LOOP('',(#2374,#2375,#2376,#2377));
#4416=EDGE_LOOP('',(#2378,#2379,#2380,#2381));
#4417=EDGE_LOOP('',(#2382,#2383,#2384,#2385));
#4418=EDGE_LOOP('',(#2386,#2387,#2388,#2389));
#4419=EDGE_LOOP('',(#2390,#2391,#2392,#2393));
#4420=EDGE_LOOP('',(#2394,#2395,#2396,#2397));
#4421=EDGE_LOOP('',(#2398,#2399,#2400,#2401));
#4422=EDGE_LOOP('',(#2402,#2403,#2404,#2405));
#4423=EDGE_LOOP('',(#2406,#2407,#2408,#2409,#2410));
#4424=EDGE_LOOP('',(#2411,#2412,#2413,#2414));
#4425=EDGE_LOOP('',(#2415,#2416,#2417,#2418));
#4426=EDGE_LOOP('',(#2419,#2420,#2421,#2422));
#4427=EDGE_LOOP('',(#2423,#2424,#2425,#2426));
#4428=EDGE_LOOP('',(#2427,#2428,#2429,#2430));
#4429=EDGE_LOOP('',(#2431,#2432,#2433,#2434,#2435,#2436));
#4430=EDGE_LOOP('',(#2437,#2438,#2439,#2440));
#4431=EDGE_LOOP('',(#2441,#2442,#2443,#2444));
#4432=EDGE_LOOP('',(#2445,#2446,#2447,#2448));
#4433=EDGE_LOOP('',(#2449,#2450,#2451,#2452));
#4434=EDGE_LOOP('',(#2453,#2454,#2455,#2456));
#4435=EDGE_LOOP('',(#2457,#2458,#2459,#2460,#2461));
#4436=EDGE_LOOP('',(#2462,#2463,#2464,#2465));
#4437=EDGE_LOOP('',(#2466,#2467,#2468,#2469));
#4438=EDGE_LOOP('',(#2470,#2471,#2472,#2473));
#4439=EDGE_LOOP('',(#2474,#2475,#2476,#2477));
#4440=EDGE_LOOP('',(#2478,#2479,#2480));
#4441=EDGE_LOOP('',(#2481,#2482,#2483,#2484));
#4442=EDGE_LOOP('',(#2485,#2486,#2487,#2488));
#4443=EDGE_LOOP('',(#2489,#2490,#2491,#2492));
#4444=EDGE_LOOP('',(#2493,#2494,#2495,#2496));
#4445=EDGE_LOOP('',(#2497,#2498,#2499));
#4446=EDGE_LOOP('',(#2500,#2501,#2502));
#4447=EDGE_LOOP('',(#2503,#2504,#2505,#2506,#2507,#2508));
#4448=EDGE_LOOP('',(#2509,#2510,#2511,#2512));
#4449=EDGE_LOOP('',(#2513,#2514,#2515));
#4450=EDGE_LOOP('',(#2516,#2517,#2518,#2519));
#4451=EDGE_LOOP('',(#2520,#2521,#2522,#2523,#2524,#2525));
#4452=EDGE_LOOP('',(#2526,#2527,#2528,#2529));
#4453=EDGE_LOOP('',(#2530,#2531,#2532,#2533));
#4454=EDGE_LOOP('',(#2534,#2535,#2536));
#4455=EDGE_LOOP('',(#2537,#2538,#2539,#2540));
#4456=EDGE_LOOP('',(#2541,#2542,#2543,#2544));
#4457=EDGE_LOOP('',(#2545,#2546,#2547));
#4458=EDGE_LOOP('',(#2548,#2549,#2550,#2551));
#4459=EDGE_LOOP('',(#2552));
#4460=EDGE_LOOP('',(#2553));
#4461=EDGE_LOOP('',(#2554));
#4462=EDGE_LOOP('',(#2555));
#4463=EDGE_LOOP('',(#2556));
#4464=EDGE_LOOP('',(#2557));
#4465=FACE_BOUND('',#4055,.T.);
#4466=FACE_BOUND('',#4056,.T.);
#4467=FACE_BOUND('',#4057,.T.);
#4468=FACE_BOUND('',#4058,.T.);
#4469=FACE_BOUND('',#4059,.T.);
#4470=FACE_BOUND('',#4060,.T.);
#4471=FACE_BOUND('',#4061,.T.);
#4472=FACE_BOUND('',#4062,.T.);
#4473=FACE_BOUND('',#4063,.T.);
#4474=FACE_BOUND('',#4064,.T.);
#4475=FACE_BOUND('',#4065,.T.);
#4476=FACE_BOUND('',#4066,.T.);
#4477=FACE_BOUND('',#4067,.T.);
#4478=FACE_BOUND('',#4068,.T.);
#4479=FACE_BOUND('',#4069,.T.);
#4480=FACE_BOUND('',#4070,.T.);
#4481=FACE_BOUND('',#4071,.T.);
#4482=FACE_BOUND('',#4072,.T.);
#4483=FACE_BOUND('',#4073,.T.);
#4484=FACE_BOUND('',#4074,.T.);
#4485=FACE_BOUND('',#4075,.T.);
#4486=FACE_BOUND('',#4076,.T.);
#4487=FACE_BOUND('',#4077,.T.);
#4488=FACE_BOUND('',#4078,.T.);
#4489=FACE_BOUND('',#4079,.T.);
#4490=FACE_BOUND('',#4080,.T.);
#4491=FACE_BOUND('',#4081,.T.);
#4492=FACE_BOUND('',#4082,.T.);
#4493=FACE_BOUND('',#4083,.T.);
#4494=FACE_BOUND('',#4084,.T.);
#4495=FACE_BOUND('',#4085,.T.);
#4496=FACE_BOUND('',#4086,.T.);
#4497=FACE_BOUND('',#4087,.T.);
#4498=FACE_BOUND('',#4088,.T.);
#4499=FACE_BOUND('',#4089,.T.);
#4500=FACE_BOUND('',#4090,.T.);
#4501=FACE_BOUND('',#4091,.T.);
#4502=FACE_BOUND('',#4092,.T.);
#4503=FACE_BOUND('',#4093,.T.);
#4504=FACE_BOUND('',#4094,.T.);
#4505=FACE_BOUND('',#4095,.T.);
#4506=FACE_BOUND('',#4096,.T.);
#4507=FACE_BOUND('',#4097,.T.);
#4508=FACE_BOUND('',#4098,.T.);
#4509=FACE_BOUND('',#4099,.T.);
#4510=FACE_BOUND('',#4100,.T.);
#4511=FACE_BOUND('',#4101,.T.);
#4512=FACE_BOUND('',#4102,.T.);
#4513=FACE_BOUND('',#4103,.T.);
#4514=FACE_BOUND('',#4104,.T.);
#4515=FACE_BOUND('',#4105,.T.);
#4516=FACE_BOUND('',#4106,.T.);
#4517=FACE_BOUND('',#4107,.T.);
#4518=FACE_BOUND('',#4108,.T.);
#4519=FACE_BOUND('',#4109,.T.);
#4520=FACE_BOUND('',#4110,.T.);
#4521=FACE_BOUND('',#4111,.T.);
#4522=FACE_BOUND('',#4112,.T.);
#4523=FACE_BOUND('',#4113,.T.);
#4524=FACE_BOUND('',#4114,.T.);
#4525=FACE_BOUND('',#4115,.T.);
#4526=FACE_BOUND('',#4116,.T.);
#4527=FACE_BOUND('',#4117,.T.);
#4528=FACE_BOUND('',#4118,.T.);
#4529=FACE_BOUND('',#4119,.T.);
#4530=FACE_BOUND('',#4120,.T.);
#4531=FACE_BOUND('',#4121,.T.);
#4532=FACE_BOUND('',#4122,.T.);
#4533=FACE_BOUND('',#4123,.T.);
#4534=FACE_BOUND('',#4124,.T.);
#4535=FACE_BOUND('',#4125,.T.);
#4536=FACE_BOUND('',#4126,.T.);
#4537=FACE_BOUND('',#4127,.T.);
#4538=FACE_BOUND('',#4128,.T.);
#4539=FACE_BOUND('',#4129,.T.);
#4540=FACE_BOUND('',#4130,.T.);
#4541=FACE_BOUND('',#4131,.T.);
#4542=FACE_BOUND('',#4132,.T.);
#4543=FACE_BOUND('',#4133,.T.);
#4544=FACE_BOUND('',#4134,.T.);
#4545=FACE_BOUND('',#4135,.T.);
#4546=FACE_BOUND('',#4136,.T.);
#4547=FACE_BOUND('',#4137,.T.);
#4548=FACE_BOUND('',#4138,.T.);
#4549=FACE_BOUND('',#4139,.T.);
#4550=FACE_BOUND('',#4140,.T.);
#4551=FACE_BOUND('',#4141,.T.);
#4552=FACE_BOUND('',#4142,.T.);
#4553=FACE_BOUND('',#4143,.T.);
#4554=FACE_BOUND('',#4144,.T.);
#4555=FACE_BOUND('',#4145,.T.);
#4556=FACE_BOUND('',#4146,.T.);
#4557=FACE_BOUND('',#4147,.T.);
#4558=FACE_BOUND('',#4148,.T.);
#4559=FACE_BOUND('',#4149,.T.);
#4560=FACE_BOUND('',#4150,.T.);
#4561=FACE_BOUND('',#4151,.T.);
#4562=FACE_BOUND('',#4152,.T.);
#4563=FACE_BOUND('',#4153,.T.);
#4564=FACE_BOUND('',#4154,.T.);
#4565=FACE_BOUND('',#4155,.T.);
#4566=FACE_BOUND('',#4156,.T.);
#4567=FACE_BOUND('',#4157,.T.);
#4568=FACE_BOUND('',#4158,.T.);
#4569=FACE_BOUND('',#4159,.T.);
#4570=FACE_BOUND('',#4160,.T.);
#4571=FACE_BOUND('',#4161,.T.);
#4572=FACE_BOUND('',#4162,.T.);
#4573=FACE_BOUND('',#4163,.T.);
#4574=FACE_BOUND('',#4164,.T.);
#4575=FACE_BOUND('',#4165,.T.);
#4576=FACE_BOUND('',#4166,.T.);
#4577=FACE_BOUND('',#4167,.T.);
#4578=FACE_BOUND('',#4168,.T.);
#4579=FACE_BOUND('',#4169,.T.);
#4580=FACE_BOUND('',#4170,.T.);
#4581=FACE_BOUND('',#4171,.T.);
#4582=FACE_BOUND('',#4172,.T.);
#4583=FACE_BOUND('',#4173,.T.);
#4584=FACE_BOUND('',#4174,.T.);
#4585=FACE_BOUND('',#4175,.T.);
#4586=FACE_BOUND('',#4176,.T.);
#4587=FACE_BOUND('',#4177,.T.);
#4588=FACE_BOUND('',#4178,.T.);
#4589=FACE_BOUND('',#4179,.T.);
#4590=FACE_BOUND('',#4180,.T.);
#4591=FACE_BOUND('',#4181,.T.);
#4592=FACE_BOUND('',#4182,.T.);
#4593=FACE_BOUND('',#4183,.T.);
#4594=FACE_BOUND('',#4184,.T.);
#4595=FACE_BOUND('',#4185,.T.);
#4596=FACE_BOUND('',#4186,.T.);
#4597=FACE_BOUND('',#4187,.T.);
#4598=FACE_BOUND('',#4188,.T.);
#4599=FACE_BOUND('',#4189,.T.);
#4600=FACE_BOUND('',#4190,.T.);
#4601=FACE_BOUND('',#4191,.T.);
#4602=FACE_BOUND('',#4192,.T.);
#4603=FACE_BOUND('',#4193,.T.);
#4604=FACE_BOUND('',#4194,.T.);
#4605=FACE_BOUND('',#4195,.T.);
#4606=FACE_BOUND('',#4196,.T.);
#4607=FACE_BOUND('',#4197,.T.);
#4608=FACE_BOUND('',#4198,.T.);
#4609=FACE_BOUND('',#4199,.T.);
#4610=FACE_BOUND('',#4200,.T.);
#4611=FACE_BOUND('',#4201,.T.);
#4612=FACE_BOUND('',#4202,.T.);
#4613=FACE_BOUND('',#4203,.T.);
#4614=FACE_BOUND('',#4204,.T.);
#4615=FACE_BOUND('',#4205,.T.);
#4616=FACE_BOUND('',#4206,.T.);
#4617=FACE_BOUND('',#4207,.T.);
#4618=FACE_BOUND('',#4208,.T.);
#4619=FACE_BOUND('',#4209,.T.);
#4620=FACE_BOUND('',#4210,.T.);
#4621=FACE_BOUND('',#4211,.T.);
#4622=FACE_BOUND('',#4212,.T.);
#4623=FACE_BOUND('',#4213,.T.);
#4624=FACE_BOUND('',#4214,.T.);
#4625=FACE_BOUND('',#4215,.T.);
#4626=FACE_BOUND('',#4216,.T.);
#4627=FACE_BOUND('',#4217,.T.);
#4628=FACE_BOUND('',#4218,.T.);
#4629=FACE_BOUND('',#4219,.T.);
#4630=FACE_BOUND('',#4220,.T.);
#4631=FACE_BOUND('',#4221,.T.);
#4632=FACE_BOUND('',#4222,.T.);
#4633=FACE_BOUND('',#4223,.T.);
#4634=FACE_BOUND('',#4224,.T.);
#4635=FACE_BOUND('',#4225,.T.);
#4636=FACE_BOUND('',#4226,.T.);
#4637=FACE_BOUND('',#4227,.T.);
#4638=FACE_BOUND('',#4228,.T.);
#4639=FACE_BOUND('',#4229,.T.);
#4640=FACE_BOUND('',#4230,.T.);
#4641=FACE_BOUND('',#4231,.T.);
#4642=FACE_BOUND('',#4232,.T.);
#4643=FACE_BOUND('',#4233,.T.);
#4644=FACE_BOUND('',#4234,.T.);
#4645=FACE_BOUND('',#4235,.T.);
#4646=FACE_BOUND('',#4236,.T.);
#4647=FACE_BOUND('',#4237,.T.);
#4648=FACE_BOUND('',#4238,.T.);
#4649=FACE_BOUND('',#4239,.T.);
#4650=FACE_BOUND('',#4240,.T.);
#4651=FACE_BOUND('',#4241,.T.);
#4652=FACE_BOUND('',#4242,.T.);
#4653=FACE_BOUND('',#4243,.T.);
#4654=FACE_BOUND('',#4244,.T.);
#4655=FACE_BOUND('',#4245,.T.);
#4656=FACE_BOUND('',#4246,.T.);
#4657=FACE_BOUND('',#4247,.T.);
#4658=FACE_BOUND('',#4248,.T.);
#4659=FACE_BOUND('',#4249,.T.);
#4660=FACE_BOUND('',#4250,.T.);
#4661=FACE_BOUND('',#4251,.T.);
#4662=FACE_BOUND('',#4252,.T.);
#4663=FACE_BOUND('',#4253,.T.);
#4664=FACE_BOUND('',#4254,.T.);
#4665=FACE_BOUND('',#4255,.T.);
#4666=FACE_BOUND('',#4256,.T.);
#4667=FACE_BOUND('',#4257,.T.);
#4668=FACE_BOUND('',#4258,.T.);
#4669=FACE_BOUND('',#4259,.T.);
#4670=FACE_BOUND('',#4260,.T.);
#4671=FACE_BOUND('',#4261,.T.);
#4672=FACE_BOUND('',#4262,.T.);
#4673=FACE_BOUND('',#4263,.T.);
#4674=FACE_BOUND('',#4264,.T.);
#4675=FACE_BOUND('',#4265,.T.);
#4676=FACE_BOUND('',#4266,.T.);
#4677=FACE_BOUND('',#4267,.T.);
#4678=FACE_BOUND('',#4268,.T.);
#4679=FACE_BOUND('',#4269,.T.);
#4680=FACE_BOUND('',#4270,.T.);
#4681=FACE_BOUND('',#4271,.T.);
#4682=FACE_BOUND('',#4272,.T.);
#4683=FACE_BOUND('',#4273,.T.);
#4684=FACE_BOUND('',#4274,.T.);
#4685=FACE_BOUND('',#4275,.T.);
#4686=FACE_BOUND('',#4276,.T.);
#4687=FACE_BOUND('',#4277,.T.);
#4688=FACE_BOUND('',#4278,.T.);
#4689=FACE_BOUND('',#4279,.T.);
#4690=FACE_BOUND('',#4280,.T.);
#4691=FACE_BOUND('',#4281,.T.);
#4692=FACE_BOUND('',#4282,.T.);
#4693=FACE_BOUND('',#4283,.T.);
#4694=FACE_BOUND('',#4284,.T.);
#4695=FACE_BOUND('',#4285,.T.);
#4696=FACE_BOUND('',#4286,.T.);
#4697=FACE_BOUND('',#4287,.T.);
#4698=FACE_BOUND('',#4288,.T.);
#4699=FACE_BOUND('',#4289,.T.);
#4700=FACE_BOUND('',#4290,.T.);
#4701=FACE_BOUND('',#4291,.T.);
#4702=FACE_BOUND('',#4292,.T.);
#4703=FACE_BOUND('',#4293,.T.);
#4704=FACE_BOUND('',#4294,.T.);
#4705=FACE_BOUND('',#4295,.T.);
#4706=FACE_BOUND('',#4296,.T.);
#4707=FACE_BOUND('',#4297,.T.);
#4708=FACE_BOUND('',#4298,.T.);
#4709=FACE_BOUND('',#4299,.T.);
#4710=FACE_BOUND('',#4300,.T.);
#4711=FACE_BOUND('',#4301,.T.);
#4712=FACE_BOUND('',#4302,.T.);
#4713=FACE_BOUND('',#4303,.T.);
#4714=FACE_BOUND('',#4304,.T.);
#4715=FACE_BOUND('',#4305,.T.);
#4716=FACE_BOUND('',#4306,.T.);
#4717=FACE_BOUND('',#4307,.T.);
#4718=FACE_BOUND('',#4308,.T.);
#4719=FACE_BOUND('',#4309,.T.);
#4720=FACE_BOUND('',#4310,.T.);
#4721=FACE_BOUND('',#4311,.T.);
#4722=FACE_BOUND('',#4312,.T.);
#4723=FACE_BOUND('',#4313,.T.);
#4724=FACE_BOUND('',#4314,.T.);
#4725=FACE_BOUND('',#4315,.T.);
#4726=FACE_BOUND('',#4316,.T.);
#4727=FACE_BOUND('',#4317,.T.);
#4728=FACE_BOUND('',#4318,.T.);
#4729=FACE_BOUND('',#4319,.T.);
#4730=FACE_BOUND('',#4320,.T.);
#4731=FACE_BOUND('',#4321,.T.);
#4732=FACE_BOUND('',#4322,.T.);
#4733=FACE_BOUND('',#4323,.T.);
#4734=FACE_BOUND('',#4324,.T.);
#4735=FACE_BOUND('',#4325,.T.);
#4736=FACE_BOUND('',#4326,.T.);
#4737=FACE_BOUND('',#4327,.T.);
#4738=FACE_BOUND('',#4328,.T.);
#4739=FACE_BOUND('',#4329,.T.);
#4740=FACE_BOUND('',#4330,.T.);
#4741=FACE_BOUND('',#4331,.T.);
#4742=FACE_BOUND('',#4332,.T.);
#4743=FACE_BOUND('',#4333,.T.);
#4744=FACE_BOUND('',#4334,.T.);
#4745=FACE_BOUND('',#4335,.T.);
#4746=FACE_BOUND('',#4336,.T.);
#4747=FACE_BOUND('',#4337,.T.);
#4748=FACE_BOUND('',#4338,.T.);
#4749=FACE_BOUND('',#4339,.T.);
#4750=FACE_BOUND('',#4340,.T.);
#4751=FACE_BOUND('',#4341,.T.);
#4752=FACE_BOUND('',#4342,.T.);
#4753=FACE_BOUND('',#4343,.T.);
#4754=FACE_BOUND('',#4344,.T.);
#4755=FACE_BOUND('',#4345,.T.);
#4756=FACE_BOUND('',#4346,.T.);
#4757=FACE_BOUND('',#4347,.T.);
#4758=FACE_BOUND('',#4348,.T.);
#4759=FACE_BOUND('',#4349,.T.);
#4760=FACE_BOUND('',#4350,.T.);
#4761=FACE_BOUND('',#4351,.T.);
#4762=FACE_BOUND('',#4352,.T.);
#4763=FACE_BOUND('',#4353,.T.);
#4764=FACE_BOUND('',#4354,.T.);
#4765=FACE_BOUND('',#4355,.T.);
#4766=FACE_BOUND('',#4356,.T.);
#4767=FACE_BOUND('',#4357,.T.);
#4768=FACE_BOUND('',#4358,.T.);
#4769=FACE_BOUND('',#4359,.T.);
#4770=FACE_BOUND('',#4360,.T.);
#4771=FACE_BOUND('',#4361,.T.);
#4772=FACE_BOUND('',#4362,.T.);
#4773=FACE_BOUND('',#4363,.T.);
#4774=FACE_BOUND('',#4364,.T.);
#4775=FACE_BOUND('',#4365,.T.);
#4776=FACE_BOUND('',#4366,.T.);
#4777=FACE_BOUND('',#4367,.T.);
#4778=FACE_BOUND('',#4368,.T.);
#4779=FACE_BOUND('',#4369,.T.);
#4780=FACE_BOUND('',#4370,.T.);
#4781=FACE_BOUND('',#4371,.T.);
#4782=FACE_BOUND('',#4372,.T.);
#4783=FACE_BOUND('',#4373,.T.);
#4784=FACE_BOUND('',#4374,.T.);
#4785=FACE_BOUND('',#4375,.T.);
#4786=FACE_BOUND('',#4376,.T.);
#4787=FACE_BOUND('',#4377,.T.);
#4788=FACE_BOUND('',#4378,.T.);
#4789=FACE_BOUND('',#4379,.T.);
#4790=FACE_BOUND('',#4380,.T.);
#4791=FACE_BOUND('',#4381,.T.);
#4792=FACE_BOUND('',#4382,.T.);
#4793=FACE_BOUND('',#4383,.T.);
#4794=FACE_BOUND('',#4384,.T.);
#4795=FACE_BOUND('',#4385,.T.);
#4796=FACE_BOUND('',#4386,.T.);
#4797=FACE_BOUND('',#4387,.T.);
#4798=FACE_BOUND('',#4388,.T.);
#4799=FACE_BOUND('',#4389,.T.);
#4800=FACE_BOUND('',#4390,.T.);
#4801=FACE_BOUND('',#4391,.T.);
#4802=FACE_BOUND('',#4392,.T.);
#4803=FACE_BOUND('',#4393,.T.);
#4804=FACE_BOUND('',#4394,.T.);
#4805=FACE_BOUND('',#4395,.T.);
#4806=FACE_BOUND('',#4396,.T.);
#4807=FACE_BOUND('',#4397,.T.);
#4808=FACE_BOUND('',#4398,.T.);
#4809=FACE_BOUND('',#4399,.T.);
#4810=FACE_BOUND('',#4400,.T.);
#4811=FACE_BOUND('',#4401,.T.);
#4812=FACE_BOUND('',#4402,.T.);
#4813=FACE_BOUND('',#4403,.T.);
#4814=FACE_BOUND('',#4404,.T.);
#4815=FACE_BOUND('',#4405,.T.);
#4816=FACE_BOUND('',#4406,.T.);
#4817=FACE_BOUND('',#4407,.T.);
#4818=FACE_BOUND('',#4408,.T.);
#4819=FACE_BOUND('',#4409,.T.);
#4820=FACE_BOUND('',#4410,.T.);
#4821=FACE_BOUND('',#4411,.T.);
#4822=FACE_BOUND('',#4412,.T.);
#4823=FACE_BOUND('',#4413,.T.);
#4824=FACE_BOUND('',#4414,.T.);
#4825=FACE_BOUND('',#4415,.T.);
#4826=FACE_BOUND('',#4416,.T.);
#4827=FACE_BOUND('',#4417,.T.);
#4828=FACE_BOUND('',#4418,.T.);
#4829=FACE_BOUND('',#4419,.T.);
#4830=FACE_BOUND('',#4420,.T.);
#4831=FACE_BOUND('',#4421,.T.);
#4832=FACE_BOUND('',#4422,.T.);
#4833=FACE_BOUND('',#4423,.T.);
#4834=FACE_BOUND('',#4424,.T.);
#4835=FACE_BOUND('',#4425,.T.);
#4836=FACE_BOUND('',#4426,.T.);
#4837=FACE_BOUND('',#4427,.T.);
#4838=FACE_BOUND('',#4428,.T.);
#4839=FACE_BOUND('',#4429,.T.);
#4840=FACE_BOUND('',#4430,.T.);
#4841=FACE_BOUND('',#4431,.T.);
#4842=FACE_BOUND('',#4432,.T.);
#4843=FACE_BOUND('',#4433,.T.);
#4844=FACE_BOUND('',#4434,.T.);
#4845=FACE_BOUND('',#4435,.T.);
#4846=FACE_BOUND('',#4436,.T.);
#4847=FACE_BOUND('',#4437,.T.);
#4848=FACE_BOUND('',#4438,.T.);
#4849=FACE_BOUND('',#4439,.T.);
#4850=FACE_BOUND('',#4440,.T.);
#4851=FACE_BOUND('',#4441,.T.);
#4852=FACE_BOUND('',#4442,.T.);
#4853=FACE_BOUND('',#4443,.T.);
#4854=FACE_BOUND('',#4444,.T.);
#4855=FACE_BOUND('',#4445,.T.);
#4856=FACE_BOUND('',#4446,.T.);
#4857=FACE_BOUND('',#4447,.T.);
#4858=FACE_BOUND('',#4448,.T.);
#4859=FACE_BOUND('',#4449,.T.);
#4860=FACE_BOUND('',#4450,.T.);
#4861=FACE_BOUND('',#4451,.T.);
#4862=FACE_BOUND('',#4452,.T.);
#4863=FACE_BOUND('',#4453,.T.);
#4864=FACE_BOUND('',#4454,.T.);
#4865=FACE_BOUND('',#4455,.T.);
#4866=FACE_BOUND('',#4456,.T.);
#4867=FACE_BOUND('',#4457,.T.);
#4868=FACE_BOUND('',#4458,.T.);
#4869=FACE_BOUND('',#4459,.T.);
#4870=FACE_BOUND('',#4460,.T.);
#4871=FACE_BOUND('',#4461,.T.);
#4872=FACE_BOUND('',#4462,.T.);
#4873=FACE_BOUND('',#4463,.T.);
#4874=FACE_BOUND('',#4464,.T.);
#4875=PLANE('',#5329);
#4876=PLANE('',#5383);
#4877=PLANE('',#5395);
#4878=PLANE('',#5396);
#4879=PLANE('',#5397);
#4880=PLANE('',#5398);
#4881=PLANE('',#5399);
#4882=PLANE('',#5400);
#4883=PLANE('',#5401);
#4884=PLANE('',#5402);
#4885=PLANE('',#5404);
#4886=PLANE('',#5448);
#4887=PLANE('',#5449);
#4888=PLANE('',#5450);
#4889=PLANE('',#5451);
#4890=PLANE('',#5452);
#4891=PLANE('',#5456);
#4892=PLANE('',#5463);
#4893=PLANE('',#5465);
#4894=PLANE('',#5467);
#4895=PLANE('',#5468);
#4896=PLANE('',#5475);
#4897=PLANE('',#5480);
#4898=PLANE('',#5481);
#4899=PLANE('',#5482);
#4900=PLANE('',#5487);
#4901=PLANE('',#5489);
#4902=PLANE('',#5496);
#4903=PLANE('',#5497);
#4904=PLANE('',#5502);
#4905=PLANE('',#5504);
#4906=PLANE('',#5507);
#4907=PLANE('',#5508);
#4908=PLANE('',#5509);
#4909=PLANE('',#5513);
#4910=PLANE('',#5519);
#4911=PLANE('',#5520);
#4912=PLANE('',#5521);
#4913=PLANE('',#5522);
#4914=PLANE('',#5525);
#4915=PLANE('',#5530);
#4916=PLANE('',#5538);
#4917=PLANE('',#5545);
#4918=PLANE('',#5550);
#4919=PLANE('',#5552);
#4920=PLANE('',#5559);
#4921=PLANE('',#5563);
#4922=PLANE('',#5567);
#4923=PLANE('',#5571);
#4924=PLANE('',#5575);
#4925=PLANE('',#5579);
#4926=PLANE('',#5583);
#4927=PLANE('',#5587);
#4928=PLANE('',#5597);
#4929=PLANE('',#5653);
#4930=PLANE('',#5655);
#4931=PLANE('',#5656);
#4932=PLANE('',#5657);
#4933=PLANE('',#5658);
#4934=PLANE('',#5659);
#4935=PLANE('',#5660);
#4936=PLANE('',#5661);
#4937=PLANE('',#5662);
#4938=PLANE('',#5663);
#4939=PLANE('',#5664);
#4940=PLANE('',#5665);
#4941=PLANE('',#5666);
#4942=PLANE('',#5686);
#4943=PLANE('',#5687);
#4944=PLANE('',#5688);
#4945=PLANE('',#5702);
#4946=PLANE('',#5703);
#4947=PLANE('',#5704);
#4948=PLANE('',#5705);
#4949=PLANE('',#5706);
#4950=PLANE('',#5707);
#4951=PLANE('',#5708);
#4952=PLANE('',#5709);
#4953=PLANE('',#5710);
#4954=PLANE('',#5711);
#4955=PLANE('',#5712);
#4956=PLANE('',#5715);
#4957=PLANE('',#5716);
#4958=PLANE('',#5717);
#4959=PLANE('',#5718);
#4960=PLANE('',#5719);
#4961=PLANE('',#5720);
#4962=PLANE('',#5721);
#4963=PLANE('',#5724);
#4964=PLANE('',#5732);
#4965=PLANE('',#5734);
#4966=PLANE('',#5741);
#4967=PLANE('',#5748);
#4968=PLANE('',#5750);
#4969=PLANE('',#5758);
#4970=PLANE('',#5759);
#4971=PLANE('',#5760);
#4972=PLANE('',#5761);
#4973=PLANE('',#5762);
#4974=PLANE('',#5763);
#4975=PLANE('',#5764);
#4976=PLANE('',#5765);
#4977=PLANE('',#5766);
#4978=PLANE('',#5767);
#4979=PLANE('',#5768);
#4980=PLANE('',#5769);
#4981=PLANE('',#5770);
#4982=PLANE('',#5771);
#4983=PLANE('',#5772);
#4984=PLANE('',#5773);
#4985=PLANE('',#5774);
#4986=PLANE('',#5775);
#4987=PLANE('',#5783);
#4988=PLANE('',#5784);
#4989=PLANE('',#5785);
#4990=PLANE('',#5786);
#4991=PLANE('',#5790);
#4992=PLANE('',#5791);
#4993=PLANE('',#5792);
#4994=PLANE('',#5793);
#4995=PLANE('',#5805);
#4996=PLANE('',#5808);
#4997=PLANE('',#5811);
#4998=PLANE('',#5812);
#4999=PLANE('',#5813);
#5000=PLANE('',#5814);
#5001=PLANE('',#5815);
#5002=PLANE('',#5816);
#5003=PLANE('',#5817);
#5004=PLANE('',#5818);
#5005=PLANE('',#5819);
#5006=PLANE('',#5820);
#5007=PLANE('',#5833);
#5008=PLANE('',#5940);
#5009=ADVANCED_FACE('',(#4465,#4466,#4467,#4468,#4469,#4470,#4471,#4472,
#4473,#4474),#4875,.F.);
#5010=ADVANCED_FACE('',(#4475,#4476,#4477,#4478),#4876,.T.);
#5011=ADVANCED_FACE('',(#4479),#4877,.F.);
#5012=ADVANCED_FACE('',(#4480),#4878,.F.);
#5013=ADVANCED_FACE('',(#4481),#4879,.T.);
#5014=ADVANCED_FACE('',(#4482),#4880,.T.);
#5015=ADVANCED_FACE('',(#4483),#4881,.T.);
#5016=ADVANCED_FACE('',(#4484),#4882,.T.);
#5017=ADVANCED_FACE('',(#4485),#4883,.T.);
#5018=ADVANCED_FACE('',(#4486),#4884,.F.);
#5019=ADVANCED_FACE('',(#4487,#4488,#4489,#4490,#4491),#4885,.T.);
#5020=ADVANCED_FACE('',(#4492),#4886,.T.);
#5021=ADVANCED_FACE('',(#4493),#4887,.T.);
#5022=ADVANCED_FACE('',(#4494),#4888,.F.);
#5023=ADVANCED_FACE('',(#4495),#4889,.F.);
#5024=ADVANCED_FACE('',(#4496),#4890,.F.);
#5025=ADVANCED_FACE('',(#4497,#4498),#70,.T.);
#5026=ADVANCED_FACE('',(#4499),#4891,.T.);
#5027=ADVANCED_FACE('',(#4500),#4892,.T.);
#5028=ADVANCED_FACE('',(#4501),#4893,.T.);
#5029=ADVANCED_FACE('',(#4502),#4894,.T.);
#5030=ADVANCED_FACE('',(#4503),#4895,.T.);
#5031=ADVANCED_FACE('',(#4504),#4896,.T.);
#5032=ADVANCED_FACE('',(#4505),#4897,.F.);
#5033=ADVANCED_FACE('',(#4506),#4898,.F.);
#5034=ADVANCED_FACE('',(#4507),#4899,.F.);
#5035=ADVANCED_FACE('',(#4508),#71,.T.);
#5036=ADVANCED_FACE('',(#4509),#4900,.F.);
#5037=ADVANCED_FACE('',(#4510,#4511),#4901,.T.);
#5038=ADVANCED_FACE('',(#4512),#4902,.T.);
#5039=ADVANCED_FACE('',(#4513),#4903,.T.);
#5040=ADVANCED_FACE('',(#4514),#4904,.F.);
#5041=ADVANCED_FACE('',(#4515,#4516),#4905,.F.);
#5042=ADVANCED_FACE('',(#4517),#4906,.F.);
#5043=ADVANCED_FACE('',(#4518),#4907,.T.);
#5044=ADVANCED_FACE('',(#4519),#4908,.T.);
#5045=ADVANCED_FACE('',(#4520),#72,.F.);
#5046=ADVANCED_FACE('',(#4521,#4522),#4909,.F.);
#5047=ADVANCED_FACE('',(#4523),#73,.F.);
#5048=ADVANCED_FACE('',(#4524),#4910,.F.);
#5049=ADVANCED_FACE('',(#4525),#4911,.T.);
#5050=ADVANCED_FACE('',(#4526),#4912,.F.);
#5051=ADVANCED_FACE('',(#4527),#4913,.T.);
#5052=ADVANCED_FACE('',(#4528,#4529,#4530,#4531,#4532),#4914,.F.);
#5053=ADVANCED_FACE('',(#4533,#4534,#4535,#4536,#4537),#4915,.T.);
#5054=ADVANCED_FACE('',(#4538),#74,.T.);
#5055=ADVANCED_FACE('',(#4539),#4916,.T.);
#5056=ADVANCED_FACE('',(#4540,#4541),#75,.F.);
#5057=ADVANCED_FACE('',(#4542,#4543,#4544,#4545,#4546),#4917,.F.);
#5058=ADVANCED_FACE('',(#4547),#4918,.T.);
#5059=ADVANCED_FACE('',(#4548,#4549,#4550,#4551,#4552),#4919,.T.);
#5060=ADVANCED_FACE('',(#4553,#4554),#76,.F.);
#5061=ADVANCED_FACE('',(#4555,#4556),#4920,.T.);
#5062=ADVANCED_FACE('',(#4557,#4558),#77,.F.);
#5063=ADVANCED_FACE('',(#4559,#4560),#4921,.T.);
#5064=ADVANCED_FACE('',(#4561,#4562),#78,.F.);
#5065=ADVANCED_FACE('',(#4563,#4564),#4922,.T.);
#5066=ADVANCED_FACE('',(#4565,#4566),#79,.F.);
#5067=ADVANCED_FACE('',(#4567,#4568),#4923,.T.);
#5068=ADVANCED_FACE('',(#4569,#4570),#80,.F.);
#5069=ADVANCED_FACE('',(#4571,#4572),#4924,.F.);
#5070=ADVANCED_FACE('',(#4573,#4574),#81,.F.);
#5071=ADVANCED_FACE('',(#4575,#4576),#4925,.F.);
#5072=ADVANCED_FACE('',(#4577,#4578),#82,.F.);
#5073=ADVANCED_FACE('',(#4579,#4580),#4926,.F.);
#5074=ADVANCED_FACE('',(#4581,#4582),#83,.F.);
#5075=ADVANCED_FACE('',(#4583,#4584),#4927,.F.);
#5076=ADVANCED_FACE('',(#4585,#4586),#84,.F.);
#5077=ADVANCED_FACE('',(#4587,#4588),#85,.F.);
#5078=ADVANCED_FACE('',(#4589,#4590),#86,.F.);
#5079=ADVANCED_FACE('',(#4591,#4592),#87,.F.);
#5080=ADVANCED_FACE('',(#4593,#4594),#88,.F.);
#5081=ADVANCED_FACE('',(#4595,#4596),#89,.F.);
#5082=ADVANCED_FACE('',(#4597,#4598),#90,.F.);
#5083=ADVANCED_FACE('',(#4599,#4600),#91,.F.);
#5084=ADVANCED_FACE('',(#4601),#4928,.T.);
#5085=ADVANCED_FACE('',(#4602),#92,.T.);
#5086=ADVANCED_FACE('',(#4603),#39,.T.);
#5087=ADVANCED_FACE('',(#4604),#93,.T.);
#5088=ADVANCED_FACE('',(#4605),#94,.F.);
#5089=ADVANCED_FACE('',(#4606),#95,.F.);
#5090=ADVANCED_FACE('',(#4607),#96,.T.);
#5091=ADVANCED_FACE('',(#4608),#97,.T.);
#5092=ADVANCED_FACE('',(#4609),#98,.T.);
#5093=ADVANCED_FACE('',(#4610),#20,.T.);
#5094=ADVANCED_FACE('',(#4611),#21,.T.);
#5095=ADVANCED_FACE('',(#4612),#22,.T.);
#5096=ADVANCED_FACE('',(#4613),#40,.T.);
#5097=ADVANCED_FACE('',(#4614),#99,.T.);
#5098=ADVANCED_FACE('',(#4615),#100,.T.);
#5099=ADVANCED_FACE('',(#4616),#23,.T.);
#5100=ADVANCED_FACE('',(#4617),#101,.T.);
#5101=ADVANCED_FACE('',(#4618),#41,.T.);
#5102=ADVANCED_FACE('',(#4619),#42,.T.);
#5103=ADVANCED_FACE('',(#4620),#102,.T.);
#5104=ADVANCED_FACE('',(#4621),#103,.T.);
#5105=ADVANCED_FACE('',(#4622),#24,.F.);
#5106=ADVANCED_FACE('',(#4623),#104,.F.);
#5107=ADVANCED_FACE('',(#4624),#25,.F.);
#5108=ADVANCED_FACE('',(#4625,#4626),#4929,.T.);
#5109=ADVANCED_FACE('',(#4627),#4930,.T.);
#5110=ADVANCED_FACE('',(#4628),#4931,.F.);
#5111=ADVANCED_FACE('',(#4629),#4932,.T.);
#5112=ADVANCED_FACE('',(#4630),#4933,.T.);
#5113=ADVANCED_FACE('',(#4631),#4934,.F.);
#5114=ADVANCED_FACE('',(#4632),#4935,.F.);
#5115=ADVANCED_FACE('',(#4633),#4936,.T.);
#5116=ADVANCED_FACE('',(#4634),#4937,.F.);
#5117=ADVANCED_FACE('',(#4635),#4938,.F.);
#5118=ADVANCED_FACE('',(#4636),#4939,.T.);
#5119=ADVANCED_FACE('',(#4637),#4940,.F.);
#5120=ADVANCED_FACE('',(#4638,#4639),#4941,.T.);
#5121=ADVANCED_FACE('',(#4640,#4641),#12,.F.);
#5122=ADVANCED_FACE('',(#4642),#13,.F.);
#5123=ADVANCED_FACE('',(#4643),#105,.F.);
#5124=ADVANCED_FACE('',(#4644),#106,.F.);
#5125=ADVANCED_FACE('',(#4645),#14,.F.);
#5126=ADVANCED_FACE('',(#4646),#43,.F.);
#5127=ADVANCED_FACE('',(#4647),#107,.F.);
#5128=ADVANCED_FACE('',(#4648),#15,.F.);
#5129=ADVANCED_FACE('',(#4649),#44,.F.);
#5130=ADVANCED_FACE('',(#4650),#16,.T.);
#5131=ADVANCED_FACE('',(#4651),#26,.T.);
#5132=ADVANCED_FACE('',(#4652),#17,.T.);
#5133=ADVANCED_FACE('',(#4653,#4654),#108,.F.);
#5134=ADVANCED_FACE('',(#4655),#4942,.T.);
#5135=ADVANCED_FACE('',(#4656),#4943,.T.);
#5136=ADVANCED_FACE('',(#4657),#4944,.T.);
#5137=ADVANCED_FACE('',(#4658),#109,.F.);
#5138=ADVANCED_FACE('',(#4659),#110,.F.);
#5139=ADVANCED_FACE('',(#4660),#111,.F.);
#5140=ADVANCED_FACE('',(#4661),#112,.F.);
#5141=ADVANCED_FACE('',(#4662),#113,.F.);
#5142=ADVANCED_FACE('',(#4663),#114,.F.);
#5143=ADVANCED_FACE('',(#4664),#115,.F.);
#5144=ADVANCED_FACE('',(#4665),#4945,.T.);
#5145=ADVANCED_FACE('',(#4666),#4946,.F.);
#5146=ADVANCED_FACE('',(#4667),#4947,.F.);
#5147=ADVANCED_FACE('',(#4668),#4948,.F.);
#5148=ADVANCED_FACE('',(#4669),#4949,.F.);
#5149=ADVANCED_FACE('',(#4670),#4950,.F.);
#5150=ADVANCED_FACE('',(#4671),#4951,.T.);
#5151=ADVANCED_FACE('',(#4672),#4952,.T.);
#5152=ADVANCED_FACE('',(#4673),#4953,.F.);
#5153=ADVANCED_FACE('',(#4674),#4954,.F.);
#5154=ADVANCED_FACE('',(#4675),#4955,.T.);
#5155=ADVANCED_FACE('',(#4676),#4956,.T.);
#5156=ADVANCED_FACE('',(#4677),#4957,.T.);
#5157=ADVANCED_FACE('',(#4678),#4958,.T.);
#5158=ADVANCED_FACE('',(#4679),#4959,.T.);
#5159=ADVANCED_FACE('',(#4680),#4960,.T.);
#5160=ADVANCED_FACE('',(#4681),#4961,.T.);
#5161=ADVANCED_FACE('',(#4682),#4962,.F.);
#5162=ADVANCED_FACE('',(#4683,#4684),#116,.F.);
#5163=ADVANCED_FACE('',(#4685,#4686,#4687),#4963,.F.);
#5164=ADVANCED_FACE('',(#4688,#4689),#117,.F.);
#5165=ADVANCED_FACE('',(#4690,#4691),#118,.T.);
#5166=ADVANCED_FACE('',(#4692,#4693),#4964,.F.);
#5167=ADVANCED_FACE('',(#4694,#4695),#4965,.F.);
#5168=ADVANCED_FACE('',(#4696,#4697),#119,.F.);
#5169=ADVANCED_FACE('',(#4698,#4699),#120,.T.);
#5170=ADVANCED_FACE('',(#4700,#4701),#4966,.F.);
#5171=ADVANCED_FACE('',(#4702,#4703),#121,.F.);
#5172=ADVANCED_FACE('',(#4704,#4705),#122,.T.);
#5173=ADVANCED_FACE('',(#4706,#4707),#4967,.F.);
#5174=ADVANCED_FACE('',(#4708,#4709),#4968,.F.);
#5175=ADVANCED_FACE('',(#4710,#4711),#123,.F.);
#5176=ADVANCED_FACE('',(#4712,#4713),#124,.F.);
#5177=ADVANCED_FACE('',(#4714,#4715),#125,.F.);
#5178=ADVANCED_FACE('',(#4716,#4717),#27,.F.);
#5179=ADVANCED_FACE('',(#4718,#4719),#18,.F.);
#5180=ADVANCED_FACE('',(#4720),#28,.F.);
#5181=ADVANCED_FACE('',(#4721,#4722),#29,.F.);
#5182=ADVANCED_FACE('',(#4723),#4969,.T.);
#5183=ADVANCED_FACE('',(#4724),#4970,.T.);
#5184=ADVANCED_FACE('',(#4725),#4971,.T.);
#5185=ADVANCED_FACE('',(#4726),#4972,.T.);
#5186=ADVANCED_FACE('',(#4727),#4973,.T.);
#5187=ADVANCED_FACE('',(#4728),#4974,.T.);
#5188=ADVANCED_FACE('',(#4729),#4975,.T.);
#5189=ADVANCED_FACE('',(#4730),#4976,.T.);
#5190=ADVANCED_FACE('',(#4731),#4977,.T.);
#5191=ADVANCED_FACE('',(#4732),#4978,.T.);
#5192=ADVANCED_FACE('',(#4733),#4979,.T.);
#5193=ADVANCED_FACE('',(#4734),#4980,.T.);
#5194=ADVANCED_FACE('',(#4735),#4981,.T.);
#5195=ADVANCED_FACE('',(#4736),#4982,.T.);
#5196=ADVANCED_FACE('',(#4737),#4983,.T.);
#5197=ADVANCED_FACE('',(#4738),#4984,.T.);
#5198=ADVANCED_FACE('',(#4739),#4985,.T.);
#5199=ADVANCED_FACE('',(#4740,#4741),#4986,.T.);
#5200=ADVANCED_FACE('',(#4742),#4987,.F.);
#5201=ADVANCED_FACE('',(#4743),#4988,.F.);
#5202=ADVANCED_FACE('',(#4744),#4989,.F.);
#5203=ADVANCED_FACE('',(#4745,#4746),#4990,.T.);
#5204=ADVANCED_FACE('',(#4747),#4991,.T.);
#5205=ADVANCED_FACE('',(#4748),#4992,.T.);
#5206=ADVANCED_FACE('',(#4749),#4993,.T.);
#5207=ADVANCED_FACE('',(#4750,#4751),#4994,.T.);
#5208=ADVANCED_FACE('',(#4752,#4753),#126,.F.);
#5209=ADVANCED_FACE('',(#4754,#4755),#127,.F.);
#5210=ADVANCED_FACE('',(#4756,#4757),#128,.F.);
#5211=ADVANCED_FACE('',(#4758,#4759),#129,.T.);
#5212=ADVANCED_FACE('',(#4760,#4761),#4995,.T.);
#5213=ADVANCED_FACE('',(#4762,#4763),#130,.T.);
#5214=ADVANCED_FACE('',(#4764,#4765),#4996,.T.);
#5215=ADVANCED_FACE('',(#4766,#4767),#131,.T.);
#5216=ADVANCED_FACE('',(#4768,#4769),#4997,.T.);
#5217=ADVANCED_FACE('',(#4770),#4998,.T.);
#5218=ADVANCED_FACE('',(#4771),#4999,.T.);
#5219=ADVANCED_FACE('',(#4772),#5000,.T.);
#5220=ADVANCED_FACE('',(#4773),#5001,.T.);
#5221=ADVANCED_FACE('',(#4774),#5002,.T.);
#5222=ADVANCED_FACE('',(#4775),#5003,.T.);
#5223=ADVANCED_FACE('',(#4776),#5004,.F.);
#5224=ADVANCED_FACE('',(#4777),#5005,.F.);
#5225=ADVANCED_FACE('',(#4778),#5006,.F.);
#5226=ADVANCED_FACE('',(#4779,#4780),#132,.F.);
#5227=ADVANCED_FACE('',(#4781,#4782),#133,.F.);
#5228=ADVANCED_FACE('',(#4783,#4784),#134,.F.);
#5229=ADVANCED_FACE('',(#4785),#135,.F.);
#5230=ADVANCED_FACE('',(#4786),#136,.F.);
#5231=ADVANCED_FACE('',(#4787),#137,.F.);
#5232=ADVANCED_FACE('',(#4788),#138,.F.);
#5233=ADVANCED_FACE('',(#4789),#5007,.T.);
#5234=ADVANCED_FACE('',(#4790),#139,.F.);
#5235=ADVANCED_FACE('',(#4791),#140,.F.);
#5236=ADVANCED_FACE('',(#4792),#141,.F.);
#5237=ADVANCED_FACE('',(#4793),#142,.F.);
#5238=ADVANCED_FACE('',(#4794),#143,.T.);
#5239=ADVANCED_FACE('',(#4795),#144,.F.);
#5240=ADVANCED_FACE('',(#4796),#145,.F.);
#5241=ADVANCED_FACE('',(#4797),#146,.T.);
#5242=ADVANCED_FACE('',(#4798),#147,.T.);
#5243=ADVANCED_FACE('',(#4799),#148,.F.);
#5244=ADVANCED_FACE('',(#4800),#149,.T.);
#5245=ADVANCED_FACE('',(#4801),#150,.F.);
#5246=ADVANCED_FACE('',(#4802),#151,.T.);
#5247=ADVANCED_FACE('',(#4803),#152,.F.);
#5248=ADVANCED_FACE('',(#4804),#153,.T.);
#5249=ADVANCED_FACE('',(#4805),#154,.F.);
#5250=ADVANCED_FACE('',(#4806),#155,.T.);
#5251=ADVANCED_FACE('',(#4807),#156,.F.);
#5252=ADVANCED_FACE('',(#4808),#157,.F.);
#5253=ADVANCED_FACE('',(#4809),#158,.F.);
#5254=ADVANCED_FACE('',(#4810),#159,.F.);
#5255=ADVANCED_FACE('',(#4811),#160,.T.);
#5256=ADVANCED_FACE('',(#4812),#161,.T.);
#5257=ADVANCED_FACE('',(#4813),#162,.F.);
#5258=ADVANCED_FACE('',(#4814),#163,.F.);
#5259=ADVANCED_FACE('',(#4815),#164,.F.);
#5260=ADVANCED_FACE('',(#4816),#165,.F.);
#5261=ADVANCED_FACE('',(#4817),#166,.T.);
#5262=ADVANCED_FACE('',(#4818),#167,.F.);
#5263=ADVANCED_FACE('',(#4819),#168,.T.);
#5264=ADVANCED_FACE('',(#4820),#169,.F.);
#5265=ADVANCED_FACE('',(#4821),#170,.F.);
#5266=ADVANCED_FACE('',(#4822),#171,.F.);
#5267=ADVANCED_FACE('',(#4823),#172,.T.);
#5268=ADVANCED_FACE('',(#4824),#173,.F.);
#5269=ADVANCED_FACE('',(#4825),#174,.F.);
#5270=ADVANCED_FACE('',(#4826),#175,.F.);
#5271=ADVANCED_FACE('',(#4827),#176,.F.);
#5272=ADVANCED_FACE('',(#4828),#177,.T.);
#5273=ADVANCED_FACE('',(#4829),#178,.T.);
#5274=ADVANCED_FACE('',(#4830),#179,.F.);
#5275=ADVANCED_FACE('',(#4831),#180,.F.);
#5276=ADVANCED_FACE('',(#4832),#181,.T.);
#5277=ADVANCED_FACE('',(#4833),#182,.T.);
#5278=ADVANCED_FACE('',(#4834),#183,.F.);
#5279=ADVANCED_FACE('',(#4835),#184,.F.);
#5280=ADVANCED_FACE('',(#4836),#185,.T.);
#5281=ADVANCED_FACE('',(#4837),#186,.T.);
#5282=ADVANCED_FACE('',(#4838),#187,.F.);
#5283=ADVANCED_FACE('',(#4839),#188,.F.);
#5284=ADVANCED_FACE('',(#4840),#189,.T.);
#5285=ADVANCED_FACE('',(#4841),#30,.T.);
#5286=ADVANCED_FACE('',(#4842),#190,.T.);
#5287=ADVANCED_FACE('',(#4843),#191,.T.);
#5288=ADVANCED_FACE('',(#4844),#192,.F.);
#5289=ADVANCED_FACE('',(#4845),#193,.F.);
#5290=ADVANCED_FACE('',(#4846),#194,.F.);
#5291=ADVANCED_FACE('',(#4847),#195,.F.);
#5292=ADVANCED_FACE('',(#4848),#19,.F.);
#5293=ADVANCED_FACE('',(#4849),#196,.T.);
#5294=ADVANCED_FACE('',(#4850),#45,.T.);
#5295=ADVANCED_FACE('',(#4851),#197,.T.);
#5296=ADVANCED_FACE('',(#4852),#31,.T.);
#5297=ADVANCED_FACE('',(#4853),#32,.T.);
#5298=ADVANCED_FACE('',(#4854),#198,.T.);
#5299=ADVANCED_FACE('',(#4855),#46,.T.);
#5300=ADVANCED_FACE('',(#4856),#47,.T.);
#5301=ADVANCED_FACE('',(#4857),#33,.T.);
#5302=ADVANCED_FACE('',(#4858),#34,.T.);
#5303=ADVANCED_FACE('',(#4859),#48,.T.);
#5304=ADVANCED_FACE('',(#4860),#199,.T.);
#5305=ADVANCED_FACE('',(#4861),#35,.T.);
#5306=ADVANCED_FACE('',(#4862),#200,.T.);
#5307=ADVANCED_FACE('',(#4863),#36,.T.);
#5308=ADVANCED_FACE('',(#4864),#49,.T.);
#5309=ADVANCED_FACE('',(#4865),#37,.T.);
#5310=ADVANCED_FACE('',(#4866),#38,.T.);
#5311=ADVANCED_FACE('',(#4867),#50,.T.);
#5312=ADVANCED_FACE('',(#4868),#201,.T.);
#5313=ADVANCED_FACE('',(#4869,#4870),#202,.F.);
#5314=ADVANCED_FACE('',(#4871,#4872),#5008,.T.);
#5315=ADVANCED_FACE('',(#4873,#4874),#203,.F.);
#5316=CLOSED_SHELL('',(#5009,#5010,#5011,#5012,#5013,#5014,#5015,#5016,
#5017,#5018,#5019,#5020,#5021,#5022,#5023,#5024,#5025,#5026,#5027,#5028,
#5029,#5030,#5031,#5032,#5033,#5034,#5035,#5036,#5037,#5038,#5039,#5040,
#5041,#5042,#5043,#5044,#5045,#5046,#5047,#5048,#5049,#5050,#5051,#5052,
#5053,#5054,#5055,#5056,#5057,#5058,#5059,#5060,#5061,#5062,#5063,#5064,
#5065,#5066,#5067,#5068,#5069,#5070,#5071,#5072,#5073,#5074,#5075,#5076,
#5077,#5078,#5079,#5080,#5081,#5082,#5083,#5084,#5085,#5086,#5087,#5088,
#5089,#5090,#5091,#5092,#5093,#5094,#5095,#5096,#5097,#5098,#5099,#5100,
#5101,#5102,#5103,#5104,#5105,#5106,#5107,#5108,#5109,#5110,#5111,#5112,
#5113,#5114,#5115,#5116,#5117,#5118,#5119,#5120,#5121,#5122,#5123,#5124,
#5125,#5126,#5127,#5128,#5129,#5130,#5131,#5132,#5133,#5134,#5135,#5136,
#5137,#5138,#5139,#5140,#5141,#5142,#5143,#5144,#5145,#5146,#5147,#5148,
#5149,#5150,#5151,#5152,#5153,#5154,#5155,#5156,#5157,#5158,#5159,#5160,
#5161,#5162,#5163,#5164,#5165,#5166,#5167,#5168,#5169,#5170,#5171,#5172,
#5173,#5174,#5175,#5176,#5177,#5178,#5179,#5180,#5181,#5182,#5183,#5184,
#5185,#5186,#5187,#5188,#5189,#5190,#5191,#5192,#5193,#5194,#5195,#5196,
#5197,#5198,#5199,#5200,#5201,#5202,#5203,#5204,#5205,#5206,#5207,#5208,
#5209,#5210,#5211,#5212,#5213,#5214,#5215,#5216,#5217,#5218,#5219,#5220,
#5221,#5222,#5223,#5224,#5225,#5226,#5227,#5228,#5229,#5230,#5231,#5232,
#5233,#5234,#5235,#5236,#5237,#5238,#5239,#5240,#5241,#5242,#5243,#5244,
#5245,#5246,#5247,#5248,#5249,#5250,#5251,#5252,#5253,#5254,#5255,#5256,
#5257,#5258,#5259,#5260,#5261,#5262,#5263,#5264,#5265,#5266,#5267,#5268,
#5269,#5270,#5271,#5272,#5273,#5274,#5275,#5276,#5277,#5278,#5279,#5280,
#5281,#5282,#5283,#5284,#5285,#5286,#5287,#5288,#5289,#5290,#5291,#5292,
#5293,#5294,#5295,#5296,#5297,#5298,#5299,#5300,#5301,#5302,#5303,#5304,
#5305,#5306,#5307,#5308,#5309,#5310,#5311,#5312,#5313,#5314,#5315));
#5317=STYLED_ITEM('',(#5318),#5325);
#5318=PRESENTATION_STYLE_ASSIGNMENT((#5319));
#5319=SURFACE_STYLE_USAGE(.BOTH.,#5320);
#5320=SURFACE_SIDE_STYLE('',(#5321));
#5321=SURFACE_STYLE_FILL_AREA(#5322);
#5322=FILL_AREA_STYLE('',(#5323));
#5323=FILL_AREA_STYLE_COLOUR('',#5324);
#5324=COLOUR_RGB('',0.4,0.4,0.4);
#5325=MANIFOLD_SOLID_BREP('Front R',#5316);
#5326=SHAPE_DEFINITION_REPRESENTATION(#9531,#5327);
#5327=SHAPE_REPRESENTATION('Front R',(#5328),#9526);
#5328=AXIS2_PLACEMENT_3D('',#7581,#5943,#5944);
#5329=AXIS2_PLACEMENT_3D('',#7582,#5945,#5946);
#5330=AXIS2_PLACEMENT_3D('',#7583,#5947,#5948);
#5331=AXIS2_PLACEMENT_3D('',#7585,#5949,#5950);
#5332=AXIS2_PLACEMENT_3D('',#7587,#5951,#5952);
#5333=AXIS2_PLACEMENT_3D('',#7589,#5953,#5954);
#5334=AXIS2_PLACEMENT_3D('',#7591,#5955,#5956);
#5335=AXIS2_PLACEMENT_3D('',#7593,#5957,#5958);
#5336=AXIS2_PLACEMENT_3D('',#7595,#5959,#5960);
#5337=AXIS2_PLACEMENT_3D('',#7598,#5961,#5962);
#5338=AXIS2_PLACEMENT_3D('',#7600,#5963,#5964);
#5339=AXIS2_PLACEMENT_3D('',#7602,#5965,#5966);
#5340=AXIS2_PLACEMENT_3D('',#7604,#5967,#5968);
#5341=AXIS2_PLACEMENT_3D('',#7606,#5969,#5970);
#5342=AXIS2_PLACEMENT_3D('',#7608,#5971,#5972);
#5343=AXIS2_PLACEMENT_3D('',#7610,#5973,#5974);
#5344=AXIS2_PLACEMENT_3D('',#7612,#5975,#5976);
#5345=AXIS2_PLACEMENT_3D('',#7614,#5977,#5978);
#5346=AXIS2_PLACEMENT_3D('',#7616,#5979,#5980);
#5347=AXIS2_PLACEMENT_3D('',#7618,#5981,#5982);
#5348=AXIS2_PLACEMENT_3D('',#7620,#5983,#5984);
#5349=AXIS2_PLACEMENT_3D('',#7622,#5985,#5986);
#5350=AXIS2_PLACEMENT_3D('',#7624,#5987,#5988);
#5351=AXIS2_PLACEMENT_3D('',#7626,#5989,#5990);
#5352=AXIS2_PLACEMENT_3D('',#7628,#5991,#5992);
#5353=AXIS2_PLACEMENT_3D('',#7630,#5993,#5994);
#5354=AXIS2_PLACEMENT_3D('',#7632,#5995,#5996);
#5355=AXIS2_PLACEMENT_3D('',#7634,#5997,#5998);
#5356=AXIS2_PLACEMENT_3D('',#7635,#5999,#6000);
#5357=AXIS2_PLACEMENT_3D('',#7640,#6002,#6003);
#5358=AXIS2_PLACEMENT_3D('',#7644,#6005,#6006);
#5359=AXIS2_PLACEMENT_3D('',#7648,#6008,#6009);
#5360=AXIS2_PLACEMENT_3D('',#7652,#6011,#6012);
#5361=AXIS2_PLACEMENT_3D('',#7656,#6014,#6015);
#5362=AXIS2_PLACEMENT_3D('',#7660,#6017,#6018);
#5363=AXIS2_PLACEMENT_3D('',#7664,#6020,#6021);
#5364=AXIS2_PLACEMENT_3D('',#7668,#6023,#6024);
#5365=AXIS2_PLACEMENT_3D('',#7672,#6026,#6027);
#5366=AXIS2_PLACEMENT_3D('',#7676,#6029,#6030);
#5367=AXIS2_PLACEMENT_3D('',#7680,#6032,#6033);
#5368=AXIS2_PLACEMENT_3D('',#7686,#6036,#6037);
#5369=AXIS2_PLACEMENT_3D('',#7690,#6039,#6040);
#5370=AXIS2_PLACEMENT_3D('',#7694,#6042,#6043);
#5371=AXIS2_PLACEMENT_3D('',#7698,#6045,#6046);
#5372=AXIS2_PLACEMENT_3D('',#7702,#6048,#6049);
#5373=AXIS2_PLACEMENT_3D('',#7706,#6051,#6052);
#5374=AXIS2_PLACEMENT_3D('',#7710,#6054,#6055);
#5375=AXIS2_PLACEMENT_3D('',#7718,#6059,#6060);
#5376=AXIS2_PLACEMENT_3D('',#7722,#6062,#6063);
#5377=AXIS2_PLACEMENT_3D('',#7726,#6065,#6066);
#5378=AXIS2_PLACEMENT_3D('',#7730,#6068,#6069);
#5379=AXIS2_PLACEMENT_3D('',#7738,#6073,#6074);
#5380=AXIS2_PLACEMENT_3D('',#7742,#6076,#6077);
#5381=AXIS2_PLACEMENT_3D('',#7766,#6089,#6090);
#5382=AXIS2_PLACEMENT_3D('',#7767,#6091,#6092);
#5383=AXIS2_PLACEMENT_3D('',#7769,#6093,#6094);
#5384=AXIS2_PLACEMENT_3D('',#7770,#6095,#6096);
#5385=AXIS2_PLACEMENT_3D('',#7775,#6098,#6099);
#5386=AXIS2_PLACEMENT_3D('',#7791,#6107,#6108);
#5387=AXIS2_PLACEMENT_3D('',#7795,#6110,#6111);
#5388=AXIS2_PLACEMENT_3D('',#7799,#6113,#6114);
#5389=AXIS2_PLACEMENT_3D('',#7803,#6116,#6117);
#5390=AXIS2_PLACEMENT_3D('',#7807,#6119,#6120);
#5391=AXIS2_PLACEMENT_3D('',#7811,#6122,#6123);
#5392=AXIS2_PLACEMENT_3D('',#7815,#6125,#6126);
#5393=AXIS2_PLACEMENT_3D('',#7816,#6127,#6128);
#5394=AXIS2_PLACEMENT_3D('',#7818,#6129,#6130);
#5395=AXIS2_PLACEMENT_3D('',#7820,#6131,#6132);
#5396=AXIS2_PLACEMENT_3D('',#7823,#6135,#6136);
#5397=AXIS2_PLACEMENT_3D('',#7826,#6139,#6140);
#5398=AXIS2_PLACEMENT_3D('',#7829,#6143,#6144);
#5399=AXIS2_PLACEMENT_3D('',#7832,#6147,#6148);
#5400=AXIS2_PLACEMENT_3D('',#7835,#6151,#6152);
#5401=AXIS2_PLACEMENT_3D('',#7838,#6155,#6156);
#5402=AXIS2_PLACEMENT_3D('',#7841,#6159,#6160);
#5403=AXIS2_PLACEMENT_3D('',#7846,#6163,#6164);
#5404=AXIS2_PLACEMENT_3D('',#7855,#6169,#6170);
#5405=AXIS2_PLACEMENT_3D('',#7859,#6172,#6173);
#5406=AXIS2_PLACEMENT_3D('',#7861,#6174,#6175);
#5407=AXIS2_PLACEMENT_3D('',#7863,#6176,#6177);
#5408=AXIS2_PLACEMENT_3D('',#7865,#6178,#6179);
#5409=AXIS2_PLACEMENT_3D('',#7867,#6180,#6181);
#5410=AXIS2_PLACEMENT_3D('',#7871,#6183,#6184);
#5411=AXIS2_PLACEMENT_3D('',#7873,#6185,#6186);
#5412=AXIS2_PLACEMENT_3D('',#7875,#6187,#6188);
#5413=AXIS2_PLACEMENT_3D('',#7877,#6189,#6190);
#5414=AXIS2_PLACEMENT_3D('',#7879,#6191,#6192);
#5415=AXIS2_PLACEMENT_3D('',#7889,#6197,#6198);
#5416=AXIS2_PLACEMENT_3D('',#7893,#6200,#6201);
#5417=AXIS2_PLACEMENT_3D('',#7910,#6210,#6211);
#5418=AXIS2_PLACEMENT_3D('',#7916,#6214,#6215);
#5419=AXIS2_PLACEMENT_3D('',#7920,#6217,#6218);
#5420=AXIS2_PLACEMENT_3D('',#7924,#6220,#6221);
#5421=AXIS2_PLACEMENT_3D('',#7928,#6223,#6224);
#5422=AXIS2_PLACEMENT_3D('',#7932,#6226,#6227);
#5423=AXIS2_PLACEMENT_3D('',#7936,#6229,#6230);
#5424=AXIS2_PLACEMENT_3D('',#7942,#6233,#6234);
#5425=AXIS2_PLACEMENT_3D('',#7950,#6238,#6239);
#5426=AXIS2_PLACEMENT_3D('',#7954,#6241,#6242);
#5427=AXIS2_PLACEMENT_3D('',#7958,#6244,#6245);
#5428=AXIS2_PLACEMENT_3D('',#7962,#6247,#6248);
#5429=AXIS2_PLACEMENT_3D('',#7970,#6252,#6253);
#5430=AXIS2_PLACEMENT_3D('',#7976,#6256,#6257);
#5431=AXIS2_PLACEMENT_3D('',#7980,#6259,#6260);
#5432=AXIS2_PLACEMENT_3D('',#7986,#6263,#6264);
#5433=AXIS2_PLACEMENT_3D('',#7990,#6266,#6267);
#5434=AXIS2_PLACEMENT_3D('',#7994,#6269,#6270);
#5435=AXIS2_PLACEMENT_3D('',#7998,#6272,#6273);
#5436=AXIS2_PLACEMENT_3D('',#8004,#6276,#6277);
#5437=AXIS2_PLACEMENT_3D('',#8008,#6279,#6280);
#5438=AXIS2_PLACEMENT_3D('',#8014,#6283,#6284);
#5439=AXIS2_PLACEMENT_3D('',#8018,#6286,#6287);
#5440=AXIS2_PLACEMENT_3D('',#8024,#6290,#6291);
#5441=AXIS2_PLACEMENT_3D('',#8028,#6293,#6294);
#5442=AXIS2_PLACEMENT_3D('',#8035,#6298,#6299);
#5443=AXIS2_PLACEMENT_3D('',#8037,#6300,#6301);
#5444=AXIS2_PLACEMENT_3D('',#8039,#6302,#6303);
#5445=AXIS2_PLACEMENT_3D('',#8041,#6304,#6305);
#5446=AXIS2_PLACEMENT_3D('',#8046,#6307,#6308);
#5447=AXIS2_PLACEMENT_3D('',#8050,#6310,#6311);
#5448=AXIS2_PLACEMENT_3D('',#8053,#6313,#6314);
#5449=AXIS2_PLACEMENT_3D('',#8061,#6320,#6321);
#5450=AXIS2_PLACEMENT_3D('',#8069,#6327,#6328);
#5451=AXIS2_PLACEMENT_3D('',#8072,#6331,#6332);
#5452=AXIS2_PLACEMENT_3D('',#8075,#6335,#6336);
#5453=AXIS2_PLACEMENT_3D('',#8078,#6339,#6340);
#5454=AXIS2_PLACEMENT_3D('',#8079,#6341,#6342);
#5455=AXIS2_PLACEMENT_3D('',#8081,#6343,#6344);
#5456=AXIS2_PLACEMENT_3D('',#8129,#6345,#6346);
#5457=AXIS2_PLACEMENT_3D('',#8133,#6348,#6349);
#5458=AXIS2_PLACEMENT_3D('',#8137,#6351,#6352);
#5459=AXIS2_PLACEMENT_3D('',#8147,#6357,#6358);
#5460=AXIS2_PLACEMENT_3D('',#8151,#6360,#6361);
#5461=AXIS2_PLACEMENT_3D('',#8153,#6362,#6363);
#5462=AXIS2_PLACEMENT_3D('',#8157,#6365,#6366);
#5463=AXIS2_PLACEMENT_3D('',#8158,#6367,#6368);
#5464=AXIS2_PLACEMENT_3D('',#8164,#6371,#6372);
#5465=AXIS2_PLACEMENT_3D('',#8173,#6377,#6378);
#5466=AXIS2_PLACEMENT_3D('',#8177,#6380,#6381);
#5467=AXIS2_PLACEMENT_3D('',#8182,#6384,#6385);
#5468=AXIS2_PLACEMENT_3D('',#8195,#6392,#6393);
#5469=AXIS2_PLACEMENT_3D('',#8199,#6395,#6396);
#5470=AXIS2_PLACEMENT_3D('',#8211,#6402,#6403);
#5471=AXIS2_PLACEMENT_3D('',#8217,#6406,#6407);
#5472=AXIS2_PLACEMENT_3D('',#8221,#6409,#6410);
#5473=AXIS2_PLACEMENT_3D('',#8225,#6412,#6413);
#5474=AXIS2_PLACEMENT_3D('',#8227,#6414,#6415);
#5475=AXIS2_PLACEMENT_3D('',#8228,#6416,#6417);
#5476=AXIS2_PLACEMENT_3D('',#8232,#6419,#6420);
#5477=AXIS2_PLACEMENT_3D('',#8236,#6422,#6423);
#5478=AXIS2_PLACEMENT_3D('',#8240,#6425,#6426);
#5479=AXIS2_PLACEMENT_3D('',#8252,#6432,#6433);
#5480=AXIS2_PLACEMENT_3D('',#8253,#6434,#6435);
#5481=AXIS2_PLACEMENT_3D('',#8259,#6439,#6440);
#5482=AXIS2_PLACEMENT_3D('',#8262,#6443,#6444);
#5483=AXIS2_PLACEMENT_3D('',#8265,#6446,#6447);
#5484=AXIS2_PLACEMENT_3D('',#8266,#6448,#6449);
#5485=AXIS2_PLACEMENT_3D('',#8270,#6451,#6452);
#5486=AXIS2_PLACEMENT_3D('',#8274,#6454,#6455);
#5487=AXIS2_PLACEMENT_3D('',#8275,#6456,#6457);
#5488=AXIS2_PLACEMENT_3D('',#8285,#6462,#6463);
#5489=AXIS2_PLACEMENT_3D('',#8286,#6464,#6465);
#5490=AXIS2_PLACEMENT_3D('',#8287,#6466,#6467);
#5491=AXIS2_PLACEMENT_3D('',#8296,#6471,#6472);
#5492=AXIS2_PLACEMENT_3D('',#8300,#6474,#6475);
#5493=AXIS2_PLACEMENT_3D('',#8304,#6477,#6478);
#5494=AXIS2_PLACEMENT_3D('',#8308,#6480,#6481);
#5495=AXIS2_PLACEMENT_3D('',#8312,#6483,#6484);
#5496=AXIS2_PLACEMENT_3D('',#8313,#6485,#6486);
#5497=AXIS2_PLACEMENT_3D('',#8319,#6490,#6491);
#5498=AXIS2_PLACEMENT_3D('',#8323,#6493,#6494);
#5499=AXIS2_PLACEMENT_3D('',#8327,#6496,#6497);
#5500=AXIS2_PLACEMENT_3D('',#8336,#6502,#6503);
#5501=AXIS2_PLACEMENT_3D('',#8340,#6505,#6506);
#5502=AXIS2_PLACEMENT_3D('',#8341,#6507,#6508);
#5503=AXIS2_PLACEMENT_3D('',#8344,#6510,#6511);
#5504=AXIS2_PLACEMENT_3D('',#8347,#6513,#6514);
#5505=AXIS2_PLACEMENT_3D('',#8348,#6515,#6516);
#5506=AXIS2_PLACEMENT_3D('',#8352,#6518,#6519);
#5507=AXIS2_PLACEMENT_3D('',#8354,#6521,#6522);
#5508=AXIS2_PLACEMENT_3D('',#8361,#6527,#6528);
#5509=AXIS2_PLACEMENT_3D('',#8367,#6532,#6533);
#5510=AXIS2_PLACEMENT_3D('',#8373,#6537,#6538);
#5511=AXIS2_PLACEMENT_3D('',#8374,#6539,#6540);
#5512=AXIS2_PLACEMENT_3D('',#8378,#6542,#6543);
#5513=AXIS2_PLACEMENT_3D('',#8381,#6545,#6546);
#5514=AXIS2_PLACEMENT_3D('',#8382,#6547,#6548);
#5515=AXIS2_PLACEMENT_3D('',#8386,#6550,#6551);
#5516=AXIS2_PLACEMENT_3D('',#8390,#6553,#6554);
#5517=AXIS2_PLACEMENT_3D('',#8394,#6557,#6558);
#5518=AXIS2_PLACEMENT_3D('',#8397,#6560,#6561);
#5519=AXIS2_PLACEMENT_3D('',#8400,#6564,#6565);
#5520=AXIS2_PLACEMENT_3D('',#8403,#6568,#6569);
#5521=AXIS2_PLACEMENT_3D('',#8406,#6572,#6573);
#5522=AXIS2_PLACEMENT_3D('',#8408,#6575,#6576);
#5523=AXIS2_PLACEMENT_3D('',#8409,#6577,#6578);
#5524=AXIS2_PLACEMENT_3D('',#8418,#6582,#6583);
#5525=AXIS2_PLACEMENT_3D('',#8419,#6584,#6585);
#5526=AXIS2_PLACEMENT_3D('',#8420,#6586,#6587);
#5527=AXIS2_PLACEMENT_3D('',#8422,#6588,#6589);
#5528=AXIS2_PLACEMENT_3D('',#8424,#6590,#6591);
#5529=AXIS2_PLACEMENT_3D('',#8426,#6592,#6593);
#5530=AXIS2_PLACEMENT_3D('',#8436,#6598,#6599);
#5531=AXIS2_PLACEMENT_3D('',#8437,#6600,#6601);
#5532=AXIS2_PLACEMENT_3D('',#8439,#6602,#6603);
#5533=AXIS2_PLACEMENT_3D('',#8441,#6604,#6605);
#5534=AXIS2_PLACEMENT_3D('',#8443,#6606,#6607);
#5535=AXIS2_PLACEMENT_3D('',#8453,#6612,#6613);
#5536=AXIS2_PLACEMENT_3D('',#8457,#6615,#6616);
#5537=AXIS2_PLACEMENT_3D('',#8461,#6618,#6619);
#5538=AXIS2_PLACEMENT_3D('',#8462,#6620,#6621);
#5539=AXIS2_PLACEMENT_3D('',#8468,#6624,#6625);
#5540=AXIS2_PLACEMENT_3D('',#8470,#6626,#6627);
#5541=AXIS2_PLACEMENT_3D('',#8473,#6629,#6630);
#5542=AXIS2_PLACEMENT_3D('',#8483,#6632,#6633);
#5543=AXIS2_PLACEMENT_3D('',#8493,#6635,#6636);
#5544=AXIS2_PLACEMENT_3D('',#8494,#6637,#6638);
#5545=AXIS2_PLACEMENT_3D('',#8496,#6639,#6640);
#5546=AXIS2_PLACEMENT_3D('',#8505,#6645,#6646);
#5547=AXIS2_PLACEMENT_3D('',#8507,#6647,#6648);
#5548=AXIS2_PLACEMENT_3D('',#8509,#6649,#6650);
#5549=AXIS2_PLACEMENT_3D('',#8511,#6651,#6652);
#5550=AXIS2_PLACEMENT_3D('',#8513,#6653,#6654);
#5551=AXIS2_PLACEMENT_3D('',#8522,#6659,#6660);
#5552=AXIS2_PLACEMENT_3D('',#8524,#6662,#6663);
#5553=AXIS2_PLACEMENT_3D('',#8525,#6664,#6665);
#5554=AXIS2_PLACEMENT_3D('',#8527,#6666,#6667);
#5555=AXIS2_PLACEMENT_3D('',#8529,#6668,#6669);
#5556=AXIS2_PLACEMENT_3D('',#8531,#6670,#6671);
#5557=AXIS2_PLACEMENT_3D('',#8541,#6676,#6677);
#5558=AXIS2_PLACEMENT_3D('',#8542,#6678,#6679);
#5559=AXIS2_PLACEMENT_3D('',#8544,#6680,#6681);
#5560=AXIS2_PLACEMENT_3D('',#8545,#6682,#6683);
#5561=AXIS2_PLACEMENT_3D('',#8547,#6684,#6685);
#5562=AXIS2_PLACEMENT_3D('',#8548,#6686,#6687);
#5563=AXIS2_PLACEMENT_3D('',#8550,#6688,#6689);
#5564=AXIS2_PLACEMENT_3D('',#8551,#6690,#6691);
#5565=AXIS2_PLACEMENT_3D('',#8553,#6692,#6693);
#5566=AXIS2_PLACEMENT_3D('',#8554,#6694,#6695);
#5567=AXIS2_PLACEMENT_3D('',#8556,#6696,#6697);
#5568=AXIS2_PLACEMENT_3D('',#8557,#6698,#6699);
#5569=AXIS2_PLACEMENT_3D('',#8559,#6700,#6701);
#5570=AXIS2_PLACEMENT_3D('',#8560,#6702,#6703);
#5571=AXIS2_PLACEMENT_3D('',#8562,#6704,#6705);
#5572=AXIS2_PLACEMENT_3D('',#8563,#6706,#6707);
#5573=AXIS2_PLACEMENT_3D('',#8565,#6708,#6709);
#5574=AXIS2_PLACEMENT_3D('',#8566,#6710,#6711);
#5575=AXIS2_PLACEMENT_3D('',#8568,#6712,#6713);
#5576=AXIS2_PLACEMENT_3D('',#8569,#6714,#6715);
#5577=AXIS2_PLACEMENT_3D('',#8571,#6716,#6717);
#5578=AXIS2_PLACEMENT_3D('',#8572,#6718,#6719);
#5579=AXIS2_PLACEMENT_3D('',#8574,#6720,#6721);
#5580=AXIS2_PLACEMENT_3D('',#8575,#6722,#6723);
#5581=AXIS2_PLACEMENT_3D('',#8577,#6724,#6725);
#5582=AXIS2_PLACEMENT_3D('',#8578,#6726,#6727);
#5583=AXIS2_PLACEMENT_3D('',#8580,#6728,#6729);
#5584=AXIS2_PLACEMENT_3D('',#8581,#6730,#6731);
#5585=AXIS2_PLACEMENT_3D('',#8583,#6732,#6733);
#5586=AXIS2_PLACEMENT_3D('',#8584,#6734,#6735);
#5587=AXIS2_PLACEMENT_3D('',#8586,#6736,#6737);
#5588=AXIS2_PLACEMENT_3D('',#8587,#6738,#6739);
#5589=AXIS2_PLACEMENT_3D('',#8589,#6740,#6741);
#5590=AXIS2_PLACEMENT_3D('',#8590,#6742,#6743);
#5591=AXIS2_PLACEMENT_3D('',#8591,#6744,#6745);
#5592=AXIS2_PLACEMENT_3D('',#8592,#6746,#6747);
#5593=AXIS2_PLACEMENT_3D('',#8593,#6748,#6749);
#5594=AXIS2_PLACEMENT_3D('',#8594,#6750,#6751);
#5595=AXIS2_PLACEMENT_3D('',#8595,#6752,#6753);
#5596=AXIS2_PLACEMENT_3D('',#8596,#6754,#6755);
#5597=AXIS2_PLACEMENT_3D('',#8597,#6756,#6757);
#5598=AXIS2_PLACEMENT_3D('',#8598,#6758,#6759);
#5599=AXIS2_PLACEMENT_3D('',#8601,#6760,#6761);
#5600=AXIS2_PLACEMENT_3D('',#8603,#6762,#6763);
#5601=AXIS2_PLACEMENT_3D('',#8604,#6764,#6765);
#5602=AXIS2_PLACEMENT_3D('',#8605,#6766,#6767);
#5603=AXIS2_PLACEMENT_3D('',#8606,#6768,#6769);
#5604=AXIS2_PLACEMENT_3D('',#8607,#6770,#6771);
#5605=AXIS2_PLACEMENT_3D('',#8608,#6772,#6773);
#5606=AXIS2_PLACEMENT_3D('',#8609,#6774,#6775);
#5607=AXIS2_PLACEMENT_3D('',#8610,#6776,#6777);
#5608=AXIS2_PLACEMENT_3D('',#8611,#6778,#6779);
#5609=AXIS2_PLACEMENT_3D('',#8612,#6780,#6781);
#5610=AXIS2_PLACEMENT_3D('',#8613,#6782,#6783);
#5611=AXIS2_PLACEMENT_3D('',#8614,#6784,#6785);
#5612=AXIS2_PLACEMENT_3D('',#8615,#6786,#6787);
#5613=AXIS2_PLACEMENT_3D('',#8616,#6788,#6789);
#5614=AXIS2_PLACEMENT_3D('',#8617,#6790,#6791);
#5615=AXIS2_PLACEMENT_3D('',#8618,#6792,#6793);
#5616=AXIS2_PLACEMENT_3D('',#8619,#6794,#6795);
#5617=AXIS2_PLACEMENT_3D('',#8620,#6796,#6797);
#5618=AXIS2_PLACEMENT_3D('',#8621,#6798,#6799);
#5619=AXIS2_PLACEMENT_3D('',#8622,#6800,#6801);
#5620=AXIS2_PLACEMENT_3D('',#8623,#6802,#6803);
#5621=AXIS2_PLACEMENT_3D('',#8624,#6804,#6805);
#5622=AXIS2_PLACEMENT_3D('',#8625,#6806,#6807);
#5623=AXIS2_PLACEMENT_3D('',#8626,#6808,#6809);
#5624=AXIS2_PLACEMENT_3D('',#8628,#6810,#6811);
#5625=AXIS2_PLACEMENT_3D('',#8633,#6812,#6813);
#5626=AXIS2_PLACEMENT_3D('',#8634,#6814,#6815);
#5627=AXIS2_PLACEMENT_3D('',#8636,#6816,#6817);
#5628=AXIS2_PLACEMENT_3D('',#8637,#6818,#6819);
#5629=AXIS2_PLACEMENT_3D('',#8642,#6820,#6821);
#5630=AXIS2_PLACEMENT_3D('',#8643,#6822,#6823);
#5631=AXIS2_PLACEMENT_3D('',#8644,#6824,#6825);
#5632=AXIS2_PLACEMENT_3D('',#8645,#6826,#6827);
#5633=AXIS2_PLACEMENT_3D('',#8646,#6828,#6829);
#5634=AXIS2_PLACEMENT_3D('',#8647,#6830,#6831);
#5635=AXIS2_PLACEMENT_3D('',#8648,#6832,#6833);
#5636=AXIS2_PLACEMENT_3D('',#8649,#6834,#6835);
#5637=AXIS2_PLACEMENT_3D('',#8650,#6836,#6837);
#5638=AXIS2_PLACEMENT_3D('',#8651,#6838,#6839);
#5639=AXIS2_PLACEMENT_3D('',#8652,#6840,#6841);
#5640=AXIS2_PLACEMENT_3D('',#8653,#6842,#6843);
#5641=AXIS2_PLACEMENT_3D('',#8654,#6844,#6845);
#5642=AXIS2_PLACEMENT_3D('',#8655,#6846,#6847);
#5643=AXIS2_PLACEMENT_3D('',#8656,#6848,#6849);
#5644=AXIS2_PLACEMENT_3D('',#8657,#6850,#6851);
#5645=AXIS2_PLACEMENT_3D('',#8658,#6852,#6853);
#5646=AXIS2_PLACEMENT_3D('',#8659,#6854,#6855);
#5647=AXIS2_PLACEMENT_3D('',#8660,#6856,#6857);
#5648=AXIS2_PLACEMENT_3D('',#8661,#6858,#6859);
#5649=AXIS2_PLACEMENT_3D('',#8668,#6860,#6861);
#5650=AXIS2_PLACEMENT_3D('',#8669,#6862,#6863);
#5651=AXIS2_PLACEMENT_3D('',#8670,#6864,#6865);
#5652=AXIS2_PLACEMENT_3D('',#8671,#6866,#6867);
#5653=AXIS2_PLACEMENT_3D('',#8678,#6868,#6869);
#5654=AXIS2_PLACEMENT_3D('',#8679,#6870,#6871);
#5655=AXIS2_PLACEMENT_3D('',#8682,#6873,#6874);
#5656=AXIS2_PLACEMENT_3D('',#8688,#6878,#6879);
#5657=AXIS2_PLACEMENT_3D('',#8691,#6882,#6883);
#5658=AXIS2_PLACEMENT_3D('',#8692,#6884,#6885);
#5659=AXIS2_PLACEMENT_3D('',#8694,#6887,#6888);
#5660=AXIS2_PLACEMENT_3D('',#8696,#6890,#6891);
#5661=AXIS2_PLACEMENT_3D('',#8699,#6894,#6895);
#5662=AXIS2_PLACEMENT_3D('',#8701,#6897,#6898);
#5663=AXIS2_PLACEMENT_3D('',#8703,#6900,#6901);
#5664=AXIS2_PLACEMENT_3D('',#8706,#6904,#6905);
#5665=AXIS2_PLACEMENT_3D('',#8708,#6907,#6908);
#5666=AXIS2_PLACEMENT_3D('',#8709,#6909,#6910);
#5667=AXIS2_PLACEMENT_3D('',#8710,#6911,#6912);
#5668=AXIS2_PLACEMENT_3D('',#8712,#6913,#6914);
#5669=AXIS2_PLACEMENT_3D('',#8792,#6915,#6916);
#5670=AXIS2_PLACEMENT_3D('',#8793,#6917,#6918);
#5671=AXIS2_PLACEMENT_3D('',#8794,#6919,#6920);
#5672=AXIS2_PLACEMENT_3D('',#8795,#6921,#6922);
#5673=AXIS2_PLACEMENT_3D('',#8796,#6923,#6924);
#5674=AXIS2_PLACEMENT_3D('',#8797,#6925,#6926);
#5675=AXIS2_PLACEMENT_3D('',#8819,#6927,#6928);
#5676=AXIS2_PLACEMENT_3D('',#8820,#6929,#6930);
#5677=AXIS2_PLACEMENT_3D('',#8821,#6931,#6932);
#5678=AXIS2_PLACEMENT_3D('',#8822,#6933,#6934);
#5679=AXIS2_PLACEMENT_3D('',#8823,#6935,#6936);
#5680=AXIS2_PLACEMENT_3D('',#8881,#6937,#6938);
#5681=AXIS2_PLACEMENT_3D('',#8882,#6939,#6940);
#5682=AXIS2_PLACEMENT_3D('',#8898,#6941,#6942);
#5683=AXIS2_PLACEMENT_3D('',#8899,#6943,#6944);
#5684=AXIS2_PLACEMENT_3D('',#8900,#6945,#6946);
#5685=AXIS2_PLACEMENT_3D('',#8916,#6947,#6948);
#5686=AXIS2_PLACEMENT_3D('',#8917,#6949,#6950);
#5687=AXIS2_PLACEMENT_3D('',#8924,#6955,#6956);
#5688=AXIS2_PLACEMENT_3D('',#8930,#6960,#6961);
#5689=AXIS2_PLACEMENT_3D('',#8933,#6964,#6965);
#5690=AXIS2_PLACEMENT_3D('',#8934,#6966,#6967);
#5691=AXIS2_PLACEMENT_3D('',#8935,#6968,#6969);
#5692=AXIS2_PLACEMENT_3D('',#8936,#6970,#6971);
#5693=AXIS2_PLACEMENT_3D('',#8937,#6972,#6973);
#5694=AXIS2_PLACEMENT_3D('',#8938,#6974,#6975);
#5695=AXIS2_PLACEMENT_3D('',#8939,#6976,#6977);
#5696=AXIS2_PLACEMENT_3D('',#8940,#6978,#6979);
#5697=AXIS2_PLACEMENT_3D('',#8941,#6980,#6981);
#5698=AXIS2_PLACEMENT_3D('',#8942,#6982,#6983);
#5699=AXIS2_PLACEMENT_3D('',#8943,#6984,#6985);
#5700=AXIS2_PLACEMENT_3D('',#8944,#6986,#6987);
#5701=AXIS2_PLACEMENT_3D('',#8945,#6988,#6989);
#5702=AXIS2_PLACEMENT_3D('',#8946,#6990,#6991);
#5703=AXIS2_PLACEMENT_3D('',#8947,#6992,#6993);
#5704=AXIS2_PLACEMENT_3D('',#8949,#6995,#6996);
#5705=AXIS2_PLACEMENT_3D('',#8952,#6999,#7000);
#5706=AXIS2_PLACEMENT_3D('',#8954,#7002,#7003);
#5707=AXIS2_PLACEMENT_3D('',#8956,#7005,#7006);
#5708=AXIS2_PLACEMENT_3D('',#8958,#7008,#7009);
#5709=AXIS2_PLACEMENT_3D('',#8961,#7012,#7013);
#5710=AXIS2_PLACEMENT_3D('',#8963,#7015,#7016);
#5711=AXIS2_PLACEMENT_3D('',#8966,#7019,#7020);
#5712=AXIS2_PLACEMENT_3D('',#8969,#7023,#7024);
#5713=AXIS2_PLACEMENT_3D('',#8970,#7025,#7026);
#5714=AXIS2_PLACEMENT_3D('',#8973,#7029,#7030);
#5715=AXIS2_PLACEMENT_3D('',#8974,#7031,#7032);
#5716=AXIS2_PLACEMENT_3D('',#8977,#7035,#7036);
#5717=AXIS2_PLACEMENT_3D('',#8980,#7039,#7040);
#5718=AXIS2_PLACEMENT_3D('',#8993,#7043,#7044);
#5719=AXIS2_PLACEMENT_3D('',#8995,#7046,#7047);
#5720=AXIS2_PLACEMENT_3D('',#8998,#7050,#7051);
#5721=AXIS2_PLACEMENT_3D('',#9001,#7054,#7055);
#5722=AXIS2_PLACEMENT_3D('',#9004,#7058,#7059);
#5723=AXIS2_PLACEMENT_3D('',#9005,#7060,#7061);
#5724=AXIS2_PLACEMENT_3D('',#9007,#7062,#7063);
#5725=AXIS2_PLACEMENT_3D('',#9008,#7064,#7065);
#5726=AXIS2_PLACEMENT_3D('',#9009,#7066,#7067);
#5727=AXIS2_PLACEMENT_3D('',#9011,#7068,#7069);
#5728=AXIS2_PLACEMENT_3D('',#9012,#7070,#7071);
#5729=AXIS2_PLACEMENT_3D('',#9014,#7072,#7073);
#5730=AXIS2_PLACEMENT_3D('',#9015,#7074,#7075);
#5731=AXIS2_PLACEMENT_3D('',#9018,#7076,#7077);
#5732=AXIS2_PLACEMENT_3D('',#9019,#7078,#7079);
#5733=AXIS2_PLACEMENT_3D('',#9020,#7080,#7081);
#5734=AXIS2_PLACEMENT_3D('',#9022,#7082,#7083);
#5735=AXIS2_PLACEMENT_3D('',#9023,#7084,#7085);
#5736=AXIS2_PLACEMENT_3D('',#9025,#7086,#7087);
#5737=AXIS2_PLACEMENT_3D('',#9027,#7088,#7089);
#5738=AXIS2_PLACEMENT_3D('',#9028,#7090,#7091);
#5739=AXIS2_PLACEMENT_3D('',#9030,#7092,#7093);
#5740=AXIS2_PLACEMENT_3D('',#9031,#7094,#7095);
#5741=AXIS2_PLACEMENT_3D('',#9033,#7096,#7097);
#5742=AXIS2_PLACEMENT_3D('',#9034,#7098,#7099);
#5743=AXIS2_PLACEMENT_3D('',#9036,#7100,#7101);
#5744=AXIS2_PLACEMENT_3D('',#9038,#7102,#7103);
#5745=AXIS2_PLACEMENT_3D('',#9039,#7104,#7105);
#5746=AXIS2_PLACEMENT_3D('',#9041,#7106,#7107);
#5747=AXIS2_PLACEMENT_3D('',#9042,#7108,#7109);
#5748=AXIS2_PLACEMENT_3D('',#9044,#7110,#7111);
#5749=AXIS2_PLACEMENT_3D('',#9045,#7112,#7113);
#5750=AXIS2_PLACEMENT_3D('',#9047,#7114,#7115);
#5751=AXIS2_PLACEMENT_3D('',#9048,#7116,#7117);
#5752=AXIS2_PLACEMENT_3D('',#9050,#7118,#7119);
#5753=AXIS2_PLACEMENT_3D('',#9051,#7120,#7121);
#5754=AXIS2_PLACEMENT_3D('',#9052,#7122,#7123);
#5755=AXIS2_PLACEMENT_3D('',#9053,#7124,#7125);
#5756=AXIS2_PLACEMENT_3D('',#9137,#7126,#7127);
#5757=AXIS2_PLACEMENT_3D('',#9152,#7128,#7129);
#5758=AXIS2_PLACEMENT_3D('',#9153,#7130,#7131);
#5759=AXIS2_PLACEMENT_3D('',#9156,#7134,#7135);
#5760=AXIS2_PLACEMENT_3D('',#9159,#7138,#7139);
#5761=AXIS2_PLACEMENT_3D('',#9161,#7141,#7142);
#5762=AXIS2_PLACEMENT_3D('',#9164,#7145,#7146);
#5763=AXIS2_PLACEMENT_3D('',#9172,#7152,#7153);
#5764=AXIS2_PLACEMENT_3D('',#9175,#7156,#7157);
#5765=AXIS2_PLACEMENT_3D('',#9178,#7160,#7161);
#5766=AXIS2_PLACEMENT_3D('',#9181,#7164,#7165);
#5767=AXIS2_PLACEMENT_3D('',#9183,#7167,#7168);
#5768=AXIS2_PLACEMENT_3D('',#9185,#7170,#7171);
#5769=AXIS2_PLACEMENT_3D('',#9189,#7174,#7175);
#5770=AXIS2_PLACEMENT_3D('',#9193,#7178,#7179);
#5771=AXIS2_PLACEMENT_3D('',#9199,#7183,#7184);
#5772=AXIS2_PLACEMENT_3D('',#9205,#7188,#7189);
#5773=AXIS2_PLACEMENT_3D('',#9211,#7193,#7194);
#5774=AXIS2_PLACEMENT_3D('',#9217,#7198,#7199);
#5775=AXIS2_PLACEMENT_3D('',#9223,#7203,#7204);
#5776=AXIS2_PLACEMENT_3D('',#9224,#7205,#7206);
#5777=AXIS2_PLACEMENT_3D('',#9226,#7207,#7208);
#5778=AXIS2_PLACEMENT_3D('',#9227,#7209,#7210);
#5779=AXIS2_PLACEMENT_3D('',#9228,#7211,#7212);
#5780=AXIS2_PLACEMENT_3D('',#9229,#7213,#7214);
#5781=AXIS2_PLACEMENT_3D('',#9230,#7215,#7216);
#5782=AXIS2_PLACEMENT_3D('',#9231,#7217,#7218);
#5783=AXIS2_PLACEMENT_3D('',#9232,#7219,#7220);
#5784=AXIS2_PLACEMENT_3D('',#9236,#7223,#7224);
#5785=AXIS2_PLACEMENT_3D('',#9242,#7228,#7229);
#5786=AXIS2_PLACEMENT_3D('',#9246,#7232,#7233);
#5787=AXIS2_PLACEMENT_3D('',#9247,#7234,#7235);
#5788=AXIS2_PLACEMENT_3D('',#9249,#7236,#7237);
#5789=AXIS2_PLACEMENT_3D('',#9250,#7238,#7239);
#5790=AXIS2_PLACEMENT_3D('',#9251,#7240,#7241);
#5791=AXIS2_PLACEMENT_3D('',#9255,#7244,#7245);
#5792=AXIS2_PLACEMENT_3D('',#9261,#7249,#7250);
#5793=AXIS2_PLACEMENT_3D('',#9265,#7253,#7254);
#5794=AXIS2_PLACEMENT_3D('',#9266,#7255,#7256);
#5795=AXIS2_PLACEMENT_3D('',#9268,#7257,#7258);
#5796=AXIS2_PLACEMENT_3D('',#9269,#7259,#7260);
#5797=AXIS2_PLACEMENT_3D('',#9270,#7261,#7262);
#5798=AXIS2_PLACEMENT_3D('',#9271,#7263,#7264);
#5799=AXIS2_PLACEMENT_3D('',#9273,#7265,#7266);
#5800=AXIS2_PLACEMENT_3D('',#9274,#7267,#7268);
#5801=AXIS2_PLACEMENT_3D('',#9276,#7269,#7270);
#5802=AXIS2_PLACEMENT_3D('',#9277,#7271,#7272);
#5803=AXIS2_PLACEMENT_3D('',#9279,#7273,#7274);
#5804=AXIS2_PLACEMENT_3D('',#9280,#7275,#7276);
#5805=AXIS2_PLACEMENT_3D('',#9282,#7277,#7278);
#5806=AXIS2_PLACEMENT_3D('',#9283,#7279,#7280);
#5807=AXIS2_PLACEMENT_3D('',#9284,#7281,#7282);
#5808=AXIS2_PLACEMENT_3D('',#9286,#7283,#7284);
#5809=AXIS2_PLACEMENT_3D('',#9287,#7285,#7286);
#5810=AXIS2_PLACEMENT_3D('',#9288,#7287,#7288);
#5811=AXIS2_PLACEMENT_3D('',#9290,#7289,#7290);
#5812=AXIS2_PLACEMENT_3D('',#9291,#7291,#7292);
#5813=AXIS2_PLACEMENT_3D('',#9294,#7295,#7296);
#5814=AXIS2_PLACEMENT_3D('',#9298,#7300,#7301);
#5815=AXIS2_PLACEMENT_3D('',#9301,#7304,#7305);
#5816=AXIS2_PLACEMENT_3D('',#9305,#7309,#7310);
#5817=AXIS2_PLACEMENT_3D('',#9308,#7313,#7314);
#5818=AXIS2_PLACEMENT_3D('',#9320,#7316,#7317);
#5819=AXIS2_PLACEMENT_3D('',#9322,#7319,#7320);
#5820=AXIS2_PLACEMENT_3D('',#9323,#7321,#7322);
#5821=AXIS2_PLACEMENT_3D('',#9324,#7323,#7324);
#5822=AXIS2_PLACEMENT_3D('',#9325,#7325,#7326);
#5823=AXIS2_PLACEMENT_3D('',#9326,#7327,#7328);
#5824=AXIS2_PLACEMENT_3D('',#9327,#7329,#7330);
#5825=AXIS2_PLACEMENT_3D('',#9328,#7331,#7332);
#5826=AXIS2_PLACEMENT_3D('',#9333,#7335,#7336);
#5827=AXIS2_PLACEMENT_3D('',#9336,#7338,#7339);
#5828=AXIS2_PLACEMENT_3D('',#9339,#7341,#7342);
#5829=AXIS2_PLACEMENT_3D('',#9340,#7343,#7344);
#5830=AXIS2_PLACEMENT_3D('',#9345,#7347,#7348);
#5831=AXIS2_PLACEMENT_3D('',#9346,#7349,#7350);
#5832=AXIS2_PLACEMENT_3D('',#9350,#7352,#7353);
#5833=AXIS2_PLACEMENT_3D('',#9352,#7355,#7356);
#5834=AXIS2_PLACEMENT_3D('',#9353,#7357,#7358);
#5835=AXIS2_PLACEMENT_3D('',#9356,#7360,#7361);
#5836=AXIS2_PLACEMENT_3D('',#9359,#7363,#7364);
#5837=AXIS2_PLACEMENT_3D('',#9360,#7365,#7366);
#5838=AXIS2_PLACEMENT_3D('',#9363,#7368,#7369);
#5839=AXIS2_PLACEMENT_3D('',#9364,#7370,#7371);
#5840=AXIS2_PLACEMENT_3D('',#9369,#7374,#7375);
#5841=AXIS2_PLACEMENT_3D('',#9372,#7377,#7378);
#5842=AXIS2_PLACEMENT_3D('',#9373,#7379,#7380);
#5843=AXIS2_PLACEMENT_3D('',#9374,#7381,#7382);
#5844=AXIS2_PLACEMENT_3D('',#9375,#7383,#7384);
#5845=AXIS2_PLACEMENT_3D('',#9376,#7385,#7386);
#5846=AXIS2_PLACEMENT_3D('',#9377,#7387,#7388);
#5847=AXIS2_PLACEMENT_3D('',#9378,#7389,#7390);
#5848=AXIS2_PLACEMENT_3D('',#9379,#7391,#7392);
#5849=AXIS2_PLACEMENT_3D('',#9380,#7393,#7394);
#5850=AXIS2_PLACEMENT_3D('',#9381,#7395,#7396);
#5851=AXIS2_PLACEMENT_3D('',#9382,#7397,#7398);
#5852=AXIS2_PLACEMENT_3D('',#9383,#7399,#7400);
#5853=AXIS2_PLACEMENT_3D('',#9384,#7401,#7402);
#5854=AXIS2_PLACEMENT_3D('',#9385,#7403,#7404);
#5855=AXIS2_PLACEMENT_3D('',#9386,#7405,#7406);
#5856=AXIS2_PLACEMENT_3D('',#9387,#7407,#7408);
#5857=AXIS2_PLACEMENT_3D('',#9388,#7409,#7410);
#5858=AXIS2_PLACEMENT_3D('',#9389,#7411,#7412);
#5859=AXIS2_PLACEMENT_3D('',#9390,#7413,#7414);
#5860=AXIS2_PLACEMENT_3D('',#9391,#7415,#7416);
#5861=AXIS2_PLACEMENT_3D('',#9392,#7417,#7418);
#5862=AXIS2_PLACEMENT_3D('',#9393,#7419,#7420);
#5863=AXIS2_PLACEMENT_3D('',#9394,#7421,#7422);
#5864=AXIS2_PLACEMENT_3D('',#9395,#7423,#7424);
#5865=AXIS2_PLACEMENT_3D('',#9396,#7425,#7426);
#5866=AXIS2_PLACEMENT_3D('',#9397,#7427,#7428);
#5867=AXIS2_PLACEMENT_3D('',#9398,#7429,#7430);
#5868=AXIS2_PLACEMENT_3D('',#9399,#7431,#7432);
#5869=AXIS2_PLACEMENT_3D('',#9400,#7433,#7434);
#5870=AXIS2_PLACEMENT_3D('',#9401,#7435,#7436);
#5871=AXIS2_PLACEMENT_3D('',#9402,#7437,#7438);
#5872=AXIS2_PLACEMENT_3D('',#9403,#7439,#7440);
#5873=AXIS2_PLACEMENT_3D('',#9404,#7441,#7442);
#5874=AXIS2_PLACEMENT_3D('',#9405,#7443,#7444);
#5875=AXIS2_PLACEMENT_3D('',#9406,#7445,#7446);
#5876=AXIS2_PLACEMENT_3D('',#9407,#7447,#7448);
#5877=AXIS2_PLACEMENT_3D('',#9408,#7449,#7450);
#5878=AXIS2_PLACEMENT_3D('',#9409,#7451,#7452);
#5879=AXIS2_PLACEMENT_3D('',#9410,#7453,#7454);
#5880=AXIS2_PLACEMENT_3D('',#9411,#7455,#7456);
#5881=AXIS2_PLACEMENT_3D('',#9412,#7457,#7458);
#5882=AXIS2_PLACEMENT_3D('',#9413,#7459,#7460);
#5883=AXIS2_PLACEMENT_3D('',#9414,#7461,#7462);
#5884=AXIS2_PLACEMENT_3D('',#9415,#7463,#7464);
#5885=AXIS2_PLACEMENT_3D('',#9416,#7465,#7466);
#5886=AXIS2_PLACEMENT_3D('',#9417,#7467,#7468);
#5887=AXIS2_PLACEMENT_3D('',#9418,#7469,#7470);
#5888=AXIS2_PLACEMENT_3D('',#9419,#7471,#7472);
#5889=AXIS2_PLACEMENT_3D('',#9420,#7473,#7474);
#5890=AXIS2_PLACEMENT_3D('',#9421,#7475,#7476);
#5891=AXIS2_PLACEMENT_3D('',#9422,#7477,#7478);
#5892=AXIS2_PLACEMENT_3D('',#9423,#7479,#7480);
#5893=AXIS2_PLACEMENT_3D('',#9424,#7481,#7482);
#5894=AXIS2_PLACEMENT_3D('',#9425,#7483,#7484);
#5895=AXIS2_PLACEMENT_3D('',#9426,#7485,#7486);
#5896=AXIS2_PLACEMENT_3D('',#9427,#7487,#7488);
#5897=AXIS2_PLACEMENT_3D('',#9428,#7489,#7490);
#5898=AXIS2_PLACEMENT_3D('',#9429,#7491,#7492);
#5899=AXIS2_PLACEMENT_3D('',#9437,#7493,#7494);
#5900=AXIS2_PLACEMENT_3D('',#9464,#7495,#7496);
#5901=AXIS2_PLACEMENT_3D('',#9465,#7497,#7498);
#5902=AXIS2_PLACEMENT_3D('',#9466,#7499,#7500);
#5903=AXIS2_PLACEMENT_3D('',#9467,#7501,#7502);
#5904=AXIS2_PLACEMENT_3D('',#9468,#7503,#7504);
#5905=AXIS2_PLACEMENT_3D('',#9469,#7505,#7506);
#5906=AXIS2_PLACEMENT_3D('',#9470,#7507,#7508);
#5907=AXIS2_PLACEMENT_3D('',#9471,#7509,#7510);
#5908=AXIS2_PLACEMENT_3D('',#9472,#7511,#7512);
#5909=AXIS2_PLACEMENT_3D('',#9473,#7513,#7514);
#5910=AXIS2_PLACEMENT_3D('',#9474,#7515,#7516);
#5911=AXIS2_PLACEMENT_3D('',#9475,#7517,#7518);
#5912=AXIS2_PLACEMENT_3D('',#9476,#7519,#7520);
#5913=AXIS2_PLACEMENT_3D('',#9477,#7521,#7522);
#5914=AXIS2_PLACEMENT_3D('',#9478,#7523,#7524);
#5915=AXIS2_PLACEMENT_3D('',#9479,#7525,#7526);
#5916=AXIS2_PLACEMENT_3D('',#9480,#7527,#7528);
#5917=AXIS2_PLACEMENT_3D('',#9481,#7529,#7530);
#5918=AXIS2_PLACEMENT_3D('',#9482,#7531,#7532);
#5919=AXIS2_PLACEMENT_3D('',#9483,#7533,#7534);
#5920=AXIS2_PLACEMENT_3D('',#9484,#7535,#7536);
#5921=AXIS2_PLACEMENT_3D('',#9485,#7537,#7538);
#5922=AXIS2_PLACEMENT_3D('',#9486,#7539,#7540);
#5923=AXIS2_PLACEMENT_3D('',#9487,#7541,#7542);
#5924=AXIS2_PLACEMENT_3D('',#9488,#7543,#7544);
#5925=AXIS2_PLACEMENT_3D('',#9489,#7545,#7546);
#5926=AXIS2_PLACEMENT_3D('',#9498,#7547,#7548);
#5927=AXIS2_PLACEMENT_3D('',#9499,#7549,#7550);
#5928=AXIS2_PLACEMENT_3D('',#9500,#7551,#7552);
#5929=AXIS2_PLACEMENT_3D('',#9509,#7553,#7554);
#5930=AXIS2_PLACEMENT_3D('',#9510,#7555,#7556);
#5931=AXIS2_PLACEMENT_3D('',#9511,#7557,#7558);
#5932=AXIS2_PLACEMENT_3D('',#9512,#7559,#7560);
#5933=AXIS2_PLACEMENT_3D('',#9513,#7561,#7562);
#5934=AXIS2_PLACEMENT_3D('',#9514,#7563,#7564);
#5935=AXIS2_PLACEMENT_3D('',#9515,#7565,#7566);
#5936=AXIS2_PLACEMENT_3D('',#9516,#7567,#7568);
#5937=AXIS2_PLACEMENT_3D('',#9517,#7569,#7570);
#5938=AXIS2_PLACEMENT_3D('',#9518,#7571,#7572);
#5939=AXIS2_PLACEMENT_3D('',#9519,#7573,#7574);
#5940=AXIS2_PLACEMENT_3D('',#9521,#7575,#7576);
#5941=AXIS2_PLACEMENT_3D('',#9522,#7577,#7578);
#5942=AXIS2_PLACEMENT_3D('',#9524,#7579,#7580);
#5943=DIRECTION('',(0.,0.,1.));
#5944=DIRECTION('',(1.,0.,0.));
#5945=DIRECTION('',(1.,0.,0.));
#5946=DIRECTION('',(0.,1.,0.));
#5947=DIRECTION('',(1.,0.,0.));
#5948=DIRECTION('',(0.,0.,-1.));
#5949=DIRECTION('',(1.,0.,0.));
#5950=DIRECTION('',(0.,0.,-1.));
#5951=DIRECTION('',(1.,0.,0.));
#5952=DIRECTION('',(0.,0.,-1.));
#5953=DIRECTION('',(1.,0.,0.));
#5954=DIRECTION('',(0.,0.,-1.));
#5955=DIRECTION('',(1.,0.,0.));
#5956=DIRECTION('',(0.,0.,-1.));
#5957=DIRECTION('',(1.,0.,0.));
#5958=DIRECTION('',(0.,0.,-1.));
#5959=DIRECTION('',(1.,0.,0.));
#5960=DIRECTION('',(0.,0.,-1.));
#5961=DIRECTION('',(1.,0.,0.));
#5962=DIRECTION('',(0.,0.,-1.));
#5963=DIRECTION('',(1.,0.,0.));
#5964=DIRECTION('',(0.,0.,-1.));
#5965=DIRECTION('',(1.,0.,0.));
#5966=DIRECTION('',(0.,0.,-1.));
#5967=DIRECTION('',(1.,0.,0.));
#5968=DIRECTION('',(0.,0.,-1.));
#5969=DIRECTION('',(1.,0.,0.));
#5970=DIRECTION('',(0.,0.,-1.));
#5971=DIRECTION('',(1.,0.,0.));
#5972=DIRECTION('',(0.,0.,-1.));
#5973=DIRECTION('',(1.,0.,0.));
#5974=DIRECTION('',(0.,0.,-1.));
#5975=DIRECTION('',(1.,0.,0.));
#5976=DIRECTION('',(0.,-1.,0.));
#5977=DIRECTION('',(1.,0.,0.));
#5978=DIRECTION('',(0.,0.,-1.));
#5979=DIRECTION('',(1.,0.,0.));
#5980=DIRECTION('',(0.,0.,-1.));
#5981=DIRECTION('',(1.,0.,0.));
#5982=DIRECTION('',(0.,0.,-1.));
#5983=DIRECTION('',(1.,0.,0.));
#5984=DIRECTION('',(0.,0.,-1.));
#5985=DIRECTION('',(1.,0.,0.));
#5986=DIRECTION('',(0.,0.,-1.));
#5987=DIRECTION('',(1.,0.,0.));
#5988=DIRECTION('',(0.,0.,-1.));
#5989=DIRECTION('',(1.,0.,0.));
#5990=DIRECTION('',(0.,0.,-1.));
#5991=DIRECTION('',(1.,0.,0.));
#5992=DIRECTION('',(0.,-1.,0.));
#5993=DIRECTION('',(1.,0.,0.));
#5994=DIRECTION('',(0.,0.,-1.));
#5995=DIRECTION('',(1.,0.,0.));
#5996=DIRECTION('',(0.,0.,-1.));
#5997=DIRECTION('',(1.,0.,0.));
#5998=DIRECTION('',(0.,0.,-1.));
#5999=DIRECTION('',(1.,0.,0.));
#6000=DIRECTION('',(0.,0.,-1.));
#6001=DIRECTION('',(0.,-0.642787609686537,-0.76604444311898));
#6002=DIRECTION('',(1.,0.,0.));
#6003=DIRECTION('',(0.,0.,-1.));
#6004=DIRECTION('',(0.,0.,1.));
#6005=DIRECTION('',(1.,0.,0.));
#6006=DIRECTION('',(0.,0.,-1.));
#6007=DIRECTION('',(0.,0.64278760968654,-0.766044443118978));
#6008=DIRECTION('',(1.,0.,0.));
#6009=DIRECTION('',(0.,0.,-1.));
#6010=DIRECTION('',(0.,0.,-1.));
#6011=DIRECTION('',(1.,0.,0.));
#6012=DIRECTION('',(0.,0.,-1.));
#6013=DIRECTION('',(0.,-0.642787609686539,-0.766044443118978));
#6014=DIRECTION('',(1.,0.,0.));
#6015=DIRECTION('',(0.,0.,-1.));
#6016=DIRECTION('',(0.,0.,1.));
#6017=DIRECTION('',(1.,0.,0.));
#6018=DIRECTION('',(0.,0.,-1.));
#6019=DIRECTION('',(0.,0.642787609686539,-0.766044443118978));
#6020=DIRECTION('',(1.,0.,0.));
#6021=DIRECTION('',(0.,0.,-1.));
#6022=DIRECTION('',(0.,0.,-1.));
#6023=DIRECTION('',(1.,0.,0.));
#6024=DIRECTION('',(0.,0.,-1.));
#6025=DIRECTION('',(0.,-0.64278760968654,-0.766044443118978));
#6026=DIRECTION('',(1.,0.,0.));
#6027=DIRECTION('',(0.,0.,-1.));
#6028=DIRECTION('',(0.,0.,1.));
#6029=DIRECTION('',(1.,0.,0.));
#6030=DIRECTION('',(0.,0.,-1.));
#6031=DIRECTION('',(0.,0.64278760968654,-0.766044443118978));
#6032=DIRECTION('',(1.,0.,0.));
#6033=DIRECTION('',(0.,0.,-1.));
#6034=DIRECTION('',(0.,0.,-1.));
#6035=DIRECTION('',(0.,-1.,0.));
#6036=DIRECTION('',(1.,0.,0.));
#6037=DIRECTION('',(0.,0.,-1.));
#6038=DIRECTION('',(0.,-0.258819045102521,-0.965925826289068));
#6039=DIRECTION('',(1.,0.,0.));
#6040=DIRECTION('',(0.,0.,-1.));
#6041=DIRECTION('',(0.,1.,0.));
#6042=DIRECTION('',(1.,0.,0.));
#6043=DIRECTION('',(0.,0.,-1.));
#6044=DIRECTION('',(0.,-0.258819045102607,0.965925826289045));
#6045=DIRECTION('',(1.,0.,0.));
#6046=DIRECTION('',(0.,0.,-1.));
#6047=DIRECTION('',(0.,-1.,0.));
#6048=DIRECTION('',(1.,0.,0.));
#6049=DIRECTION('',(0.,0.,-1.));
#6050=DIRECTION('',(0.,-0.258819045102521,-0.965925826289068));
#6051=DIRECTION('',(1.,0.,0.));
#6052=DIRECTION('',(0.,0.,-1.));
#6053=DIRECTION('',(0.,1.,0.));
#6054=DIRECTION('',(1.,0.,0.));
#6055=DIRECTION('',(0.,0.,-1.));
#6056=DIRECTION('',(0.,-0.258819045102599,0.965925826289048));
#6057=DIRECTION('',(0.,-0.986512243775258,0.16368748541506));
#6058=DIRECTION('',(0.,-0.946412814236988,0.322959417029486));
#6059=DIRECTION('',(1.,0.,0.));
#6060=DIRECTION('',(0.,0.,-1.));
#6061=DIRECTION('',(0.,-0.704325397488021,-0.709877267176053));
#6062=DIRECTION('',(1.,0.,0.));
#6063=DIRECTION('',(0.,0.,-1.));
#6064=DIRECTION('',(0.,0.943143837275032,-0.332384870609552));
#6065=DIRECTION('',(1.,0.,0.));
#6066=DIRECTION('',(0.,0.,-1.));
#6067=DIRECTION('',(0.,0.,1.));
#6068=DIRECTION('',(1.,0.,0.));
#6069=DIRECTION('',(0.,0.,-1.));
#6070=DIRECTION('',(0.,-0.946412814236988,0.322959417029486));
#6071=DIRECTION('',(0.,-0.89301643574032,0.450024049910286));
#6072=DIRECTION('',(0.,-0.93542504422574,-0.353525086288475));
#6073=DIRECTION('',(1.,0.,0.));
#6074=DIRECTION('',(0.,0.,-1.));
#6075=DIRECTION('',(0.,0.822655786461208,-0.568539758505852));
#6076=DIRECTION('',(1.,0.,0.));
#6077=DIRECTION('',(0.,0.,-1.));
#6078=DIRECTION('',(0.,0.,1.));
#6079=DIRECTION('',(0.,-0.464467566924682,0.885590130520359));
#6080=DIRECTION('',(0.,0.,-1.));
#6081=DIRECTION('',(0.,0.875544246002407,0.483137944372078));
#6082=DIRECTION('',(0.,0.902377051066583,0.430947395523373));
#6083=DIRECTION('',(0.,0.92610220238168,0.377272727272728));
#6084=DIRECTION('',(0.,0.951739739108935,0.30690628700119));
#6085=DIRECTION('',(0.,0.972039234882402,0.234818495543333));
#6086=DIRECTION('',(0.,0.987087134207428,0.160184236060127));
#6087=DIRECTION('',(0.,0.996413173733364,0.0846214346995175));
#6088=DIRECTION('',(0.,0.,-1.));
#6089=DIRECTION('',(1.,0.,0.));
#6090=DIRECTION('',(0.,0.,-1.));
#6091=DIRECTION('',(1.,0.,0.));
#6092=DIRECTION('',(0.,0.,-1.));
#6093=DIRECTION('',(1.,0.,0.));
#6094=DIRECTION('',(0.,1.,0.));
#6095=DIRECTION('',(1.,0.,0.));
#6096=DIRECTION('',(0.,0.,-1.));
#6097=DIRECTION('',(0.,-0.64278760968654,0.766044443118978));
#6098=DIRECTION('',(1.,0.,0.));
#6099=DIRECTION('',(0.,0.,-1.));
#6100=DIRECTION('',(0.,0.,-1.));
#6101=DIRECTION('',(0.,-0.891038857786684,0.453927035892557));
#6102=DIRECTION('',(0.,1.,0.));
#6103=DIRECTION('',(0.,-4.5970118108549E-16,1.));
#6104=DIRECTION('',(0.,1.,0.));
#6105=DIRECTION('',(0.,0.894427190999916,0.447213595499959));
#6106=DIRECTION('',(0.,0.,-1.));
#6107=DIRECTION('',(1.,0.,0.));
#6108=DIRECTION('',(0.,0.,-1.));
#6109=DIRECTION('',(0.,0.64278760968654,0.766044443118978));
#6110=DIRECTION('',(1.,0.,0.));
#6111=DIRECTION('',(0.,0.,-1.));
#6112=DIRECTION('',(0.,0.,1.));
#6113=DIRECTION('',(1.,0.,0.));
#6114=DIRECTION('',(0.,0.,-1.));
#6115=DIRECTION('',(0.,-0.642787609686539,0.766044443118978));
#6116=DIRECTION('',(1.,0.,0.));
#6117=DIRECTION('',(0.,0.,-1.));
#6118=DIRECTION('',(0.,0.,-1.));
#6119=DIRECTION('',(1.,0.,0.));
#6120=DIRECTION('',(0.,0.,-1.));
#6121=DIRECTION('',(0.,0.642787609686539,0.766044443118978));
#6122=DIRECTION('',(1.,0.,0.));
#6123=DIRECTION('',(0.,0.,-1.));
#6124=DIRECTION('',(0.,0.,1.));
#6125=DIRECTION('',(1.,0.,0.));
#6126=DIRECTION('',(0.,0.,-1.));
#6127=DIRECTION('',(1.,0.,0.));
#6128=DIRECTION('',(0.,0.,-1.));
#6129=DIRECTION('',(1.,0.,0.));
#6130=DIRECTION('',(0.,0.,-1.));
#6131=DIRECTION('',(0.,-1.,0.));
#6132=DIRECTION('',(0.,0.,-1.));
#6133=DIRECTION('',(1.,0.,0.));
#6134=DIRECTION('',(1.,0.,0.));
#6135=DIRECTION('',(0.,-1.,0.));
#6136=DIRECTION('',(0.,0.,-1.));
#6137=DIRECTION('',(1.,0.,0.));
#6138=DIRECTION('',(1.,0.,0.));
#6139=DIRECTION('',(0.,-0.766044443118978,-0.642787609686539));
#6140=DIRECTION('',(0.,0.642787609686539,-0.766044443118978));
#6141=DIRECTION('',(1.,0.,0.));
#6142=DIRECTION('',(1.,0.,0.));
#6143=DIRECTION('',(0.,1.,0.));
#6144=DIRECTION('',(0.,0.,1.));
#6145=DIRECTION('',(1.,0.,0.));
#6146=DIRECTION('',(1.,0.,0.));
#6147=DIRECTION('',(0.,-0.766044443118978,0.642787609686539));
#6148=DIRECTION('',(0.,-0.642787609686539,-0.766044443118978));
#6149=DIRECTION('',(1.,0.,0.));
#6150=DIRECTION('',(1.,0.,0.));
#6151=DIRECTION('',(0.,-0.766044443118978,0.64278760968654));
#6152=DIRECTION('',(0.,-0.64278760968654,-0.766044443118978));
#6153=DIRECTION('',(1.,0.,0.));
#6154=DIRECTION('',(1.,0.,0.));
#6155=DIRECTION('',(0.,-0.766044443118978,-0.64278760968654));
#6156=DIRECTION('',(0.,0.64278760968654,-0.766044443118978));
#6157=DIRECTION('',(1.,0.,0.));
#6158=DIRECTION('',(1.,0.,0.));
#6159=DIRECTION('',(0.,-1.,0.));
#6160=DIRECTION('',(0.,0.,-1.));
#6161=DIRECTION('',(0.,0.,-1.));
#6162=DIRECTION('',(1.,0.,0.));
#6163=DIRECTION('',(0.,-1.,0.));
#6164=DIRECTION('',(0.,0.,1.));
#6165=DIRECTION('',(1.,0.,0.));
#6166=DIRECTION('',(0.,-2.41352831440252E-16,1.));
#6167=DIRECTION('',(1.,0.,0.));
#6168=DIRECTION('',(-0.705835229042007,0.,0.708376050867912));
#6169=DIRECTION('',(1.,0.,0.));
#6170=DIRECTION('',(0.,1.,0.));
#6171=DIRECTION('',(0.,-4.5970118108549E-16,1.));
#6172=DIRECTION('',(1.,0.,0.));
#6173=DIRECTION('',(0.,0.,-1.));
#6174=DIRECTION('',(1.,0.,0.));
#6175=DIRECTION('',(0.,0.,-1.));
#6176=DIRECTION('',(1.,0.,0.));
#6177=DIRECTION('',(0.,0.,-1.));
#6178=DIRECTION('',(1.,0.,0.));
#6179=DIRECTION('',(0.,0.,-1.));
#6180=DIRECTION('',(1.,0.,0.));
#6181=DIRECTION('',(0.,0.,-1.));
#6182=DIRECTION('',(0.,-4.5970118108549E-16,1.));
#6183=DIRECTION('',(1.,0.,0.));
#6184=DIRECTION('',(0.,0.,-1.));
#6185=DIRECTION('',(1.,0.,0.));
#6186=DIRECTION('',(0.,0.,-1.));
#6187=DIRECTION('',(1.,0.,0.));
#6188=DIRECTION('',(0.,0.,-1.));
#6189=DIRECTION('',(1.,0.,0.));
#6190=DIRECTION('',(0.,0.,-1.));
#6191=DIRECTION('',(1.,0.,0.));
#6192=DIRECTION('',(0.,0.,-1.));
#6193=DIRECTION('',(0.,-4.5970118108549E-16,1.));
#6194=DIRECTION('',(0.,1.,0.));
#6195=DIRECTION('',(0.,-0.891038857786684,0.453927035892557));
#6196=DIRECTION('',(0.,0.,1.));
#6197=DIRECTION('',(1.,0.,0.));
#6198=DIRECTION('',(0.,0.,-1.));
#6199=DIRECTION('',(0.,-0.642787609686537,-0.76604444311898));
#6200=DIRECTION('',(1.,0.,0.));
#6201=DIRECTION('',(0.,0.,-1.));
#6202=DIRECTION('',(0.,-0.996413173733364,-0.0846214346995174));
#6203=DIRECTION('',(0.,-0.972039234882402,-0.234818495543333));
#6204=DIRECTION('',(0.,-0.92610220238168,-0.377272727272728));
#6205=DIRECTION('',(0.,-0.875544246002407,-0.483137944372078));
#6206=DIRECTION('',(0.,0.,-1.));
#6207=DIRECTION('',(0.,0.970976346395825,0.239175531231384));
#6208=DIRECTION('',(0.,-0.464467566924682,0.885590130520359));
#6209=DIRECTION('',(0.,0.,1.));
#6210=DIRECTION('',(1.,0.,0.));
#6211=DIRECTION('',(0.,0.,-1.));
#6212=DIRECTION('',(0.,0.822655786461208,-0.568539758505852));
#6213=DIRECTION('',(0.,0.568539758505852,0.822655786461208));
#6214=DIRECTION('',(1.,0.,0.));
#6215=DIRECTION('',(0.,0.,-1.));
#6216=DIRECTION('',(0.,-0.649897757667429,0.760021647440945));
#6217=DIRECTION('',(1.,0.,0.));
#6218=DIRECTION('',(0.,0.,-1.));
#6219=DIRECTION('',(0.,0.760021647440945,0.649897757667429));
#6220=DIRECTION('',(1.,0.,0.));
#6221=DIRECTION('',(0.,0.,-1.));
#6222=DIRECTION('',(0.,0.649897757667429,-0.760021647440945));
#6223=DIRECTION('',(1.,0.,0.));
#6224=DIRECTION('',(0.,0.,-1.));
#6225=DIRECTION('',(0.,-0.760021647440945,-0.649897757667428));
#6226=DIRECTION('',(1.,0.,0.));
#6227=DIRECTION('',(0.,0.,-1.));
#6228=DIRECTION('',(0.,-0.649897757667429,0.760021647440945));
#6229=DIRECTION('',(1.,0.,0.));
#6230=DIRECTION('',(0.,0.,-1.));
#6231=DIRECTION('',(0.,-0.568539758505851,-0.822655786461208));
#6232=DIRECTION('',(0.,0.822655786461208,-0.568539758505852));
#6233=DIRECTION('',(1.,0.,0.));
#6234=DIRECTION('',(0.,0.,-1.));
#6235=DIRECTION('',(0.,-0.93542504422574,-0.353525086288475));
#6236=DIRECTION('',(0.,-0.89301643574032,0.450024049910286));
#6237=DIRECTION('',(0.,-0.946412814236988,0.322959417029486));
#6238=DIRECTION('',(1.,0.,0.));
#6239=DIRECTION('',(0.,0.,-1.));
#6240=DIRECTION('',(0.,0.,1.));
#6241=DIRECTION('',(1.,0.,0.));
#6242=DIRECTION('',(0.,0.,-1.));
#6243=DIRECTION('',(0.,0.943143837275032,-0.332384870609552));
#6244=DIRECTION('',(1.,0.,0.));
#6245=DIRECTION('',(0.,0.,-1.));
#6246=DIRECTION('',(0.,-0.704325397488021,-0.709877267176053));
#6247=DIRECTION('',(1.,0.,0.));
#6248=DIRECTION('',(0.,0.,-1.));
#6249=DIRECTION('',(0.,-0.946412814236988,0.322959417029486));
#6250=DIRECTION('',(0.,-0.986512243775258,0.16368748541506));
#6251=DIRECTION('',(0.,-0.258819045102599,0.965925826289047));
#6252=DIRECTION('',(1.,0.,0.));
#6253=DIRECTION('',(0.,0.,-1.));
#6254=DIRECTION('',(0.,1.,0.));
#6255=DIRECTION('',(0.,0.342020143325672,-0.939692620785907));
#6256=DIRECTION('',(1.,0.,0.));
#6257=DIRECTION('',(0.,0.,-1.));
#6258=DIRECTION('',(0.,-1.,-1.33440267382831E-16));
#6259=DIRECTION('',(1.,0.,0.));
#6260=DIRECTION('',(0.,0.,-1.));
#6261=DIRECTION('',(0.,0.342020143325673,0.939692620785907));
#6262=DIRECTION('',(0.,1.,0.));
#6263=DIRECTION('',(1.,0.,0.));
#6264=DIRECTION('',(0.,0.,-1.));
#6265=DIRECTION('',(0.,-0.258819045102521,-0.965925826289068));
#6266=DIRECTION('',(1.,0.,0.));
#6267=DIRECTION('',(0.,0.,-1.));
#6268=DIRECTION('',(0.,-1.,0.));
#6269=DIRECTION('',(1.,0.,0.));
#6270=DIRECTION('',(0.,0.,-1.));
#6271=DIRECTION('',(0.,-0.258819045102607,0.965925826289045));
#6272=DIRECTION('',(1.,0.,0.));
#6273=DIRECTION('',(0.,0.,-1.));
#6274=DIRECTION('',(0.,1.,0.));
#6275=DIRECTION('',(0.,-0.342020143325667,0.939692620785909));
#6276=DIRECTION('',(1.,0.,0.));
#6277=DIRECTION('',(0.,0.,-1.));
#6278=DIRECTION('',(0.,1.,1.33440267382831E-16));
#6279=DIRECTION('',(1.,0.,0.));
#6280=DIRECTION('',(0.,0.,-1.));
#6281=DIRECTION('',(0.,-0.342020143325668,-0.939692620785909));
#6282=DIRECTION('',(0.,1.,0.));
#6283=DIRECTION('',(1.,0.,0.));
#6284=DIRECTION('',(0.,0.,-1.));
#6285=DIRECTION('',(0.,-0.258819045102521,-0.965925826289068));
#6286=DIRECTION('',(1.,0.,0.));
#6287=DIRECTION('',(0.,0.,-1.));
#6288=DIRECTION('',(0.,-1.,0.));
#6289=DIRECTION('',(0.,0.,-1.));
#6290=DIRECTION('',(1.,0.,0.));
#6291=DIRECTION('',(0.,0.,-1.));
#6292=DIRECTION('',(0.,0.64278760968654,-0.766044443118978));
#6293=DIRECTION('',(1.,0.,0.));
#6294=DIRECTION('',(0.,0.,-1.));
#6295=DIRECTION('',(0.,0.,1.));
#6296=DIRECTION('',(0.,0.894427190999916,0.447213595499959));
#6297=DIRECTION('',(0.,1.,0.));
#6298=DIRECTION('',(1.,0.,0.));
#6299=DIRECTION('',(0.,0.,-1.));
#6300=DIRECTION('',(1.,0.,0.));
#6301=DIRECTION('',(0.,0.,-1.));
#6302=DIRECTION('',(1.,0.,0.));
#6303=DIRECTION('',(0.,0.,-1.));
#6304=DIRECTION('',(1.,0.,0.));
#6305=DIRECTION('',(0.,-1.,0.));
#6306=DIRECTION('',(0.,-1.,0.));
#6307=DIRECTION('',(1.,0.,0.));
#6308=DIRECTION('',(0.,-1.,0.));
#6309=DIRECTION('',(0.,-1.,0.));
#6310=DIRECTION('',(1.,0.,0.));
#6311=DIRECTION('',(0.,1.,0.));
#6312=DIRECTION('',(0.,0.,-1.));
#6313=DIRECTION('',(0.,0.,-1.));
#6314=DIRECTION('',(-1.,0.,0.));
#6315=DIRECTION('',(1.,0.,0.));
#6316=DIRECTION('',(1.,0.,0.));
#6317=DIRECTION('',(0.,-1.,0.));
#6318=DIRECTION('',(1.,0.,0.));
#6319=DIRECTION('',(1.,0.,0.));
#6320=DIRECTION('',(0.,-0.568539758505852,-0.822655786461207));
#6321=DIRECTION('',(0.,0.822655786461208,-0.568539758505852));
#6322=DIRECTION('',(1.,0.,0.));
#6323=DIRECTION('',(-1.,0.,0.));
#6324=DIRECTION('',(0.,-0.822655786461208,0.568539758505852));
#6325=DIRECTION('',(1.,0.,0.));
#6326=DIRECTION('',(1.,0.,0.));
#6327=DIRECTION('',(0.,0.322959417029486,0.946412814236988));
#6328=DIRECTION('',(0.,-0.946412814236988,0.322959417029486));
#6329=DIRECTION('',(1.,0.,0.));
#6330=DIRECTION('',(-1.,0.,0.));
#6331=DIRECTION('',(0.,0.,1.));
#6332=DIRECTION('',(1.,0.,0.));
#6333=DIRECTION('',(1.,0.,0.));
#6334=DIRECTION('',(1.,0.,0.));
#6335=DIRECTION('',(0.,0.,1.));
#6336=DIRECTION('',(1.,0.,0.));
#6337=DIRECTION('',(1.,0.,0.));
#6338=DIRECTION('',(-1.,0.,0.));
#6339=DIRECTION('',(0.898794046299167,-0.438371146789079,0.));
#6340=DIRECTION('',(0.438371146789079,0.898794046299167,0.));
#6341=DIRECTION('',(-0.993019714616415,-0.117948490380904,0.));
#6342=DIRECTION('',(0.117948490380904,-0.993019714616415,0.));
#6343=DIRECTION('',(1.,6.12323399573674E-17,0.));
#6344=DIRECTION('',(6.12323399573674E-17,-1.,0.));
#6345=DIRECTION('',(0.,0.234818495543333,-0.972039234882402));
#6346=DIRECTION('',(0.,0.972039234882402,0.234818495543333));
#6347=DIRECTION('',(0.,-0.972039234882402,-0.234818495543333));
#6348=DIRECTION('',(0.,0.234818495543333,-0.972039234882402));
#6349=DIRECTION('',(0.,-0.972039234882402,-0.234818495543333));
#6350=DIRECTION('',(0.936501526879999,-0.340858680129169,-0.0823422754848995));
#6351=DIRECTION('',(0.,0.234818495543333,-0.972039234882402));
#6352=DIRECTION('',(0.,0.972039234882402,0.234818495543333));
#6353=DIRECTION('',(0.,-0.972039234882402,-0.234818495543333));
#6354=DIRECTION('',(1.,0.,0.));
#6355=DIRECTION('',(0.,0.972039234882402,0.234818495543333));
#6356=DIRECTION('',(1.,0.,0.));
#6357=DIRECTION('',(0.,0.234818495543333,-0.972039234882402));
#6358=DIRECTION('',(0.,0.972039234882402,0.234818495543333));
#6359=DIRECTION('',(0.,0.972039234882402,0.234818495543333));
#6360=DIRECTION('',(0.,0.234818495543333,-0.972039234882402));
#6361=DIRECTION('',(0.,-0.972039234882402,-0.234818495543333));
#6362=DIRECTION('',(0.,0.234818495543333,-0.972039234882402));
#6363=DIRECTION('',(0.,0.972039234882402,0.234818495543333));
#6364=DIRECTION('',(-0.936501526879999,-0.34085868012917,-0.0823422754848996));
#6365=DIRECTION('',(0.,0.234818495543333,-0.972039234882402));
#6366=DIRECTION('',(0.,-0.972039234882402,-0.234818495543333));
#6367=DIRECTION('',(0.,0.377272727272728,-0.92610220238168));
#6368=DIRECTION('',(0.,0.92610220238168,0.377272727272728));
#6369=DIRECTION('',(1.,0.,0.));
#6370=DIRECTION('',(0.,0.92610220238168,0.377272727272728));
#6371=DIRECTION('',(0.,0.377272727272728,-0.92610220238168));
#6372=DIRECTION('',(0.,-0.92610220238168,-0.377272727272728));
#6373=DIRECTION('',(1.,0.,0.));
#6374=DIRECTION('',(1.19002313453728E-16,0.92610220238168,0.377272727272728));
#6375=DIRECTION('',(1.,0.,0.));
#6376=DIRECTION('',(0.,0.92610220238168,0.377272727272728));
#6377=DIRECTION('',(0.,0.377272727272728,-0.92610220238168));
#6378=DIRECTION('',(0.,0.92610220238168,0.377272727272728));
#6379=DIRECTION('',(-0.930702107578669,-0.338747864127458,-0.137998085123338));
#6380=DIRECTION('',(0.,0.377272727272728,-0.92610220238168));
#6381=DIRECTION('',(0.,0.92610220238168,0.377272727272728));
#6382=DIRECTION('',(0.,0.92610220238168,0.377272727272728));
#6383=DIRECTION('',(1.,0.,0.));
#6384=DIRECTION('',(0.,-0.377272727272728,0.92610220238168));
#6385=DIRECTION('',(0.,-0.92610220238168,-0.377272727272728));
#6386=DIRECTION('',(-1.,0.,0.));
#6387=DIRECTION('',(1.83603569328608E-16,0.92610220238168,0.377272727272728));
#6388=DIRECTION('',(-1.,0.,0.));
#6389=DIRECTION('',(0.,-0.92610220238168,-0.377272727272728));
#6390=DIRECTION('',(1.,0.,0.));
#6391=DIRECTION('',(0.,0.92610220238168,0.377272727272728));
#6392=DIRECTION('',(0.,-0.234818495543333,0.972039234882402));
#6393=DIRECTION('',(0.,-0.972039234882402,-0.234818495543333));
#6394=DIRECTION('',(0.,-0.972039234882402,-0.234818495543333));
#6395=DIRECTION('',(0.,-0.234818495543333,0.972039234882402));
#6396=DIRECTION('',(0.,-0.972039234882402,-0.234818495543333));
#6397=DIRECTION('',(-1.92710774893833E-16,-0.972039234882402,-0.234818495543333));
#6398=DIRECTION('',(1.,0.,0.));
#6399=DIRECTION('',(0.,0.972039234882402,0.234818495543333));
#6400=DIRECTION('',(-1.,0.,0.));
#6401=DIRECTION('',(0.,0.972039234882402,0.234818495543333));
#6402=DIRECTION('',(0.,-0.234818495543333,0.972039234882402));
#6403=DIRECTION('',(0.,0.972039234882402,0.234818495543333));
#6404=DIRECTION('',(-0.936501526879999,0.340858680129169,0.0823422754848994));
#6405=DIRECTION('',(-1.,0.,0.));
#6406=DIRECTION('',(0.,-0.234818495543333,0.972039234882402));
#6407=DIRECTION('',(0.,-0.972039234882402,-0.234818495543333));
#6408=DIRECTION('',(0.,0.972039234882402,0.234818495543333));
#6409=DIRECTION('',(0.,-0.234818495543333,0.972039234882402));
#6410=DIRECTION('',(0.,-0.972039234882402,-0.234818495543333));
#6411=DIRECTION('',(0.936501526879999,0.34085868012917,0.0823422754848995));
#6412=DIRECTION('',(0.,-0.234818495543333,0.972039234882402));
#6413=DIRECTION('',(0.,0.972039234882402,0.234818495543333));
#6414=DIRECTION('',(0.,-0.234818495543333,0.972039234882402));
#6415=DIRECTION('',(0.,-0.972039234882402,-0.234818495543333));
#6416=DIRECTION('',(0.,-0.483137944372078,0.875544246002407));
#6417=DIRECTION('',(0.,-0.875544246002407,-0.483137944372078));
#6418=DIRECTION('',(0.923391087470661,-0.336086870426023,-0.185457583039873));
#6419=DIRECTION('',(0.,-0.483137944372078,0.875544246002407));
#6420=DIRECTION('',(0.,-0.875544246002407,-0.483137944372078));
#6421=DIRECTION('',(0.,-0.875544246002407,-0.483137944372078));
#6422=DIRECTION('',(0.,-0.483137944372078,0.875544246002407));
#6423=DIRECTION('',(0.,0.875544246002407,0.483137944372078));
#6424=DIRECTION('',(0.92339108747066,0.336086870426026,0.185457583039874));
#6425=DIRECTION('',(0.,-0.483137944372078,0.875544246002407));
#6426=DIRECTION('',(0.,-0.875544246002407,-0.483137944372078));
#6427=DIRECTION('',(0.,-0.875544246002407,-0.483137944372078));
#6428=DIRECTION('',(1.,0.,0.));
#6429=DIRECTION('',(0.,0.875544246002407,0.483137944372078));
#6430=DIRECTION('',(-1.,0.,0.));
#6431=DIRECTION('',(0.,-0.875544246002407,-0.483137944372078));
#6432=DIRECTION('',(0.,-0.483137944372078,0.875544246002407));
#6433=DIRECTION('',(0.,0.875544246002407,0.483137944372078));
#6434=DIRECTION('',(0.,0.861143990390713,-0.508361119494754));
#6435=DIRECTION('',(-1.,0.,0.));
#6436=DIRECTION('',(0.,0.508361119494754,0.861143990390713));
#6437=DIRECTION('',(-1.,0.,0.));
#6438=DIRECTION('',(-8.12330511464369E-16,0.508361119494754,0.861143990390713));
#6439=DIRECTION('',(0.,0.430947395523373,-0.902377051066583));
#6440=DIRECTION('',(-1.,0.,0.));
#6441=DIRECTION('',(0.,0.902377051066583,0.430947395523373));
#6442=DIRECTION('',(4.85454296794643E-16,0.902377051066583,0.430947395523373));
#6443=DIRECTION('',(0.,0.160184236060129,-0.987087134207428));
#6444=DIRECTION('',(-1.,0.,0.));
#6445=DIRECTION('',(0.938248559043794,-0.341494547835096,-0.0554176438613867));
#6446=DIRECTION('',(0.,0.160184236060129,-0.987087134207428));
#6447=DIRECTION('',(0.,-0.987087134207428,-0.160184236060129));
#6448=DIRECTION('',(0.,2.41352831440252E-16,-1.));
#6449=DIRECTION('',(0.,1.,2.41352831440252E-16));
#6450=DIRECTION('',(0.,2.41352831440252E-16,-1.));
#6451=DIRECTION('',(0.,-2.41352831440252E-16,1.));
#6452=DIRECTION('',(0.,-1.,-2.41352831440252E-16));
#6453=DIRECTION('',(0.,2.41352831440252E-16,-1.));
#6454=DIRECTION('',(0.,0.247436083459723,-0.968904218487108));
#6455=DIRECTION('',(0.,-0.968904218487108,-0.247436083459723));
#6456=DIRECTION('',(0.,1.,2.41352831440252E-16));
#6457=DIRECTION('',(0.,-2.41352831440252E-16,1.));
#6458=DIRECTION('',(0.,2.41352831440252E-16,-1.));
#6459=DIRECTION('',(1.,0.,0.));
#6460=DIRECTION('',(0.,-2.41352831440252E-16,1.));
#6461=DIRECTION('',(-1.,0.,0.));
#6462=DIRECTION('',(0.,1.,2.41352831440252E-16));
#6463=DIRECTION('',(-4.86660063280649E-16,2.41352831440252E-16,-1.));
#6464=DIRECTION('',(0.,-2.41352831440252E-16,1.));
#6465=DIRECTION('',(1.,0.,0.));
#6466=DIRECTION('',(0.,-2.41352831440252E-16,1.));
#6467=DIRECTION('',(0.,-1.,-2.41352831440252E-16));
#6468=DIRECTION('',(0.,-1.,-2.41352831440252E-16));
#6469=DIRECTION('',(1.,0.,0.));
#6470=DIRECTION('',(-1.98254111540206E-16,-1.,-2.41352831440252E-16));
#6471=DIRECTION('',(0.,-2.41352831440252E-16,1.));
#6472=DIRECTION('',(0.,-1.,-2.41352831440252E-16));
#6473=DIRECTION('',(0.,-1.,-2.41352831440252E-16));
#6474=DIRECTION('',(0.,-2.41352831440252E-16,1.));
#6475=DIRECTION('',(0.,-1.,-2.41352831440252E-16));
#6476=DIRECTION('',(0.939692620785908,-0.34202014332567,-8.25475300012512E-17));
#6477=DIRECTION('',(0.,-2.41352831440252E-16,1.));
#6478=DIRECTION('',(0.,-1.,-2.41352831440252E-16));
#6479=DIRECTION('',(0.,-1.,-2.41352831440252E-16));
#6480=DIRECTION('',(0.,-2.41352831440252E-16,1.));
#6481=DIRECTION('',(0.,-1.,-2.41352831440252E-16));
#6482=DIRECTION('',(0.939692620785908,0.342020143325671,8.25475300012513E-17));
#6483=DIRECTION('',(0.,-2.41352831440252E-16,1.));
#6484=DIRECTION('',(0.,-1.,-2.41352831440252E-16));
#6485=DIRECTION('',(0.,0.430947395523372,-0.902377051066583));
#6486=DIRECTION('',(0.,0.902377051066583,0.430947395523373));
#6487=DIRECTION('',(1.,0.,0.));
#6488=DIRECTION('',(0.,0.902377051066583,0.430947395523373));
#6489=DIRECTION('',(0.,0.902377051066583,0.430947395523373));
#6490=DIRECTION('',(0.,0.483137944372078,-0.875544246002407));
#6491=DIRECTION('',(0.,0.875544246002407,0.483137944372078));
#6492=DIRECTION('',(0.,0.875544246002407,0.483137944372078));
#6493=DIRECTION('',(0.,0.483137944372078,-0.875544246002407));
#6494=DIRECTION('',(0.,-0.875544246002407,-0.483137944372078));
#6495=DIRECTION('',(-0.923391087470661,0.336086870426023,0.185457583039873));
#6496=DIRECTION('',(0.,0.483137944372078,-0.875544246002407));
#6497=DIRECTION('',(0.,0.875544246002407,0.483137944372078));
#6498=DIRECTION('',(0.,0.875544246002407,0.483137944372078));
#6499=DIRECTION('',(0.,0.875544246002407,0.483137944372078));
#6500=DIRECTION('',(1.,0.,0.));
#6501=DIRECTION('',(0.,0.875544246002407,0.483137944372078));
#6502=DIRECTION('',(0.,0.483137944372078,-0.875544246002407));
#6503=DIRECTION('',(0.,-0.875544246002407,-0.483137944372078));
#6504=DIRECTION('',(-0.92339108747066,-0.336086870426026,-0.185457583039874));
#6505=DIRECTION('',(0.,0.483137944372078,-0.875544246002407));
#6506=DIRECTION('',(0.,0.875544246002407,0.483137944372078));
#6507=DIRECTION('',(0.,-0.861143990390715,0.50836111949475));
#6508=DIRECTION('',(0.,-0.50836111949475,-0.861143990390715));
#6509=DIRECTION('',(0.,-0.50836111949475,-0.861143990390715));
#6510=DIRECTION('',(0.,-0.861143990390715,0.50836111949475));
#6511=DIRECTION('',(0.,0.50836111949475,0.861143990390715));
#6512=DIRECTION('',(1.,0.,0.));
#6513=DIRECTION('',(0.,-1.,0.));
#6514=DIRECTION('',(0.,0.,-1.));
#6515=DIRECTION('',(0.,-1.,0.));
#6516=DIRECTION('',(0.,0.,-1.));
#6517=DIRECTION('',(0.,0.,-1.));
#6518=DIRECTION('',(0.,-1.,0.));
#6519=DIRECTION('',(0.,0.,1.));
#6520=DIRECTION('',(1.,0.,0.));
#6521=DIRECTION('',(0.,-0.239175531231384,0.970976346395825));
#6522=DIRECTION('',(0.,-0.970976346395825,-0.239175531231384));
#6523=DIRECTION('',(0.,-0.970976346395825,-0.239175531231384));
#6524=DIRECTION('',(-1.,0.,0.));
#6525=DIRECTION('',(-0.696618741774445,-0.696618741774445,-0.171594455671446));
#6526=DIRECTION('',(1.,0.,0.));
#6527=DIRECTION('',(0.,1.,2.41352831440252E-16));
#6528=DIRECTION('',(0.,-2.41352831440252E-16,1.));
#6529=DIRECTION('',(0.,2.41352831440252E-16,-1.));
#6530=DIRECTION('',(-1.,0.,0.));
#6531=DIRECTION('',(0.,-2.41352831440252E-16,1.));
#6532=DIRECTION('',(0.,1.,2.41352831440252E-16));
#6533=DIRECTION('',(0.,-2.41352831440252E-16,1.));
#6534=DIRECTION('',(-1.,0.,0.));
#6535=DIRECTION('',(-1.44154686612614E-31,2.41352831440252E-16,-1.));
#6536=DIRECTION('',(0.,-2.41352831440252E-16,1.));
#6537=DIRECTION('',(0.,-2.41352831440252E-16,1.));
#6538=DIRECTION('',(0.,-1.,-2.41352831440252E-16));
#6539=DIRECTION('',(0.,2.41352831440252E-16,-1.));
#6540=DIRECTION('',(0.,-1.,-2.41352831440252E-16));
#6541=DIRECTION('',(0.,-2.41352831440252E-16,1.));
#6542=DIRECTION('',(0.,0.30690628700119,-0.951739739108935));
#6543=DIRECTION('',(0.,0.951739739108935,0.30690628700119));
#6544=DIRECTION('',(0.,-2.41352831440252E-16,1.));
#6545=DIRECTION('',(0.,-2.41352831440252E-16,1.));
#6546=DIRECTION('',(1.,0.,0.));
#6547=DIRECTION('',(0.,-2.41352831440252E-16,1.));
#6548=DIRECTION('',(0.,-1.,-2.41352831440252E-16));
#6549=DIRECTION('',(0.,-1.,-2.41352831440252E-16));
#6550=DIRECTION('',(0.,-2.41352831440252E-16,1.));
#6551=DIRECTION('',(0.,-1.,-2.41352831440252E-16));
#6552=DIRECTION('',(0.939692620785908,-0.34202014332567,-8.25475300012512E-17));
#6553=DIRECTION('',(0.,-2.41352831440252E-16,1.));
#6554=DIRECTION('',(0.,-1.,-2.41352831440252E-16));
#6555=DIRECTION('',(0.,-1.,-2.41352831440252E-16));
#6556=DIRECTION('',(-1.28498035257541E-16,-1.,-2.41352831440252E-16));
#6557=DIRECTION('',(0.,-2.41352831440252E-16,1.));
#6558=DIRECTION('',(0.,-1.,-2.41352831440252E-16));
#6559=DIRECTION('',(0.939692620785908,0.34202014332567,8.25475300012513E-17));
#6560=DIRECTION('',(0.,-2.41352831440252E-16,1.));
#6561=DIRECTION('',(0.,-1.,-2.41352831440252E-16));
#6562=DIRECTION('',(0.,2.41352831440252E-16,-1.));
#6563=DIRECTION('',(0.,-2.41352831440252E-16,1.));
#6564=DIRECTION('',(-0.707106781186548,0.707106781186548,0.));
#6565=DIRECTION('',(0.,0.,1.));
#6566=DIRECTION('',(0.,0.,1.));
#6567=DIRECTION('',(-0.679184283379346,-0.679184283379346,-0.278239857714468));
#6568=DIRECTION('',(0.,0.30690628700119,-0.951739739108935));
#6569=DIRECTION('',(0.,0.951739739108935,0.30690628700119));
#6570=DIRECTION('',(1.22296686552023E-16,0.951739739108935,0.30690628700119));
#6571=DIRECTION('',(0.,0.951739739108935,0.30690628700119));
#6572=DIRECTION('',(0.,-1.,0.));
#6573=DIRECTION('',(0.,0.,-1.));
#6574=DIRECTION('',(1.,0.,0.));
#6575=DIRECTION('',(0.898794046299167,-0.438371146789079,0.));
#6576=DIRECTION('',(0.438371146789079,0.898794046299167,0.));
#6577=DIRECTION('',(0.898794046299167,-0.438371146789079,0.));
#6578=DIRECTION('',(0.438371146789079,0.898794046299167,0.));
#6579=DIRECTION('',(0.438371146789079,0.898794046299167,0.));
#6580=DIRECTION('',(0.,0.,1.));
#6581=DIRECTION('',(0.438371146789079,0.898794046299167,0.));
#6582=DIRECTION('',(0.898794046299167,-0.438371146789079,0.));
#6583=DIRECTION('',(0.438371146789079,0.898794046299167,0.));
#6584=DIRECTION('',(0.,0.,-1.));
#6585=DIRECTION('',(-1.,0.,0.));
#6586=DIRECTION('',(0.,0.,-1.));
#6587=DIRECTION('',(-1.,0.,0.));
#6588=DIRECTION('',(0.,0.,-1.));
#6589=DIRECTION('',(-1.,0.,0.));
#6590=DIRECTION('',(0.,0.,-1.));
#6591=DIRECTION('',(-1.,0.,0.));
#6592=DIRECTION('',(0.,0.,-1.));
#6593=DIRECTION('',(-1.,0.,0.));
#6594=DIRECTION('',(0.898794046299167,-0.438371146789079,0.));
#6595=DIRECTION('',(0.438371146789079,0.898794046299167,0.));
#6596=DIRECTION('',(0.898794046299167,-0.438371146789079,0.));
#6597=DIRECTION('',(0.438371146789079,0.898794046299167,0.));
#6598=DIRECTION('',(0.,0.,-1.));
#6599=DIRECTION('',(-1.,0.,0.));
#6600=DIRECTION('',(0.,0.,-1.));
#6601=DIRECTION('',(-1.,0.,0.));
#6602=DIRECTION('',(0.,0.,-1.));
#6603=DIRECTION('',(-1.,0.,0.));
#6604=DIRECTION('',(0.,0.,-1.));
#6605=DIRECTION('',(-1.,0.,0.));
#6606=DIRECTION('',(0.,0.,-1.));
#6607=DIRECTION('',(-1.,0.,0.));
#6608=DIRECTION('',(-0.898794046299167,0.438371146789079,0.));
#6609=DIRECTION('',(0.438371146789079,0.898794046299167,0.));
#6610=DIRECTION('',(0.898794046299167,-0.438371146789079,0.));
#6611=DIRECTION('',(0.438371146789079,0.898794046299167,0.));
#6612=DIRECTION('',(0.898794046299167,-0.438371146789079,0.));
#6613=DIRECTION('',(0.438371146789079,0.898794046299167,0.));
#6614=DIRECTION('',(0.898794046299167,-0.438371146789079,0.));
#6615=DIRECTION('',(-0.998869653788996,-0.047533301373379,0.));
#6616=DIRECTION('',(0.047533301373379,-0.998869653788996,0.));
#6617=DIRECTION('',(0.898794046299167,-0.438371146789079,0.));
#6618=DIRECTION('',(0.898794046299167,-0.438371146789079,0.));
#6619=DIRECTION('',(0.438371146789079,0.898794046299167,0.));
#6620=DIRECTION('',(0.898794046299167,-0.438371146789079,0.));
#6621=DIRECTION('',(0.438371146789079,0.898794046299167,0.));
#6622=DIRECTION('',(0.,0.,1.));
#6623=DIRECTION('',(0.438371146789079,0.898794046299167,0.));
#6624=DIRECTION('',(0.898794046299167,-0.438371146789079,0.));
#6625=DIRECTION('',(0.438371146789079,0.898794046299167,0.));
#6626=DIRECTION('',(0.898794046299167,-0.438371146789079,0.));
#6627=DIRECTION('',(0.438371146789079,0.898794046299167,0.));
#6628=DIRECTION('',(0.438371146789079,0.898794046299167,0.));
#6629=DIRECTION('',(0.898794046299167,-0.438371146789079,0.));
#6630=DIRECTION('',(0.438371146789079,0.898794046299167,0.));
#6631=DIRECTION('',(0.898794046299167,-0.438371146789079,0.));
#6632=DIRECTION('',(0.898794046299167,-0.438371146789079,0.));
#6633=DIRECTION('',(0.438371146789079,0.898794046299167,0.));
#6634=DIRECTION('',(0.898794046299167,-0.438371146789079,0.));
#6635=DIRECTION('',(0.898794046299167,-0.438371146789079,0.));
#6636=DIRECTION('',(0.438371146789079,0.898794046299167,0.));
#6637=DIRECTION('',(-0.998107594818162,0.0614916999789668,0.));
#6638=DIRECTION('',(-0.0614916999789668,-0.998107594818162,0.));
#6639=DIRECTION('',(0.,0.,-1.));
#6640=DIRECTION('',(-1.,0.,0.));
#6641=DIRECTION('',(0.898794046299167,-0.438371146789079,0.));
#6642=DIRECTION('',(0.,-1.,0.));
#6643=DIRECTION('',(0.898794046299167,-0.438371146789079,0.));
#6644=DIRECTION('',(0.438371146789079,0.898794046299167,0.));
#6645=DIRECTION('',(0.,0.,1.));
#6646=DIRECTION('',(1.,0.,0.));
#6647=DIRECTION('',(0.,0.,1.));
#6648=DIRECTION('',(1.,0.,0.));
#6649=DIRECTION('',(0.,0.,1.));
#6650=DIRECTION('',(1.,0.,0.));
#6651=DIRECTION('',(0.,0.,1.));
#6652=DIRECTION('',(1.,0.,0.));
#6653=DIRECTION('',(0.438371146789079,0.898794046299167,0.));
#6654=DIRECTION('',(-0.898794046299167,0.438371146789079,0.));
#6655=DIRECTION('',(0.898794046299167,-0.438371146789079,0.));
#6656=DIRECTION('',(0.,0.,-1.));
#6657=DIRECTION('',(0.898794046299167,-0.438371146789079,0.));
#6658=DIRECTION('',(0.,0.,1.));
#6659=DIRECTION('',(0.438371146789079,0.898794046299167,0.));
#6660=DIRECTION('',(-0.898794046299167,0.438371146789079,0.));
#6661=DIRECTION('',(0.,0.,1.));
#6662=DIRECTION('',(0.,0.,-1.));
#6663=DIRECTION('',(-1.,0.,0.));
#6664=DIRECTION('',(0.,0.,1.));
#6665=DIRECTION('',(1.,0.,0.));
#6666=DIRECTION('',(0.,0.,1.));
#6667=DIRECTION('',(1.,0.,0.));
#6668=DIRECTION('',(0.,0.,1.));
#6669=DIRECTION('',(1.,0.,0.));
#6670=DIRECTION('',(0.,0.,1.));
#6671=DIRECTION('',(1.,0.,0.));
#6672=DIRECTION('',(-0.898794046299167,0.438371146789079,0.));
#6673=DIRECTION('',(0.,-1.,0.));
#6674=DIRECTION('',(0.898794046299167,-0.438371146789079,0.));
#6675=DIRECTION('',(0.438371146789079,0.898794046299167,0.));
#6676=DIRECTION('',(0.,0.,1.));
#6677=DIRECTION('',(1.,0.,0.));
#6678=DIRECTION('',(0.,0.,1.));
#6679=DIRECTION('',(1.,0.,0.));
#6680=DIRECTION('',(0.,0.,1.));
#6681=DIRECTION('',(1.,0.,0.));
#6682=DIRECTION('',(0.,0.,1.));
#6683=DIRECTION('',(1.,0.,0.));
#6684=DIRECTION('',(0.,0.,1.));
#6685=DIRECTION('',(1.,0.,0.));
#6686=DIRECTION('',(0.,0.,1.));
#6687=DIRECTION('',(1.,0.,0.));
#6688=DIRECTION('',(0.,0.,1.));
#6689=DIRECTION('',(1.,0.,0.));
#6690=DIRECTION('',(0.,0.,1.));
#6691=DIRECTION('',(1.,0.,0.));
#6692=DIRECTION('',(0.,0.,1.));
#6693=DIRECTION('',(1.,0.,0.));
#6694=DIRECTION('',(0.,0.,1.));
#6695=DIRECTION('',(1.,0.,0.));
#6696=DIRECTION('',(0.,0.,1.));
#6697=DIRECTION('',(1.,0.,0.));
#6698=DIRECTION('',(0.,0.,1.));
#6699=DIRECTION('',(1.,0.,0.));
#6700=DIRECTION('',(0.,0.,1.));
#6701=DIRECTION('',(1.,0.,0.));
#6702=DIRECTION('',(0.,0.,1.));
#6703=DIRECTION('',(1.,0.,0.));
#6704=DIRECTION('',(0.,0.,1.));
#6705=DIRECTION('',(1.,0.,0.));
#6706=DIRECTION('',(0.,0.,1.));
#6707=DIRECTION('',(1.,0.,0.));
#6708=DIRECTION('',(0.,0.,-1.));
#6709=DIRECTION('',(-1.,0.,0.));
#6710=DIRECTION('',(0.,0.,1.));
#6711=DIRECTION('',(1.,0.,0.));
#6712=DIRECTION('',(0.,0.,1.));
#6713=DIRECTION('',(1.,0.,0.));
#6714=DIRECTION('',(0.,0.,1.));
#6715=DIRECTION('',(1.,0.,0.));
#6716=DIRECTION('',(0.,0.,-1.));
#6717=DIRECTION('',(-1.,0.,0.));
#6718=DIRECTION('',(0.,0.,1.));
#6719=DIRECTION('',(1.,0.,0.));
#6720=DIRECTION('',(0.,0.,1.));
#6721=DIRECTION('',(1.,0.,0.));
#6722=DIRECTION('',(0.,0.,1.));
#6723=DIRECTION('',(1.,0.,0.));
#6724=DIRECTION('',(0.,0.,-1.));
#6725=DIRECTION('',(-1.,0.,0.));
#6726=DIRECTION('',(0.,0.,1.));
#6727=DIRECTION('',(1.,0.,0.));
#6728=DIRECTION('',(0.,0.,1.));
#6729=DIRECTION('',(1.,0.,0.));
#6730=DIRECTION('',(0.,0.,1.));
#6731=DIRECTION('',(1.,0.,0.));
#6732=DIRECTION('',(0.,0.,-1.));
#6733=DIRECTION('',(-1.,0.,0.));
#6734=DIRECTION('',(0.,0.,1.));
#6735=DIRECTION('',(1.,0.,0.));
#6736=DIRECTION('',(0.,0.,1.));
#6737=DIRECTION('',(1.,0.,0.));
#6738=DIRECTION('',(0.,0.,1.));
#6739=DIRECTION('',(1.,0.,0.));
#6740=DIRECTION('',(0.,0.,1.));
#6741=DIRECTION('',(1.,0.,0.));
#6742=DIRECTION('',(0.,0.,1.));
#6743=DIRECTION('',(1.,0.,0.));
#6744=DIRECTION('',(0.,0.,1.));
#6745=DIRECTION('',(1.,0.,0.));
#6746=DIRECTION('',(0.,0.,1.));
#6747=DIRECTION('',(1.,0.,0.));
#6748=DIRECTION('',(0.,0.,1.));
#6749=DIRECTION('',(1.,0.,0.));
#6750=DIRECTION('',(0.,0.,1.));
#6751=DIRECTION('',(1.,0.,0.));
#6752=DIRECTION('',(0.,0.,1.));
#6753=DIRECTION('',(1.,0.,0.));
#6754=DIRECTION('',(0.,0.,1.));
#6755=DIRECTION('',(1.,0.,0.));
#6756=DIRECTION('',(0.898794046299167,-0.438371146789079,0.));
#6757=DIRECTION('',(0.438371146789079,0.898794046299167,0.));
#6758=DIRECTION('',(0.898794046299167,-0.438371146789079,0.));
#6759=DIRECTION('',(0.438371146789079,0.898794046299167,0.));
#6760=DIRECTION('',(0.898794046299167,-0.438371146789079,0.));
#6761=DIRECTION('',(0.438371146789079,0.898794046299167,0.));
#6762=DIRECTION('',(0.898794046299167,-0.438371146789079,0.));
#6763=DIRECTION('',(0.438371146789079,0.898794046299167,0.));
#6764=DIRECTION('',(-0.898794046299167,0.438371146789079,0.));
#6765=DIRECTION('',(-0.438371146789079,-0.898794046299167,0.));
#6766=DIRECTION('',(-0.94948883032496,-0.31380083028593,0.));
#6767=DIRECTION('',(-0.31380083028593,0.94948883032496,0.));
#6768=DIRECTION('',(0.898794046299166,-0.43837114678908,-3.04181087810357E-15));
#6769=DIRECTION('',(0.43837114678908,0.898794046299166,0.));
#6770=DIRECTION('',(0.438371146789072,0.89879404629917,0.));
#6771=DIRECTION('',(-0.89879404629917,0.438371146789072,0.));
#6772=DIRECTION('',(0.438371146789072,0.89879404629917,0.));
#6773=DIRECTION('',(-0.89879404629917,0.438371146789072,0.));
#6774=DIRECTION('',(0.,0.,1.));
#6775=DIRECTION('',(1.,0.,0.));
#6776=DIRECTION('',(0.,0.,1.));
#6777=DIRECTION('',(1.,0.,0.));
#6778=DIRECTION('',(0.309975210571081,0.635543365028236,0.707106781186548));
#6779=DIRECTION('',(-0.309975210571081,-0.635543365028236,0.707106781186548));
#6780=DIRECTION('',(0.898794046299167,-0.438371146789079,0.));
#6781=DIRECTION('',(0.438371146789079,0.898794046299167,0.));
#6782=DIRECTION('',(0.898794046299167,-0.438371146789079,0.));
#6783=DIRECTION('',(0.438371146789079,0.898794046299167,0.));
#6784=DIRECTION('',(0.898794046299167,-0.438371146789079,0.));
#6785=DIRECTION('',(0.438371146789079,0.898794046299167,0.));
#6786=DIRECTION('',(0.898794046299167,-0.438371146789079,0.));
#6787=DIRECTION('',(0.438371146789079,0.898794046299167,0.));
#6788=DIRECTION('',(0.898794046299167,-0.438371146789079,0.));
#6789=DIRECTION('',(0.438371146789079,0.898794046299167,0.));
#6790=DIRECTION('',(0.898794046299167,-0.438371146789079,0.));
#6791=DIRECTION('',(0.438371146789079,0.898794046299167,0.));
#6792=DIRECTION('',(-0.438371146789079,-0.898794046299167,0.));
#6793=DIRECTION('',(0.898794046299167,-0.438371146789079,0.));
#6794=DIRECTION('',(-0.43837114678908,-0.898794046299166,-3.04181087810357E-15));
#6795=DIRECTION('',(0.898794046299166,-0.43837114678908,0.));
#6796=DIRECTION('',(0.438371146789079,0.898794046299167,0.));
#6797=DIRECTION('',(-0.898794046299167,0.438371146789079,0.));
#6798=DIRECTION('',(-0.438371146789078,-0.898794046299167,0.));
#6799=DIRECTION('',(0.898794046299167,-0.438371146789078,0.));
#6800=DIRECTION('',(0.898794046299167,-0.438371146789079,0.));
#6801=DIRECTION('',(0.438371146789079,0.898794046299167,0.));
#6802=DIRECTION('',(0.898794046299167,-0.438371146789079,0.));
#6803=DIRECTION('',(0.438371146789079,0.898794046299167,0.));
#6804=DIRECTION('',(0.898794046299167,-0.438371146789078,0.));
#6805=DIRECTION('',(0.438371146789078,0.898794046299167,0.));
#6806=DIRECTION('',(0.898794046299167,-0.438371146789079,0.));
#6807=DIRECTION('',(0.438371146789079,0.898794046299167,0.));
#6808=DIRECTION('',(0.168836205090705,0.346165519895139,0.922856309880524));
#6809=DIRECTION('',(0.,-0.936297684923717,0.351207410523308));
#6810=DIRECTION('',(-0.43837114678908,-0.898794046299166,0.));
#6811=DIRECTION('',(0.898794046299166,-0.43837114678908,0.));
#6812=DIRECTION('',(0.898794046299167,-0.438371146789079,0.));
#6813=DIRECTION('',(0.438371146789079,0.898794046299167,0.));
#6814=DIRECTION('',(0.168836205090704,0.346165519895139,-0.922856309880524));
#6815=DIRECTION('',(0.,0.936297684923717,0.351207410523308));
#6816=DIRECTION('',(0.898794046299167,-0.438371146789079,0.));
#6817=DIRECTION('',(0.438371146789079,0.898794046299167,0.));
#6818=DIRECTION('',(0.898794046299167,-0.438371146789079,0.));
#6819=DIRECTION('',(0.438371146789079,0.898794046299167,0.));
#6820=DIRECTION('',(0.898794046299166,-0.43837114678908,0.));
#6821=DIRECTION('',(0.43837114678908,0.898794046299166,0.));
#6822=DIRECTION('',(0.0722192993062731,0.148071506803816,-0.986336251833298));
#6823=DIRECTION('',(0.,0.988918538506463,0.148459166770672));
#6824=DIRECTION('',(0.898794046299167,-0.438371146789079,0.));
#6825=DIRECTION('',(0.438371146789079,0.898794046299167,0.));
#6826=DIRECTION('',(-0.94948883032496,-0.313800830285929,0.));
#6827=DIRECTION('',(0.313800830285929,-0.94948883032496,0.));
#6828=DIRECTION('',(0.898794046299168,-0.438371146789074,0.));
#6829=DIRECTION('',(0.438371146789074,0.898794046299169,0.));
#6830=DIRECTION('',(0.438371146789079,0.898794046299167,0.));
#6831=DIRECTION('',(-0.898794046299167,0.438371146789079,0.));
#6832=DIRECTION('',(0.43837114678908,0.898794046299166,0.));
#6833=DIRECTION('',(-0.898794046299166,0.43837114678908,0.));
#6834=DIRECTION('',(0.898794046299167,-0.438371146789079,0.));
#6835=DIRECTION('',(0.438371146789079,0.898794046299167,0.));
#6836=DIRECTION('',(0.0722192993062732,0.148071506803817,0.986336251833298));
#6837=DIRECTION('',(0.,-0.988918538506462,0.148459166770673));
#6838=DIRECTION('',(0.898794046299167,-0.438371146789079,0.));
#6839=DIRECTION('',(0.438371146789079,0.898794046299167,0.));
#6840=DIRECTION('',(0.898794046299167,-0.438371146789079,0.));
#6841=DIRECTION('',(0.438371146789079,0.898794046299167,0.));
#6842=DIRECTION('',(0.898794046299163,-0.438371146789086,0.));
#6843=DIRECTION('',(0.438371146789087,0.898794046299163,0.));
#6844=DIRECTION('',(0.,6.93889390390723E-15,-1.));
#6845=DIRECTION('',(0.,1.,6.93889390390723E-15));
#6846=DIRECTION('',(7.79579566091668E-16,-3.80226359762943E-16,-1.));
#6847=DIRECTION('',(-1.,0.,-7.79579566091668E-16));
#6848=DIRECTION('',(0.89879404629917,-0.438371146789072,0.));
#6849=DIRECTION('',(0.438371146789072,0.89879404629917,0.));
#6850=DIRECTION('',(-0.43837114678908,-0.898794046299166,-6.23663652873339E-15));
#6851=DIRECTION('',(0.898794046299166,-0.43837114678908,0.));
#6852=DIRECTION('',(0.,0.,1.));
#6853=DIRECTION('',(1.,0.,0.));
#6854=DIRECTION('',(-0.309975210571081,-0.635543365028236,0.707106781186548));
#6855=DIRECTION('',(0.309975210571081,0.635543365028236,0.707106781186548));
#6856=DIRECTION('',(-0.438371146789079,-0.898794046299167,0.));
#6857=DIRECTION('',(0.898794046299167,-0.438371146789079,0.));
#6858=DIRECTION('',(0.898794046299167,-0.438371146789079,0.));
#6859=DIRECTION('',(0.438371146789079,0.898794046299167,0.));
#6860=DIRECTION('',(-0.438371146789074,-0.898794046299169,0.));
#6861=DIRECTION('',(0.898794046299169,-0.438371146789074,0.));
#6862=DIRECTION('',(-0.438371146789079,-0.898794046299167,0.));
#6863=DIRECTION('',(0.898794046299167,-0.438371146789079,0.));
#6864=DIRECTION('',(0.438371146789074,0.898794046299169,0.));
#6865=DIRECTION('',(-0.898794046299169,0.438371146789074,0.));
#6866=DIRECTION('',(0.898794046299167,-0.438371146789079,0.));
#6867=DIRECTION('',(0.438371146789079,0.898794046299167,0.));
#6868=DIRECTION('',(0.,-1.,0.));
#6869=DIRECTION('',(0.,0.,-1.));
#6870=DIRECTION('',(0.,-1.,0.));
#6871=DIRECTION('',(0.,0.,-1.));
#6872=DIRECTION('',(0.,-2.41352831440252E-16,1.));
#6873=DIRECTION('',(0.,-0.0846214346995174,0.996413173733364));
#6874=DIRECTION('',(0.,-0.996413173733364,-0.0846214346995174));
#6875=DIRECTION('',(0.,0.996413173733364,0.0846214346995174));
#6876=DIRECTION('',(1.,0.,0.));
#6877=DIRECTION('',(0.,0.996413173733364,0.0846214346995174));
#6878=DIRECTION('',(-0.707106781186548,0.341630116714025,-0.619103273577165));
#6879=DIRECTION('',(0.,0.875544246002407,0.483137944372078));
#6880=DIRECTION('',(-0.58864971041236,-0.769503493126055,0.247701216182407));
#6881=DIRECTION('',(0.679184283379347,0.0845283920912924,-0.729084124186601));
#6882=DIRECTION('',(0.546685374466008,-0.721068676665363,0.425670136228774));
#6883=DIRECTION('',(0.796868031629607,0.604153407808609,0.));
#6884=DIRECTION('',(0.686093231817538,-0.313520102699282,0.656491601208727));
#6885=DIRECTION('',(0.691348301860462,0.,-0.722521643630595));
#6886=DIRECTION('',(0.588649710412352,-0.291035166980753,-0.754181708881845));
#6887=DIRECTION('',(-0.707106781186548,0.266772103811288,-0.654853147375882));
#6888=DIRECTION('',(0.,0.92610220238168,0.377272727272728));
#6889=DIRECTION('',(-0.591774641505869,-0.73017391511896,0.34153891044865));
#6890=DIRECTION('',(0.,0.306906287001191,-0.951739739108934));
#6891=DIRECTION('',(-1.,0.,0.));
#6892=DIRECTION('',(1.8868631639455E-16,0.951739739108934,0.306906287001191));
#6893=DIRECTION('',(2.28502857960259E-15,0.951739739108934,0.306906287001191));
#6894=DIRECTION('',(0.680215664849823,-0.224966003211216,0.697636686744673));
#6895=DIRECTION('',(0.715989933477939,0.,-0.698110603814508));
#6896=DIRECTION('',(0.591774641505912,-0.393098053445466,-0.70375897439957));
#6897=DIRECTION('',(-0.707106781186543,0.166041750546715,-0.687335534564734));
#6898=DIRECTION('',(0.,0.972039234882402,0.234818495543333));
#6899=DIRECTION('',(-0.59201476385086,-0.67056866497058,0.447052776461778));
#6900=DIRECTION('',(0.,0.160184236060129,-0.987087134207428));
#6901=DIRECTION('',(-1.,0.,0.));
#6902=DIRECTION('',(0.,-0.987087134207428,-0.160184236060129));
#6903=DIRECTION('',(9.79949649140926E-16,0.987087134207428,0.160184236060129));
#6904=DIRECTION('',(0.679763307593468,-0.117484173316029,0.723960851614117));
#6905=DIRECTION('',(0.729009420457381,0.,-0.684503663163605));
#6906=DIRECTION('',(0.592014763850848,-0.494784222867795,-0.636165931329034));
#6907=DIRECTION('',(-0.707106781186546,0.0598363903097635,-0.704570512010473));
#6908=DIRECTION('',(0.,0.996413173733364,0.0846214346995174));
#6909=DIRECTION('',(1.,0.,0.));
#6910=DIRECTION('',(0.,1.,0.));
#6911=DIRECTION('',(1.,0.,0.));
#6912=DIRECTION('',(0.,-1.,0.));
#6913=DIRECTION('',(1.,0.,0.));
#6914=DIRECTION('',(0.,-1.,0.));
#6915=DIRECTION('',(0.,1.,0.));
#6916=DIRECTION('',(0.,0.,1.));
#6917=DIRECTION('',(0.,0.,1.));
#6918=DIRECTION('',(1.,0.,0.));
#6919=DIRECTION('',(0.,0.,1.));
#6920=DIRECTION('',(1.,0.,0.));
#6921=DIRECTION('',(0.,0.,1.));
#6922=DIRECTION('',(1.,0.,0.));
#6923=DIRECTION('',(0.,-1.,0.));
#6924=DIRECTION('',(0.,0.,-1.));
#6925=DIRECTION('',(0.,1.,0.));
#6926=DIRECTION('',(0.,0.,1.));
#6927=DIRECTION('',(0.,1.,0.));
#6928=DIRECTION('',(0.,0.,1.));
#6929=DIRECTION('',(1.,0.,0.));
#6930=DIRECTION('',(0.,0.,-1.));
#6931=DIRECTION('',(0.,0.421146426986373,-0.906992660960723));
#6932=DIRECTION('',(0.,0.906992660960723,0.421146426986373));
#6933=DIRECTION('',(0.,1.,0.));
#6934=DIRECTION('',(0.,0.,1.));
#6935=DIRECTION('',(0.,1.,0.));
#6936=DIRECTION('',(0.,0.,1.));
#6937=DIRECTION('',(7.86690730753619E-16,-0.421146426986372,-0.906992660960723));
#6938=DIRECTION('',(0.,0.906992660960723,-0.421146426986372));
#6939=DIRECTION('',(1.,0.,0.));
#6940=DIRECTION('',(0.,0.,-1.));
#6941=DIRECTION('',(0.0116380014844658,0.023861439151898,-0.999647532204751));
#6942=DIRECTION('',(0.,0.999715236752027,0.0238630552494556));
#6943=DIRECTION('',(0.898794046299167,-0.438371146789079,0.));
#6944=DIRECTION('',(0.438371146789079,0.898794046299167,0.));
#6945=DIRECTION('',(-0.0116380014844643,-0.0238614391519028,-0.999647532204751));
#6946=DIRECTION('',(0.,0.999715236752027,-0.0238630552494603));
#6947=DIRECTION('',(0.,2.41352831440252E-16,-1.));
#6948=DIRECTION('',(0.,1.,2.41352831440252E-16));
#6949=DIRECTION('',(1.,-1.98254111540206E-16,-4.78491911649003E-32));
#6950=DIRECTION('',(1.98254111540206E-16,1.,0.));
#6951=DIRECTION('',(-1.8868631639455E-16,-0.951739739108934,-0.306906287001191));
#6952=DIRECTION('',(-1.92710774893833E-16,-0.972039234882402,-0.234818495543333));
#6953=DIRECTION('',(-1.98254111540206E-16,-1.,-2.41352831440252E-16));
#6954=DIRECTION('',(1.83603569328608E-16,0.92610220238168,0.377272727272728));
#6955=DIRECTION('',(0.,0.0846214346995175,-0.996413173733364));
#6956=DIRECTION('',(0.,0.996413173733364,0.0846214346995175));
#6957=DIRECTION('',(0.,-0.996413173733364,-0.0846214346995175));
#6958=DIRECTION('',(0.,0.996413173733364,0.0846214346995175));
#6959=DIRECTION('',(1.,0.,0.));
#6960=DIRECTION('',(0.,0.160184236060127,-0.987087134207428));
#6961=DIRECTION('',(0.,0.987087134207428,0.160184236060127));
#6962=DIRECTION('',(0.,-0.987087134207428,-0.160184236060127));
#6963=DIRECTION('',(0.,0.987087134207428,0.160184236060127));
#6964=DIRECTION('',(0.,0.996413173733364,0.0846214346995175));
#6965=DIRECTION('',(0.,-0.0846214346995175,0.996413173733364));
#6966=DIRECTION('',(0.,0.992469547209218,0.122491623641495));
#6967=DIRECTION('',(0.,-0.122491623641497,0.992469547209218));
#6968=DIRECTION('',(0.,0.987087134207428,0.160184236060127));
#6969=DIRECTION('',(0.,-0.160184236060127,0.987087134207428));
#6970=DIRECTION('',(0.,0.980273737630427,0.197644628847012));
#6971=DIRECTION('',(0.,-0.19764462884701,0.980273737630427));
#6972=DIRECTION('',(0.,0.972039234882402,0.234818495543333));
#6973=DIRECTION('',(0.,-0.234818495543333,0.972039234882402));
#6974=DIRECTION('',(0.,0.962564568022378,0.271052490097199));
#6975=DIRECTION('',(0.,-0.271052490097201,0.962564568022378));
#6976=DIRECTION('',(0.,0.951739739108935,0.30690628700119));
#6977=DIRECTION('',(0.,-0.30690628700119,0.951739739108935));
#6978=DIRECTION('',(0.,0.939579931822957,0.342329595150007));
#6979=DIRECTION('',(0.,-0.342329595150005,0.939579931822958));
#6980=DIRECTION('',(0.,0.92610220238168,0.377272727272728));
#6981=DIRECTION('',(0.,-0.377272727272728,0.92610220238168));
#6982=DIRECTION('',(0.,0.914633444378475,0.404284135756483));
#6983=DIRECTION('',(0.,-0.404284135756484,0.914633444378475));
#6984=DIRECTION('',(0.,0.902377051066583,0.430947395523373));
#6985=DIRECTION('',(0.,-0.430947395523372,0.902377051066583));
#6986=DIRECTION('',(0.,0.889343577021925,0.457239545544617));
#6987=DIRECTION('',(0.,-0.45723954554462,0.889343577021923));
#6988=DIRECTION('',(0.,0.875544246002407,0.483137944372078));
#6989=DIRECTION('',(0.,-0.483137944372078,0.875544246002407));
#6990=DIRECTION('',(-1.,1.28498035257541E-16,3.10133646439168E-32));
#6991=DIRECTION('',(-1.28498035257541E-16,-1.,0.));
#6992=DIRECTION('',(0.,0.16368748541506,0.986512243775258));
#6993=DIRECTION('',(0.,-0.986512243775258,0.16368748541506));
#6994=DIRECTION('',(-1.,0.,0.));
#6995=DIRECTION('',(0.,0.322959417029486,0.946412814236988));
#6996=DIRECTION('',(0.,-0.946412814236988,0.322959417029486));
#6997=DIRECTION('',(1.,0.,0.));
#6998=DIRECTION('',(-1.,0.,0.));
#6999=DIRECTION('',(0.,0.450024049910286,0.89301643574032));
#7000=DIRECTION('',(0.,-0.89301643574032,0.450024049910286));
#7001=DIRECTION('',(-1.,0.,0.));
#7002=DIRECTION('',(0.,0.885590130520359,0.464467566924682));
#7003=DIRECTION('',(0.,-0.464467566924682,0.885590130520359));
#7004=DIRECTION('',(-1.,0.,0.));
#7005=DIRECTION('',(1.,0.,0.));
#7006=DIRECTION('',(0.,0.,-1.));
#7007=DIRECTION('',(0.,-2.41352831440252E-16,1.));
#7008=DIRECTION('',(0.342020143325668,0.939692620785909,2.26797474710189E-16));
#7009=DIRECTION('',(-0.939692620785909,0.342020143325668,0.));
#7010=DIRECTION('',(1.76062408317057E-32,-2.41352831440252E-16,1.));
#7011=DIRECTION('',(2.918884663581E-32,-2.41352831440252E-16,1.));
#7012=DIRECTION('',(0.342020143325669,-0.939692620785908,-2.26797474710189E-16));
#7013=DIRECTION('',(0.939692620785908,0.342020143325669,0.));
#7014=DIRECTION('',(0.,-2.41352831440252E-16,1.));
#7015=DIRECTION('',(1.,0.,0.));
#7016=DIRECTION('',(0.,0.,-1.));
#7017=DIRECTION('',(0.,-2.41352831440252E-16,1.));
#7018=DIRECTION('',(0.,-2.41352831440252E-16,1.));
#7019=DIRECTION('',(-0.34202014332567,-0.939692620785908,-2.26797474710189E-16));
#7020=DIRECTION('',(0.939692620785908,-0.34202014332567,0.));
#7021=DIRECTION('',(1.23259516440783E-32,-2.41352831440252E-16,1.));
#7022=DIRECTION('',(1.23259516440783E-32,-2.41352831440252E-16,1.));
#7023=DIRECTION('',(-1.,0.,0.));
#7024=DIRECTION('',(0.,0.,1.));
#7025=DIRECTION('',(-1.,0.,0.));
#7026=DIRECTION('',(0.,0.,1.));
#7027=DIRECTION('',(0.,-2.41352831440252E-16,1.));
#7028=DIRECTION('',(0.,-2.41352831440252E-16,1.));
#7029=DIRECTION('',(-1.,0.,0.));
#7030=DIRECTION('',(0.,0.,1.));
#7031=DIRECTION('',(0.34202014332567,-0.939692620785908,-2.26797474710189E-16));
#7032=DIRECTION('',(0.939692620785908,0.34202014332567,0.));
#7033=DIRECTION('',(-7.43345839973996E-34,-2.41352831440252E-16,1.));
#7034=DIRECTION('',(-7.43345839973996E-34,-2.41352831440252E-16,1.));
#7035=DIRECTION('',(-1.,0.,0.));
#7036=DIRECTION('',(0.,0.,1.));
#7037=DIRECTION('',(0.,-2.41352831440252E-16,1.));
#7038=DIRECTION('',(0.,-2.41352831440252E-16,1.));
#7039=DIRECTION('',(-1.,0.,0.));
#7040=DIRECTION('',(0.,0.,1.));
#7041=DIRECTION('',(0.,-2.41352831440252E-16,1.));
#7042=DIRECTION('',(0.,-2.41352831440252E-16,1.));
#7043=DIRECTION('',(-1.,0.,0.));
#7044=DIRECTION('',(0.,0.,1.));
#7045=DIRECTION('',(0.,-2.41352831440252E-16,1.));
#7046=DIRECTION('',(0.342020143325674,-0.939692620785906,-2.26797474710189E-16));
#7047=DIRECTION('',(0.939692620785906,0.342020143325675,0.));
#7048=DIRECTION('',(0.,-2.41352831440252E-16,1.));
#7049=DIRECTION('',(0.,-2.41352831440252E-16,1.));
#7050=DIRECTION('',(-1.,0.,0.));
#7051=DIRECTION('',(0.,0.,1.));
#7052=DIRECTION('',(0.,-2.41352831440252E-16,1.));
#7053=DIRECTION('',(0.,-2.41352831440252E-16,1.));
#7054=DIRECTION('',(-0.342020143325672,-0.939692620785907,-2.26797474710189E-16));
#7055=DIRECTION('',(0.939692620785907,-0.342020143325672,0.));
#7056=DIRECTION('',(0.,-2.41352831440252E-16,1.));
#7057=DIRECTION('',(0.,-2.41352831440252E-16,1.));
#7058=DIRECTION('',(0.898794046299167,-0.438371146789079,0.));
#7059=DIRECTION('',(0.438371146789079,0.898794046299167,0.));
#7060=DIRECTION('',(1.,6.12323399573674E-17,0.));
#7061=DIRECTION('',(6.12323399573674E-17,-1.,0.));
#7062=DIRECTION('',(1.,6.12323399573674E-17,0.));
#7063=DIRECTION('',(-6.12323399573674E-17,1.,0.));
#7064=DIRECTION('',(1.,6.12323399573674E-17,0.));
#7065=DIRECTION('',(-6.12323399573674E-17,1.,0.));
#7066=DIRECTION('',(1.,6.12323399573674E-17,0.));
#7067=DIRECTION('',(-6.12323399573674E-17,1.,0.));
#7068=DIRECTION('',(1.,0.,0.));
#7069=DIRECTION('',(0.,0.,-1.));
#7070=DIRECTION('',(-1.,0.,0.));
#7071=DIRECTION('',(0.,0.,1.));
#7072=DIRECTION('',(1.,0.,0.));
#7073=DIRECTION('',(0.,0.,-1.));
#7074=DIRECTION('',(1.,0.,0.));
#7075=DIRECTION('',(0.,0.,-1.));
#7076=DIRECTION('',(1.,0.,0.));
#7077=DIRECTION('',(0.,0.,-1.));
#7078=DIRECTION('',(1.,0.,0.));
#7079=DIRECTION('',(0.,1.,0.));
#7080=DIRECTION('',(-1.,0.,0.));
#7081=DIRECTION('',(0.,0.,1.));
#7082=DIRECTION('',(1.,6.12323399573674E-17,0.));
#7083=DIRECTION('',(-6.12323399573674E-17,1.,0.));
#7084=DIRECTION('',(1.,6.12323399573674E-17,0.));
#7085=DIRECTION('',(-6.12323399573674E-17,1.,0.));
#7086=DIRECTION('',(1.,6.12323399573674E-17,0.));
#7087=DIRECTION('',(-6.12323399573674E-17,1.,0.));
#7088=DIRECTION('',(1.,0.,0.));
#7089=DIRECTION('',(0.,0.,-1.));
#7090=DIRECTION('',(-1.,0.,0.));
#7091=DIRECTION('',(0.,0.,1.));
#7092=DIRECTION('',(1.,0.,0.));
#7093=DIRECTION('',(0.,0.,-1.));
#7094=DIRECTION('',(1.,0.,0.));
#7095=DIRECTION('',(0.,0.,-1.));
#7096=DIRECTION('',(1.,6.12323399573674E-17,0.));
#7097=DIRECTION('',(-6.12323399573674E-17,1.,0.));
#7098=DIRECTION('',(1.,6.12323399573674E-17,0.));
#7099=DIRECTION('',(-6.12323399573674E-17,1.,0.));
#7100=DIRECTION('',(1.,6.12323399573674E-17,0.));
#7101=DIRECTION('',(-6.12323399573674E-17,1.,0.));
#7102=DIRECTION('',(1.,0.,0.));
#7103=DIRECTION('',(0.,0.,-1.));
#7104=DIRECTION('',(-1.,0.,0.));
#7105=DIRECTION('',(0.,0.,1.));
#7106=DIRECTION('',(1.,0.,0.));
#7107=DIRECTION('',(0.,0.,-1.));
#7108=DIRECTION('',(1.,0.,0.));
#7109=DIRECTION('',(0.,0.,-1.));
#7110=DIRECTION('',(1.,0.,0.));
#7111=DIRECTION('',(0.,1.,0.));
#7112=DIRECTION('',(-1.,0.,0.));
#7113=DIRECTION('',(0.,0.,1.));
#7114=DIRECTION('',(1.,0.,0.));
#7115=DIRECTION('',(0.,1.,0.));
#7116=DIRECTION('',(-1.,0.,0.));
#7117=DIRECTION('',(0.,0.,1.));
#7118=DIRECTION('',(-1.,0.,0.));
#7119=DIRECTION('',(0.,0.,1.));
#7120=DIRECTION('',(-1.,0.,0.));
#7121=DIRECTION('',(0.,0.,1.));
#7122=DIRECTION('',(-1.,0.,0.));
#7123=DIRECTION('',(0.,0.,1.));
#7124=DIRECTION('',(1.,0.,0.));
#7125=DIRECTION('',(0.,0.,-1.));
#7126=DIRECTION('',(1.,0.,0.));
#7127=DIRECTION('',(0.,0.,-1.));
#7128=DIRECTION('',(1.,0.,0.));
#7129=DIRECTION('',(0.,0.,-1.));
#7130=DIRECTION('',(0.,0.965925826289045,0.258819045102607));
#7131=DIRECTION('',(0.,-0.258819045102607,0.965925826289045));
#7132=DIRECTION('',(1.,0.,0.));
#7133=DIRECTION('',(1.,0.,0.));
#7134=DIRECTION('',(0.,-0.965925826289068,0.258819045102521));
#7135=DIRECTION('',(0.,-0.258819045102521,-0.965925826289068));
#7136=DIRECTION('',(1.,0.,0.));
#7137=DIRECTION('',(1.,0.,0.));
#7138=DIRECTION('',(0.,0.965925826289047,0.258819045102599));
#7139=DIRECTION('',(0.,-0.258819045102599,0.965925826289048));
#7140=DIRECTION('',(1.,0.,0.));
#7141=DIRECTION('',(0.,-0.965925826289068,0.258819045102521));
#7142=DIRECTION('',(0.,-0.258819045102521,-0.965925826289068));
#7143=DIRECTION('',(1.,0.,0.));
#7144=DIRECTION('',(1.,0.,0.));
#7145=DIRECTION('',(0.,0.,-1.));
#7146=DIRECTION('',(-1.,0.,0.));
#7147=DIRECTION('',(1.,0.,0.));
#7148=DIRECTION('',(1.,0.,0.));
#7149=DIRECTION('',(0.,-1.,0.));
#7150=DIRECTION('',(1.,0.,0.));
#7151=DIRECTION('',(1.,0.,0.));
#7152=DIRECTION('',(0.,1.,0.));
#7153=DIRECTION('',(0.,0.,1.));
#7154=DIRECTION('',(1.,0.,0.));
#7155=DIRECTION('',(1.,0.,0.));
#7156=DIRECTION('',(0.,-0.709877267176053,0.704325397488021));
#7157=DIRECTION('',(0.,-0.704325397488021,-0.709877267176053));
#7158=DIRECTION('',(1.,0.,0.));
#7159=DIRECTION('',(1.,0.,0.));
#7160=DIRECTION('',(0.,-0.332384870609552,-0.943143837275032));
#7161=DIRECTION('',(0.,0.943143837275032,-0.332384870609552));
#7162=DIRECTION('',(1.,0.,0.));
#7163=DIRECTION('',(1.,0.,0.));
#7164=DIRECTION('',(0.,1.,0.));
#7165=DIRECTION('',(0.,0.,1.));
#7166=DIRECTION('',(1.,0.,0.));
#7167=DIRECTION('',(0.,-0.353525086288475,0.93542504422574));
#7168=DIRECTION('',(0.,-0.93542504422574,-0.353525086288475));
#7169=DIRECTION('',(1.,0.,0.));
#7170=DIRECTION('',(0.,0.822655786461208,-0.568539758505851));
#7171=DIRECTION('',(0.,0.568539758505852,0.822655786461208));
#7172=DIRECTION('',(0.,0.568539758505852,0.822655786461208));
#7173=DIRECTION('',(1.,0.,0.));
#7174=DIRECTION('',(0.,-0.822655786461208,0.568539758505851));
#7175=DIRECTION('',(0.,-0.568539758505851,-0.822655786461208));
#7176=DIRECTION('',(1.,0.,0.));
#7177=DIRECTION('',(0.,-0.568539758505851,-0.822655786461208));
#7178=DIRECTION('',(0.,0.760021647440945,0.649897757667429));
#7179=DIRECTION('',(0.,-0.649897757667429,0.760021647440945));
#7180=DIRECTION('',(1.,0.,0.));
#7181=DIRECTION('',(0.,-0.649897757667429,0.760021647440945));
#7182=DIRECTION('',(1.,0.,0.));
#7183=DIRECTION('',(0.,-0.649897757667428,0.760021647440945));
#7184=DIRECTION('',(0.,-0.760021647440945,-0.649897757667428));
#7185=DIRECTION('',(1.,0.,0.));
#7186=DIRECTION('',(0.,-0.760021647440945,-0.649897757667428));
#7187=DIRECTION('',(1.,0.,0.));
#7188=DIRECTION('',(0.,-0.760021647440945,-0.649897757667429));
#7189=DIRECTION('',(0.,0.649897757667429,-0.760021647440945));
#7190=DIRECTION('',(1.,0.,0.));
#7191=DIRECTION('',(0.,0.649897757667429,-0.760021647440945));
#7192=DIRECTION('',(1.,0.,0.));
#7193=DIRECTION('',(0.,0.649897757667429,-0.760021647440945));
#7194=DIRECTION('',(0.,0.760021647440945,0.649897757667429));
#7195=DIRECTION('',(1.,0.,0.));
#7196=DIRECTION('',(0.,0.760021647440945,0.649897757667429));
#7197=DIRECTION('',(1.,0.,0.));
#7198=DIRECTION('',(0.,0.760021647440945,0.649897757667429));
#7199=DIRECTION('',(0.,-0.649897757667429,0.760021647440945));
#7200=DIRECTION('',(1.,0.,0.));
#7201=DIRECTION('',(0.,-0.649897757667429,0.760021647440945));
#7202=DIRECTION('',(1.,0.,0.));
#7203=DIRECTION('',(1.,0.,0.));
#7204=DIRECTION('',(0.,1.,0.));
#7205=DIRECTION('',(1.,0.,0.));
#7206=DIRECTION('',(0.,0.,-1.));
#7207=DIRECTION('',(1.,0.,0.));
#7208=DIRECTION('',(0.,0.,-1.));
#7209=DIRECTION('',(1.,0.,0.));
#7210=DIRECTION('',(0.,0.,-1.));
#7211=DIRECTION('',(1.,0.,0.));
#7212=DIRECTION('',(0.,0.,-1.));
#7213=DIRECTION('',(1.,0.,0.));
#7214=DIRECTION('',(0.,0.,-1.));
#7215=DIRECTION('',(1.,0.,0.));
#7216=DIRECTION('',(0.,0.,-1.));
#7217=DIRECTION('',(1.,0.,0.));
#7218=DIRECTION('',(0.,0.,-1.));
#7219=DIRECTION('',(0.,0.939692620785907,-0.342020143325673));
#7220=DIRECTION('',(0.,0.342020143325673,0.939692620785907));
#7221=DIRECTION('',(1.,0.,0.));
#7222=DIRECTION('',(0.,0.342020143325673,0.939692620785907));
#7223=DIRECTION('',(0.,-1.33440267382831E-16,1.));
#7224=DIRECTION('',(0.,-1.,-1.33440267382831E-16));
#7225=DIRECTION('',(0.,-1.,-1.33440267382831E-16));
#7226=DIRECTION('',(1.,0.,0.));
#7227=DIRECTION('',(1.,0.,0.));
#7228=DIRECTION('',(0.,-0.939692620785907,-0.342020143325672));
#7229=DIRECTION('',(0.,0.342020143325672,-0.939692620785907));
#7230=DIRECTION('',(0.,0.342020143325672,-0.939692620785907));
#7231=DIRECTION('',(1.,0.,0.));
#7232=DIRECTION('',(1.,0.,0.));
#7233=DIRECTION('',(0.,1.,0.));
#7234=DIRECTION('',(1.,0.,0.));
#7235=DIRECTION('',(0.,0.,-1.));
#7236=DIRECTION('',(1.,0.,0.));
#7237=DIRECTION('',(0.,0.,-1.));
#7238=DIRECTION('',(1.,0.,0.));
#7239=DIRECTION('',(0.,0.,-1.));
#7240=DIRECTION('',(0.,-0.939692620785909,0.342020143325668));
#7241=DIRECTION('',(0.,-0.342020143325668,-0.939692620785909));
#7242=DIRECTION('',(1.,0.,0.));
#7243=DIRECTION('',(0.,-0.342020143325668,-0.939692620785909));
#7244=DIRECTION('',(0.,1.33440267382831E-16,-1.));
#7245=DIRECTION('',(0.,1.,1.33440267382831E-16));
#7246=DIRECTION('',(0.,1.,1.33440267382831E-16));
#7247=DIRECTION('',(1.,0.,0.));
#7248=DIRECTION('',(1.,0.,0.));
#7249=DIRECTION('',(0.,0.939692620785909,0.342020143325667));
#7250=DIRECTION('',(0.,-0.342020143325667,0.939692620785909));
#7251=DIRECTION('',(0.,-0.342020143325667,0.939692620785909));
#7252=DIRECTION('',(1.,0.,0.));
#7253=DIRECTION('',(1.,0.,0.));
#7254=DIRECTION('',(0.,1.,0.));
#7255=DIRECTION('',(1.,0.,0.));
#7256=DIRECTION('',(0.,0.,-1.));
#7257=DIRECTION('',(1.,0.,0.));
#7258=DIRECTION('',(0.,0.,-1.));
#7259=DIRECTION('',(1.,0.,0.));
#7260=DIRECTION('',(0.,0.,-1.));
#7261=DIRECTION('',(1.,0.,0.));
#7262=DIRECTION('',(0.,0.,-1.));
#7263=DIRECTION('',(-1.,0.,0.));
#7264=DIRECTION('',(0.,0.,1.));
#7265=DIRECTION('',(1.,0.,0.));
#7266=DIRECTION('',(0.,0.,-1.));
#7267=DIRECTION('',(-1.,0.,0.));
#7268=DIRECTION('',(0.,0.,1.));
#7269=DIRECTION('',(1.,0.,0.));
#7270=DIRECTION('',(0.,0.,-1.));
#7271=DIRECTION('',(-1.,0.,0.));
#7272=DIRECTION('',(0.,0.,1.));
#7273=DIRECTION('',(1.,0.,0.));
#7274=DIRECTION('',(0.,0.,-1.));
#7275=DIRECTION('',(-1.,0.,0.));
#7276=DIRECTION('',(0.,0.,1.));
#7277=DIRECTION('',(-1.,0.,0.));
#7278=DIRECTION('',(0.,-1.,0.));
#7279=DIRECTION('',(1.,0.,0.));
#7280=DIRECTION('',(0.,0.,-1.));
#7281=DIRECTION('',(-1.,0.,0.));
#7282=DIRECTION('',(0.,0.,1.));
#7283=DIRECTION('',(-1.,0.,0.));
#7284=DIRECTION('',(0.,-1.,0.));
#7285=DIRECTION('',(1.,0.,0.));
#7286=DIRECTION('',(0.,0.,-1.));
#7287=DIRECTION('',(-1.,0.,0.));
#7288=DIRECTION('',(0.,0.,1.));
#7289=DIRECTION('',(-1.,0.,0.));
#7290=DIRECTION('',(0.,-1.,0.));
#7291=DIRECTION('',(0.,-0.766044443118978,-0.64278760968654));
#7292=DIRECTION('',(0.,0.64278760968654,-0.766044443118978));
#7293=DIRECTION('',(1.,0.,0.));
#7294=DIRECTION('',(1.,0.,0.));
#7295=DIRECTION('',(0.,1.,0.));
#7296=DIRECTION('',(0.,0.,1.));
#7297=DIRECTION('',(1.,0.,0.));
#7298=DIRECTION('',(1.,0.,0.));
#7299=DIRECTION('',(-1.,0.,0.));
#7300=DIRECTION('',(0.,-0.76604444311898,0.642787609686537));
#7301=DIRECTION('',(0.,-0.642787609686537,-0.76604444311898));
#7302=DIRECTION('',(1.,0.,0.));
#7303=DIRECTION('',(1.,0.,0.));
#7304=DIRECTION('',(0.,1.,0.));
#7305=DIRECTION('',(0.,0.,1.));
#7306=DIRECTION('',(1.,0.,0.));
#7307=DIRECTION('',(1.,0.,0.));
#7308=DIRECTION('',(1.,0.,0.));
#7309=DIRECTION('',(0.,0.,-1.));
#7310=DIRECTION('',(-1.,0.,0.));
#7311=DIRECTION('',(1.,0.,0.));
#7312=DIRECTION('',(1.,0.,0.));
#7313=DIRECTION('',(0.,1.,4.5970118108549E-16));
#7314=DIRECTION('',(0.,-4.5970118108549E-16,1.));
#7315=DIRECTION('',(1.,0.,0.));
#7316=DIRECTION('',(0.,0.,-1.));
#7317=DIRECTION('',(-1.,0.,0.));
#7318=DIRECTION('',(1.,0.,0.));
#7319=DIRECTION('',(0.,0.447213595499958,-0.894427190999916));
#7320=DIRECTION('',(0.,0.894427190999916,0.447213595499958));
#7321=DIRECTION('',(0.,0.453927035892557,0.891038857786684));
#7322=DIRECTION('',(0.,-0.891038857786684,0.453927035892557));
#7323=DIRECTION('',(1.,0.,0.));
#7324=DIRECTION('',(0.,0.,-1.));
#7325=DIRECTION('',(1.,0.,0.));
#7326=DIRECTION('',(0.,0.,-1.));
#7327=DIRECTION('',(1.,0.,0.));
#7328=DIRECTION('',(0.,0.,-1.));
#7329=DIRECTION('',(1.,0.,0.));
#7330=DIRECTION('',(0.,0.,-1.));
#7331=DIRECTION('',(1.,0.,0.));
#7332=DIRECTION('',(0.,0.,-1.));
#7333=DIRECTION('',(1.,0.,0.));
#7334=DIRECTION('',(1.,0.,0.));
#7335=DIRECTION('',(1.,0.,0.));
#7336=DIRECTION('',(0.,0.,-1.));
#7337=DIRECTION('',(1.,0.,0.));
#7338=DIRECTION('',(1.,0.,0.));
#7339=DIRECTION('',(0.,0.,-1.));
#7340=DIRECTION('',(1.,0.,0.));
#7341=DIRECTION('',(1.,0.,0.));
#7342=DIRECTION('',(0.,0.,-1.));
#7343=DIRECTION('',(1.,0.,0.));
#7344=DIRECTION('',(0.,0.,-1.));
#7345=DIRECTION('',(1.,0.,0.));
#7346=DIRECTION('',(1.,0.,0.));
#7347=DIRECTION('',(1.,0.,0.));
#7348=DIRECTION('',(0.,0.,-1.));
#7349=DIRECTION('',(1.,0.,0.));
#7350=DIRECTION('',(0.,0.,-1.));
#7351=DIRECTION('',(1.,0.,0.));
#7352=DIRECTION('',(1.,0.,0.));
#7353=DIRECTION('',(0.,0.,-1.));
#7354=DIRECTION('',(1.,0.,0.));
#7355=DIRECTION('',(1.,0.,0.));
#7356=DIRECTION('',(0.,1.,0.));
#7357=DIRECTION('',(1.,0.,0.));
#7358=DIRECTION('',(0.,0.,-1.));
#7359=DIRECTION('',(1.,0.,0.));
#7360=DIRECTION('',(1.,0.,0.));
#7361=DIRECTION('',(0.,0.,-1.));
#7362=DIRECTION('',(1.,0.,0.));
#7363=DIRECTION('',(1.,0.,0.));
#7364=DIRECTION('',(0.,0.,-1.));
#7365=DIRECTION('',(1.,0.,0.));
#7366=DIRECTION('',(0.,0.,-1.));
#7367=DIRECTION('',(1.,0.,0.));
#7368=DIRECTION('',(1.,0.,0.));
#7369=DIRECTION('',(0.,0.,-1.));
#7370=DIRECTION('',(1.,0.,0.));
#7371=DIRECTION('',(0.,0.,-1.));
#7372=DIRECTION('',(1.,0.,0.));
#7373=DIRECTION('',(1.,0.,0.));
#7374=DIRECTION('',(1.,0.,0.));
#7375=DIRECTION('',(0.,0.,-1.));
#7376=DIRECTION('',(1.,0.,0.));
#7377=DIRECTION('',(1.,0.,0.));
#7378=DIRECTION('',(0.,0.,-1.));
#7379=DIRECTION('',(1.,0.,0.));
#7380=DIRECTION('',(0.,0.,-1.));
#7381=DIRECTION('',(1.,0.,0.));
#7382=DIRECTION('',(0.,0.,-1.));
#7383=DIRECTION('',(1.,0.,0.));
#7384=DIRECTION('',(0.,0.,-1.));
#7385=DIRECTION('',(1.,0.,0.));
#7386=DIRECTION('',(0.,0.,-1.));
#7387=DIRECTION('',(1.,0.,0.));
#7388=DIRECTION('',(0.,0.,-1.));
#7389=DIRECTION('',(1.,0.,0.));
#7390=DIRECTION('',(0.,0.,-1.));
#7391=DIRECTION('',(1.,0.,0.));
#7392=DIRECTION('',(0.,0.,-1.));
#7393=DIRECTION('',(1.,0.,0.));
#7394=DIRECTION('',(0.,0.,-1.));
#7395=DIRECTION('',(1.,0.,0.));
#7396=DIRECTION('',(0.,0.,-1.));
#7397=DIRECTION('',(1.,0.,0.));
#7398=DIRECTION('',(0.,0.,-1.));
#7399=DIRECTION('',(1.,0.,0.));
#7400=DIRECTION('',(0.,0.,-1.));
#7401=DIRECTION('',(1.,0.,0.));
#7402=DIRECTION('',(0.,0.,-1.));
#7403=DIRECTION('',(-1.,0.,0.));
#7404=DIRECTION('',(0.,0.,1.));
#7405=DIRECTION('',(-1.,0.,0.));
#7406=DIRECTION('',(0.,0.,1.));
#7407=DIRECTION('',(-1.,0.,0.));
#7408=DIRECTION('',(0.,0.,1.));
#7409=DIRECTION('',(-1.,0.,0.));
#7410=DIRECTION('',(0.,0.,1.));
#7411=DIRECTION('',(-1.,0.,0.));
#7412=DIRECTION('',(0.,0.,1.));
#7413=DIRECTION('',(-1.,0.,0.));
#7414=DIRECTION('',(0.,0.,1.));
#7415=DIRECTION('',(-1.,0.,0.));
#7416=DIRECTION('',(0.,0.,1.));
#7417=DIRECTION('',(-1.,0.,0.));
#7418=DIRECTION('',(0.,0.,1.));
#7419=DIRECTION('',(-1.,0.,0.));
#7420=DIRECTION('',(0.,0.,1.));
#7421=DIRECTION('',(-1.,0.,0.));
#7422=DIRECTION('',(0.,0.,1.));
#7423=DIRECTION('',(-1.,0.,0.));
#7424=DIRECTION('',(0.,0.,1.));
#7425=DIRECTION('',(-1.,0.,0.));
#7426=DIRECTION('',(0.,0.,1.));
#7427=DIRECTION('',(-1.,0.,0.));
#7428=DIRECTION('',(0.,0.,1.));
#7429=DIRECTION('',(-1.,0.,0.));
#7430=DIRECTION('',(0.,0.,1.));
#7431=DIRECTION('',(-1.,0.,0.));
#7432=DIRECTION('',(0.,0.,1.));
#7433=DIRECTION('',(-1.,0.,0.));
#7434=DIRECTION('',(0.,0.,1.));
#7435=DIRECTION('',(-1.,0.,0.));
#7436=DIRECTION('',(0.,0.,1.));
#7437=DIRECTION('',(1.,0.,0.));
#7438=DIRECTION('',(0.,0.,-1.));
#7439=DIRECTION('',(-1.,0.,0.));
#7440=DIRECTION('',(0.,0.,1.));
#7441=DIRECTION('',(-1.,0.,0.));
#7442=DIRECTION('',(0.,0.,1.));
#7443=DIRECTION('',(-1.,0.,0.));
#7444=DIRECTION('',(0.,0.,1.));
#7445=DIRECTION('',(-1.,0.,0.));
#7446=DIRECTION('',(0.,0.,1.));
#7447=DIRECTION('',(1.,0.,0.));
#7448=DIRECTION('',(0.,0.,-1.));
#7449=DIRECTION('',(0.,2.41352831440252E-16,-1.));
#7450=DIRECTION('',(0.,1.,2.41352831440252E-16));
#7451=DIRECTION('',(0.,-2.41352831440252E-16,1.));
#7452=DIRECTION('',(0.,-1.,-2.41352831440252E-16));
#7453=DIRECTION('',(0.,2.41352831440252E-16,-1.));
#7454=DIRECTION('',(0.,1.,2.41352831440252E-16));
#7455=DIRECTION('',(0.,-2.41352831440252E-16,1.));
#7456=DIRECTION('',(0.,-1.,-2.41352831440252E-16));
#7457=DIRECTION('',(0.,2.41352831440252E-16,-1.));
#7458=DIRECTION('',(0.,1.,2.41352831440252E-16));
#7459=DIRECTION('',(0.,-2.41352831440252E-16,1.));
#7460=DIRECTION('',(0.,-1.,-2.41352831440252E-16));
#7461=DIRECTION('',(0.,2.41352831440252E-16,-1.));
#7462=DIRECTION('',(0.,1.,2.41352831440252E-16));
#7463=DIRECTION('',(0.,2.41352831440252E-16,-1.));
#7464=DIRECTION('',(0.,1.,2.41352831440252E-16));
#7465=DIRECTION('',(0.,2.41352831440252E-16,-1.));
#7466=DIRECTION('',(0.,1.,2.41352831440252E-16));
#7467=DIRECTION('',(0.,-2.41352831440252E-16,1.));
#7468=DIRECTION('',(0.,-1.,-2.41352831440252E-16));
#7469=DIRECTION('',(0.,2.41352831440252E-16,-1.));
#7470=DIRECTION('',(0.,1.,2.41352831440252E-16));
#7471=DIRECTION('',(0.,-2.41352831440252E-16,1.));
#7472=DIRECTION('',(0.,-1.,-2.41352831440252E-16));
#7473=DIRECTION('',(0.,-2.41352831440252E-16,1.));
#7474=DIRECTION('',(0.,-1.,-2.41352831440252E-16));
#7475=DIRECTION('',(0.,-1.,0.));
#7476=DIRECTION('',(0.,0.,-1.));
#7477=DIRECTION('',(-1.98254111540206E-16,-1.,-2.41352831440252E-16));
#7478=DIRECTION('',(0.,2.41352831440252E-16,-1.));
#7479=DIRECTION('',(-0.707106781186548,-0.707106781186548,-1.70662223769976E-16));
#7480=DIRECTION('',(0.707106781186548,-0.707106781186548,-1.70662223769976E-16));
#7481=DIRECTION('',(-1.,0.,0.));
#7482=DIRECTION('',(0.,0.,1.));
#7483=DIRECTION('',(-1.,0.,0.));
#7484=DIRECTION('',(0.,0.,1.));
#7485=DIRECTION('',(-0.707106781186548,-0.654853147375882,-0.266772103811289));
#7486=DIRECTION('',(-0.707106781186547,0.654853147375882,0.266772103811289));
#7487=DIRECTION('',(-1.83603569328608E-16,-0.92610220238168,-0.377272727272728));
#7488=DIRECTION('',(0.,0.377272727272728,-0.92610220238168));
#7489=DIRECTION('',(-1.86275584604568E-16,-0.939579931822957,-0.342329595150008));
#7490=DIRECTION('',(6.78682497403832E-17,0.342329595150007,-0.939579931822957));
#7491=DIRECTION('',(1.8868631639455E-16,0.951739739108934,0.306906287001191));
#7492=DIRECTION('',(0.,-0.306906287001191,0.951739739108934));
#7493=DIRECTION('',(1.92710774893833E-16,0.972039234882402,0.234818495543333));
#7494=DIRECTION('',(0.,-0.234818495543333,0.972039234882402));
#7495=DIRECTION('',(1.,0.,0.));
#7496=DIRECTION('',(0.,0.,-1.));
#7497=DIRECTION('',(1.,0.,0.));
#7498=DIRECTION('',(0.,0.,-1.));
#7499=DIRECTION('',(1.,0.,0.));
#7500=DIRECTION('',(0.,0.,-1.));
#7501=DIRECTION('',(0.,0.647689071844552,-0.761904761904756));
#7502=DIRECTION('',(0.,0.761904761904756,0.647689071844552));
#7503=DIRECTION('',(3.30423519233676E-15,-0.647689071844549,-0.761904761904758));
#7504=DIRECTION('',(0.,0.761904761904758,-0.647689071844549));
#7505=DIRECTION('',(1.,0.,0.));
#7506=DIRECTION('',(0.,0.,-1.));
#7507=DIRECTION('',(1.,0.,0.));
#7508=DIRECTION('',(0.,0.,-1.));
#7509=DIRECTION('',(1.,0.,0.));
#7510=DIRECTION('',(0.,0.,-1.));
#7511=DIRECTION('',(0.,0.647689071844549,-0.761904761904758));
#7512=DIRECTION('',(0.,0.761904761904758,0.64768907184455));
#7513=DIRECTION('',(1.,0.,0.));
#7514=DIRECTION('',(0.,0.,-1.));
#7515=DIRECTION('',(4.29550575003779E-15,0.647689071844549,0.761904761904758));
#7516=DIRECTION('',(0.,-0.761904761904759,0.647689071844549));
#7517=DIRECTION('',(1.,0.,0.));
#7518=DIRECTION('',(0.,0.,-1.));
#7519=DIRECTION('',(1.,0.,0.));
#7520=DIRECTION('',(0.,0.,-1.));
#7521=DIRECTION('',(1.,0.,-8.67361737988403E-16));
#7522=DIRECTION('',(-8.67361737988403E-16,0.,-1.));
#7523=DIRECTION('',(-1.36144207737704E-14,-0.647689071844549,-0.761904761904758));
#7524=DIRECTION('',(0.,0.761904761904758,-0.647689071844549));
#7525=DIRECTION('',(1.,0.,0.));
#7526=DIRECTION('',(0.,0.,-1.));
#7527=DIRECTION('',(0.,-0.647689071844551,0.761904761904757));
#7528=DIRECTION('',(0.,-0.761904761904757,-0.647689071844551));
#7529=DIRECTION('',(1.,0.,0.));
#7530=DIRECTION('',(0.,0.,-1.));
#7531=DIRECTION('',(0.,-0.64768907184454,0.761904761904766));
#7532=DIRECTION('',(0.,-0.761904761904767,-0.64768907184454));
#7533=DIRECTION('',(1.,0.,0.));
#7534=DIRECTION('',(0.,0.,-1.));
#7535=DIRECTION('',(2.31296463463573E-15,0.647689071844549,0.761904761904758));
#7536=DIRECTION('',(0.,-0.761904761904758,0.647689071844549));
#7537=DIRECTION('',(1.,0.,-1.3010426069826E-15));
#7538=DIRECTION('',(-1.3010426069826E-15,0.,-1.));
#7539=DIRECTION('',(1.,0.,0.));
#7540=DIRECTION('',(0.,0.,-1.));
#7541=DIRECTION('',(1.,0.,0.));
#7542=DIRECTION('',(0.,0.,-1.));
#7543=DIRECTION('',(1.,0.,0.));
#7544=DIRECTION('',(0.,0.,-1.));
#7545=DIRECTION('',(-1.16318796583683E-14,-0.64768907184455,-0.761904761904758));
#7546=DIRECTION('',(0.,0.761904761904758,-0.64768907184455));
#7547=DIRECTION('',(1.,0.,0.));
#7548=DIRECTION('',(0.,0.,-1.));
#7549=DIRECTION('',(1.,0.,0.));
#7550=DIRECTION('',(0.,0.,-1.));
#7551=DIRECTION('',(1.,0.,0.));
#7552=DIRECTION('',(0.,0.,-1.));
#7553=DIRECTION('',(1.,0.,3.46944695195361E-15));
#7554=DIRECTION('',(3.46944695195361E-15,0.,-1.));
#7555=DIRECTION('',(0.,0.647689071844552,-0.761904761904756));
#7556=DIRECTION('',(0.,0.761904761904756,0.647689071844552));
#7557=DIRECTION('',(1.,0.,0.));
#7558=DIRECTION('',(0.,0.,-1.));
#7559=DIRECTION('',(0.,0.647689071844548,-0.76190476190476));
#7560=DIRECTION('',(0.,0.76190476190476,0.647689071844548));
#7561=DIRECTION('',(1.,0.,0.));
#7562=DIRECTION('',(0.,0.,-1.));
#7563=DIRECTION('',(2.64338815386941E-15,-0.64768907184455,-0.761904761904758));
#7564=DIRECTION('',(0.,0.761904761904758,-0.64768907184455));
#7565=DIRECTION('',(1.,0.,0.));
#7566=DIRECTION('',(0.,0.,-1.));
#7567=DIRECTION('',(1.,0.,0.));
#7568=DIRECTION('',(0.,0.,-1.));
#7569=DIRECTION('',(1.,0.,0.));
#7570=DIRECTION('',(0.,0.,-1.));
#7571=DIRECTION('',(0.,-1.,0.));
#7572=DIRECTION('',(0.,0.,-1.));
#7573=DIRECTION('',(0.,-1.,0.));
#7574=DIRECTION('',(0.,0.,-1.));
#7575=DIRECTION('',(0.,-1.,0.));
#7576=DIRECTION('',(1.,0.,0.));
#7577=DIRECTION('',(0.,-1.,0.));
#7578=DIRECTION('',(0.,0.,-1.));
#7579=DIRECTION('',(0.,-1.,0.));
#7580=DIRECTION('',(0.,0.,-1.));
#7581=CARTESIAN_POINT('',(0.,0.,0.));
#7582=CARTESIAN_POINT('',(0.092,-0.2113,0.0468307812520568));
#7583=CARTESIAN_POINT('',(0.092,-0.0976100425553986,0.0894880851453314));
#7584=CARTESIAN_POINT('',(0.092,-0.0976100425553986,0.0854880851453314));
#7585=CARTESIAN_POINT('',(0.092,-0.0976100425553986,0.00948808514533144));
#7586=CARTESIAN_POINT('',(0.092,-0.0976100425553986,0.00548808514533144));
#7587=CARTESIAN_POINT('',(0.092,-0.130406737470847,-0.0220447326596775));
#7588=CARTESIAN_POINT('',(0.092,-0.130406737470847,-0.0265447326596776));
#7589=CARTESIAN_POINT('',(0.092,-0.191077139733046,-0.0221689673426308));
#7590=CARTESIAN_POINT('',(0.092,-0.191077139733046,-0.0266689673426308));
#7591=CARTESIAN_POINT('',(0.092,-0.304612942701147,0.0289101039006345));
#7592=CARTESIAN_POINT('',(0.092,-0.304612942701147,0.0244101039006345));
#7593=CARTESIAN_POINT('',(0.092,-0.271,0.033));
#7594=CARTESIAN_POINT('',(0.092,-0.271,0.015));
#7595=CARTESIAN_POINT('',(0.092,-0.143542127185999,0.0013));
#7596=CARTESIAN_POINT('',(0.092,-0.15001831766219,-0.00420535711067866));
#7597=CARTESIAN_POINT('',(0.092,-0.137065936709809,-0.00420535711067865));
#7598=CARTESIAN_POINT('',(0.092,-0.135542127185999,-0.00550073525436774));
#7599=CARTESIAN_POINT('',(0.092,-0.13401831766219,-0.00420535711067866));
#7600=CARTESIAN_POINT('',(0.092,-0.127542127185999,0.0013));
#7601=CARTESIAN_POINT('',(0.092,-0.13401831766219,0.00680535711067864));
#7602=CARTESIAN_POINT('',(0.092,-0.135542127185999,0.00810073525436773));
#7603=CARTESIAN_POINT('',(0.092,-0.137065936709809,0.00680535711067864));
#7604=CARTESIAN_POINT('',(0.092,-0.143542127185999,0.0013));
#7605=CARTESIAN_POINT('',(0.092,-0.15001831766219,0.00680535711067864));
#7606=CARTESIAN_POINT('',(0.092,-0.151542127185999,0.00810073525436775));
#7607=CARTESIAN_POINT('',(0.092,-0.153065936709808,0.00680535711067864));
#7608=CARTESIAN_POINT('',(0.092,-0.159542127185999,0.0013));
#7609=CARTESIAN_POINT('',(0.092,-0.160392457398539,0.0097573600212857));
#7610=CARTESIAN_POINT('',(0.092,-0.172,-0.004));
#7611=CARTESIAN_POINT('',(0.092,-0.16233385316493,0.0111843868945325));
#7612=CARTESIAN_POINT('',(0.092,-0.19497157624903,0.0263));
#7613=CARTESIAN_POINT('',(0.092,-0.164050805785207,0.0440943204838786));
#7614=CARTESIAN_POINT('',(0.092,-0.159542127185999,0.0513));
#7615=CARTESIAN_POINT('',(0.092,-0.151542127185999,0.0484277186767309));
#7616=CARTESIAN_POINT('',(0.092,-0.143542127185999,0.0513));
#7617=CARTESIAN_POINT('',(0.092,-0.135542127185999,0.048427718676731));
#7618=CARTESIAN_POINT('',(0.092,-0.127542127185999,0.0513));
#7619=CARTESIAN_POINT('',(0.092,-0.13401831766219,0.0568053571106786));
#7620=CARTESIAN_POINT('',(0.092,-0.135542127185999,0.0581007352543677));
#7621=CARTESIAN_POINT('',(0.092,-0.137065936709809,0.0568053571106786));
#7622=CARTESIAN_POINT('',(0.092,-0.143542127185999,0.0513));
#7623=CARTESIAN_POINT('',(0.092,-0.15001831766219,0.0568053571106787));
#7624=CARTESIAN_POINT('',(0.092,-0.151542127185999,0.0581007352543678));
#7625=CARTESIAN_POINT('',(0.092,-0.153065936709808,0.0568053571106787));
#7626=CARTESIAN_POINT('',(0.092,-0.159542127185999,0.0513));
#7627=CARTESIAN_POINT('',(0.092,-0.167423114793222,0.0481156579431857));
#7628=CARTESIAN_POINT('',(0.092,-0.19497157624903,0.0263));
#7629=CARTESIAN_POINT('',(0.092,-0.189842440711865,-0.00637640683461255));
#7630=CARTESIAN_POINT('',(0.092,-0.172,-0.004));
#7631=CARTESIAN_POINT('',(0.092,-0.154038569775633,-0.00517771995618882));
#7632=CARTESIAN_POINT('',(0.092,-0.159542127185999,0.0013));
#7633=CARTESIAN_POINT('',(0.092,-0.153065936709808,-0.00420535711067865));
#7634=CARTESIAN_POINT('',(0.092,-0.151542127185999,-0.00550073525436775));
#7635=CARTESIAN_POINT('',(0.092,-0.123,0.083));
#7636=CARTESIAN_POINT('',(0.092,-0.123,0.065));
#7637=CARTESIAN_POINT('',(0.092,-0.0812434792938376,0.130291004054071));
#7638=CARTESIAN_POINT('',(0.092,-0.0804190474739131,0.131273523637315));
#7639=CARTESIAN_POINT('',(0.092,-0.082067911113762,0.129308484470827));
#7640=CARTESIAN_POINT('',(0.092,-0.0788869585876751,0.129987948417942));
#7641=CARTESIAN_POINT('',(0.092,-0.0768869585876751,0.129987948417942));
#7642=CARTESIAN_POINT('',(0.092,-0.0768869585876751,0.112482903256851));
#7643=CARTESIAN_POINT('',(0.092,-0.0768869585876751,0.0949778580957603));
#7644=CARTESIAN_POINT('',(0.092,-0.0788869585876751,0.0949778580957603));
#7645=CARTESIAN_POINT('',(0.092,-0.0804190474739131,0.0936922828763873));
#7646=CARTESIAN_POINT('',(0.092,-0.0812434792938376,0.0946748024596313));
#7647=CARTESIAN_POINT('',(0.092,-0.0820679111137621,0.0956573220428752));
#7648=CARTESIAN_POINT('',(0.092,-0.0836,0.0943717468235022));
#7649=CARTESIAN_POINT('',(0.092,-0.0856,0.0943717468235022));
#7650=CARTESIAN_POINT('',(0.092,-0.0856,-0.0465981047153473));
#7651=CARTESIAN_POINT('',(0.092,-0.0856,0.0753616565013206));
#7652=CARTESIAN_POINT('',(0.092,-0.0836,0.0753616565013206));
#7653=CARTESIAN_POINT('',(0.092,-0.0820679111137621,0.0740760812819476));
#7654=CARTESIAN_POINT('',(0.092,-0.0812434792938376,0.0750586008651916));
#7655=CARTESIAN_POINT('',(0.092,-0.0804190474739131,0.0760411204484355));
#7656=CARTESIAN_POINT('',(0.092,-0.0788869585876751,0.0747555452290625));
#7657=CARTESIAN_POINT('',(0.092,-0.0768869585876751,0.0747555452290625));
#7658=CARTESIAN_POINT('',(0.092,-0.0768869585876751,0.0572505000679717));
#7659=CARTESIAN_POINT('',(0.092,-0.0768869585876751,0.0397454549068809));
#7660=CARTESIAN_POINT('',(0.092,-0.0788869585876751,0.0397454549068809));
#7661=CARTESIAN_POINT('',(0.092,-0.0804190474739131,0.0384598796875079));
#7662=CARTESIAN_POINT('',(0.092,-0.0812434792938376,0.0394423992707518));
#7663=CARTESIAN_POINT('',(0.092,-0.0820679111137621,0.0404249188539959));
#7664=CARTESIAN_POINT('',(0.092,-0.0836,0.0391393436346228));
#7665=CARTESIAN_POINT('',(0.092,-0.0856,0.0391393436346228));
#7666=CARTESIAN_POINT('',(0.092,-0.0856,-0.0465981047153473));
#7667=CARTESIAN_POINT('',(0.092,-0.0856,0.0101292533124413));
#7668=CARTESIAN_POINT('',(0.092,-0.0836,0.0101292533124413));
#7669=CARTESIAN_POINT('',(0.092,-0.0820679111137621,0.00884367809306819));
#7670=CARTESIAN_POINT('',(0.092,-0.0812434792938376,0.00982619767631216));
#7671=CARTESIAN_POINT('',(0.092,-0.0804190474739131,0.0108087172595562));
#7672=CARTESIAN_POINT('',(0.092,-0.0788869585876751,0.00952314204018308));
#7673=CARTESIAN_POINT('',(0.092,-0.0768869585876751,0.00952314204018308));
#7674=CARTESIAN_POINT('',(0.092,-0.0768869585876751,-0.00798190312090767));
#7675=CARTESIAN_POINT('',(0.092,-0.0768869585876751,-0.0254869482819985));
#7676=CARTESIAN_POINT('',(0.092,-0.0788869585876751,-0.0254869482819985));
#7677=CARTESIAN_POINT('',(0.092,-0.0804190474739131,-0.0267725235013715));
#7678=CARTESIAN_POINT('',(0.092,-0.0812434792938376,-0.0257900039181275));
#7679=CARTESIAN_POINT('',(0.092,-0.0820679111137621,-0.0248074843348836));
#7680=CARTESIAN_POINT('',(0.092,-0.0836,-0.0260930595542566));
#7681=CARTESIAN_POINT('',(0.092,-0.0856,-0.0260930595542566));
#7682=CARTESIAN_POINT('',(0.092,-0.0856,-0.0465981047153473));
#7683=CARTESIAN_POINT('',(0.092,-0.0856,-0.0405981047153473));
#7684=CARTESIAN_POINT('',(0.092,-0.2113,-0.0405981047153473));
#7685=CARTESIAN_POINT('',(0.092,-0.11193662193381,-0.0405981047153473));
#7686=CARTESIAN_POINT('',(0.092,-0.11193662193381,-0.0385981047153473));
#7687=CARTESIAN_POINT('',(0.092,-0.113868473586388,-0.0380804666251423));
#7688=CARTESIAN_POINT('',(0.092,-0.0991673363220532,0.0167849245744002));
#7689=CARTESIAN_POINT('',(0.092,-0.111734332270992,-0.0301157428055524));
#7690=CARTESIAN_POINT('',(0.092,-0.11366618392357,-0.0295981047153473));
#7691=CARTESIAN_POINT('',(0.092,-0.11366618392357,-0.0275981047153473));
#7692=CARTESIAN_POINT('',(0.092,-0.2113,-0.0275981047153473));
#7693=CARTESIAN_POINT('',(0.092,-0.147147291018123,-0.0275981047153473));
#7694=CARTESIAN_POINT('',(0.092,-0.147147291018123,-0.0295981047153473));
#7695=CARTESIAN_POINT('',(0.092,-0.149079142670701,-0.0301157428055526));
#7696=CARTESIAN_POINT('',(0.092,-0.172483780803551,0.0572315558389783));
#7697=CARTESIAN_POINT('',(0.092,-0.146945001355304,-0.0380804666251422));
#7698=CARTESIAN_POINT('',(0.092,-0.148876853007882,-0.0385981047153473));
#7699=CARTESIAN_POINT('',(0.092,-0.148876853007882,-0.0405981047153473));
#7700=CARTESIAN_POINT('',(0.092,-0.2113,-0.0405981047153473));
#7701=CARTESIAN_POINT('',(0.092,-0.17260702419601,-0.0405981047153473));
#7702=CARTESIAN_POINT('',(0.092,-0.17260702419601,-0.0385981047153473));
#7703=CARTESIAN_POINT('',(0.092,-0.174538875848588,-0.0380804666251423));
#7704=CARTESIAN_POINT('',(0.092,-0.155773592261596,0.0319525251399502));
#7705=CARTESIAN_POINT('',(0.092,-0.172404734533192,-0.0301157428055524));
#7706=CARTESIAN_POINT('',(0.092,-0.17433658618577,-0.0295981047153473));
#7707=CARTESIAN_POINT('',(0.092,-0.17433658618577,-0.0275981047153473));
#7708=CARTESIAN_POINT('',(0.092,-0.2113,-0.0275981047153473));
#7709=CARTESIAN_POINT('',(0.092,-0.207817693280323,-0.0275981047153473));
#7710=CARTESIAN_POINT('',(0.092,-0.207817693280323,-0.0295981047153473));
#7711=CARTESIAN_POINT('',(0.092,-0.209749544932901,-0.0301157428055526));
#7712=CARTESIAN_POINT('',(0.092,-0.229090036743092,0.042063955273424));
#7713=CARTESIAN_POINT('',(0.092,-0.2069408045244,-0.0405981047153473));
#7714=CARTESIAN_POINT('',(0.092,-0.225301192512921,-0.0375516491238944));
#7715=CARTESIAN_POINT('',(0.092,-0.213425846965907,-0.0395220711468253));
#7716=CARTESIAN_POINT('',(0.092,-0.23791573417392,-0.0311649995002473));
#7717=CARTESIAN_POINT('',(0.092,-0.224296973097695,-0.0358123447936304));
#7718=CARTESIAN_POINT('',(0.092,-0.223651054263636,-0.0339195191651565));
#7719=CARTESIAN_POINT('',(0.092,-0.225070808797988,-0.0325108683701805));
#7720=CARTESIAN_POINT('',(0.092,-0.178569862910454,0.0143566228568495));
#7721=CARTESIAN_POINT('',(0.092,-0.222600885640072,-0.0300214759562067));
#7722=CARTESIAN_POINT('',(0.092,-0.224020640174424,-0.0286128251612306));
#7723=CARTESIAN_POINT('',(0.092,-0.223355870433206,-0.0267265374866805));
#7724=CARTESIAN_POINT('',(0.092,-0.235691173200461,-0.0223793023649731));
#7725=CARTESIAN_POINT('',(0.092,-0.261642050336955,-0.0132336359265015));
#7726=CARTESIAN_POINT('',(0.092,-0.262306820078174,-0.0151199236010515));
#7727=CARTESIAN_POINT('',(0.092,-0.264306820078174,-0.0151199236010515));
#7728=CARTESIAN_POINT('',(0.092,-0.264306820078174,0.0468307812520568));
#7729=CARTESIAN_POINT('',(0.092,-0.264306820078174,-0.0193634173740837));
#7730=CARTESIAN_POINT('',(0.092,-0.266306820078174,-0.0193634173740837));
#7731=CARTESIAN_POINT('',(0.092,-0.266952738912233,-0.0212562430025576));
#7732=CARTESIAN_POINT('',(0.092,-0.23791573417392,-0.0311649995002473));
#7733=CARTESIAN_POINT('',(0.092,-0.276635034634566,-0.0179522000575001));
#7734=CARTESIAN_POINT('',(0.092,-0.250566670244233,-0.031089014171956));
#7735=CARTESIAN_POINT('',(0.092,-0.282724300219666,-0.0148835936467853));
#7736=CARTESIAN_POINT('',(0.092,-0.199817897620497,0.0164492141646605));
#7737=CARTESIAN_POINT('',(0.092,-0.270846941051131,-0.0103947845745295));
#7738=CARTESIAN_POINT('',(0.092,-0.271553991223707,-0.00852393448607798));
#7739=CARTESIAN_POINT('',(0.092,-0.270416911706696,-0.00687862291315557));
#7740=CARTESIAN_POINT('',(0.092,-0.255529361092135,-0.0171674515708329));
#7741=CARTESIAN_POINT('',(0.092,-0.32440285524894,0.0304312165231534));
#7742=CARTESIAN_POINT('',(0.092,-0.325539934765952,0.028785904950231));
#7743=CARTESIAN_POINT('',(0.092,-0.327539934765952,0.028785904950231));
#7744=CARTESIAN_POINT('',(0.092,-0.327539934765952,0.0468307812520568));
#7745=CARTESIAN_POINT('',(0.092,-0.327539934765952,0.016088619111565));
#7746=CARTESIAN_POINT('',(0.092,-0.315108588391967,-0.00761395657262026));
#7747=CARTESIAN_POINT('',(0.092,-0.329,0.0188724934943344));
#7748=CARTESIAN_POINT('',(0.092,-0.329,0.0365446166585507));
#7749=CARTESIAN_POINT('',(0.092,-0.329,0.0465420629570126));
#7750=CARTESIAN_POINT('',(0.092,-0.238651671231063,0.0963975740156243));
#7751=CARTESIAN_POINT('',(0.092,-0.25000648951862,0.0901318214951585));
#7752=CARTESIAN_POINT('',(0.092,-0.235327181514472,0.0971422053973154));
#7753=CARTESIAN_POINT('',(0.092,-0.243647555258658,0.0931686520023129));
#7754=CARTESIAN_POINT('',(0.092,-0.232094312397854,0.0978751772991217));
#7755=CARTESIAN_POINT('',(0.092,-0.201110966681689,0.110497079404861));
#7756=CARTESIAN_POINT('',(0.092,-0.228936881582556,0.101524092490779));
#7757=CARTESIAN_POINT('',(0.092,-0.194659635001828,0.112577432016735));
#7758=CARTESIAN_POINT('',(0.092,-0.225389311355091,0.105153969968231));
#7759=CARTESIAN_POINT('',(0.092,-0.11884940322357,0.130891141931043));
#7760=CARTESIAN_POINT('',(0.092,-0.222219082162146,0.114116338087761));
#7761=CARTESIAN_POINT('',(0.092,-0.112178913901169,0.131973627153701));
#7762=CARTESIAN_POINT('',(0.092,-0.217769282009331,0.123006254305464));
#7763=CARTESIAN_POINT('',(0.092,-0.0856,0.134230869316252));
#7764=CARTESIAN_POINT('',(0.092,-0.0856,-0.0465981047153473));
#7765=CARTESIAN_POINT('',(0.092,-0.0856,0.1305940596902));
#7766=CARTESIAN_POINT('',(0.092,-0.0836,0.1305940596902));
#7767=CARTESIAN_POINT('',(0.092,-0.0976100425553986,0.0494880851453314));
#7768=CARTESIAN_POINT('',(0.092,-0.0976100425553986,0.0454880851453314));
#7769=CARTESIAN_POINT('',(0.096,-0.0576100425553986,0.0494892722416519));
#7770=CARTESIAN_POINT('',(0.096,-0.0976100425553986,0.0894880851453314));
#7771=CARTESIAN_POINT('',(0.096,-0.0976100425553986,0.0854880851453314));
#7772=CARTESIAN_POINT('',(0.096,-0.0812434792938376,0.0946748024596313));
#7773=CARTESIAN_POINT('',(0.096,-0.0804190474739131,0.0936922828763873));
#7774=CARTESIAN_POINT('',(0.096,-0.0820679111137621,0.0956573220428752));
#7775=CARTESIAN_POINT('',(0.096,-0.0788869585876751,0.0949778580957603));
#7776=CARTESIAN_POINT('',(0.096,-0.0768869585876751,0.0949778580957603));
#7777=CARTESIAN_POINT('',(0.096,-0.0768869585876751,0.112482903256851));
#7778=CARTESIAN_POINT('',(0.096,-0.0768869585876751,0.109498336849472));
#7779=CARTESIAN_POINT('',(0.096,-0.0376100425553987,0.0894892722416519));
#7780=CARTESIAN_POINT('',(0.096,-0.0776100425553987,0.109866701662411));
#7781=CARTESIAN_POINT('',(0.096,-0.0976100425553987,0.109866701662411));
#7782=CARTESIAN_POINT('',(0.096,-0.117610042555399,0.109866701662411));
#7783=CARTESIAN_POINT('',(0.096,-0.117610042555399,0.0494892722416519));
#7784=CARTESIAN_POINT('',(0.096,-0.117610042555399,-0.0108881571791076));
#7785=CARTESIAN_POINT('',(0.096,-0.0976100425553986,-0.0108881571791076));
#7786=CARTESIAN_POINT('',(0.096,-0.0776100425553986,-0.0108881571791075));
#7787=CARTESIAN_POINT('',(0.096,-0.0376100425553986,0.00911184282089245));
#7788=CARTESIAN_POINT('',(0.096,-0.0768869585876751,-0.0105266151952458));
#7789=CARTESIAN_POINT('',(0.096,-0.0768869585876751,-0.00798190312090767));
#7790=CARTESIAN_POINT('',(0.096,-0.0768869585876751,0.00952314204018308));
#7791=CARTESIAN_POINT('',(0.096,-0.0788869585876751,0.00952314204018308));
#7792=CARTESIAN_POINT('',(0.096,-0.0804190474739131,0.0108087172595562));
#7793=CARTESIAN_POINT('',(0.096,-0.0812434792938376,0.00982619767631216));
#7794=CARTESIAN_POINT('',(0.096,-0.0820679111137621,0.00884367809306819));
#7795=CARTESIAN_POINT('',(0.096,-0.0836,0.0101292533124413));
#7796=CARTESIAN_POINT('',(0.096,-0.0856,0.0101292533124413));
#7797=CARTESIAN_POINT('',(0.096,-0.0856,0.161897772302374));
#7798=CARTESIAN_POINT('',(0.096,-0.0856,0.0391393436346228));
#7799=CARTESIAN_POINT('',(0.096,-0.0836,0.0391393436346228));
#7800=CARTESIAN_POINT('',(0.096,-0.0820679111137621,0.0404249188539959));
#7801=CARTESIAN_POINT('',(0.096,-0.0812434792938376,0.0394423992707518));
#7802=CARTESIAN_POINT('',(0.096,-0.0804190474739131,0.0384598796875079));
#7803=CARTESIAN_POINT('',(0.096,-0.0788869585876751,0.0397454549068809));
#7804=CARTESIAN_POINT('',(0.096,-0.0768869585876751,0.0397454549068809));
#7805=CARTESIAN_POINT('',(0.096,-0.0768869585876751,0.0572505000679717));
#7806=CARTESIAN_POINT('',(0.096,-0.0768869585876751,0.0747555452290625));
#7807=CARTESIAN_POINT('',(0.096,-0.0788869585876751,0.0747555452290625));
#7808=CARTESIAN_POINT('',(0.096,-0.0804190474739131,0.0760411204484355));
#7809=CARTESIAN_POINT('',(0.096,-0.0812434792938376,0.0750586008651916));
#7810=CARTESIAN_POINT('',(0.096,-0.0820679111137621,0.0740760812819476));
#7811=CARTESIAN_POINT('',(0.096,-0.0836,0.0753616565013206));
#7812=CARTESIAN_POINT('',(0.096,-0.0856,0.0753616565013206));
#7813=CARTESIAN_POINT('',(0.096,-0.0856,0.161897772302374));
#7814=CARTESIAN_POINT('',(0.096,-0.0856,0.0943717468235022));
#7815=CARTESIAN_POINT('',(0.096,-0.0836,0.0943717468235022));
#7816=CARTESIAN_POINT('',(0.096,-0.0976100425553986,0.00948808514533144));
#7817=CARTESIAN_POINT('',(0.096,-0.0976100425553986,0.00548808514533144));
#7818=CARTESIAN_POINT('',(0.096,-0.0976100425553986,0.0494880851453314));
#7819=CARTESIAN_POINT('',(0.096,-0.0976100425553986,0.0454880851453314));
#7820=CARTESIAN_POINT('',(-0.147,-0.0856,0.161897772302374));
#7821=CARTESIAN_POINT('',(-0.147,-0.0856,0.0391393436346228));
#7822=CARTESIAN_POINT('',(-0.147,-0.0856,0.0101292533124413));
#7823=CARTESIAN_POINT('',(-0.147,-0.0856,0.161897772302374));
#7824=CARTESIAN_POINT('',(-0.147,-0.0856,0.0943717468235022));
#7825=CARTESIAN_POINT('',(-0.147,-0.0856,0.0753616565013206));
#7826=CARTESIAN_POINT('',(0.092,-0.0812434792938376,0.0394423992707518));
#7827=CARTESIAN_POINT('',(0.092,-0.0804190474739131,0.0384598796875079));
#7828=CARTESIAN_POINT('',(0.092,-0.0820679111137621,0.0404249188539959));
#7829=CARTESIAN_POINT('',(0.092,-0.0768869585876751,0.0572505000679717));
#7830=CARTESIAN_POINT('',(0.092,-0.0768869585876751,0.0747555452290625));
#7831=CARTESIAN_POINT('',(0.092,-0.0768869585876751,0.0397454549068809));
#7832=CARTESIAN_POINT('',(0.092,-0.0812434792938376,0.0750586008651916));
#7833=CARTESIAN_POINT('',(0.092,-0.0804190474739131,0.0760411204484355));
#7834=CARTESIAN_POINT('',(0.092,-0.0820679111137621,0.0740760812819476));
#7835=CARTESIAN_POINT('',(0.092,-0.0812434792938376,0.00982619767631216));
#7836=CARTESIAN_POINT('',(0.092,-0.0804190474739131,0.0108087172595562));
#7837=CARTESIAN_POINT('',(0.092,-0.0820679111137621,0.00884367809306819));
#7838=CARTESIAN_POINT('',(0.092,-0.0812434792938376,0.0946748024596313));
#7839=CARTESIAN_POINT('',(0.092,-0.0820679111137621,0.0956573220428752));
#7840=CARTESIAN_POINT('',(0.092,-0.0804190474739131,0.0936922828763873));
#7841=CARTESIAN_POINT('',(-0.147,-0.0856,0.161897772302374));
#7842=CARTESIAN_POINT('',(0.1,-0.0856,0.161897772302374));
#7843=CARTESIAN_POINT('',(0.1,-0.0856,0.146274066171065));
#7844=CARTESIAN_POINT('',(0.1,-0.0856,0.1305940596902));
#7845=CARTESIAN_POINT('',(-0.147,-0.0856,0.1305940596902));
#7846=CARTESIAN_POINT('',(0.084,-0.0856,0.134230869316252));
#7847=CARTESIAN_POINT('',(0.084,-0.0856,0.142259667219461));
#7848=CARTESIAN_POINT('',(-0.092,-0.0856,0.142259667219461));
#7849=CARTESIAN_POINT('',(0.012,-0.0856,0.142259667219461));
#7850=CARTESIAN_POINT('',(0.012,-0.0856,-0.062));
#7851=CARTESIAN_POINT('',(0.012,-0.0856,0.150288465122669));
#7852=CARTESIAN_POINT('',(0.1,-0.0856,0.150288465122669));
#7853=CARTESIAN_POINT('',(0.096,-0.0856,0.150288465122669));
#7854=CARTESIAN_POINT('',(0.0956781418601752,-0.0856,0.150611481867439));
#7855=CARTESIAN_POINT('',(0.1,-0.00649999999999978,-0.0100000000000003));
#7856=CARTESIAN_POINT('',(0.1,-0.117610042555399,0.0494892722416519));
#7857=CARTESIAN_POINT('',(0.1,-0.117610042555399,-0.0108881571791076));
#7858=CARTESIAN_POINT('',(0.1,-0.117610042555399,-0.00210641965861338));
#7859=CARTESIAN_POINT('',(0.1,-0.127542127185999,0.0013));
#7860=CARTESIAN_POINT('',(0.1,-0.135542127185999,-0.00550073525436775));
#7861=CARTESIAN_POINT('',(0.1,-0.143542127185999,0.0013));
#7862=CARTESIAN_POINT('',(0.1,-0.151542127185999,-0.00550073525436775));
#7863=CARTESIAN_POINT('',(0.1,-0.159542127185999,0.0013));
#7864=CARTESIAN_POINT('',(0.1,-0.151542127185999,0.00810073525436775));
#7865=CARTESIAN_POINT('',(0.1,-0.143542127185999,0.0013));
#7866=CARTESIAN_POINT('',(0.1,-0.135542127185999,0.00810073525436773));
#7867=CARTESIAN_POINT('',(0.1,-0.127542127185999,0.0013));
#7868=CARTESIAN_POINT('',(0.1,-0.117610042555399,0.00470641965861338));
#7869=CARTESIAN_POINT('',(0.1,-0.117610042555399,0.0494892722416519));
#7870=CARTESIAN_POINT('',(0.1,-0.117610042555399,0.0478935803413866));
#7871=CARTESIAN_POINT('',(0.1,-0.127542127185999,0.0513));
#7872=CARTESIAN_POINT('',(0.1,-0.135542127185999,0.0444992647456322));
#7873=CARTESIAN_POINT('',(0.1,-0.143542127185999,0.0513));
#7874=CARTESIAN_POINT('',(0.1,-0.151542127185999,0.0444992647456322));
#7875=CARTESIAN_POINT('',(0.1,-0.159542127185999,0.0513));
#7876=CARTESIAN_POINT('',(0.1,-0.151542127185999,0.0581007352543678));
#7877=CARTESIAN_POINT('',(0.1,-0.143542127185999,0.0513));
#7878=CARTESIAN_POINT('',(0.1,-0.135542127185999,0.0581007352543677));
#7879=CARTESIAN_POINT('',(0.1,-0.127542127185999,0.0513));
#7880=CARTESIAN_POINT('',(0.1,-0.117610042555399,0.0547064196586134));
#7881=CARTESIAN_POINT('',(0.1,-0.117610042555399,0.0494892722416519));
#7882=CARTESIAN_POINT('',(0.1,-0.117610042555399,0.109866701662411));
#7883=CARTESIAN_POINT('',(0.1,-0.0976100425553987,0.109866701662411));
#7884=CARTESIAN_POINT('',(0.1,-0.0776100425553987,0.109866701662411));
#7885=CARTESIAN_POINT('',(0.1,-0.0376100425553987,0.0894892722416519));
#7886=CARTESIAN_POINT('',(0.1,-0.0768869585876751,0.109498336849472));
#7887=CARTESIAN_POINT('',(0.1,-0.0768869585876751,0.112482903256851));
#7888=CARTESIAN_POINT('',(0.1,-0.0768869585876751,0.129987948417942));
#7889=CARTESIAN_POINT('',(0.1,-0.0788869585876751,0.129987948417942));
#7890=CARTESIAN_POINT('',(0.1,-0.0804190474739131,0.131273523637315));
#7891=CARTESIAN_POINT('',(0.1,-0.0812434792938376,0.130291004054071));
#7892=CARTESIAN_POINT('',(0.1,-0.082067911113762,0.129308484470827));
#7893=CARTESIAN_POINT('',(0.1,-0.0836,0.1305940596902));
#7894=CARTESIAN_POINT('',(0.1,-0.0202431212768504,0.15182456770078));
#7895=CARTESIAN_POINT('',(0.1,-0.117483254790903,0.143566347290566));
#7896=CARTESIAN_POINT('',(0.1,-0.0476715335764872,0.160430978633191));
#7897=CARTESIAN_POINT('',(0.1,-0.201656597966675,0.123232334937886));
#7898=CARTESIAN_POINT('',(0.1,-0.0808280169285935,0.172455118539413));
#7899=CARTESIAN_POINT('',(0.1,-0.25209653368897,0.102684265767473));
#7900=CARTESIAN_POINT('',(0.1,-0.111494120031656,0.180270705765572));
#7901=CARTESIAN_POINT('',(0.1,-0.333,0.0580405660520623));
#7902=CARTESIAN_POINT('',(0.1,-0.333,-0.0100000000000003));
#7903=CARTESIAN_POINT('',(0.1,-0.333,0.0178871943894935));
#7904=CARTESIAN_POINT('',(0.1,-0.0316537598557709,0.0921162395548167));
#7905=CARTESIAN_POINT('',(0.1,-0.329,0.0188724934943344));
#7906=CARTESIAN_POINT('',(0.1,-0.247550974145312,-0.136424579054773));
#7907=CARTESIAN_POINT('',(0.1,-0.327539934765952,0.016088619111565));
#7908=CARTESIAN_POINT('',(0.1,-0.327539934765952,0.024343940114636));
#7909=CARTESIAN_POINT('',(0.1,-0.327539934765952,0.028785904950231));
#7910=CARTESIAN_POINT('',(0.1,-0.325539934765952,0.028785904950231));
#7911=CARTESIAN_POINT('',(0.1,-0.32440285524894,0.0304312165231534));
#7912=CARTESIAN_POINT('',(0.1,-0.297409883478414,0.0117762968054106));
#7913=CARTESIAN_POINT('',(0.1,-0.316756175842235,0.0251465745929469));
#7914=CARTESIAN_POINT('',(0.1,-0.320617292849946,0.0195596825575605));
#7915=CARTESIAN_POINT('',(0.1,-0.312790063182263,0.0308853914138804));
#7916=CARTESIAN_POINT('',(0.1,-0.314435374755186,0.032022470930892));
#7917=CARTESIAN_POINT('',(0.1,-0.312915331460304,0.0333222664462269));
#7918=CARTESIAN_POINT('',(0.1,-0.314223541521125,0.0348521501146865));
#7919=CARTESIAN_POINT('',(0.1,-0.315232614561712,0.036032208586418));
#7920=CARTESIAN_POINT('',(0.1,-0.313712571266829,0.0373320041017528));
#7921=CARTESIAN_POINT('',(0.1,-0.315012366782164,0.0388520473966346));
#7922=CARTESIAN_POINT('',(0.1,-0.310844589308134,0.0424159317201266));
#7923=CARTESIAN_POINT('',(0.1,-0.306676811834104,0.0459798160436183));
#7924=CARTESIAN_POINT('',(0.1,-0.305377016318769,0.0444597727487364));
#7925=CARTESIAN_POINT('',(0.1,-0.303856973023886,0.0457595682640713));
#7926=CARTESIAN_POINT('',(0.1,-0.29540830217421,0.0358792868473397));
#7927=CARTESIAN_POINT('',(0.1,-0.286959631324534,0.0259990054306068));
#7928=CARTESIAN_POINT('',(0.1,-0.288479674619416,0.0246992099152719));
#7929=CARTESIAN_POINT('',(0.1,-0.287179879104081,0.02317916662039));
#7930=CARTESIAN_POINT('',(0.1,-0.290700237136593,0.020168893427225));
#7931=CARTESIAN_POINT('',(0.1,-0.294220595169106,0.0171586202340601));
#7932=CARTESIAN_POINT('',(0.1,-0.295520390684441,0.018678663528942));
#7933=CARTESIAN_POINT('',(0.1,-0.297040433979323,0.0173788680136071));
#7934=CARTESIAN_POINT('',(0.1,-0.29804950701991,0.018558926485339));
#7935=CARTESIAN_POINT('',(0.1,-0.2986700189687,0.0192845829567034));
#7936=CARTESIAN_POINT('',(0.1,-0.300190062263582,0.0179847874413685));
#7937=CARTESIAN_POINT('',(0.1,-0.301835373836504,0.0191218669583802));
#7938=CARTESIAN_POINT('',(0.1,-0.306195753943874,0.0128125598732872));
#7939=CARTESIAN_POINT('',(0.1,-0.303840504730177,0.0162205174790986));
#7940=CARTESIAN_POINT('',(0.1,-0.297409883478414,0.0117762968054106));
#7941=CARTESIAN_POINT('',(0.1,-0.270416911706696,-0.00687862291315556));
#7942=CARTESIAN_POINT('',(0.1,-0.271553991223707,-0.00852393448607798));
#7943=CARTESIAN_POINT('',(0.1,-0.270846941051131,-0.0103947845745295));
#7944=CARTESIAN_POINT('',(0.1,-0.275002066205271,-0.0119651305768355));
#7945=CARTESIAN_POINT('',(0.1,-0.282724300219666,-0.0148835936467853));
#7946=CARTESIAN_POINT('',(0.1,-0.0644040129181208,-0.124903270706333));
#7947=CARTESIAN_POINT('',(0.1,-0.276635034634566,-0.0179522000575001));
#7948=CARTESIAN_POINT('',(0.1,-0.0371064497049563,-0.0996903284799595));
#7949=CARTESIAN_POINT('',(0.1,-0.266952738912233,-0.0212562430025576));
#7950=CARTESIAN_POINT('',(0.1,-0.266306820078174,-0.0193634173740837));
#7951=CARTESIAN_POINT('',(0.1,-0.264306820078174,-0.0193634173740837));
#7952=CARTESIAN_POINT('',(0.1,-0.264306820078174,-0.0172268317655694));
#7953=CARTESIAN_POINT('',(0.1,-0.264306820078174,-0.0151199236010515));
#7954=CARTESIAN_POINT('',(0.1,-0.262306820078174,-0.0151199236010515));
#7955=CARTESIAN_POINT('',(0.1,-0.261642050336955,-0.0132336359265015));
#7956=CARTESIAN_POINT('',(0.1,-0.242340549035107,-0.0200359143905379));
#7957=CARTESIAN_POINT('',(0.1,-0.223355870433206,-0.0267265374866806));
#7958=CARTESIAN_POINT('',(0.1,-0.224020640174424,-0.0286128251612306));
#7959=CARTESIAN_POINT('',(0.1,-0.222600885640072,-0.0300214759562067));
#7960=CARTESIAN_POINT('',(0.1,-0.223848236222255,-0.031278658823172));
#7961=CARTESIAN_POINT('',(0.1,-0.225070808797988,-0.0325108683701805));
#7962=CARTESIAN_POINT('',(0.1,-0.223651054263636,-0.0339195191651565));
#7963=CARTESIAN_POINT('',(0.1,-0.224296973097695,-0.0358123447936304));
#7964=CARTESIAN_POINT('',(0.1,-0.0371064497049563,-0.0996903284799595));
#7965=CARTESIAN_POINT('',(0.1,-0.213425846965907,-0.0395220711468253));
#7966=CARTESIAN_POINT('',(0.1,-0.0168115023438058,-0.0721453942437189));
#7967=CARTESIAN_POINT('',(0.1,-0.2069408045244,-0.0405981047153473));
#7968=CARTESIAN_POINT('',(0.1,-0.208682474275203,-0.0340981047153475));
#7969=CARTESIAN_POINT('',(0.1,-0.209749544932901,-0.0301157428055526));
#7970=CARTESIAN_POINT('',(0.1,-0.207817693280323,-0.0295981047153473));
#7971=CARTESIAN_POINT('',(0.1,-0.207817693280323,-0.0275981047153473));
#7972=CARTESIAN_POINT('',(0.1,-0.191077139733046,-0.0275981047153473));
#7973=CARTESIAN_POINT('',(0.1,-0.200073467156118,-0.0275981047153473));
#7974=CARTESIAN_POINT('',(0.1,-0.202075303444582,-0.0220981047153473));
#7975=CARTESIAN_POINT('',(0.1,-0.203100228961133,-0.0192821450019987));
#7976=CARTESIAN_POINT('',(0.1,-0.201220843719562,-0.0185981047153474));
#7977=CARTESIAN_POINT('',(0.1,-0.201220843719562,-0.0165981047153473));
#7978=CARTESIAN_POINT('',(0.1,-0.191077139733046,-0.0165981047153473));
#7979=CARTESIAN_POINT('',(0.1,-0.180933435746531,-0.0165981047153473));
#7980=CARTESIAN_POINT('',(0.1,-0.180933435746531,-0.0185981047153474));
#7981=CARTESIAN_POINT('',(0.1,-0.179054050504959,-0.0192821450019987));
#7982=CARTESIAN_POINT('',(0.1,-0.18007897602151,-0.0220981047153473));
#7983=CARTESIAN_POINT('',(0.1,-0.182080812309974,-0.0275981047153473));
#7984=CARTESIAN_POINT('',(0.1,-0.191077139733046,-0.0275981047153473));
#7985=CARTESIAN_POINT('',(0.1,-0.17433658618577,-0.0275981047153473));
#7986=CARTESIAN_POINT('',(0.1,-0.17433658618577,-0.0295981047153473));
#7987=CARTESIAN_POINT('',(0.1,-0.172404734533192,-0.0301157428055524));
#7988=CARTESIAN_POINT('',(0.1,-0.17347180519089,-0.0340981047153473));
#7989=CARTESIAN_POINT('',(0.1,-0.174538875848588,-0.0380804666251423));
#7990=CARTESIAN_POINT('',(0.1,-0.17260702419601,-0.0385981047153473));
#7991=CARTESIAN_POINT('',(0.1,-0.17260702419601,-0.0405981047153473));
#7992=CARTESIAN_POINT('',(0.1,-0.00649999999999978,-0.0405981047153473));
#7993=CARTESIAN_POINT('',(0.1,-0.148876853007882,-0.0405981047153473));
#7994=CARTESIAN_POINT('',(0.1,-0.148876853007882,-0.0385981047153473));
#7995=CARTESIAN_POINT('',(0.1,-0.146945001355304,-0.0380804666251422));
#7996=CARTESIAN_POINT('',(0.1,-0.148012072013003,-0.0340981047153473));
#7997=CARTESIAN_POINT('',(0.1,-0.149079142670701,-0.0301157428055526));
#7998=CARTESIAN_POINT('',(0.1,-0.147147291018123,-0.0295981047153473));
#7999=CARTESIAN_POINT('',(0.1,-0.147147291018123,-0.0275981047153473));
#8000=CARTESIAN_POINT('',(0.1,-0.130406737470847,-0.0275981047153473));
#8001=CARTESIAN_POINT('',(0.1,-0.139403064893918,-0.0275981047153473));
#8002=CARTESIAN_POINT('',(0.1,-0.141404901182383,-0.0220981047153473));
#8003=CARTESIAN_POINT('',(0.1,-0.142429826698934,-0.0192821450019987));
#8004=CARTESIAN_POINT('',(0.1,-0.140550441457362,-0.0185981047153474));
#8005=CARTESIAN_POINT('',(0.1,-0.140550441457362,-0.0165981047153473));
#8006=CARTESIAN_POINT('',(0.1,-0.130406737470847,-0.0165981047153473));
#8007=CARTESIAN_POINT('',(0.1,-0.120263033484331,-0.0165981047153473));
#8008=CARTESIAN_POINT('',(0.1,-0.120263033484331,-0.0185981047153474));
#8009=CARTESIAN_POINT('',(0.1,-0.118383648242759,-0.0192821450019987));
#8010=CARTESIAN_POINT('',(0.1,-0.119408573759311,-0.0220981047153473));
#8011=CARTESIAN_POINT('',(0.1,-0.121410410047775,-0.0275981047153473));
#8012=CARTESIAN_POINT('',(0.1,-0.130406737470847,-0.0275981047153473));
#8013=CARTESIAN_POINT('',(0.1,-0.11366618392357,-0.0275981047153473));
#8014=CARTESIAN_POINT('',(0.1,-0.11366618392357,-0.0295981047153473));
#8015=CARTESIAN_POINT('',(0.1,-0.111734332270992,-0.0301157428055524));
#8016=CARTESIAN_POINT('',(0.1,-0.11280140292869,-0.0340981047153473));
#8017=CARTESIAN_POINT('',(0.1,-0.113868473586388,-0.0380804666251423));
#8018=CARTESIAN_POINT('',(0.1,-0.11193662193381,-0.0385981047153473));
#8019=CARTESIAN_POINT('',(0.1,-0.11193662193381,-0.0405981047153473));
#8020=CARTESIAN_POINT('',(0.1,-0.00649999999999978,-0.0405981047153473));
#8021=CARTESIAN_POINT('',(0.1,-0.0856,-0.0405981047153473));
#8022=CARTESIAN_POINT('',(0.1,-0.0856,0.161897772302374));
#8023=CARTESIAN_POINT('',(0.1,-0.0856,-0.0260930595542566));
#8024=CARTESIAN_POINT('',(0.1,-0.0836,-0.0260930595542566));
#8025=CARTESIAN_POINT('',(0.1,-0.0820679111137621,-0.0248074843348836));
#8026=CARTESIAN_POINT('',(0.1,-0.0812434792938376,-0.0257900039181275));
#8027=CARTESIAN_POINT('',(0.1,-0.0804190474739131,-0.0267725235013715));
#8028=CARTESIAN_POINT('',(0.1,-0.0788869585876751,-0.0254869482819985));
#8029=CARTESIAN_POINT('',(0.1,-0.0768869585876751,-0.0254869482819985));
#8030=CARTESIAN_POINT('',(0.1,-0.0768869585876751,-0.00798190312090767));
#8031=CARTESIAN_POINT('',(0.1,-0.0768869585876751,-0.0105266151952458));
#8032=CARTESIAN_POINT('',(0.1,-0.0376100425553986,0.00911184282089245));
#8033=CARTESIAN_POINT('',(0.1,-0.0776100425553986,-0.0108881571791075));
#8034=CARTESIAN_POINT('',(0.1,-0.0976100425553986,-0.0108881571791076));
#8035=CARTESIAN_POINT('',(0.1,-0.123,0.083));
#8036=CARTESIAN_POINT('',(0.1,-0.123,0.0803));
#8037=CARTESIAN_POINT('',(0.1,-0.172,-0.004));
#8038=CARTESIAN_POINT('',(0.1,-0.172,-0.0067));
#8039=CARTESIAN_POINT('',(0.1,-0.271,0.033));
#8040=CARTESIAN_POINT('',(0.1,-0.271,0.0303));
#8041=CARTESIAN_POINT('',(0.1,-0.144256312555527,0.0203));
#8042=CARTESIAN_POINT('',(0.1,-0.135355497031725,0.0203));
#8043=CARTESIAN_POINT('',(0.1,-0.144256312555527,0.0123));
#8044=CARTESIAN_POINT('',(0.1,-0.165452145602184,0.0123));
#8045=CARTESIAN_POINT('',(0.1,-0.167403075956448,0.0123));
#8046=CARTESIAN_POINT('',(0.1,-0.204726228020353,0.0263));
#8047=CARTESIAN_POINT('',(0.1,-0.167403075956448,0.0403));
#8048=CARTESIAN_POINT('',(0.1,-0.00649999999999978,0.0403));
#8049=CARTESIAN_POINT('',(0.1,-0.144256312555527,0.0403));
#8050=CARTESIAN_POINT('',(0.1,-0.144256312555527,0.0323));
#8051=CARTESIAN_POINT('',(0.1,-0.135355497031725,0.0323));
#8052=CARTESIAN_POINT('',(0.1,-0.135355497031725,0.0203));
#8053=CARTESIAN_POINT('',(-0.142,-0.130406737470847,-0.0275981047153473));
#8054=CARTESIAN_POINT('',(0.1,-0.11366618392357,-0.0275981047153473));
#8055=CARTESIAN_POINT('',(0.0943,-0.121410410047775,-0.0275981047153473));
#8056=CARTESIAN_POINT('',(0.0943,-0.121410410047775,-0.0275981047153473));
#8057=CARTESIAN_POINT('',(0.0943,-0.130406737470847,-0.0275981047153473));
#8058=CARTESIAN_POINT('',(0.0943,-0.139403064893918,-0.0275981047153473));
#8059=CARTESIAN_POINT('',(0.0943,-0.139403064893918,-0.0275981047153473));
#8060=CARTESIAN_POINT('',(0.092,-0.147147291018123,-0.0275981047153473));
#8061=CARTESIAN_POINT('',(-0.142,-0.297409883478414,0.0117762968054106));
#8062=CARTESIAN_POINT('',(0.1,-0.270416911706696,-0.00687862291315556));
#8063=CARTESIAN_POINT('',(-0.142,-0.303840504730177,0.0162205174790986));
#8064=CARTESIAN_POINT('',(0.0943,-0.303840504730177,0.0162205174790986));
#8065=CARTESIAN_POINT('',(0.0943,-0.297409883478414,0.0117762968054106));
#8066=CARTESIAN_POINT('',(0.0943,-0.316756175842235,0.0251465745929469));
#8067=CARTESIAN_POINT('',(-0.142,-0.316756175842235,0.0251465745929469));
#8068=CARTESIAN_POINT('',(0.092,-0.32440285524894,0.0304312165231534));
#8069=CARTESIAN_POINT('',(0.136,-0.245030440800236,-0.0287371356021627));
#8070=CARTESIAN_POINT('',(0.092,-0.224296973097695,-0.0358123447936304));
#8071=CARTESIAN_POINT('',(0.136,-0.213425846965907,-0.0395220711468253));
#8072=CARTESIAN_POINT('',(0.136,-0.1462704022622,-0.0405981047153473));
#8073=CARTESIAN_POINT('',(0.1,-0.148876853007882,-0.0405981047153473));
#8074=CARTESIAN_POINT('',(0.092,-0.17260702419601,-0.0405981047153473));
#8075=CARTESIAN_POINT('',(0.136,-0.1462704022622,-0.0405981047153473));
#8076=CARTESIAN_POINT('',(0.092,-0.11193662193381,-0.0405981047153473));
#8077=CARTESIAN_POINT('',(0.136,-0.0856,-0.0405981047153473));
#8078=CARTESIAN_POINT('',(-0.0109610762578196,-0.148655964712804,0.0263));
#8079=CARTESIAN_POINT('',(0.084,-0.19497157624903,0.0263));
#8080=CARTESIAN_POINT('',(0.0875069691743126,-0.224497087914318,0.0263));
#8081=CARTESIAN_POINT('',(-1.21430643318376E-17,-0.154002038809498,0.0263));
#8082=CARTESIAN_POINT('',(-1.0233338991709E-17,-0.169878082122125,0.00577228041551989));
#8083=CARTESIAN_POINT('',(-1.07158138157141E-17,-0.165363939332362,0.00348082206815671));
#8084=CARTESIAN_POINT('',(-1.07158138157141E-17,-0.169878082122125,0.0057722804155199));
#8085=CARTESIAN_POINT('',(0.000672341286636267,-0.170380680187865,0.00588141275472142));
#8086=CARTESIAN_POINT('',(0.00209274304523911,-0.171249598029627,0.0059951494314238));
#8087=CARTESIAN_POINT('',(0.00507502154576115,-0.172737534768208,0.00601666889441504));
#8088=CARTESIAN_POINT('',(0.00896891342445744,-0.174279142473374,0.00578528421236748));
#8089=CARTESIAN_POINT('',(0.0136738015388859,-0.175774922675286,0.00529855655160294));
#8090=CARTESIAN_POINT('',(0.0200279307262466,-0.177413593299679,0.00448616243986003));
#8091=CARTESIAN_POINT('',(0.0281026745317161,-0.178891836202307,0.00332937535449832));
#8092=CARTESIAN_POINT('',(0.0363132118738452,-0.179772878060069,0.00231383883056725));
#8093=CARTESIAN_POINT('',(0.0429083222280769,-0.180201995106756,0.00172675709704625));
#8094=CARTESIAN_POINT('',(0.0478820894969434,-0.180403830611846,0.00142197027278349));
#8095=CARTESIAN_POINT('',(0.0528665330970702,-0.180494129352561,0.00127723098680018));
#8096=CARTESIAN_POINT('',(0.0578435827129048,-0.180470714252116,0.00131513324946299));
#8097=CARTESIAN_POINT('',(0.0619929363584577,-0.180338809297695,0.00152330083670219));
#8098=CARTESIAN_POINT('',(0.0653018111375859,-0.180131705952607,0.00182321446683404));
#8099=CARTESIAN_POINT('',(0.0677638057986257,-0.179907668283232,0.00212618642386331));
#8100=CARTESIAN_POINT('',(0.0698009504669005,-0.179638186205468,0.0024602526578948));
#8101=CARTESIAN_POINT('',(0.071406348223552,-0.179339149925614,0.00279567060367882));
#8102=CARTESIAN_POINT('',(0.0725819800972077,-0.179059601587697,0.00308732911991363));
#8103=CARTESIAN_POINT('',(0.0737324617066571,-0.178690862104429,0.00343882213546335));
#8104=CARTESIAN_POINT('',(0.074790523220587,-0.178197701520722,0.0038601724892216));
#8105=CARTESIAN_POINT('',(0.075535471718783,-0.177560043086806,0.00432757192243959));
#8106=CARTESIAN_POINT('',(0.0757768852946115,-0.176856601583009,0.00474948212641779));
#8107=CARTESIAN_POINT('',(0.0756841227089051,-0.176094017748596,0.00514017740388972));
#8108=CARTESIAN_POINT('',(0.0751151020402256,-0.175244435738475,0.00547545378462064));
#8109=CARTESIAN_POINT('',(0.0742046362309962,-0.174404950653616,0.00571730221796864));
#8110=CARTESIAN_POINT('',(0.0732004134178266,-0.173678353429275,0.00586627295062166));
#8111=CARTESIAN_POINT('',(0.0717941270027421,-0.172810370158292,0.00598269060627855));
#8112=CARTESIAN_POINT('',(0.0699363096560829,-0.17185048976858,0.00601773564248038));
#8113=CARTESIAN_POINT('',(0.0676689085719999,-0.170851081393542,0.00594875524512158));
#8114=CARTESIAN_POINT('',(0.0653690729630878,-0.169959470437751,0.00580229250501153));
#8115=CARTESIAN_POINT('',(0.0622689821704862,-0.168887328312701,0.00552968532698665));
#8116=CARTESIAN_POINT('',(0.0583392179142754,-0.16773304392654,0.00507942304893503));
#8117=CARTESIAN_POINT('',(0.0535431545107387,-0.166591529143849,0.00444056427718481));
#8118=CARTESIAN_POINT('',(0.048738780114629,-0.165676788155802,0.00377067520237356));
#8119=CARTESIAN_POINT('',(0.0439163273079488,-0.164956197522744,0.00311690925446771));
#8120=CARTESIAN_POINT('',(0.0374641438210499,-0.164221725740523,0.00231946351265287));
#8121=CARTESIAN_POINT('',(0.0293552761788776,-0.163668735162635,0.00154701535719389));
#8122=CARTESIAN_POINT('',(0.0211822979110447,-0.163483007461755,0.00123901906704358));
#8123=CARTESIAN_POINT('',(0.0146070235676811,-0.163556913361756,0.00136036752087131));
#8124=CARTESIAN_POINT('',(0.0096306525537911,-0.163762916205794,0.00167663040370566));
#8125=CARTESIAN_POINT('',(0.00553021185914809,-0.164118267864434,0.00217271907840213));
#8126=CARTESIAN_POINT('',(0.00231143354609082,-0.164649883157838,0.00279247536783906));
#8127=CARTESIAN_POINT('',(0.000738179751817928,-0.165065257694044,0.00321586863735335));
#8128=CARTESIAN_POINT('',(-7.0301820164278E-16,-0.16536393933236,0.00348082206815542));
#8129=CARTESIAN_POINT('',(-0.092,-0.158630641985302,0.129511186689789));
#8130=CARTESIAN_POINT('',(-0.012,-0.158630641985302,0.129511186689789));
#8131=CARTESIAN_POINT('',(-0.012,-0.123122683781714,0.138088952921819));
#8132=CARTESIAN_POINT('',(-0.012,-0.160811765145365,0.128984286086746));
#8133=CARTESIAN_POINT('',(-0.01,-0.123122683781714,0.138088952921819));
#8134=CARTESIAN_POINT('',(-0.00931595971334866,-0.121243298540143,0.138542961771601));
#8135=CARTESIAN_POINT('',(-0.06920170411114,-0.0994466701224727,0.143808440066388));
#8136=CARTESIAN_POINT('',(0.00931595971334857,-0.128024762618707,0.136904742721007));
#8137=CARTESIAN_POINT('',(0.01,-0.126145377377135,0.137358751570789));
#8138=CARTESIAN_POINT('',(0.012,-0.126145377377135,0.137358751570789));
#8139=CARTESIAN_POINT('',(0.012,-0.158630641985302,0.129511186689789));
#8140=CARTESIAN_POINT('',(0.012,-0.120431707190067,0.138739020380124));
#8141=CARTESIAN_POINT('',(-0.092,-0.120431707190067,0.138739020380124));
#8142=CARTESIAN_POINT('',(0.084,-0.120431707190067,0.138739020380124));
#8143=CARTESIAN_POINT('',(0.084,-0.158630641985302,0.129511186689789));
#8144=CARTESIAN_POINT('',(0.084,-0.196829576780538,0.120283352999454));
#8145=CARTESIAN_POINT('',(-0.092,-0.196829576780538,0.120283352999454));
#8146=CARTESIAN_POINT('',(0.0269126615680613,-0.196829576780538,0.120283352999454));
#8147=CARTESIAN_POINT('',(0.,-0.198999518559249,0.119759153516956));
#8148=CARTESIAN_POINT('',(0.012,-0.174812745314353,0.125602026419202));
#8149=CARTESIAN_POINT('',(0.012,-0.158630641985302,0.129511186689789));
#8150=CARTESIAN_POINT('',(0.012,-0.157789071549944,0.129714487437776));
#8151=CARTESIAN_POINT('',(0.01,-0.157789071549944,0.129714487437776));
#8152=CARTESIAN_POINT('',(0.00983736499269702,-0.155795695054046,0.130196033504047));
#8153=CARTESIAN_POINT('',(-5.20417042793042E-18,-0.153999518559249,0.130629941361984));
#8154=CARTESIAN_POINT('',(-0.00644446566303587,-0.161646012024751,0.128782754512609));
#8155=CARTESIAN_POINT('',(-0.0804609506769587,-0.188585809414829,0.122274825134485));
#8156=CARTESIAN_POINT('',(-0.00931595971334867,-0.162691150386937,0.128530277236964));
#8157=CARTESIAN_POINT('',(-0.01,-0.160811765145365,0.128984286086746));
#8158=CARTESIAN_POINT('',(-0.092,-0.225367373517225,0.109253932851793));
#8159=CARTESIAN_POINT('',(-0.092,-0.246883221539452,0.100488871455702));
#8160=CARTESIAN_POINT('',(0.012,-0.246883221539452,0.100488871455702));
#8161=CARTESIAN_POINT('',(0.084,-0.246883221539452,0.100488871455702));
#8162=CARTESIAN_POINT('',(0.012,-0.225367373517225,0.109253932851793));
#8163=CARTESIAN_POINT('',(0.012,-0.227121847086405,0.108539200690839));
#8164=CARTESIAN_POINT('',(0.01,-0.227121847086405,0.108539200690839));
#8165=CARTESIAN_POINT('',(0.0116554089153838,-0.22599951855925,0.10899641150758));
#8166=CARTESIAN_POINT('',(-0.092,-0.22599951855925,0.10899641150758));
#8167=CARTESIAN_POINT('',(0.027,-0.22599951855925,0.10899641150758));
#8168=CARTESIAN_POINT('',(0.027,-0.225367373517225,0.109253932851793));
#8169=CARTESIAN_POINT('',(0.027,-0.203851525494997,0.118018994247885));
#8170=CARTESIAN_POINT('',(-0.092,-0.203851525494997,0.118018994247885));
#8171=CARTESIAN_POINT('',(0.084,-0.203851525494997,0.118018994247885));
#8172=CARTESIAN_POINT('',(0.084,-0.225367373517225,0.109253932851793));
#8173=CARTESIAN_POINT('',(-0.092,-0.225367373517225,0.109253932851793));
#8174=CARTESIAN_POINT('',(-0.0784904912234102,-0.25720139636237,0.0962854844581243));
#8175=CARTESIAN_POINT('',(0.00723596348524367,-0.22599951855925,0.10899641150758));
#8176=CARTESIAN_POINT('',(-0.00931595971334863,-0.232023925923397,0.106542206571419));
#8177=CARTESIAN_POINT('',(-0.01,-0.230144540681826,0.107307824873439));
#8178=CARTESIAN_POINT('',(-0.012,-0.230144540681826,0.107307824873439));
#8179=CARTESIAN_POINT('',(-0.012,-0.225367373517225,0.109253932851793));
#8180=CARTESIAN_POINT('',(-0.012,-0.22599951855925,0.10899641150758));
#8181=CARTESIAN_POINT('',(-0.092,-0.22599951855925,0.10899641150758));
#8182=CARTESIAN_POINT('',(0.1,-0.228355486064275,0.116675));
#8183=CARTESIAN_POINT('',(0.1,-0.206592084308306,0.125540909090909));
#8184=CARTESIAN_POINT('',(0.096,-0.206592084308306,0.125540909090909));
#8185=CARTESIAN_POINT('',(0.037,-0.206592084308306,0.125540909090909));
#8186=CARTESIAN_POINT('',(0.037,-0.233999518559249,0.114375751032965));
#8187=CARTESIAN_POINT('',(0.037,-0.235244973104704,0.113868381509548));
#8188=CARTESIAN_POINT('',(0.1,-0.235244973104704,0.113868381509548));
#8189=CARTESIAN_POINT('',(0.012,-0.235244973104704,0.113868381509548));
#8190=CARTESIAN_POINT('',(0.012,-0.228355486064275,0.116675));
#8191=CARTESIAN_POINT('',(0.012,-0.250118887820244,0.107809090909091));
#8192=CARTESIAN_POINT('',(0.1,-0.250118887820244,0.107809090909091));
#8193=CARTESIAN_POINT('',(0.096,-0.250118887820244,0.107809090909091));
#8194=CARTESIAN_POINT('',(0.096,-0.228355486064275,0.116675));
#8195=CARTESIAN_POINT('',(0.1,-0.160506764857906,0.137288086405689));
#8196=CARTESIAN_POINT('',(0.012,-0.160506764857906,0.137288086405689));
#8197=CARTESIAN_POINT('',(0.012,-0.157789071549944,0.137944607902994));
#8198=CARTESIAN_POINT('',(0.012,-0.163529881568163,0.136557782841512));
#8199=CARTESIAN_POINT('',(1.07156594925393E-18,-0.198529881568163,0.128102725628713));
#8200=CARTESIAN_POINT('',(0.037,-0.198529881568163,0.128102725628713));
#8201=CARTESIAN_POINT('',(0.037,-0.198999518559249,0.127989273982173));
#8202=CARTESIAN_POINT('',(0.037,-0.198999518559249,0.127989273982173));
#8203=CARTESIAN_POINT('',(0.1,-0.198999518559249,0.127989273982173));
#8204=CARTESIAN_POINT('',(0.096,-0.198999518559249,0.127989273982173));
#8205=CARTESIAN_POINT('',(0.096,-0.160506764857906,0.137288086405689));
#8206=CARTESIAN_POINT('',(0.096,-0.122014011156563,0.146586898829205));
#8207=CARTESIAN_POINT('',(0.1,-0.122014011156563,0.146586898829205));
#8208=CARTESIAN_POINT('',(0.012,-0.122014011156563,0.146586898829205));
#8209=CARTESIAN_POINT('',(0.012,-0.160506764857906,0.137288086405689));
#8210=CARTESIAN_POINT('',(0.012,-0.126145377377135,0.145588872036006));
#8211=CARTESIAN_POINT('',(0.01,-0.126145377377135,0.145588872036006));
#8212=CARTESIAN_POINT('',(0.00931595971334859,-0.128024762618707,0.145134863186224));
#8213=CARTESIAN_POINT('',(0.0998228724454942,-0.160966584848537,0.137177006282022));
#8214=CARTESIAN_POINT('',(-0.00719844420284467,-0.122014011156563,0.146586898829205));
#8215=CARTESIAN_POINT('',(0.1,-0.122014011156563,0.146586898829205));
#8216=CARTESIAN_POINT('',(-0.0116645855370752,-0.122014011156563,0.146586898829205));
#8217=CARTESIAN_POINT('',(-0.01,-0.123122683781714,0.146319073387036));
#8218=CARTESIAN_POINT('',(-0.012,-0.123122683781714,0.146319073387036));
#8219=CARTESIAN_POINT('',(-0.012,-0.160506764857906,0.137288086405689));
#8220=CARTESIAN_POINT('',(-0.012,-0.160811765145365,0.137214406551964));
#8221=CARTESIAN_POINT('',(-0.01,-0.160811765145365,0.137214406551964));
#8222=CARTESIAN_POINT('',(-0.00931595971334867,-0.162691150386937,0.136760397702182));
#8223=CARTESIAN_POINT('',(0.0872959549482578,-0.127527289174646,0.145255039369978));
#8224=CARTESIAN_POINT('',(-0.00644446566303587,-0.161646012024751,0.137012874977827));
#8225=CARTESIAN_POINT('',(-5.20417042793042E-18,-0.153999518559249,0.138860061827201));
#8226=CARTESIAN_POINT('',(0.00983736499269698,-0.155795695054046,0.138426153969264));
#8227=CARTESIAN_POINT('',(0.01,-0.157789071549944,0.137944607902994));
#8228=CARTESIAN_POINT('',(0.1,-0.295411648314886,0.0833509476423263));
#8229=CARTESIAN_POINT('',(0.0982652876403287,-0.299065221415032,0.0813348533041162));
#8230=CARTESIAN_POINT('',(-0.00931595971334864,-0.259908849613063,0.102941904081787));
#8231=CARTESIAN_POINT('',(0.00931595971334855,-0.266690313691627,0.0991997943829231));
#8232=CARTESIAN_POINT('',(-0.01,-0.261788234854635,0.101904832195995));
#8233=CARTESIAN_POINT('',(-0.012,-0.261788234854635,0.101904832195995));
#8234=CARTESIAN_POINT('',(-0.012,-0.295411648314886,0.0833509476423263));
#8235=CARTESIAN_POINT('',(-0.012,-0.299477316218286,0.0811074534473534));
#8236=CARTESIAN_POINT('',(-0.01,-0.299477316218286,0.0811074534473535));
#8237=CARTESIAN_POINT('',(-0.00931595971334864,-0.301356701459857,0.0800703815615613));
#8238=CARTESIAN_POINT('',(0.0862991957134961,-0.266555630939749,0.0992741142681626));
#8239=CARTESIAN_POINT('',(0.00931595971334859,-0.294575237381293,0.0838124912604257));
#8240=CARTESIAN_POINT('',(0.01,-0.296454622622865,0.0827754193746335));
#8241=CARTESIAN_POINT('',(0.012,-0.296454622622865,0.0827754193746335));
#8242=CARTESIAN_POINT('',(0.012,-0.295411648314886,0.0833509476423263));
#8243=CARTESIAN_POINT('',(0.012,-0.333497823015991,0.0623344470621409));
#8244=CARTESIAN_POINT('',(0.1,-0.333497823015991,0.0623344470621409));
#8245=CARTESIAN_POINT('',(0.096,-0.333497823015991,0.0623344470621409));
#8246=CARTESIAN_POINT('',(0.096,-0.295411648314886,0.0833509476423263));
#8247=CARTESIAN_POINT('',(0.096,-0.257325473613782,0.104367448222511));
#8248=CARTESIAN_POINT('',(0.1,-0.257325473613782,0.104367448222511));
#8249=CARTESIAN_POINT('',(0.012,-0.257325473613782,0.104367448222511));
#8250=CARTESIAN_POINT('',(0.012,-0.295411648314886,0.0833509476423263));
#8251=CARTESIAN_POINT('',(0.012,-0.264810928450055,0.100236866268715));
#8252=CARTESIAN_POINT('',(0.01,-0.264810928450055,0.100236866268715));
#8253=CARTESIAN_POINT('',(0.1,-0.337,0.0564018952846526));
#8254=CARTESIAN_POINT('',(0.012,-0.337,0.0564018952846526));
#8255=CARTESIAN_POINT('',(0.012,-0.337,0.0564018952846524));
#8256=CARTESIAN_POINT('',(0.1,-0.337,0.0564018952846526));
#8257=CARTESIAN_POINT('',(0.096,-0.337,0.0564018952846526));
#8258=CARTESIAN_POINT('',(0.096,-0.335248911507995,0.0593681711733967));
#8259=CARTESIAN_POINT('',(0.1,-0.257325473613781,0.104367448222512));
#8260=CARTESIAN_POINT('',(0.012,-0.257325473613781,0.104367448222512));
#8261=CARTESIAN_POINT('',(0.096,-0.257325473613782,0.104367448222511));
#8262=CARTESIAN_POINT('',(0.1,-0.122014011156563,0.146586898829205));
#8263=CARTESIAN_POINT('',(0.0871694566491231,-0.156361118136864,0.14101305949745));
#8264=CARTESIAN_POINT('',(-0.00931595971334866,-0.121243298540143,0.146711969866406));
#8265=CARTESIAN_POINT('',(-0.01,-0.123122683781714,0.146406983732203));
#8266=CARTESIAN_POINT('',(1.07156594925393E-18,-0.198999518559249,0.16));
#8267=CARTESIAN_POINT('',(0.012,-0.166120954113702,0.16));
#8268=CARTESIAN_POINT('',(0.012,-0.166120954113702,0.158));
#8269=CARTESIAN_POINT('',(0.012,-0.166120954113702,0.138443241084671));
#8270=CARTESIAN_POINT('',(1.07156594925393E-18,-0.198999518559249,0.158));
#8271=CARTESIAN_POINT('',(0.035,-0.198999518559249,0.158));
#8272=CARTESIAN_POINT('',(0.035,-0.198999518559249,0.16));
#8273=CARTESIAN_POINT('',(0.035,-0.198999518559249,0.130046804098478));
#8274=CARTESIAN_POINT('',(1.07156594925393E-18,-0.198999518559249,0.130046804098478));
#8275=CARTESIAN_POINT('',(-0.0175,-0.233999518559249,0.16));
#8276=CARTESIAN_POINT('',(0.035,-0.233999518559249,0.16));
#8277=CARTESIAN_POINT('',(0.035,-0.233999518559249,0.158));
#8278=CARTESIAN_POINT('',(0.035,-0.233999518559249,0.116535339893521));
#8279=CARTESIAN_POINT('',(0.012,-0.233999518559249,0.158));
#8280=CARTESIAN_POINT('',(0.012,-0.233999518559249,0.158));
#8281=CARTESIAN_POINT('',(0.012,-0.233999518559249,0.16));
#8282=CARTESIAN_POINT('',(0.012,-0.233999518559249,0.115720585914311));
#8283=CARTESIAN_POINT('',(-0.0175,-0.233999518559249,0.115720585914311));
#8284=CARTESIAN_POINT('',(0.0351477955952367,-0.233999518559249,0.115720585914311));
#8285=CARTESIAN_POINT('',(0.037,-0.233999518559249,0.116535339893521));
#8286=CARTESIAN_POINT('',(0.,-0.00399975927962488,0.16));
#8287=CARTESIAN_POINT('',(0.0181865334794732,-0.20949951855925,0.16));
#8288=CARTESIAN_POINT('',(0.0181865334794732,-0.211599518559249,0.16));
#8289=CARTESIAN_POINT('',(0.012,-0.245966387768231,0.16));
#8290=CARTESIAN_POINT('',(0.012,-0.227121847086405,0.16));
#8291=CARTESIAN_POINT('',(0.012,-0.231999518559249,0.16));
#8292=CARTESIAN_POINT('',(0.035,-0.231999518559249,0.16));
#8293=CARTESIAN_POINT('',(0.033,-0.231999518559249,0.16));
#8294=CARTESIAN_POINT('',(0.033,-0.00399975927962489,0.16));
#8295=CARTESIAN_POINT('',(0.033,-0.198999518559249,0.16));
#8296=CARTESIAN_POINT('',(1.07156594925393E-18,-0.198999518559249,0.16));
#8297=CARTESIAN_POINT('',(0.012,-0.16825866626137,0.16));
#8298=CARTESIAN_POINT('',(0.012,-0.17663361223177,0.16));
#8299=CARTESIAN_POINT('',(0.012,-0.195478152913596,0.16));
#8300=CARTESIAN_POINT('',(0.01,-0.195478152913596,0.16));
#8301=CARTESIAN_POINT('',(0.00931595971334858,-0.197357538155167,0.16));
#8302=CARTESIAN_POINT('',(-1.30104260698261E-17,-0.193966806115885,0.16));
#8303=CARTESIAN_POINT('',(-0.00931595971334864,-0.190576074076603,0.16));
#8304=CARTESIAN_POINT('',(-0.01,-0.192455459318175,0.16));
#8305=CARTESIAN_POINT('',(-0.012,-0.192455459318175,0.16));
#8306=CARTESIAN_POINT('',(-0.012,-0.2113,0.16));
#8307=CARTESIAN_POINT('',(-0.012,-0.230144540681826,0.16));
#8308=CARTESIAN_POINT('',(-0.01,-0.230144540681826,0.16));
#8309=CARTESIAN_POINT('',(-0.00931595971334863,-0.232023925923397,0.16));
#8310=CARTESIAN_POINT('',(0.,-0.228633193884116,0.16));
#8311=CARTESIAN_POINT('',(0.00931595971334856,-0.225242461844834,0.16));
#8312=CARTESIAN_POINT('',(0.01,-0.227121847086405,0.16));
#8313=CARTESIAN_POINT('',(-0.092,-0.250274601552827,0.0988692531572681));
#8314=CARTESIAN_POINT('',(-0.092,-0.253665981566201,0.0972496348588346));
#8315=CARTESIAN_POINT('',(0.012,-0.253665981566201,0.0972496348588346));
#8316=CARTESIAN_POINT('',(0.084,-0.253665981566201,0.0972496348588346));
#8317=CARTESIAN_POINT('',(0.012,-0.250274601552827,0.0988692531572681));
#8318=CARTESIAN_POINT('',(0.084,-0.250274601552827,0.0988692531572681));
#8319=CARTESIAN_POINT('',(-0.092,-0.29069275036797,0.0768177297354726));
#8320=CARTESIAN_POINT('',(-0.012,-0.29069275036797,0.0768177297354726));
#8321=CARTESIAN_POINT('',(-0.012,-0.299477316218286,0.071970279584894));
#8322=CARTESIAN_POINT('',(-0.012,-0.261788234854635,0.0927676583335358));
#8323=CARTESIAN_POINT('',(-0.01,-0.261788234854635,0.0927676583335358));
#8324=CARTESIAN_POINT('',(-0.00931595971334865,-0.259908849613063,0.0938047302193281));
#8325=CARTESIAN_POINT('',(-0.0673541117827,-0.238784689808004,0.10546134630858));
#8326=CARTESIAN_POINT('',(0.00931595971334853,-0.266690313691627,0.0900626205204637));
#8327=CARTESIAN_POINT('',(0.01,-0.264810928450055,0.0910996924062559));
#8328=CARTESIAN_POINT('',(0.012,-0.264810928450055,0.0910996924062558));
#8329=CARTESIAN_POINT('',(0.012,-0.29069275036797,0.0768177297354726));
#8330=CARTESIAN_POINT('',(0.084,-0.29069275036797,0.0768177297354726));
#8331=CARTESIAN_POINT('',(0.084,-0.327719519169739,0.0563858246121106));
#8332=CARTESIAN_POINT('',(-0.092,-0.327719519169739,0.0563858246121106));
#8333=CARTESIAN_POINT('',(0.012,-0.327719519169739,0.0563858246121106));
#8334=CARTESIAN_POINT('',(0.012,-0.29069275036797,0.0768177297354726));
#8335=CARTESIAN_POINT('',(0.012,-0.296454622622865,0.073638245512174));
#8336=CARTESIAN_POINT('',(0.01,-0.296454622622865,0.073638245512174));
#8337=CARTESIAN_POINT('',(0.0093159597133486,-0.294575237381293,0.0746753173979663));
#8338=CARTESIAN_POINT('',(-0.0754994274248508,-0.325445513707363,0.0576406536280049));
#8339=CARTESIAN_POINT('',(-0.00931595971334864,-0.301356701459857,0.0709332076991018));
#8340=CARTESIAN_POINT('',(-0.01,-0.299477316218286,0.071970279584894));
#8341=CARTESIAN_POINT('',(-0.092,-0.328359759584869,0.0553012822174387));
#8342=CARTESIAN_POINT('',(0.012,-0.328359759584869,0.0553012822174387));
#8343=CARTESIAN_POINT('',(0.012,-0.329,0.0542167398227668));
#8344=CARTESIAN_POINT('',(0.084,-0.335719519169739,0.0428341353523722));
#8345=CARTESIAN_POINT('',(0.0883414354915755,-0.329,0.0542167398227668));
#8346=CARTESIAN_POINT('',(-0.092,-0.329,0.0542167398227668));
#8347=CARTESIAN_POINT('',(-0.092,-0.329,0.0365446166585507));
#8348=CARTESIAN_POINT('',(0.048,-0.329,0.0366518952846525));
#8349=CARTESIAN_POINT('',(0.048,-0.329,0.0300948952846525));
#8350=CARTESIAN_POINT('',(0.012,-0.329,0.0365446166585507));
#8351=CARTESIAN_POINT('',(0.012,-0.329,0.0188724934943344));
#8352=CARTESIAN_POINT('',(0.084,-0.329,0.0465420629570126));
#8353=CARTESIAN_POINT('',(-0.092,-0.329,0.0188724934943344));
#8354=CARTESIAN_POINT('',(-0.092,-0.333,0.0178871943894935));
#8355=CARTESIAN_POINT('',(0.012,-0.333,0.0178871943894935));
#8356=CARTESIAN_POINT('',(0.012,-0.337,0.0169018952846525));
#8357=CARTESIAN_POINT('',(0.136,-0.329,0.0188724934943344));
#8358=CARTESIAN_POINT('',(0.100356970780912,-0.332643029219088,0.0179751251372153));
#8359=CARTESIAN_POINT('',(0.096,-0.337,0.0169018952846526));
#8360=CARTESIAN_POINT('',(0.1,-0.337,0.0169018952846526));
#8361=CARTESIAN_POINT('',(0.,-0.22599951855925,0.099));
#8362=CARTESIAN_POINT('',(0.0116554089153838,-0.22599951855925,0.10899641150758));
#8363=CARTESIAN_POINT('',(0.0116554089153838,-0.22599951855925,0.156));
#8364=CARTESIAN_POINT('',(0.,-0.22599951855925,0.156));
#8365=CARTESIAN_POINT('',(0.027,-0.22599951855925,0.156));
#8366=CARTESIAN_POINT('',(0.027,-0.22599951855925,0.099));
#8367=CARTESIAN_POINT('',(0.,-0.22599951855925,0.099));
#8368=CARTESIAN_POINT('',(0.,-0.22599951855925,0.156));
#8369=CARTESIAN_POINT('',(0.00723596348524372,-0.22599951855925,0.156));
#8370=CARTESIAN_POINT('',(-0.012,-0.22599951855925,0.156));
#8371=CARTESIAN_POINT('',(0.00723596348524367,-0.22599951855925,0.099));
#8372=CARTESIAN_POINT('',(-0.012,-0.22599951855925,0.099));
#8373=CARTESIAN_POINT('',(0.,-0.198999518559249,0.099));
#8374=CARTESIAN_POINT('',(0.,-0.198999518559249,0.156));
#8375=CARTESIAN_POINT('',(0.012,-0.174812745314353,0.156));
#8376=CARTESIAN_POINT('',(0.027,-0.198999518559249,0.156));
#8377=CARTESIAN_POINT('',(0.012,-0.174812745314353,0.099));
#8378=CARTESIAN_POINT('',(0.,-0.198999518559249,0.119583614670847));
#8379=CARTESIAN_POINT('',(0.027,-0.198999518559249,0.119583614670847));
#8380=CARTESIAN_POINT('',(0.027,-0.198999518559249,0.099));
#8381=CARTESIAN_POINT('',(3.46944695195361E-18,-0.184999518559249,0.156));
#8382=CARTESIAN_POINT('',(0.0181865334794732,-0.20949951855925,0.156));
#8383=CARTESIAN_POINT('',(0.0181865334794732,-0.211599518559249,0.156));
#8384=CARTESIAN_POINT('',(-0.012,-0.184999518559249,0.156));
#8385=CARTESIAN_POINT('',(-0.012,-0.192455459318175,0.156));
#8386=CARTESIAN_POINT('',(-0.01,-0.192455459318175,0.156));
#8387=CARTESIAN_POINT('',(-0.00931595971334864,-0.190576074076603,0.156));
#8388=CARTESIAN_POINT('',(-0.00288203066695086,-0.192917832738873,0.156));
#8389=CARTESIAN_POINT('',(0.00931595971334858,-0.197357538155167,0.156));
#8390=CARTESIAN_POINT('',(0.01,-0.195478152913596,0.156));
#8391=CARTESIAN_POINT('',(0.012,-0.195478152913596,0.156));
#8392=CARTESIAN_POINT('',(0.012,-0.184999518559249,0.156));
#8393=CARTESIAN_POINT('',(0.027,-0.21249951855925,0.156));
#8394=CARTESIAN_POINT('',(0.01,-0.227121847086405,0.156));
#8395=CARTESIAN_POINT('',(0.00931595971334856,-0.225242461844834,0.156));
#8396=CARTESIAN_POINT('',(0.0140235929319546,-0.223529023479418,0.156));
#8397=CARTESIAN_POINT('',(-5.20417042793042E-18,-0.153999518559249,0.099));
#8398=CARTESIAN_POINT('',(0.0098373649926969,-0.155795695054047,0.134311093736656));
#8399=CARTESIAN_POINT('',(-0.00644446566303587,-0.161646012024751,0.099));
#8400=CARTESIAN_POINT('',(0.096,-0.337,0.0533509476423263));
#8401=CARTESIAN_POINT('',(0.096,-0.337,0.0533509476423263));
#8402=CARTESIAN_POINT('',(0.1,-0.333,0.0580405660520623));
#8403=CARTESIAN_POINT('',(-0.092,-0.200340551137768,0.11915117362367));
#8404=CARTESIAN_POINT('',(0.027,-0.200340551137768,0.11915117362367));
#8405=CARTESIAN_POINT('',(0.084,-0.200340551137768,0.11915117362367));
#8406=CARTESIAN_POINT('',(-0.147,-0.0856,0.161897772302374));
#8407=CARTESIAN_POINT('',(-0.147,-0.0856,-0.0260930595542566));
#8408=CARTESIAN_POINT('',(0.228538108313306,-0.23634516617116,0.05865));
#8409=CARTESIAN_POINT('',(0.217063743546102,-0.259871100333041,0.0263));
#8410=CARTESIAN_POINT('',(0.229999880366348,-0.233348089315293,0.0333928661851404));
#8411=CARTESIAN_POINT('',(0.230186517635019,-0.232965426206357,0.0313));
#8412=CARTESIAN_POINT('',(0.228538108313306,-0.23634516617116,0.0313));
#8413=CARTESIAN_POINT('',(0.240889215374089,-0.21102164391668,0.0313));
#8414=CARTESIAN_POINT('',(0.240889215374089,-0.21102164391668,0.05865));
#8415=CARTESIAN_POINT('',(0.240889215374089,-0.21102164391668,0.0323));
#8416=CARTESIAN_POINT('',(0.230550497440592,-0.232219157012734,0.0323));
#8417=CARTESIAN_POINT('',(0.23176926613853,-0.229720310869354,0.0323));
#8418=CARTESIAN_POINT('',(0.23176926613853,-0.229720310869354,0.0403));
#8419=CARTESIAN_POINT('',(0.0978021860602971,-0.171284248911301,0.0253));
#8420=CARTESIAN_POINT('',(0.211767082064085,-0.207712647949987,0.0253));
#8421=CARTESIAN_POINT('',(0.208767082064085,-0.207712647949987,0.0253));
#8422=CARTESIAN_POINT('',(0.18480326067511,-0.194561513546315,0.0253));
#8423=CARTESIAN_POINT('',(0.18180326067511,-0.194561513546315,0.0253));
#8424=CARTESIAN_POINT('',(0.157839439286135,-0.181410379142642,0.0253));
#8425=CARTESIAN_POINT('',(0.154839439286135,-0.181410379142642,0.0253));
#8426=CARTESIAN_POINT('',(0.13087561789716,-0.16825924473897,0.0253));
#8427=CARTESIAN_POINT('',(0.12787561789716,-0.16825924473897,0.0253));
#8428=CARTESIAN_POINT('',(0.0999982024119074,-0.137854097697069,0.0253));
#8429=CARTESIAN_POINT('',(0.126698267988652,-0.150876589795693,0.0253));
#8430=CARTESIAN_POINT('',(0.239047523776048,-0.205672983144327,0.0253));
#8431=CARTESIAN_POINT('',(0.113104601820526,-0.178747735761349,0.0253));
#8432=CARTESIAN_POINT('',(0.114242085662426,-0.176415548270566,0.0253));
#8433=CARTESIAN_POINT('',(0.0989396699021974,-0.168952061420519,0.0253));
#8434=CARTESIAN_POINT('',(0.226591341449822,-0.231211941619201,0.0253));
#8435=CARTESIAN_POINT('',(0.239047523776048,-0.205672983144327,0.0253));
#8436=CARTESIAN_POINT('',(0.0978021860602971,-0.171284248911301,0.0273));
#8437=CARTESIAN_POINT('',(0.13087561789716,-0.16825924473897,0.0273));
#8438=CARTESIAN_POINT('',(0.12787561789716,-0.16825924473897,0.0273));
#8439=CARTESIAN_POINT('',(0.157839439286135,-0.181410379142642,0.0273));
#8440=CARTESIAN_POINT('',(0.154839439286135,-0.181410379142642,0.0273));
#8441=CARTESIAN_POINT('',(0.18480326067511,-0.194561513546315,0.0273));
#8442=CARTESIAN_POINT('',(0.18180326067511,-0.194561513546315,0.0273));
#8443=CARTESIAN_POINT('',(0.211767082064085,-0.207712647949987,0.0273));
#8444=CARTESIAN_POINT('',(0.208767082064085,-0.207712647949987,0.0273));
#8445=CARTESIAN_POINT('',(0.113343291616127,-0.175977177123777,0.0273));
#8446=CARTESIAN_POINT('',(0.226591341449822,-0.231211941619201,0.0273));
#8447=CARTESIAN_POINT('',(0.114242085662426,-0.176415548270566,0.0273));
#8448=CARTESIAN_POINT('',(0.126698267988652,-0.150876589795693,0.0273));
#8449=CARTESIAN_POINT('',(0.126698267988652,-0.150876589795693,0.0273));
#8450=CARTESIAN_POINT('',(0.0999982024119074,-0.137854097697069,0.0273));
#8451=CARTESIAN_POINT('',(0.239047523776048,-0.205672983144327,0.0273));
#8452=CARTESIAN_POINT('',(0.225453857607921,-0.233544129109983,0.0273));
#8453=CARTESIAN_POINT('',(0.0999982024119074,-0.202774420923796,0.0263));
#8454=CARTESIAN_POINT('',(0.1130855106888,-0.17594146248775,0.0387594222833562));
#8455=CARTESIAN_POINT('',(0.226555875637798,-0.231284657309838,0.0387594222833562));
#8456=CARTESIAN_POINT('',(0.102381785684465,-0.170720906984088,0.0387594222833562));
#8457=CARTESIAN_POINT('',(0.104,-0.204726228020353,0.0263));
#8458=CARTESIAN_POINT('',(0.102381785684465,-0.170720906984088,0.0138405777166437));
#8459=CARTESIAN_POINT('',(0.1130855106888,-0.17594146248775,0.0138405777166437));
#8460=CARTESIAN_POINT('',(0.226555875637798,-0.231284657309838,0.0138405777166437));
#8461=CARTESIAN_POINT('',(0.213468567360905,-0.258117615745884,0.0263));
#8462=CARTESIAN_POINT('',(0.228538108313306,-0.23634516617116,0.05865));
#8463=CARTESIAN_POINT('',(0.240889215374089,-0.21102164391668,0.05865));
#8464=CARTESIAN_POINT('',(0.240889215374089,-0.21102164391668,0.0203));
#8465=CARTESIAN_POINT('',(0.240889215374089,-0.21102164391668,0.0213));
#8466=CARTESIAN_POINT('',(0.228606502028664,-0.236204938273821,0.0213));
#8467=CARTESIAN_POINT('',(0.230186517635019,-0.232965426206357,0.0213));
#8468=CARTESIAN_POINT('',(0.217063743546102,-0.259871100333041,0.0263));
#8469=CARTESIAN_POINT('',(0.229999880366348,-0.233348089315293,0.0192071338148596));
#8470=CARTESIAN_POINT('',(0.23176926613853,-0.229720310869354,0.0123));
#8471=CARTESIAN_POINT('',(0.23176926613853,-0.229720310869354,0.0203));
#8472=CARTESIAN_POINT('',(0.228538108313306,-0.23634516617116,0.0203));
#8473=CARTESIAN_POINT('',(0.0884471226940152,-0.197140582912258,0.0263));
#8474=CARTESIAN_POINT('',(0.0998403713675886,-0.173780961388762,0.0219589785831961));
#8475=CARTESIAN_POINT('',(0.224861816034478,-0.234757994222388,0.0219589785831961));
#8476=CARTESIAN_POINT('',(0.112512560247083,-0.179961600873754,0.0219589785831961));
#8477=CARTESIAN_POINT('',(0.110868731815202,-0.178769604557126,0.0256004527296977));
#8478=CARTESIAN_POINT('',(0.110860352955659,-0.178786783765036,0.02488074958506));
#8479=CARTESIAN_POINT('',(0.111330246528104,-0.179123334152398,0.0235372689031755));
#8480=CARTESIAN_POINT('',(0.112126042730971,-0.179676057284028,0.0224810907289528));
#8481=CARTESIAN_POINT('',(0.112512560247083,-0.179961600873754,0.0219589785831961));
#8482=CARTESIAN_POINT('',(0.110868731815202,-0.178769604557126,0.0256004527296977));
#8483=CARTESIAN_POINT('',(0.0993217234809112,-0.202444480103671,0.0263));
#8484=CARTESIAN_POINT('',(0.110868731815202,-0.178769604557126,0.0269995472703024));
#8485=CARTESIAN_POINT('',(0.110868731815202,-0.178769604557126,0.0269995472703024));
#8486=CARTESIAN_POINT('',(0.110860352955659,-0.178786783765036,0.02771925041494));
#8487=CARTESIAN_POINT('',(0.111330246528047,-0.17912333415238,0.0290627310968765));
#8488=CARTESIAN_POINT('',(0.112126042731085,-0.179676057284064,0.0301189092709432));
#8489=CARTESIAN_POINT('',(0.112512560247083,-0.179961600873754,0.0306410214168039));
#8490=CARTESIAN_POINT('',(0.112512560247083,-0.179961600873754,0.0306410214168039));
#8491=CARTESIAN_POINT('',(0.0998403713675886,-0.173780961388762,0.0306410214168039));
#8492=CARTESIAN_POINT('',(0.224861816034478,-0.234757994222388,0.0306410214168039));
#8493=CARTESIAN_POINT('',(0.213468567360905,-0.258117615745884,0.0263));
#8494=CARTESIAN_POINT('',(0.104,-0.204726228020353,0.0263));
#8495=CARTESIAN_POINT('',(0.102246515412844,-0.23318805757517,0.0263));
#8496=CARTESIAN_POINT('',(0.0934226352100712,-0.151336008391557,0.0363));
#8497=CARTESIAN_POINT('',(0.0982465154128437,-0.141450150624559,0.0363));
#8498=CARTESIAN_POINT('',(0.237294039188892,-0.209268159329524,0.0363));
#8499=CARTESIAN_POINT('',(0.104,-0.144256312555527,0.0363));
#8500=CARTESIAN_POINT('',(0.104,-0.151336008391557,0.0363));
#8501=CARTESIAN_POINT('',(0.104,-0.167403075956448,0.0363));
#8502=CARTESIAN_POINT('',(0.0891247685891931,-0.160147940834938,0.0363));
#8503=CARTESIAN_POINT('',(0.228174089953333,-0.227966826282197,0.0363));
#8504=CARTESIAN_POINT('',(0.239047523776048,-0.205672983144327,0.0363));
#8505=CARTESIAN_POINT('',(0.13087561789716,-0.16825924473897,0.0363));
#8506=CARTESIAN_POINT('',(0.13507561789716,-0.16825924473897,0.0363));
#8507=CARTESIAN_POINT('',(0.157839439286135,-0.181410379142642,0.0363));
#8508=CARTESIAN_POINT('',(0.162039439286135,-0.181410379142642,0.0363));
#8509=CARTESIAN_POINT('',(0.18480326067511,-0.194561513546315,0.0363));
#8510=CARTESIAN_POINT('',(0.18900326067511,-0.194561513546315,0.0363));
#8511=CARTESIAN_POINT('',(0.211767082064085,-0.207712647949987,0.0363));
#8512=CARTESIAN_POINT('',(0.215967082064085,-0.207712647949987,0.0363));
#8513=CARTESIAN_POINT('',(0.0999982024119074,-0.137854097697069,0.0208));
#8514=CARTESIAN_POINT('',(0.0999982024119074,-0.137854097697069,0.0203));
#8515=CARTESIAN_POINT('',(0.239047523776048,-0.205672983144327,0.0203));
#8516=CARTESIAN_POINT('',(0.102246515412844,-0.138950673216922,0.0203));
#8517=CARTESIAN_POINT('',(0.102246515412844,-0.138950673216922,0.0323));
#8518=CARTESIAN_POINT('',(0.102246515412844,-0.138950673216922,0.0323));
#8519=CARTESIAN_POINT('',(0.242642699961245,-0.207426467731484,0.0323));
#8520=CARTESIAN_POINT('',(0.239047523776048,-0.205672983144327,0.0323));
#8521=CARTESIAN_POINT('',(0.239047523776048,-0.205672983144327,0.0208));
#8522=CARTESIAN_POINT('',(0.126698267988652,-0.150876589795693,0.0263));
#8523=CARTESIAN_POINT('',(0.239047523776048,-0.205672983144327,0.0208));
#8524=CARTESIAN_POINT('',(0.0934226352100712,-0.151336008391557,0.0163));
#8525=CARTESIAN_POINT('',(0.13087561789716,-0.16825924473897,0.0163));
#8526=CARTESIAN_POINT('',(0.13507561789716,-0.16825924473897,0.0163));
#8527=CARTESIAN_POINT('',(0.157839439286135,-0.181410379142642,0.0163));
#8528=CARTESIAN_POINT('',(0.162039439286135,-0.181410379142642,0.0163));
#8529=CARTESIAN_POINT('',(0.18480326067511,-0.194561513546315,0.0163));
#8530=CARTESIAN_POINT('',(0.18900326067511,-0.194561513546315,0.0163));
#8531=CARTESIAN_POINT('',(0.211767082064085,-0.207712647949987,0.0163));
#8532=CARTESIAN_POINT('',(0.215967082064085,-0.207712647949987,0.0163));
#8533=CARTESIAN_POINT('',(0.101218768697939,-0.166046578814093,0.0163));
#8534=CARTESIAN_POINT('',(0.228174089953333,-0.227966826282197,0.0163));
#8535=CARTESIAN_POINT('',(0.104,-0.167403075956447,0.0163));
#8536=CARTESIAN_POINT('',(0.104,-0.142305382201263,0.0163));
#8537=CARTESIAN_POINT('',(0.104,-0.144256312555527,0.0163));
#8538=CARTESIAN_POINT('',(0.0982447178247511,-0.141449273882265,0.0163));
#8539=CARTESIAN_POINT('',(0.237294039188892,-0.209268159329524,0.0163));
#8540=CARTESIAN_POINT('',(0.232471956574212,-0.219154893838815,0.0163));
#8541=CARTESIAN_POINT('',(0.211767082064085,-0.207712647949987,0.0283));
#8542=CARTESIAN_POINT('',(0.211767082064085,-0.207712647949987,0.0283));
#8543=CARTESIAN_POINT('',(0.215967082064085,-0.207712647949987,0.0283));
#8544=CARTESIAN_POINT('',(0.171321349980623,-0.185037065726048,0.0283));
#8545=CARTESIAN_POINT('',(0.211767082064085,-0.207712647949987,0.0283));
#8546=CARTESIAN_POINT('',(0.214767082064085,-0.207712647949987,0.0283));
#8547=CARTESIAN_POINT('',(0.18480326067511,-0.194561513546315,0.0283));
#8548=CARTESIAN_POINT('',(0.18480326067511,-0.194561513546315,0.0283));
#8549=CARTESIAN_POINT('',(0.18900326067511,-0.194561513546315,0.0283));
#8550=CARTESIAN_POINT('',(0.171321349980623,-0.185037065726048,0.0283));
#8551=CARTESIAN_POINT('',(0.18480326067511,-0.194561513546315,0.0283));
#8552=CARTESIAN_POINT('',(0.18780326067511,-0.194561513546315,0.0283));
#8553=CARTESIAN_POINT('',(0.157839439286135,-0.181410379142642,0.0283));
#8554=CARTESIAN_POINT('',(0.157839439286135,-0.181410379142642,0.0283));
#8555=CARTESIAN_POINT('',(0.162039439286135,-0.181410379142642,0.0283));
#8556=CARTESIAN_POINT('',(0.171321349980623,-0.185037065726048,0.0283));
#8557=CARTESIAN_POINT('',(0.157839439286135,-0.181410379142642,0.0283));
#8558=CARTESIAN_POINT('',(0.160839439286135,-0.181410379142642,0.0283));
#8559=CARTESIAN_POINT('',(0.13087561789716,-0.16825924473897,0.0283));
#8560=CARTESIAN_POINT('',(0.13087561789716,-0.16825924473897,0.0283));
#8561=CARTESIAN_POINT('',(0.13507561789716,-0.16825924473897,0.0283));
#8562=CARTESIAN_POINT('',(0.171321349980623,-0.185037065726048,0.0283));
#8563=CARTESIAN_POINT('',(0.13087561789716,-0.16825924473897,0.0283));
#8564=CARTESIAN_POINT('',(0.13387561789716,-0.16825924473897,0.0283));
#8565=CARTESIAN_POINT('',(0.211767082064085,-0.207712647949987,0.0243));
#8566=CARTESIAN_POINT('',(0.211767082064085,-0.207712647949987,0.0243));
#8567=CARTESIAN_POINT('',(0.215967082064085,-0.207712647949987,0.0243));
#8568=CARTESIAN_POINT('',(0.171321349980623,-0.185037065726048,0.0243));
#8569=CARTESIAN_POINT('',(0.211767082064085,-0.207712647949987,0.0243));
#8570=CARTESIAN_POINT('',(0.214767082064085,-0.207712647949987,0.0243));
#8571=CARTESIAN_POINT('',(0.18480326067511,-0.194561513546315,0.0243));
#8572=CARTESIAN_POINT('',(0.18480326067511,-0.194561513546315,0.0243));
#8573=CARTESIAN_POINT('',(0.18900326067511,-0.194561513546315,0.0243));
#8574=CARTESIAN_POINT('',(0.171321349980623,-0.185037065726048,0.0243));
#8575=CARTESIAN_POINT('',(0.18480326067511,-0.194561513546315,0.0243));
#8576=CARTESIAN_POINT('',(0.18780326067511,-0.194561513546315,0.0243));
#8577=CARTESIAN_POINT('',(0.157839439286135,-0.181410379142642,0.0243));
#8578=CARTESIAN_POINT('',(0.157839439286135,-0.181410379142642,0.0243));
#8579=CARTESIAN_POINT('',(0.162039439286135,-0.181410379142642,0.0243));
#8580=CARTESIAN_POINT('',(0.171321349980623,-0.185037065726048,0.0243));
#8581=CARTESIAN_POINT('',(0.157839439286135,-0.181410379142642,0.0243));
#8582=CARTESIAN_POINT('',(0.160839439286135,-0.181410379142642,0.0243));
#8583=CARTESIAN_POINT('',(0.13087561789716,-0.16825924473897,0.0243));
#8584=CARTESIAN_POINT('',(0.13087561789716,-0.16825924473897,0.0243));
#8585=CARTESIAN_POINT('',(0.13507561789716,-0.16825924473897,0.0243));
#8586=CARTESIAN_POINT('',(0.171321349980623,-0.185037065726048,0.0243));
#8587=CARTESIAN_POINT('',(0.13087561789716,-0.16825924473897,0.0243));
#8588=CARTESIAN_POINT('',(0.13387561789716,-0.16825924473897,0.0243));
#8589=CARTESIAN_POINT('',(0.13087561789716,-0.16825924473897,0.0113));
#8590=CARTESIAN_POINT('',(0.157839439286135,-0.181410379142642,0.0113));
#8591=CARTESIAN_POINT('',(0.18480326067511,-0.194561513546315,0.0113));
#8592=CARTESIAN_POINT('',(0.211767082064085,-0.207712647949987,0.0113));
#8593=CARTESIAN_POINT('',(0.13087561789716,-0.16825924473897,0.0113));
#8594=CARTESIAN_POINT('',(0.157839439286135,-0.181410379142642,0.0113));
#8595=CARTESIAN_POINT('',(0.18480326067511,-0.194561513546315,0.0113));
#8596=CARTESIAN_POINT('',(0.211767082064085,-0.207712647949987,0.0113));
#8597=CARTESIAN_POINT('',(0.105919342435468,-0.191198528648571,0.0263));
#8598=CARTESIAN_POINT('',(0.113343291616127,-0.175977177123777,0.0313));
#8599=CARTESIAN_POINT('',(0.113343291616127,-0.175977177123777,0.0263));
#8600=CARTESIAN_POINT('',(0.112205742496579,-0.178309498453571,0.0270260955538052));
#8601=CARTESIAN_POINT('',(0.10022051752721,-0.20288285125046,0.0263));
#8602=CARTESIAN_POINT('',(0.112205742496579,-0.178309498453571,0.0255739044461947));
#8603=CARTESIAN_POINT('',(0.113343291616127,-0.175977177123777,0.0213));
#8604=CARTESIAN_POINT('',(0.0982447178247511,-0.141449273882265,0.0323));
#8605=CARTESIAN_POINT('',(0.104,-0.144256312555527,0.0323));
#8606=CARTESIAN_POINT('',(0.237294039188892,-0.209268159329524,0.0323));
#8607=CARTESIAN_POINT('',(0.237294039188892,-0.209268159329524,0.0323));
#8608=CARTESIAN_POINT('',(0.237294039188892,-0.209268159329524,0.0323));
#8609=CARTESIAN_POINT('',(0.237294039188892,-0.209268159329524,0.0323));
#8610=CARTESIAN_POINT('',(0.237294039188892,-0.209268159329524,0.05865));
#8611=CARTESIAN_POINT('',(0.237294039188892,-0.209268159329524,0.0313));
#8612=CARTESIAN_POINT('',(0.114703725004336,-0.172623631460109,0.0123));
#8613=CARTESIAN_POINT('',(0.104,-0.167403075956447,0.0123));
#8614=CARTESIAN_POINT('',(0.228174089953333,-0.227966826282197,0.0123));
#8615=CARTESIAN_POINT('',(0.114703725004336,-0.172623631460109,0.0403));
#8616=CARTESIAN_POINT('',(0.104,-0.167403075956447,0.0403));
#8617=CARTESIAN_POINT('',(0.228174089953333,-0.227966826282197,0.0403));
#8618=CARTESIAN_POINT('',(0.232471956574212,-0.219154893838815,0.0323));
#8619=CARTESIAN_POINT('',(0.228174089953333,-0.227966826282197,0.0323));
#8620=CARTESIAN_POINT('',(0.22494293212811,-0.234591681584004,0.0313));
#8621=CARTESIAN_POINT('',(0.226591341449822,-0.231211941619201,0.0313));
#8622=CARTESIAN_POINT('',(0.101569896782932,-0.170234908785575,0.0313));
#8623=CARTESIAN_POINT('',(0.114242085662426,-0.176415548270566,0.0313));
#8624=CARTESIAN_POINT('',(0.226591341449822,-0.231211941619201,0.0313));
#8625=CARTESIAN_POINT('',(0.228174089953333,-0.227966826282197,0.0123));
#8626=CARTESIAN_POINT('',(0.224937661322263,-0.234602488337479,0.0153811554332875));
#8627=CARTESIAN_POINT('',(0.228823229274133,-0.23547083473154,0.0149960110041265));
#8628=CARTESIAN_POINT('',(0.228174089953333,-0.227966826282197,0.0203));
#8629=CARTESIAN_POINT('',(0.229999880366348,-0.233348089315293,0.0192071338148596));
#8630=CARTESIAN_POINT('',(0.22957675741485,-0.234215619928212,0.0179069611336494));
#8631=CARTESIAN_POINT('',(0.229097882969223,-0.234907711205395,0.0164972642182047));
#8632=CARTESIAN_POINT('',(0.228823229274134,-0.235470834731541,0.0149960110041265));
#8633=CARTESIAN_POINT('',(0.213468567360905,-0.258117615745884,0.0263));
#8634=CARTESIAN_POINT('',(0.224937661322263,-0.234602488337479,0.0372188445667125));
#8635=CARTESIAN_POINT('',(0.228823229274134,-0.23547083473154,0.037603988995873));
#8636=CARTESIAN_POINT('',(0.216949581733893,-0.259815419896856,0.0263));
#8637=CARTESIAN_POINT('',(0.228174089953333,-0.227966826282197,0.0403));
#8638=CARTESIAN_POINT('',(0.229999880366348,-0.233348089315293,0.0333928661851404));
#8639=CARTESIAN_POINT('',(0.229576757414849,-0.234215619928212,0.0346930388663503));
#8640=CARTESIAN_POINT('',(0.229097882969223,-0.234907711205395,0.036102735781795));
#8641=CARTESIAN_POINT('',(0.228823229274134,-0.23547083473154,0.0376039889958729));
#8642=CARTESIAN_POINT('',(0.226591341449822,-0.231211941619201,0.0313));
#8643=CARTESIAN_POINT('',(0.226591341449822,-0.231211941619201,0.0313));
#8644=CARTESIAN_POINT('',(0.0982447178247511,-0.141449273882265,0.0203));
#8645=CARTESIAN_POINT('',(0.104,-0.144256312555527,0.0203));
#8646=CARTESIAN_POINT('',(0.237294039188892,-0.209268159329524,0.0203));
#8647=CARTESIAN_POINT('',(0.22494293212811,-0.234591681584004,0.0203));
#8648=CARTESIAN_POINT('',(0.237294039188892,-0.209268159329524,0.0203));
#8649=CARTESIAN_POINT('',(0.213468567360905,-0.258117615745884,0.0263));
#8650=CARTESIAN_POINT('',(0.226591341449822,-0.231211941619201,0.0213));
#8651=CARTESIAN_POINT('',(0.101569896782932,-0.170234908785575,0.0213));
#8652=CARTESIAN_POINT('',(0.114242085662426,-0.176415548270566,0.0213));
#8653=CARTESIAN_POINT('',(0.226591341449822,-0.231211941619201,0.0213));
#8654=CARTESIAN_POINT('',(0.237294039188892,-0.209268159329524,0.0203));
#8655=CARTESIAN_POINT('',(0.237294039188892,-0.209268159329524,0.0203));
#8656=CARTESIAN_POINT('',(0.226591341449822,-0.231211941619201,0.0213));
#8657=CARTESIAN_POINT('',(0.226591341449822,-0.231211941619201,0.0213));
#8658=CARTESIAN_POINT('',(0.237294039188892,-0.209268159329524,0.05865));
#8659=CARTESIAN_POINT('',(0.237294039188892,-0.209268159329524,0.0213));
#8660=CARTESIAN_POINT('',(0.225453857607921,-0.233544129109983,0.0213));
#8661=CARTESIAN_POINT('',(0.114242085662426,-0.176415548270566,0.0313));
#8662=CARTESIAN_POINT('',(0.112205742496579,-0.178309498453571,0.0270260955538052));
#8663=CARTESIAN_POINT('',(0.112153169110391,-0.178417289869237,0.0273399226579983));
#8664=CARTESIAN_POINT('',(0.112137284837777,-0.178716096786629,0.0279407646234456));
#8665=CARTESIAN_POINT('',(0.112224076732231,-0.179372454661128,0.0291023352292522));
#8666=CARTESIAN_POINT('',(0.112374282423052,-0.17977772261546,0.0300144654467332));
#8667=CARTESIAN_POINT('',(0.112512560247083,-0.179961600873754,0.0306410214168039));
#8668=CARTESIAN_POINT('',(0.114242085662426,-0.176415548270566,0.0263));
#8669=CARTESIAN_POINT('',(0.113104601820526,-0.178747735761349,0.0263));
#8670=CARTESIAN_POINT('',(0.114242085662426,-0.176415548270566,0.0263));
#8671=CARTESIAN_POINT('',(0.114242085662426,-0.176415548270566,0.0213));
#8672=CARTESIAN_POINT('',(0.112205742496579,-0.178309498453571,0.0255739044461947));
#8673=CARTESIAN_POINT('',(0.112153169110391,-0.178417289869237,0.0252600773420017));
#8674=CARTESIAN_POINT('',(0.112137284837772,-0.178716096786627,0.0246592353765528));
#8675=CARTESIAN_POINT('',(0.112224076732253,-0.179372454661137,0.0234976647707554));
#8676=CARTESIAN_POINT('',(0.112374282422955,-0.179777722615419,0.0225855345532334));
#8677=CARTESIAN_POINT('',(0.112512560247083,-0.179961600873754,0.0219589785831961));
#8678=CARTESIAN_POINT('',(0.1,-0.337,0.0533509476423263));
#8679=CARTESIAN_POINT('',(0.048,-0.337,0.0366518952846525));
#8680=CARTESIAN_POINT('',(0.048,-0.337,0.0250948952846526));
#8681=CARTESIAN_POINT('',(0.012,-0.337,-0.062));
#8682=CARTESIAN_POINT('',(0.1,-0.0780202239742694,0.150932185558034));
#8683=CARTESIAN_POINT('',(0.012,-0.0780202239742694,0.150932185558034));
#8684=CARTESIAN_POINT('',(0.012,-0.1141402015221,0.147864658550177));
#8685=CARTESIAN_POINT('',(0.1,-0.1141402015221,0.147864658550177));
#8686=CARTESIAN_POINT('',(0.096,-0.1141402015221,0.147864658550177));
#8687=CARTESIAN_POINT('',(0.096,-0.0780202239742694,0.150932185558034));
#8688=CARTESIAN_POINT('',(0.096,-0.295411648314886,0.0833509476423263));
#8689=CARTESIAN_POINT('',(0.096,-0.257325473613782,0.104367448222511));
#8690=CARTESIAN_POINT('',(0.1,-0.333,0.0580405660520623));
#8691=CARTESIAN_POINT('',(0.1,-0.333,0.0580405660520623));
#8692=CARTESIAN_POINT('',(0.096,-0.257325473613782,0.104367448222511));
#8693=CARTESIAN_POINT('',(0.0987625294781324,-0.251484714072659,0.104269720778092));
#8694=CARTESIAN_POINT('',(0.096,-0.228355486064275,0.116675));
#8695=CARTESIAN_POINT('',(0.096,-0.206592084308306,0.125540909090909));
#8696=CARTESIAN_POINT('',(0.1,-0.206592084308306,0.125540909090909));
#8697=CARTESIAN_POINT('',(0.037,-0.206592084308306,0.125540909090909));
#8698=CARTESIAN_POINT('',(0.096,-0.206592084308306,0.125540909090909));
#8699=CARTESIAN_POINT('',(0.096,-0.206592084308306,0.125540909090909));
#8700=CARTESIAN_POINT('',(0.0987858865801823,-0.200850099025155,0.124676200820617));
#8701=CARTESIAN_POINT('',(0.096,-0.160506764857906,0.137288086405689));
#8702=CARTESIAN_POINT('',(0.096,-0.122014011156563,0.146586898829205));
#8703=CARTESIAN_POINT('',(0.1,-0.122014011156563,0.146586898829205));
#8704=CARTESIAN_POINT('',(0.012,-0.122014011156563,0.146586898829205));
#8705=CARTESIAN_POINT('',(0.096,-0.122014011156563,0.146586898829205));
#8706=CARTESIAN_POINT('',(0.096,-0.122014011156563,0.146586898829205));
#8707=CARTESIAN_POINT('',(0.0987876222770741,-0.11646999396349,0.144869141494904));
#8708=CARTESIAN_POINT('',(0.096,-0.0780202239742694,0.150932185558034));
#8709=CARTESIAN_POINT('',(0.1,-0.00649999999999978,-0.0100000000000003));
#8710=CARTESIAN_POINT('',(0.1,-0.202775297666084,0.0263));
#8711=CARTESIAN_POINT('',(0.1,-0.225032899485291,0.0263));
#8712=CARTESIAN_POINT('',(0.1,-0.204726228020353,0.0263));
#8713=CARTESIAN_POINT('',(0.1,-0.229592881389973,0.0263));
#8714=CARTESIAN_POINT('',(0.1,-0.229592881389973,0.0263));
#8715=CARTESIAN_POINT('',(0.1,-0.232092358797611,0.0263));
#8716=CARTESIAN_POINT('',(0.102246515412844,-0.23318805757517,0.0263));
#8717=CARTESIAN_POINT('',(0.1,-0.229592881389973,0.0233747855312583));
#8718=CARTESIAN_POINT('',(0.1,-0.232092358797611,0.0230115435272807));
#8719=CARTESIAN_POINT('',(0.102246515412844,-0.23318805757517,0.022851257214705));
#8720=CARTESIAN_POINT('',(0.1,-0.228298121288999,0.0175243565937749));
#8721=CARTESIAN_POINT('',(0.1,-0.230681746606152,0.016356196624492));
#8722=CARTESIAN_POINT('',(0.102337816073507,-0.2317061033789,0.0159537716441149));
#8723=CARTESIAN_POINT('',(0.1,-0.222767374067131,0.010084725344742));
#8724=CARTESIAN_POINT('',(0.1,-0.224647213694967,0.00779723076354846));
#8725=CARTESIAN_POINT('',(0.102727819499575,-0.225375730634335,0.00718266276661969));
#8726=CARTESIAN_POINT('',(0.1,-0.214490025903037,0.00511372267014128));
#8727=CARTESIAN_POINT('',(0.1,-0.215504262828509,0.00181927744609029));
#8728=CARTESIAN_POINT('',(0.103311500874488,-0.215901658304999,0.00132199518381308));
#8729=CARTESIAN_POINT('',(0.1,-0.204726228020353,0.00336813866492937));
#8730=CARTESIAN_POINT('',(0.1,-0.204474635748442,-0.000715785930621879));
#8731=CARTESIAN_POINT('',(0.104,-0.204726228020353,-0.000735997591906543));
#8732=CARTESIAN_POINT('',(0.1,-0.194962430137669,0.00511372267014128));
#8733=CARTESIAN_POINT('',(0.1,-0.19301790107461,0.000653577745003215));
#8734=CARTESIAN_POINT('',(0.104688499125512,-0.193550797735707,0.00132199518381311));
#8735=CARTESIAN_POINT('',(0.1,-0.186685081973575,0.010084725344742));
#8736=CARTESIAN_POINT('',(0.1,-0.182714511822704,0.00600025482001965));
#8737=CARTESIAN_POINT('',(0.105272180500425,-0.184076725406371,0.00718266276661978));
#8738=CARTESIAN_POINT('',(0.1,-0.181154334751707,0.0175243565937748));
#8739=CARTESIAN_POINT('',(0.1,-0.17528715127692,0.0149569469750403));
#8740=CARTESIAN_POINT('',(0.105662183926493,-0.177746352661806,0.0159537716441148));
#8741=CARTESIAN_POINT('',(0.1,-0.179212194600245,0.0263));
#8742=CARTESIAN_POINT('',(0.1,-0.17251518606669,0.0263));
#8743=CARTESIAN_POINT('',(0.105799134917488,-0.175523421367401,0.0263));
#8744=CARTESIAN_POINT('',(0.1,-0.181154334751707,0.0350756434062251));
#8745=CARTESIAN_POINT('',(0.1,-0.17528715127692,0.0376430530249595));
#8746=CARTESIAN_POINT('',(0.105662183926493,-0.177746352661806,0.036646228355885));
#8747=CARTESIAN_POINT('',(0.1,-0.186685081973575,0.0425152746552581));
#8748=CARTESIAN_POINT('',(0.1,-0.182714511822704,0.0465997451799804));
#8749=CARTESIAN_POINT('',(0.105272180500425,-0.184076725406371,0.0454173372333803));
#8750=CARTESIAN_POINT('',(0.1,-0.194962430137669,0.0474862773298587));
#8751=CARTESIAN_POINT('',(0.1,-0.19301790107461,0.0519464222549968));
#8752=CARTESIAN_POINT('',(0.104688499125512,-0.193550797735707,0.0512780048161869));
#8753=CARTESIAN_POINT('',(0.1,-0.204726228020353,0.0492318613350706));
#8754=CARTESIAN_POINT('',(0.1,-0.204474635748443,0.0533157859306219));
#8755=CARTESIAN_POINT('',(0.104,-0.204726228020353,0.0533359975919066));
#8756=CARTESIAN_POINT('',(0.1,-0.214490025903037,0.0474862773298588));
#8757=CARTESIAN_POINT('',(0.1,-0.215504262828509,0.0507807225539097));
#8758=CARTESIAN_POINT('',(0.103311500874488,-0.215901658304999,0.0512780048161869));
#8759=CARTESIAN_POINT('',(0.1,-0.222767374067131,0.0425152746552581));
#8760=CARTESIAN_POINT('',(0.1,-0.224647213694967,0.0448027692364516));
#8761=CARTESIAN_POINT('',(0.102727819499575,-0.225375730634335,0.0454173372333804));
#8762=CARTESIAN_POINT('',(0.1,-0.228298121288999,0.0350756434062252));
#8763=CARTESIAN_POINT('',(0.1,-0.230681746606152,0.036243803375508));
#8764=CARTESIAN_POINT('',(0.102337816073507,-0.2317061033789,0.0366462283558852));
#8765=CARTESIAN_POINT('',(0.1,-0.229592881389974,0.0292252144687417));
#8766=CARTESIAN_POINT('',(0.1,-0.232092358797611,0.0295884564727193));
#8767=CARTESIAN_POINT('',(0.102246515412844,-0.23318805757517,0.029748742785295));
#8768=CARTESIAN_POINT('',(0.1,-0.229592881389973,0.0263));
#8769=CARTESIAN_POINT('',(0.1,-0.232092358797611,0.0263));
#8770=CARTESIAN_POINT('',(0.102246515412844,-0.23318805757517,0.0263));
#8771=CARTESIAN_POINT('',(0.102246515412844,-0.138950673216922,0.0323));
#8772=CARTESIAN_POINT('',(0.1,-0.137854974439362,0.0323));
#8773=CARTESIAN_POINT('',(0.1,-0.135355497031725,0.0323));
#8774=CARTESIAN_POINT('',(0.102246515412855,-0.138950673216927,0.0328235987783237));
#8775=CARTESIAN_POINT('',(0.100000000000009,-0.137854974439384,0.0329831755344721));
#8776=CARTESIAN_POINT('',(0.1,-0.13535549703174,0.0333471975566583));
#8777=CARTESIAN_POINT('',(0.10233781717665,-0.139226931265215,0.0338705522352666));
#8778=CARTESIAN_POINT('',(0.0999999999999967,-0.138237512644334,0.0343642875050116));
#8779=CARTESIAN_POINT('',(0.1,-0.135818951437101,0.0354411044705278));
#8780=CARTESIAN_POINT('',(0.102727815638556,-0.140406976528575,0.0352020713858435));
#8781=CARTESIAN_POINT('',(0.0999999999999986,-0.139824926522379,0.035956055407894));
#8782=CARTESIAN_POINT('',(0.1,-0.137798612045102,0.0381041427716895));
#8783=CARTESIAN_POINT('',(0.10331151521542,-0.142173116624501,0.0360917249698364));
#8784=CARTESIAN_POINT('',(0.100000000000009,-0.142063707243057,0.0367004710889041));
#8785=CARTESIAN_POINT('',(0.1,-0.140761513625828,0.0398834499396686));
#8786=CARTESIAN_POINT('',(0.103770469403333,-0.143561805987267,0.0363));
#8787=CARTESIAN_POINT('',(0.0999999999999778,-0.143581176532481,0.0365231287414818));
#8788=CARTESIAN_POINT('',(0.1,-0.143091198523119,0.0403000000000081));
#8789=CARTESIAN_POINT('',(0.104,-0.144256312555527,0.0363));
#8790=CARTESIAN_POINT('',(0.1,-0.144256312555527,0.0363));
#8791=CARTESIAN_POINT('',(0.1,-0.144256312555527,0.0403));
#8792=CARTESIAN_POINT('',(0.104,-0.144256312555527,0.0403));
#8793=CARTESIAN_POINT('',(0.104,-0.135355497031725,0.0323));
#8794=CARTESIAN_POINT('',(0.104,-0.135355497031725,-0.0100000000000003));
#8795=CARTESIAN_POINT('',(0.104,-0.135355497031725,0.0203));
#8796=CARTESIAN_POINT('',(0.104,-0.151336008391557,0.0403));
#8797=CARTESIAN_POINT('',(0.104,-0.167403075956448,0.0403));
#8798=CARTESIAN_POINT('',(0.104,-0.144256312555527,0.0163));
#8799=CARTESIAN_POINT('',(0.1,-0.144256312555527,0.0163));
#8800=CARTESIAN_POINT('',(0.1,-0.144256312555527,0.0123));
#8801=CARTESIAN_POINT('',(0.103770469403325,-0.14356180598725,0.0163));
#8802=CARTESIAN_POINT('',(0.0999999999999822,-0.143581176532472,0.0160768712585366));
#8803=CARTESIAN_POINT('',(0.1,-0.143091198523103,0.012299999999998));
#8804=CARTESIAN_POINT('',(0.103311515215424,-0.142173116624509,0.0165082750301638));
#8805=CARTESIAN_POINT('',(0.100000000000008,-0.14206370724306,0.015899528911088));
#8806=CARTESIAN_POINT('',(0.1,-0.140761513625836,0.0127165500603284));
#8807=CARTESIAN_POINT('',(0.102727815638555,-0.140406976528573,0.0173979286141561));
#8808=CARTESIAN_POINT('',(0.0999999999999991,-0.139824926522378,0.0166439445921072));
#8809=CARTESIAN_POINT('',(0.1,-0.1377986120451,0.0144958572283119));
#8810=CARTESIAN_POINT('',(0.10233781717665,-0.139226931265215,0.0187294477647348));
#8811=CARTESIAN_POINT('',(0.0999999999999965,-0.138237512644334,0.0182357124949911));
#8812=CARTESIAN_POINT('',(0.1,-0.135818951437102,0.0171588955294697));
#8813=CARTESIAN_POINT('',(0.102246515412855,-0.138950673216927,0.0197764012216733));
#8814=CARTESIAN_POINT('',(0.100000000000009,-0.137854974439384,0.0196168244655211));
#8815=CARTESIAN_POINT('',(0.1,-0.13535549703174,0.0192528024433466));
#8816=CARTESIAN_POINT('',(0.102246515412844,-0.138950673216922,0.0203));
#8817=CARTESIAN_POINT('',(0.1,-0.137854974439362,0.0203));
#8818=CARTESIAN_POINT('',(0.1,-0.135355497031725,0.0203));
#8819=CARTESIAN_POINT('',(0.104,-0.144256312555527,0.0123));
#8820=CARTESIAN_POINT('',(0.104,-0.167403075956447,0.0403));
#8821=CARTESIAN_POINT('',(0.104,-0.167403075956447,0.0403));
#8822=CARTESIAN_POINT('',(0.104,-0.00649999999999978,0.0123));
#8823=CARTESIAN_POINT('',(0.104,-0.167403075956447,0.0123));
#8824=CARTESIAN_POINT('',(0.102381785684465,-0.170720906984088,0.0387594222833562));
#8825=CARTESIAN_POINT('',(0.1,-0.169765272085894,0.0392031548957584));
#8826=CARTESIAN_POINT('',(0.1,-0.167403075956447,0.0402999999999999));
#8827=CARTESIAN_POINT('',(0.102459062812931,-0.17234481645907,0.0421755474354795));
#8828=CARTESIAN_POINT('',(0.100000000000155,-0.171479095515821,0.0427502505588013));
#8829=CARTESIAN_POINT('',(0.1,-0.169185427024762,0.0441385208432174));
#8830=CARTESIAN_POINT('',(0.102677786285984,-0.176941093881605,0.0485126405209014));
#8831=CARTESIAN_POINT('',(0.0999999999999265,-0.176392761476334,0.0493304626598887));
#8832=CARTESIAN_POINT('',(0.1,-0.174230154024383,0.0512591803071255));
#8833=CARTESIAN_POINT('',(0.103160173818105,-0.187078034788976,0.0554270723837269));
#8834=CARTESIAN_POINT('',(0.100000000000021,-0.187023413160686,0.0561821835951069));
#8835=CARTESIAN_POINT('',(0.1,-0.185356135941973,0.0590285651050471));
#8836=CARTESIAN_POINT('',(0.103740554145505,-0.199274206314169,0.0589425434154379));
#8837=CARTESIAN_POINT('',(0.0999999999999941,-0.199598431286675,0.059251588162099));
#8838=CARTESIAN_POINT('',(0.1,-0.198742263482017,0.0629787157079202));
#8839=CARTESIAN_POINT('',(0.104351209746604,-0.212106585535213,0.0586490900161237));
#8840=CARTESIAN_POINT('',(0.100000000000002,-0.212458319390974,0.0582077433219823));
#8841=CARTESIAN_POINT('',(0.1,-0.212826672227875,0.062648977498797));
#8842=CARTESIAN_POINT('',(0.104920883242376,-0.224077762605897,0.0545808880973621));
#8843=CARTESIAN_POINT('',(0.0999999999999995,-0.22390950732416,0.053341769694107));
#8844=CARTESIAN_POINT('',(0.1,-0.225965853055386,0.0580777521588598));
#8845=CARTESIAN_POINT('',(0.105383101258801,-0.233790859249756,0.0472126637743829));
#8846=CARTESIAN_POINT('',(0.1,-0.232556963600765,0.0455691788508718));
#8847=CARTESIAN_POINT('',(0.1,-0.236626637073968,0.0497984645501952));
#8848=CARTESIAN_POINT('',(0.105683928622475,-0.240112476219782,0.0374041919688371));
#8849=CARTESIAN_POINT('',(0.1,-0.237680807213188,0.036189573169561));
#8850=CARTESIAN_POINT('',(0.1,-0.243565041543387,0.0387771987037783));
#8851=CARTESIAN_POINT('',(0.105788262569497,-0.242304960447253,0.0263));
#8852=CARTESIAN_POINT('',(0.1,-0.239324423097961,0.0263));
#8853=CARTESIAN_POINT('',(0.1,-0.245971442063246,0.0263));
#8854=CARTESIAN_POINT('',(0.105683928622475,-0.240112476219782,0.015195808031163));
#8855=CARTESIAN_POINT('',(0.1,-0.237680807213188,0.0164104268304391));
#8856=CARTESIAN_POINT('',(0.1,-0.243565041543387,0.0138228012962218));
#8857=CARTESIAN_POINT('',(0.105383101258801,-0.233790859249756,0.00538733622561718));
#8858=CARTESIAN_POINT('',(0.1,-0.232556963600764,0.00703082114912805));
#8859=CARTESIAN_POINT('',(0.1,-0.236626637073968,0.00280153544980475));
#8860=CARTESIAN_POINT('',(0.104920883242376,-0.224077762605898,-0.00198088809736199));
#8861=CARTESIAN_POINT('',(0.0999999999999997,-0.223909507324161,-0.000741769694106656));
#8862=CARTESIAN_POINT('',(0.1,-0.225965853055387,-0.00547775215885953));
#8863=CARTESIAN_POINT('',(0.104351209746603,-0.212106585535212,-0.00604909001612341));
#8864=CARTESIAN_POINT('',(0.100000000000001,-0.212458319390972,-0.00560774332198271));
#8865=CARTESIAN_POINT('',(0.1,-0.212826672227873,-0.0100489774987974));
#8866=CARTESIAN_POINT('',(0.103740554145507,-0.199274206314172,-0.00634254341543913));
#8867=CARTESIAN_POINT('',(0.099999999999997,-0.199598431286684,-0.00665158816209766));
#8868=CARTESIAN_POINT('',(0.1,-0.198742263482025,-0.0103787157079189));
#8869=CARTESIAN_POINT('',(0.103160173818094,-0.187078034788969,-0.00282707238372231));
#8870=CARTESIAN_POINT('',(0.10000000000001,-0.187023413160658,-0.00358218359511222));
#8871=CARTESIAN_POINT('',(0.1,-0.185356135941944,-0.00642856510505222));
#8872=CARTESIAN_POINT('',(0.102677786286024,-0.176941093881633,0.00408735947908094));
#8873=CARTESIAN_POINT('',(0.0999999999999632,-0.176392761476429,0.00326953734013335));
#8874=CARTESIAN_POINT('',(0.1,-0.174230154024492,0.00134081969289304));
#8875=CARTESIAN_POINT('',(0.102459062812845,-0.172344816459011,0.010424452564558));
#8876=CARTESIAN_POINT('',(0.100000000000078,-0.171479095515627,0.00984974944114415));
#8877=CARTESIAN_POINT('',(0.1,-0.169185427024527,0.00846147915674218));
#8878=CARTESIAN_POINT('',(0.102381785684465,-0.170720906984088,0.0138405777166437));
#8879=CARTESIAN_POINT('',(0.1,-0.169765272085895,0.0133968451042416));
#8880=CARTESIAN_POINT('',(0.1,-0.167403075956447,0.0123));
#8881=CARTESIAN_POINT('',(0.104,-0.167403075956448,0.0123));
#8882=CARTESIAN_POINT('',(0.104,-0.167403075956447,0.0123));
#8883=CARTESIAN_POINT('',(0.112205742496579,-0.178309498453571,0.0270260955538053));
#8884=CARTESIAN_POINT('',(0.111767525861502,-0.179207975703914,0.0269995472703023));
#8885=CARTESIAN_POINT('',(0.110868731815203,-0.178769604557125,0.0269995472703023));
#8886=CARTESIAN_POINT('',(0.112126386927248,-0.178472201482221,0.0274997939367986));
#8887=CARTESIAN_POINT('',(0.111623091402304,-0.179149825208095,0.0274156454200095));
#8888=CARTESIAN_POINT('',(0.110860437295669,-0.178786610932947,0.0277120090844128));
#8889=CARTESIAN_POINT('',(0.112145004056702,-0.179073179203978,0.0285242852104521));
#8890=CARTESIAN_POINT('',(0.111614603918018,-0.179201786961457,0.0285834671320423));
#8891=CARTESIAN_POINT('',(0.111322317039937,-0.179117913970656,0.0290506285998199));
#8892=CARTESIAN_POINT('',(0.112351960146056,-0.179748038598403,0.0299133177884259));
#8893=CARTESIAN_POINT('',(0.112237628094288,-0.17971103336598,0.0300142583794647));
#8894=CARTESIAN_POINT('',(0.112123296068158,-0.179674028156349,0.0301151990285501));
#8895=CARTESIAN_POINT('',(0.112512560247083,-0.179961600873753,0.0306410214168039));
#8896=CARTESIAN_POINT('',(0.112512560247083,-0.179961600873753,0.0306410214168039));
#8897=CARTESIAN_POINT('',(0.112512560247083,-0.179961600873753,0.0306410214168039));
#8898=CARTESIAN_POINT('',(0.11130694845028,-0.177871127306782,0.0270260955538052));
#8899=CARTESIAN_POINT('',(0.0993217234809112,-0.202444480103671,0.0263));
#8900=CARTESIAN_POINT('',(0.11130694845028,-0.177871127306782,0.0255739044461947));
#8901=CARTESIAN_POINT('',(0.110868731815203,-0.178769604557125,0.0256004527296977));
#8902=CARTESIAN_POINT('',(0.111767525861502,-0.179207975703914,0.0256004527296977));
#8903=CARTESIAN_POINT('',(0.112205742496579,-0.178309498453571,0.0255739044461947));
#8904=CARTESIAN_POINT('',(0.11086043729567,-0.178786610932947,0.0248879909155923));
#8905=CARTESIAN_POINT('',(0.11162309140231,-0.179149825208095,0.0251843545799941));
#8906=CARTESIAN_POINT('',(0.112126386927248,-0.178472201482221,0.0251002060631963));
#8907=CARTESIAN_POINT('',(0.111322317039949,-0.17911791397066,0.0235493714001905));
#8908=CARTESIAN_POINT('',(0.111614603917946,-0.179201786961633,0.0240165328680086));
#8909=CARTESIAN_POINT('',(0.112145004056712,-0.179073179203979,0.0240757147895672));
#8910=CARTESIAN_POINT('',(0.112123296068135,-0.179674028156343,0.022484800971424));
#8911=CARTESIAN_POINT('',(0.112237628094415,-0.179711033365655,0.0225857416204391));
#8912=CARTESIAN_POINT('',(0.112351960146036,-0.1797480385984,0.0226866822115407));
#8913=CARTESIAN_POINT('',(0.112512560247083,-0.179961600873753,0.0219589785831961));
#8914=CARTESIAN_POINT('',(0.112512560247083,-0.179961600873753,0.0219589785831961));
#8915=CARTESIAN_POINT('',(0.112512560247083,-0.179961600873753,0.0219589785831961));
#8916=CARTESIAN_POINT('',(0.0181865334794732,-0.20949951855925,0.16));
#8917=CARTESIAN_POINT('',(0.035,-0.21649951855925,0.16));
#8918=CARTESIAN_POINT('',(0.035,-0.199613331133252,0.129892753460391));
#8919=CARTESIAN_POINT('',(0.035,-0.207277224011633,0.127421387801665));
#8920=CARTESIAN_POINT('',(0.035,-0.199541901857297,0.129915778903727));
#8921=CARTESIAN_POINT('',(0.035,-0.166590591104789,0.137875927979419));
#8922=CARTESIAN_POINT('',(0.035,-0.21649951855925,0.158));
#8923=CARTESIAN_POINT('',(0.035,-0.207346629762851,0.127393113495672));
#8924=CARTESIAN_POINT('',(-0.092,-0.099379778855817,0.1410894050357));
#8925=CARTESIAN_POINT('',(0.012,-0.099379778855817,0.1410894050357));
#8926=CARTESIAN_POINT('',(0.012,-0.113159557711634,0.139919142851939));
#8927=CARTESIAN_POINT('',(0.084,-0.099379778855817,0.1410894050357));
#8928=CARTESIAN_POINT('',(0.084,-0.113159557711634,0.139919142851939));
#8929=CARTESIAN_POINT('',(-0.092,-0.113159557711634,0.139919142851939));
#8930=CARTESIAN_POINT('',(-0.092,-0.11679563245085,0.139329081616031));
#8931=CARTESIAN_POINT('',(0.012,-0.11679563245085,0.139329081616031));
#8932=CARTESIAN_POINT('',(0.084,-0.11679563245085,0.139329081616031));
#8933=CARTESIAN_POINT('',(0.084,-0.217769282009331,0.123006254305464));
#8934=CARTESIAN_POINT('',(0.084,-0.112178913901169,0.131973627153701));
#8935=CARTESIAN_POINT('',(0.084,-0.222219082162146,0.114116338087761));
#8936=CARTESIAN_POINT('',(0.084,-0.11884940322357,0.130891141931043));
#8937=CARTESIAN_POINT('',(0.084,-0.225389311355091,0.105153969968231));
#8938=CARTESIAN_POINT('',(0.084,-0.194659635001829,0.112577432016735));
#8939=CARTESIAN_POINT('',(0.084,-0.228936881582556,0.101524092490779));
#8940=CARTESIAN_POINT('',(0.084,-0.201110966681689,0.110497079404861));
#8941=CARTESIAN_POINT('',(0.084,-0.232094312397854,0.0978751772991217));
#8942=CARTESIAN_POINT('',(0.084,-0.243647555258658,0.0931686520023127));
#8943=CARTESIAN_POINT('',(0.084,-0.235327181514472,0.0971422053973154));
#8944=CARTESIAN_POINT('',(0.084,-0.250006489518621,0.0901318214951583));
#8945=CARTESIAN_POINT('',(0.084,-0.238651671231063,0.0963975740156243));
#8946=CARTESIAN_POINT('',(0.027,-0.21249951855925,0.099));
#8947=CARTESIAN_POINT('',(0.136,-0.210183325745153,-0.0400600879310863));
#8948=CARTESIAN_POINT('',(0.136,-0.2069408045244,-0.0405981047153473));
#8949=CARTESIAN_POINT('',(0.136,-0.245030440800236,-0.0287371356021627));
#8950=CARTESIAN_POINT('',(0.1,-0.266952738912233,-0.0212562430025576));
#8951=CARTESIAN_POINT('',(0.136,-0.276635034634566,-0.0179522000575001));
#8952=CARTESIAN_POINT('',(0.136,-0.279679667427116,-0.0164178968521427));
#8953=CARTESIAN_POINT('',(0.136,-0.282724300219666,-0.0148835936467852));
#8954=CARTESIAN_POINT('',(0.136,-0.328269967382976,0.0174805563029497));
#8955=CARTESIAN_POINT('',(0.136,-0.327539934765952,0.0160886191115651));
#8956=CARTESIAN_POINT('',(0.012,-0.107300836695309,-0.062));
#8957=CARTESIAN_POINT('',(0.012,-0.126145377377135,-0.062));
#8958=CARTESIAN_POINT('',(-1.04083408558608E-17,-0.124634030579425,-0.062));
#8959=CARTESIAN_POINT('',(-0.00931595971334865,-0.121243298540143,0.146870502685116));
#8960=CARTESIAN_POINT('',(0.0093159597133486,-0.128024762618707,-0.062));
#8961=CARTESIAN_POINT('',(-1.04083408558608E-17,-0.159300418347655,-0.062));
#8962=CARTESIAN_POINT('',(-0.00931595971334865,-0.162691150386937,0.128294281909298));
#8963=CARTESIAN_POINT('',(-0.012,-0.14196722446354,-0.062));
#8964=CARTESIAN_POINT('',(-0.012,-0.123122683781714,0.138765848371671));
#8965=CARTESIAN_POINT('',(-0.012,-0.160811765145365,0.136524402374515));
#8966=CARTESIAN_POINT('',(-1.30104260698261E-17,-0.193966806115885,-0.062));
#8967=CARTESIAN_POINT('',(-0.00931595971334864,-0.190576074076603,0.16));
#8968=CARTESIAN_POINT('',(0.00931595971334858,-0.197357538155167,-0.062));
#8969=CARTESIAN_POINT('',(0.012,-0.245966387768231,-0.062));
#8970=CARTESIAN_POINT('',(0.012,-0.231999518559249,0.158));
#8971=CARTESIAN_POINT('',(0.012,-0.227121847086405,0.156));
#8972=CARTESIAN_POINT('',(0.012,-0.264810928450055,-0.062));
#8973=CARTESIAN_POINT('',(0.012,-0.235999518559249,0.115720585914311));
#8974=CARTESIAN_POINT('',(0.,-0.228633193884116,-0.062));
#8975=CARTESIAN_POINT('',(0.00931595971334856,-0.225242461844834,0.16));
#8976=CARTESIAN_POINT('',(-0.00931595971334863,-0.232023925923397,-0.062));
#8977=CARTESIAN_POINT('',(-0.012,-0.2113,-0.062));
#8978=CARTESIAN_POINT('',(-0.012,-0.192455459318175,0.156));
#8979=CARTESIAN_POINT('',(-0.012,-0.230144540681826,-0.062));
#8980=CARTESIAN_POINT('',(0.012,-0.17663361223177,-0.062));
#8981=CARTESIAN_POINT('',(0.012,-0.16825866626137,0.16));
#8982=CARTESIAN_POINT('',(0.012,-0.167712095770505,0.16));
#8983=CARTESIAN_POINT('',(0.012,-0.166628114517429,0.159604408984857));
#8984=CARTESIAN_POINT('',(0.012,-0.166120954113702,0.158547739792926));
#8985=CARTESIAN_POINT('',(0.012,-0.166120954113702,0.158));
#8986=CARTESIAN_POINT('',(0.012,-0.166120954113702,0.138443241084671));
#8987=CARTESIAN_POINT('',(0.012,-0.166120954113702,0.13782310297854));
#8988=CARTESIAN_POINT('',(0.012,-0.165457502986288,0.136636599521789));
#8989=CARTESIAN_POINT('',(0.012,-0.164131775712873,0.136412381429239));
#8990=CARTESIAN_POINT('',(0.012,-0.163529881568163,0.136557782841512));
#8991=CARTESIAN_POINT('',(0.012,-0.157789071549944,0.130404491615225));
#8992=CARTESIAN_POINT('',(0.012,-0.195478152913596,-0.062));
#8993=CARTESIAN_POINT('',(0.012,-0.31529916330469,-0.062));
#8994=CARTESIAN_POINT('',(0.012,-0.296454622622865,0.0752143908535131));
#8995=CARTESIAN_POINT('',(-1.82145964977565E-17,-0.297965969420576,-0.062));
#8996=CARTESIAN_POINT('',(0.00931595971334859,-0.294575237381293,0.0843515647159726));
#8997=CARTESIAN_POINT('',(-0.00931595971334865,-0.301356701459857,-0.062));
#8998=CARTESIAN_POINT('',(-0.012,-0.28063277553646,-0.062));
#8999=CARTESIAN_POINT('',(-0.012,-0.261788234854635,0.094343803674875));
#9000=CARTESIAN_POINT('',(-0.012,-0.299477316218285,-0.062));
#9001=CARTESIAN_POINT('',(5.20417042793042E-18,-0.263299581652346,-0.062));
#9002=CARTESIAN_POINT('',(-0.00931595971334865,-0.259908849613063,0.103480977537334));
#9003=CARTESIAN_POINT('',(0.00931595971334856,-0.266690313691627,-0.062));
#9004=CARTESIAN_POINT('',(-0.0939189964734075,-0.108194683544015,0.0263));
#9005=CARTESIAN_POINT('',(-1.21430643318376E-17,-0.154002038809498,0.0263));
#9006=CARTESIAN_POINT('',(-1.07801792906083E-17,-0.176259640628704,0.0263));
#9007=CARTESIAN_POINT('',(-9.91097618624999E-18,-0.175141475678533,0.0463));
#9008=CARTESIAN_POINT('',(-1.01034089948493E-17,-0.172,-0.004));
#9009=CARTESIAN_POINT('',(-1.01034089948493E-17,-0.172,-0.004));
#9010=CARTESIAN_POINT('',(-1.04095706946361E-17,-0.167,-0.004));
#9011=CARTESIAN_POINT('',(-2.00000000001588E-6,-0.172,-0.004));
#9012=CARTESIAN_POINT('',(0.092,-0.172,-0.004));
#9013=CARTESIAN_POINT('',(0.092,-0.172,0.001));
#9014=CARTESIAN_POINT('',(-2.00000000001588E-6,-0.172,-0.004));
#9015=CARTESIAN_POINT('',(0.084,-0.172,-0.004));
#9016=CARTESIAN_POINT('',(0.084,-0.167280684492672,0.00481635191801564));
#9017=CARTESIAN_POINT('',(0.084,-0.162375313496393,-0.00671392883238928));
#9018=CARTESIAN_POINT('',(0.084,-0.172,-0.004));
#9019=CARTESIAN_POINT('',(0.092,-0.2113,0.0468307812520568));
#9020=CARTESIAN_POINT('',(0.092,-0.172,-0.004));
#9021=CARTESIAN_POINT('',(0.092,-0.172,-0.0013));
#9022=CARTESIAN_POINT('',(-9.91097618624999E-18,-0.175141475678533,0.0463));
#9023=CARTESIAN_POINT('',(-1.31040232104977E-17,-0.123,0.083));
#9024=CARTESIAN_POINT('',(-1.34101849102845E-17,-0.118,0.083));
#9025=CARTESIAN_POINT('',(-1.31040232104977E-17,-0.123,0.083));
#9026=CARTESIAN_POINT('',(-1.37163466100713E-17,-0.113,0.083));
#9027=CARTESIAN_POINT('',(-2.00000000001588E-6,-0.123,0.083));
#9028=CARTESIAN_POINT('',(0.092,-0.123,0.083));
#9029=CARTESIAN_POINT('',(0.092,-0.123,0.088));
#9030=CARTESIAN_POINT('',(-2.00000000001588E-6,-0.123,0.083));
#9031=CARTESIAN_POINT('',(0.084,-0.123,0.083));
#9032=CARTESIAN_POINT('',(0.084,-0.123,0.073));
#9033=CARTESIAN_POINT('',(-9.91097618624999E-18,-0.175141475678533,0.0463));
#9034=CARTESIAN_POINT('',(-4.04161770782389E-18,-0.271,0.033));
#9035=CARTESIAN_POINT('',(-4.34777940761073E-18,-0.266,0.033));
#9036=CARTESIAN_POINT('',(-4.04161770782389E-18,-0.271,0.033));
#9037=CARTESIAN_POINT('',(-4.65394110739757E-18,-0.261,0.033));
#9038=CARTESIAN_POINT('',(-2.00000000001588E-6,-0.271,0.033));
#9039=CARTESIAN_POINT('',(0.092,-0.271,0.033));
#9040=CARTESIAN_POINT('',(0.092,-0.271,0.038));
#9041=CARTESIAN_POINT('',(-2.00000000001588E-6,-0.271,0.033));
#9042=CARTESIAN_POINT('',(0.084,-0.271,0.033));
#9043=CARTESIAN_POINT('',(0.084,-0.271,0.023));
#9044=CARTESIAN_POINT('',(0.092,-0.2113,0.0468307812520568));
#9045=CARTESIAN_POINT('',(0.092,-0.123,0.083));
#9046=CARTESIAN_POINT('',(0.092,-0.123,0.0857));
#9047=CARTESIAN_POINT('',(0.092,-0.2113,0.0468307812520568));
#9048=CARTESIAN_POINT('',(0.092,-0.271,0.033));
#9049=CARTESIAN_POINT('',(0.092,-0.271,0.0357));
#9050=CARTESIAN_POINT('',(0.117,-0.271,0.033));
#9051=CARTESIAN_POINT('',(0.117,-0.172,-0.004));
#9052=CARTESIAN_POINT('',(0.117,-0.123,0.083));
#9053=CARTESIAN_POINT('',(0.084,-0.271,0.033));
#9054=CARTESIAN_POINT('',(0.092,-0.231687440284712,0.0263));
#9055=CARTESIAN_POINT('',(0.092,-0.226688485469437,0.0263));
#9056=CARTESIAN_POINT('',(0.0875069691743127,-0.224497087914318,0.0263));
#9057=CARTESIAN_POINT('',(0.092,-0.231687440284712,0.0219808914430237));
#9058=CARTESIAN_POINT('',(0.092,-0.226688485469437,0.022710125271071));
#9059=CARTESIAN_POINT('',(0.0875069691743127,-0.224497087914318,0.0230279480628967));
#9060=CARTESIAN_POINT('',(0.092,-0.229775715178286,0.0133426743290711));
#9061=CARTESIAN_POINT('',(0.092,-0.224919043935184,0.0154447528438246));
#9062=CARTESIAN_POINT('',(0.0873243679692456,-0.222959750760119,0.0164838441886903));
#9063=CARTESIAN_POINT('',(0.092,-0.221609505749313,0.00235798307542779));
#9064=CARTESIAN_POINT('',(0.092,-0.217474757503225,0.00657630797659901));
#9065=CARTESIAN_POINT('',(0.0865443605939443,-0.216392793449186,0.00816210839047562));
#9066=CARTESIAN_POINT('',(0.092,-0.209387937939167,-0.0049817493057187));
#9067=CARTESIAN_POINT('',(0.092,-0.206622561079249,0.00132120542153622));
#9068=CARTESIAN_POINT('',(0.0853769997623893,-0.206564670036487,0.00260170507142524));
#9069=CARTESIAN_POINT('',(0.092,-0.194971517216748,-0.00755913328978783));
#9070=CARTESIAN_POINT('',(0.092,-0.194455081858172,0.000603658965692177));
#9071=CARTESIAN_POINT('',(0.0839999943614457,-0.194971528777498,0.000649141447130429));
#9072=CARTESIAN_POINT('',(0.092,-0.180555450688024,-0.00498171753512997));
#9073=CARTESIAN_POINT('',(0.092,-0.183389622564474,0.00433501687839158));
#9074=CARTESIAN_POINT('',(0.0826230227918281,-0.183378672347706,0.00260172914005304));
#9075=CARTESIAN_POINT('',(0.092,-0.168332820296794,0.00235785599307297));
#9076=CARTESIAN_POINT('',(0.092,-0.175535984346795,0.0112215388198823));
#9077=CARTESIAN_POINT('',(0.0814555604662949,-0.173549694447416,0.00816201211596436));
#9078=CARTESIAN_POINT('',(0.092,-0.161530892548185,0.0115122684054303));
#9079=CARTESIAN_POINT('',(0.092,-0.172352900594534,0.0176568011407127));
#9080=CARTESIAN_POINT('',(0.0808058644406997,-0.168079840955943,0.0150971730344169));
#9081=CARTESIAN_POINT('',(0.092,-0.1587294521979,0.0198206858674668));
#9082=CARTESIAN_POINT('',(0.092,-0.171231269010204,0.0226336907982605));
#9083=CARTESIAN_POINT('',(0.0805382807895953,-0.165827028393462,0.0213914286874748));
#9084=CARTESIAN_POINT('',(0.092,-0.158018842221074,0.0263));
#9085=CARTESIAN_POINT('',(0.092,-0.170971291148278,0.0263));
#9086=CARTESIAN_POINT('',(0.0804704058437335,-0.165255582678883,0.0263));
#9087=CARTESIAN_POINT('',(0.0920000000000001,-0.1587294521979,0.0327793141325332));
#9088=CARTESIAN_POINT('',(0.092,-0.171231269010204,0.0299663092017395));
#9089=CARTESIAN_POINT('',(0.0805382807895953,-0.165827028393462,0.0312085713125252));
#9090=CARTESIAN_POINT('',(0.092,-0.161530892548185,0.0410877315945695));
#9091=CARTESIAN_POINT('',(0.092,-0.172352900594534,0.0349431988592872));
#9092=CARTESIAN_POINT('',(0.0808058644406997,-0.168079840955943,0.037502826965583));
#9093=CARTESIAN_POINT('',(0.092,-0.168332820296794,0.0502421440069271));
#9094=CARTESIAN_POINT('',(0.0919999999999999,-0.175535984346795,0.0413784611801178));
#9095=CARTESIAN_POINT('',(0.0814555604662948,-0.173549694447416,0.0444379878840357));
#9096=CARTESIAN_POINT('',(0.092,-0.180555450688024,0.0575817175351299));
#9097=CARTESIAN_POINT('',(0.0920000000000001,-0.183389622564474,0.0482649831216084));
#9098=CARTESIAN_POINT('',(0.0826230227918281,-0.183378672347706,0.0499982708599469));
#9099=CARTESIAN_POINT('',(0.092,-0.194971517216748,0.0601591332897879));
#9100=CARTESIAN_POINT('',(0.092,-0.194455081858172,0.0519963410343078));
#9101=CARTESIAN_POINT('',(0.0839999943614457,-0.194971528777498,0.0519508585528696));
#9102=CARTESIAN_POINT('',(0.092,-0.209387937939167,0.0575817493057187));
#9103=CARTESIAN_POINT('',(0.092,-0.206622561079249,0.0512787945784637));
#9104=CARTESIAN_POINT('',(0.0853769997623893,-0.206564670036487,0.0499982949285748));
#9105=CARTESIAN_POINT('',(0.092,-0.221609505749312,0.0502420169245723));
#9106=CARTESIAN_POINT('',(0.092,-0.217474757503225,0.0460236920234011));
#9107=CARTESIAN_POINT('',(0.0865443605939443,-0.216392793449186,0.0444378916095245));
#9108=CARTESIAN_POINT('',(0.092,-0.229775715178286,0.0392573256709289));
#9109=CARTESIAN_POINT('',(0.0919999999999999,-0.224919043935184,0.0371552471561754));
#9110=CARTESIAN_POINT('',(0.0873243679692456,-0.222959750760119,0.0361161558113098));
#9111=CARTESIAN_POINT('',(0.092,-0.231687440284712,0.0306191085569763));
#9112=CARTESIAN_POINT('',(0.092,-0.226688485469437,0.029889874728929));
#9113=CARTESIAN_POINT('',(0.0875069691743127,-0.224497087914318,0.0295720519371033));
#9114=CARTESIAN_POINT('',(0.092,-0.231687440284712,0.0263));
#9115=CARTESIAN_POINT('',(0.092,-0.226688485469437,0.0263));
#9116=CARTESIAN_POINT('',(0.0875069691743127,-0.224497087914318,0.0263));
#9117=CARTESIAN_POINT('',(0.092,-0.167423114793222,0.0481156579431857));
#9118=CARTESIAN_POINT('',(0.092,-0.16708716724151,0.0472842150754034));
#9119=CARTESIAN_POINT('',(0.0919664397441305,-0.166167013189178,0.0457563563315311));
#9120=CARTESIAN_POINT('',(0.092,-0.164811021866775,0.0445699966460048));
#9121=CARTESIAN_POINT('',(0.092,-0.164050805785207,0.0440943204838786));
#9122=CARTESIAN_POINT('',(0.092,-0.16233385316493,0.0111843868945326));
#9123=CARTESIAN_POINT('',(0.092,-0.163033563634493,0.0110118575756018));
#9124=CARTESIAN_POINT('',(0.0918960754141977,-0.164447094208285,0.010649750542421));
#9125=CARTESIAN_POINT('',(0.0913598735070925,-0.167168541381977,0.00988692587596125));
#9126=CARTESIAN_POINT('',(0.090198224356759,-0.170459100907332,0.0088165015605663));
#9127=CARTESIAN_POINT('',(0.0887538699883808,-0.173540764178775,0.007543405118339));
#9128=CARTESIAN_POINT('',(0.087848780449839,-0.175993911305733,0.00630068782261442));
#9129=CARTESIAN_POINT('',(0.0875720744417545,-0.177883262594042,0.00519484050257396));
#9130=CARTESIAN_POINT('',(0.0878961403544457,-0.179650898778984,0.00400065631145945));
#9131=CARTESIAN_POINT('',(0.0888220794457561,-0.181844211230945,0.00231638706946209));
#9132=CARTESIAN_POINT('',(0.0902414448873889,-0.184305518130808,7.97529403624423E-5));
#9133=CARTESIAN_POINT('',(0.0913631130051326,-0.186638021944004,-0.00243673232545235));
#9134=CARTESIAN_POINT('',(0.0918962532814951,-0.188469647260188,-0.004623001205647));
#9135=CARTESIAN_POINT('',(0.092,-0.189402739249452,-0.00580542196830435));
#9136=CARTESIAN_POINT('',(0.092,-0.189842440711865,-0.00637640683461254));
#9137=CARTESIAN_POINT('',(0.084,-0.172,-0.004));
#9138=CARTESIAN_POINT('',(0.092,-0.160392457398539,0.0097573600212857));
#9139=CARTESIAN_POINT('',(0.092,-0.161494294839631,0.0096465777366117));
#9140=CARTESIAN_POINT('',(0.0917630103358255,-0.163681225958621,0.00896865864011537));
#9141=CARTESIAN_POINT('',(0.0901348447160303,-0.166034638696893,0.00698898182555236));
#9142=CARTESIAN_POINT('',(0.0873503574538878,-0.167100780986014,0.00525763253479761));
#9143=CARTESIAN_POINT('',(0.0851270307352908,-0.167280684492673,0.00481635191801444));
#9144=CARTESIAN_POINT('',(0.0840000000000002,-0.167280684492673,0.00481635191801442));
#9145=CARTESIAN_POINT('',(0.084,-0.162375313496392,-0.00671392883238924));
#9146=CARTESIAN_POINT('',(0.0851265332388468,-0.162375313496392,-0.00671392883238924));
#9147=CARTESIAN_POINT('',(0.0873445687111335,-0.161933553249715,-0.00688996369544648));
#9148=CARTESIAN_POINT('',(0.0901212428924057,-0.159957543842079,-0.00732025668362395));
#9149=CARTESIAN_POINT('',(0.0917532866560708,-0.156919397485785,-0.00700894740567179));
#9150=CARTESIAN_POINT('',(0.092,-0.154898053851088,-0.00590794910850683));
#9151=CARTESIAN_POINT('',(0.092,-0.154038569775633,-0.005177719956189));
#9152=CARTESIAN_POINT('',(0.084,-0.123,0.083));
#9153=CARTESIAN_POINT('',(-0.142,-0.148012072013003,-0.0340981047153473));
#9154=CARTESIAN_POINT('',(0.1,-0.149079142670701,-0.0301157428055526));
#9155=CARTESIAN_POINT('',(0.092,-0.146945001355304,-0.0380804666251422));
#9156=CARTESIAN_POINT('',(-0.142,-0.11280140292869,-0.0340981047153473));
#9157=CARTESIAN_POINT('',(0.1,-0.113868473586388,-0.0380804666251423));
#9158=CARTESIAN_POINT('',(0.092,-0.111734332270992,-0.0301157428055524));
#9159=CARTESIAN_POINT('',(-0.142,-0.208682474275203,-0.0340981047153475));
#9160=CARTESIAN_POINT('',(0.1,-0.209749544932901,-0.0301157428055526));
#9161=CARTESIAN_POINT('',(-0.142,-0.17347180519089,-0.0340981047153473));
#9162=CARTESIAN_POINT('',(0.1,-0.174538875848588,-0.0380804666251423));
#9163=CARTESIAN_POINT('',(0.092,-0.172404734533192,-0.0301157428055524));
#9164=CARTESIAN_POINT('',(-0.142,-0.191077139733046,-0.0275981047153473));
#9165=CARTESIAN_POINT('',(0.1,-0.17433658618577,-0.0275981047153473));
#9166=CARTESIAN_POINT('',(0.0943,-0.182080812309974,-0.0275981047153473));
#9167=CARTESIAN_POINT('',(0.0943,-0.182080812309974,-0.0275981047153473));
#9168=CARTESIAN_POINT('',(0.0943,-0.191077139733046,-0.0275981047153473));
#9169=CARTESIAN_POINT('',(0.0943,-0.200073467156118,-0.0275981047153473));
#9170=CARTESIAN_POINT('',(0.0943,-0.200073467156118,-0.0275981047153473));
#9171=CARTESIAN_POINT('',(0.092,-0.207817693280323,-0.0275981047153473));
#9172=CARTESIAN_POINT('',(-0.142,-0.264306820078174,-0.0172268317655694));
#9173=CARTESIAN_POINT('',(0.092,-0.264306820078174,-0.0193634173740837));
#9174=CARTESIAN_POINT('',(0.1,-0.264306820078174,-0.0151199236010515));
#9175=CARTESIAN_POINT('',(-0.142,-0.223848236222255,-0.031278658823172));
#9176=CARTESIAN_POINT('',(0.1,-0.225070808797988,-0.0325108683701805));
#9177=CARTESIAN_POINT('',(0.092,-0.222600885640072,-0.0300214759562067));
#9178=CARTESIAN_POINT('',(-0.142,-0.242340549035107,-0.0200359143905379));
#9179=CARTESIAN_POINT('',(0.1,-0.223355870433206,-0.0267265374866806));
#9180=CARTESIAN_POINT('',(0.092,-0.261642050336955,-0.0132336359265015));
#9181=CARTESIAN_POINT('',(-0.142,-0.327539934765952,0.024343940114636));
#9182=CARTESIAN_POINT('',(0.1,-0.327539934765952,0.028785904950231));
#9183=CARTESIAN_POINT('',(-0.142,-0.275002066205271,-0.0119651305768355));
#9184=CARTESIAN_POINT('',(0.092,-0.270846941051131,-0.0103947845745295));
#9185=CARTESIAN_POINT('',(0.0943,-0.320617292849946,0.0195596825575605));
#9186=CARTESIAN_POINT('',(0.0943,-0.320617292849946,0.0195596825575605));
#9187=CARTESIAN_POINT('',(0.0943,-0.312790063182263,0.0308853914138804));
#9188=CARTESIAN_POINT('',(0.0943,-0.312790063182263,0.0308853914138804));
#9189=CARTESIAN_POINT('',(0.0943,-0.306195753943874,0.0128125598732872));
#9190=CARTESIAN_POINT('',(0.0943,-0.301835373836504,0.0191218669583802));
#9191=CARTESIAN_POINT('',(0.0943,-0.301835373836504,0.0191218669583802));
#9192=CARTESIAN_POINT('',(0.0943,-0.306195753943874,0.0128125598732872));
#9193=CARTESIAN_POINT('',(0.0943,-0.29804950701991,0.018558926485339));
#9194=CARTESIAN_POINT('',(0.0943,-0.297040433979323,0.0173788680136071));
#9195=CARTESIAN_POINT('',(0.0943,-0.297040433979323,0.0173788680136071));
#9196=CARTESIAN_POINT('',(0.0943,-0.29804950701991,0.018558926485339));
#9197=CARTESIAN_POINT('',(0.0943,-0.2986700189687,0.0192845829567034));
#9198=CARTESIAN_POINT('',(0.0943,-0.2986700189687,0.0192845829567034));
#9199=CARTESIAN_POINT('',(0.0943,-0.290700237136593,0.020168893427225));
#9200=CARTESIAN_POINT('',(0.0943,-0.287179879104081,0.02317916662039));
#9201=CARTESIAN_POINT('',(0.0943,-0.287179879104081,0.02317916662039));
#9202=CARTESIAN_POINT('',(0.0943,-0.290700237136593,0.020168893427225));
#9203=CARTESIAN_POINT('',(0.0943,-0.294220595169106,0.0171586202340601));
#9204=CARTESIAN_POINT('',(0.1,-0.294220595169106,0.0171586202340601));
#9205=CARTESIAN_POINT('',(0.0943,-0.29540830217421,0.0358792868473397));
#9206=CARTESIAN_POINT('',(0.0943,-0.303856973023886,0.0457595682640713));
#9207=CARTESIAN_POINT('',(0.0943,-0.303856973023886,0.0457595682640713));
#9208=CARTESIAN_POINT('',(0.0943,-0.29540830217421,0.0358792868473397));
#9209=CARTESIAN_POINT('',(0.0943,-0.286959631324534,0.0259990054306068));
#9210=CARTESIAN_POINT('',(0.1,-0.286959631324534,0.0259990054306068));
#9211=CARTESIAN_POINT('',(0.0943,-0.310844589308134,0.0424159317201266));
#9212=CARTESIAN_POINT('',(0.0943,-0.315012366782164,0.0388520473966347));
#9213=CARTESIAN_POINT('',(0.0943,-0.315012366782164,0.0388520473966346));
#9214=CARTESIAN_POINT('',(0.0943,-0.310844589308134,0.0424159317201266));
#9215=CARTESIAN_POINT('',(0.0943,-0.306676811834104,0.0459798160436183));
#9216=CARTESIAN_POINT('',(0.1,-0.306676811834104,0.0459798160436183));
#9217=CARTESIAN_POINT('',(0.0943,-0.314223541521125,0.0348521501146865));
#9218=CARTESIAN_POINT('',(0.0943,-0.312915331460304,0.0333222664462269));
#9219=CARTESIAN_POINT('',(0.0943,-0.312915331460304,0.0333222664462269));
#9220=CARTESIAN_POINT('',(0.0943,-0.314223541521125,0.0348521501146865));
#9221=CARTESIAN_POINT('',(0.0943,-0.315232614561712,0.036032208586418));
#9222=CARTESIAN_POINT('',(0.1,-0.315232614561712,0.036032208586418));
#9223=CARTESIAN_POINT('',(0.0943,-0.2113,-0.000659246578196743));
#9224=CARTESIAN_POINT('',(0.0943,-0.304612942701147,0.0289101039006345));
#9225=CARTESIAN_POINT('',(0.0943,-0.304612942701147,0.0268101039006345));
#9226=CARTESIAN_POINT('',(0.0943,-0.313712571266829,0.0373320041017528));
#9227=CARTESIAN_POINT('',(0.0943,-0.314435374755186,0.032022470930892));
#9228=CARTESIAN_POINT('',(0.0943,-0.300190062263582,0.0179847874413685));
#9229=CARTESIAN_POINT('',(0.0943,-0.295520390684441,0.018678663528942));
#9230=CARTESIAN_POINT('',(0.0943,-0.288479674619416,0.0246992099152719));
#9231=CARTESIAN_POINT('',(0.0943,-0.305377016318769,0.0444597727487364));
#9232=CARTESIAN_POINT('',(0.0943,-0.18007897602151,-0.0220981047153473));
#9233=CARTESIAN_POINT('',(0.0943,-0.179054050504959,-0.0192821450019987));
#9234=CARTESIAN_POINT('',(0.0943,-0.179054050504959,-0.0192821450019987));
#9235=CARTESIAN_POINT('',(0.0943,-0.18007897602151,-0.0220981047153473));
#9236=CARTESIAN_POINT('',(0.0943,-0.191077139733046,-0.0165981047153473));
#9237=CARTESIAN_POINT('',(0.0943,-0.191077139733046,-0.0165981047153473));
#9238=CARTESIAN_POINT('',(0.0943,-0.180933435746531,-0.0165981047153473));
#9239=CARTESIAN_POINT('',(0.0943,-0.201220843719562,-0.0165981047153473));
#9240=CARTESIAN_POINT('',(0.1,-0.180933435746531,-0.0165981047153473));
#9241=CARTESIAN_POINT('',(0.0943,-0.201220843719562,-0.0165981047153473));
#9242=CARTESIAN_POINT('',(0.0943,-0.202075303444582,-0.0220981047153473));
#9243=CARTESIAN_POINT('',(0.0943,-0.202075303444582,-0.0220981047153473));
#9244=CARTESIAN_POINT('',(0.0943,-0.203100228961133,-0.0192821450019987));
#9245=CARTESIAN_POINT('',(0.1,-0.203100228961133,-0.0192821450019987));
#9246=CARTESIAN_POINT('',(0.0943,-0.2113,-0.000659246578196743));
#9247=CARTESIAN_POINT('',(0.0943,-0.191077139733046,-0.0221689673426308));
#9248=CARTESIAN_POINT('',(0.0943,-0.191077139733046,-0.0242689673426308));
#9249=CARTESIAN_POINT('',(0.0943,-0.180933435746531,-0.0185981047153474));
#9250=CARTESIAN_POINT('',(0.0943,-0.201220843719562,-0.0185981047153474));
#9251=CARTESIAN_POINT('',(0.0943,-0.119408573759311,-0.0220981047153473));
#9252=CARTESIAN_POINT('',(0.0943,-0.118383648242759,-0.0192821450019987));
#9253=CARTESIAN_POINT('',(0.0943,-0.118383648242759,-0.0192821450019987));
#9254=CARTESIAN_POINT('',(0.0943,-0.119408573759311,-0.0220981047153473));
#9255=CARTESIAN_POINT('',(0.0943,-0.130406737470847,-0.0165981047153473));
#9256=CARTESIAN_POINT('',(0.0943,-0.130406737470847,-0.0165981047153473));
#9257=CARTESIAN_POINT('',(0.0943,-0.140550441457362,-0.0165981047153473));
#9258=CARTESIAN_POINT('',(0.0943,-0.120263033484331,-0.0165981047153473));
#9259=CARTESIAN_POINT('',(0.1,-0.120263033484331,-0.0165981047153473));
#9260=CARTESIAN_POINT('',(0.0943,-0.140550441457362,-0.0165981047153473));
#9261=CARTESIAN_POINT('',(0.0943,-0.141404901182383,-0.0220981047153473));
#9262=CARTESIAN_POINT('',(0.0943,-0.141404901182383,-0.0220981047153473));
#9263=CARTESIAN_POINT('',(0.0943,-0.142429826698934,-0.0192821450019987));
#9264=CARTESIAN_POINT('',(0.1,-0.142429826698934,-0.0192821450019987));
#9265=CARTESIAN_POINT('',(0.0943,-0.2113,-0.000659246578196743));
#9266=CARTESIAN_POINT('',(0.0943,-0.130406737470847,-0.0220447326596775));
#9267=CARTESIAN_POINT('',(0.0943,-0.130406737470847,-0.0241447326596776));
#9268=CARTESIAN_POINT('',(0.0943,-0.120263033484331,-0.0185981047153474));
#9269=CARTESIAN_POINT('',(0.0943,-0.140550441457362,-0.0185981047153474));
#9270=CARTESIAN_POINT('',(-0.147,-0.130406737470847,-0.0220447326596775));
#9271=CARTESIAN_POINT('',(0.0886,-0.130406737470847,-0.0220447326596775));
#9272=CARTESIAN_POINT('',(0.0886,-0.130406737470847,-0.0199447326596775));
#9273=CARTESIAN_POINT('',(-0.147,-0.191077139733046,-0.0221689673426308));
#9274=CARTESIAN_POINT('',(0.0886,-0.191077139733046,-0.0221689673426308));
#9275=CARTESIAN_POINT('',(0.0886,-0.191077139733046,-0.0200689673426308));
#9276=CARTESIAN_POINT('',(-0.147,-0.304612942701147,0.0289101039006345));
#9277=CARTESIAN_POINT('',(0.0886,-0.304612942701147,0.0289101039006345));
#9278=CARTESIAN_POINT('',(0.0886,-0.304612942701147,0.0310101039006345));
#9279=CARTESIAN_POINT('',(0.0886,-0.304612942701147,0.0289101039006345));
#9280=CARTESIAN_POINT('',(0.0886,-0.304612942701147,0.0289101039006345));
#9281=CARTESIAN_POINT('',(0.0886,-0.304612942701147,0.0334101039006345));
#9282=CARTESIAN_POINT('',(0.0886,-0.223195237671055,-0.00210604114623642));
#9283=CARTESIAN_POINT('',(0.0886,-0.191077139733046,-0.0221689673426308));
#9284=CARTESIAN_POINT('',(0.0886,-0.191077139733046,-0.0221689673426308));
#9285=CARTESIAN_POINT('',(0.0886,-0.191077139733046,-0.0176689673426308));
#9286=CARTESIAN_POINT('',(0.0886,-0.223195237671055,-0.00210604114623642));
#9287=CARTESIAN_POINT('',(0.0886,-0.130406737470847,-0.0220447326596775));
#9288=CARTESIAN_POINT('',(0.0886,-0.130406737470847,-0.0220447326596775));
#9289=CARTESIAN_POINT('',(0.0886,-0.130406737470847,-0.0175447326596775));
#9290=CARTESIAN_POINT('',(0.0886,-0.223195237671055,-0.00210604114623642));
#9291=CARTESIAN_POINT('',(0.092,-0.0812434792938376,-0.0257900039181275));
#9292=CARTESIAN_POINT('',(0.092,-0.0804190474739131,-0.0267725235013715));
#9293=CARTESIAN_POINT('',(0.092,-0.0820679111137621,-0.0248074843348836));
#9294=CARTESIAN_POINT('',(0.092,-0.0768869585876751,-0.00798190312090767));
#9295=CARTESIAN_POINT('',(0.092,-0.0768869585876751,-0.0254869482819985));
#9296=CARTESIAN_POINT('',(0.092,-0.0768869585876751,0.00952314204018308));
#9297=CARTESIAN_POINT('',(0.092,-0.0768869585876751,-0.0105266151952458));
#9298=CARTESIAN_POINT('',(0.092,-0.0812434792938376,0.130291004054071));
#9299=CARTESIAN_POINT('',(0.092,-0.0804190474739131,0.131273523637315));
#9300=CARTESIAN_POINT('',(0.092,-0.082067911113762,0.129308484470827));
#9301=CARTESIAN_POINT('',(0.092,-0.0768869585876751,0.112482903256851));
#9302=CARTESIAN_POINT('',(0.092,-0.0768869585876751,0.129987948417942));
#9303=CARTESIAN_POINT('',(0.092,-0.0768869585876751,0.109498336849472));
#9304=CARTESIAN_POINT('',(0.092,-0.0768869585876751,0.0949778580957603));
#9305=CARTESIAN_POINT('',(0.096,-0.0976100425553987,0.109866701662411));
#9306=CARTESIAN_POINT('',(0.096,-0.117610042555399,0.109866701662411));
#9307=CARTESIAN_POINT('',(0.096,-0.0776100425553987,0.109866701662411));
#9308=CARTESIAN_POINT('',(0.096,-0.117610042555399,0.0494892722416519));
#9309=CARTESIAN_POINT('',(0.1,-0.117610042555399,0.00470641965861338));
#9310=CARTESIAN_POINT('',(0.1,-0.117610042555399,0.00357071952729486));
#9311=CARTESIAN_POINT('',(0.0998353472751704,-0.117610042555399,0.00130136189299742));
#9312=CARTESIAN_POINT('',(0.1,-0.117610042555399,-0.000969813376219869));
#9313=CARTESIAN_POINT('',(0.1,-0.117610042555399,-0.00210641965861338));
#9314=CARTESIAN_POINT('',(0.096,-0.117610042555399,-0.0108881571791076));
#9315=CARTESIAN_POINT('',(0.1,-0.117610042555399,0.0547064196586134));
#9316=CARTESIAN_POINT('',(0.1,-0.117610042555399,0.0535707195272949));
#9317=CARTESIAN_POINT('',(0.0998353472751704,-0.117610042555399,0.0513013618929974));
#9318=CARTESIAN_POINT('',(0.1,-0.117610042555399,0.0490301866237801));
#9319=CARTESIAN_POINT('',(0.1,-0.117610042555399,0.0478935803413866));
#9320=CARTESIAN_POINT('',(0.096,-0.0976100425553986,-0.0108881571791076));
#9321=CARTESIAN_POINT('',(0.096,-0.0776100425553986,-0.0108881571791075));
#9322=CARTESIAN_POINT('',(0.096,-0.0376100425553986,0.00911184282089245));
#9323=CARTESIAN_POINT('',(0.096,-0.0376100425553987,0.0894892722416519));
#9324=CARTESIAN_POINT('',(-0.353,-0.0976100425553986,0.00948808514533144));
#9325=CARTESIAN_POINT('',(-0.353,-0.0976100425553986,0.0494880851453314));
#9326=CARTESIAN_POINT('',(-0.353,-0.0976100425553986,0.0894880851453314));
#9327=CARTESIAN_POINT('',(0.084,-0.143542127185999,0.0013));
#9328=CARTESIAN_POINT('',(0.098,-0.143542127185999,0.0013));
#9329=CARTESIAN_POINT('',(0.098,-0.15001831766219,-0.00420535711067866));
#9330=CARTESIAN_POINT('',(0.098,-0.137065936709809,-0.00420535711067865));
#9331=CARTESIAN_POINT('',(0.084,-0.137065936709809,-0.00420535711067864));
#9332=CARTESIAN_POINT('',(0.084,-0.15001831766219,-0.00420535711067866));
#9333=CARTESIAN_POINT('',(0.084,-0.127542127185999,0.0013));
#9334=CARTESIAN_POINT('',(0.084,-0.13401831766219,-0.00420535711067866));
#9335=CARTESIAN_POINT('',(0.098,-0.13401831766219,-0.00420535711067866));
#9336=CARTESIAN_POINT('',(0.098,-0.127542127185999,0.0013));
#9337=CARTESIAN_POINT('',(0.098,-0.13401831766219,0.00680535711067864));
#9338=CARTESIAN_POINT('',(0.084,-0.13401831766219,0.00680535711067864));
#9339=CARTESIAN_POINT('',(0.084,-0.143542127185999,0.0013));
#9340=CARTESIAN_POINT('',(0.098,-0.143542127185999,0.0013));
#9341=CARTESIAN_POINT('',(0.098,-0.137065936709809,0.00680535711067864));
#9342=CARTESIAN_POINT('',(0.098,-0.15001831766219,0.00680535711067864));
#9343=CARTESIAN_POINT('',(0.084,-0.15001831766219,0.00680535711067865));
#9344=CARTESIAN_POINT('',(0.084,-0.137065936709809,0.00680535711067864));
#9345=CARTESIAN_POINT('',(0.084,-0.159542127185999,0.0013));
#9346=CARTESIAN_POINT('',(0.098,-0.159542127185999,0.0013));
#9347=CARTESIAN_POINT('',(0.098,-0.153065936709808,0.00680535711067864));
#9348=CARTESIAN_POINT('',(0.098,-0.153065936709808,-0.00420535711067865));
#9349=CARTESIAN_POINT('',(0.084,-0.153065936709808,-0.00420535711067865));
#9350=CARTESIAN_POINT('',(0.084,-0.159542127185999,0.0013));
#9351=CARTESIAN_POINT('',(0.084,-0.153065936709808,0.00680535711067865));
#9352=CARTESIAN_POINT('',(0.084,-0.00496808532155318,0.0263));
#9353=CARTESIAN_POINT('',(0.084,-0.143542127185999,0.0513));
#9354=CARTESIAN_POINT('',(0.084,-0.151542127185999,0.0484277186767309));
#9355=CARTESIAN_POINT('',(0.098,-0.151542127185999,0.0484277186767309));
#9356=CARTESIAN_POINT('',(0.098,-0.143542127185999,0.0513));
#9357=CARTESIAN_POINT('',(0.098,-0.135542127185999,0.048427718676731));
#9358=CARTESIAN_POINT('',(0.084,-0.135542127185999,0.048427718676731));
#9359=CARTESIAN_POINT('',(0.084,-0.127542127185999,0.0513));
#9360=CARTESIAN_POINT('',(0.098,-0.127542127185999,0.0513));
#9361=CARTESIAN_POINT('',(0.098,-0.13401831766219,0.0568053571106786));
#9362=CARTESIAN_POINT('',(0.084,-0.13401831766219,0.0568053571106786));
#9363=CARTESIAN_POINT('',(0.084,-0.143542127185999,0.0513));
#9364=CARTESIAN_POINT('',(0.098,-0.143542127185999,0.0513));
#9365=CARTESIAN_POINT('',(0.098,-0.137065936709809,0.0568053571106786));
#9366=CARTESIAN_POINT('',(0.098,-0.15001831766219,0.0568053571106787));
#9367=CARTESIAN_POINT('',(0.084,-0.15001831766219,0.0568053571106787));
#9368=CARTESIAN_POINT('',(0.084,-0.137065936709809,0.0568053571106786));
#9369=CARTESIAN_POINT('',(0.084,-0.159542127185999,0.0513));
#9370=CARTESIAN_POINT('',(0.084,-0.153065936709808,0.0568053571106787));
#9371=CARTESIAN_POINT('',(0.098,-0.153065936709808,0.0568053571106787));
#9372=CARTESIAN_POINT('',(0.098,-0.159542127185999,0.0513));
#9373=CARTESIAN_POINT('',(0.092,-0.0788869585876751,0.129987948417942));
#9374=CARTESIAN_POINT('',(0.092,-0.0836,0.1305940596902));
#9375=CARTESIAN_POINT('',(-0.147,-0.0836,0.0943717468235022));
#9376=CARTESIAN_POINT('',(0.092,-0.0788869585876751,0.0949778580957603));
#9377=CARTESIAN_POINT('',(0.092,-0.0788869585876751,0.0747555452290625));
#9378=CARTESIAN_POINT('',(0.092,-0.0836,0.0753616565013206));
#9379=CARTESIAN_POINT('',(0.092,-0.0788869585876751,0.0397454549068809));
#9380=CARTESIAN_POINT('',(-0.147,-0.0836,0.0391393436346228));
#9381=CARTESIAN_POINT('',(0.092,-0.0788869585876751,-0.0254869482819985));
#9382=CARTESIAN_POINT('',(-0.147,-0.0836,-0.0260930595542566));
#9383=CARTESIAN_POINT('',(0.092,-0.0788869585876751,0.00952314204018308));
#9384=CARTESIAN_POINT('',(0.092,-0.0836,0.0101292533124413));
#9385=CARTESIAN_POINT('',(-0.142,-0.11193662193381,-0.0385981047153473));
#9386=CARTESIAN_POINT('',(-0.142,-0.11366618392357,-0.0295981047153473));
#9387=CARTESIAN_POINT('',(0.0943,-0.120263033484331,-0.0185981047153474));
#9388=CARTESIAN_POINT('',(0.0943,-0.140550441457362,-0.0185981047153474));
#9389=CARTESIAN_POINT('',(-0.142,-0.147147291018123,-0.0295981047153473));
#9390=CARTESIAN_POINT('',(0.136,-0.148876853007882,-0.0385981047153473));
#9391=CARTESIAN_POINT('',(-0.142,-0.17260702419601,-0.0385981047153473));
#9392=CARTESIAN_POINT('',(-0.142,-0.17433658618577,-0.0295981047153473));
#9393=CARTESIAN_POINT('',(0.0943,-0.180933435746531,-0.0185981047153474));
#9394=CARTESIAN_POINT('',(0.0943,-0.201220843719562,-0.0185981047153474));
#9395=CARTESIAN_POINT('',(-0.142,-0.207817693280323,-0.0295981047153473));
#9396=CARTESIAN_POINT('',(-0.142,-0.223651054263636,-0.0339195191651565));
#9397=CARTESIAN_POINT('',(-0.142,-0.224020640174424,-0.0286128251612306));
#9398=CARTESIAN_POINT('',(0.136,-0.266306820078174,-0.0193634173740837));
#9399=CARTESIAN_POINT('',(-0.142,-0.262306820078174,-0.0151199236010515));
#9400=CARTESIAN_POINT('',(-0.142,-0.271553991223707,-0.00852393448607798));
#9401=CARTESIAN_POINT('',(-0.142,-0.325539934765952,0.028785904950231));
#9402=CARTESIAN_POINT('',(0.0943,-0.314435374755186,0.032022470930892));
#9403=CARTESIAN_POINT('',(0.0943,-0.313712571266829,0.0373320041017528));
#9404=CARTESIAN_POINT('',(0.0943,-0.305377016318769,0.0444597727487364));
#9405=CARTESIAN_POINT('',(0.0943,-0.288479674619416,0.0246992099152719));
#9406=CARTESIAN_POINT('',(0.0943,-0.295520390684441,0.018678663528942));
#9407=CARTESIAN_POINT('',(0.0943,-0.300190062263582,0.0179847874413685));
#9408=CARTESIAN_POINT('',(-0.01,-0.261788234854635,-0.062));
#9409=CARTESIAN_POINT('',(0.01,-0.264810928450055,-0.062));
#9410=CARTESIAN_POINT('',(0.01,-0.296454622622865,-0.062));
#9411=CARTESIAN_POINT('',(-0.01,-0.299477316218285,-0.062));
#9412=CARTESIAN_POINT('',(-0.01,-0.123122683781714,-0.062));
#9413=CARTESIAN_POINT('',(0.01,-0.126145377377135,-0.062));
#9414=CARTESIAN_POINT('',(0.01,-0.157789071549944,-0.062));
#9415=CARTESIAN_POINT('',(-0.01,-0.160811765145365,-0.062));
#9416=CARTESIAN_POINT('',(-0.01,-0.192455459318175,-0.062));
#9417=CARTESIAN_POINT('',(0.01,-0.195478152913596,-0.062));
#9418=CARTESIAN_POINT('',(0.01,-0.227121847086405,-0.062));
#9419=CARTESIAN_POINT('',(-0.01,-0.230144540681826,-0.062));
#9420=CARTESIAN_POINT('',(1.07156594925393E-18,-0.198999518559249,0.158));
#9421=CARTESIAN_POINT('',(0.033,-0.198999518559249,0.158));
#9422=CARTESIAN_POINT('',(0.033,-0.21649951855925,0.158));
#9423=CARTESIAN_POINT('',(0.033,-0.231999518559249,0.158));
#9424=CARTESIAN_POINT('',(0.,-0.231999518559249,0.158));
#9425=CARTESIAN_POINT('',(0.1,-0.235999518559249,0.115720585914311));
#9426=CARTESIAN_POINT('',(0.037,-0.235999518559249,0.115720585914311));
#9427=CARTESIAN_POINT('',(0.037,-0.203804123504622,0.128836249030806));
#9428=CARTESIAN_POINT('',(0.037,-0.207277224011633,0.127421387801665));
#9429=CARTESIAN_POINT('',(0.037,-0.206114810305845,0.12779622985117));
#9430=CARTESIAN_POINT('',(0.037,-0.198999518559249,0.127989273982173));
#9431=CARTESIAN_POINT('',(0.0367358746670086,-0.199008898623049,0.127986249205089));
#9432=CARTESIAN_POINT('',(0.0362121895499245,-0.199051137541742,0.128079574048743));
#9433=CARTESIAN_POINT('',(0.0355406906040931,-0.199184872041782,0.128523961246818));
#9434=CARTESIAN_POINT('',(0.0351357854985477,-0.199337186891945,0.129092735000515));
#9435=CARTESIAN_POINT('',(0.0350000017151533,-0.199473338284338,0.129632180535589));
#9436=CARTESIAN_POINT('',(0.0350000000000347,-0.199541850978001,0.129915791186336));
#9437=CARTESIAN_POINT('',(0.037,-0.160976401848993,0.139232164875454));
#9438=CARTESIAN_POINT('',(0.037,-0.198529881568163,0.128102725628713));
#9439=CARTESIAN_POINT('',(0.0364764012244017,-0.198529881568163,0.128102725628713));
#9440=CARTESIAN_POINT('',(0.035433372263053,-0.198631645390983,0.12852398047171));
#9441=CARTESIAN_POINT('',(0.035,-0.198876567882495,0.12953784554526));
#9442=CARTESIAN_POINT('',(0.035,-0.19899951855925,0.130046804098478));
#9443=CARTESIAN_POINT('',(0.035,-0.19899951855925,0.130046804098478));
#9444=CARTESIAN_POINT('',(0.035,-0.198529881568163,0.128102725628713));
#9445=CARTESIAN_POINT('',(0.037,-0.198529881568163,0.128102725628713));
#9446=CARTESIAN_POINT('',(0.035,-0.195359687824801,0.130976334019328));
#9447=CARTESIAN_POINT('',(0.0349505563167816,-0.194833448883316,0.128995684195581));
#9448=CARTESIAN_POINT('',(0.0369999999999863,-0.19468206050604,0.129032255549423));
#9449=CARTESIAN_POINT('',(0.0338551785480403,-0.188080695578751,0.132835222956267));
#9450=CARTESIAN_POINT('',(0.033655463205843,-0.18747268247219,0.130773847084901));
#9451=CARTESIAN_POINT('',(0.0357897601793628,-0.186987125845919,0.130891144486568));
#9452=CARTESIAN_POINT('',(0.0288693354675582,-0.178215879439274,0.135354472458037));
#9453=CARTESIAN_POINT('',(0.0285169640260317,-0.177743992495254,0.133124036523888));
#9454=CARTESIAN_POINT('',(0.0305190117799899,-0.176558605927042,0.133410393988252));
#9455=CARTESIAN_POINT('',(0.0210960802619666,-0.170357779656388,0.137361252278554));
#9456=CARTESIAN_POINT('',(0.0207167880675202,-0.170099197243807,0.134970813130476));
#9457=CARTESIAN_POINT('',(0.0223015705626453,-0.168251471870868,0.135417173808804));
#9458=CARTESIAN_POINT('',(0.0145563897852688,-0.166962666588514,0.138228286877472));
#9459=CARTESIAN_POINT('',(0.0143093552369236,-0.166859101891733,0.135753532889773));
#9460=CARTESIAN_POINT('',(0.0153881834872962,-0.164662352341919,0.136284208407686));
#9461=CARTESIAN_POINT('',(0.0111046157616264,-0.165807840252984,0.138523203237684));
#9462=CARTESIAN_POINT('',(0.0109228288439175,-0.165747021578706,0.136022181537572));
#9463=CARTESIAN_POINT('',(0.0117391652337193,-0.16344153593011,0.136579124767919));
#9464=CARTESIAN_POINT('',(0.084,-0.151542127185999,0.00810073525436775));
#9465=CARTESIAN_POINT('',(0.098,-0.151542127185999,0.00810073525436774));
#9466=CARTESIAN_POINT('',(0.098,-0.151542127185999,0.00810073525436775));
#9467=CARTESIAN_POINT('',(0.098,-0.151542127185999,0.00810073525436775));
#9468=CARTESIAN_POINT('',(0.098,-0.151542127185999,0.00810073525436774));
#9469=CARTESIAN_POINT('',(0.084,-0.135542127185999,0.00810073525436773));
#9470=CARTESIAN_POINT('',(0.098,-0.135542127185999,0.00810073525436773));
#9471=CARTESIAN_POINT('',(0.098,-0.143542127185999,0.0013));
#9472=CARTESIAN_POINT('',(0.098,-0.135542127185999,0.00810073525436773));
#9473=CARTESIAN_POINT('',(0.098,-0.159542127185999,0.0013));
#9474=CARTESIAN_POINT('',(0.098,-0.151542127185999,-0.00550073525436774));
#9475=CARTESIAN_POINT('',(0.084,-0.151542127185999,-0.00550073525436775));
#9476=CARTESIAN_POINT('',(0.098,-0.151542127185999,-0.00550073525436775));
#9477=CARTESIAN_POINT('',(0.098,-0.135542127185999,0.00810073525436773));
#9478=CARTESIAN_POINT('',(0.098,-0.135542127185999,0.00810073525436774));
#9479=CARTESIAN_POINT('',(0.098,-0.151542127185999,-0.00550073525436775));
#9480=CARTESIAN_POINT('',(0.098,-0.151542127185999,-0.00550073525436775));
#9481=CARTESIAN_POINT('',(0.098,-0.127542127185999,0.0013));
#9482=CARTESIAN_POINT('',(0.098,-0.135542127185999,-0.00550073525436774));
#9483=CARTESIAN_POINT('',(0.098,-0.143542127185999,0.0013));
#9484=CARTESIAN_POINT('',(0.098,-0.135542127185999,-0.00550073525436774));
#9485=CARTESIAN_POINT('',(0.098,-0.135542127185999,-0.00550073525436774));
#9486=CARTESIAN_POINT('',(0.098,-0.135542127185999,-0.00550073525436775));
#9487=CARTESIAN_POINT('',(0.084,-0.135542127185999,-0.00550073525436774));
#9488=CARTESIAN_POINT('',(0.098,-0.127542127185999,0.0513));
#9489=CARTESIAN_POINT('',(0.098,-0.135542127185999,0.0581007352543677));
#9490=CARTESIAN_POINT('',(0.098,-0.135542127185999,0.048427718676731));
#9491=CARTESIAN_POINT('',(0.0981995628039223,-0.135542127185999,0.048427718676731));
#9492=CARTESIAN_POINT('',(0.0985661108745842,-0.135542127185999,0.0482435889360461));
#9493=CARTESIAN_POINT('',(0.0990854024317503,-0.135542127185999,0.0476490979481859));
#9494=CARTESIAN_POINT('',(0.099545828391293,-0.135542127185999,0.0467853036628545));
#9495=CARTESIAN_POINT('',(0.0999061686234055,-0.135542127185999,0.0456640700931164));
#9496=CARTESIAN_POINT('',(0.1,-0.135542127185999,0.0448910448779292));
#9497=CARTESIAN_POINT('',(0.1,-0.135542127185999,0.0444992647456322));
#9498=CARTESIAN_POINT('',(0.084,-0.135542127185999,0.0581007352543677));
#9499=CARTESIAN_POINT('',(0.098,-0.135542127185999,0.0581007352543677));
#9500=CARTESIAN_POINT('',(0.098,-0.143542127185999,0.0513));
#9501=CARTESIAN_POINT('',(0.098,-0.151542127185999,0.0484277186767309));
#9502=CARTESIAN_POINT('',(0.0981995628039223,-0.151542127185999,0.0484277186767309));
#9503=CARTESIAN_POINT('',(0.0985661108745841,-0.151542127185999,0.0482435889360458));
#9504=CARTESIAN_POINT('',(0.0990854024317502,-0.151542127185999,0.0476490979481859));
#9505=CARTESIAN_POINT('',(0.0995458283912929,-0.151542127185999,0.0467853036628544));
#9506=CARTESIAN_POINT('',(0.0999061686234054,-0.151542127185999,0.0456640700931164));
#9507=CARTESIAN_POINT('',(0.1,-0.151542127185999,0.0448910448779292));
#9508=CARTESIAN_POINT('',(0.1,-0.151542127185999,0.0444992647456322));
#9509=CARTESIAN_POINT('',(0.098,-0.135542127185999,0.0581007352543677));
#9510=CARTESIAN_POINT('',(0.098,-0.135542127185999,0.0581007352543677));
#9511=CARTESIAN_POINT('',(0.098,-0.159542127185999,0.0513));
#9512=CARTESIAN_POINT('',(0.098,-0.151542127185999,0.0581007352543678));
#9513=CARTESIAN_POINT('',(0.098,-0.143542127185999,0.0513));
#9514=CARTESIAN_POINT('',(0.098,-0.151542127185999,0.0581007352543677));
#9515=CARTESIAN_POINT('',(0.098,-0.151542127185999,0.0581007352543678));
#9516=CARTESIAN_POINT('',(0.098,-0.151542127185999,0.0581007352543678));
#9517=CARTESIAN_POINT('',(0.084,-0.151542127185999,0.0581007352543678));
#9518=CARTESIAN_POINT('',(0.048,-0.335984,0.0366518952846525));
#9519=CARTESIAN_POINT('',(0.048,-0.335984,0.0366518952846525));
#9520=CARTESIAN_POINT('',(0.048,-0.335984,0.0250948952846526));
#9521=CARTESIAN_POINT('',(0.,-0.335984,0.0366518952846525));
#9522=CARTESIAN_POINT('',(0.048,-0.335984,0.0366518952846525));
#9523=CARTESIAN_POINT('',(0.048,-0.335984,0.0300948952846525));
#9524=CARTESIAN_POINT('',(0.048,-0.3287,0.0366518952846525));
#9525=MECHANICAL_DESIGN_GEOMETRIC_PRESENTATION_REPRESENTATION('',(#5317),
#9526);
#9526=(
GEOMETRIC_REPRESENTATION_CONTEXT(3)
GLOBAL_UNCERTAINTY_ASSIGNED_CONTEXT((#9527))
GLOBAL_UNIT_ASSIGNED_CONTEXT((#9530,#9529,#9528))
REPRESENTATION_CONTEXT('Front R','TOP_LEVEL_ASSEMBLY_PART')
);
#9527=UNCERTAINTY_MEASURE_WITH_UNIT(LENGTH_MEASURE(2.E-5),#9530,
'DISTANCE_ACCURACY_VALUE','Maximum Tolerance applied to model');
#9528=(
NAMED_UNIT(*)
SI_UNIT($,.STERADIAN.)
SOLID_ANGLE_UNIT()
);
#9529=(
NAMED_UNIT(*)
PLANE_ANGLE_UNIT()
SI_UNIT($,.RADIAN.)
);
#9530=(
LENGTH_UNIT()
NAMED_UNIT(*)
SI_UNIT($,.METRE.)
);
#9531=PRODUCT_DEFINITION_SHAPE('','',#9532);
#9532=PRODUCT_DEFINITION('','',#9534,#9533);
#9533=PRODUCT_DEFINITION_CONTEXT('',#9540,'design');
#9534=PRODUCT_DEFINITION_FORMATION_WITH_SPECIFIED_SOURCE('','',#9536,
 .NOT_KNOWN.);
#9535=PRODUCT_RELATED_PRODUCT_CATEGORY('','',(#9536));
#9536=PRODUCT('Front R','Front R','Front R',(#9538));
#9537=PRODUCT_CATEGORY('','');
#9538=PRODUCT_CONTEXT('',#9540,'mechanical');
#9539=APPLICATION_PROTOCOL_DEFINITION('international standard',
'ap242_managed_model_based_3d_engineering',2020,#9540);
#9540=APPLICATION_CONTEXT('managed model based 3d engineering');
ENDSEC;
END-ISO-10303-21;
