ISO-10303-21;
HEADER;
/* Generated by software containing ST-Developer
 * from STEP Tools, Inc. (www.steptools.com) 
 */
/* OPTION: using custom renumber hook */

FILE_DESCRIPTION(
/* description */ ('STEP AP214',
'CAx-IF Rec.Pracs.---User Defined Attributes---1.5---2016-08-15'),
/* implementation_level */ '2;1');

FILE_NAME(
/* name */ '6a80b365f381e8590b7fe34e',
/* time_stamp */ '2026-08-15T18:43:49Z',
/* author */ (''),
/* organization */ (''),
/* preprocessor_version */ 'ST-DEVELOPER v20',
/* originating_system */ 'ONSHAPE BY PTC INC, 1.219',
/* authorisation */ '  ');

FILE_SCHEMA (('AUTOMOTIVE_DESIGN {1 0 10303 214 3 1 1}'));
ENDSEC;

DATA;
#10=PROPERTY_DEFINITION_REPRESENTATION(#14,#12);
#11=PROPERTY_DEFINITION_REPRESENTATION(#15,#13);
#12=REPRESENTATION('',(#16),#9346);
#13=REPRESENTATION('',(#17),#9346);
#14=PROPERTY_DEFINITION('pmi validation property','',#9351);
#15=PROPERTY_DEFINITION('pmi validation property','',#9351);
#16=VALUE_REPRESENTATION_ITEM('number of annotations',COUNT_MEASURE(0.));
#17=VALUE_REPRESENTATION_ITEM('number of views',COUNT_MEASURE(0.));
#18=SHAPE_REPRESENTATION_RELATIONSHIP('','',#5249,#19);
#19=ADVANCED_BREP_SHAPE_REPRESENTATION('',(#5247),#9346);
#20=SPHERICAL_SURFACE('',#5446,0.004);
#21=SPHERICAL_SURFACE('',#5449,0.004);
#22=SPHERICAL_SURFACE('',#5463,0.004);
#23=SPHERICAL_SURFACE('',#5488,0.004);
#24=SPHERICAL_SURFACE('',#5577,0.004);
#25=SPHERICAL_SURFACE('',#5582,0.004);
#26=SPHERICAL_SURFACE('',#5796,0.002);
#27=SPHERICAL_SURFACE('',#5798,0.002);
#28=SPHERICAL_SURFACE('',#5808,0.002);
#29=SPHERICAL_SURFACE('',#5810,0.002);
#30=SPHERICAL_SURFACE('',#5820,0.002);
#31=SPHERICAL_SURFACE('',#5822,0.002);
#32=SPHERICAL_SURFACE('',#5832,0.002);
#33=SPHERICAL_SURFACE('',#5834,0.002);
#34=PLANE('',#5261);
#35=PLANE('',#5311);
#36=PLANE('',#5323);
#37=PLANE('',#5324);
#38=PLANE('',#5325);
#39=PLANE('',#5326);
#40=PLANE('',#5327);
#41=PLANE('',#5328);
#42=PLANE('',#5372);
#43=PLANE('',#5373);
#44=PLANE('',#5374);
#45=PLANE('',#5375);
#46=PLANE('',#5378);
#47=PLANE('',#5383);
#48=PLANE('',#5386);
#49=PLANE('',#5388);
#50=PLANE('',#5389);
#51=PLANE('',#5391);
#52=PLANE('',#5393);
#53=PLANE('',#5394);
#54=PLANE('',#5395);
#55=PLANE('',#5402);
#56=PLANE('',#5404);
#57=PLANE('',#5407);
#58=PLANE('',#5413);
#59=PLANE('',#5416);
#60=PLANE('',#5421);
#61=PLANE('',#5422);
#62=PLANE('',#5423);
#63=PLANE('',#5424);
#64=PLANE('',#5425);
#65=PLANE('',#5426);
#66=PLANE('',#5427);
#67=PLANE('',#5428);
#68=PLANE('',#5429);
#69=PLANE('',#5430);
#70=PLANE('',#5431);
#71=PLANE('',#5432);
#72=PLANE('',#5492);
#73=PLANE('',#5518);
#74=PLANE('',#5522);
#75=PLANE('',#5526);
#76=PLANE('',#5530);
#77=PLANE('',#5534);
#78=PLANE('',#5538);
#79=PLANE('',#5542);
#80=PLANE('',#5546);
#81=PLANE('',#5550);
#82=PLANE('',#5551);
#83=PLANE('',#5554);
#84=PLANE('',#5560);
#85=PLANE('',#5563);
#86=PLANE('',#5566);
#87=PLANE('',#5569);
#88=PLANE('',#5586);
#89=PLANE('',#5587);
#90=PLANE('',#5590);
#91=PLANE('',#5591);
#92=PLANE('',#5596);
#93=PLANE('',#5598);
#94=PLANE('',#5615);
#95=PLANE('',#5616);
#96=PLANE('',#5617);
#97=PLANE('',#5618);
#98=PLANE('',#5619);
#99=PLANE('',#5620);
#100=PLANE('',#5621);
#101=PLANE('',#5622);
#102=PLANE('',#5623);
#103=PLANE('',#5624);
#104=PLANE('',#5625);
#105=PLANE('',#5626);
#106=PLANE('',#5627);
#107=PLANE('',#5628);
#108=PLANE('',#5629);
#109=PLANE('',#5630);
#110=PLANE('',#5631);
#111=PLANE('',#5632);
#112=PLANE('',#5633);
#113=PLANE('',#5638);
#114=PLANE('',#5644);
#115=PLANE('',#5651);
#116=PLANE('',#5652);
#117=PLANE('',#5653);
#118=PLANE('',#5654);
#119=PLANE('',#5655);
#120=PLANE('',#5656);
#121=PLANE('',#5657);
#122=PLANE('',#5658);
#123=PLANE('',#5659);
#124=PLANE('',#5660);
#125=PLANE('',#5661);
#126=PLANE('',#5662);
#127=PLANE('',#5663);
#128=PLANE('',#5664);
#129=PLANE('',#5665);
#130=PLANE('',#5666);
#131=PLANE('',#5667);
#132=PLANE('',#5668);
#133=PLANE('',#5669);
#134=PLANE('',#5677);
#135=PLANE('',#5678);
#136=PLANE('',#5679);
#137=PLANE('',#5680);
#138=PLANE('',#5684);
#139=PLANE('',#5685);
#140=PLANE('',#5686);
#141=PLANE('',#5687);
#142=PLANE('',#5699);
#143=PLANE('',#5702);
#144=PLANE('',#5705);
#145=PLANE('',#5706);
#146=PLANE('',#5707);
#147=PLANE('',#5708);
#148=PLANE('',#5709);
#149=PLANE('',#5710);
#150=PLANE('',#5711);
#151=PLANE('',#5712);
#152=PLANE('',#5713);
#153=PLANE('',#5714);
#154=PLANE('',#5715);
#155=PLANE('',#5716);
#156=PLANE('',#5717);
#157=PLANE('',#5729);
#158=PLANE('',#5837);
#159=PLANE('',#5838);
#160=PLANE('',#5839);
#161=PLANE('',#5840);
#162=PLANE('',#5841);
#163=PLANE('',#5842);
#164=PLANE('',#5845);
#165=PLANE('',#5849);
#166=ELLIPSE('',#5258,0.0297330568876904,0.025);
#167=ELLIPSE('',#5259,0.0367158640356813,0.033);
#168=ELLIPSE('',#5260,0.0367158640356813,0.033);
#169=ELLIPSE('',#5331,0.0404430805362732,0.03635);
#170=ELLIPSE('',#5332,0.00890081552380151,0.008);
#171=ELLIPSE('',#5333,0.00890081552380151,0.008);
#172=ELLIPSE('',#5382,0.0278150485118798,0.025);
#173=ELLIPSE('',#5387,0.00802879790320874,0.008);
#174=ELLIPSE('',#5390,0.00205753011630437,0.002);
#175=ELLIPSE('',#5392,0.00202616357836118,0.002);
#176=ELLIPSE('',#5396,0.00205753011630437,0.002);
#177=ELLIPSE('',#5397,0.00205753011630437,0.002);
#178=ELLIPSE('',#5398,0.00205753011630437,0.002);
#179=ELLIPSE('',#5399,0.00205753011630437,0.002);
#180=ELLIPSE('',#5400,0.00205753011630437,0.002);
#181=ELLIPSE('',#5401,0.00205753011630437,0.002);
#182=ELLIPSE('',#5403,0.0021014148278315,0.002);
#183=ELLIPSE('',#5405,0.0222576018192061,0.020005);
#184=ELLIPSE('',#5406,0.0248666533696205,0.02235);
#185=ELLIPSE('',#5408,0.00205753011630437,0.002);
#186=ELLIPSE('',#5409,0.00205753011630437,0.002);
#187=ELLIPSE('',#5410,0.00205753011630437,0.002);
#188=ELLIPSE('',#5411,0.00205753011630437,0.002);
#189=ELLIPSE('',#5412,0.00205753011630437,0.002);
#190=ELLIPSE('',#5414,0.00215958886055616,0.002);
#191=ELLIPSE('',#5415,0.00215958886055616,0.002);
#192=ELLIPSE('',#5417,0.00228429346561487,0.002);
#193=ELLIPSE('',#5418,0.00228429346561487,0.002);
#194=ELLIPSE('',#5419,0.00228429346561487,0.002);
#195=ELLIPSE('',#5420,0.00228429346561487,0.002);
#196=ELLIPSE('',#5443,0.00565685424949238,0.004);
#197=ELLIPSE('',#5462,0.00558789020908125,0.004);
#198=ELLIPSE('',#5479,0.00565685424949238,0.004);
#199=ELLIPSE('',#5491,0.00558789020908125,0.004);
#200=ELLIPSE('',#5558,0.0285157929892342,0.02635);
#201=ELLIPSE('',#5562,0.0368896023733446,0.03235);
#202=ELLIPSE('',#5588,0.00215958886055616,0.002);
#203=ELLIPSE('',#5589,0.00215958886055616,0.002);
#204=ELLIPSE('',#5592,0.00228429346561487,0.002);
#205=ELLIPSE('',#5593,0.00228429346561487,0.002);
#206=ELLIPSE('',#5594,0.00228429346561487,0.002);
#207=ELLIPSE('',#5595,0.00228429346561487,0.002);
#208=ELLIPSE('',#5597,0.015736844721624,0.008);
#209=ELLIPSE('',#5601,0.0091371738624595,0.008);
#210=ELLIPSE('',#5603,0.00800344607818635,0.008);
#211=ELLIPSE('',#5605,0.00800344607818635,0.008);
#212=ELLIPSE('',#5607,0.00800561462443108,0.008);
#213=ELLIPSE('',#5609,0.00800561462443108,0.008);
#214=ELLIPSE('',#5611,0.00800580301993152,0.008);
#215=ELLIPSE('',#5613,0.00800580301993152,0.008);
#216=ELLIPSE('',#5637,0.0222576018192061,0.020005);
#217=(
BOUNDED_SURFACE()
B_SPLINE_SURFACE(3,2,((#7527,#7528,#7529),(#7530,#7531,#7532),(#7533,#7534,
#7535),(#7536,#7537,#7538),(#7539,#7540,#7541),(#7542,#7543,#7544),(#7545,
#7546,#7547),(#7548,#7549,#7550),(#7551,#7552,#7553),(#7554,#7555,#7556),
(#7557,#7558,#7559),(#7560,#7561,#7562),(#7563,#7564,#7565),(#7566,#7567,
#7568),(#7569,#7570,#7571),(#7572,#7573,#7574),(#7575,#7576,#7577),(#7578,
#7579,#7580),(#7581,#7582,#7583),(#7584,#7585,#7586),(#7587,#7588,#7589)),
 .UNSPECIFIED.,.T.,.F.,.F.)
B_SPLINE_SURFACE_WITH_KNOTS((1,3,1,1,1,1,1,1,1,1,1,1,1,1,1,1,1,1,1,3,1),
(3,3),(-0.392699081698725,0.,0.392699081698724,0.785398163397448,1.17809724509617,
1.5707963267949,1.96349540849362,2.35619449019234,2.74889357189107,2.94524311274043,
3.14159265358979,3.33794219443916,3.53429173528852,3.92699081698724,4.31968989868597,
4.71238898038469,5.10508806208341,5.49778714378214,5.89048622548086,6.28318530717959,
6.67588438887831),(0.,1.),.UNSPECIFIED.)
GEOMETRIC_REPRESENTATION_ITEM()
RATIONAL_B_SPLINE_SURFACE(((1.,0.848048096156428,1.),(1.,0.848048096156427,
1.),(1.,0.84135894434511,1.),(1.,0.812091747072308,1.),(1.,0.766152339138906,
1.),(1.,0.708016199745879,1.),(1.,0.644423548996866,1.),(1.,0.584737543219566,
1.),(1.,0.548199275026004,1.),(1.,0.532597684427659,1.),(1.,0.528580054135979,
1.),(1.,0.532597684427659,1.),(1.,0.548199275026003,1.),(1.,0.584737543219568,
1.),(1.,0.644423548996866,1.),(1.,0.708016199745879,1.),(1.,0.766152339138906,
1.),(1.,0.812091747072306,1.),(1.,0.841358944345111,1.),(1.,0.848048096156428,
1.),(1.,0.848048096156428,1.)))
REPRESENTATION_ITEM('')
SURFACE()
);
#218=(
BOUNDED_SURFACE()
B_SPLINE_SURFACE(3,2,((#8613,#8614,#8615),(#8616,#8617,#8618),(#8619,#8620,
#8621),(#8622,#8623,#8624),(#8625,#8626,#8627),(#8628,#8629,#8630),(#8631,
#8632,#8633),(#8634,#8635,#8636),(#8637,#8638,#8639),(#8640,#8641,#8642),
(#8643,#8644,#8645),(#8646,#8647,#8648),(#8649,#8650,#8651),(#8652,#8653,
#8654),(#8655,#8656,#8657),(#8658,#8659,#8660),(#8661,#8662,#8663),(#8664,
#8665,#8666),(#8667,#8668,#8669)),.UNSPECIFIED.,.T.,.F.,.F.)
B_SPLINE_SURFACE_WITH_KNOTS((1,3,1,1,1,1,1,1,1,1,1,1,1,1,1,1,1,3,1),(3,
3),(-0.392699081698725,0.,0.392699081698724,0.785398163397448,1.17809724509617,
1.5707963267949,1.96349540849362,2.35619449019234,2.74889357189107,3.14159265358979,
3.53429173528852,3.92699081698724,4.31968989868597,4.71238898038469,5.10508806208341,
5.49778714378214,5.89048622548086,6.28318530717959,6.67588438887831),(0.,
1.),.UNSPECIFIED.)
GEOMETRIC_REPRESENTATION_ITEM()
RATIONAL_B_SPLINE_SURFACE(((1.,0.848048096156427,1.),(1.,0.848048096156427,
1.),(1.,0.841358928471499,1.),(1.,0.812091802629945,1.),(1.,0.766152132781954,
1.),(1.,0.708016969616044,1.),(1.,0.644420675873149,1.),(1.,0.584748265844267,
1.),(1.,0.540851604012193,1.),(1.,0.524453094343711,1.),(1.,0.540851604012192,
1.),(1.,0.584748265844268,1.),(1.,0.644420675873148,1.),(1.,0.708016969616045,
1.),(1.,0.766152132781951,1.),(1.,0.812091802629947,1.),(1.,0.841358928471499,
1.),(1.,0.848048096156427,1.),(1.,0.848048096156427,1.)))
REPRESENTATION_ITEM('')
SURFACE()
);
#219=(
BOUNDED_SURFACE()
B_SPLINE_SURFACE(3,2,((#8670,#8671,#8672),(#8673,#8674,#8675),(#8676,#8677,
#8678),(#8679,#8680,#8681),(#8682,#8683,#8684),(#8685,#8686,#8687),(#8688,
#8689,#8690)),.UNSPECIFIED.,.F.,.F.,.F.)
B_SPLINE_SURFACE_WITH_KNOTS((4,1,1,1,4),(3,3),(0.,0.392699081698724,0.785398163397448,
1.17809724509617,1.5707963267949),(0.,1.),.UNSPECIFIED.)
GEOMETRIC_REPRESENTATION_ITEM()
RATIONAL_B_SPLINE_SURFACE(((1.,0.848048096156426,1.),(1.,0.848048096156135,
1.),(1.,0.841358955114115,1.),(1.,0.812091709381223,1.),(1.,0.766152479134228,
1.),(1.,0.727394611348512,1.),(1.,0.707106781186545,1.)))
REPRESENTATION_ITEM('')
SURFACE()
);
#220=(
BOUNDED_SURFACE()
B_SPLINE_SURFACE(3,2,((#8697,#8698,#8699),(#8700,#8701,#8702),(#8703,#8704,
#8705),(#8706,#8707,#8708),(#8709,#8710,#8711),(#8712,#8713,#8714),(#8715,
#8716,#8717)),.UNSPECIFIED.,.F.,.F.,.F.)
B_SPLINE_SURFACE_WITH_KNOTS((4,1,1,1,4),(3,3),(1.5707963267949,1.96349540849362,
2.35619449019234,2.74889357189107,3.14159265358979),(0.,1.),
 .UNSPECIFIED.)
GEOMETRIC_REPRESENTATION_ITEM()
RATIONAL_B_SPLINE_SURFACE(((1.,0.707106781186545,1.),(1.,0.727394611349288,
1.),(1.,0.76615247913387,1.),(1.,0.812091709381319,1.),(1.,0.841358955114087,
1.),(1.,0.848048096156135,1.),(1.,0.848048096156426,1.)))
REPRESENTATION_ITEM('')
SURFACE()
);
#221=(
BOUNDED_SURFACE()
B_SPLINE_SURFACE(3,2,((#8723,#8724,#8725),(#8726,#8727,#8728),(#8729,#8730,
#8731),(#8732,#8733,#8734),(#8735,#8736,#8737),(#8738,#8739,#8740),(#8741,
#8742,#8743),(#8744,#8745,#8746),(#8747,#8748,#8749),(#8750,#8751,#8752),
(#8753,#8754,#8755),(#8756,#8757,#8758),(#8759,#8760,#8761),(#8762,#8763,
#8764),(#8765,#8766,#8767),(#8768,#8769,#8770),(#8771,#8772,#8773),(#8774,
#8775,#8776),(#8777,#8778,#8779)),.UNSPECIFIED.,.F.,.F.,.F.)
B_SPLINE_SURFACE_WITH_KNOTS((4,1,1,1,1,1,1,1,1,1,1,1,1,1,1,1,4),(3,3),(3.5369569733616,
3.88023551508885,4.2235140568161,4.56679259854335,4.91007114027059,5.25334968199784,
5.59662822372509,5.93990676545234,6.28318530717959,6.62646384890683,6.96974239063408,
7.31302093236133,7.65629947408858,7.99957801581582,8.34285655754307,8.68613509927032,
9.02941364099757),(0.,1.),.UNSPECIFIED.)
GEOMETRIC_REPRESENTATION_ITEM()
RATIONAL_B_SPLINE_SURFACE(((1.,0.838019563877796,1.),(1.,0.832256189458044,
1.),(1.,0.815841572050092,1.),(1.,0.778202062280672,1.),(1.,0.730290318179673,
1.),(1.,0.676113769266505,1.),(1.,0.621150648697904,1.),(1.,0.572461507249295,
1.),(1.,0.538218787444805,1.),(1.,0.525769502627399,1.),(1.,0.538218787444804,
1.),(1.,0.5724615072493,1.),(1.,0.6211506486979,1.),(1.,0.676113769266516,
1.),(1.,0.73029031817964,1.),(1.,0.778202062280787,1.),(1.,0.815841572049656,
1.),(1.,0.832256189458983,1.),(1.,0.838019563877796,1.)))
REPRESENTATION_ITEM('')
SURFACE()
);
#222=(
BOUNDED_SURFACE()
B_SPLINE_SURFACE(3,2,((#8782,#8783,#8784),(#8785,#8786,#8787),(#8788,#8789,
#8790),(#8791,#8792,#8793),(#8794,#8795,#8796)),.UNSPECIFIED.,.F.,.F.,.F.)
B_SPLINE_SURFACE_WITH_KNOTS((4,1,4),(3,3),(2.35271871429354E-17,0.00218957776152823,
0.00437915552305644),(0.,1.),.UNSPECIFIED.)
GEOMETRIC_REPRESENTATION_ITEM()
RATIONAL_B_SPLINE_SURFACE(((1.,0.707106781186546,1.),(1.,0.766639524698712,
1.),(1.,0.91737820755968,1.),(1.,0.999999999998217,1.),(1.,1.,1.)))
REPRESENTATION_ITEM('')
SURFACE()
);
#223=(
BOUNDED_SURFACE()
B_SPLINE_SURFACE(3,2,((#8800,#8801,#8802),(#8803,#8804,#8805),(#8806,#8807,
#8808),(#8809,#8810,#8811),(#8812,#8813,#8814)),.UNSPECIFIED.,.F.,.F.,.F.)
B_SPLINE_SURFACE_WITH_KNOTS((4,1,4),(3,3),(2.39608680119296E-17,0.00218957776152821,
0.0043791555230564),(0.,1.),.UNSPECIFIED.)
GEOMETRIC_REPRESENTATION_ITEM()
RATIONAL_B_SPLINE_SURFACE(((1.,0.707106781186546,1.),(1.,0.766639524698712,
1.),(1.,0.91737820755968,1.),(1.,0.999999999998217,1.),(1.,1.,1.)))
REPRESENTATION_ITEM('')
SURFACE()
);
#224=TOROIDAL_SURFACE('',#5254,0.018,0.008);
#225=TOROIDAL_SURFACE('',#5433,0.005,0.001);
#226=TOROIDAL_SURFACE('',#5438,0.005,0.001);
#227=TOROIDAL_SURFACE('',#5453,0.03035,0.004);
#228=TOROIDAL_SURFACE('',#5466,0.008,0.004);
#229=TOROIDAL_SURFACE('',#5471,0.02835,0.004);
#230=TOROIDAL_SURFACE('',#5474,0.008,0.004);
#231=TOROIDAL_SURFACE('',#5584,0.02735,0.001);
#232=TOROIDAL_SURFACE('',#5650,0.018,0.008);
#233=TOROIDAL_SURFACE('',#5791,0.0105,0.002);
#234=TOROIDAL_SURFACE('',#5802,0.0105,0.002);
#235=TOROIDAL_SURFACE('',#5804,0.0105,0.002);
#236=TOROIDAL_SURFACE('',#5812,0.0105,0.002);
#237=TOROIDAL_SURFACE('',#5815,0.0105,0.002);
#238=TOROIDAL_SURFACE('',#5826,0.0105,0.002);
#239=TOROIDAL_SURFACE('',#5828,0.0105,0.002);
#240=TOROIDAL_SURFACE('',#5836,0.0105,0.002);
#241=CIRCLE('',#5252,0.001);
#242=CIRCLE('',#5253,0.001);
#243=CIRCLE('',#5255,0.018);
#244=CIRCLE('',#5256,0.018);
#245=CIRCLE('',#5257,0.01);
#246=CIRCLE('',#5262,0.002);
#247=CIRCLE('',#5263,0.002);
#248=CIRCLE('',#5264,0.002);
#249=CIRCLE('',#5265,0.002);
#250=CIRCLE('',#5266,0.002);
#251=CIRCLE('',#5267,0.002);
#252=CIRCLE('',#5268,0.002);
#253=CIRCLE('',#5269,0.002);
#254=CIRCLE('',#5270,0.002);
#255=CIRCLE('',#5271,0.002);
#256=CIRCLE('',#5272,0.002);
#257=CIRCLE('',#5273,0.002);
#258=CIRCLE('',#5274,0.002);
#259=CIRCLE('',#5275,0.002);
#260=CIRCLE('',#5276,0.002);
#261=CIRCLE('',#5277,0.002);
#262=CIRCLE('',#5278,0.002);
#263=CIRCLE('',#5279,0.002);
#264=CIRCLE('',#5280,0.002);
#265=CIRCLE('',#5281,0.002);
#266=CIRCLE('',#5282,0.002);
#267=CIRCLE('',#5283,0.002);
#268=CIRCLE('',#5284,0.002);
#269=CIRCLE('',#5285,0.002);
#270=CIRCLE('',#5286,0.004);
#271=CIRCLE('',#5287,0.018);
#272=CIRCLE('',#5288,0.0085);
#273=CIRCLE('',#5289,0.002);
#274=CIRCLE('',#5290,0.0085);
#275=CIRCLE('',#5291,0.002);
#276=CIRCLE('',#5292,0.0085);
#277=CIRCLE('',#5293,0.002);
#278=CIRCLE('',#5294,0.0085);
#279=CIRCLE('',#5295,0.002);
#280=CIRCLE('',#5296,0.0085);
#281=CIRCLE('',#5297,0.0085);
#282=CIRCLE('',#5298,0.002);
#283=CIRCLE('',#5299,0.0085);
#284=CIRCLE('',#5300,0.002);
#285=CIRCLE('',#5301,0.0085);
#286=CIRCLE('',#5302,0.002);
#287=CIRCLE('',#5303,0.0085);
#288=CIRCLE('',#5304,0.002);
#289=CIRCLE('',#5305,0.0085);
#290=CIRCLE('',#5306,0.0045);
#291=CIRCLE('',#5307,0.0045);
#292=CIRCLE('',#5308,0.0045);
#293=CIRCLE('',#5309,0.004);
#294=CIRCLE('',#5310,0.004);
#295=CIRCLE('',#5312,0.004);
#296=CIRCLE('',#5313,0.004);
#297=CIRCLE('',#5314,0.002);
#298=CIRCLE('',#5315,0.002);
#299=CIRCLE('',#5316,0.002);
#300=CIRCLE('',#5317,0.002);
#301=CIRCLE('',#5318,0.002);
#302=CIRCLE('',#5319,0.002);
#303=CIRCLE('',#5320,0.002);
#304=CIRCLE('',#5321,0.002);
#305=CIRCLE('',#5322,0.004);
#306=CIRCLE('',#5329,0.0027);
#307=CIRCLE('',#5330,0.0027);
#308=CIRCLE('',#5334,0.0105);
#309=CIRCLE('',#5335,0.0105);
#310=CIRCLE('',#5336,0.002);
#311=CIRCLE('',#5337,0.002);
#312=CIRCLE('',#5338,0.002);
#313=CIRCLE('',#5339,0.002);
#314=CIRCLE('',#5340,0.002);
#315=CIRCLE('',#5341,0.002);
#316=CIRCLE('',#5342,0.002);
#317=CIRCLE('',#5343,0.002);
#318=CIRCLE('',#5344,0.002);
#319=CIRCLE('',#5345,0.002);
#320=CIRCLE('',#5346,0.002);
#321=CIRCLE('',#5347,0.002);
#322=CIRCLE('',#5348,0.002);
#323=CIRCLE('',#5349,0.002);
#324=CIRCLE('',#5350,0.002);
#325=CIRCLE('',#5351,0.002);
#326=CIRCLE('',#5352,0.002);
#327=CIRCLE('',#5353,0.002);
#328=CIRCLE('',#5354,0.002);
#329=CIRCLE('',#5355,0.002);
#330=CIRCLE('',#5356,0.002);
#331=CIRCLE('',#5357,0.002);
#332=CIRCLE('',#5358,0.002);
#333=CIRCLE('',#5359,0.002);
#334=CIRCLE('',#5360,0.002);
#335=CIRCLE('',#5361,0.002);
#336=CIRCLE('',#5362,0.002);
#337=CIRCLE('',#5363,0.002);
#338=CIRCLE('',#5364,0.0105);
#339=CIRCLE('',#5365,0.0105);
#340=CIRCLE('',#5366,0.0105);
#341=CIRCLE('',#5367,0.0105);
#342=CIRCLE('',#5368,0.0105);
#343=CIRCLE('',#5369,0.0105);
#344=CIRCLE('',#5370,0.0105);
#345=CIRCLE('',#5371,0.0105);
#346=CIRCLE('',#5376,0.0027);
#347=CIRCLE('',#5377,0.005);
#348=CIRCLE('',#5379,0.0027);
#349=CIRCLE('',#5380,0.005);
#350=CIRCLE('',#5384,0.011557);
#351=CIRCLE('',#5385,0.011557);
#352=CIRCLE('',#5434,0.004);
#353=CIRCLE('',#5435,0.005);
#354=CIRCLE('',#5437,0.001);
#355=CIRCLE('',#5439,0.005);
#356=CIRCLE('',#5440,0.004);
#357=CIRCLE('',#5442,0.004);
#358=CIRCLE('',#5445,0.004);
#359=CIRCLE('',#5447,0.004);
#360=CIRCLE('',#5448,0.004);
#361=CIRCLE('',#5450,0.004);
#362=CIRCLE('',#5451,0.004);
#363=CIRCLE('',#5454,0.02935);
#364=CIRCLE('',#5455,0.03035);
#365=CIRCLE('',#5456,0.004);
#366=CIRCLE('',#5457,0.02635);
#367=CIRCLE('',#5458,0.03035);
#368=CIRCLE('',#5460,0.004);
#369=CIRCLE('',#5464,0.004);
#370=CIRCLE('',#5465,0.004);
#371=CIRCLE('',#5467,0.004);
#372=CIRCLE('',#5468,0.004);
#373=CIRCLE('',#5469,0.008);
#374=CIRCLE('',#5470,0.004);
#375=CIRCLE('',#5472,0.004);
#376=CIRCLE('',#5473,0.03235);
#377=CIRCLE('',#5475,0.008);
#378=CIRCLE('',#5476,0.004);
#379=CIRCLE('',#5481,0.004);
#380=CIRCLE('',#5483,0.004);
#381=CIRCLE('',#5485,0.004);
#382=CIRCLE('',#5487,0.004);
#383=CIRCLE('',#5489,0.004);
#384=CIRCLE('',#5493,0.02735);
#385=CIRCLE('',#5495,0.003);
#386=CIRCLE('',#5496,0.003);
#387=CIRCLE('',#5498,0.003);
#388=CIRCLE('',#5499,0.003);
#389=CIRCLE('',#5501,0.003);
#390=CIRCLE('',#5502,0.003);
#391=CIRCLE('',#5504,0.003);
#392=CIRCLE('',#5505,0.003);
#393=CIRCLE('',#5507,0.003);
#394=CIRCLE('',#5508,0.003);
#395=CIRCLE('',#5510,0.003);
#396=CIRCLE('',#5511,0.003);
#397=CIRCLE('',#5513,0.003);
#398=CIRCLE('',#5514,0.003);
#399=CIRCLE('',#5516,0.003);
#400=CIRCLE('',#5517,0.003);
#401=CIRCLE('',#5519,0.0042);
#402=CIRCLE('',#5521,0.0042);
#403=CIRCLE('',#5523,0.0042);
#404=CIRCLE('',#5525,0.0042);
#405=CIRCLE('',#5527,0.0042);
#406=CIRCLE('',#5529,0.0042);
#407=CIRCLE('',#5531,0.0042);
#408=CIRCLE('',#5533,0.0042);
#409=CIRCLE('',#5535,0.0042);
#410=CIRCLE('',#5537,0.0042);
#411=CIRCLE('',#5539,0.0042);
#412=CIRCLE('',#5541,0.0042);
#413=CIRCLE('',#5543,0.0042);
#414=CIRCLE('',#5545,0.0042);
#415=CIRCLE('',#5547,0.0042);
#416=CIRCLE('',#5549,0.0042);
#417=CIRCLE('',#5552,0.005);
#418=CIRCLE('',#5553,0.005);
#419=CIRCLE('',#5555,0.005);
#420=CIRCLE('',#5556,0.005);
#421=CIRCLE('',#5559,0.02635);
#422=CIRCLE('',#5564,0.005);
#423=CIRCLE('',#5565,0.005);
#424=CIRCLE('',#5567,0.005);
#425=CIRCLE('',#5568,0.005);
#426=CIRCLE('',#5570,0.004);
#427=CIRCLE('',#5571,0.004);
#428=CIRCLE('',#5573,0.004);
#429=CIRCLE('',#5575,0.004);
#430=CIRCLE('',#5576,0.004);
#431=CIRCLE('',#5578,0.004);
#432=CIRCLE('',#5580,0.004);
#433=CIRCLE('',#5581,0.004);
#434=CIRCLE('',#5583,0.001);
#435=CIRCLE('',#5585,0.001);
#436=CIRCLE('',#5599,0.006557);
#437=CIRCLE('',#5600,0.006557);
#438=CIRCLE('',#5639,0.01);
#439=CIRCLE('',#5640,0.005);
#440=CIRCLE('',#5643,0.01);
#441=CIRCLE('',#5645,0.005);
#442=CIRCLE('',#5646,0.01);
#443=CIRCLE('',#5649,0.01);
#444=CIRCLE('',#5670,0.0021);
#445=CIRCLE('',#5671,0.002);
#446=CIRCLE('',#5672,0.002);
#447=CIRCLE('',#5673,0.002);
#448=CIRCLE('',#5674,0.002);
#449=CIRCLE('',#5675,0.002);
#450=CIRCLE('',#5676,0.002);
#451=CIRCLE('',#5681,0.0021);
#452=CIRCLE('',#5682,0.002);
#453=CIRCLE('',#5683,0.002);
#454=CIRCLE('',#5688,0.0021);
#455=CIRCLE('',#5689,0.002);
#456=CIRCLE('',#5690,0.002);
#457=CIRCLE('',#5692,0.0021);
#458=CIRCLE('',#5694,0.0021);
#459=CIRCLE('',#5696,0.0021);
#460=CIRCLE('',#5698,0.0045);
#461=CIRCLE('',#5701,0.0045);
#462=CIRCLE('',#5704,0.0045);
#463=CIRCLE('',#5722,0.0085);
#464=CIRCLE('',#5724,0.0085);
#465=CIRCLE('',#5726,0.0085);
#466=CIRCLE('',#5728,0.0085);
#467=CIRCLE('',#5730,0.0085);
#468=CIRCLE('',#5732,0.0085);
#469=CIRCLE('',#5734,0.0085);
#470=CIRCLE('',#5736,0.0085);
#471=CIRCLE('',#5738,0.0085);
#472=CIRCLE('',#5744,0.002);
#473=CIRCLE('',#5751,0.002);
#474=CIRCLE('',#5790,0.002);
#475=CIRCLE('',#5792,0.002);
#476=CIRCLE('',#5793,0.002);
#477=CIRCLE('',#5795,0.002);
#478=CIRCLE('',#5797,0.002);
#479=CIRCLE('',#5799,0.002);
#480=CIRCLE('',#5801,0.002);
#481=CIRCLE('',#5803,0.002);
#482=CIRCLE('',#5805,0.002);
#483=CIRCLE('',#5807,0.002);
#484=CIRCLE('',#5809,0.002);
#485=CIRCLE('',#5811,0.002);
#486=CIRCLE('',#5814,0.002);
#487=CIRCLE('',#5816,0.002);
#488=CIRCLE('',#5817,0.002);
#489=CIRCLE('',#5819,0.002);
#490=CIRCLE('',#5821,0.002);
#491=CIRCLE('',#5823,0.002);
#492=CIRCLE('',#5825,0.002);
#493=CIRCLE('',#5827,0.002);
#494=CIRCLE('',#5829,0.002);
#495=CIRCLE('',#5831,0.002);
#496=CIRCLE('',#5833,0.002);
#497=CIRCLE('',#5835,0.002);
#498=CIRCLE('',#5844,0.011557);
#499=CIRCLE('',#5846,0.006557);
#500=CIRCLE('',#5848,0.011557);
#501=CIRCLE('',#5850,0.006557);
#502=B_SPLINE_CURVE_WITH_KNOTS('',3,(#7475,#7476,#7477,#7478,#7479,#7480,
#7481),.UNSPECIFIED.,.F.,.F.,(4,1,1,1,4),(0.,0.00082647054133171,0.00165294108266342,
0.00247941162399513,0.00330588216532684),.UNSPECIFIED.);
#503=B_SPLINE_CURVE_WITH_KNOTS('',3,(#7489,#7490,#7491,#7492,#7493,#7494,
#7495),.UNSPECIFIED.,.F.,.F.,(4,1,1,1,4),(0.00691031455920618,0.0102378791268367,
0.0135654436944673,0.0168930082620979,0.0202205728297284),.UNSPECIFIED.);
#504=B_SPLINE_CURVE_WITH_KNOTS('',3,(#7500,#7501,#7502,#7503,#7504,#7505,
#7506,#7507,#7508,#7509,#7510,#7511,#7512,#7513,#7514),.UNSPECIFIED.,.F.,
 .F.,(4,1,1,1,1,1,1,1,1,1,1,1,4),(-1.7898151065713E-5,0.00214410285836056,
0.00430610386778683,0.00863010588663937,0.0129541079054919,0.0151161089149182,
0.0172781099243445,0.0194401109337707,0.021602111943197,0.0259261139620495,
0.0302501159809021,0.0324121169903284,0.0345741179997546),.UNSPECIFIED.);
#505=B_SPLINE_CURVE_WITH_KNOTS('',3,(#7518,#7519,#7520,#7521,#7522,#7523,
#7524),.UNSPECIFIED.,.F.,.F.,(4,1,1,1,4),(1.9717610533272E-7,0.00333208581033411,
0.00666397444456288,0.00999586307879166,0.0133277517130204),
 .UNSPECIFIED.);
#506=B_SPLINE_CURVE_WITH_KNOTS('',3,(#7592,#7593,#7594,#7595,#7596),
 .UNSPECIFIED.,.F.,.F.,(4,1,4),(8.88611994741668E-17,0.00265205793300204,
0.00530411586600399),.UNSPECIFIED.);
#507=B_SPLINE_CURVE_WITH_KNOTS('',3,(#8087,#8088,#8089,#8090,#8091,#8092,
#8093,#8094,#8095,#8096,#8097,#8098,#8099,#8100,#8101,#8102,#8103,#8104,
#8105,#8106,#8107,#8108,#8109,#8110,#8111,#8112,#8113,#8114,#8115,#8116,
#8117,#8118,#8119,#8120,#8121,#8122,#8123,#8124,#8125,#8126,#8127,#8128,
#8129,#8130),.UNSPECIFIED.,.F.,.F.,(4,1,1,1,1,1,1,1,1,1,1,1,1,1,1,1,1,1,
1,1,1,1,1,1,1,1,1,1,1,1,1,1,1,1,1,1,1,1,1,1,1,4),(1.01561494748207E-18,
0.00248661510554376,0.00497323021108752,0.00994646042217504,0.0149196906332626,
0.0198929208443501,0.0298393812665251,0.0397858416887002,0.0447590718997877,
0.0497323021108752,0.0547055323219627,0.0596787625330502,0.0646519927441378,
0.0671386078496815,0.0696252229552253,0.072111838060769,0.0745984531663128,
0.0758417607190847,0.0770850682718565,0.0783283758246284,0.0795716833774003,
0.0801933371537863,0.0808149909301722,0.0820582984829441,0.083301606035716,
0.0845449135884878,0.0870315286940316,0.0895181437995753,0.0920047589051191,
0.0944913740106629,0.0994646042217504,0.104437834432838,0.109411064643925,
0.114384294855013,0.1193575250661,0.129303985488276,0.139250445910451,0.144223676121538,
0.149196906332626,0.154170136543713,0.156656751649257,0.159143366754801),
 .UNSPECIFIED.);
#508=B_SPLINE_CURVE_WITH_KNOTS('',3,(#8328,#8329,#8330,#8331,#8332,#8333),
 .UNSPECIFIED.,.F.,.F.,(4,1,1,4),(0.,0.00100119135565617,0.00200238271131234,
0.00400476542262468),.UNSPECIFIED.);
#509=B_SPLINE_CURVE_WITH_KNOTS('',3,(#8340,#8341,#8342,#8343,#8344,#8345,
#8346),.UNSPECIFIED.,.F.,.F.,(4,1,1,1,4),(0.,0.000826470541331768,0.00165294108266354,
0.0024794116239953,0.00330588216532707),.UNSPECIFIED.);
#510=B_SPLINE_CURVE_WITH_KNOTS('',3,(#8354,#8355,#8356,#8357,#8358,#8359),
 .UNSPECIFIED.,.F.,.F.,(4,1,1,4),(0.,0.00100119135565618,0.00200238271131236,
0.00400476542262473),.UNSPECIFIED.);
#511=B_SPLINE_CURVE_WITH_KNOTS('',3,(#8389,#8390,#8391,#8392),
 .UNSPECIFIED.,.F.,.F.,(4,4),(-1.48908739051352E-5,0.0048429708626644),
 .UNSPECIFIED.);
#512=B_SPLINE_CURVE_WITH_KNOTS('',3,(#8397,#8398,#8399,#8400),
 .UNSPECIFIED.,.F.,.F.,(4,4),(-1.48908739051325E-5,0.00484297086266382),
 .UNSPECIFIED.);
#513=B_SPLINE_CURVE_WITH_KNOTS('',3,(#8591,#8592,#8593,#8594,#8595),
 .UNSPECIFIED.,.F.,.F.,(4,1,4),(0.,0.00212879970191427,0.00425759940382855),
 .UNSPECIFIED.);
#514=B_SPLINE_CURVE_WITH_KNOTS('',3,(#8596,#8597,#8598,#8599,#8600),
 .UNSPECIFIED.,.F.,.F.,(4,1,4),(0.,0.0021287997019143,0.0042575994038286),
 .UNSPECIFIED.);
#515=B_SPLINE_CURVE_WITH_KNOTS('',3,(#9151,#9152,#9153,#9154,#9155),
 .UNSPECIFIED.,.F.,.F.,(4,1,4),(0.,0.00340646655783268,0.00681293311566535),
 .UNSPECIFIED.);
#516=B_SPLINE_CURVE_WITH_KNOTS('',3,(#9156,#9157,#9158,#9159,#9160),
 .UNSPECIFIED.,.F.,.F.,(4,1,4),(0.,0.00340646655783269,0.00681293311566539),
 .UNSPECIFIED.);
#517=ORIENTED_EDGE('',*,*,#1975,.T.);
#518=ORIENTED_EDGE('',*,*,#1976,.T.);
#519=ORIENTED_EDGE('',*,*,#1977,.T.);
#520=ORIENTED_EDGE('',*,*,#1978,.T.);
#521=ORIENTED_EDGE('',*,*,#1979,.F.);
#522=ORIENTED_EDGE('',*,*,#1980,.F.);
#523=ORIENTED_EDGE('',*,*,#1981,.F.);
#524=ORIENTED_EDGE('',*,*,#1982,.F.);
#525=ORIENTED_EDGE('',*,*,#1983,.F.);
#526=ORIENTED_EDGE('',*,*,#1984,.F.);
#527=ORIENTED_EDGE('',*,*,#1985,.F.);
#528=ORIENTED_EDGE('',*,*,#1986,.F.);
#529=ORIENTED_EDGE('',*,*,#1987,.F.);
#530=ORIENTED_EDGE('',*,*,#1988,.F.);
#531=ORIENTED_EDGE('',*,*,#1982,.T.);
#532=ORIENTED_EDGE('',*,*,#1989,.F.);
#533=ORIENTED_EDGE('',*,*,#1990,.F.);
#534=ORIENTED_EDGE('',*,*,#1991,.F.);
#535=ORIENTED_EDGE('',*,*,#1992,.T.);
#536=ORIENTED_EDGE('',*,*,#1993,.T.);
#537=ORIENTED_EDGE('',*,*,#1994,.T.);
#538=ORIENTED_EDGE('',*,*,#1995,.T.);
#539=ORIENTED_EDGE('',*,*,#1996,.F.);
#540=ORIENTED_EDGE('',*,*,#1997,.T.);
#541=ORIENTED_EDGE('',*,*,#1998,.T.);
#542=ORIENTED_EDGE('',*,*,#1999,.T.);
#543=ORIENTED_EDGE('',*,*,#2000,.T.);
#544=ORIENTED_EDGE('',*,*,#2001,.T.);
#545=ORIENTED_EDGE('',*,*,#2002,.T.);
#546=ORIENTED_EDGE('',*,*,#2003,.T.);
#547=ORIENTED_EDGE('',*,*,#2004,.F.);
#548=ORIENTED_EDGE('',*,*,#2005,.T.);
#549=ORIENTED_EDGE('',*,*,#2006,.T.);
#550=ORIENTED_EDGE('',*,*,#2007,.T.);
#551=ORIENTED_EDGE('',*,*,#2008,.T.);
#552=ORIENTED_EDGE('',*,*,#2009,.T.);
#553=ORIENTED_EDGE('',*,*,#2010,.T.);
#554=ORIENTED_EDGE('',*,*,#2011,.T.);
#555=ORIENTED_EDGE('',*,*,#2012,.T.);
#556=ORIENTED_EDGE('',*,*,#2013,.T.);
#557=ORIENTED_EDGE('',*,*,#2014,.T.);
#558=ORIENTED_EDGE('',*,*,#2015,.T.);
#559=ORIENTED_EDGE('',*,*,#2016,.T.);
#560=ORIENTED_EDGE('',*,*,#2017,.T.);
#561=ORIENTED_EDGE('',*,*,#2018,.T.);
#562=ORIENTED_EDGE('',*,*,#2019,.T.);
#563=ORIENTED_EDGE('',*,*,#2020,.T.);
#564=ORIENTED_EDGE('',*,*,#2021,.T.);
#565=ORIENTED_EDGE('',*,*,#2022,.T.);
#566=ORIENTED_EDGE('',*,*,#2023,.T.);
#567=ORIENTED_EDGE('',*,*,#2024,.T.);
#568=ORIENTED_EDGE('',*,*,#2025,.T.);
#569=ORIENTED_EDGE('',*,*,#2026,.T.);
#570=ORIENTED_EDGE('',*,*,#2027,.T.);
#571=ORIENTED_EDGE('',*,*,#2028,.T.);
#572=ORIENTED_EDGE('',*,*,#2029,.T.);
#573=ORIENTED_EDGE('',*,*,#2030,.T.);
#574=ORIENTED_EDGE('',*,*,#2031,.T.);
#575=ORIENTED_EDGE('',*,*,#2032,.T.);
#576=ORIENTED_EDGE('',*,*,#2033,.T.);
#577=ORIENTED_EDGE('',*,*,#2034,.T.);
#578=ORIENTED_EDGE('',*,*,#2035,.T.);
#579=ORIENTED_EDGE('',*,*,#2036,.T.);
#580=ORIENTED_EDGE('',*,*,#2037,.T.);
#581=ORIENTED_EDGE('',*,*,#2038,.T.);
#582=ORIENTED_EDGE('',*,*,#2039,.T.);
#583=ORIENTED_EDGE('',*,*,#2040,.T.);
#584=ORIENTED_EDGE('',*,*,#2041,.T.);
#585=ORIENTED_EDGE('',*,*,#2042,.T.);
#586=ORIENTED_EDGE('',*,*,#2043,.T.);
#587=ORIENTED_EDGE('',*,*,#2044,.T.);
#588=ORIENTED_EDGE('',*,*,#2045,.T.);
#589=ORIENTED_EDGE('',*,*,#2046,.F.);
#590=ORIENTED_EDGE('',*,*,#2047,.T.);
#591=ORIENTED_EDGE('',*,*,#2048,.T.);
#592=ORIENTED_EDGE('',*,*,#2049,.T.);
#593=ORIENTED_EDGE('',*,*,#2050,.T.);
#594=ORIENTED_EDGE('',*,*,#2051,.F.);
#595=ORIENTED_EDGE('',*,*,#2052,.F.);
#596=ORIENTED_EDGE('',*,*,#2053,.T.);
#597=ORIENTED_EDGE('',*,*,#2054,.T.);
#598=ORIENTED_EDGE('',*,*,#2055,.F.);
#599=ORIENTED_EDGE('',*,*,#2056,.T.);
#600=ORIENTED_EDGE('',*,*,#2057,.T.);
#601=ORIENTED_EDGE('',*,*,#2058,.F.);
#602=ORIENTED_EDGE('',*,*,#2059,.T.);
#603=ORIENTED_EDGE('',*,*,#2060,.T.);
#604=ORIENTED_EDGE('',*,*,#2061,.T.);
#605=ORIENTED_EDGE('',*,*,#2062,.T.);
#606=ORIENTED_EDGE('',*,*,#2063,.T.);
#607=ORIENTED_EDGE('',*,*,#2064,.T.);
#608=ORIENTED_EDGE('',*,*,#2065,.T.);
#609=ORIENTED_EDGE('',*,*,#2066,.T.);
#610=ORIENTED_EDGE('',*,*,#2067,.T.);
#611=ORIENTED_EDGE('',*,*,#2068,.T.);
#612=ORIENTED_EDGE('',*,*,#1983,.T.);
#613=ORIENTED_EDGE('',*,*,#1988,.T.);
#614=ORIENTED_EDGE('',*,*,#2069,.T.);
#615=ORIENTED_EDGE('',*,*,#2070,.T.);
#616=ORIENTED_EDGE('',*,*,#2071,.T.);
#617=ORIENTED_EDGE('',*,*,#2072,.T.);
#618=ORIENTED_EDGE('',*,*,#2073,.T.);
#619=ORIENTED_EDGE('',*,*,#2074,.T.);
#620=ORIENTED_EDGE('',*,*,#2075,.T.);
#621=ORIENTED_EDGE('',*,*,#2076,.T.);
#622=ORIENTED_EDGE('',*,*,#2077,.T.);
#623=ORIENTED_EDGE('',*,*,#1989,.T.);
#624=ORIENTED_EDGE('',*,*,#1981,.T.);
#625=ORIENTED_EDGE('',*,*,#2078,.F.);
#626=ORIENTED_EDGE('',*,*,#2079,.F.);
#627=ORIENTED_EDGE('',*,*,#2080,.F.);
#628=ORIENTED_EDGE('',*,*,#2081,.F.);
#629=ORIENTED_EDGE('',*,*,#2082,.T.);
#630=ORIENTED_EDGE('',*,*,#2083,.T.);
#631=ORIENTED_EDGE('',*,*,#2084,.T.);
#632=ORIENTED_EDGE('',*,*,#2085,.F.);
#633=ORIENTED_EDGE('',*,*,#2086,.T.);
#634=ORIENTED_EDGE('',*,*,#2087,.F.);
#635=ORIENTED_EDGE('',*,*,#2088,.T.);
#636=ORIENTED_EDGE('',*,*,#2089,.F.);
#637=ORIENTED_EDGE('',*,*,#2090,.T.);
#638=ORIENTED_EDGE('',*,*,#2091,.F.);
#639=ORIENTED_EDGE('',*,*,#2092,.T.);
#640=ORIENTED_EDGE('',*,*,#2093,.F.);
#641=ORIENTED_EDGE('',*,*,#2094,.T.);
#642=ORIENTED_EDGE('',*,*,#2095,.F.);
#643=ORIENTED_EDGE('',*,*,#2096,.F.);
#644=ORIENTED_EDGE('',*,*,#2097,.F.);
#645=ORIENTED_EDGE('',*,*,#2098,.T.);
#646=ORIENTED_EDGE('',*,*,#2099,.T.);
#647=ORIENTED_EDGE('',*,*,#2100,.F.);
#648=ORIENTED_EDGE('',*,*,#2101,.F.);
#649=ORIENTED_EDGE('',*,*,#2102,.T.);
#650=ORIENTED_EDGE('',*,*,#2103,.F.);
#651=ORIENTED_EDGE('',*,*,#2104,.T.);
#652=ORIENTED_EDGE('',*,*,#2105,.F.);
#653=ORIENTED_EDGE('',*,*,#2106,.T.);
#654=ORIENTED_EDGE('',*,*,#2107,.F.);
#655=ORIENTED_EDGE('',*,*,#2050,.F.);
#656=ORIENTED_EDGE('',*,*,#2108,.T.);
#657=ORIENTED_EDGE('',*,*,#2109,.T.);
#658=ORIENTED_EDGE('',*,*,#2110,.F.);
#659=ORIENTED_EDGE('',*,*,#2095,.T.);
#660=ORIENTED_EDGE('',*,*,#2111,.T.);
#661=ORIENTED_EDGE('',*,*,#2112,.F.);
#662=ORIENTED_EDGE('',*,*,#2113,.T.);
#663=ORIENTED_EDGE('',*,*,#2114,.T.);
#664=ORIENTED_EDGE('',*,*,#2115,.T.);
#665=ORIENTED_EDGE('',*,*,#2000,.F.);
#666=ORIENTED_EDGE('',*,*,#2116,.T.);
#667=ORIENTED_EDGE('',*,*,#2101,.T.);
#668=ORIENTED_EDGE('',*,*,#2117,.F.);
#669=ORIENTED_EDGE('',*,*,#1996,.T.);
#670=ORIENTED_EDGE('',*,*,#2118,.T.);
#671=ORIENTED_EDGE('',*,*,#2105,.T.);
#672=ORIENTED_EDGE('',*,*,#2119,.T.);
#673=ORIENTED_EDGE('',*,*,#2120,.F.);
#674=ORIENTED_EDGE('',*,*,#2121,.T.);
#675=ORIENTED_EDGE('',*,*,#2046,.T.);
#676=ORIENTED_EDGE('',*,*,#2122,.F.);
#677=ORIENTED_EDGE('',*,*,#2091,.T.);
#678=ORIENTED_EDGE('',*,*,#2123,.T.);
#679=ORIENTED_EDGE('',*,*,#2055,.T.);
#680=ORIENTED_EDGE('',*,*,#2124,.T.);
#681=ORIENTED_EDGE('',*,*,#2125,.T.);
#682=ORIENTED_EDGE('',*,*,#2126,.T.);
#683=ORIENTED_EDGE('',*,*,#2127,.T.);
#684=ORIENTED_EDGE('',*,*,#2128,.T.);
#685=ORIENTED_EDGE('',*,*,#2129,.T.);
#686=ORIENTED_EDGE('',*,*,#2130,.T.);
#687=ORIENTED_EDGE('',*,*,#2131,.T.);
#688=ORIENTED_EDGE('',*,*,#2132,.T.);
#689=ORIENTED_EDGE('',*,*,#2133,.T.);
#690=ORIENTED_EDGE('',*,*,#2134,.T.);
#691=ORIENTED_EDGE('',*,*,#2135,.F.);
#692=ORIENTED_EDGE('',*,*,#2136,.T.);
#693=ORIENTED_EDGE('',*,*,#2137,.T.);
#694=ORIENTED_EDGE('',*,*,#2109,.F.);
#695=ORIENTED_EDGE('',*,*,#2138,.T.);
#696=ORIENTED_EDGE('',*,*,#2139,.F.);
#697=ORIENTED_EDGE('',*,*,#2140,.T.);
#698=ORIENTED_EDGE('',*,*,#2120,.T.);
#699=ORIENTED_EDGE('',*,*,#2141,.F.);
#700=ORIENTED_EDGE('',*,*,#2142,.T.);
#701=ORIENTED_EDGE('',*,*,#2143,.F.);
#702=ORIENTED_EDGE('',*,*,#2144,.T.);
#703=ORIENTED_EDGE('',*,*,#2145,.F.);
#704=ORIENTED_EDGE('',*,*,#2146,.F.);
#705=ORIENTED_EDGE('',*,*,#2147,.T.);
#706=ORIENTED_EDGE('',*,*,#2148,.F.);
#707=ORIENTED_EDGE('',*,*,#2149,.T.);
#708=ORIENTED_EDGE('',*,*,#2150,.F.);
#709=ORIENTED_EDGE('',*,*,#2151,.F.);
#710=ORIENTED_EDGE('',*,*,#2152,.T.);
#711=ORIENTED_EDGE('',*,*,#2153,.F.);
#712=ORIENTED_EDGE('',*,*,#2154,.T.);
#713=ORIENTED_EDGE('',*,*,#2155,.F.);
#714=ORIENTED_EDGE('',*,*,#2156,.T.);
#715=ORIENTED_EDGE('',*,*,#2157,.F.);
#716=ORIENTED_EDGE('',*,*,#2158,.T.);
#717=ORIENTED_EDGE('',*,*,#2159,.F.);
#718=ORIENTED_EDGE('',*,*,#2160,.T.);
#719=ORIENTED_EDGE('',*,*,#2161,.T.);
#720=ORIENTED_EDGE('',*,*,#2162,.T.);
#721=ORIENTED_EDGE('',*,*,#2163,.T.);
#722=ORIENTED_EDGE('',*,*,#2164,.T.);
#723=ORIENTED_EDGE('',*,*,#2165,.F.);
#724=ORIENTED_EDGE('',*,*,#2166,.T.);
#725=ORIENTED_EDGE('',*,*,#2167,.F.);
#726=ORIENTED_EDGE('',*,*,#2168,.T.);
#727=ORIENTED_EDGE('',*,*,#2169,.F.);
#728=ORIENTED_EDGE('',*,*,#2170,.F.);
#729=ORIENTED_EDGE('',*,*,#2171,.T.);
#730=ORIENTED_EDGE('',*,*,#2172,.F.);
#731=ORIENTED_EDGE('',*,*,#2173,.T.);
#732=ORIENTED_EDGE('',*,*,#2174,.F.);
#733=ORIENTED_EDGE('',*,*,#2175,.T.);
#734=ORIENTED_EDGE('',*,*,#2176,.F.);
#735=ORIENTED_EDGE('',*,*,#2177,.T.);
#736=ORIENTED_EDGE('',*,*,#2178,.F.);
#737=ORIENTED_EDGE('',*,*,#2179,.F.);
#738=ORIENTED_EDGE('',*,*,#2180,.F.);
#739=ORIENTED_EDGE('',*,*,#2181,.T.);
#740=ORIENTED_EDGE('',*,*,#2182,.F.);
#741=ORIENTED_EDGE('',*,*,#2183,.F.);
#742=ORIENTED_EDGE('',*,*,#2184,.T.);
#743=ORIENTED_EDGE('',*,*,#2185,.F.);
#744=ORIENTED_EDGE('',*,*,#2186,.T.);
#745=ORIENTED_EDGE('',*,*,#2187,.F.);
#746=ORIENTED_EDGE('',*,*,#2188,.T.);
#747=ORIENTED_EDGE('',*,*,#2189,.F.);
#748=ORIENTED_EDGE('',*,*,#2190,.T.);
#749=ORIENTED_EDGE('',*,*,#2191,.F.);
#750=ORIENTED_EDGE('',*,*,#2192,.T.);
#751=ORIENTED_EDGE('',*,*,#2193,.F.);
#752=ORIENTED_EDGE('',*,*,#2194,.T.);
#753=ORIENTED_EDGE('',*,*,#2195,.F.);
#754=ORIENTED_EDGE('',*,*,#2196,.F.);
#755=ORIENTED_EDGE('',*,*,#2197,.T.);
#756=ORIENTED_EDGE('',*,*,#2198,.F.);
#757=ORIENTED_EDGE('',*,*,#2199,.F.);
#758=ORIENTED_EDGE('',*,*,#2200,.T.);
#759=ORIENTED_EDGE('',*,*,#2201,.T.);
#760=ORIENTED_EDGE('',*,*,#2202,.T.);
#761=ORIENTED_EDGE('',*,*,#2203,.T.);
#762=ORIENTED_EDGE('',*,*,#2204,.T.);
#763=ORIENTED_EDGE('',*,*,#2205,.T.);
#764=ORIENTED_EDGE('',*,*,#2206,.T.);
#765=ORIENTED_EDGE('',*,*,#2207,.T.);
#766=ORIENTED_EDGE('',*,*,#2208,.F.);
#767=ORIENTED_EDGE('',*,*,#2209,.T.);
#768=ORIENTED_EDGE('',*,*,#2114,.F.);
#769=ORIENTED_EDGE('',*,*,#2210,.T.);
#770=ORIENTED_EDGE('',*,*,#2211,.F.);
#771=ORIENTED_EDGE('',*,*,#2212,.F.);
#772=ORIENTED_EDGE('',*,*,#2213,.T.);
#773=ORIENTED_EDGE('',*,*,#2214,.T.);
#774=ORIENTED_EDGE('',*,*,#2215,.T.);
#775=ORIENTED_EDGE('',*,*,#2216,.T.);
#776=ORIENTED_EDGE('',*,*,#2217,.T.);
#777=ORIENTED_EDGE('',*,*,#2218,.F.);
#778=ORIENTED_EDGE('',*,*,#2219,.T.);
#779=ORIENTED_EDGE('',*,*,#2220,.T.);
#780=ORIENTED_EDGE('',*,*,#2221,.T.);
#781=ORIENTED_EDGE('',*,*,#2033,.F.);
#782=ORIENTED_EDGE('',*,*,#2222,.T.);
#783=ORIENTED_EDGE('',*,*,#2165,.T.);
#784=ORIENTED_EDGE('',*,*,#2223,.F.);
#785=ORIENTED_EDGE('',*,*,#2224,.F.);
#786=ORIENTED_EDGE('',*,*,#2225,.T.);
#787=ORIENTED_EDGE('',*,*,#2159,.T.);
#788=ORIENTED_EDGE('',*,*,#2226,.T.);
#789=ORIENTED_EDGE('',*,*,#2037,.F.);
#790=ORIENTED_EDGE('',*,*,#2227,.T.);
#791=ORIENTED_EDGE('',*,*,#2155,.T.);
#792=ORIENTED_EDGE('',*,*,#2228,.T.);
#793=ORIENTED_EDGE('',*,*,#2178,.T.);
#794=ORIENTED_EDGE('',*,*,#2229,.T.);
#795=ORIENTED_EDGE('',*,*,#2020,.F.);
#796=ORIENTED_EDGE('',*,*,#2230,.F.);
#797=ORIENTED_EDGE('',*,*,#2231,.F.);
#798=ORIENTED_EDGE('',*,*,#2232,.F.);
#799=ORIENTED_EDGE('',*,*,#2233,.F.);
#800=ORIENTED_EDGE('',*,*,#2234,.F.);
#801=ORIENTED_EDGE('',*,*,#1986,.T.);
#802=ORIENTED_EDGE('',*,*,#2235,.F.);
#803=ORIENTED_EDGE('',*,*,#2236,.T.);
#804=ORIENTED_EDGE('',*,*,#2237,.F.);
#805=ORIENTED_EDGE('',*,*,#2238,.F.);
#806=ORIENTED_EDGE('',*,*,#2239,.T.);
#807=ORIENTED_EDGE('',*,*,#2240,.T.);
#808=ORIENTED_EDGE('',*,*,#2241,.T.);
#809=ORIENTED_EDGE('',*,*,#2242,.T.);
#810=ORIENTED_EDGE('',*,*,#2004,.T.);
#811=ORIENTED_EDGE('',*,*,#2243,.T.);
#812=ORIENTED_EDGE('',*,*,#2206,.F.);
#813=ORIENTED_EDGE('',*,*,#2244,.T.);
#814=ORIENTED_EDGE('',*,*,#2245,.T.);
#815=ORIENTED_EDGE('',*,*,#2246,.F.);
#816=ORIENTED_EDGE('',*,*,#2247,.F.);
#817=ORIENTED_EDGE('',*,*,#2248,.T.);
#818=ORIENTED_EDGE('',*,*,#2249,.T.);
#819=ORIENTED_EDGE('',*,*,#2250,.T.);
#820=ORIENTED_EDGE('',*,*,#2245,.F.);
#821=ORIENTED_EDGE('',*,*,#2251,.T.);
#822=ORIENTED_EDGE('',*,*,#2252,.F.);
#823=ORIENTED_EDGE('',*,*,#2253,.T.);
#824=ORIENTED_EDGE('',*,*,#2254,.T.);
#825=ORIENTED_EDGE('',*,*,#2255,.T.);
#826=ORIENTED_EDGE('',*,*,#2255,.F.);
#827=ORIENTED_EDGE('',*,*,#2256,.T.);
#828=ORIENTED_EDGE('',*,*,#2249,.F.);
#829=ORIENTED_EDGE('',*,*,#2257,.T.);
#830=ORIENTED_EDGE('',*,*,#2258,.F.);
#831=ORIENTED_EDGE('',*,*,#2259,.T.);
#832=ORIENTED_EDGE('',*,*,#2260,.F.);
#833=ORIENTED_EDGE('',*,*,#2247,.T.);
#834=ORIENTED_EDGE('',*,*,#2261,.T.);
#835=ORIENTED_EDGE('',*,*,#2262,.F.);
#836=ORIENTED_EDGE('',*,*,#2263,.T.);
#837=ORIENTED_EDGE('',*,*,#2262,.T.);
#838=ORIENTED_EDGE('',*,*,#2264,.T.);
#839=ORIENTED_EDGE('',*,*,#2265,.F.);
#840=ORIENTED_EDGE('',*,*,#2266,.T.);
#841=ORIENTED_EDGE('',*,*,#2267,.T.);
#842=ORIENTED_EDGE('',*,*,#2268,.T.);
#843=ORIENTED_EDGE('',*,*,#2269,.F.);
#844=ORIENTED_EDGE('',*,*,#2270,.T.);
#845=ORIENTED_EDGE('',*,*,#2271,.T.);
#846=ORIENTED_EDGE('',*,*,#2272,.T.);
#847=ORIENTED_EDGE('',*,*,#2273,.F.);
#848=ORIENTED_EDGE('',*,*,#2274,.T.);
#849=ORIENTED_EDGE('',*,*,#2275,.F.);
#850=ORIENTED_EDGE('',*,*,#2276,.T.);
#851=ORIENTED_EDGE('',*,*,#2277,.F.);
#852=ORIENTED_EDGE('',*,*,#2278,.T.);
#853=ORIENTED_EDGE('',*,*,#2279,.T.);
#854=ORIENTED_EDGE('',*,*,#2280,.F.);
#855=ORIENTED_EDGE('',*,*,#2281,.F.);
#856=ORIENTED_EDGE('',*,*,#2282,.T.);
#857=ORIENTED_EDGE('',*,*,#2265,.T.);
#858=ORIENTED_EDGE('',*,*,#2277,.T.);
#859=ORIENTED_EDGE('',*,*,#2283,.T.);
#860=ORIENTED_EDGE('',*,*,#2284,.T.);
#861=ORIENTED_EDGE('',*,*,#2285,.T.);
#862=ORIENTED_EDGE('',*,*,#2286,.T.);
#863=ORIENTED_EDGE('',*,*,#2287,.F.);
#864=ORIENTED_EDGE('',*,*,#2288,.T.);
#865=ORIENTED_EDGE('',*,*,#2289,.F.);
#866=ORIENTED_EDGE('',*,*,#2290,.T.);
#867=ORIENTED_EDGE('',*,*,#2291,.T.);
#868=ORIENTED_EDGE('',*,*,#2292,.T.);
#869=ORIENTED_EDGE('',*,*,#2258,.T.);
#870=ORIENTED_EDGE('',*,*,#2293,.T.);
#871=ORIENTED_EDGE('',*,*,#2294,.T.);
#872=ORIENTED_EDGE('',*,*,#2295,.F.);
#873=ORIENTED_EDGE('',*,*,#2296,.T.);
#874=ORIENTED_EDGE('',*,*,#2297,.T.);
#875=ORIENTED_EDGE('',*,*,#2298,.T.);
#876=ORIENTED_EDGE('',*,*,#2299,.F.);
#877=ORIENTED_EDGE('',*,*,#2300,.T.);
#878=ORIENTED_EDGE('',*,*,#2301,.F.);
#879=ORIENTED_EDGE('',*,*,#2302,.T.);
#880=ORIENTED_EDGE('',*,*,#2303,.F.);
#881=ORIENTED_EDGE('',*,*,#2304,.T.);
#882=ORIENTED_EDGE('',*,*,#2305,.T.);
#883=ORIENTED_EDGE('',*,*,#2306,.T.);
#884=ORIENTED_EDGE('',*,*,#2307,.T.);
#885=ORIENTED_EDGE('',*,*,#2308,.T.);
#886=ORIENTED_EDGE('',*,*,#2309,.F.);
#887=ORIENTED_EDGE('',*,*,#2310,.T.);
#888=ORIENTED_EDGE('',*,*,#2311,.T.);
#889=ORIENTED_EDGE('',*,*,#2312,.T.);
#890=ORIENTED_EDGE('',*,*,#2313,.F.);
#891=ORIENTED_EDGE('',*,*,#2314,.T.);
#892=ORIENTED_EDGE('',*,*,#2315,.F.);
#893=ORIENTED_EDGE('',*,*,#2316,.T.);
#894=ORIENTED_EDGE('',*,*,#2317,.F.);
#895=ORIENTED_EDGE('',*,*,#2318,.T.);
#896=ORIENTED_EDGE('',*,*,#2319,.F.);
#897=ORIENTED_EDGE('',*,*,#2311,.F.);
#898=ORIENTED_EDGE('',*,*,#2320,.F.);
#899=ORIENTED_EDGE('',*,*,#2202,.F.);
#900=ORIENTED_EDGE('',*,*,#2321,.F.);
#901=ORIENTED_EDGE('',*,*,#2319,.T.);
#902=ORIENTED_EDGE('',*,*,#2322,.F.);
#903=ORIENTED_EDGE('',*,*,#2323,.F.);
#904=ORIENTED_EDGE('',*,*,#2320,.T.);
#905=ORIENTED_EDGE('',*,*,#2324,.F.);
#906=ORIENTED_EDGE('',*,*,#2325,.F.);
#907=ORIENTED_EDGE('',*,*,#2242,.F.);
#908=ORIENTED_EDGE('',*,*,#2322,.T.);
#909=ORIENTED_EDGE('',*,*,#2201,.F.);
#910=ORIENTED_EDGE('',*,*,#2326,.F.);
#911=ORIENTED_EDGE('',*,*,#2312,.F.);
#912=ORIENTED_EDGE('',*,*,#2321,.T.);
#913=ORIENTED_EDGE('',*,*,#2241,.F.);
#914=ORIENTED_EDGE('',*,*,#2327,.F.);
#915=ORIENTED_EDGE('',*,*,#2306,.F.);
#916=ORIENTED_EDGE('',*,*,#2324,.T.);
#917=ORIENTED_EDGE('',*,*,#2310,.F.);
#918=ORIENTED_EDGE('',*,*,#2323,.T.);
#919=ORIENTED_EDGE('',*,*,#2305,.F.);
#920=ORIENTED_EDGE('',*,*,#2328,.F.);
#921=ORIENTED_EDGE('',*,*,#2203,.F.);
#922=ORIENTED_EDGE('',*,*,#2329,.F.);
#923=ORIENTED_EDGE('',*,*,#2328,.T.);
#924=ORIENTED_EDGE('',*,*,#2330,.F.);
#925=ORIENTED_EDGE('',*,*,#2331,.F.);
#926=ORIENTED_EDGE('',*,*,#2294,.F.);
#927=ORIENTED_EDGE('',*,*,#2330,.T.);
#928=ORIENTED_EDGE('',*,*,#2304,.F.);
#929=ORIENTED_EDGE('',*,*,#2329,.T.);
#930=ORIENTED_EDGE('',*,*,#2293,.F.);
#931=ORIENTED_EDGE('',*,*,#2332,.F.);
#932=ORIENTED_EDGE('',*,*,#2204,.F.);
#933=ORIENTED_EDGE('',*,*,#2333,.F.);
#934=ORIENTED_EDGE('',*,*,#2332,.T.);
#935=ORIENTED_EDGE('',*,*,#2257,.F.);
#936=ORIENTED_EDGE('',*,*,#2244,.F.);
#937=ORIENTED_EDGE('',*,*,#2205,.F.);
#938=ORIENTED_EDGE('',*,*,#2333,.T.);
#939=ORIENTED_EDGE('',*,*,#2251,.F.);
#940=ORIENTED_EDGE('',*,*,#2334,.T.);
#941=ORIENTED_EDGE('',*,*,#2335,.T.);
#942=ORIENTED_EDGE('',*,*,#2336,.T.);
#943=ORIENTED_EDGE('',*,*,#1978,.F.);
#944=ORIENTED_EDGE('',*,*,#2337,.T.);
#945=ORIENTED_EDGE('',*,*,#2338,.T.);
#946=ORIENTED_EDGE('',*,*,#2339,.T.);
#947=ORIENTED_EDGE('',*,*,#2340,.T.);
#948=ORIENTED_EDGE('',*,*,#2341,.T.);
#949=ORIENTED_EDGE('',*,*,#2342,.T.);
#950=ORIENTED_EDGE('',*,*,#2343,.T.);
#951=ORIENTED_EDGE('',*,*,#1979,.T.);
#952=ORIENTED_EDGE('',*,*,#2344,.F.);
#953=ORIENTED_EDGE('',*,*,#2345,.T.);
#954=ORIENTED_EDGE('',*,*,#2346,.F.);
#955=ORIENTED_EDGE('',*,*,#2347,.T.);
#956=ORIENTED_EDGE('',*,*,#2348,.F.);
#957=ORIENTED_EDGE('',*,*,#2349,.T.);
#958=ORIENTED_EDGE('',*,*,#2346,.T.);
#959=ORIENTED_EDGE('',*,*,#2350,.T.);
#960=ORIENTED_EDGE('',*,*,#2351,.F.);
#961=ORIENTED_EDGE('',*,*,#2344,.T.);
#962=ORIENTED_EDGE('',*,*,#2352,.F.);
#963=ORIENTED_EDGE('',*,*,#2353,.F.);
#964=ORIENTED_EDGE('',*,*,#2348,.T.);
#965=ORIENTED_EDGE('',*,*,#2354,.F.);
#966=ORIENTED_EDGE('',*,*,#2355,.T.);
#967=ORIENTED_EDGE('',*,*,#2351,.T.);
#968=ORIENTED_EDGE('',*,*,#2356,.T.);
#969=ORIENTED_EDGE('',*,*,#2334,.F.);
#970=ORIENTED_EDGE('',*,*,#2357,.F.);
#971=ORIENTED_EDGE('',*,*,#2358,.F.);
#972=ORIENTED_EDGE('',*,*,#2359,.F.);
#973=ORIENTED_EDGE('',*,*,#2360,.T.);
#974=ORIENTED_EDGE('',*,*,#2361,.F.);
#975=ORIENTED_EDGE('',*,*,#2362,.T.);
#976=ORIENTED_EDGE('',*,*,#2352,.T.);
#977=ORIENTED_EDGE('',*,*,#2363,.T.);
#978=ORIENTED_EDGE('',*,*,#2364,.F.);
#979=ORIENTED_EDGE('',*,*,#2365,.T.);
#980=ORIENTED_EDGE('',*,*,#2353,.T.);
#981=ORIENTED_EDGE('',*,*,#2366,.T.);
#982=ORIENTED_EDGE('',*,*,#2367,.T.);
#983=ORIENTED_EDGE('',*,*,#2368,.T.);
#984=ORIENTED_EDGE('',*,*,#2369,.T.);
#985=ORIENTED_EDGE('',*,*,#2354,.T.);
#986=ORIENTED_EDGE('',*,*,#2370,.F.);
#987=ORIENTED_EDGE('',*,*,#2361,.T.);
#988=ORIENTED_EDGE('',*,*,#2371,.F.);
#989=ORIENTED_EDGE('',*,*,#2372,.F.);
#990=ORIENTED_EDGE('',*,*,#2373,.F.);
#991=ORIENTED_EDGE('',*,*,#2374,.T.);
#992=ORIENTED_EDGE('',*,*,#2359,.T.);
#993=ORIENTED_EDGE('',*,*,#2375,.F.);
#994=ORIENTED_EDGE('',*,*,#2375,.T.);
#995=ORIENTED_EDGE('',*,*,#2358,.T.);
#996=ORIENTED_EDGE('',*,*,#2376,.F.);
#997=ORIENTED_EDGE('',*,*,#2377,.T.);
#998=ORIENTED_EDGE('',*,*,#2376,.T.);
#999=ORIENTED_EDGE('',*,*,#2357,.T.);
#1000=ORIENTED_EDGE('',*,*,#2378,.T.);
#1001=ORIENTED_EDGE('',*,*,#2364,.T.);
#1002=ORIENTED_EDGE('',*,*,#2379,.F.);
#1003=ORIENTED_EDGE('',*,*,#2380,.T.);
#1004=ORIENTED_EDGE('',*,*,#2370,.T.);
#1005=ORIENTED_EDGE('',*,*,#2381,.T.);
#1006=ORIENTED_EDGE('',*,*,#2343,.F.);
#1007=ORIENTED_EDGE('',*,*,#2382,.F.);
#1008=ORIENTED_EDGE('',*,*,#2383,.T.);
#1009=ORIENTED_EDGE('',*,*,#2371,.T.);
#1010=ORIENTED_EDGE('',*,*,#2384,.T.);
#1011=ORIENTED_EDGE('',*,*,#2385,.F.);
#1012=ORIENTED_EDGE('',*,*,#2386,.T.);
#1013=ORIENTED_EDGE('',*,*,#2373,.T.);
#1014=ORIENTED_EDGE('',*,*,#2387,.T.);
#1015=ORIENTED_EDGE('',*,*,#2388,.T.);
#1016=ORIENTED_EDGE('',*,*,#2389,.T.);
#1017=ORIENTED_EDGE('',*,*,#2390,.T.);
#1018=ORIENTED_EDGE('',*,*,#2372,.T.);
#1019=ORIENTED_EDGE('',*,*,#2391,.T.);
#1020=ORIENTED_EDGE('',*,*,#2392,.T.);
#1021=ORIENTED_EDGE('',*,*,#2393,.T.);
#1022=ORIENTED_EDGE('',*,*,#2379,.T.);
#1023=ORIENTED_EDGE('',*,*,#2394,.F.);
#1024=ORIENTED_EDGE('',*,*,#2395,.T.);
#1025=ORIENTED_EDGE('',*,*,#2382,.T.);
#1026=ORIENTED_EDGE('',*,*,#2396,.T.);
#1027=ORIENTED_EDGE('',*,*,#2385,.T.);
#1028=ORIENTED_EDGE('',*,*,#2397,.F.);
#1029=ORIENTED_EDGE('',*,*,#2394,.T.);
#1030=ORIENTED_EDGE('',*,*,#2398,.T.);
#1031=ORIENTED_EDGE('',*,*,#2399,.T.);
#1032=ORIENTED_EDGE('',*,*,#2400,.T.);
#1033=ORIENTED_EDGE('',*,*,#2397,.T.);
#1034=ORIENTED_EDGE('',*,*,#2336,.F.);
#1035=ORIENTED_EDGE('',*,*,#2401,.T.);
#1036=ORIENTED_EDGE('',*,*,#2341,.F.);
#1037=ORIENTED_EDGE('',*,*,#2402,.F.);
#1038=ORIENTED_EDGE('',*,*,#2403,.F.);
#1039=ORIENTED_EDGE('',*,*,#2404,.F.);
#1040=ORIENTED_EDGE('',*,*,#2405,.F.);
#1041=ORIENTED_EDGE('',*,*,#2406,.F.);
#1042=ORIENTED_EDGE('',*,*,#2407,.F.);
#1043=ORIENTED_EDGE('',*,*,#2408,.F.);
#1044=ORIENTED_EDGE('',*,*,#2409,.F.);
#1045=ORIENTED_EDGE('',*,*,#2410,.T.);
#1046=ORIENTED_EDGE('',*,*,#2411,.T.);
#1047=ORIENTED_EDGE('',*,*,#2412,.T.);
#1048=ORIENTED_EDGE('',*,*,#2413,.T.);
#1049=ORIENTED_EDGE('',*,*,#2414,.T.);
#1050=ORIENTED_EDGE('',*,*,#2415,.T.);
#1051=ORIENTED_EDGE('',*,*,#2416,.T.);
#1052=ORIENTED_EDGE('',*,*,#2417,.T.);
#1053=ORIENTED_EDGE('',*,*,#2416,.F.);
#1054=ORIENTED_EDGE('',*,*,#2418,.T.);
#1055=ORIENTED_EDGE('',*,*,#2418,.F.);
#1056=ORIENTED_EDGE('',*,*,#2419,.T.);
#1057=ORIENTED_EDGE('',*,*,#2414,.F.);
#1058=ORIENTED_EDGE('',*,*,#2420,.T.);
#1059=ORIENTED_EDGE('',*,*,#2420,.F.);
#1060=ORIENTED_EDGE('',*,*,#2421,.T.);
#1061=ORIENTED_EDGE('',*,*,#2412,.F.);
#1062=ORIENTED_EDGE('',*,*,#2422,.T.);
#1063=ORIENTED_EDGE('',*,*,#2422,.F.);
#1064=ORIENTED_EDGE('',*,*,#2423,.T.);
#1065=ORIENTED_EDGE('',*,*,#2410,.F.);
#1066=ORIENTED_EDGE('',*,*,#2424,.T.);
#1067=ORIENTED_EDGE('',*,*,#2424,.F.);
#1068=ORIENTED_EDGE('',*,*,#2425,.T.);
#1069=ORIENTED_EDGE('',*,*,#2409,.T.);
#1070=ORIENTED_EDGE('',*,*,#2426,.F.);
#1071=ORIENTED_EDGE('',*,*,#2426,.T.);
#1072=ORIENTED_EDGE('',*,*,#2427,.F.);
#1073=ORIENTED_EDGE('',*,*,#2407,.T.);
#1074=ORIENTED_EDGE('',*,*,#2428,.F.);
#1075=ORIENTED_EDGE('',*,*,#2428,.T.);
#1076=ORIENTED_EDGE('',*,*,#2429,.F.);
#1077=ORIENTED_EDGE('',*,*,#2405,.T.);
#1078=ORIENTED_EDGE('',*,*,#2430,.F.);
#1079=ORIENTED_EDGE('',*,*,#2430,.T.);
#1080=ORIENTED_EDGE('',*,*,#2431,.F.);
#1081=ORIENTED_EDGE('',*,*,#2403,.T.);
#1082=ORIENTED_EDGE('',*,*,#2432,.F.);
#1083=ORIENTED_EDGE('',*,*,#2432,.T.);
#1084=ORIENTED_EDGE('',*,*,#2433,.F.);
#1085=ORIENTED_EDGE('',*,*,#2400,.F.);
#1086=ORIENTED_EDGE('',*,*,#2434,.T.);
#1087=ORIENTED_EDGE('',*,*,#2367,.F.);
#1088=ORIENTED_EDGE('',*,*,#2350,.F.);
#1089=ORIENTED_EDGE('',*,*,#2435,.F.);
#1090=ORIENTED_EDGE('',*,*,#2340,.F.);
#1091=ORIENTED_EDGE('',*,*,#2436,.T.);
#1092=ORIENTED_EDGE('',*,*,#2395,.F.);
#1093=ORIENTED_EDGE('',*,*,#2437,.F.);
#1094=ORIENTED_EDGE('',*,*,#2438,.F.);
#1095=ORIENTED_EDGE('',*,*,#2419,.F.);
#1096=ORIENTED_EDGE('',*,*,#2421,.F.);
#1097=ORIENTED_EDGE('',*,*,#2423,.F.);
#1098=ORIENTED_EDGE('',*,*,#2425,.F.);
#1099=ORIENTED_EDGE('',*,*,#2369,.F.);
#1100=ORIENTED_EDGE('',*,*,#2439,.T.);
#1101=ORIENTED_EDGE('',*,*,#2391,.F.);
#1102=ORIENTED_EDGE('',*,*,#2366,.F.);
#1103=ORIENTED_EDGE('',*,*,#2440,.T.);
#1104=ORIENTED_EDGE('',*,*,#2441,.T.);
#1105=ORIENTED_EDGE('',*,*,#2390,.F.);
#1106=ORIENTED_EDGE('',*,*,#2442,.T.);
#1107=ORIENTED_EDGE('',*,*,#2398,.F.);
#1108=ORIENTED_EDGE('',*,*,#2387,.F.);
#1109=ORIENTED_EDGE('',*,*,#2427,.T.);
#1110=ORIENTED_EDGE('',*,*,#2429,.T.);
#1111=ORIENTED_EDGE('',*,*,#2431,.T.);
#1112=ORIENTED_EDGE('',*,*,#2433,.T.);
#1113=ORIENTED_EDGE('',*,*,#2443,.T.);
#1114=ORIENTED_EDGE('',*,*,#2444,.T.);
#1115=ORIENTED_EDGE('',*,*,#2445,.T.);
#1116=ORIENTED_EDGE('',*,*,#2356,.F.);
#1117=ORIENTED_EDGE('',*,*,#2362,.F.);
#1118=ORIENTED_EDGE('',*,*,#2380,.F.);
#1119=ORIENTED_EDGE('',*,*,#2446,.T.);
#1120=ORIENTED_EDGE('',*,*,#2349,.F.);
#1121=ORIENTED_EDGE('',*,*,#2365,.F.);
#1122=ORIENTED_EDGE('',*,*,#2378,.F.);
#1123=ORIENTED_EDGE('',*,*,#2363,.F.);
#1124=ORIENTED_EDGE('',*,*,#2347,.F.);
#1125=ORIENTED_EDGE('',*,*,#2393,.F.);
#1126=ORIENTED_EDGE('',*,*,#2447,.T.);
#1127=ORIENTED_EDGE('',*,*,#2388,.F.);
#1128=ORIENTED_EDGE('',*,*,#2377,.F.);
#1129=ORIENTED_EDGE('',*,*,#2448,.F.);
#1130=ORIENTED_EDGE('',*,*,#2449,.F.);
#1131=ORIENTED_EDGE('',*,*,#1975,.F.);
#1132=ORIENTED_EDGE('',*,*,#2381,.F.);
#1133=ORIENTED_EDGE('',*,*,#2383,.F.);
#1134=ORIENTED_EDGE('',*,*,#2436,.F.);
#1135=ORIENTED_EDGE('',*,*,#2339,.F.);
#1136=ORIENTED_EDGE('',*,*,#2408,.T.);
#1137=ORIENTED_EDGE('',*,*,#2406,.T.);
#1138=ORIENTED_EDGE('',*,*,#2404,.T.);
#1139=ORIENTED_EDGE('',*,*,#2402,.T.);
#1140=ORIENTED_EDGE('',*,*,#2450,.T.);
#1141=ORIENTED_EDGE('',*,*,#2411,.F.);
#1142=ORIENTED_EDGE('',*,*,#2413,.F.);
#1143=ORIENTED_EDGE('',*,*,#2415,.F.);
#1144=ORIENTED_EDGE('',*,*,#2417,.F.);
#1145=ORIENTED_EDGE('',*,*,#1977,.F.);
#1146=ORIENTED_EDGE('',*,*,#2451,.T.);
#1147=ORIENTED_EDGE('',*,*,#2337,.F.);
#1148=ORIENTED_EDGE('',*,*,#2435,.T.);
#1149=ORIENTED_EDGE('',*,*,#2345,.F.);
#1150=ORIENTED_EDGE('',*,*,#2355,.F.);
#1151=ORIENTED_EDGE('',*,*,#2360,.F.);
#1152=ORIENTED_EDGE('',*,*,#2374,.F.);
#1153=ORIENTED_EDGE('',*,*,#2386,.F.);
#1154=ORIENTED_EDGE('',*,*,#2396,.F.);
#1155=ORIENTED_EDGE('',*,*,#2384,.F.);
#1156=ORIENTED_EDGE('',*,*,#2443,.F.);
#1157=ORIENTED_EDGE('',*,*,#2286,.F.);
#1158=ORIENTED_EDGE('',*,*,#2452,.F.);
#1159=ORIENTED_EDGE('',*,*,#2131,.F.);
#1160=ORIENTED_EDGE('',*,*,#2453,.F.);
#1161=ORIENTED_EDGE('',*,*,#2399,.F.);
#1162=ORIENTED_EDGE('',*,*,#2453,.T.);
#1163=ORIENTED_EDGE('',*,*,#2130,.F.);
#1164=ORIENTED_EDGE('',*,*,#2454,.F.);
#1165=ORIENTED_EDGE('',*,*,#2434,.F.);
#1166=ORIENTED_EDGE('',*,*,#2452,.T.);
#1167=ORIENTED_EDGE('',*,*,#2442,.F.);
#1168=ORIENTED_EDGE('',*,*,#2455,.F.);
#1169=ORIENTED_EDGE('',*,*,#2132,.F.);
#1170=ORIENTED_EDGE('',*,*,#2454,.T.);
#1171=ORIENTED_EDGE('',*,*,#2129,.F.);
#1172=ORIENTED_EDGE('',*,*,#2456,.F.);
#1173=ORIENTED_EDGE('',*,*,#2368,.F.);
#1174=ORIENTED_EDGE('',*,*,#2455,.T.);
#1175=ORIENTED_EDGE('',*,*,#2389,.F.);
#1176=ORIENTED_EDGE('',*,*,#2457,.F.);
#1177=ORIENTED_EDGE('',*,*,#2456,.T.);
#1178=ORIENTED_EDGE('',*,*,#2128,.F.);
#1179=ORIENTED_EDGE('',*,*,#2458,.F.);
#1180=ORIENTED_EDGE('',*,*,#2439,.F.);
#1181=ORIENTED_EDGE('',*,*,#2457,.T.);
#1182=ORIENTED_EDGE('',*,*,#2447,.F.);
#1183=ORIENTED_EDGE('',*,*,#2459,.F.);
#1184=ORIENTED_EDGE('',*,*,#2127,.F.);
#1185=ORIENTED_EDGE('',*,*,#2392,.F.);
#1186=ORIENTED_EDGE('',*,*,#2458,.T.);
#1187=ORIENTED_EDGE('',*,*,#2459,.T.);
#1188=ORIENTED_EDGE('',*,*,#2446,.F.);
#1189=ORIENTED_EDGE('',*,*,#2342,.F.);
#1190=ORIENTED_EDGE('',*,*,#2460,.F.);
#1191=ORIENTED_EDGE('',*,*,#2460,.T.);
#1192=ORIENTED_EDGE('',*,*,#2401,.F.);
#1193=ORIENTED_EDGE('',*,*,#2461,.F.);
#1194=ORIENTED_EDGE('',*,*,#2444,.F.);
#1195=ORIENTED_EDGE('',*,*,#2335,.F.);
#1196=ORIENTED_EDGE('',*,*,#2445,.F.);
#1197=ORIENTED_EDGE('',*,*,#2461,.T.);
#1198=ORIENTED_EDGE('',*,*,#2462,.F.);
#1199=ORIENTED_EDGE('',*,*,#2463,.F.);
#1200=ORIENTED_EDGE('',*,*,#2464,.T.);
#1201=ORIENTED_EDGE('',*,*,#2281,.T.);
#1202=ORIENTED_EDGE('',*,*,#2465,.F.);
#1203=ORIENTED_EDGE('',*,*,#2466,.T.);
#1204=ORIENTED_EDGE('',*,*,#2467,.F.);
#1205=ORIENTED_EDGE('',*,*,#2468,.F.);
#1206=ORIENTED_EDGE('',*,*,#2469,.T.);
#1207=ORIENTED_EDGE('',*,*,#2463,.T.);
#1208=ORIENTED_EDGE('',*,*,#2470,.F.);
#1209=ORIENTED_EDGE('',*,*,#2471,.T.);
#1210=ORIENTED_EDGE('',*,*,#2472,.F.);
#1211=ORIENTED_EDGE('',*,*,#2473,.F.);
#1212=ORIENTED_EDGE('',*,*,#2474,.T.);
#1213=ORIENTED_EDGE('',*,*,#2468,.T.);
#1214=ORIENTED_EDGE('',*,*,#2475,.F.);
#1215=ORIENTED_EDGE('',*,*,#2476,.T.);
#1216=ORIENTED_EDGE('',*,*,#2477,.T.);
#1217=ORIENTED_EDGE('',*,*,#2478,.T.);
#1218=ORIENTED_EDGE('',*,*,#2479,.F.);
#1219=ORIENTED_EDGE('',*,*,#2480,.T.);
#1220=ORIENTED_EDGE('',*,*,#2481,.F.);
#1221=ORIENTED_EDGE('',*,*,#2482,.T.);
#1222=ORIENTED_EDGE('',*,*,#2483,.F.);
#1223=ORIENTED_EDGE('',*,*,#2484,.F.);
#1224=ORIENTED_EDGE('',*,*,#2485,.T.);
#1225=ORIENTED_EDGE('',*,*,#2473,.T.);
#1226=ORIENTED_EDGE('',*,*,#2484,.T.);
#1227=ORIENTED_EDGE('',*,*,#2486,.T.);
#1228=ORIENTED_EDGE('',*,*,#2487,.F.);
#1229=ORIENTED_EDGE('',*,*,#2488,.T.);
#1230=ORIENTED_EDGE('',*,*,#2489,.T.);
#1231=ORIENTED_EDGE('',*,*,#2490,.T.);
#1232=ORIENTED_EDGE('',*,*,#2487,.T.);
#1233=ORIENTED_EDGE('',*,*,#2491,.T.);
#1234=ORIENTED_EDGE('',*,*,#2492,.F.);
#1235=ORIENTED_EDGE('',*,*,#2012,.F.);
#1236=ORIENTED_EDGE('',*,*,#2493,.T.);
#1237=ORIENTED_EDGE('',*,*,#2493,.F.);
#1238=ORIENTED_EDGE('',*,*,#2011,.F.);
#1239=ORIENTED_EDGE('',*,*,#2494,.F.);
#1240=ORIENTED_EDGE('',*,*,#2485,.F.);
#1241=ORIENTED_EDGE('',*,*,#2488,.F.);
#1242=ORIENTED_EDGE('',*,*,#2494,.T.);
#1243=ORIENTED_EDGE('',*,*,#2010,.F.);
#1244=ORIENTED_EDGE('',*,*,#2495,.F.);
#1245=ORIENTED_EDGE('',*,*,#2474,.F.);
#1246=ORIENTED_EDGE('',*,*,#2495,.T.);
#1247=ORIENTED_EDGE('',*,*,#2009,.F.);
#1248=ORIENTED_EDGE('',*,*,#2496,.F.);
#1249=ORIENTED_EDGE('',*,*,#2469,.F.);
#1250=ORIENTED_EDGE('',*,*,#2496,.T.);
#1251=ORIENTED_EDGE('',*,*,#2008,.F.);
#1252=ORIENTED_EDGE('',*,*,#2497,.F.);
#1253=ORIENTED_EDGE('',*,*,#2464,.F.);
#1254=ORIENTED_EDGE('',*,*,#2497,.T.);
#1255=ORIENTED_EDGE('',*,*,#2007,.F.);
#1256=ORIENTED_EDGE('',*,*,#2498,.F.);
#1257=ORIENTED_EDGE('',*,*,#2282,.F.);
#1258=ORIENTED_EDGE('',*,*,#2498,.T.);
#1259=ORIENTED_EDGE('',*,*,#2006,.F.);
#1260=ORIENTED_EDGE('',*,*,#2499,.F.);
#1261=ORIENTED_EDGE('',*,*,#2266,.F.);
#1262=ORIENTED_EDGE('',*,*,#2499,.T.);
#1263=ORIENTED_EDGE('',*,*,#2005,.F.);
#1264=ORIENTED_EDGE('',*,*,#2248,.F.);
#1265=ORIENTED_EDGE('',*,*,#2263,.F.);
#1266=ORIENTED_EDGE('',*,*,#2045,.F.);
#1267=ORIENTED_EDGE('',*,*,#2500,.T.);
#1268=ORIENTED_EDGE('',*,*,#2141,.T.);
#1269=ORIENTED_EDGE('',*,*,#2122,.T.);
#1270=ORIENTED_EDGE('',*,*,#2169,.T.);
#1271=ORIENTED_EDGE('',*,*,#2501,.T.);
#1272=ORIENTED_EDGE('',*,*,#2029,.F.);
#1273=ORIENTED_EDGE('',*,*,#2502,.F.);
#1274=ORIENTED_EDGE('',*,*,#2028,.F.);
#1275=ORIENTED_EDGE('',*,*,#2503,.T.);
#1276=ORIENTED_EDGE('',*,*,#2170,.T.);
#1277=ORIENTED_EDGE('',*,*,#2502,.T.);
#1278=ORIENTED_EDGE('',*,*,#2504,.F.);
#1279=ORIENTED_EDGE('',*,*,#2179,.T.);
#1280=ORIENTED_EDGE('',*,*,#2230,.T.);
#1281=ORIENTED_EDGE('',*,*,#2019,.F.);
#1282=ORIENTED_EDGE('',*,*,#2505,.F.);
#1283=ORIENTED_EDGE('',*,*,#2199,.T.);
#1284=ORIENTED_EDGE('',*,*,#2506,.T.);
#1285=ORIENTED_EDGE('',*,*,#2013,.F.);
#1286=ORIENTED_EDGE('',*,*,#2492,.T.);
#1287=ORIENTED_EDGE('',*,*,#2507,.T.);
#1288=ORIENTED_EDGE('',*,*,#2239,.F.);
#1289=ORIENTED_EDGE('',*,*,#2325,.T.);
#1290=ORIENTED_EDGE('',*,*,#2200,.F.);
#1291=ORIENTED_EDGE('',*,*,#2505,.T.);
#1292=ORIENTED_EDGE('',*,*,#2284,.F.);
#1293=ORIENTED_EDGE('',*,*,#2508,.T.);
#1294=ORIENTED_EDGE('',*,*,#2297,.F.);
#1295=ORIENTED_EDGE('',*,*,#2509,.T.);
#1296=ORIENTED_EDGE('',*,*,#2278,.F.);
#1297=ORIENTED_EDGE('',*,*,#2280,.T.);
#1298=ORIENTED_EDGE('',*,*,#2510,.T.);
#1299=ORIENTED_EDGE('',*,*,#2295,.T.);
#1300=ORIENTED_EDGE('',*,*,#2331,.T.);
#1301=ORIENTED_EDGE('',*,*,#2303,.T.);
#1302=ORIENTED_EDGE('',*,*,#2511,.T.);
#1303=ORIENTED_EDGE('',*,*,#2470,.T.);
#1304=ORIENTED_EDGE('',*,*,#2462,.T.);
#1305=ORIENTED_EDGE('',*,*,#2301,.T.);
#1306=ORIENTED_EDGE('',*,*,#2512,.T.);
#1307=ORIENTED_EDGE('',*,*,#2465,.T.);
#1308=ORIENTED_EDGE('',*,*,#2513,.T.);
#1309=ORIENTED_EDGE('',*,*,#2467,.T.);
#1310=ORIENTED_EDGE('',*,*,#2514,.T.);
#1311=ORIENTED_EDGE('',*,*,#2299,.T.);
#1312=ORIENTED_EDGE('',*,*,#2327,.T.);
#1313=ORIENTED_EDGE('',*,*,#2309,.T.);
#1314=ORIENTED_EDGE('',*,*,#2515,.T.);
#1315=ORIENTED_EDGE('',*,*,#2475,.T.);
#1316=ORIENTED_EDGE('',*,*,#2472,.T.);
#1317=ORIENTED_EDGE('',*,*,#2477,.F.);
#1318=ORIENTED_EDGE('',*,*,#2516,.T.);
#1319=ORIENTED_EDGE('',*,*,#2307,.F.);
#1320=ORIENTED_EDGE('',*,*,#2517,.T.);
#1321=ORIENTED_EDGE('',*,*,#2317,.T.);
#1322=ORIENTED_EDGE('',*,*,#2518,.T.);
#1323=ORIENTED_EDGE('',*,*,#2479,.T.);
#1324=ORIENTED_EDGE('',*,*,#2519,.T.);
#1325=ORIENTED_EDGE('',*,*,#2315,.T.);
#1326=ORIENTED_EDGE('',*,*,#2520,.T.);
#1327=ORIENTED_EDGE('',*,*,#2481,.T.);
#1328=ORIENTED_EDGE('',*,*,#2521,.T.);
#1329=ORIENTED_EDGE('',*,*,#2483,.T.);
#1330=ORIENTED_EDGE('',*,*,#2522,.T.);
#1331=ORIENTED_EDGE('',*,*,#2313,.T.);
#1332=ORIENTED_EDGE('',*,*,#2326,.T.);
#1333=ORIENTED_EDGE('',*,*,#2240,.F.);
#1334=ORIENTED_EDGE('',*,*,#2507,.F.);
#1335=ORIENTED_EDGE('',*,*,#2491,.F.);
#1336=ORIENTED_EDGE('',*,*,#2486,.F.);
#1337=ORIENTED_EDGE('',*,*,#2254,.F.);
#1338=ORIENTED_EDGE('',*,*,#2523,.T.);
#1339=ORIENTED_EDGE('',*,*,#2267,.F.);
#1340=ORIENTED_EDGE('',*,*,#2264,.F.);
#1341=ORIENTED_EDGE('',*,*,#2261,.F.);
#1342=ORIENTED_EDGE('',*,*,#2246,.T.);
#1343=ORIENTED_EDGE('',*,*,#2250,.F.);
#1344=ORIENTED_EDGE('',*,*,#2256,.F.);
#1345=ORIENTED_EDGE('',*,*,#2269,.T.);
#1346=ORIENTED_EDGE('',*,*,#2524,.T.);
#1347=ORIENTED_EDGE('',*,*,#2252,.T.);
#1348=ORIENTED_EDGE('',*,*,#2260,.T.);
#1349=ORIENTED_EDGE('',*,*,#2525,.T.);
#1350=ORIENTED_EDGE('',*,*,#2271,.F.);
#1351=ORIENTED_EDGE('',*,*,#2526,.T.);
#1352=ORIENTED_EDGE('',*,*,#2291,.F.);
#1353=ORIENTED_EDGE('',*,*,#2527,.T.);
#1354=ORIENTED_EDGE('',*,*,#2273,.T.);
#1355=ORIENTED_EDGE('',*,*,#2528,.T.);
#1356=ORIENTED_EDGE('',*,*,#2289,.T.);
#1357=ORIENTED_EDGE('',*,*,#2529,.T.);
#1358=ORIENTED_EDGE('',*,*,#2275,.T.);
#1359=ORIENTED_EDGE('',*,*,#2530,.T.);
#1360=ORIENTED_EDGE('',*,*,#2287,.T.);
#1361=ORIENTED_EDGE('',*,*,#2531,.T.);
#1362=ORIENTED_EDGE('',*,*,#2233,.T.);
#1363=ORIENTED_EDGE('',*,*,#2126,.F.);
#1364=ORIENTED_EDGE('',*,*,#2231,.T.);
#1365=ORIENTED_EDGE('',*,*,#2125,.F.);
#1366=ORIENTED_EDGE('',*,*,#2285,.F.);
#1367=ORIENTED_EDGE('',*,*,#2532,.T.);
#1368=ORIENTED_EDGE('',*,*,#2235,.T.);
#1369=ORIENTED_EDGE('',*,*,#2533,.F.);
#1370=ORIENTED_EDGE('',*,*,#2532,.F.);
#1371=ORIENTED_EDGE('',*,*,#2534,.T.);
#1372=ORIENTED_EDGE('',*,*,#2534,.F.);
#1373=ORIENTED_EDGE('',*,*,#2234,.T.);
#1374=ORIENTED_EDGE('',*,*,#2535,.T.);
#1375=ORIENTED_EDGE('',*,*,#1985,.T.);
#1376=ORIENTED_EDGE('',*,*,#2236,.F.);
#1377=ORIENTED_EDGE('',*,*,#2533,.T.);
#1378=ORIENTED_EDGE('',*,*,#2536,.T.);
#1379=ORIENTED_EDGE('',*,*,#2537,.F.);
#1380=ORIENTED_EDGE('',*,*,#2536,.F.);
#1381=ORIENTED_EDGE('',*,*,#2232,.T.);
#1382=ORIENTED_EDGE('',*,*,#2538,.T.);
#1383=ORIENTED_EDGE('',*,*,#2537,.T.);
#1384=ORIENTED_EDGE('',*,*,#2059,.F.);
#1385=ORIENTED_EDGE('',*,*,#2538,.F.);
#1386=ORIENTED_EDGE('',*,*,#2039,.F.);
#1387=ORIENTED_EDGE('',*,*,#2539,.T.);
#1388=ORIENTED_EDGE('',*,*,#2153,.T.);
#1389=ORIENTED_EDGE('',*,*,#2540,.T.);
#1390=ORIENTED_EDGE('',*,*,#2143,.T.);
#1391=ORIENTED_EDGE('',*,*,#2541,.T.);
#1392=ORIENTED_EDGE('',*,*,#2043,.F.);
#1393=ORIENTED_EDGE('',*,*,#2542,.T.);
#1394=ORIENTED_EDGE('',*,*,#2145,.T.);
#1395=ORIENTED_EDGE('',*,*,#2543,.T.);
#1396=ORIENTED_EDGE('',*,*,#2041,.F.);
#1397=ORIENTED_EDGE('',*,*,#2544,.T.);
#1398=ORIENTED_EDGE('',*,*,#2151,.T.);
#1399=ORIENTED_EDGE('',*,*,#2545,.F.);
#1400=ORIENTED_EDGE('',*,*,#2546,.F.);
#1401=ORIENTED_EDGE('',*,*,#2547,.T.);
#1402=ORIENTED_EDGE('',*,*,#2031,.F.);
#1403=ORIENTED_EDGE('',*,*,#2548,.T.);
#1404=ORIENTED_EDGE('',*,*,#2167,.T.);
#1405=ORIENTED_EDGE('',*,*,#2549,.T.);
#1406=ORIENTED_EDGE('',*,*,#2035,.F.);
#1407=ORIENTED_EDGE('',*,*,#2550,.T.);
#1408=ORIENTED_EDGE('',*,*,#2157,.T.);
#1409=ORIENTED_EDGE('',*,*,#2551,.T.);
#1410=ORIENTED_EDGE('',*,*,#2176,.T.);
#1411=ORIENTED_EDGE('',*,*,#2552,.T.);
#1412=ORIENTED_EDGE('',*,*,#2022,.F.);
#1413=ORIENTED_EDGE('',*,*,#2553,.T.);
#1414=ORIENTED_EDGE('',*,*,#2026,.F.);
#1415=ORIENTED_EDGE('',*,*,#2554,.T.);
#1416=ORIENTED_EDGE('',*,*,#2172,.T.);
#1417=ORIENTED_EDGE('',*,*,#2555,.T.);
#1418=ORIENTED_EDGE('',*,*,#2024,.F.);
#1419=ORIENTED_EDGE('',*,*,#2556,.T.);
#1420=ORIENTED_EDGE('',*,*,#2174,.T.);
#1421=ORIENTED_EDGE('',*,*,#2557,.T.);
#1422=ORIENTED_EDGE('',*,*,#2198,.T.);
#1423=ORIENTED_EDGE('',*,*,#2558,.T.);
#1424=ORIENTED_EDGE('',*,*,#2014,.F.);
#1425=ORIENTED_EDGE('',*,*,#2506,.F.);
#1426=ORIENTED_EDGE('',*,*,#2018,.F.);
#1427=ORIENTED_EDGE('',*,*,#2559,.T.);
#1428=ORIENTED_EDGE('',*,*,#2180,.T.);
#1429=ORIENTED_EDGE('',*,*,#2504,.T.);
#1430=ORIENTED_EDGE('',*,*,#2016,.F.);
#1431=ORIENTED_EDGE('',*,*,#2560,.T.);
#1432=ORIENTED_EDGE('',*,*,#2196,.T.);
#1433=ORIENTED_EDGE('',*,*,#2561,.F.);
#1434=ORIENTED_EDGE('',*,*,#2562,.F.);
#1435=ORIENTED_EDGE('',*,*,#2563,.F.);
#1436=ORIENTED_EDGE('',*,*,#2182,.T.);
#1437=ORIENTED_EDGE('',*,*,#2564,.T.);
#1438=ORIENTED_EDGE('',*,*,#2195,.T.);
#1439=ORIENTED_EDGE('',*,*,#2565,.T.);
#1440=ORIENTED_EDGE('',*,*,#2566,.F.);
#1441=ORIENTED_EDGE('',*,*,#2561,.T.);
#1442=ORIENTED_EDGE('',*,*,#2567,.F.);
#1443=ORIENTED_EDGE('',*,*,#2568,.T.);
#1444=ORIENTED_EDGE('',*,*,#2183,.T.);
#1445=ORIENTED_EDGE('',*,*,#2563,.T.);
#1446=ORIENTED_EDGE('',*,*,#2569,.F.);
#1447=ORIENTED_EDGE('',*,*,#2570,.T.);
#1448=ORIENTED_EDGE('',*,*,#2185,.T.);
#1449=ORIENTED_EDGE('',*,*,#2571,.T.);
#1450=ORIENTED_EDGE('',*,*,#2572,.F.);
#1451=ORIENTED_EDGE('',*,*,#2573,.T.);
#1452=ORIENTED_EDGE('',*,*,#2187,.T.);
#1453=ORIENTED_EDGE('',*,*,#2574,.T.);
#1454=ORIENTED_EDGE('',*,*,#2575,.F.);
#1455=ORIENTED_EDGE('',*,*,#2576,.T.);
#1456=ORIENTED_EDGE('',*,*,#2189,.T.);
#1457=ORIENTED_EDGE('',*,*,#2577,.T.);
#1458=ORIENTED_EDGE('',*,*,#2578,.F.);
#1459=ORIENTED_EDGE('',*,*,#2579,.T.);
#1460=ORIENTED_EDGE('',*,*,#2191,.T.);
#1461=ORIENTED_EDGE('',*,*,#2580,.T.);
#1462=ORIENTED_EDGE('',*,*,#2193,.T.);
#1463=ORIENTED_EDGE('',*,*,#2581,.T.);
#1464=ORIENTED_EDGE('',*,*,#2582,.F.);
#1465=ORIENTED_EDGE('',*,*,#2583,.T.);
#1466=ORIENTED_EDGE('',*,*,#2584,.T.);
#1467=ORIENTED_EDGE('',*,*,#2582,.T.);
#1468=ORIENTED_EDGE('',*,*,#2585,.T.);
#1469=ORIENTED_EDGE('',*,*,#2578,.T.);
#1470=ORIENTED_EDGE('',*,*,#2586,.T.);
#1471=ORIENTED_EDGE('',*,*,#2575,.T.);
#1472=ORIENTED_EDGE('',*,*,#2587,.T.);
#1473=ORIENTED_EDGE('',*,*,#2572,.T.);
#1474=ORIENTED_EDGE('',*,*,#2588,.T.);
#1475=ORIENTED_EDGE('',*,*,#2569,.T.);
#1476=ORIENTED_EDGE('',*,*,#2589,.T.);
#1477=ORIENTED_EDGE('',*,*,#2567,.T.);
#1478=ORIENTED_EDGE('',*,*,#2562,.T.);
#1479=ORIENTED_EDGE('',*,*,#2566,.T.);
#1480=ORIENTED_EDGE('',*,*,#2590,.T.);
#1481=ORIENTED_EDGE('',*,*,#2591,.T.);
#1482=ORIENTED_EDGE('',*,*,#2592,.T.);
#1483=ORIENTED_EDGE('',*,*,#2160,.F.);
#1484=ORIENTED_EDGE('',*,*,#2225,.F.);
#1485=ORIENTED_EDGE('',*,*,#2162,.F.);
#1486=ORIENTED_EDGE('',*,*,#2593,.T.);
#1487=ORIENTED_EDGE('',*,*,#2594,.T.);
#1488=ORIENTED_EDGE('',*,*,#2595,.T.);
#1489=ORIENTED_EDGE('',*,*,#2164,.F.);
#1490=ORIENTED_EDGE('',*,*,#2596,.T.);
#1491=ORIENTED_EDGE('',*,*,#2597,.T.);
#1492=ORIENTED_EDGE('',*,*,#2223,.T.);
#1493=ORIENTED_EDGE('',*,*,#2598,.T.);
#1494=ORIENTED_EDGE('',*,*,#2594,.F.);
#1495=ORIENTED_EDGE('',*,*,#2599,.T.);
#1496=ORIENTED_EDGE('',*,*,#2591,.F.);
#1497=ORIENTED_EDGE('',*,*,#2224,.T.);
#1498=ORIENTED_EDGE('',*,*,#2597,.F.);
#1499=ORIENTED_EDGE('',*,*,#2600,.T.);
#1500=ORIENTED_EDGE('',*,*,#2601,.F.);
#1501=ORIENTED_EDGE('',*,*,#2602,.T.);
#1502=ORIENTED_EDGE('',*,*,#2146,.T.);
#1503=ORIENTED_EDGE('',*,*,#2547,.F.);
#1504=ORIENTED_EDGE('',*,*,#2148,.T.);
#1505=ORIENTED_EDGE('',*,*,#2603,.T.);
#1506=ORIENTED_EDGE('',*,*,#2604,.F.);
#1507=ORIENTED_EDGE('',*,*,#2605,.T.);
#1508=ORIENTED_EDGE('',*,*,#2150,.T.);
#1509=ORIENTED_EDGE('',*,*,#2606,.T.);
#1510=ORIENTED_EDGE('',*,*,#2607,.F.);
#1511=ORIENTED_EDGE('',*,*,#2545,.T.);
#1512=ORIENTED_EDGE('',*,*,#2608,.T.);
#1513=ORIENTED_EDGE('',*,*,#2604,.T.);
#1514=ORIENTED_EDGE('',*,*,#2609,.T.);
#1515=ORIENTED_EDGE('',*,*,#2601,.T.);
#1516=ORIENTED_EDGE('',*,*,#2546,.T.);
#1517=ORIENTED_EDGE('',*,*,#2607,.T.);
#1518=ORIENTED_EDGE('',*,*,#2610,.T.);
#1519=ORIENTED_EDGE('',*,*,#2608,.F.);
#1520=ORIENTED_EDGE('',*,*,#2611,.F.);
#1521=ORIENTED_EDGE('',*,*,#2598,.F.);
#1522=ORIENTED_EDGE('',*,*,#2612,.F.);
#1523=ORIENTED_EDGE('',*,*,#2584,.F.);
#1524=ORIENTED_EDGE('',*,*,#2613,.F.);
#1525=ORIENTED_EDGE('',*,*,#2614,.T.);
#1526=ORIENTED_EDGE('',*,*,#2078,.T.);
#1527=ORIENTED_EDGE('',*,*,#2613,.T.);
#1528=ORIENTED_EDGE('',*,*,#2614,.F.);
#1529=ORIENTED_EDGE('',*,*,#2615,.T.);
#1530=ORIENTED_EDGE('',*,*,#2079,.T.);
#1531=ORIENTED_EDGE('',*,*,#2612,.T.);
#1532=ORIENTED_EDGE('',*,*,#2615,.F.);
#1533=ORIENTED_EDGE('',*,*,#2616,.T.);
#1534=ORIENTED_EDGE('',*,*,#2080,.T.);
#1535=ORIENTED_EDGE('',*,*,#2611,.T.);
#1536=ORIENTED_EDGE('',*,*,#2616,.F.);
#1537=ORIENTED_EDGE('',*,*,#2089,.T.);
#1538=ORIENTED_EDGE('',*,*,#2617,.T.);
#1539=ORIENTED_EDGE('',*,*,#2618,.F.);
#1540=ORIENTED_EDGE('',*,*,#2619,.T.);
#1541=ORIENTED_EDGE('',*,*,#2057,.F.);
#1542=ORIENTED_EDGE('',*,*,#2620,.T.);
#1543=ORIENTED_EDGE('',*,*,#2087,.T.);
#1544=ORIENTED_EDGE('',*,*,#2621,.T.);
#1545=ORIENTED_EDGE('',*,*,#1992,.F.);
#1546=ORIENTED_EDGE('',*,*,#2622,.F.);
#1547=ORIENTED_EDGE('',*,*,#2623,.F.);
#1548=ORIENTED_EDGE('',*,*,#2624,.T.);
#1549=ORIENTED_EDGE('',*,*,#1994,.F.);
#1550=ORIENTED_EDGE('',*,*,#2625,.T.);
#1551=ORIENTED_EDGE('',*,*,#2085,.T.);
#1552=ORIENTED_EDGE('',*,*,#2626,.T.);
#1553=ORIENTED_EDGE('',*,*,#2139,.T.);
#1554=ORIENTED_EDGE('',*,*,#2627,.T.);
#1555=ORIENTED_EDGE('',*,*,#2048,.F.);
#1556=ORIENTED_EDGE('',*,*,#2628,.T.);
#1557=ORIENTED_EDGE('',*,*,#2053,.F.);
#1558=ORIENTED_EDGE('',*,*,#2629,.F.);
#1559=ORIENTED_EDGE('',*,*,#2630,.F.);
#1560=ORIENTED_EDGE('',*,*,#2631,.T.);
#1561=ORIENTED_EDGE('',*,*,#2093,.T.);
#1562=ORIENTED_EDGE('',*,*,#2632,.T.);
#1563=ORIENTED_EDGE('',*,*,#2208,.T.);
#1564=ORIENTED_EDGE('',*,*,#2633,.T.);
#1565=ORIENTED_EDGE('',*,*,#2002,.F.);
#1566=ORIENTED_EDGE('',*,*,#2634,.T.);
#1567=ORIENTED_EDGE('',*,*,#2103,.T.);
#1568=ORIENTED_EDGE('',*,*,#2635,.T.);
#1569=ORIENTED_EDGE('',*,*,#1998,.F.);
#1570=ORIENTED_EDGE('',*,*,#2636,.T.);
#1571=ORIENTED_EDGE('',*,*,#2110,.T.);
#1572=ORIENTED_EDGE('',*,*,#2137,.F.);
#1573=ORIENTED_EDGE('',*,*,#2637,.F.);
#1574=ORIENTED_EDGE('',*,*,#2096,.T.);
#1575=ORIENTED_EDGE('',*,*,#2117,.T.);
#1576=ORIENTED_EDGE('',*,*,#2100,.T.);
#1577=ORIENTED_EDGE('',*,*,#2638,.T.);
#1578=ORIENTED_EDGE('',*,*,#2210,.F.);
#1579=ORIENTED_EDGE('',*,*,#2211,.T.);
#1580=ORIENTED_EDGE('',*,*,#2638,.F.);
#1581=ORIENTED_EDGE('',*,*,#2099,.F.);
#1582=ORIENTED_EDGE('',*,*,#2639,.T.);
#1583=ORIENTED_EDGE('',*,*,#2135,.T.);
#1584=ORIENTED_EDGE('',*,*,#2640,.T.);
#1585=ORIENTED_EDGE('',*,*,#2218,.T.);
#1586=ORIENTED_EDGE('',*,*,#2641,.T.);
#1587=ORIENTED_EDGE('',*,*,#2212,.T.);
#1588=ORIENTED_EDGE('',*,*,#2639,.F.);
#1589=ORIENTED_EDGE('',*,*,#2098,.F.);
#1590=ORIENTED_EDGE('',*,*,#2642,.T.);
#1591=ORIENTED_EDGE('',*,*,#2136,.F.);
#1592=ORIENTED_EDGE('',*,*,#2642,.F.);
#1593=ORIENTED_EDGE('',*,*,#2097,.T.);
#1594=ORIENTED_EDGE('',*,*,#2637,.T.);
#1595=ORIENTED_EDGE('',*,*,#2081,.T.);
#1596=ORIENTED_EDGE('',*,*,#2084,.F.);
#1597=ORIENTED_EDGE('',*,*,#2082,.F.);
#1598=ORIENTED_EDGE('',*,*,#2107,.T.);
#1599=ORIENTED_EDGE('',*,*,#2058,.T.);
#1600=ORIENTED_EDGE('',*,*,#2083,.F.);
#1601=ORIENTED_EDGE('',*,*,#2077,.F.);
#1602=ORIENTED_EDGE('',*,*,#2643,.T.);
#1603=ORIENTED_EDGE('',*,*,#2644,.T.);
#1604=ORIENTED_EDGE('',*,*,#2645,.T.);
#1605=ORIENTED_EDGE('',*,*,#2069,.F.);
#1606=ORIENTED_EDGE('',*,*,#1987,.T.);
#1607=ORIENTED_EDGE('',*,*,#2646,.T.);
#1608=ORIENTED_EDGE('',*,*,#2647,.T.);
#1609=ORIENTED_EDGE('',*,*,#2075,.F.);
#1610=ORIENTED_EDGE('',*,*,#2648,.T.);
#1611=ORIENTED_EDGE('',*,*,#2649,.T.);
#1612=ORIENTED_EDGE('',*,*,#2650,.T.);
#1613=ORIENTED_EDGE('',*,*,#2073,.F.);
#1614=ORIENTED_EDGE('',*,*,#2651,.T.);
#1615=ORIENTED_EDGE('',*,*,#2071,.F.);
#1616=ORIENTED_EDGE('',*,*,#2652,.T.);
#1617=ORIENTED_EDGE('',*,*,#2653,.T.);
#1618=ORIENTED_EDGE('',*,*,#2654,.T.);
#1619=ORIENTED_EDGE('',*,*,#2655,.F.);
#1620=ORIENTED_EDGE('',*,*,#2535,.F.);
#1621=ORIENTED_EDGE('',*,*,#2656,.T.);
#1622=ORIENTED_EDGE('',*,*,#2657,.T.);
#1623=ORIENTED_EDGE('',*,*,#2060,.F.);
#1624=ORIENTED_EDGE('',*,*,#1980,.T.);
#1625=ORIENTED_EDGE('',*,*,#2655,.T.);
#1626=ORIENTED_EDGE('',*,*,#1984,.T.);
#1627=ORIENTED_EDGE('',*,*,#2068,.F.);
#1628=ORIENTED_EDGE('',*,*,#2658,.T.);
#1629=ORIENTED_EDGE('',*,*,#2659,.T.);
#1630=ORIENTED_EDGE('',*,*,#2660,.T.);
#1631=ORIENTED_EDGE('',*,*,#2066,.F.);
#1632=ORIENTED_EDGE('',*,*,#2661,.T.);
#1633=ORIENTED_EDGE('',*,*,#2662,.T.);
#1634=ORIENTED_EDGE('',*,*,#2663,.T.);
#1635=ORIENTED_EDGE('',*,*,#2064,.F.);
#1636=ORIENTED_EDGE('',*,*,#2664,.T.);
#1637=ORIENTED_EDGE('',*,*,#2062,.F.);
#1638=ORIENTED_EDGE('',*,*,#2665,.T.);
#1639=ORIENTED_EDGE('',*,*,#2666,.T.);
#1640=ORIENTED_EDGE('',*,*,#2667,.T.);
#1641=ORIENTED_EDGE('',*,*,#2003,.F.);
#1642=ORIENTED_EDGE('',*,*,#2633,.F.);
#1643=ORIENTED_EDGE('',*,*,#2207,.F.);
#1644=ORIENTED_EDGE('',*,*,#2243,.F.);
#1645=ORIENTED_EDGE('',*,*,#2001,.F.);
#1646=ORIENTED_EDGE('',*,*,#2115,.F.);
#1647=ORIENTED_EDGE('',*,*,#2209,.F.);
#1648=ORIENTED_EDGE('',*,*,#2634,.F.);
#1649=ORIENTED_EDGE('',*,*,#1993,.F.);
#1650=ORIENTED_EDGE('',*,*,#2621,.F.);
#1651=ORIENTED_EDGE('',*,*,#2086,.F.);
#1652=ORIENTED_EDGE('',*,*,#2625,.F.);
#1653=ORIENTED_EDGE('',*,*,#1995,.F.);
#1654=ORIENTED_EDGE('',*,*,#2626,.F.);
#1655=ORIENTED_EDGE('',*,*,#2106,.F.);
#1656=ORIENTED_EDGE('',*,*,#2118,.F.);
#1657=ORIENTED_EDGE('',*,*,#2624,.F.);
#1658=ORIENTED_EDGE('',*,*,#2668,.F.);
#1659=ORIENTED_EDGE('',*,*,#2617,.F.);
#1660=ORIENTED_EDGE('',*,*,#2088,.F.);
#1661=ORIENTED_EDGE('',*,*,#2056,.F.);
#1662=ORIENTED_EDGE('',*,*,#2123,.F.);
#1663=ORIENTED_EDGE('',*,*,#2090,.F.);
#1664=ORIENTED_EDGE('',*,*,#2620,.F.);
#1665=ORIENTED_EDGE('',*,*,#1999,.F.);
#1666=ORIENTED_EDGE('',*,*,#2635,.F.);
#1667=ORIENTED_EDGE('',*,*,#2102,.F.);
#1668=ORIENTED_EDGE('',*,*,#2116,.F.);
#1669=ORIENTED_EDGE('',*,*,#1997,.F.);
#1670=ORIENTED_EDGE('',*,*,#2119,.F.);
#1671=ORIENTED_EDGE('',*,*,#2104,.F.);
#1672=ORIENTED_EDGE('',*,*,#2636,.F.);
#1673=ORIENTED_EDGE('',*,*,#2049,.F.);
#1674=ORIENTED_EDGE('',*,*,#2627,.F.);
#1675=ORIENTED_EDGE('',*,*,#2138,.F.);
#1676=ORIENTED_EDGE('',*,*,#2108,.F.);
#1677=ORIENTED_EDGE('',*,*,#2047,.F.);
#1678=ORIENTED_EDGE('',*,*,#2121,.F.);
#1679=ORIENTED_EDGE('',*,*,#2140,.F.);
#1680=ORIENTED_EDGE('',*,*,#2628,.F.);
#1681=ORIENTED_EDGE('',*,*,#2631,.F.);
#1682=ORIENTED_EDGE('',*,*,#2669,.F.);
#1683=ORIENTED_EDGE('',*,*,#2111,.F.);
#1684=ORIENTED_EDGE('',*,*,#2094,.F.);
#1685=ORIENTED_EDGE('',*,*,#2054,.F.);
#1686=ORIENTED_EDGE('',*,*,#2632,.F.);
#1687=ORIENTED_EDGE('',*,*,#2092,.F.);
#1688=ORIENTED_EDGE('',*,*,#2124,.F.);
#1689=ORIENTED_EDGE('',*,*,#2268,.F.);
#1690=ORIENTED_EDGE('',*,*,#2523,.F.);
#1691=ORIENTED_EDGE('',*,*,#2253,.F.);
#1692=ORIENTED_EDGE('',*,*,#2524,.F.);
#1693=ORIENTED_EDGE('',*,*,#2270,.F.);
#1694=ORIENTED_EDGE('',*,*,#2525,.F.);
#1695=ORIENTED_EDGE('',*,*,#2259,.F.);
#1696=ORIENTED_EDGE('',*,*,#2292,.F.);
#1697=ORIENTED_EDGE('',*,*,#2526,.F.);
#1698=ORIENTED_EDGE('',*,*,#2272,.F.);
#1699=ORIENTED_EDGE('',*,*,#2527,.F.);
#1700=ORIENTED_EDGE('',*,*,#2290,.F.);
#1701=ORIENTED_EDGE('',*,*,#2528,.F.);
#1702=ORIENTED_EDGE('',*,*,#2274,.F.);
#1703=ORIENTED_EDGE('',*,*,#2529,.F.);
#1704=ORIENTED_EDGE('',*,*,#2288,.F.);
#1705=ORIENTED_EDGE('',*,*,#2530,.F.);
#1706=ORIENTED_EDGE('',*,*,#2466,.F.);
#1707=ORIENTED_EDGE('',*,*,#2512,.F.);
#1708=ORIENTED_EDGE('',*,*,#2300,.F.);
#1709=ORIENTED_EDGE('',*,*,#2514,.F.);
#1710=ORIENTED_EDGE('',*,*,#2276,.F.);
#1711=ORIENTED_EDGE('',*,*,#2531,.F.);
#1712=ORIENTED_EDGE('',*,*,#2298,.F.);
#1713=ORIENTED_EDGE('',*,*,#2508,.F.);
#1714=ORIENTED_EDGE('',*,*,#2283,.F.);
#1715=ORIENTED_EDGE('',*,*,#2279,.F.);
#1716=ORIENTED_EDGE('',*,*,#2509,.F.);
#1717=ORIENTED_EDGE('',*,*,#2296,.F.);
#1718=ORIENTED_EDGE('',*,*,#2510,.F.);
#1719=ORIENTED_EDGE('',*,*,#2471,.F.);
#1720=ORIENTED_EDGE('',*,*,#2511,.F.);
#1721=ORIENTED_EDGE('',*,*,#2302,.F.);
#1722=ORIENTED_EDGE('',*,*,#2513,.F.);
#1723=ORIENTED_EDGE('',*,*,#2476,.F.);
#1724=ORIENTED_EDGE('',*,*,#2515,.F.);
#1725=ORIENTED_EDGE('',*,*,#2308,.F.);
#1726=ORIENTED_EDGE('',*,*,#2516,.F.);
#1727=ORIENTED_EDGE('',*,*,#2482,.F.);
#1728=ORIENTED_EDGE('',*,*,#2520,.F.);
#1729=ORIENTED_EDGE('',*,*,#2314,.F.);
#1730=ORIENTED_EDGE('',*,*,#2522,.F.);
#1731=ORIENTED_EDGE('',*,*,#2480,.F.);
#1732=ORIENTED_EDGE('',*,*,#2518,.F.);
#1733=ORIENTED_EDGE('',*,*,#2316,.F.);
#1734=ORIENTED_EDGE('',*,*,#2521,.F.);
#1735=ORIENTED_EDGE('',*,*,#2478,.F.);
#1736=ORIENTED_EDGE('',*,*,#2517,.F.);
#1737=ORIENTED_EDGE('',*,*,#2318,.F.);
#1738=ORIENTED_EDGE('',*,*,#2519,.F.);
#1739=ORIENTED_EDGE('',*,*,#2585,.F.);
#1740=ORIENTED_EDGE('',*,*,#2581,.F.);
#1741=ORIENTED_EDGE('',*,*,#2192,.F.);
#1742=ORIENTED_EDGE('',*,*,#2579,.F.);
#1743=ORIENTED_EDGE('',*,*,#2586,.F.);
#1744=ORIENTED_EDGE('',*,*,#2580,.F.);
#1745=ORIENTED_EDGE('',*,*,#2190,.F.);
#1746=ORIENTED_EDGE('',*,*,#2576,.F.);
#1747=ORIENTED_EDGE('',*,*,#2587,.F.);
#1748=ORIENTED_EDGE('',*,*,#2577,.F.);
#1749=ORIENTED_EDGE('',*,*,#2188,.F.);
#1750=ORIENTED_EDGE('',*,*,#2573,.F.);
#1751=ORIENTED_EDGE('',*,*,#2588,.F.);
#1752=ORIENTED_EDGE('',*,*,#2574,.F.);
#1753=ORIENTED_EDGE('',*,*,#2186,.F.);
#1754=ORIENTED_EDGE('',*,*,#2570,.F.);
#1755=ORIENTED_EDGE('',*,*,#2589,.F.);
#1756=ORIENTED_EDGE('',*,*,#2571,.F.);
#1757=ORIENTED_EDGE('',*,*,#2184,.F.);
#1758=ORIENTED_EDGE('',*,*,#2568,.F.);
#1759=ORIENTED_EDGE('',*,*,#2590,.F.);
#1760=ORIENTED_EDGE('',*,*,#2565,.F.);
#1761=ORIENTED_EDGE('',*,*,#2194,.F.);
#1762=ORIENTED_EDGE('',*,*,#2583,.F.);
#1763=ORIENTED_EDGE('',*,*,#2197,.F.);
#1764=ORIENTED_EDGE('',*,*,#2560,.F.);
#1765=ORIENTED_EDGE('',*,*,#2015,.F.);
#1766=ORIENTED_EDGE('',*,*,#2558,.F.);
#1767=ORIENTED_EDGE('',*,*,#2181,.F.);
#1768=ORIENTED_EDGE('',*,*,#2559,.F.);
#1769=ORIENTED_EDGE('',*,*,#2017,.F.);
#1770=ORIENTED_EDGE('',*,*,#2564,.F.);
#1771=ORIENTED_EDGE('',*,*,#2175,.F.);
#1772=ORIENTED_EDGE('',*,*,#2556,.F.);
#1773=ORIENTED_EDGE('',*,*,#2023,.F.);
#1774=ORIENTED_EDGE('',*,*,#2552,.F.);
#1775=ORIENTED_EDGE('',*,*,#2177,.F.);
#1776=ORIENTED_EDGE('',*,*,#2553,.F.);
#1777=ORIENTED_EDGE('',*,*,#2021,.F.);
#1778=ORIENTED_EDGE('',*,*,#2229,.F.);
#1779=ORIENTED_EDGE('',*,*,#2173,.F.);
#1780=ORIENTED_EDGE('',*,*,#2554,.F.);
#1781=ORIENTED_EDGE('',*,*,#2025,.F.);
#1782=ORIENTED_EDGE('',*,*,#2557,.F.);
#1783=ORIENTED_EDGE('',*,*,#2171,.F.);
#1784=ORIENTED_EDGE('',*,*,#2503,.F.);
#1785=ORIENTED_EDGE('',*,*,#2027,.F.);
#1786=ORIENTED_EDGE('',*,*,#2555,.F.);
#1787=ORIENTED_EDGE('',*,*,#2599,.F.);
#1788=ORIENTED_EDGE('',*,*,#2593,.F.);
#1789=ORIENTED_EDGE('',*,*,#2161,.F.);
#1790=ORIENTED_EDGE('',*,*,#2592,.F.);
#1791=ORIENTED_EDGE('',*,*,#2600,.F.);
#1792=ORIENTED_EDGE('',*,*,#2596,.F.);
#1793=ORIENTED_EDGE('',*,*,#2163,.F.);
#1794=ORIENTED_EDGE('',*,*,#2595,.F.);
#1795=ORIENTED_EDGE('',*,*,#2168,.F.);
#1796=ORIENTED_EDGE('',*,*,#2548,.F.);
#1797=ORIENTED_EDGE('',*,*,#2030,.F.);
#1798=ORIENTED_EDGE('',*,*,#2501,.F.);
#1799=ORIENTED_EDGE('',*,*,#2166,.F.);
#1800=ORIENTED_EDGE('',*,*,#2222,.F.);
#1801=ORIENTED_EDGE('',*,*,#2032,.F.);
#1802=ORIENTED_EDGE('',*,*,#2549,.F.);
#1803=ORIENTED_EDGE('',*,*,#2158,.F.);
#1804=ORIENTED_EDGE('',*,*,#2550,.F.);
#1805=ORIENTED_EDGE('',*,*,#2034,.F.);
#1806=ORIENTED_EDGE('',*,*,#2226,.F.);
#1807=ORIENTED_EDGE('',*,*,#2156,.F.);
#1808=ORIENTED_EDGE('',*,*,#2227,.F.);
#1809=ORIENTED_EDGE('',*,*,#2036,.F.);
#1810=ORIENTED_EDGE('',*,*,#2551,.F.);
#1811=ORIENTED_EDGE('',*,*,#2154,.F.);
#1812=ORIENTED_EDGE('',*,*,#2539,.F.);
#1813=ORIENTED_EDGE('',*,*,#2038,.F.);
#1814=ORIENTED_EDGE('',*,*,#2228,.F.);
#1815=ORIENTED_EDGE('',*,*,#2142,.F.);
#1816=ORIENTED_EDGE('',*,*,#2500,.F.);
#1817=ORIENTED_EDGE('',*,*,#2044,.F.);
#1818=ORIENTED_EDGE('',*,*,#2541,.F.);
#1819=ORIENTED_EDGE('',*,*,#2144,.F.);
#1820=ORIENTED_EDGE('',*,*,#2542,.F.);
#1821=ORIENTED_EDGE('',*,*,#2042,.F.);
#1822=ORIENTED_EDGE('',*,*,#2543,.F.);
#1823=ORIENTED_EDGE('',*,*,#2609,.F.);
#1824=ORIENTED_EDGE('',*,*,#2603,.F.);
#1825=ORIENTED_EDGE('',*,*,#2147,.F.);
#1826=ORIENTED_EDGE('',*,*,#2602,.F.);
#1827=ORIENTED_EDGE('',*,*,#2610,.F.);
#1828=ORIENTED_EDGE('',*,*,#2606,.F.);
#1829=ORIENTED_EDGE('',*,*,#2149,.F.);
#1830=ORIENTED_EDGE('',*,*,#2605,.F.);
#1831=ORIENTED_EDGE('',*,*,#2152,.F.);
#1832=ORIENTED_EDGE('',*,*,#2544,.F.);
#1833=ORIENTED_EDGE('',*,*,#2040,.F.);
#1834=ORIENTED_EDGE('',*,*,#2540,.F.);
#1835=ORIENTED_EDGE('',*,*,#2061,.F.);
#1836=ORIENTED_EDGE('',*,*,#2657,.F.);
#1837=ORIENTED_EDGE('',*,*,#2670,.F.);
#1838=ORIENTED_EDGE('',*,*,#2665,.F.);
#1839=ORIENTED_EDGE('',*,*,#2671,.F.);
#1840=ORIENTED_EDGE('',*,*,#2666,.F.);
#1841=ORIENTED_EDGE('',*,*,#2672,.F.);
#1842=ORIENTED_EDGE('',*,*,#2220,.F.);
#1843=ORIENTED_EDGE('',*,*,#2063,.F.);
#1844=ORIENTED_EDGE('',*,*,#2667,.F.);
#1845=ORIENTED_EDGE('',*,*,#2673,.F.);
#1846=ORIENTED_EDGE('',*,*,#2664,.F.);
#1847=ORIENTED_EDGE('',*,*,#2672,.T.);
#1848=ORIENTED_EDGE('',*,*,#2670,.T.);
#1849=ORIENTED_EDGE('',*,*,#2674,.F.);
#1850=ORIENTED_EDGE('',*,*,#2673,.T.);
#1851=ORIENTED_EDGE('',*,*,#2671,.T.);
#1852=ORIENTED_EDGE('',*,*,#2675,.F.);
#1853=ORIENTED_EDGE('',*,*,#2067,.F.);
#1854=ORIENTED_EDGE('',*,*,#2660,.F.);
#1855=ORIENTED_EDGE('',*,*,#2676,.F.);
#1856=ORIENTED_EDGE('',*,*,#2658,.F.);
#1857=ORIENTED_EDGE('',*,*,#2674,.T.);
#1858=ORIENTED_EDGE('',*,*,#2656,.F.);
#1859=ORIENTED_EDGE('',*,*,#2677,.F.);
#1860=ORIENTED_EDGE('',*,*,#2221,.F.);
#1861=ORIENTED_EDGE('',*,*,#2640,.F.);
#1862=ORIENTED_EDGE('',*,*,#2134,.F.);
#1863=ORIENTED_EDGE('',*,*,#2678,.F.);
#1864=ORIENTED_EDGE('',*,*,#2662,.F.);
#1865=ORIENTED_EDGE('',*,*,#2675,.T.);
#1866=ORIENTED_EDGE('',*,*,#2219,.F.);
#1867=ORIENTED_EDGE('',*,*,#2065,.F.);
#1868=ORIENTED_EDGE('',*,*,#2663,.F.);
#1869=ORIENTED_EDGE('',*,*,#2679,.F.);
#1870=ORIENTED_EDGE('',*,*,#2661,.F.);
#1871=ORIENTED_EDGE('',*,*,#2677,.T.);
#1872=ORIENTED_EDGE('',*,*,#2676,.T.);
#1873=ORIENTED_EDGE('',*,*,#2680,.F.);
#1874=ORIENTED_EDGE('',*,*,#2679,.T.);
#1875=ORIENTED_EDGE('',*,*,#2678,.T.);
#1876=ORIENTED_EDGE('',*,*,#2681,.F.);
#1877=ORIENTED_EDGE('',*,*,#2680,.T.);
#1878=ORIENTED_EDGE('',*,*,#2659,.F.);
#1879=ORIENTED_EDGE('',*,*,#2681,.T.);
#1880=ORIENTED_EDGE('',*,*,#2133,.F.);
#1881=ORIENTED_EDGE('',*,*,#2072,.F.);
#1882=ORIENTED_EDGE('',*,*,#2654,.F.);
#1883=ORIENTED_EDGE('',*,*,#2682,.F.);
#1884=ORIENTED_EDGE('',*,*,#2651,.F.);
#1885=ORIENTED_EDGE('',*,*,#2683,.F.);
#1886=ORIENTED_EDGE('',*,*,#2649,.F.);
#1887=ORIENTED_EDGE('',*,*,#2684,.F.);
#1888=ORIENTED_EDGE('',*,*,#2213,.F.);
#1889=ORIENTED_EDGE('',*,*,#2641,.F.);
#1890=ORIENTED_EDGE('',*,*,#2217,.F.);
#1891=ORIENTED_EDGE('',*,*,#2074,.F.);
#1892=ORIENTED_EDGE('',*,*,#2650,.F.);
#1893=ORIENTED_EDGE('',*,*,#2685,.F.);
#1894=ORIENTED_EDGE('',*,*,#2648,.F.);
#1895=ORIENTED_EDGE('',*,*,#2684,.T.);
#1896=ORIENTED_EDGE('',*,*,#2682,.T.);
#1897=ORIENTED_EDGE('',*,*,#2686,.F.);
#1898=ORIENTED_EDGE('',*,*,#2685,.T.);
#1899=ORIENTED_EDGE('',*,*,#2683,.T.);
#1900=ORIENTED_EDGE('',*,*,#2687,.F.);
#1901=ORIENTED_EDGE('',*,*,#2070,.F.);
#1902=ORIENTED_EDGE('',*,*,#2645,.F.);
#1903=ORIENTED_EDGE('',*,*,#2688,.F.);
#1904=ORIENTED_EDGE('',*,*,#2652,.F.);
#1905=ORIENTED_EDGE('',*,*,#2686,.T.);
#1906=ORIENTED_EDGE('',*,*,#2653,.F.);
#1907=ORIENTED_EDGE('',*,*,#2689,.F.);
#1908=ORIENTED_EDGE('',*,*,#2214,.F.);
#1909=ORIENTED_EDGE('',*,*,#2687,.T.);
#1910=ORIENTED_EDGE('',*,*,#2216,.F.);
#1911=ORIENTED_EDGE('',*,*,#2690,.F.);
#1912=ORIENTED_EDGE('',*,*,#2646,.F.);
#1913=ORIENTED_EDGE('',*,*,#2076,.F.);
#1914=ORIENTED_EDGE('',*,*,#2647,.F.);
#1915=ORIENTED_EDGE('',*,*,#2691,.F.);
#1916=ORIENTED_EDGE('',*,*,#2643,.F.);
#1917=ORIENTED_EDGE('',*,*,#2689,.T.);
#1918=ORIENTED_EDGE('',*,*,#2688,.T.);
#1919=ORIENTED_EDGE('',*,*,#2692,.F.);
#1920=ORIENTED_EDGE('',*,*,#2691,.T.);
#1921=ORIENTED_EDGE('',*,*,#2690,.T.);
#1922=ORIENTED_EDGE('',*,*,#2693,.F.);
#1923=ORIENTED_EDGE('',*,*,#2692,.T.);
#1924=ORIENTED_EDGE('',*,*,#2644,.F.);
#1925=ORIENTED_EDGE('',*,*,#2693,.T.);
#1926=ORIENTED_EDGE('',*,*,#2215,.F.);
#1927=ORIENTED_EDGE('',*,*,#2694,.F.);
#1928=ORIENTED_EDGE('',*,*,#2629,.T.);
#1929=ORIENTED_EDGE('',*,*,#2052,.T.);
#1930=ORIENTED_EDGE('',*,*,#2695,.F.);
#1931=ORIENTED_EDGE('',*,*,#2696,.F.);
#1932=ORIENTED_EDGE('',*,*,#2695,.T.);
#1933=ORIENTED_EDGE('',*,*,#2051,.T.);
#1934=ORIENTED_EDGE('',*,*,#2113,.F.);
#1935=ORIENTED_EDGE('',*,*,#2669,.T.);
#1936=ORIENTED_EDGE('',*,*,#2630,.T.);
#1937=ORIENTED_EDGE('',*,*,#2694,.T.);
#1938=ORIENTED_EDGE('',*,*,#2696,.T.);
#1939=ORIENTED_EDGE('',*,*,#2112,.T.);
#1940=ORIENTED_EDGE('',*,*,#2697,.F.);
#1941=ORIENTED_EDGE('',*,*,#2622,.T.);
#1942=ORIENTED_EDGE('',*,*,#1991,.T.);
#1943=ORIENTED_EDGE('',*,*,#2698,.F.);
#1944=ORIENTED_EDGE('',*,*,#2699,.F.);
#1945=ORIENTED_EDGE('',*,*,#2698,.T.);
#1946=ORIENTED_EDGE('',*,*,#1990,.T.);
#1947=ORIENTED_EDGE('',*,*,#2619,.F.);
#1948=ORIENTED_EDGE('',*,*,#2618,.T.);
#1949=ORIENTED_EDGE('',*,*,#2668,.T.);
#1950=ORIENTED_EDGE('',*,*,#2623,.T.);
#1951=ORIENTED_EDGE('',*,*,#2697,.T.);
#1952=ORIENTED_EDGE('',*,*,#2699,.T.);
#1953=ORIENTED_EDGE('',*,*,#2700,.F.);
#1954=ORIENTED_EDGE('',*,*,#2238,.T.);
#1955=ORIENTED_EDGE('',*,*,#2701,.F.);
#1956=ORIENTED_EDGE('',*,*,#2700,.T.);
#1957=ORIENTED_EDGE('',*,*,#2702,.F.);
#1958=ORIENTED_EDGE('',*,*,#2237,.T.);
#1959=ORIENTED_EDGE('',*,*,#2703,.F.);
#1960=ORIENTED_EDGE('',*,*,#2702,.T.);
#1961=ORIENTED_EDGE('',*,*,#2703,.T.);
#1962=ORIENTED_EDGE('',*,*,#2489,.F.);
#1963=ORIENTED_EDGE('',*,*,#2701,.T.);
#1964=ORIENTED_EDGE('',*,*,#2490,.F.);
#1965=ORIENTED_EDGE('',*,*,#2438,.T.);
#1966=ORIENTED_EDGE('',*,*,#2449,.T.);
#1967=ORIENTED_EDGE('',*,*,#2338,.F.);
#1968=ORIENTED_EDGE('',*,*,#2451,.F.);
#1969=ORIENTED_EDGE('',*,*,#1976,.F.);
#1970=ORIENTED_EDGE('',*,*,#2441,.F.);
#1971=ORIENTED_EDGE('',*,*,#2437,.T.);
#1972=ORIENTED_EDGE('',*,*,#2450,.F.);
#1973=ORIENTED_EDGE('',*,*,#2448,.T.);
#1974=ORIENTED_EDGE('',*,*,#2440,.F.);
#1975=EDGE_CURVE('',#2704,#2705,#3190,.T.);
#1976=EDGE_CURVE('',#2705,#2706,#502,.T.);
#1977=EDGE_CURVE('',#2706,#2707,#3191,.F.);
#1978=EDGE_CURVE('',#2707,#2708,#241,.T.);
#1979=EDGE_CURVE('',#2704,#2708,#242,.T.);
#1980=EDGE_CURVE('',#2709,#2710,#503,.T.);
#1981=EDGE_CURVE('',#2711,#2709,#243,.F.);
#1982=EDGE_CURVE('',#2712,#2711,#504,.F.);
#1983=EDGE_CURVE('',#2713,#2712,#244,.F.);
#1984=EDGE_CURVE('',#2714,#2713,#505,.T.);
#1985=EDGE_CURVE('',#2710,#2714,#245,.T.);
#1986=EDGE_CURVE('',#2715,#2715,#166,.F.);
#1987=EDGE_CURVE('',#2716,#2717,#506,.T.);
#1988=EDGE_CURVE('',#2712,#2716,#167,.F.);
#1989=EDGE_CURVE('',#2717,#2711,#168,.F.);
#1990=EDGE_CURVE('',#2718,#2719,#3192,.T.);
#1991=EDGE_CURVE('',#2720,#2718,#3193,.T.);
#1992=EDGE_CURVE('',#2720,#2721,#3194,.T.);
#1993=EDGE_CURVE('',#2721,#2722,#246,.T.);
#1994=EDGE_CURVE('',#2722,#2723,#3195,.T.);
#1995=EDGE_CURVE('',#2723,#2724,#247,.F.);
#1996=EDGE_CURVE('',#2725,#2724,#3196,.T.);
#1997=EDGE_CURVE('',#2725,#2726,#248,.F.);
#1998=EDGE_CURVE('',#2726,#2727,#3197,.T.);
#1999=EDGE_CURVE('',#2727,#2728,#249,.T.);
#2000=EDGE_CURVE('',#2728,#2729,#3198,.T.);
#2001=EDGE_CURVE('',#2729,#2730,#250,.T.);
#2002=EDGE_CURVE('',#2730,#2731,#3199,.T.);
#2003=EDGE_CURVE('',#2731,#2732,#251,.F.);
#2004=EDGE_CURVE('',#2733,#2732,#3200,.T.);
#2005=EDGE_CURVE('',#2733,#2734,#3201,.F.);
#2006=EDGE_CURVE('',#2734,#2735,#3202,.F.);
#2007=EDGE_CURVE('',#2735,#2736,#3203,.F.);
#2008=EDGE_CURVE('',#2736,#2737,#3204,.F.);
#2009=EDGE_CURVE('',#2737,#2738,#3205,.F.);
#2010=EDGE_CURVE('',#2738,#2739,#3206,.F.);
#2011=EDGE_CURVE('',#2739,#2740,#3207,.F.);
#2012=EDGE_CURVE('',#2740,#2741,#3208,.T.);
#2013=EDGE_CURVE('',#2741,#2742,#3209,.T.);
#2014=EDGE_CURVE('',#2742,#2743,#3210,.T.);
#2015=EDGE_CURVE('',#2743,#2744,#252,.F.);
#2016=EDGE_CURVE('',#2744,#2745,#3211,.T.);
#2017=EDGE_CURVE('',#2745,#2746,#253,.F.);
#2018=EDGE_CURVE('',#2746,#2747,#3212,.T.);
#2019=EDGE_CURVE('',#2747,#2748,#3213,.T.);
#2020=EDGE_CURVE('',#2748,#2749,#3214,.T.);
#2021=EDGE_CURVE('',#2749,#2750,#254,.T.);
#2022=EDGE_CURVE('',#2750,#2751,#3215,.T.);
#2023=EDGE_CURVE('',#2751,#2752,#255,.F.);
#2024=EDGE_CURVE('',#2752,#2753,#3216,.T.);
#2025=EDGE_CURVE('',#2753,#2754,#256,.F.);
#2026=EDGE_CURVE('',#2754,#2755,#3217,.T.);
#2027=EDGE_CURVE('',#2755,#2756,#257,.T.);
#2028=EDGE_CURVE('',#2756,#2757,#3218,.T.);
#2029=EDGE_CURVE('',#2757,#2758,#3219,.T.);
#2030=EDGE_CURVE('',#2758,#2759,#258,.T.);
#2031=EDGE_CURVE('',#2759,#2760,#3220,.T.);
#2032=EDGE_CURVE('',#2760,#2761,#259,.F.);
#2033=EDGE_CURVE('',#2761,#2762,#3221,.T.);
#2034=EDGE_CURVE('',#2762,#2763,#260,.F.);
#2035=EDGE_CURVE('',#2763,#2764,#3222,.T.);
#2036=EDGE_CURVE('',#2764,#2765,#261,.T.);
#2037=EDGE_CURVE('',#2765,#2766,#3223,.T.);
#2038=EDGE_CURVE('',#2766,#2767,#262,.T.);
#2039=EDGE_CURVE('',#2767,#2768,#3224,.T.);
#2040=EDGE_CURVE('',#2768,#2769,#263,.F.);
#2041=EDGE_CURVE('',#2769,#2770,#3225,.T.);
#2042=EDGE_CURVE('',#2770,#2771,#264,.F.);
#2043=EDGE_CURVE('',#2771,#2772,#3226,.T.);
#2044=EDGE_CURVE('',#2772,#2773,#265,.T.);
#2045=EDGE_CURVE('',#2773,#2774,#3227,.T.);
#2046=EDGE_CURVE('',#2775,#2774,#3228,.T.);
#2047=EDGE_CURVE('',#2775,#2776,#266,.F.);
#2048=EDGE_CURVE('',#2776,#2777,#3229,.T.);
#2049=EDGE_CURVE('',#2777,#2778,#267,.T.);
#2050=EDGE_CURVE('',#2778,#2779,#3230,.T.);
#2051=EDGE_CURVE('',#2780,#2779,#3231,.T.);
#2052=EDGE_CURVE('',#2781,#2780,#3232,.T.);
#2053=EDGE_CURVE('',#2781,#2782,#3233,.T.);
#2054=EDGE_CURVE('',#2782,#2783,#268,.F.);
#2055=EDGE_CURVE('',#2784,#2783,#3234,.T.);
#2056=EDGE_CURVE('',#2784,#2785,#269,.F.);
#2057=EDGE_CURVE('',#2785,#2719,#3235,.T.);
#2058=EDGE_CURVE('',#2786,#2786,#270,.T.);
#2059=EDGE_CURVE('',#2787,#2787,#271,.F.);
#2060=EDGE_CURVE('',#2709,#2788,#272,.F.);
#2061=EDGE_CURVE('',#2788,#2789,#273,.T.);
#2062=EDGE_CURVE('',#2789,#2790,#274,.F.);
#2063=EDGE_CURVE('',#2790,#2791,#275,.T.);
#2064=EDGE_CURVE('',#2791,#2792,#276,.F.);
#2065=EDGE_CURVE('',#2792,#2793,#277,.T.);
#2066=EDGE_CURVE('',#2793,#2794,#278,.F.);
#2067=EDGE_CURVE('',#2794,#2795,#279,.T.);
#2068=EDGE_CURVE('',#2795,#2713,#280,.F.);
#2069=EDGE_CURVE('',#2716,#2796,#281,.F.);
#2070=EDGE_CURVE('',#2796,#2797,#282,.T.);
#2071=EDGE_CURVE('',#2797,#2798,#283,.F.);
#2072=EDGE_CURVE('',#2798,#2799,#284,.T.);
#2073=EDGE_CURVE('',#2799,#2800,#285,.F.);
#2074=EDGE_CURVE('',#2800,#2801,#286,.T.);
#2075=EDGE_CURVE('',#2801,#2802,#287,.F.);
#2076=EDGE_CURVE('',#2802,#2803,#288,.T.);
#2077=EDGE_CURVE('',#2803,#2717,#289,.F.);
#2078=EDGE_CURVE('',#2804,#2804,#290,.T.);
#2079=EDGE_CURVE('',#2805,#2805,#291,.T.);
#2080=EDGE_CURVE('',#2806,#2806,#292,.T.);
#2081=EDGE_CURVE('',#2807,#2807,#293,.T.);
#2082=EDGE_CURVE('',#2808,#2808,#294,.F.);
#2083=EDGE_CURVE('',#2809,#2809,#295,.T.);
#2084=EDGE_CURVE('',#2810,#2810,#296,.T.);
#2085=EDGE_CURVE('',#2811,#2812,#3236,.T.);
#2086=EDGE_CURVE('',#2811,#2813,#297,.F.);
#2087=EDGE_CURVE('',#2814,#2813,#3237,.T.);
#2088=EDGE_CURVE('',#2814,#2815,#298,.F.);
#2089=EDGE_CURVE('',#2816,#2815,#3238,.T.);
#2090=EDGE_CURVE('',#2816,#2817,#299,.T.);
#2091=EDGE_CURVE('',#2818,#2817,#3239,.T.);
#2092=EDGE_CURVE('',#2818,#2819,#300,.T.);
#2093=EDGE_CURVE('',#2820,#2819,#3240,.T.);
#2094=EDGE_CURVE('',#2820,#2821,#301,.F.);
#2095=EDGE_CURVE('',#2822,#2821,#3241,.T.);
#2096=EDGE_CURVE('',#2823,#2822,#3242,.T.);
#2097=EDGE_CURVE('',#2824,#2823,#3243,.T.);
#2098=EDGE_CURVE('',#2824,#2825,#3244,.T.);
#2099=EDGE_CURVE('',#2825,#2826,#3245,.T.);
#2100=EDGE_CURVE('',#2827,#2826,#3246,.T.);
#2101=EDGE_CURVE('',#2828,#2827,#3247,.T.);
#2102=EDGE_CURVE('',#2828,#2829,#302,.F.);
#2103=EDGE_CURVE('',#2830,#2829,#3248,.T.);
#2104=EDGE_CURVE('',#2830,#2831,#303,.T.);
#2105=EDGE_CURVE('',#2832,#2831,#3249,.T.);
#2106=EDGE_CURVE('',#2832,#2812,#304,.T.);
#2107=EDGE_CURVE('',#2833,#2833,#305,.F.);
#2108=EDGE_CURVE('',#2778,#2834,#3250,.T.);
#2109=EDGE_CURVE('',#2834,#2835,#3251,.T.);
#2110=EDGE_CURVE('',#2822,#2835,#3252,.T.);
#2111=EDGE_CURVE('',#2821,#2836,#3253,.F.);
#2112=EDGE_CURVE('',#2837,#2836,#3254,.T.);
#2113=EDGE_CURVE('',#2837,#2779,#3255,.T.);
#2114=EDGE_CURVE('',#2838,#2839,#3256,.T.);
#2115=EDGE_CURVE('',#2839,#2729,#3257,.F.);
#2116=EDGE_CURVE('',#2728,#2828,#3258,.T.);
#2117=EDGE_CURVE('',#2838,#2827,#3259,.T.);
#2118=EDGE_CURVE('',#2724,#2832,#3260,.T.);
#2119=EDGE_CURVE('',#2831,#2725,#3261,.F.);
#2120=EDGE_CURVE('',#2840,#2841,#3262,.T.);
#2121=EDGE_CURVE('',#2840,#2775,#3263,.F.);
#2122=EDGE_CURVE('',#2841,#2774,#3264,.T.);
#2123=EDGE_CURVE('',#2817,#2784,#3265,.F.);
#2124=EDGE_CURVE('',#2783,#2818,#3266,.T.);
#2125=EDGE_CURVE('',#2842,#2842,#306,.T.);
#2126=EDGE_CURVE('',#2843,#2843,#307,.T.);
#2127=EDGE_CURVE('',#2844,#2845,#169,.T.);
#2128=EDGE_CURVE('',#2845,#2846,#3267,.F.);
#2129=EDGE_CURVE('',#2846,#2847,#170,.T.);
#2130=EDGE_CURVE('',#2847,#2848,#3268,.F.);
#2131=EDGE_CURVE('',#2848,#2849,#171,.T.);
#2132=EDGE_CURVE('',#2849,#2844,#3269,.T.);
#2133=EDGE_CURVE('',#2850,#2851,#308,.T.);
#2134=EDGE_CURVE('',#2851,#2852,#309,.T.);
#2135=EDGE_CURVE('',#2853,#2852,#3270,.T.);
#2136=EDGE_CURVE('',#2853,#2854,#3271,.T.);
#2137=EDGE_CURVE('',#2854,#2835,#3272,.T.);
#2138=EDGE_CURVE('',#2834,#2855,#310,.F.);
#2139=EDGE_CURVE('',#2856,#2855,#3273,.T.);
#2140=EDGE_CURVE('',#2856,#2840,#311,.T.);
#2141=EDGE_CURVE('',#2857,#2841,#3274,.T.);
#2142=EDGE_CURVE('',#2857,#2858,#312,.F.);
#2143=EDGE_CURVE('',#2859,#2858,#3275,.T.);
#2144=EDGE_CURVE('',#2859,#2860,#313,.T.);
#2145=EDGE_CURVE('',#2861,#2860,#3276,.T.);
#2146=EDGE_CURVE('',#2862,#2861,#3277,.T.);
#2147=EDGE_CURVE('',#2862,#2863,#314,.T.);
#2148=EDGE_CURVE('',#2864,#2863,#3278,.T.);
#2149=EDGE_CURVE('',#2864,#2865,#315,.T.);
#2150=EDGE_CURVE('',#2866,#2865,#3279,.T.);
#2151=EDGE_CURVE('',#2867,#2866,#3280,.T.);
#2152=EDGE_CURVE('',#2867,#2868,#316,.T.);
#2153=EDGE_CURVE('',#2869,#2868,#3281,.T.);
#2154=EDGE_CURVE('',#2869,#2870,#317,.F.);
#2155=EDGE_CURVE('',#2871,#2870,#3282,.T.);
#2156=EDGE_CURVE('',#2871,#2872,#318,.F.);
#2157=EDGE_CURVE('',#2873,#2872,#3283,.T.);
#2158=EDGE_CURVE('',#2873,#2874,#319,.T.);
#2159=EDGE_CURVE('',#2875,#2874,#3284,.T.);
#2160=EDGE_CURVE('',#2875,#2876,#3285,.T.);
#2161=EDGE_CURVE('',#2876,#2877,#320,.T.);
#2162=EDGE_CURVE('',#2877,#2878,#3286,.T.);
#2163=EDGE_CURVE('',#2878,#2879,#321,.T.);
#2164=EDGE_CURVE('',#2879,#2880,#3287,.T.);
#2165=EDGE_CURVE('',#2881,#2880,#3288,.T.);
#2166=EDGE_CURVE('',#2881,#2882,#322,.T.);
#2167=EDGE_CURVE('',#2883,#2882,#3289,.T.);
#2168=EDGE_CURVE('',#2883,#2884,#323,.F.);
#2169=EDGE_CURVE('',#2885,#2884,#3290,.T.);
#2170=EDGE_CURVE('',#2886,#2885,#3291,.T.);
#2171=EDGE_CURVE('',#2886,#2887,#324,.F.);
#2172=EDGE_CURVE('',#2888,#2887,#3292,.T.);
#2173=EDGE_CURVE('',#2888,#2889,#325,.T.);
#2174=EDGE_CURVE('',#2890,#2889,#3293,.T.);
#2175=EDGE_CURVE('',#2890,#2891,#326,.T.);
#2176=EDGE_CURVE('',#2892,#2891,#3294,.T.);
#2177=EDGE_CURVE('',#2892,#2893,#327,.F.);
#2178=EDGE_CURVE('',#2894,#2893,#3295,.T.);
#2179=EDGE_CURVE('',#2895,#2894,#3296,.T.);
#2180=EDGE_CURVE('',#2896,#2895,#3297,.T.);
#2181=EDGE_CURVE('',#2896,#2897,#328,.T.);
#2182=EDGE_CURVE('',#2898,#2897,#3298,.T.);
#2183=EDGE_CURVE('',#2899,#2898,#3299,.T.);
#2184=EDGE_CURVE('',#2899,#2900,#329,.F.);
#2185=EDGE_CURVE('',#2901,#2900,#3300,.T.);
#2186=EDGE_CURVE('',#2901,#2902,#330,.T.);
#2187=EDGE_CURVE('',#2903,#2902,#3301,.T.);
#2188=EDGE_CURVE('',#2903,#2904,#331,.T.);
#2189=EDGE_CURVE('',#2905,#2904,#3302,.T.);
#2190=EDGE_CURVE('',#2905,#2906,#332,.T.);
#2191=EDGE_CURVE('',#2907,#2906,#3303,.T.);
#2192=EDGE_CURVE('',#2907,#2908,#333,.T.);
#2193=EDGE_CURVE('',#2909,#2908,#3304,.T.);
#2194=EDGE_CURVE('',#2909,#2910,#334,.F.);
#2195=EDGE_CURVE('',#2911,#2910,#3305,.T.);
#2196=EDGE_CURVE('',#2912,#2911,#3306,.T.);
#2197=EDGE_CURVE('',#2912,#2913,#335,.T.);
#2198=EDGE_CURVE('',#2914,#2913,#3307,.T.);
#2199=EDGE_CURVE('',#2915,#2914,#3308,.T.);
#2200=EDGE_CURVE('',#2915,#2916,#3309,.T.);
#2201=EDGE_CURVE('',#2916,#2917,#3310,.T.);
#2202=EDGE_CURVE('',#2917,#2918,#3311,.T.);
#2203=EDGE_CURVE('',#2918,#2919,#3312,.T.);
#2204=EDGE_CURVE('',#2919,#2920,#3313,.T.);
#2205=EDGE_CURVE('',#2920,#2921,#3314,.T.);
#2206=EDGE_CURVE('',#2921,#2922,#3315,.T.);
#2207=EDGE_CURVE('',#2922,#2923,#336,.T.);
#2208=EDGE_CURVE('',#2924,#2923,#3316,.T.);
#2209=EDGE_CURVE('',#2924,#2839,#337,.F.);
#2210=EDGE_CURVE('',#2838,#2925,#3317,.T.);
#2211=EDGE_CURVE('',#2926,#2925,#3318,.T.);
#2212=EDGE_CURVE('',#2927,#2926,#3319,.T.);
#2213=EDGE_CURVE('',#2927,#2928,#338,.T.);
#2214=EDGE_CURVE('',#2928,#2929,#339,.T.);
#2215=EDGE_CURVE('',#2929,#2930,#340,.T.);
#2216=EDGE_CURVE('',#2930,#2931,#341,.T.);
#2217=EDGE_CURVE('',#2931,#2932,#342,.T.);
#2218=EDGE_CURVE('',#2933,#2932,#3320,.T.);
#2219=EDGE_CURVE('',#2933,#2934,#343,.T.);
#2220=EDGE_CURVE('',#2934,#2935,#344,.T.);
#2221=EDGE_CURVE('',#2935,#2850,#345,.T.);
#2222=EDGE_CURVE('',#2761,#2881,#3321,.F.);
#2223=EDGE_CURVE('',#2936,#2880,#3322,.T.);
#2224=EDGE_CURVE('',#2937,#2936,#3323,.T.);
#2225=EDGE_CURVE('',#2937,#2875,#3324,.T.);
#2226=EDGE_CURVE('',#2874,#2762,#3325,.T.);
#2227=EDGE_CURVE('',#2765,#2871,#3326,.F.);
#2228=EDGE_CURVE('',#2870,#2766,#3327,.T.);
#2229=EDGE_CURVE('',#2893,#2749,#3328,.T.);
#2230=EDGE_CURVE('',#2894,#2748,#3329,.T.);
#2231=EDGE_CURVE('',#2938,#2938,#346,.T.);
#2232=EDGE_CURVE('',#2939,#2939,#347,.F.);
#2233=EDGE_CURVE('',#2940,#2940,#348,.T.);
#2234=EDGE_CURVE('',#2941,#2941,#349,.F.);
#2235=EDGE_CURVE('',#2942,#2943,#172,.F.);
#2236=EDGE_CURVE('',#2942,#2943,#507,.T.);
#2237=EDGE_CURVE('',#2944,#2944,#350,.T.);
#2238=EDGE_CURVE('',#2945,#2945,#351,.T.);
#2239=EDGE_CURVE('',#2946,#2947,#3330,.T.);
#2240=EDGE_CURVE('',#2947,#2948,#3331,.T.);
#2241=EDGE_CURVE('',#2948,#2949,#3332,.T.);
#2242=EDGE_CURVE('',#2949,#2946,#3333,.T.);
#2243=EDGE_CURVE('',#2732,#2922,#3334,.T.);
#2244=EDGE_CURVE('',#2921,#2950,#3335,.T.);
#2245=EDGE_CURVE('',#2950,#2951,#3336,.T.);
#2246=EDGE_CURVE('',#2952,#2951,#3337,.T.);
#2247=EDGE_CURVE('',#2953,#2952,#3338,.T.);
#2248=EDGE_CURVE('',#2953,#2733,#173,.T.);
#2249=EDGE_CURVE('',#2954,#2955,#3339,.T.);
#2250=EDGE_CURVE('',#2955,#2951,#3340,.T.);
#2251=EDGE_CURVE('',#2950,#2954,#3341,.T.);
#2252=EDGE_CURVE('',#2956,#2957,#3342,.T.);
#2253=EDGE_CURVE('',#2956,#2958,#174,.T.);
#2254=EDGE_CURVE('',#2958,#2959,#3343,.T.);
#2255=EDGE_CURVE('',#2959,#2957,#3344,.T.);
#2256=EDGE_CURVE('',#2959,#2955,#3345,.F.);
#2257=EDGE_CURVE('',#2954,#2960,#3346,.T.);
#2258=EDGE_CURVE('',#2961,#2960,#3347,.T.);
#2259=EDGE_CURVE('',#2961,#2962,#175,.T.);
#2260=EDGE_CURVE('',#2957,#2962,#3348,.F.);
#2261=EDGE_CURVE('',#2952,#2963,#3349,.T.);
#2262=EDGE_CURVE('',#2964,#2963,#3350,.T.);
#2263=EDGE_CURVE('',#2964,#2953,#3351,.T.);
#2264=EDGE_CURVE('',#2963,#2965,#3352,.T.);
#2265=EDGE_CURVE('',#2966,#2965,#3353,.T.);
#2266=EDGE_CURVE('',#2966,#2964,#3354,.T.);
#2267=EDGE_CURVE('',#2965,#2967,#3355,.T.);
#2268=EDGE_CURVE('',#2967,#2968,#176,.T.);
#2269=EDGE_CURVE('',#2969,#2968,#3356,.T.);
#2270=EDGE_CURVE('',#2969,#2970,#177,.F.);
#2271=EDGE_CURVE('',#2970,#2971,#3357,.T.);
#2272=EDGE_CURVE('',#2971,#2972,#178,.F.);
#2273=EDGE_CURVE('',#2973,#2972,#3358,.T.);
#2274=EDGE_CURVE('',#2973,#2974,#179,.T.);
#2275=EDGE_CURVE('',#2975,#2974,#3359,.T.);
#2276=EDGE_CURVE('',#2975,#2976,#180,.T.);
#2277=EDGE_CURVE('',#2977,#2976,#3360,.T.);
#2278=EDGE_CURVE('',#2977,#2978,#3361,.T.);
#2279=EDGE_CURVE('',#2978,#2979,#181,.F.);
#2280=EDGE_CURVE('',#2980,#2979,#3362,.T.);
#2281=EDGE_CURVE('',#2981,#2980,#3363,.T.);
#2282=EDGE_CURVE('',#2981,#2966,#3364,.T.);
#2283=EDGE_CURVE('',#2976,#2982,#182,.T.);
#2284=EDGE_CURVE('',#2982,#2977,#3365,.T.);
#2285=EDGE_CURVE('',#2983,#2983,#183,.T.);
#2286=EDGE_CURVE('',#2984,#2984,#184,.F.);
#2287=EDGE_CURVE('',#2985,#2986,#3366,.T.);
#2288=EDGE_CURVE('',#2985,#2987,#185,.T.);
#2289=EDGE_CURVE('',#2988,#2987,#3367,.T.);
#2290=EDGE_CURVE('',#2988,#2989,#186,.F.);
#2291=EDGE_CURVE('',#2989,#2990,#3368,.T.);
#2292=EDGE_CURVE('',#2990,#2961,#187,.F.);
#2293=EDGE_CURVE('',#2960,#2991,#3369,.T.);
#2294=EDGE_CURVE('',#2991,#2992,#3370,.T.);
#2295=EDGE_CURVE('',#2993,#2992,#3371,.T.);
#2296=EDGE_CURVE('',#2993,#2994,#188,.F.);
#2297=EDGE_CURVE('',#2994,#2995,#3372,.T.);
#2298=EDGE_CURVE('',#2995,#2986,#189,.T.);
#2299=EDGE_CURVE('',#2996,#2997,#3373,.T.);
#2300=EDGE_CURVE('',#2996,#2998,#190,.T.);
#2301=EDGE_CURVE('',#2999,#2998,#3374,.T.);
#2302=EDGE_CURVE('',#2999,#3000,#191,.F.);
#2303=EDGE_CURVE('',#3001,#3000,#3375,.T.);
#2304=EDGE_CURVE('',#3001,#3002,#3376,.T.);
#2305=EDGE_CURVE('',#3002,#3003,#3377,.T.);
#2306=EDGE_CURVE('',#3003,#2997,#3378,.T.);
#2307=EDGE_CURVE('',#3004,#3005,#3379,.T.);
#2308=EDGE_CURVE('',#3005,#3006,#192,.T.);
#2309=EDGE_CURVE('',#3007,#3006,#3380,.T.);
#2310=EDGE_CURVE('',#3007,#3008,#3381,.T.);
#2311=EDGE_CURVE('',#3008,#3009,#3382,.T.);
#2312=EDGE_CURVE('',#3009,#3010,#3383,.T.);
#2313=EDGE_CURVE('',#3011,#3010,#3384,.T.);
#2314=EDGE_CURVE('',#3011,#3012,#193,.T.);
#2315=EDGE_CURVE('',#3013,#3012,#3385,.T.);
#2316=EDGE_CURVE('',#3013,#3014,#194,.F.);
#2317=EDGE_CURVE('',#3015,#3014,#3386,.T.);
#2318=EDGE_CURVE('',#3015,#3004,#195,.F.);
#2319=EDGE_CURVE('',#3009,#2917,#3387,.T.);
#2320=EDGE_CURVE('',#2918,#3008,#3388,.T.);
#2321=EDGE_CURVE('',#3009,#2949,#3389,.T.);
#2322=EDGE_CURVE('',#2949,#2917,#3390,.F.);
#2323=EDGE_CURVE('',#2918,#3003,#3391,.F.);
#2324=EDGE_CURVE('',#3003,#3008,#3392,.T.);
#2325=EDGE_CURVE('',#2946,#2916,#3393,.T.);
#2326=EDGE_CURVE('',#3010,#2948,#3394,.F.);
#2327=EDGE_CURVE('',#2997,#3007,#3395,.F.);
#2328=EDGE_CURVE('',#2919,#3002,#3396,.T.);
#2329=EDGE_CURVE('',#2919,#2991,#3397,.F.);
#2330=EDGE_CURVE('',#2991,#3002,#3398,.T.);
#2331=EDGE_CURVE('',#2992,#3001,#3399,.F.);
#2332=EDGE_CURVE('',#2920,#2960,#3400,.T.);
#2333=EDGE_CURVE('',#2920,#2954,#3401,.F.);
#2334=EDGE_CURVE('',#2707,#3016,#352,.T.);
#2335=EDGE_CURVE('',#3016,#3017,#508,.F.);
#2336=EDGE_CURVE('',#3017,#2708,#353,.F.);
#2337=EDGE_CURVE('',#3018,#3019,#3402,.F.);
#2338=EDGE_CURVE('',#3019,#3020,#509,.T.);
#2339=EDGE_CURVE('',#3020,#3021,#3403,.T.);
#2340=EDGE_CURVE('',#3021,#3018,#354,.F.);
#2341=EDGE_CURVE('',#2708,#3022,#355,.F.);
#2342=EDGE_CURVE('',#3022,#3023,#510,.T.);
#2343=EDGE_CURVE('',#3023,#2704,#356,.T.);
#2344=EDGE_CURVE('',#3024,#3025,#357,.F.);
#2345=EDGE_CURVE('',#3024,#3026,#3404,.T.);
#2346=EDGE_CURVE('',#3027,#3026,#196,.T.);
#2347=EDGE_CURVE('',#3027,#3025,#3405,.F.);
#2348=EDGE_CURVE('',#3028,#3029,#358,.F.);
#2349=EDGE_CURVE('',#3028,#3027,#3406,.T.);
#2350=EDGE_CURVE('',#3026,#3029,#3407,.F.);
#2351=EDGE_CURVE('',#3024,#3030,#359,.T.);
#2352=EDGE_CURVE('',#3030,#3025,#360,.T.);
#2353=EDGE_CURVE('',#3028,#3031,#361,.T.);
#2354=EDGE_CURVE('',#3031,#3029,#362,.T.);
#2355=EDGE_CURVE('',#2707,#3024,#3408,.T.);
#2356=EDGE_CURVE('',#3030,#3016,#3409,.F.);
#2357=EDGE_CURVE('',#3032,#3033,#511,.F.);
#2358=EDGE_CURVE('',#3034,#3032,#363,.T.);
#2359=EDGE_CURVE('',#3035,#3034,#512,.T.);
#2360=EDGE_CURVE('',#3035,#3036,#364,.F.);
#2361=EDGE_CURVE('',#3037,#3036,#365,.F.);
#2362=EDGE_CURVE('',#3037,#3030,#366,.T.);
#2363=EDGE_CURVE('',#3025,#3033,#367,.F.);
#2364=EDGE_CURVE('',#3038,#3039,#368,.F.);
#2365=EDGE_CURVE('',#3038,#3028,#3410,.T.);
#2366=EDGE_CURVE('',#3031,#3039,#3411,.F.);
#2367=EDGE_CURVE('',#3029,#3040,#3412,.F.);
#2368=EDGE_CURVE('',#3040,#3041,#197,.T.);
#2369=EDGE_CURVE('',#3041,#3031,#3413,.T.);
#2370=EDGE_CURVE('',#3037,#3042,#369,.T.);
#2371=EDGE_CURVE('',#3042,#3036,#370,.T.);
#2372=EDGE_CURVE('',#3043,#3044,#371,.F.);
#2373=EDGE_CURVE('',#3045,#3043,#372,.T.);
#2374=EDGE_CURVE('',#3045,#3035,#373,.F.);
#2375=EDGE_CURVE('',#3044,#3034,#374,.T.);
#2376=EDGE_CURVE('',#3046,#3032,#375,.F.);
#2377=EDGE_CURVE('',#3046,#3044,#376,.F.);
#2378=EDGE_CURVE('',#3033,#3038,#377,.F.);
#2379=EDGE_CURVE('',#3046,#3039,#378,.F.);
#2380=EDGE_CURVE('',#3023,#3037,#3414,.T.);
#2381=EDGE_CURVE('',#3042,#2704,#3415,.T.);
#2382=EDGE_CURVE('',#3047,#3048,#198,.F.);
#2383=EDGE_CURVE('',#3047,#3042,#3416,.F.);
#2384=EDGE_CURVE('',#3036,#3048,#3417,.T.);
#2385=EDGE_CURVE('',#3049,#3050,#379,.F.);
#2386=EDGE_CURVE('',#3049,#3045,#3418,.F.);
#2387=EDGE_CURVE('',#3043,#3050,#3419,.T.);
#2388=EDGE_CURVE('',#3044,#3051,#3420,.F.);
#2389=EDGE_CURVE('',#3051,#3052,#380,.F.);
#2390=EDGE_CURVE('',#3052,#3043,#3421,.T.);
#2391=EDGE_CURVE('',#3039,#3053,#3422,.T.);
#2392=EDGE_CURVE('',#3053,#3054,#381,.F.);
#2393=EDGE_CURVE('',#3054,#3046,#3423,.T.);
#2394=EDGE_CURVE('',#3055,#3049,#382,.F.);
#2395=EDGE_CURVE('',#3055,#3047,#3424,.F.);
#2396=EDGE_CURVE('',#3048,#3049,#3425,.T.);
#2397=EDGE_CURVE('',#3055,#3050,#383,.T.);
#2398=EDGE_CURVE('',#3050,#3056,#3426,.F.);
#2399=EDGE_CURVE('',#3056,#3057,#199,.T.);
#2400=EDGE_CURVE('',#3057,#3055,#3427,.T.);
#2401=EDGE_CURVE('',#3017,#3022,#384,.F.);
#2402=EDGE_CURVE('',#3058,#3058,#385,.T.);
#2403=EDGE_CURVE('',#3059,#3059,#386,.T.);
#2404=EDGE_CURVE('',#3060,#3060,#387,.T.);
#2405=EDGE_CURVE('',#3061,#3061,#388,.T.);
#2406=EDGE_CURVE('',#3062,#3062,#389,.T.);
#2407=EDGE_CURVE('',#3063,#3063,#390,.T.);
#2408=EDGE_CURVE('',#3064,#3064,#391,.T.);
#2409=EDGE_CURVE('',#3065,#3065,#392,.T.);
#2410=EDGE_CURVE('',#3066,#3066,#393,.T.);
#2411=EDGE_CURVE('',#3067,#3067,#394,.T.);
#2412=EDGE_CURVE('',#3068,#3068,#395,.T.);
#2413=EDGE_CURVE('',#3069,#3069,#396,.T.);
#2414=EDGE_CURVE('',#3070,#3070,#397,.T.);
#2415=EDGE_CURVE('',#3071,#3071,#398,.T.);
#2416=EDGE_CURVE('',#3072,#3072,#399,.T.);
#2417=EDGE_CURVE('',#3073,#3073,#400,.T.);
#2418=EDGE_CURVE('',#3074,#3074,#401,.T.);
#2419=EDGE_CURVE('',#3075,#3075,#402,.T.);
#2420=EDGE_CURVE('',#3076,#3076,#403,.T.);
#2421=EDGE_CURVE('',#3077,#3077,#404,.T.);
#2422=EDGE_CURVE('',#3078,#3078,#405,.T.);
#2423=EDGE_CURVE('',#3079,#3079,#406,.T.);
#2424=EDGE_CURVE('',#3080,#3080,#407,.T.);
#2425=EDGE_CURVE('',#3081,#3081,#408,.T.);
#2426=EDGE_CURVE('',#3082,#3082,#409,.T.);
#2427=EDGE_CURVE('',#3083,#3083,#410,.T.);
#2428=EDGE_CURVE('',#3084,#3084,#411,.T.);
#2429=EDGE_CURVE('',#3085,#3085,#412,.T.);
#2430=EDGE_CURVE('',#3086,#3086,#413,.T.);
#2431=EDGE_CURVE('',#3087,#3087,#414,.T.);
#2432=EDGE_CURVE('',#3088,#3088,#415,.T.);
#2433=EDGE_CURVE('',#3089,#3089,#416,.T.);
#2434=EDGE_CURVE('',#3057,#3040,#3428,.T.);
#2435=EDGE_CURVE('',#3018,#3026,#3429,.T.);
#2436=EDGE_CURVE('',#3021,#3047,#3430,.T.);
#2437=EDGE_CURVE('',#3090,#3090,#417,.T.);
#2438=EDGE_CURVE('',#3091,#3091,#418,.T.);
#2439=EDGE_CURVE('',#3041,#3053,#3431,.T.);
#2440=EDGE_CURVE('',#3092,#3092,#419,.T.);
#2441=EDGE_CURVE('',#3093,#3093,#420,.T.);
#2442=EDGE_CURVE('',#3052,#3056,#3432,.F.);
#2443=EDGE_CURVE('',#3094,#3094,#200,.F.);
#2444=EDGE_CURVE('',#3095,#3096,#421,.T.);
#2445=EDGE_CURVE('',#3096,#3016,#513,.T.);
#2446=EDGE_CURVE('',#3023,#3095,#514,.F.);
#2447=EDGE_CURVE('',#3054,#3051,#201,.T.);
#2448=EDGE_CURVE('',#3097,#3097,#422,.T.);
#2449=EDGE_CURVE('',#2705,#3020,#423,.T.);
#2450=EDGE_CURVE('',#3098,#3098,#424,.T.);
#2451=EDGE_CURVE('',#2706,#3019,#425,.T.);
#2452=EDGE_CURVE('',#2849,#3056,#426,.T.);
#2453=EDGE_CURVE('',#3057,#2848,#427,.T.);
#2454=EDGE_CURVE('',#3040,#2847,#428,.T.);
#2455=EDGE_CURVE('',#2844,#3052,#429,.T.);
#2456=EDGE_CURVE('',#3041,#2846,#430,.T.);
#2457=EDGE_CURVE('',#2844,#3051,#431,.T.);
#2458=EDGE_CURVE('',#3053,#2845,#432,.T.);
#2459=EDGE_CURVE('',#2845,#3054,#433,.T.);
#2460=EDGE_CURVE('',#3095,#3022,#434,.T.);
#2461=EDGE_CURVE('',#3096,#3017,#435,.T.);
#2462=EDGE_CURVE('',#3099,#2980,#3433,.T.);
#2463=EDGE_CURVE('',#3100,#3099,#3434,.T.);
#2464=EDGE_CURVE('',#3100,#2981,#3435,.T.);
#2465=EDGE_CURVE('',#3101,#3102,#3436,.T.);
#2466=EDGE_CURVE('',#3101,#3103,#202,.T.);
#2467=EDGE_CURVE('',#3104,#3103,#3437,.T.);
#2468=EDGE_CURVE('',#3105,#3104,#3438,.T.);
#2469=EDGE_CURVE('',#3105,#3100,#3439,.T.);
#2470=EDGE_CURVE('',#3106,#3099,#3440,.T.);
#2471=EDGE_CURVE('',#3106,#3102,#203,.F.);
#2472=EDGE_CURVE('',#3107,#3104,#3441,.T.);
#2473=EDGE_CURVE('',#3108,#3107,#3442,.T.);
#2474=EDGE_CURVE('',#3108,#3105,#3443,.T.);
#2475=EDGE_CURVE('',#3109,#3107,#3444,.T.);
#2476=EDGE_CURVE('',#3109,#3110,#204,.T.);
#2477=EDGE_CURVE('',#3110,#3111,#3445,.T.);
#2478=EDGE_CURVE('',#3111,#3112,#205,.F.);
#2479=EDGE_CURVE('',#3113,#3112,#3446,.T.);
#2480=EDGE_CURVE('',#3113,#3114,#206,.F.);
#2481=EDGE_CURVE('',#3115,#3114,#3447,.T.);
#2482=EDGE_CURVE('',#3115,#3116,#207,.T.);
#2483=EDGE_CURVE('',#3117,#3116,#3448,.T.);
#2484=EDGE_CURVE('',#3118,#3117,#3449,.T.);
#2485=EDGE_CURVE('',#3118,#3108,#3450,.T.);
#2486=EDGE_CURVE('',#3117,#3119,#3451,.T.);
#2487=EDGE_CURVE('',#3120,#3119,#3452,.T.);
#2488=EDGE_CURVE('',#3120,#3118,#208,.F.);
#2489=EDGE_CURVE('',#3121,#3121,#436,.T.);
#2490=EDGE_CURVE('',#3122,#3122,#437,.T.);
#2491=EDGE_CURVE('',#3119,#3123,#3453,.T.);
#2492=EDGE_CURVE('',#2741,#3123,#3454,.T.);
#2493=EDGE_CURVE('',#2740,#3120,#209,.F.);
#2494=EDGE_CURVE('',#3108,#2739,#210,.T.);
#2495=EDGE_CURVE('',#3105,#2738,#211,.T.);
#2496=EDGE_CURVE('',#3100,#2737,#212,.T.);
#2497=EDGE_CURVE('',#2981,#2736,#213,.T.);
#2498=EDGE_CURVE('',#2966,#2735,#214,.T.);
#2499=EDGE_CURVE('',#2964,#2734,#215,.T.);
#2500=EDGE_CURVE('',#2773,#2857,#3455,.F.);
#2501=EDGE_CURVE('',#2884,#2758,#3456,.T.);
#2502=EDGE_CURVE('',#2885,#2757,#3457,.T.);
#2503=EDGE_CURVE('',#2756,#2886,#3458,.F.);
#2504=EDGE_CURVE('',#2895,#2747,#3459,.T.);
#2505=EDGE_CURVE('',#2915,#2741,#3460,.T.);
#2506=EDGE_CURVE('',#2914,#2742,#3461,.T.);
#2507=EDGE_CURVE('',#3123,#2947,#3462,.T.);
#2508=EDGE_CURVE('',#2982,#2995,#3463,.T.);
#2509=EDGE_CURVE('',#2994,#2978,#3464,.F.);
#2510=EDGE_CURVE('',#2979,#2993,#3465,.T.);
#2511=EDGE_CURVE('',#3000,#3106,#3466,.F.);
#2512=EDGE_CURVE('',#2998,#3101,#3467,.F.);
#2513=EDGE_CURVE('',#3102,#2999,#3468,.T.);
#2514=EDGE_CURVE('',#3103,#2996,#3469,.T.);
#2515=EDGE_CURVE('',#3006,#3109,#3470,.F.);
#2516=EDGE_CURVE('',#3110,#3005,#3471,.T.);
#2517=EDGE_CURVE('',#3004,#3111,#3472,.F.);
#2518=EDGE_CURVE('',#3014,#3113,#3473,.F.);
#2519=EDGE_CURVE('',#3112,#3015,#3474,.T.);
#2520=EDGE_CURVE('',#3012,#3115,#3475,.F.);
#2521=EDGE_CURVE('',#3114,#3013,#3476,.T.);
#2522=EDGE_CURVE('',#3116,#3011,#3477,.T.);
#2523=EDGE_CURVE('',#2958,#2967,#3478,.F.);
#2524=EDGE_CURVE('',#2968,#2956,#3479,.T.);
#2525=EDGE_CURVE('',#2962,#2969,#3480,.F.);
#2526=EDGE_CURVE('',#2970,#2990,#3481,.T.);
#2527=EDGE_CURVE('',#2989,#2971,#3482,.F.);
#2528=EDGE_CURVE('',#2972,#2988,#3483,.T.);
#2529=EDGE_CURVE('',#2987,#2973,#3484,.F.);
#2530=EDGE_CURVE('',#2974,#2985,#3485,.T.);
#2531=EDGE_CURVE('',#2986,#2975,#3486,.F.);
#2532=EDGE_CURVE('',#3124,#3124,#216,.F.);
#2533=EDGE_CURVE('',#2942,#2943,#438,.T.);
#2534=EDGE_CURVE('',#3125,#3125,#439,.T.);
#2535=EDGE_CURVE('',#2714,#2710,#440,.T.);
#2536=EDGE_CURVE('',#3126,#3126,#441,.T.);
#2537=EDGE_CURVE('',#3127,#3127,#442,.T.);
#2538=EDGE_CURVE('',#3128,#3128,#443,.T.);
#2539=EDGE_CURVE('',#2767,#2869,#3487,.F.);
#2540=EDGE_CURVE('',#2868,#2768,#3488,.T.);
#2541=EDGE_CURVE('',#2858,#2772,#3489,.T.);
#2542=EDGE_CURVE('',#2771,#2859,#3490,.F.);
#2543=EDGE_CURVE('',#2860,#2770,#3491,.T.);
#2544=EDGE_CURVE('',#2769,#2867,#3492,.F.);
#2545=EDGE_CURVE('',#3129,#2866,#3493,.T.);
#2546=EDGE_CURVE('',#3130,#3129,#3494,.T.);
#2547=EDGE_CURVE('',#3130,#2861,#3495,.T.);
#2548=EDGE_CURVE('',#2759,#2883,#3496,.F.);
#2549=EDGE_CURVE('',#2882,#2760,#3497,.T.);
#2550=EDGE_CURVE('',#2763,#2873,#3498,.F.);
#2551=EDGE_CURVE('',#2872,#2764,#3499,.T.);
#2552=EDGE_CURVE('',#2891,#2751,#3500,.T.);
#2553=EDGE_CURVE('',#2750,#2892,#3501,.F.);
#2554=EDGE_CURVE('',#2754,#2888,#3502,.F.);
#2555=EDGE_CURVE('',#2887,#2755,#3503,.T.);
#2556=EDGE_CURVE('',#2752,#2890,#3504,.F.);
#2557=EDGE_CURVE('',#2889,#2753,#3505,.T.);
#2558=EDGE_CURVE('',#2913,#2743,#3506,.T.);
#2559=EDGE_CURVE('',#2746,#2896,#3507,.F.);
#2560=EDGE_CURVE('',#2744,#2912,#3508,.F.);
#2561=EDGE_CURVE('',#3131,#2911,#3509,.T.);
#2562=EDGE_CURVE('',#3132,#3131,#3510,.T.);
#2563=EDGE_CURVE('',#2898,#3132,#3511,.T.);
#2564=EDGE_CURVE('',#2897,#2745,#3512,.T.);
#2565=EDGE_CURVE('',#2910,#3133,#3513,.F.);
#2566=EDGE_CURVE('',#3131,#3133,#3514,.T.);
#2567=EDGE_CURVE('',#3134,#3132,#3515,.T.);
#2568=EDGE_CURVE('',#3134,#2899,#3516,.T.);
#2569=EDGE_CURVE('',#3135,#3136,#3517,.T.);
#2570=EDGE_CURVE('',#3135,#2901,#3518,.T.);
#2571=EDGE_CURVE('',#2900,#3136,#3519,.F.);
#2572=EDGE_CURVE('',#3137,#3138,#3520,.T.);
#2573=EDGE_CURVE('',#3137,#2903,#3521,.T.);
#2574=EDGE_CURVE('',#2902,#3138,#3522,.F.);
#2575=EDGE_CURVE('',#3139,#3140,#3523,.T.);
#2576=EDGE_CURVE('',#3139,#2905,#3524,.T.);
#2577=EDGE_CURVE('',#2904,#3140,#3525,.F.);
#2578=EDGE_CURVE('',#3141,#3142,#3526,.T.);
#2579=EDGE_CURVE('',#3141,#2907,#3527,.T.);
#2580=EDGE_CURVE('',#2906,#3142,#3528,.F.);
#2581=EDGE_CURVE('',#2908,#3143,#3529,.F.);
#2582=EDGE_CURVE('',#3144,#3143,#3530,.T.);
#2583=EDGE_CURVE('',#3144,#2909,#3531,.T.);
#2584=EDGE_CURVE('',#3145,#3145,#444,.T.);
#2585=EDGE_CURVE('',#3143,#3141,#445,.F.);
#2586=EDGE_CURVE('',#3142,#3139,#446,.F.);
#2587=EDGE_CURVE('',#3140,#3137,#447,.F.);
#2588=EDGE_CURVE('',#3138,#3135,#448,.F.);
#2589=EDGE_CURVE('',#3136,#3134,#449,.T.);
#2590=EDGE_CURVE('',#3133,#3144,#450,.T.);
#2591=EDGE_CURVE('',#2937,#3146,#3532,.T.);
#2592=EDGE_CURVE('',#3146,#2876,#3533,.T.);
#2593=EDGE_CURVE('',#2877,#3147,#3534,.F.);
#2594=EDGE_CURVE('',#3147,#3148,#3535,.T.);
#2595=EDGE_CURVE('',#3148,#2878,#3536,.T.);
#2596=EDGE_CURVE('',#2879,#3149,#3537,.F.);
#2597=EDGE_CURVE('',#3149,#2936,#3538,.T.);
#2598=EDGE_CURVE('',#3150,#3150,#451,.T.);
#2599=EDGE_CURVE('',#3147,#3146,#452,.F.);
#2600=EDGE_CURVE('',#3149,#3148,#453,.F.);
#2601=EDGE_CURVE('',#3151,#3130,#3539,.T.);
#2602=EDGE_CURVE('',#3151,#2862,#3540,.T.);
#2603=EDGE_CURVE('',#2863,#3152,#3541,.F.);
#2604=EDGE_CURVE('',#3153,#3152,#3542,.T.);
#2605=EDGE_CURVE('',#3153,#2864,#3543,.T.);
#2606=EDGE_CURVE('',#2865,#3154,#3544,.F.);
#2607=EDGE_CURVE('',#3129,#3154,#3545,.T.);
#2608=EDGE_CURVE('',#3155,#3155,#454,.T.);
#2609=EDGE_CURVE('',#3152,#3151,#455,.F.);
#2610=EDGE_CURVE('',#3154,#3153,#456,.F.);
#2611=EDGE_CURVE('',#3156,#3156,#457,.T.);
#2612=EDGE_CURVE('',#3157,#3157,#458,.T.);
#2613=EDGE_CURVE('',#3158,#3158,#459,.T.);
#2614=EDGE_CURVE('',#3159,#3159,#460,.T.);
#2615=EDGE_CURVE('',#3160,#3160,#461,.T.);
#2616=EDGE_CURVE('',#3161,#3161,#462,.T.);
#2617=EDGE_CURVE('',#2815,#3162,#3546,.F.);
#2618=EDGE_CURVE('',#3163,#3162,#3547,.T.);
#2619=EDGE_CURVE('',#3163,#2719,#3548,.T.);
#2620=EDGE_CURVE('',#2785,#2816,#3549,.T.);
#2621=EDGE_CURVE('',#2813,#2721,#3550,.F.);
#2622=EDGE_CURVE('',#3164,#2720,#3551,.T.);
#2623=EDGE_CURVE('',#3165,#3164,#3552,.T.);
#2624=EDGE_CURVE('',#3165,#2814,#3553,.T.);
#2625=EDGE_CURVE('',#2722,#2811,#3554,.T.);
#2626=EDGE_CURVE('',#2812,#2723,#3555,.F.);
#2627=EDGE_CURVE('',#2855,#2777,#3556,.F.);
#2628=EDGE_CURVE('',#2776,#2856,#3557,.T.);
#2629=EDGE_CURVE('',#3166,#2781,#3558,.T.);
#2630=EDGE_CURVE('',#3167,#3166,#3559,.T.);
#2631=EDGE_CURVE('',#3167,#2820,#3560,.T.);
#2632=EDGE_CURVE('',#2819,#2782,#3561,.F.);
#2633=EDGE_CURVE('',#2923,#2731,#3562,.F.);
#2634=EDGE_CURVE('',#2730,#2924,#3563,.T.);
#2635=EDGE_CURVE('',#2829,#2727,#3564,.F.);
#2636=EDGE_CURVE('',#2726,#2830,#3565,.T.);
#2637=EDGE_CURVE('',#2823,#2854,#3566,.T.);
#2638=EDGE_CURVE('',#2826,#2925,#3567,.T.);
#2639=EDGE_CURVE('',#2825,#2926,#3568,.T.);
#2640=EDGE_CURVE('',#2852,#2933,#515,.T.);
#2641=EDGE_CURVE('',#2932,#2927,#516,.T.);
#2642=EDGE_CURVE('',#2824,#2853,#3569,.T.);
#2643=EDGE_CURVE('',#2803,#3168,#3570,.T.);
#2644=EDGE_CURVE('',#3168,#3169,#463,.F.);
#2645=EDGE_CURVE('',#3169,#2796,#3571,.F.);
#2646=EDGE_CURVE('',#3170,#3171,#464,.F.);
#2647=EDGE_CURVE('',#3171,#2802,#3572,.F.);
#2648=EDGE_CURVE('',#2801,#3170,#3573,.T.);
#2649=EDGE_CURVE('',#3172,#3173,#465,.F.);
#2650=EDGE_CURVE('',#3173,#2800,#3574,.F.);
#2651=EDGE_CURVE('',#2799,#3172,#3575,.T.);
#2652=EDGE_CURVE('',#2797,#3174,#3576,.T.);
#2653=EDGE_CURVE('',#3174,#3175,#466,.F.);
#2654=EDGE_CURVE('',#3175,#2798,#3577,.F.);
#2655=EDGE_CURVE('',#2710,#2714,#467,.T.);
#2656=EDGE_CURVE('',#3176,#3177,#468,.F.);
#2657=EDGE_CURVE('',#3177,#2788,#3578,.F.);
#2658=EDGE_CURVE('',#2795,#3176,#3579,.T.);
#2659=EDGE_CURVE('',#3178,#3179,#469,.F.);
#2660=EDGE_CURVE('',#3179,#2794,#3580,.F.);
#2661=EDGE_CURVE('',#2793,#3178,#3581,.T.);
#2662=EDGE_CURVE('',#3180,#3181,#470,.F.);
#2663=EDGE_CURVE('',#3181,#2792,#3582,.F.);
#2664=EDGE_CURVE('',#2791,#3180,#3583,.T.);
#2665=EDGE_CURVE('',#2789,#3182,#3584,.T.);
#2666=EDGE_CURVE('',#3182,#3183,#471,.F.);
#2667=EDGE_CURVE('',#3183,#2790,#3585,.F.);
#2668=EDGE_CURVE('',#3162,#3165,#472,.T.);
#2669=EDGE_CURVE('',#2836,#3167,#473,.T.);
#2670=EDGE_CURVE('',#3182,#3177,#474,.T.);
#2671=EDGE_CURVE('',#3183,#2934,#475,.T.);
#2672=EDGE_CURVE('',#2935,#3182,#476,.T.);
#2673=EDGE_CURVE('',#3180,#3183,#477,.T.);
#2674=EDGE_CURVE('',#2935,#3177,#478,.F.);
#2675=EDGE_CURVE('',#3180,#2934,#479,.F.);
#2676=EDGE_CURVE('',#3176,#3179,#480,.T.);
#2677=EDGE_CURVE('',#2850,#3176,#481,.T.);
#2678=EDGE_CURVE('',#3181,#2851,#482,.T.);
#2679=EDGE_CURVE('',#3178,#3181,#483,.T.);
#2680=EDGE_CURVE('',#2850,#3179,#484,.F.);
#2681=EDGE_CURVE('',#3178,#2851,#485,.F.);
#2682=EDGE_CURVE('',#3172,#3175,#486,.T.);
#2683=EDGE_CURVE('',#3173,#2931,#487,.T.);
#2684=EDGE_CURVE('',#2928,#3172,#488,.T.);
#2685=EDGE_CURVE('',#3170,#3173,#489,.T.);
#2686=EDGE_CURVE('',#2928,#3175,#490,.F.);
#2687=EDGE_CURVE('',#3170,#2931,#491,.F.);
#2688=EDGE_CURVE('',#3174,#3169,#492,.T.);
#2689=EDGE_CURVE('',#2929,#3174,#493,.T.);
#2690=EDGE_CURVE('',#3171,#2930,#494,.T.);
#2691=EDGE_CURVE('',#3168,#3171,#495,.T.);
#2692=EDGE_CURVE('',#2929,#3169,#496,.F.);
#2693=EDGE_CURVE('',#3168,#2930,#497,.F.);
#2694=EDGE_CURVE('',#3166,#3184,#3586,.T.);
#2695=EDGE_CURVE('',#3184,#2780,#3587,.T.);
#2696=EDGE_CURVE('',#3184,#2837,#3588,.T.);
#2697=EDGE_CURVE('',#3164,#3185,#3589,.T.);
#2698=EDGE_CURVE('',#3185,#2718,#3590,.T.);
#2699=EDGE_CURVE('',#3185,#3163,#3591,.T.);
#2700=EDGE_CURVE('',#3186,#3186,#498,.T.);
#2701=EDGE_CURVE('',#3187,#3187,#499,.T.);
#2702=EDGE_CURVE('',#3188,#3188,#500,.T.);
#2703=EDGE_CURVE('',#3189,#3189,#501,.T.);
#2704=VERTEX_POINT('',#7473);
#2705=VERTEX_POINT('',#7474);
#2706=VERTEX_POINT('',#7482);
#2707=VERTEX_POINT('',#7484);
#2708=VERTEX_POINT('',#7486);
#2709=VERTEX_POINT('',#7496);
#2710=VERTEX_POINT('',#7497);
#2711=VERTEX_POINT('',#7499);
#2712=VERTEX_POINT('',#7515);
#2713=VERTEX_POINT('',#7517);
#2714=VERTEX_POINT('',#7525);
#2715=VERTEX_POINT('',#7591);
#2716=VERTEX_POINT('',#7597);
#2717=VERTEX_POINT('',#7598);
#2718=VERTEX_POINT('',#7603);
#2719=VERTEX_POINT('',#7604);
#2720=VERTEX_POINT('',#7606);
#2721=VERTEX_POINT('',#7608);
#2722=VERTEX_POINT('',#7610);
#2723=VERTEX_POINT('',#7612);
#2724=VERTEX_POINT('',#7614);
#2725=VERTEX_POINT('',#7616);
#2726=VERTEX_POINT('',#7618);
#2727=VERTEX_POINT('',#7620);
#2728=VERTEX_POINT('',#7622);
#2729=VERTEX_POINT('',#7624);
#2730=VERTEX_POINT('',#7626);
#2731=VERTEX_POINT('',#7628);
#2732=VERTEX_POINT('',#7630);
#2733=VERTEX_POINT('',#7632);
#2734=VERTEX_POINT('',#7634);
#2735=VERTEX_POINT('',#7636);
#2736=VERTEX_POINT('',#7638);
#2737=VERTEX_POINT('',#7640);
#2738=VERTEX_POINT('',#7642);
#2739=VERTEX_POINT('',#7644);
#2740=VERTEX_POINT('',#7646);
#2741=VERTEX_POINT('',#7648);
#2742=VERTEX_POINT('',#7650);
#2743=VERTEX_POINT('',#7652);
#2744=VERTEX_POINT('',#7654);
#2745=VERTEX_POINT('',#7656);
#2746=VERTEX_POINT('',#7658);
#2747=VERTEX_POINT('',#7660);
#2748=VERTEX_POINT('',#7662);
#2749=VERTEX_POINT('',#7664);
#2750=VERTEX_POINT('',#7666);
#2751=VERTEX_POINT('',#7668);
#2752=VERTEX_POINT('',#7670);
#2753=VERTEX_POINT('',#7672);
#2754=VERTEX_POINT('',#7674);
#2755=VERTEX_POINT('',#7676);
#2756=VERTEX_POINT('',#7678);
#2757=VERTEX_POINT('',#7680);
#2758=VERTEX_POINT('',#7682);
#2759=VERTEX_POINT('',#7684);
#2760=VERTEX_POINT('',#7686);
#2761=VERTEX_POINT('',#7688);
#2762=VERTEX_POINT('',#7690);
#2763=VERTEX_POINT('',#7692);
#2764=VERTEX_POINT('',#7694);
#2765=VERTEX_POINT('',#7696);
#2766=VERTEX_POINT('',#7698);
#2767=VERTEX_POINT('',#7700);
#2768=VERTEX_POINT('',#7702);
#2769=VERTEX_POINT('',#7704);
#2770=VERTEX_POINT('',#7706);
#2771=VERTEX_POINT('',#7708);
#2772=VERTEX_POINT('',#7710);
#2773=VERTEX_POINT('',#7712);
#2774=VERTEX_POINT('',#7714);
#2775=VERTEX_POINT('',#7716);
#2776=VERTEX_POINT('',#7718);
#2777=VERTEX_POINT('',#7720);
#2778=VERTEX_POINT('',#7722);
#2779=VERTEX_POINT('',#7724);
#2780=VERTEX_POINT('',#7726);
#2781=VERTEX_POINT('',#7728);
#2782=VERTEX_POINT('',#7730);
#2783=VERTEX_POINT('',#7732);
#2784=VERTEX_POINT('',#7734);
#2785=VERTEX_POINT('',#7736);
#2786=VERTEX_POINT('',#7739);
#2787=VERTEX_POINT('',#7741);
#2788=VERTEX_POINT('',#7743);
#2789=VERTEX_POINT('',#7745);
#2790=VERTEX_POINT('',#7747);
#2791=VERTEX_POINT('',#7749);
#2792=VERTEX_POINT('',#7751);
#2793=VERTEX_POINT('',#7753);
#2794=VERTEX_POINT('',#7755);
#2795=VERTEX_POINT('',#7757);
#2796=VERTEX_POINT('',#7760);
#2797=VERTEX_POINT('',#7762);
#2798=VERTEX_POINT('',#7764);
#2799=VERTEX_POINT('',#7766);
#2800=VERTEX_POINT('',#7768);
#2801=VERTEX_POINT('',#7770);
#2802=VERTEX_POINT('',#7772);
#2803=VERTEX_POINT('',#7774);
#2804=VERTEX_POINT('',#7777);
#2805=VERTEX_POINT('',#7779);
#2806=VERTEX_POINT('',#7781);
#2807=VERTEX_POINT('',#7783);
#2808=VERTEX_POINT('',#7785);
#2809=VERTEX_POINT('',#7788);
#2810=VERTEX_POINT('',#7790);
#2811=VERTEX_POINT('',#7792);
#2812=VERTEX_POINT('',#7793);
#2813=VERTEX_POINT('',#7795);
#2814=VERTEX_POINT('',#7797);
#2815=VERTEX_POINT('',#7799);
#2816=VERTEX_POINT('',#7801);
#2817=VERTEX_POINT('',#7803);
#2818=VERTEX_POINT('',#7805);
#2819=VERTEX_POINT('',#7807);
#2820=VERTEX_POINT('',#7809);
#2821=VERTEX_POINT('',#7811);
#2822=VERTEX_POINT('',#7813);
#2823=VERTEX_POINT('',#7815);
#2824=VERTEX_POINT('',#7817);
#2825=VERTEX_POINT('',#7819);
#2826=VERTEX_POINT('',#7821);
#2827=VERTEX_POINT('',#7823);
#2828=VERTEX_POINT('',#7825);
#2829=VERTEX_POINT('',#7827);
#2830=VERTEX_POINT('',#7829);
#2831=VERTEX_POINT('',#7831);
#2832=VERTEX_POINT('',#7833);
#2833=VERTEX_POINT('',#7836);
#2834=VERTEX_POINT('',#7839);
#2835=VERTEX_POINT('',#7841);
#2836=VERTEX_POINT('',#7844);
#2837=VERTEX_POINT('',#7846);
#2838=VERTEX_POINT('',#7850);
#2839=VERTEX_POINT('',#7851);
#2840=VERTEX_POINT('',#7860);
#2841=VERTEX_POINT('',#7861);
#2842=VERTEX_POINT('',#7869);
#2843=VERTEX_POINT('',#7871);
#2844=VERTEX_POINT('',#7873);
#2845=VERTEX_POINT('',#7874);
#2846=VERTEX_POINT('',#7876);
#2847=VERTEX_POINT('',#7878);
#2848=VERTEX_POINT('',#7880);
#2849=VERTEX_POINT('',#7882);
#2850=VERTEX_POINT('',#7885);
#2851=VERTEX_POINT('',#7886);
#2852=VERTEX_POINT('',#7888);
#2853=VERTEX_POINT('',#7890);
#2854=VERTEX_POINT('',#7892);
#2855=VERTEX_POINT('',#7895);
#2856=VERTEX_POINT('',#7897);
#2857=VERTEX_POINT('',#7900);
#2858=VERTEX_POINT('',#7902);
#2859=VERTEX_POINT('',#7904);
#2860=VERTEX_POINT('',#7906);
#2861=VERTEX_POINT('',#7908);
#2862=VERTEX_POINT('',#7910);
#2863=VERTEX_POINT('',#7912);
#2864=VERTEX_POINT('',#7914);
#2865=VERTEX_POINT('',#7916);
#2866=VERTEX_POINT('',#7918);
#2867=VERTEX_POINT('',#7920);
#2868=VERTEX_POINT('',#7922);
#2869=VERTEX_POINT('',#7924);
#2870=VERTEX_POINT('',#7926);
#2871=VERTEX_POINT('',#7928);
#2872=VERTEX_POINT('',#7930);
#2873=VERTEX_POINT('',#7932);
#2874=VERTEX_POINT('',#7934);
#2875=VERTEX_POINT('',#7936);
#2876=VERTEX_POINT('',#7938);
#2877=VERTEX_POINT('',#7940);
#2878=VERTEX_POINT('',#7942);
#2879=VERTEX_POINT('',#7944);
#2880=VERTEX_POINT('',#7946);
#2881=VERTEX_POINT('',#7948);
#2882=VERTEX_POINT('',#7950);
#2883=VERTEX_POINT('',#7952);
#2884=VERTEX_POINT('',#7954);
#2885=VERTEX_POINT('',#7956);
#2886=VERTEX_POINT('',#7958);
#2887=VERTEX_POINT('',#7960);
#2888=VERTEX_POINT('',#7962);
#2889=VERTEX_POINT('',#7964);
#2890=VERTEX_POINT('',#7966);
#2891=VERTEX_POINT('',#7968);
#2892=VERTEX_POINT('',#7970);
#2893=VERTEX_POINT('',#7972);
#2894=VERTEX_POINT('',#7974);
#2895=VERTEX_POINT('',#7976);
#2896=VERTEX_POINT('',#7978);
#2897=VERTEX_POINT('',#7980);
#2898=VERTEX_POINT('',#7982);
#2899=VERTEX_POINT('',#7984);
#2900=VERTEX_POINT('',#7986);
#2901=VERTEX_POINT('',#7988);
#2902=VERTEX_POINT('',#7990);
#2903=VERTEX_POINT('',#7992);
#2904=VERTEX_POINT('',#7994);
#2905=VERTEX_POINT('',#7996);
#2906=VERTEX_POINT('',#7998);
#2907=VERTEX_POINT('',#8000);
#2908=VERTEX_POINT('',#8002);
#2909=VERTEX_POINT('',#8004);
#2910=VERTEX_POINT('',#8006);
#2911=VERTEX_POINT('',#8008);
#2912=VERTEX_POINT('',#8010);
#2913=VERTEX_POINT('',#8012);
#2914=VERTEX_POINT('',#8014);
#2915=VERTEX_POINT('',#8016);
#2916=VERTEX_POINT('',#8018);
#2917=VERTEX_POINT('',#8020);
#2918=VERTEX_POINT('',#8022);
#2919=VERTEX_POINT('',#8024);
#2920=VERTEX_POINT('',#8026);
#2921=VERTEX_POINT('',#8028);
#2922=VERTEX_POINT('',#8030);
#2923=VERTEX_POINT('',#8032);
#2924=VERTEX_POINT('',#8034);
#2925=VERTEX_POINT('',#8037);
#2926=VERTEX_POINT('',#8039);
#2927=VERTEX_POINT('',#8041);
#2928=VERTEX_POINT('',#8043);
#2929=VERTEX_POINT('',#8045);
#2930=VERTEX_POINT('',#8047);
#2931=VERTEX_POINT('',#8049);
#2932=VERTEX_POINT('',#8051);
#2933=VERTEX_POINT('',#8053);
#2934=VERTEX_POINT('',#8055);
#2935=VERTEX_POINT('',#8057);
#2936=VERTEX_POINT('',#8062);
#2937=VERTEX_POINT('',#8064);
#2938=VERTEX_POINT('',#8075);
#2939=VERTEX_POINT('',#8077);
#2940=VERTEX_POINT('',#8080);
#2941=VERTEX_POINT('',#8082);
#2942=VERTEX_POINT('',#8085);
#2943=VERTEX_POINT('',#8086);
#2944=VERTEX_POINT('',#8133);
#2945=VERTEX_POINT('',#8135);
#2946=VERTEX_POINT('',#8137);
#2947=VERTEX_POINT('',#8138);
#2948=VERTEX_POINT('',#8140);
#2949=VERTEX_POINT('',#8142);
#2950=VERTEX_POINT('',#8147);
#2951=VERTEX_POINT('',#8149);
#2952=VERTEX_POINT('',#8151);
#2953=VERTEX_POINT('',#8153);
#2954=VERTEX_POINT('',#8157);
#2955=VERTEX_POINT('',#8158);
#2956=VERTEX_POINT('',#8163);
#2957=VERTEX_POINT('',#8164);
#2958=VERTEX_POINT('',#8166);
#2959=VERTEX_POINT('',#8168);
#2960=VERTEX_POINT('',#8173);
#2961=VERTEX_POINT('',#8175);
#2962=VERTEX_POINT('',#8177);
#2963=VERTEX_POINT('',#8181);
#2964=VERTEX_POINT('',#8183);
#2965=VERTEX_POINT('',#8187);
#2966=VERTEX_POINT('',#8189);
#2967=VERTEX_POINT('',#8193);
#2968=VERTEX_POINT('',#8195);
#2969=VERTEX_POINT('',#8197);
#2970=VERTEX_POINT('',#8199);
#2971=VERTEX_POINT('',#8201);
#2972=VERTEX_POINT('',#8203);
#2973=VERTEX_POINT('',#8205);
#2974=VERTEX_POINT('',#8207);
#2975=VERTEX_POINT('',#8209);
#2976=VERTEX_POINT('',#8211);
#2977=VERTEX_POINT('',#8213);
#2978=VERTEX_POINT('',#8215);
#2979=VERTEX_POINT('',#8217);
#2980=VERTEX_POINT('',#8219);
#2981=VERTEX_POINT('',#8221);
#2982=VERTEX_POINT('',#8225);
#2983=VERTEX_POINT('',#8229);
#2984=VERTEX_POINT('',#8231);
#2985=VERTEX_POINT('',#8234);
#2986=VERTEX_POINT('',#8235);
#2987=VERTEX_POINT('',#8237);
#2988=VERTEX_POINT('',#8239);
#2989=VERTEX_POINT('',#8241);
#2990=VERTEX_POINT('',#8243);
#2991=VERTEX_POINT('',#8246);
#2992=VERTEX_POINT('',#8248);
#2993=VERTEX_POINT('',#8250);
#2994=VERTEX_POINT('',#8252);
#2995=VERTEX_POINT('',#8254);
#2996=VERTEX_POINT('',#8258);
#2997=VERTEX_POINT('',#8259);
#2998=VERTEX_POINT('',#8261);
#2999=VERTEX_POINT('',#8263);
#3000=VERTEX_POINT('',#8265);
#3001=VERTEX_POINT('',#8267);
#3002=VERTEX_POINT('',#8269);
#3003=VERTEX_POINT('',#8271);
#3004=VERTEX_POINT('',#8275);
#3005=VERTEX_POINT('',#8276);
#3006=VERTEX_POINT('',#8278);
#3007=VERTEX_POINT('',#8280);
#3008=VERTEX_POINT('',#8282);
#3009=VERTEX_POINT('',#8284);
#3010=VERTEX_POINT('',#8286);
#3011=VERTEX_POINT('',#8288);
#3012=VERTEX_POINT('',#8290);
#3013=VERTEX_POINT('',#8292);
#3014=VERTEX_POINT('',#8294);
#3015=VERTEX_POINT('',#8296);
#3016=VERTEX_POINT('',#8327);
#3017=VERTEX_POINT('',#8334);
#3018=VERTEX_POINT('',#8338);
#3019=VERTEX_POINT('',#8339);
#3020=VERTEX_POINT('',#8347);
#3021=VERTEX_POINT('',#8349);
#3022=VERTEX_POINT('',#8353);
#3023=VERTEX_POINT('',#8360);
#3024=VERTEX_POINT('',#8364);
#3025=VERTEX_POINT('',#8365);
#3026=VERTEX_POINT('',#8367);
#3027=VERTEX_POINT('',#8369);
#3028=VERTEX_POINT('',#8373);
#3029=VERTEX_POINT('',#8374);
#3030=VERTEX_POINT('',#8379);
#3031=VERTEX_POINT('',#8383);
#3032=VERTEX_POINT('',#8393);
#3033=VERTEX_POINT('',#8394);
#3034=VERTEX_POINT('',#8396);
#3035=VERTEX_POINT('',#8401);
#3036=VERTEX_POINT('',#8403);
#3037=VERTEX_POINT('',#8405);
#3038=VERTEX_POINT('',#8410);
#3039=VERTEX_POINT('',#8411);
#3040=VERTEX_POINT('',#8416);
#3041=VERTEX_POINT('',#8418);
#3042=VERTEX_POINT('',#8422);
#3043=VERTEX_POINT('',#8426);
#3044=VERTEX_POINT('',#8427);
#3045=VERTEX_POINT('',#8429);
#3046=VERTEX_POINT('',#8434);
#3047=VERTEX_POINT('',#8444);
#3048=VERTEX_POINT('',#8445);
#3049=VERTEX_POINT('',#8450);
#3050=VERTEX_POINT('',#8451);
#3051=VERTEX_POINT('',#8456);
#3052=VERTEX_POINT('',#8458);
#3053=VERTEX_POINT('',#8462);
#3054=VERTEX_POINT('',#8464);
#3055=VERTEX_POINT('',#8468);
#3056=VERTEX_POINT('',#8475);
#3057=VERTEX_POINT('',#8477);
#3058=VERTEX_POINT('',#8483);
#3059=VERTEX_POINT('',#8485);
#3060=VERTEX_POINT('',#8488);
#3061=VERTEX_POINT('',#8490);
#3062=VERTEX_POINT('',#8493);
#3063=VERTEX_POINT('',#8495);
#3064=VERTEX_POINT('',#8498);
#3065=VERTEX_POINT('',#8500);
#3066=VERTEX_POINT('',#8503);
#3067=VERTEX_POINT('',#8505);
#3068=VERTEX_POINT('',#8508);
#3069=VERTEX_POINT('',#8510);
#3070=VERTEX_POINT('',#8513);
#3071=VERTEX_POINT('',#8515);
#3072=VERTEX_POINT('',#8518);
#3073=VERTEX_POINT('',#8520);
#3074=VERTEX_POINT('',#8523);
#3075=VERTEX_POINT('',#8526);
#3076=VERTEX_POINT('',#8529);
#3077=VERTEX_POINT('',#8532);
#3078=VERTEX_POINT('',#8535);
#3079=VERTEX_POINT('',#8538);
#3080=VERTEX_POINT('',#8541);
#3081=VERTEX_POINT('',#8544);
#3082=VERTEX_POINT('',#8547);
#3083=VERTEX_POINT('',#8550);
#3084=VERTEX_POINT('',#8553);
#3085=VERTEX_POINT('',#8556);
#3086=VERTEX_POINT('',#8559);
#3087=VERTEX_POINT('',#8562);
#3088=VERTEX_POINT('',#8565);
#3089=VERTEX_POINT('',#8568);
#3090=VERTEX_POINT('',#8575);
#3091=VERTEX_POINT('',#8577);
#3092=VERTEX_POINT('',#8581);
#3093=VERTEX_POINT('',#8583);
#3094=VERTEX_POINT('',#8587);
#3095=VERTEX_POINT('',#8589);
#3096=VERTEX_POINT('',#8590);
#3097=VERTEX_POINT('',#8606);
#3098=VERTEX_POINT('',#8610);
#3099=VERTEX_POINT('',#8817);
#3100=VERTEX_POINT('',#8819);
#3101=VERTEX_POINT('',#8823);
#3102=VERTEX_POINT('',#8824);
#3103=VERTEX_POINT('',#8826);
#3104=VERTEX_POINT('',#8828);
#3105=VERTEX_POINT('',#8830);
#3106=VERTEX_POINT('',#8833);
#3107=VERTEX_POINT('',#8837);
#3108=VERTEX_POINT('',#8839);
#3109=VERTEX_POINT('',#8843);
#3110=VERTEX_POINT('',#8845);
#3111=VERTEX_POINT('',#8847);
#3112=VERTEX_POINT('',#8849);
#3113=VERTEX_POINT('',#8851);
#3114=VERTEX_POINT('',#8853);
#3115=VERTEX_POINT('',#8855);
#3116=VERTEX_POINT('',#8857);
#3117=VERTEX_POINT('',#8859);
#3118=VERTEX_POINT('',#8861);
#3119=VERTEX_POINT('',#8865);
#3120=VERTEX_POINT('',#8867);
#3121=VERTEX_POINT('',#8871);
#3122=VERTEX_POINT('',#8873);
#3123=VERTEX_POINT('',#8875);
#3124=VERTEX_POINT('',#8946);
#3125=VERTEX_POINT('',#8950);
#3126=VERTEX_POINT('',#8956);
#3127=VERTEX_POINT('',#8958);
#3128=VERTEX_POINT('',#8962);
#3129=VERTEX_POINT('',#8974);
#3130=VERTEX_POINT('',#8976);
#3131=VERTEX_POINT('',#9000);
#3132=VERTEX_POINT('',#9002);
#3133=VERTEX_POINT('',#9007);
#3134=VERTEX_POINT('',#9011);
#3135=VERTEX_POINT('',#9015);
#3136=VERTEX_POINT('',#9016);
#3137=VERTEX_POINT('',#9021);
#3138=VERTEX_POINT('',#9022);
#3139=VERTEX_POINT('',#9027);
#3140=VERTEX_POINT('',#9028);
#3141=VERTEX_POINT('',#9033);
#3142=VERTEX_POINT('',#9034);
#3143=VERTEX_POINT('',#9039);
#3144=VERTEX_POINT('',#9041);
#3145=VERTEX_POINT('',#9045);
#3146=VERTEX_POINT('',#9054);
#3147=VERTEX_POINT('',#9058);
#3148=VERTEX_POINT('',#9060);
#3149=VERTEX_POINT('',#9064);
#3150=VERTEX_POINT('',#9068);
#3151=VERTEX_POINT('',#9073);
#3152=VERTEX_POINT('',#9077);
#3153=VERTEX_POINT('',#9079);
#3154=VERTEX_POINT('',#9083);
#3155=VERTEX_POINT('',#9087);
#3156=VERTEX_POINT('',#9092);
#3157=VERTEX_POINT('',#9095);
#3158=VERTEX_POINT('',#9098);
#3159=VERTEX_POINT('',#9101);
#3160=VERTEX_POINT('',#9105);
#3161=VERTEX_POINT('',#9109);
#3162=VERTEX_POINT('',#9113);
#3163=VERTEX_POINT('',#9115);
#3164=VERTEX_POINT('',#9121);
#3165=VERTEX_POINT('',#9123);
#3166=VERTEX_POINT('',#9133);
#3167=VERTEX_POINT('',#9135);
#3168=VERTEX_POINT('',#9168);
#3169=VERTEX_POINT('',#9170);
#3170=VERTEX_POINT('',#9174);
#3171=VERTEX_POINT('',#9175);
#3172=VERTEX_POINT('',#9180);
#3173=VERTEX_POINT('',#9181);
#3174=VERTEX_POINT('',#9186);
#3175=VERTEX_POINT('',#9188);
#3176=VERTEX_POINT('',#9194);
#3177=VERTEX_POINT('',#9195);
#3178=VERTEX_POINT('',#9200);
#3179=VERTEX_POINT('',#9201);
#3180=VERTEX_POINT('',#9206);
#3181=VERTEX_POINT('',#9207);
#3182=VERTEX_POINT('',#9212);
#3183=VERTEX_POINT('',#9214);
#3184=VERTEX_POINT('',#9316);
#3185=VERTEX_POINT('',#9323);
#3186=VERTEX_POINT('',#9330);
#3187=VERTEX_POINT('',#9333);
#3188=VERTEX_POINT('',#9336);
#3189=VERTEX_POINT('',#9339);
#3190=LINE('',#7472,#3592);
#3191=LINE('',#7483,#3593);
#3192=LINE('',#7602,#3594);
#3193=LINE('',#7605,#3595);
#3194=LINE('',#7607,#3596);
#3195=LINE('',#7611,#3597);
#3196=LINE('',#7615,#3598);
#3197=LINE('',#7619,#3599);
#3198=LINE('',#7623,#3600);
#3199=LINE('',#7627,#3601);
#3200=LINE('',#7631,#3602);
#3201=LINE('',#7633,#3603);
#3202=LINE('',#7635,#3604);
#3203=LINE('',#7637,#3605);
#3204=LINE('',#7639,#3606);
#3205=LINE('',#7641,#3607);
#3206=LINE('',#7643,#3608);
#3207=LINE('',#7645,#3609);
#3208=LINE('',#7647,#3610);
#3209=LINE('',#7649,#3611);
#3210=LINE('',#7651,#3612);
#3211=LINE('',#7655,#3613);
#3212=LINE('',#7659,#3614);
#3213=LINE('',#7661,#3615);
#3214=LINE('',#7663,#3616);
#3215=LINE('',#7667,#3617);
#3216=LINE('',#7671,#3618);
#3217=LINE('',#7675,#3619);
#3218=LINE('',#7679,#3620);
#3219=LINE('',#7681,#3621);
#3220=LINE('',#7685,#3622);
#3221=LINE('',#7689,#3623);
#3222=LINE('',#7693,#3624);
#3223=LINE('',#7697,#3625);
#3224=LINE('',#7701,#3626);
#3225=LINE('',#7705,#3627);
#3226=LINE('',#7709,#3628);
#3227=LINE('',#7713,#3629);
#3228=LINE('',#7715,#3630);
#3229=LINE('',#7719,#3631);
#3230=LINE('',#7723,#3632);
#3231=LINE('',#7725,#3633);
#3232=LINE('',#7727,#3634);
#3233=LINE('',#7729,#3635);
#3234=LINE('',#7733,#3636);
#3235=LINE('',#7737,#3637);
#3236=LINE('',#7791,#3638);
#3237=LINE('',#7796,#3639);
#3238=LINE('',#7800,#3640);
#3239=LINE('',#7804,#3641);
#3240=LINE('',#7808,#3642);
#3241=LINE('',#7812,#3643);
#3242=LINE('',#7814,#3644);
#3243=LINE('',#7816,#3645);
#3244=LINE('',#7818,#3646);
#3245=LINE('',#7820,#3647);
#3246=LINE('',#7822,#3648);
#3247=LINE('',#7824,#3649);
#3248=LINE('',#7828,#3650);
#3249=LINE('',#7832,#3651);
#3250=LINE('',#7838,#3652);
#3251=LINE('',#7840,#3653);
#3252=LINE('',#7842,#3654);
#3253=LINE('',#7843,#3655);
#3254=LINE('',#7845,#3656);
#3255=LINE('',#7847,#3657);
#3256=LINE('',#7849,#3658);
#3257=LINE('',#7852,#3659);
#3258=LINE('',#7853,#3660);
#3259=LINE('',#7854,#3661);
#3260=LINE('',#7856,#3662);
#3261=LINE('',#7857,#3663);
#3262=LINE('',#7859,#3664);
#3263=LINE('',#7862,#3665);
#3264=LINE('',#7863,#3666);
#3265=LINE('',#7865,#3667);
#3266=LINE('',#7866,#3668);
#3267=LINE('',#7875,#3669);
#3268=LINE('',#7879,#3670);
#3269=LINE('',#7883,#3671);
#3270=LINE('',#7889,#3672);
#3271=LINE('',#7891,#3673);
#3272=LINE('',#7893,#3674);
#3273=LINE('',#7896,#3675);
#3274=LINE('',#7899,#3676);
#3275=LINE('',#7903,#3677);
#3276=LINE('',#7907,#3678);
#3277=LINE('',#7909,#3679);
#3278=LINE('',#7913,#3680);
#3279=LINE('',#7917,#3681);
#3280=LINE('',#7919,#3682);
#3281=LINE('',#7923,#3683);
#3282=LINE('',#7927,#3684);
#3283=LINE('',#7931,#3685);
#3284=LINE('',#7935,#3686);
#3285=LINE('',#7937,#3687);
#3286=LINE('',#7941,#3688);
#3287=LINE('',#7945,#3689);
#3288=LINE('',#7947,#3690);
#3289=LINE('',#7951,#3691);
#3290=LINE('',#7955,#3692);
#3291=LINE('',#7957,#3693);
#3292=LINE('',#7961,#3694);
#3293=LINE('',#7965,#3695);
#3294=LINE('',#7969,#3696);
#3295=LINE('',#7973,#3697);
#3296=LINE('',#7975,#3698);
#3297=LINE('',#7977,#3699);
#3298=LINE('',#7981,#3700);
#3299=LINE('',#7983,#3701);
#3300=LINE('',#7987,#3702);
#3301=LINE('',#7991,#3703);
#3302=LINE('',#7995,#3704);
#3303=LINE('',#7999,#3705);
#3304=LINE('',#8003,#3706);
#3305=LINE('',#8007,#3707);
#3306=LINE('',#8009,#3708);
#3307=LINE('',#8013,#3709);
#3308=LINE('',#8015,#3710);
#3309=LINE('',#8017,#3711);
#3310=LINE('',#8019,#3712);
#3311=LINE('',#8021,#3713);
#3312=LINE('',#8023,#3714);
#3313=LINE('',#8025,#3715);
#3314=LINE('',#8027,#3716);
#3315=LINE('',#8029,#3717);
#3316=LINE('',#8033,#3718);
#3317=LINE('',#8036,#3719);
#3318=LINE('',#8038,#3720);
#3319=LINE('',#8040,#3721);
#3320=LINE('',#8052,#3722);
#3321=LINE('',#8060,#3723);
#3322=LINE('',#8061,#3724);
#3323=LINE('',#8063,#3725);
#3324=LINE('',#8065,#3726);
#3325=LINE('',#8066,#3727);
#3326=LINE('',#8068,#3728);
#3327=LINE('',#8069,#3729);
#3328=LINE('',#8071,#3730);
#3329=LINE('',#8072,#3731);
#3330=LINE('',#8136,#3732);
#3331=LINE('',#8139,#3733);
#3332=LINE('',#8141,#3734);
#3333=LINE('',#8143,#3735);
#3334=LINE('',#8145,#3736);
#3335=LINE('',#8146,#3737);
#3336=LINE('',#8148,#3738);
#3337=LINE('',#8150,#3739);
#3338=LINE('',#8152,#3740);
#3339=LINE('',#8156,#3741);
#3340=LINE('',#8159,#3742);
#3341=LINE('',#8160,#3743);
#3342=LINE('',#8162,#3744);
#3343=LINE('',#8167,#3745);
#3344=LINE('',#8169,#3746);
#3345=LINE('',#8171,#3747);
#3346=LINE('',#8172,#3748);
#3347=LINE('',#8174,#3749);
#3348=LINE('',#8178,#3750);
#3349=LINE('',#8180,#3751);
#3350=LINE('',#8182,#3752);
#3351=LINE('',#8184,#3753);
#3352=LINE('',#8186,#3754);
#3353=LINE('',#8188,#3755);
#3354=LINE('',#8190,#3756);
#3355=LINE('',#8192,#3757);
#3356=LINE('',#8196,#3758);
#3357=LINE('',#8200,#3759);
#3358=LINE('',#8204,#3760);
#3359=LINE('',#8208,#3761);
#3360=LINE('',#8212,#3762);
#3361=LINE('',#8214,#3763);
#3362=LINE('',#8218,#3764);
#3363=LINE('',#8220,#3765);
#3364=LINE('',#8222,#3766);
#3365=LINE('',#8226,#3767);
#3366=LINE('',#8233,#3768);
#3367=LINE('',#8238,#3769);
#3368=LINE('',#8242,#3770);
#3369=LINE('',#8245,#3771);
#3370=LINE('',#8247,#3772);
#3371=LINE('',#8249,#3773);
#3372=LINE('',#8253,#3774);
#3373=LINE('',#8257,#3775);
#3374=LINE('',#8262,#3776);
#3375=LINE('',#8266,#3777);
#3376=LINE('',#8268,#3778);
#3377=LINE('',#8270,#3779);
#3378=LINE('',#8272,#3780);
#3379=LINE('',#8274,#3781);
#3380=LINE('',#8279,#3782);
#3381=LINE('',#8281,#3783);
#3382=LINE('',#8283,#3784);
#3383=LINE('',#8285,#3785);
#3384=LINE('',#8287,#3786);
#3385=LINE('',#8291,#3787);
#3386=LINE('',#8295,#3788);
#3387=LINE('',#8299,#3789);
#3388=LINE('',#8300,#3790);
#3389=LINE('',#8302,#3791);
#3390=LINE('',#8303,#3792);
#3391=LINE('',#8305,#3793);
#3392=LINE('',#8306,#3794);
#3393=LINE('',#8308,#3795);
#3394=LINE('',#8310,#3796);
#3395=LINE('',#8312,#3797);
#3396=LINE('',#8314,#3798);
#3397=LINE('',#8316,#3799);
#3398=LINE('',#8317,#3800);
#3399=LINE('',#8319,#3801);
#3400=LINE('',#8321,#3802);
#3401=LINE('',#8323,#3803);
#3402=LINE('',#8337,#3804);
#3403=LINE('',#8348,#3805);
#3404=LINE('',#8366,#3806);
#3405=LINE('',#8370,#3807);
#3406=LINE('',#8375,#3808);
#3407=LINE('',#8376,#3809);
#3408=LINE('',#8386,#3810);
#3409=LINE('',#8387,#3811);
#3410=LINE('',#8412,#3812);
#3411=LINE('',#8413,#3813);
#3412=LINE('',#8415,#3814);
#3413=LINE('',#8419,#3815);
#3414=LINE('',#8440,#3816);
#3415=LINE('',#8441,#3817);
#3416=LINE('',#8446,#3818);
#3417=LINE('',#8447,#3819);
#3418=LINE('',#8452,#3820);
#3419=LINE('',#8453,#3821);
#3420=LINE('',#8455,#3822);
#3421=LINE('',#8459,#3823);
#3422=LINE('',#8461,#3824);
#3423=LINE('',#8465,#3825);
#3424=LINE('',#8469,#3826);
#3425=LINE('',#8470,#3827);
#3426=LINE('',#8474,#3828);
#3427=LINE('',#8478,#3829);
#3428=LINE('',#8570,#3830);
#3429=LINE('',#8571,#3831);
#3430=LINE('',#8572,#3832);
#3431=LINE('',#8578,#3833);
#3432=LINE('',#8584,#3834);
#3433=LINE('',#8816,#3835);
#3434=LINE('',#8818,#3836);
#3435=LINE('',#8820,#3837);
#3436=LINE('',#8822,#3838);
#3437=LINE('',#8827,#3839);
#3438=LINE('',#8829,#3840);
#3439=LINE('',#8831,#3841);
#3440=LINE('',#8832,#3842);
#3441=LINE('',#8836,#3843);
#3442=LINE('',#8838,#3844);
#3443=LINE('',#8840,#3845);
#3444=LINE('',#8842,#3846);
#3445=LINE('',#8846,#3847);
#3446=LINE('',#8850,#3848);
#3447=LINE('',#8854,#3849);
#3448=LINE('',#8858,#3850);
#3449=LINE('',#8860,#3851);
#3450=LINE('',#8862,#3852);
#3451=LINE('',#8864,#3853);
#3452=LINE('',#8866,#3854);
#3453=LINE('',#8874,#3855);
#3454=LINE('',#8876,#3856);
#3455=LINE('',#8892,#3857);
#3456=LINE('',#8894,#3858);
#3457=LINE('',#8895,#3859);
#3458=LINE('',#8897,#3860);
#3459=LINE('',#8899,#3861);
#3460=LINE('',#8901,#3862);
#3461=LINE('',#8902,#3863);
#3462=LINE('',#8904,#3864);
#3463=LINE('',#8906,#3865);
#3464=LINE('',#8907,#3866);
#3465=LINE('',#8909,#3867);
#3466=LINE('',#8910,#3868);
#3467=LINE('',#8912,#3869);
#3468=LINE('',#8913,#3870);
#3469=LINE('',#8915,#3871);
#3470=LINE('',#8916,#3872);
#3471=LINE('',#8918,#3873);
#3472=LINE('',#8919,#3874);
#3473=LINE('',#8921,#3875);
#3474=LINE('',#8922,#3876);
#3475=LINE('',#8924,#3877);
#3476=LINE('',#8925,#3878);
#3477=LINE('',#8927,#3879);
#3478=LINE('',#8929,#3880);
#3479=LINE('',#8931,#3881);
#3480=LINE('',#8932,#3882);
#3481=LINE('',#8934,#3883);
#3482=LINE('',#8935,#3884);
#3483=LINE('',#8937,#3885);
#3484=LINE('',#8938,#3886);
#3485=LINE('',#8940,#3887);
#3486=LINE('',#8941,#3888);
#3487=LINE('',#8965,#3889);
#3488=LINE('',#8966,#3890);
#3489=LINE('',#8968,#3891);
#3490=LINE('',#8969,#3892);
#3491=LINE('',#8971,#3893);
#3492=LINE('',#8972,#3894);
#3493=LINE('',#8973,#3895);
#3494=LINE('',#8975,#3896);
#3495=LINE('',#8977,#3897);
#3496=LINE('',#8979,#3898);
#3497=LINE('',#8980,#3899);
#3498=LINE('',#8982,#3900);
#3499=LINE('',#8983,#3901);
#3500=LINE('',#8985,#3902);
#3501=LINE('',#8986,#3903);
#3502=LINE('',#8988,#3904);
#3503=LINE('',#8989,#3905);
#3504=LINE('',#8991,#3906);
#3505=LINE('',#8992,#3907);
#3506=LINE('',#8994,#3908);
#3507=LINE('',#8996,#3909);
#3508=LINE('',#8998,#3910);
#3509=LINE('',#8999,#3911);
#3510=LINE('',#9001,#3912);
#3511=LINE('',#9003,#3913);
#3512=LINE('',#9004,#3914);
#3513=LINE('',#9006,#3915);
#3514=LINE('',#9008,#3916);
#3515=LINE('',#9010,#3917);
#3516=LINE('',#9012,#3918);
#3517=LINE('',#9014,#3919);
#3518=LINE('',#9017,#3920);
#3519=LINE('',#9018,#3921);
#3520=LINE('',#9020,#3922);
#3521=LINE('',#9023,#3923);
#3522=LINE('',#9024,#3924);
#3523=LINE('',#9026,#3925);
#3524=LINE('',#9029,#3926);
#3525=LINE('',#9030,#3927);
#3526=LINE('',#9032,#3928);
#3527=LINE('',#9035,#3929);
#3528=LINE('',#9036,#3930);
#3529=LINE('',#9038,#3931);
#3530=LINE('',#9040,#3932);
#3531=LINE('',#9042,#3933);
#3532=LINE('',#9053,#3934);
#3533=LINE('',#9055,#3935);
#3534=LINE('',#9057,#3936);
#3535=LINE('',#9059,#3937);
#3536=LINE('',#9061,#3938);
#3537=LINE('',#9063,#3939);
#3538=LINE('',#9065,#3940);
#3539=LINE('',#9072,#3941);
#3540=LINE('',#9074,#3942);
#3541=LINE('',#9076,#3943);
#3542=LINE('',#9078,#3944);
#3543=LINE('',#9080,#3945);
#3544=LINE('',#9082,#3946);
#3545=LINE('',#9084,#3947);
#3546=LINE('',#9112,#3948);
#3547=LINE('',#9114,#3949);
#3548=LINE('',#9116,#3950);
#3549=LINE('',#9117,#3951);
#3550=LINE('',#9119,#3952);
#3551=LINE('',#9120,#3953);
#3552=LINE('',#9122,#3954);
#3553=LINE('',#9124,#3955);
#3554=LINE('',#9126,#3956);
#3555=LINE('',#9127,#3957);
#3556=LINE('',#9129,#3958);
#3557=LINE('',#9130,#3959);
#3558=LINE('',#9132,#3960);
#3559=LINE('',#9134,#3961);
#3560=LINE('',#9136,#3962);
#3561=LINE('',#9137,#3963);
#3562=LINE('',#9139,#3964);
#3563=LINE('',#9140,#3965);
#3564=LINE('',#9142,#3966);
#3565=LINE('',#9143,#3967);
#3566=LINE('',#9145,#3968);
#3567=LINE('',#9147,#3969);
#3568=LINE('',#9149,#3970);
#3569=LINE('',#9161,#3971);
#3570=LINE('',#9167,#3972);
#3571=LINE('',#9171,#3973);
#3572=LINE('',#9176,#3974);
#3573=LINE('',#9177,#3975);
#3574=LINE('',#9182,#3976);
#3575=LINE('',#9183,#3977);
#3576=LINE('',#9185,#3978);
#3577=LINE('',#9189,#3979);
#3578=LINE('',#9196,#3980);
#3579=LINE('',#9197,#3981);
#3580=LINE('',#9202,#3982);
#3581=LINE('',#9203,#3983);
#3582=LINE('',#9208,#3984);
#3583=LINE('',#9209,#3985);
#3584=LINE('',#9211,#3986);
#3585=LINE('',#9215,#3987);
#3586=LINE('',#9315,#3988);
#3587=LINE('',#9317,#3989);
#3588=LINE('',#9319,#3990);
#3589=LINE('',#9322,#3991);
#3590=LINE('',#9324,#3992);
#3591=LINE('',#9326,#3993);
#3592=VECTOR('',#5860,1.);
#3593=VECTOR('',#5861,1.);
#3594=VECTOR('',#5882,1.);
#3595=VECTOR('',#5883,1.);
#3596=VECTOR('',#5884,1.);
#3597=VECTOR('',#5887,1.);
#3598=VECTOR('',#5890,1.);
#3599=VECTOR('',#5893,1.);
#3600=VECTOR('',#5896,1.);
#3601=VECTOR('',#5899,1.);
#3602=VECTOR('',#5902,1.);
#3603=VECTOR('',#5903,1.);
#3604=VECTOR('',#5904,1.);
#3605=VECTOR('',#5905,1.);
#3606=VECTOR('',#5906,1.);
#3607=VECTOR('',#5907,1.);
#3608=VECTOR('',#5908,1.);
#3609=VECTOR('',#5909,1.);
#3610=VECTOR('',#5910,1.);
#3611=VECTOR('',#5911,1.);
#3612=VECTOR('',#5912,1.);
#3613=VECTOR('',#5915,1.);
#3614=VECTOR('',#5918,1.);
#3615=VECTOR('',#5919,1.);
#3616=VECTOR('',#5920,1.);
#3617=VECTOR('',#5923,1.);
#3618=VECTOR('',#5926,1.);
#3619=VECTOR('',#5929,1.);
#3620=VECTOR('',#5932,1.);
#3621=VECTOR('',#5933,1.);
#3622=VECTOR('',#5936,1.);
#3623=VECTOR('',#5939,1.);
#3624=VECTOR('',#5942,1.);
#3625=VECTOR('',#5945,1.);
#3626=VECTOR('',#5948,1.);
#3627=VECTOR('',#5951,1.);
#3628=VECTOR('',#5954,1.);
#3629=VECTOR('',#5957,1.);
#3630=VECTOR('',#5958,1.);
#3631=VECTOR('',#5961,1.);
#3632=VECTOR('',#5964,1.);
#3633=VECTOR('',#5965,1.);
#3634=VECTOR('',#5966,1.);
#3635=VECTOR('',#5967,1.);
#3636=VECTOR('',#5970,1.);
#3637=VECTOR('',#5973,1.);
#3638=VECTOR('',#6030,1.);
#3639=VECTOR('',#6033,1.);
#3640=VECTOR('',#6036,1.);
#3641=VECTOR('',#6039,1.);
#3642=VECTOR('',#6042,1.);
#3643=VECTOR('',#6045,1.);
#3644=VECTOR('',#6046,1.);
#3645=VECTOR('',#6047,1.);
#3646=VECTOR('',#6048,1.);
#3647=VECTOR('',#6049,1.);
#3648=VECTOR('',#6050,1.);
#3649=VECTOR('',#6051,1.);
#3650=VECTOR('',#6054,1.);
#3651=VECTOR('',#6057,1.);
#3652=VECTOR('',#6064,1.);
#3653=VECTOR('',#6065,1.);
#3654=VECTOR('',#6066,1.);
#3655=VECTOR('',#6067,1.);
#3656=VECTOR('',#6068,1.);
#3657=VECTOR('',#6069,1.);
#3658=VECTOR('',#6072,1.);
#3659=VECTOR('',#6073,1.);
#3660=VECTOR('',#6074,1.);
#3661=VECTOR('',#6075,1.);
#3662=VECTOR('',#6078,1.);
#3663=VECTOR('',#6079,1.);
#3664=VECTOR('',#6082,1.);
#3665=VECTOR('',#6083,1.);
#3666=VECTOR('',#6084,1.);
#3667=VECTOR('',#6087,1.);
#3668=VECTOR('',#6088,1.);
#3669=VECTOR('',#6097,1.);
#3670=VECTOR('',#6100,1.);
#3671=VECTOR('',#6103,1.);
#3672=VECTOR('',#6108,1.);
#3673=VECTOR('',#6109,1.);
#3674=VECTOR('',#6110,1.);
#3675=VECTOR('',#6113,1.);
#3676=VECTOR('',#6116,1.);
#3677=VECTOR('',#6119,1.);
#3678=VECTOR('',#6122,1.);
#3679=VECTOR('',#6123,1.);
#3680=VECTOR('',#6126,1.);
#3681=VECTOR('',#6129,1.);
#3682=VECTOR('',#6130,1.);
#3683=VECTOR('',#6133,1.);
#3684=VECTOR('',#6136,1.);
#3685=VECTOR('',#6139,1.);
#3686=VECTOR('',#6142,1.);
#3687=VECTOR('',#6143,1.);
#3688=VECTOR('',#6146,1.);
#3689=VECTOR('',#6149,1.);
#3690=VECTOR('',#6150,1.);
#3691=VECTOR('',#6153,1.);
#3692=VECTOR('',#6156,1.);
#3693=VECTOR('',#6157,1.);
#3694=VECTOR('',#6160,1.);
#3695=VECTOR('',#6163,1.);
#3696=VECTOR('',#6166,1.);
#3697=VECTOR('',#6169,1.);
#3698=VECTOR('',#6170,1.);
#3699=VECTOR('',#6171,1.);
#3700=VECTOR('',#6174,1.);
#3701=VECTOR('',#6175,1.);
#3702=VECTOR('',#6178,1.);
#3703=VECTOR('',#6181,1.);
#3704=VECTOR('',#6184,1.);
#3705=VECTOR('',#6187,1.);
#3706=VECTOR('',#6190,1.);
#3707=VECTOR('',#6193,1.);
#3708=VECTOR('',#6194,1.);
#3709=VECTOR('',#6197,1.);
#3710=VECTOR('',#6198,1.);
#3711=VECTOR('',#6199,1.);
#3712=VECTOR('',#6200,1.);
#3713=VECTOR('',#6201,1.);
#3714=VECTOR('',#6202,1.);
#3715=VECTOR('',#6203,1.);
#3716=VECTOR('',#6204,1.);
#3717=VECTOR('',#6205,1.);
#3718=VECTOR('',#6208,1.);
#3719=VECTOR('',#6211,1.);
#3720=VECTOR('',#6212,1.);
#3721=VECTOR('',#6213,1.);
#3722=VECTOR('',#6224,1.);
#3723=VECTOR('',#6233,1.);
#3724=VECTOR('',#6234,1.);
#3725=VECTOR('',#6235,1.);
#3726=VECTOR('',#6236,1.);
#3727=VECTOR('',#6237,1.);
#3728=VECTOR('',#6240,1.);
#3729=VECTOR('',#6241,1.);
#3730=VECTOR('',#6244,1.);
#3731=VECTOR('',#6245,1.);
#3732=VECTOR('',#6268,1.);
#3733=VECTOR('',#6269,1.);
#3734=VECTOR('',#6270,1.);
#3735=VECTOR('',#6271,1.);
#3736=VECTOR('',#6274,1.);
#3737=VECTOR('',#6275,1.);
#3738=VECTOR('',#6276,1.);
#3739=VECTOR('',#6277,1.);
#3740=VECTOR('',#6278,1.);
#3741=VECTOR('',#6283,1.);
#3742=VECTOR('',#6284,1.);
#3743=VECTOR('',#6285,1.);
#3744=VECTOR('',#6288,1.);
#3745=VECTOR('',#6291,1.);
#3746=VECTOR('',#6292,1.);
#3747=VECTOR('',#6295,1.);
#3748=VECTOR('',#6296,1.);
#3749=VECTOR('',#6297,1.);
#3750=VECTOR('',#6300,1.);
#3751=VECTOR('',#6303,1.);
#3752=VECTOR('',#6304,1.);
#3753=VECTOR('',#6305,1.);
#3754=VECTOR('',#6308,1.);
#3755=VECTOR('',#6309,1.);
#3756=VECTOR('',#6310,1.);
#3757=VECTOR('',#6313,1.);
#3758=VECTOR('',#6316,1.);
#3759=VECTOR('',#6319,1.);
#3760=VECTOR('',#6322,1.);
#3761=VECTOR('',#6325,1.);
#3762=VECTOR('',#6328,1.);
#3763=VECTOR('',#6329,1.);
#3764=VECTOR('',#6332,1.);
#3765=VECTOR('',#6333,1.);
#3766=VECTOR('',#6334,1.);
#3767=VECTOR('',#6339,1.);
#3768=VECTOR('',#6348,1.);
#3769=VECTOR('',#6351,1.);
#3770=VECTOR('',#6354,1.);
#3771=VECTOR('',#6357,1.);
#3772=VECTOR('',#6358,1.);
#3773=VECTOR('',#6359,1.);
#3774=VECTOR('',#6362,1.);
#3775=VECTOR('',#6367,1.);
#3776=VECTOR('',#6370,1.);
#3777=VECTOR('',#6373,1.);
#3778=VECTOR('',#6374,1.);
#3779=VECTOR('',#6375,1.);
#3780=VECTOR('',#6376,1.);
#3781=VECTOR('',#6379,1.);
#3782=VECTOR('',#6382,1.);
#3783=VECTOR('',#6383,1.);
#3784=VECTOR('',#6384,1.);
#3785=VECTOR('',#6385,1.);
#3786=VECTOR('',#6386,1.);
#3787=VECTOR('',#6389,1.);
#3788=VECTOR('',#6392,1.);
#3789=VECTOR('',#6397,1.);
#3790=VECTOR('',#6398,1.);
#3791=VECTOR('',#6401,1.);
#3792=VECTOR('',#6402,1.);
#3793=VECTOR('',#6405,1.);
#3794=VECTOR('',#6406,1.);
#3795=VECTOR('',#6409,1.);
#3796=VECTOR('',#6412,1.);
#3797=VECTOR('',#6415,1.);
#3798=VECTOR('',#6418,1.);
#3799=VECTOR('',#6421,1.);
#3800=VECTOR('',#6422,1.);
#3801=VECTOR('',#6425,1.);
#3802=VECTOR('',#6428,1.);
#3803=VECTOR('',#6431,1.);
#3804=VECTOR('',#6442,1.);
#3805=VECTOR('',#6443,1.);
#3806=VECTOR('',#6456,1.);
#3807=VECTOR('',#6459,1.);
#3808=VECTOR('',#6464,1.);
#3809=VECTOR('',#6465,1.);
#3810=VECTOR('',#6480,1.);
#3811=VECTOR('',#6481,1.);
#3812=VECTOR('',#6498,1.);
#3813=VECTOR('',#6499,1.);
#3814=VECTOR('',#6502,1.);
#3815=VECTOR('',#6505,1.);
#3816=VECTOR('',#6536,1.);
#3817=VECTOR('',#6537,1.);
#3818=VECTOR('',#6542,1.);
#3819=VECTOR('',#6543,1.);
#3820=VECTOR('',#6548,1.);
#3821=VECTOR('',#6549,1.);
#3822=VECTOR('',#6552,1.);
#3823=VECTOR('',#6555,1.);
#3824=VECTOR('',#6558,1.);
#3825=VECTOR('',#6561,1.);
#3826=VECTOR('',#6566,1.);
#3827=VECTOR('',#6567,1.);
#3828=VECTOR('',#6574,1.);
#3829=VECTOR('',#6577,1.);
#3830=VECTOR('',#6696,1.);
#3831=VECTOR('',#6697,1.);
#3832=VECTOR('',#6698,1.);
#3833=VECTOR('',#6705,1.);
#3834=VECTOR('',#6712,1.);
#3835=VECTOR('',#6773,1.);
#3836=VECTOR('',#6774,1.);
#3837=VECTOR('',#6775,1.);
#3838=VECTOR('',#6778,1.);
#3839=VECTOR('',#6781,1.);
#3840=VECTOR('',#6782,1.);
#3841=VECTOR('',#6783,1.);
#3842=VECTOR('',#6784,1.);
#3843=VECTOR('',#6789,1.);
#3844=VECTOR('',#6790,1.);
#3845=VECTOR('',#6791,1.);
#3846=VECTOR('',#6794,1.);
#3847=VECTOR('',#6797,1.);
#3848=VECTOR('',#6800,1.);
#3849=VECTOR('',#6803,1.);
#3850=VECTOR('',#6806,1.);
#3851=VECTOR('',#6807,1.);
#3852=VECTOR('',#6808,1.);
#3853=VECTOR('',#6811,1.);
#3854=VECTOR('',#6812,1.);
#3855=VECTOR('',#6821,1.);
#3856=VECTOR('',#6822,1.);
#3857=VECTOR('',#6853,1.);
#3858=VECTOR('',#6856,1.);
#3859=VECTOR('',#6857,1.);
#3860=VECTOR('',#6860,1.);
#3861=VECTOR('',#6863,1.);
#3862=VECTOR('',#6866,1.);
#3863=VECTOR('',#6867,1.);
#3864=VECTOR('',#6870,1.);
#3865=VECTOR('',#6873,1.);
#3866=VECTOR('',#6874,1.);
#3867=VECTOR('',#6877,1.);
#3868=VECTOR('',#6878,1.);
#3869=VECTOR('',#6881,1.);
#3870=VECTOR('',#6882,1.);
#3871=VECTOR('',#6885,1.);
#3872=VECTOR('',#6886,1.);
#3873=VECTOR('',#6889,1.);
#3874=VECTOR('',#6890,1.);
#3875=VECTOR('',#6893,1.);
#3876=VECTOR('',#6894,1.);
#3877=VECTOR('',#6897,1.);
#3878=VECTOR('',#6898,1.);
#3879=VECTOR('',#6901,1.);
#3880=VECTOR('',#6904,1.);
#3881=VECTOR('',#6907,1.);
#3882=VECTOR('',#6908,1.);
#3883=VECTOR('',#6911,1.);
#3884=VECTOR('',#6912,1.);
#3885=VECTOR('',#6915,1.);
#3886=VECTOR('',#6916,1.);
#3887=VECTOR('',#6919,1.);
#3888=VECTOR('',#6920,1.);
#3889=VECTOR('',#6957,1.);
#3890=VECTOR('',#6958,1.);
#3891=VECTOR('',#6961,1.);
#3892=VECTOR('',#6962,1.);
#3893=VECTOR('',#6965,1.);
#3894=VECTOR('',#6966,1.);
#3895=VECTOR('',#6967,1.);
#3896=VECTOR('',#6968,1.);
#3897=VECTOR('',#6969,1.);
#3898=VECTOR('',#6972,1.);
#3899=VECTOR('',#6973,1.);
#3900=VECTOR('',#6976,1.);
#3901=VECTOR('',#6977,1.);
#3902=VECTOR('',#6980,1.);
#3903=VECTOR('',#6981,1.);
#3904=VECTOR('',#6984,1.);
#3905=VECTOR('',#6985,1.);
#3906=VECTOR('',#6988,1.);
#3907=VECTOR('',#6989,1.);
#3908=VECTOR('',#6992,1.);
#3909=VECTOR('',#6995,1.);
#3910=VECTOR('',#6998,1.);
#3911=VECTOR('',#6999,1.);
#3912=VECTOR('',#7000,1.);
#3913=VECTOR('',#7001,1.);
#3914=VECTOR('',#7002,1.);
#3915=VECTOR('',#7005,1.);
#3916=VECTOR('',#7006,1.);
#3917=VECTOR('',#7009,1.);
#3918=VECTOR('',#7010,1.);
#3919=VECTOR('',#7013,1.);
#3920=VECTOR('',#7014,1.);
#3921=VECTOR('',#7015,1.);
#3922=VECTOR('',#7018,1.);
#3923=VECTOR('',#7019,1.);
#3924=VECTOR('',#7020,1.);
#3925=VECTOR('',#7023,1.);
#3926=VECTOR('',#7024,1.);
#3927=VECTOR('',#7025,1.);
#3928=VECTOR('',#7028,1.);
#3929=VECTOR('',#7029,1.);
#3930=VECTOR('',#7030,1.);
#3931=VECTOR('',#7033,1.);
#3932=VECTOR('',#7034,1.);
#3933=VECTOR('',#7035,1.);
#3934=VECTOR('',#7054,1.);
#3935=VECTOR('',#7055,1.);
#3936=VECTOR('',#7058,1.);
#3937=VECTOR('',#7059,1.);
#3938=VECTOR('',#7060,1.);
#3939=VECTOR('',#7063,1.);
#3940=VECTOR('',#7064,1.);
#3941=VECTOR('',#7075,1.);
#3942=VECTOR('',#7076,1.);
#3943=VECTOR('',#7079,1.);
#3944=VECTOR('',#7080,1.);
#3945=VECTOR('',#7081,1.);
#3946=VECTOR('',#7084,1.);
#3947=VECTOR('',#7085,1.);
#3948=VECTOR('',#7126,1.);
#3949=VECTOR('',#7127,1.);
#3950=VECTOR('',#7128,1.);
#3951=VECTOR('',#7129,1.);
#3952=VECTOR('',#7132,1.);
#3953=VECTOR('',#7133,1.);
#3954=VECTOR('',#7134,1.);
#3955=VECTOR('',#7135,1.);
#3956=VECTOR('',#7138,1.);
#3957=VECTOR('',#7139,1.);
#3958=VECTOR('',#7142,1.);
#3959=VECTOR('',#7143,1.);
#3960=VECTOR('',#7146,1.);
#3961=VECTOR('',#7147,1.);
#3962=VECTOR('',#7148,1.);
#3963=VECTOR('',#7149,1.);
#3964=VECTOR('',#7152,1.);
#3965=VECTOR('',#7153,1.);
#3966=VECTOR('',#7156,1.);
#3967=VECTOR('',#7157,1.);
#3968=VECTOR('',#7160,1.);
#3969=VECTOR('',#7163,1.);
#3970=VECTOR('',#7166,1.);
#3971=VECTOR('',#7169,1.);
#3972=VECTOR('',#7180,1.);
#3973=VECTOR('',#7183,1.);
#3974=VECTOR('',#7188,1.);
#3975=VECTOR('',#7189,1.);
#3976=VECTOR('',#7194,1.);
#3977=VECTOR('',#7195,1.);
#3978=VECTOR('',#7198,1.);
#3979=VECTOR('',#7201,1.);
#3980=VECTOR('',#7210,1.);
#3981=VECTOR('',#7211,1.);
#3982=VECTOR('',#7216,1.);
#3983=VECTOR('',#7217,1.);
#3984=VECTOR('',#7222,1.);
#3985=VECTOR('',#7223,1.);
#3986=VECTOR('',#7226,1.);
#3987=VECTOR('',#7229,1.);
#3988=VECTOR('',#7428,1.);
#3989=VECTOR('',#7429,1.);
#3990=VECTOR('',#7432,1.);
#3991=VECTOR('',#7437,1.);
#3992=VECTOR('',#7438,1.);
#3993=VECTOR('',#7441,1.);
#3994=EDGE_LOOP('',(#517,#518,#519,#520,#521));
#3995=EDGE_LOOP('',(#522,#523,#524,#525,#526,#527));
#3996=EDGE_LOOP('',(#528));
#3997=EDGE_LOOP('',(#529,#530,#531,#532));
#3998=EDGE_LOOP('',(#533,#534,#535,#536,#537,#538,#539,#540,#541,#542,#543,
#544,#545,#546,#547,#548,#549,#550,#551,#552,#553,#554,#555,#556,#557,#558,
#559,#560,#561,#562,#563,#564,#565,#566,#567,#568,#569,#570,#571,#572,#573,
#574,#575,#576,#577,#578,#579,#580,#581,#582,#583,#584,#585,#586,#587,#588,
#589,#590,#591,#592,#593,#594,#595,#596,#597,#598,#599,#600));
#3999=EDGE_LOOP('',(#601));
#4000=EDGE_LOOP('',(#602));
#4001=EDGE_LOOP('',(#603,#604,#605,#606,#607,#608,#609,#610,#611,#612,#613,
#614,#615,#616,#617,#618,#619,#620,#621,#622,#623,#624));
#4002=EDGE_LOOP('',(#625));
#4003=EDGE_LOOP('',(#626));
#4004=EDGE_LOOP('',(#627));
#4005=EDGE_LOOP('',(#628));
#4006=EDGE_LOOP('',(#629));
#4007=EDGE_LOOP('',(#630));
#4008=EDGE_LOOP('',(#631));
#4009=EDGE_LOOP('',(#632,#633,#634,#635,#636,#637,#638,#639,#640,#641,#642,
#643,#644,#645,#646,#647,#648,#649,#650,#651,#652,#653));
#4010=EDGE_LOOP('',(#654));
#4011=EDGE_LOOP('',(#655,#656,#657,#658,#659,#660,#661,#662));
#4012=EDGE_LOOP('',(#663,#664,#665,#666,#667,#668));
#4013=EDGE_LOOP('',(#669,#670,#671,#672));
#4014=EDGE_LOOP('',(#673,#674,#675,#676));
#4015=EDGE_LOOP('',(#677,#678,#679,#680));
#4016=EDGE_LOOP('',(#681));
#4017=EDGE_LOOP('',(#682));
#4018=EDGE_LOOP('',(#683,#684,#685,#686,#687,#688));
#4019=EDGE_LOOP('',(#689,#690,#691,#692,#693,#694,#695,#696,#697,#698,#699,
#700,#701,#702,#703,#704,#705,#706,#707,#708,#709,#710,#711,#712,#713,#714,
#715,#716,#717,#718,#719,#720,#721,#722,#723,#724,#725,#726,#727,#728,#729,
#730,#731,#732,#733,#734,#735,#736,#737,#738,#739,#740,#741,#742,#743,#744,
#745,#746,#747,#748,#749,#750,#751,#752,#753,#754,#755,#756,#757,#758,#759,
#760,#761,#762,#763,#764,#765,#766,#767,#768,#769,#770,#771,#772,#773,#774,
#775,#776,#777,#778,#779,#780));
#4020=EDGE_LOOP('',(#781,#782,#783,#784,#785,#786,#787,#788));
#4021=EDGE_LOOP('',(#789,#790,#791,#792));
#4022=EDGE_LOOP('',(#793,#794,#795,#796));
#4023=EDGE_LOOP('',(#797));
#4024=EDGE_LOOP('',(#798));
#4025=EDGE_LOOP('',(#799));
#4026=EDGE_LOOP('',(#800));
#4027=EDGE_LOOP('',(#801));
#4028=EDGE_LOOP('',(#802,#803));
#4029=EDGE_LOOP('',(#804));
#4030=EDGE_LOOP('',(#805));
#4031=EDGE_LOOP('',(#806,#807,#808,#809));
#4032=EDGE_LOOP('',(#810,#811,#812,#813,#814,#815,#816,#817));
#4033=EDGE_LOOP('',(#818,#819,#820,#821));
#4034=EDGE_LOOP('',(#822,#823,#824,#825));
#4035=EDGE_LOOP('',(#826,#827,#828,#829,#830,#831,#832));
#4036=EDGE_LOOP('',(#833,#834,#835,#836));
#4037=EDGE_LOOP('',(#837,#838,#839,#840));
#4038=EDGE_LOOP('',(#841,#842,#843,#844,#845,#846,#847,#848,#849,#850,#851,
#852,#853,#854,#855,#856,#857));
#4039=EDGE_LOOP('',(#858,#859,#860));
#4040=EDGE_LOOP('',(#861));
#4041=EDGE_LOOP('',(#862));
#4042=EDGE_LOOP('',(#863,#864,#865,#866,#867,#868,#869,#870,#871,#872,#873,
#874,#875));
#4043=EDGE_LOOP('',(#876,#877,#878,#879,#880,#881,#882,#883));
#4044=EDGE_LOOP('',(#884,#885,#886,#887,#888,#889,#890,#891,#892,#893,#894,
#895));
#4045=EDGE_LOOP('',(#896,#897,#898,#899));
#4046=EDGE_LOOP('',(#900,#901,#902));
#4047=EDGE_LOOP('',(#903,#904,#905));
#4048=EDGE_LOOP('',(#906,#907,#908,#909));
#4049=EDGE_LOOP('',(#910,#911,#912,#913));
#4050=EDGE_LOOP('',(#914,#915,#916,#917));
#4051=EDGE_LOOP('',(#918,#919,#920,#921));
#4052=EDGE_LOOP('',(#922,#923,#924));
#4053=EDGE_LOOP('',(#925,#926,#927,#928));
#4054=EDGE_LOOP('',(#929,#930,#931,#932));
#4055=EDGE_LOOP('',(#933,#934,#935));
#4056=EDGE_LOOP('',(#936,#937,#938,#939));
#4057=EDGE_LOOP('',(#940,#941,#942,#943));
#4058=EDGE_LOOP('',(#944,#945,#946,#947));
#4059=EDGE_LOOP('',(#948,#949,#950,#951));
#4060=EDGE_LOOP('',(#952,#953,#954,#955));
#4061=EDGE_LOOP('',(#956,#957,#958,#959));
#4062=EDGE_LOOP('',(#960,#961,#962));
#4063=EDGE_LOOP('',(#963,#964,#965));
#4064=EDGE_LOOP('',(#966,#967,#968,#969));
#4065=EDGE_LOOP('',(#970,#971,#972,#973,#974,#975,#976,#977));
#4066=EDGE_LOOP('',(#978,#979,#980,#981));
#4067=EDGE_LOOP('',(#982,#983,#984,#985));
#4068=EDGE_LOOP('',(#986,#987,#988));
#4069=EDGE_LOOP('',(#989,#990,#991,#992,#993));
#4070=EDGE_LOOP('',(#994,#995,#996,#997));
#4071=EDGE_LOOP('',(#998,#999,#1000,#1001,#1002));
#4072=EDGE_LOOP('',(#1003,#1004,#1005,#1006));
#4073=EDGE_LOOP('',(#1007,#1008,#1009,#1010));
#4074=EDGE_LOOP('',(#1011,#1012,#1013,#1014));
#4075=EDGE_LOOP('',(#1015,#1016,#1017,#1018));
#4076=EDGE_LOOP('',(#1019,#1020,#1021,#1022));
#4077=EDGE_LOOP('',(#1023,#1024,#1025,#1026));
#4078=EDGE_LOOP('',(#1027,#1028,#1029));
#4079=EDGE_LOOP('',(#1030,#1031,#1032,#1033));
#4080=EDGE_LOOP('',(#1034,#1035,#1036));
#4081=EDGE_LOOP('',(#1037));
#4082=EDGE_LOOP('',(#1038));
#4083=EDGE_LOOP('',(#1039));
#4084=EDGE_LOOP('',(#1040));
#4085=EDGE_LOOP('',(#1041));
#4086=EDGE_LOOP('',(#1042));
#4087=EDGE_LOOP('',(#1043));
#4088=EDGE_LOOP('',(#1044));
#4089=EDGE_LOOP('',(#1045));
#4090=EDGE_LOOP('',(#1046));
#4091=EDGE_LOOP('',(#1047));
#4092=EDGE_LOOP('',(#1048));
#4093=EDGE_LOOP('',(#1049));
#4094=EDGE_LOOP('',(#1050));
#4095=EDGE_LOOP('',(#1051));
#4096=EDGE_LOOP('',(#1052));
#4097=EDGE_LOOP('',(#1053));
#4098=EDGE_LOOP('',(#1054));
#4099=EDGE_LOOP('',(#1055));
#4100=EDGE_LOOP('',(#1056));
#4101=EDGE_LOOP('',(#1057));
#4102=EDGE_LOOP('',(#1058));
#4103=EDGE_LOOP('',(#1059));
#4104=EDGE_LOOP('',(#1060));
#4105=EDGE_LOOP('',(#1061));
#4106=EDGE_LOOP('',(#1062));
#4107=EDGE_LOOP('',(#1063));
#4108=EDGE_LOOP('',(#1064));
#4109=EDGE_LOOP('',(#1065));
#4110=EDGE_LOOP('',(#1066));
#4111=EDGE_LOOP('',(#1067));
#4112=EDGE_LOOP('',(#1068));
#4113=EDGE_LOOP('',(#1069));
#4114=EDGE_LOOP('',(#1070));
#4115=EDGE_LOOP('',(#1071));
#4116=EDGE_LOOP('',(#1072));
#4117=EDGE_LOOP('',(#1073));
#4118=EDGE_LOOP('',(#1074));
#4119=EDGE_LOOP('',(#1075));
#4120=EDGE_LOOP('',(#1076));
#4121=EDGE_LOOP('',(#1077));
#4122=EDGE_LOOP('',(#1078));
#4123=EDGE_LOOP('',(#1079));
#4124=EDGE_LOOP('',(#1080));
#4125=EDGE_LOOP('',(#1081));
#4126=EDGE_LOOP('',(#1082));
#4127=EDGE_LOOP('',(#1083));
#4128=EDGE_LOOP('',(#1084));
#4129=EDGE_LOOP('',(#1085,#1086,#1087,#1088,#1089,#1090,#1091,#1092));
#4130=EDGE_LOOP('',(#1093));
#4131=EDGE_LOOP('',(#1094));
#4132=EDGE_LOOP('',(#1095));
#4133=EDGE_LOOP('',(#1096));
#4134=EDGE_LOOP('',(#1097));
#4135=EDGE_LOOP('',(#1098));
#4136=EDGE_LOOP('',(#1099,#1100,#1101,#1102));
#4137=EDGE_LOOP('',(#1103));
#4138=EDGE_LOOP('',(#1104));
#4139=EDGE_LOOP('',(#1105,#1106,#1107,#1108));
#4140=EDGE_LOOP('',(#1109));
#4141=EDGE_LOOP('',(#1110));
#4142=EDGE_LOOP('',(#1111));
#4143=EDGE_LOOP('',(#1112));
#4144=EDGE_LOOP('',(#1113));
#4145=EDGE_LOOP('',(#1114,#1115,#1116,#1117,#1118,#1119));
#4146=EDGE_LOOP('',(#1120,#1121,#1122,#1123,#1124));
#4147=EDGE_LOOP('',(#1125,#1126,#1127,#1128));
#4148=EDGE_LOOP('',(#1129));
#4149=EDGE_LOOP('',(#1130,#1131,#1132,#1133,#1134,#1135));
#4150=EDGE_LOOP('',(#1136));
#4151=EDGE_LOOP('',(#1137));
#4152=EDGE_LOOP('',(#1138));
#4153=EDGE_LOOP('',(#1139));
#4154=EDGE_LOOP('',(#1140));
#4155=EDGE_LOOP('',(#1141));
#4156=EDGE_LOOP('',(#1142));
#4157=EDGE_LOOP('',(#1143));
#4158=EDGE_LOOP('',(#1144));
#4159=EDGE_LOOP('',(#1145,#1146,#1147,#1148,#1149,#1150));
#4160=EDGE_LOOP('',(#1151,#1152,#1153,#1154,#1155));
#4161=EDGE_LOOP('',(#1156));
#4162=EDGE_LOOP('',(#1157));
#4163=EDGE_LOOP('',(#1158,#1159,#1160,#1161));
#4164=EDGE_LOOP('',(#1162,#1163,#1164,#1165));
#4165=EDGE_LOOP('',(#1166,#1167,#1168,#1169));
#4166=EDGE_LOOP('',(#1170,#1171,#1172,#1173));
#4167=EDGE_LOOP('',(#1174,#1175,#1176));
#4168=EDGE_LOOP('',(#1177,#1178,#1179,#1180));
#4169=EDGE_LOOP('',(#1181,#1182,#1183,#1184));
#4170=EDGE_LOOP('',(#1185,#1186,#1187));
#4171=EDGE_LOOP('',(#1188,#1189,#1190));
#4172=EDGE_LOOP('',(#1191,#1192,#1193,#1194));
#4173=EDGE_LOOP('',(#1195,#1196,#1197));
#4174=EDGE_LOOP('',(#1198,#1199,#1200,#1201));
#4175=EDGE_LOOP('',(#1202,#1203,#1204,#1205,#1206,#1207,#1208,#1209));
#4176=EDGE_LOOP('',(#1210,#1211,#1212,#1213));
#4177=EDGE_LOOP('',(#1214,#1215,#1216,#1217,#1218,#1219,#1220,#1221,#1222,
#1223,#1224,#1225));
#4178=EDGE_LOOP('',(#1226,#1227,#1228,#1229));
#4179=EDGE_LOOP('',(#1230));
#4180=EDGE_LOOP('',(#1231));
#4181=EDGE_LOOP('',(#1232,#1233,#1234,#1235,#1236));
#4182=EDGE_LOOP('',(#1237,#1238,#1239,#1240,#1241));
#4183=EDGE_LOOP('',(#1242,#1243,#1244,#1245));
#4184=EDGE_LOOP('',(#1246,#1247,#1248,#1249));
#4185=EDGE_LOOP('',(#1250,#1251,#1252,#1253));
#4186=EDGE_LOOP('',(#1254,#1255,#1256,#1257));
#4187=EDGE_LOOP('',(#1258,#1259,#1260,#1261));
#4188=EDGE_LOOP('',(#1262,#1263,#1264,#1265));
#4189=EDGE_LOOP('',(#1266,#1267,#1268,#1269));
#4190=EDGE_LOOP('',(#1270,#1271,#1272,#1273));
#4191=EDGE_LOOP('',(#1274,#1275,#1276,#1277));
#4192=EDGE_LOOP('',(#1278,#1279,#1280,#1281));
#4193=EDGE_LOOP('',(#1282,#1283,#1284,#1285));
#4194=EDGE_LOOP('',(#1286,#1287,#1288,#1289,#1290,#1291));
#4195=EDGE_LOOP('',(#1292,#1293,#1294,#1295,#1296));
#4196=EDGE_LOOP('',(#1297,#1298,#1299,#1300,#1301,#1302,#1303,#1304));
#4197=EDGE_LOOP('',(#1305,#1306,#1307,#1308));
#4198=EDGE_LOOP('',(#1309,#1310,#1311,#1312,#1313,#1314,#1315,#1316));
#4199=EDGE_LOOP('',(#1317,#1318,#1319,#1320));
#4200=EDGE_LOOP('',(#1321,#1322,#1323,#1324));
#4201=EDGE_LOOP('',(#1325,#1326,#1327,#1328));
#4202=EDGE_LOOP('',(#1329,#1330,#1331,#1332,#1333,#1334,#1335,#1336));
#4203=EDGE_LOOP('',(#1337,#1338,#1339,#1340,#1341,#1342,#1343,#1344));
#4204=EDGE_LOOP('',(#1345,#1346,#1347,#1348,#1349));
#4205=EDGE_LOOP('',(#1350,#1351,#1352,#1353));
#4206=EDGE_LOOP('',(#1354,#1355,#1356,#1357));
#4207=EDGE_LOOP('',(#1358,#1359,#1360,#1361));
#4208=EDGE_LOOP('',(#1362));
#4209=EDGE_LOOP('',(#1363));
#4210=EDGE_LOOP('',(#1364));
#4211=EDGE_LOOP('',(#1365));
#4212=EDGE_LOOP('',(#1366));
#4213=EDGE_LOOP('',(#1367));
#4214=EDGE_LOOP('',(#1368,#1369));
#4215=EDGE_LOOP('',(#1370));
#4216=EDGE_LOOP('',(#1371));
#4217=EDGE_LOOP('',(#1372));
#4218=EDGE_LOOP('',(#1373));
#4219=EDGE_LOOP('',(#1374,#1375));
#4220=EDGE_LOOP('',(#1376,#1377));
#4221=EDGE_LOOP('',(#1378));
#4222=EDGE_LOOP('',(#1379));
#4223=EDGE_LOOP('',(#1380));
#4224=EDGE_LOOP('',(#1381));
#4225=EDGE_LOOP('',(#1382));
#4226=EDGE_LOOP('',(#1383));
#4227=EDGE_LOOP('',(#1384));
#4228=EDGE_LOOP('',(#1385));
#4229=EDGE_LOOP('',(#1386,#1387,#1388,#1389));
#4230=EDGE_LOOP('',(#1390,#1391,#1392,#1393));
#4231=EDGE_LOOP('',(#1394,#1395,#1396,#1397,#1398,#1399,#1400,#1401));
#4232=EDGE_LOOP('',(#1402,#1403,#1404,#1405));
#4233=EDGE_LOOP('',(#1406,#1407,#1408,#1409));
#4234=EDGE_LOOP('',(#1410,#1411,#1412,#1413));
#4235=EDGE_LOOP('',(#1414,#1415,#1416,#1417));
#4236=EDGE_LOOP('',(#1418,#1419,#1420,#1421));
#4237=EDGE_LOOP('',(#1422,#1423,#1424,#1425));
#4238=EDGE_LOOP('',(#1426,#1427,#1428,#1429));
#4239=EDGE_LOOP('',(#1430,#1431,#1432,#1433,#1434,#1435,#1436,#1437));
#4240=EDGE_LOOP('',(#1438,#1439,#1440,#1441));
#4241=EDGE_LOOP('',(#1442,#1443,#1444,#1445));
#4242=EDGE_LOOP('',(#1446,#1447,#1448,#1449));
#4243=EDGE_LOOP('',(#1450,#1451,#1452,#1453));
#4244=EDGE_LOOP('',(#1454,#1455,#1456,#1457));
#4245=EDGE_LOOP('',(#1458,#1459,#1460,#1461));
#4246=EDGE_LOOP('',(#1462,#1463,#1464,#1465));
#4247=EDGE_LOOP('',(#1466));
#4248=EDGE_LOOP('',(#1467,#1468,#1469,#1470,#1471,#1472,#1473,#1474,#1475,
#1476,#1477,#1478,#1479,#1480));
#4249=EDGE_LOOP('',(#1481,#1482,#1483,#1484));
#4250=EDGE_LOOP('',(#1485,#1486,#1487,#1488));
#4251=EDGE_LOOP('',(#1489,#1490,#1491,#1492));
#4252=EDGE_LOOP('',(#1493));
#4253=EDGE_LOOP('',(#1494,#1495,#1496,#1497,#1498,#1499));
#4254=EDGE_LOOP('',(#1500,#1501,#1502,#1503));
#4255=EDGE_LOOP('',(#1504,#1505,#1506,#1507));
#4256=EDGE_LOOP('',(#1508,#1509,#1510,#1511));
#4257=EDGE_LOOP('',(#1512));
#4258=EDGE_LOOP('',(#1513,#1514,#1515,#1516,#1517,#1518));
#4259=EDGE_LOOP('',(#1519));
#4260=EDGE_LOOP('',(#1520));
#4261=EDGE_LOOP('',(#1521));
#4262=EDGE_LOOP('',(#1522));
#4263=EDGE_LOOP('',(#1523));
#4264=EDGE_LOOP('',(#1524));
#4265=EDGE_LOOP('',(#1525));
#4266=EDGE_LOOP('',(#1526));
#4267=EDGE_LOOP('',(#1527));
#4268=EDGE_LOOP('',(#1528));
#4269=EDGE_LOOP('',(#1529));
#4270=EDGE_LOOP('',(#1530));
#4271=EDGE_LOOP('',(#1531));
#4272=EDGE_LOOP('',(#1532));
#4273=EDGE_LOOP('',(#1533));
#4274=EDGE_LOOP('',(#1534));
#4275=EDGE_LOOP('',(#1535));
#4276=EDGE_LOOP('',(#1536));
#4277=EDGE_LOOP('',(#1537,#1538,#1539,#1540,#1541,#1542));
#4278=EDGE_LOOP('',(#1543,#1544,#1545,#1546,#1547,#1548));
#4279=EDGE_LOOP('',(#1549,#1550,#1551,#1552));
#4280=EDGE_LOOP('',(#1553,#1554,#1555,#1556));
#4281=EDGE_LOOP('',(#1557,#1558,#1559,#1560,#1561,#1562));
#4282=EDGE_LOOP('',(#1563,#1564,#1565,#1566));
#4283=EDGE_LOOP('',(#1567,#1568,#1569,#1570));
#4284=EDGE_LOOP('',(#1571,#1572,#1573,#1574));
#4285=EDGE_LOOP('',(#1575,#1576,#1577,#1578));
#4286=EDGE_LOOP('',(#1579,#1580,#1581,#1582));
#4287=EDGE_LOOP('',(#1583,#1584,#1585,#1586,#1587,#1588,#1589,#1590));
#4288=EDGE_LOOP('',(#1591,#1592,#1593,#1594));
#4289=EDGE_LOOP('',(#1595));
#4290=EDGE_LOOP('',(#1596));
#4291=EDGE_LOOP('',(#1597));
#4292=EDGE_LOOP('',(#1598));
#4293=EDGE_LOOP('',(#1599));
#4294=EDGE_LOOP('',(#1600));
#4295=EDGE_LOOP('',(#1601,#1602,#1603,#1604,#1605,#1606));
#4296=EDGE_LOOP('',(#1607,#1608,#1609,#1610));
#4297=EDGE_LOOP('',(#1611,#1612,#1613,#1614));
#4298=EDGE_LOOP('',(#1615,#1616,#1617,#1618));
#4299=EDGE_LOOP('',(#1619,#1620));
#4300=EDGE_LOOP('',(#1621,#1622,#1623,#1624,#1625,#1626,#1627,#1628));
#4301=EDGE_LOOP('',(#1629,#1630,#1631,#1632));
#4302=EDGE_LOOP('',(#1633,#1634,#1635,#1636));
#4303=EDGE_LOOP('',(#1637,#1638,#1639,#1640));
#4304=EDGE_LOOP('',(#1641,#1642,#1643,#1644));
#4305=EDGE_LOOP('',(#1645,#1646,#1647,#1648));
#4306=EDGE_LOOP('',(#1649,#1650,#1651,#1652));
#4307=EDGE_LOOP('',(#1653,#1654,#1655,#1656));
#4308=EDGE_LOOP('',(#1657,#1658,#1659,#1660));
#4309=EDGE_LOOP('',(#1661,#1662,#1663,#1664));
#4310=EDGE_LOOP('',(#1665,#1666,#1667,#1668));
#4311=EDGE_LOOP('',(#1669,#1670,#1671,#1672));
#4312=EDGE_LOOP('',(#1673,#1674,#1675,#1676));
#4313=EDGE_LOOP('',(#1677,#1678,#1679,#1680));
#4314=EDGE_LOOP('',(#1681,#1682,#1683,#1684));
#4315=EDGE_LOOP('',(#1685,#1686,#1687,#1688));
#4316=EDGE_LOOP('',(#1689,#1690,#1691,#1692));
#4317=EDGE_LOOP('',(#1693,#1694,#1695,#1696,#1697));
#4318=EDGE_LOOP('',(#1698,#1699,#1700,#1701));
#4319=EDGE_LOOP('',(#1702,#1703,#1704,#1705));
#4320=EDGE_LOOP('',(#1706,#1707,#1708,#1709));
#4321=EDGE_LOOP('',(#1710,#1711,#1712,#1713,#1714));
#4322=EDGE_LOOP('',(#1715,#1716,#1717,#1718));
#4323=EDGE_LOOP('',(#1719,#1720,#1721,#1722));
#4324=EDGE_LOOP('',(#1723,#1724,#1725,#1726));
#4325=EDGE_LOOP('',(#1727,#1728,#1729,#1730));
#4326=EDGE_LOOP('',(#1731,#1732,#1733,#1734));
#4327=EDGE_LOOP('',(#1735,#1736,#1737,#1738));
#4328=EDGE_LOOP('',(#1739,#1740,#1741,#1742));
#4329=EDGE_LOOP('',(#1743,#1744,#1745,#1746));
#4330=EDGE_LOOP('',(#1747,#1748,#1749,#1750));
#4331=EDGE_LOOP('',(#1751,#1752,#1753,#1754));
#4332=EDGE_LOOP('',(#1755,#1756,#1757,#1758));
#4333=EDGE_LOOP('',(#1759,#1760,#1761,#1762));
#4334=EDGE_LOOP('',(#1763,#1764,#1765,#1766));
#4335=EDGE_LOOP('',(#1767,#1768,#1769,#1770));
#4336=EDGE_LOOP('',(#1771,#1772,#1773,#1774));
#4337=EDGE_LOOP('',(#1775,#1776,#1777,#1778));
#4338=EDGE_LOOP('',(#1779,#1780,#1781,#1782));
#4339=EDGE_LOOP('',(#1783,#1784,#1785,#1786));
#4340=EDGE_LOOP('',(#1787,#1788,#1789,#1790));
#4341=EDGE_LOOP('',(#1791,#1792,#1793,#1794));
#4342=EDGE_LOOP('',(#1795,#1796,#1797,#1798));
#4343=EDGE_LOOP('',(#1799,#1800,#1801,#1802));
#4344=EDGE_LOOP('',(#1803,#1804,#1805,#1806));
#4345=EDGE_LOOP('',(#1807,#1808,#1809,#1810));
#4346=EDGE_LOOP('',(#1811,#1812,#1813,#1814));
#4347=EDGE_LOOP('',(#1815,#1816,#1817,#1818));
#4348=EDGE_LOOP('',(#1819,#1820,#1821,#1822));
#4349=EDGE_LOOP('',(#1823,#1824,#1825,#1826));
#4350=EDGE_LOOP('',(#1827,#1828,#1829,#1830));
#4351=EDGE_LOOP('',(#1831,#1832,#1833,#1834));
#4352=EDGE_LOOP('',(#1835,#1836,#1837,#1838));
#4353=EDGE_LOOP('',(#1839,#1840,#1841,#1842));
#4354=EDGE_LOOP('',(#1843,#1844,#1845,#1846));
#4355=EDGE_LOOP('',(#1847,#1848,#1849));
#4356=EDGE_LOOP('',(#1850,#1851,#1852));
#4357=EDGE_LOOP('',(#1853,#1854,#1855,#1856));
#4358=EDGE_LOOP('',(#1857,#1858,#1859,#1860));
#4359=EDGE_LOOP('',(#1861,#1862,#1863,#1864,#1865,#1866));
#4360=EDGE_LOOP('',(#1867,#1868,#1869,#1870));
#4361=EDGE_LOOP('',(#1871,#1872,#1873));
#4362=EDGE_LOOP('',(#1874,#1875,#1876));
#4363=EDGE_LOOP('',(#1877,#1878,#1879,#1880));
#4364=EDGE_LOOP('',(#1881,#1882,#1883,#1884));
#4365=EDGE_LOOP('',(#1885,#1886,#1887,#1888,#1889,#1890));
#4366=EDGE_LOOP('',(#1891,#1892,#1893,#1894));
#4367=EDGE_LOOP('',(#1895,#1896,#1897));
#4368=EDGE_LOOP('',(#1898,#1899,#1900));
#4369=EDGE_LOOP('',(#1901,#1902,#1903,#1904));
#4370=EDGE_LOOP('',(#1905,#1906,#1907,#1908));
#4371=EDGE_LOOP('',(#1909,#1910,#1911,#1912));
#4372=EDGE_LOOP('',(#1913,#1914,#1915,#1916));
#4373=EDGE_LOOP('',(#1917,#1918,#1919));
#4374=EDGE_LOOP('',(#1920,#1921,#1922));
#4375=EDGE_LOOP('',(#1923,#1924,#1925,#1926));
#4376=EDGE_LOOP('',(#1927,#1928,#1929,#1930));
#4377=EDGE_LOOP('',(#1931,#1932,#1933,#1934));
#4378=EDGE_LOOP('',(#1935,#1936,#1937,#1938,#1939));
#4379=EDGE_LOOP('',(#1940,#1941,#1942,#1943));
#4380=EDGE_LOOP('',(#1944,#1945,#1946,#1947));
#4381=EDGE_LOOP('',(#1948,#1949,#1950,#1951,#1952));
#4382=EDGE_LOOP('',(#1953));
#4383=EDGE_LOOP('',(#1954));
#4384=EDGE_LOOP('',(#1955));
#4385=EDGE_LOOP('',(#1956));
#4386=EDGE_LOOP('',(#1957));
#4387=EDGE_LOOP('',(#1958));
#4388=EDGE_LOOP('',(#1959));
#4389=EDGE_LOOP('',(#1960));
#4390=EDGE_LOOP('',(#1961));
#4391=EDGE_LOOP('',(#1962));
#4392=EDGE_LOOP('',(#1963));
#4393=EDGE_LOOP('',(#1964));
#4394=EDGE_LOOP('',(#1965));
#4395=EDGE_LOOP('',(#1966,#1967,#1968,#1969));
#4396=EDGE_LOOP('',(#1970));
#4397=EDGE_LOOP('',(#1971));
#4398=EDGE_LOOP('',(#1972));
#4399=EDGE_LOOP('',(#1973));
#4400=EDGE_LOOP('',(#1974));
#4401=FACE_BOUND('',#3994,.T.);
#4402=FACE_BOUND('',#3995,.T.);
#4403=FACE_BOUND('',#3996,.T.);
#4404=FACE_BOUND('',#3997,.T.);
#4405=FACE_BOUND('',#3998,.T.);
#4406=FACE_BOUND('',#3999,.T.);
#4407=FACE_BOUND('',#4000,.T.);
#4408=FACE_BOUND('',#4001,.T.);
#4409=FACE_BOUND('',#4002,.T.);
#4410=FACE_BOUND('',#4003,.T.);
#4411=FACE_BOUND('',#4004,.T.);
#4412=FACE_BOUND('',#4005,.T.);
#4413=FACE_BOUND('',#4006,.T.);
#4414=FACE_BOUND('',#4007,.T.);
#4415=FACE_BOUND('',#4008,.T.);
#4416=FACE_BOUND('',#4009,.T.);
#4417=FACE_BOUND('',#4010,.T.);
#4418=FACE_BOUND('',#4011,.T.);
#4419=FACE_BOUND('',#4012,.T.);
#4420=FACE_BOUND('',#4013,.T.);
#4421=FACE_BOUND('',#4014,.T.);
#4422=FACE_BOUND('',#4015,.T.);
#4423=FACE_BOUND('',#4016,.T.);
#4424=FACE_BOUND('',#4017,.T.);
#4425=FACE_BOUND('',#4018,.T.);
#4426=FACE_BOUND('',#4019,.T.);
#4427=FACE_BOUND('',#4020,.T.);
#4428=FACE_BOUND('',#4021,.T.);
#4429=FACE_BOUND('',#4022,.T.);
#4430=FACE_BOUND('',#4023,.T.);
#4431=FACE_BOUND('',#4024,.T.);
#4432=FACE_BOUND('',#4025,.T.);
#4433=FACE_BOUND('',#4026,.T.);
#4434=FACE_BOUND('',#4027,.T.);
#4435=FACE_BOUND('',#4028,.T.);
#4436=FACE_BOUND('',#4029,.T.);
#4437=FACE_BOUND('',#4030,.T.);
#4438=FACE_BOUND('',#4031,.T.);
#4439=FACE_BOUND('',#4032,.T.);
#4440=FACE_BOUND('',#4033,.T.);
#4441=FACE_BOUND('',#4034,.T.);
#4442=FACE_BOUND('',#4035,.T.);
#4443=FACE_BOUND('',#4036,.T.);
#4444=FACE_BOUND('',#4037,.T.);
#4445=FACE_BOUND('',#4038,.T.);
#4446=FACE_BOUND('',#4039,.T.);
#4447=FACE_BOUND('',#4040,.T.);
#4448=FACE_BOUND('',#4041,.T.);
#4449=FACE_BOUND('',#4042,.T.);
#4450=FACE_BOUND('',#4043,.T.);
#4451=FACE_BOUND('',#4044,.T.);
#4452=FACE_BOUND('',#4045,.T.);
#4453=FACE_BOUND('',#4046,.T.);
#4454=FACE_BOUND('',#4047,.T.);
#4455=FACE_BOUND('',#4048,.T.);
#4456=FACE_BOUND('',#4049,.T.);
#4457=FACE_BOUND('',#4050,.T.);
#4458=FACE_BOUND('',#4051,.T.);
#4459=FACE_BOUND('',#4052,.T.);
#4460=FACE_BOUND('',#4053,.T.);
#4461=FACE_BOUND('',#4054,.T.);
#4462=FACE_BOUND('',#4055,.T.);
#4463=FACE_BOUND('',#4056,.T.);
#4464=FACE_BOUND('',#4057,.T.);
#4465=FACE_BOUND('',#4058,.T.);
#4466=FACE_BOUND('',#4059,.T.);
#4467=FACE_BOUND('',#4060,.T.);
#4468=FACE_BOUND('',#4061,.T.);
#4469=FACE_BOUND('',#4062,.T.);
#4470=FACE_BOUND('',#4063,.T.);
#4471=FACE_BOUND('',#4064,.T.);
#4472=FACE_BOUND('',#4065,.T.);
#4473=FACE_BOUND('',#4066,.T.);
#4474=FACE_BOUND('',#4067,.T.);
#4475=FACE_BOUND('',#4068,.T.);
#4476=FACE_BOUND('',#4069,.T.);
#4477=FACE_BOUND('',#4070,.T.);
#4478=FACE_BOUND('',#4071,.T.);
#4479=FACE_BOUND('',#4072,.T.);
#4480=FACE_BOUND('',#4073,.T.);
#4481=FACE_BOUND('',#4074,.T.);
#4482=FACE_BOUND('',#4075,.T.);
#4483=FACE_BOUND('',#4076,.T.);
#4484=FACE_BOUND('',#4077,.T.);
#4485=FACE_BOUND('',#4078,.T.);
#4486=FACE_BOUND('',#4079,.T.);
#4487=FACE_BOUND('',#4080,.T.);
#4488=FACE_BOUND('',#4081,.T.);
#4489=FACE_BOUND('',#4082,.T.);
#4490=FACE_BOUND('',#4083,.T.);
#4491=FACE_BOUND('',#4084,.T.);
#4492=FACE_BOUND('',#4085,.T.);
#4493=FACE_BOUND('',#4086,.T.);
#4494=FACE_BOUND('',#4087,.T.);
#4495=FACE_BOUND('',#4088,.T.);
#4496=FACE_BOUND('',#4089,.T.);
#4497=FACE_BOUND('',#4090,.T.);
#4498=FACE_BOUND('',#4091,.T.);
#4499=FACE_BOUND('',#4092,.T.);
#4500=FACE_BOUND('',#4093,.T.);
#4501=FACE_BOUND('',#4094,.T.);
#4502=FACE_BOUND('',#4095,.T.);
#4503=FACE_BOUND('',#4096,.T.);
#4504=FACE_BOUND('',#4097,.T.);
#4505=FACE_BOUND('',#4098,.T.);
#4506=FACE_BOUND('',#4099,.T.);
#4507=FACE_BOUND('',#4100,.T.);
#4508=FACE_BOUND('',#4101,.T.);
#4509=FACE_BOUND('',#4102,.T.);
#4510=FACE_BOUND('',#4103,.T.);
#4511=FACE_BOUND('',#4104,.T.);
#4512=FACE_BOUND('',#4105,.T.);
#4513=FACE_BOUND('',#4106,.T.);
#4514=FACE_BOUND('',#4107,.T.);
#4515=FACE_BOUND('',#4108,.T.);
#4516=FACE_BOUND('',#4109,.T.);
#4517=FACE_BOUND('',#4110,.T.);
#4518=FACE_BOUND('',#4111,.T.);
#4519=FACE_BOUND('',#4112,.T.);
#4520=FACE_BOUND('',#4113,.T.);
#4521=FACE_BOUND('',#4114,.T.);
#4522=FACE_BOUND('',#4115,.T.);
#4523=FACE_BOUND('',#4116,.T.);
#4524=FACE_BOUND('',#4117,.T.);
#4525=FACE_BOUND('',#4118,.T.);
#4526=FACE_BOUND('',#4119,.T.);
#4527=FACE_BOUND('',#4120,.T.);
#4528=FACE_BOUND('',#4121,.T.);
#4529=FACE_BOUND('',#4122,.T.);
#4530=FACE_BOUND('',#4123,.T.);
#4531=FACE_BOUND('',#4124,.T.);
#4532=FACE_BOUND('',#4125,.T.);
#4533=FACE_BOUND('',#4126,.T.);
#4534=FACE_BOUND('',#4127,.T.);
#4535=FACE_BOUND('',#4128,.T.);
#4536=FACE_BOUND('',#4129,.T.);
#4537=FACE_BOUND('',#4130,.T.);
#4538=FACE_BOUND('',#4131,.T.);
#4539=FACE_BOUND('',#4132,.T.);
#4540=FACE_BOUND('',#4133,.T.);
#4541=FACE_BOUND('',#4134,.T.);
#4542=FACE_BOUND('',#4135,.T.);
#4543=FACE_BOUND('',#4136,.T.);
#4544=FACE_BOUND('',#4137,.T.);
#4545=FACE_BOUND('',#4138,.T.);
#4546=FACE_BOUND('',#4139,.T.);
#4547=FACE_BOUND('',#4140,.T.);
#4548=FACE_BOUND('',#4141,.T.);
#4549=FACE_BOUND('',#4142,.T.);
#4550=FACE_BOUND('',#4143,.T.);
#4551=FACE_BOUND('',#4144,.T.);
#4552=FACE_BOUND('',#4145,.T.);
#4553=FACE_BOUND('',#4146,.T.);
#4554=FACE_BOUND('',#4147,.T.);
#4555=FACE_BOUND('',#4148,.T.);
#4556=FACE_BOUND('',#4149,.T.);
#4557=FACE_BOUND('',#4150,.T.);
#4558=FACE_BOUND('',#4151,.T.);
#4559=FACE_BOUND('',#4152,.T.);
#4560=FACE_BOUND('',#4153,.T.);
#4561=FACE_BOUND('',#4154,.T.);
#4562=FACE_BOUND('',#4155,.T.);
#4563=FACE_BOUND('',#4156,.T.);
#4564=FACE_BOUND('',#4157,.T.);
#4565=FACE_BOUND('',#4158,.T.);
#4566=FACE_BOUND('',#4159,.T.);
#4567=FACE_BOUND('',#4160,.T.);
#4568=FACE_BOUND('',#4161,.T.);
#4569=FACE_BOUND('',#4162,.T.);
#4570=FACE_BOUND('',#4163,.T.);
#4571=FACE_BOUND('',#4164,.T.);
#4572=FACE_BOUND('',#4165,.T.);
#4573=FACE_BOUND('',#4166,.T.);
#4574=FACE_BOUND('',#4167,.T.);
#4575=FACE_BOUND('',#4168,.T.);
#4576=FACE_BOUND('',#4169,.T.);
#4577=FACE_BOUND('',#4170,.T.);
#4578=FACE_BOUND('',#4171,.T.);
#4579=FACE_BOUND('',#4172,.T.);
#4580=FACE_BOUND('',#4173,.T.);
#4581=FACE_BOUND('',#4174,.T.);
#4582=FACE_BOUND('',#4175,.T.);
#4583=FACE_BOUND('',#4176,.T.);
#4584=FACE_BOUND('',#4177,.T.);
#4585=FACE_BOUND('',#4178,.T.);
#4586=FACE_BOUND('',#4179,.T.);
#4587=FACE_BOUND('',#4180,.T.);
#4588=FACE_BOUND('',#4181,.T.);
#4589=FACE_BOUND('',#4182,.T.);
#4590=FACE_BOUND('',#4183,.T.);
#4591=FACE_BOUND('',#4184,.T.);
#4592=FACE_BOUND('',#4185,.T.);
#4593=FACE_BOUND('',#4186,.T.);
#4594=FACE_BOUND('',#4187,.T.);
#4595=FACE_BOUND('',#4188,.T.);
#4596=FACE_BOUND('',#4189,.T.);
#4597=FACE_BOUND('',#4190,.T.);
#4598=FACE_BOUND('',#4191,.T.);
#4599=FACE_BOUND('',#4192,.T.);
#4600=FACE_BOUND('',#4193,.T.);
#4601=FACE_BOUND('',#4194,.T.);
#4602=FACE_BOUND('',#4195,.T.);
#4603=FACE_BOUND('',#4196,.T.);
#4604=FACE_BOUND('',#4197,.T.);
#4605=FACE_BOUND('',#4198,.T.);
#4606=FACE_BOUND('',#4199,.T.);
#4607=FACE_BOUND('',#4200,.T.);
#4608=FACE_BOUND('',#4201,.T.);
#4609=FACE_BOUND('',#4202,.T.);
#4610=FACE_BOUND('',#4203,.T.);
#4611=FACE_BOUND('',#4204,.T.);
#4612=FACE_BOUND('',#4205,.T.);
#4613=FACE_BOUND('',#4206,.T.);
#4614=FACE_BOUND('',#4207,.T.);
#4615=FACE_BOUND('',#4208,.T.);
#4616=FACE_BOUND('',#4209,.T.);
#4617=FACE_BOUND('',#4210,.T.);
#4618=FACE_BOUND('',#4211,.T.);
#4619=FACE_BOUND('',#4212,.T.);
#4620=FACE_BOUND('',#4213,.T.);
#4621=FACE_BOUND('',#4214,.T.);
#4622=FACE_BOUND('',#4215,.T.);
#4623=FACE_BOUND('',#4216,.T.);
#4624=FACE_BOUND('',#4217,.T.);
#4625=FACE_BOUND('',#4218,.T.);
#4626=FACE_BOUND('',#4219,.T.);
#4627=FACE_BOUND('',#4220,.T.);
#4628=FACE_BOUND('',#4221,.T.);
#4629=FACE_BOUND('',#4222,.T.);
#4630=FACE_BOUND('',#4223,.T.);
#4631=FACE_BOUND('',#4224,.T.);
#4632=FACE_BOUND('',#4225,.T.);
#4633=FACE_BOUND('',#4226,.T.);
#4634=FACE_BOUND('',#4227,.T.);
#4635=FACE_BOUND('',#4228,.T.);
#4636=FACE_BOUND('',#4229,.T.);
#4637=FACE_BOUND('',#4230,.T.);
#4638=FACE_BOUND('',#4231,.T.);
#4639=FACE_BOUND('',#4232,.T.);
#4640=FACE_BOUND('',#4233,.T.);
#4641=FACE_BOUND('',#4234,.T.);
#4642=FACE_BOUND('',#4235,.T.);
#4643=FACE_BOUND('',#4236,.T.);
#4644=FACE_BOUND('',#4237,.T.);
#4645=FACE_BOUND('',#4238,.T.);
#4646=FACE_BOUND('',#4239,.T.);
#4647=FACE_BOUND('',#4240,.T.);
#4648=FACE_BOUND('',#4241,.T.);
#4649=FACE_BOUND('',#4242,.T.);
#4650=FACE_BOUND('',#4243,.T.);
#4651=FACE_BOUND('',#4244,.T.);
#4652=FACE_BOUND('',#4245,.T.);
#4653=FACE_BOUND('',#4246,.T.);
#4654=FACE_BOUND('',#4247,.T.);
#4655=FACE_BOUND('',#4248,.T.);
#4656=FACE_BOUND('',#4249,.T.);
#4657=FACE_BOUND('',#4250,.T.);
#4658=FACE_BOUND('',#4251,.T.);
#4659=FACE_BOUND('',#4252,.T.);
#4660=FACE_BOUND('',#4253,.T.);
#4661=FACE_BOUND('',#4254,.T.);
#4662=FACE_BOUND('',#4255,.T.);
#4663=FACE_BOUND('',#4256,.T.);
#4664=FACE_BOUND('',#4257,.T.);
#4665=FACE_BOUND('',#4258,.T.);
#4666=FACE_BOUND('',#4259,.T.);
#4667=FACE_BOUND('',#4260,.T.);
#4668=FACE_BOUND('',#4261,.T.);
#4669=FACE_BOUND('',#4262,.T.);
#4670=FACE_BOUND('',#4263,.T.);
#4671=FACE_BOUND('',#4264,.T.);
#4672=FACE_BOUND('',#4265,.T.);
#4673=FACE_BOUND('',#4266,.T.);
#4674=FACE_BOUND('',#4267,.T.);
#4675=FACE_BOUND('',#4268,.T.);
#4676=FACE_BOUND('',#4269,.T.);
#4677=FACE_BOUND('',#4270,.T.);
#4678=FACE_BOUND('',#4271,.T.);
#4679=FACE_BOUND('',#4272,.T.);
#4680=FACE_BOUND('',#4273,.T.);
#4681=FACE_BOUND('',#4274,.T.);
#4682=FACE_BOUND('',#4275,.T.);
#4683=FACE_BOUND('',#4276,.T.);
#4684=FACE_BOUND('',#4277,.T.);
#4685=FACE_BOUND('',#4278,.T.);
#4686=FACE_BOUND('',#4279,.T.);
#4687=FACE_BOUND('',#4280,.T.);
#4688=FACE_BOUND('',#4281,.T.);
#4689=FACE_BOUND('',#4282,.T.);
#4690=FACE_BOUND('',#4283,.T.);
#4691=FACE_BOUND('',#4284,.T.);
#4692=FACE_BOUND('',#4285,.T.);
#4693=FACE_BOUND('',#4286,.T.);
#4694=FACE_BOUND('',#4287,.T.);
#4695=FACE_BOUND('',#4288,.T.);
#4696=FACE_BOUND('',#4289,.T.);
#4697=FACE_BOUND('',#4290,.T.);
#4698=FACE_BOUND('',#4291,.T.);
#4699=FACE_BOUND('',#4292,.T.);
#4700=FACE_BOUND('',#4293,.T.);
#4701=FACE_BOUND('',#4294,.T.);
#4702=FACE_BOUND('',#4295,.T.);
#4703=FACE_BOUND('',#4296,.T.);
#4704=FACE_BOUND('',#4297,.T.);
#4705=FACE_BOUND('',#4298,.T.);
#4706=FACE_BOUND('',#4299,.T.);
#4707=FACE_BOUND('',#4300,.T.);
#4708=FACE_BOUND('',#4301,.T.);
#4709=FACE_BOUND('',#4302,.T.);
#4710=FACE_BOUND('',#4303,.T.);
#4711=FACE_BOUND('',#4304,.T.);
#4712=FACE_BOUND('',#4305,.T.);
#4713=FACE_BOUND('',#4306,.T.);
#4714=FACE_BOUND('',#4307,.T.);
#4715=FACE_BOUND('',#4308,.T.);
#4716=FACE_BOUND('',#4309,.T.);
#4717=FACE_BOUND('',#4310,.T.);
#4718=FACE_BOUND('',#4311,.T.);
#4719=FACE_BOUND('',#4312,.T.);
#4720=FACE_BOUND('',#4313,.T.);
#4721=FACE_BOUND('',#4314,.T.);
#4722=FACE_BOUND('',#4315,.T.);
#4723=FACE_BOUND('',#4316,.T.);
#4724=FACE_BOUND('',#4317,.T.);
#4725=FACE_BOUND('',#4318,.T.);
#4726=FACE_BOUND('',#4319,.T.);
#4727=FACE_BOUND('',#4320,.T.);
#4728=FACE_BOUND('',#4321,.T.);
#4729=FACE_BOUND('',#4322,.T.);
#4730=FACE_BOUND('',#4323,.T.);
#4731=FACE_BOUND('',#4324,.T.);
#4732=FACE_BOUND('',#4325,.T.);
#4733=FACE_BOUND('',#4326,.T.);
#4734=FACE_BOUND('',#4327,.T.);
#4735=FACE_BOUND('',#4328,.T.);
#4736=FACE_BOUND('',#4329,.T.);
#4737=FACE_BOUND('',#4330,.T.);
#4738=FACE_BOUND('',#4331,.T.);
#4739=FACE_BOUND('',#4332,.T.);
#4740=FACE_BOUND('',#4333,.T.);
#4741=FACE_BOUND('',#4334,.T.);
#4742=FACE_BOUND('',#4335,.T.);
#4743=FACE_BOUND('',#4336,.T.);
#4744=FACE_BOUND('',#4337,.T.);
#4745=FACE_BOUND('',#4338,.T.);
#4746=FACE_BOUND('',#4339,.T.);
#4747=FACE_BOUND('',#4340,.T.);
#4748=FACE_BOUND('',#4341,.T.);
#4749=FACE_BOUND('',#4342,.T.);
#4750=FACE_BOUND('',#4343,.T.);
#4751=FACE_BOUND('',#4344,.T.);
#4752=FACE_BOUND('',#4345,.T.);
#4753=FACE_BOUND('',#4346,.T.);
#4754=FACE_BOUND('',#4347,.T.);
#4755=FACE_BOUND('',#4348,.T.);
#4756=FACE_BOUND('',#4349,.T.);
#4757=FACE_BOUND('',#4350,.T.);
#4758=FACE_BOUND('',#4351,.T.);
#4759=FACE_BOUND('',#4352,.T.);
#4760=FACE_BOUND('',#4353,.T.);
#4761=FACE_BOUND('',#4354,.T.);
#4762=FACE_BOUND('',#4355,.T.);
#4763=FACE_BOUND('',#4356,.T.);
#4764=FACE_BOUND('',#4357,.T.);
#4765=FACE_BOUND('',#4358,.T.);
#4766=FACE_BOUND('',#4359,.T.);
#4767=FACE_BOUND('',#4360,.T.);
#4768=FACE_BOUND('',#4361,.T.);
#4769=FACE_BOUND('',#4362,.T.);
#4770=FACE_BOUND('',#4363,.T.);
#4771=FACE_BOUND('',#4364,.T.);
#4772=FACE_BOUND('',#4365,.T.);
#4773=FACE_BOUND('',#4366,.T.);
#4774=FACE_BOUND('',#4367,.T.);
#4775=FACE_BOUND('',#4368,.T.);
#4776=FACE_BOUND('',#4369,.T.);
#4777=FACE_BOUND('',#4370,.T.);
#4778=FACE_BOUND('',#4371,.T.);
#4779=FACE_BOUND('',#4372,.T.);
#4780=FACE_BOUND('',#4373,.T.);
#4781=FACE_BOUND('',#4374,.T.);
#4782=FACE_BOUND('',#4375,.T.);
#4783=FACE_BOUND('',#4376,.T.);
#4784=FACE_BOUND('',#4377,.T.);
#4785=FACE_BOUND('',#4378,.T.);
#4786=FACE_BOUND('',#4379,.T.);
#4787=FACE_BOUND('',#4380,.T.);
#4788=FACE_BOUND('',#4381,.T.);
#4789=FACE_BOUND('',#4382,.T.);
#4790=FACE_BOUND('',#4383,.T.);
#4791=FACE_BOUND('',#4384,.T.);
#4792=FACE_BOUND('',#4385,.T.);
#4793=FACE_BOUND('',#4386,.T.);
#4794=FACE_BOUND('',#4387,.T.);
#4795=FACE_BOUND('',#4388,.T.);
#4796=FACE_BOUND('',#4389,.T.);
#4797=FACE_BOUND('',#4390,.T.);
#4798=FACE_BOUND('',#4391,.T.);
#4799=FACE_BOUND('',#4392,.T.);
#4800=FACE_BOUND('',#4393,.T.);
#4801=FACE_BOUND('',#4394,.T.);
#4802=FACE_BOUND('',#4395,.T.);
#4803=FACE_BOUND('',#4396,.T.);
#4804=FACE_BOUND('',#4397,.T.);
#4805=FACE_BOUND('',#4398,.T.);
#4806=FACE_BOUND('',#4399,.T.);
#4807=FACE_BOUND('',#4400,.T.);
#4808=CYLINDRICAL_SURFACE('',#5251,0.001);
#4809=CYLINDRICAL_SURFACE('',#5381,0.025);
#4810=CYLINDRICAL_SURFACE('',#5436,0.001);
#4811=CYLINDRICAL_SURFACE('',#5441,0.004);
#4812=CYLINDRICAL_SURFACE('',#5444,0.004);
#4813=CYLINDRICAL_SURFACE('',#5452,0.004);
#4814=CYLINDRICAL_SURFACE('',#5459,0.004);
#4815=CYLINDRICAL_SURFACE('',#5461,0.004);
#4816=CYLINDRICAL_SURFACE('',#5477,0.004);
#4817=CYLINDRICAL_SURFACE('',#5478,0.004);
#4818=CYLINDRICAL_SURFACE('',#5480,0.004);
#4819=CYLINDRICAL_SURFACE('',#5482,0.004);
#4820=CYLINDRICAL_SURFACE('',#5484,0.004);
#4821=CYLINDRICAL_SURFACE('',#5486,0.004);
#4822=CYLINDRICAL_SURFACE('',#5490,0.004);
#4823=CYLINDRICAL_SURFACE('',#5494,0.003);
#4824=CYLINDRICAL_SURFACE('',#5497,0.003);
#4825=CYLINDRICAL_SURFACE('',#5500,0.003);
#4826=CYLINDRICAL_SURFACE('',#5503,0.003);
#4827=CYLINDRICAL_SURFACE('',#5506,0.003);
#4828=CYLINDRICAL_SURFACE('',#5509,0.003);
#4829=CYLINDRICAL_SURFACE('',#5512,0.003);
#4830=CYLINDRICAL_SURFACE('',#5515,0.003);
#4831=CYLINDRICAL_SURFACE('',#5520,0.0042);
#4832=CYLINDRICAL_SURFACE('',#5524,0.0042);
#4833=CYLINDRICAL_SURFACE('',#5528,0.0042);
#4834=CYLINDRICAL_SURFACE('',#5532,0.0042);
#4835=CYLINDRICAL_SURFACE('',#5536,0.0042);
#4836=CYLINDRICAL_SURFACE('',#5540,0.0042);
#4837=CYLINDRICAL_SURFACE('',#5544,0.0042);
#4838=CYLINDRICAL_SURFACE('',#5548,0.0042);
#4839=CYLINDRICAL_SURFACE('',#5557,0.02635);
#4840=CYLINDRICAL_SURFACE('',#5561,0.03235);
#4841=CYLINDRICAL_SURFACE('',#5572,0.004);
#4842=CYLINDRICAL_SURFACE('',#5574,0.004);
#4843=CYLINDRICAL_SURFACE('',#5579,0.004);
#4844=CYLINDRICAL_SURFACE('',#5602,0.008);
#4845=CYLINDRICAL_SURFACE('',#5604,0.008);
#4846=CYLINDRICAL_SURFACE('',#5606,0.008);
#4847=CYLINDRICAL_SURFACE('',#5608,0.008);
#4848=CYLINDRICAL_SURFACE('',#5610,0.008);
#4849=CYLINDRICAL_SURFACE('',#5612,0.008);
#4850=CYLINDRICAL_SURFACE('',#5614,0.008);
#4851=CYLINDRICAL_SURFACE('',#5634,0.0027);
#4852=CYLINDRICAL_SURFACE('',#5635,0.0027);
#4853=CYLINDRICAL_SURFACE('',#5636,0.020005);
#4854=CYLINDRICAL_SURFACE('',#5641,0.005);
#4855=CYLINDRICAL_SURFACE('',#5642,0.01);
#4856=CYLINDRICAL_SURFACE('',#5647,0.005);
#4857=CYLINDRICAL_SURFACE('',#5648,0.01);
#4858=CYLINDRICAL_SURFACE('',#5691,0.0021);
#4859=CYLINDRICAL_SURFACE('',#5693,0.0021);
#4860=CYLINDRICAL_SURFACE('',#5695,0.0021);
#4861=CYLINDRICAL_SURFACE('',#5697,0.0045);
#4862=CYLINDRICAL_SURFACE('',#5700,0.0045);
#4863=CYLINDRICAL_SURFACE('',#5703,0.0045);
#4864=CYLINDRICAL_SURFACE('',#5718,0.004);
#4865=CYLINDRICAL_SURFACE('',#5719,0.004);
#4866=CYLINDRICAL_SURFACE('',#5720,0.004);
#4867=CYLINDRICAL_SURFACE('',#5721,0.0085);
#4868=CYLINDRICAL_SURFACE('',#5723,0.0085);
#4869=CYLINDRICAL_SURFACE('',#5725,0.0085);
#4870=CYLINDRICAL_SURFACE('',#5727,0.0085);
#4871=CYLINDRICAL_SURFACE('',#5731,0.0085);
#4872=CYLINDRICAL_SURFACE('',#5733,0.0085);
#4873=CYLINDRICAL_SURFACE('',#5735,0.0085);
#4874=CYLINDRICAL_SURFACE('',#5737,0.0085);
#4875=CYLINDRICAL_SURFACE('',#5739,0.002);
#4876=CYLINDRICAL_SURFACE('',#5740,0.002);
#4877=CYLINDRICAL_SURFACE('',#5741,0.002);
#4878=CYLINDRICAL_SURFACE('',#5742,0.002);
#4879=CYLINDRICAL_SURFACE('',#5743,0.002);
#4880=CYLINDRICAL_SURFACE('',#5745,0.002);
#4881=CYLINDRICAL_SURFACE('',#5746,0.002);
#4882=CYLINDRICAL_SURFACE('',#5747,0.002);
#4883=CYLINDRICAL_SURFACE('',#5748,0.002);
#4884=CYLINDRICAL_SURFACE('',#5749,0.002);
#4885=CYLINDRICAL_SURFACE('',#5750,0.002);
#4886=CYLINDRICAL_SURFACE('',#5752,0.002);
#4887=CYLINDRICAL_SURFACE('',#5753,0.002);
#4888=CYLINDRICAL_SURFACE('',#5754,0.002);
#4889=CYLINDRICAL_SURFACE('',#5755,0.002);
#4890=CYLINDRICAL_SURFACE('',#5756,0.002);
#4891=CYLINDRICAL_SURFACE('',#5757,0.002);
#4892=CYLINDRICAL_SURFACE('',#5758,0.002);
#4893=CYLINDRICAL_SURFACE('',#5759,0.002);
#4894=CYLINDRICAL_SURFACE('',#5760,0.002);
#4895=CYLINDRICAL_SURFACE('',#5761,0.002);
#4896=CYLINDRICAL_SURFACE('',#5762,0.002);
#4897=CYLINDRICAL_SURFACE('',#5763,0.002);
#4898=CYLINDRICAL_SURFACE('',#5764,0.002);
#4899=CYLINDRICAL_SURFACE('',#5765,0.002);
#4900=CYLINDRICAL_SURFACE('',#5766,0.002);
#4901=CYLINDRICAL_SURFACE('',#5767,0.002);
#4902=CYLINDRICAL_SURFACE('',#5768,0.002);
#4903=CYLINDRICAL_SURFACE('',#5769,0.002);
#4904=CYLINDRICAL_SURFACE('',#5770,0.002);
#4905=CYLINDRICAL_SURFACE('',#5771,0.002);
#4906=CYLINDRICAL_SURFACE('',#5772,0.002);
#4907=CYLINDRICAL_SURFACE('',#5773,0.002);
#4908=CYLINDRICAL_SURFACE('',#5774,0.002);
#4909=CYLINDRICAL_SURFACE('',#5775,0.002);
#4910=CYLINDRICAL_SURFACE('',#5776,0.002);
#4911=CYLINDRICAL_SURFACE('',#5777,0.002);
#4912=CYLINDRICAL_SURFACE('',#5778,0.002);
#4913=CYLINDRICAL_SURFACE('',#5779,0.002);
#4914=CYLINDRICAL_SURFACE('',#5780,0.002);
#4915=CYLINDRICAL_SURFACE('',#5781,0.002);
#4916=CYLINDRICAL_SURFACE('',#5782,0.002);
#4917=CYLINDRICAL_SURFACE('',#5783,0.002);
#4918=CYLINDRICAL_SURFACE('',#5784,0.002);
#4919=CYLINDRICAL_SURFACE('',#5785,0.002);
#4920=CYLINDRICAL_SURFACE('',#5786,0.002);
#4921=CYLINDRICAL_SURFACE('',#5787,0.002);
#4922=CYLINDRICAL_SURFACE('',#5788,0.002);
#4923=CYLINDRICAL_SURFACE('',#5789,0.002);
#4924=CYLINDRICAL_SURFACE('',#5794,0.002);
#4925=CYLINDRICAL_SURFACE('',#5800,0.002);
#4926=CYLINDRICAL_SURFACE('',#5806,0.002);
#4927=CYLINDRICAL_SURFACE('',#5813,0.002);
#4928=CYLINDRICAL_SURFACE('',#5818,0.002);
#4929=CYLINDRICAL_SURFACE('',#5824,0.002);
#4930=CYLINDRICAL_SURFACE('',#5830,0.002);
#4931=CYLINDRICAL_SURFACE('',#5843,0.011557);
#4932=CYLINDRICAL_SURFACE('',#5847,0.011557);
#4933=CYLINDRICAL_SURFACE('',#5851,0.006557);
#4934=CYLINDRICAL_SURFACE('',#5852,0.006557);
#4935=CYLINDRICAL_SURFACE('',#5853,0.005);
#4936=CYLINDRICAL_SURFACE('',#5854,0.005);
#4937=CYLINDRICAL_SURFACE('',#5855,0.005);
#4938=ADVANCED_FACE('',(#4401),#4808,.F.);
#4939=ADVANCED_FACE('',(#4402),#224,.F.);
#4940=ADVANCED_FACE('',(#4403,#4404),#217,.F.);
#4941=ADVANCED_FACE('',(#4405,#4406,#4407,#4408,#4409,#4410,#4411,#4412,
#4413),#34,.T.);
#4942=ADVANCED_FACE('',(#4414,#4415,#4416,#4417),#35,.F.);
#4943=ADVANCED_FACE('',(#4418),#36,.F.);
#4944=ADVANCED_FACE('',(#4419),#37,.F.);
#4945=ADVANCED_FACE('',(#4420),#38,.F.);
#4946=ADVANCED_FACE('',(#4421),#39,.F.);
#4947=ADVANCED_FACE('',(#4422),#40,.F.);
#4948=ADVANCED_FACE('',(#4423,#4424,#4425,#4426),#41,.F.);
#4949=ADVANCED_FACE('',(#4427),#42,.T.);
#4950=ADVANCED_FACE('',(#4428),#43,.T.);
#4951=ADVANCED_FACE('',(#4429),#44,.T.);
#4952=ADVANCED_FACE('',(#4430,#4431),#45,.T.);
#4953=ADVANCED_FACE('',(#4432,#4433),#46,.T.);
#4954=ADVANCED_FACE('',(#4434,#4435),#4809,.T.);
#4955=ADVANCED_FACE('',(#4436,#4437,#4438),#47,.T.);
#4956=ADVANCED_FACE('',(#4439),#48,.F.);
#4957=ADVANCED_FACE('',(#4440),#49,.T.);
#4958=ADVANCED_FACE('',(#4441),#50,.T.);
#4959=ADVANCED_FACE('',(#4442),#51,.F.);
#4960=ADVANCED_FACE('',(#4443),#52,.T.);
#4961=ADVANCED_FACE('',(#4444),#53,.T.);
#4962=ADVANCED_FACE('',(#4445),#54,.T.);
#4963=ADVANCED_FACE('',(#4446),#55,.T.);
#4964=ADVANCED_FACE('',(#4447,#4448),#56,.F.);
#4965=ADVANCED_FACE('',(#4449),#57,.T.);
#4966=ADVANCED_FACE('',(#4450),#58,.T.);
#4967=ADVANCED_FACE('',(#4451),#59,.T.);
#4968=ADVANCED_FACE('',(#4452),#60,.T.);
#4969=ADVANCED_FACE('',(#4453),#61,.T.);
#4970=ADVANCED_FACE('',(#4454),#62,.T.);
#4971=ADVANCED_FACE('',(#4455),#63,.T.);
#4972=ADVANCED_FACE('',(#4456),#64,.F.);
#4973=ADVANCED_FACE('',(#4457),#65,.F.);
#4974=ADVANCED_FACE('',(#4458),#66,.T.);
#4975=ADVANCED_FACE('',(#4459),#67,.T.);
#4976=ADVANCED_FACE('',(#4460),#68,.F.);
#4977=ADVANCED_FACE('',(#4461),#69,.T.);
#4978=ADVANCED_FACE('',(#4462),#70,.T.);
#4979=ADVANCED_FACE('',(#4463),#71,.T.);
#4980=ADVANCED_FACE('',(#4464),#225,.F.);
#4981=ADVANCED_FACE('',(#4465),#4810,.F.);
#4982=ADVANCED_FACE('',(#4466),#226,.F.);
#4983=ADVANCED_FACE('',(#4467),#4811,.T.);
#4984=ADVANCED_FACE('',(#4468),#4812,.T.);
#4985=ADVANCED_FACE('',(#4469),#20,.T.);
#4986=ADVANCED_FACE('',(#4470),#21,.T.);
#4987=ADVANCED_FACE('',(#4471),#4813,.T.);
#4988=ADVANCED_FACE('',(#4472),#227,.T.);
#4989=ADVANCED_FACE('',(#4473),#4814,.T.);
#4990=ADVANCED_FACE('',(#4474),#4815,.T.);
#4991=ADVANCED_FACE('',(#4475),#22,.T.);
#4992=ADVANCED_FACE('',(#4476),#228,.T.);
#4993=ADVANCED_FACE('',(#4477),#229,.T.);
#4994=ADVANCED_FACE('',(#4478),#230,.T.);
#4995=ADVANCED_FACE('',(#4479),#4816,.T.);
#4996=ADVANCED_FACE('',(#4480),#4817,.T.);
#4997=ADVANCED_FACE('',(#4481),#4818,.T.);
#4998=ADVANCED_FACE('',(#4482),#4819,.F.);
#4999=ADVANCED_FACE('',(#4483),#4820,.F.);
#5000=ADVANCED_FACE('',(#4484),#4821,.T.);
#5001=ADVANCED_FACE('',(#4485),#23,.T.);
#5002=ADVANCED_FACE('',(#4486),#4822,.T.);
#5003=ADVANCED_FACE('',(#4487),#72,.T.);
#5004=ADVANCED_FACE('',(#4488,#4489),#4823,.F.);
#5005=ADVANCED_FACE('',(#4490,#4491),#4824,.F.);
#5006=ADVANCED_FACE('',(#4492,#4493),#4825,.F.);
#5007=ADVANCED_FACE('',(#4494,#4495),#4826,.F.);
#5008=ADVANCED_FACE('',(#4496,#4497),#4827,.F.);
#5009=ADVANCED_FACE('',(#4498,#4499),#4828,.F.);
#5010=ADVANCED_FACE('',(#4500,#4501),#4829,.F.);
#5011=ADVANCED_FACE('',(#4502,#4503),#4830,.F.);
#5012=ADVANCED_FACE('',(#4504,#4505),#73,.F.);
#5013=ADVANCED_FACE('',(#4506,#4507),#4831,.F.);
#5014=ADVANCED_FACE('',(#4508,#4509),#74,.F.);
#5015=ADVANCED_FACE('',(#4510,#4511),#4832,.F.);
#5016=ADVANCED_FACE('',(#4512,#4513),#75,.F.);
#5017=ADVANCED_FACE('',(#4514,#4515),#4833,.F.);
#5018=ADVANCED_FACE('',(#4516,#4517),#76,.F.);
#5019=ADVANCED_FACE('',(#4518,#4519),#4834,.F.);
#5020=ADVANCED_FACE('',(#4520,#4521),#77,.T.);
#5021=ADVANCED_FACE('',(#4522,#4523),#4835,.F.);
#5022=ADVANCED_FACE('',(#4524,#4525),#78,.T.);
#5023=ADVANCED_FACE('',(#4526,#4527),#4836,.F.);
#5024=ADVANCED_FACE('',(#4528,#4529),#79,.T.);
#5025=ADVANCED_FACE('',(#4530,#4531),#4837,.F.);
#5026=ADVANCED_FACE('',(#4532,#4533),#80,.T.);
#5027=ADVANCED_FACE('',(#4534,#4535),#4838,.F.);
#5028=ADVANCED_FACE('',(#4536),#81,.T.);
#5029=ADVANCED_FACE('',(#4537,#4538,#4539,#4540,#4541,#4542,#4543),#82,
 .T.);
#5030=ADVANCED_FACE('',(#4544,#4545,#4546,#4547,#4548,#4549,#4550),#83,
 .F.);
#5031=ADVANCED_FACE('',(#4551,#4552),#4839,.F.);
#5032=ADVANCED_FACE('',(#4553),#84,.T.);
#5033=ADVANCED_FACE('',(#4554),#4840,.T.);
#5034=ADVANCED_FACE('',(#4555,#4556,#4557,#4558,#4559,#4560),#85,.T.);
#5035=ADVANCED_FACE('',(#4561,#4562,#4563,#4564,#4565,#4566),#86,.F.);
#5036=ADVANCED_FACE('',(#4567),#87,.T.);
#5037=ADVANCED_FACE('',(#4568,#4569),#218,.F.);
#5038=ADVANCED_FACE('',(#4570),#219,.F.);
#5039=ADVANCED_FACE('',(#4571),#4841,.F.);
#5040=ADVANCED_FACE('',(#4572),#4842,.F.);
#5041=ADVANCED_FACE('',(#4573),#220,.F.);
#5042=ADVANCED_FACE('',(#4574),#24,.F.);
#5043=ADVANCED_FACE('',(#4575),#4843,.F.);
#5044=ADVANCED_FACE('',(#4576),#221,.F.);
#5045=ADVANCED_FACE('',(#4577),#25,.F.);
#5046=ADVANCED_FACE('',(#4578),#222,.T.);
#5047=ADVANCED_FACE('',(#4579),#231,.T.);
#5048=ADVANCED_FACE('',(#4580),#223,.T.);
#5049=ADVANCED_FACE('',(#4581),#88,.T.);
#5050=ADVANCED_FACE('',(#4582),#89,.T.);
#5051=ADVANCED_FACE('',(#4583),#90,.T.);
#5052=ADVANCED_FACE('',(#4584),#91,.T.);
#5053=ADVANCED_FACE('',(#4585),#92,.F.);
#5054=ADVANCED_FACE('',(#4586,#4587,#4588),#93,.F.);
#5055=ADVANCED_FACE('',(#4589),#4844,.F.);
#5056=ADVANCED_FACE('',(#4590),#4845,.F.);
#5057=ADVANCED_FACE('',(#4591),#4846,.F.);
#5058=ADVANCED_FACE('',(#4592),#4847,.F.);
#5059=ADVANCED_FACE('',(#4593),#4848,.F.);
#5060=ADVANCED_FACE('',(#4594),#4849,.F.);
#5061=ADVANCED_FACE('',(#4595),#4850,.F.);
#5062=ADVANCED_FACE('',(#4596),#94,.T.);
#5063=ADVANCED_FACE('',(#4597),#95,.T.);
#5064=ADVANCED_FACE('',(#4598),#96,.T.);
#5065=ADVANCED_FACE('',(#4599),#97,.T.);
#5066=ADVANCED_FACE('',(#4600),#98,.T.);
#5067=ADVANCED_FACE('',(#4601),#99,.F.);
#5068=ADVANCED_FACE('',(#4602),#100,.T.);
#5069=ADVANCED_FACE('',(#4603),#101,.F.);
#5070=ADVANCED_FACE('',(#4604),#102,.F.);
#5071=ADVANCED_FACE('',(#4605),#103,.F.);
#5072=ADVANCED_FACE('',(#4606),#104,.T.);
#5073=ADVANCED_FACE('',(#4607),#105,.F.);
#5074=ADVANCED_FACE('',(#4608),#106,.F.);
#5075=ADVANCED_FACE('',(#4609),#107,.F.);
#5076=ADVANCED_FACE('',(#4610),#108,.T.);
#5077=ADVANCED_FACE('',(#4611),#109,.F.);
#5078=ADVANCED_FACE('',(#4612),#110,.T.);
#5079=ADVANCED_FACE('',(#4613),#111,.F.);
#5080=ADVANCED_FACE('',(#4614),#112,.F.);
#5081=ADVANCED_FACE('',(#4615,#4616),#4851,.F.);
#5082=ADVANCED_FACE('',(#4617,#4618),#4852,.F.);
#5083=ADVANCED_FACE('',(#4619,#4620),#4853,.F.);
#5084=ADVANCED_FACE('',(#4621,#4622,#4623),#113,.F.);
#5085=ADVANCED_FACE('',(#4624,#4625),#4854,.F.);
#5086=ADVANCED_FACE('',(#4626,#4627),#4855,.T.);
#5087=ADVANCED_FACE('',(#4628,#4629),#114,.F.);
#5088=ADVANCED_FACE('',(#4630,#4631),#4856,.F.);
#5089=ADVANCED_FACE('',(#4632,#4633),#4857,.T.);
#5090=ADVANCED_FACE('',(#4634,#4635),#232,.F.);
#5091=ADVANCED_FACE('',(#4636),#115,.T.);
#5092=ADVANCED_FACE('',(#4637),#116,.T.);
#5093=ADVANCED_FACE('',(#4638),#117,.T.);
#5094=ADVANCED_FACE('',(#4639),#118,.T.);
#5095=ADVANCED_FACE('',(#4640),#119,.T.);
#5096=ADVANCED_FACE('',(#4641),#120,.T.);
#5097=ADVANCED_FACE('',(#4642),#121,.T.);
#5098=ADVANCED_FACE('',(#4643),#122,.T.);
#5099=ADVANCED_FACE('',(#4644),#123,.T.);
#5100=ADVANCED_FACE('',(#4645),#124,.T.);
#5101=ADVANCED_FACE('',(#4646),#125,.T.);
#5102=ADVANCED_FACE('',(#4647),#126,.F.);
#5103=ADVANCED_FACE('',(#4648),#127,.F.);
#5104=ADVANCED_FACE('',(#4649),#128,.F.);
#5105=ADVANCED_FACE('',(#4650),#129,.F.);
#5106=ADVANCED_FACE('',(#4651),#130,.F.);
#5107=ADVANCED_FACE('',(#4652),#131,.F.);
#5108=ADVANCED_FACE('',(#4653),#132,.F.);
#5109=ADVANCED_FACE('',(#4654,#4655),#133,.F.);
#5110=ADVANCED_FACE('',(#4656),#134,.T.);
#5111=ADVANCED_FACE('',(#4657),#135,.T.);
#5112=ADVANCED_FACE('',(#4658),#136,.T.);
#5113=ADVANCED_FACE('',(#4659,#4660),#137,.F.);
#5114=ADVANCED_FACE('',(#4661),#138,.F.);
#5115=ADVANCED_FACE('',(#4662),#139,.F.);
#5116=ADVANCED_FACE('',(#4663),#140,.F.);
#5117=ADVANCED_FACE('',(#4664,#4665),#141,.F.);
#5118=ADVANCED_FACE('',(#4666,#4667),#4858,.F.);
#5119=ADVANCED_FACE('',(#4668,#4669),#4859,.F.);
#5120=ADVANCED_FACE('',(#4670,#4671),#4860,.F.);
#5121=ADVANCED_FACE('',(#4672,#4673),#4861,.T.);
#5122=ADVANCED_FACE('',(#4674,#4675),#142,.F.);
#5123=ADVANCED_FACE('',(#4676,#4677),#4862,.T.);
#5124=ADVANCED_FACE('',(#4678,#4679),#143,.F.);
#5125=ADVANCED_FACE('',(#4680,#4681),#4863,.T.);
#5126=ADVANCED_FACE('',(#4682,#4683),#144,.F.);
#5127=ADVANCED_FACE('',(#4684),#145,.F.);
#5128=ADVANCED_FACE('',(#4685),#146,.F.);
#5129=ADVANCED_FACE('',(#4686),#147,.F.);
#5130=ADVANCED_FACE('',(#4687),#148,.F.);
#5131=ADVANCED_FACE('',(#4688),#149,.F.);
#5132=ADVANCED_FACE('',(#4689),#150,.F.);
#5133=ADVANCED_FACE('',(#4690),#151,.F.);
#5134=ADVANCED_FACE('',(#4691),#152,.T.);
#5135=ADVANCED_FACE('',(#4692),#153,.T.);
#5136=ADVANCED_FACE('',(#4693),#154,.F.);
#5137=ADVANCED_FACE('',(#4694),#155,.F.);
#5138=ADVANCED_FACE('',(#4695),#156,.T.);
#5139=ADVANCED_FACE('',(#4696,#4697),#4864,.F.);
#5140=ADVANCED_FACE('',(#4698,#4699),#4865,.F.);
#5141=ADVANCED_FACE('',(#4700,#4701),#4866,.F.);
#5142=ADVANCED_FACE('',(#4702),#4867,.F.);
#5143=ADVANCED_FACE('',(#4703),#4868,.F.);
#5144=ADVANCED_FACE('',(#4704),#4869,.F.);
#5145=ADVANCED_FACE('',(#4705),#4870,.F.);
#5146=ADVANCED_FACE('',(#4706),#157,.F.);
#5147=ADVANCED_FACE('',(#4707),#4871,.F.);
#5148=ADVANCED_FACE('',(#4708),#4872,.F.);
#5149=ADVANCED_FACE('',(#4709),#4873,.F.);
#5150=ADVANCED_FACE('',(#4710),#4874,.F.);
#5151=ADVANCED_FACE('',(#4711),#4875,.F.);
#5152=ADVANCED_FACE('',(#4712),#4876,.T.);
#5153=ADVANCED_FACE('',(#4713),#4877,.T.);
#5154=ADVANCED_FACE('',(#4714),#4878,.F.);
#5155=ADVANCED_FACE('',(#4715),#4879,.T.);
#5156=ADVANCED_FACE('',(#4716),#4880,.F.);
#5157=ADVANCED_FACE('',(#4717),#4881,.T.);
#5158=ADVANCED_FACE('',(#4718),#4882,.F.);
#5159=ADVANCED_FACE('',(#4719),#4883,.T.);
#5160=ADVANCED_FACE('',(#4720),#4884,.F.);
#5161=ADVANCED_FACE('',(#4721),#4885,.T.);
#5162=ADVANCED_FACE('',(#4722),#4886,.F.);
#5163=ADVANCED_FACE('',(#4723),#4887,.T.);
#5164=ADVANCED_FACE('',(#4724),#4888,.F.);
#5165=ADVANCED_FACE('',(#4725),#4889,.F.);
#5166=ADVANCED_FACE('',(#4726),#4890,.T.);
#5167=ADVANCED_FACE('',(#4727),#4891,.T.);
#5168=ADVANCED_FACE('',(#4728),#4892,.T.);
#5169=ADVANCED_FACE('',(#4729),#4893,.F.);
#5170=ADVANCED_FACE('',(#4730),#4894,.F.);
#5171=ADVANCED_FACE('',(#4731),#4895,.T.);
#5172=ADVANCED_FACE('',(#4732),#4896,.T.);
#5173=ADVANCED_FACE('',(#4733),#4897,.F.);
#5174=ADVANCED_FACE('',(#4734),#4898,.F.);
#5175=ADVANCED_FACE('',(#4735),#4899,.F.);
#5176=ADVANCED_FACE('',(#4736),#4900,.F.);
#5177=ADVANCED_FACE('',(#4737),#4901,.F.);
#5178=ADVANCED_FACE('',(#4738),#4902,.F.);
#5179=ADVANCED_FACE('',(#4739),#4903,.T.);
#5180=ADVANCED_FACE('',(#4740),#4904,.T.);
#5181=ADVANCED_FACE('',(#4741),#4905,.F.);
#5182=ADVANCED_FACE('',(#4742),#4906,.F.);
#5183=ADVANCED_FACE('',(#4743),#4907,.F.);
#5184=ADVANCED_FACE('',(#4744),#4908,.T.);
#5185=ADVANCED_FACE('',(#4745),#4909,.F.);
#5186=ADVANCED_FACE('',(#4746),#4910,.T.);
#5187=ADVANCED_FACE('',(#4747),#4911,.F.);
#5188=ADVANCED_FACE('',(#4748),#4912,.F.);
#5189=ADVANCED_FACE('',(#4749),#4913,.T.);
#5190=ADVANCED_FACE('',(#4750),#4914,.F.);
#5191=ADVANCED_FACE('',(#4751),#4915,.F.);
#5192=ADVANCED_FACE('',(#4752),#4916,.T.);
#5193=ADVANCED_FACE('',(#4753),#4917,.T.);
#5194=ADVANCED_FACE('',(#4754),#4918,.T.);
#5195=ADVANCED_FACE('',(#4755),#4919,.F.);
#5196=ADVANCED_FACE('',(#4756),#4920,.F.);
#5197=ADVANCED_FACE('',(#4757),#4921,.F.);
#5198=ADVANCED_FACE('',(#4758),#4922,.F.);
#5199=ADVANCED_FACE('',(#4759),#4923,.T.);
#5200=ADVANCED_FACE('',(#4760),#233,.T.);
#5201=ADVANCED_FACE('',(#4761),#4924,.T.);
#5202=ADVANCED_FACE('',(#4762),#26,.T.);
#5203=ADVANCED_FACE('',(#4763),#27,.T.);
#5204=ADVANCED_FACE('',(#4764),#4925,.T.);
#5205=ADVANCED_FACE('',(#4765),#234,.T.);
#5206=ADVANCED_FACE('',(#4766),#235,.T.);
#5207=ADVANCED_FACE('',(#4767),#4926,.T.);
#5208=ADVANCED_FACE('',(#4768),#28,.T.);
#5209=ADVANCED_FACE('',(#4769),#29,.T.);
#5210=ADVANCED_FACE('',(#4770),#236,.T.);
#5211=ADVANCED_FACE('',(#4771),#4927,.T.);
#5212=ADVANCED_FACE('',(#4772),#237,.T.);
#5213=ADVANCED_FACE('',(#4773),#4928,.T.);
#5214=ADVANCED_FACE('',(#4774),#30,.T.);
#5215=ADVANCED_FACE('',(#4775),#31,.T.);
#5216=ADVANCED_FACE('',(#4776),#4929,.T.);
#5217=ADVANCED_FACE('',(#4777),#238,.T.);
#5218=ADVANCED_FACE('',(#4778),#239,.T.);
#5219=ADVANCED_FACE('',(#4779),#4930,.T.);
#5220=ADVANCED_FACE('',(#4780),#32,.T.);
#5221=ADVANCED_FACE('',(#4781),#33,.T.);
#5222=ADVANCED_FACE('',(#4782),#240,.T.);
#5223=ADVANCED_FACE('',(#4783),#158,.F.);
#5224=ADVANCED_FACE('',(#4784),#159,.F.);
#5225=ADVANCED_FACE('',(#4785),#160,.T.);
#5226=ADVANCED_FACE('',(#4786),#161,.F.);
#5227=ADVANCED_FACE('',(#4787),#162,.F.);
#5228=ADVANCED_FACE('',(#4788),#163,.T.);
#5229=ADVANCED_FACE('',(#4789,#4790),#4931,.F.);
#5230=ADVANCED_FACE('',(#4791,#4792),#164,.T.);
#5231=ADVANCED_FACE('',(#4793,#4794),#4932,.F.);
#5232=ADVANCED_FACE('',(#4795,#4796),#165,.T.);
#5233=ADVANCED_FACE('',(#4797,#4798),#4933,.F.);
#5234=ADVANCED_FACE('',(#4799,#4800),#4934,.F.);
#5235=ADVANCED_FACE('',(#4801,#4802,#4803),#4935,.F.);
#5236=ADVANCED_FACE('',(#4804,#4805),#4936,.F.);
#5237=ADVANCED_FACE('',(#4806,#4807),#4937,.F.);
#5238=CLOSED_SHELL('',(#4938,#4939,#4940,#4941,#4942,#4943,#4944,#4945,
#4946,#4947,#4948,#4949,#4950,#4951,#4952,#4953,#4954,#4955,#4956,#4957,
#4958,#4959,#4960,#4961,#4962,#4963,#4964,#4965,#4966,#4967,#4968,#4969,
#4970,#4971,#4972,#4973,#4974,#4975,#4976,#4977,#4978,#4979,#4980,#4981,
#4982,#4983,#4984,#4985,#4986,#4987,#4988,#4989,#4990,#4991,#4992,#4993,
#4994,#4995,#4996,#4997,#4998,#4999,#5000,#5001,#5002,#5003,#5004,#5005,
#5006,#5007,#5008,#5009,#5010,#5011,#5012,#5013,#5014,#5015,#5016,#5017,
#5018,#5019,#5020,#5021,#5022,#5023,#5024,#5025,#5026,#5027,#5028,#5029,
#5030,#5031,#5032,#5033,#5034,#5035,#5036,#5037,#5038,#5039,#5040,#5041,
#5042,#5043,#5044,#5045,#5046,#5047,#5048,#5049,#5050,#5051,#5052,#5053,
#5054,#5055,#5056,#5057,#5058,#5059,#5060,#5061,#5062,#5063,#5064,#5065,
#5066,#5067,#5068,#5069,#5070,#5071,#5072,#5073,#5074,#5075,#5076,#5077,
#5078,#5079,#5080,#5081,#5082,#5083,#5084,#5085,#5086,#5087,#5088,#5089,
#5090,#5091,#5092,#5093,#5094,#5095,#5096,#5097,#5098,#5099,#5100,#5101,
#5102,#5103,#5104,#5105,#5106,#5107,#5108,#5109,#5110,#5111,#5112,#5113,
#5114,#5115,#5116,#5117,#5118,#5119,#5120,#5121,#5122,#5123,#5124,#5125,
#5126,#5127,#5128,#5129,#5130,#5131,#5132,#5133,#5134,#5135,#5136,#5137,
#5138,#5139,#5140,#5141,#5142,#5143,#5144,#5145,#5146,#5147,#5148,#5149,
#5150,#5151,#5152,#5153,#5154,#5155,#5156,#5157,#5158,#5159,#5160,#5161,
#5162,#5163,#5164,#5165,#5166,#5167,#5168,#5169,#5170,#5171,#5172,#5173,
#5174,#5175,#5176,#5177,#5178,#5179,#5180,#5181,#5182,#5183,#5184,#5185,
#5186,#5187,#5188,#5189,#5190,#5191,#5192,#5193,#5194,#5195,#5196,#5197,
#5198,#5199,#5200,#5201,#5202,#5203,#5204,#5205,#5206,#5207,#5208,#5209,
#5210,#5211,#5212,#5213,#5214,#5215,#5216,#5217,#5218,#5219,#5220,#5221,
#5222,#5223,#5224,#5225,#5226,#5227,#5228,#5229,#5230,#5231,#5232,#5233,
#5234,#5235,#5236,#5237));
#5239=STYLED_ITEM('',(#5240),#5247);
#5240=PRESENTATION_STYLE_ASSIGNMENT((#5241));
#5241=SURFACE_STYLE_USAGE(.BOTH.,#5242);
#5242=SURFACE_SIDE_STYLE('',(#5243));
#5243=SURFACE_STYLE_FILL_AREA(#5244);
#5244=FILL_AREA_STYLE('',(#5245));
#5245=FILL_AREA_STYLE_COLOUR('',#5246);
#5246=COLOUR_RGB('',0.4,0.4,0.4);
#5247=MANIFOLD_SOLID_BREP('Front L',#5238);
#5248=SHAPE_DEFINITION_REPRESENTATION(#9351,#5249);
#5249=SHAPE_REPRESENTATION('Front L',(#5250),#9346);
#5250=AXIS2_PLACEMENT_3D('',#7470,#5856,#5857);
#5251=AXIS2_PLACEMENT_3D('',#7471,#5858,#5859);
#5252=AXIS2_PLACEMENT_3D('',#7485,#5862,#5863);
#5253=AXIS2_PLACEMENT_3D('',#7487,#5864,#5865);
#5254=AXIS2_PLACEMENT_3D('',#7488,#5866,#5867);
#5255=AXIS2_PLACEMENT_3D('',#7498,#5868,#5869);
#5256=AXIS2_PLACEMENT_3D('',#7516,#5870,#5871);
#5257=AXIS2_PLACEMENT_3D('',#7526,#5872,#5873);
#5258=AXIS2_PLACEMENT_3D('',#7590,#5874,#5875);
#5259=AXIS2_PLACEMENT_3D('',#7599,#5876,#5877);
#5260=AXIS2_PLACEMENT_3D('',#7600,#5878,#5879);
#5261=AXIS2_PLACEMENT_3D('',#7601,#5880,#5881);
#5262=AXIS2_PLACEMENT_3D('',#7609,#5885,#5886);
#5263=AXIS2_PLACEMENT_3D('',#7613,#5888,#5889);
#5264=AXIS2_PLACEMENT_3D('',#7617,#5891,#5892);
#5265=AXIS2_PLACEMENT_3D('',#7621,#5894,#5895);
#5266=AXIS2_PLACEMENT_3D('',#7625,#5897,#5898);
#5267=AXIS2_PLACEMENT_3D('',#7629,#5900,#5901);
#5268=AXIS2_PLACEMENT_3D('',#7653,#5913,#5914);
#5269=AXIS2_PLACEMENT_3D('',#7657,#5916,#5917);
#5270=AXIS2_PLACEMENT_3D('',#7665,#5921,#5922);
#5271=AXIS2_PLACEMENT_3D('',#7669,#5924,#5925);
#5272=AXIS2_PLACEMENT_3D('',#7673,#5927,#5928);
#5273=AXIS2_PLACEMENT_3D('',#7677,#5930,#5931);
#5274=AXIS2_PLACEMENT_3D('',#7683,#5934,#5935);
#5275=AXIS2_PLACEMENT_3D('',#7687,#5937,#5938);
#5276=AXIS2_PLACEMENT_3D('',#7691,#5940,#5941);
#5277=AXIS2_PLACEMENT_3D('',#7695,#5943,#5944);
#5278=AXIS2_PLACEMENT_3D('',#7699,#5946,#5947);
#5279=AXIS2_PLACEMENT_3D('',#7703,#5949,#5950);
#5280=AXIS2_PLACEMENT_3D('',#7707,#5952,#5953);
#5281=AXIS2_PLACEMENT_3D('',#7711,#5955,#5956);
#5282=AXIS2_PLACEMENT_3D('',#7717,#5959,#5960);
#5283=AXIS2_PLACEMENT_3D('',#7721,#5962,#5963);
#5284=AXIS2_PLACEMENT_3D('',#7731,#5968,#5969);
#5285=AXIS2_PLACEMENT_3D('',#7735,#5971,#5972);
#5286=AXIS2_PLACEMENT_3D('',#7738,#5974,#5975);
#5287=AXIS2_PLACEMENT_3D('',#7740,#5976,#5977);
#5288=AXIS2_PLACEMENT_3D('',#7742,#5978,#5979);
#5289=AXIS2_PLACEMENT_3D('',#7744,#5980,#5981);
#5290=AXIS2_PLACEMENT_3D('',#7746,#5982,#5983);
#5291=AXIS2_PLACEMENT_3D('',#7748,#5984,#5985);
#5292=AXIS2_PLACEMENT_3D('',#7750,#5986,#5987);
#5293=AXIS2_PLACEMENT_3D('',#7752,#5988,#5989);
#5294=AXIS2_PLACEMENT_3D('',#7754,#5990,#5991);
#5295=AXIS2_PLACEMENT_3D('',#7756,#5992,#5993);
#5296=AXIS2_PLACEMENT_3D('',#7758,#5994,#5995);
#5297=AXIS2_PLACEMENT_3D('',#7759,#5996,#5997);
#5298=AXIS2_PLACEMENT_3D('',#7761,#5998,#5999);
#5299=AXIS2_PLACEMENT_3D('',#7763,#6000,#6001);
#5300=AXIS2_PLACEMENT_3D('',#7765,#6002,#6003);
#5301=AXIS2_PLACEMENT_3D('',#7767,#6004,#6005);
#5302=AXIS2_PLACEMENT_3D('',#7769,#6006,#6007);
#5303=AXIS2_PLACEMENT_3D('',#7771,#6008,#6009);
#5304=AXIS2_PLACEMENT_3D('',#7773,#6010,#6011);
#5305=AXIS2_PLACEMENT_3D('',#7775,#6012,#6013);
#5306=AXIS2_PLACEMENT_3D('',#7776,#6014,#6015);
#5307=AXIS2_PLACEMENT_3D('',#7778,#6016,#6017);
#5308=AXIS2_PLACEMENT_3D('',#7780,#6018,#6019);
#5309=AXIS2_PLACEMENT_3D('',#7782,#6020,#6021);
#5310=AXIS2_PLACEMENT_3D('',#7784,#6022,#6023);
#5311=AXIS2_PLACEMENT_3D('',#7786,#6024,#6025);
#5312=AXIS2_PLACEMENT_3D('',#7787,#6026,#6027);
#5313=AXIS2_PLACEMENT_3D('',#7789,#6028,#6029);
#5314=AXIS2_PLACEMENT_3D('',#7794,#6031,#6032);
#5315=AXIS2_PLACEMENT_3D('',#7798,#6034,#6035);
#5316=AXIS2_PLACEMENT_3D('',#7802,#6037,#6038);
#5317=AXIS2_PLACEMENT_3D('',#7806,#6040,#6041);
#5318=AXIS2_PLACEMENT_3D('',#7810,#6043,#6044);
#5319=AXIS2_PLACEMENT_3D('',#7826,#6052,#6053);
#5320=AXIS2_PLACEMENT_3D('',#7830,#6055,#6056);
#5321=AXIS2_PLACEMENT_3D('',#7834,#6058,#6059);
#5322=AXIS2_PLACEMENT_3D('',#7835,#6060,#6061);
#5323=AXIS2_PLACEMENT_3D('',#7837,#6062,#6063);
#5324=AXIS2_PLACEMENT_3D('',#7848,#6070,#6071);
#5325=AXIS2_PLACEMENT_3D('',#7855,#6076,#6077);
#5326=AXIS2_PLACEMENT_3D('',#7858,#6080,#6081);
#5327=AXIS2_PLACEMENT_3D('',#7864,#6085,#6086);
#5328=AXIS2_PLACEMENT_3D('',#7867,#6089,#6090);
#5329=AXIS2_PLACEMENT_3D('',#7868,#6091,#6092);
#5330=AXIS2_PLACEMENT_3D('',#7870,#6093,#6094);
#5331=AXIS2_PLACEMENT_3D('',#7872,#6095,#6096);
#5332=AXIS2_PLACEMENT_3D('',#7877,#6098,#6099);
#5333=AXIS2_PLACEMENT_3D('',#7881,#6101,#6102);
#5334=AXIS2_PLACEMENT_3D('',#7884,#6104,#6105);
#5335=AXIS2_PLACEMENT_3D('',#7887,#6106,#6107);
#5336=AXIS2_PLACEMENT_3D('',#7894,#6111,#6112);
#5337=AXIS2_PLACEMENT_3D('',#7898,#6114,#6115);
#5338=AXIS2_PLACEMENT_3D('',#7901,#6117,#6118);
#5339=AXIS2_PLACEMENT_3D('',#7905,#6120,#6121);
#5340=AXIS2_PLACEMENT_3D('',#7911,#6124,#6125);
#5341=AXIS2_PLACEMENT_3D('',#7915,#6127,#6128);
#5342=AXIS2_PLACEMENT_3D('',#7921,#6131,#6132);
#5343=AXIS2_PLACEMENT_3D('',#7925,#6134,#6135);
#5344=AXIS2_PLACEMENT_3D('',#7929,#6137,#6138);
#5345=AXIS2_PLACEMENT_3D('',#7933,#6140,#6141);
#5346=AXIS2_PLACEMENT_3D('',#7939,#6144,#6145);
#5347=AXIS2_PLACEMENT_3D('',#7943,#6147,#6148);
#5348=AXIS2_PLACEMENT_3D('',#7949,#6151,#6152);
#5349=AXIS2_PLACEMENT_3D('',#7953,#6154,#6155);
#5350=AXIS2_PLACEMENT_3D('',#7959,#6158,#6159);
#5351=AXIS2_PLACEMENT_3D('',#7963,#6161,#6162);
#5352=AXIS2_PLACEMENT_3D('',#7967,#6164,#6165);
#5353=AXIS2_PLACEMENT_3D('',#7971,#6167,#6168);
#5354=AXIS2_PLACEMENT_3D('',#7979,#6172,#6173);
#5355=AXIS2_PLACEMENT_3D('',#7985,#6176,#6177);
#5356=AXIS2_PLACEMENT_3D('',#7989,#6179,#6180);
#5357=AXIS2_PLACEMENT_3D('',#7993,#6182,#6183);
#5358=AXIS2_PLACEMENT_3D('',#7997,#6185,#6186);
#5359=AXIS2_PLACEMENT_3D('',#8001,#6188,#6189);
#5360=AXIS2_PLACEMENT_3D('',#8005,#6191,#6192);
#5361=AXIS2_PLACEMENT_3D('',#8011,#6195,#6196);
#5362=AXIS2_PLACEMENT_3D('',#8031,#6206,#6207);
#5363=AXIS2_PLACEMENT_3D('',#8035,#6209,#6210);
#5364=AXIS2_PLACEMENT_3D('',#8042,#6214,#6215);
#5365=AXIS2_PLACEMENT_3D('',#8044,#6216,#6217);
#5366=AXIS2_PLACEMENT_3D('',#8046,#6218,#6219);
#5367=AXIS2_PLACEMENT_3D('',#8048,#6220,#6221);
#5368=AXIS2_PLACEMENT_3D('',#8050,#6222,#6223);
#5369=AXIS2_PLACEMENT_3D('',#8054,#6225,#6226);
#5370=AXIS2_PLACEMENT_3D('',#8056,#6227,#6228);
#5371=AXIS2_PLACEMENT_3D('',#8058,#6229,#6230);
#5372=AXIS2_PLACEMENT_3D('',#8059,#6231,#6232);
#5373=AXIS2_PLACEMENT_3D('',#8067,#6238,#6239);
#5374=AXIS2_PLACEMENT_3D('',#8070,#6242,#6243);
#5375=AXIS2_PLACEMENT_3D('',#8073,#6246,#6247);
#5376=AXIS2_PLACEMENT_3D('',#8074,#6248,#6249);
#5377=AXIS2_PLACEMENT_3D('',#8076,#6250,#6251);
#5378=AXIS2_PLACEMENT_3D('',#8078,#6252,#6253);
#5379=AXIS2_PLACEMENT_3D('',#8079,#6254,#6255);
#5380=AXIS2_PLACEMENT_3D('',#8081,#6256,#6257);
#5381=AXIS2_PLACEMENT_3D('',#8083,#6258,#6259);
#5382=AXIS2_PLACEMENT_3D('',#8084,#6260,#6261);
#5383=AXIS2_PLACEMENT_3D('',#8131,#6262,#6263);
#5384=AXIS2_PLACEMENT_3D('',#8132,#6264,#6265);
#5385=AXIS2_PLACEMENT_3D('',#8134,#6266,#6267);
#5386=AXIS2_PLACEMENT_3D('',#8144,#6272,#6273);
#5387=AXIS2_PLACEMENT_3D('',#8154,#6279,#6280);
#5388=AXIS2_PLACEMENT_3D('',#8155,#6281,#6282);
#5389=AXIS2_PLACEMENT_3D('',#8161,#6286,#6287);
#5390=AXIS2_PLACEMENT_3D('',#8165,#6289,#6290);
#5391=AXIS2_PLACEMENT_3D('',#8170,#6293,#6294);
#5392=AXIS2_PLACEMENT_3D('',#8176,#6298,#6299);
#5393=AXIS2_PLACEMENT_3D('',#8179,#6301,#6302);
#5394=AXIS2_PLACEMENT_3D('',#8185,#6306,#6307);
#5395=AXIS2_PLACEMENT_3D('',#8191,#6311,#6312);
#5396=AXIS2_PLACEMENT_3D('',#8194,#6314,#6315);
#5397=AXIS2_PLACEMENT_3D('',#8198,#6317,#6318);
#5398=AXIS2_PLACEMENT_3D('',#8202,#6320,#6321);
#5399=AXIS2_PLACEMENT_3D('',#8206,#6323,#6324);
#5400=AXIS2_PLACEMENT_3D('',#8210,#6326,#6327);
#5401=AXIS2_PLACEMENT_3D('',#8216,#6330,#6331);
#5402=AXIS2_PLACEMENT_3D('',#8223,#6335,#6336);
#5403=AXIS2_PLACEMENT_3D('',#8224,#6337,#6338);
#5404=AXIS2_PLACEMENT_3D('',#8227,#6340,#6341);
#5405=AXIS2_PLACEMENT_3D('',#8228,#6342,#6343);
#5406=AXIS2_PLACEMENT_3D('',#8230,#6344,#6345);
#5407=AXIS2_PLACEMENT_3D('',#8232,#6346,#6347);
#5408=AXIS2_PLACEMENT_3D('',#8236,#6349,#6350);
#5409=AXIS2_PLACEMENT_3D('',#8240,#6352,#6353);
#5410=AXIS2_PLACEMENT_3D('',#8244,#6355,#6356);
#5411=AXIS2_PLACEMENT_3D('',#8251,#6360,#6361);
#5412=AXIS2_PLACEMENT_3D('',#8255,#6363,#6364);
#5413=AXIS2_PLACEMENT_3D('',#8256,#6365,#6366);
#5414=AXIS2_PLACEMENT_3D('',#8260,#6368,#6369);
#5415=AXIS2_PLACEMENT_3D('',#8264,#6371,#6372);
#5416=AXIS2_PLACEMENT_3D('',#8273,#6377,#6378);
#5417=AXIS2_PLACEMENT_3D('',#8277,#6380,#6381);
#5418=AXIS2_PLACEMENT_3D('',#8289,#6387,#6388);
#5419=AXIS2_PLACEMENT_3D('',#8293,#6390,#6391);
#5420=AXIS2_PLACEMENT_3D('',#8297,#6393,#6394);
#5421=AXIS2_PLACEMENT_3D('',#8298,#6395,#6396);
#5422=AXIS2_PLACEMENT_3D('',#8301,#6399,#6400);
#5423=AXIS2_PLACEMENT_3D('',#8304,#6403,#6404);
#5424=AXIS2_PLACEMENT_3D('',#8307,#6407,#6408);
#5425=AXIS2_PLACEMENT_3D('',#8309,#6410,#6411);
#5426=AXIS2_PLACEMENT_3D('',#8311,#6413,#6414);
#5427=AXIS2_PLACEMENT_3D('',#8313,#6416,#6417);
#5428=AXIS2_PLACEMENT_3D('',#8315,#6419,#6420);
#5429=AXIS2_PLACEMENT_3D('',#8318,#6423,#6424);
#5430=AXIS2_PLACEMENT_3D('',#8320,#6426,#6427);
#5431=AXIS2_PLACEMENT_3D('',#8322,#6429,#6430);
#5432=AXIS2_PLACEMENT_3D('',#8324,#6432,#6433);
#5433=AXIS2_PLACEMENT_3D('',#8325,#6434,#6435);
#5434=AXIS2_PLACEMENT_3D('',#8326,#6436,#6437);
#5435=AXIS2_PLACEMENT_3D('',#8335,#6438,#6439);
#5436=AXIS2_PLACEMENT_3D('',#8336,#6440,#6441);
#5437=AXIS2_PLACEMENT_3D('',#8350,#6444,#6445);
#5438=AXIS2_PLACEMENT_3D('',#8351,#6446,#6447);
#5439=AXIS2_PLACEMENT_3D('',#8352,#6448,#6449);
#5440=AXIS2_PLACEMENT_3D('',#8361,#6450,#6451);
#5441=AXIS2_PLACEMENT_3D('',#8362,#6452,#6453);
#5442=AXIS2_PLACEMENT_3D('',#8363,#6454,#6455);
#5443=AXIS2_PLACEMENT_3D('',#8368,#6457,#6458);
#5444=AXIS2_PLACEMENT_3D('',#8371,#6460,#6461);
#5445=AXIS2_PLACEMENT_3D('',#8372,#6462,#6463);
#5446=AXIS2_PLACEMENT_3D('',#8377,#6466,#6467);
#5447=AXIS2_PLACEMENT_3D('',#8378,#6468,#6469);
#5448=AXIS2_PLACEMENT_3D('',#8380,#6470,#6471);
#5449=AXIS2_PLACEMENT_3D('',#8381,#6472,#6473);
#5450=AXIS2_PLACEMENT_3D('',#8382,#6474,#6475);
#5451=AXIS2_PLACEMENT_3D('',#8384,#6476,#6477);
#5452=AXIS2_PLACEMENT_3D('',#8385,#6478,#6479);
#5453=AXIS2_PLACEMENT_3D('',#8388,#6482,#6483);
#5454=AXIS2_PLACEMENT_3D('',#8395,#6484,#6485);
#5455=AXIS2_PLACEMENT_3D('',#8402,#6486,#6487);
#5456=AXIS2_PLACEMENT_3D('',#8404,#6488,#6489);
#5457=AXIS2_PLACEMENT_3D('',#8406,#6490,#6491);
#5458=AXIS2_PLACEMENT_3D('',#8407,#6492,#6493);
#5459=AXIS2_PLACEMENT_3D('',#8408,#6494,#6495);
#5460=AXIS2_PLACEMENT_3D('',#8409,#6496,#6497);
#5461=AXIS2_PLACEMENT_3D('',#8414,#6500,#6501);
#5462=AXIS2_PLACEMENT_3D('',#8417,#6503,#6504);
#5463=AXIS2_PLACEMENT_3D('',#8420,#6506,#6507);
#5464=AXIS2_PLACEMENT_3D('',#8421,#6508,#6509);
#5465=AXIS2_PLACEMENT_3D('',#8423,#6510,#6511);
#5466=AXIS2_PLACEMENT_3D('',#8424,#6512,#6513);
#5467=AXIS2_PLACEMENT_3D('',#8425,#6514,#6515);
#5468=AXIS2_PLACEMENT_3D('',#8428,#6516,#6517);
#5469=AXIS2_PLACEMENT_3D('',#8430,#6518,#6519);
#5470=AXIS2_PLACEMENT_3D('',#8431,#6520,#6521);
#5471=AXIS2_PLACEMENT_3D('',#8432,#6522,#6523);
#5472=AXIS2_PLACEMENT_3D('',#8433,#6524,#6525);
#5473=AXIS2_PLACEMENT_3D('',#8435,#6526,#6527);
#5474=AXIS2_PLACEMENT_3D('',#8436,#6528,#6529);
#5475=AXIS2_PLACEMENT_3D('',#8437,#6530,#6531);
#5476=AXIS2_PLACEMENT_3D('',#8438,#6532,#6533);
#5477=AXIS2_PLACEMENT_3D('',#8439,#6534,#6535);
#5478=AXIS2_PLACEMENT_3D('',#8442,#6538,#6539);
#5479=AXIS2_PLACEMENT_3D('',#8443,#6540,#6541);
#5480=AXIS2_PLACEMENT_3D('',#8448,#6544,#6545);
#5481=AXIS2_PLACEMENT_3D('',#8449,#6546,#6547);
#5482=AXIS2_PLACEMENT_3D('',#8454,#6550,#6551);
#5483=AXIS2_PLACEMENT_3D('',#8457,#6553,#6554);
#5484=AXIS2_PLACEMENT_3D('',#8460,#6556,#6557);
#5485=AXIS2_PLACEMENT_3D('',#8463,#6559,#6560);
#5486=AXIS2_PLACEMENT_3D('',#8466,#6562,#6563);
#5487=AXIS2_PLACEMENT_3D('',#8467,#6564,#6565);
#5488=AXIS2_PLACEMENT_3D('',#8471,#6568,#6569);
#5489=AXIS2_PLACEMENT_3D('',#8472,#6570,#6571);
#5490=AXIS2_PLACEMENT_3D('',#8473,#6572,#6573);
#5491=AXIS2_PLACEMENT_3D('',#8476,#6575,#6576);
#5492=AXIS2_PLACEMENT_3D('',#8479,#6578,#6579);
#5493=AXIS2_PLACEMENT_3D('',#8480,#6580,#6581);
#5494=AXIS2_PLACEMENT_3D('',#8481,#6582,#6583);
#5495=AXIS2_PLACEMENT_3D('',#8482,#6584,#6585);
#5496=AXIS2_PLACEMENT_3D('',#8484,#6586,#6587);
#5497=AXIS2_PLACEMENT_3D('',#8486,#6588,#6589);
#5498=AXIS2_PLACEMENT_3D('',#8487,#6590,#6591);
#5499=AXIS2_PLACEMENT_3D('',#8489,#6592,#6593);
#5500=AXIS2_PLACEMENT_3D('',#8491,#6594,#6595);
#5501=AXIS2_PLACEMENT_3D('',#8492,#6596,#6597);
#5502=AXIS2_PLACEMENT_3D('',#8494,#6598,#6599);
#5503=AXIS2_PLACEMENT_3D('',#8496,#6600,#6601);
#5504=AXIS2_PLACEMENT_3D('',#8497,#6602,#6603);
#5505=AXIS2_PLACEMENT_3D('',#8499,#6604,#6605);
#5506=AXIS2_PLACEMENT_3D('',#8501,#6606,#6607);
#5507=AXIS2_PLACEMENT_3D('',#8502,#6608,#6609);
#5508=AXIS2_PLACEMENT_3D('',#8504,#6610,#6611);
#5509=AXIS2_PLACEMENT_3D('',#8506,#6612,#6613);
#5510=AXIS2_PLACEMENT_3D('',#8507,#6614,#6615);
#5511=AXIS2_PLACEMENT_3D('',#8509,#6616,#6617);
#5512=AXIS2_PLACEMENT_3D('',#8511,#6618,#6619);
#5513=AXIS2_PLACEMENT_3D('',#8512,#6620,#6621);
#5514=AXIS2_PLACEMENT_3D('',#8514,#6622,#6623);
#5515=AXIS2_PLACEMENT_3D('',#8516,#6624,#6625);
#5516=AXIS2_PLACEMENT_3D('',#8517,#6626,#6627);
#5517=AXIS2_PLACEMENT_3D('',#8519,#6628,#6629);
#5518=AXIS2_PLACEMENT_3D('',#8521,#6630,#6631);
#5519=AXIS2_PLACEMENT_3D('',#8522,#6632,#6633);
#5520=AXIS2_PLACEMENT_3D('',#8524,#6634,#6635);
#5521=AXIS2_PLACEMENT_3D('',#8525,#6636,#6637);
#5522=AXIS2_PLACEMENT_3D('',#8527,#6638,#6639);
#5523=AXIS2_PLACEMENT_3D('',#8528,#6640,#6641);
#5524=AXIS2_PLACEMENT_3D('',#8530,#6642,#6643);
#5525=AXIS2_PLACEMENT_3D('',#8531,#6644,#6645);
#5526=AXIS2_PLACEMENT_3D('',#8533,#6646,#6647);
#5527=AXIS2_PLACEMENT_3D('',#8534,#6648,#6649);
#5528=AXIS2_PLACEMENT_3D('',#8536,#6650,#6651);
#5529=AXIS2_PLACEMENT_3D('',#8537,#6652,#6653);
#5530=AXIS2_PLACEMENT_3D('',#8539,#6654,#6655);
#5531=AXIS2_PLACEMENT_3D('',#8540,#6656,#6657);
#5532=AXIS2_PLACEMENT_3D('',#8542,#6658,#6659);
#5533=AXIS2_PLACEMENT_3D('',#8543,#6660,#6661);
#5534=AXIS2_PLACEMENT_3D('',#8545,#6662,#6663);
#5535=AXIS2_PLACEMENT_3D('',#8546,#6664,#6665);
#5536=AXIS2_PLACEMENT_3D('',#8548,#6666,#6667);
#5537=AXIS2_PLACEMENT_3D('',#8549,#6668,#6669);
#5538=AXIS2_PLACEMENT_3D('',#8551,#6670,#6671);
#5539=AXIS2_PLACEMENT_3D('',#8552,#6672,#6673);
#5540=AXIS2_PLACEMENT_3D('',#8554,#6674,#6675);
#5541=AXIS2_PLACEMENT_3D('',#8555,#6676,#6677);
#5542=AXIS2_PLACEMENT_3D('',#8557,#6678,#6679);
#5543=AXIS2_PLACEMENT_3D('',#8558,#6680,#6681);
#5544=AXIS2_PLACEMENT_3D('',#8560,#6682,#6683);
#5545=AXIS2_PLACEMENT_3D('',#8561,#6684,#6685);
#5546=AXIS2_PLACEMENT_3D('',#8563,#6686,#6687);
#5547=AXIS2_PLACEMENT_3D('',#8564,#6688,#6689);
#5548=AXIS2_PLACEMENT_3D('',#8566,#6690,#6691);
#5549=AXIS2_PLACEMENT_3D('',#8567,#6692,#6693);
#5550=AXIS2_PLACEMENT_3D('',#8569,#6694,#6695);
#5551=AXIS2_PLACEMENT_3D('',#8573,#6699,#6700);
#5552=AXIS2_PLACEMENT_3D('',#8574,#6701,#6702);
#5553=AXIS2_PLACEMENT_3D('',#8576,#6703,#6704);
#5554=AXIS2_PLACEMENT_3D('',#8579,#6706,#6707);
#5555=AXIS2_PLACEMENT_3D('',#8580,#6708,#6709);
#5556=AXIS2_PLACEMENT_3D('',#8582,#6710,#6711);
#5557=AXIS2_PLACEMENT_3D('',#8585,#6713,#6714);
#5558=AXIS2_PLACEMENT_3D('',#8586,#6715,#6716);
#5559=AXIS2_PLACEMENT_3D('',#8588,#6717,#6718);
#5560=AXIS2_PLACEMENT_3D('',#8601,#6719,#6720);
#5561=AXIS2_PLACEMENT_3D('',#8602,#6721,#6722);
#5562=AXIS2_PLACEMENT_3D('',#8603,#6723,#6724);
#5563=AXIS2_PLACEMENT_3D('',#8604,#6725,#6726);
#5564=AXIS2_PLACEMENT_3D('',#8605,#6727,#6728);
#5565=AXIS2_PLACEMENT_3D('',#8607,#6729,#6730);
#5566=AXIS2_PLACEMENT_3D('',#8608,#6731,#6732);
#5567=AXIS2_PLACEMENT_3D('',#8609,#6733,#6734);
#5568=AXIS2_PLACEMENT_3D('',#8611,#6735,#6736);
#5569=AXIS2_PLACEMENT_3D('',#8612,#6737,#6738);
#5570=AXIS2_PLACEMENT_3D('',#8691,#6739,#6740);
#5571=AXIS2_PLACEMENT_3D('',#8692,#6741,#6742);
#5572=AXIS2_PLACEMENT_3D('',#8693,#6743,#6744);
#5573=AXIS2_PLACEMENT_3D('',#8694,#6745,#6746);
#5574=AXIS2_PLACEMENT_3D('',#8695,#6747,#6748);
#5575=AXIS2_PLACEMENT_3D('',#8696,#6749,#6750);
#5576=AXIS2_PLACEMENT_3D('',#8718,#6751,#6752);
#5577=AXIS2_PLACEMENT_3D('',#8719,#6753,#6754);
#5578=AXIS2_PLACEMENT_3D('',#8720,#6755,#6756);
#5579=AXIS2_PLACEMENT_3D('',#8721,#6757,#6758);
#5580=AXIS2_PLACEMENT_3D('',#8722,#6759,#6760);
#5581=AXIS2_PLACEMENT_3D('',#8780,#6761,#6762);
#5582=AXIS2_PLACEMENT_3D('',#8781,#6763,#6764);
#5583=AXIS2_PLACEMENT_3D('',#8797,#6765,#6766);
#5584=AXIS2_PLACEMENT_3D('',#8798,#6767,#6768);
#5585=AXIS2_PLACEMENT_3D('',#8799,#6769,#6770);
#5586=AXIS2_PLACEMENT_3D('',#8815,#6771,#6772);
#5587=AXIS2_PLACEMENT_3D('',#8821,#6776,#6777);
#5588=AXIS2_PLACEMENT_3D('',#8825,#6779,#6780);
#5589=AXIS2_PLACEMENT_3D('',#8834,#6785,#6786);
#5590=AXIS2_PLACEMENT_3D('',#8835,#6787,#6788);
#5591=AXIS2_PLACEMENT_3D('',#8841,#6792,#6793);
#5592=AXIS2_PLACEMENT_3D('',#8844,#6795,#6796);
#5593=AXIS2_PLACEMENT_3D('',#8848,#6798,#6799);
#5594=AXIS2_PLACEMENT_3D('',#8852,#6801,#6802);
#5595=AXIS2_PLACEMENT_3D('',#8856,#6804,#6805);
#5596=AXIS2_PLACEMENT_3D('',#8863,#6809,#6810);
#5597=AXIS2_PLACEMENT_3D('',#8868,#6813,#6814);
#5598=AXIS2_PLACEMENT_3D('',#8869,#6815,#6816);
#5599=AXIS2_PLACEMENT_3D('',#8870,#6817,#6818);
#5600=AXIS2_PLACEMENT_3D('',#8872,#6819,#6820);
#5601=AXIS2_PLACEMENT_3D('',#8877,#6823,#6824);
#5602=AXIS2_PLACEMENT_3D('',#8878,#6825,#6826);
#5603=AXIS2_PLACEMENT_3D('',#8879,#6827,#6828);
#5604=AXIS2_PLACEMENT_3D('',#8880,#6829,#6830);
#5605=AXIS2_PLACEMENT_3D('',#8881,#6831,#6832);
#5606=AXIS2_PLACEMENT_3D('',#8882,#6833,#6834);
#5607=AXIS2_PLACEMENT_3D('',#8883,#6835,#6836);
#5608=AXIS2_PLACEMENT_3D('',#8884,#6837,#6838);
#5609=AXIS2_PLACEMENT_3D('',#8885,#6839,#6840);
#5610=AXIS2_PLACEMENT_3D('',#8886,#6841,#6842);
#5611=AXIS2_PLACEMENT_3D('',#8887,#6843,#6844);
#5612=AXIS2_PLACEMENT_3D('',#8888,#6845,#6846);
#5613=AXIS2_PLACEMENT_3D('',#8889,#6847,#6848);
#5614=AXIS2_PLACEMENT_3D('',#8890,#6849,#6850);
#5615=AXIS2_PLACEMENT_3D('',#8891,#6851,#6852);
#5616=AXIS2_PLACEMENT_3D('',#8893,#6854,#6855);
#5617=AXIS2_PLACEMENT_3D('',#8896,#6858,#6859);
#5618=AXIS2_PLACEMENT_3D('',#8898,#6861,#6862);
#5619=AXIS2_PLACEMENT_3D('',#8900,#6864,#6865);
#5620=AXIS2_PLACEMENT_3D('',#8903,#6868,#6869);
#5621=AXIS2_PLACEMENT_3D('',#8905,#6871,#6872);
#5622=AXIS2_PLACEMENT_3D('',#8908,#6875,#6876);
#5623=AXIS2_PLACEMENT_3D('',#8911,#6879,#6880);
#5624=AXIS2_PLACEMENT_3D('',#8914,#6883,#6884);
#5625=AXIS2_PLACEMENT_3D('',#8917,#6887,#6888);
#5626=AXIS2_PLACEMENT_3D('',#8920,#6891,#6892);
#5627=AXIS2_PLACEMENT_3D('',#8923,#6895,#6896);
#5628=AXIS2_PLACEMENT_3D('',#8926,#6899,#6900);
#5629=AXIS2_PLACEMENT_3D('',#8928,#6902,#6903);
#5630=AXIS2_PLACEMENT_3D('',#8930,#6905,#6906);
#5631=AXIS2_PLACEMENT_3D('',#8933,#6909,#6910);
#5632=AXIS2_PLACEMENT_3D('',#8936,#6913,#6914);
#5633=AXIS2_PLACEMENT_3D('',#8939,#6917,#6918);
#5634=AXIS2_PLACEMENT_3D('',#8942,#6921,#6922);
#5635=AXIS2_PLACEMENT_3D('',#8943,#6923,#6924);
#5636=AXIS2_PLACEMENT_3D('',#8944,#6925,#6926);
#5637=AXIS2_PLACEMENT_3D('',#8945,#6927,#6928);
#5638=AXIS2_PLACEMENT_3D('',#8947,#6929,#6930);
#5639=AXIS2_PLACEMENT_3D('',#8948,#6931,#6932);
#5640=AXIS2_PLACEMENT_3D('',#8949,#6933,#6934);
#5641=AXIS2_PLACEMENT_3D('',#8951,#6935,#6936);
#5642=AXIS2_PLACEMENT_3D('',#8952,#6937,#6938);
#5643=AXIS2_PLACEMENT_3D('',#8953,#6939,#6940);
#5644=AXIS2_PLACEMENT_3D('',#8954,#6941,#6942);
#5645=AXIS2_PLACEMENT_3D('',#8955,#6943,#6944);
#5646=AXIS2_PLACEMENT_3D('',#8957,#6945,#6946);
#5647=AXIS2_PLACEMENT_3D('',#8959,#6947,#6948);
#5648=AXIS2_PLACEMENT_3D('',#8960,#6949,#6950);
#5649=AXIS2_PLACEMENT_3D('',#8961,#6951,#6952);
#5650=AXIS2_PLACEMENT_3D('',#8963,#6953,#6954);
#5651=AXIS2_PLACEMENT_3D('',#8964,#6955,#6956);
#5652=AXIS2_PLACEMENT_3D('',#8967,#6959,#6960);
#5653=AXIS2_PLACEMENT_3D('',#8970,#6963,#6964);
#5654=AXIS2_PLACEMENT_3D('',#8978,#6970,#6971);
#5655=AXIS2_PLACEMENT_3D('',#8981,#6974,#6975);
#5656=AXIS2_PLACEMENT_3D('',#8984,#6978,#6979);
#5657=AXIS2_PLACEMENT_3D('',#8987,#6982,#6983);
#5658=AXIS2_PLACEMENT_3D('',#8990,#6986,#6987);
#5659=AXIS2_PLACEMENT_3D('',#8993,#6990,#6991);
#5660=AXIS2_PLACEMENT_3D('',#8995,#6993,#6994);
#5661=AXIS2_PLACEMENT_3D('',#8997,#6996,#6997);
#5662=AXIS2_PLACEMENT_3D('',#9005,#7003,#7004);
#5663=AXIS2_PLACEMENT_3D('',#9009,#7007,#7008);
#5664=AXIS2_PLACEMENT_3D('',#9013,#7011,#7012);
#5665=AXIS2_PLACEMENT_3D('',#9019,#7016,#7017);
#5666=AXIS2_PLACEMENT_3D('',#9025,#7021,#7022);
#5667=AXIS2_PLACEMENT_3D('',#9031,#7026,#7027);
#5668=AXIS2_PLACEMENT_3D('',#9037,#7031,#7032);
#5669=AXIS2_PLACEMENT_3D('',#9043,#7036,#7037);
#5670=AXIS2_PLACEMENT_3D('',#9044,#7038,#7039);
#5671=AXIS2_PLACEMENT_3D('',#9046,#7040,#7041);
#5672=AXIS2_PLACEMENT_3D('',#9047,#7042,#7043);
#5673=AXIS2_PLACEMENT_3D('',#9048,#7044,#7045);
#5674=AXIS2_PLACEMENT_3D('',#9049,#7046,#7047);
#5675=AXIS2_PLACEMENT_3D('',#9050,#7048,#7049);
#5676=AXIS2_PLACEMENT_3D('',#9051,#7050,#7051);
#5677=AXIS2_PLACEMENT_3D('',#9052,#7052,#7053);
#5678=AXIS2_PLACEMENT_3D('',#9056,#7056,#7057);
#5679=AXIS2_PLACEMENT_3D('',#9062,#7061,#7062);
#5680=AXIS2_PLACEMENT_3D('',#9066,#7065,#7066);
#5681=AXIS2_PLACEMENT_3D('',#9067,#7067,#7068);
#5682=AXIS2_PLACEMENT_3D('',#9069,#7069,#7070);
#5683=AXIS2_PLACEMENT_3D('',#9070,#7071,#7072);
#5684=AXIS2_PLACEMENT_3D('',#9071,#7073,#7074);
#5685=AXIS2_PLACEMENT_3D('',#9075,#7077,#7078);
#5686=AXIS2_PLACEMENT_3D('',#9081,#7082,#7083);
#5687=AXIS2_PLACEMENT_3D('',#9085,#7086,#7087);
#5688=AXIS2_PLACEMENT_3D('',#9086,#7088,#7089);
#5689=AXIS2_PLACEMENT_3D('',#9088,#7090,#7091);
#5690=AXIS2_PLACEMENT_3D('',#9089,#7092,#7093);
#5691=AXIS2_PLACEMENT_3D('',#9090,#7094,#7095);
#5692=AXIS2_PLACEMENT_3D('',#9091,#7096,#7097);
#5693=AXIS2_PLACEMENT_3D('',#9093,#7098,#7099);
#5694=AXIS2_PLACEMENT_3D('',#9094,#7100,#7101);
#5695=AXIS2_PLACEMENT_3D('',#9096,#7102,#7103);
#5696=AXIS2_PLACEMENT_3D('',#9097,#7104,#7105);
#5697=AXIS2_PLACEMENT_3D('',#9099,#7106,#7107);
#5698=AXIS2_PLACEMENT_3D('',#9100,#7108,#7109);
#5699=AXIS2_PLACEMENT_3D('',#9102,#7110,#7111);
#5700=AXIS2_PLACEMENT_3D('',#9103,#7112,#7113);
#5701=AXIS2_PLACEMENT_3D('',#9104,#7114,#7115);
#5702=AXIS2_PLACEMENT_3D('',#9106,#7116,#7117);
#5703=AXIS2_PLACEMENT_3D('',#9107,#7118,#7119);
#5704=AXIS2_PLACEMENT_3D('',#9108,#7120,#7121);
#5705=AXIS2_PLACEMENT_3D('',#9110,#7122,#7123);
#5706=AXIS2_PLACEMENT_3D('',#9111,#7124,#7125);
#5707=AXIS2_PLACEMENT_3D('',#9118,#7130,#7131);
#5708=AXIS2_PLACEMENT_3D('',#9125,#7136,#7137);
#5709=AXIS2_PLACEMENT_3D('',#9128,#7140,#7141);
#5710=AXIS2_PLACEMENT_3D('',#9131,#7144,#7145);
#5711=AXIS2_PLACEMENT_3D('',#9138,#7150,#7151);
#5712=AXIS2_PLACEMENT_3D('',#9141,#7154,#7155);
#5713=AXIS2_PLACEMENT_3D('',#9144,#7158,#7159);
#5714=AXIS2_PLACEMENT_3D('',#9146,#7161,#7162);
#5715=AXIS2_PLACEMENT_3D('',#9148,#7164,#7165);
#5716=AXIS2_PLACEMENT_3D('',#9150,#7167,#7168);
#5717=AXIS2_PLACEMENT_3D('',#9162,#7170,#7171);
#5718=AXIS2_PLACEMENT_3D('',#9163,#7172,#7173);
#5719=AXIS2_PLACEMENT_3D('',#9164,#7174,#7175);
#5720=AXIS2_PLACEMENT_3D('',#9165,#7176,#7177);
#5721=AXIS2_PLACEMENT_3D('',#9166,#7178,#7179);
#5722=AXIS2_PLACEMENT_3D('',#9169,#7181,#7182);
#5723=AXIS2_PLACEMENT_3D('',#9172,#7184,#7185);
#5724=AXIS2_PLACEMENT_3D('',#9173,#7186,#7187);
#5725=AXIS2_PLACEMENT_3D('',#9178,#7190,#7191);
#5726=AXIS2_PLACEMENT_3D('',#9179,#7192,#7193);
#5727=AXIS2_PLACEMENT_3D('',#9184,#7196,#7197);
#5728=AXIS2_PLACEMENT_3D('',#9187,#7199,#7200);
#5729=AXIS2_PLACEMENT_3D('',#9190,#7202,#7203);
#5730=AXIS2_PLACEMENT_3D('',#9191,#7204,#7205);
#5731=AXIS2_PLACEMENT_3D('',#9192,#7206,#7207);
#5732=AXIS2_PLACEMENT_3D('',#9193,#7208,#7209);
#5733=AXIS2_PLACEMENT_3D('',#9198,#7212,#7213);
#5734=AXIS2_PLACEMENT_3D('',#9199,#7214,#7215);
#5735=AXIS2_PLACEMENT_3D('',#9204,#7218,#7219);
#5736=AXIS2_PLACEMENT_3D('',#9205,#7220,#7221);
#5737=AXIS2_PLACEMENT_3D('',#9210,#7224,#7225);
#5738=AXIS2_PLACEMENT_3D('',#9213,#7227,#7228);
#5739=AXIS2_PLACEMENT_3D('',#9216,#7230,#7231);
#5740=AXIS2_PLACEMENT_3D('',#9217,#7232,#7233);
#5741=AXIS2_PLACEMENT_3D('',#9218,#7234,#7235);
#5742=AXIS2_PLACEMENT_3D('',#9219,#7236,#7237);
#5743=AXIS2_PLACEMENT_3D('',#9220,#7238,#7239);
#5744=AXIS2_PLACEMENT_3D('',#9221,#7240,#7241);
#5745=AXIS2_PLACEMENT_3D('',#9222,#7242,#7243);
#5746=AXIS2_PLACEMENT_3D('',#9223,#7244,#7245);
#5747=AXIS2_PLACEMENT_3D('',#9224,#7246,#7247);
#5748=AXIS2_PLACEMENT_3D('',#9225,#7248,#7249);
#5749=AXIS2_PLACEMENT_3D('',#9226,#7250,#7251);
#5750=AXIS2_PLACEMENT_3D('',#9227,#7252,#7253);
#5751=AXIS2_PLACEMENT_3D('',#9228,#7254,#7255);
#5752=AXIS2_PLACEMENT_3D('',#9229,#7256,#7257);
#5753=AXIS2_PLACEMENT_3D('',#9230,#7258,#7259);
#5754=AXIS2_PLACEMENT_3D('',#9231,#7260,#7261);
#5755=AXIS2_PLACEMENT_3D('',#9232,#7262,#7263);
#5756=AXIS2_PLACEMENT_3D('',#9233,#7264,#7265);
#5757=AXIS2_PLACEMENT_3D('',#9234,#7266,#7267);
#5758=AXIS2_PLACEMENT_3D('',#9235,#7268,#7269);
#5759=AXIS2_PLACEMENT_3D('',#9236,#7270,#7271);
#5760=AXIS2_PLACEMENT_3D('',#9237,#7272,#7273);
#5761=AXIS2_PLACEMENT_3D('',#9238,#7274,#7275);
#5762=AXIS2_PLACEMENT_3D('',#9239,#7276,#7277);
#5763=AXIS2_PLACEMENT_3D('',#9240,#7278,#7279);
#5764=AXIS2_PLACEMENT_3D('',#9241,#7280,#7281);
#5765=AXIS2_PLACEMENT_3D('',#9242,#7282,#7283);
#5766=AXIS2_PLACEMENT_3D('',#9243,#7284,#7285);
#5767=AXIS2_PLACEMENT_3D('',#9244,#7286,#7287);
#5768=AXIS2_PLACEMENT_3D('',#9245,#7288,#7289);
#5769=AXIS2_PLACEMENT_3D('',#9246,#7290,#7291);
#5770=AXIS2_PLACEMENT_3D('',#9247,#7292,#7293);
#5771=AXIS2_PLACEMENT_3D('',#9248,#7294,#7295);
#5772=AXIS2_PLACEMENT_3D('',#9249,#7296,#7297);
#5773=AXIS2_PLACEMENT_3D('',#9250,#7298,#7299);
#5774=AXIS2_PLACEMENT_3D('',#9251,#7300,#7301);
#5775=AXIS2_PLACEMENT_3D('',#9252,#7302,#7303);
#5776=AXIS2_PLACEMENT_3D('',#9253,#7304,#7305);
#5777=AXIS2_PLACEMENT_3D('',#9254,#7306,#7307);
#5778=AXIS2_PLACEMENT_3D('',#9255,#7308,#7309);
#5779=AXIS2_PLACEMENT_3D('',#9256,#7310,#7311);
#5780=AXIS2_PLACEMENT_3D('',#9257,#7312,#7313);
#5781=AXIS2_PLACEMENT_3D('',#9258,#7314,#7315);
#5782=AXIS2_PLACEMENT_3D('',#9259,#7316,#7317);
#5783=AXIS2_PLACEMENT_3D('',#9260,#7318,#7319);
#5784=AXIS2_PLACEMENT_3D('',#9261,#7320,#7321);
#5785=AXIS2_PLACEMENT_3D('',#9262,#7322,#7323);
#5786=AXIS2_PLACEMENT_3D('',#9263,#7324,#7325);
#5787=AXIS2_PLACEMENT_3D('',#9264,#7326,#7327);
#5788=AXIS2_PLACEMENT_3D('',#9265,#7328,#7329);
#5789=AXIS2_PLACEMENT_3D('',#9266,#7330,#7331);
#5790=AXIS2_PLACEMENT_3D('',#9267,#7332,#7333);
#5791=AXIS2_PLACEMENT_3D('',#9268,#7334,#7335);
#5792=AXIS2_PLACEMENT_3D('',#9269,#7336,#7337);
#5793=AXIS2_PLACEMENT_3D('',#9270,#7338,#7339);
#5794=AXIS2_PLACEMENT_3D('',#9271,#7340,#7341);
#5795=AXIS2_PLACEMENT_3D('',#9272,#7342,#7343);
#5796=AXIS2_PLACEMENT_3D('',#9273,#7344,#7345);
#5797=AXIS2_PLACEMENT_3D('',#9274,#7346,#7347);
#5798=AXIS2_PLACEMENT_3D('',#9275,#7348,#7349);
#5799=AXIS2_PLACEMENT_3D('',#9276,#7350,#7351);
#5800=AXIS2_PLACEMENT_3D('',#9277,#7352,#7353);
#5801=AXIS2_PLACEMENT_3D('',#9278,#7354,#7355);
#5802=AXIS2_PLACEMENT_3D('',#9279,#7356,#7357);
#5803=AXIS2_PLACEMENT_3D('',#9280,#7358,#7359);
#5804=AXIS2_PLACEMENT_3D('',#9281,#7360,#7361);
#5805=AXIS2_PLACEMENT_3D('',#9282,#7362,#7363);
#5806=AXIS2_PLACEMENT_3D('',#9283,#7364,#7365);
#5807=AXIS2_PLACEMENT_3D('',#9284,#7366,#7367);
#5808=AXIS2_PLACEMENT_3D('',#9285,#7368,#7369);
#5809=AXIS2_PLACEMENT_3D('',#9286,#7370,#7371);
#5810=AXIS2_PLACEMENT_3D('',#9287,#7372,#7373);
#5811=AXIS2_PLACEMENT_3D('',#9288,#7374,#7375);
#5812=AXIS2_PLACEMENT_3D('',#9289,#7376,#7377);
#5813=AXIS2_PLACEMENT_3D('',#9290,#7378,#7379);
#5814=AXIS2_PLACEMENT_3D('',#9291,#7380,#7381);
#5815=AXIS2_PLACEMENT_3D('',#9292,#7382,#7383);
#5816=AXIS2_PLACEMENT_3D('',#9293,#7384,#7385);
#5817=AXIS2_PLACEMENT_3D('',#9294,#7386,#7387);
#5818=AXIS2_PLACEMENT_3D('',#9295,#7388,#7389);
#5819=AXIS2_PLACEMENT_3D('',#9296,#7390,#7391);
#5820=AXIS2_PLACEMENT_3D('',#9297,#7392,#7393);
#5821=AXIS2_PLACEMENT_3D('',#9298,#7394,#7395);
#5822=AXIS2_PLACEMENT_3D('',#9299,#7396,#7397);
#5823=AXIS2_PLACEMENT_3D('',#9300,#7398,#7399);
#5824=AXIS2_PLACEMENT_3D('',#9301,#7400,#7401);
#5825=AXIS2_PLACEMENT_3D('',#9302,#7402,#7403);
#5826=AXIS2_PLACEMENT_3D('',#9303,#7404,#7405);
#5827=AXIS2_PLACEMENT_3D('',#9304,#7406,#7407);
#5828=AXIS2_PLACEMENT_3D('',#9305,#7408,#7409);
#5829=AXIS2_PLACEMENT_3D('',#9306,#7410,#7411);
#5830=AXIS2_PLACEMENT_3D('',#9307,#7412,#7413);
#5831=AXIS2_PLACEMENT_3D('',#9308,#7414,#7415);
#5832=AXIS2_PLACEMENT_3D('',#9309,#7416,#7417);
#5833=AXIS2_PLACEMENT_3D('',#9310,#7418,#7419);
#5834=AXIS2_PLACEMENT_3D('',#9311,#7420,#7421);
#5835=AXIS2_PLACEMENT_3D('',#9312,#7422,#7423);
#5836=AXIS2_PLACEMENT_3D('',#9313,#7424,#7425);
#5837=AXIS2_PLACEMENT_3D('',#9314,#7426,#7427);
#5838=AXIS2_PLACEMENT_3D('',#9318,#7430,#7431);
#5839=AXIS2_PLACEMENT_3D('',#9320,#7433,#7434);
#5840=AXIS2_PLACEMENT_3D('',#9321,#7435,#7436);
#5841=AXIS2_PLACEMENT_3D('',#9325,#7439,#7440);
#5842=AXIS2_PLACEMENT_3D('',#9327,#7442,#7443);
#5843=AXIS2_PLACEMENT_3D('',#9328,#7444,#7445);
#5844=AXIS2_PLACEMENT_3D('',#9329,#7446,#7447);
#5845=AXIS2_PLACEMENT_3D('',#9331,#7448,#7449);
#5846=AXIS2_PLACEMENT_3D('',#9332,#7450,#7451);
#5847=AXIS2_PLACEMENT_3D('',#9334,#7452,#7453);
#5848=AXIS2_PLACEMENT_3D('',#9335,#7454,#7455);
#5849=AXIS2_PLACEMENT_3D('',#9337,#7456,#7457);
#5850=AXIS2_PLACEMENT_3D('',#9338,#7458,#7459);
#5851=AXIS2_PLACEMENT_3D('',#9340,#7460,#7461);
#5852=AXIS2_PLACEMENT_3D('',#9341,#7462,#7463);
#5853=AXIS2_PLACEMENT_3D('',#9342,#7464,#7465);
#5854=AXIS2_PLACEMENT_3D('',#9343,#7466,#7467);
#5855=AXIS2_PLACEMENT_3D('',#9344,#7468,#7469);
#5856=DIRECTION('',(0.,0.,1.));
#5857=DIRECTION('',(1.,0.,0.));
#5858=DIRECTION('',(0.438371146789079,-0.898794046299167,0.));
#5859=DIRECTION('',(-0.898794046299167,-0.438371146789079,0.));
#5860=DIRECTION('',(-0.438371146789079,0.898794046299167,0.));
#5861=DIRECTION('',(-0.438371146789079,0.898794046299167,0.));
#5862=DIRECTION('',(0.438371146789074,-0.898794046299169,0.));
#5863=DIRECTION('',(0.898794046299169,0.438371146789074,0.));
#5864=DIRECTION('',(-0.438371146789074,0.898794046299169,0.));
#5865=DIRECTION('',(-0.898794046299169,-0.438371146789074,0.));
#5866=DIRECTION('',(1.,0.,0.));
#5867=DIRECTION('',(0.,0.,-1.));
#5868=DIRECTION('',(1.,0.,0.));
#5869=DIRECTION('',(0.,0.,-1.));
#5870=DIRECTION('',(1.,0.,0.));
#5871=DIRECTION('',(0.,0.,-1.));
#5872=DIRECTION('',(1.,0.,0.));
#5873=DIRECTION('',(0.,0.,-1.));
#5874=DIRECTION('',(-0.993019714616415,0.117948490380904,0.));
#5875=DIRECTION('',(-0.117948490380904,-0.993019714616415,0.));
#5876=DIRECTION('',(1.,0.,0.));
#5877=DIRECTION('',(0.,-1.,0.));
#5878=DIRECTION('',(1.,0.,0.));
#5879=DIRECTION('',(0.,-1.,0.));
#5880=DIRECTION('',(1.,0.,0.));
#5881=DIRECTION('',(0.,1.,0.));
#5882=DIRECTION('',(0.,0.,-1.));
#5883=DIRECTION('',(0.,-1.,0.));
#5884=DIRECTION('',(0.,0.,1.));
#5885=DIRECTION('',(1.,0.,0.));
#5886=DIRECTION('',(0.,0.,-1.));
#5887=DIRECTION('',(0.,-0.642787609686539,-0.766044443118978));
#5888=DIRECTION('',(1.,0.,0.));
#5889=DIRECTION('',(0.,0.,-1.));
#5890=DIRECTION('',(0.,0.,-1.));
#5891=DIRECTION('',(1.,0.,0.));
#5892=DIRECTION('',(0.,0.,-1.));
#5893=DIRECTION('',(0.,0.64278760968654,-0.766044443118978));
#5894=DIRECTION('',(1.,0.,0.));
#5895=DIRECTION('',(0.,0.,-1.));
#5896=DIRECTION('',(0.,0.,1.));
#5897=DIRECTION('',(1.,0.,0.));
#5898=DIRECTION('',(0.,0.,-1.));
#5899=DIRECTION('',(0.,-0.642787609686537,-0.76604444311898));
#5900=DIRECTION('',(1.,0.,0.));
#5901=DIRECTION('',(0.,0.,-1.));
#5902=DIRECTION('',(0.,0.,-1.));
#5903=DIRECTION('',(0.,0.996413173733364,0.0846214346995175));
#5904=DIRECTION('',(0.,0.987087134207428,0.160184236060127));
#5905=DIRECTION('',(0.,0.972039234882402,0.234818495543333));
#5906=DIRECTION('',(0.,0.951739739108935,0.30690628700119));
#5907=DIRECTION('',(0.,0.92610220238168,0.377272727272728));
#5908=DIRECTION('',(0.,0.902377051066583,0.430947395523373));
#5909=DIRECTION('',(0.,0.875544246002407,0.483137944372078));
#5910=DIRECTION('',(0.,0.,-1.));
#5911=DIRECTION('',(0.,0.464467566924682,-0.885590130520359));
#5912=DIRECTION('',(0.,0.,1.));
#5913=DIRECTION('',(1.,0.,0.));
#5914=DIRECTION('',(0.,0.,-1.));
#5915=DIRECTION('',(0.,0.822655786461208,-0.568539758505852));
#5916=DIRECTION('',(1.,0.,0.));
#5917=DIRECTION('',(0.,0.,-1.));
#5918=DIRECTION('',(0.,-0.93542504422574,-0.353525086288475));
#5919=DIRECTION('',(0.,0.89301643574032,-0.450024049910286));
#5920=DIRECTION('',(0.,0.946412814236988,-0.322959417029486));
#5921=DIRECTION('',(1.,0.,0.));
#5922=DIRECTION('',(0.,0.,-1.));
#5923=DIRECTION('',(0.,0.,1.));
#5924=DIRECTION('',(1.,0.,0.));
#5925=DIRECTION('',(0.,0.,-1.));
#5926=DIRECTION('',(0.,0.943143837275032,-0.332384870609552));
#5927=DIRECTION('',(1.,0.,0.));
#5928=DIRECTION('',(0.,0.,-1.));
#5929=DIRECTION('',(0.,-0.704325397488021,-0.709877267176053));
#5930=DIRECTION('',(1.,0.,0.));
#5931=DIRECTION('',(0.,0.,-1.));
#5932=DIRECTION('',(0.,0.946412814236988,-0.322959417029486));
#5933=DIRECTION('',(0.,0.986512243775258,-0.16368748541506));
#5934=DIRECTION('',(1.,0.,0.));
#5935=DIRECTION('',(0.,0.,-1.));
#5936=DIRECTION('',(0.,-0.258819045102599,0.965925826289048));
#5937=DIRECTION('',(1.,0.,0.));
#5938=DIRECTION('',(0.,0.,-1.));
#5939=DIRECTION('',(0.,1.,0.));
#5940=DIRECTION('',(1.,0.,0.));
#5941=DIRECTION('',(0.,0.,-1.));
#5942=DIRECTION('',(0.,-0.258819045102521,-0.965925826289068));
#5943=DIRECTION('',(1.,0.,0.));
#5944=DIRECTION('',(0.,0.,-1.));
#5945=DIRECTION('',(0.,1.,0.));
#5946=DIRECTION('',(1.,0.,0.));
#5947=DIRECTION('',(0.,0.,-1.));
#5948=DIRECTION('',(0.,-0.258819045102607,0.965925826289045));
#5949=DIRECTION('',(1.,0.,0.));
#5950=DIRECTION('',(0.,0.,-1.));
#5951=DIRECTION('',(0.,1.,0.));
#5952=DIRECTION('',(1.,0.,0.));
#5953=DIRECTION('',(0.,0.,-1.));
#5954=DIRECTION('',(0.,-0.258819045102521,-0.965925826289068));
#5955=DIRECTION('',(1.,0.,0.));
#5956=DIRECTION('',(0.,0.,-1.));
#5957=DIRECTION('',(0.,1.,0.));
#5958=DIRECTION('',(0.,0.,-1.));
#5959=DIRECTION('',(1.,0.,0.));
#5960=DIRECTION('',(0.,0.,-1.));
#5961=DIRECTION('',(0.,0.64278760968654,-0.766044443118978));
#5962=DIRECTION('',(1.,0.,0.));
#5963=DIRECTION('',(0.,0.,-1.));
#5964=DIRECTION('',(0.,0.,1.));
#5965=DIRECTION('',(0.,1.,-6.93889390390722E-16));
#5966=DIRECTION('',(0.,0.,-1.));
#5967=DIRECTION('',(0.,-0.64278760968654,-0.766044443118978));
#5968=DIRECTION('',(1.,0.,0.));
#5969=DIRECTION('',(0.,0.,-1.));
#5970=DIRECTION('',(0.,0.,-1.));
#5971=DIRECTION('',(1.,0.,0.));
#5972=DIRECTION('',(0.,0.,-1.));
#5973=DIRECTION('',(0.,0.642787609686539,-0.766044443118978));
#5974=DIRECTION('',(1.,0.,0.));
#5975=DIRECTION('',(0.,0.,-1.));
#5976=DIRECTION('',(1.,0.,0.));
#5977=DIRECTION('',(0.,0.,-1.));
#5978=DIRECTION('',(1.,0.,0.));
#5979=DIRECTION('',(0.,0.,-1.));
#5980=DIRECTION('',(1.,0.,0.));
#5981=DIRECTION('',(0.,0.,-1.));
#5982=DIRECTION('',(1.,0.,0.));
#5983=DIRECTION('',(0.,0.,-1.));
#5984=DIRECTION('',(1.,0.,0.));
#5985=DIRECTION('',(0.,0.,-1.));
#5986=DIRECTION('',(1.,0.,0.));
#5987=DIRECTION('',(0.,0.,-1.));
#5988=DIRECTION('',(1.,0.,0.));
#5989=DIRECTION('',(0.,0.,-1.));
#5990=DIRECTION('',(1.,0.,0.));
#5991=DIRECTION('',(0.,0.,-1.));
#5992=DIRECTION('',(1.,0.,0.));
#5993=DIRECTION('',(0.,0.,-1.));
#5994=DIRECTION('',(1.,0.,0.));
#5995=DIRECTION('',(0.,0.,-1.));
#5996=DIRECTION('',(1.,0.,0.));
#5997=DIRECTION('',(0.,0.,-1.));
#5998=DIRECTION('',(1.,0.,0.));
#5999=DIRECTION('',(0.,0.,-1.));
#6000=DIRECTION('',(1.,0.,0.));
#6001=DIRECTION('',(0.,0.,-1.));
#6002=DIRECTION('',(1.,0.,0.));
#6003=DIRECTION('',(0.,0.,-1.));
#6004=DIRECTION('',(1.,0.,0.));
#6005=DIRECTION('',(0.,0.,-1.));
#6006=DIRECTION('',(1.,0.,0.));
#6007=DIRECTION('',(0.,0.,-1.));
#6008=DIRECTION('',(1.,0.,0.));
#6009=DIRECTION('',(0.,0.,-1.));
#6010=DIRECTION('',(1.,0.,0.));
#6011=DIRECTION('',(0.,0.,-1.));
#6012=DIRECTION('',(1.,0.,0.));
#6013=DIRECTION('',(0.,0.,-1.));
#6014=DIRECTION('',(1.,0.,0.));
#6015=DIRECTION('',(0.,0.,-1.));
#6016=DIRECTION('',(1.,0.,0.));
#6017=DIRECTION('',(0.,0.,-1.));
#6018=DIRECTION('',(1.,0.,0.));
#6019=DIRECTION('',(0.,0.,-1.));
#6020=DIRECTION('',(1.,0.,0.));
#6021=DIRECTION('',(0.,0.,-1.));
#6022=DIRECTION('',(1.,0.,0.));
#6023=DIRECTION('',(0.,0.,-1.));
#6024=DIRECTION('',(1.,0.,0.));
#6025=DIRECTION('',(0.,1.,0.));
#6026=DIRECTION('',(1.,0.,0.));
#6027=DIRECTION('',(0.,0.,-1.));
#6028=DIRECTION('',(1.,0.,0.));
#6029=DIRECTION('',(0.,0.,-1.));
#6030=DIRECTION('',(0.,-0.642787609686539,-0.766044443118978));
#6031=DIRECTION('',(1.,0.,0.));
#6032=DIRECTION('',(0.,0.,-1.));
#6033=DIRECTION('',(0.,0.,1.));
#6034=DIRECTION('',(1.,0.,0.));
#6035=DIRECTION('',(0.,0.,-1.));
#6036=DIRECTION('',(0.,0.642787609686539,-0.766044443118978));
#6037=DIRECTION('',(1.,0.,0.));
#6038=DIRECTION('',(0.,0.,-1.));
#6039=DIRECTION('',(0.,0.,1.));
#6040=DIRECTION('',(1.,0.,0.));
#6041=DIRECTION('',(0.,0.,-1.));
#6042=DIRECTION('',(0.,-0.64278760968654,-0.766044443118978));
#6043=DIRECTION('',(1.,0.,0.));
#6044=DIRECTION('',(0.,0.,-1.));
#6045=DIRECTION('',(0.,0.,1.));
#6046=DIRECTION('',(0.,0.894427190999916,0.447213595499959));
#6047=DIRECTION('',(0.,1.,0.));
#6048=DIRECTION('',(0.,-4.5970118108549E-16,1.));
#6049=DIRECTION('',(0.,1.,0.));
#6050=DIRECTION('',(0.,-0.891038857786684,0.453927035892557));
#6051=DIRECTION('',(0.,0.,1.));
#6052=DIRECTION('',(1.,0.,0.));
#6053=DIRECTION('',(0.,0.,-1.));
#6054=DIRECTION('',(0.,0.64278760968654,-0.766044443118978));
#6055=DIRECTION('',(1.,0.,0.));
#6056=DIRECTION('',(0.,0.,-1.));
#6057=DIRECTION('',(0.,0.,1.));
#6058=DIRECTION('',(1.,0.,0.));
#6059=DIRECTION('',(0.,0.,-1.));
#6060=DIRECTION('',(1.,0.,0.));
#6061=DIRECTION('',(0.,0.,-1.));
#6062=DIRECTION('',(0.,-1.,0.));
#6063=DIRECTION('',(0.,0.,-1.));
#6064=DIRECTION('',(-1.,0.,0.));
#6065=DIRECTION('',(0.,0.,1.));
#6066=DIRECTION('',(-1.,0.,0.));
#6067=DIRECTION('',(-1.,0.,0.));
#6068=DIRECTION('',(0.,0.,1.));
#6069=DIRECTION('',(-1.,0.,0.));
#6070=DIRECTION('',(0.,-1.,0.));
#6071=DIRECTION('',(0.,0.,-1.));
#6072=DIRECTION('',(0.,0.,1.));
#6073=DIRECTION('',(-1.,0.,0.));
#6074=DIRECTION('',(-1.,0.,0.));
#6075=DIRECTION('',(1.,0.,0.));
#6076=DIRECTION('',(0.,-1.,0.));
#6077=DIRECTION('',(0.,0.,-1.));
#6078=DIRECTION('',(-1.,0.,0.));
#6079=DIRECTION('',(-1.,0.,0.));
#6080=DIRECTION('',(0.,-1.,0.));
#6081=DIRECTION('',(0.,0.,-1.));
#6082=DIRECTION('',(0.,0.,-1.));
#6083=DIRECTION('',(-1.,0.,0.));
#6084=DIRECTION('',(1.,0.,0.));
#6085=DIRECTION('',(0.,-1.,0.));
#6086=DIRECTION('',(0.,0.,-1.));
#6087=DIRECTION('',(-1.,0.,0.));
#6088=DIRECTION('',(-1.,0.,0.));
#6089=DIRECTION('',(1.,0.,0.));
#6090=DIRECTION('',(0.,1.,0.));
#6091=DIRECTION('',(1.,0.,0.));
#6092=DIRECTION('',(0.,0.,-1.));
#6093=DIRECTION('',(1.,0.,0.));
#6094=DIRECTION('',(0.,0.,-1.));
#6095=DIRECTION('',(1.,0.,0.));
#6096=DIRECTION('',(0.,-1.,0.));
#6097=DIRECTION('',(0.,-1.,0.));
#6098=DIRECTION('',(1.,0.,0.));
#6099=DIRECTION('',(0.,-1.,0.));
#6100=DIRECTION('',(0.,0.,-1.));
#6101=DIRECTION('',(1.,0.,0.));
#6102=DIRECTION('',(0.,1.,0.));
#6103=DIRECTION('',(0.,-1.,0.));
#6104=DIRECTION('',(1.,0.,0.));
#6105=DIRECTION('',(0.,0.,-1.));
#6106=DIRECTION('',(1.,0.,0.));
#6107=DIRECTION('',(0.,0.,-1.));
#6108=DIRECTION('',(0.,-4.5970118108549E-16,1.));
#6109=DIRECTION('',(0.,1.,0.));
#6110=DIRECTION('',(0.,0.894427190999916,0.447213595499959));
#6111=DIRECTION('',(1.,0.,0.));
#6112=DIRECTION('',(0.,0.,-1.));
#6113=DIRECTION('',(0.,0.64278760968654,-0.766044443118978));
#6114=DIRECTION('',(1.,0.,0.));
#6115=DIRECTION('',(0.,0.,-1.));
#6116=DIRECTION('',(0.,1.,0.));
#6117=DIRECTION('',(1.,0.,0.));
#6118=DIRECTION('',(0.,0.,-1.));
#6119=DIRECTION('',(0.,-0.258819045102521,-0.965925826289068));
#6120=DIRECTION('',(1.,0.,0.));
#6121=DIRECTION('',(0.,0.,-1.));
#6122=DIRECTION('',(0.,1.,0.));
#6123=DIRECTION('',(0.,-0.342020143325668,-0.939692620785909));
#6124=DIRECTION('',(1.,0.,0.));
#6125=DIRECTION('',(0.,0.,-1.));
#6126=DIRECTION('',(0.,1.,1.33440267382831E-16));
#6127=DIRECTION('',(1.,0.,0.));
#6128=DIRECTION('',(0.,0.,-1.));
#6129=DIRECTION('',(0.,-0.342020143325667,0.939692620785909));
#6130=DIRECTION('',(0.,1.,0.));
#6131=DIRECTION('',(1.,0.,0.));
#6132=DIRECTION('',(0.,0.,-1.));
#6133=DIRECTION('',(0.,-0.258819045102607,0.965925826289045));
#6134=DIRECTION('',(1.,0.,0.));
#6135=DIRECTION('',(0.,0.,-1.));
#6136=DIRECTION('',(0.,1.,0.));
#6137=DIRECTION('',(1.,0.,0.));
#6138=DIRECTION('',(0.,0.,-1.));
#6139=DIRECTION('',(0.,-0.258819045102521,-0.965925826289068));
#6140=DIRECTION('',(1.,0.,0.));
#6141=DIRECTION('',(0.,0.,-1.));
#6142=DIRECTION('',(0.,1.,0.));
#6143=DIRECTION('',(0.,0.342020143325673,0.939692620785907));
#6144=DIRECTION('',(1.,0.,0.));
#6145=DIRECTION('',(0.,0.,-1.));
#6146=DIRECTION('',(0.,-1.,-1.33440267382831E-16));
#6147=DIRECTION('',(1.,0.,0.));
#6148=DIRECTION('',(0.,0.,-1.));
#6149=DIRECTION('',(0.,0.342020143325672,-0.939692620785907));
#6150=DIRECTION('',(0.,1.,0.));
#6151=DIRECTION('',(1.,0.,0.));
#6152=DIRECTION('',(0.,0.,-1.));
#6153=DIRECTION('',(0.,-0.258819045102599,0.965925826289048));
#6154=DIRECTION('',(1.,0.,0.));
#6155=DIRECTION('',(0.,0.,-1.));
#6156=DIRECTION('',(0.,0.986512243775258,-0.16368748541506));
#6157=DIRECTION('',(0.,0.946412814236988,-0.322959417029486));
#6158=DIRECTION('',(1.,0.,0.));
#6159=DIRECTION('',(0.,0.,-1.));
#6160=DIRECTION('',(0.,-0.704325397488021,-0.709877267176053));
#6161=DIRECTION('',(1.,0.,0.));
#6162=DIRECTION('',(0.,0.,-1.));
#6163=DIRECTION('',(0.,0.943143837275032,-0.332384870609552));
#6164=DIRECTION('',(1.,0.,0.));
#6165=DIRECTION('',(0.,0.,-1.));
#6166=DIRECTION('',(0.,0.,1.));
#6167=DIRECTION('',(1.,0.,0.));
#6168=DIRECTION('',(0.,0.,-1.));
#6169=DIRECTION('',(0.,0.946412814236988,-0.322959417029486));
#6170=DIRECTION('',(0.,0.89301643574032,-0.450024049910286));
#6171=DIRECTION('',(0.,-0.93542504422574,-0.353525086288475));
#6172=DIRECTION('',(1.,0.,0.));
#6173=DIRECTION('',(0.,0.,-1.));
#6174=DIRECTION('',(0.,0.822655786461208,-0.568539758505852));
#6175=DIRECTION('',(0.,-0.568539758505851,-0.822655786461208));
#6176=DIRECTION('',(1.,0.,0.));
#6177=DIRECTION('',(0.,0.,-1.));
#6178=DIRECTION('',(0.,-0.649897757667429,0.760021647440945));
#6179=DIRECTION('',(1.,0.,0.));
#6180=DIRECTION('',(0.,0.,-1.));
#6181=DIRECTION('',(0.,-0.760021647440945,-0.649897757667428));
#6182=DIRECTION('',(1.,0.,0.));
#6183=DIRECTION('',(0.,0.,-1.));
#6184=DIRECTION('',(0.,0.649897757667429,-0.760021647440945));
#6185=DIRECTION('',(1.,0.,0.));
#6186=DIRECTION('',(0.,0.,-1.));
#6187=DIRECTION('',(0.,0.760021647440945,0.649897757667429));
#6188=DIRECTION('',(1.,0.,0.));
#6189=DIRECTION('',(0.,0.,-1.));
#6190=DIRECTION('',(0.,-0.649897757667429,0.760021647440945));
#6191=DIRECTION('',(1.,0.,0.));
#6192=DIRECTION('',(0.,0.,-1.));
#6193=DIRECTION('',(0.,0.568539758505852,0.822655786461208));
#6194=DIRECTION('',(0.,0.822655786461208,-0.568539758505852));
#6195=DIRECTION('',(1.,0.,0.));
#6196=DIRECTION('',(0.,0.,-1.));
#6197=DIRECTION('',(0.,0.,1.));
#6198=DIRECTION('',(0.,0.464467566924682,-0.885590130520359));
#6199=DIRECTION('',(0.,-0.970976346395825,-0.239175531231384));
#6200=DIRECTION('',(0.,0.,1.));
#6201=DIRECTION('',(0.,0.875544246002407,0.483137944372078));
#6202=DIRECTION('',(0.,0.92610220238168,0.377272727272728));
#6203=DIRECTION('',(0.,0.972039234882402,0.234818495543333));
#6204=DIRECTION('',(0.,0.996413173733364,0.0846214346995174));
#6205=DIRECTION('',(0.,0.,-1.));
#6206=DIRECTION('',(1.,0.,0.));
#6207=DIRECTION('',(0.,0.,-1.));
#6208=DIRECTION('',(0.,-0.642787609686537,-0.76604444311898));
#6209=DIRECTION('',(1.,0.,0.));
#6210=DIRECTION('',(0.,0.,-1.));
#6211=DIRECTION('',(0.,-0.891038857786684,0.453927035892557));
#6212=DIRECTION('',(0.,1.,0.));
#6213=DIRECTION('',(0.,-4.5970118108549E-16,1.));
#6214=DIRECTION('',(1.,0.,0.));
#6215=DIRECTION('',(0.,0.,-1.));
#6216=DIRECTION('',(1.,0.,0.));
#6217=DIRECTION('',(0.,0.,-1.));
#6218=DIRECTION('',(1.,0.,0.));
#6219=DIRECTION('',(0.,0.,-1.));
#6220=DIRECTION('',(1.,0.,0.));
#6221=DIRECTION('',(0.,0.,-1.));
#6222=DIRECTION('',(1.,0.,0.));
#6223=DIRECTION('',(0.,0.,-1.));
#6224=DIRECTION('',(0.,-4.5970118108549E-16,1.));
#6225=DIRECTION('',(1.,0.,0.));
#6226=DIRECTION('',(0.,0.,-1.));
#6227=DIRECTION('',(1.,0.,0.));
#6228=DIRECTION('',(0.,0.,-1.));
#6229=DIRECTION('',(1.,0.,0.));
#6230=DIRECTION('',(0.,0.,-1.));
#6231=DIRECTION('',(0.,0.,-1.));
#6232=DIRECTION('',(-1.,0.,0.));
#6233=DIRECTION('',(1.,0.,0.));
#6234=DIRECTION('',(-1.,0.,0.));
#6235=DIRECTION('',(0.,-1.,0.));
#6236=DIRECTION('',(-1.,0.,0.));
#6237=DIRECTION('',(1.,0.,0.));
#6238=DIRECTION('',(0.,0.,-1.));
#6239=DIRECTION('',(-1.,0.,0.));
#6240=DIRECTION('',(1.,0.,0.));
#6241=DIRECTION('',(1.,0.,0.));
#6242=DIRECTION('',(0.,-0.322959417029486,-0.946412814236988));
#6243=DIRECTION('',(0.,0.946412814236988,-0.322959417029486));
#6244=DIRECTION('',(1.,0.,0.));
#6245=DIRECTION('',(1.,0.,0.));
#6246=DIRECTION('',(1.,0.,0.));
#6247=DIRECTION('',(0.,1.,0.));
#6248=DIRECTION('',(1.,0.,0.));
#6249=DIRECTION('',(0.,0.,-1.));
#6250=DIRECTION('',(1.,0.,0.));
#6251=DIRECTION('',(0.,0.,-1.));
#6252=DIRECTION('',(1.,0.,0.));
#6253=DIRECTION('',(0.,1.,0.));
#6254=DIRECTION('',(1.,0.,0.));
#6255=DIRECTION('',(0.,0.,-1.));
#6256=DIRECTION('',(1.,0.,0.));
#6257=DIRECTION('',(0.,0.,-1.));
#6258=DIRECTION('',(-0.898794046299167,-0.438371146789079,0.));
#6259=DIRECTION('',(0.438371146789079,-0.898794046299167,0.));
#6260=DIRECTION('',(-1.,6.12323399573674E-17,0.));
#6261=DIRECTION('',(-6.12323399573674E-17,-1.,0.));
#6262=DIRECTION('',(0.,-1.,0.));
#6263=DIRECTION('',(0.,0.,-1.));
#6264=DIRECTION('',(0.,-1.,0.));
#6265=DIRECTION('',(0.,0.,-1.));
#6266=DIRECTION('',(0.,-1.,0.));
#6267=DIRECTION('',(0.,0.,-1.));
#6268=DIRECTION('',(1.,0.,0.));
#6269=DIRECTION('',(0.,-2.41352831440252E-16,1.));
#6270=DIRECTION('',(-1.,0.,0.));
#6271=DIRECTION('',(0.,0.,-1.));
#6272=DIRECTION('',(0.,-1.,0.));
#6273=DIRECTION('',(0.,0.,-1.));
#6274=DIRECTION('',(-1.,0.,0.));
#6275=DIRECTION('',(0.705835229042007,0.,0.708376050867912));
#6276=DIRECTION('',(1.,0.,0.));
#6277=DIRECTION('',(0.,-2.41352831440252E-16,1.));
#6278=DIRECTION('',(1.,0.,0.));
#6279=DIRECTION('',(0.,-1.,0.));
#6280=DIRECTION('',(0.,0.,-1.));
#6281=DIRECTION('',(0.,-0.0846214346995174,0.996413173733364));
#6282=DIRECTION('',(0.,-0.996413173733364,-0.0846214346995174));
#6283=DIRECTION('',(1.,0.,0.));
#6284=DIRECTION('',(0.,0.996413173733364,0.0846214346995174));
#6285=DIRECTION('',(0.,-0.996413173733364,-0.0846214346995174));
#6286=DIRECTION('',(0.,-0.234818495543333,0.972039234882402));
#6287=DIRECTION('',(0.,-0.972039234882402,-0.234818495543333));
#6288=DIRECTION('',(-0.936501526879999,0.340858680129169,0.0823422754848994));
#6289=DIRECTION('',(0.,-0.234818495543333,0.972039234882402));
#6290=DIRECTION('',(1.24034519167319E-47,-0.972039234882402,-0.234818495543333));
#6291=DIRECTION('',(0.,0.972039234882402,0.234818495543333));
#6292=DIRECTION('',(-1.,0.,0.));
#6293=DIRECTION('',(0.,0.160184236060129,-0.987087134207428));
#6294=DIRECTION('',(-1.,0.,0.));
#6295=DIRECTION('',(0.,-0.987087134207428,-0.160184236060129));
#6296=DIRECTION('',(9.79949649140923E-16,-0.987087134207428,-0.160184236060129));
#6297=DIRECTION('',(-1.,0.,0.));
#6298=DIRECTION('',(0.,0.160184236060129,-0.987087134207428));
#6299=DIRECTION('',(-5.60139951070471E-32,0.987087134207428,0.160184236060129));
#6300=DIRECTION('',(0.938248559043794,-0.341494547835096,-0.0554176438613867));
#6301=DIRECTION('',(0.,0.0846214346995175,-0.996413173733364));
#6302=DIRECTION('',(0.,0.996413173733364,0.0846214346995175));
#6303=DIRECTION('',(0.,-0.996413173733364,-0.0846214346995175));
#6304=DIRECTION('',(1.,0.,0.));
#6305=DIRECTION('',(0.,0.996413173733364,0.0846214346995175));
#6306=DIRECTION('',(0.,0.160184236060127,-0.987087134207428));
#6307=DIRECTION('',(0.,0.987087134207428,0.160184236060127));
#6308=DIRECTION('',(0.,-0.987087134207428,-0.160184236060127));
#6309=DIRECTION('',(1.,0.,0.));
#6310=DIRECTION('',(0.,0.987087134207428,0.160184236060127));
#6311=DIRECTION('',(0.,0.234818495543333,-0.972039234882402));
#6312=DIRECTION('',(0.,0.972039234882402,0.234818495543333));
#6313=DIRECTION('',(0.,-0.972039234882402,-0.234818495543333));
#6314=DIRECTION('',(0.,0.234818495543333,-0.972039234882402));
#6315=DIRECTION('',(1.24034519167319E-47,-0.972039234882402,-0.234818495543333));
#6316=DIRECTION('',(0.936501526879999,-0.340858680129169,-0.0823422754848995));
#6317=DIRECTION('',(0.,0.234818495543333,-0.972039234882402));
#6318=DIRECTION('',(-3.82106145179792E-32,0.972039234882402,0.234818495543333));
#6319=DIRECTION('',(0.,-0.972039234882402,-0.234818495543333));
#6320=DIRECTION('',(0.,0.234818495543333,-0.972039234882402));
#6321=DIRECTION('',(0.,0.972039234882402,0.234818495543333));
#6322=DIRECTION('',(-0.936501526879999,-0.34085868012917,-0.0823422754848996));
#6323=DIRECTION('',(0.,0.234818495543333,-0.972039234882402));
#6324=DIRECTION('',(0.,0.972039234882402,0.234818495543333));
#6325=DIRECTION('',(0.,0.972039234882402,0.234818495543333));
#6326=DIRECTION('',(0.,0.234818495543333,-0.972039234882402));
#6327=DIRECTION('',(1.24034519167319E-47,-0.972039234882402,-0.234818495543333));
#6328=DIRECTION('',(1.,0.,0.));
#6329=DIRECTION('',(-0.936501526879998,0.340858680129171,0.0823422754849));
#6330=DIRECTION('',(0.,0.234818495543333,-0.972039234882402));
#6331=DIRECTION('',(-3.82106145179795E-32,0.972039234882402,0.234818495543333));
#6332=DIRECTION('',(0.,0.972039234882402,0.234818495543333));
#6333=DIRECTION('',(1.,0.,0.));
#6334=DIRECTION('',(0.,0.972039234882402,0.234818495543333));
#6335=DIRECTION('',(0.,0.30690628700119,-0.951739739108935));
#6336=DIRECTION('',(0.,0.951739739108935,0.30690628700119));
#6337=DIRECTION('',(0.,0.30690628700119,-0.951739739108935));
#6338=DIRECTION('',(9.49006273898769E-48,-0.951739739108935,-0.30690628700119));
#6339=DIRECTION('',(-0.934028999756606,0.339958753852841,0.109626061192118));
#6340=DIRECTION('',(1.,0.,0.));
#6341=DIRECTION('',(0.,1.,0.));
#6342=DIRECTION('',(1.,0.,0.));
#6343=DIRECTION('',(0.,-1.,0.));
#6344=DIRECTION('',(1.,0.,0.));
#6345=DIRECTION('',(0.,-1.,0.));
#6346=DIRECTION('',(0.,-0.234818495543333,0.972039234882402));
#6347=DIRECTION('',(0.,-0.972039234882402,-0.234818495543333));
#6348=DIRECTION('',(0.,-0.972039234882402,-0.234818495543333));
#6349=DIRECTION('',(0.,-0.234818495543333,0.972039234882402));
#6350=DIRECTION('',(0.,0.972039234882402,0.234818495543333));
#6351=DIRECTION('',(0.936501526879999,0.34085868012917,0.0823422754848995));
#6352=DIRECTION('',(0.,-0.234818495543333,0.972039234882402));
#6353=DIRECTION('',(0.,0.972039234882402,0.234818495543333));
#6354=DIRECTION('',(0.,0.972039234882402,0.234818495543333));
#6355=DIRECTION('',(0.,-0.234818495543333,0.972039234882402));
#6356=DIRECTION('',(-3.82106145179793E-32,0.972039234882402,0.234818495543333));
#6357=DIRECTION('',(0.,-0.972039234882402,-0.234818495543333));
#6358=DIRECTION('',(1.,0.,0.));
#6359=DIRECTION('',(0.,-0.972039234882402,-0.234818495543333));
#6360=DIRECTION('',(0.,-0.234818495543333,0.972039234882402));
#6361=DIRECTION('',(-3.82106145179795E-32,0.972039234882402,0.234818495543333));
#6362=DIRECTION('',(0.936501526879998,-0.340858680129171,-0.0823422754848999));
#6363=DIRECTION('',(0.,-0.234818495543333,0.972039234882402));
#6364=DIRECTION('',(1.24034519167319E-47,-0.972039234882402,-0.234818495543333));
#6365=DIRECTION('',(0.,-0.377272727272728,0.92610220238168));
#6366=DIRECTION('',(0.,-0.92610220238168,-0.377272727272728));
#6367=DIRECTION('',(0.,-0.92610220238168,-0.377272727272728));
#6368=DIRECTION('',(0.,-0.377272727272728,0.92610220238168));
#6369=DIRECTION('',(2.37826865455132E-32,0.92610220238168,0.377272727272728));
#6370=DIRECTION('',(0.930702107578669,0.338747864127458,0.137998085123338));
#6371=DIRECTION('',(0.,-0.377272727272728,0.92610220238168));
#6372=DIRECTION('',(-7.72003833854015E-48,-0.92610220238168,-0.377272727272728));
#6373=DIRECTION('',(0.,-0.92610220238168,-0.377272727272728));
#6374=DIRECTION('',(-1.,0.,0.));
#6375=DIRECTION('',(0.,-0.92610220238168,-0.377272727272728));
#6376=DIRECTION('',(1.,0.,0.));
#6377=DIRECTION('',(0.,-0.483137944372078,0.875544246002407));
#6378=DIRECTION('',(0.,-0.875544246002407,-0.483137944372078));
#6379=DIRECTION('',(0.923391087470661,-0.336086870426023,-0.185457583039873));
#6380=DIRECTION('',(0.,-0.483137944372078,0.875544246002407));
#6381=DIRECTION('',(6.02842304678935E-48,-0.875544246002407,-0.483137944372078));
#6382=DIRECTION('',(0.,-0.875544246002407,-0.483137944372078));
#6383=DIRECTION('',(-1.,0.,0.));
#6384=DIRECTION('',(0.,-0.875544246002407,-0.483137944372078));
#6385=DIRECTION('',(1.,0.,0.));
#6386=DIRECTION('',(0.,-0.875544246002407,-0.483137944372078));
#6387=DIRECTION('',(0.,-0.483137944372078,0.875544246002407));
#6388=DIRECTION('',(1.85714227570342E-32,0.875544246002407,0.483137944372078));
#6389=DIRECTION('',(0.92339108747066,0.336086870426026,0.185457583039874));
#6390=DIRECTION('',(0.,-0.483137944372078,0.875544246002407));
#6391=DIRECTION('',(-6.02842304678935E-48,-0.875544246002407,-0.483137944372078));
#6392=DIRECTION('',(0.,-0.875544246002407,-0.483137944372078));
#6393=DIRECTION('',(0.,-0.483137944372078,0.875544246002407));
#6394=DIRECTION('',(-1.8571422757034E-32,0.875544246002407,0.483137944372078));
#6395=DIRECTION('',(-0.707106781186548,-0.341630116714025,0.619103273577165));
#6396=DIRECTION('',(0.,-0.875544246002407,-0.483137944372078));
#6397=DIRECTION('',(-0.679184283379348,0.0845283920912963,-0.7290841241866));
#6398=DIRECTION('',(0.58864971041237,-0.769503493126042,0.247701216182425));
#6399=DIRECTION('',(-0.54668537446601,-0.721068676665363,0.425670136228772));
#6400=DIRECTION('',(0.796868031629607,-0.60415340780861,0.));
#6401=DIRECTION('',(1.1169544532635E-15,-0.508361119494754,-0.861143990390713));
#6402=DIRECTION('',(0.679184283379347,-0.679184283379347,-0.278239857714467));
#6403=DIRECTION('',(-0.686093231817539,-0.313520102699281,0.656491601208726));
#6404=DIRECTION('',(0.69134830186046,0.,0.722521643630596));
#6405=DIRECTION('',(-0.588649710412361,-0.291035166980732,-0.754181708881846));
#6406=DIRECTION('',(4.85454296794643E-16,-0.902377051066583,-0.430947395523373));
#6407=DIRECTION('',(-0.707106781186548,-0.707106781186548,0.));
#6408=DIRECTION('',(0.,0.,-1.));
#6409=DIRECTION('',(-0.696618741774445,0.696618741774445,0.171594455671446));
#6410=DIRECTION('',(0.,0.861143990390713,-0.508361119494754));
#6411=DIRECTION('',(-1.,0.,0.));
#6412=DIRECTION('',(0.,0.508361119494754,0.861143990390713));
#6413=DIRECTION('',(0.,0.430947395523373,-0.902377051066583));
#6414=DIRECTION('',(-1.,0.,0.));
#6415=DIRECTION('',(0.,0.902377051066583,0.430947395523373));
#6416=DIRECTION('',(-0.707106781186548,-0.266772103811288,0.654853147375882));
#6417=DIRECTION('',(0.,-0.92610220238168,-0.377272727272728));
#6418=DIRECTION('',(0.59177464150588,-0.730173915118941,0.34153891044867));
#6419=DIRECTION('',(-0.680215664849824,-0.224966003211214,0.697636686744672));
#6420=DIRECTION('',(0.715989933477938,0.,0.698110603814509));
#6421=DIRECTION('',(-0.591774641505915,-0.39309805344546,-0.703758974399571));
#6422=DIRECTION('',(4.76600475180422E-16,-0.951739739108934,-0.306906287001191));
#6423=DIRECTION('',(0.,0.306906287001191,-0.951739739108934));
#6424=DIRECTION('',(-1.,0.,0.));
#6425=DIRECTION('',(0.,0.951739739108935,0.306906287001191));
#6426=DIRECTION('',(-0.707106781186543,-0.166041750546715,0.687335534564734));
#6427=DIRECTION('',(0.,-0.972039234882402,-0.234818495543333));
#6428=DIRECTION('',(0.592014763850873,-0.670568664970556,0.447052776461796));
#6429=DIRECTION('',(-0.67976330759347,-0.117484173316029,0.723960851614115));
#6430=DIRECTION('',(0.729009420457379,0.,0.684503663163607));
#6431=DIRECTION('',(-0.592014763850862,-0.494784222867765,-0.636165931329045));
#6432=DIRECTION('',(-0.707106781186546,-0.0598363903097635,0.704570512010473));
#6433=DIRECTION('',(0.,-0.996413173733364,-0.0846214346995174));
#6434=DIRECTION('',(-0.898794046299167,-0.438371146789079,0.));
#6435=DIRECTION('',(-0.438371146789079,0.898794046299167,0.));
#6436=DIRECTION('',(0.898794046299167,0.438371146789079,0.));
#6437=DIRECTION('',(-0.438371146789079,0.898794046299167,0.));
#6438=DIRECTION('',(0.898794046299167,0.438371146789079,0.));
#6439=DIRECTION('',(-0.438371146789079,0.898794046299167,0.));
#6440=DIRECTION('',(0.438371146789079,-0.898794046299167,0.));
#6441=DIRECTION('',(-0.898794046299167,-0.438371146789079,0.));
#6442=DIRECTION('',(-0.438371146789079,0.898794046299167,0.));
#6443=DIRECTION('',(-0.438371146789079,0.898794046299167,0.));
#6444=DIRECTION('',(0.438371146789079,-0.898794046299167,0.));
#6445=DIRECTION('',(0.898794046299167,0.438371146789079,0.));
#6446=DIRECTION('',(-0.898794046299167,-0.438371146789079,0.));
#6447=DIRECTION('',(-0.438371146789079,0.898794046299167,0.));
#6448=DIRECTION('',(0.898794046299167,0.438371146789079,0.));
#6449=DIRECTION('',(-0.438371146789079,0.898794046299167,0.));
#6450=DIRECTION('',(0.898794046299167,0.438371146789079,0.));
#6451=DIRECTION('',(-0.438371146789079,0.898794046299167,0.));
#6452=DIRECTION('',(0.438371146789079,-0.898794046299167,0.));
#6453=DIRECTION('',(-0.898794046299167,-0.438371146789079,0.));
#6454=DIRECTION('',(-0.43837114678908,0.898794046299166,6.23663652873339E-15));
#6455=DIRECTION('',(-0.898794046299166,-0.43837114678908,0.));
#6456=DIRECTION('',(-0.438371146789079,0.898794046299167,0.));
#6457=DIRECTION('',(-0.309975210571081,0.635543365028236,-0.707106781186548));
#6458=DIRECTION('',(-0.309975210571081,0.635543365028236,0.707106781186548));
#6459=DIRECTION('',(-0.438371146789079,0.898794046299167,0.));
#6460=DIRECTION('',(0.,0.,1.));
#6461=DIRECTION('',(-1.,0.,0.));
#6462=DIRECTION('',(7.79579566091668E-16,3.80226359762943E-16,1.));
#6463=DIRECTION('',(1.,0.,-7.79579566091668E-16));
#6464=DIRECTION('',(0.,0.,1.));
#6465=DIRECTION('',(0.,0.,1.));
#6466=DIRECTION('',(-0.89879404629917,-0.438371146789072,0.));
#6467=DIRECTION('',(-0.438371146789072,0.89879404629917,0.));
#6468=DIRECTION('',(0.898794046299163,0.438371146789086,0.));
#6469=DIRECTION('',(-0.438371146789087,0.898794046299163,0.));
#6470=DIRECTION('',(0.0722192993062732,-0.148071506803817,-0.986336251833298));
#6471=DIRECTION('',(0.,-0.988918538506462,0.148459166770673));
#6472=DIRECTION('',(0.,6.93889390390723E-15,-1.));
#6473=DIRECTION('',(0.,1.,6.93889390390723E-15));
#6474=DIRECTION('',(0.43837114678908,-0.898794046299166,0.));
#6475=DIRECTION('',(0.898794046299166,0.43837114678908,0.));
#6476=DIRECTION('',(0.898794046299168,0.438371146789074,0.));
#6477=DIRECTION('',(-0.438371146789074,0.898794046299169,0.));
#6478=DIRECTION('',(-0.898794046299167,-0.438371146789079,0.));
#6479=DIRECTION('',(-0.438371146789079,0.898794046299167,0.));
#6480=DIRECTION('',(-0.898794046299167,-0.438371146789079,0.));
#6481=DIRECTION('',(-0.898794046299167,-0.438371146789079,0.));
#6482=DIRECTION('',(-0.898794046299167,-0.438371146789079,0.));
#6483=DIRECTION('',(-0.438371146789079,0.898794046299167,0.));
#6484=DIRECTION('',(0.898794046299167,0.438371146789079,0.));
#6485=DIRECTION('',(-0.438371146789079,0.898794046299167,0.));
#6486=DIRECTION('',(0.898794046299167,0.438371146789079,0.));
#6487=DIRECTION('',(-0.438371146789079,0.898794046299167,0.));
#6488=DIRECTION('',(0.0722192993062731,-0.148071506803816,0.986336251833298));
#6489=DIRECTION('',(0.,0.988918538506463,0.148459166770672));
#6490=DIRECTION('',(0.898794046299167,0.438371146789079,0.));
#6491=DIRECTION('',(-0.438371146789079,0.898794046299167,0.));
#6492=DIRECTION('',(0.898794046299167,0.438371146789079,0.));
#6493=DIRECTION('',(-0.438371146789079,0.898794046299167,0.));
#6494=DIRECTION('',(-0.438371146789079,0.898794046299167,0.));
#6495=DIRECTION('',(0.898794046299167,0.438371146789079,0.));
#6496=DIRECTION('',(-0.43837114678908,0.898794046299166,0.));
#6497=DIRECTION('',(-0.898794046299166,-0.43837114678908,0.));
#6498=DIRECTION('',(-0.438371146789079,0.898794046299167,0.));
#6499=DIRECTION('',(-0.438371146789079,0.898794046299167,0.));
#6500=DIRECTION('',(-0.898794046299167,-0.438371146789079,0.));
#6501=DIRECTION('',(-0.438371146789079,0.898794046299167,0.));
#6502=DIRECTION('',(-0.898794046299167,-0.438371146789079,0.));
#6503=DIRECTION('',(-0.94948883032496,0.313800830285929,0.));
#6504=DIRECTION('',(-0.313800830285929,-0.94948883032496,0.));
#6505=DIRECTION('',(-0.898794046299167,-0.438371146789079,0.));
#6506=DIRECTION('',(-0.898794046299166,-0.43837114678908,0.));
#6507=DIRECTION('',(-0.43837114678908,0.898794046299166,0.));
#6508=DIRECTION('',(0.898794046299167,0.438371146789078,0.));
#6509=DIRECTION('',(-0.438371146789078,0.898794046299167,0.));
#6510=DIRECTION('',(-0.438371146789078,0.898794046299167,0.));
#6511=DIRECTION('',(-0.898794046299167,-0.438371146789078,0.));
#6512=DIRECTION('',(-0.898794046299167,-0.438371146789079,0.));
#6513=DIRECTION('',(-0.438371146789079,0.898794046299167,0.));
#6514=DIRECTION('',(0.898794046299167,0.438371146789079,0.));
#6515=DIRECTION('',(-0.438371146789079,0.898794046299167,0.));
#6516=DIRECTION('',(-0.43837114678908,0.898794046299166,3.04181087810357E-15));
#6517=DIRECTION('',(-0.898794046299166,-0.43837114678908,0.));
#6518=DIRECTION('',(0.898794046299167,0.438371146789079,0.));
#6519=DIRECTION('',(-0.438371146789079,0.898794046299167,0.));
#6520=DIRECTION('',(0.168836205090704,-0.346165519895139,0.922856309880524));
#6521=DIRECTION('',(0.,0.936297684923717,0.351207410523308));
#6522=DIRECTION('',(-0.898794046299167,-0.438371146789079,0.));
#6523=DIRECTION('',(-0.438371146789079,0.898794046299167,0.));
#6524=DIRECTION('',(0.168836205090705,-0.346165519895139,-0.922856309880524));
#6525=DIRECTION('',(0.,-0.936297684923717,0.351207410523308));
#6526=DIRECTION('',(0.898794046299167,0.438371146789079,0.));
#6527=DIRECTION('',(-0.438371146789079,0.898794046299167,0.));
#6528=DIRECTION('',(-0.898794046299167,-0.438371146789079,0.));
#6529=DIRECTION('',(-0.438371146789079,0.898794046299167,0.));
#6530=DIRECTION('',(0.898794046299167,0.438371146789079,0.));
#6531=DIRECTION('',(-0.438371146789079,0.898794046299167,0.));
#6532=DIRECTION('',(0.898794046299167,0.438371146789079,0.));
#6533=DIRECTION('',(-0.438371146789079,0.898794046299167,0.));
#6534=DIRECTION('',(-0.898794046299167,-0.438371146789079,0.));
#6535=DIRECTION('',(-0.438371146789079,0.898794046299167,0.));
#6536=DIRECTION('',(-0.898794046299167,-0.438371146789079,0.));
#6537=DIRECTION('',(0.898794046299167,0.438371146789079,0.));
#6538=DIRECTION('',(-0.438371146789079,0.898794046299167,0.));
#6539=DIRECTION('',(0.898794046299167,0.438371146789079,0.));
#6540=DIRECTION('',(0.309975210571081,-0.635543365028236,-0.707106781186548));
#6541=DIRECTION('',(0.309975210571081,-0.635543365028236,0.707106781186548));
#6542=DIRECTION('',(-0.438371146789079,0.898794046299167,0.));
#6543=DIRECTION('',(-0.438371146789079,0.898794046299167,0.));
#6544=DIRECTION('',(0.438371146789079,-0.898794046299167,0.));
#6545=DIRECTION('',(-0.898794046299167,-0.438371146789079,0.));
#6546=DIRECTION('',(0.438371146789072,-0.89879404629917,0.));
#6547=DIRECTION('',(0.89879404629917,0.438371146789072,0.));
#6548=DIRECTION('',(-0.438371146789079,0.898794046299167,0.));
#6549=DIRECTION('',(-0.438371146789079,0.898794046299167,0.));
#6550=DIRECTION('',(-0.898794046299167,-0.438371146789079,0.));
#6551=DIRECTION('',(-0.438371146789079,0.898794046299167,0.));
#6552=DIRECTION('',(-0.898794046299167,-0.438371146789079,0.));
#6553=DIRECTION('',(-0.898794046299167,-0.438371146789079,0.));
#6554=DIRECTION('',(0.438371146789079,-0.898794046299167,0.));
#6555=DIRECTION('',(-0.898794046299167,-0.438371146789079,0.));
#6556=DIRECTION('',(-0.898794046299167,-0.438371146789079,0.));
#6557=DIRECTION('',(-0.438371146789079,0.898794046299167,0.));
#6558=DIRECTION('',(0.898794046299167,0.438371146789079,0.));
#6559=DIRECTION('',(-0.898794046299167,-0.438371146789079,0.));
#6560=DIRECTION('',(0.438371146789079,-0.898794046299167,0.));
#6561=DIRECTION('',(-0.898794046299167,-0.438371146789079,0.));
#6562=DIRECTION('',(0.,0.,1.));
#6563=DIRECTION('',(-1.,0.,0.));
#6564=DIRECTION('',(0.,0.,-1.));
#6565=DIRECTION('',(-1.,0.,0.));
#6566=DIRECTION('',(0.,0.,1.));
#6567=DIRECTION('',(0.,0.,1.));
#6568=DIRECTION('',(-0.438371146789072,0.89879404629917,0.));
#6569=DIRECTION('',(0.89879404629917,0.438371146789072,0.));
#6570=DIRECTION('',(0.898794046299166,0.43837114678908,3.04181087810357E-15));
#6571=DIRECTION('',(-0.43837114678908,0.898794046299166,0.));
#6572=DIRECTION('',(0.898794046299167,0.438371146789079,0.));
#6573=DIRECTION('',(0.438371146789079,-0.898794046299167,0.));
#6574=DIRECTION('',(-0.898794046299167,-0.438371146789079,0.));
#6575=DIRECTION('',(-0.94948883032496,0.31380083028593,0.));
#6576=DIRECTION('',(0.31380083028593,0.94948883032496,0.));
#6577=DIRECTION('',(-0.898794046299167,-0.438371146789079,0.));
#6578=DIRECTION('',(-0.898794046299167,-0.438371146789079,0.));
#6579=DIRECTION('',(-0.438371146789079,0.898794046299167,0.));
#6580=DIRECTION('',(-0.898794046299167,-0.438371146789079,0.));
#6581=DIRECTION('',(0.438371146789079,-0.898794046299167,0.));
#6582=DIRECTION('',(0.,0.,1.));
#6583=DIRECTION('',(-1.,0.,0.));
#6584=DIRECTION('',(0.,0.,1.));
#6585=DIRECTION('',(1.,0.,0.));
#6586=DIRECTION('',(0.,0.,-1.));
#6587=DIRECTION('',(-1.,0.,0.));
#6588=DIRECTION('',(0.,0.,1.));
#6589=DIRECTION('',(-1.,0.,0.));
#6590=DIRECTION('',(0.,0.,1.));
#6591=DIRECTION('',(1.,0.,0.));
#6592=DIRECTION('',(0.,0.,-1.));
#6593=DIRECTION('',(-1.,0.,0.));
#6594=DIRECTION('',(0.,0.,1.));
#6595=DIRECTION('',(-1.,0.,0.));
#6596=DIRECTION('',(0.,0.,1.));
#6597=DIRECTION('',(1.,0.,0.));
#6598=DIRECTION('',(0.,0.,-1.));
#6599=DIRECTION('',(-1.,0.,0.));
#6600=DIRECTION('',(0.,0.,1.));
#6601=DIRECTION('',(-1.,0.,0.));
#6602=DIRECTION('',(0.,0.,1.));
#6603=DIRECTION('',(1.,0.,0.));
#6604=DIRECTION('',(0.,0.,-1.));
#6605=DIRECTION('',(-1.,0.,0.));
#6606=DIRECTION('',(0.,0.,1.));
#6607=DIRECTION('',(-1.,0.,0.));
#6608=DIRECTION('',(0.,0.,-1.));
#6609=DIRECTION('',(-1.,0.,0.));
#6610=DIRECTION('',(0.,0.,1.));
#6611=DIRECTION('',(1.,0.,0.));
#6612=DIRECTION('',(0.,0.,1.));
#6613=DIRECTION('',(-1.,0.,0.));
#6614=DIRECTION('',(0.,0.,-1.));
#6615=DIRECTION('',(-1.,0.,0.));
#6616=DIRECTION('',(0.,0.,1.));
#6617=DIRECTION('',(1.,0.,0.));
#6618=DIRECTION('',(0.,0.,1.));
#6619=DIRECTION('',(-1.,0.,0.));
#6620=DIRECTION('',(0.,0.,-1.));
#6621=DIRECTION('',(-1.,0.,0.));
#6622=DIRECTION('',(0.,0.,1.));
#6623=DIRECTION('',(1.,0.,0.));
#6624=DIRECTION('',(0.,0.,1.));
#6625=DIRECTION('',(-1.,0.,0.));
#6626=DIRECTION('',(0.,0.,-1.));
#6627=DIRECTION('',(-1.,0.,0.));
#6628=DIRECTION('',(0.,0.,1.));
#6629=DIRECTION('',(1.,0.,0.));
#6630=DIRECTION('',(0.,0.,1.));
#6631=DIRECTION('',(-1.,0.,0.));
#6632=DIRECTION('',(0.,0.,-1.));
#6633=DIRECTION('',(-1.,0.,0.));
#6634=DIRECTION('',(0.,0.,-1.));
#6635=DIRECTION('',(1.,0.,0.));
#6636=DIRECTION('',(0.,0.,-1.));
#6637=DIRECTION('',(-1.,0.,0.));
#6638=DIRECTION('',(0.,0.,1.));
#6639=DIRECTION('',(-1.,0.,0.));
#6640=DIRECTION('',(0.,0.,-1.));
#6641=DIRECTION('',(-1.,0.,0.));
#6642=DIRECTION('',(0.,0.,-1.));
#6643=DIRECTION('',(1.,0.,0.));
#6644=DIRECTION('',(0.,0.,-1.));
#6645=DIRECTION('',(-1.,0.,0.));
#6646=DIRECTION('',(0.,0.,1.));
#6647=DIRECTION('',(-1.,0.,0.));
#6648=DIRECTION('',(0.,0.,-1.));
#6649=DIRECTION('',(-1.,0.,0.));
#6650=DIRECTION('',(0.,0.,-1.));
#6651=DIRECTION('',(1.,0.,0.));
#6652=DIRECTION('',(0.,0.,-1.));
#6653=DIRECTION('',(-1.,0.,0.));
#6654=DIRECTION('',(0.,0.,1.));
#6655=DIRECTION('',(-1.,0.,0.));
#6656=DIRECTION('',(0.,0.,-1.));
#6657=DIRECTION('',(-1.,0.,0.));
#6658=DIRECTION('',(0.,0.,-1.));
#6659=DIRECTION('',(1.,0.,0.));
#6660=DIRECTION('',(0.,0.,-1.));
#6661=DIRECTION('',(-1.,0.,0.));
#6662=DIRECTION('',(0.,0.,1.));
#6663=DIRECTION('',(-1.,0.,0.));
#6664=DIRECTION('',(0.,0.,-1.));
#6665=DIRECTION('',(-1.,0.,0.));
#6666=DIRECTION('',(0.,0.,1.));
#6667=DIRECTION('',(-1.,0.,0.));
#6668=DIRECTION('',(0.,0.,-1.));
#6669=DIRECTION('',(-1.,0.,0.));
#6670=DIRECTION('',(0.,0.,1.));
#6671=DIRECTION('',(-1.,0.,0.));
#6672=DIRECTION('',(0.,0.,-1.));
#6673=DIRECTION('',(-1.,0.,0.));
#6674=DIRECTION('',(0.,0.,1.));
#6675=DIRECTION('',(-1.,0.,0.));
#6676=DIRECTION('',(0.,0.,-1.));
#6677=DIRECTION('',(-1.,0.,0.));
#6678=DIRECTION('',(0.,0.,1.));
#6679=DIRECTION('',(-1.,0.,0.));
#6680=DIRECTION('',(0.,0.,-1.));
#6681=DIRECTION('',(-1.,0.,0.));
#6682=DIRECTION('',(0.,0.,1.));
#6683=DIRECTION('',(-1.,0.,0.));
#6684=DIRECTION('',(0.,0.,-1.));
#6685=DIRECTION('',(-1.,0.,0.));
#6686=DIRECTION('',(0.,0.,1.));
#6687=DIRECTION('',(-1.,0.,0.));
#6688=DIRECTION('',(0.,0.,-1.));
#6689=DIRECTION('',(-1.,0.,0.));
#6690=DIRECTION('',(0.,0.,1.));
#6691=DIRECTION('',(-1.,0.,0.));
#6692=DIRECTION('',(0.,0.,-1.));
#6693=DIRECTION('',(-1.,0.,0.));
#6694=DIRECTION('',(-0.438371146789079,0.898794046299167,0.));
#6695=DIRECTION('',(0.898794046299167,0.438371146789079,0.));
#6696=DIRECTION('',(0.,0.,-1.));
#6697=DIRECTION('',(-0.898794046299167,-0.438371146789079,0.));
#6698=DIRECTION('',(-0.898794046299167,-0.438371146789079,0.));
#6699=DIRECTION('',(0.,0.,-1.));
#6700=DIRECTION('',(1.,0.,0.));
#6701=DIRECTION('',(0.,0.,-1.));
#6702=DIRECTION('',(-1.,0.,0.));
#6703=DIRECTION('',(0.,0.,-1.));
#6704=DIRECTION('',(-1.,0.,0.));
#6705=DIRECTION('',(0.,-1.,0.));
#6706=DIRECTION('',(0.,0.,-1.));
#6707=DIRECTION('',(1.,0.,0.));
#6708=DIRECTION('',(0.,0.,-1.));
#6709=DIRECTION('',(-1.,0.,0.));
#6710=DIRECTION('',(0.,0.,-1.));
#6711=DIRECTION('',(-1.,0.,0.));
#6712=DIRECTION('',(0.,-1.,0.));
#6713=DIRECTION('',(-0.898794046299167,-0.438371146789079,0.));
#6714=DIRECTION('',(-0.438371146789079,0.898794046299167,0.));
#6715=DIRECTION('',(-0.998107594818162,-0.0614916999789668,0.));
#6716=DIRECTION('',(0.0614916999789668,-0.998107594818162,0.));
#6717=DIRECTION('',(-0.898794046299167,-0.438371146789079,0.));
#6718=DIRECTION('',(0.438371146789079,-0.898794046299167,0.));
#6719=DIRECTION('',(-0.898794046299167,-0.438371146789079,0.));
#6720=DIRECTION('',(-0.438371146789079,0.898794046299167,0.));
#6721=DIRECTION('',(-0.898794046299167,-0.438371146789079,0.));
#6722=DIRECTION('',(-0.438371146789079,0.898794046299167,0.));
#6723=DIRECTION('',(-0.998869653788996,0.047533301373379,0.));
#6724=DIRECTION('',(-0.047533301373379,-0.998869653788996,0.));
#6725=DIRECTION('',(0.,0.,-1.));
#6726=DIRECTION('',(1.,0.,0.));
#6727=DIRECTION('',(0.,0.,-1.));
#6728=DIRECTION('',(-1.,0.,0.));
#6729=DIRECTION('',(0.,0.,-1.));
#6730=DIRECTION('',(-1.,0.,0.));
#6731=DIRECTION('',(0.,0.,-1.));
#6732=DIRECTION('',(1.,0.,0.));
#6733=DIRECTION('',(0.,0.,-1.));
#6734=DIRECTION('',(-1.,0.,0.));
#6735=DIRECTION('',(0.,0.,-1.));
#6736=DIRECTION('',(-1.,0.,0.));
#6737=DIRECTION('',(-0.898794046299167,-0.438371146789079,0.));
#6738=DIRECTION('',(-0.438371146789079,0.898794046299167,0.));
#6739=DIRECTION('',(0.,1.,0.));
#6740=DIRECTION('',(0.,0.,1.));
#6741=DIRECTION('',(0.,0.,1.));
#6742=DIRECTION('',(1.,0.,0.));
#6743=DIRECTION('',(0.,0.,-1.));
#6744=DIRECTION('',(-1.,0.,0.));
#6745=DIRECTION('',(0.,0.,1.));
#6746=DIRECTION('',(1.,0.,0.));
#6747=DIRECTION('',(0.,1.,0.));
#6748=DIRECTION('',(0.,0.,1.));
#6749=DIRECTION('',(0.,1.,0.));
#6750=DIRECTION('',(0.,0.,1.));
#6751=DIRECTION('',(0.,1.,0.));
#6752=DIRECTION('',(0.,0.,1.));
#6753=DIRECTION('',(1.,0.,0.));
#6754=DIRECTION('',(0.,0.,-1.));
#6755=DIRECTION('',(0.,0.421146426986373,-0.906992660960723));
#6756=DIRECTION('',(0.,0.906992660960723,0.421146426986373));
#6757=DIRECTION('',(0.,-1.,0.));
#6758=DIRECTION('',(0.,0.,-1.));
#6759=DIRECTION('',(0.,1.,0.));
#6760=DIRECTION('',(0.,0.,1.));
#6761=DIRECTION('',(0.,-0.421146426986372,-0.906992660960723));
#6762=DIRECTION('',(0.,0.906992660960723,-0.421146426986372));
#6763=DIRECTION('',(1.,0.,0.));
#6764=DIRECTION('',(0.,0.,-1.));
#6765=DIRECTION('',(-0.0116380014844659,0.0238614391518982,-0.999647532204751));
#6766=DIRECTION('',(0.,0.999715236752027,0.0238630552494557));
#6767=DIRECTION('',(-0.898794046299167,-0.438371146789079,0.));
#6768=DIRECTION('',(0.438371146789079,-0.898794046299167,0.));
#6769=DIRECTION('',(0.0116380014844659,-0.0238614391518982,-0.999647532204751));
#6770=DIRECTION('',(0.,0.999715236752027,-0.0238630552494557));
#6771=DIRECTION('',(0.,0.30690628700119,-0.951739739108935));
#6772=DIRECTION('',(0.,0.951739739108935,0.30690628700119));
#6773=DIRECTION('',(0.,0.951739739108935,0.30690628700119));
#6774=DIRECTION('',(1.,0.,0.));
#6775=DIRECTION('',(0.,0.951739739108935,0.30690628700119));
#6776=DIRECTION('',(0.,0.377272727272728,-0.92610220238168));
#6777=DIRECTION('',(0.,0.92610220238168,0.377272727272728));
#6778=DIRECTION('',(-0.930702107578669,-0.338747864127458,-0.137998085123338));
#6779=DIRECTION('',(0.,0.377272727272728,-0.92610220238168));
#6780=DIRECTION('',(2.37826865455132E-32,0.92610220238168,0.377272727272728));
#6781=DIRECTION('',(0.,0.92610220238168,0.377272727272728));
#6782=DIRECTION('',(1.,0.,0.));
#6783=DIRECTION('',(0.,0.92610220238168,0.377272727272728));
#6784=DIRECTION('',(0.,0.92610220238168,0.377272727272728));
#6785=DIRECTION('',(0.,0.377272727272728,-0.92610220238168));
#6786=DIRECTION('',(-7.72003833854015E-48,-0.92610220238168,-0.377272727272728));
#6787=DIRECTION('',(0.,0.430947395523372,-0.902377051066583));
#6788=DIRECTION('',(0.,0.902377051066583,0.430947395523373));
#6789=DIRECTION('',(0.,0.902377051066583,0.430947395523373));
#6790=DIRECTION('',(1.,0.,0.));
#6791=DIRECTION('',(0.,0.902377051066583,0.430947395523373));
#6792=DIRECTION('',(0.,0.483137944372078,-0.875544246002407));
#6793=DIRECTION('',(0.,0.875544246002407,0.483137944372078));
#6794=DIRECTION('',(0.,0.875544246002407,0.483137944372078));
#6795=DIRECTION('',(0.,0.483137944372078,-0.875544246002407));
#6796=DIRECTION('',(6.02842304678934E-48,-0.875544246002407,-0.483137944372078));
#6797=DIRECTION('',(-0.923391087470661,0.336086870426023,0.185457583039873));
#6798=DIRECTION('',(0.,0.483137944372078,-0.875544246002407));
#6799=DIRECTION('',(-1.8571422757034E-32,0.875544246002407,0.483137944372078));
#6800=DIRECTION('',(0.,0.875544246002407,0.483137944372078));
#6801=DIRECTION('',(0.,0.483137944372078,-0.875544246002407));
#6802=DIRECTION('',(-6.02842304678935E-48,-0.875544246002407,-0.483137944372078));
#6803=DIRECTION('',(-0.92339108747066,-0.336086870426026,-0.185457583039874));
#6804=DIRECTION('',(0.,0.483137944372078,-0.875544246002407));
#6805=DIRECTION('',(1.85714227570341E-32,0.875544246002407,0.483137944372078));
#6806=DIRECTION('',(0.,0.875544246002407,0.483137944372078));
#6807=DIRECTION('',(1.,0.,0.));
#6808=DIRECTION('',(0.,0.875544246002407,0.483137944372078));
#6809=DIRECTION('',(0.,-0.861143990390715,0.50836111949475));
#6810=DIRECTION('',(0.,-0.50836111949475,-0.861143990390715));
#6811=DIRECTION('',(0.,-0.50836111949475,-0.861143990390715));
#6812=DIRECTION('',(1.,0.,0.));
#6813=DIRECTION('',(0.,-0.861143990390715,0.50836111949475));
#6814=DIRECTION('',(0.,-0.50836111949475,-0.861143990390715));
#6815=DIRECTION('',(0.,-1.,0.));
#6816=DIRECTION('',(0.,0.,-1.));
#6817=DIRECTION('',(0.,-1.,0.));
#6818=DIRECTION('',(0.,0.,-1.));
#6819=DIRECTION('',(0.,-1.,0.));
#6820=DIRECTION('',(0.,0.,-1.));
#6821=DIRECTION('',(0.,0.,-1.));
#6822=DIRECTION('',(1.,0.,0.));
#6823=DIRECTION('',(0.,-1.,0.));
#6824=DIRECTION('',(0.,0.,-1.));
#6825=DIRECTION('',(0.,-0.875544246002407,-0.483137944372078));
#6826=DIRECTION('',(0.,0.483137944372078,-0.875544246002407));
#6827=DIRECTION('',(0.,-0.889343577021925,-0.457239545544617));
#6828=DIRECTION('',(0.,-0.45723954554462,0.889343577021923));
#6829=DIRECTION('',(0.,-0.902377051066583,-0.430947395523373));
#6830=DIRECTION('',(0.,0.430947395523372,-0.902377051066583));
#6831=DIRECTION('',(0.,-0.914633444378475,-0.404284135756483));
#6832=DIRECTION('',(0.,-0.404284135756484,0.914633444378475));
#6833=DIRECTION('',(0.,-0.92610220238168,-0.377272727272728));
#6834=DIRECTION('',(0.,0.377272727272728,-0.92610220238168));
#6835=DIRECTION('',(0.,-0.939579931822957,-0.342329595150007));
#6836=DIRECTION('',(0.,-0.342329595150005,0.939579931822958));
#6837=DIRECTION('',(0.,-0.951739739108935,-0.30690628700119));
#6838=DIRECTION('',(0.,0.30690628700119,-0.951739739108935));
#6839=DIRECTION('',(0.,-0.962564568022378,-0.271052490097199));
#6840=DIRECTION('',(0.,-0.271052490097201,0.962564568022378));
#6841=DIRECTION('',(0.,-0.972039234882402,-0.234818495543333));
#6842=DIRECTION('',(0.,0.234818495543333,-0.972039234882402));
#6843=DIRECTION('',(0.,-0.980273737630427,-0.197644628847012));
#6844=DIRECTION('',(0.,-0.19764462884701,0.980273737630427));
#6845=DIRECTION('',(0.,-0.987087134207428,-0.160184236060127));
#6846=DIRECTION('',(0.,0.160184236060127,-0.987087134207428));
#6847=DIRECTION('',(0.,-0.992469547209218,-0.122491623641495));
#6848=DIRECTION('',(0.,-0.122491623641497,0.992469547209218));
#6849=DIRECTION('',(0.,-0.996413173733364,-0.0846214346995175));
#6850=DIRECTION('',(0.,0.0846214346995175,-0.996413173733364));
#6851=DIRECTION('',(0.,0.,-1.));
#6852=DIRECTION('',(-1.,0.,0.));
#6853=DIRECTION('',(1.,0.,0.));
#6854=DIRECTION('',(0.,-0.16368748541506,-0.986512243775258));
#6855=DIRECTION('',(0.,0.986512243775258,-0.16368748541506));
#6856=DIRECTION('',(1.,0.,0.));
#6857=DIRECTION('',(1.,0.,0.));
#6858=DIRECTION('',(0.,-0.322959417029486,-0.946412814236988));
#6859=DIRECTION('',(0.,0.946412814236988,-0.322959417029486));
#6860=DIRECTION('',(1.,0.,0.));
#6861=DIRECTION('',(0.,-0.450024049910286,-0.89301643574032));
#6862=DIRECTION('',(0.,0.89301643574032,-0.450024049910286));
#6863=DIRECTION('',(1.,0.,0.));
#6864=DIRECTION('',(0.,-0.885590130520359,-0.464467566924682));
#6865=DIRECTION('',(0.,0.464467566924682,-0.885590130520359));
#6866=DIRECTION('',(1.,0.,0.));
#6867=DIRECTION('',(1.,0.,0.));
#6868=DIRECTION('',(0.,-0.239175531231384,0.970976346395825));
#6869=DIRECTION('',(0.,-0.970976346395825,-0.239175531231384));
#6870=DIRECTION('',(0.,-0.970976346395825,-0.239175531231384));
#6871=DIRECTION('',(-0.34202014332567,-0.939692620785908,-2.26797474710189E-16));
#6872=DIRECTION('',(0.939692620785908,-0.34202014332567,0.));
#6873=DIRECTION('',(-1.23259516440783E-32,-2.41352831440252E-16,1.));
#6874=DIRECTION('',(-2.46519032881566E-32,-2.41352831440252E-16,1.));
#6875=DIRECTION('',(-1.,0.,0.));
#6876=DIRECTION('',(0.,0.,1.));
#6877=DIRECTION('',(0.,-2.41352831440252E-16,1.));
#6878=DIRECTION('',(0.,-2.41352831440252E-16,1.));
#6879=DIRECTION('',(0.34202014332567,-0.939692620785908,-2.26797474710189E-16));
#6880=DIRECTION('',(0.939692620785908,0.34202014332567,0.));
#6881=DIRECTION('',(2.99321924757841E-32,-2.41352831440252E-16,1.));
#6882=DIRECTION('',(1.76062408317058E-32,-2.41352831440252E-16,1.));
#6883=DIRECTION('',(-1.,0.,0.));
#6884=DIRECTION('',(0.,0.,1.));
#6885=DIRECTION('',(0.,-2.41352831440252E-16,1.));
#6886=DIRECTION('',(0.,-2.41352831440252E-16,1.));
#6887=DIRECTION('',(-0.342020143325672,-0.939692620785907,-2.26797474710189E-16));
#6888=DIRECTION('',(0.939692620785907,-0.342020143325672,0.));
#6889=DIRECTION('',(0.,-2.41352831440252E-16,1.));
#6890=DIRECTION('',(-1.23259516440783E-32,-2.41352831440252E-16,1.));
#6891=DIRECTION('',(-1.,0.,0.));
#6892=DIRECTION('',(0.,0.,1.));
#6893=DIRECTION('',(0.,-2.41352831440252E-16,1.));
#6894=DIRECTION('',(0.,-2.41352831440252E-16,1.));
#6895=DIRECTION('',(0.342020143325675,-0.939692620785906,-2.26797474710189E-16));
#6896=DIRECTION('',(0.939692620785906,0.342020143325675,0.));
#6897=DIRECTION('',(1.23259516440783E-32,-2.41352831440252E-16,1.));
#6898=DIRECTION('',(7.43345839974012E-34,-2.41352831440252E-16,1.));
#6899=DIRECTION('',(-1.,0.,0.));
#6900=DIRECTION('',(0.,0.,1.));
#6901=DIRECTION('',(0.,-2.41352831440252E-16,1.));
#6902=DIRECTION('',(1.,0.,0.));
#6903=DIRECTION('',(0.,0.,-1.));
#6904=DIRECTION('',(0.,-2.41352831440252E-16,1.));
#6905=DIRECTION('',(0.342020143325668,0.939692620785908,2.26797474710189E-16));
#6906=DIRECTION('',(-0.939692620785909,0.342020143325668,0.));
#6907=DIRECTION('',(-1.15826058041043E-32,-2.41352831440252E-16,1.));
#6908=DIRECTION('',(-2.39085574481826E-32,-2.41352831440252E-16,1.));
#6909=DIRECTION('',(1.,0.,0.));
#6910=DIRECTION('',(0.,0.,-1.));
#6911=DIRECTION('',(0.,-2.41352831440252E-16,1.));
#6912=DIRECTION('',(0.,-2.41352831440252E-16,1.));
#6913=DIRECTION('',(0.342020143325669,-0.939692620785908,-2.26797474710189E-16));
#6914=DIRECTION('',(0.939692620785909,0.342020143325669,0.));
#6915=DIRECTION('',(-1.76062408317057E-32,-2.41352831440252E-16,1.));
#6916=DIRECTION('',(-1.76062408317057E-32,-2.41352831440252E-16,1.));
#6917=DIRECTION('',(-1.,0.,0.));
#6918=DIRECTION('',(0.,0.,1.));
#6919=DIRECTION('',(0.,-2.41352831440252E-16,1.));
#6920=DIRECTION('',(0.,-2.41352831440252E-16,1.));
#6921=DIRECTION('',(1.,0.,0.));
#6922=DIRECTION('',(0.,0.,-1.));
#6923=DIRECTION('',(1.,0.,0.));
#6924=DIRECTION('',(0.,0.,-1.));
#6925=DIRECTION('',(-0.898794046299167,-0.438371146789079,0.));
#6926=DIRECTION('',(0.438371146789079,-0.898794046299167,0.));
#6927=DIRECTION('',(-1.,6.12323399573674E-17,0.));
#6928=DIRECTION('',(-6.12323399573674E-17,-1.,0.));
#6929=DIRECTION('',(-1.,6.12323399573674E-17,0.));
#6930=DIRECTION('',(6.12323399573674E-17,1.,0.));
#6931=DIRECTION('',(-1.,6.12323399573674E-17,0.));
#6932=DIRECTION('',(-6.12323399573674E-17,-1.,0.));
#6933=DIRECTION('',(-1.,6.12323399573674E-17,0.));
#6934=DIRECTION('',(-6.12323399573674E-17,-1.,0.));
#6935=DIRECTION('',(-1.,0.,0.));
#6936=DIRECTION('',(0.,0.,1.));
#6937=DIRECTION('',(-1.,0.,0.));
#6938=DIRECTION('',(0.,0.,1.));
#6939=DIRECTION('',(1.,0.,0.));
#6940=DIRECTION('',(0.,0.,-1.));
#6941=DIRECTION('',(-1.,6.12323399573674E-17,0.));
#6942=DIRECTION('',(6.12323399573674E-17,1.,0.));
#6943=DIRECTION('',(-1.,6.12323399573674E-17,0.));
#6944=DIRECTION('',(-6.12323399573674E-17,-1.,0.));
#6945=DIRECTION('',(-1.,6.12323399573674E-17,0.));
#6946=DIRECTION('',(-6.12323399573674E-17,-1.,0.));
#6947=DIRECTION('',(-1.,0.,0.));
#6948=DIRECTION('',(0.,0.,1.));
#6949=DIRECTION('',(-1.,0.,0.));
#6950=DIRECTION('',(0.,0.,1.));
#6951=DIRECTION('',(1.,0.,0.));
#6952=DIRECTION('',(0.,0.,-1.));
#6953=DIRECTION('',(1.,0.,0.));
#6954=DIRECTION('',(0.,0.,-1.));
#6955=DIRECTION('',(0.,0.965925826289045,0.258819045102607));
#6956=DIRECTION('',(0.,-0.258819045102607,0.965925826289045));
#6957=DIRECTION('',(1.,0.,0.));
#6958=DIRECTION('',(1.,0.,0.));
#6959=DIRECTION('',(0.,-0.965925826289068,0.258819045102521));
#6960=DIRECTION('',(0.,-0.258819045102521,-0.965925826289068));
#6961=DIRECTION('',(1.,0.,0.));
#6962=DIRECTION('',(1.,0.,0.));
#6963=DIRECTION('',(0.,0.,-1.));
#6964=DIRECTION('',(-1.,0.,0.));
#6965=DIRECTION('',(1.,0.,0.));
#6966=DIRECTION('',(1.,0.,0.));
#6967=DIRECTION('',(-1.,0.,0.));
#6968=DIRECTION('',(0.,-1.,0.));
#6969=DIRECTION('',(-1.,0.,0.));
#6970=DIRECTION('',(0.,0.965925826289047,0.258819045102599));
#6971=DIRECTION('',(0.,-0.258819045102599,0.965925826289048));
#6972=DIRECTION('',(1.,0.,0.));
#6973=DIRECTION('',(1.,0.,0.));
#6974=DIRECTION('',(0.,-0.965925826289068,0.258819045102521));
#6975=DIRECTION('',(0.,-0.258819045102521,-0.965925826289068));
#6976=DIRECTION('',(1.,0.,0.));
#6977=DIRECTION('',(1.,0.,0.));
#6978=DIRECTION('',(0.,1.,0.));
#6979=DIRECTION('',(0.,0.,1.));
#6980=DIRECTION('',(1.,0.,0.));
#6981=DIRECTION('',(1.,0.,0.));
#6982=DIRECTION('',(0.,-0.709877267176053,0.704325397488021));
#6983=DIRECTION('',(0.,-0.704325397488021,-0.709877267176053));
#6984=DIRECTION('',(1.,0.,0.));
#6985=DIRECTION('',(1.,0.,0.));
#6986=DIRECTION('',(0.,-0.332384870609552,-0.943143837275032));
#6987=DIRECTION('',(0.,0.943143837275032,-0.332384870609552));
#6988=DIRECTION('',(1.,0.,0.));
#6989=DIRECTION('',(1.,0.,0.));
#6990=DIRECTION('',(0.,1.,0.));
#6991=DIRECTION('',(0.,0.,1.));
#6992=DIRECTION('',(1.,0.,0.));
#6993=DIRECTION('',(0.,-0.353525086288475,0.93542504422574));
#6994=DIRECTION('',(0.,-0.93542504422574,-0.353525086288475));
#6995=DIRECTION('',(1.,0.,0.));
#6996=DIRECTION('',(0.,-0.568539758505852,-0.822655786461207));
#6997=DIRECTION('',(0.,0.822655786461208,-0.568539758505852));
#6998=DIRECTION('',(1.,0.,0.));
#6999=DIRECTION('',(-1.,0.,0.));
#7000=DIRECTION('',(0.,-0.822655786461208,0.568539758505852));
#7001=DIRECTION('',(1.,0.,0.));
#7002=DIRECTION('',(1.,0.,0.));
#7003=DIRECTION('',(0.,-0.822655786461208,0.568539758505851));
#7004=DIRECTION('',(0.,-0.568539758505852,-0.822655786461208));
#7005=DIRECTION('',(-1.,0.,0.));
#7006=DIRECTION('',(0.,0.568539758505852,0.822655786461208));
#7007=DIRECTION('',(0.,0.822655786461208,-0.568539758505851));
#7008=DIRECTION('',(0.,0.568539758505851,0.822655786461208));
#7009=DIRECTION('',(0.,-0.568539758505851,-0.822655786461208));
#7010=DIRECTION('',(-1.,0.,0.));
#7011=DIRECTION('',(0.,-0.760021647440945,-0.649897757667429));
#7012=DIRECTION('',(0.,0.649897757667429,-0.760021647440945));
#7013=DIRECTION('',(0.,-0.649897757667429,0.760021647440945));
#7014=DIRECTION('',(-1.,0.,0.));
#7015=DIRECTION('',(-1.,0.,0.));
#7016=DIRECTION('',(0.,0.649897757667428,-0.760021647440945));
#7017=DIRECTION('',(0.,0.760021647440945,0.649897757667428));
#7018=DIRECTION('',(0.,-0.760021647440945,-0.649897757667428));
#7019=DIRECTION('',(-1.,0.,0.));
#7020=DIRECTION('',(-1.,0.,0.));
#7021=DIRECTION('',(0.,0.760021647440945,0.649897757667429));
#7022=DIRECTION('',(0.,-0.649897757667429,0.760021647440945));
#7023=DIRECTION('',(0.,0.649897757667429,-0.760021647440945));
#7024=DIRECTION('',(-1.,0.,0.));
#7025=DIRECTION('',(-1.,0.,0.));
#7026=DIRECTION('',(0.,-0.649897757667429,0.760021647440945));
#7027=DIRECTION('',(0.,-0.760021647440945,-0.649897757667429));
#7028=DIRECTION('',(0.,0.760021647440945,0.649897757667429));
#7029=DIRECTION('',(-1.,0.,0.));
#7030=DIRECTION('',(-1.,0.,0.));
#7031=DIRECTION('',(0.,-0.760021647440945,-0.649897757667429));
#7032=DIRECTION('',(0.,0.649897757667429,-0.760021647440945));
#7033=DIRECTION('',(-1.,0.,0.));
#7034=DIRECTION('',(0.,-0.649897757667429,0.760021647440945));
#7035=DIRECTION('',(-1.,0.,0.));
#7036=DIRECTION('',(1.,0.,0.));
#7037=DIRECTION('',(0.,1.,0.));
#7038=DIRECTION('',(1.,0.,0.));
#7039=DIRECTION('',(0.,0.,-1.));
#7040=DIRECTION('',(1.,0.,0.));
#7041=DIRECTION('',(0.,0.,-1.));
#7042=DIRECTION('',(1.,0.,0.));
#7043=DIRECTION('',(0.,0.,-1.));
#7044=DIRECTION('',(1.,0.,0.));
#7045=DIRECTION('',(0.,0.,-1.));
#7046=DIRECTION('',(1.,0.,0.));
#7047=DIRECTION('',(0.,0.,-1.));
#7048=DIRECTION('',(1.,0.,0.));
#7049=DIRECTION('',(0.,0.,-1.));
#7050=DIRECTION('',(1.,0.,0.));
#7051=DIRECTION('',(0.,0.,-1.));
#7052=DIRECTION('',(0.,-0.939692620785907,0.342020143325673));
#7053=DIRECTION('',(0.,-0.342020143325673,-0.939692620785907));
#7054=DIRECTION('',(0.,0.342020143325673,0.939692620785907));
#7055=DIRECTION('',(-1.,0.,0.));
#7056=DIRECTION('',(0.,1.33440267382831E-16,-1.));
#7057=DIRECTION('',(0.,1.,1.33440267382831E-16));
#7058=DIRECTION('',(-1.,0.,0.));
#7059=DIRECTION('',(0.,-1.,-1.33440267382831E-16));
#7060=DIRECTION('',(-1.,0.,0.));
#7061=DIRECTION('',(0.,0.939692620785907,0.342020143325672));
#7062=DIRECTION('',(0.,-0.342020143325672,0.939692620785907));
#7063=DIRECTION('',(-1.,0.,0.));
#7064=DIRECTION('',(0.,0.342020143325672,-0.939692620785907));
#7065=DIRECTION('',(1.,0.,0.));
#7066=DIRECTION('',(0.,1.,0.));
#7067=DIRECTION('',(1.,0.,0.));
#7068=DIRECTION('',(0.,0.,-1.));
#7069=DIRECTION('',(1.,0.,0.));
#7070=DIRECTION('',(0.,0.,-1.));
#7071=DIRECTION('',(1.,0.,0.));
#7072=DIRECTION('',(0.,0.,-1.));
#7073=DIRECTION('',(0.,0.939692620785909,-0.342020143325668));
#7074=DIRECTION('',(0.,0.342020143325668,0.939692620785909));
#7075=DIRECTION('',(0.,-0.342020143325668,-0.939692620785909));
#7076=DIRECTION('',(-1.,0.,0.));
#7077=DIRECTION('',(0.,-1.33440267382831E-16,1.));
#7078=DIRECTION('',(0.,-1.,-1.33440267382831E-16));
#7079=DIRECTION('',(-1.,0.,0.));
#7080=DIRECTION('',(0.,1.,1.33440267382831E-16));
#7081=DIRECTION('',(-1.,0.,0.));
#7082=DIRECTION('',(0.,-0.939692620785909,-0.342020143325667));
#7083=DIRECTION('',(0.,0.342020143325667,-0.939692620785909));
#7084=DIRECTION('',(-1.,0.,0.));
#7085=DIRECTION('',(0.,-0.342020143325667,0.939692620785909));
#7086=DIRECTION('',(1.,0.,0.));
#7087=DIRECTION('',(0.,1.,0.));
#7088=DIRECTION('',(1.,0.,0.));
#7089=DIRECTION('',(0.,0.,-1.));
#7090=DIRECTION('',(1.,0.,0.));
#7091=DIRECTION('',(0.,0.,-1.));
#7092=DIRECTION('',(1.,0.,0.));
#7093=DIRECTION('',(0.,0.,-1.));
#7094=DIRECTION('',(1.,0.,0.));
#7095=DIRECTION('',(0.,0.,-1.));
#7096=DIRECTION('',(-1.,0.,0.));
#7097=DIRECTION('',(0.,0.,1.));
#7098=DIRECTION('',(1.,0.,0.));
#7099=DIRECTION('',(0.,0.,-1.));
#7100=DIRECTION('',(-1.,0.,0.));
#7101=DIRECTION('',(0.,0.,1.));
#7102=DIRECTION('',(1.,0.,0.));
#7103=DIRECTION('',(0.,0.,-1.));
#7104=DIRECTION('',(-1.,0.,0.));
#7105=DIRECTION('',(0.,0.,1.));
#7106=DIRECTION('',(-1.,0.,0.));
#7107=DIRECTION('',(0.,0.,1.));
#7108=DIRECTION('',(-1.,0.,0.));
#7109=DIRECTION('',(0.,0.,1.));
#7110=DIRECTION('',(-1.,0.,0.));
#7111=DIRECTION('',(0.,-1.,0.));
#7112=DIRECTION('',(-1.,0.,0.));
#7113=DIRECTION('',(0.,0.,1.));
#7114=DIRECTION('',(-1.,0.,0.));
#7115=DIRECTION('',(0.,0.,1.));
#7116=DIRECTION('',(-1.,0.,0.));
#7117=DIRECTION('',(0.,-1.,0.));
#7118=DIRECTION('',(-1.,0.,0.));
#7119=DIRECTION('',(0.,0.,1.));
#7120=DIRECTION('',(-1.,0.,0.));
#7121=DIRECTION('',(0.,0.,1.));
#7122=DIRECTION('',(-1.,0.,0.));
#7123=DIRECTION('',(0.,-1.,0.));
#7124=DIRECTION('',(0.,0.766044443118978,0.642787609686539));
#7125=DIRECTION('',(0.,-0.642787609686539,0.766044443118978));
#7126=DIRECTION('',(-1.,0.,0.));
#7127=DIRECTION('',(0.,0.642787609686538,-0.766044443118979));
#7128=DIRECTION('',(-1.,0.,0.));
#7129=DIRECTION('',(-1.,0.,0.));
#7130=DIRECTION('',(0.,-1.,0.));
#7131=DIRECTION('',(0.,0.,-1.));
#7132=DIRECTION('',(-1.,0.,0.));
#7133=DIRECTION('',(-1.,0.,0.));
#7134=DIRECTION('',(0.,0.,1.));
#7135=DIRECTION('',(-1.,0.,0.));
#7136=DIRECTION('',(0.,0.766044443118978,-0.642787609686539));
#7137=DIRECTION('',(0.,0.642787609686539,0.766044443118978));
#7138=DIRECTION('',(-1.,0.,0.));
#7139=DIRECTION('',(-1.,0.,0.));
#7140=DIRECTION('',(0.,0.766044443118978,0.64278760968654));
#7141=DIRECTION('',(0.,-0.64278760968654,0.766044443118978));
#7142=DIRECTION('',(-1.,0.,0.));
#7143=DIRECTION('',(-1.,0.,0.));
#7144=DIRECTION('',(0.,0.766044443118978,-0.64278760968654));
#7145=DIRECTION('',(0.,0.64278760968654,0.766044443118978));
#7146=DIRECTION('',(-1.,0.,0.));
#7147=DIRECTION('',(0.,-0.642787609686539,-0.766044443118978));
#7148=DIRECTION('',(-1.,0.,0.));
#7149=DIRECTION('',(-1.,0.,0.));
#7150=DIRECTION('',(0.,0.76604444311898,-0.642787609686537));
#7151=DIRECTION('',(0.,0.642787609686537,0.76604444311898));
#7152=DIRECTION('',(-1.,0.,0.));
#7153=DIRECTION('',(-1.,0.,0.));
#7154=DIRECTION('',(0.,0.766044443118978,0.64278760968654));
#7155=DIRECTION('',(0.,-0.64278760968654,0.766044443118978));
#7156=DIRECTION('',(-1.,0.,0.));
#7157=DIRECTION('',(-1.,0.,0.));
#7158=DIRECTION('',(0.,-0.447213595499958,0.894427190999916));
#7159=DIRECTION('',(0.,-0.894427190999916,-0.447213595499958));
#7160=DIRECTION('',(-1.,0.,0.));
#7161=DIRECTION('',(0.,-0.453927035892557,-0.891038857786684));
#7162=DIRECTION('',(0.,0.891038857786684,-0.453927035892557));
#7163=DIRECTION('',(-1.,0.,0.));
#7164=DIRECTION('',(0.,0.,1.));
#7165=DIRECTION('',(1.,0.,0.));
#7166=DIRECTION('',(-1.,0.,0.));
#7167=DIRECTION('',(0.,-1.,-4.5970118108549E-16));
#7168=DIRECTION('',(0.,4.5970118108549E-16,-1.));
#7169=DIRECTION('',(-1.,0.,0.));
#7170=DIRECTION('',(0.,0.,1.));
#7171=DIRECTION('',(1.,0.,0.));
#7172=DIRECTION('',(1.,0.,0.));
#7173=DIRECTION('',(0.,0.,-1.));
#7174=DIRECTION('',(1.,0.,0.));
#7175=DIRECTION('',(0.,0.,-1.));
#7176=DIRECTION('',(1.,0.,0.));
#7177=DIRECTION('',(0.,0.,-1.));
#7178=DIRECTION('',(-1.,0.,0.));
#7179=DIRECTION('',(0.,0.,1.));
#7180=DIRECTION('',(-1.,0.,0.));
#7181=DIRECTION('',(1.,0.,0.));
#7182=DIRECTION('',(0.,0.,-1.));
#7183=DIRECTION('',(-1.,0.,0.));
#7184=DIRECTION('',(-1.,0.,0.));
#7185=DIRECTION('',(0.,0.,1.));
#7186=DIRECTION('',(1.,0.,0.));
#7187=DIRECTION('',(0.,0.,-1.));
#7188=DIRECTION('',(-1.,0.,0.));
#7189=DIRECTION('',(-1.,0.,0.));
#7190=DIRECTION('',(-1.,0.,0.));
#7191=DIRECTION('',(0.,0.,1.));
#7192=DIRECTION('',(1.,0.,0.));
#7193=DIRECTION('',(0.,0.,-1.));
#7194=DIRECTION('',(-1.,0.,0.));
#7195=DIRECTION('',(-1.,0.,0.));
#7196=DIRECTION('',(-1.,0.,0.));
#7197=DIRECTION('',(0.,0.,1.));
#7198=DIRECTION('',(-1.,0.,0.));
#7199=DIRECTION('',(1.,0.,0.));
#7200=DIRECTION('',(0.,0.,-1.));
#7201=DIRECTION('',(-1.,0.,0.));
#7202=DIRECTION('',(1.,0.,0.));
#7203=DIRECTION('',(0.,1.,0.));
#7204=DIRECTION('',(1.,0.,0.));
#7205=DIRECTION('',(0.,0.,-1.));
#7206=DIRECTION('',(-1.,0.,0.));
#7207=DIRECTION('',(0.,0.,1.));
#7208=DIRECTION('',(1.,0.,0.));
#7209=DIRECTION('',(0.,0.,-1.));
#7210=DIRECTION('',(-1.,0.,0.));
#7211=DIRECTION('',(-1.,0.,0.));
#7212=DIRECTION('',(-1.,0.,0.));
#7213=DIRECTION('',(0.,0.,1.));
#7214=DIRECTION('',(1.,0.,0.));
#7215=DIRECTION('',(0.,0.,-1.));
#7216=DIRECTION('',(-1.,0.,0.));
#7217=DIRECTION('',(-1.,0.,0.));
#7218=DIRECTION('',(-1.,0.,0.));
#7219=DIRECTION('',(0.,0.,1.));
#7220=DIRECTION('',(1.,0.,0.));
#7221=DIRECTION('',(0.,0.,-1.));
#7222=DIRECTION('',(-1.,0.,0.));
#7223=DIRECTION('',(-1.,0.,0.));
#7224=DIRECTION('',(-1.,0.,0.));
#7225=DIRECTION('',(0.,0.,1.));
#7226=DIRECTION('',(-1.,0.,0.));
#7227=DIRECTION('',(1.,0.,0.));
#7228=DIRECTION('',(0.,0.,-1.));
#7229=DIRECTION('',(-1.,0.,0.));
#7230=DIRECTION('',(1.,0.,0.));
#7231=DIRECTION('',(0.,0.,-1.));
#7232=DIRECTION('',(-1.,0.,0.));
#7233=DIRECTION('',(0.,0.,1.));
#7234=DIRECTION('',(-1.,0.,0.));
#7235=DIRECTION('',(0.,0.,1.));
#7236=DIRECTION('',(1.,0.,0.));
#7237=DIRECTION('',(0.,0.,-1.));
#7238=DIRECTION('',(-1.,0.,0.));
#7239=DIRECTION('',(0.,0.,1.));
#7240=DIRECTION('',(1.,0.,0.));
#7241=DIRECTION('',(0.,0.,-1.));
#7242=DIRECTION('',(1.,0.,0.));
#7243=DIRECTION('',(0.,0.,-1.));
#7244=DIRECTION('',(-1.,0.,0.));
#7245=DIRECTION('',(0.,0.,1.));
#7246=DIRECTION('',(1.,0.,0.));
#7247=DIRECTION('',(0.,0.,-1.));
#7248=DIRECTION('',(-1.,0.,0.));
#7249=DIRECTION('',(0.,0.,1.));
#7250=DIRECTION('',(1.,0.,0.));
#7251=DIRECTION('',(0.,0.,-1.));
#7252=DIRECTION('',(-1.,0.,0.));
#7253=DIRECTION('',(0.,0.,1.));
#7254=DIRECTION('',(1.,0.,0.));
#7255=DIRECTION('',(0.,0.,-1.));
#7256=DIRECTION('',(1.,0.,0.));
#7257=DIRECTION('',(0.,0.,-1.));
#7258=DIRECTION('',(2.91255991863105E-48,2.41352831440252E-16,-1.));
#7259=DIRECTION('',(0.,1.,2.41352831440252E-16));
#7260=DIRECTION('',(-8.97255901489812E-33,-2.41352831440252E-16,1.));
#7261=DIRECTION('',(0.,-1.,-2.41352831440252E-16));
#7262=DIRECTION('',(0.,-2.41352831440252E-16,1.));
#7263=DIRECTION('',(0.,-1.,-2.41352831440252E-16));
#7264=DIRECTION('',(0.,-2.41352831440252E-16,1.));
#7265=DIRECTION('',(0.,-1.,-2.41352831440252E-16));
#7266=DIRECTION('',(8.97255901489819E-33,-2.41352831440252E-16,1.));
#7267=DIRECTION('',(0.,-1.,-2.41352831440252E-16));
#7268=DIRECTION('',(2.91255991863106E-48,2.41352831440252E-16,-1.));
#7269=DIRECTION('',(0.,1.,2.41352831440252E-16));
#7270=DIRECTION('',(-8.97255901489818E-33,-2.41352831440252E-16,1.));
#7271=DIRECTION('',(0.,-1.,-2.41352831440252E-16));
#7272=DIRECTION('',(-2.91255991863106E-48,2.41352831440252E-16,-1.));
#7273=DIRECTION('',(0.,1.,2.41352831440252E-16));
#7274=DIRECTION('',(2.91255991863106E-48,2.41352831440252E-16,-1.));
#7275=DIRECTION('',(0.,1.,2.41352831440252E-16));
#7276=DIRECTION('',(8.97255901489831E-33,-2.41352831440252E-16,1.));
#7277=DIRECTION('',(0.,-1.,-2.41352831440252E-16));
#7278=DIRECTION('',(-2.91255991863106E-48,2.41352831440252E-16,-1.));
#7279=DIRECTION('',(0.,1.,2.41352831440252E-16));
#7280=DIRECTION('',(-8.97255901489823E-33,-2.41352831440252E-16,1.));
#7281=DIRECTION('',(0.,-1.,-2.41352831440252E-16));
#7282=DIRECTION('',(1.,0.,0.));
#7283=DIRECTION('',(0.,0.,-1.));
#7284=DIRECTION('',(1.,0.,0.));
#7285=DIRECTION('',(0.,0.,-1.));
#7286=DIRECTION('',(1.,0.,0.));
#7287=DIRECTION('',(0.,0.,-1.));
#7288=DIRECTION('',(1.,0.,0.));
#7289=DIRECTION('',(0.,0.,-1.));
#7290=DIRECTION('',(-1.,0.,0.));
#7291=DIRECTION('',(0.,0.,1.));
#7292=DIRECTION('',(-1.,0.,0.));
#7293=DIRECTION('',(0.,0.,1.));
#7294=DIRECTION('',(-1.,0.,0.));
#7295=DIRECTION('',(0.,0.,1.));
#7296=DIRECTION('',(-1.,0.,0.));
#7297=DIRECTION('',(0.,0.,1.));
#7298=DIRECTION('',(-1.,0.,0.));
#7299=DIRECTION('',(0.,0.,1.));
#7300=DIRECTION('',(1.,0.,0.));
#7301=DIRECTION('',(0.,0.,-1.));
#7302=DIRECTION('',(-1.,0.,0.));
#7303=DIRECTION('',(0.,0.,1.));
#7304=DIRECTION('',(1.,0.,0.));
#7305=DIRECTION('',(0.,0.,-1.));
#7306=DIRECTION('',(1.,0.,0.));
#7307=DIRECTION('',(0.,0.,-1.));
#7308=DIRECTION('',(1.,0.,0.));
#7309=DIRECTION('',(0.,0.,-1.));
#7310=DIRECTION('',(1.,0.,0.));
#7311=DIRECTION('',(0.,0.,-1.));
#7312=DIRECTION('',(-1.,0.,0.));
#7313=DIRECTION('',(0.,0.,1.));
#7314=DIRECTION('',(-1.,0.,0.));
#7315=DIRECTION('',(0.,0.,1.));
#7316=DIRECTION('',(1.,0.,0.));
#7317=DIRECTION('',(0.,0.,-1.));
#7318=DIRECTION('',(1.,0.,0.));
#7319=DIRECTION('',(0.,0.,-1.));
#7320=DIRECTION('',(1.,0.,0.));
#7321=DIRECTION('',(0.,0.,-1.));
#7322=DIRECTION('',(-1.,0.,0.));
#7323=DIRECTION('',(0.,0.,1.));
#7324=DIRECTION('',(1.,0.,0.));
#7325=DIRECTION('',(0.,0.,-1.));
#7326=DIRECTION('',(1.,0.,0.));
#7327=DIRECTION('',(0.,0.,-1.));
#7328=DIRECTION('',(-1.,0.,0.));
#7329=DIRECTION('',(0.,0.,1.));
#7330=DIRECTION('',(-1.,0.,0.));
#7331=DIRECTION('',(0.,0.,1.));
#7332=DIRECTION('',(-1.,0.,0.));
#7333=DIRECTION('',(0.,0.,1.));
#7334=DIRECTION('',(1.,0.,0.));
#7335=DIRECTION('',(0.,0.,-1.));
#7336=DIRECTION('',(-1.98254111540206E-15,0.647689071844549,-0.761904761904758));
#7337=DIRECTION('',(0.,0.761904761904759,0.647689071844549));
#7338=DIRECTION('',(0.,-0.647689071844552,-0.761904761904756));
#7339=DIRECTION('',(0.,0.761904761904756,-0.647689071844552));
#7340=DIRECTION('',(-1.,0.,0.));
#7341=DIRECTION('',(0.,0.,1.));
#7342=DIRECTION('',(-1.,0.,0.));
#7343=DIRECTION('',(0.,0.,1.));
#7344=DIRECTION('',(-1.,0.,0.));
#7345=DIRECTION('',(0.,0.,1.));
#7346=DIRECTION('',(-3.96508223080411E-15,0.647689071844549,-0.761904761904758));
#7347=DIRECTION('',(0.,0.761904761904759,0.647689071844549));
#7348=DIRECTION('',(-1.,-1.38777878078144E-14,8.67361737988403E-16));
#7349=DIRECTION('',(1.38777878078144E-14,-1.,0.));
#7350=DIRECTION('',(0.,-0.64768907184454,-0.761904761904766));
#7351=DIRECTION('',(0.,0.761904761904766,-0.64768907184454));
#7352=DIRECTION('',(-1.,0.,0.));
#7353=DIRECTION('',(0.,0.,1.));
#7354=DIRECTION('',(-1.,0.,0.));
#7355=DIRECTION('',(0.,0.,1.));
#7356=DIRECTION('',(1.,0.,0.));
#7357=DIRECTION('',(0.,0.,-1.));
#7358=DIRECTION('',(0.,0.647689071844552,0.761904761904756));
#7359=DIRECTION('',(0.,-0.761904761904756,0.647689071844552));
#7360=DIRECTION('',(1.,0.,0.));
#7361=DIRECTION('',(0.,0.,-1.));
#7362=DIRECTION('',(1.22927266968357E-14,-0.647689071844549,0.761904761904758));
#7363=DIRECTION('',(0.,-0.761904761904759,-0.647689071844549));
#7364=DIRECTION('',(-1.,0.,0.));
#7365=DIRECTION('',(0.,0.,1.));
#7366=DIRECTION('',(-1.,0.,0.));
#7367=DIRECTION('',(0.,0.,1.));
#7368=DIRECTION('',(-1.,0.,0.));
#7369=DIRECTION('',(0.,0.,1.));
#7370=DIRECTION('',(-3.30423519233676E-15,-0.647689071844549,0.761904761904758));
#7371=DIRECTION('',(0.,-0.761904761904758,-0.647689071844549));
#7372=DIRECTION('',(-1.,0.,-1.3010426069826E-15));
#7373=DIRECTION('',(-1.3010426069826E-15,0.,1.));
#7374=DIRECTION('',(0.,0.647689071844551,0.761904761904757));
#7375=DIRECTION('',(0.,-0.761904761904757,0.647689071844551));
#7376=DIRECTION('',(1.,0.,0.));
#7377=DIRECTION('',(0.,0.,-1.));
#7378=DIRECTION('',(-1.,0.,0.));
#7379=DIRECTION('',(0.,0.,1.));
#7380=DIRECTION('',(-1.,0.,0.));
#7381=DIRECTION('',(0.,0.,1.));
#7382=DIRECTION('',(1.,0.,0.));
#7383=DIRECTION('',(0.,0.,-1.));
#7384=DIRECTION('',(0.,-0.64768907184455,0.761904761904758));
#7385=DIRECTION('',(0.,-0.761904761904758,-0.64768907184455));
#7386=DIRECTION('',(0.,-0.647689071844541,-0.761904761904765));
#7387=DIRECTION('',(0.,0.761904761904765,-0.647689071844541));
#7388=DIRECTION('',(-1.,0.,0.));
#7389=DIRECTION('',(0.,0.,1.));
#7390=DIRECTION('',(-1.,0.,0.));
#7391=DIRECTION('',(0.,0.,1.));
#7392=DIRECTION('',(-1.,0.,3.46944695195361E-15));
#7393=DIRECTION('',(3.46944695195361E-15,0.,1.));
#7394=DIRECTION('',(-2.64338815386941E-15,0.64768907184455,-0.761904761904758));
#7395=DIRECTION('',(0.,0.761904761904758,0.64768907184455));
#7396=DIRECTION('',(-1.,0.,3.46944695195361E-15));
#7397=DIRECTION('',(3.46944695195361E-15,0.,1.));
#7398=DIRECTION('',(0.,0.64768907184455,0.761904761904758));
#7399=DIRECTION('',(0.,-0.761904761904758,0.64768907184455));
#7400=DIRECTION('',(-1.,0.,0.));
#7401=DIRECTION('',(0.,0.,1.));
#7402=DIRECTION('',(-1.,0.,0.));
#7403=DIRECTION('',(0.,0.,1.));
#7404=DIRECTION('',(1.,0.,0.));
#7405=DIRECTION('',(0.,0.,-1.));
#7406=DIRECTION('',(0.,-0.647689071844552,-0.761904761904756));
#7407=DIRECTION('',(0.,0.761904761904756,-0.647689071844552));
#7408=DIRECTION('',(1.,0.,0.));
#7409=DIRECTION('',(0.,0.,-1.));
#7410=DIRECTION('',(1.16318796583683E-14,-0.64768907184455,0.761904761904758));
#7411=DIRECTION('',(0.,-0.761904761904758,-0.64768907184455));
#7412=DIRECTION('',(-1.,0.,0.));
#7413=DIRECTION('',(0.,0.,1.));
#7414=DIRECTION('',(-1.,0.,0.));
#7415=DIRECTION('',(0.,0.,1.));
#7416=DIRECTION('',(-1.,0.,0.));
#7417=DIRECTION('',(0.,0.,1.));
#7418=DIRECTION('',(2.64338815386941E-15,0.64768907184455,-0.761904761904758));
#7419=DIRECTION('',(0.,0.761904761904758,0.64768907184455));
#7420=DIRECTION('',(-1.,0.,-3.46944695195361E-15));
#7421=DIRECTION('',(-3.46944695195361E-15,0.,1.));
#7422=DIRECTION('',(0.,0.647689071844548,0.76190476190476));
#7423=DIRECTION('',(0.,-0.76190476190476,0.647689071844548));
#7424=DIRECTION('',(1.,0.,0.));
#7425=DIRECTION('',(0.,0.,-1.));
#7426=DIRECTION('',(0.,1.,0.));
#7427=DIRECTION('',(0.,0.,1.));
#7428=DIRECTION('',(0.,0.,-1.));
#7429=DIRECTION('',(-1.,0.,0.));
#7430=DIRECTION('',(0.,6.93889390390722E-16,1.));
#7431=DIRECTION('',(0.,-1.,6.93889390390722E-16));
#7432=DIRECTION('',(0.,1.,-6.93889390390722E-16));
#7433=DIRECTION('',(1.,0.,0.));
#7434=DIRECTION('',(0.,1.,0.));
#7435=DIRECTION('',(0.,0.,-1.));
#7436=DIRECTION('',(-1.,0.,0.));
#7437=DIRECTION('',(0.,-1.,0.));
#7438=DIRECTION('',(-1.,0.,0.));
#7439=DIRECTION('',(0.,1.,0.));
#7440=DIRECTION('',(0.,0.,1.));
#7441=DIRECTION('',(0.,0.,-1.));
#7442=DIRECTION('',(1.,0.,0.));
#7443=DIRECTION('',(0.,1.,0.));
#7444=DIRECTION('',(0.,-1.,0.));
#7445=DIRECTION('',(0.,0.,-1.));
#7446=DIRECTION('',(0.,-1.,0.));
#7447=DIRECTION('',(0.,0.,-1.));
#7448=DIRECTION('',(0.,-1.,0.));
#7449=DIRECTION('',(1.,0.,0.));
#7450=DIRECTION('',(0.,-1.,0.));
#7451=DIRECTION('',(0.,0.,-1.));
#7452=DIRECTION('',(0.,-1.,0.));
#7453=DIRECTION('',(0.,0.,-1.));
#7454=DIRECTION('',(0.,-1.,0.));
#7455=DIRECTION('',(0.,0.,-1.));
#7456=DIRECTION('',(0.,-1.,0.));
#7457=DIRECTION('',(1.,0.,0.));
#7458=DIRECTION('',(0.,-1.,0.));
#7459=DIRECTION('',(0.,0.,-1.));
#7460=DIRECTION('',(0.,-1.,0.));
#7461=DIRECTION('',(0.,0.,-1.));
#7462=DIRECTION('',(0.,-1.,0.));
#7463=DIRECTION('',(0.,0.,-1.));
#7464=DIRECTION('',(-3.53804003965277E-17,1.25719709252143E-16,1.));
#7465=DIRECTION('',(0.,-1.,1.25719709252143E-16));
#7466=DIRECTION('',(-3.53804003965277E-17,1.25719709252143E-16,1.));
#7467=DIRECTION('',(0.,-1.,1.25719709252143E-16));
#7468=DIRECTION('',(-3.53804003965277E-17,1.25719709252143E-16,1.));
#7469=DIRECTION('',(0.,-1.,1.25719709252143E-16));
#7470=CARTESIAN_POINT('',(0.,0.,0.));
#7471=CARTESIAN_POINT('',(-0.113104601820526,-0.178747735761349,0.0263));
#7472=CARTESIAN_POINT('',(-0.126698267988652,-0.150876589795693,0.0273));
#7473=CARTESIAN_POINT('',(-0.114242085662426,-0.176415548270566,0.0273));
#7474=CARTESIAN_POINT('',(-0.118786773058517,-0.167097558243585,0.0273));
#7475=CARTESIAN_POINT('',(-0.118786773058517,-0.167097558243585,0.0273));
#7476=CARTESIAN_POINT('',(-0.118509027861192,-0.167125149713288,0.0272999999999999));
#7477=CARTESIAN_POINT('',(-0.11794625948916,-0.167124485278402,0.0271258325612686));
#7478=CARTESIAN_POINT('',(-0.117548887554545,-0.167064518201915,0.0263031428324258));
#7479=CARTESIAN_POINT('',(-0.117941566823683,-0.167124205063539,0.0254765442917539));
#7480=CARTESIAN_POINT('',(-0.118508672969484,-0.167125184968565,0.0253000000000001));
#7481=CARTESIAN_POINT('',(-0.118786773058517,-0.167097558243585,0.0253));
#7482=CARTESIAN_POINT('',(-0.118786773058517,-0.167097558243585,0.0253));
#7483=CARTESIAN_POINT('',(-0.113104601820526,-0.178747735761349,0.0253));
#7484=CARTESIAN_POINT('',(-0.114242085662426,-0.176415548270566,0.0253));
#7485=CARTESIAN_POINT('',(-0.114242085662426,-0.176415548270566,0.0263));
#7486=CARTESIAN_POINT('',(-0.113343291616127,-0.175977177123777,0.0263));
#7487=CARTESIAN_POINT('',(-0.114242085662426,-0.176415548270566,0.0263));
#7488=CARTESIAN_POINT('',(-0.084,-0.172,-0.004));
#7489=CARTESIAN_POINT('',(-0.092,-0.160392457398539,0.0097573600212857));
#7490=CARTESIAN_POINT('',(-0.092,-0.161494294839631,0.00964657773661169));
#7491=CARTESIAN_POINT('',(-0.0917630103358254,-0.163681225958621,0.00896865864011535));
#7492=CARTESIAN_POINT('',(-0.0901348447160304,-0.166034638696893,0.00698898182555237));
#7493=CARTESIAN_POINT('',(-0.0873503574538878,-0.167100780986014,0.00525763253479762));
#7494=CARTESIAN_POINT('',(-0.0851270307352908,-0.167280684492673,0.00481635191801445));
#7495=CARTESIAN_POINT('',(-0.0840000000000002,-0.167280684492673,0.00481635191801442));
#7496=CARTESIAN_POINT('',(-0.092,-0.160392457398539,0.0097573600212857));
#7497=CARTESIAN_POINT('',(-0.084,-0.167280684492672,0.0048163519180156));
#7498=CARTESIAN_POINT('',(-0.092,-0.172,-0.004));
#7499=CARTESIAN_POINT('',(-0.092,-0.16233385316493,0.0111843868945331));
#7500=CARTESIAN_POINT('',(-0.092,-0.16233385316493,0.0111843868945325));
#7501=CARTESIAN_POINT('',(-0.092,-0.163033563634493,0.0110118575756025));
#7502=CARTESIAN_POINT('',(-0.0918960754141977,-0.164447094208285,0.0106497505424206));
#7503=CARTESIAN_POINT('',(-0.0913598735070924,-0.167168541381978,0.0098869258759614));
#7504=CARTESIAN_POINT('',(-0.0901982243567589,-0.170459100907333,0.00881650156056619));
#7505=CARTESIAN_POINT('',(-0.0887538699883808,-0.173540764178775,0.00754340511833896));
#7506=CARTESIAN_POINT('',(-0.0878487804498389,-0.175993911305733,0.00630068782261433));
#7507=CARTESIAN_POINT('',(-0.0875720744417545,-0.177883262594043,0.00519484050257384));
#7508=CARTESIAN_POINT('',(-0.0878961403544457,-0.179650898778984,0.00400065631145934));
#7509=CARTESIAN_POINT('',(-0.0888220794457562,-0.181844211230945,0.00231638706946181));
#7510=CARTESIAN_POINT('',(-0.090241444887389,-0.184305518130809,7.97529403631788E-5));
#7511=CARTESIAN_POINT('',(-0.0913631130051326,-0.186638021944001,-0.00243673232545515));
#7512=CARTESIAN_POINT('',(-0.0918962532814952,-0.188469647260194,-0.00462300120564279));
#7513=CARTESIAN_POINT('',(-0.092,-0.189402739249439,-0.0058054219683144));
#7514=CARTESIAN_POINT('',(-0.092,-0.189842440711865,-0.00637640683461255));
#7515=CARTESIAN_POINT('',(-0.092,-0.189842440711866,-0.00637640683461238));
#7516=CARTESIAN_POINT('',(-0.092,-0.172,-0.004));
#7517=CARTESIAN_POINT('',(-0.092,-0.154038569775633,-0.00517771995618889));
#7518=CARTESIAN_POINT('',(-0.084,-0.162375313496392,-0.00671392883238924));
#7519=CARTESIAN_POINT('',(-0.0851265332388468,-0.162375313496392,-0.00671392883238924));
#7520=CARTESIAN_POINT('',(-0.0873445687111335,-0.161933553249715,-0.00688996369544648));
#7521=CARTESIAN_POINT('',(-0.0901212428924057,-0.159957543842079,-0.00732025668362395));
#7522=CARTESIAN_POINT('',(-0.0917532866560708,-0.156919397485785,-0.00700894740567179));
#7523=CARTESIAN_POINT('',(-0.092,-0.154898053851088,-0.00590794910850686));
#7524=CARTESIAN_POINT('',(-0.092,-0.154038569775633,-0.00517771995618904));
#7525=CARTESIAN_POINT('',(-0.084,-0.162375313496393,-0.00671392883238927));
#7526=CARTESIAN_POINT('',(-0.084,-0.172,-0.004));
#7527=CARTESIAN_POINT('',(-0.0875069691743127,-0.224497087914318,0.0263));
#7528=CARTESIAN_POINT('',(-0.092,-0.226688485469437,0.0263));
#7529=CARTESIAN_POINT('',(-0.092,-0.231687440284712,0.0263));
#7530=CARTESIAN_POINT('',(-0.0875069691743127,-0.224497087914318,0.0230279480628967));
#7531=CARTESIAN_POINT('',(-0.092,-0.226688485469437,0.022710125271071));
#7532=CARTESIAN_POINT('',(-0.092,-0.231687440284712,0.0219808914430237));
#7533=CARTESIAN_POINT('',(-0.0873243679692456,-0.222959750760119,0.0164838441886903));
#7534=CARTESIAN_POINT('',(-0.092,-0.224919043935184,0.0154447528438246));
#7535=CARTESIAN_POINT('',(-0.092,-0.229775715178286,0.0133426743290711));
#7536=CARTESIAN_POINT('',(-0.0865443605939443,-0.216392793449186,0.00816210839047562));
#7537=CARTESIAN_POINT('',(-0.092,-0.217474757503225,0.00657630797659901));
#7538=CARTESIAN_POINT('',(-0.092,-0.221609505749313,0.00235798307542779));
#7539=CARTESIAN_POINT('',(-0.0853769997623893,-0.206564670036487,0.00260170507142524));
#7540=CARTESIAN_POINT('',(-0.092,-0.206622561079249,0.00132120542153622));
#7541=CARTESIAN_POINT('',(-0.092,-0.209387937939167,-0.0049817493057187));
#7542=CARTESIAN_POINT('',(-0.0839999943614457,-0.194971528777498,0.000649141447130429));
#7543=CARTESIAN_POINT('',(-0.092,-0.194455081858172,0.000603658965692177));
#7544=CARTESIAN_POINT('',(-0.092,-0.194971517216748,-0.00755913328978783));
#7545=CARTESIAN_POINT('',(-0.0826230227918281,-0.183378672347706,0.00260172914005304));
#7546=CARTESIAN_POINT('',(-0.092,-0.183389622564474,0.00433501687839158));
#7547=CARTESIAN_POINT('',(-0.092,-0.180555450688024,-0.00498171753512997));
#7548=CARTESIAN_POINT('',(-0.0814555604662949,-0.173549694447416,0.00816201211596436));
#7549=CARTESIAN_POINT('',(-0.092,-0.175535984346795,0.0112215388198823));
#7550=CARTESIAN_POINT('',(-0.092,-0.168332820296794,0.00235785599307297));
#7551=CARTESIAN_POINT('',(-0.0808058644406997,-0.168079840955943,0.0150971730344169));
#7552=CARTESIAN_POINT('',(-0.092,-0.172352900594534,0.0176568011407127));
#7553=CARTESIAN_POINT('',(-0.092,-0.161530892548185,0.0115122684054303));
#7554=CARTESIAN_POINT('',(-0.0805382807895953,-0.165827028393462,0.0213914286874748));
#7555=CARTESIAN_POINT('',(-0.092,-0.171231269010204,0.0226336907982605));
#7556=CARTESIAN_POINT('',(-0.092,-0.1587294521979,0.0198206858674668));
#7557=CARTESIAN_POINT('',(-0.0804704058437335,-0.165255582678883,0.0263));
#7558=CARTESIAN_POINT('',(-0.092,-0.170971291148278,0.0263));
#7559=CARTESIAN_POINT('',(-0.092,-0.158018842221074,0.0263));
#7560=CARTESIAN_POINT('',(-0.0805382807895953,-0.165827028393462,0.0312085713125252));
#7561=CARTESIAN_POINT('',(-0.092,-0.171231269010204,0.0299663092017395));
#7562=CARTESIAN_POINT('',(-0.0920000000000001,-0.1587294521979,0.0327793141325332));
#7563=CARTESIAN_POINT('',(-0.0808058644406997,-0.168079840955943,0.037502826965583));
#7564=CARTESIAN_POINT('',(-0.092,-0.172352900594534,0.0349431988592872));
#7565=CARTESIAN_POINT('',(-0.092,-0.161530892548185,0.0410877315945695));
#7566=CARTESIAN_POINT('',(-0.0814555604662948,-0.173549694447416,0.0444379878840357));
#7567=CARTESIAN_POINT('',(-0.0919999999999999,-0.175535984346795,0.0413784611801178));
#7568=CARTESIAN_POINT('',(-0.092,-0.168332820296794,0.0502421440069271));
#7569=CARTESIAN_POINT('',(-0.0826230227918281,-0.183378672347706,0.0499982708599469));
#7570=CARTESIAN_POINT('',(-0.0920000000000001,-0.183389622564474,0.0482649831216084));
#7571=CARTESIAN_POINT('',(-0.092,-0.180555450688024,0.0575817175351299));
#7572=CARTESIAN_POINT('',(-0.0839999943614457,-0.194971528777498,0.0519508585528696));
#7573=CARTESIAN_POINT('',(-0.092,-0.194455081858172,0.0519963410343078));
#7574=CARTESIAN_POINT('',(-0.092,-0.194971517216748,0.0601591332897879));
#7575=CARTESIAN_POINT('',(-0.0853769997623893,-0.206564670036487,0.0499982949285748));
#7576=CARTESIAN_POINT('',(-0.092,-0.206622561079249,0.0512787945784637));
#7577=CARTESIAN_POINT('',(-0.092,-0.209387937939167,0.0575817493057187));
#7578=CARTESIAN_POINT('',(-0.0865443605939443,-0.216392793449186,0.0444378916095245));
#7579=CARTESIAN_POINT('',(-0.092,-0.217474757503225,0.0460236920234011));
#7580=CARTESIAN_POINT('',(-0.092,-0.221609505749312,0.0502420169245723));
#7581=CARTESIAN_POINT('',(-0.0873243679692456,-0.222959750760119,0.0361161558113098));
#7582=CARTESIAN_POINT('',(-0.0919999999999999,-0.224919043935184,0.0371552471561754));
#7583=CARTESIAN_POINT('',(-0.092,-0.229775715178286,0.0392573256709289));
#7584=CARTESIAN_POINT('',(-0.0875069691743127,-0.224497087914318,0.0295720519371033));
#7585=CARTESIAN_POINT('',(-0.092,-0.226688485469437,0.029889874728929));
#7586=CARTESIAN_POINT('',(-0.092,-0.231687440284712,0.0306191085569763));
#7587=CARTESIAN_POINT('',(-0.0875069691743127,-0.224497087914318,0.0263));
#7588=CARTESIAN_POINT('',(-0.092,-0.226688485469437,0.0263));
#7589=CARTESIAN_POINT('',(-0.092,-0.231687440284712,0.0263));
#7590=CARTESIAN_POINT('',(-0.084,-0.19497157624903,0.0263));
#7591=CARTESIAN_POINT('',(-0.0875069691743126,-0.224497087914318,0.0263));
#7592=CARTESIAN_POINT('',(-0.092,-0.167423114793222,0.0481156579431857));
#7593=CARTESIAN_POINT('',(-0.092,-0.16708716724151,0.0472842150754035));
#7594=CARTESIAN_POINT('',(-0.0919664397441306,-0.166167013189178,0.045756356331531));
#7595=CARTESIAN_POINT('',(-0.092,-0.164811021866775,0.0445699966460048));
#7596=CARTESIAN_POINT('',(-0.092,-0.164050805785207,0.0440943204838786));
#7597=CARTESIAN_POINT('',(-0.092,-0.167423114793222,0.0481156579431856));
#7598=CARTESIAN_POINT('',(-0.092,-0.164050805785207,0.0440943204838786));
#7599=CARTESIAN_POINT('',(-0.092,-0.19497157624903,0.0263));
#7600=CARTESIAN_POINT('',(-0.092,-0.19497157624903,0.0263));
#7601=CARTESIAN_POINT('',(-0.092,-0.2113,0.048837980727859));
#7602=CARTESIAN_POINT('',(-0.092,-0.0818869585876751,0.0522344676252018));
#7603=CARTESIAN_POINT('',(-0.092,-0.0818869585876751,0.0642596672194608));
#7604=CARTESIAN_POINT('',(-0.092,-0.0818869585876751,0.0402092680309427));
#7605=CARTESIAN_POINT('',(-0.092,-0.0793869585876751,0.0642596672194608));
#7606=CARTESIAN_POINT('',(-0.092,-0.0768869585876751,0.0642596672194608));
#7607=CARTESIAN_POINT('',(-0.092,-0.0768869585876751,0.0572505000679717));
#7608=CARTESIAN_POINT('',(-0.092,-0.0768869585876751,0.0747555452290625));
#7609=CARTESIAN_POINT('',(-0.092,-0.0788869585876751,0.0747555452290625));
#7610=CARTESIAN_POINT('',(-0.092,-0.0804190474739131,0.0760411204484355));
#7611=CARTESIAN_POINT('',(-0.092,-0.0812434792938376,0.0750586008651916));
#7612=CARTESIAN_POINT('',(-0.092,-0.0820679111137621,0.0740760812819476));
#7613=CARTESIAN_POINT('',(-0.092,-0.0836,0.0753616565013206));
#7614=CARTESIAN_POINT('',(-0.092,-0.0856,0.0753616565013206));
#7615=CARTESIAN_POINT('',(-0.092,-0.0856,0.161897772302374));
#7616=CARTESIAN_POINT('',(-0.092,-0.0856,0.0943717468235022));
#7617=CARTESIAN_POINT('',(-0.092,-0.0836,0.0943717468235022));
#7618=CARTESIAN_POINT('',(-0.092,-0.0820679111137621,0.0956573220428752));
#7619=CARTESIAN_POINT('',(-0.092,-0.0812434792938376,0.0946748024596313));
#7620=CARTESIAN_POINT('',(-0.092,-0.0804190474739131,0.0936922828763873));
#7621=CARTESIAN_POINT('',(-0.092,-0.0788869585876751,0.0949778580957603));
#7622=CARTESIAN_POINT('',(-0.092,-0.0768869585876751,0.0949778580957603));
#7623=CARTESIAN_POINT('',(-0.092,-0.0768869585876751,0.112482903256851));
#7624=CARTESIAN_POINT('',(-0.092,-0.0768869585876751,0.129987948417942));
#7625=CARTESIAN_POINT('',(-0.092,-0.0788869585876751,0.129987948417942));
#7626=CARTESIAN_POINT('',(-0.092,-0.0804190474739131,0.131273523637315));
#7627=CARTESIAN_POINT('',(-0.092,-0.0812434792938376,0.130291004054071));
#7628=CARTESIAN_POINT('',(-0.092,-0.082067911113762,0.129308484470827));
#7629=CARTESIAN_POINT('',(-0.092,-0.0836,0.1305940596902));
#7630=CARTESIAN_POINT('',(-0.092,-0.0856,0.1305940596902));
#7631=CARTESIAN_POINT('',(-0.092,-0.0856,0.161897772302374));
#7632=CARTESIAN_POINT('',(-0.092,-0.0856,0.134230869316252));
#7633=CARTESIAN_POINT('',(-0.092,-0.112482586234038,0.131947837462072));
#7634=CARTESIAN_POINT('',(-0.092,-0.112178913901169,0.131973627153701));
#7635=CARTESIAN_POINT('',(-0.092,-0.119150233301586,0.130842323306464));
#7636=CARTESIAN_POINT('',(-0.092,-0.11884940322357,0.130891141931043));
#7637=CARTESIAN_POINT('',(-0.092,-0.194951028816192,0.112507039120395));
#7638=CARTESIAN_POINT('',(-0.092,-0.194659635001828,0.112577432016735));
#7639=CARTESIAN_POINT('',(-0.092,-0.201396275198988,0.110405076335014));
#7640=CARTESIAN_POINT('',(-0.092,-0.201110966681688,0.110497079404861));
#7641=CARTESIAN_POINT('',(-0.092,-0.24386503972127,0.0930800538366482));
#7642=CARTESIAN_POINT('',(-0.092,-0.243647555258658,0.0931686520023129));
#7643=CARTESIAN_POINT('',(-0.092,-0.250218402402014,0.0900306184503019));
#7644=CARTESIAN_POINT('',(-0.092,-0.250006489518621,0.0901318214951582));
#7645=CARTESIAN_POINT('',(-0.092,-0.323854415614763,0.0493814706440913));
#7646=CARTESIAN_POINT('',(-0.092,-0.329,0.0465420629570126));
#7647=CARTESIAN_POINT('',(-0.092,-0.329,0.0365446166585507));
#7648=CARTESIAN_POINT('',(-0.092,-0.329,0.0188724934943344));
#7649=CARTESIAN_POINT('',(-0.092,-0.328269967382976,0.0174805563029497));
#7650=CARTESIAN_POINT('',(-0.092,-0.327539934765952,0.016088619111565));
#7651=CARTESIAN_POINT('',(-0.092,-0.327539934765952,0.048837980727859));
#7652=CARTESIAN_POINT('',(-0.092,-0.327539934765952,0.028785904950231));
#7653=CARTESIAN_POINT('',(-0.092,-0.325539934765952,0.028785904950231));
#7654=CARTESIAN_POINT('',(-0.092,-0.32440285524894,0.0304312165231534));
#7655=CARTESIAN_POINT('',(-0.092,-0.256468153421457,-0.0165186495165791));
#7656=CARTESIAN_POINT('',(-0.092,-0.270416911706696,-0.00687862291315556));
#7657=CARTESIAN_POINT('',(-0.092,-0.271553991223707,-0.00852393448607798));
#7658=CARTESIAN_POINT('',(-0.092,-0.270846941051131,-0.0103947845745295));
#7659=CARTESIAN_POINT('',(-0.092,-0.199154124342115,0.0167000739283206));
#7660=CARTESIAN_POINT('',(-0.092,-0.282724300219666,-0.0148835936467853));
#7661=CARTESIAN_POINT('',(-0.092,-0.279679667427116,-0.0164178968521427));
#7662=CARTESIAN_POINT('',(-0.092,-0.276635034634566,-0.0179522000575001));
#7663=CARTESIAN_POINT('',(-0.092,-0.245030440800236,-0.0287371356021627));
#7664=CARTESIAN_POINT('',(-0.092,-0.266952738912233,-0.0212562430025576));
#7665=CARTESIAN_POINT('',(-0.092,-0.266306820078174,-0.0193634173740837));
#7666=CARTESIAN_POINT('',(-0.092,-0.264306820078174,-0.0193634173740837));
#7667=CARTESIAN_POINT('',(-0.092,-0.264306820078174,0.048837980727859));
#7668=CARTESIAN_POINT('',(-0.092,-0.264306820078174,-0.0151199236010515));
#7669=CARTESIAN_POINT('',(-0.092,-0.262306820078174,-0.0151199236010515));
#7670=CARTESIAN_POINT('',(-0.092,-0.261642050336955,-0.0132336359265015));
#7671=CARTESIAN_POINT('',(-0.092,-0.236320403625315,-0.0221575475646102));
#7672=CARTESIAN_POINT('',(-0.092,-0.223355870433206,-0.0267265374866806));
#7673=CARTESIAN_POINT('',(-0.092,-0.224020640174424,-0.0286128251612306));
#7674=CARTESIAN_POINT('',(-0.092,-0.222600885640072,-0.0300214759562066));
#7675=CARTESIAN_POINT('',(-0.092,-0.177566294106765,0.0153681023268875));
#7676=CARTESIAN_POINT('',(-0.092,-0.225070808797988,-0.0325108683701805));
#7677=CARTESIAN_POINT('',(-0.092,-0.223651054263636,-0.0339195191651565));
#7678=CARTESIAN_POINT('',(-0.092,-0.224296973097695,-0.0358123447936304));
#7679=CARTESIAN_POINT('',(-0.092,-0.245030440800236,-0.0287371356021627));
#7680=CARTESIAN_POINT('',(-0.092,-0.213425846965907,-0.0395220711468253));
#7681=CARTESIAN_POINT('',(-0.092,-0.210183325745153,-0.0400600879310863));
#7682=CARTESIAN_POINT('',(-0.092,-0.210003571538742,-0.0400899137282075));
#7683=CARTESIAN_POINT('',(-0.092,-0.209676196567911,-0.0381168892406569));
#7684=CARTESIAN_POINT('',(-0.092,-0.207744344915333,-0.0375992511504518));
#7685=CARTESIAN_POINT('',(-0.092,-0.229591836612042,0.0439366978795787));
#7686=CARTESIAN_POINT('',(-0.092,-0.209749544932901,-0.0301157428055526));
#7687=CARTESIAN_POINT('',(-0.092,-0.207817693280323,-0.0295981047153473));
#7688=CARTESIAN_POINT('',(-0.092,-0.207817693280323,-0.0275981047153473));
#7689=CARTESIAN_POINT('',(-0.092,-0.2113,-0.0275981047153473));
#7690=CARTESIAN_POINT('',(-0.092,-0.17433658618577,-0.0275981047153473));
#7691=CARTESIAN_POINT('',(-0.092,-0.17433658618577,-0.0295981047153473));
#7692=CARTESIAN_POINT('',(-0.092,-0.172404734533192,-0.0301157428055524));
#7693=CARTESIAN_POINT('',(-0.092,-0.155271792392645,0.0338252677461051));
#7694=CARTESIAN_POINT('',(-0.092,-0.174538875848588,-0.0380804666251423));
#7695=CARTESIAN_POINT('',(-0.092,-0.17260702419601,-0.0385981047153473));
#7696=CARTESIAN_POINT('',(-0.092,-0.17260702419601,-0.0405981047153473));
#7697=CARTESIAN_POINT('',(-0.092,-0.1462704022622,-0.0405981047153473));
#7698=CARTESIAN_POINT('',(-0.092,-0.148876853007882,-0.0405981047153473));
#7699=CARTESIAN_POINT('',(-0.092,-0.148876853007882,-0.0385981047153473));
#7700=CARTESIAN_POINT('',(-0.092,-0.146945001355304,-0.0380804666251422));
#7701=CARTESIAN_POINT('',(-0.092,-0.172985580672502,0.059104298445133));
#7702=CARTESIAN_POINT('',(-0.092,-0.149079142670701,-0.0301157428055526));
#7703=CARTESIAN_POINT('',(-0.092,-0.147147291018123,-0.0295981047153473));
#7704=CARTESIAN_POINT('',(-0.092,-0.147147291018123,-0.0275981047153473));
#7705=CARTESIAN_POINT('',(-0.092,-0.2113,-0.0275981047153473));
#7706=CARTESIAN_POINT('',(-0.092,-0.11366618392357,-0.0275981047153473));
#7707=CARTESIAN_POINT('',(-0.092,-0.11366618392357,-0.0295981047153473));
#7708=CARTESIAN_POINT('',(-0.092,-0.111734332270992,-0.0301157428055524));
#7709=CARTESIAN_POINT('',(-0.092,-0.0986655364531026,0.0186576671805551));
#7710=CARTESIAN_POINT('',(-0.092,-0.113868473586388,-0.0380804666251423));
#7711=CARTESIAN_POINT('',(-0.092,-0.11193662193381,-0.0385981047153473));
#7712=CARTESIAN_POINT('',(-0.092,-0.11193662193381,-0.0405981047153473));
#7713=CARTESIAN_POINT('',(-0.092,-0.1462704022622,-0.0405981047153473));
#7714=CARTESIAN_POINT('',(-0.092,-0.0856,-0.0405981047153473));
#7715=CARTESIAN_POINT('',(-0.092,-0.0856,0.161897772302374));
#7716=CARTESIAN_POINT('',(-0.092,-0.0856,-0.0260930595542566));
#7717=CARTESIAN_POINT('',(-0.092,-0.0836,-0.0260930595542566));
#7718=CARTESIAN_POINT('',(-0.092,-0.0820679111137621,-0.0248074843348836));
#7719=CARTESIAN_POINT('',(-0.092,-0.0812434792938376,-0.0257900039181275));
#7720=CARTESIAN_POINT('',(-0.092,-0.0804190474739131,-0.0267725235013715));
#7721=CARTESIAN_POINT('',(-0.092,-0.0788869585876751,-0.0254869482819985));
#7722=CARTESIAN_POINT('',(-0.092,-0.0768869585876751,-0.0254869482819985));
#7723=CARTESIAN_POINT('',(-0.092,-0.0768869585876751,-0.00798190312090767));
#7724=CARTESIAN_POINT('',(-0.092,-0.0768869585876751,-0.00527048121153856));
#7725=CARTESIAN_POINT('',(-0.092,-0.0793869585876751,-0.00527048121153856));
#7726=CARTESIAN_POINT('',(-0.092,-0.0818869585876751,-0.00527048121153856));
#7727=CARTESIAN_POINT('',(-0.092,-0.0818869585876751,0.00189442385229136));
#7728=CARTESIAN_POINT('',(-0.092,-0.0818869585876751,0.00905932891612127));
#7729=CARTESIAN_POINT('',(-0.092,-0.0812434792938376,0.00982619767631216));
#7730=CARTESIAN_POINT('',(-0.092,-0.0820679111137621,0.00884367809306819));
#7731=CARTESIAN_POINT('',(-0.092,-0.0836,0.0101292533124413));
#7732=CARTESIAN_POINT('',(-0.092,-0.0856,0.0101292533124413));
#7733=CARTESIAN_POINT('',(-0.092,-0.0856,0.161897772302374));
#7734=CARTESIAN_POINT('',(-0.092,-0.0856,0.0391393436346228));
#7735=CARTESIAN_POINT('',(-0.092,-0.0836,0.0391393436346228));
#7736=CARTESIAN_POINT('',(-0.092,-0.0820679111137621,0.0404249188539959));
#7737=CARTESIAN_POINT('',(-0.092,-0.0812434792938376,0.0394423992707518));
#7738=CARTESIAN_POINT('',(-0.092,-0.0976100425553986,0.0894880851453314));
#7739=CARTESIAN_POINT('',(-0.092,-0.0976100425553986,0.0854880851453314));
#7740=CARTESIAN_POINT('',(-0.092,-0.271,0.033));
#7741=CARTESIAN_POINT('',(-0.092,-0.271,0.015));
#7742=CARTESIAN_POINT('',(-0.092,-0.159542127185999,0.0013));
#7743=CARTESIAN_POINT('',(-0.092,-0.153065936709808,0.00680535711067864));
#7744=CARTESIAN_POINT('',(-0.092,-0.151542127185999,0.00810073525436774));
#7745=CARTESIAN_POINT('',(-0.092,-0.15001831766219,0.00680535711067864));
#7746=CARTESIAN_POINT('',(-0.092,-0.143542127185999,0.0013));
#7747=CARTESIAN_POINT('',(-0.092,-0.137065936709809,0.00680535711067864));
#7748=CARTESIAN_POINT('',(-0.092,-0.135542127185999,0.00810073525436773));
#7749=CARTESIAN_POINT('',(-0.092,-0.13401831766219,0.00680535711067864));
#7750=CARTESIAN_POINT('',(-0.092,-0.127542127185999,0.0013));
#7751=CARTESIAN_POINT('',(-0.092,-0.13401831766219,-0.00420535711067866));
#7752=CARTESIAN_POINT('',(-0.092,-0.135542127185999,-0.00550073525436774));
#7753=CARTESIAN_POINT('',(-0.092,-0.137065936709809,-0.00420535711067865));
#7754=CARTESIAN_POINT('',(-0.092,-0.143542127185999,0.0013));
#7755=CARTESIAN_POINT('',(-0.092,-0.15001831766219,-0.00420535711067865));
#7756=CARTESIAN_POINT('',(-0.092,-0.151542127185999,-0.00550073525436775));
#7757=CARTESIAN_POINT('',(-0.092,-0.153065936709808,-0.00420535711067865));
#7758=CARTESIAN_POINT('',(-0.092,-0.159542127185999,0.0013));
#7759=CARTESIAN_POINT('',(-0.092,-0.159542127185999,0.0513));
#7760=CARTESIAN_POINT('',(-0.092,-0.153065936709808,0.0568053571106787));
#7761=CARTESIAN_POINT('',(-0.092,-0.151542127185999,0.0581007352543678));
#7762=CARTESIAN_POINT('',(-0.092,-0.15001831766219,0.0568053571106787));
#7763=CARTESIAN_POINT('',(-0.092,-0.143542127185999,0.0513));
#7764=CARTESIAN_POINT('',(-0.092,-0.137065936709809,0.0568053571106786));
#7765=CARTESIAN_POINT('',(-0.092,-0.135542127185999,0.0581007352543677));
#7766=CARTESIAN_POINT('',(-0.092,-0.13401831766219,0.0568053571106786));
#7767=CARTESIAN_POINT('',(-0.092,-0.127542127185999,0.0513));
#7768=CARTESIAN_POINT('',(-0.092,-0.13401831766219,0.0457946428893214));
#7769=CARTESIAN_POINT('',(-0.092,-0.135542127185999,0.0444992647456322));
#7770=CARTESIAN_POINT('',(-0.092,-0.137065936709809,0.0457946428893214));
#7771=CARTESIAN_POINT('',(-0.092,-0.143542127185999,0.0513));
#7772=CARTESIAN_POINT('',(-0.092,-0.15001831766219,0.0457946428893214));
#7773=CARTESIAN_POINT('',(-0.092,-0.151542127185999,0.0444992647456322));
#7774=CARTESIAN_POINT('',(-0.092,-0.153065936709808,0.0457946428893214));
#7775=CARTESIAN_POINT('',(-0.092,-0.159542127185999,0.0513));
#7776=CARTESIAN_POINT('',(-0.092,-0.304612942701147,0.0289101039006345));
#7777=CARTESIAN_POINT('',(-0.092,-0.304612942701147,0.0244101039006345));
#7778=CARTESIAN_POINT('',(-0.092,-0.191077139733046,-0.0221689673426308));
#7779=CARTESIAN_POINT('',(-0.092,-0.191077139733046,-0.0266689673426308));
#7780=CARTESIAN_POINT('',(-0.092,-0.130406737470847,-0.0220447326596775));
#7781=CARTESIAN_POINT('',(-0.092,-0.130406737470847,-0.0265447326596776));
#7782=CARTESIAN_POINT('',(-0.092,-0.0976100425553986,0.00948808514533144));
#7783=CARTESIAN_POINT('',(-0.092,-0.0976100425553986,0.00548808514533144));
#7784=CARTESIAN_POINT('',(-0.092,-0.0976100425553986,0.0494880851453314));
#7785=CARTESIAN_POINT('',(-0.092,-0.0976100425553986,0.0454880851453314));
#7786=CARTESIAN_POINT('',(-0.096,-0.0576100425553986,0.0494892722416519));
#7787=CARTESIAN_POINT('',(-0.096,-0.0976100425553986,0.0894880851453314));
#7788=CARTESIAN_POINT('',(-0.096,-0.0976100425553986,0.0854880851453314));
#7789=CARTESIAN_POINT('',(-0.096,-0.0976100425553986,0.00948808514533144));
#7790=CARTESIAN_POINT('',(-0.096,-0.0976100425553986,0.00548808514533144));
#7791=CARTESIAN_POINT('',(-0.096,-0.0812434792938376,0.0750586008651916));
#7792=CARTESIAN_POINT('',(-0.096,-0.0804190474739131,0.0760411204484355));
#7793=CARTESIAN_POINT('',(-0.096,-0.0820679111137621,0.0740760812819476));
#7794=CARTESIAN_POINT('',(-0.096,-0.0788869585876751,0.0747555452290625));
#7795=CARTESIAN_POINT('',(-0.096,-0.0768869585876751,0.0747555452290625));
#7796=CARTESIAN_POINT('',(-0.096,-0.0768869585876751,0.0572505000679717));
#7797=CARTESIAN_POINT('',(-0.096,-0.0768869585876751,0.0397454549068809));
#7798=CARTESIAN_POINT('',(-0.096,-0.0788869585876751,0.0397454549068809));
#7799=CARTESIAN_POINT('',(-0.096,-0.0804190474739131,0.0384598796875079));
#7800=CARTESIAN_POINT('',(-0.096,-0.0812434792938376,0.0394423992707518));
#7801=CARTESIAN_POINT('',(-0.096,-0.0820679111137621,0.0404249188539959));
#7802=CARTESIAN_POINT('',(-0.096,-0.0836,0.0391393436346228));
#7803=CARTESIAN_POINT('',(-0.096,-0.0856,0.0391393436346228));
#7804=CARTESIAN_POINT('',(-0.096,-0.0856,0.161897772302374));
#7805=CARTESIAN_POINT('',(-0.096,-0.0856,0.0101292533124413));
#7806=CARTESIAN_POINT('',(-0.096,-0.0836,0.0101292533124413));
#7807=CARTESIAN_POINT('',(-0.096,-0.0820679111137621,0.00884367809306819));
#7808=CARTESIAN_POINT('',(-0.096,-0.0812434792938376,0.00982619767631216));
#7809=CARTESIAN_POINT('',(-0.096,-0.0804190474739131,0.0108087172595562));
#7810=CARTESIAN_POINT('',(-0.096,-0.0788869585876751,0.00952314204018308));
#7811=CARTESIAN_POINT('',(-0.096,-0.0768869585876751,0.00952314204018308));
#7812=CARTESIAN_POINT('',(-0.096,-0.0768869585876751,-0.00798190312090767));
#7813=CARTESIAN_POINT('',(-0.096,-0.0768869585876751,-0.0105266151952458));
#7814=CARTESIAN_POINT('',(-0.096,-0.0376100425553986,0.00911184282089245));
#7815=CARTESIAN_POINT('',(-0.096,-0.0776100425553986,-0.0108881571791075));
#7816=CARTESIAN_POINT('',(-0.096,-0.0976100425553986,-0.0108881571791076));
#7817=CARTESIAN_POINT('',(-0.096,-0.117610042555399,-0.0108881571791076));
#7818=CARTESIAN_POINT('',(-0.096,-0.117610042555399,0.0494892722416519));
#7819=CARTESIAN_POINT('',(-0.096,-0.117610042555399,0.109866701662411));
#7820=CARTESIAN_POINT('',(-0.096,-0.0976100425553987,0.109866701662411));
#7821=CARTESIAN_POINT('',(-0.096,-0.0776100425553987,0.109866701662411));
#7822=CARTESIAN_POINT('',(-0.096,-0.0376100425553987,0.0894892722416519));
#7823=CARTESIAN_POINT('',(-0.096,-0.0768869585876751,0.109498336849472));
#7824=CARTESIAN_POINT('',(-0.096,-0.0768869585876751,0.112482903256851));
#7825=CARTESIAN_POINT('',(-0.096,-0.0768869585876751,0.0949778580957603));
#7826=CARTESIAN_POINT('',(-0.096,-0.0788869585876751,0.0949778580957603));
#7827=CARTESIAN_POINT('',(-0.096,-0.0804190474739131,0.0936922828763873));
#7828=CARTESIAN_POINT('',(-0.096,-0.0812434792938376,0.0946748024596313));
#7829=CARTESIAN_POINT('',(-0.096,-0.0820679111137621,0.0956573220428752));
#7830=CARTESIAN_POINT('',(-0.096,-0.0836,0.0943717468235022));
#7831=CARTESIAN_POINT('',(-0.096,-0.0856,0.0943717468235022));
#7832=CARTESIAN_POINT('',(-0.096,-0.0856,0.161897772302374));
#7833=CARTESIAN_POINT('',(-0.096,-0.0856,0.0753616565013206));
#7834=CARTESIAN_POINT('',(-0.096,-0.0836,0.0753616565013206));
#7835=CARTESIAN_POINT('',(-0.096,-0.0976100425553986,0.0494880851453314));
#7836=CARTESIAN_POINT('',(-0.096,-0.0976100425553986,0.0454880851453314));
#7837=CARTESIAN_POINT('',(-0.092,-0.0768869585876751,-0.00798190312090767));
#7838=CARTESIAN_POINT('',(-0.092,-0.0768869585876751,-0.0254869482819985));
#7839=CARTESIAN_POINT('',(-0.1,-0.0768869585876751,-0.0254869482819985));
#7840=CARTESIAN_POINT('',(-0.1,-0.0768869585876751,-0.00798190312090767));
#7841=CARTESIAN_POINT('',(-0.1,-0.0768869585876751,-0.0105266151952458));
#7842=CARTESIAN_POINT('',(-0.092,-0.0768869585876751,-0.0105266151952458));
#7843=CARTESIAN_POINT('',(-0.092,-0.0768869585876751,0.00952314204018308));
#7844=CARTESIAN_POINT('',(0.,-0.0768869585876751,0.00952314204018308));
#7845=CARTESIAN_POINT('',(0.,-0.0768869585876751,0.00212633041432226));
#7846=CARTESIAN_POINT('',(0.,-0.0768869585876751,-0.00527048121153856));
#7847=CARTESIAN_POINT('',(2.000000000002E-6,-0.0768869585876751,-0.00527048121153856));
#7848=CARTESIAN_POINT('',(-0.092,-0.0768869585876751,0.112482903256851));
#7849=CARTESIAN_POINT('',(-0.1,-0.0768869585876751,0.112482903256851));
#7850=CARTESIAN_POINT('',(-0.1,-0.0768869585876751,0.109498336849472));
#7851=CARTESIAN_POINT('',(-0.1,-0.0768869585876751,0.129987948417942));
#7852=CARTESIAN_POINT('',(-0.092,-0.0768869585876751,0.129987948417942));
#7853=CARTESIAN_POINT('',(-0.092,-0.0768869585876751,0.0949778580957603));
#7854=CARTESIAN_POINT('',(-0.092,-0.0768869585876751,0.109498336849472));
#7855=CARTESIAN_POINT('',(-0.147,-0.0856,0.161897772302374));
#7856=CARTESIAN_POINT('',(-0.096,-0.0856,0.0753616565013206));
#7857=CARTESIAN_POINT('',(-0.092,-0.0856,0.0943717468235022));
#7858=CARTESIAN_POINT('',(-0.147,-0.0856,0.161897772302374));
#7859=CARTESIAN_POINT('',(-0.1,-0.0856,-0.0100000000000003));
#7860=CARTESIAN_POINT('',(-0.1,-0.0856,-0.0260930595542566));
#7861=CARTESIAN_POINT('',(-0.1,-0.0856,-0.0405981047153473));
#7862=CARTESIAN_POINT('',(-0.092,-0.0856,-0.0260930595542566));
#7863=CARTESIAN_POINT('',(-0.126,-0.0856,-0.0405981047153473));
#7864=CARTESIAN_POINT('',(-0.147,-0.0856,0.161897772302374));
#7865=CARTESIAN_POINT('',(-0.092,-0.0856,0.0391393436346228));
#7866=CARTESIAN_POINT('',(-0.096,-0.0856,0.0101292533124413));
#7867=CARTESIAN_POINT('',(-0.1,-0.00649999999999978,-0.0100000000000003));
#7868=CARTESIAN_POINT('',(-0.1,-0.271,0.033));
#7869=CARTESIAN_POINT('',(-0.1,-0.271,0.0303));
#7870=CARTESIAN_POINT('',(-0.1,-0.172,-0.004));
#7871=CARTESIAN_POINT('',(-0.1,-0.172,-0.0067));
#7872=CARTESIAN_POINT('',(-0.1,-0.204726228020353,0.0263));
#7873=CARTESIAN_POINT('',(-0.1,-0.167403075956448,0.0403));
#7874=CARTESIAN_POINT('',(-0.1,-0.167403075956448,0.0123));
#7875=CARTESIAN_POINT('',(-0.1,-0.00649999999999978,0.0123));
#7876=CARTESIAN_POINT('',(-0.1,-0.144256312555527,0.0123));
#7877=CARTESIAN_POINT('',(-0.1,-0.144256312555527,0.0203));
#7878=CARTESIAN_POINT('',(-0.1,-0.135355497031725,0.0203));
#7879=CARTESIAN_POINT('',(-0.1,-0.135355497031725,-0.0100000000000003));
#7880=CARTESIAN_POINT('',(-0.1,-0.135355497031725,0.0323));
#7881=CARTESIAN_POINT('',(-0.1,-0.144256312555527,0.0323));
#7882=CARTESIAN_POINT('',(-0.1,-0.144256312555527,0.0403));
#7883=CARTESIAN_POINT('',(-0.1,-0.165452145602184,0.0403));
#7884=CARTESIAN_POINT('',(-0.1,-0.143542127185999,0.0013));
#7885=CARTESIAN_POINT('',(-0.1,-0.151542127185999,-0.00550073525436775));
#7886=CARTESIAN_POINT('',(-0.1,-0.135542127185999,-0.00550073525436775));
#7887=CARTESIAN_POINT('',(-0.1,-0.127542127185999,0.0013));
#7888=CARTESIAN_POINT('',(-0.1,-0.117610042555399,-0.00210641965861338));
#7889=CARTESIAN_POINT('',(-0.1,-0.117610042555399,0.0494892722416519));
#7890=CARTESIAN_POINT('',(-0.1,-0.117610042555399,-0.0108881571791076));
#7891=CARTESIAN_POINT('',(-0.1,-0.0976100425553986,-0.0108881571791076));
#7892=CARTESIAN_POINT('',(-0.1,-0.0776100425553986,-0.0108881571791075));
#7893=CARTESIAN_POINT('',(-0.1,-0.0376100425553986,0.00911184282089245));
#7894=CARTESIAN_POINT('',(-0.1,-0.0788869585876751,-0.0254869482819985));
#7895=CARTESIAN_POINT('',(-0.1,-0.0804190474739131,-0.0267725235013715));
#7896=CARTESIAN_POINT('',(-0.1,-0.0812434792938376,-0.0257900039181275));
#7897=CARTESIAN_POINT('',(-0.1,-0.0820679111137621,-0.0248074843348836));
#7898=CARTESIAN_POINT('',(-0.1,-0.0836,-0.0260930595542566));
#7899=CARTESIAN_POINT('',(-0.1,-0.00649999999999978,-0.0405981047153473));
#7900=CARTESIAN_POINT('',(-0.1,-0.11193662193381,-0.0405981047153473));
#7901=CARTESIAN_POINT('',(-0.1,-0.11193662193381,-0.0385981047153473));
#7902=CARTESIAN_POINT('',(-0.1,-0.113868473586388,-0.0380804666251423));
#7903=CARTESIAN_POINT('',(-0.1,-0.0996560329825939,0.0149610838077728));
#7904=CARTESIAN_POINT('',(-0.1,-0.111734332270992,-0.0301157428055524));
#7905=CARTESIAN_POINT('',(-0.1,-0.11366618392357,-0.0295981047153473));
#7906=CARTESIAN_POINT('',(-0.1,-0.11366618392357,-0.0275981047153473));
#7907=CARTESIAN_POINT('',(-0.1,-0.00649999999999978,-0.0275981047153473));
#7908=CARTESIAN_POINT('',(-0.1,-0.121410410047775,-0.0275981047153473));
#7909=CARTESIAN_POINT('',(-0.1,-0.119408573759311,-0.0220981047153473));
#7910=CARTESIAN_POINT('',(-0.1,-0.118383648242759,-0.0192821450019987));
#7911=CARTESIAN_POINT('',(-0.1,-0.120263033484331,-0.0185981047153474));
#7912=CARTESIAN_POINT('',(-0.1,-0.120263033484331,-0.0165981047153473));
#7913=CARTESIAN_POINT('',(-0.1,-0.130406737470847,-0.0165981047153473));
#7914=CARTESIAN_POINT('',(-0.1,-0.140550441457362,-0.0165981047153473));
#7915=CARTESIAN_POINT('',(-0.1,-0.140550441457362,-0.0185981047153474));
#7916=CARTESIAN_POINT('',(-0.1,-0.142429826698934,-0.0192821450019987));
#7917=CARTESIAN_POINT('',(-0.1,-0.141404901182383,-0.0220981047153473));
#7918=CARTESIAN_POINT('',(-0.1,-0.139403064893918,-0.0275981047153473));
#7919=CARTESIAN_POINT('',(-0.1,-0.00649999999999978,-0.0275981047153473));
#7920=CARTESIAN_POINT('',(-0.1,-0.147147291018123,-0.0275981047153473));
#7921=CARTESIAN_POINT('',(-0.1,-0.147147291018123,-0.0295981047153473));
#7922=CARTESIAN_POINT('',(-0.1,-0.149079142670701,-0.0301157428055526));
#7923=CARTESIAN_POINT('',(-0.1,-0.14455708683805,-0.0469922849276626));
#7924=CARTESIAN_POINT('',(-0.1,-0.146945001355304,-0.0380804666251422));
#7925=CARTESIAN_POINT('',(-0.1,-0.148876853007882,-0.0385981047153473));
#7926=CARTESIAN_POINT('',(-0.1,-0.148876853007882,-0.0405981047153473));
#7927=CARTESIAN_POINT('',(-0.1,-0.00649999999999978,-0.0405981047153473));
#7928=CARTESIAN_POINT('',(-0.1,-0.17260702419601,-0.0405981047153473));
#7929=CARTESIAN_POINT('',(-0.1,-0.17260702419601,-0.0385981047153473));
#7930=CARTESIAN_POINT('',(-0.1,-0.174538875848588,-0.0380804666251423));
#7931=CARTESIAN_POINT('',(-0.1,-0.156262288922137,0.0301286843733228));
#7932=CARTESIAN_POINT('',(-0.1,-0.172404734533192,-0.0301157428055524));
#7933=CARTESIAN_POINT('',(-0.1,-0.17433658618577,-0.0295981047153473));
#7934=CARTESIAN_POINT('',(-0.1,-0.17433658618577,-0.0275981047153473));
#7935=CARTESIAN_POINT('',(-0.1,-0.00649999999999978,-0.0275981047153473));
#7936=CARTESIAN_POINT('',(-0.1,-0.182080812309974,-0.0275981047153473));
#7937=CARTESIAN_POINT('',(-0.1,-0.18007897602151,-0.0220981047153473));
#7938=CARTESIAN_POINT('',(-0.1,-0.179054050504959,-0.0192821450019987));
#7939=CARTESIAN_POINT('',(-0.1,-0.180933435746531,-0.0185981047153474));
#7940=CARTESIAN_POINT('',(-0.1,-0.180933435746531,-0.0165981047153473));
#7941=CARTESIAN_POINT('',(-0.1,-0.191077139733046,-0.0165981047153473));
#7942=CARTESIAN_POINT('',(-0.1,-0.201220843719562,-0.0165981047153473));
#7943=CARTESIAN_POINT('',(-0.1,-0.201220843719562,-0.0185981047153474));
#7944=CARTESIAN_POINT('',(-0.1,-0.203100228961133,-0.0192821450019987));
#7945=CARTESIAN_POINT('',(-0.1,-0.202075303444582,-0.0220981047153473));
#7946=CARTESIAN_POINT('',(-0.1,-0.200073467156118,-0.0275981047153473));
#7947=CARTESIAN_POINT('',(-0.1,-0.00649999999999978,-0.0275981047153473));
#7948=CARTESIAN_POINT('',(-0.1,-0.207817693280323,-0.0275981047153473));
#7949=CARTESIAN_POINT('',(-0.1,-0.207817693280323,-0.0295981047153473));
#7950=CARTESIAN_POINT('',(-0.1,-0.209749544932901,-0.0301157428055526));
#7951=CARTESIAN_POINT('',(-0.1,-0.201163342777591,-0.0621598854932156));
#7952=CARTESIAN_POINT('',(-0.1,-0.207744344915333,-0.0375992511504517));
#7953=CARTESIAN_POINT('',(-0.1,-0.209676196567911,-0.0381168892406569));
#7954=CARTESIAN_POINT('',(-0.1,-0.210003571538741,-0.0400899137282075));
#7955=CARTESIAN_POINT('',(-0.1,-0.0168115023438058,-0.0721453942437189));
#7956=CARTESIAN_POINT('',(-0.1,-0.213425846965907,-0.0395220711468253));
#7957=CARTESIAN_POINT('',(-0.1,-0.0371064497049563,-0.0996903284799595));
#7958=CARTESIAN_POINT('',(-0.1,-0.224296973097695,-0.0358123447936305));
#7959=CARTESIAN_POINT('',(-0.1,-0.223651054263636,-0.0339195191651565));
#7960=CARTESIAN_POINT('',(-0.1,-0.225070808797988,-0.0325108683701805));
#7961=CARTESIAN_POINT('',(-0.1,-0.105388368097638,0.0881149733733294));
#7962=CARTESIAN_POINT('',(-0.1,-0.222600885640072,-0.0300214759562066));
#7963=CARTESIAN_POINT('',(-0.1,-0.224020640174424,-0.0286128251612306));
#7964=CARTESIAN_POINT('',(-0.1,-0.223355870433206,-0.0267265374866806));
#7965=CARTESIAN_POINT('',(-0.1,-0.0357017197349522,-0.0928600349809715));
#7966=CARTESIAN_POINT('',(-0.1,-0.261642050336955,-0.0132336359265015));
#7967=CARTESIAN_POINT('',(-0.1,-0.262306820078174,-0.0151199236010515));
#7968=CARTESIAN_POINT('',(-0.1,-0.264306820078174,-0.0151199236010515));
#7969=CARTESIAN_POINT('',(-0.1,-0.264306820078174,-0.0100000000000003));
#7970=CARTESIAN_POINT('',(-0.1,-0.264306820078174,-0.0193634173740837));
#7971=CARTESIAN_POINT('',(-0.1,-0.266306820078174,-0.0193634173740837));
#7972=CARTESIAN_POINT('',(-0.1,-0.266952738912233,-0.0212562430025576));
#7973=CARTESIAN_POINT('',(-0.1,-0.0371064497049563,-0.0996903284799595));
#7974=CARTESIAN_POINT('',(-0.1,-0.276635034634566,-0.0179522000575001));
#7975=CARTESIAN_POINT('',(-0.1,-0.0644040129181208,-0.124903270706333));
#7976=CARTESIAN_POINT('',(-0.1,-0.282724300219666,-0.0148835936467853));
#7977=CARTESIAN_POINT('',(-0.1,-0.0394075233933411,0.0770730896320535));
#7978=CARTESIAN_POINT('',(-0.1,-0.270846941051131,-0.0103947845745295));
#7979=CARTESIAN_POINT('',(-0.1,-0.271553991223707,-0.00852393448607798));
#7980=CARTESIAN_POINT('',(-0.1,-0.270416911706696,-0.0068786229131555));
#7981=CARTESIAN_POINT('',(-0.1,-0.0903479242499393,-0.131324813322205));
#7982=CARTESIAN_POINT('',(-0.1,-0.303840504730177,0.0162205174790986));
#7983=CARTESIAN_POINT('',(-0.1,-0.306195753943874,0.0128125598732872));
#7984=CARTESIAN_POINT('',(-0.1,-0.301835373836504,0.0191218669583802));
#7985=CARTESIAN_POINT('',(-0.1,-0.300190062263582,0.0179847874413685));
#7986=CARTESIAN_POINT('',(-0.1,-0.2986700189687,0.0192845829567034));
#7987=CARTESIAN_POINT('',(-0.1,-0.29804950701991,0.018558926485339));
#7988=CARTESIAN_POINT('',(-0.1,-0.297040433979323,0.0173788680136071));
#7989=CARTESIAN_POINT('',(-0.1,-0.295520390684441,0.018678663528942));
#7990=CARTESIAN_POINT('',(-0.1,-0.294220595169106,0.0171586202340601));
#7991=CARTESIAN_POINT('',(-0.1,-0.290700237136593,0.020168893427225));
#7992=CARTESIAN_POINT('',(-0.1,-0.287179879104081,0.02317916662039));
#7993=CARTESIAN_POINT('',(-0.1,-0.288479674619416,0.0246992099152719));
#7994=CARTESIAN_POINT('',(-0.1,-0.286959631324534,0.0259990054306068));
#7995=CARTESIAN_POINT('',(-0.1,-0.29540830217421,0.0358792868473397));
#7996=CARTESIAN_POINT('',(-0.1,-0.303856973023886,0.0457595682640713));
#7997=CARTESIAN_POINT('',(-0.1,-0.305377016318769,0.0444597727487364));
#7998=CARTESIAN_POINT('',(-0.1,-0.306676811834104,0.0459798160436183));
#7999=CARTESIAN_POINT('',(-0.1,-0.310844589308134,0.0424159317201266));
#8000=CARTESIAN_POINT('',(-0.1,-0.315012366782164,0.0388520473966346));
#8001=CARTESIAN_POINT('',(-0.1,-0.313712571266829,0.0373320041017528));
#8002=CARTESIAN_POINT('',(-0.1,-0.315232614561712,0.036032208586418));
#8003=CARTESIAN_POINT('',(-0.1,-0.314223541521125,0.0348521501146865));
#8004=CARTESIAN_POINT('',(-0.1,-0.312915331460304,0.0333222664462269));
#8005=CARTESIAN_POINT('',(-0.1,-0.314435374755186,0.032022470930892));
#8006=CARTESIAN_POINT('',(-0.1,-0.312790063182263,0.0308853914138804));
#8007=CARTESIAN_POINT('',(-0.1,-0.320617292849946,0.0195596825575605));
#8008=CARTESIAN_POINT('',(-0.1,-0.316756175842235,0.0251465745929469));
#8009=CARTESIAN_POINT('',(-0.1,-0.0903479242499393,-0.131324813322205));
#8010=CARTESIAN_POINT('',(-0.1,-0.32440285524894,0.0304312165231534));
#8011=CARTESIAN_POINT('',(-0.1,-0.325539934765952,0.028785904950231));
#8012=CARTESIAN_POINT('',(-0.1,-0.327539934765952,0.028785904950231));
#8013=CARTESIAN_POINT('',(-0.1,-0.327539934765952,-0.0100000000000003));
#8014=CARTESIAN_POINT('',(-0.1,-0.327539934765952,0.016088619111565));
#8015=CARTESIAN_POINT('',(-0.1,-0.247550974145312,-0.136424579054773));
#8016=CARTESIAN_POINT('',(-0.1,-0.329,0.0188724934943344));
#8017=CARTESIAN_POINT('',(-0.1,-0.0316537598557709,0.0921162395548167));
#8018=CARTESIAN_POINT('',(-0.1,-0.333,0.0178871943894935));
#8019=CARTESIAN_POINT('',(-0.1,-0.333,0.0604018952846526));
#8020=CARTESIAN_POINT('',(-0.1,-0.333,0.0580405660520623));
#8021=CARTESIAN_POINT('',(-0.1,-0.251890744852283,0.10279782301599));
#8022=CARTESIAN_POINT('',(-0.1,-0.25209653368897,0.102684265767473));
#8023=CARTESIAN_POINT('',(-0.1,-0.201378584589688,0.123345591190473));
#8024=CARTESIAN_POINT('',(-0.1,-0.201656597966675,0.123232334937886));
#8025=CARTESIAN_POINT('',(-0.1,-0.11718658023486,0.143638015871849));
#8026=CARTESIAN_POINT('',(-0.1,-0.117483254790903,0.143566347290565));
#8027=CARTESIAN_POINT('',(-0.1,-0.0375761079927058,0.150352545609756));
#8028=CARTESIAN_POINT('',(-0.1,-0.0856,0.146274066171065));
#8029=CARTESIAN_POINT('',(-0.1,-0.0856,-0.0100000000000003));
#8030=CARTESIAN_POINT('',(-0.1,-0.0856,0.1305940596902));
#8031=CARTESIAN_POINT('',(-0.1,-0.0836,0.1305940596902));
#8032=CARTESIAN_POINT('',(-0.1,-0.082067911113762,0.129308484470827));
#8033=CARTESIAN_POINT('',(-0.1,-0.0812434792938376,0.130291004054071));
#8034=CARTESIAN_POINT('',(-0.1,-0.0804190474739131,0.131273523637315));
#8035=CARTESIAN_POINT('',(-0.1,-0.0788869585876751,0.129987948417942));
#8036=CARTESIAN_POINT('',(-0.1,-0.0376100425553987,0.0894892722416519));
#8037=CARTESIAN_POINT('',(-0.1,-0.0776100425553987,0.109866701662411));
#8038=CARTESIAN_POINT('',(-0.1,-0.0976100425553987,0.109866701662411));
#8039=CARTESIAN_POINT('',(-0.1,-0.117610042555399,0.109866701662411));
#8040=CARTESIAN_POINT('',(-0.1,-0.117610042555399,0.0494892722416519));
#8041=CARTESIAN_POINT('',(-0.1,-0.117610042555399,0.0547064196586134));
#8042=CARTESIAN_POINT('',(-0.1,-0.127542127185999,0.0513));
#8043=CARTESIAN_POINT('',(-0.1,-0.135542127185999,0.0581007352543677));
#8044=CARTESIAN_POINT('',(-0.1,-0.143542127185999,0.0513));
#8045=CARTESIAN_POINT('',(-0.1,-0.151542127185999,0.0581007352543678));
#8046=CARTESIAN_POINT('',(-0.1,-0.159542127185999,0.0513));
#8047=CARTESIAN_POINT('',(-0.1,-0.151542127185999,0.0444992647456322));
#8048=CARTESIAN_POINT('',(-0.1,-0.143542127185999,0.0513));
#8049=CARTESIAN_POINT('',(-0.1,-0.135542127185999,0.0444992647456322));
#8050=CARTESIAN_POINT('',(-0.1,-0.127542127185999,0.0513));
#8051=CARTESIAN_POINT('',(-0.1,-0.117610042555399,0.0478935803413866));
#8052=CARTESIAN_POINT('',(-0.1,-0.117610042555399,0.0494892722416519));
#8053=CARTESIAN_POINT('',(-0.1,-0.117610042555399,0.00470641965861338));
#8054=CARTESIAN_POINT('',(-0.1,-0.127542127185999,0.0013));
#8055=CARTESIAN_POINT('',(-0.1,-0.135542127185999,0.00810073525436773));
#8056=CARTESIAN_POINT('',(-0.1,-0.143542127185999,0.0013));
#8057=CARTESIAN_POINT('',(-0.1,-0.151542127185999,0.00810073525436775));
#8058=CARTESIAN_POINT('',(-0.1,-0.159542127185999,0.0013));
#8059=CARTESIAN_POINT('',(-0.142,-0.191077139733046,-0.0275981047153473));
#8060=CARTESIAN_POINT('',(-0.1,-0.207817693280323,-0.0275981047153473));
#8061=CARTESIAN_POINT('',(-0.0943,-0.200073467156118,-0.0275981047153473));
#8062=CARTESIAN_POINT('',(-0.0943,-0.200073467156118,-0.0275981047153473));
#8063=CARTESIAN_POINT('',(-0.0943,-0.191077139733046,-0.0275981047153473));
#8064=CARTESIAN_POINT('',(-0.0943,-0.182080812309974,-0.0275981047153473));
#8065=CARTESIAN_POINT('',(-0.0943,-0.182080812309974,-0.0275981047153473));
#8066=CARTESIAN_POINT('',(-0.092,-0.17433658618577,-0.0275981047153473));
#8067=CARTESIAN_POINT('',(-0.126,-0.1462704022622,-0.0405981047153473));
#8068=CARTESIAN_POINT('',(-0.126,-0.17260702419601,-0.0405981047153473));
#8069=CARTESIAN_POINT('',(-0.126,-0.148876853007882,-0.0405981047153473));
#8070=CARTESIAN_POINT('',(-0.126,-0.245030440800236,-0.0287371356021627));
#8071=CARTESIAN_POINT('',(-0.126,-0.266952738912233,-0.0212562430025576));
#8072=CARTESIAN_POINT('',(-0.126,-0.276635034634566,-0.0179522000575001));
#8073=CARTESIAN_POINT('',(-0.092,-0.2113,0.048837980727859));
#8074=CARTESIAN_POINT('',(-0.092,-0.271,0.033));
#8075=CARTESIAN_POINT('',(-0.092,-0.271,0.0303));
#8076=CARTESIAN_POINT('',(-0.092,-0.271,0.033));
#8077=CARTESIAN_POINT('',(-0.092,-0.271,0.028));
#8078=CARTESIAN_POINT('',(-0.092,-0.2113,0.048837980727859));
#8079=CARTESIAN_POINT('',(-0.092,-0.172,-0.004));
#8080=CARTESIAN_POINT('',(-0.092,-0.172,-0.0067));
#8081=CARTESIAN_POINT('',(-0.092,-0.172,-0.004));
#8082=CARTESIAN_POINT('',(-0.092,-0.172,-0.009));
#8083=CARTESIAN_POINT('',(0.0109610762578196,-0.148655964712804,0.0263));
#8084=CARTESIAN_POINT('',(1.21430643318376E-17,-0.154002038809498,0.0263));
#8085=CARTESIAN_POINT('',(1.05097505176279E-17,-0.165363939332361,0.00348082206815583));
#8086=CARTESIAN_POINT('',(9.49100417398443E-18,-0.169878082122126,0.00577228041552015));
#8087=CARTESIAN_POINT('',(9.49100417398443E-18,-0.165363939332361,0.00348082206815584));
#8088=CARTESIAN_POINT('',(-0.000740926513555083,-0.16506414630174,0.00321488274747544));
#8089=CARTESIAN_POINT('',(-0.00229218164557865,-0.164654628106643,0.00279737892443975));
#8090=CARTESIAN_POINT('',(-0.00552095626172917,-0.164118364217619,0.00217331971907333));
#8091=CARTESIAN_POINT('',(-0.00962369792337511,-0.163764085395003,0.00167806917504358));
#8092=CARTESIAN_POINT('',(-0.0145458840109157,-0.163558733649163,0.00136331746320281));
#8093=CARTESIAN_POINT('',(-0.0211297358680574,-0.163481934320719,0.00123722338792357));
#8094=CARTESIAN_POINT('',(-0.0294098230075604,-0.163669304169269,0.00154844623650178));
#8095=CARTESIAN_POINT('',(-0.0375786728088231,-0.164231325696148,0.00233194484957378));
#8096=CARTESIAN_POINT('',(-0.0440417443592459,-0.164972674214802,0.00313333195421179));
#8097=CARTESIAN_POINT('',(-0.048853690124547,-0.165696464318567,0.00378669906736962));
#8098=CARTESIAN_POINT('',(-0.0536302897138344,-0.166610871924482,0.00445249636072663));
#8099=CARTESIAN_POINT('',(-0.0583718372321302,-0.167742424511402,0.00508327466989908));
#8100=CARTESIAN_POINT('',(-0.0622942149682273,-0.168895003760949,0.00553245519262056));
#8101=CARTESIAN_POINT('',(-0.0654125126890111,-0.169975110132097,0.00580577062324266));
#8102=CARTESIAN_POINT('',(-0.0677421803831645,-0.170880475116426,0.00595282766568363));
#8103=CARTESIAN_POINT('',(-0.0700526059595931,-0.171905190345154,0.00601905748576801));
#8104=CARTESIAN_POINT('',(-0.0719170295416656,-0.172877991702783,0.00597770005589542));
#8105=CARTESIAN_POINT('',(-0.0733387082562294,-0.173770215933912,0.00585075747811831));
#8106=CARTESIAN_POINT('',(-0.0743416720310183,-0.174516594976254,0.00568948430873179));
#8107=CARTESIAN_POINT('',(-0.0752335914142668,-0.175377041170819,0.00543047524083679));
#8108=CARTESIAN_POINT('',(-0.0757518744608536,-0.176258327201997,0.00506562120842911));
#8109=CARTESIAN_POINT('',(-0.0757494603792687,-0.177020858092644,0.00465610801570579));
#8110=CARTESIAN_POINT('',(-0.0754167240526312,-0.177695296262256,0.0042342242058846));
#8111=CARTESIAN_POINT('',(-0.074636112067719,-0.178284613254012,0.00378949307753566));
#8112=CARTESIAN_POINT('',(-0.0735428496394912,-0.178761559737326,0.00337439129649286));
#8113=CARTESIAN_POINT('',(-0.0720001518795244,-0.179227474917371,0.00292205089622031));
#8114=CARTESIAN_POINT('',(-0.0700077146685839,-0.179614837389159,0.0024901655837352));
#8115=CARTESIAN_POINT('',(-0.0675475235312436,-0.179931297774689,0.00209558966090778));
#8116=CARTESIAN_POINT('',(-0.0650861063387064,-0.180147459570769,0.00180087864005671));
#8117=CARTESIAN_POINT('',(-0.0617973445789464,-0.180346930240893,0.00151079974366905));
#8118=CARTESIAN_POINT('',(-0.0576788065459464,-0.180473171403702,0.00131112889959224));
#8119=CARTESIAN_POINT('',(-0.0527266756202348,-0.180492921307407,0.00127920838501916));
#8120=CARTESIAN_POINT('',(-0.0477659975329762,-0.180400295224634,0.00142750071095491));
#8121=CARTESIAN_POINT('',(-0.0427984028180062,-0.180196208645896,0.00173516247678865));
#8122=CARTESIAN_POINT('',(-0.0362197264665142,-0.179764153324611,0.00232455289153585));
#8123=CARTESIAN_POINT('',(-0.0280680213330166,-0.178886146225438,0.00333445705016264));
#8124=CARTESIAN_POINT('',(-0.0199787923455479,-0.177403606446224,0.00449310661457329));
#8125=CARTESIAN_POINT('',(-0.0136133168905117,-0.175757731321778,0.00530577837460798));
#8126=CARTESIAN_POINT('',(-0.00890941626308259,-0.174257870118813,0.00579021633872535));
#8127=CARTESIAN_POINT('',(-0.00503847647005318,-0.172720748963433,0.00601734978358588));
#8128=CARTESIAN_POINT('',(-0.00208125169622765,-0.171242736670842,0.00599433285505567));
#8129=CARTESIAN_POINT('',(-0.000669335944376608,-0.170378433591924,0.00588092493694605));
#8130=CARTESIAN_POINT('',(2.35520167668466E-16,-0.169878082122127,0.00577228041552028));
#8131=CARTESIAN_POINT('',(0.1,-0.337,0.0533509476423263));
#8132=CARTESIAN_POINT('',(-0.048,-0.337,0.0366518952846525));
#8133=CARTESIAN_POINT('',(-0.048,-0.337,0.0250948952846526));
#8134=CARTESIAN_POINT('',(0.,-0.337,0.0366518952846525));
#8135=CARTESIAN_POINT('',(0.,-0.337,0.0250948952846526));
#8136=CARTESIAN_POINT('',(0.1,-0.337,0.0169018952846526));
#8137=CARTESIAN_POINT('',(-0.096,-0.337,0.0169018952846525));
#8138=CARTESIAN_POINT('',(0.012,-0.337,0.0169018952846526));
#8139=CARTESIAN_POINT('',(0.012,-0.337,-0.181));
#8140=CARTESIAN_POINT('',(0.012,-0.337,0.0564018952846522));
#8141=CARTESIAN_POINT('',(0.1,-0.337,0.0564018952846526));
#8142=CARTESIAN_POINT('',(-0.096,-0.337,0.0564018952846526));
#8143=CARTESIAN_POINT('',(-0.096,-0.337,0.0129018952846526));
#8144=CARTESIAN_POINT('',(-0.147,-0.0856,0.161897772302374));
#8145=CARTESIAN_POINT('',(-0.1,-0.0856,0.1305940596902));
#8146=CARTESIAN_POINT('',(-0.0972247671515385,-0.0856,0.149059289130396));
#8147=CARTESIAN_POINT('',(-0.096,-0.0856,0.150288465122669));
#8148=CARTESIAN_POINT('',(0.1,-0.0856,0.150288465122669));
#8149=CARTESIAN_POINT('',(0.012,-0.0856,0.150288465122669));
#8150=CARTESIAN_POINT('',(0.012,-0.0856,-0.181));
#8151=CARTESIAN_POINT('',(0.012,-0.0856,0.142259667219461));
#8152=CARTESIAN_POINT('',(-0.092,-0.0856,0.142259667219461));
#8153=CARTESIAN_POINT('',(-0.084,-0.0856,0.142259667219461));
#8154=CARTESIAN_POINT('',(-0.084,-0.0856,0.134230869316252));
#8155=CARTESIAN_POINT('',(0.1,-0.0780202239742694,0.150932185558034));
#8156=CARTESIAN_POINT('',(0.1,-0.1141402015221,0.147864658550177));
#8157=CARTESIAN_POINT('',(-0.096,-0.1141402015221,0.147864658550177));
#8158=CARTESIAN_POINT('',(0.012,-0.1141402015221,0.147864658550177));
#8159=CARTESIAN_POINT('',(0.012,-0.0780202239742694,0.150932185558034));
#8160=CARTESIAN_POINT('',(-0.096,-0.118125854217033,0.147526172811379));
#8161=CARTESIAN_POINT('',(0.1,-0.160506764857906,0.137288086405689));
#8162=CARTESIAN_POINT('',(0.0998228724454942,-0.160966584848537,0.137177006282022));
#8163=CARTESIAN_POINT('',(0.0093159597133486,-0.128024762618707,0.145134863186224));
#8164=CARTESIAN_POINT('',(-0.00719844420284467,-0.122014011156563,0.146586898829205));
#8165=CARTESIAN_POINT('',(0.01,-0.126145377377135,0.145588872036006));
#8166=CARTESIAN_POINT('',(0.012,-0.126145377377135,0.145588872036006));
#8167=CARTESIAN_POINT('',(0.012,-0.160506764857906,0.137288086405689));
#8168=CARTESIAN_POINT('',(0.012,-0.122014011156563,0.146586898829205));
#8169=CARTESIAN_POINT('',(0.1,-0.122014011156563,0.146586898829205));
#8170=CARTESIAN_POINT('',(0.1,-0.122014011156563,0.146586898829205));
#8171=CARTESIAN_POINT('',(0.012,-0.122014011156563,0.146586898829205));
#8172=CARTESIAN_POINT('',(-0.096,-0.118077106339332,0.147225778689691));
#8173=CARTESIAN_POINT('',(-0.096,-0.122014011156563,0.146586898829205));
#8174=CARTESIAN_POINT('',(0.1,-0.122014011156563,0.146586898829205));
#8175=CARTESIAN_POINT('',(-0.0116645855370752,-0.122014011156563,0.146586898829205));
#8176=CARTESIAN_POINT('',(-0.01,-0.123122683781714,0.146406983732203));
#8177=CARTESIAN_POINT('',(-0.00931595971334864,-0.121243298540143,0.146711969866406));
#8178=CARTESIAN_POINT('',(0.0871694566491231,-0.156361118136864,0.14101305949745));
#8179=CARTESIAN_POINT('',(-0.092,-0.099379778855817,0.1410894050357));
#8180=CARTESIAN_POINT('',(0.012,-0.099379778855817,0.1410894050357));
#8181=CARTESIAN_POINT('',(0.012,-0.113159557711634,0.139919142851939));
#8182=CARTESIAN_POINT('',(-0.092,-0.113159557711634,0.139919142851939));
#8183=CARTESIAN_POINT('',(-0.084,-0.113159557711634,0.139919142851939));
#8184=CARTESIAN_POINT('',(-0.084,-0.0856,0.142259667219461));
#8185=CARTESIAN_POINT('',(-0.092,-0.11679563245085,0.139329081616031));
#8186=CARTESIAN_POINT('',(0.012,-0.11679563245085,0.139329081616031));
#8187=CARTESIAN_POINT('',(0.012,-0.120431707190067,0.138739020380124));
#8188=CARTESIAN_POINT('',(-0.092,-0.120431707190067,0.138739020380124));
#8189=CARTESIAN_POINT('',(-0.084,-0.120431707190067,0.138739020380124));
#8190=CARTESIAN_POINT('',(-0.084,-0.113159557711634,0.139919142851939));
#8191=CARTESIAN_POINT('',(-0.092,-0.158630641985302,0.129511186689789));
#8192=CARTESIAN_POINT('',(0.012,-0.158630641985302,0.129511186689789));
#8193=CARTESIAN_POINT('',(0.012,-0.126145377377135,0.137358751570789));
#8194=CARTESIAN_POINT('',(0.01,-0.126145377377135,0.137358751570789));
#8195=CARTESIAN_POINT('',(0.0093159597133486,-0.128024762618707,0.136904742721007));
#8196=CARTESIAN_POINT('',(-0.06920170411114,-0.0994466701224727,0.143808440066388));
#8197=CARTESIAN_POINT('',(-0.00931595971334865,-0.121243298540143,0.138542961771601));
#8198=CARTESIAN_POINT('',(-0.01,-0.123122683781714,0.138088952921819));
#8199=CARTESIAN_POINT('',(-0.012,-0.123122683781714,0.138088952921819));
#8200=CARTESIAN_POINT('',(-0.012,-0.158630641985302,0.129511186689789));
#8201=CARTESIAN_POINT('',(-0.012,-0.160811765145365,0.128984286086746));
#8202=CARTESIAN_POINT('',(-0.01,-0.160811765145365,0.128984286086746));
#8203=CARTESIAN_POINT('',(-0.00931595971334863,-0.162691150386937,0.128530277236964));
#8204=CARTESIAN_POINT('',(-0.0804609506769587,-0.188585809414829,0.122274825134485));
#8205=CARTESIAN_POINT('',(0.0093159597133486,-0.155909686308373,0.130168496287559));
#8206=CARTESIAN_POINT('',(0.01,-0.157789071549944,0.129714487437776));
#8207=CARTESIAN_POINT('',(0.012,-0.157789071549944,0.129714487437776));
#8208=CARTESIAN_POINT('',(0.012,-0.158630641985302,0.129511186689789));
#8209=CARTESIAN_POINT('',(0.012,-0.195478152913596,0.120609820602704));
#8210=CARTESIAN_POINT('',(0.01,-0.195478152913596,0.120609820602704));
#8211=CARTESIAN_POINT('',(0.0114743315542499,-0.196829576780538,0.120283352999454));
#8212=CARTESIAN_POINT('',(-0.092,-0.196829576780538,0.120283352999454));
#8213=CARTESIAN_POINT('',(0.00786539775821124,-0.196829576780538,0.120283352999454));
#8214=CARTESIAN_POINT('',(-0.0926253149592161,-0.160253948531198,0.129119039554947));
#8215=CARTESIAN_POINT('',(-0.00931595971334863,-0.190576074076603,0.121794030803516));
#8216=CARTESIAN_POINT('',(-0.01,-0.192455459318175,0.121340021953734));
#8217=CARTESIAN_POINT('',(-0.012,-0.192455459318175,0.121340021953734));
#8218=CARTESIAN_POINT('',(-0.012,-0.158630641985302,0.129511186689789));
#8219=CARTESIAN_POINT('',(-0.012,-0.196829576780538,0.120283352999454));
#8220=CARTESIAN_POINT('',(-0.092,-0.196829576780538,0.120283352999454));
#8221=CARTESIAN_POINT('',(-0.084,-0.196829576780538,0.120283352999454));
#8222=CARTESIAN_POINT('',(-0.084,-0.120431707190067,0.138739020380124));
#8223=CARTESIAN_POINT('',(-0.092,-0.200340551137768,0.11915117362367));
#8224=CARTESIAN_POINT('',(0.01,-0.195478152913596,0.120719144912017));
#8225=CARTESIAN_POINT('',(0.00931595971334859,-0.197357538155167,0.120113101975452));
#8226=CARTESIAN_POINT('',(-0.0780274184565405,-0.165567148341071,0.130364508005108));
#8227=CARTESIAN_POINT('',(-0.1,-0.00649999999999978,-0.0100000000000003));
#8228=CARTESIAN_POINT('',(-0.1,-0.202775297666084,0.0263));
#8229=CARTESIAN_POINT('',(-0.1,-0.225032899485291,0.0263));
#8230=CARTESIAN_POINT('',(-0.1,-0.204726228020353,0.0263));
#8231=CARTESIAN_POINT('',(-0.1,-0.229592881389973,0.0263));
#8232=CARTESIAN_POINT('',(0.1,-0.160506764857906,0.137288086405689));
#8233=CARTESIAN_POINT('',(0.012,-0.160506764857906,0.137288086405689));
#8234=CARTESIAN_POINT('',(0.012,-0.157789071549944,0.137944607902994));
#8235=CARTESIAN_POINT('',(0.012,-0.195478152913596,0.128839941067922));
#8236=CARTESIAN_POINT('',(0.01,-0.157789071549944,0.137944607902994));
#8237=CARTESIAN_POINT('',(0.00931595971334857,-0.155909686308373,0.138398616752776));
#8238=CARTESIAN_POINT('',(0.0872959549482578,-0.127527289174646,0.145255039369978));
#8239=CARTESIAN_POINT('',(-0.00931595971334867,-0.162691150386937,0.136760397702182));
#8240=CARTESIAN_POINT('',(-0.01,-0.160811765145365,0.137214406551964));
#8241=CARTESIAN_POINT('',(-0.012,-0.160811765145365,0.137214406551964));
#8242=CARTESIAN_POINT('',(-0.012,-0.160506764857906,0.137288086405689));
#8243=CARTESIAN_POINT('',(-0.012,-0.123122683781714,0.146319073387036));
#8244=CARTESIAN_POINT('',(-0.01,-0.123122683781714,0.146319073387036));
#8245=CARTESIAN_POINT('',(-0.096,-0.202887675498779,0.12705));
#8246=CARTESIAN_POINT('',(-0.096,-0.198999518559249,0.127989273982173));
#8247=CARTESIAN_POINT('',(0.1,-0.198999518559249,0.127989273982173));
#8248=CARTESIAN_POINT('',(-0.012,-0.198999518559249,0.127989273982173));
#8249=CARTESIAN_POINT('',(-0.012,-0.160506764857906,0.137288086405689));
#8250=CARTESIAN_POINT('',(-0.012,-0.192455459318175,0.129570142418951));
#8251=CARTESIAN_POINT('',(-0.01,-0.192455459318175,0.129570142418951));
#8252=CARTESIAN_POINT('',(-0.00931595971334861,-0.190576074076603,0.130024151268734));
#8253=CARTESIAN_POINT('',(0.0763992615974179,-0.221773863257262,0.122487605770581));
#8254=CARTESIAN_POINT('',(0.0093159597133486,-0.197357538155167,0.128385932218139));
#8255=CARTESIAN_POINT('',(0.01,-0.195478152913596,0.128839941067922));
#8256=CARTESIAN_POINT('',(0.1,-0.228355486064275,0.116675));
#8257=CARTESIAN_POINT('',(0.012,-0.228355486064275,0.116675));
#8258=CARTESIAN_POINT('',(0.012,-0.227121847086405,0.117177556133064));
#8259=CARTESIAN_POINT('',(0.012,-0.250118887820244,0.107809090909091));
#8260=CARTESIAN_POINT('',(0.01,-0.227121847086405,0.117177556133064));
#8261=CARTESIAN_POINT('',(0.0093159597133486,-0.225242461844834,0.117943174435083));
#8262=CARTESIAN_POINT('',(0.0867227252720176,-0.197068703250656,0.129420515397035));
#8263=CARTESIAN_POINT('',(-0.00931595971334863,-0.232023925923397,0.115180562013644));
#8264=CARTESIAN_POINT('',(-0.01,-0.230144540681826,0.115946180315664));
#8265=CARTESIAN_POINT('',(-0.012,-0.230144540681826,0.115946180315663));
#8266=CARTESIAN_POINT('',(-0.012,-0.228355486064275,0.116675));
#8267=CARTESIAN_POINT('',(-0.012,-0.206592084308306,0.125540909090909));
#8268=CARTESIAN_POINT('',(0.1,-0.206592084308306,0.125540909090909));
#8269=CARTESIAN_POINT('',(-0.096,-0.206592084308306,0.125540909090909));
#8270=CARTESIAN_POINT('',(-0.096,-0.253823296629771,0.1063));
#8271=CARTESIAN_POINT('',(-0.096,-0.250118887820244,0.107809090909091));
#8272=CARTESIAN_POINT('',(0.1,-0.250118887820244,0.107809090909091));
#8273=CARTESIAN_POINT('',(0.1,-0.295411648314886,0.0833509476423263));
#8274=CARTESIAN_POINT('',(0.0982652876403287,-0.299065221415032,0.0813348533041162));
#8275=CARTESIAN_POINT('',(-0.00931595971334863,-0.259908849613063,0.102941904081787));
#8276=CARTESIAN_POINT('',(0.00931595971334856,-0.266690313691627,0.0991997943829231));
#8277=CARTESIAN_POINT('',(0.01,-0.264810928450055,0.100236866268715));
#8278=CARTESIAN_POINT('',(0.012,-0.264810928450055,0.100236866268715));
#8279=CARTESIAN_POINT('',(0.012,-0.295411648314886,0.0833509476423263));
#8280=CARTESIAN_POINT('',(0.012,-0.257325473613782,0.104367448222511));
#8281=CARTESIAN_POINT('',(0.1,-0.257325473613782,0.104367448222511));
#8282=CARTESIAN_POINT('',(-0.096,-0.257325473613782,0.104367448222511));
#8283=CARTESIAN_POINT('',(-0.096,-0.337,0.0604018952846526));
#8284=CARTESIAN_POINT('',(-0.096,-0.333497823015991,0.0623344470621409));
#8285=CARTESIAN_POINT('',(0.1,-0.333497823015991,0.0623344470621409));
#8286=CARTESIAN_POINT('',(0.012,-0.333497823015991,0.0623344470621409));
#8287=CARTESIAN_POINT('',(0.012,-0.295411648314886,0.0833509476423263));
#8288=CARTESIAN_POINT('',(0.012,-0.296454622622865,0.0827754193746335));
#8289=CARTESIAN_POINT('',(0.01,-0.296454622622865,0.0827754193746335));
#8290=CARTESIAN_POINT('',(0.00931595971334859,-0.294575237381293,0.0838124912604257));
#8291=CARTESIAN_POINT('',(0.0862991957134961,-0.266555630939749,0.0992741142681626));
#8292=CARTESIAN_POINT('',(-0.00931595971334867,-0.301356701459857,0.0800703815615612));
#8293=CARTESIAN_POINT('',(-0.01,-0.299477316218286,0.0811074534473534));
#8294=CARTESIAN_POINT('',(-0.012,-0.299477316218286,0.0811074534473534));
#8295=CARTESIAN_POINT('',(-0.012,-0.295411648314886,0.0833509476423263));
#8296=CARTESIAN_POINT('',(-0.012,-0.261788234854635,0.101904832195995));
#8297=CARTESIAN_POINT('',(-0.01,-0.261788234854635,0.101904832195995));
#8298=CARTESIAN_POINT('',(-0.1,-0.111494120031656,0.180270705765572));
#8299=CARTESIAN_POINT('',(-0.096,-0.333497823015991,0.0623344470621409));
#8300=CARTESIAN_POINT('',(-0.1,-0.25209653368897,0.102684265767473));
#8301=CARTESIAN_POINT('',(-0.096,-0.333497823015991,0.0623344470621409));
#8302=CARTESIAN_POINT('',(-0.096,-0.333497823015991,0.0623344470621409));
#8303=CARTESIAN_POINT('',(-0.0987366344671132,-0.334263365532887,0.0575230060102386));
#8304=CARTESIAN_POINT('',(-0.1,-0.25209653368897,0.102684265767473));
#8305=CARTESIAN_POINT('',(-0.1,-0.25209653368897,0.102684265767473));
#8306=CARTESIAN_POINT('',(-0.096,-0.253722180717013,0.106088269565801));
#8307=CARTESIAN_POINT('',(-0.1,-0.333,-0.0100000000000003));
#8308=CARTESIAN_POINT('',(-0.0966664787351855,-0.336333521264815,0.017066065509946));
#8309=CARTESIAN_POINT('',(0.1,-0.337,0.0564018952846526));
#8310=CARTESIAN_POINT('',(0.012,-0.337,0.0564018952846526));
#8311=CARTESIAN_POINT('',(0.1,-0.257325473613781,0.104367448222512));
#8312=CARTESIAN_POINT('',(0.012,-0.257325473613781,0.104367448222512));
#8313=CARTESIAN_POINT('',(-0.1,-0.0808280169285935,0.172455118539413));
#8314=CARTESIAN_POINT('',(-0.1,-0.201656597966675,0.123232334937886));
#8315=CARTESIAN_POINT('',(-0.1,-0.201656597966675,0.123232334937886));
#8316=CARTESIAN_POINT('',(-0.1,-0.201656597966675,0.123232334937886));
#8317=CARTESIAN_POINT('',(-0.096,-0.202795801433778,0.126765091536541));
#8318=CARTESIAN_POINT('',(0.1,-0.206592084308306,0.125540909090909));
#8319=CARTESIAN_POINT('',(-0.012,-0.206592084308306,0.125540909090909));
#8320=CARTESIAN_POINT('',(-0.1,-0.0476715335764872,0.160430978633191));
#8321=CARTESIAN_POINT('',(-0.1,-0.117483254790903,0.143566347290565));
#8322=CARTESIAN_POINT('',(-0.1,-0.117483254790903,0.143566347290565));
#8323=CARTESIAN_POINT('',(-0.1,-0.117483254790903,0.143566347290565));
#8324=CARTESIAN_POINT('',(-0.1,-0.0202431212768504,0.15182456770078));
#8325=CARTESIAN_POINT('',(-0.114242085662426,-0.176415548270566,0.0213));
#8326=CARTESIAN_POINT('',(-0.114242085662426,-0.176415548270566,0.0213));
#8327=CARTESIAN_POINT('',(-0.112512560247083,-0.179961600873754,0.0219589785831961));
#8328=CARTESIAN_POINT('',(-0.112205742496579,-0.178309498453571,0.0255739044461947));
#8329=CARTESIAN_POINT('',(-0.112153169110391,-0.178417289869237,0.0252600773420017));
#8330=CARTESIAN_POINT('',(-0.112137284837772,-0.178716096786627,0.0246592353765528));
#8331=CARTESIAN_POINT('',(-0.112224076732253,-0.179372454661137,0.0234976647707554));
#8332=CARTESIAN_POINT('',(-0.112374282422955,-0.179777722615419,0.0225855345532334));
#8333=CARTESIAN_POINT('',(-0.112512560247083,-0.179961600873754,0.0219589785831961));
#8334=CARTESIAN_POINT('',(-0.112205742496579,-0.178309498453571,0.0255739044461947));
#8335=CARTESIAN_POINT('',(-0.113343291616127,-0.175977177123777,0.0213));
#8336=CARTESIAN_POINT('',(-0.113104601820526,-0.178747735761349,0.0263));
#8337=CARTESIAN_POINT('',(-0.113104601820526,-0.178747735761349,0.0253));
#8338=CARTESIAN_POINT('',(-0.126698267988652,-0.150876589795693,0.0253));
#8339=CARTESIAN_POINT('',(-0.122517560398135,-0.159448310629051,0.0253));
#8340=CARTESIAN_POINT('',(-0.122517560398135,-0.159448310629051,0.0253));
#8341=CARTESIAN_POINT('',(-0.122368305755019,-0.159212457421852,0.0253));
#8342=CARTESIAN_POINT('',(-0.122021307366992,-0.158769398959863,0.0254741674387313));
#8343=CARTESIAN_POINT('',(-0.12172940607434,-0.158493185020986,0.0262968571675742));
#8344=CARTESIAN_POINT('',(-0.122018197461316,-0.1587658736065,0.0271234557082463));
#8345=CARTESIAN_POINT('',(-0.122368115043404,-0.159212156058054,0.0273));
#8346=CARTESIAN_POINT('',(-0.122517560398135,-0.159448310629051,0.0273));
#8347=CARTESIAN_POINT('',(-0.122517560398135,-0.159448310629051,0.0273));
#8348=CARTESIAN_POINT('',(-0.126698267988652,-0.150876589795693,0.0273));
#8349=CARTESIAN_POINT('',(-0.126698267988652,-0.150876589795693,0.0273));
#8350=CARTESIAN_POINT('',(-0.126698267988652,-0.150876589795693,0.0263));
#8351=CARTESIAN_POINT('',(-0.114242085662426,-0.176415548270566,0.0313));
#8352=CARTESIAN_POINT('',(-0.113343291616127,-0.175977177123777,0.0313));
#8353=CARTESIAN_POINT('',(-0.112205742496579,-0.178309498453571,0.0270260955538052));
#8354=CARTESIAN_POINT('',(-0.112205742496579,-0.178309498453571,0.0270260955538052));
#8355=CARTESIAN_POINT('',(-0.112153169110391,-0.178417289869237,0.0273399226579983));
#8356=CARTESIAN_POINT('',(-0.112137284837774,-0.178716096786628,0.0279407646234464));
#8357=CARTESIAN_POINT('',(-0.112224076732241,-0.179372454661133,0.0291023352292485));
#8358=CARTESIAN_POINT('',(-0.112374282423005,-0.17977772261544,0.0300144654467493));
#8359=CARTESIAN_POINT('',(-0.112512560247083,-0.179961600873754,0.0306410214168039));
#8360=CARTESIAN_POINT('',(-0.112512560247083,-0.179961600873754,0.0306410214168039));
#8361=CARTESIAN_POINT('',(-0.114242085662426,-0.176415548270566,0.0313));
#8362=CARTESIAN_POINT('',(-0.225453857607921,-0.233544129109983,0.0213));
#8363=CARTESIAN_POINT('',(-0.226591341449822,-0.231211941619201,0.0213));
#8364=CARTESIAN_POINT('',(-0.226591341449822,-0.231211941619201,0.0253));
#8365=CARTESIAN_POINT('',(-0.230186517635019,-0.232965426206357,0.0213));
#8366=CARTESIAN_POINT('',(-0.239047523776048,-0.205672983144327,0.0253));
#8367=CARTESIAN_POINT('',(-0.239047523776048,-0.205672983144327,0.0253));
#8368=CARTESIAN_POINT('',(-0.237294039188892,-0.209268159329524,0.0213));
#8369=CARTESIAN_POINT('',(-0.240889215374089,-0.21102164391668,0.0213));
#8370=CARTESIAN_POINT('',(-0.228606502028664,-0.236204938273821,0.0213));
#8371=CARTESIAN_POINT('',(-0.237294039188892,-0.209268159329524,0.05865));
#8372=CARTESIAN_POINT('',(-0.237294039188892,-0.209268159329524,0.0203));
#8373=CARTESIAN_POINT('',(-0.240889215374089,-0.21102164391668,0.0203));
#8374=CARTESIAN_POINT('',(-0.239047523776048,-0.205672983144327,0.0203));
#8375=CARTESIAN_POINT('',(-0.240889215374089,-0.21102164391668,0.05865));
#8376=CARTESIAN_POINT('',(-0.239047523776048,-0.205672983144327,0.0208));
#8377=CARTESIAN_POINT('',(-0.226591341449822,-0.231211941619201,0.0213));
#8378=CARTESIAN_POINT('',(-0.226591341449822,-0.231211941619201,0.0213));
#8379=CARTESIAN_POINT('',(-0.224861816034478,-0.234757994222388,0.0219589785831961));
#8380=CARTESIAN_POINT('',(-0.226591341449822,-0.231211941619201,0.0213));
#8381=CARTESIAN_POINT('',(-0.237294039188892,-0.209268159329524,0.0203));
#8382=CARTESIAN_POINT('',(-0.237294039188892,-0.209268159329524,0.0203));
#8383=CARTESIAN_POINT('',(-0.237294039188892,-0.209268159329524,0.0163));
#8384=CARTESIAN_POINT('',(-0.237294039188892,-0.209268159329524,0.0203));
#8385=CARTESIAN_POINT('',(-0.101569896782932,-0.170234908785575,0.0213));
#8386=CARTESIAN_POINT('',(-0.0989396699021974,-0.168952061420519,0.0253));
#8387=CARTESIAN_POINT('',(-0.0998403713675886,-0.173780961388762,0.0219589785831961));
#8388=CARTESIAN_POINT('',(-0.213468567360905,-0.258117615745884,0.0263));
#8389=CARTESIAN_POINT('',(-0.229999880366348,-0.233348089315293,0.0192071338148596));
#8390=CARTESIAN_POINT('',(-0.22957675741485,-0.234215619928212,0.0179069611336494));
#8391=CARTESIAN_POINT('',(-0.229097882969223,-0.234907711205395,0.0164972642182047));
#8392=CARTESIAN_POINT('',(-0.228823229274134,-0.235470834731541,0.0149960110041265));
#8393=CARTESIAN_POINT('',(-0.228823229274133,-0.23547083473154,0.0149960110041265));
#8394=CARTESIAN_POINT('',(-0.229999880366348,-0.233348089315293,0.0192071338148596));
#8395=CARTESIAN_POINT('',(-0.216949581733893,-0.259815419896856,0.0263));
#8396=CARTESIAN_POINT('',(-0.228823229274134,-0.23547083473154,0.037603988995873));
#8397=CARTESIAN_POINT('',(-0.229999880366348,-0.233348089315293,0.0333928661851404));
#8398=CARTESIAN_POINT('',(-0.229576757414849,-0.234215619928212,0.0346930388663503));
#8399=CARTESIAN_POINT('',(-0.229097882969223,-0.234907711205395,0.036102735781795));
#8400=CARTESIAN_POINT('',(-0.228823229274134,-0.23547083473154,0.0376039889958729));
#8401=CARTESIAN_POINT('',(-0.229999880366348,-0.233348089315293,0.0333928661851404));
#8402=CARTESIAN_POINT('',(-0.217063743546102,-0.259871100333041,0.0263));
#8403=CARTESIAN_POINT('',(-0.230186517635019,-0.232965426206357,0.0313));
#8404=CARTESIAN_POINT('',(-0.226591341449822,-0.231211941619201,0.0313));
#8405=CARTESIAN_POINT('',(-0.224861816034478,-0.234757994222388,0.0306410214168039));
#8406=CARTESIAN_POINT('',(-0.213468567360905,-0.258117615745884,0.0263));
#8407=CARTESIAN_POINT('',(-0.217063743546102,-0.259871100333041,0.0263));
#8408=CARTESIAN_POINT('',(-0.22494293212811,-0.234591681584004,0.0203));
#8409=CARTESIAN_POINT('',(-0.228174089953333,-0.227966826282197,0.0203));
#8410=CARTESIAN_POINT('',(-0.23176926613853,-0.229720310869354,0.0203));
#8411=CARTESIAN_POINT('',(-0.228174089953333,-0.227966826282197,0.0163));
#8412=CARTESIAN_POINT('',(-0.228538108313306,-0.23634516617116,0.0203));
#8413=CARTESIAN_POINT('',(-0.232471956574212,-0.219154893838815,0.0163));
#8414=CARTESIAN_POINT('',(-0.0982447178247511,-0.141449273882265,0.0203));
#8415=CARTESIAN_POINT('',(-0.0999982024119074,-0.137854097697069,0.0203));
#8416=CARTESIAN_POINT('',(-0.102246515412844,-0.138950673216922,0.0203));
#8417=CARTESIAN_POINT('',(-0.104,-0.144256312555527,0.0203));
#8418=CARTESIAN_POINT('',(-0.104,-0.144256312555527,0.0163));
#8419=CARTESIAN_POINT('',(-0.0982447178247511,-0.141449273882265,0.0163));
#8420=CARTESIAN_POINT('',(-0.226591341449822,-0.231211941619201,0.0313));
#8421=CARTESIAN_POINT('',(-0.226591341449822,-0.231211941619201,0.0313));
#8422=CARTESIAN_POINT('',(-0.226591341449822,-0.231211941619201,0.0273));
#8423=CARTESIAN_POINT('',(-0.226591341449822,-0.231211941619201,0.0313));
#8424=CARTESIAN_POINT('',(-0.228174089953333,-0.227966826282197,0.0403));
#8425=CARTESIAN_POINT('',(-0.228174089953333,-0.227966826282197,0.0403));
#8426=CARTESIAN_POINT('',(-0.228174089953333,-0.227966826282197,0.0363));
#8427=CARTESIAN_POINT('',(-0.226555875637798,-0.231284657309838,0.0387594222833562));
#8428=CARTESIAN_POINT('',(-0.228174089953333,-0.227966826282197,0.0323));
#8429=CARTESIAN_POINT('',(-0.23176926613853,-0.229720310869354,0.0323));
#8430=CARTESIAN_POINT('',(-0.23176926613853,-0.229720310869354,0.0403));
#8431=CARTESIAN_POINT('',(-0.224937661322263,-0.234602488337479,0.0372188445667125));
#8432=CARTESIAN_POINT('',(-0.213468567360905,-0.258117615745884,0.0263));
#8433=CARTESIAN_POINT('',(-0.224937661322263,-0.234602488337479,0.0153811554332875));
#8434=CARTESIAN_POINT('',(-0.226555875637798,-0.231284657309838,0.0138405777166437));
#8435=CARTESIAN_POINT('',(-0.213468567360905,-0.258117615745884,0.0263));
#8436=CARTESIAN_POINT('',(-0.228174089953333,-0.227966826282197,0.0123));
#8437=CARTESIAN_POINT('',(-0.23176926613853,-0.229720310869354,0.0123));
#8438=CARTESIAN_POINT('',(-0.228174089953333,-0.227966826282197,0.0123));
#8439=CARTESIAN_POINT('',(-0.101569896782932,-0.170234908785575,0.0313));
#8440=CARTESIAN_POINT('',(-0.0998403713675886,-0.173780961388762,0.0306410214168039));
#8441=CARTESIAN_POINT('',(-0.113343291616127,-0.175977177123777,0.0273));
#8442=CARTESIAN_POINT('',(-0.22494293212811,-0.234591681584004,0.0313));
#8443=CARTESIAN_POINT('',(-0.237294039188892,-0.209268159329524,0.0313));
#8444=CARTESIAN_POINT('',(-0.239047523776048,-0.205672983144327,0.0273));
#8445=CARTESIAN_POINT('',(-0.240889215374089,-0.21102164391668,0.0313));
#8446=CARTESIAN_POINT('',(-0.225453857607921,-0.233544129109983,0.0273));
#8447=CARTESIAN_POINT('',(-0.228538108313306,-0.23634516617116,0.0313));
#8448=CARTESIAN_POINT('',(-0.232471956574212,-0.219154893838815,0.0323));
#8449=CARTESIAN_POINT('',(-0.237294039188892,-0.209268159329524,0.0323));
#8450=CARTESIAN_POINT('',(-0.240889215374089,-0.21102164391668,0.0323));
#8451=CARTESIAN_POINT('',(-0.237294039188892,-0.209268159329524,0.0363));
#8452=CARTESIAN_POINT('',(-0.230550497440592,-0.232219157012734,0.0323));
#8453=CARTESIAN_POINT('',(-0.239047523776048,-0.205672983144327,0.0363));
#8454=CARTESIAN_POINT('',(-0.114703725004336,-0.172623631460109,0.0403));
#8455=CARTESIAN_POINT('',(-0.1130855106888,-0.17594146248775,0.0387594222833562));
#8456=CARTESIAN_POINT('',(-0.102381785684465,-0.170720906984088,0.0387594222833562));
#8457=CARTESIAN_POINT('',(-0.104,-0.167403075956447,0.0403));
#8458=CARTESIAN_POINT('',(-0.104,-0.167403075956448,0.0363));
#8459=CARTESIAN_POINT('',(-0.0891247685891931,-0.160147940834938,0.0363));
#8460=CARTESIAN_POINT('',(-0.114703725004336,-0.172623631460109,0.0123));
#8461=CARTESIAN_POINT('',(-0.101218768697939,-0.166046578814093,0.0163));
#8462=CARTESIAN_POINT('',(-0.104,-0.167403075956447,0.0163));
#8463=CARTESIAN_POINT('',(-0.104,-0.167403075956447,0.0123));
#8464=CARTESIAN_POINT('',(-0.102381785684465,-0.170720906984088,0.0138405777166437));
#8465=CARTESIAN_POINT('',(-0.1130855106888,-0.17594146248775,0.0138405777166437));
#8466=CARTESIAN_POINT('',(-0.237294039188892,-0.209268159329524,0.05865));
#8467=CARTESIAN_POINT('',(-0.237294039188892,-0.209268159329524,0.0323));
#8468=CARTESIAN_POINT('',(-0.239047523776048,-0.205672983144327,0.0323));
#8469=CARTESIAN_POINT('',(-0.239047523776048,-0.205672983144327,0.0208));
#8470=CARTESIAN_POINT('',(-0.240889215374089,-0.21102164391668,0.05865));
#8471=CARTESIAN_POINT('',(-0.237294039188892,-0.209268159329524,0.0323));
#8472=CARTESIAN_POINT('',(-0.237294039188892,-0.209268159329524,0.0323));
#8473=CARTESIAN_POINT('',(-0.0982447178247511,-0.141449273882265,0.0323));
#8474=CARTESIAN_POINT('',(-0.0982465154128437,-0.141450150624559,0.0363));
#8475=CARTESIAN_POINT('',(-0.104,-0.144256312555527,0.0363));
#8476=CARTESIAN_POINT('',(-0.104,-0.144256312555527,0.0323));
#8477=CARTESIAN_POINT('',(-0.102246515412844,-0.138950673216922,0.0323));
#8478=CARTESIAN_POINT('',(-0.242642699961245,-0.207426467731484,0.0323));
#8479=CARTESIAN_POINT('',(-0.105919342435468,-0.191198528648571,0.0263));
#8480=CARTESIAN_POINT('',(-0.10022051752721,-0.20288285125046,0.0263));
#8481=CARTESIAN_POINT('',(-0.211767082064085,-0.207712647949987,0.0113));
#8482=CARTESIAN_POINT('',(-0.211767082064085,-0.207712647949987,0.0273));
#8483=CARTESIAN_POINT('',(-0.208767082064085,-0.207712647949987,0.0273));
#8484=CARTESIAN_POINT('',(-0.211767082064085,-0.207712647949987,0.0283));
#8485=CARTESIAN_POINT('',(-0.214767082064085,-0.207712647949987,0.0283));
#8486=CARTESIAN_POINT('',(-0.18480326067511,-0.194561513546315,0.0113));
#8487=CARTESIAN_POINT('',(-0.18480326067511,-0.194561513546315,0.0273));
#8488=CARTESIAN_POINT('',(-0.18180326067511,-0.194561513546315,0.0273));
#8489=CARTESIAN_POINT('',(-0.18480326067511,-0.194561513546315,0.0283));
#8490=CARTESIAN_POINT('',(-0.18780326067511,-0.194561513546315,0.0283));
#8491=CARTESIAN_POINT('',(-0.157839439286135,-0.181410379142642,0.0113));
#8492=CARTESIAN_POINT('',(-0.157839439286135,-0.181410379142642,0.0273));
#8493=CARTESIAN_POINT('',(-0.154839439286135,-0.181410379142642,0.0273));
#8494=CARTESIAN_POINT('',(-0.157839439286135,-0.181410379142642,0.0283));
#8495=CARTESIAN_POINT('',(-0.160839439286135,-0.181410379142642,0.0283));
#8496=CARTESIAN_POINT('',(-0.13087561789716,-0.16825924473897,0.0113));
#8497=CARTESIAN_POINT('',(-0.13087561789716,-0.16825924473897,0.0273));
#8498=CARTESIAN_POINT('',(-0.12787561789716,-0.16825924473897,0.0273));
#8499=CARTESIAN_POINT('',(-0.13087561789716,-0.16825924473897,0.0283));
#8500=CARTESIAN_POINT('',(-0.13387561789716,-0.16825924473897,0.0283));
#8501=CARTESIAN_POINT('',(-0.211767082064085,-0.207712647949987,0.0113));
#8502=CARTESIAN_POINT('',(-0.211767082064085,-0.207712647949987,0.0243));
#8503=CARTESIAN_POINT('',(-0.214767082064085,-0.207712647949987,0.0243));
#8504=CARTESIAN_POINT('',(-0.211767082064085,-0.207712647949987,0.0253));
#8505=CARTESIAN_POINT('',(-0.208767082064085,-0.207712647949987,0.0253));
#8506=CARTESIAN_POINT('',(-0.18480326067511,-0.194561513546315,0.0113));
#8507=CARTESIAN_POINT('',(-0.18480326067511,-0.194561513546315,0.0243));
#8508=CARTESIAN_POINT('',(-0.18780326067511,-0.194561513546315,0.0243));
#8509=CARTESIAN_POINT('',(-0.18480326067511,-0.194561513546315,0.0253));
#8510=CARTESIAN_POINT('',(-0.18180326067511,-0.194561513546315,0.0253));
#8511=CARTESIAN_POINT('',(-0.157839439286135,-0.181410379142642,0.0113));
#8512=CARTESIAN_POINT('',(-0.157839439286135,-0.181410379142642,0.0243));
#8513=CARTESIAN_POINT('',(-0.160839439286135,-0.181410379142642,0.0243));
#8514=CARTESIAN_POINT('',(-0.157839439286135,-0.181410379142642,0.0253));
#8515=CARTESIAN_POINT('',(-0.154839439286135,-0.181410379142642,0.0253));
#8516=CARTESIAN_POINT('',(-0.13087561789716,-0.16825924473897,0.0113));
#8517=CARTESIAN_POINT('',(-0.13087561789716,-0.16825924473897,0.0243));
#8518=CARTESIAN_POINT('',(-0.13387561789716,-0.16825924473897,0.0243));
#8519=CARTESIAN_POINT('',(-0.13087561789716,-0.16825924473897,0.0253));
#8520=CARTESIAN_POINT('',(-0.12787561789716,-0.16825924473897,0.0253));
#8521=CARTESIAN_POINT('',(-0.171321349980623,-0.185037065726048,0.0243));
#8522=CARTESIAN_POINT('',(-0.13087561789716,-0.16825924473897,0.0243));
#8523=CARTESIAN_POINT('',(-0.13507561789716,-0.16825924473897,0.0243));
#8524=CARTESIAN_POINT('',(-0.13087561789716,-0.16825924473897,0.0243));
#8525=CARTESIAN_POINT('',(-0.13087561789716,-0.16825924473897,0.0163));
#8526=CARTESIAN_POINT('',(-0.13507561789716,-0.16825924473897,0.0163));
#8527=CARTESIAN_POINT('',(-0.171321349980623,-0.185037065726048,0.0243));
#8528=CARTESIAN_POINT('',(-0.157839439286135,-0.181410379142642,0.0243));
#8529=CARTESIAN_POINT('',(-0.162039439286135,-0.181410379142642,0.0243));
#8530=CARTESIAN_POINT('',(-0.157839439286135,-0.181410379142642,0.0243));
#8531=CARTESIAN_POINT('',(-0.157839439286135,-0.181410379142642,0.0163));
#8532=CARTESIAN_POINT('',(-0.162039439286135,-0.181410379142642,0.0163));
#8533=CARTESIAN_POINT('',(-0.171321349980623,-0.185037065726048,0.0243));
#8534=CARTESIAN_POINT('',(-0.18480326067511,-0.194561513546315,0.0243));
#8535=CARTESIAN_POINT('',(-0.18900326067511,-0.194561513546315,0.0243));
#8536=CARTESIAN_POINT('',(-0.18480326067511,-0.194561513546315,0.0243));
#8537=CARTESIAN_POINT('',(-0.18480326067511,-0.194561513546315,0.0163));
#8538=CARTESIAN_POINT('',(-0.18900326067511,-0.194561513546315,0.0163));
#8539=CARTESIAN_POINT('',(-0.171321349980623,-0.185037065726048,0.0243));
#8540=CARTESIAN_POINT('',(-0.211767082064085,-0.207712647949987,0.0243));
#8541=CARTESIAN_POINT('',(-0.215967082064085,-0.207712647949987,0.0243));
#8542=CARTESIAN_POINT('',(-0.211767082064085,-0.207712647949987,0.0243));
#8543=CARTESIAN_POINT('',(-0.211767082064085,-0.207712647949987,0.0163));
#8544=CARTESIAN_POINT('',(-0.215967082064085,-0.207712647949987,0.0163));
#8545=CARTESIAN_POINT('',(-0.171321349980623,-0.185037065726048,0.0283));
#8546=CARTESIAN_POINT('',(-0.13087561789716,-0.16825924473897,0.0283));
#8547=CARTESIAN_POINT('',(-0.13507561789716,-0.16825924473897,0.0283));
#8548=CARTESIAN_POINT('',(-0.13087561789716,-0.16825924473897,0.0283));
#8549=CARTESIAN_POINT('',(-0.13087561789716,-0.16825924473897,0.0363));
#8550=CARTESIAN_POINT('',(-0.13507561789716,-0.16825924473897,0.0363));
#8551=CARTESIAN_POINT('',(-0.171321349980623,-0.185037065726048,0.0283));
#8552=CARTESIAN_POINT('',(-0.157839439286135,-0.181410379142642,0.0283));
#8553=CARTESIAN_POINT('',(-0.162039439286135,-0.181410379142642,0.0283));
#8554=CARTESIAN_POINT('',(-0.157839439286135,-0.181410379142642,0.0283));
#8555=CARTESIAN_POINT('',(-0.157839439286135,-0.181410379142642,0.0363));
#8556=CARTESIAN_POINT('',(-0.162039439286135,-0.181410379142642,0.0363));
#8557=CARTESIAN_POINT('',(-0.171321349980623,-0.185037065726048,0.0283));
#8558=CARTESIAN_POINT('',(-0.18480326067511,-0.194561513546315,0.0283));
#8559=CARTESIAN_POINT('',(-0.18900326067511,-0.194561513546315,0.0283));
#8560=CARTESIAN_POINT('',(-0.18480326067511,-0.194561513546315,0.0283));
#8561=CARTESIAN_POINT('',(-0.18480326067511,-0.194561513546315,0.0363));
#8562=CARTESIAN_POINT('',(-0.18900326067511,-0.194561513546315,0.0363));
#8563=CARTESIAN_POINT('',(-0.171321349980623,-0.185037065726048,0.0283));
#8564=CARTESIAN_POINT('',(-0.211767082064085,-0.207712647949987,0.0283));
#8565=CARTESIAN_POINT('',(-0.215967082064085,-0.207712647949987,0.0283));
#8566=CARTESIAN_POINT('',(-0.211767082064085,-0.207712647949987,0.0283));
#8567=CARTESIAN_POINT('',(-0.211767082064085,-0.207712647949987,0.0363));
#8568=CARTESIAN_POINT('',(-0.215967082064085,-0.207712647949987,0.0363));
#8569=CARTESIAN_POINT('',(-0.0999982024119074,-0.137854097697069,0.0208));
#8570=CARTESIAN_POINT('',(-0.102246515412844,-0.138950673216922,0.0208));
#8571=CARTESIAN_POINT('',(-0.0999982024119074,-0.137854097697069,0.0253));
#8572=CARTESIAN_POINT('',(-0.0999982024119074,-0.137854097697069,0.0273));
#8573=CARTESIAN_POINT('',(-0.0934226352100712,-0.151336008391557,0.0163));
#8574=CARTESIAN_POINT('',(-0.224350198712273,-0.213849844005034,0.0163));
#8575=CARTESIAN_POINT('',(-0.229350198712273,-0.213849844005034,0.0163));
#8576=CARTESIAN_POINT('',(-0.118292501248971,-0.162122048683923,0.0163));
#8577=CARTESIAN_POINT('',(-0.123292501248971,-0.162122048683923,0.0163));
#8578=CARTESIAN_POINT('',(-0.104,-0.151336008391557,0.0163));
#8579=CARTESIAN_POINT('',(-0.0934226352100712,-0.151336008391557,0.0363));
#8580=CARTESIAN_POINT('',(-0.224350198712273,-0.213849844005034,0.0363));
#8581=CARTESIAN_POINT('',(-0.229350198712273,-0.213849844005034,0.0363));
#8582=CARTESIAN_POINT('',(-0.118292501248971,-0.162122048683923,0.0363));
#8583=CARTESIAN_POINT('',(-0.123292501248971,-0.162122048683923,0.0363));
#8584=CARTESIAN_POINT('',(-0.104,-0.142305382201263,0.0363));
#8585=CARTESIAN_POINT('',(-0.0884471226940152,-0.197140582912258,0.0263));
#8586=CARTESIAN_POINT('',(-0.104,-0.204726228020353,0.0263));
#8587=CARTESIAN_POINT('',(-0.102246515412844,-0.23318805757517,0.0263));
#8588=CARTESIAN_POINT('',(-0.0993217234809112,-0.202444480103671,0.0263));
#8589=CARTESIAN_POINT('',(-0.110868731815202,-0.178769604557126,0.0269995472703024));
#8590=CARTESIAN_POINT('',(-0.110868731815202,-0.178769604557126,0.0256004527296977));
#8591=CARTESIAN_POINT('',(-0.110868731815202,-0.178769604557126,0.0256004527296977));
#8592=CARTESIAN_POINT('',(-0.110860352955659,-0.178786783765036,0.02488074958506));
#8593=CARTESIAN_POINT('',(-0.111330246528104,-0.179123334152398,0.0235372689031755));
#8594=CARTESIAN_POINT('',(-0.112126042730971,-0.179676057284028,0.0224810907289528));
#8595=CARTESIAN_POINT('',(-0.112512560247083,-0.179961600873754,0.0219589785831961));
#8596=CARTESIAN_POINT('',(-0.110868731815202,-0.178769604557126,0.0269995472703024));
#8597=CARTESIAN_POINT('',(-0.110860352955659,-0.178786783765036,0.02771925041494));
#8598=CARTESIAN_POINT('',(-0.111330246528066,-0.179123334152386,0.0290627310968596));
#8599=CARTESIAN_POINT('',(-0.112126042731048,-0.179676057284052,0.0301189092709769));
#8600=CARTESIAN_POINT('',(-0.112512560247083,-0.179961600873754,0.030641021416804));
#8601=CARTESIAN_POINT('',(-0.228538108313306,-0.23634516617116,0.05865));
#8602=CARTESIAN_POINT('',(-0.0999982024119074,-0.202774420923796,0.0263));
#8603=CARTESIAN_POINT('',(-0.104,-0.204726228020353,0.0263));
#8604=CARTESIAN_POINT('',(-0.0978021860602971,-0.171284248911301,0.0273));
#8605=CARTESIAN_POINT('',(-0.224350198712273,-0.213849844005034,0.0273));
#8606=CARTESIAN_POINT('',(-0.229350198712273,-0.213849844005034,0.0273));
#8607=CARTESIAN_POINT('',(-0.118292501248971,-0.162122048683923,0.0273));
#8608=CARTESIAN_POINT('',(-0.0978021860602971,-0.171284248911301,0.0253));
#8609=CARTESIAN_POINT('',(-0.224350198712273,-0.213849844005034,0.0253));
#8610=CARTESIAN_POINT('',(-0.229350198712273,-0.213849844005034,0.0253));
#8611=CARTESIAN_POINT('',(-0.118292501248971,-0.162122048683923,0.0253));
#8612=CARTESIAN_POINT('',(-0.228538108313306,-0.23634516617116,0.05865));
#8613=CARTESIAN_POINT('',(-0.102246515412844,-0.23318805757517,0.0263));
#8614=CARTESIAN_POINT('',(-0.1,-0.232092358797611,0.0263));
#8615=CARTESIAN_POINT('',(-0.1,-0.229592881389973,0.0263));
#8616=CARTESIAN_POINT('',(-0.102246515412844,-0.23318805757517,0.022851257214705));
#8617=CARTESIAN_POINT('',(-0.1,-0.232092358797611,0.0230115435272807));
#8618=CARTESIAN_POINT('',(-0.1,-0.229592881389973,0.0233747855312583));
#8619=CARTESIAN_POINT('',(-0.102337816073507,-0.2317061033789,0.0159537716441149));
#8620=CARTESIAN_POINT('',(-0.1,-0.230681746606152,0.016356196624492));
#8621=CARTESIAN_POINT('',(-0.1,-0.228298121288999,0.0175243565937749));
#8622=CARTESIAN_POINT('',(-0.102727819499575,-0.225375730634335,0.00718266276661969));
#8623=CARTESIAN_POINT('',(-0.1,-0.224647213694967,0.00779723076354846));
#8624=CARTESIAN_POINT('',(-0.1,-0.222767374067131,0.010084725344742));
#8625=CARTESIAN_POINT('',(-0.103311500874488,-0.215901658304999,0.00132199518381308));
#8626=CARTESIAN_POINT('',(-0.1,-0.215504262828509,0.00181927744609029));
#8627=CARTESIAN_POINT('',(-0.1,-0.214490025903037,0.00511372267014128));
#8628=CARTESIAN_POINT('',(-0.104,-0.204726228020353,-0.000735997591906543));
#8629=CARTESIAN_POINT('',(-0.1,-0.204474635748442,-0.000715785930621879));
#8630=CARTESIAN_POINT('',(-0.1,-0.204726228020353,0.00336813866492937));
#8631=CARTESIAN_POINT('',(-0.104688499125512,-0.193550797735707,0.00132199518381311));
#8632=CARTESIAN_POINT('',(-0.1,-0.19301790107461,0.000653577745003215));
#8633=CARTESIAN_POINT('',(-0.1,-0.194962430137669,0.00511372267014128));
#8634=CARTESIAN_POINT('',(-0.105272180500425,-0.184076725406371,0.00718266276661978));
#8635=CARTESIAN_POINT('',(-0.1,-0.182714511822704,0.00600025482001965));
#8636=CARTESIAN_POINT('',(-0.1,-0.186685081973575,0.010084725344742));
#8637=CARTESIAN_POINT('',(-0.105662183926493,-0.177746352661806,0.0159537716441148));
#8638=CARTESIAN_POINT('',(-0.1,-0.17528715127692,0.0149569469750403));
#8639=CARTESIAN_POINT('',(-0.1,-0.181154334751707,0.0175243565937748));
#8640=CARTESIAN_POINT('',(-0.105799134917488,-0.175523421367401,0.0263));
#8641=CARTESIAN_POINT('',(-0.1,-0.17251518606669,0.0263));
#8642=CARTESIAN_POINT('',(-0.1,-0.179212194600245,0.0263));
#8643=CARTESIAN_POINT('',(-0.105662183926493,-0.177746352661806,0.036646228355885));
#8644=CARTESIAN_POINT('',(-0.1,-0.17528715127692,0.0376430530249595));
#8645=CARTESIAN_POINT('',(-0.1,-0.181154334751707,0.0350756434062251));
#8646=CARTESIAN_POINT('',(-0.105272180500425,-0.184076725406371,0.0454173372333803));
#8647=CARTESIAN_POINT('',(-0.1,-0.182714511822704,0.0465997451799804));
#8648=CARTESIAN_POINT('',(-0.1,-0.186685081973575,0.0425152746552581));
#8649=CARTESIAN_POINT('',(-0.104688499125512,-0.193550797735707,0.0512780048161869));
#8650=CARTESIAN_POINT('',(-0.1,-0.19301790107461,0.0519464222549968));
#8651=CARTESIAN_POINT('',(-0.1,-0.194962430137669,0.0474862773298587));
#8652=CARTESIAN_POINT('',(-0.104,-0.204726228020353,0.0533359975919066));
#8653=CARTESIAN_POINT('',(-0.1,-0.204474635748443,0.0533157859306219));
#8654=CARTESIAN_POINT('',(-0.1,-0.204726228020353,0.0492318613350706));
#8655=CARTESIAN_POINT('',(-0.103311500874488,-0.215901658304999,0.0512780048161869));
#8656=CARTESIAN_POINT('',(-0.1,-0.215504262828509,0.0507807225539097));
#8657=CARTESIAN_POINT('',(-0.1,-0.214490025903037,0.0474862773298588));
#8658=CARTESIAN_POINT('',(-0.102727819499575,-0.225375730634335,0.0454173372333804));
#8659=CARTESIAN_POINT('',(-0.1,-0.224647213694967,0.0448027692364516));
#8660=CARTESIAN_POINT('',(-0.1,-0.222767374067131,0.0425152746552581));
#8661=CARTESIAN_POINT('',(-0.102337816073507,-0.2317061033789,0.0366462283558852));
#8662=CARTESIAN_POINT('',(-0.1,-0.230681746606152,0.036243803375508));
#8663=CARTESIAN_POINT('',(-0.1,-0.228298121288999,0.0350756434062252));
#8664=CARTESIAN_POINT('',(-0.102246515412844,-0.23318805757517,0.029748742785295));
#8665=CARTESIAN_POINT('',(-0.1,-0.232092358797611,0.0295884564727193));
#8666=CARTESIAN_POINT('',(-0.1,-0.229592881389974,0.0292252144687417));
#8667=CARTESIAN_POINT('',(-0.102246515412844,-0.23318805757517,0.0263));
#8668=CARTESIAN_POINT('',(-0.1,-0.232092358797611,0.0263));
#8669=CARTESIAN_POINT('',(-0.1,-0.229592881389973,0.0263));
#8670=CARTESIAN_POINT('',(-0.1,-0.135355497031725,0.0323));
#8671=CARTESIAN_POINT('',(-0.1,-0.137854974439362,0.0323));
#8672=CARTESIAN_POINT('',(-0.102246515412844,-0.138950673216922,0.0323));
#8673=CARTESIAN_POINT('',(-0.1,-0.13535549703174,0.0333471975566583));
#8674=CARTESIAN_POINT('',(-0.100000000000009,-0.137854974439384,0.0329831755344721));
#8675=CARTESIAN_POINT('',(-0.102246515412855,-0.138950673216927,0.0328235987783237));
#8676=CARTESIAN_POINT('',(-0.1,-0.135818951437101,0.0354411044705278));
#8677=CARTESIAN_POINT('',(-0.0999999999999967,-0.138237512644334,0.0343642875050116));
#8678=CARTESIAN_POINT('',(-0.10233781717665,-0.139226931265215,0.0338705522352666));
#8679=CARTESIAN_POINT('',(-0.1,-0.137798612045102,0.0381041427716895));
#8680=CARTESIAN_POINT('',(-0.0999999999999986,-0.139824926522379,0.035956055407894));
#8681=CARTESIAN_POINT('',(-0.102727815638556,-0.140406976528575,0.0352020713858435));
#8682=CARTESIAN_POINT('',(-0.1,-0.140761513625828,0.0398834499396686));
#8683=CARTESIAN_POINT('',(-0.100000000000009,-0.142063707243057,0.0367004710889041));
#8684=CARTESIAN_POINT('',(-0.10331151521542,-0.142173116624501,0.0360917249698364));
#8685=CARTESIAN_POINT('',(-0.1,-0.143091198523119,0.0403000000000081));
#8686=CARTESIAN_POINT('',(-0.0999999999999778,-0.143581176532481,0.0365231287414818));
#8687=CARTESIAN_POINT('',(-0.103770469403333,-0.143561805987267,0.0363));
#8688=CARTESIAN_POINT('',(-0.1,-0.144256312555527,0.0403));
#8689=CARTESIAN_POINT('',(-0.1,-0.144256312555527,0.0363));
#8690=CARTESIAN_POINT('',(-0.104,-0.144256312555527,0.0363));
#8691=CARTESIAN_POINT('',(-0.104,-0.144256312555527,0.0403));
#8692=CARTESIAN_POINT('',(-0.104,-0.135355497031725,0.0323));
#8693=CARTESIAN_POINT('',(-0.104,-0.135355497031725,0.0208));
#8694=CARTESIAN_POINT('',(-0.104,-0.135355497031725,0.0203));
#8695=CARTESIAN_POINT('',(-0.104,-0.00649999999999978,0.0403));
#8696=CARTESIAN_POINT('',(-0.104,-0.167403075956448,0.0403));
#8697=CARTESIAN_POINT('',(-0.1,-0.144256312555527,0.0123));
#8698=CARTESIAN_POINT('',(-0.1,-0.144256312555527,0.0163));
#8699=CARTESIAN_POINT('',(-0.104,-0.144256312555527,0.0163));
#8700=CARTESIAN_POINT('',(-0.1,-0.143091198523103,0.012299999999998));
#8701=CARTESIAN_POINT('',(-0.0999999999999822,-0.143581176532472,0.016076871258538));
#8702=CARTESIAN_POINT('',(-0.103770469403325,-0.14356180598725,0.0163));
#8703=CARTESIAN_POINT('',(-0.1,-0.140761513625836,0.0127165500603284));
#8704=CARTESIAN_POINT('',(-0.100000000000008,-0.14206370724306,0.0158995289110874));
#8705=CARTESIAN_POINT('',(-0.103311515215424,-0.142173116624509,0.0165082750301638));
#8706=CARTESIAN_POINT('',(-0.1,-0.1377986120451,0.0144958572283119));
#8707=CARTESIAN_POINT('',(-0.0999999999999991,-0.139824926522378,0.0166439445921073));
#8708=CARTESIAN_POINT('',(-0.102727815638555,-0.140406976528573,0.0173979286141561));
#8709=CARTESIAN_POINT('',(-0.1,-0.135818951437102,0.0171588955294697));
#8710=CARTESIAN_POINT('',(-0.0999999999999965,-0.138237512644334,0.018235712494991));
#8711=CARTESIAN_POINT('',(-0.10233781717665,-0.139226931265215,0.0187294477647348));
#8712=CARTESIAN_POINT('',(-0.1,-0.13535549703174,0.0192528024433466));
#8713=CARTESIAN_POINT('',(-0.100000000000009,-0.137854974439384,0.0196168244655211));
#8714=CARTESIAN_POINT('',(-0.102246515412855,-0.138950673216927,0.0197764012216733));
#8715=CARTESIAN_POINT('',(-0.1,-0.135355497031725,0.0203));
#8716=CARTESIAN_POINT('',(-0.1,-0.137854974439362,0.0203));
#8717=CARTESIAN_POINT('',(-0.102246515412844,-0.138950673216922,0.0203));
#8718=CARTESIAN_POINT('',(-0.104,-0.144256312555527,0.0123));
#8719=CARTESIAN_POINT('',(-0.104,-0.167403075956447,0.0403));
#8720=CARTESIAN_POINT('',(-0.104,-0.167403075956447,0.0403));
#8721=CARTESIAN_POINT('',(-0.104,-0.151336008391557,0.0123));
#8722=CARTESIAN_POINT('',(-0.104,-0.167403075956447,0.0123));
#8723=CARTESIAN_POINT('',(-0.1,-0.167403075956447,0.0402999999999999));
#8724=CARTESIAN_POINT('',(-0.1,-0.169765272085894,0.0392031548957584));
#8725=CARTESIAN_POINT('',(-0.102381785684465,-0.170720906984088,0.0387594222833562));
#8726=CARTESIAN_POINT('',(-0.1,-0.169185427024762,0.0441385208432174));
#8727=CARTESIAN_POINT('',(-0.100000000000155,-0.171479095515821,0.0427502505588013));
#8728=CARTESIAN_POINT('',(-0.102459062812931,-0.17234481645907,0.0421755474354795));
#8729=CARTESIAN_POINT('',(-0.1,-0.174230154024383,0.0512591803071255));
#8730=CARTESIAN_POINT('',(-0.0999999999999265,-0.176392761476334,0.0493304626598887));
#8731=CARTESIAN_POINT('',(-0.102677786285984,-0.176941093881605,0.0485126405209014));
#8732=CARTESIAN_POINT('',(-0.1,-0.185356135941973,0.0590285651050471));
#8733=CARTESIAN_POINT('',(-0.100000000000021,-0.187023413160686,0.0561821835951069));
#8734=CARTESIAN_POINT('',(-0.103160173818105,-0.187078034788976,0.0554270723837269));
#8735=CARTESIAN_POINT('',(-0.1,-0.198742263482017,0.0629787157079202));
#8736=CARTESIAN_POINT('',(-0.0999999999999941,-0.199598431286675,0.059251588162099));
#8737=CARTESIAN_POINT('',(-0.103740554145505,-0.199274206314169,0.0589425434154379));
#8738=CARTESIAN_POINT('',(-0.1,-0.212826672227875,0.062648977498797));
#8739=CARTESIAN_POINT('',(-0.100000000000002,-0.212458319390974,0.0582077433219823));
#8740=CARTESIAN_POINT('',(-0.104351209746604,-0.212106585535213,0.0586490900161237));
#8741=CARTESIAN_POINT('',(-0.1,-0.225965853055386,0.0580777521588598));
#8742=CARTESIAN_POINT('',(-0.0999999999999995,-0.22390950732416,0.053341769694107));
#8743=CARTESIAN_POINT('',(-0.104920883242376,-0.224077762605897,0.0545808880973621));
#8744=CARTESIAN_POINT('',(-0.1,-0.236626637073968,0.0497984645501952));
#8745=CARTESIAN_POINT('',(-0.1,-0.232556963600765,0.0455691788508718));
#8746=CARTESIAN_POINT('',(-0.105383101258801,-0.233790859249756,0.0472126637743829));
#8747=CARTESIAN_POINT('',(-0.1,-0.243565041543387,0.0387771987037783));
#8748=CARTESIAN_POINT('',(-0.1,-0.237680807213188,0.036189573169561));
#8749=CARTESIAN_POINT('',(-0.105683928622475,-0.240112476219782,0.0374041919688371));
#8750=CARTESIAN_POINT('',(-0.1,-0.245971442063246,0.0263));
#8751=CARTESIAN_POINT('',(-0.1,-0.239324423097961,0.0263));
#8752=CARTESIAN_POINT('',(-0.105788262569497,-0.242304960447253,0.0263));
#8753=CARTESIAN_POINT('',(-0.1,-0.243565041543387,0.0138228012962218));
#8754=CARTESIAN_POINT('',(-0.1,-0.237680807213188,0.0164104268304391));
#8755=CARTESIAN_POINT('',(-0.105683928622475,-0.240112476219782,0.015195808031163));
#8756=CARTESIAN_POINT('',(-0.1,-0.236626637073968,0.00280153544980475));
#8757=CARTESIAN_POINT('',(-0.1,-0.232556963600764,0.00703082114912805));
#8758=CARTESIAN_POINT('',(-0.105383101258801,-0.233790859249756,0.00538733622561718));
#8759=CARTESIAN_POINT('',(-0.1,-0.225965853055387,-0.00547775215885953));
#8760=CARTESIAN_POINT('',(-0.0999999999999997,-0.223909507324161,-0.000741769694106656));
#8761=CARTESIAN_POINT('',(-0.104920883242376,-0.224077762605898,-0.00198088809736199));
#8762=CARTESIAN_POINT('',(-0.1,-0.212826672227873,-0.0100489774987974));
#8763=CARTESIAN_POINT('',(-0.100000000000001,-0.212458319390972,-0.00560774332198271));
#8764=CARTESIAN_POINT('',(-0.104351209746603,-0.212106585535212,-0.00604909001612341));
#8765=CARTESIAN_POINT('',(-0.1,-0.198742263482025,-0.0103787157079189));
#8766=CARTESIAN_POINT('',(-0.099999999999997,-0.199598431286684,-0.00665158816209766));
#8767=CARTESIAN_POINT('',(-0.103740554145507,-0.199274206314172,-0.00634254341543913));
#8768=CARTESIAN_POINT('',(-0.1,-0.185356135941944,-0.00642856510505222));
#8769=CARTESIAN_POINT('',(-0.10000000000001,-0.187023413160658,-0.00358218359511222));
#8770=CARTESIAN_POINT('',(-0.103160173818094,-0.187078034788969,-0.00282707238372231));
#8771=CARTESIAN_POINT('',(-0.1,-0.174230154024492,0.00134081969289304));
#8772=CARTESIAN_POINT('',(-0.0999999999999632,-0.176392761476429,0.00326953734013335));
#8773=CARTESIAN_POINT('',(-0.102677786286024,-0.176941093881633,0.00408735947908094));
#8774=CARTESIAN_POINT('',(-0.1,-0.169185427024527,0.00846147915674218));
#8775=CARTESIAN_POINT('',(-0.100000000000078,-0.171479095515627,0.00984974944114415));
#8776=CARTESIAN_POINT('',(-0.102459062812845,-0.172344816459011,0.010424452564558));
#8777=CARTESIAN_POINT('',(-0.1,-0.167403075956447,0.0123));
#8778=CARTESIAN_POINT('',(-0.1,-0.169765272085895,0.0133968451042416));
#8779=CARTESIAN_POINT('',(-0.102381785684465,-0.170720906984088,0.0138405777166437));
#8780=CARTESIAN_POINT('',(-0.104,-0.167403075956448,0.0123));
#8781=CARTESIAN_POINT('',(-0.104,-0.167403075956447,0.0123));
#8782=CARTESIAN_POINT('',(-0.110868731815203,-0.178769604557125,0.0269995472703023));
#8783=CARTESIAN_POINT('',(-0.111767525861502,-0.179207975703914,0.0269995472703023));
#8784=CARTESIAN_POINT('',(-0.112205742496579,-0.178309498453571,0.0270260955538053));
#8785=CARTESIAN_POINT('',(-0.110860437295669,-0.178786610932947,0.0277120090844128));
#8786=CARTESIAN_POINT('',(-0.111623091402304,-0.179149825208095,0.0274156454200095));
#8787=CARTESIAN_POINT('',(-0.112126386927248,-0.178472201482221,0.0274997939367986));
#8788=CARTESIAN_POINT('',(-0.111322317039924,-0.179117913970653,0.0290506285998349));
#8789=CARTESIAN_POINT('',(-0.111614603917927,-0.179201786961622,0.0285834671320285));
#8790=CARTESIAN_POINT('',(-0.112145004056697,-0.179073179203979,0.0285242852104752));
#8791=CARTESIAN_POINT('',(-0.112123296068184,-0.179674028156356,0.0301151990285202));
#8792=CARTESIAN_POINT('',(-0.112237628094455,-0.179711033365676,0.0300142583794901));
#8793=CARTESIAN_POINT('',(-0.112351960146067,-0.1797480385984,0.0299133177883795));
#8794=CARTESIAN_POINT('',(-0.112512560247083,-0.179961600873753,0.0306410214168039));
#8795=CARTESIAN_POINT('',(-0.112512560247083,-0.179961600873753,0.0306410214168039));
#8796=CARTESIAN_POINT('',(-0.112512560247083,-0.179961600873753,0.0306410214168039));
#8797=CARTESIAN_POINT('',(-0.11130694845028,-0.177871127306782,0.0270260955538052));
#8798=CARTESIAN_POINT('',(-0.0993217234809112,-0.202444480103671,0.0263));
#8799=CARTESIAN_POINT('',(-0.11130694845028,-0.177871127306782,0.0255739044461947));
#8800=CARTESIAN_POINT('',(-0.112205742496579,-0.178309498453571,0.0255739044461947));
#8801=CARTESIAN_POINT('',(-0.111767525861502,-0.179207975703914,0.0256004527296977));
#8802=CARTESIAN_POINT('',(-0.110868731815203,-0.178769604557125,0.0256004527296977));
#8803=CARTESIAN_POINT('',(-0.112126386927248,-0.178472201482221,0.0251002060631963));
#8804=CARTESIAN_POINT('',(-0.11162309140231,-0.179149825208095,0.0251843545799941));
#8805=CARTESIAN_POINT('',(-0.11086043729567,-0.178786610932947,0.0248879909155923));
#8806=CARTESIAN_POINT('',(-0.112145004056707,-0.179073179203977,0.0240757147895663));
#8807=CARTESIAN_POINT('',(-0.111614603918018,-0.179201786961457,0.0240165328679741));
#8808=CARTESIAN_POINT('',(-0.111322317039944,-0.179117913970658,0.0235493714001895));
#8809=CARTESIAN_POINT('',(-0.112351960146046,-0.179748038598404,0.0226866822115426));
#8810=CARTESIAN_POINT('',(-0.112237628094283,-0.17971103336598,0.0225857416205024));
#8811=CARTESIAN_POINT('',(-0.112123296068144,-0.179674028156347,0.022484800971426));
#8812=CARTESIAN_POINT('',(-0.112512560247083,-0.179961600873753,0.0219589785831961));
#8813=CARTESIAN_POINT('',(-0.112512560247083,-0.179961600873753,0.0219589785831961));
#8814=CARTESIAN_POINT('',(-0.112512560247083,-0.179961600873753,0.0219589785831961));
#8815=CARTESIAN_POINT('',(-0.092,-0.200340551137768,0.11915117362367));
#8816=CARTESIAN_POINT('',(-0.012,-0.200340551137768,0.11915117362367));
#8817=CARTESIAN_POINT('',(-0.012,-0.203851525494997,0.118018994247885));
#8818=CARTESIAN_POINT('',(-0.092,-0.203851525494997,0.118018994247885));
#8819=CARTESIAN_POINT('',(-0.084,-0.203851525494997,0.118018994247885));
#8820=CARTESIAN_POINT('',(-0.084,-0.196829576780538,0.120283352999454));
#8821=CARTESIAN_POINT('',(-0.092,-0.225367373517225,0.109253932851793));
#8822=CARTESIAN_POINT('',(-0.0784904912234102,-0.25720139636237,0.0962854844581243));
#8823=CARTESIAN_POINT('',(0.00931595971334859,-0.225242461844834,0.109304818992859));
#8824=CARTESIAN_POINT('',(-0.00931595971334864,-0.232023925923397,0.106542206571419));
#8825=CARTESIAN_POINT('',(0.01,-0.227121847086405,0.108539200690839));
#8826=CARTESIAN_POINT('',(0.012,-0.227121847086405,0.108539200690839));
#8827=CARTESIAN_POINT('',(0.012,-0.225367373517225,0.109253932851793));
#8828=CARTESIAN_POINT('',(0.012,-0.246883221539452,0.100488871455702));
#8829=CARTESIAN_POINT('',(-0.092,-0.246883221539452,0.100488871455702));
#8830=CARTESIAN_POINT('',(-0.084,-0.246883221539452,0.100488871455702));
#8831=CARTESIAN_POINT('',(-0.084,-0.203851525494997,0.118018994247885));
#8832=CARTESIAN_POINT('',(-0.012,-0.225367373517225,0.109253932851793));
#8833=CARTESIAN_POINT('',(-0.012,-0.230144540681826,0.107307824873439));
#8834=CARTESIAN_POINT('',(-0.01,-0.230144540681826,0.107307824873439));
#8835=CARTESIAN_POINT('',(-0.092,-0.250274601552827,0.0988692531572681));
#8836=CARTESIAN_POINT('',(0.012,-0.250274601552827,0.0988692531572681));
#8837=CARTESIAN_POINT('',(0.012,-0.253665981566201,0.0972496348588346));
#8838=CARTESIAN_POINT('',(-0.092,-0.253665981566201,0.0972496348588346));
#8839=CARTESIAN_POINT('',(-0.084,-0.253665981566201,0.0972496348588346));
#8840=CARTESIAN_POINT('',(-0.084,-0.246883221539452,0.100488871455702));
#8841=CARTESIAN_POINT('',(-0.092,-0.29069275036797,0.0768177297354726));
#8842=CARTESIAN_POINT('',(0.012,-0.29069275036797,0.0768177297354726));
#8843=CARTESIAN_POINT('',(0.012,-0.264810928450055,0.0910996924062558));
#8844=CARTESIAN_POINT('',(0.01,-0.264810928450055,0.0910996924062558));
#8845=CARTESIAN_POINT('',(0.00931595971334859,-0.266690313691627,0.0900626205204636));
#8846=CARTESIAN_POINT('',(-0.0673541117827001,-0.238784689808004,0.10546134630858));
#8847=CARTESIAN_POINT('',(-0.00931595971334861,-0.259908849613063,0.093804730219328));
#8848=CARTESIAN_POINT('',(-0.01,-0.261788234854635,0.0927676583335358));
#8849=CARTESIAN_POINT('',(-0.012,-0.261788234854635,0.0927676583335358));
#8850=CARTESIAN_POINT('',(-0.012,-0.29069275036797,0.0768177297354726));
#8851=CARTESIAN_POINT('',(-0.012,-0.299477316218286,0.071970279584894));
#8852=CARTESIAN_POINT('',(-0.01,-0.299477316218286,0.071970279584894));
#8853=CARTESIAN_POINT('',(-0.00931595971334864,-0.301356701459857,0.0709332076991018));
#8854=CARTESIAN_POINT('',(-0.0754994274248508,-0.325445513707363,0.0576406536280049));
#8855=CARTESIAN_POINT('',(0.00931595971334861,-0.294575237381293,0.0746753173979662));
#8856=CARTESIAN_POINT('',(0.01,-0.296454622622865,0.073638245512174));
#8857=CARTESIAN_POINT('',(0.012,-0.296454622622865,0.073638245512174));
#8858=CARTESIAN_POINT('',(0.012,-0.29069275036797,0.0768177297354726));
#8859=CARTESIAN_POINT('',(0.012,-0.327719519169739,0.0563858246121106));
#8860=CARTESIAN_POINT('',(-0.092,-0.327719519169739,0.0563858246121106));
#8861=CARTESIAN_POINT('',(-0.084,-0.327719519169739,0.0563858246121106));
#8862=CARTESIAN_POINT('',(-0.084,-0.253665981566201,0.0972496348588346));
#8863=CARTESIAN_POINT('',(-0.092,-0.328359759584869,0.0553012822174387));
#8864=CARTESIAN_POINT('',(0.012,-0.328359759584869,0.0553012822174387));
#8865=CARTESIAN_POINT('',(0.012,-0.329,0.0542167398227668));
#8866=CARTESIAN_POINT('',(-0.092,-0.329,0.0542167398227668));
#8867=CARTESIAN_POINT('',(-0.0883414354915754,-0.329,0.0542167398227668));
#8868=CARTESIAN_POINT('',(-0.084,-0.335719519169739,0.0428341353523722));
#8869=CARTESIAN_POINT('',(-0.092,-0.329,0.0365446166585507));
#8870=CARTESIAN_POINT('',(-0.048,-0.329,0.0366518952846525));
#8871=CARTESIAN_POINT('',(-0.048,-0.329,0.0300948952846525));
#8872=CARTESIAN_POINT('',(0.,-0.329,0.0366518952846525));
#8873=CARTESIAN_POINT('',(0.,-0.329,0.0300948952846525));
#8874=CARTESIAN_POINT('',(0.012,-0.329,0.0365446166585507));
#8875=CARTESIAN_POINT('',(0.012,-0.329,0.0188724934943344));
#8876=CARTESIAN_POINT('',(-0.092,-0.329,0.0188724934943344));
#8877=CARTESIAN_POINT('',(-0.084,-0.329,0.0465420629570126));
#8878=CARTESIAN_POINT('',(-0.084,-0.286827646812993,0.0698133757674533));
#8879=CARTESIAN_POINT('',(-0.084,-0.250006489518622,0.0901318214951577));
#8880=CARTESIAN_POINT('',(-0.084,-0.24682702238864,0.0916502367487354));
#8881=CARTESIAN_POINT('',(-0.084,-0.243647555258657,0.0931686520023136));
#8882=CARTESIAN_POINT('',(-0.084,-0.222349191699043,0.10184511523274));
#8883=CARTESIAN_POINT('',(-0.084,-0.201110966681687,0.110497079404862));
#8884=CARTESIAN_POINT('',(-0.084,-0.197885300841758,0.111537255710798));
#8885=CARTESIAN_POINT('',(-0.084,-0.194659635001827,0.112577432016735));
#8886=CARTESIAN_POINT('',(-0.084,-0.156752094020956,0.12173487281073));
#8887=CARTESIAN_POINT('',(-0.084,-0.118849403223567,0.130891141931043));
#8888=CARTESIAN_POINT('',(-0.084,-0.115514158562369,0.131432384542372));
#8889=CARTESIAN_POINT('',(-0.084,-0.112178913901167,0.131973627153702));
#8890=CARTESIAN_POINT('',(-0.084,-0.0987028073782209,0.133118099645833));
#8891=CARTESIAN_POINT('',(-0.126,-0.1462704022622,-0.0405981047153473));
#8892=CARTESIAN_POINT('',(-0.126,-0.11193662193381,-0.0405981047153473));
#8893=CARTESIAN_POINT('',(-0.126,-0.210183325745153,-0.0400600879310863));
#8894=CARTESIAN_POINT('',(-0.126,-0.210003571538742,-0.0400899137282075));
#8895=CARTESIAN_POINT('',(-0.126,-0.213425846965907,-0.0395220711468253));
#8896=CARTESIAN_POINT('',(-0.126,-0.245030440800236,-0.0287371356021627));
#8897=CARTESIAN_POINT('',(-0.126,-0.224296973097695,-0.0358123447936304));
#8898=CARTESIAN_POINT('',(-0.126,-0.279679667427116,-0.0164178968521427));
#8899=CARTESIAN_POINT('',(-0.126,-0.282724300219666,-0.0148835936467852));
#8900=CARTESIAN_POINT('',(-0.126,-0.328269967382976,0.0174805563029497));
#8901=CARTESIAN_POINT('',(-0.126,-0.329,0.0188724934943344));
#8902=CARTESIAN_POINT('',(-0.126,-0.327539934765952,0.0160886191115651));
#8903=CARTESIAN_POINT('',(-0.126,-0.333,0.0178871943894935));
#8904=CARTESIAN_POINT('',(0.012,-0.333,0.0178871943894935));
#8905=CARTESIAN_POINT('',(-1.30104260698261E-17,-0.193966806115885,-0.181));
#8906=CARTESIAN_POINT('',(0.00931595971334858,-0.197357538155167,0.128149936890473));
#8907=CARTESIAN_POINT('',(-0.00931595971334863,-0.190576074076603,-0.181));
#8908=CARTESIAN_POINT('',(-0.012,-0.2113,-0.181));
#8909=CARTESIAN_POINT('',(-0.012,-0.192455459318175,-0.181));
#8910=CARTESIAN_POINT('',(-0.012,-0.230144540681826,0.106144235602045));
#8911=CARTESIAN_POINT('',(0.,-0.228633193884115,-0.181));
#8912=CARTESIAN_POINT('',(0.00931595971334857,-0.225242461844833,-0.181));
#8913=CARTESIAN_POINT('',(-0.00931595971334865,-0.232023925923397,0.11478259104427));
#8914=CARTESIAN_POINT('',(0.012,-0.245966387768231,-0.181));
#8915=CARTESIAN_POINT('',(0.012,-0.227121847086405,-0.181));
#8916=CARTESIAN_POINT('',(0.012,-0.264810928450055,0.0895235470649166));
#8917=CARTESIAN_POINT('',(5.20417042793042E-18,-0.263299581652346,-0.181));
#8918=CARTESIAN_POINT('',(0.00931595971334856,-0.266690313691627,0.0986607209273762));
#8919=CARTESIAN_POINT('',(-0.00931595971334864,-0.259908849613063,-0.181));
#8920=CARTESIAN_POINT('',(-0.012,-0.28063277553646,-0.181));
#8921=CARTESIAN_POINT('',(-0.012,-0.299477316218286,0.0703941342435549));
#8922=CARTESIAN_POINT('',(-0.012,-0.261788234854635,-0.181));
#8923=CARTESIAN_POINT('',(-1.82145964977565E-17,-0.297965969420576,-0.181));
#8924=CARTESIAN_POINT('',(0.0093159597133486,-0.294575237381293,-0.181));
#8925=CARTESIAN_POINT('',(-0.00931595971334865,-0.301356701459857,0.0795313081060143));
#8926=CARTESIAN_POINT('',(0.012,-0.31529916330469,-0.181));
#8927=CARTESIAN_POINT('',(0.012,-0.296454622622865,-0.181));
#8928=CARTESIAN_POINT('',(0.012,-0.107300836695309,-0.181));
#8929=CARTESIAN_POINT('',(0.012,-0.126145377377135,0.13666874739334));
#8930=CARTESIAN_POINT('',(-1.04083408558608E-17,-0.124634030579425,-0.181));
#8931=CARTESIAN_POINT('',(0.0093159597133486,-0.128024762618707,0.144898867858558));
#8932=CARTESIAN_POINT('',(-0.00931595971334865,-0.121243298540143,-0.181));
#8933=CARTESIAN_POINT('',(-0.012,-0.14196722446354,-0.181));
#8934=CARTESIAN_POINT('',(-0.012,-0.123122683781714,-0.181));
#8935=CARTESIAN_POINT('',(-0.012,-0.160811765145365,-0.181));
#8936=CARTESIAN_POINT('',(-1.04083408558608E-17,-0.159300418347655,-0.181));
#8937=CARTESIAN_POINT('',(-0.00931595971334865,-0.162691150386937,-0.181));
#8938=CARTESIAN_POINT('',(0.00931595971334859,-0.155909686308373,-0.181));
#8939=CARTESIAN_POINT('',(0.012,-0.17663361223177,-0.181));
#8940=CARTESIAN_POINT('',(0.012,-0.157789071549944,-0.181));
#8941=CARTESIAN_POINT('',(0.012,-0.195478152913596,0.119798078817944));
#8942=CARTESIAN_POINT('',(-0.117,-0.172,-0.004));
#8943=CARTESIAN_POINT('',(-0.117,-0.271,0.033));
#8944=CARTESIAN_POINT('',(0.161598188159735,-0.0751853361907973,0.0263));
#8945=CARTESIAN_POINT('',(1.21430643318376E-17,-0.154002038809498,0.0263));
#8946=CARTESIAN_POINT('',(1.07801792906083E-17,-0.176259640628704,0.0263));
#8947=CARTESIAN_POINT('',(9.91097618624999E-18,-0.175141475678533,0.0463));
#8948=CARTESIAN_POINT('',(1.01034089948493E-17,-0.172,-0.004));
#8949=CARTESIAN_POINT('',(1.01034089948493E-17,-0.172,-0.004));
#8950=CARTESIAN_POINT('',(9.79724729506246E-18,-0.177,-0.004));
#8951=CARTESIAN_POINT('',(2.00000000001588E-6,-0.172,-0.004));
#8952=CARTESIAN_POINT('',(2.00000000001588E-6,-0.172,-0.004));
#8953=CARTESIAN_POINT('',(-0.084,-0.172,-0.004));
#8954=CARTESIAN_POINT('',(9.91097618624999E-18,-0.175141475678533,0.0463));
#8955=CARTESIAN_POINT('',(4.04161770782389E-18,-0.271,0.033));
#8956=CARTESIAN_POINT('',(3.73545600803706E-18,-0.276,0.033));
#8957=CARTESIAN_POINT('',(4.04161770782389E-18,-0.271,0.033));
#8958=CARTESIAN_POINT('',(3.42929430825022E-18,-0.281,0.033));
#8959=CARTESIAN_POINT('',(2.00000000001588E-6,-0.271,0.033));
#8960=CARTESIAN_POINT('',(2.00000000001588E-6,-0.271,0.033));
#8961=CARTESIAN_POINT('',(-0.084,-0.271,0.033));
#8962=CARTESIAN_POINT('',(-0.084,-0.271,0.023));
#8963=CARTESIAN_POINT('',(-0.084,-0.271,0.033));
#8964=CARTESIAN_POINT('',(-0.142,-0.148012072013003,-0.0340981047153473));
#8965=CARTESIAN_POINT('',(-0.142,-0.146945001355304,-0.0380804666251422));
#8966=CARTESIAN_POINT('',(-0.092,-0.149079142670701,-0.0301157428055526));
#8967=CARTESIAN_POINT('',(-0.142,-0.11280140292869,-0.0340981047153473));
#8968=CARTESIAN_POINT('',(-0.142,-0.113868473586388,-0.0380804666251423));
#8969=CARTESIAN_POINT('',(-0.1,-0.111734332270992,-0.0301157428055524));
#8970=CARTESIAN_POINT('',(-0.142,-0.130406737470847,-0.0275981047153473));
#8971=CARTESIAN_POINT('',(-0.092,-0.11366618392357,-0.0275981047153473));
#8972=CARTESIAN_POINT('',(-0.1,-0.147147291018123,-0.0275981047153473));
#8973=CARTESIAN_POINT('',(-0.0943,-0.139403064893918,-0.0275981047153473));
#8974=CARTESIAN_POINT('',(-0.0943,-0.139403064893918,-0.0275981047153473));
#8975=CARTESIAN_POINT('',(-0.0943,-0.130406737470847,-0.0275981047153473));
#8976=CARTESIAN_POINT('',(-0.0943,-0.121410410047775,-0.0275981047153473));
#8977=CARTESIAN_POINT('',(-0.0943,-0.121410410047775,-0.0275981047153473));
#8978=CARTESIAN_POINT('',(-0.142,-0.208682474275203,-0.0340981047153475));
#8979=CARTESIAN_POINT('',(-0.142,-0.207744344915333,-0.0375992511504517));
#8980=CARTESIAN_POINT('',(-0.092,-0.209749544932901,-0.0301157428055526));
#8981=CARTESIAN_POINT('',(-0.142,-0.17347180519089,-0.0340981047153473));
#8982=CARTESIAN_POINT('',(-0.1,-0.172404734533192,-0.0301157428055524));
#8983=CARTESIAN_POINT('',(-0.142,-0.174538875848588,-0.0380804666251423));
#8984=CARTESIAN_POINT('',(-0.142,-0.264306820078174,-0.0172268317655694));
#8985=CARTESIAN_POINT('',(-0.092,-0.264306820078174,-0.0151199236010515));
#8986=CARTESIAN_POINT('',(-0.142,-0.264306820078174,-0.0193634173740837));
#8987=CARTESIAN_POINT('',(-0.142,-0.223848236222255,-0.031278658823172));
#8988=CARTESIAN_POINT('',(-0.1,-0.222600885640072,-0.0300214759562067));
#8989=CARTESIAN_POINT('',(-0.142,-0.225070808797988,-0.0325108683701805));
#8990=CARTESIAN_POINT('',(-0.142,-0.242340549035107,-0.0200359143905379));
#8991=CARTESIAN_POINT('',(-0.1,-0.261642050336955,-0.0132336359265015));
#8992=CARTESIAN_POINT('',(-0.092,-0.223355870433206,-0.0267265374866806));
#8993=CARTESIAN_POINT('',(-0.142,-0.327539934765952,0.024343940114636));
#8994=CARTESIAN_POINT('',(-0.092,-0.327539934765952,0.028785904950231));
#8995=CARTESIAN_POINT('',(-0.142,-0.275002066205271,-0.0119651305768355));
#8996=CARTESIAN_POINT('',(-0.1,-0.270846941051131,-0.0103947845745295));
#8997=CARTESIAN_POINT('',(-0.142,-0.297409883478414,0.0117762968054106));
#8998=CARTESIAN_POINT('',(-0.1,-0.32440285524894,0.0304312165231534));
#8999=CARTESIAN_POINT('',(-0.142,-0.316756175842235,0.0251465745929469));
#9000=CARTESIAN_POINT('',(-0.0943,-0.316756175842235,0.0251465745929469));
#9001=CARTESIAN_POINT('',(-0.0943,-0.297409883478414,0.0117762968054106));
#9002=CARTESIAN_POINT('',(-0.0943,-0.303840504730177,0.0162205174790986));
#9003=CARTESIAN_POINT('',(-0.142,-0.303840504730177,0.0162205174790986));
#9004=CARTESIAN_POINT('',(-0.092,-0.270416911706696,-0.00687862291315556));
#9005=CARTESIAN_POINT('',(-0.0943,-0.320617292849946,0.0195596825575605));
#9006=CARTESIAN_POINT('',(-0.0943,-0.312790063182263,0.0308853914138804));
#9007=CARTESIAN_POINT('',(-0.0943,-0.312790063182263,0.0308853914138804));
#9008=CARTESIAN_POINT('',(-0.0943,-0.320617292849946,0.0195596825575605));
#9009=CARTESIAN_POINT('',(-0.0943,-0.306195753943874,0.0128125598732872));
#9010=CARTESIAN_POINT('',(-0.0943,-0.306195753943874,0.0128125598732872));
#9011=CARTESIAN_POINT('',(-0.0943,-0.301835373836504,0.0191218669583802));
#9012=CARTESIAN_POINT('',(-0.0943,-0.301835373836504,0.0191218669583802));
#9013=CARTESIAN_POINT('',(-0.0943,-0.29804950701991,0.018558926485339));
#9014=CARTESIAN_POINT('',(-0.0943,-0.29804950701991,0.018558926485339));
#9015=CARTESIAN_POINT('',(-0.0943,-0.297040433979323,0.0173788680136071));
#9016=CARTESIAN_POINT('',(-0.0943,-0.2986700189687,0.0192845829567034));
#9017=CARTESIAN_POINT('',(-0.1,-0.297040433979323,0.0173788680136071));
#9018=CARTESIAN_POINT('',(-0.0943,-0.2986700189687,0.0192845829567034));
#9019=CARTESIAN_POINT('',(-0.0943,-0.290700237136593,0.020168893427225));
#9020=CARTESIAN_POINT('',(-0.0943,-0.290700237136593,0.020168893427225));
#9021=CARTESIAN_POINT('',(-0.0943,-0.287179879104081,0.02317916662039));
#9022=CARTESIAN_POINT('',(-0.0943,-0.294220595169106,0.0171586202340601));
#9023=CARTESIAN_POINT('',(-0.1,-0.287179879104081,0.02317916662039));
#9024=CARTESIAN_POINT('',(-0.0943,-0.294220595169106,0.0171586202340601));
#9025=CARTESIAN_POINT('',(-0.0943,-0.29540830217421,0.0358792868473397));
#9026=CARTESIAN_POINT('',(-0.0943,-0.29540830217421,0.0358792868473397));
#9027=CARTESIAN_POINT('',(-0.0943,-0.303856973023886,0.0457595682640713));
#9028=CARTESIAN_POINT('',(-0.0943,-0.286959631324534,0.0259990054306068));
#9029=CARTESIAN_POINT('',(-0.1,-0.303856973023886,0.0457595682640713));
#9030=CARTESIAN_POINT('',(-0.0943,-0.286959631324534,0.0259990054306068));
#9031=CARTESIAN_POINT('',(-0.0943,-0.310844589308134,0.0424159317201266));
#9032=CARTESIAN_POINT('',(-0.0943,-0.310844589308134,0.0424159317201266));
#9033=CARTESIAN_POINT('',(-0.0943,-0.315012366782164,0.0388520473966346));
#9034=CARTESIAN_POINT('',(-0.0943,-0.306676811834104,0.0459798160436183));
#9035=CARTESIAN_POINT('',(-0.1,-0.315012366782164,0.0388520473966347));
#9036=CARTESIAN_POINT('',(-0.0943,-0.306676811834104,0.0459798160436183));
#9037=CARTESIAN_POINT('',(-0.0943,-0.314223541521125,0.0348521501146865));
#9038=CARTESIAN_POINT('',(-0.0943,-0.315232614561712,0.036032208586418));
#9039=CARTESIAN_POINT('',(-0.0943,-0.315232614561712,0.036032208586418));
#9040=CARTESIAN_POINT('',(-0.0943,-0.314223541521125,0.0348521501146865));
#9041=CARTESIAN_POINT('',(-0.0943,-0.312915331460304,0.0333222664462269));
#9042=CARTESIAN_POINT('',(-0.0943,-0.312915331460304,0.0333222664462269));
#9043=CARTESIAN_POINT('',(-0.0943,-0.2113,-0.000659246578196743));
#9044=CARTESIAN_POINT('',(-0.0943,-0.304612942701147,0.0289101039006345));
#9045=CARTESIAN_POINT('',(-0.0943,-0.304612942701147,0.0268101039006345));
#9046=CARTESIAN_POINT('',(-0.0943,-0.313712571266829,0.0373320041017528));
#9047=CARTESIAN_POINT('',(-0.0943,-0.305377016318769,0.0444597727487364));
#9048=CARTESIAN_POINT('',(-0.0943,-0.288479674619416,0.0246992099152719));
#9049=CARTESIAN_POINT('',(-0.0943,-0.295520390684441,0.018678663528942));
#9050=CARTESIAN_POINT('',(-0.0943,-0.300190062263582,0.0179847874413685));
#9051=CARTESIAN_POINT('',(-0.0943,-0.314435374755186,0.032022470930892));
#9052=CARTESIAN_POINT('',(-0.0943,-0.18007897602151,-0.0220981047153473));
#9053=CARTESIAN_POINT('',(-0.0943,-0.18007897602151,-0.0220981047153473));
#9054=CARTESIAN_POINT('',(-0.0943,-0.179054050504959,-0.0192821450019987));
#9055=CARTESIAN_POINT('',(-0.1,-0.179054050504959,-0.0192821450019987));
#9056=CARTESIAN_POINT('',(-0.0943,-0.191077139733046,-0.0165981047153473));
#9057=CARTESIAN_POINT('',(-0.0943,-0.180933435746531,-0.0165981047153473));
#9058=CARTESIAN_POINT('',(-0.0943,-0.180933435746531,-0.0165981047153473));
#9059=CARTESIAN_POINT('',(-0.0943,-0.191077139733046,-0.0165981047153473));
#9060=CARTESIAN_POINT('',(-0.0943,-0.201220843719562,-0.0165981047153473));
#9061=CARTESIAN_POINT('',(-0.1,-0.201220843719562,-0.0165981047153473));
#9062=CARTESIAN_POINT('',(-0.0943,-0.202075303444582,-0.0220981047153473));
#9063=CARTESIAN_POINT('',(-0.0943,-0.203100228961133,-0.0192821450019987));
#9064=CARTESIAN_POINT('',(-0.0943,-0.203100228961133,-0.0192821450019987));
#9065=CARTESIAN_POINT('',(-0.0943,-0.202075303444582,-0.0220981047153473));
#9066=CARTESIAN_POINT('',(-0.0943,-0.2113,-0.000659246578196743));
#9067=CARTESIAN_POINT('',(-0.0943,-0.191077139733046,-0.0221689673426308));
#9068=CARTESIAN_POINT('',(-0.0943,-0.191077139733046,-0.0242689673426308));
#9069=CARTESIAN_POINT('',(-0.0943,-0.180933435746531,-0.0185981047153474));
#9070=CARTESIAN_POINT('',(-0.0943,-0.201220843719562,-0.0185981047153474));
#9071=CARTESIAN_POINT('',(-0.0943,-0.119408573759311,-0.0220981047153473));
#9072=CARTESIAN_POINT('',(-0.0943,-0.119408573759311,-0.0220981047153473));
#9073=CARTESIAN_POINT('',(-0.0943,-0.118383648242759,-0.0192821450019987));
#9074=CARTESIAN_POINT('',(-0.1,-0.118383648242759,-0.0192821450019987));
#9075=CARTESIAN_POINT('',(-0.0943,-0.130406737470847,-0.0165981047153473));
#9076=CARTESIAN_POINT('',(-0.0943,-0.120263033484331,-0.0165981047153473));
#9077=CARTESIAN_POINT('',(-0.0943,-0.120263033484331,-0.0165981047153473));
#9078=CARTESIAN_POINT('',(-0.0943,-0.130406737470847,-0.0165981047153473));
#9079=CARTESIAN_POINT('',(-0.0943,-0.140550441457362,-0.0165981047153473));
#9080=CARTESIAN_POINT('',(-0.1,-0.140550441457362,-0.0165981047153473));
#9081=CARTESIAN_POINT('',(-0.0943,-0.141404901182383,-0.0220981047153473));
#9082=CARTESIAN_POINT('',(-0.0943,-0.142429826698934,-0.0192821450019987));
#9083=CARTESIAN_POINT('',(-0.0943,-0.142429826698934,-0.0192821450019987));
#9084=CARTESIAN_POINT('',(-0.0943,-0.141404901182383,-0.0220981047153473));
#9085=CARTESIAN_POINT('',(-0.0943,-0.2113,-0.000659246578196743));
#9086=CARTESIAN_POINT('',(-0.0943,-0.130406737470847,-0.0220447326596775));
#9087=CARTESIAN_POINT('',(-0.0943,-0.130406737470847,-0.0241447326596776));
#9088=CARTESIAN_POINT('',(-0.0943,-0.120263033484331,-0.0185981047153474));
#9089=CARTESIAN_POINT('',(-0.0943,-0.140550441457362,-0.0185981047153474));
#9090=CARTESIAN_POINT('',(-0.147,-0.130406737470847,-0.0220447326596775));
#9091=CARTESIAN_POINT('',(-0.0886,-0.130406737470847,-0.0220447326596775));
#9092=CARTESIAN_POINT('',(-0.0886,-0.130406737470847,-0.0199447326596775));
#9093=CARTESIAN_POINT('',(-0.147,-0.191077139733046,-0.0221689673426308));
#9094=CARTESIAN_POINT('',(-0.0886,-0.191077139733046,-0.0221689673426308));
#9095=CARTESIAN_POINT('',(-0.0886,-0.191077139733046,-0.0200689673426308));
#9096=CARTESIAN_POINT('',(-0.147,-0.304612942701147,0.0289101039006345));
#9097=CARTESIAN_POINT('',(-0.0886,-0.304612942701147,0.0289101039006345));
#9098=CARTESIAN_POINT('',(-0.0886,-0.304612942701147,0.0310101039006345));
#9099=CARTESIAN_POINT('',(-0.0886,-0.304612942701147,0.0289101039006345));
#9100=CARTESIAN_POINT('',(-0.0886,-0.304612942701147,0.0289101039006345));
#9101=CARTESIAN_POINT('',(-0.0886,-0.304612942701147,0.0334101039006345));
#9102=CARTESIAN_POINT('',(-0.0886,-0.223195237671055,-0.00210604114623642));
#9103=CARTESIAN_POINT('',(-0.0886,-0.191077139733046,-0.0221689673426308));
#9104=CARTESIAN_POINT('',(-0.0886,-0.191077139733046,-0.0221689673426308));
#9105=CARTESIAN_POINT('',(-0.0886,-0.191077139733046,-0.0176689673426308));
#9106=CARTESIAN_POINT('',(-0.0886,-0.223195237671055,-0.00210604114623642));
#9107=CARTESIAN_POINT('',(-0.0886,-0.130406737470847,-0.0220447326596775));
#9108=CARTESIAN_POINT('',(-0.0886,-0.130406737470847,-0.0220447326596775));
#9109=CARTESIAN_POINT('',(-0.0886,-0.130406737470847,-0.0175447326596775));
#9110=CARTESIAN_POINT('',(-0.0886,-0.223195237671055,-0.00210604114623642));
#9111=CARTESIAN_POINT('',(-0.092,-0.0812434792938376,0.0394423992707518));
#9112=CARTESIAN_POINT('',(-0.092,-0.0804190474739131,0.0384598796875079));
#9113=CARTESIAN_POINT('',(0.,-0.0804190474739131,0.0384598796875079));
#9114=CARTESIAN_POINT('',(0.,-0.0811530030307941,0.0393345738592253));
#9115=CARTESIAN_POINT('',(0.,-0.0818869585876751,0.0402092680309427));
#9116=CARTESIAN_POINT('',(2.000000000002E-6,-0.0818869585876751,0.0402092680309427));
#9117=CARTESIAN_POINT('',(-0.096,-0.0820679111137621,0.0404249188539959));
#9118=CARTESIAN_POINT('',(-0.092,-0.0768869585876751,0.0572505000679717));
#9119=CARTESIAN_POINT('',(-0.092,-0.0768869585876751,0.0747555452290625));
#9120=CARTESIAN_POINT('',(2.000000000002E-6,-0.0768869585876751,0.0642596672194608));
#9121=CARTESIAN_POINT('',(0.,-0.0768869585876751,0.0642596672194608));
#9122=CARTESIAN_POINT('',(0.,-0.0768869585876751,0.0420025610631709));
#9123=CARTESIAN_POINT('',(0.,-0.0768869585876751,0.0397454549068809));
#9124=CARTESIAN_POINT('',(-0.092,-0.0768869585876751,0.0397454549068809));
#9125=CARTESIAN_POINT('',(-0.092,-0.0812434792938376,0.0750586008651916));
#9126=CARTESIAN_POINT('',(-0.092,-0.0804190474739131,0.0760411204484355));
#9127=CARTESIAN_POINT('',(-0.092,-0.0820679111137621,0.0740760812819476));
#9128=CARTESIAN_POINT('',(-0.092,-0.0812434792938376,-0.0257900039181275));
#9129=CARTESIAN_POINT('',(-0.092,-0.0804190474739131,-0.0267725235013715));
#9130=CARTESIAN_POINT('',(-0.1,-0.0820679111137621,-0.0248074843348836));
#9131=CARTESIAN_POINT('',(-0.092,-0.0812434792938376,0.00982619767631216));
#9132=CARTESIAN_POINT('',(2.000000000002E-6,-0.0818869585876751,0.00905932891612127));
#9133=CARTESIAN_POINT('',(0.,-0.0818869585876751,0.00905932891612127));
#9134=CARTESIAN_POINT('',(0.,-0.0811530030307941,0.00993402308783872));
#9135=CARTESIAN_POINT('',(0.,-0.0804190474739131,0.0108087172595561));
#9136=CARTESIAN_POINT('',(-0.092,-0.0804190474739131,0.0108087172595562));
#9137=CARTESIAN_POINT('',(-0.092,-0.0820679111137621,0.00884367809306819));
#9138=CARTESIAN_POINT('',(-0.092,-0.0812434792938376,0.130291004054071));
#9139=CARTESIAN_POINT('',(-0.092,-0.082067911113762,0.129308484470827));
#9140=CARTESIAN_POINT('',(-0.092,-0.0804190474739131,0.131273523637315));
#9141=CARTESIAN_POINT('',(-0.092,-0.0812434792938376,0.0946748024596313));
#9142=CARTESIAN_POINT('',(-0.092,-0.0804190474739131,0.0936922828763873));
#9143=CARTESIAN_POINT('',(-0.096,-0.0820679111137621,0.0956573220428752));
#9144=CARTESIAN_POINT('',(-0.096,-0.0376100425553986,0.00911184282089245));
#9145=CARTESIAN_POINT('',(-0.096,-0.0776100425553986,-0.0108881571791075));
#9146=CARTESIAN_POINT('',(-0.096,-0.0376100425553987,0.0894892722416519));
#9147=CARTESIAN_POINT('',(-0.096,-0.0776100425553987,0.109866701662411));
#9148=CARTESIAN_POINT('',(-0.096,-0.0976100425553987,0.109866701662411));
#9149=CARTESIAN_POINT('',(-0.096,-0.117610042555399,0.109866701662411));
#9150=CARTESIAN_POINT('',(-0.096,-0.117610042555399,0.0494892722416519));
#9151=CARTESIAN_POINT('',(-0.1,-0.117610042555399,-0.00210641965861338));
#9152=CARTESIAN_POINT('',(-0.1,-0.117610042555399,-0.000970719527294856));
#9153=CARTESIAN_POINT('',(-0.0998353472751704,-0.117610042555399,0.00129863810700259));
#9154=CARTESIAN_POINT('',(-0.1,-0.117610042555399,0.00356981337621986));
#9155=CARTESIAN_POINT('',(-0.1,-0.117610042555399,0.00470641965861337));
#9156=CARTESIAN_POINT('',(-0.1,-0.117610042555399,0.0478935803413866));
#9157=CARTESIAN_POINT('',(-0.1,-0.117610042555399,0.0490292804727051));
#9158=CARTESIAN_POINT('',(-0.0998353472751703,-0.117610042555399,0.0512986381070026));
#9159=CARTESIAN_POINT('',(-0.1,-0.117610042555399,0.0535698133762199));
#9160=CARTESIAN_POINT('',(-0.1,-0.117610042555399,0.0547064196586134));
#9161=CARTESIAN_POINT('',(-0.096,-0.117610042555399,-0.0108881571791076));
#9162=CARTESIAN_POINT('',(-0.096,-0.0976100425553986,-0.0108881571791076));
#9163=CARTESIAN_POINT('',(-0.353,-0.0976100425553986,0.00948808514533144));
#9164=CARTESIAN_POINT('',(-0.353,-0.0976100425553986,0.0494880851453314));
#9165=CARTESIAN_POINT('',(-0.353,-0.0976100425553986,0.0894880851453314));
#9166=CARTESIAN_POINT('',(-0.084,-0.159542127185999,0.0513));
#9167=CARTESIAN_POINT('',(-0.084,-0.153065936709808,0.0457946428893214));
#9168=CARTESIAN_POINT('',(-0.098,-0.153065936709808,0.0457946428893214));
#9169=CARTESIAN_POINT('',(-0.098,-0.159542127185999,0.0513));
#9170=CARTESIAN_POINT('',(-0.098,-0.153065936709808,0.0568053571106787));
#9171=CARTESIAN_POINT('',(-0.084,-0.153065936709808,0.0568053571106787));
#9172=CARTESIAN_POINT('',(-0.084,-0.143542127185999,0.0513));
#9173=CARTESIAN_POINT('',(-0.098,-0.143542127185999,0.0513));
#9174=CARTESIAN_POINT('',(-0.098,-0.137065936709809,0.0457946428893214));
#9175=CARTESIAN_POINT('',(-0.098,-0.15001831766219,0.0457946428893214));
#9176=CARTESIAN_POINT('',(-0.084,-0.15001831766219,0.0457946428893214));
#9177=CARTESIAN_POINT('',(-0.084,-0.137065936709809,0.0457946428893214));
#9178=CARTESIAN_POINT('',(-0.084,-0.127542127185999,0.0513));
#9179=CARTESIAN_POINT('',(-0.098,-0.127542127185999,0.0513));
#9180=CARTESIAN_POINT('',(-0.098,-0.13401831766219,0.0568053571106786));
#9181=CARTESIAN_POINT('',(-0.098,-0.13401831766219,0.0457946428893214));
#9182=CARTESIAN_POINT('',(-0.084,-0.13401831766219,0.0457946428893214));
#9183=CARTESIAN_POINT('',(-0.084,-0.13401831766219,0.0568053571106786));
#9184=CARTESIAN_POINT('',(-0.084,-0.143542127185999,0.0513));
#9185=CARTESIAN_POINT('',(-0.084,-0.15001831766219,0.0568053571106787));
#9186=CARTESIAN_POINT('',(-0.098,-0.15001831766219,0.0568053571106787));
#9187=CARTESIAN_POINT('',(-0.098,-0.143542127185999,0.0513));
#9188=CARTESIAN_POINT('',(-0.098,-0.137065936709809,0.0568053571106786));
#9189=CARTESIAN_POINT('',(-0.084,-0.137065936709809,0.0568053571106786));
#9190=CARTESIAN_POINT('',(-0.084,-0.00496808532155318,0.0263));
#9191=CARTESIAN_POINT('',(-0.084,-0.159542127185999,0.0013));
#9192=CARTESIAN_POINT('',(-0.084,-0.159542127185999,0.0013));
#9193=CARTESIAN_POINT('',(-0.098,-0.159542127185999,0.0013));
#9194=CARTESIAN_POINT('',(-0.098,-0.153065936709808,-0.00420535711067865));
#9195=CARTESIAN_POINT('',(-0.098,-0.153065936709808,0.00680535711067864));
#9196=CARTESIAN_POINT('',(-0.084,-0.153065936709808,0.00680535711067865));
#9197=CARTESIAN_POINT('',(-0.084,-0.153065936709808,-0.00420535711067865));
#9198=CARTESIAN_POINT('',(-0.084,-0.143542127185999,0.0013));
#9199=CARTESIAN_POINT('',(-0.098,-0.143542127185999,0.0013));
#9200=CARTESIAN_POINT('',(-0.098,-0.137065936709809,-0.00420535711067864));
#9201=CARTESIAN_POINT('',(-0.098,-0.15001831766219,-0.00420535711067865));
#9202=CARTESIAN_POINT('',(-0.084,-0.15001831766219,-0.00420535711067866));
#9203=CARTESIAN_POINT('',(-0.084,-0.137065936709809,-0.00420535711067864));
#9204=CARTESIAN_POINT('',(-0.084,-0.127542127185999,0.0013));
#9205=CARTESIAN_POINT('',(-0.098,-0.127542127185999,0.0013));
#9206=CARTESIAN_POINT('',(-0.098,-0.13401831766219,0.00680535711067864));
#9207=CARTESIAN_POINT('',(-0.098,-0.13401831766219,-0.00420535711067866));
#9208=CARTESIAN_POINT('',(-0.084,-0.13401831766219,-0.00420535711067866));
#9209=CARTESIAN_POINT('',(-0.084,-0.13401831766219,0.00680535711067864));
#9210=CARTESIAN_POINT('',(-0.084,-0.143542127185999,0.0013));
#9211=CARTESIAN_POINT('',(-0.084,-0.15001831766219,0.00680535711067865));
#9212=CARTESIAN_POINT('',(-0.098,-0.15001831766219,0.00680535711067864));
#9213=CARTESIAN_POINT('',(-0.098,-0.143542127185999,0.0013));
#9214=CARTESIAN_POINT('',(-0.098,-0.137065936709809,0.00680535711067864));
#9215=CARTESIAN_POINT('',(-0.084,-0.137065936709809,0.00680535711067864));
#9216=CARTESIAN_POINT('',(-0.147,-0.0836,0.1305940596902));
#9217=CARTESIAN_POINT('',(-0.092,-0.0788869585876751,0.129987948417942));
#9218=CARTESIAN_POINT('',(-0.092,-0.0788869585876751,0.0747555452290625));
#9219=CARTESIAN_POINT('',(-0.147,-0.0836,0.0753616565013206));
#9220=CARTESIAN_POINT('',(-0.092,-0.0788869585876751,0.0397454549068809));
#9221=CARTESIAN_POINT('',(0.,-0.0788869585876751,0.0397454549068809));
#9222=CARTESIAN_POINT('',(-0.092,-0.0836,0.0391393436346228));
#9223=CARTESIAN_POINT('',(-0.092,-0.0788869585876751,0.0949778580957603));
#9224=CARTESIAN_POINT('',(-0.092,-0.0836,0.0943717468235022));
#9225=CARTESIAN_POINT('',(-0.092,-0.0788869585876751,-0.0254869482819985));
#9226=CARTESIAN_POINT('',(-0.092,-0.0836,-0.0260930595542566));
#9227=CARTESIAN_POINT('',(-0.092,-0.0788869585876751,0.00952314204018308));
#9228=CARTESIAN_POINT('',(0.,-0.0788869585876751,0.00952314204018308));
#9229=CARTESIAN_POINT('',(-0.147,-0.0836,0.0101292533124413));
#9230=CARTESIAN_POINT('',(0.01,-0.126145377377135,-0.181));
#9231=CARTESIAN_POINT('',(-0.01,-0.123122683781714,-0.181));
#9232=CARTESIAN_POINT('',(-0.01,-0.160811765145365,-0.181));
#9233=CARTESIAN_POINT('',(0.01,-0.157789071549944,-0.181));
#9234=CARTESIAN_POINT('',(0.01,-0.227121847086405,-0.181));
#9235=CARTESIAN_POINT('',(0.01,-0.195478152913595,-0.181));
#9236=CARTESIAN_POINT('',(-0.01,-0.192455459318175,-0.181));
#9237=CARTESIAN_POINT('',(-0.01,-0.230144540681826,-0.181));
#9238=CARTESIAN_POINT('',(0.01,-0.264810928450055,-0.181));
#9239=CARTESIAN_POINT('',(0.01,-0.296454622622865,-0.181));
#9240=CARTESIAN_POINT('',(-0.01,-0.299477316218285,-0.181));
#9241=CARTESIAN_POINT('',(-0.01,-0.261788234854635,-0.181));
#9242=CARTESIAN_POINT('',(-0.0943,-0.313712571266829,0.0373320041017528));
#9243=CARTESIAN_POINT('',(-0.0943,-0.305377016318769,0.0444597727487364));
#9244=CARTESIAN_POINT('',(-0.0943,-0.288479674619416,0.0246992099152719));
#9245=CARTESIAN_POINT('',(-0.0943,-0.295520390684441,0.018678663528942));
#9246=CARTESIAN_POINT('',(-0.0943,-0.300190062263582,0.0179847874413685));
#9247=CARTESIAN_POINT('',(-0.0943,-0.314435374755186,0.032022470930892));
#9248=CARTESIAN_POINT('',(-0.142,-0.325539934765952,0.028785904950231));
#9249=CARTESIAN_POINT('',(-0.142,-0.271553991223707,-0.00852393448607798));
#9250=CARTESIAN_POINT('',(-0.142,-0.262306820078174,-0.0151199236010515));
#9251=CARTESIAN_POINT('',(-0.126,-0.266306820078174,-0.0193634173740837));
#9252=CARTESIAN_POINT('',(-0.142,-0.224020640174424,-0.0286128251612306));
#9253=CARTESIAN_POINT('',(-0.142,-0.223651054263636,-0.0339195191651565));
#9254=CARTESIAN_POINT('',(-0.0943,-0.180933435746531,-0.0185981047153474));
#9255=CARTESIAN_POINT('',(-0.0943,-0.201220843719562,-0.0185981047153474));
#9256=CARTESIAN_POINT('',(-0.126,-0.209676196567911,-0.0381168892406569));
#9257=CARTESIAN_POINT('',(-0.142,-0.207817693280323,-0.0295981047153473));
#9258=CARTESIAN_POINT('',(-0.142,-0.17433658618577,-0.0295981047153473));
#9259=CARTESIAN_POINT('',(-0.142,-0.17260702419601,-0.0385981047153473));
#9260=CARTESIAN_POINT('',(-0.126,-0.148876853007882,-0.0385981047153473));
#9261=CARTESIAN_POINT('',(-0.142,-0.11193662193381,-0.0385981047153473));
#9262=CARTESIAN_POINT('',(-0.142,-0.11366618392357,-0.0295981047153473));
#9263=CARTESIAN_POINT('',(-0.0943,-0.120263033484331,-0.0185981047153474));
#9264=CARTESIAN_POINT('',(-0.0943,-0.140550441457362,-0.0185981047153474));
#9265=CARTESIAN_POINT('',(-0.142,-0.147147291018123,-0.0295981047153473));
#9266=CARTESIAN_POINT('',(-0.084,-0.151542127185999,0.00810073525436774));
#9267=CARTESIAN_POINT('',(-0.098,-0.151542127185999,0.00810073525436774));
#9268=CARTESIAN_POINT('',(-0.098,-0.143542127185999,0.0013));
#9269=CARTESIAN_POINT('',(-0.098,-0.135542127185999,0.00810073525436773));
#9270=CARTESIAN_POINT('',(-0.098,-0.151542127185999,0.00810073525436775));
#9271=CARTESIAN_POINT('',(-0.084,-0.135542127185999,0.00810073525436773));
#9272=CARTESIAN_POINT('',(-0.098,-0.135542127185999,0.00810073525436774));
#9273=CARTESIAN_POINT('',(-0.098,-0.151542127185999,0.00810073525436775));
#9274=CARTESIAN_POINT('',(-0.098,-0.151542127185999,0.00810073525436774));
#9275=CARTESIAN_POINT('',(-0.098,-0.135542127185999,0.00810073525436773));
#9276=CARTESIAN_POINT('',(-0.098,-0.135542127185999,0.00810073525436773));
#9277=CARTESIAN_POINT('',(-0.084,-0.151542127185999,-0.00550073525436775));
#9278=CARTESIAN_POINT('',(-0.098,-0.151542127185999,-0.00550073525436775));
#9279=CARTESIAN_POINT('',(-0.098,-0.159542127185999,0.0013));
#9280=CARTESIAN_POINT('',(-0.098,-0.151542127185999,-0.00550073525436775));
#9281=CARTESIAN_POINT('',(-0.098,-0.127542127185999,0.0013));
#9282=CARTESIAN_POINT('',(-0.098,-0.135542127185999,-0.00550073525436775));
#9283=CARTESIAN_POINT('',(-0.084,-0.135542127185999,-0.00550073525436774));
#9284=CARTESIAN_POINT('',(-0.098,-0.135542127185999,-0.00550073525436774));
#9285=CARTESIAN_POINT('',(-0.098,-0.151542127185999,-0.00550073525436775));
#9286=CARTESIAN_POINT('',(-0.098,-0.151542127185999,-0.00550073525436775));
#9287=CARTESIAN_POINT('',(-0.098,-0.135542127185999,-0.00550073525436774));
#9288=CARTESIAN_POINT('',(-0.098,-0.135542127185999,-0.00550073525436775));
#9289=CARTESIAN_POINT('',(-0.098,-0.143542127185999,0.0013));
#9290=CARTESIAN_POINT('',(-0.084,-0.135542127185999,0.0581007352543677));
#9291=CARTESIAN_POINT('',(-0.098,-0.135542127185999,0.0581007352543677));
#9292=CARTESIAN_POINT('',(-0.098,-0.127542127185999,0.0513));
#9293=CARTESIAN_POINT('',(-0.098,-0.135542127185999,0.0444992647456322));
#9294=CARTESIAN_POINT('',(-0.098,-0.135542127185999,0.0581007352543677));
#9295=CARTESIAN_POINT('',(-0.084,-0.135542127185999,0.0444992647456322));
#9296=CARTESIAN_POINT('',(-0.098,-0.135542127185999,0.0444992647456322));
#9297=CARTESIAN_POINT('',(-0.098,-0.135542127185999,0.0581007352543677));
#9298=CARTESIAN_POINT('',(-0.098,-0.135542127185999,0.0581007352543677));
#9299=CARTESIAN_POINT('',(-0.098,-0.135542127185999,0.0444992647456322));
#9300=CARTESIAN_POINT('',(-0.098,-0.135542127185999,0.0444992647456322));
#9301=CARTESIAN_POINT('',(-0.084,-0.151542127185999,0.0581007352543678));
#9302=CARTESIAN_POINT('',(-0.098,-0.151542127185999,0.0581007352543677));
#9303=CARTESIAN_POINT('',(-0.098,-0.143542127185999,0.0513));
#9304=CARTESIAN_POINT('',(-0.098,-0.151542127185999,0.0581007352543678));
#9305=CARTESIAN_POINT('',(-0.098,-0.143542127185999,0.0513));
#9306=CARTESIAN_POINT('',(-0.098,-0.151542127185999,0.0444992647456322));
#9307=CARTESIAN_POINT('',(-0.084,-0.151542127185999,0.0444992647456322));
#9308=CARTESIAN_POINT('',(-0.098,-0.151542127185999,0.0444992647456322));
#9309=CARTESIAN_POINT('',(-0.098,-0.151542127185999,0.0581007352543678));
#9310=CARTESIAN_POINT('',(-0.098,-0.151542127185999,0.0581007352543678));
#9311=CARTESIAN_POINT('',(-0.098,-0.151542127185999,0.0444992647456322));
#9312=CARTESIAN_POINT('',(-0.098,-0.151542127185999,0.0444992647456322));
#9313=CARTESIAN_POINT('',(-0.098,-0.159542127185999,0.0513));
#9314=CARTESIAN_POINT('',(2.000000000002E-6,-0.0818869585876751,0.00189442385229136));
#9315=CARTESIAN_POINT('',(0.,-0.0818869585876751,0.00189442385229136));
#9316=CARTESIAN_POINT('',(0.,-0.0818869585876751,-0.00527048121153856));
#9317=CARTESIAN_POINT('',(2.000000000002E-6,-0.0818869585876751,-0.00527048121153856));
#9318=CARTESIAN_POINT('',(2.000000000002E-6,-0.0793869585876751,-0.00527048121153856));
#9319=CARTESIAN_POINT('',(0.,-0.0793869585876751,-0.00527048121153856));
#9320=CARTESIAN_POINT('',(0.,0.,0.));
#9321=CARTESIAN_POINT('',(2.000000000002E-6,-0.0793869585876751,0.0642596672194608));
#9322=CARTESIAN_POINT('',(0.,-0.0793869585876751,0.0642596672194608));
#9323=CARTESIAN_POINT('',(0.,-0.0818869585876751,0.0642596672194608));
#9324=CARTESIAN_POINT('',(2.000000000002E-6,-0.0818869585876751,0.0642596672194608));
#9325=CARTESIAN_POINT('',(2.000000000002E-6,-0.0818869585876751,0.0522344676252018));
#9326=CARTESIAN_POINT('',(0.,-0.0818869585876751,0.0522344676252018));
#9327=CARTESIAN_POINT('',(0.,0.,0.));
#9328=CARTESIAN_POINT('',(0.,-0.335984,0.0366518952846525));
#9329=CARTESIAN_POINT('',(0.,-0.335984,0.0366518952846525));
#9330=CARTESIAN_POINT('',(0.,-0.335984,0.0250948952846526));
#9331=CARTESIAN_POINT('',(0.,-0.335984,0.0366518952846525));
#9332=CARTESIAN_POINT('',(0.,-0.335984,0.0366518952846525));
#9333=CARTESIAN_POINT('',(0.,-0.335984,0.0300948952846525));
#9334=CARTESIAN_POINT('',(-0.048,-0.335984,0.0366518952846525));
#9335=CARTESIAN_POINT('',(-0.048,-0.335984,0.0366518952846525));
#9336=CARTESIAN_POINT('',(-0.048,-0.335984,0.0250948952846526));
#9337=CARTESIAN_POINT('',(0.,-0.335984,0.0366518952846525));
#9338=CARTESIAN_POINT('',(-0.048,-0.335984,0.0366518952846525));
#9339=CARTESIAN_POINT('',(-0.048,-0.335984,0.0300948952846525));
#9340=CARTESIAN_POINT('',(-0.048,-0.3287,0.0366518952846525));
#9341=CARTESIAN_POINT('',(0.,-0.3287,0.0366518952846525));
#9342=CARTESIAN_POINT('',(-0.118292501248971,-0.162122048683923,0.0103));
#9343=CARTESIAN_POINT('',(-0.224350198712273,-0.213849844005034,0.0103));
#9344=CARTESIAN_POINT('',(-0.224350198712273,-0.213849844005034,0.0103));
#9345=MECHANICAL_DESIGN_GEOMETRIC_PRESENTATION_REPRESENTATION('',(#5239),
#9346);
#9346=(
GEOMETRIC_REPRESENTATION_CONTEXT(3)
GLOBAL_UNCERTAINTY_ASSIGNED_CONTEXT((#9347))
GLOBAL_UNIT_ASSIGNED_CONTEXT((#9350,#9349,#9348))
REPRESENTATION_CONTEXT('Front L','TOP_LEVEL_ASSEMBLY_PART')
);
#9347=UNCERTAINTY_MEASURE_WITH_UNIT(LENGTH_MEASURE(2.E-5),#9350,
'DISTANCE_ACCURACY_VALUE','Maximum Tolerance applied to model');
#9348=(
NAMED_UNIT(*)
SI_UNIT($,.STERADIAN.)
SOLID_ANGLE_UNIT()
);
#9349=(
NAMED_UNIT(*)
PLANE_ANGLE_UNIT()
SI_UNIT($,.RADIAN.)
);
#9350=(
LENGTH_UNIT()
NAMED_UNIT(*)
SI_UNIT($,.METRE.)
);
#9351=PRODUCT_DEFINITION_SHAPE('','',#9352);
#9352=PRODUCT_DEFINITION('','',#9354,#9353);
#9353=PRODUCT_DEFINITION_CONTEXT('',#9360,'design');
#9354=PRODUCT_DEFINITION_FORMATION_WITH_SPECIFIED_SOURCE('','',#9356,
 .NOT_KNOWN.);
#9355=PRODUCT_RELATED_PRODUCT_CATEGORY('','',(#9356));
#9356=PRODUCT('Front L','Front L','Front L',(#9358));
#9357=PRODUCT_CATEGORY('','');
#9358=PRODUCT_CONTEXT('',#9360,'mechanical');
#9359=APPLICATION_PROTOCOL_DEFINITION('international standard',
'automotive_design',2010,#9360);
#9360=APPLICATION_CONTEXT(
'core data for automotive mechanical design processes');
ENDSEC;
END-ISO-10303-21;
