ISO-10303-21;
HEADER;
/* Generated by software containing ST-Developer
 * from STEP Tools, Inc. (www.steptools.com) 
 */
/* OPTION: using custom renumber hook */

FILE_DESCRIPTION(
/* description */ ('STEP AP242 Edition 2',
'CAx-IF Rec.Pracs.---Representation and Presentation of Product Manufa
cturing Information (PMI)---4.0---2014-10-13',
'CAx-IF Rec.Pracs.---3D Tessellated Geometry---0.4---2014-09-14','2;1',
'CAx-IF Rec.Pracs.---User Defined Attributes---1.5---2016-08-15'),
/* implementation_level */ '2;1');

FILE_NAME(
/* name */ '6a6e1ac2a29559f8aa0b5b7f',
/* time_stamp */ '2026-08-01T16:11:46Z',
/* author */ (''),
/* organization */ (''),
/* preprocessor_version */ 'ST-DEVELOPER v20',
/* originating_system */ 'ONSHAPE BY PTC INC, 1.218',
/* authorisation */ '  ');

FILE_SCHEMA (('AP242_MANAGED_MODEL_BASED_3D_ENGINEERING_MIM_LF { 1 0 10303 442 3 1 4 }'));
ENDSEC;

DATA;
#10=(
BOUNDED_SURFACE()
B_SPLINE_SURFACE(3,2,((#9942,#9943,#9944),(#9945,#9946,#9947),(#9948,#9949,
#9950),(#9951,#9952,#9953),(#9954,#9955,#9956),(#9957,#9958,#9959),(#9960,
#9961,#9962),(#9963,#9964,#9965),(#9966,#9967,#9968),(#9969,#9970,#9971),
(#9972,#9973,#9974),(#9975,#9976,#9977),(#9978,#9979,#9980),(#9981,#9982,
#9983),(#9984,#9985,#9986),(#9987,#9988,#9989),(#9990,#9991,#9992),(#9993,
#9994,#9995),(#9996,#9997,#9998)),.UNSPECIFIED.,.T.,.F.,.F.)
B_SPLINE_SURFACE_WITH_KNOTS((1,3,1,1,1,1,1,1,1,1,1,1,1,1,1,1,1,3,1),(3,
3),(-0.392699081698725,0.,0.392699081698724,0.785398163397448,1.17809724509617,
1.5707963267949,1.96349540849362,2.35619449019234,2.74889357189107,3.14159265358979,
3.53429173528852,3.92699081698724,4.31968989868597,4.71238898038469,5.10508806208341,
5.49778714378214,5.89048622548086,6.28318530717959,6.67588438887831),(0.,
1.),.UNSPECIFIED.)
GEOMETRIC_REPRESENTATION_ITEM()
RATIONAL_B_SPLINE_SURFACE(((1.,0.851682228244743,1.),(1.,0.851682228244743,
1.),(1.,0.844834672906387,1.),(1.,0.814860676749037,1.),(1.,0.767764868739347,
1.),(1.,0.708068468797588,1.),(1.,0.642601943189578,1.),(1.,0.580962649614617,
1.),(1.,0.535433282796905,1.),(1.,0.5183712097398,1.),(1.,0.535433282796903,
1.),(1.,0.580962649614621,1.),(1.,0.642601943189576,1.),(1.,0.708068468797589,
1.),(1.,0.767764868739347,1.),(1.,0.814860676749037,1.),(1.,0.844834672906387,
1.),(1.,0.851682228244743,1.),(1.,0.851682228244743,1.)))
REPRESENTATION_ITEM('')
SURFACE()
);
#11=(
BOUNDED_SURFACE()
B_SPLINE_SURFACE(3,2,((#9999,#10000,#10001),(#10002,#10003,#10004),(#10005,
#10006,#10007),(#10008,#10009,#10010),(#10011,#10012,#10013),(#10014,#10015,
#10016),(#10017,#10018,#10019),(#10020,#10021,#10022),(#10023,#10024,#10025),
(#10026,#10027,#10028),(#10029,#10030,#10031),(#10032,#10033,#10034),(#10035,
#10036,#10037),(#10038,#10039,#10040),(#10041,#10042,#10043),(#10044,#10045,
#10046),(#10047,#10048,#10049),(#10050,#10051,#10052),(#10053,#10054,#10055)),
 .UNSPECIFIED.,.T.,.F.,.F.)
B_SPLINE_SURFACE_WITH_KNOTS((1,3,1,1,1,1,1,1,1,1,1,1,1,1,1,1,1,3,1),(3,
3),(-0.392699081698725,0.,0.392699081698724,0.785398163397448,1.17809724509617,
1.5707963267949,1.96349540849362,2.35619449019234,2.74889357189107,3.14159265358979,
3.53429173528852,3.92699081698724,4.31968989868597,4.71238898038469,5.10508806208341,
5.49778714378214,5.89048622548086,6.28318530717959,6.67588438887831),(0.,
1.),.UNSPECIFIED.)
GEOMETRIC_REPRESENTATION_ITEM()
RATIONAL_B_SPLINE_SURFACE(((1.,0.851682228244744,1.),(1.,0.851682228244744,
1.),(1.,0.844834672906388,1.),(1.,0.814860676749036,1.),(1.,0.767764868739348,
1.),(1.,0.708068468797587,1.),(1.,0.642601943189581,1.),(1.,0.580962649614614,
1.),(1.,0.535433282796905,1.),(1.,0.5183712097398,1.),(1.,0.535433282796903,
1.),(1.,0.58096264961462,1.),(1.,0.642601943189577,1.),(1.,0.708068468797588,
1.),(1.,0.767764868739348,1.),(1.,0.814860676749033,1.),(1.,0.844834672906389,
1.),(1.,0.851682228244744,1.),(1.,0.851682228244744,1.)))
REPRESENTATION_ITEM('')
SURFACE()
);
#12=(
BOUNDED_SURFACE()
B_SPLINE_SURFACE(3,2,((#10056,#10057,#10058),(#10059,#10060,#10061),(#10062,
#10063,#10064),(#10065,#10066,#10067),(#10068,#10069,#10070),(#10071,#10072,
#10073),(#10074,#10075,#10076),(#10077,#10078,#10079),(#10080,#10081,#10082),
(#10083,#10084,#10085),(#10086,#10087,#10088),(#10089,#10090,#10091),(#10092,
#10093,#10094),(#10095,#10096,#10097),(#10098,#10099,#10100),(#10101,#10102,
#10103),(#10104,#10105,#10106),(#10107,#10108,#10109),(#10110,#10111,#10112)),
 .UNSPECIFIED.,.T.,.F.,.F.)
B_SPLINE_SURFACE_WITH_KNOTS((1,3,1,1,1,1,1,1,1,1,1,1,1,1,1,1,1,3,1),(3,
3),(-0.392699081698725,0.,0.392699081698724,0.785398163397448,1.17809724509617,
1.5707963267949,1.96349540849362,2.35619449019234,2.74889357189107,3.14159265358979,
3.53429173528852,3.92699081698724,4.31968989868597,4.71238898038469,5.10508806208341,
5.49778714378214,5.89048622548086,6.28318530717959,6.67588438887831),(0.,
1.),.UNSPECIFIED.)
GEOMETRIC_REPRESENTATION_ITEM()
RATIONAL_B_SPLINE_SURFACE(((1.,0.851682228244744,1.),(1.,0.851682228244744,
1.),(1.,0.844834672906388,1.),(1.,0.814860676749036,1.),(1.,0.767764868739348,
1.),(1.,0.708068468797587,1.),(1.,0.642601943189581,1.),(1.,0.580962649614614,
1.),(1.,0.535433282796905,1.),(1.,0.5183712097398,1.),(1.,0.535433282796903,
1.),(1.,0.58096264961462,1.),(1.,0.642601943189577,1.),(1.,0.708068468797588,
1.),(1.,0.767764868739348,1.),(1.,0.814860676749033,1.),(1.,0.844834672906389,
1.),(1.,0.851682228244744,1.),(1.,0.851682228244744,1.)))
REPRESENTATION_ITEM('')
SURFACE()
);
#13=(
BOUNDED_SURFACE()
B_SPLINE_SURFACE(3,2,((#10113,#10114,#10115),(#10116,#10117,#10118),(#10119,
#10120,#10121),(#10122,#10123,#10124),(#10125,#10126,#10127),(#10128,#10129,
#10130),(#10131,#10132,#10133),(#10134,#10135,#10136),(#10137,#10138,#10139),
(#10140,#10141,#10142),(#10143,#10144,#10145),(#10146,#10147,#10148),(#10149,
#10150,#10151),(#10152,#10153,#10154),(#10155,#10156,#10157),(#10158,#10159,
#10160),(#10161,#10162,#10163),(#10164,#10165,#10166),(#10167,#10168,#10169)),
 .UNSPECIFIED.,.T.,.F.,.F.)
B_SPLINE_SURFACE_WITH_KNOTS((1,3,1,1,1,1,1,1,1,1,1,1,1,1,1,1,1,3,1),(3,
3),(-0.392699081698725,0.,0.392699081698724,0.785398163397448,1.17809724509617,
1.5707963267949,1.96349540849362,2.35619449019234,2.74889357189107,3.14159265358979,
3.53429173528852,3.92699081698724,4.31968989868597,4.71238898038469,5.10508806208341,
5.49778714378214,5.89048622548086,6.28318530717959,6.67588438887831),(0.,
1.),.UNSPECIFIED.)
GEOMETRIC_REPRESENTATION_ITEM()
RATIONAL_B_SPLINE_SURFACE(((1.,0.851682228244743,1.),(1.,0.851682228244743,
1.),(1.,0.844834672906387,1.),(1.,0.814860676749037,1.),(1.,0.767764868739347,
1.),(1.,0.708068468797588,1.),(1.,0.642601943189578,1.),(1.,0.580962649614617,
1.),(1.,0.535433282796905,1.),(1.,0.5183712097398,1.),(1.,0.535433282796903,
1.),(1.,0.580962649614621,1.),(1.,0.642601943189576,1.),(1.,0.708068468797589,
1.),(1.,0.767764868739347,1.),(1.,0.814860676749037,1.),(1.,0.844834672906387,
1.),(1.,0.851682228244743,1.),(1.,0.851682228244743,1.)))
REPRESENTATION_ITEM('')
SURFACE()
);
#14=(
BOUNDED_SURFACE()
B_SPLINE_SURFACE(3,2,((#10170,#10171,#10172),(#10173,#10174,#10175),(#10176,
#10177,#10178),(#10179,#10180,#10181),(#10182,#10183,#10184),(#10185,#10186,
#10187),(#10188,#10189,#10190)),.UNSPECIFIED.,.F.,.F.,.F.)
B_SPLINE_SURFACE_WITH_KNOTS((4,1,1,1,4),(3,3),(3.14159265358979,3.53429173528852,
3.92699081698724,4.31968989868597,4.71238898038469),(0.,1.),
 .UNSPECIFIED.)
GEOMETRIC_REPRESENTATION_ITEM()
RATIONAL_B_SPLINE_SURFACE(((1.,0.851682228244743,1.),(1.,0.851682228243581,
1.),(1.,0.844834705400099,1.),(1.,0.814860563022792,1.),(1.,0.767765291150614,
1.),(1.,0.727966358969386,1.),(1.,0.707106781186546,1.)))
REPRESENTATION_ITEM('')
SURFACE()
);
#15=(
BOUNDED_SURFACE()
B_SPLINE_SURFACE(3,2,((#10199,#10200,#10201),(#10202,#10203,#10204),(#10205,
#10206,#10207),(#10208,#10209,#10210),(#10211,#10212,#10213),(#10214,#10215,
#10216),(#10217,#10218,#10219)),.UNSPECIFIED.,.F.,.F.,.F.)
B_SPLINE_SURFACE_WITH_KNOTS((4,1,1,1,4),(3,3),(4.71238898038469,5.10508806208341,
5.49778714378214,5.89048622548086,6.28318530717959),(0.,1.),
 .UNSPECIFIED.)
GEOMETRIC_REPRESENTATION_ITEM()
RATIONAL_B_SPLINE_SURFACE(((1.,0.707106781186548,1.),(1.,0.727966358967304,
1.),(1.,0.767765291151579,1.),(1.,0.814860563022533,1.),(1.,0.844834705400172,
1.),(1.,0.851682228243581,1.),(1.,0.851682228244743,1.)))
REPRESENTATION_ITEM('')
SURFACE()
);
#16=(
BOUNDED_SURFACE()
B_SPLINE_SURFACE(3,2,((#10221,#10222,#10223),(#10224,#10225,#10226),(#10227,
#10228,#10229),(#10230,#10231,#10232),(#10233,#10234,#10235),(#10236,#10237,
#10238),(#10239,#10240,#10241),(#10242,#10243,#10244),(#10245,#10246,#10247),
(#10248,#10249,#10250),(#10251,#10252,#10253),(#10254,#10255,#10256),(#10257,
#10258,#10259),(#10260,#10261,#10262),(#10263,#10264,#10265),(#10266,#10267,
#10268),(#10269,#10270,#10271),(#10272,#10273,#10274),(#10275,#10276,#10277)),
 .UNSPECIFIED.,.F.,.F.,.F.)
B_SPLINE_SURFACE_WITH_KNOTS((4,1,1,1,1,1,1,1,1,1,1,1,1,1,1,1,4),(3,3),(3.5369569733616,
3.88023551508885,4.2235140568161,4.56679259854334,4.91007114027059,5.25334968199784,
5.59662822372509,5.93990676545234,6.28318530717958,6.62646384890683,6.96974239063408,
7.31302093236133,7.65629947408858,7.99957801581582,8.34285655754307,8.68613509927032,
9.02941364099757),(0.,1.),.UNSPECIFIED.)
GEOMETRIC_REPRESENTATION_ITEM()
RATIONAL_B_SPLINE_SURFACE(((1.,0.841413877914745,1.),(1.,0.835511986225682,
1.),(1.,0.818700874165758,1.),(1.,0.78012109245749,1.),(1.,0.730949355946705,
1.),(1.,0.675243779699432,1.),(1.,0.618584033449218,1.),(1.,0.568229059899158,
1.),(1.,0.532692514462672,1.),(1.,0.519741593906915,1.),(1.,0.532692514462679,
1.),(1.,0.56822905989915,1.),(1.,0.618584033449223,1.),(1.,0.67524377969943,
1.),(1.,0.730949355946709,1.),(1.,0.78012109245747,1.),(1.,0.818700874165822,
1.),(1.,0.835511986225544,1.),(1.,0.841413877914744,1.)))
REPRESENTATION_ITEM('')
SURFACE()
);
#17=(
BOUNDED_SURFACE()
B_SPLINE_SURFACE(3,2,((#10282,#10283,#10284),(#10285,#10286,#10287),(#10288,
#10289,#10290),(#10291,#10292,#10293),(#10294,#10295,#10296),(#10297,#10298,
#10299),(#10300,#10301,#10302)),.UNSPECIFIED.,.F.,.F.,.F.)
B_SPLINE_SURFACE_WITH_KNOTS((4,1,1,1,4),(3,3),(1.5707963267949,1.96349540849362,
2.35619449019234,2.74889357189107,3.14159265358979),(0.,1.),
 .UNSPECIFIED.)
GEOMETRIC_REPRESENTATION_ITEM()
RATIONAL_B_SPLINE_SURFACE(((1.,0.707106781186551,1.),(1.,0.727966358967088,
1.),(1.,0.767765291151642,1.),(1.,0.814860563022653,1.),(1.,0.844834705399639,
1.),(1.,0.851682228244743,1.),(1.,0.851682228244743,1.)))
REPRESENTATION_ITEM('')
SURFACE()
);
#18=(
BOUNDED_SURFACE()
B_SPLINE_SURFACE(3,2,((#10311,#10312,#10313),(#10314,#10315,#10316),(#10317,
#10318,#10319),(#10320,#10321,#10322),(#10323,#10324,#10325),(#10326,#10327,
#10328),(#10329,#10330,#10331)),.UNSPECIFIED.,.F.,.F.,.F.)
B_SPLINE_SURFACE_WITH_KNOTS((4,1,1,1,4),(3,3),(0.,0.392699081698724,0.785398163397448,
1.17809724509617,1.5707963267949),(0.,1.),.UNSPECIFIED.)
GEOMETRIC_REPRESENTATION_ITEM()
RATIONAL_B_SPLINE_SURFACE(((1.,0.851682228244743,1.),(1.,0.851682228244743,
1.),(1.,0.844834705399632,1.),(1.,0.814860563022683,1.),(1.,0.767765291151522,
1.),(1.,0.727966358967349,1.),(1.,0.707106781186551,1.)))
REPRESENTATION_ITEM('')
SURFACE()
);
#19=(
BOUNDED_SURFACE()
B_SPLINE_SURFACE(3,2,((#10333,#10334,#10335),(#10336,#10337,#10338),(#10339,
#10340,#10341),(#10342,#10343,#10344),(#10345,#10346,#10347),(#10348,#10349,
#10350),(#10351,#10352,#10353),(#10354,#10355,#10356),(#10357,#10358,#10359),
(#10360,#10361,#10362),(#10363,#10364,#10365),(#10366,#10367,#10368),(#10369,
#10370,#10371),(#10372,#10373,#10374),(#10375,#10376,#10377),(#10378,#10379,
#10380),(#10381,#10382,#10383),(#10384,#10385,#10386),(#10387,#10388,#10389)),
 .UNSPECIFIED.,.F.,.F.,.F.)
B_SPLINE_SURFACE_WITH_KNOTS((4,1,1,1,1,1,1,1,1,1,1,1,1,1,1,1,4),(3,3),(3.5369569733616,
3.88023551508885,4.2235140568161,4.56679259854335,4.91007114027059,5.25334968199784,
5.59662822372509,5.93990676545234,6.28318530717959,6.62646384890683,6.96974239063408,
7.31302093236133,7.65629947408858,7.99957801581583,8.34285655754307,8.68613509927032,
9.02941364099757),(0.,1.),.UNSPECIFIED.)
GEOMETRIC_REPRESENTATION_ITEM()
RATIONAL_B_SPLINE_SURFACE(((1.,0.841413877914744,1.),(1.,0.835511986225917,
1.),(1.,0.818700874165651,1.),(1.,0.780121092457519,1.),(1.,0.730949355946699,
1.),(1.,0.675243779699435,1.),(1.,0.618584033449216,1.),(1.,0.568229059899158,
1.),(1.,0.53269251446268,1.),(1.,0.519741593906916,1.),(1.,0.532692514462666,
1.),(1.,0.568229059899155,1.),(1.,0.618584033449253,1.),(1.,0.6752437796993,
1.),(1.,0.730949355947196,1.),(1.,0.780121092455659,1.),(1.,0.818700874172587,
1.),(1.,0.835511986210961,1.),(1.,0.841413877914745,1.)))
REPRESENTATION_ITEM('')
SURFACE()
);
#20=(
BOUNDED_SURFACE()
B_SPLINE_SURFACE(3,2,((#10394,#10395,#10396),(#10397,#10398,#10399),(#10400,
#10401,#10402),(#10403,#10404,#10405),(#10406,#10407,#10408),(#10409,#10410,
#10411),(#10412,#10413,#10414)),.UNSPECIFIED.,.F.,.F.,.F.)
B_SPLINE_SURFACE_WITH_KNOTS((4,1,1,1,4),(3,3),(1.5707963267949,1.96349540849362,
2.35619449019234,2.74889357189107,3.14159265358979),(0.,1.),
 .UNSPECIFIED.)
GEOMETRIC_REPRESENTATION_ITEM()
RATIONAL_B_SPLINE_SURFACE(((1.,0.707106781186551,1.),(1.,0.727966358967088,
1.),(1.,0.767765291151642,1.),(1.,0.814860563022653,1.),(1.,0.844834705399639,
1.),(1.,0.851682228244743,1.),(1.,0.851682228244743,1.)))
REPRESENTATION_ITEM('')
SURFACE()
);
#21=(
BOUNDED_SURFACE()
B_SPLINE_SURFACE(3,2,((#10423,#10424,#10425),(#10426,#10427,#10428),(#10429,
#10430,#10431),(#10432,#10433,#10434),(#10435,#10436,#10437),(#10438,#10439,
#10440),(#10441,#10442,#10443)),.UNSPECIFIED.,.F.,.F.,.F.)
B_SPLINE_SURFACE_WITH_KNOTS((4,1,1,1,4),(3,3),(0.,0.392699081698724,0.785398163397448,
1.17809724509617,1.5707963267949),(0.,1.),.UNSPECIFIED.)
GEOMETRIC_REPRESENTATION_ITEM()
RATIONAL_B_SPLINE_SURFACE(((1.,0.851682228244743,1.),(1.,0.851682228244743,
1.),(1.,0.844834705399632,1.),(1.,0.814860563022683,1.),(1.,0.767765291151522,
1.),(1.,0.727966358967349,1.),(1.,0.707106781186551,1.)))
REPRESENTATION_ITEM('')
SURFACE()
);
#22=(
BOUNDED_SURFACE()
B_SPLINE_SURFACE(3,2,((#10445,#10446,#10447),(#10448,#10449,#10450),(#10451,
#10452,#10453),(#10454,#10455,#10456),(#10457,#10458,#10459),(#10460,#10461,
#10462),(#10463,#10464,#10465),(#10466,#10467,#10468),(#10469,#10470,#10471),
(#10472,#10473,#10474),(#10475,#10476,#10477),(#10478,#10479,#10480),(#10481,
#10482,#10483),(#10484,#10485,#10486),(#10487,#10488,#10489),(#10490,#10491,
#10492),(#10493,#10494,#10495),(#10496,#10497,#10498),(#10499,#10500,#10501)),
 .UNSPECIFIED.,.F.,.F.,.F.)
B_SPLINE_SURFACE_WITH_KNOTS((4,1,1,1,1,1,1,1,1,1,1,1,1,1,1,1,4),(3,3),(3.5369569733616,
3.88023551508885,4.2235140568161,4.56679259854335,4.91007114027059,5.25334968199784,
5.59662822372509,5.93990676545234,6.28318530717959,6.62646384890683,6.96974239063408,
7.31302093236133,7.65629947408858,7.99957801581583,8.34285655754307,8.68613509927032,
9.02941364099757),(0.,1.),.UNSPECIFIED.)
GEOMETRIC_REPRESENTATION_ITEM()
RATIONAL_B_SPLINE_SURFACE(((1.,0.841413877914744,1.),(1.,0.835511986225917,
1.),(1.,0.818700874165651,1.),(1.,0.780121092457519,1.),(1.,0.730949355946699,
1.),(1.,0.675243779699435,1.),(1.,0.618584033449216,1.),(1.,0.568229059899158,
1.),(1.,0.53269251446268,1.),(1.,0.519741593906916,1.),(1.,0.532692514462666,
1.),(1.,0.568229059899155,1.),(1.,0.618584033449253,1.),(1.,0.6752437796993,
1.),(1.,0.730949355947196,1.),(1.,0.780121092455659,1.),(1.,0.818700874172587,
1.),(1.,0.835511986210961,1.),(1.,0.841413877914745,1.)))
REPRESENTATION_ITEM('')
SURFACE()
);
#23=(
BOUNDED_SURFACE()
B_SPLINE_SURFACE(3,2,((#10506,#10507,#10508),(#10509,#10510,#10511),(#10512,
#10513,#10514),(#10515,#10516,#10517),(#10518,#10519,#10520),(#10521,#10522,
#10523),(#10524,#10525,#10526)),.UNSPECIFIED.,.F.,.F.,.F.)
B_SPLINE_SURFACE_WITH_KNOTS((4,1,1,1,4),(3,3),(3.14159265358979,3.53429173528852,
3.92699081698724,4.31968989868597,4.71238898038469),(0.,1.),
 .UNSPECIFIED.)
GEOMETRIC_REPRESENTATION_ITEM()
RATIONAL_B_SPLINE_SURFACE(((1.,0.851682228244743,1.),(1.,0.851682228243581,
1.),(1.,0.844834705400099,1.),(1.,0.814860563022792,1.),(1.,0.767765291150614,
1.),(1.,0.727966358969386,1.),(1.,0.707106781186546,1.)))
REPRESENTATION_ITEM('')
SURFACE()
);
#24=(
BOUNDED_SURFACE()
B_SPLINE_SURFACE(3,2,((#10535,#10536,#10537),(#10538,#10539,#10540),(#10541,
#10542,#10543),(#10544,#10545,#10546),(#10547,#10548,#10549),(#10550,#10551,
#10552),(#10553,#10554,#10555)),.UNSPECIFIED.,.F.,.F.,.F.)
B_SPLINE_SURFACE_WITH_KNOTS((4,1,1,1,4),(3,3),(4.71238898038469,5.10508806208341,
5.49778714378214,5.89048622548086,6.28318530717959),(0.,1.),
 .UNSPECIFIED.)
GEOMETRIC_REPRESENTATION_ITEM()
RATIONAL_B_SPLINE_SURFACE(((1.,0.707106781186548,1.),(1.,0.727966358967304,
1.),(1.,0.767765291151579,1.),(1.,0.814860563022533,1.),(1.,0.844834705400172,
1.),(1.,0.851682228243581,1.),(1.,0.851682228244743,1.)))
REPRESENTATION_ITEM('')
SURFACE()
);
#25=(
BOUNDED_SURFACE()
B_SPLINE_SURFACE(3,2,((#10557,#10558,#10559),(#10560,#10561,#10562),(#10563,
#10564,#10565),(#10566,#10567,#10568),(#10569,#10570,#10571),(#10572,#10573,
#10574),(#10575,#10576,#10577),(#10578,#10579,#10580),(#10581,#10582,#10583),
(#10584,#10585,#10586),(#10587,#10588,#10589),(#10590,#10591,#10592),(#10593,
#10594,#10595),(#10596,#10597,#10598),(#10599,#10600,#10601),(#10602,#10603,
#10604),(#10605,#10606,#10607),(#10608,#10609,#10610),(#10611,#10612,#10613)),
 .UNSPECIFIED.,.F.,.F.,.F.)
B_SPLINE_SURFACE_WITH_KNOTS((4,1,1,1,1,1,1,1,1,1,1,1,1,1,1,1,4),(3,3),(3.5369569733616,
3.88023551508885,4.2235140568161,4.56679259854334,4.91007114027059,5.25334968199784,
5.59662822372509,5.93990676545234,6.28318530717958,6.62646384890683,6.96974239063408,
7.31302093236133,7.65629947408858,7.99957801581582,8.34285655754307,8.68613509927032,
9.02941364099757),(0.,1.),.UNSPECIFIED.)
GEOMETRIC_REPRESENTATION_ITEM()
RATIONAL_B_SPLINE_SURFACE(((1.,0.841413877914745,1.),(1.,0.835511986225682,
1.),(1.,0.818700874165758,1.),(1.,0.78012109245749,1.),(1.,0.730949355946705,
1.),(1.,0.675243779699432,1.),(1.,0.618584033449218,1.),(1.,0.568229059899158,
1.),(1.,0.532692514462672,1.),(1.,0.519741593906915,1.),(1.,0.532692514462679,
1.),(1.,0.56822905989915,1.),(1.,0.618584033449223,1.),(1.,0.67524377969943,
1.),(1.,0.730949355946709,1.),(1.,0.78012109245747,1.),(1.,0.818700874165822,
1.),(1.,0.835511986225544,1.),(1.,0.841413877914744,1.)))
REPRESENTATION_ITEM('')
SURFACE()
);
#26=(
BOUNDED_SURFACE()
B_SPLINE_SURFACE(3,2,((#10626,#10627,#10628),(#10629,#10630,#10631),(#10632,
#10633,#10634),(#10635,#10636,#10637),(#10638,#10639,#10640)),
 .UNSPECIFIED.,.F.,.F.,.F.)
B_SPLINE_SURFACE_WITH_KNOTS((4,1,4),(3,3),(-2.43945488809238E-17,0.00218957776152834,
0.0043791555230567),(0.,1.),.UNSPECIFIED.)
GEOMETRIC_REPRESENTATION_ITEM()
RATIONAL_B_SPLINE_SURFACE(((1.,0.707106781186559,1.),(1.,0.766639524663492,
1.),(1.,0.917378207577361,1.),(1.,0.999999999998055,1.),(1.,1.,1.)))
REPRESENTATION_ITEM('')
SURFACE()
);
#27=(
BOUNDED_SURFACE()
B_SPLINE_SURFACE(3,2,((#10644,#10645,#10646),(#10647,#10648,#10649),(#10650,
#10651,#10652),(#10653,#10654,#10655),(#10656,#10657,#10658)),
 .UNSPECIFIED.,.F.,.F.,.F.)
B_SPLINE_SURFACE_WITH_KNOTS((4,1,4),(3,3),(-2.42861286636753E-17,0.00218957776152828,
0.00437915552305658),(0.,1.),.UNSPECIFIED.)
GEOMETRIC_REPRESENTATION_ITEM()
RATIONAL_B_SPLINE_SURFACE(((1.,0.707106781186559,1.),(1.,0.766639524672565,
1.),(1.,0.917378207572824,1.),(1.,0.999999999998055,1.),(1.,1.,1.)))
REPRESENTATION_ITEM('')
SURFACE()
);
#28=(
BOUNDED_SURFACE()
B_SPLINE_SURFACE(3,2,((#10659,#10660,#10661),(#10662,#10663,#10664),(#10665,
#10666,#10667),(#10668,#10669,#10670),(#10671,#10672,#10673)),
 .UNSPECIFIED.,.F.,.F.,.F.)
B_SPLINE_SURFACE_WITH_KNOTS((4,1,4),(3,3),(-7.54604712049911E-17,0.0021895777615282,
0.00437915552305648),(0.,1.),.UNSPECIFIED.)
GEOMETRIC_REPRESENTATION_ITEM()
RATIONAL_B_SPLINE_SURFACE(((1.,0.707106781186568,1.),(1.,0.766639524690355,
1.),(1.,0.917378207563864,1.),(1.,0.999999999998217,1.),(1.,1.,1.)))
REPRESENTATION_ITEM('')
SURFACE()
);
#29=(
BOUNDED_SURFACE()
B_SPLINE_SURFACE(3,2,((#10677,#10678,#10679),(#10680,#10681,#10682),(#10683,
#10684,#10685),(#10686,#10687,#10688),(#10689,#10690,#10691)),
 .UNSPECIFIED.,.F.,.F.,.F.)
B_SPLINE_SURFACE_WITH_KNOTS((4,1,4),(3,3),(-2.3635607360184E-17,0.00218957776152827,
0.00437915552305657),(0.,1.),.UNSPECIFIED.)
GEOMETRIC_REPRESENTATION_ITEM()
RATIONAL_B_SPLINE_SURFACE(((1.,0.707106781186556,1.),(1.,0.766639524690508,
1.),(1.,0.917378207563842,1.),(1.,0.999999999998055,1.),(1.,1.,1.)))
REPRESENTATION_ITEM('')
SURFACE()
);
#30=(
BOUNDED_SURFACE()
B_SPLINE_SURFACE(3,2,((#10692,#10693,#10694),(#10695,#10696,#10697),(#10698,
#10699,#10700),(#10701,#10702,#10703),(#10704,#10705,#10706)),
 .UNSPECIFIED.,.F.,.F.,.F.)
B_SPLINE_SURFACE_WITH_KNOTS((4,1,4),(3,3),(-7.54604712049911E-17,0.0021895777615282,
0.00437915552305648),(0.,1.),.UNSPECIFIED.)
GEOMETRIC_REPRESENTATION_ITEM()
RATIONAL_B_SPLINE_SURFACE(((1.,0.707106781186568,1.),(1.,0.766639524690355,
1.),(1.,0.917378207563864,1.),(1.,0.999999999998217,1.),(1.,1.,1.)))
REPRESENTATION_ITEM('')
SURFACE()
);
#31=(
BOUNDED_SURFACE()
B_SPLINE_SURFACE(3,2,((#10710,#10711,#10712),(#10713,#10714,#10715),(#10716,
#10717,#10718),(#10719,#10720,#10721),(#10722,#10723,#10724)),
 .UNSPECIFIED.,.F.,.F.,.F.)
B_SPLINE_SURFACE_WITH_KNOTS((4,1,4),(3,3),(-2.3635607360184E-17,0.00218957776152827,
0.00437915552305657),(0.,1.),.UNSPECIFIED.)
GEOMETRIC_REPRESENTATION_ITEM()
RATIONAL_B_SPLINE_SURFACE(((1.,0.707106781186556,1.),(1.,0.766639524690508,
1.),(1.,0.917378207563842,1.),(1.,0.999999999998055,1.),(1.,1.,1.)))
REPRESENTATION_ITEM('')
SURFACE()
);
#32=(
BOUNDED_SURFACE()
B_SPLINE_SURFACE(3,2,((#10725,#10726,#10727),(#10728,#10729,#10730),(#10731,
#10732,#10733),(#10734,#10735,#10736),(#10737,#10738,#10739)),
 .UNSPECIFIED.,.F.,.F.,.F.)
B_SPLINE_SURFACE_WITH_KNOTS((4,1,4),(3,3),(-2.73218947466347E-17,0.00218957776152833,
0.0043791555230567),(0.,1.),.UNSPECIFIED.)
GEOMETRIC_REPRESENTATION_ITEM()
RATIONAL_B_SPLINE_SURFACE(((1.,0.707106781186559,1.),(1.,0.766639524663492,
1.),(1.,0.91737820757736,1.),(1.,0.999999999998055,1.),(1.,1.,1.)))
REPRESENTATION_ITEM('')
SURFACE()
);
#33=(
BOUNDED_SURFACE()
B_SPLINE_SURFACE(3,2,((#10743,#10744,#10745),(#10746,#10747,#10748),(#10749,
#10750,#10751),(#10752,#10753,#10754),(#10755,#10756,#10757)),
 .UNSPECIFIED.,.F.,.F.,.F.)
B_SPLINE_SURFACE_WITH_KNOTS((4,1,4),(3,3),(-2.40692882291782E-17,0.00218957776152829,
0.0043791555230566),(0.,1.),.UNSPECIFIED.)
GEOMETRIC_REPRESENTATION_ITEM()
RATIONAL_B_SPLINE_SURFACE(((1.,0.707106781186559,1.),(1.,0.766639524672566,
1.),(1.,0.917378207572823,1.),(1.,0.999999999998055,1.),(1.,1.,1.)))
REPRESENTATION_ITEM('')
SURFACE()
);
#34=TOROIDAL_SURFACE('',#5904,0.008,0.004);
#35=TOROIDAL_SURFACE('',#5907,0.02835,0.004);
#36=TOROIDAL_SURFACE('',#5910,0.008,0.004);
#37=TOROIDAL_SURFACE('',#5918,0.03035,0.004);
#38=TOROIDAL_SURFACE('',#5930,0.005,0.001);
#39=TOROIDAL_SURFACE('',#5934,0.005,0.001);
#40=TOROIDAL_SURFACE('',#6045,0.008,0.004);
#41=TOROIDAL_SURFACE('',#6048,0.02835,0.004);
#42=TOROIDAL_SURFACE('',#6051,0.008,0.004);
#43=TOROIDAL_SURFACE('',#6059,0.03035,0.004);
#44=TOROIDAL_SURFACE('',#6071,0.005,0.001);
#45=TOROIDAL_SURFACE('',#6075,0.005,0.001);
#46=TOROIDAL_SURFACE('',#6175,0.005,0.001);
#47=TOROIDAL_SURFACE('',#6182,0.005,0.001);
#48=TOROIDAL_SURFACE('',#6197,0.03035,0.004);
#49=TOROIDAL_SURFACE('',#6210,0.008,0.004);
#50=TOROIDAL_SURFACE('',#6215,0.02835,0.004);
#51=TOROIDAL_SURFACE('',#6218,0.008,0.004);
#52=TOROIDAL_SURFACE('',#6316,0.005,0.001);
#53=TOROIDAL_SURFACE('',#6323,0.005,0.001);
#54=TOROIDAL_SURFACE('',#6338,0.03035,0.004);
#55=TOROIDAL_SURFACE('',#6351,0.008,0.004);
#56=TOROIDAL_SURFACE('',#6356,0.02835,0.004);
#57=TOROIDAL_SURFACE('',#6359,0.008,0.004);
#58=TOROIDAL_SURFACE('',#6509,0.02735,0.001);
#59=TOROIDAL_SURFACE('',#6512,0.02735,0.001);
#60=TOROIDAL_SURFACE('',#6515,0.02735,0.001);
#61=TOROIDAL_SURFACE('',#6518,0.02735,0.001);
#62=SPHERICAL_SURFACE('',#5886,0.004);
#63=SPHERICAL_SURFACE('',#5911,0.004);
#64=SPHERICAL_SURFACE('',#5923,0.004);
#65=SPHERICAL_SURFACE('',#5925,0.004);
#66=SPHERICAL_SURFACE('',#6027,0.004);
#67=SPHERICAL_SURFACE('',#6052,0.004);
#68=SPHERICAL_SURFACE('',#6064,0.004);
#69=SPHERICAL_SURFACE('',#6066,0.004);
#70=SPHERICAL_SURFACE('',#6190,0.004);
#71=SPHERICAL_SURFACE('',#6193,0.004);
#72=SPHERICAL_SURFACE('',#6207,0.004);
#73=SPHERICAL_SURFACE('',#6232,0.004);
#74=SPHERICAL_SURFACE('',#6331,0.004);
#75=SPHERICAL_SURFACE('',#6334,0.004);
#76=SPHERICAL_SURFACE('',#6348,0.004);
#77=SPHERICAL_SURFACE('',#6373,0.004);
#78=SPHERICAL_SURFACE('',#6456,0.004);
#79=SPHERICAL_SURFACE('',#6462,0.004);
#80=SPHERICAL_SURFACE('',#6469,0.004);
#81=SPHERICAL_SURFACE('',#6475,0.004);
#82=SPHERICAL_SURFACE('',#6482,0.004);
#83=SPHERICAL_SURFACE('',#6488,0.004);
#84=SPHERICAL_SURFACE('',#6495,0.004);
#85=SPHERICAL_SURFACE('',#6501,0.004);
#86=B_SPLINE_CURVE_WITH_KNOTS('',3,(#8473,#8474,#8475,#8476,#8477),
 .UNSPECIFIED.,.F.,.F.,(4,1,4),(0.,0.00212879970191417,0.00425759940382834),
 .UNSPECIFIED.);
#87=B_SPLINE_CURVE_WITH_KNOTS('',3,(#8481,#8482,#8483,#8484,#8485),
 .UNSPECIFIED.,.F.,.F.,(4,1,4),(0.,0.00212879970191418,0.00425759940382836),
 .UNSPECIFIED.);
#88=B_SPLINE_CURVE_WITH_KNOTS('',3,(#8625,#8626,#8627,#8628),
 .UNSPECIFIED.,.F.,.F.,(4,4),(-1.48908739051412E-5,0.00484297086266596),
 .UNSPECIFIED.);
#89=B_SPLINE_CURVE_WITH_KNOTS('',3,(#8634,#8635,#8636,#8637),
 .UNSPECIFIED.,.F.,.F.,(4,4),(-1.48908739048581E-5,0.00484297086266548),
 .UNSPECIFIED.);
#90=B_SPLINE_CURVE_WITH_KNOTS('',3,(#8658,#8659,#8660,#8661,#8662,#8663),
 .UNSPECIFIED.,.F.,.F.,(4,1,1,4),(0.,0.00100119135565619,0.00200238271131237,
0.00400476542262475),.UNSPECIFIED.);
#91=B_SPLINE_CURVE_WITH_KNOTS('',3,(#8668,#8669,#8670,#8671,#8672,#8673),
 .UNSPECIFIED.,.F.,.F.,(4,1,1,4),(0.,0.00100119135565617,0.00200238271131235,
0.0040047654226247),.UNSPECIFIED.);
#92=B_SPLINE_CURVE_WITH_KNOTS('',3,(#8807,#8808,#8809,#8810,#8811),
 .UNSPECIFIED.,.F.,.F.,(4,1,4),(0.,0.00212879970191419,0.00425759940382839),
 .UNSPECIFIED.);
#93=B_SPLINE_CURVE_WITH_KNOTS('',3,(#8815,#8816,#8817,#8818,#8819),
 .UNSPECIFIED.,.F.,.F.,(4,1,4),(0.,0.00212879970191417,0.00425759940382834),
 .UNSPECIFIED.);
#94=B_SPLINE_CURVE_WITH_KNOTS('',3,(#8959,#8960,#8961,#8962),
 .UNSPECIFIED.,.F.,.F.,(4,4),(-1.4890873905395E-5,0.00484297086266575),
 .UNSPECIFIED.);
#95=B_SPLINE_CURVE_WITH_KNOTS('',3,(#8968,#8969,#8970,#8971),
 .UNSPECIFIED.,.F.,.F.,(4,4),(-1.48908739051537E-5,0.00484297086266549),
 .UNSPECIFIED.);
#96=B_SPLINE_CURVE_WITH_KNOTS('',3,(#8992,#8993,#8994,#8995,#8996,#8997),
 .UNSPECIFIED.,.F.,.F.,(4,1,1,4),(0.,0.00100119135565619,0.00200238271131237,
0.00400476542262474),.UNSPECIFIED.);
#97=B_SPLINE_CURVE_WITH_KNOTS('',3,(#9002,#9003,#9004,#9005,#9006,#9007),
 .UNSPECIFIED.,.F.,.F.,(4,1,1,4),(0.,0.00100119135565618,0.00200238271131236,
0.00400476542262472),.UNSPECIFIED.);
#98=B_SPLINE_CURVE_WITH_KNOTS('',3,(#9371,#9372,#9373,#9374,#9375,#9376),
 .UNSPECIFIED.,.F.,.F.,(4,1,1,4),(0.,0.00100119135565617,0.00200238271131235,
0.0040047654226247),.UNSPECIFIED.);
#99=B_SPLINE_CURVE_WITH_KNOTS('',3,(#9392,#9393,#9394,#9395,#9396,#9397),
 .UNSPECIFIED.,.F.,.F.,(4,1,1,4),(0.,0.00100119135565619,0.00200238271131237,
0.00400476542262475),.UNSPECIFIED.);
#100=B_SPLINE_CURVE_WITH_KNOTS('',3,(#9427,#9428,#9429,#9430),
 .UNSPECIFIED.,.F.,.F.,(4,4),(-1.48908739051412E-5,0.00484297086266596),
 .UNSPECIFIED.);
#101=B_SPLINE_CURVE_WITH_KNOTS('',3,(#9435,#9436,#9437,#9438),
 .UNSPECIFIED.,.F.,.F.,(4,4),(-1.48908739048581E-5,0.00484297086266548),
 .UNSPECIFIED.);
#102=B_SPLINE_CURVE_WITH_KNOTS('',3,(#9621,#9622,#9623,#9624,#9625),
 .UNSPECIFIED.,.F.,.F.,(4,1,4),(0.,0.00212879970191416,0.00425759940382832),
 .UNSPECIFIED.);
#103=B_SPLINE_CURVE_WITH_KNOTS('',3,(#9626,#9627,#9628,#9629,#9630),
 .UNSPECIFIED.,.F.,.F.,(4,1,4),(0.,0.00212879970191416,0.00425759940382832),
 .UNSPECIFIED.);
#104=B_SPLINE_CURVE_WITH_KNOTS('',3,(#9671,#9672,#9673,#9674,#9675,#9676),
 .UNSPECIFIED.,.F.,.F.,(4,1,1,4),(0.,0.00100119135565618,0.00200238271131236,
0.00400476542262472),.UNSPECIFIED.);
#105=B_SPLINE_CURVE_WITH_KNOTS('',3,(#9692,#9693,#9694,#9695,#9696,#9697),
 .UNSPECIFIED.,.F.,.F.,(4,1,1,4),(0.,0.00100119135565619,0.00200238271131237,
0.00400476542262474),.UNSPECIFIED.);
#106=B_SPLINE_CURVE_WITH_KNOTS('',3,(#9727,#9728,#9729,#9730),
 .UNSPECIFIED.,.F.,.F.,(4,4),(-1.4890873905395E-5,0.00484297086266575),
 .UNSPECIFIED.);
#107=B_SPLINE_CURVE_WITH_KNOTS('',3,(#9735,#9736,#9737,#9738),
 .UNSPECIFIED.,.F.,.F.,(4,4),(-1.48908739051537E-5,0.00484297086266549),
 .UNSPECIFIED.);
#108=B_SPLINE_CURVE_WITH_KNOTS('',3,(#9921,#9922,#9923,#9924,#9925),
 .UNSPECIFIED.,.F.,.F.,(4,1,4),(0.,0.00212879970191419,0.00425759940382839),
 .UNSPECIFIED.);
#109=B_SPLINE_CURVE_WITH_KNOTS('',3,(#9926,#9927,#9928,#9929,#9930),
 .UNSPECIFIED.,.F.,.F.,(4,1,4),(0.,0.00212879970191417,0.00425759940382834),
 .UNSPECIFIED.);
#110=LINE('',#8408,#440);
#111=LINE('',#8410,#441);
#112=LINE('',#8412,#442);
#113=LINE('',#8424,#443);
#114=LINE('',#8427,#444);
#115=LINE('',#8429,#445);
#116=LINE('',#8431,#446);
#117=LINE('',#8441,#447);
#118=LINE('',#8444,#448);
#119=LINE('',#8446,#449);
#120=LINE('',#8448,#450);
#121=LINE('',#8450,#451);
#122=LINE('',#8455,#452);
#123=LINE('',#8459,#453);
#124=LINE('',#8462,#454);
#125=LINE('',#8468,#455);
#126=LINE('',#8470,#456);
#127=LINE('',#8487,#457);
#128=LINE('',#8493,#458);
#129=LINE('',#8496,#459);
#130=LINE('',#8498,#460);
#131=LINE('',#8500,#461);
#132=LINE('',#8510,#462);
#133=LINE('',#8513,#463);
#134=LINE('',#8515,#464);
#135=LINE('',#8517,#465);
#136=LINE('',#8519,#466);
#137=LINE('',#8529,#467);
#138=LINE('',#8532,#468);
#139=LINE('',#8534,#469);
#140=LINE('',#8536,#470);
#141=LINE('',#8683,#471);
#142=LINE('',#8687,#472);
#143=LINE('',#8691,#473);
#144=LINE('',#8695,#474);
#145=LINE('',#8699,#475);
#146=LINE('',#8703,#476);
#147=LINE('',#8704,#477);
#148=LINE('',#8707,#478);
#149=LINE('',#8709,#479);
#150=LINE('',#8711,#480);
#151=LINE('',#8713,#481);
#152=LINE('',#8715,#482);
#153=LINE('',#8717,#483);
#154=LINE('',#8719,#484);
#155=LINE('',#8721,#485);
#156=LINE('',#8723,#486);
#157=LINE('',#8725,#487);
#158=LINE('',#8727,#488);
#159=LINE('',#8729,#489);
#160=LINE('',#8731,#490);
#161=LINE('',#8733,#491);
#162=LINE('',#8735,#492);
#163=LINE('',#8737,#493);
#164=LINE('',#8742,#494);
#165=LINE('',#8744,#495);
#166=LINE('',#8746,#496);
#167=LINE('',#8758,#497);
#168=LINE('',#8761,#498);
#169=LINE('',#8763,#499);
#170=LINE('',#8765,#500);
#171=LINE('',#8775,#501);
#172=LINE('',#8778,#502);
#173=LINE('',#8780,#503);
#174=LINE('',#8782,#504);
#175=LINE('',#8784,#505);
#176=LINE('',#8789,#506);
#177=LINE('',#8793,#507);
#178=LINE('',#8796,#508);
#179=LINE('',#8802,#509);
#180=LINE('',#8804,#510);
#181=LINE('',#8821,#511);
#182=LINE('',#8827,#512);
#183=LINE('',#8830,#513);
#184=LINE('',#8832,#514);
#185=LINE('',#8834,#515);
#186=LINE('',#8852,#516);
#187=LINE('',#8855,#517);
#188=LINE('',#8857,#518);
#189=LINE('',#8859,#519);
#190=LINE('',#8861,#520);
#191=LINE('',#8864,#521);
#192=LINE('',#8866,#522);
#193=LINE('',#8868,#523);
#194=LINE('',#8870,#524);
#195=LINE('',#9014,#525);
#196=LINE('',#9017,#526);
#197=LINE('',#9019,#527);
#198=LINE('',#9021,#528);
#199=LINE('',#9023,#529);
#200=LINE('',#9026,#530);
#201=LINE('',#9028,#531);
#202=LINE('',#9030,#532);
#203=LINE('',#9032,#533);
#204=LINE('',#9035,#534);
#205=LINE('',#9037,#535);
#206=LINE('',#9039,#536);
#207=LINE('',#9041,#537);
#208=LINE('',#9044,#538);
#209=LINE('',#9046,#539);
#210=LINE('',#9048,#540);
#211=LINE('',#9050,#541);
#212=LINE('',#9053,#542);
#213=LINE('',#9055,#543);
#214=LINE('',#9057,#544);
#215=LINE('',#9059,#545);
#216=LINE('',#9062,#546);
#217=LINE('',#9064,#547);
#218=LINE('',#9066,#548);
#219=LINE('',#9068,#549);
#220=LINE('',#9071,#550);
#221=LINE('',#9073,#551);
#222=LINE('',#9075,#552);
#223=LINE('',#9077,#553);
#224=LINE('',#9080,#554);
#225=LINE('',#9082,#555);
#226=LINE('',#9084,#556);
#227=LINE('',#9086,#557);
#228=LINE('',#9089,#558);
#229=LINE('',#9091,#559);
#230=LINE('',#9093,#560);
#231=LINE('',#9095,#561);
#232=LINE('',#9098,#562);
#233=LINE('',#9100,#563);
#234=LINE('',#9102,#564);
#235=LINE('',#9104,#565);
#236=LINE('',#9107,#566);
#237=LINE('',#9109,#567);
#238=LINE('',#9111,#568);
#239=LINE('',#9113,#569);
#240=LINE('',#9116,#570);
#241=LINE('',#9118,#571);
#242=LINE('',#9120,#572);
#243=LINE('',#9122,#573);
#244=LINE('',#9125,#574);
#245=LINE('',#9127,#575);
#246=LINE('',#9129,#576);
#247=LINE('',#9131,#577);
#248=LINE('',#9134,#578);
#249=LINE('',#9136,#579);
#250=LINE('',#9138,#580);
#251=LINE('',#9140,#581);
#252=LINE('',#9143,#582);
#253=LINE('',#9145,#583);
#254=LINE('',#9147,#584);
#255=LINE('',#9149,#585);
#256=LINE('',#9152,#586);
#257=LINE('',#9154,#587);
#258=LINE('',#9156,#588);
#259=LINE('',#9158,#589);
#260=LINE('',#9160,#590);
#261=LINE('',#9162,#591);
#262=LINE('',#9164,#592);
#263=LINE('',#9165,#593);
#264=LINE('',#9167,#594);
#265=LINE('',#9168,#595);
#266=LINE('',#9170,#596);
#267=LINE('',#9172,#597);
#268=LINE('',#9174,#598);
#269=LINE('',#9176,#599);
#270=LINE('',#9177,#600);
#271=LINE('',#9179,#601);
#272=LINE('',#9181,#602);
#273=LINE('',#9183,#603);
#274=LINE('',#9185,#604);
#275=LINE('',#9186,#605);
#276=LINE('',#9188,#606);
#277=LINE('',#9190,#607);
#278=LINE('',#9192,#608);
#279=LINE('',#9193,#609);
#280=LINE('',#9195,#610);
#281=LINE('',#9197,#611);
#282=LINE('',#9199,#612);
#283=LINE('',#9201,#613);
#284=LINE('',#9203,#614);
#285=LINE('',#9205,#615);
#286=LINE('',#9207,#616);
#287=LINE('',#9209,#617);
#288=LINE('',#9211,#618);
#289=LINE('',#9212,#619);
#290=LINE('',#9214,#620);
#291=LINE('',#9216,#621);
#292=LINE('',#9218,#622);
#293=LINE('',#9219,#623);
#294=LINE('',#9221,#624);
#295=LINE('',#9223,#625);
#296=LINE('',#9225,#626);
#297=LINE('',#9227,#627);
#298=LINE('',#9229,#628);
#299=LINE('',#9231,#629);
#300=LINE('',#9233,#630);
#301=LINE('',#9235,#631);
#302=LINE('',#9237,#632);
#303=LINE('',#9238,#633);
#304=LINE('',#9240,#634);
#305=LINE('',#9242,#635);
#306=LINE('',#9244,#636);
#307=LINE('',#9245,#637);
#308=LINE('',#9247,#638);
#309=LINE('',#9249,#639);
#310=LINE('',#9251,#640);
#311=LINE('',#9253,#641);
#312=LINE('',#9255,#642);
#313=LINE('',#9257,#643);
#314=LINE('',#9259,#644);
#315=LINE('',#9261,#645);
#316=LINE('',#9263,#646);
#317=LINE('',#9265,#647);
#318=LINE('',#9266,#648);
#319=LINE('',#9268,#649);
#320=LINE('',#9270,#650);
#321=LINE('',#9272,#651);
#322=LINE('',#9273,#652);
#323=LINE('',#9275,#653);
#324=LINE('',#9277,#654);
#325=LINE('',#9279,#655);
#326=LINE('',#9281,#656);
#327=LINE('',#9283,#657);
#328=LINE('',#9285,#658);
#329=LINE('',#9287,#659);
#330=LINE('',#9289,#660);
#331=LINE('',#9291,#661);
#332=LINE('',#9292,#662);
#333=LINE('',#9294,#663);
#334=LINE('',#9296,#664);
#335=LINE('',#9298,#665);
#336=LINE('',#9299,#666);
#337=LINE('',#9301,#667);
#338=LINE('',#9303,#668);
#339=LINE('',#9305,#669);
#340=LINE('',#9307,#670);
#341=LINE('',#9309,#671);
#342=LINE('',#9311,#672);
#343=LINE('',#9313,#673);
#344=LINE('',#9315,#674);
#345=LINE('',#9317,#675);
#346=LINE('',#9318,#676);
#347=LINE('',#9320,#677);
#348=LINE('',#9322,#678);
#349=LINE('',#9324,#679);
#350=LINE('',#9325,#680);
#351=LINE('',#9327,#681);
#352=LINE('',#9329,#682);
#353=LINE('',#9331,#683);
#354=LINE('',#9333,#684);
#355=LINE('',#9335,#685);
#356=LINE('',#9337,#686);
#357=LINE('',#9339,#687);
#358=LINE('',#9341,#688);
#359=LINE('',#9343,#689);
#360=LINE('',#9344,#690);
#361=LINE('',#9345,#691);
#362=LINE('',#9347,#692);
#363=LINE('',#9349,#693);
#364=LINE('',#9351,#694);
#365=LINE('',#9353,#695);
#366=LINE('',#9355,#696);
#367=LINE('',#9357,#697);
#368=LINE('',#9359,#698);
#369=LINE('',#9361,#699);
#370=LINE('',#9363,#700);
#371=LINE('',#9365,#701);
#372=LINE('',#9384,#702);
#373=LINE('',#9388,#703);
#374=LINE('',#9404,#704);
#375=LINE('',#9408,#705);
#376=LINE('',#9413,#706);
#377=LINE('',#9414,#707);
#378=LINE('',#9424,#708);
#379=LINE('',#9425,#709);
#380=LINE('',#9450,#710);
#381=LINE('',#9451,#711);
#382=LINE('',#9453,#712);
#383=LINE('',#9457,#713);
#384=LINE('',#9478,#714);
#385=LINE('',#9479,#715);
#386=LINE('',#9484,#716);
#387=LINE('',#9485,#717);
#388=LINE('',#9490,#718);
#389=LINE('',#9491,#719);
#390=LINE('',#9493,#720);
#391=LINE('',#9497,#721);
#392=LINE('',#9499,#722);
#393=LINE('',#9503,#723);
#394=LINE('',#9507,#724);
#395=LINE('',#9508,#725);
#396=LINE('',#9512,#726);
#397=LINE('',#9516,#727);
#398=LINE('',#9608,#728);
#399=LINE('',#9609,#729);
#400=LINE('',#9610,#730);
#401=LINE('',#9612,#731);
#402=LINE('',#9614,#732);
#403=LINE('',#9641,#733);
#404=LINE('',#9645,#734);
#405=LINE('',#9649,#735);
#406=LINE('',#9653,#736);
#407=LINE('',#9657,#737);
#408=LINE('',#9661,#738);
#409=LINE('',#9684,#739);
#410=LINE('',#9688,#740);
#411=LINE('',#9704,#741);
#412=LINE('',#9708,#742);
#413=LINE('',#9713,#743);
#414=LINE('',#9714,#744);
#415=LINE('',#9724,#745);
#416=LINE('',#9725,#746);
#417=LINE('',#9750,#747);
#418=LINE('',#9751,#748);
#419=LINE('',#9753,#749);
#420=LINE('',#9757,#750);
#421=LINE('',#9778,#751);
#422=LINE('',#9779,#752);
#423=LINE('',#9784,#753);
#424=LINE('',#9785,#754);
#425=LINE('',#9790,#755);
#426=LINE('',#9791,#756);
#427=LINE('',#9793,#757);
#428=LINE('',#9797,#758);
#429=LINE('',#9799,#759);
#430=LINE('',#9803,#760);
#431=LINE('',#9807,#761);
#432=LINE('',#9808,#762);
#433=LINE('',#9812,#763);
#434=LINE('',#9816,#764);
#435=LINE('',#9908,#765);
#436=LINE('',#9909,#766);
#437=LINE('',#9910,#767);
#438=LINE('',#9912,#768);
#439=LINE('',#9914,#769);
#440=VECTOR('',#6581,1.);
#441=VECTOR('',#6582,1.);
#442=VECTOR('',#6583,1.);
#443=VECTOR('',#6596,1.);
#444=VECTOR('',#6597,1.);
#445=VECTOR('',#6598,1.);
#446=VECTOR('',#6599,1.);
#447=VECTOR('',#6610,1.);
#448=VECTOR('',#6611,1.);
#449=VECTOR('',#6612,1.);
#450=VECTOR('',#6613,1.);
#451=VECTOR('',#6616,1.);
#452=VECTOR('',#6619,1.);
#453=VECTOR('',#6624,1.);
#454=VECTOR('',#6625,1.);
#455=VECTOR('',#6630,1.);
#456=VECTOR('',#6633,1.);
#457=VECTOR('',#6636,1.);
#458=VECTOR('',#6643,1.);
#459=VECTOR('',#6644,1.);
#460=VECTOR('',#6645,1.);
#461=VECTOR('',#6646,1.);
#462=VECTOR('',#6657,1.);
#463=VECTOR('',#6658,1.);
#464=VECTOR('',#6659,1.);
#465=VECTOR('',#6660,1.);
#466=VECTOR('',#6663,1.);
#467=VECTOR('',#6674,1.);
#468=VECTOR('',#6675,1.);
#469=VECTOR('',#6676,1.);
#470=VECTOR('',#6677,1.);
#471=VECTOR('',#6880,1.);
#472=VECTOR('',#6883,1.);
#473=VECTOR('',#6886,1.);
#474=VECTOR('',#6889,1.);
#475=VECTOR('',#6892,1.);
#476=VECTOR('',#6895,1.);
#477=VECTOR('',#6896,1.);
#478=VECTOR('',#6897,1.);
#479=VECTOR('',#6898,1.);
#480=VECTOR('',#6899,1.);
#481=VECTOR('',#6900,1.);
#482=VECTOR('',#6901,1.);
#483=VECTOR('',#6902,1.);
#484=VECTOR('',#6903,1.);
#485=VECTOR('',#6904,1.);
#486=VECTOR('',#6905,1.);
#487=VECTOR('',#6906,1.);
#488=VECTOR('',#6907,1.);
#489=VECTOR('',#6908,1.);
#490=VECTOR('',#6909,1.);
#491=VECTOR('',#6910,1.);
#492=VECTOR('',#6911,1.);
#493=VECTOR('',#6912,1.);
#494=VECTOR('',#6917,1.);
#495=VECTOR('',#6918,1.);
#496=VECTOR('',#6919,1.);
#497=VECTOR('',#6932,1.);
#498=VECTOR('',#6933,1.);
#499=VECTOR('',#6934,1.);
#500=VECTOR('',#6935,1.);
#501=VECTOR('',#6946,1.);
#502=VECTOR('',#6947,1.);
#503=VECTOR('',#6948,1.);
#504=VECTOR('',#6949,1.);
#505=VECTOR('',#6952,1.);
#506=VECTOR('',#6955,1.);
#507=VECTOR('',#6960,1.);
#508=VECTOR('',#6961,1.);
#509=VECTOR('',#6966,1.);
#510=VECTOR('',#6969,1.);
#511=VECTOR('',#6972,1.);
#512=VECTOR('',#6979,1.);
#513=VECTOR('',#6980,1.);
#514=VECTOR('',#6981,1.);
#515=VECTOR('',#6982,1.);
#516=VECTOR('',#7001,1.);
#517=VECTOR('',#7002,1.);
#518=VECTOR('',#7003,1.);
#519=VECTOR('',#7004,1.);
#520=VECTOR('',#7007,1.);
#521=VECTOR('',#7008,1.);
#522=VECTOR('',#7009,1.);
#523=VECTOR('',#7010,1.);
#524=VECTOR('',#7013,1.);
#525=VECTOR('',#7214,1.);
#526=VECTOR('',#7215,1.);
#527=VECTOR('',#7216,1.);
#528=VECTOR('',#7217,1.);
#529=VECTOR('',#7220,1.);
#530=VECTOR('',#7221,1.);
#531=VECTOR('',#7222,1.);
#532=VECTOR('',#7223,1.);
#533=VECTOR('',#7226,1.);
#534=VECTOR('',#7227,1.);
#535=VECTOR('',#7228,1.);
#536=VECTOR('',#7229,1.);
#537=VECTOR('',#7232,1.);
#538=VECTOR('',#7233,1.);
#539=VECTOR('',#7234,1.);
#540=VECTOR('',#7235,1.);
#541=VECTOR('',#7238,1.);
#542=VECTOR('',#7239,1.);
#543=VECTOR('',#7240,1.);
#544=VECTOR('',#7241,1.);
#545=VECTOR('',#7244,1.);
#546=VECTOR('',#7245,1.);
#547=VECTOR('',#7246,1.);
#548=VECTOR('',#7247,1.);
#549=VECTOR('',#7250,1.);
#550=VECTOR('',#7251,1.);
#551=VECTOR('',#7252,1.);
#552=VECTOR('',#7253,1.);
#553=VECTOR('',#7256,1.);
#554=VECTOR('',#7257,1.);
#555=VECTOR('',#7258,1.);
#556=VECTOR('',#7259,1.);
#557=VECTOR('',#7262,1.);
#558=VECTOR('',#7263,1.);
#559=VECTOR('',#7264,1.);
#560=VECTOR('',#7265,1.);
#561=VECTOR('',#7268,1.);
#562=VECTOR('',#7269,1.);
#563=VECTOR('',#7270,1.);
#564=VECTOR('',#7271,1.);
#565=VECTOR('',#7274,1.);
#566=VECTOR('',#7275,1.);
#567=VECTOR('',#7276,1.);
#568=VECTOR('',#7277,1.);
#569=VECTOR('',#7280,1.);
#570=VECTOR('',#7281,1.);
#571=VECTOR('',#7282,1.);
#572=VECTOR('',#7283,1.);
#573=VECTOR('',#7286,1.);
#574=VECTOR('',#7287,1.);
#575=VECTOR('',#7288,1.);
#576=VECTOR('',#7289,1.);
#577=VECTOR('',#7292,1.);
#578=VECTOR('',#7293,1.);
#579=VECTOR('',#7294,1.);
#580=VECTOR('',#7295,1.);
#581=VECTOR('',#7298,1.);
#582=VECTOR('',#7299,1.);
#583=VECTOR('',#7300,1.);
#584=VECTOR('',#7301,1.);
#585=VECTOR('',#7304,1.);
#586=VECTOR('',#7305,1.);
#587=VECTOR('',#7306,1.);
#588=VECTOR('',#7307,1.);
#589=VECTOR('',#7310,1.);
#590=VECTOR('',#7311,1.);
#591=VECTOR('',#7312,1.);
#592=VECTOR('',#7315,1.);
#593=VECTOR('',#7316,1.);
#594=VECTOR('',#7319,1.);
#595=VECTOR('',#7320,1.);
#596=VECTOR('',#7323,1.);
#597=VECTOR('',#7324,1.);
#598=VECTOR('',#7327,1.);
#599=VECTOR('',#7330,1.);
#600=VECTOR('',#7331,1.);
#601=VECTOR('',#7334,1.);
#602=VECTOR('',#7337,1.);
#603=VECTOR('',#7338,1.);
#604=VECTOR('',#7341,1.);
#605=VECTOR('',#7342,1.);
#606=VECTOR('',#7345,1.);
#607=VECTOR('',#7348,1.);
#608=VECTOR('',#7351,1.);
#609=VECTOR('',#7352,1.);
#610=VECTOR('',#7355,1.);
#611=VECTOR('',#7356,1.);
#612=VECTOR('',#7359,1.);
#613=VECTOR('',#7362,1.);
#614=VECTOR('',#7365,1.);
#615=VECTOR('',#7368,1.);
#616=VECTOR('',#7371,1.);
#617=VECTOR('',#7372,1.);
#618=VECTOR('',#7375,1.);
#619=VECTOR('',#7376,1.);
#620=VECTOR('',#7379,1.);
#621=VECTOR('',#7382,1.);
#622=VECTOR('',#7385,1.);
#623=VECTOR('',#7386,1.);
#624=VECTOR('',#7389,1.);
#625=VECTOR('',#7390,1.);
#626=VECTOR('',#7393,1.);
#627=VECTOR('',#7396,1.);
#628=VECTOR('',#7399,1.);
#629=VECTOR('',#7402,1.);
#630=VECTOR('',#7405,1.);
#631=VECTOR('',#7406,1.);
#632=VECTOR('',#7409,1.);
#633=VECTOR('',#7410,1.);
#634=VECTOR('',#7413,1.);
#635=VECTOR('',#7416,1.);
#636=VECTOR('',#7419,1.);
#637=VECTOR('',#7420,1.);
#638=VECTOR('',#7423,1.);
#639=VECTOR('',#7424,1.);
#640=VECTOR('',#7427,1.);
#641=VECTOR('',#7430,1.);
#642=VECTOR('',#7433,1.);
#643=VECTOR('',#7436,1.);
#644=VECTOR('',#7439,1.);
#645=VECTOR('',#7440,1.);
#646=VECTOR('',#7443,1.);
#647=VECTOR('',#7444,1.);
#648=VECTOR('',#7445,1.);
#649=VECTOR('',#7448,1.);
#650=VECTOR('',#7451,1.);
#651=VECTOR('',#7454,1.);
#652=VECTOR('',#7455,1.);
#653=VECTOR('',#7458,1.);
#654=VECTOR('',#7459,1.);
#655=VECTOR('',#7462,1.);
#656=VECTOR('',#7465,1.);
#657=VECTOR('',#7468,1.);
#658=VECTOR('',#7471,1.);
#659=VECTOR('',#7474,1.);
#660=VECTOR('',#7475,1.);
#661=VECTOR('',#7478,1.);
#662=VECTOR('',#7479,1.);
#663=VECTOR('',#7482,1.);
#664=VECTOR('',#7485,1.);
#665=VECTOR('',#7488,1.);
#666=VECTOR('',#7489,1.);
#667=VECTOR('',#7492,1.);
#668=VECTOR('',#7493,1.);
#669=VECTOR('',#7496,1.);
#670=VECTOR('',#7499,1.);
#671=VECTOR('',#7502,1.);
#672=VECTOR('',#7505,1.);
#673=VECTOR('',#7508,1.);
#674=VECTOR('',#7509,1.);
#675=VECTOR('',#7512,1.);
#676=VECTOR('',#7513,1.);
#677=VECTOR('',#7516,1.);
#678=VECTOR('',#7519,1.);
#679=VECTOR('',#7522,1.);
#680=VECTOR('',#7523,1.);
#681=VECTOR('',#7526,1.);
#682=VECTOR('',#7527,1.);
#683=VECTOR('',#7530,1.);
#684=VECTOR('',#7533,1.);
#685=VECTOR('',#7536,1.);
#686=VECTOR('',#7539,1.);
#687=VECTOR('',#7542,1.);
#688=VECTOR('',#7543,1.);
#689=VECTOR('',#7546,1.);
#690=VECTOR('',#7547,1.);
#691=VECTOR('',#7548,1.);
#692=VECTOR('',#7551,1.);
#693=VECTOR('',#7554,1.);
#694=VECTOR('',#7557,1.);
#695=VECTOR('',#7560,1.);
#696=VECTOR('',#7563,1.);
#697=VECTOR('',#7566,1.);
#698=VECTOR('',#7569,1.);
#699=VECTOR('',#7572,1.);
#700=VECTOR('',#7575,1.);
#701=VECTOR('',#7578,1.);
#702=VECTOR('',#7593,1.);
#703=VECTOR('',#7596,1.);
#704=VECTOR('',#7607,1.);
#705=VECTOR('',#7610,1.);
#706=VECTOR('',#7615,1.);
#707=VECTOR('',#7616,1.);
#708=VECTOR('',#7631,1.);
#709=VECTOR('',#7632,1.);
#710=VECTOR('',#7649,1.);
#711=VECTOR('',#7650,1.);
#712=VECTOR('',#7653,1.);
#713=VECTOR('',#7656,1.);
#714=VECTOR('',#7687,1.);
#715=VECTOR('',#7688,1.);
#716=VECTOR('',#7693,1.);
#717=VECTOR('',#7694,1.);
#718=VECTOR('',#7699,1.);
#719=VECTOR('',#7700,1.);
#720=VECTOR('',#7703,1.);
#721=VECTOR('',#7706,1.);
#722=VECTOR('',#7709,1.);
#723=VECTOR('',#7712,1.);
#724=VECTOR('',#7717,1.);
#725=VECTOR('',#7718,1.);
#726=VECTOR('',#7725,1.);
#727=VECTOR('',#7728,1.);
#728=VECTOR('',#7847,1.);
#729=VECTOR('',#7848,1.);
#730=VECTOR('',#7849,1.);
#731=VECTOR('',#7852,1.);
#732=VECTOR('',#7855,1.);
#733=VECTOR('',#7878,1.);
#734=VECTOR('',#7881,1.);
#735=VECTOR('',#7884,1.);
#736=VECTOR('',#7887,1.);
#737=VECTOR('',#7890,1.);
#738=VECTOR('',#7893,1.);
#739=VECTOR('',#7912,1.);
#740=VECTOR('',#7915,1.);
#741=VECTOR('',#7926,1.);
#742=VECTOR('',#7929,1.);
#743=VECTOR('',#7934,1.);
#744=VECTOR('',#7935,1.);
#745=VECTOR('',#7950,1.);
#746=VECTOR('',#7951,1.);
#747=VECTOR('',#7968,1.);
#748=VECTOR('',#7969,1.);
#749=VECTOR('',#7972,1.);
#750=VECTOR('',#7975,1.);
#751=VECTOR('',#8006,1.);
#752=VECTOR('',#8007,1.);
#753=VECTOR('',#8012,1.);
#754=VECTOR('',#8013,1.);
#755=VECTOR('',#8018,1.);
#756=VECTOR('',#8019,1.);
#757=VECTOR('',#8022,1.);
#758=VECTOR('',#8025,1.);
#759=VECTOR('',#8028,1.);
#760=VECTOR('',#8031,1.);
#761=VECTOR('',#8036,1.);
#762=VECTOR('',#8037,1.);
#763=VECTOR('',#8044,1.);
#764=VECTOR('',#8047,1.);
#765=VECTOR('',#8166,1.);
#766=VECTOR('',#8167,1.);
#767=VECTOR('',#8168,1.);
#768=VECTOR('',#8171,1.);
#769=VECTOR('',#8174,1.);
#770=CONTEXT_DEPENDENT_SHAPE_REPRESENTATION(#780,#10803);
#771=CONTEXT_DEPENDENT_SHAPE_REPRESENTATION(#781,#10805);
#772=CONTEXT_DEPENDENT_SHAPE_REPRESENTATION(#782,#10807);
#773=CONTEXT_DEPENDENT_SHAPE_REPRESENTATION(#783,#10809);
#774=CONTEXT_DEPENDENT_SHAPE_REPRESENTATION(#784,#10811);
#775=NEXT_ASSEMBLY_USAGE_OCCURRENCE('NAUO1','Arm Front Right',
'Arm Front Right',#10812,#10813,'');
#776=NEXT_ASSEMBLY_USAGE_OCCURRENCE('NAUO2','Arm Front Left',
'Arm Front Left',#10812,#10814,'');
#777=NEXT_ASSEMBLY_USAGE_OCCURRENCE('NAUO3','Fuselage','Fuselage',#10812,
#10815,'');
#778=NEXT_ASSEMBLY_USAGE_OCCURRENCE('NAUO4','Arm Back Right',
'Arm Back Right',#10812,#10816,'');
#779=NEXT_ASSEMBLY_USAGE_OCCURRENCE('NAUO5','Arm Back Left',
'Arm Back Left',#10812,#10817,'');
#780=(
REPRESENTATION_RELATIONSHIP(' ',' ',#5780,#5779)
REPRESENTATION_RELATIONSHIP_WITH_TRANSFORMATION(#785)
SHAPE_REPRESENTATION_RELATIONSHIP()
);
#781=(
REPRESENTATION_RELATIONSHIP(' ',' ',#5781,#5779)
REPRESENTATION_RELATIONSHIP_WITH_TRANSFORMATION(#786)
SHAPE_REPRESENTATION_RELATIONSHIP()
);
#782=(
REPRESENTATION_RELATIONSHIP(' ',' ',#5782,#5779)
REPRESENTATION_RELATIONSHIP_WITH_TRANSFORMATION(#787)
SHAPE_REPRESENTATION_RELATIONSHIP()
);
#783=(
REPRESENTATION_RELATIONSHIP(' ',' ',#5783,#5779)
REPRESENTATION_RELATIONSHIP_WITH_TRANSFORMATION(#788)
SHAPE_REPRESENTATION_RELATIONSHIP()
);
#784=(
REPRESENTATION_RELATIONSHIP(' ',' ',#5784,#5779)
REPRESENTATION_RELATIONSHIP_WITH_TRANSFORMATION(#789)
SHAPE_REPRESENTATION_RELATIONSHIP()
);
#785=ITEM_DEFINED_TRANSFORMATION(' ',' ',#5785,#5794);
#786=ITEM_DEFINED_TRANSFORMATION(' ',' ',#5785,#5803);
#787=ITEM_DEFINED_TRANSFORMATION(' ',' ',#5785,#6520);
#788=ITEM_DEFINED_TRANSFORMATION(' ',' ',#5785,#6529);
#789=ITEM_DEFINED_TRANSFORMATION(' ',' ',#5785,#6538);
#790=SHAPE_REPRESENTATION_RELATIONSHIP('','',#5780,#795);
#791=SHAPE_REPRESENTATION_RELATIONSHIP('','',#5781,#796);
#792=SHAPE_REPRESENTATION_RELATIONSHIP('','',#5782,#797);
#793=SHAPE_REPRESENTATION_RELATIONSHIP('','',#5783,#798);
#794=SHAPE_REPRESENTATION_RELATIONSHIP('','',#5784,#799);
#795=ADVANCED_BREP_SHAPE_REPRESENTATION('',(#5768),#10787);
#796=ADVANCED_BREP_SHAPE_REPRESENTATION('',(#5769),#10788);
#797=ADVANCED_BREP_SHAPE_REPRESENTATION('',(#5770),#10789);
#798=ADVANCED_BREP_SHAPE_REPRESENTATION('',(#5771),#10790);
#799=ADVANCED_BREP_SHAPE_REPRESENTATION('',(#5772),#10791);
#800=CYLINDRICAL_SURFACE('',#5792,0.02);
#801=CYLINDRICAL_SURFACE('',#5793,0.018);
#802=CYLINDRICAL_SURFACE('',#5801,0.02);
#803=CYLINDRICAL_SURFACE('',#5802,0.018);
#804=CYLINDRICAL_SURFACE('',#5817,0.03235);
#805=CYLINDRICAL_SURFACE('',#5823,0.02635);
#806=CYLINDRICAL_SURFACE('',#5839,0.0042);
#807=CYLINDRICAL_SURFACE('',#5843,0.0042);
#808=CYLINDRICAL_SURFACE('',#5847,0.0042);
#809=CYLINDRICAL_SURFACE('',#5851,0.0042);
#810=CYLINDRICAL_SURFACE('',#5855,0.0042);
#811=CYLINDRICAL_SURFACE('',#5859,0.0042);
#812=CYLINDRICAL_SURFACE('',#5863,0.0042);
#813=CYLINDRICAL_SURFACE('',#5867,0.0042);
#814=CYLINDRICAL_SURFACE('',#5871,0.003);
#815=CYLINDRICAL_SURFACE('',#5872,0.003);
#816=CYLINDRICAL_SURFACE('',#5873,0.003);
#817=CYLINDRICAL_SURFACE('',#5874,0.003);
#818=CYLINDRICAL_SURFACE('',#5875,0.003);
#819=CYLINDRICAL_SURFACE('',#5876,0.003);
#820=CYLINDRICAL_SURFACE('',#5877,0.003);
#821=CYLINDRICAL_SURFACE('',#5878,0.003);
#822=CYLINDRICAL_SURFACE('',#5883,0.004);
#823=CYLINDRICAL_SURFACE('',#5889,0.004);
#824=CYLINDRICAL_SURFACE('',#5891,0.004);
#825=CYLINDRICAL_SURFACE('',#5894,0.004);
#826=CYLINDRICAL_SURFACE('',#5897,0.004);
#827=CYLINDRICAL_SURFACE('',#5899,0.004);
#828=CYLINDRICAL_SURFACE('',#5901,0.004);
#829=CYLINDRICAL_SURFACE('',#5913,0.004);
#830=CYLINDRICAL_SURFACE('',#5916,0.004);
#831=CYLINDRICAL_SURFACE('',#5920,0.004);
#832=CYLINDRICAL_SURFACE('',#5927,0.004);
#833=CYLINDRICAL_SURFACE('',#5929,0.004);
#834=CYLINDRICAL_SURFACE('',#5932,0.001);
#835=CYLINDRICAL_SURFACE('',#5958,0.03235);
#836=CYLINDRICAL_SURFACE('',#5964,0.02635);
#837=CYLINDRICAL_SURFACE('',#5980,0.0042);
#838=CYLINDRICAL_SURFACE('',#5984,0.0042);
#839=CYLINDRICAL_SURFACE('',#5988,0.0042);
#840=CYLINDRICAL_SURFACE('',#5992,0.0042);
#841=CYLINDRICAL_SURFACE('',#5996,0.0042);
#842=CYLINDRICAL_SURFACE('',#6000,0.0042);
#843=CYLINDRICAL_SURFACE('',#6004,0.0042);
#844=CYLINDRICAL_SURFACE('',#6008,0.0042);
#845=CYLINDRICAL_SURFACE('',#6012,0.003);
#846=CYLINDRICAL_SURFACE('',#6013,0.003);
#847=CYLINDRICAL_SURFACE('',#6014,0.003);
#848=CYLINDRICAL_SURFACE('',#6015,0.003);
#849=CYLINDRICAL_SURFACE('',#6016,0.003);
#850=CYLINDRICAL_SURFACE('',#6017,0.003);
#851=CYLINDRICAL_SURFACE('',#6018,0.003);
#852=CYLINDRICAL_SURFACE('',#6019,0.003);
#853=CYLINDRICAL_SURFACE('',#6024,0.004);
#854=CYLINDRICAL_SURFACE('',#6030,0.004);
#855=CYLINDRICAL_SURFACE('',#6032,0.004);
#856=CYLINDRICAL_SURFACE('',#6035,0.004);
#857=CYLINDRICAL_SURFACE('',#6038,0.004);
#858=CYLINDRICAL_SURFACE('',#6040,0.004);
#859=CYLINDRICAL_SURFACE('',#6042,0.004);
#860=CYLINDRICAL_SURFACE('',#6054,0.004);
#861=CYLINDRICAL_SURFACE('',#6057,0.004);
#862=CYLINDRICAL_SURFACE('',#6061,0.004);
#863=CYLINDRICAL_SURFACE('',#6068,0.004);
#864=CYLINDRICAL_SURFACE('',#6070,0.004);
#865=CYLINDRICAL_SURFACE('',#6073,0.001);
#866=CYLINDRICAL_SURFACE('',#6179,0.001);
#867=CYLINDRICAL_SURFACE('',#6185,0.004);
#868=CYLINDRICAL_SURFACE('',#6188,0.004);
#869=CYLINDRICAL_SURFACE('',#6196,0.004);
#870=CYLINDRICAL_SURFACE('',#6203,0.004);
#871=CYLINDRICAL_SURFACE('',#6205,0.004);
#872=CYLINDRICAL_SURFACE('',#6221,0.004);
#873=CYLINDRICAL_SURFACE('',#6222,0.004);
#874=CYLINDRICAL_SURFACE('',#6224,0.004);
#875=CYLINDRICAL_SURFACE('',#6226,0.004);
#876=CYLINDRICAL_SURFACE('',#6228,0.004);
#877=CYLINDRICAL_SURFACE('',#6230,0.004);
#878=CYLINDRICAL_SURFACE('',#6234,0.004);
#879=CYLINDRICAL_SURFACE('',#6238,0.003);
#880=CYLINDRICAL_SURFACE('',#6241,0.003);
#881=CYLINDRICAL_SURFACE('',#6244,0.003);
#882=CYLINDRICAL_SURFACE('',#6247,0.003);
#883=CYLINDRICAL_SURFACE('',#6250,0.003);
#884=CYLINDRICAL_SURFACE('',#6253,0.003);
#885=CYLINDRICAL_SURFACE('',#6256,0.003);
#886=CYLINDRICAL_SURFACE('',#6259,0.003);
#887=CYLINDRICAL_SURFACE('',#6264,0.0042);
#888=CYLINDRICAL_SURFACE('',#6268,0.0042);
#889=CYLINDRICAL_SURFACE('',#6272,0.0042);
#890=CYLINDRICAL_SURFACE('',#6276,0.0042);
#891=CYLINDRICAL_SURFACE('',#6280,0.0042);
#892=CYLINDRICAL_SURFACE('',#6284,0.0042);
#893=CYLINDRICAL_SURFACE('',#6288,0.0042);
#894=CYLINDRICAL_SURFACE('',#6292,0.0042);
#895=CYLINDRICAL_SURFACE('',#6297,0.02635);
#896=CYLINDRICAL_SURFACE('',#6301,0.03235);
#897=CYLINDRICAL_SURFACE('',#6320,0.001);
#898=CYLINDRICAL_SURFACE('',#6326,0.004);
#899=CYLINDRICAL_SURFACE('',#6329,0.004);
#900=CYLINDRICAL_SURFACE('',#6337,0.004);
#901=CYLINDRICAL_SURFACE('',#6344,0.004);
#902=CYLINDRICAL_SURFACE('',#6346,0.004);
#903=CYLINDRICAL_SURFACE('',#6362,0.004);
#904=CYLINDRICAL_SURFACE('',#6363,0.004);
#905=CYLINDRICAL_SURFACE('',#6365,0.004);
#906=CYLINDRICAL_SURFACE('',#6367,0.004);
#907=CYLINDRICAL_SURFACE('',#6369,0.004);
#908=CYLINDRICAL_SURFACE('',#6371,0.004);
#909=CYLINDRICAL_SURFACE('',#6375,0.004);
#910=CYLINDRICAL_SURFACE('',#6379,0.003);
#911=CYLINDRICAL_SURFACE('',#6382,0.003);
#912=CYLINDRICAL_SURFACE('',#6385,0.003);
#913=CYLINDRICAL_SURFACE('',#6388,0.003);
#914=CYLINDRICAL_SURFACE('',#6391,0.003);
#915=CYLINDRICAL_SURFACE('',#6394,0.003);
#916=CYLINDRICAL_SURFACE('',#6397,0.003);
#917=CYLINDRICAL_SURFACE('',#6400,0.003);
#918=CYLINDRICAL_SURFACE('',#6405,0.0042);
#919=CYLINDRICAL_SURFACE('',#6409,0.0042);
#920=CYLINDRICAL_SURFACE('',#6413,0.0042);
#921=CYLINDRICAL_SURFACE('',#6417,0.0042);
#922=CYLINDRICAL_SURFACE('',#6421,0.0042);
#923=CYLINDRICAL_SURFACE('',#6425,0.0042);
#924=CYLINDRICAL_SURFACE('',#6429,0.0042);
#925=CYLINDRICAL_SURFACE('',#6433,0.0042);
#926=CYLINDRICAL_SURFACE('',#6438,0.02635);
#927=CYLINDRICAL_SURFACE('',#6442,0.03235);
#928=CYLINDRICAL_SURFACE('',#6452,0.004);
#929=CYLINDRICAL_SURFACE('',#6454,0.004);
#930=CYLINDRICAL_SURFACE('',#6460,0.004);
#931=CYLINDRICAL_SURFACE('',#6465,0.004);
#932=CYLINDRICAL_SURFACE('',#6467,0.004);
#933=CYLINDRICAL_SURFACE('',#6473,0.004);
#934=CYLINDRICAL_SURFACE('',#6478,0.004);
#935=CYLINDRICAL_SURFACE('',#6480,0.004);
#936=CYLINDRICAL_SURFACE('',#6486,0.004);
#937=CYLINDRICAL_SURFACE('',#6491,0.004);
#938=CYLINDRICAL_SURFACE('',#6493,0.004);
#939=CYLINDRICAL_SURFACE('',#6499,0.004);
#940=CYLINDRICAL_SURFACE('',#6502,0.020005);
#941=CYLINDRICAL_SURFACE('',#6504,0.020005);
#942=CYLINDRICAL_SURFACE('',#6506,0.020005);
#943=CYLINDRICAL_SURFACE('',#6507,0.020005);
#944=CYLINDRICAL_SURFACE('',#6527,0.02);
#945=CYLINDRICAL_SURFACE('',#6528,0.018);
#946=CYLINDRICAL_SURFACE('',#6536,0.02);
#947=CYLINDRICAL_SURFACE('',#6537,0.018);
#948=CIRCLE('',#5790,0.018);
#949=CIRCLE('',#5791,0.02);
#950=CIRCLE('',#5799,0.018);
#951=CIRCLE('',#5800,0.02);
#952=CIRCLE('',#5805,0.03035);
#953=CIRCLE('',#5806,0.008);
#954=CIRCLE('',#5808,0.003);
#955=CIRCLE('',#5809,0.003);
#956=CIRCLE('',#5810,0.003);
#957=CIRCLE('',#5811,0.003);
#958=CIRCLE('',#5813,0.003);
#959=CIRCLE('',#5814,0.003);
#960=CIRCLE('',#5815,0.003);
#961=CIRCLE('',#5816,0.003);
#962=CIRCLE('',#5819,0.03235);
#963=CIRCLE('',#5821,0.03035);
#964=CIRCLE('',#5822,0.008);
#965=CIRCLE('',#5824,0.02635);
#966=CIRCLE('',#5825,0.02635);
#967=CIRCLE('',#5828,0.0042);
#968=CIRCLE('',#5829,0.0042);
#969=CIRCLE('',#5830,0.0042);
#970=CIRCLE('',#5831,0.0042);
#971=CIRCLE('',#5833,0.001);
#972=CIRCLE('',#5835,0.0042);
#973=CIRCLE('',#5836,0.0042);
#974=CIRCLE('',#5837,0.0042);
#975=CIRCLE('',#5838,0.0042);
#976=CIRCLE('',#5840,0.0042);
#977=CIRCLE('',#5842,0.003);
#978=CIRCLE('',#5844,0.0042);
#979=CIRCLE('',#5846,0.003);
#980=CIRCLE('',#5848,0.0042);
#981=CIRCLE('',#5850,0.003);
#982=CIRCLE('',#5852,0.0042);
#983=CIRCLE('',#5854,0.003);
#984=CIRCLE('',#5856,0.0042);
#985=CIRCLE('',#5858,0.003);
#986=CIRCLE('',#5860,0.0042);
#987=CIRCLE('',#5862,0.003);
#988=CIRCLE('',#5864,0.0042);
#989=CIRCLE('',#5866,0.003);
#990=CIRCLE('',#5868,0.0042);
#991=CIRCLE('',#5870,0.003);
#992=CIRCLE('',#5880,0.005);
#993=CIRCLE('',#5881,0.02735);
#994=CIRCLE('',#5882,0.005);
#995=CIRCLE('',#5885,0.004);
#996=CIRCLE('',#5887,0.004);
#997=CIRCLE('',#5888,0.004);
#998=CIRCLE('',#5892,0.004);
#999=CIRCLE('',#5893,0.004);
#1000=CIRCLE('',#5895,0.004);
#1001=CIRCLE('',#5896,0.004);
#1002=CIRCLE('',#5898,0.004);
#1003=CIRCLE('',#5900,0.004);
#1004=CIRCLE('',#5902,0.004);
#1005=CIRCLE('',#5903,0.004);
#1006=CIRCLE('',#5905,0.004);
#1007=CIRCLE('',#5906,0.004);
#1008=CIRCLE('',#5908,0.004);
#1009=CIRCLE('',#5909,0.02935);
#1010=CIRCLE('',#5912,0.004);
#1011=CIRCLE('',#5915,0.004);
#1012=CIRCLE('',#5917,0.004);
#1013=CIRCLE('',#5919,0.004);
#1014=CIRCLE('',#5921,0.004);
#1015=CIRCLE('',#5922,0.004);
#1016=CIRCLE('',#5924,0.004);
#1017=CIRCLE('',#5926,0.004);
#1018=CIRCLE('',#5931,0.001);
#1019=CIRCLE('',#5933,0.001);
#1020=CIRCLE('',#5946,0.03035);
#1021=CIRCLE('',#5947,0.008);
#1022=CIRCLE('',#5949,0.003);
#1023=CIRCLE('',#5950,0.003);
#1024=CIRCLE('',#5951,0.003);
#1025=CIRCLE('',#5952,0.003);
#1026=CIRCLE('',#5954,0.003);
#1027=CIRCLE('',#5955,0.003);
#1028=CIRCLE('',#5956,0.003);
#1029=CIRCLE('',#5957,0.003);
#1030=CIRCLE('',#5960,0.03235);
#1031=CIRCLE('',#5962,0.03035);
#1032=CIRCLE('',#5963,0.008);
#1033=CIRCLE('',#5965,0.02635);
#1034=CIRCLE('',#5966,0.02635);
#1035=CIRCLE('',#5969,0.0042);
#1036=CIRCLE('',#5970,0.0042);
#1037=CIRCLE('',#5971,0.0042);
#1038=CIRCLE('',#5972,0.0042);
#1039=CIRCLE('',#5974,0.0042);
#1040=CIRCLE('',#5975,0.0042);
#1041=CIRCLE('',#5976,0.0042);
#1042=CIRCLE('',#5977,0.0042);
#1043=CIRCLE('',#5979,0.001);
#1044=CIRCLE('',#5981,0.0042);
#1045=CIRCLE('',#5983,0.003);
#1046=CIRCLE('',#5985,0.0042);
#1047=CIRCLE('',#5987,0.003);
#1048=CIRCLE('',#5989,0.0042);
#1049=CIRCLE('',#5991,0.003);
#1050=CIRCLE('',#5993,0.0042);
#1051=CIRCLE('',#5995,0.003);
#1052=CIRCLE('',#5997,0.0042);
#1053=CIRCLE('',#5999,0.003);
#1054=CIRCLE('',#6001,0.0042);
#1055=CIRCLE('',#6003,0.003);
#1056=CIRCLE('',#6005,0.0042);
#1057=CIRCLE('',#6007,0.003);
#1058=CIRCLE('',#6009,0.0042);
#1059=CIRCLE('',#6011,0.003);
#1060=CIRCLE('',#6021,0.005);
#1061=CIRCLE('',#6022,0.02735);
#1062=CIRCLE('',#6023,0.005);
#1063=CIRCLE('',#6026,0.004);
#1064=CIRCLE('',#6028,0.004);
#1065=CIRCLE('',#6029,0.004);
#1066=CIRCLE('',#6033,0.004);
#1067=CIRCLE('',#6034,0.004);
#1068=CIRCLE('',#6036,0.004);
#1069=CIRCLE('',#6037,0.004);
#1070=CIRCLE('',#6039,0.004);
#1071=CIRCLE('',#6041,0.004);
#1072=CIRCLE('',#6043,0.004);
#1073=CIRCLE('',#6044,0.004);
#1074=CIRCLE('',#6046,0.004);
#1075=CIRCLE('',#6047,0.004);
#1076=CIRCLE('',#6049,0.004);
#1077=CIRCLE('',#6050,0.02935);
#1078=CIRCLE('',#6053,0.004);
#1079=CIRCLE('',#6056,0.004);
#1080=CIRCLE('',#6058,0.004);
#1081=CIRCLE('',#6060,0.004);
#1082=CIRCLE('',#6062,0.004);
#1083=CIRCLE('',#6063,0.004);
#1084=CIRCLE('',#6065,0.004);
#1085=CIRCLE('',#6067,0.004);
#1086=CIRCLE('',#6072,0.001);
#1087=CIRCLE('',#6074,0.001);
#1088=CIRCLE('',#6176,0.004);
#1089=CIRCLE('',#6177,0.005);
#1090=CIRCLE('',#6178,0.001);
#1091=CIRCLE('',#6180,0.001);
#1092=CIRCLE('',#6181,0.001);
#1093=CIRCLE('',#6183,0.005);
#1094=CIRCLE('',#6184,0.004);
#1095=CIRCLE('',#6186,0.004);
#1096=CIRCLE('',#6189,0.004);
#1097=CIRCLE('',#6191,0.004);
#1098=CIRCLE('',#6192,0.004);
#1099=CIRCLE('',#6194,0.004);
#1100=CIRCLE('',#6195,0.004);
#1101=CIRCLE('',#6198,0.02935);
#1102=CIRCLE('',#6199,0.03035);
#1103=CIRCLE('',#6200,0.004);
#1104=CIRCLE('',#6201,0.02635);
#1105=CIRCLE('',#6202,0.03035);
#1106=CIRCLE('',#6204,0.004);
#1107=CIRCLE('',#6208,0.004);
#1108=CIRCLE('',#6209,0.004);
#1109=CIRCLE('',#6211,0.004);
#1110=CIRCLE('',#6212,0.004);
#1111=CIRCLE('',#6213,0.008);
#1112=CIRCLE('',#6214,0.004);
#1113=CIRCLE('',#6216,0.004);
#1114=CIRCLE('',#6217,0.03235);
#1115=CIRCLE('',#6219,0.008);
#1116=CIRCLE('',#6220,0.004);
#1117=CIRCLE('',#6225,0.004);
#1118=CIRCLE('',#6227,0.004);
#1119=CIRCLE('',#6229,0.004);
#1120=CIRCLE('',#6231,0.004);
#1121=CIRCLE('',#6233,0.004);
#1122=CIRCLE('',#6237,0.02735);
#1123=CIRCLE('',#6239,0.003);
#1124=CIRCLE('',#6240,0.003);
#1125=CIRCLE('',#6242,0.003);
#1126=CIRCLE('',#6243,0.003);
#1127=CIRCLE('',#6245,0.003);
#1128=CIRCLE('',#6246,0.003);
#1129=CIRCLE('',#6248,0.003);
#1130=CIRCLE('',#6249,0.003);
#1131=CIRCLE('',#6251,0.003);
#1132=CIRCLE('',#6252,0.003);
#1133=CIRCLE('',#6254,0.003);
#1134=CIRCLE('',#6255,0.003);
#1135=CIRCLE('',#6257,0.003);
#1136=CIRCLE('',#6258,0.003);
#1137=CIRCLE('',#6260,0.003);
#1138=CIRCLE('',#6261,0.003);
#1139=CIRCLE('',#6263,0.0042);
#1140=CIRCLE('',#6265,0.0042);
#1141=CIRCLE('',#6267,0.0042);
#1142=CIRCLE('',#6269,0.0042);
#1143=CIRCLE('',#6271,0.0042);
#1144=CIRCLE('',#6273,0.0042);
#1145=CIRCLE('',#6275,0.0042);
#1146=CIRCLE('',#6277,0.0042);
#1147=CIRCLE('',#6279,0.0042);
#1148=CIRCLE('',#6281,0.0042);
#1149=CIRCLE('',#6283,0.0042);
#1150=CIRCLE('',#6285,0.0042);
#1151=CIRCLE('',#6287,0.0042);
#1152=CIRCLE('',#6289,0.0042);
#1153=CIRCLE('',#6291,0.0042);
#1154=CIRCLE('',#6293,0.0042);
#1155=CIRCLE('',#6299,0.02635);
#1156=CIRCLE('',#6317,0.004);
#1157=CIRCLE('',#6318,0.005);
#1158=CIRCLE('',#6319,0.001);
#1159=CIRCLE('',#6321,0.001);
#1160=CIRCLE('',#6322,0.001);
#1161=CIRCLE('',#6324,0.005);
#1162=CIRCLE('',#6325,0.004);
#1163=CIRCLE('',#6327,0.004);
#1164=CIRCLE('',#6330,0.004);
#1165=CIRCLE('',#6332,0.004);
#1166=CIRCLE('',#6333,0.004);
#1167=CIRCLE('',#6335,0.004);
#1168=CIRCLE('',#6336,0.004);
#1169=CIRCLE('',#6339,0.02935);
#1170=CIRCLE('',#6340,0.03035);
#1171=CIRCLE('',#6341,0.004);
#1172=CIRCLE('',#6342,0.02635);
#1173=CIRCLE('',#6343,0.03035);
#1174=CIRCLE('',#6345,0.004);
#1175=CIRCLE('',#6349,0.004);
#1176=CIRCLE('',#6350,0.004);
#1177=CIRCLE('',#6352,0.004);
#1178=CIRCLE('',#6353,0.004);
#1179=CIRCLE('',#6354,0.008);
#1180=CIRCLE('',#6355,0.004);
#1181=CIRCLE('',#6357,0.004);
#1182=CIRCLE('',#6358,0.03235);
#1183=CIRCLE('',#6360,0.008);
#1184=CIRCLE('',#6361,0.004);
#1185=CIRCLE('',#6366,0.004);
#1186=CIRCLE('',#6368,0.004);
#1187=CIRCLE('',#6370,0.004);
#1188=CIRCLE('',#6372,0.004);
#1189=CIRCLE('',#6374,0.004);
#1190=CIRCLE('',#6378,0.02735);
#1191=CIRCLE('',#6380,0.003);
#1192=CIRCLE('',#6381,0.003);
#1193=CIRCLE('',#6383,0.003);
#1194=CIRCLE('',#6384,0.003);
#1195=CIRCLE('',#6386,0.003);
#1196=CIRCLE('',#6387,0.003);
#1197=CIRCLE('',#6389,0.003);
#1198=CIRCLE('',#6390,0.003);
#1199=CIRCLE('',#6392,0.003);
#1200=CIRCLE('',#6393,0.003);
#1201=CIRCLE('',#6395,0.003);
#1202=CIRCLE('',#6396,0.003);
#1203=CIRCLE('',#6398,0.003);
#1204=CIRCLE('',#6399,0.003);
#1205=CIRCLE('',#6401,0.003);
#1206=CIRCLE('',#6402,0.003);
#1207=CIRCLE('',#6404,0.0042);
#1208=CIRCLE('',#6406,0.0042);
#1209=CIRCLE('',#6408,0.0042);
#1210=CIRCLE('',#6410,0.0042);
#1211=CIRCLE('',#6412,0.0042);
#1212=CIRCLE('',#6414,0.0042);
#1213=CIRCLE('',#6416,0.0042);
#1214=CIRCLE('',#6418,0.0042);
#1215=CIRCLE('',#6420,0.0042);
#1216=CIRCLE('',#6422,0.0042);
#1217=CIRCLE('',#6424,0.0042);
#1218=CIRCLE('',#6426,0.0042);
#1219=CIRCLE('',#6428,0.0042);
#1220=CIRCLE('',#6430,0.0042);
#1221=CIRCLE('',#6432,0.0042);
#1222=CIRCLE('',#6434,0.0042);
#1223=CIRCLE('',#6440,0.02635);
#1224=CIRCLE('',#6450,0.004);
#1225=CIRCLE('',#6451,0.004);
#1226=CIRCLE('',#6453,0.004);
#1227=CIRCLE('',#6455,0.004);
#1228=CIRCLE('',#6457,0.004);
#1229=CIRCLE('',#6458,0.004);
#1230=CIRCLE('',#6459,0.004);
#1231=CIRCLE('',#6461,0.004);
#1232=CIRCLE('',#6463,0.004);
#1233=CIRCLE('',#6464,0.004);
#1234=CIRCLE('',#6466,0.004);
#1235=CIRCLE('',#6468,0.004);
#1236=CIRCLE('',#6470,0.004);
#1237=CIRCLE('',#6471,0.004);
#1238=CIRCLE('',#6472,0.004);
#1239=CIRCLE('',#6474,0.004);
#1240=CIRCLE('',#6476,0.004);
#1241=CIRCLE('',#6477,0.004);
#1242=CIRCLE('',#6479,0.004);
#1243=CIRCLE('',#6481,0.004);
#1244=CIRCLE('',#6483,0.004);
#1245=CIRCLE('',#6484,0.004);
#1246=CIRCLE('',#6485,0.004);
#1247=CIRCLE('',#6487,0.004);
#1248=CIRCLE('',#6489,0.004);
#1249=CIRCLE('',#6490,0.004);
#1250=CIRCLE('',#6492,0.004);
#1251=CIRCLE('',#6494,0.004);
#1252=CIRCLE('',#6496,0.004);
#1253=CIRCLE('',#6497,0.004);
#1254=CIRCLE('',#6498,0.004);
#1255=CIRCLE('',#6500,0.004);
#1256=CIRCLE('',#6508,0.001);
#1257=CIRCLE('',#6510,0.001);
#1258=CIRCLE('',#6511,0.001);
#1259=CIRCLE('',#6513,0.001);
#1260=CIRCLE('',#6514,0.001);
#1261=CIRCLE('',#6516,0.001);
#1262=CIRCLE('',#6517,0.001);
#1263=CIRCLE('',#6519,0.001);
#1264=CIRCLE('',#6522,0.018);
#1265=CIRCLE('',#6523,0.02);
#1266=CIRCLE('',#6531,0.018);
#1267=CIRCLE('',#6532,0.02);
#1268=ORIENTED_EDGE('',*,*,#2724,.T.);
#1269=ORIENTED_EDGE('',*,*,#2725,.F.);
#1270=ORIENTED_EDGE('',*,*,#2726,.F.);
#1271=ORIENTED_EDGE('',*,*,#2727,.T.);
#1272=ORIENTED_EDGE('',*,*,#2727,.F.);
#1273=ORIENTED_EDGE('',*,*,#2724,.F.);
#1274=ORIENTED_EDGE('',*,*,#2725,.T.);
#1275=ORIENTED_EDGE('',*,*,#2726,.T.);
#1276=ORIENTED_EDGE('',*,*,#2728,.F.);
#1277=ORIENTED_EDGE('',*,*,#2729,.T.);
#1278=ORIENTED_EDGE('',*,*,#2730,.T.);
#1279=ORIENTED_EDGE('',*,*,#2731,.F.);
#1280=ORIENTED_EDGE('',*,*,#2731,.T.);
#1281=ORIENTED_EDGE('',*,*,#2728,.T.);
#1282=ORIENTED_EDGE('',*,*,#2729,.F.);
#1283=ORIENTED_EDGE('',*,*,#2730,.F.);
#1284=ORIENTED_EDGE('',*,*,#2732,.T.);
#1285=ORIENTED_EDGE('',*,*,#2733,.T.);
#1286=ORIENTED_EDGE('',*,*,#2734,.T.);
#1287=ORIENTED_EDGE('',*,*,#2735,.T.);
#1288=ORIENTED_EDGE('',*,*,#2736,.T.);
#1289=ORIENTED_EDGE('',*,*,#2737,.T.);
#1290=ORIENTED_EDGE('',*,*,#2738,.T.);
#1291=ORIENTED_EDGE('',*,*,#2739,.T.);
#1292=ORIENTED_EDGE('',*,*,#2740,.T.);
#1293=ORIENTED_EDGE('',*,*,#2741,.F.);
#1294=ORIENTED_EDGE('',*,*,#2742,.T.);
#1295=ORIENTED_EDGE('',*,*,#2743,.T.);
#1296=ORIENTED_EDGE('',*,*,#2744,.T.);
#1297=ORIENTED_EDGE('',*,*,#2745,.F.);
#1298=ORIENTED_EDGE('',*,*,#2746,.F.);
#1299=ORIENTED_EDGE('',*,*,#2747,.F.);
#1300=ORIENTED_EDGE('',*,*,#2748,.F.);
#1301=ORIENTED_EDGE('',*,*,#2749,.T.);
#1302=ORIENTED_EDGE('',*,*,#2750,.T.);
#1303=ORIENTED_EDGE('',*,*,#2751,.T.);
#1304=ORIENTED_EDGE('',*,*,#2752,.T.);
#1305=ORIENTED_EDGE('',*,*,#2753,.T.);
#1306=ORIENTED_EDGE('',*,*,#2754,.T.);
#1307=ORIENTED_EDGE('',*,*,#2755,.T.);
#1308=ORIENTED_EDGE('',*,*,#2756,.T.);
#1309=ORIENTED_EDGE('',*,*,#2757,.T.);
#1310=ORIENTED_EDGE('',*,*,#2758,.T.);
#1311=ORIENTED_EDGE('',*,*,#2759,.T.);
#1312=ORIENTED_EDGE('',*,*,#2760,.T.);
#1313=ORIENTED_EDGE('',*,*,#2761,.T.);
#1314=ORIENTED_EDGE('',*,*,#2762,.T.);
#1315=ORIENTED_EDGE('',*,*,#2763,.T.);
#1316=ORIENTED_EDGE('',*,*,#2764,.T.);
#1317=ORIENTED_EDGE('',*,*,#2765,.T.);
#1318=ORIENTED_EDGE('',*,*,#2766,.T.);
#1319=ORIENTED_EDGE('',*,*,#2767,.T.);
#1320=ORIENTED_EDGE('',*,*,#2768,.T.);
#1321=ORIENTED_EDGE('',*,*,#2769,.T.);
#1322=ORIENTED_EDGE('',*,*,#2770,.T.);
#1323=ORIENTED_EDGE('',*,*,#2771,.T.);
#1324=ORIENTED_EDGE('',*,*,#2772,.T.);
#1325=ORIENTED_EDGE('',*,*,#2773,.F.);
#1326=ORIENTED_EDGE('',*,*,#2774,.F.);
#1327=ORIENTED_EDGE('',*,*,#2775,.F.);
#1328=ORIENTED_EDGE('',*,*,#2776,.F.);
#1329=ORIENTED_EDGE('',*,*,#2777,.T.);
#1330=ORIENTED_EDGE('',*,*,#2778,.T.);
#1331=ORIENTED_EDGE('',*,*,#2779,.T.);
#1332=ORIENTED_EDGE('',*,*,#2780,.T.);
#1333=ORIENTED_EDGE('',*,*,#2751,.F.);
#1334=ORIENTED_EDGE('',*,*,#2781,.T.);
#1335=ORIENTED_EDGE('',*,*,#2741,.T.);
#1336=ORIENTED_EDGE('',*,*,#2782,.T.);
#1337=ORIENTED_EDGE('',*,*,#2783,.T.);
#1338=ORIENTED_EDGE('',*,*,#2784,.T.);
#1339=ORIENTED_EDGE('',*,*,#2785,.T.);
#1340=ORIENTED_EDGE('',*,*,#2786,.T.);
#1341=ORIENTED_EDGE('',*,*,#2787,.T.);
#1342=ORIENTED_EDGE('',*,*,#2788,.T.);
#1343=ORIENTED_EDGE('',*,*,#2789,.T.);
#1344=ORIENTED_EDGE('',*,*,#2790,.T.);
#1345=ORIENTED_EDGE('',*,*,#2791,.F.);
#1346=ORIENTED_EDGE('',*,*,#2776,.T.);
#1347=ORIENTED_EDGE('',*,*,#2792,.F.);
#1348=ORIENTED_EDGE('',*,*,#2791,.T.);
#1349=ORIENTED_EDGE('',*,*,#2793,.F.);
#1350=ORIENTED_EDGE('',*,*,#2775,.T.);
#1351=ORIENTED_EDGE('',*,*,#2794,.F.);
#1352=ORIENTED_EDGE('',*,*,#2793,.T.);
#1353=ORIENTED_EDGE('',*,*,#2795,.F.);
#1354=ORIENTED_EDGE('',*,*,#2774,.T.);
#1355=ORIENTED_EDGE('',*,*,#2796,.F.);
#1356=ORIENTED_EDGE('',*,*,#2795,.T.);
#1357=ORIENTED_EDGE('',*,*,#2797,.F.);
#1358=ORIENTED_EDGE('',*,*,#2773,.T.);
#1359=ORIENTED_EDGE('',*,*,#2798,.F.);
#1360=ORIENTED_EDGE('',*,*,#2797,.T.);
#1361=ORIENTED_EDGE('',*,*,#2799,.T.);
#1362=ORIENTED_EDGE('',*,*,#2786,.F.);
#1363=ORIENTED_EDGE('',*,*,#2800,.T.);
#1364=ORIENTED_EDGE('',*,*,#2799,.F.);
#1365=ORIENTED_EDGE('',*,*,#2801,.T.);
#1366=ORIENTED_EDGE('',*,*,#2785,.F.);
#1367=ORIENTED_EDGE('',*,*,#2802,.T.);
#1368=ORIENTED_EDGE('',*,*,#2801,.F.);
#1369=ORIENTED_EDGE('',*,*,#2803,.T.);
#1370=ORIENTED_EDGE('',*,*,#2784,.F.);
#1371=ORIENTED_EDGE('',*,*,#2804,.T.);
#1372=ORIENTED_EDGE('',*,*,#2803,.F.);
#1373=ORIENTED_EDGE('',*,*,#2805,.T.);
#1374=ORIENTED_EDGE('',*,*,#2783,.F.);
#1375=ORIENTED_EDGE('',*,*,#2806,.T.);
#1376=ORIENTED_EDGE('',*,*,#2805,.F.);
#1377=ORIENTED_EDGE('',*,*,#2806,.F.);
#1378=ORIENTED_EDGE('',*,*,#2740,.F.);
#1379=ORIENTED_EDGE('',*,*,#2804,.F.);
#1380=ORIENTED_EDGE('',*,*,#2739,.F.);
#1381=ORIENTED_EDGE('',*,*,#2802,.F.);
#1382=ORIENTED_EDGE('',*,*,#2738,.F.);
#1383=ORIENTED_EDGE('',*,*,#2800,.F.);
#1384=ORIENTED_EDGE('',*,*,#2737,.F.);
#1385=ORIENTED_EDGE('',*,*,#2745,.T.);
#1386=ORIENTED_EDGE('',*,*,#2798,.T.);
#1387=ORIENTED_EDGE('',*,*,#2746,.T.);
#1388=ORIENTED_EDGE('',*,*,#2796,.T.);
#1389=ORIENTED_EDGE('',*,*,#2747,.T.);
#1390=ORIENTED_EDGE('',*,*,#2794,.T.);
#1391=ORIENTED_EDGE('',*,*,#2748,.T.);
#1392=ORIENTED_EDGE('',*,*,#2792,.T.);
#1393=ORIENTED_EDGE('',*,*,#2807,.T.);
#1394=ORIENTED_EDGE('',*,*,#2808,.T.);
#1395=ORIENTED_EDGE('',*,*,#2809,.T.);
#1396=ORIENTED_EDGE('',*,*,#2779,.F.);
#1397=ORIENTED_EDGE('',*,*,#2810,.T.);
#1398=ORIENTED_EDGE('',*,*,#2769,.F.);
#1399=ORIENTED_EDGE('',*,*,#2811,.F.);
#1400=ORIENTED_EDGE('',*,*,#2812,.F.);
#1401=ORIENTED_EDGE('',*,*,#2813,.F.);
#1402=ORIENTED_EDGE('',*,*,#2811,.T.);
#1403=ORIENTED_EDGE('',*,*,#2813,.T.);
#1404=ORIENTED_EDGE('',*,*,#2734,.F.);
#1405=ORIENTED_EDGE('',*,*,#2814,.F.);
#1406=ORIENTED_EDGE('',*,*,#2780,.F.);
#1407=ORIENTED_EDGE('',*,*,#2755,.F.);
#1408=ORIENTED_EDGE('',*,*,#2815,.T.);
#1409=ORIENTED_EDGE('',*,*,#2787,.F.);
#1410=ORIENTED_EDGE('',*,*,#2816,.F.);
#1411=ORIENTED_EDGE('',*,*,#2771,.F.);
#1412=ORIENTED_EDGE('',*,*,#2817,.T.);
#1413=ORIENTED_EDGE('',*,*,#2753,.F.);
#1414=ORIENTED_EDGE('',*,*,#2818,.F.);
#1415=ORIENTED_EDGE('',*,*,#2812,.T.);
#1416=ORIENTED_EDGE('',*,*,#2772,.F.);
#1417=ORIENTED_EDGE('',*,*,#2819,.F.);
#1418=ORIENTED_EDGE('',*,*,#2735,.F.);
#1419=ORIENTED_EDGE('',*,*,#2814,.T.);
#1420=ORIENTED_EDGE('',*,*,#2733,.F.);
#1421=ORIENTED_EDGE('',*,*,#2820,.F.);
#1422=ORIENTED_EDGE('',*,*,#2752,.F.);
#1423=ORIENTED_EDGE('',*,*,#2766,.F.);
#1424=ORIENTED_EDGE('',*,*,#2821,.T.);
#1425=ORIENTED_EDGE('',*,*,#2749,.F.);
#1426=ORIENTED_EDGE('',*,*,#2822,.F.);
#1427=ORIENTED_EDGE('',*,*,#2823,.F.);
#1428=ORIENTED_EDGE('',*,*,#2816,.T.);
#1429=ORIENTED_EDGE('',*,*,#2824,.F.);
#1430=ORIENTED_EDGE('',*,*,#2760,.F.);
#1431=ORIENTED_EDGE('',*,*,#2825,.F.);
#1432=ORIENTED_EDGE('',*,*,#2826,.F.);
#1433=ORIENTED_EDGE('',*,*,#2756,.F.);
#1434=ORIENTED_EDGE('',*,*,#2823,.T.);
#1435=ORIENTED_EDGE('',*,*,#2827,.F.);
#1436=ORIENTED_EDGE('',*,*,#2818,.T.);
#1437=ORIENTED_EDGE('',*,*,#2826,.T.);
#1438=ORIENTED_EDGE('',*,*,#2828,.F.);
#1439=ORIENTED_EDGE('',*,*,#2736,.F.);
#1440=ORIENTED_EDGE('',*,*,#2819,.T.);
#1441=ORIENTED_EDGE('',*,*,#2822,.T.);
#1442=ORIENTED_EDGE('',*,*,#2820,.T.);
#1443=ORIENTED_EDGE('',*,*,#2829,.F.);
#1444=ORIENTED_EDGE('',*,*,#2789,.F.);
#1445=ORIENTED_EDGE('',*,*,#2830,.T.);
#1446=ORIENTED_EDGE('',*,*,#2777,.F.);
#1447=ORIENTED_EDGE('',*,*,#2831,.F.);
#1448=ORIENTED_EDGE('',*,*,#2824,.T.);
#1449=ORIENTED_EDGE('',*,*,#2790,.F.);
#1450=ORIENTED_EDGE('',*,*,#2832,.F.);
#1451=ORIENTED_EDGE('',*,*,#2761,.F.);
#1452=ORIENTED_EDGE('',*,*,#2825,.T.);
#1453=ORIENTED_EDGE('',*,*,#2759,.F.);
#1454=ORIENTED_EDGE('',*,*,#2833,.F.);
#1455=ORIENTED_EDGE('',*,*,#2767,.F.);
#1456=ORIENTED_EDGE('',*,*,#2829,.T.);
#1457=ORIENTED_EDGE('',*,*,#2732,.F.);
#1458=ORIENTED_EDGE('',*,*,#2828,.T.);
#1459=ORIENTED_EDGE('',*,*,#2827,.T.);
#1460=ORIENTED_EDGE('',*,*,#2743,.F.);
#1461=ORIENTED_EDGE('',*,*,#2834,.T.);
#1462=ORIENTED_EDGE('',*,*,#2762,.F.);
#1463=ORIENTED_EDGE('',*,*,#2835,.F.);
#1464=ORIENTED_EDGE('',*,*,#2832,.T.);
#1465=ORIENTED_EDGE('',*,*,#2831,.T.);
#1466=ORIENTED_EDGE('',*,*,#2836,.F.);
#1467=ORIENTED_EDGE('',*,*,#2835,.T.);
#1468=ORIENTED_EDGE('',*,*,#2833,.T.);
#1469=ORIENTED_EDGE('',*,*,#2837,.F.);
#1470=ORIENTED_EDGE('',*,*,#2836,.T.);
#1471=ORIENTED_EDGE('',*,*,#2782,.F.);
#1472=ORIENTED_EDGE('',*,*,#2838,.F.);
#1473=ORIENTED_EDGE('',*,*,#2757,.F.);
#1474=ORIENTED_EDGE('',*,*,#2837,.T.);
#1475=ORIENTED_EDGE('',*,*,#2758,.F.);
#1476=ORIENTED_EDGE('',*,*,#2838,.T.);
#1477=ORIENTED_EDGE('',*,*,#2744,.F.);
#1478=ORIENTED_EDGE('',*,*,#2821,.F.);
#1479=ORIENTED_EDGE('',*,*,#2839,.T.);
#1480=ORIENTED_EDGE('',*,*,#2807,.F.);
#1481=ORIENTED_EDGE('',*,*,#2840,.F.);
#1482=ORIENTED_EDGE('',*,*,#2840,.T.);
#1483=ORIENTED_EDGE('',*,*,#2841,.F.);
#1484=ORIENTED_EDGE('',*,*,#2742,.F.);
#1485=ORIENTED_EDGE('',*,*,#2781,.F.);
#1486=ORIENTED_EDGE('',*,*,#2750,.F.);
#1487=ORIENTED_EDGE('',*,*,#2809,.F.);
#1488=ORIENTED_EDGE('',*,*,#2842,.T.);
#1489=ORIENTED_EDGE('',*,*,#2834,.F.);
#1490=ORIENTED_EDGE('',*,*,#2841,.T.);
#1491=ORIENTED_EDGE('',*,*,#2843,.F.);
#1492=ORIENTED_EDGE('',*,*,#2844,.T.);
#1493=ORIENTED_EDGE('',*,*,#2845,.T.);
#1494=ORIENTED_EDGE('',*,*,#2846,.T.);
#1495=ORIENTED_EDGE('',*,*,#2847,.T.);
#1496=ORIENTED_EDGE('',*,*,#2848,.T.);
#1497=ORIENTED_EDGE('',*,*,#2849,.T.);
#1498=ORIENTED_EDGE('',*,*,#2850,.T.);
#1499=ORIENTED_EDGE('',*,*,#2851,.T.);
#1500=ORIENTED_EDGE('',*,*,#2852,.T.);
#1501=ORIENTED_EDGE('',*,*,#2853,.T.);
#1502=ORIENTED_EDGE('',*,*,#2854,.T.);
#1503=ORIENTED_EDGE('',*,*,#2855,.T.);
#1504=ORIENTED_EDGE('',*,*,#2856,.T.);
#1505=ORIENTED_EDGE('',*,*,#2857,.T.);
#1506=ORIENTED_EDGE('',*,*,#2858,.T.);
#1507=ORIENTED_EDGE('',*,*,#2859,.T.);
#1508=ORIENTED_EDGE('',*,*,#2860,.T.);
#1509=ORIENTED_EDGE('',*,*,#2861,.T.);
#1510=ORIENTED_EDGE('',*,*,#2862,.T.);
#1511=ORIENTED_EDGE('',*,*,#2863,.T.);
#1512=ORIENTED_EDGE('',*,*,#2864,.T.);
#1513=ORIENTED_EDGE('',*,*,#2865,.T.);
#1514=ORIENTED_EDGE('',*,*,#2866,.T.);
#1515=ORIENTED_EDGE('',*,*,#2867,.T.);
#1516=ORIENTED_EDGE('',*,*,#2868,.T.);
#1517=ORIENTED_EDGE('',*,*,#2869,.T.);
#1518=ORIENTED_EDGE('',*,*,#2870,.F.);
#1519=ORIENTED_EDGE('',*,*,#2871,.T.);
#1520=ORIENTED_EDGE('',*,*,#2872,.T.);
#1521=ORIENTED_EDGE('',*,*,#2873,.T.);
#1522=ORIENTED_EDGE('',*,*,#2874,.T.);
#1523=ORIENTED_EDGE('',*,*,#2875,.T.);
#1524=ORIENTED_EDGE('',*,*,#2876,.T.);
#1525=ORIENTED_EDGE('',*,*,#2877,.T.);
#1526=ORIENTED_EDGE('',*,*,#2878,.T.);
#1527=ORIENTED_EDGE('',*,*,#2879,.T.);
#1528=ORIENTED_EDGE('',*,*,#2880,.T.);
#1529=ORIENTED_EDGE('',*,*,#2881,.T.);
#1530=ORIENTED_EDGE('',*,*,#2882,.T.);
#1531=ORIENTED_EDGE('',*,*,#2883,.F.);
#1532=ORIENTED_EDGE('',*,*,#2884,.T.);
#1533=ORIENTED_EDGE('',*,*,#2885,.T.);
#1534=ORIENTED_EDGE('',*,*,#2886,.T.);
#1535=ORIENTED_EDGE('',*,*,#2887,.F.);
#1536=ORIENTED_EDGE('',*,*,#2888,.F.);
#1537=ORIENTED_EDGE('',*,*,#2889,.F.);
#1538=ORIENTED_EDGE('',*,*,#2890,.F.);
#1539=ORIENTED_EDGE('',*,*,#2891,.T.);
#1540=ORIENTED_EDGE('',*,*,#2892,.T.);
#1541=ORIENTED_EDGE('',*,*,#2893,.T.);
#1542=ORIENTED_EDGE('',*,*,#2894,.T.);
#1543=ORIENTED_EDGE('',*,*,#2895,.T.);
#1544=ORIENTED_EDGE('',*,*,#2896,.T.);
#1545=ORIENTED_EDGE('',*,*,#2897,.T.);
#1546=ORIENTED_EDGE('',*,*,#2898,.T.);
#1547=ORIENTED_EDGE('',*,*,#2899,.T.);
#1548=ORIENTED_EDGE('',*,*,#2900,.T.);
#1549=ORIENTED_EDGE('',*,*,#2901,.T.);
#1550=ORIENTED_EDGE('',*,*,#2902,.T.);
#1551=ORIENTED_EDGE('',*,*,#2903,.T.);
#1552=ORIENTED_EDGE('',*,*,#2904,.T.);
#1553=ORIENTED_EDGE('',*,*,#2905,.T.);
#1554=ORIENTED_EDGE('',*,*,#2906,.T.);
#1555=ORIENTED_EDGE('',*,*,#2907,.T.);
#1556=ORIENTED_EDGE('',*,*,#2908,.T.);
#1557=ORIENTED_EDGE('',*,*,#2909,.T.);
#1558=ORIENTED_EDGE('',*,*,#2910,.T.);
#1559=ORIENTED_EDGE('',*,*,#2911,.T.);
#1560=ORIENTED_EDGE('',*,*,#2912,.T.);
#1561=ORIENTED_EDGE('',*,*,#2913,.T.);
#1562=ORIENTED_EDGE('',*,*,#2914,.T.);
#1563=ORIENTED_EDGE('',*,*,#2915,.F.);
#1564=ORIENTED_EDGE('',*,*,#2916,.F.);
#1565=ORIENTED_EDGE('',*,*,#2917,.F.);
#1566=ORIENTED_EDGE('',*,*,#2918,.F.);
#1567=ORIENTED_EDGE('',*,*,#2919,.T.);
#1568=ORIENTED_EDGE('',*,*,#2920,.T.);
#1569=ORIENTED_EDGE('',*,*,#2921,.T.);
#1570=ORIENTED_EDGE('',*,*,#2922,.T.);
#1571=ORIENTED_EDGE('',*,*,#2923,.T.);
#1572=ORIENTED_EDGE('',*,*,#2924,.T.);
#1573=ORIENTED_EDGE('',*,*,#2925,.T.);
#1574=ORIENTED_EDGE('',*,*,#2926,.T.);
#1575=ORIENTED_EDGE('',*,*,#2927,.T.);
#1576=ORIENTED_EDGE('',*,*,#2928,.T.);
#1577=ORIENTED_EDGE('',*,*,#2929,.T.);
#1578=ORIENTED_EDGE('',*,*,#2930,.T.);
#1579=ORIENTED_EDGE('',*,*,#2893,.F.);
#1580=ORIENTED_EDGE('',*,*,#2931,.T.);
#1581=ORIENTED_EDGE('',*,*,#2883,.T.);
#1582=ORIENTED_EDGE('',*,*,#2932,.T.);
#1583=ORIENTED_EDGE('',*,*,#2933,.F.);
#1584=ORIENTED_EDGE('',*,*,#2918,.T.);
#1585=ORIENTED_EDGE('',*,*,#2934,.F.);
#1586=ORIENTED_EDGE('',*,*,#2933,.T.);
#1587=ORIENTED_EDGE('',*,*,#2935,.F.);
#1588=ORIENTED_EDGE('',*,*,#2917,.T.);
#1589=ORIENTED_EDGE('',*,*,#2936,.F.);
#1590=ORIENTED_EDGE('',*,*,#2935,.T.);
#1591=ORIENTED_EDGE('',*,*,#2937,.F.);
#1592=ORIENTED_EDGE('',*,*,#2916,.T.);
#1593=ORIENTED_EDGE('',*,*,#2938,.F.);
#1594=ORIENTED_EDGE('',*,*,#2937,.T.);
#1595=ORIENTED_EDGE('',*,*,#2939,.F.);
#1596=ORIENTED_EDGE('',*,*,#2915,.T.);
#1597=ORIENTED_EDGE('',*,*,#2940,.F.);
#1598=ORIENTED_EDGE('',*,*,#2939,.T.);
#1599=ORIENTED_EDGE('',*,*,#2941,.T.);
#1600=ORIENTED_EDGE('',*,*,#2922,.F.);
#1601=ORIENTED_EDGE('',*,*,#2942,.T.);
#1602=ORIENTED_EDGE('',*,*,#2941,.F.);
#1603=ORIENTED_EDGE('',*,*,#2943,.T.);
#1604=ORIENTED_EDGE('',*,*,#2921,.F.);
#1605=ORIENTED_EDGE('',*,*,#2944,.T.);
#1606=ORIENTED_EDGE('',*,*,#2943,.F.);
#1607=ORIENTED_EDGE('',*,*,#2945,.T.);
#1608=ORIENTED_EDGE('',*,*,#2920,.F.);
#1609=ORIENTED_EDGE('',*,*,#2946,.T.);
#1610=ORIENTED_EDGE('',*,*,#2945,.F.);
#1611=ORIENTED_EDGE('',*,*,#2947,.T.);
#1612=ORIENTED_EDGE('',*,*,#2919,.F.);
#1613=ORIENTED_EDGE('',*,*,#2948,.T.);
#1614=ORIENTED_EDGE('',*,*,#2947,.F.);
#1615=ORIENTED_EDGE('',*,*,#2948,.F.);
#1616=ORIENTED_EDGE('',*,*,#2882,.F.);
#1617=ORIENTED_EDGE('',*,*,#2946,.F.);
#1618=ORIENTED_EDGE('',*,*,#2881,.F.);
#1619=ORIENTED_EDGE('',*,*,#2944,.F.);
#1620=ORIENTED_EDGE('',*,*,#2880,.F.);
#1621=ORIENTED_EDGE('',*,*,#2942,.F.);
#1622=ORIENTED_EDGE('',*,*,#2879,.F.);
#1623=ORIENTED_EDGE('',*,*,#2887,.T.);
#1624=ORIENTED_EDGE('',*,*,#2940,.T.);
#1625=ORIENTED_EDGE('',*,*,#2888,.T.);
#1626=ORIENTED_EDGE('',*,*,#2938,.T.);
#1627=ORIENTED_EDGE('',*,*,#2889,.T.);
#1628=ORIENTED_EDGE('',*,*,#2936,.T.);
#1629=ORIENTED_EDGE('',*,*,#2890,.T.);
#1630=ORIENTED_EDGE('',*,*,#2934,.T.);
#1631=ORIENTED_EDGE('',*,*,#2949,.T.);
#1632=ORIENTED_EDGE('',*,*,#2950,.T.);
#1633=ORIENTED_EDGE('',*,*,#2951,.T.);
#1634=ORIENTED_EDGE('',*,*,#2929,.F.);
#1635=ORIENTED_EDGE('',*,*,#2952,.T.);
#1636=ORIENTED_EDGE('',*,*,#2911,.F.);
#1637=ORIENTED_EDGE('',*,*,#2953,.F.);
#1638=ORIENTED_EDGE('',*,*,#2954,.F.);
#1639=ORIENTED_EDGE('',*,*,#2955,.F.);
#1640=ORIENTED_EDGE('',*,*,#2953,.T.);
#1641=ORIENTED_EDGE('',*,*,#2955,.T.);
#1642=ORIENTED_EDGE('',*,*,#2876,.F.);
#1643=ORIENTED_EDGE('',*,*,#2956,.F.);
#1644=ORIENTED_EDGE('',*,*,#2930,.F.);
#1645=ORIENTED_EDGE('',*,*,#2897,.F.);
#1646=ORIENTED_EDGE('',*,*,#2957,.T.);
#1647=ORIENTED_EDGE('',*,*,#2923,.F.);
#1648=ORIENTED_EDGE('',*,*,#2958,.F.);
#1649=ORIENTED_EDGE('',*,*,#2913,.F.);
#1650=ORIENTED_EDGE('',*,*,#2959,.T.);
#1651=ORIENTED_EDGE('',*,*,#2895,.F.);
#1652=ORIENTED_EDGE('',*,*,#2960,.F.);
#1653=ORIENTED_EDGE('',*,*,#2954,.T.);
#1654=ORIENTED_EDGE('',*,*,#2914,.F.);
#1655=ORIENTED_EDGE('',*,*,#2961,.F.);
#1656=ORIENTED_EDGE('',*,*,#2877,.F.);
#1657=ORIENTED_EDGE('',*,*,#2956,.T.);
#1658=ORIENTED_EDGE('',*,*,#2875,.F.);
#1659=ORIENTED_EDGE('',*,*,#2962,.F.);
#1660=ORIENTED_EDGE('',*,*,#2894,.F.);
#1661=ORIENTED_EDGE('',*,*,#2908,.F.);
#1662=ORIENTED_EDGE('',*,*,#2963,.T.);
#1663=ORIENTED_EDGE('',*,*,#2891,.F.);
#1664=ORIENTED_EDGE('',*,*,#2964,.F.);
#1665=ORIENTED_EDGE('',*,*,#2965,.F.);
#1666=ORIENTED_EDGE('',*,*,#2958,.T.);
#1667=ORIENTED_EDGE('',*,*,#2966,.F.);
#1668=ORIENTED_EDGE('',*,*,#2902,.F.);
#1669=ORIENTED_EDGE('',*,*,#2967,.F.);
#1670=ORIENTED_EDGE('',*,*,#2968,.F.);
#1671=ORIENTED_EDGE('',*,*,#2898,.F.);
#1672=ORIENTED_EDGE('',*,*,#2965,.T.);
#1673=ORIENTED_EDGE('',*,*,#2969,.F.);
#1674=ORIENTED_EDGE('',*,*,#2960,.T.);
#1675=ORIENTED_EDGE('',*,*,#2968,.T.);
#1676=ORIENTED_EDGE('',*,*,#2970,.F.);
#1677=ORIENTED_EDGE('',*,*,#2878,.F.);
#1678=ORIENTED_EDGE('',*,*,#2961,.T.);
#1679=ORIENTED_EDGE('',*,*,#2964,.T.);
#1680=ORIENTED_EDGE('',*,*,#2962,.T.);
#1681=ORIENTED_EDGE('',*,*,#2971,.F.);
#1682=ORIENTED_EDGE('',*,*,#2925,.F.);
#1683=ORIENTED_EDGE('',*,*,#2972,.T.);
#1684=ORIENTED_EDGE('',*,*,#2927,.F.);
#1685=ORIENTED_EDGE('',*,*,#2973,.F.);
#1686=ORIENTED_EDGE('',*,*,#2966,.T.);
#1687=ORIENTED_EDGE('',*,*,#2926,.F.);
#1688=ORIENTED_EDGE('',*,*,#2974,.F.);
#1689=ORIENTED_EDGE('',*,*,#2903,.F.);
#1690=ORIENTED_EDGE('',*,*,#2967,.T.);
#1691=ORIENTED_EDGE('',*,*,#2901,.F.);
#1692=ORIENTED_EDGE('',*,*,#2975,.F.);
#1693=ORIENTED_EDGE('',*,*,#2909,.F.);
#1694=ORIENTED_EDGE('',*,*,#2971,.T.);
#1695=ORIENTED_EDGE('',*,*,#2874,.F.);
#1696=ORIENTED_EDGE('',*,*,#2970,.T.);
#1697=ORIENTED_EDGE('',*,*,#2969,.T.);
#1698=ORIENTED_EDGE('',*,*,#2885,.F.);
#1699=ORIENTED_EDGE('',*,*,#2976,.T.);
#1700=ORIENTED_EDGE('',*,*,#2904,.F.);
#1701=ORIENTED_EDGE('',*,*,#2977,.F.);
#1702=ORIENTED_EDGE('',*,*,#2974,.T.);
#1703=ORIENTED_EDGE('',*,*,#2973,.T.);
#1704=ORIENTED_EDGE('',*,*,#2978,.F.);
#1705=ORIENTED_EDGE('',*,*,#2977,.T.);
#1706=ORIENTED_EDGE('',*,*,#2975,.T.);
#1707=ORIENTED_EDGE('',*,*,#2979,.F.);
#1708=ORIENTED_EDGE('',*,*,#2978,.T.);
#1709=ORIENTED_EDGE('',*,*,#2932,.F.);
#1710=ORIENTED_EDGE('',*,*,#2980,.F.);
#1711=ORIENTED_EDGE('',*,*,#2899,.F.);
#1712=ORIENTED_EDGE('',*,*,#2979,.T.);
#1713=ORIENTED_EDGE('',*,*,#2900,.F.);
#1714=ORIENTED_EDGE('',*,*,#2980,.T.);
#1715=ORIENTED_EDGE('',*,*,#2886,.F.);
#1716=ORIENTED_EDGE('',*,*,#2963,.F.);
#1717=ORIENTED_EDGE('',*,*,#2981,.T.);
#1718=ORIENTED_EDGE('',*,*,#2949,.F.);
#1719=ORIENTED_EDGE('',*,*,#2982,.F.);
#1720=ORIENTED_EDGE('',*,*,#2982,.T.);
#1721=ORIENTED_EDGE('',*,*,#2983,.F.);
#1722=ORIENTED_EDGE('',*,*,#2884,.F.);
#1723=ORIENTED_EDGE('',*,*,#2931,.F.);
#1724=ORIENTED_EDGE('',*,*,#2892,.F.);
#1725=ORIENTED_EDGE('',*,*,#2951,.F.);
#1726=ORIENTED_EDGE('',*,*,#2984,.T.);
#1727=ORIENTED_EDGE('',*,*,#2976,.F.);
#1728=ORIENTED_EDGE('',*,*,#2983,.T.);
#1729=ORIENTED_EDGE('',*,*,#2985,.F.);
#1730=ORIENTED_EDGE('',*,*,#2986,.T.);
#1731=ORIENTED_EDGE('',*,*,#2987,.T.);
#1732=ORIENTED_EDGE('',*,*,#2988,.T.);
#1733=ORIENTED_EDGE('',*,*,#2989,.T.);
#1734=ORIENTED_EDGE('',*,*,#2990,.T.);
#1735=ORIENTED_EDGE('',*,*,#2991,.T.);
#1736=ORIENTED_EDGE('',*,*,#2992,.T.);
#1737=ORIENTED_EDGE('',*,*,#2993,.T.);
#1738=ORIENTED_EDGE('',*,*,#2994,.T.);
#1739=ORIENTED_EDGE('',*,*,#2995,.T.);
#1740=ORIENTED_EDGE('',*,*,#2996,.T.);
#1741=ORIENTED_EDGE('',*,*,#2997,.T.);
#1742=ORIENTED_EDGE('',*,*,#2998,.T.);
#1743=ORIENTED_EDGE('',*,*,#2999,.T.);
#1744=ORIENTED_EDGE('',*,*,#3000,.T.);
#1745=ORIENTED_EDGE('',*,*,#3001,.T.);
#1746=ORIENTED_EDGE('',*,*,#3002,.T.);
#1747=ORIENTED_EDGE('',*,*,#3003,.T.);
#1748=ORIENTED_EDGE('',*,*,#3004,.T.);
#1749=ORIENTED_EDGE('',*,*,#3005,.T.);
#1750=ORIENTED_EDGE('',*,*,#3006,.T.);
#1751=ORIENTED_EDGE('',*,*,#3007,.T.);
#1752=ORIENTED_EDGE('',*,*,#3008,.T.);
#1753=ORIENTED_EDGE('',*,*,#3009,.T.);
#1754=ORIENTED_EDGE('',*,*,#3010,.T.);
#1755=ORIENTED_EDGE('',*,*,#3011,.T.);
#1756=ORIENTED_EDGE('',*,*,#3012,.T.);
#1757=ORIENTED_EDGE('',*,*,#3013,.T.);
#1758=ORIENTED_EDGE('',*,*,#3014,.T.);
#1759=ORIENTED_EDGE('',*,*,#3015,.T.);
#1760=ORIENTED_EDGE('',*,*,#3016,.T.);
#1761=ORIENTED_EDGE('',*,*,#3017,.T.);
#1762=ORIENTED_EDGE('',*,*,#3018,.T.);
#1763=ORIENTED_EDGE('',*,*,#3019,.T.);
#1764=ORIENTED_EDGE('',*,*,#3020,.T.);
#1765=ORIENTED_EDGE('',*,*,#3021,.T.);
#1766=ORIENTED_EDGE('',*,*,#3022,.T.);
#1767=ORIENTED_EDGE('',*,*,#3023,.T.);
#1768=ORIENTED_EDGE('',*,*,#3024,.T.);
#1769=ORIENTED_EDGE('',*,*,#3025,.T.);
#1770=ORIENTED_EDGE('',*,*,#3026,.T.);
#1771=ORIENTED_EDGE('',*,*,#3027,.T.);
#1772=ORIENTED_EDGE('',*,*,#3028,.T.);
#1773=ORIENTED_EDGE('',*,*,#3029,.T.);
#1774=ORIENTED_EDGE('',*,*,#3030,.T.);
#1775=ORIENTED_EDGE('',*,*,#3031,.T.);
#1776=ORIENTED_EDGE('',*,*,#3032,.T.);
#1777=ORIENTED_EDGE('',*,*,#3033,.T.);
#1778=ORIENTED_EDGE('',*,*,#3034,.T.);
#1779=ORIENTED_EDGE('',*,*,#3035,.T.);
#1780=ORIENTED_EDGE('',*,*,#3036,.T.);
#1781=ORIENTED_EDGE('',*,*,#3037,.T.);
#1782=ORIENTED_EDGE('',*,*,#3038,.T.);
#1783=ORIENTED_EDGE('',*,*,#3039,.T.);
#1784=ORIENTED_EDGE('',*,*,#3040,.T.);
#1785=ORIENTED_EDGE('',*,*,#3041,.T.);
#1786=ORIENTED_EDGE('',*,*,#3042,.T.);
#1787=ORIENTED_EDGE('',*,*,#3043,.T.);
#1788=ORIENTED_EDGE('',*,*,#3044,.T.);
#1789=ORIENTED_EDGE('',*,*,#3045,.T.);
#1790=ORIENTED_EDGE('',*,*,#3046,.T.);
#1791=ORIENTED_EDGE('',*,*,#3047,.T.);
#1792=ORIENTED_EDGE('',*,*,#3048,.T.);
#1793=ORIENTED_EDGE('',*,*,#3049,.T.);
#1794=ORIENTED_EDGE('',*,*,#3050,.T.);
#1795=ORIENTED_EDGE('',*,*,#3051,.F.);
#1796=ORIENTED_EDGE('',*,*,#3049,.F.);
#1797=ORIENTED_EDGE('',*,*,#3052,.F.);
#1798=ORIENTED_EDGE('',*,*,#3053,.F.);
#1799=ORIENTED_EDGE('',*,*,#3054,.F.);
#1800=ORIENTED_EDGE('',*,*,#3051,.T.);
#1801=ORIENTED_EDGE('',*,*,#3055,.F.);
#1802=ORIENTED_EDGE('',*,*,#3056,.F.);
#1803=ORIENTED_EDGE('',*,*,#3052,.T.);
#1804=ORIENTED_EDGE('',*,*,#3057,.F.);
#1805=ORIENTED_EDGE('',*,*,#3055,.T.);
#1806=ORIENTED_EDGE('',*,*,#3058,.F.);
#1807=ORIENTED_EDGE('',*,*,#3059,.F.);
#1808=ORIENTED_EDGE('',*,*,#2989,.F.);
#1809=ORIENTED_EDGE('',*,*,#3054,.T.);
#1810=ORIENTED_EDGE('',*,*,#2988,.F.);
#1811=ORIENTED_EDGE('',*,*,#3060,.F.);
#1812=ORIENTED_EDGE('',*,*,#3050,.F.);
#1813=ORIENTED_EDGE('',*,*,#3061,.F.);
#1814=ORIENTED_EDGE('',*,*,#3047,.F.);
#1815=ORIENTED_EDGE('',*,*,#3062,.F.);
#1816=ORIENTED_EDGE('',*,*,#2865,.F.);
#1817=ORIENTED_EDGE('',*,*,#3057,.T.);
#1818=ORIENTED_EDGE('',*,*,#3048,.F.);
#1819=ORIENTED_EDGE('',*,*,#3063,.F.);
#1820=ORIENTED_EDGE('',*,*,#3044,.F.);
#1821=ORIENTED_EDGE('',*,*,#3056,.T.);
#1822=ORIENTED_EDGE('',*,*,#3043,.F.);
#1823=ORIENTED_EDGE('',*,*,#3064,.F.);
#1824=ORIENTED_EDGE('',*,*,#3065,.F.);
#1825=ORIENTED_EDGE('',*,*,#3066,.F.);
#1826=ORIENTED_EDGE('',*,*,#3059,.T.);
#1827=ORIENTED_EDGE('',*,*,#3067,.F.);
#1828=ORIENTED_EDGE('',*,*,#3062,.T.);
#1829=ORIENTED_EDGE('',*,*,#3060,.T.);
#1830=ORIENTED_EDGE('',*,*,#3068,.F.);
#1831=ORIENTED_EDGE('',*,*,#3063,.T.);
#1832=ORIENTED_EDGE('',*,*,#3061,.T.);
#1833=ORIENTED_EDGE('',*,*,#3069,.F.);
#1834=ORIENTED_EDGE('',*,*,#3070,.F.);
#1835=ORIENTED_EDGE('',*,*,#3064,.T.);
#1836=ORIENTED_EDGE('',*,*,#3071,.F.);
#1837=ORIENTED_EDGE('',*,*,#3067,.T.);
#1838=ORIENTED_EDGE('',*,*,#3072,.F.);
#1839=ORIENTED_EDGE('',*,*,#3073,.F.);
#1840=ORIENTED_EDGE('',*,*,#2991,.F.);
#1841=ORIENTED_EDGE('',*,*,#3066,.T.);
#1842=ORIENTED_EDGE('',*,*,#2994,.F.);
#1843=ORIENTED_EDGE('',*,*,#3074,.F.);
#1844=ORIENTED_EDGE('',*,*,#2990,.F.);
#1845=ORIENTED_EDGE('',*,*,#3068,.T.);
#1846=ORIENTED_EDGE('',*,*,#2987,.F.);
#1847=ORIENTED_EDGE('',*,*,#3075,.F.);
#1848=ORIENTED_EDGE('',*,*,#2866,.F.);
#1849=ORIENTED_EDGE('',*,*,#3069,.T.);
#1850=ORIENTED_EDGE('',*,*,#2864,.F.);
#1851=ORIENTED_EDGE('',*,*,#3076,.F.);
#1852=ORIENTED_EDGE('',*,*,#3045,.F.);
#1853=ORIENTED_EDGE('',*,*,#3071,.T.);
#1854=ORIENTED_EDGE('',*,*,#3046,.F.);
#1855=ORIENTED_EDGE('',*,*,#3077,.F.);
#1856=ORIENTED_EDGE('',*,*,#3040,.F.);
#1857=ORIENTED_EDGE('',*,*,#3070,.T.);
#1858=ORIENTED_EDGE('',*,*,#3039,.F.);
#1859=ORIENTED_EDGE('',*,*,#3078,.F.);
#1860=ORIENTED_EDGE('',*,*,#3079,.F.);
#1861=ORIENTED_EDGE('',*,*,#3080,.F.);
#1862=ORIENTED_EDGE('',*,*,#3073,.T.);
#1863=ORIENTED_EDGE('',*,*,#3081,.F.);
#1864=ORIENTED_EDGE('',*,*,#3075,.T.);
#1865=ORIENTED_EDGE('',*,*,#3074,.T.);
#1866=ORIENTED_EDGE('',*,*,#3082,.F.);
#1867=ORIENTED_EDGE('',*,*,#3077,.T.);
#1868=ORIENTED_EDGE('',*,*,#3076,.T.);
#1869=ORIENTED_EDGE('',*,*,#3083,.F.);
#1870=ORIENTED_EDGE('',*,*,#3084,.F.);
#1871=ORIENTED_EDGE('',*,*,#3078,.T.);
#1872=ORIENTED_EDGE('',*,*,#3085,.F.);
#1873=ORIENTED_EDGE('',*,*,#3081,.T.);
#1874=ORIENTED_EDGE('',*,*,#3086,.F.);
#1875=ORIENTED_EDGE('',*,*,#3087,.F.);
#1876=ORIENTED_EDGE('',*,*,#2995,.F.);
#1877=ORIENTED_EDGE('',*,*,#3080,.T.);
#1878=ORIENTED_EDGE('',*,*,#2998,.F.);
#1879=ORIENTED_EDGE('',*,*,#3088,.F.);
#1880=ORIENTED_EDGE('',*,*,#2992,.F.);
#1881=ORIENTED_EDGE('',*,*,#3082,.T.);
#1882=ORIENTED_EDGE('',*,*,#2993,.F.);
#1883=ORIENTED_EDGE('',*,*,#3089,.F.);
#1884=ORIENTED_EDGE('',*,*,#2867,.F.);
#1885=ORIENTED_EDGE('',*,*,#3083,.T.);
#1886=ORIENTED_EDGE('',*,*,#2863,.F.);
#1887=ORIENTED_EDGE('',*,*,#3090,.F.);
#1888=ORIENTED_EDGE('',*,*,#3041,.F.);
#1889=ORIENTED_EDGE('',*,*,#3085,.T.);
#1890=ORIENTED_EDGE('',*,*,#3042,.F.);
#1891=ORIENTED_EDGE('',*,*,#3091,.F.);
#1892=ORIENTED_EDGE('',*,*,#3038,.F.);
#1893=ORIENTED_EDGE('',*,*,#3084,.T.);
#1894=ORIENTED_EDGE('',*,*,#3037,.F.);
#1895=ORIENTED_EDGE('',*,*,#3092,.F.);
#1896=ORIENTED_EDGE('',*,*,#3093,.F.);
#1897=ORIENTED_EDGE('',*,*,#3094,.F.);
#1898=ORIENTED_EDGE('',*,*,#3087,.T.);
#1899=ORIENTED_EDGE('',*,*,#3095,.F.);
#1900=ORIENTED_EDGE('',*,*,#3089,.T.);
#1901=ORIENTED_EDGE('',*,*,#3088,.T.);
#1902=ORIENTED_EDGE('',*,*,#3096,.F.);
#1903=ORIENTED_EDGE('',*,*,#3091,.T.);
#1904=ORIENTED_EDGE('',*,*,#3090,.T.);
#1905=ORIENTED_EDGE('',*,*,#3097,.F.);
#1906=ORIENTED_EDGE('',*,*,#3098,.F.);
#1907=ORIENTED_EDGE('',*,*,#3092,.T.);
#1908=ORIENTED_EDGE('',*,*,#3099,.F.);
#1909=ORIENTED_EDGE('',*,*,#3095,.T.);
#1910=ORIENTED_EDGE('',*,*,#3100,.F.);
#1911=ORIENTED_EDGE('',*,*,#3101,.F.);
#1912=ORIENTED_EDGE('',*,*,#2999,.F.);
#1913=ORIENTED_EDGE('',*,*,#3094,.T.);
#1914=ORIENTED_EDGE('',*,*,#3002,.F.);
#1915=ORIENTED_EDGE('',*,*,#3102,.F.);
#1916=ORIENTED_EDGE('',*,*,#2996,.F.);
#1917=ORIENTED_EDGE('',*,*,#3096,.T.);
#1918=ORIENTED_EDGE('',*,*,#2997,.F.);
#1919=ORIENTED_EDGE('',*,*,#3103,.F.);
#1920=ORIENTED_EDGE('',*,*,#2868,.F.);
#1921=ORIENTED_EDGE('',*,*,#3097,.T.);
#1922=ORIENTED_EDGE('',*,*,#2862,.F.);
#1923=ORIENTED_EDGE('',*,*,#3104,.F.);
#1924=ORIENTED_EDGE('',*,*,#3035,.F.);
#1925=ORIENTED_EDGE('',*,*,#3099,.T.);
#1926=ORIENTED_EDGE('',*,*,#3036,.F.);
#1927=ORIENTED_EDGE('',*,*,#3105,.F.);
#1928=ORIENTED_EDGE('',*,*,#3034,.F.);
#1929=ORIENTED_EDGE('',*,*,#3098,.T.);
#1930=ORIENTED_EDGE('',*,*,#3033,.F.);
#1931=ORIENTED_EDGE('',*,*,#3106,.F.);
#1932=ORIENTED_EDGE('',*,*,#3107,.F.);
#1933=ORIENTED_EDGE('',*,*,#3101,.T.);
#1934=ORIENTED_EDGE('',*,*,#3108,.T.);
#1935=ORIENTED_EDGE('',*,*,#3109,.F.);
#1936=ORIENTED_EDGE('',*,*,#3110,.F.);
#1937=ORIENTED_EDGE('',*,*,#3103,.T.);
#1938=ORIENTED_EDGE('',*,*,#3102,.T.);
#1939=ORIENTED_EDGE('',*,*,#3111,.F.);
#1940=ORIENTED_EDGE('',*,*,#3105,.T.);
#1941=ORIENTED_EDGE('',*,*,#3104,.T.);
#1942=ORIENTED_EDGE('',*,*,#3112,.F.);
#1943=ORIENTED_EDGE('',*,*,#3113,.F.);
#1944=ORIENTED_EDGE('',*,*,#3106,.T.);
#1945=ORIENTED_EDGE('',*,*,#3114,.F.);
#1946=ORIENTED_EDGE('',*,*,#3109,.T.);
#1947=ORIENTED_EDGE('',*,*,#3115,.F.);
#1948=ORIENTED_EDGE('',*,*,#3116,.F.);
#1949=ORIENTED_EDGE('',*,*,#3003,.F.);
#1950=ORIENTED_EDGE('',*,*,#3110,.T.);
#1951=ORIENTED_EDGE('',*,*,#3006,.F.);
#1952=ORIENTED_EDGE('',*,*,#3117,.F.);
#1953=ORIENTED_EDGE('',*,*,#3000,.F.);
#1954=ORIENTED_EDGE('',*,*,#3111,.T.);
#1955=ORIENTED_EDGE('',*,*,#3001,.F.);
#1956=ORIENTED_EDGE('',*,*,#3118,.F.);
#1957=ORIENTED_EDGE('',*,*,#2869,.F.);
#1958=ORIENTED_EDGE('',*,*,#3112,.T.);
#1959=ORIENTED_EDGE('',*,*,#2861,.F.);
#1960=ORIENTED_EDGE('',*,*,#3119,.F.);
#1961=ORIENTED_EDGE('',*,*,#3031,.F.);
#1962=ORIENTED_EDGE('',*,*,#3114,.T.);
#1963=ORIENTED_EDGE('',*,*,#3032,.F.);
#1964=ORIENTED_EDGE('',*,*,#3120,.F.);
#1965=ORIENTED_EDGE('',*,*,#3030,.F.);
#1966=ORIENTED_EDGE('',*,*,#3113,.T.);
#1967=ORIENTED_EDGE('',*,*,#3029,.F.);
#1968=ORIENTED_EDGE('',*,*,#3121,.F.);
#1969=ORIENTED_EDGE('',*,*,#3122,.F.);
#1970=ORIENTED_EDGE('',*,*,#3123,.F.);
#1971=ORIENTED_EDGE('',*,*,#3116,.T.);
#1972=ORIENTED_EDGE('',*,*,#3124,.F.);
#1973=ORIENTED_EDGE('',*,*,#3118,.T.);
#1974=ORIENTED_EDGE('',*,*,#3117,.T.);
#1975=ORIENTED_EDGE('',*,*,#3125,.F.);
#1976=ORIENTED_EDGE('',*,*,#2870,.T.);
#1977=ORIENTED_EDGE('',*,*,#3120,.T.);
#1978=ORIENTED_EDGE('',*,*,#3119,.T.);
#1979=ORIENTED_EDGE('',*,*,#3126,.F.);
#1980=ORIENTED_EDGE('',*,*,#3127,.F.);
#1981=ORIENTED_EDGE('',*,*,#3121,.T.);
#1982=ORIENTED_EDGE('',*,*,#3128,.F.);
#1983=ORIENTED_EDGE('',*,*,#3124,.T.);
#1984=ORIENTED_EDGE('',*,*,#3129,.F.);
#1985=ORIENTED_EDGE('',*,*,#3130,.F.);
#1986=ORIENTED_EDGE('',*,*,#3007,.F.);
#1987=ORIENTED_EDGE('',*,*,#3123,.T.);
#1988=ORIENTED_EDGE('',*,*,#3010,.F.);
#1989=ORIENTED_EDGE('',*,*,#3131,.F.);
#1990=ORIENTED_EDGE('',*,*,#3004,.F.);
#1991=ORIENTED_EDGE('',*,*,#3125,.T.);
#1992=ORIENTED_EDGE('',*,*,#3005,.F.);
#1993=ORIENTED_EDGE('',*,*,#3132,.F.);
#1994=ORIENTED_EDGE('',*,*,#2871,.F.);
#1995=ORIENTED_EDGE('',*,*,#3126,.T.);
#1996=ORIENTED_EDGE('',*,*,#2860,.F.);
#1997=ORIENTED_EDGE('',*,*,#3133,.F.);
#1998=ORIENTED_EDGE('',*,*,#3027,.F.);
#1999=ORIENTED_EDGE('',*,*,#3128,.T.);
#2000=ORIENTED_EDGE('',*,*,#3028,.F.);
#2001=ORIENTED_EDGE('',*,*,#3134,.F.);
#2002=ORIENTED_EDGE('',*,*,#3026,.F.);
#2003=ORIENTED_EDGE('',*,*,#3127,.T.);
#2004=ORIENTED_EDGE('',*,*,#3025,.F.);
#2005=ORIENTED_EDGE('',*,*,#3135,.F.);
#2006=ORIENTED_EDGE('',*,*,#3136,.F.);
#2007=ORIENTED_EDGE('',*,*,#3137,.F.);
#2008=ORIENTED_EDGE('',*,*,#3130,.T.);
#2009=ORIENTED_EDGE('',*,*,#3138,.F.);
#2010=ORIENTED_EDGE('',*,*,#3132,.T.);
#2011=ORIENTED_EDGE('',*,*,#3131,.T.);
#2012=ORIENTED_EDGE('',*,*,#3139,.F.);
#2013=ORIENTED_EDGE('',*,*,#3134,.T.);
#2014=ORIENTED_EDGE('',*,*,#3133,.T.);
#2015=ORIENTED_EDGE('',*,*,#3140,.F.);
#2016=ORIENTED_EDGE('',*,*,#3141,.F.);
#2017=ORIENTED_EDGE('',*,*,#3135,.T.);
#2018=ORIENTED_EDGE('',*,*,#3142,.F.);
#2019=ORIENTED_EDGE('',*,*,#3138,.T.);
#2020=ORIENTED_EDGE('',*,*,#3143,.F.);
#2021=ORIENTED_EDGE('',*,*,#3144,.F.);
#2022=ORIENTED_EDGE('',*,*,#3011,.F.);
#2023=ORIENTED_EDGE('',*,*,#3137,.T.);
#2024=ORIENTED_EDGE('',*,*,#3014,.F.);
#2025=ORIENTED_EDGE('',*,*,#3145,.F.);
#2026=ORIENTED_EDGE('',*,*,#3008,.F.);
#2027=ORIENTED_EDGE('',*,*,#3139,.T.);
#2028=ORIENTED_EDGE('',*,*,#3009,.F.);
#2029=ORIENTED_EDGE('',*,*,#3146,.F.);
#2030=ORIENTED_EDGE('',*,*,#2872,.F.);
#2031=ORIENTED_EDGE('',*,*,#3140,.T.);
#2032=ORIENTED_EDGE('',*,*,#2859,.F.);
#2033=ORIENTED_EDGE('',*,*,#3147,.F.);
#2034=ORIENTED_EDGE('',*,*,#3023,.F.);
#2035=ORIENTED_EDGE('',*,*,#3142,.T.);
#2036=ORIENTED_EDGE('',*,*,#3024,.F.);
#2037=ORIENTED_EDGE('',*,*,#3148,.F.);
#2038=ORIENTED_EDGE('',*,*,#3022,.F.);
#2039=ORIENTED_EDGE('',*,*,#3141,.T.);
#2040=ORIENTED_EDGE('',*,*,#3021,.F.);
#2041=ORIENTED_EDGE('',*,*,#3149,.F.);
#2042=ORIENTED_EDGE('',*,*,#3150,.F.);
#2043=ORIENTED_EDGE('',*,*,#3151,.F.);
#2044=ORIENTED_EDGE('',*,*,#3152,.F.);
#2045=ORIENTED_EDGE('',*,*,#3153,.F.);
#2046=ORIENTED_EDGE('',*,*,#3017,.F.);
#2047=ORIENTED_EDGE('',*,*,#3144,.T.);
#2048=ORIENTED_EDGE('',*,*,#3151,.T.);
#2049=ORIENTED_EDGE('',*,*,#3154,.F.);
#2050=ORIENTED_EDGE('',*,*,#3146,.T.);
#2051=ORIENTED_EDGE('',*,*,#3145,.T.);
#2052=ORIENTED_EDGE('',*,*,#3155,.F.);
#2053=ORIENTED_EDGE('',*,*,#3148,.T.);
#2054=ORIENTED_EDGE('',*,*,#3147,.T.);
#2055=ORIENTED_EDGE('',*,*,#3156,.F.);
#2056=ORIENTED_EDGE('',*,*,#3153,.T.);
#2057=ORIENTED_EDGE('',*,*,#3149,.T.);
#2058=ORIENTED_EDGE('',*,*,#3157,.F.);
#2059=ORIENTED_EDGE('',*,*,#3154,.T.);
#2060=ORIENTED_EDGE('',*,*,#3016,.F.);
#2061=ORIENTED_EDGE('',*,*,#3158,.F.);
#2062=ORIENTED_EDGE('',*,*,#3012,.F.);
#2063=ORIENTED_EDGE('',*,*,#3155,.T.);
#2064=ORIENTED_EDGE('',*,*,#3013,.F.);
#2065=ORIENTED_EDGE('',*,*,#3159,.F.);
#2066=ORIENTED_EDGE('',*,*,#2873,.F.);
#2067=ORIENTED_EDGE('',*,*,#3156,.T.);
#2068=ORIENTED_EDGE('',*,*,#2858,.F.);
#2069=ORIENTED_EDGE('',*,*,#3160,.F.);
#2070=ORIENTED_EDGE('',*,*,#3019,.F.);
#2071=ORIENTED_EDGE('',*,*,#3157,.T.);
#2072=ORIENTED_EDGE('',*,*,#3020,.F.);
#2073=ORIENTED_EDGE('',*,*,#3161,.F.);
#2074=ORIENTED_EDGE('',*,*,#3018,.F.);
#2075=ORIENTED_EDGE('',*,*,#3159,.T.);
#2076=ORIENTED_EDGE('',*,*,#3158,.T.);
#2077=ORIENTED_EDGE('',*,*,#3162,.F.);
#2078=ORIENTED_EDGE('',*,*,#3161,.T.);
#2079=ORIENTED_EDGE('',*,*,#3160,.T.);
#2080=ORIENTED_EDGE('',*,*,#3163,.F.);
#2081=ORIENTED_EDGE('',*,*,#3162,.T.);
#2082=ORIENTED_EDGE('',*,*,#3015,.F.);
#2083=ORIENTED_EDGE('',*,*,#3163,.T.);
#2084=ORIENTED_EDGE('',*,*,#2857,.F.);
#2085=ORIENTED_EDGE('',*,*,#3164,.T.);
#2086=ORIENTED_EDGE('',*,*,#3165,.T.);
#2087=ORIENTED_EDGE('',*,*,#3166,.T.);
#2088=ORIENTED_EDGE('',*,*,#3167,.F.);
#2089=ORIENTED_EDGE('',*,*,#3168,.F.);
#2090=ORIENTED_EDGE('',*,*,#3169,.T.);
#2091=ORIENTED_EDGE('',*,*,#3170,.T.);
#2092=ORIENTED_EDGE('',*,*,#3171,.T.);
#2093=ORIENTED_EDGE('',*,*,#3167,.T.);
#2094=ORIENTED_EDGE('',*,*,#3172,.T.);
#2095=ORIENTED_EDGE('',*,*,#3173,.T.);
#2096=ORIENTED_EDGE('',*,*,#3174,.T.);
#2097=ORIENTED_EDGE('',*,*,#3168,.T.);
#2098=ORIENTED_EDGE('',*,*,#3175,.F.);
#2099=ORIENTED_EDGE('',*,*,#3176,.T.);
#2100=ORIENTED_EDGE('',*,*,#3177,.F.);
#2101=ORIENTED_EDGE('',*,*,#3178,.T.);
#2102=ORIENTED_EDGE('',*,*,#3179,.F.);
#2103=ORIENTED_EDGE('',*,*,#3180,.T.);
#2104=ORIENTED_EDGE('',*,*,#3177,.T.);
#2105=ORIENTED_EDGE('',*,*,#3181,.T.);
#2106=ORIENTED_EDGE('',*,*,#3182,.F.);
#2107=ORIENTED_EDGE('',*,*,#3175,.T.);
#2108=ORIENTED_EDGE('',*,*,#3183,.F.);
#2109=ORIENTED_EDGE('',*,*,#3184,.F.);
#2110=ORIENTED_EDGE('',*,*,#3179,.T.);
#2111=ORIENTED_EDGE('',*,*,#3185,.F.);
#2112=ORIENTED_EDGE('',*,*,#3186,.T.);
#2113=ORIENTED_EDGE('',*,*,#3182,.T.);
#2114=ORIENTED_EDGE('',*,*,#3187,.T.);
#2115=ORIENTED_EDGE('',*,*,#3164,.F.);
#2116=ORIENTED_EDGE('',*,*,#3188,.F.);
#2117=ORIENTED_EDGE('',*,*,#3189,.F.);
#2118=ORIENTED_EDGE('',*,*,#3190,.F.);
#2119=ORIENTED_EDGE('',*,*,#3191,.T.);
#2120=ORIENTED_EDGE('',*,*,#3192,.F.);
#2121=ORIENTED_EDGE('',*,*,#3193,.T.);
#2122=ORIENTED_EDGE('',*,*,#3183,.T.);
#2123=ORIENTED_EDGE('',*,*,#3194,.T.);
#2124=ORIENTED_EDGE('',*,*,#3195,.F.);
#2125=ORIENTED_EDGE('',*,*,#3196,.T.);
#2126=ORIENTED_EDGE('',*,*,#3184,.T.);
#2127=ORIENTED_EDGE('',*,*,#3197,.T.);
#2128=ORIENTED_EDGE('',*,*,#3198,.T.);
#2129=ORIENTED_EDGE('',*,*,#3199,.T.);
#2130=ORIENTED_EDGE('',*,*,#3200,.T.);
#2131=ORIENTED_EDGE('',*,*,#3185,.T.);
#2132=ORIENTED_EDGE('',*,*,#3201,.F.);
#2133=ORIENTED_EDGE('',*,*,#3192,.T.);
#2134=ORIENTED_EDGE('',*,*,#3202,.F.);
#2135=ORIENTED_EDGE('',*,*,#3203,.F.);
#2136=ORIENTED_EDGE('',*,*,#3204,.F.);
#2137=ORIENTED_EDGE('',*,*,#3205,.T.);
#2138=ORIENTED_EDGE('',*,*,#3190,.T.);
#2139=ORIENTED_EDGE('',*,*,#3206,.F.);
#2140=ORIENTED_EDGE('',*,*,#3206,.T.);
#2141=ORIENTED_EDGE('',*,*,#3189,.T.);
#2142=ORIENTED_EDGE('',*,*,#3207,.F.);
#2143=ORIENTED_EDGE('',*,*,#3208,.T.);
#2144=ORIENTED_EDGE('',*,*,#3207,.T.);
#2145=ORIENTED_EDGE('',*,*,#3188,.T.);
#2146=ORIENTED_EDGE('',*,*,#3209,.T.);
#2147=ORIENTED_EDGE('',*,*,#3195,.T.);
#2148=ORIENTED_EDGE('',*,*,#3210,.F.);
#2149=ORIENTED_EDGE('',*,*,#3211,.T.);
#2150=ORIENTED_EDGE('',*,*,#3201,.T.);
#2151=ORIENTED_EDGE('',*,*,#3212,.T.);
#2152=ORIENTED_EDGE('',*,*,#3174,.F.);
#2153=ORIENTED_EDGE('',*,*,#3213,.F.);
#2154=ORIENTED_EDGE('',*,*,#3214,.T.);
#2155=ORIENTED_EDGE('',*,*,#3202,.T.);
#2156=ORIENTED_EDGE('',*,*,#3215,.T.);
#2157=ORIENTED_EDGE('',*,*,#3216,.F.);
#2158=ORIENTED_EDGE('',*,*,#3217,.T.);
#2159=ORIENTED_EDGE('',*,*,#3204,.T.);
#2160=ORIENTED_EDGE('',*,*,#3218,.T.);
#2161=ORIENTED_EDGE('',*,*,#3219,.T.);
#2162=ORIENTED_EDGE('',*,*,#3220,.T.);
#2163=ORIENTED_EDGE('',*,*,#3221,.T.);
#2164=ORIENTED_EDGE('',*,*,#3203,.T.);
#2165=ORIENTED_EDGE('',*,*,#3222,.T.);
#2166=ORIENTED_EDGE('',*,*,#3223,.T.);
#2167=ORIENTED_EDGE('',*,*,#3224,.T.);
#2168=ORIENTED_EDGE('',*,*,#3210,.T.);
#2169=ORIENTED_EDGE('',*,*,#3225,.F.);
#2170=ORIENTED_EDGE('',*,*,#3226,.T.);
#2171=ORIENTED_EDGE('',*,*,#3213,.T.);
#2172=ORIENTED_EDGE('',*,*,#3227,.T.);
#2173=ORIENTED_EDGE('',*,*,#3216,.T.);
#2174=ORIENTED_EDGE('',*,*,#3228,.F.);
#2175=ORIENTED_EDGE('',*,*,#3225,.T.);
#2176=ORIENTED_EDGE('',*,*,#3229,.T.);
#2177=ORIENTED_EDGE('',*,*,#3230,.T.);
#2178=ORIENTED_EDGE('',*,*,#3231,.T.);
#2179=ORIENTED_EDGE('',*,*,#3228,.T.);
#2180=ORIENTED_EDGE('',*,*,#3166,.F.);
#2181=ORIENTED_EDGE('',*,*,#3232,.T.);
#2182=ORIENTED_EDGE('',*,*,#3172,.F.);
#2183=ORIENTED_EDGE('',*,*,#3233,.F.);
#2184=ORIENTED_EDGE('',*,*,#3234,.F.);
#2185=ORIENTED_EDGE('',*,*,#3235,.F.);
#2186=ORIENTED_EDGE('',*,*,#3236,.F.);
#2187=ORIENTED_EDGE('',*,*,#3237,.F.);
#2188=ORIENTED_EDGE('',*,*,#3238,.F.);
#2189=ORIENTED_EDGE('',*,*,#3239,.F.);
#2190=ORIENTED_EDGE('',*,*,#3240,.F.);
#2191=ORIENTED_EDGE('',*,*,#3241,.T.);
#2192=ORIENTED_EDGE('',*,*,#3242,.T.);
#2193=ORIENTED_EDGE('',*,*,#3243,.T.);
#2194=ORIENTED_EDGE('',*,*,#3244,.T.);
#2195=ORIENTED_EDGE('',*,*,#3245,.T.);
#2196=ORIENTED_EDGE('',*,*,#3246,.T.);
#2197=ORIENTED_EDGE('',*,*,#3247,.T.);
#2198=ORIENTED_EDGE('',*,*,#3248,.T.);
#2199=ORIENTED_EDGE('',*,*,#3247,.F.);
#2200=ORIENTED_EDGE('',*,*,#3249,.T.);
#2201=ORIENTED_EDGE('',*,*,#3249,.F.);
#2202=ORIENTED_EDGE('',*,*,#3250,.T.);
#2203=ORIENTED_EDGE('',*,*,#3245,.F.);
#2204=ORIENTED_EDGE('',*,*,#3251,.T.);
#2205=ORIENTED_EDGE('',*,*,#3251,.F.);
#2206=ORIENTED_EDGE('',*,*,#3252,.T.);
#2207=ORIENTED_EDGE('',*,*,#3243,.F.);
#2208=ORIENTED_EDGE('',*,*,#3253,.T.);
#2209=ORIENTED_EDGE('',*,*,#3253,.F.);
#2210=ORIENTED_EDGE('',*,*,#3254,.T.);
#2211=ORIENTED_EDGE('',*,*,#3241,.F.);
#2212=ORIENTED_EDGE('',*,*,#3255,.T.);
#2213=ORIENTED_EDGE('',*,*,#3255,.F.);
#2214=ORIENTED_EDGE('',*,*,#3256,.T.);
#2215=ORIENTED_EDGE('',*,*,#3240,.T.);
#2216=ORIENTED_EDGE('',*,*,#3257,.F.);
#2217=ORIENTED_EDGE('',*,*,#3257,.T.);
#2218=ORIENTED_EDGE('',*,*,#3258,.F.);
#2219=ORIENTED_EDGE('',*,*,#3238,.T.);
#2220=ORIENTED_EDGE('',*,*,#3259,.F.);
#2221=ORIENTED_EDGE('',*,*,#3259,.T.);
#2222=ORIENTED_EDGE('',*,*,#3260,.F.);
#2223=ORIENTED_EDGE('',*,*,#3236,.T.);
#2224=ORIENTED_EDGE('',*,*,#3261,.F.);
#2225=ORIENTED_EDGE('',*,*,#3261,.T.);
#2226=ORIENTED_EDGE('',*,*,#3262,.F.);
#2227=ORIENTED_EDGE('',*,*,#3234,.T.);
#2228=ORIENTED_EDGE('',*,*,#3263,.F.);
#2229=ORIENTED_EDGE('',*,*,#3263,.T.);
#2230=ORIENTED_EDGE('',*,*,#3264,.F.);
#2231=ORIENTED_EDGE('',*,*,#3231,.F.);
#2232=ORIENTED_EDGE('',*,*,#3265,.T.);
#2233=ORIENTED_EDGE('',*,*,#3198,.F.);
#2234=ORIENTED_EDGE('',*,*,#3181,.F.);
#2235=ORIENTED_EDGE('',*,*,#3266,.F.);
#2236=ORIENTED_EDGE('',*,*,#3170,.F.);
#2237=ORIENTED_EDGE('',*,*,#3267,.T.);
#2238=ORIENTED_EDGE('',*,*,#3226,.F.);
#2239=ORIENTED_EDGE('',*,*,#3250,.F.);
#2240=ORIENTED_EDGE('',*,*,#3252,.F.);
#2241=ORIENTED_EDGE('',*,*,#3254,.F.);
#2242=ORIENTED_EDGE('',*,*,#3256,.F.);
#2243=ORIENTED_EDGE('',*,*,#3200,.F.);
#2244=ORIENTED_EDGE('',*,*,#3268,.T.);
#2245=ORIENTED_EDGE('',*,*,#3222,.F.);
#2246=ORIENTED_EDGE('',*,*,#3197,.F.);
#2247=ORIENTED_EDGE('',*,*,#3221,.F.);
#2248=ORIENTED_EDGE('',*,*,#3269,.T.);
#2249=ORIENTED_EDGE('',*,*,#3229,.F.);
#2250=ORIENTED_EDGE('',*,*,#3218,.F.);
#2251=ORIENTED_EDGE('',*,*,#3258,.T.);
#2252=ORIENTED_EDGE('',*,*,#3260,.T.);
#2253=ORIENTED_EDGE('',*,*,#3262,.T.);
#2254=ORIENTED_EDGE('',*,*,#3264,.T.);
#2255=ORIENTED_EDGE('',*,*,#3270,.T.);
#2256=ORIENTED_EDGE('',*,*,#3271,.T.);
#2257=ORIENTED_EDGE('',*,*,#3272,.T.);
#2258=ORIENTED_EDGE('',*,*,#3187,.F.);
#2259=ORIENTED_EDGE('',*,*,#3193,.F.);
#2260=ORIENTED_EDGE('',*,*,#3211,.F.);
#2261=ORIENTED_EDGE('',*,*,#3273,.T.);
#2262=ORIENTED_EDGE('',*,*,#3180,.F.);
#2263=ORIENTED_EDGE('',*,*,#3196,.F.);
#2264=ORIENTED_EDGE('',*,*,#3209,.F.);
#2265=ORIENTED_EDGE('',*,*,#3194,.F.);
#2266=ORIENTED_EDGE('',*,*,#3178,.F.);
#2267=ORIENTED_EDGE('',*,*,#3224,.F.);
#2268=ORIENTED_EDGE('',*,*,#3274,.T.);
#2269=ORIENTED_EDGE('',*,*,#3219,.F.);
#2270=ORIENTED_EDGE('',*,*,#3208,.F.);
#2271=ORIENTED_EDGE('',*,*,#3239,.T.);
#2272=ORIENTED_EDGE('',*,*,#3237,.T.);
#2273=ORIENTED_EDGE('',*,*,#3235,.T.);
#2274=ORIENTED_EDGE('',*,*,#3233,.T.);
#2275=ORIENTED_EDGE('',*,*,#3212,.F.);
#2276=ORIENTED_EDGE('',*,*,#3214,.F.);
#2277=ORIENTED_EDGE('',*,*,#3267,.F.);
#2278=ORIENTED_EDGE('',*,*,#3169,.F.);
#2279=ORIENTED_EDGE('',*,*,#3242,.F.);
#2280=ORIENTED_EDGE('',*,*,#3244,.F.);
#2281=ORIENTED_EDGE('',*,*,#3246,.F.);
#2282=ORIENTED_EDGE('',*,*,#3248,.F.);
#2283=ORIENTED_EDGE('',*,*,#3266,.T.);
#2284=ORIENTED_EDGE('',*,*,#3176,.F.);
#2285=ORIENTED_EDGE('',*,*,#3186,.F.);
#2286=ORIENTED_EDGE('',*,*,#3171,.F.);
#2287=ORIENTED_EDGE('',*,*,#3191,.F.);
#2288=ORIENTED_EDGE('',*,*,#3205,.F.);
#2289=ORIENTED_EDGE('',*,*,#3217,.F.);
#2290=ORIENTED_EDGE('',*,*,#3227,.F.);
#2291=ORIENTED_EDGE('',*,*,#3215,.F.);
#2292=ORIENTED_EDGE('',*,*,#3275,.T.);
#2293=ORIENTED_EDGE('',*,*,#3276,.T.);
#2294=ORIENTED_EDGE('',*,*,#3277,.T.);
#2295=ORIENTED_EDGE('',*,*,#3278,.T.);
#2296=ORIENTED_EDGE('',*,*,#3279,.T.);
#2297=ORIENTED_EDGE('',*,*,#3280,.T.);
#2298=ORIENTED_EDGE('',*,*,#3281,.T.);
#2299=ORIENTED_EDGE('',*,*,#3282,.T.);
#2300=ORIENTED_EDGE('',*,*,#3283,.T.);
#2301=ORIENTED_EDGE('',*,*,#3284,.T.);
#2302=ORIENTED_EDGE('',*,*,#3285,.T.);
#2303=ORIENTED_EDGE('',*,*,#3286,.T.);
#2304=ORIENTED_EDGE('',*,*,#3122,.T.);
#2305=ORIENTED_EDGE('',*,*,#3136,.T.);
#2306=ORIENTED_EDGE('',*,*,#3150,.T.);
#2307=ORIENTED_EDGE('',*,*,#3152,.T.);
#2308=ORIENTED_EDGE('',*,*,#3143,.T.);
#2309=ORIENTED_EDGE('',*,*,#3129,.T.);
#2310=ORIENTED_EDGE('',*,*,#3115,.T.);
#2311=ORIENTED_EDGE('',*,*,#3108,.F.);
#2312=ORIENTED_EDGE('',*,*,#3100,.T.);
#2313=ORIENTED_EDGE('',*,*,#3086,.T.);
#2314=ORIENTED_EDGE('',*,*,#3072,.T.);
#2315=ORIENTED_EDGE('',*,*,#3058,.T.);
#2316=ORIENTED_EDGE('',*,*,#3053,.T.);
#2317=ORIENTED_EDGE('',*,*,#3065,.T.);
#2318=ORIENTED_EDGE('',*,*,#3079,.T.);
#2319=ORIENTED_EDGE('',*,*,#3093,.T.);
#2320=ORIENTED_EDGE('',*,*,#3107,.T.);
#2321=ORIENTED_EDGE('',*,*,#3287,.F.);
#2322=ORIENTED_EDGE('',*,*,#3288,.T.);
#2323=ORIENTED_EDGE('',*,*,#3289,.T.);
#2324=ORIENTED_EDGE('',*,*,#3290,.T.);
#2325=ORIENTED_EDGE('',*,*,#3291,.T.);
#2326=ORIENTED_EDGE('',*,*,#3292,.F.);
#2327=ORIENTED_EDGE('',*,*,#3293,.F.);
#2328=ORIENTED_EDGE('',*,*,#3294,.T.);
#2329=ORIENTED_EDGE('',*,*,#3295,.T.);
#2330=ORIENTED_EDGE('',*,*,#3296,.T.);
#2331=ORIENTED_EDGE('',*,*,#3292,.T.);
#2332=ORIENTED_EDGE('',*,*,#3297,.T.);
#2333=ORIENTED_EDGE('',*,*,#3298,.T.);
#2334=ORIENTED_EDGE('',*,*,#3299,.T.);
#2335=ORIENTED_EDGE('',*,*,#3293,.T.);
#2336=ORIENTED_EDGE('',*,*,#3300,.F.);
#2337=ORIENTED_EDGE('',*,*,#3301,.T.);
#2338=ORIENTED_EDGE('',*,*,#3302,.F.);
#2339=ORIENTED_EDGE('',*,*,#3303,.T.);
#2340=ORIENTED_EDGE('',*,*,#3304,.F.);
#2341=ORIENTED_EDGE('',*,*,#3305,.T.);
#2342=ORIENTED_EDGE('',*,*,#3302,.T.);
#2343=ORIENTED_EDGE('',*,*,#3306,.T.);
#2344=ORIENTED_EDGE('',*,*,#3307,.F.);
#2345=ORIENTED_EDGE('',*,*,#3300,.T.);
#2346=ORIENTED_EDGE('',*,*,#3308,.F.);
#2347=ORIENTED_EDGE('',*,*,#3309,.F.);
#2348=ORIENTED_EDGE('',*,*,#3304,.T.);
#2349=ORIENTED_EDGE('',*,*,#3310,.F.);
#2350=ORIENTED_EDGE('',*,*,#3311,.T.);
#2351=ORIENTED_EDGE('',*,*,#3307,.T.);
#2352=ORIENTED_EDGE('',*,*,#3312,.T.);
#2353=ORIENTED_EDGE('',*,*,#3289,.F.);
#2354=ORIENTED_EDGE('',*,*,#3313,.F.);
#2355=ORIENTED_EDGE('',*,*,#3314,.F.);
#2356=ORIENTED_EDGE('',*,*,#3315,.F.);
#2357=ORIENTED_EDGE('',*,*,#3316,.T.);
#2358=ORIENTED_EDGE('',*,*,#3317,.F.);
#2359=ORIENTED_EDGE('',*,*,#3318,.T.);
#2360=ORIENTED_EDGE('',*,*,#3308,.T.);
#2361=ORIENTED_EDGE('',*,*,#3319,.T.);
#2362=ORIENTED_EDGE('',*,*,#3320,.F.);
#2363=ORIENTED_EDGE('',*,*,#3321,.T.);
#2364=ORIENTED_EDGE('',*,*,#3309,.T.);
#2365=ORIENTED_EDGE('',*,*,#3322,.T.);
#2366=ORIENTED_EDGE('',*,*,#3323,.T.);
#2367=ORIENTED_EDGE('',*,*,#3324,.T.);
#2368=ORIENTED_EDGE('',*,*,#3325,.T.);
#2369=ORIENTED_EDGE('',*,*,#3310,.T.);
#2370=ORIENTED_EDGE('',*,*,#3326,.F.);
#2371=ORIENTED_EDGE('',*,*,#3317,.T.);
#2372=ORIENTED_EDGE('',*,*,#3327,.F.);
#2373=ORIENTED_EDGE('',*,*,#3328,.F.);
#2374=ORIENTED_EDGE('',*,*,#3329,.F.);
#2375=ORIENTED_EDGE('',*,*,#3330,.T.);
#2376=ORIENTED_EDGE('',*,*,#3315,.T.);
#2377=ORIENTED_EDGE('',*,*,#3331,.F.);
#2378=ORIENTED_EDGE('',*,*,#3331,.T.);
#2379=ORIENTED_EDGE('',*,*,#3314,.T.);
#2380=ORIENTED_EDGE('',*,*,#3332,.F.);
#2381=ORIENTED_EDGE('',*,*,#3333,.T.);
#2382=ORIENTED_EDGE('',*,*,#3332,.T.);
#2383=ORIENTED_EDGE('',*,*,#3313,.T.);
#2384=ORIENTED_EDGE('',*,*,#3334,.T.);
#2385=ORIENTED_EDGE('',*,*,#3320,.T.);
#2386=ORIENTED_EDGE('',*,*,#3335,.F.);
#2387=ORIENTED_EDGE('',*,*,#3336,.T.);
#2388=ORIENTED_EDGE('',*,*,#3326,.T.);
#2389=ORIENTED_EDGE('',*,*,#3337,.T.);
#2390=ORIENTED_EDGE('',*,*,#3299,.F.);
#2391=ORIENTED_EDGE('',*,*,#3338,.F.);
#2392=ORIENTED_EDGE('',*,*,#3339,.T.);
#2393=ORIENTED_EDGE('',*,*,#3327,.T.);
#2394=ORIENTED_EDGE('',*,*,#3340,.T.);
#2395=ORIENTED_EDGE('',*,*,#3341,.F.);
#2396=ORIENTED_EDGE('',*,*,#3342,.T.);
#2397=ORIENTED_EDGE('',*,*,#3329,.T.);
#2398=ORIENTED_EDGE('',*,*,#3343,.T.);
#2399=ORIENTED_EDGE('',*,*,#3344,.T.);
#2400=ORIENTED_EDGE('',*,*,#3345,.T.);
#2401=ORIENTED_EDGE('',*,*,#3346,.T.);
#2402=ORIENTED_EDGE('',*,*,#3328,.T.);
#2403=ORIENTED_EDGE('',*,*,#3347,.T.);
#2404=ORIENTED_EDGE('',*,*,#3348,.T.);
#2405=ORIENTED_EDGE('',*,*,#3349,.T.);
#2406=ORIENTED_EDGE('',*,*,#3335,.T.);
#2407=ORIENTED_EDGE('',*,*,#3350,.F.);
#2408=ORIENTED_EDGE('',*,*,#3351,.T.);
#2409=ORIENTED_EDGE('',*,*,#3338,.T.);
#2410=ORIENTED_EDGE('',*,*,#3352,.T.);
#2411=ORIENTED_EDGE('',*,*,#3341,.T.);
#2412=ORIENTED_EDGE('',*,*,#3353,.F.);
#2413=ORIENTED_EDGE('',*,*,#3350,.T.);
#2414=ORIENTED_EDGE('',*,*,#3354,.T.);
#2415=ORIENTED_EDGE('',*,*,#3355,.T.);
#2416=ORIENTED_EDGE('',*,*,#3356,.T.);
#2417=ORIENTED_EDGE('',*,*,#3353,.T.);
#2418=ORIENTED_EDGE('',*,*,#3291,.F.);
#2419=ORIENTED_EDGE('',*,*,#3357,.T.);
#2420=ORIENTED_EDGE('',*,*,#3297,.F.);
#2421=ORIENTED_EDGE('',*,*,#3358,.F.);
#2422=ORIENTED_EDGE('',*,*,#3359,.F.);
#2423=ORIENTED_EDGE('',*,*,#3360,.F.);
#2424=ORIENTED_EDGE('',*,*,#3361,.F.);
#2425=ORIENTED_EDGE('',*,*,#3362,.F.);
#2426=ORIENTED_EDGE('',*,*,#3363,.F.);
#2427=ORIENTED_EDGE('',*,*,#3364,.F.);
#2428=ORIENTED_EDGE('',*,*,#3365,.F.);
#2429=ORIENTED_EDGE('',*,*,#3366,.T.);
#2430=ORIENTED_EDGE('',*,*,#3367,.T.);
#2431=ORIENTED_EDGE('',*,*,#3368,.T.);
#2432=ORIENTED_EDGE('',*,*,#3369,.T.);
#2433=ORIENTED_EDGE('',*,*,#3370,.T.);
#2434=ORIENTED_EDGE('',*,*,#3371,.T.);
#2435=ORIENTED_EDGE('',*,*,#3372,.T.);
#2436=ORIENTED_EDGE('',*,*,#3373,.T.);
#2437=ORIENTED_EDGE('',*,*,#3372,.F.);
#2438=ORIENTED_EDGE('',*,*,#3374,.T.);
#2439=ORIENTED_EDGE('',*,*,#3374,.F.);
#2440=ORIENTED_EDGE('',*,*,#3375,.T.);
#2441=ORIENTED_EDGE('',*,*,#3370,.F.);
#2442=ORIENTED_EDGE('',*,*,#3376,.T.);
#2443=ORIENTED_EDGE('',*,*,#3376,.F.);
#2444=ORIENTED_EDGE('',*,*,#3377,.T.);
#2445=ORIENTED_EDGE('',*,*,#3368,.F.);
#2446=ORIENTED_EDGE('',*,*,#3378,.T.);
#2447=ORIENTED_EDGE('',*,*,#3378,.F.);
#2448=ORIENTED_EDGE('',*,*,#3379,.T.);
#2449=ORIENTED_EDGE('',*,*,#3366,.F.);
#2450=ORIENTED_EDGE('',*,*,#3380,.T.);
#2451=ORIENTED_EDGE('',*,*,#3380,.F.);
#2452=ORIENTED_EDGE('',*,*,#3381,.T.);
#2453=ORIENTED_EDGE('',*,*,#3365,.T.);
#2454=ORIENTED_EDGE('',*,*,#3382,.F.);
#2455=ORIENTED_EDGE('',*,*,#3382,.T.);
#2456=ORIENTED_EDGE('',*,*,#3383,.F.);
#2457=ORIENTED_EDGE('',*,*,#3363,.T.);
#2458=ORIENTED_EDGE('',*,*,#3384,.F.);
#2459=ORIENTED_EDGE('',*,*,#3384,.T.);
#2460=ORIENTED_EDGE('',*,*,#3385,.F.);
#2461=ORIENTED_EDGE('',*,*,#3361,.T.);
#2462=ORIENTED_EDGE('',*,*,#3386,.F.);
#2463=ORIENTED_EDGE('',*,*,#3386,.T.);
#2464=ORIENTED_EDGE('',*,*,#3387,.F.);
#2465=ORIENTED_EDGE('',*,*,#3359,.T.);
#2466=ORIENTED_EDGE('',*,*,#3388,.F.);
#2467=ORIENTED_EDGE('',*,*,#3388,.T.);
#2468=ORIENTED_EDGE('',*,*,#3389,.F.);
#2469=ORIENTED_EDGE('',*,*,#3356,.F.);
#2470=ORIENTED_EDGE('',*,*,#3390,.T.);
#2471=ORIENTED_EDGE('',*,*,#3323,.F.);
#2472=ORIENTED_EDGE('',*,*,#3306,.F.);
#2473=ORIENTED_EDGE('',*,*,#3391,.F.);
#2474=ORIENTED_EDGE('',*,*,#3295,.F.);
#2475=ORIENTED_EDGE('',*,*,#3392,.T.);
#2476=ORIENTED_EDGE('',*,*,#3351,.F.);
#2477=ORIENTED_EDGE('',*,*,#3375,.F.);
#2478=ORIENTED_EDGE('',*,*,#3377,.F.);
#2479=ORIENTED_EDGE('',*,*,#3379,.F.);
#2480=ORIENTED_EDGE('',*,*,#3381,.F.);
#2481=ORIENTED_EDGE('',*,*,#3325,.F.);
#2482=ORIENTED_EDGE('',*,*,#3393,.T.);
#2483=ORIENTED_EDGE('',*,*,#3347,.F.);
#2484=ORIENTED_EDGE('',*,*,#3322,.F.);
#2485=ORIENTED_EDGE('',*,*,#3346,.F.);
#2486=ORIENTED_EDGE('',*,*,#3394,.T.);
#2487=ORIENTED_EDGE('',*,*,#3354,.F.);
#2488=ORIENTED_EDGE('',*,*,#3343,.F.);
#2489=ORIENTED_EDGE('',*,*,#3383,.T.);
#2490=ORIENTED_EDGE('',*,*,#3385,.T.);
#2491=ORIENTED_EDGE('',*,*,#3387,.T.);
#2492=ORIENTED_EDGE('',*,*,#3389,.T.);
#2493=ORIENTED_EDGE('',*,*,#3395,.T.);
#2494=ORIENTED_EDGE('',*,*,#3396,.T.);
#2495=ORIENTED_EDGE('',*,*,#3397,.T.);
#2496=ORIENTED_EDGE('',*,*,#3312,.F.);
#2497=ORIENTED_EDGE('',*,*,#3318,.F.);
#2498=ORIENTED_EDGE('',*,*,#3336,.F.);
#2499=ORIENTED_EDGE('',*,*,#3398,.T.);
#2500=ORIENTED_EDGE('',*,*,#3305,.F.);
#2501=ORIENTED_EDGE('',*,*,#3321,.F.);
#2502=ORIENTED_EDGE('',*,*,#3334,.F.);
#2503=ORIENTED_EDGE('',*,*,#3319,.F.);
#2504=ORIENTED_EDGE('',*,*,#3303,.F.);
#2505=ORIENTED_EDGE('',*,*,#3349,.F.);
#2506=ORIENTED_EDGE('',*,*,#3399,.T.);
#2507=ORIENTED_EDGE('',*,*,#3344,.F.);
#2508=ORIENTED_EDGE('',*,*,#3333,.F.);
#2509=ORIENTED_EDGE('',*,*,#3364,.T.);
#2510=ORIENTED_EDGE('',*,*,#3362,.T.);
#2511=ORIENTED_EDGE('',*,*,#3360,.T.);
#2512=ORIENTED_EDGE('',*,*,#3358,.T.);
#2513=ORIENTED_EDGE('',*,*,#3337,.F.);
#2514=ORIENTED_EDGE('',*,*,#3339,.F.);
#2515=ORIENTED_EDGE('',*,*,#3392,.F.);
#2516=ORIENTED_EDGE('',*,*,#3294,.F.);
#2517=ORIENTED_EDGE('',*,*,#3367,.F.);
#2518=ORIENTED_EDGE('',*,*,#3369,.F.);
#2519=ORIENTED_EDGE('',*,*,#3371,.F.);
#2520=ORIENTED_EDGE('',*,*,#3373,.F.);
#2521=ORIENTED_EDGE('',*,*,#3391,.T.);
#2522=ORIENTED_EDGE('',*,*,#3301,.F.);
#2523=ORIENTED_EDGE('',*,*,#3311,.F.);
#2524=ORIENTED_EDGE('',*,*,#3296,.F.);
#2525=ORIENTED_EDGE('',*,*,#3316,.F.);
#2526=ORIENTED_EDGE('',*,*,#3330,.F.);
#2527=ORIENTED_EDGE('',*,*,#3342,.F.);
#2528=ORIENTED_EDGE('',*,*,#3352,.F.);
#2529=ORIENTED_EDGE('',*,*,#3340,.F.);
#2530=ORIENTED_EDGE('',*,*,#3400,.F.);
#2531=ORIENTED_EDGE('',*,*,#3401,.T.);
#2532=ORIENTED_EDGE('',*,*,#2986,.F.);
#2533=ORIENTED_EDGE('',*,*,#3270,.F.);
#2534=ORIENTED_EDGE('',*,*,#2910,.F.);
#2535=ORIENTED_EDGE('',*,*,#3288,.F.);
#2536=ORIENTED_EDGE('',*,*,#2844,.F.);
#2537=ORIENTED_EDGE('',*,*,#3395,.F.);
#2538=ORIENTED_EDGE('',*,*,#2768,.F.);
#2539=ORIENTED_EDGE('',*,*,#3401,.F.);
#2540=ORIENTED_EDGE('',*,*,#3402,.F.);
#2541=ORIENTED_EDGE('',*,*,#2849,.F.);
#2542=ORIENTED_EDGE('',*,*,#3403,.F.);
#2543=ORIENTED_EDGE('',*,*,#3324,.F.);
#2544=ORIENTED_EDGE('',*,*,#3403,.T.);
#2545=ORIENTED_EDGE('',*,*,#2848,.F.);
#2546=ORIENTED_EDGE('',*,*,#3404,.F.);
#2547=ORIENTED_EDGE('',*,*,#3393,.F.);
#2548=ORIENTED_EDGE('',*,*,#3402,.T.);
#2549=ORIENTED_EDGE('',*,*,#3390,.F.);
#2550=ORIENTED_EDGE('',*,*,#3405,.F.);
#2551=ORIENTED_EDGE('',*,*,#2850,.F.);
#2552=ORIENTED_EDGE('',*,*,#3348,.F.);
#2553=ORIENTED_EDGE('',*,*,#3404,.T.);
#2554=ORIENTED_EDGE('',*,*,#3406,.F.);
#2555=ORIENTED_EDGE('',*,*,#3405,.T.);
#2556=ORIENTED_EDGE('',*,*,#3355,.F.);
#2557=ORIENTED_EDGE('',*,*,#3407,.F.);
#2558=ORIENTED_EDGE('',*,*,#2845,.F.);
#2559=ORIENTED_EDGE('',*,*,#3406,.T.);
#2560=ORIENTED_EDGE('',*,*,#2847,.F.);
#2561=ORIENTED_EDGE('',*,*,#3408,.F.);
#2562=ORIENTED_EDGE('',*,*,#3399,.F.);
#2563=ORIENTED_EDGE('',*,*,#3407,.T.);
#2564=ORIENTED_EDGE('',*,*,#3394,.F.);
#2565=ORIENTED_EDGE('',*,*,#3409,.F.);
#2566=ORIENTED_EDGE('',*,*,#2846,.F.);
#2567=ORIENTED_EDGE('',*,*,#3345,.F.);
#2568=ORIENTED_EDGE('',*,*,#3408,.T.);
#2569=ORIENTED_EDGE('',*,*,#3409,.T.);
#2570=ORIENTED_EDGE('',*,*,#3410,.F.);
#2571=ORIENTED_EDGE('',*,*,#2830,.F.);
#2572=ORIENTED_EDGE('',*,*,#3411,.F.);
#2573=ORIENTED_EDGE('',*,*,#2855,.F.);
#2574=ORIENTED_EDGE('',*,*,#3411,.T.);
#2575=ORIENTED_EDGE('',*,*,#2788,.F.);
#2576=ORIENTED_EDGE('',*,*,#3412,.F.);
#2577=ORIENTED_EDGE('',*,*,#2856,.F.);
#2578=ORIENTED_EDGE('',*,*,#3410,.T.);
#2579=ORIENTED_EDGE('',*,*,#2854,.F.);
#2580=ORIENTED_EDGE('',*,*,#3413,.F.);
#2581=ORIENTED_EDGE('',*,*,#2778,.F.);
#2582=ORIENTED_EDGE('',*,*,#3412,.T.);
#2583=ORIENTED_EDGE('',*,*,#2815,.F.);
#2584=ORIENTED_EDGE('',*,*,#3414,.F.);
#2585=ORIENTED_EDGE('',*,*,#3413,.T.);
#2586=ORIENTED_EDGE('',*,*,#2853,.F.);
#2587=ORIENTED_EDGE('',*,*,#3415,.F.);
#2588=ORIENTED_EDGE('',*,*,#2810,.F.);
#2589=ORIENTED_EDGE('',*,*,#3414,.T.);
#2590=ORIENTED_EDGE('',*,*,#2754,.F.);
#2591=ORIENTED_EDGE('',*,*,#3416,.F.);
#2592=ORIENTED_EDGE('',*,*,#2851,.F.);
#2593=ORIENTED_EDGE('',*,*,#3415,.T.);
#2594=ORIENTED_EDGE('',*,*,#2852,.F.);
#2595=ORIENTED_EDGE('',*,*,#3417,.F.);
#2596=ORIENTED_EDGE('',*,*,#2770,.F.);
#2597=ORIENTED_EDGE('',*,*,#3416,.T.);
#2598=ORIENTED_EDGE('',*,*,#2817,.F.);
#2599=ORIENTED_EDGE('',*,*,#3417,.T.);
#2600=ORIENTED_EDGE('',*,*,#3418,.F.);
#2601=ORIENTED_EDGE('',*,*,#3279,.F.);
#2602=ORIENTED_EDGE('',*,*,#3419,.F.);
#2603=ORIENTED_EDGE('',*,*,#3199,.F.);
#2604=ORIENTED_EDGE('',*,*,#3419,.T.);
#2605=ORIENTED_EDGE('',*,*,#3278,.F.);
#2606=ORIENTED_EDGE('',*,*,#3420,.F.);
#2607=ORIENTED_EDGE('',*,*,#3268,.F.);
#2608=ORIENTED_EDGE('',*,*,#3418,.T.);
#2609=ORIENTED_EDGE('',*,*,#3265,.F.);
#2610=ORIENTED_EDGE('',*,*,#3421,.F.);
#2611=ORIENTED_EDGE('',*,*,#3280,.F.);
#2612=ORIENTED_EDGE('',*,*,#3223,.F.);
#2613=ORIENTED_EDGE('',*,*,#3420,.T.);
#2614=ORIENTED_EDGE('',*,*,#3422,.F.);
#2615=ORIENTED_EDGE('',*,*,#3421,.T.);
#2616=ORIENTED_EDGE('',*,*,#3230,.F.);
#2617=ORIENTED_EDGE('',*,*,#3423,.F.);
#2618=ORIENTED_EDGE('',*,*,#3275,.F.);
#2619=ORIENTED_EDGE('',*,*,#3422,.T.);
#2620=ORIENTED_EDGE('',*,*,#3277,.F.);
#2621=ORIENTED_EDGE('',*,*,#3424,.F.);
#2622=ORIENTED_EDGE('',*,*,#3274,.F.);
#2623=ORIENTED_EDGE('',*,*,#3423,.T.);
#2624=ORIENTED_EDGE('',*,*,#3269,.F.);
#2625=ORIENTED_EDGE('',*,*,#3425,.F.);
#2626=ORIENTED_EDGE('',*,*,#3276,.F.);
#2627=ORIENTED_EDGE('',*,*,#3220,.F.);
#2628=ORIENTED_EDGE('',*,*,#3424,.T.);
#2629=ORIENTED_EDGE('',*,*,#3425,.T.);
#2630=ORIENTED_EDGE('',*,*,#3426,.F.);
#2631=ORIENTED_EDGE('',*,*,#2972,.F.);
#2632=ORIENTED_EDGE('',*,*,#3427,.F.);
#2633=ORIENTED_EDGE('',*,*,#3285,.F.);
#2634=ORIENTED_EDGE('',*,*,#3427,.T.);
#2635=ORIENTED_EDGE('',*,*,#2924,.F.);
#2636=ORIENTED_EDGE('',*,*,#3428,.F.);
#2637=ORIENTED_EDGE('',*,*,#3286,.F.);
#2638=ORIENTED_EDGE('',*,*,#3426,.T.);
#2639=ORIENTED_EDGE('',*,*,#3284,.F.);
#2640=ORIENTED_EDGE('',*,*,#3429,.F.);
#2641=ORIENTED_EDGE('',*,*,#2928,.F.);
#2642=ORIENTED_EDGE('',*,*,#3428,.T.);
#2643=ORIENTED_EDGE('',*,*,#2957,.F.);
#2644=ORIENTED_EDGE('',*,*,#3430,.F.);
#2645=ORIENTED_EDGE('',*,*,#3429,.T.);
#2646=ORIENTED_EDGE('',*,*,#3283,.F.);
#2647=ORIENTED_EDGE('',*,*,#3431,.F.);
#2648=ORIENTED_EDGE('',*,*,#2952,.F.);
#2649=ORIENTED_EDGE('',*,*,#3430,.T.);
#2650=ORIENTED_EDGE('',*,*,#2896,.F.);
#2651=ORIENTED_EDGE('',*,*,#3432,.F.);
#2652=ORIENTED_EDGE('',*,*,#3281,.F.);
#2653=ORIENTED_EDGE('',*,*,#3431,.T.);
#2654=ORIENTED_EDGE('',*,*,#3282,.F.);
#2655=ORIENTED_EDGE('',*,*,#3433,.F.);
#2656=ORIENTED_EDGE('',*,*,#2912,.F.);
#2657=ORIENTED_EDGE('',*,*,#3432,.T.);
#2658=ORIENTED_EDGE('',*,*,#2959,.F.);
#2659=ORIENTED_EDGE('',*,*,#3433,.T.);
#2660=ORIENTED_EDGE('',*,*,#3400,.T.);
#2661=ORIENTED_EDGE('',*,*,#3434,.F.);
#2662=ORIENTED_EDGE('',*,*,#2843,.T.);
#2663=ORIENTED_EDGE('',*,*,#3435,.F.);
#2664=ORIENTED_EDGE('',*,*,#3434,.T.);
#2665=ORIENTED_EDGE('',*,*,#2985,.T.);
#2666=ORIENTED_EDGE('',*,*,#3435,.T.);
#2667=ORIENTED_EDGE('',*,*,#3287,.T.);
#2668=ORIENTED_EDGE('',*,*,#2839,.F.);
#2669=ORIENTED_EDGE('',*,*,#2765,.F.);
#2670=ORIENTED_EDGE('',*,*,#3436,.F.);
#2671=ORIENTED_EDGE('',*,*,#3436,.T.);
#2672=ORIENTED_EDGE('',*,*,#2764,.F.);
#2673=ORIENTED_EDGE('',*,*,#3437,.F.);
#2674=ORIENTED_EDGE('',*,*,#2808,.F.);
#2675=ORIENTED_EDGE('',*,*,#2763,.F.);
#2676=ORIENTED_EDGE('',*,*,#2842,.F.);
#2677=ORIENTED_EDGE('',*,*,#3437,.T.);
#2678=ORIENTED_EDGE('',*,*,#3398,.F.);
#2679=ORIENTED_EDGE('',*,*,#3298,.F.);
#2680=ORIENTED_EDGE('',*,*,#3438,.F.);
#2681=ORIENTED_EDGE('',*,*,#3438,.T.);
#2682=ORIENTED_EDGE('',*,*,#3357,.F.);
#2683=ORIENTED_EDGE('',*,*,#3439,.F.);
#2684=ORIENTED_EDGE('',*,*,#3396,.F.);
#2685=ORIENTED_EDGE('',*,*,#3290,.F.);
#2686=ORIENTED_EDGE('',*,*,#3397,.F.);
#2687=ORIENTED_EDGE('',*,*,#3439,.T.);
#2688=ORIENTED_EDGE('',*,*,#2981,.F.);
#2689=ORIENTED_EDGE('',*,*,#2907,.F.);
#2690=ORIENTED_EDGE('',*,*,#3440,.F.);
#2691=ORIENTED_EDGE('',*,*,#3440,.T.);
#2692=ORIENTED_EDGE('',*,*,#2906,.F.);
#2693=ORIENTED_EDGE('',*,*,#3441,.F.);
#2694=ORIENTED_EDGE('',*,*,#2950,.F.);
#2695=ORIENTED_EDGE('',*,*,#2905,.F.);
#2696=ORIENTED_EDGE('',*,*,#2984,.F.);
#2697=ORIENTED_EDGE('',*,*,#3441,.T.);
#2698=ORIENTED_EDGE('',*,*,#3273,.F.);
#2699=ORIENTED_EDGE('',*,*,#3173,.F.);
#2700=ORIENTED_EDGE('',*,*,#3442,.F.);
#2701=ORIENTED_EDGE('',*,*,#3442,.T.);
#2702=ORIENTED_EDGE('',*,*,#3232,.F.);
#2703=ORIENTED_EDGE('',*,*,#3443,.F.);
#2704=ORIENTED_EDGE('',*,*,#3271,.F.);
#2705=ORIENTED_EDGE('',*,*,#3165,.F.);
#2706=ORIENTED_EDGE('',*,*,#3272,.F.);
#2707=ORIENTED_EDGE('',*,*,#3443,.T.);
#2708=ORIENTED_EDGE('',*,*,#3444,.F.);
#2709=ORIENTED_EDGE('',*,*,#3445,.T.);
#2710=ORIENTED_EDGE('',*,*,#3446,.T.);
#2711=ORIENTED_EDGE('',*,*,#3447,.F.);
#2712=ORIENTED_EDGE('',*,*,#3445,.F.);
#2713=ORIENTED_EDGE('',*,*,#3446,.F.);
#2714=ORIENTED_EDGE('',*,*,#3447,.T.);
#2715=ORIENTED_EDGE('',*,*,#3444,.T.);
#2716=ORIENTED_EDGE('',*,*,#3448,.T.);
#2717=ORIENTED_EDGE('',*,*,#3449,.F.);
#2718=ORIENTED_EDGE('',*,*,#3450,.F.);
#2719=ORIENTED_EDGE('',*,*,#3451,.T.);
#2720=ORIENTED_EDGE('',*,*,#3449,.T.);
#2721=ORIENTED_EDGE('',*,*,#3450,.T.);
#2722=ORIENTED_EDGE('',*,*,#3451,.F.);
#2723=ORIENTED_EDGE('',*,*,#3448,.F.);
#2724=EDGE_CURVE('',#3452,#3452,#3912,.F.);
#2725=EDGE_CURVE('',#3453,#3453,#3913,.F.);
#2726=EDGE_CURVE('',#3454,#3454,#948,.T.);
#2727=EDGE_CURVE('',#3455,#3455,#949,.T.);
#2728=EDGE_CURVE('',#3456,#3456,#3914,.F.);
#2729=EDGE_CURVE('',#3457,#3457,#3915,.F.);
#2730=EDGE_CURVE('',#3458,#3458,#950,.T.);
#2731=EDGE_CURVE('',#3459,#3459,#951,.T.);
#2732=EDGE_CURVE('',#3460,#3461,#952,.T.);
#2733=EDGE_CURVE('',#3461,#3462,#110,.T.);
#2734=EDGE_CURVE('',#3462,#3463,#111,.T.);
#2735=EDGE_CURVE('',#3463,#3464,#112,.F.);
#2736=EDGE_CURVE('',#3464,#3460,#953,.T.);
#2737=EDGE_CURVE('',#3465,#3465,#954,.T.);
#2738=EDGE_CURVE('',#3466,#3466,#955,.T.);
#2739=EDGE_CURVE('',#3467,#3467,#956,.T.);
#2740=EDGE_CURVE('',#3468,#3468,#957,.T.);
#2741=EDGE_CURVE('',#3469,#3470,#113,.T.);
#2742=EDGE_CURVE('',#3469,#3471,#114,.F.);
#2743=EDGE_CURVE('',#3471,#3472,#115,.T.);
#2744=EDGE_CURVE('',#3472,#3470,#116,.T.);
#2745=EDGE_CURVE('',#3473,#3473,#958,.T.);
#2746=EDGE_CURVE('',#3474,#3474,#959,.T.);
#2747=EDGE_CURVE('',#3475,#3475,#960,.T.);
#2748=EDGE_CURVE('',#3476,#3476,#961,.T.);
#2749=EDGE_CURVE('',#3477,#3478,#117,.T.);
#2750=EDGE_CURVE('',#3478,#3479,#118,.T.);
#2751=EDGE_CURVE('',#3479,#3480,#119,.T.);
#2752=EDGE_CURVE('',#3480,#3477,#120,.F.);
#2753=EDGE_CURVE('',#3481,#3482,#121,.F.);
#2754=EDGE_CURVE('',#3482,#3483,#3916,.F.);
#2755=EDGE_CURVE('',#3483,#3484,#122,.T.);
#2756=EDGE_CURVE('',#3484,#3481,#962,.T.);
#2757=EDGE_CURVE('',#3485,#3486,#123,.T.);
#2758=EDGE_CURVE('',#3486,#3487,#124,.F.);
#2759=EDGE_CURVE('',#3487,#3488,#963,.T.);
#2760=EDGE_CURVE('',#3488,#3489,#964,.T.);
#2761=EDGE_CURVE('',#3489,#3485,#125,.T.);
#2762=EDGE_CURVE('',#3490,#3491,#126,.F.);
#2763=EDGE_CURVE('',#3491,#3492,#86,.F.);
#2764=EDGE_CURVE('',#3492,#3493,#965,.T.);
#2765=EDGE_CURVE('',#3493,#3494,#87,.T.);
#2766=EDGE_CURVE('',#3494,#3495,#127,.T.);
#2767=EDGE_CURVE('',#3495,#3490,#966,.F.);
#2768=EDGE_CURVE('',#3496,#3496,#3917,.T.);
#2769=EDGE_CURVE('',#3497,#3498,#128,.F.);
#2770=EDGE_CURVE('',#3498,#3499,#129,.T.);
#2771=EDGE_CURVE('',#3499,#3500,#130,.T.);
#2772=EDGE_CURVE('',#3500,#3497,#131,.T.);
#2773=EDGE_CURVE('',#3501,#3501,#967,.T.);
#2774=EDGE_CURVE('',#3502,#3502,#968,.T.);
#2775=EDGE_CURVE('',#3503,#3503,#969,.T.);
#2776=EDGE_CURVE('',#3504,#3504,#970,.T.);
#2777=EDGE_CURVE('',#3505,#3506,#132,.F.);
#2778=EDGE_CURVE('',#3506,#3507,#133,.F.);
#2779=EDGE_CURVE('',#3507,#3508,#134,.T.);
#2780=EDGE_CURVE('',#3508,#3480,#135,.F.);
#2781=EDGE_CURVE('',#3479,#3469,#971,.F.);
#2782=EDGE_CURVE('',#3470,#3505,#136,.F.);
#2783=EDGE_CURVE('',#3509,#3509,#972,.T.);
#2784=EDGE_CURVE('',#3510,#3510,#973,.T.);
#2785=EDGE_CURVE('',#3511,#3511,#974,.T.);
#2786=EDGE_CURVE('',#3512,#3512,#975,.T.);
#2787=EDGE_CURVE('',#3513,#3514,#137,.T.);
#2788=EDGE_CURVE('',#3514,#3515,#138,.F.);
#2789=EDGE_CURVE('',#3515,#3516,#139,.T.);
#2790=EDGE_CURVE('',#3516,#3513,#140,.F.);
#2791=EDGE_CURVE('',#3517,#3517,#976,.T.);
#2792=EDGE_CURVE('',#3518,#3518,#977,.T.);
#2793=EDGE_CURVE('',#3519,#3519,#978,.T.);
#2794=EDGE_CURVE('',#3520,#3520,#979,.T.);
#2795=EDGE_CURVE('',#3521,#3521,#980,.T.);
#2796=EDGE_CURVE('',#3522,#3522,#981,.T.);
#2797=EDGE_CURVE('',#3523,#3523,#982,.T.);
#2798=EDGE_CURVE('',#3524,#3524,#983,.T.);
#2799=EDGE_CURVE('',#3525,#3525,#984,.T.);
#2800=EDGE_CURVE('',#3526,#3526,#985,.T.);
#2801=EDGE_CURVE('',#3527,#3527,#986,.T.);
#2802=EDGE_CURVE('',#3528,#3528,#987,.T.);
#2803=EDGE_CURVE('',#3529,#3529,#988,.T.);
#2804=EDGE_CURVE('',#3530,#3530,#989,.T.);
#2805=EDGE_CURVE('',#3531,#3531,#990,.T.);
#2806=EDGE_CURVE('',#3532,#3532,#991,.T.);
#2807=EDGE_CURVE('',#3533,#3534,#992,.F.);
#2808=EDGE_CURVE('',#3534,#3535,#993,.F.);
#2809=EDGE_CURVE('',#3535,#3533,#994,.F.);
#2810=EDGE_CURVE('',#3507,#3498,#3918,.F.);
#2811=EDGE_CURVE('',#3508,#3497,#995,.T.);
#2812=EDGE_CURVE('',#3463,#3497,#996,.F.);
#2813=EDGE_CURVE('',#3508,#3463,#997,.F.);
#2814=EDGE_CURVE('',#3480,#3462,#3919,.T.);
#2815=EDGE_CURVE('',#3483,#3514,#998,.F.);
#2816=EDGE_CURVE('',#3484,#3513,#999,.T.);
#2817=EDGE_CURVE('',#3499,#3482,#1000,.F.);
#2818=EDGE_CURVE('',#3500,#3481,#1001,.T.);
#2819=EDGE_CURVE('',#3464,#3500,#1002,.T.);
#2820=EDGE_CURVE('',#3477,#3461,#1003,.T.);
#2821=EDGE_CURVE('',#3494,#3478,#1004,.T.);
#2822=EDGE_CURVE('',#3495,#3477,#1005,.T.);
#2823=EDGE_CURVE('',#3484,#3536,#1006,.F.);
#2824=EDGE_CURVE('',#3489,#3513,#1007,.F.);
#2825=EDGE_CURVE('',#3536,#3488,#88,.F.);
#2826=EDGE_CURVE('',#3481,#3537,#1008,.T.);
#2827=EDGE_CURVE('',#3537,#3536,#1009,.T.);
#2828=EDGE_CURVE('',#3460,#3537,#89,.T.);
#2829=EDGE_CURVE('',#3495,#3461,#1010,.F.);
#2830=EDGE_CURVE('',#3515,#3506,#3920,.F.);
#2831=EDGE_CURVE('',#3516,#3505,#1011,.T.);
#2832=EDGE_CURVE('',#3485,#3516,#1012,.T.);
#2833=EDGE_CURVE('',#3490,#3487,#1013,.T.);
#2834=EDGE_CURVE('',#3471,#3491,#1014,.T.);
#2835=EDGE_CURVE('',#3472,#3490,#1015,.T.);
#2836=EDGE_CURVE('',#3485,#3505,#1016,.F.);
#2837=EDGE_CURVE('',#3472,#3487,#1017,.F.);
#2838=EDGE_CURVE('',#3486,#3470,#3921,.F.);
#2839=EDGE_CURVE('',#3494,#3534,#90,.F.);
#2840=EDGE_CURVE('',#3478,#3533,#1018,.T.);
#2841=EDGE_CURVE('',#3471,#3533,#1019,.T.);
#2842=EDGE_CURVE('',#3535,#3491,#91,.T.);
#2843=EDGE_CURVE('',#3538,#3538,#3922,.T.);
#2844=EDGE_CURVE('',#3539,#3539,#3923,.T.);
#2845=EDGE_CURVE('',#3540,#3541,#3924,.F.);
#2846=EDGE_CURVE('',#3541,#3542,#141,.T.);
#2847=EDGE_CURVE('',#3542,#3543,#3925,.F.);
#2848=EDGE_CURVE('',#3543,#3544,#142,.F.);
#2849=EDGE_CURVE('',#3544,#3545,#3926,.F.);
#2850=EDGE_CURVE('',#3545,#3540,#143,.F.);
#2851=EDGE_CURVE('',#3546,#3547,#3927,.F.);
#2852=EDGE_CURVE('',#3547,#3548,#144,.F.);
#2853=EDGE_CURVE('',#3548,#3549,#3928,.F.);
#2854=EDGE_CURVE('',#3549,#3550,#145,.T.);
#2855=EDGE_CURVE('',#3550,#3551,#3929,.F.);
#2856=EDGE_CURVE('',#3551,#3546,#146,.T.);
#2857=EDGE_CURVE('',#3552,#3553,#147,.T.);
#2858=EDGE_CURVE('',#3553,#3554,#148,.T.);
#2859=EDGE_CURVE('',#3554,#3555,#149,.T.);
#2860=EDGE_CURVE('',#3555,#3556,#150,.T.);
#2861=EDGE_CURVE('',#3556,#3557,#151,.T.);
#2862=EDGE_CURVE('',#3557,#3558,#152,.T.);
#2863=EDGE_CURVE('',#3558,#3559,#153,.T.);
#2864=EDGE_CURVE('',#3559,#3560,#154,.T.);
#2865=EDGE_CURVE('',#3560,#3561,#155,.T.);
#2866=EDGE_CURVE('',#3561,#3562,#156,.T.);
#2867=EDGE_CURVE('',#3562,#3563,#157,.T.);
#2868=EDGE_CURVE('',#3563,#3564,#158,.T.);
#2869=EDGE_CURVE('',#3564,#3565,#159,.T.);
#2870=EDGE_CURVE('',#3566,#3565,#160,.T.);
#2871=EDGE_CURVE('',#3566,#3567,#161,.T.);
#2872=EDGE_CURVE('',#3567,#3568,#162,.T.);
#2873=EDGE_CURVE('',#3568,#3552,#163,.T.);
#2874=EDGE_CURVE('',#3569,#3570,#1020,.T.);
#2875=EDGE_CURVE('',#3570,#3571,#164,.T.);
#2876=EDGE_CURVE('',#3571,#3572,#165,.T.);
#2877=EDGE_CURVE('',#3572,#3573,#166,.F.);
#2878=EDGE_CURVE('',#3573,#3569,#1021,.T.);
#2879=EDGE_CURVE('',#3574,#3574,#1022,.T.);
#2880=EDGE_CURVE('',#3575,#3575,#1023,.T.);
#2881=EDGE_CURVE('',#3576,#3576,#1024,.T.);
#2882=EDGE_CURVE('',#3577,#3577,#1025,.T.);
#2883=EDGE_CURVE('',#3578,#3579,#167,.T.);
#2884=EDGE_CURVE('',#3578,#3580,#168,.F.);
#2885=EDGE_CURVE('',#3580,#3581,#169,.T.);
#2886=EDGE_CURVE('',#3581,#3579,#170,.T.);
#2887=EDGE_CURVE('',#3582,#3582,#1026,.T.);
#2888=EDGE_CURVE('',#3583,#3583,#1027,.T.);
#2889=EDGE_CURVE('',#3584,#3584,#1028,.T.);
#2890=EDGE_CURVE('',#3585,#3585,#1029,.T.);
#2891=EDGE_CURVE('',#3586,#3587,#171,.T.);
#2892=EDGE_CURVE('',#3587,#3588,#172,.T.);
#2893=EDGE_CURVE('',#3588,#3589,#173,.T.);
#2894=EDGE_CURVE('',#3589,#3586,#174,.F.);
#2895=EDGE_CURVE('',#3590,#3591,#175,.F.);
#2896=EDGE_CURVE('',#3591,#3592,#3930,.T.);
#2897=EDGE_CURVE('',#3592,#3593,#176,.T.);
#2898=EDGE_CURVE('',#3593,#3590,#1030,.T.);
#2899=EDGE_CURVE('',#3594,#3595,#177,.T.);
#2900=EDGE_CURVE('',#3595,#3596,#178,.F.);
#2901=EDGE_CURVE('',#3596,#3597,#1031,.T.);
#2902=EDGE_CURVE('',#3597,#3598,#1032,.T.);
#2903=EDGE_CURVE('',#3598,#3594,#179,.T.);
#2904=EDGE_CURVE('',#3599,#3600,#180,.F.);
#2905=EDGE_CURVE('',#3600,#3601,#92,.F.);
#2906=EDGE_CURVE('',#3601,#3602,#1033,.T.);
#2907=EDGE_CURVE('',#3602,#3603,#93,.T.);
#2908=EDGE_CURVE('',#3603,#3604,#181,.T.);
#2909=EDGE_CURVE('',#3604,#3599,#1034,.F.);
#2910=EDGE_CURVE('',#3605,#3605,#3931,.F.);
#2911=EDGE_CURVE('',#3606,#3607,#182,.F.);
#2912=EDGE_CURVE('',#3607,#3608,#183,.T.);
#2913=EDGE_CURVE('',#3608,#3609,#184,.T.);
#2914=EDGE_CURVE('',#3609,#3606,#185,.T.);
#2915=EDGE_CURVE('',#3610,#3610,#1035,.T.);
#2916=EDGE_CURVE('',#3611,#3611,#1036,.T.);
#2917=EDGE_CURVE('',#3612,#3612,#1037,.T.);
#2918=EDGE_CURVE('',#3613,#3613,#1038,.T.);
#2919=EDGE_CURVE('',#3614,#3614,#1039,.T.);
#2920=EDGE_CURVE('',#3615,#3615,#1040,.T.);
#2921=EDGE_CURVE('',#3616,#3616,#1041,.T.);
#2922=EDGE_CURVE('',#3617,#3617,#1042,.T.);
#2923=EDGE_CURVE('',#3618,#3619,#186,.T.);
#2924=EDGE_CURVE('',#3619,#3620,#187,.F.);
#2925=EDGE_CURVE('',#3620,#3621,#188,.T.);
#2926=EDGE_CURVE('',#3621,#3618,#189,.F.);
#2927=EDGE_CURVE('',#3622,#3623,#190,.F.);
#2928=EDGE_CURVE('',#3623,#3624,#191,.F.);
#2929=EDGE_CURVE('',#3624,#3625,#192,.T.);
#2930=EDGE_CURVE('',#3625,#3589,#193,.F.);
#2931=EDGE_CURVE('',#3588,#3578,#1043,.F.);
#2932=EDGE_CURVE('',#3579,#3622,#194,.F.);
#2933=EDGE_CURVE('',#3626,#3626,#1044,.T.);
#2934=EDGE_CURVE('',#3627,#3627,#1045,.T.);
#2935=EDGE_CURVE('',#3628,#3628,#1046,.T.);
#2936=EDGE_CURVE('',#3629,#3629,#1047,.T.);
#2937=EDGE_CURVE('',#3630,#3630,#1048,.T.);
#2938=EDGE_CURVE('',#3631,#3631,#1049,.T.);
#2939=EDGE_CURVE('',#3632,#3632,#1050,.T.);
#2940=EDGE_CURVE('',#3633,#3633,#1051,.T.);
#2941=EDGE_CURVE('',#3634,#3634,#1052,.T.);
#2942=EDGE_CURVE('',#3635,#3635,#1053,.T.);
#2943=EDGE_CURVE('',#3636,#3636,#1054,.T.);
#2944=EDGE_CURVE('',#3637,#3637,#1055,.T.);
#2945=EDGE_CURVE('',#3638,#3638,#1056,.T.);
#2946=EDGE_CURVE('',#3639,#3639,#1057,.T.);
#2947=EDGE_CURVE('',#3640,#3640,#1058,.T.);
#2948=EDGE_CURVE('',#3641,#3641,#1059,.T.);
#2949=EDGE_CURVE('',#3642,#3643,#1060,.F.);
#2950=EDGE_CURVE('',#3643,#3644,#1061,.F.);
#2951=EDGE_CURVE('',#3644,#3642,#1062,.F.);
#2952=EDGE_CURVE('',#3624,#3607,#3932,.T.);
#2953=EDGE_CURVE('',#3625,#3606,#1063,.T.);
#2954=EDGE_CURVE('',#3572,#3606,#1064,.F.);
#2955=EDGE_CURVE('',#3625,#3572,#1065,.F.);
#2956=EDGE_CURVE('',#3589,#3571,#3933,.T.);
#2957=EDGE_CURVE('',#3592,#3619,#1066,.F.);
#2958=EDGE_CURVE('',#3593,#3618,#1067,.T.);
#2959=EDGE_CURVE('',#3608,#3591,#1068,.F.);
#2960=EDGE_CURVE('',#3609,#3590,#1069,.T.);
#2961=EDGE_CURVE('',#3573,#3609,#1070,.T.);
#2962=EDGE_CURVE('',#3586,#3570,#1071,.T.);
#2963=EDGE_CURVE('',#3603,#3587,#1072,.T.);
#2964=EDGE_CURVE('',#3604,#3586,#1073,.T.);
#2965=EDGE_CURVE('',#3593,#3645,#1074,.F.);
#2966=EDGE_CURVE('',#3598,#3618,#1075,.F.);
#2967=EDGE_CURVE('',#3645,#3597,#94,.F.);
#2968=EDGE_CURVE('',#3590,#3646,#1076,.T.);
#2969=EDGE_CURVE('',#3646,#3645,#1077,.T.);
#2970=EDGE_CURVE('',#3569,#3646,#95,.T.);
#2971=EDGE_CURVE('',#3604,#3570,#1078,.F.);
#2972=EDGE_CURVE('',#3620,#3623,#3934,.T.);
#2973=EDGE_CURVE('',#3621,#3622,#1079,.T.);
#2974=EDGE_CURVE('',#3594,#3621,#1080,.T.);
#2975=EDGE_CURVE('',#3599,#3596,#1081,.T.);
#2976=EDGE_CURVE('',#3580,#3600,#1082,.T.);
#2977=EDGE_CURVE('',#3581,#3599,#1083,.T.);
#2978=EDGE_CURVE('',#3594,#3622,#1084,.F.);
#2979=EDGE_CURVE('',#3581,#3596,#1085,.F.);
#2980=EDGE_CURVE('',#3595,#3579,#3935,.F.);
#2981=EDGE_CURVE('',#3603,#3643,#96,.F.);
#2982=EDGE_CURVE('',#3587,#3642,#1086,.T.);
#2983=EDGE_CURVE('',#3580,#3642,#1087,.T.);
#2984=EDGE_CURVE('',#3644,#3600,#97,.T.);
#2985=EDGE_CURVE('',#3647,#3647,#3936,.F.);
#2986=EDGE_CURVE('',#3648,#3648,#3937,.F.);
#2987=EDGE_CURVE('',#3649,#3650,#195,.T.);
#2988=EDGE_CURVE('',#3650,#3651,#196,.T.);
#2989=EDGE_CURVE('',#3651,#3652,#197,.T.);
#2990=EDGE_CURVE('',#3652,#3649,#198,.T.);
#2991=EDGE_CURVE('',#3653,#3654,#199,.T.);
#2992=EDGE_CURVE('',#3654,#3655,#200,.T.);
#2993=EDGE_CURVE('',#3655,#3656,#201,.T.);
#2994=EDGE_CURVE('',#3656,#3653,#202,.T.);
#2995=EDGE_CURVE('',#3657,#3658,#203,.T.);
#2996=EDGE_CURVE('',#3658,#3659,#204,.T.);
#2997=EDGE_CURVE('',#3659,#3660,#205,.T.);
#2998=EDGE_CURVE('',#3660,#3657,#206,.T.);
#2999=EDGE_CURVE('',#3661,#3662,#207,.T.);
#3000=EDGE_CURVE('',#3662,#3663,#208,.T.);
#3001=EDGE_CURVE('',#3663,#3664,#209,.T.);
#3002=EDGE_CURVE('',#3664,#3661,#210,.T.);
#3003=EDGE_CURVE('',#3665,#3666,#211,.T.);
#3004=EDGE_CURVE('',#3666,#3667,#212,.T.);
#3005=EDGE_CURVE('',#3667,#3668,#213,.T.);
#3006=EDGE_CURVE('',#3668,#3665,#214,.T.);
#3007=EDGE_CURVE('',#3669,#3670,#215,.T.);
#3008=EDGE_CURVE('',#3670,#3671,#216,.T.);
#3009=EDGE_CURVE('',#3671,#3672,#217,.T.);
#3010=EDGE_CURVE('',#3672,#3669,#218,.T.);
#3011=EDGE_CURVE('',#3673,#3674,#219,.T.);
#3012=EDGE_CURVE('',#3674,#3675,#220,.T.);
#3013=EDGE_CURVE('',#3675,#3676,#221,.T.);
#3014=EDGE_CURVE('',#3676,#3673,#222,.T.);
#3015=EDGE_CURVE('',#3677,#3678,#223,.T.);
#3016=EDGE_CURVE('',#3678,#3679,#224,.T.);
#3017=EDGE_CURVE('',#3679,#3680,#225,.T.);
#3018=EDGE_CURVE('',#3680,#3677,#226,.T.);
#3019=EDGE_CURVE('',#3681,#3682,#227,.T.);
#3020=EDGE_CURVE('',#3682,#3683,#228,.T.);
#3021=EDGE_CURVE('',#3683,#3684,#229,.T.);
#3022=EDGE_CURVE('',#3684,#3681,#230,.T.);
#3023=EDGE_CURVE('',#3685,#3686,#231,.T.);
#3024=EDGE_CURVE('',#3686,#3687,#232,.T.);
#3025=EDGE_CURVE('',#3687,#3688,#233,.T.);
#3026=EDGE_CURVE('',#3688,#3685,#234,.T.);
#3027=EDGE_CURVE('',#3689,#3690,#235,.T.);
#3028=EDGE_CURVE('',#3690,#3691,#236,.T.);
#3029=EDGE_CURVE('',#3691,#3692,#237,.T.);
#3030=EDGE_CURVE('',#3692,#3689,#238,.T.);
#3031=EDGE_CURVE('',#3693,#3694,#239,.T.);
#3032=EDGE_CURVE('',#3694,#3695,#240,.T.);
#3033=EDGE_CURVE('',#3695,#3696,#241,.T.);
#3034=EDGE_CURVE('',#3696,#3693,#242,.T.);
#3035=EDGE_CURVE('',#3697,#3698,#243,.T.);
#3036=EDGE_CURVE('',#3698,#3699,#244,.T.);
#3037=EDGE_CURVE('',#3699,#3700,#245,.T.);
#3038=EDGE_CURVE('',#3700,#3697,#246,.T.);
#3039=EDGE_CURVE('',#3701,#3702,#247,.T.);
#3040=EDGE_CURVE('',#3702,#3703,#248,.T.);
#3041=EDGE_CURVE('',#3703,#3704,#249,.T.);
#3042=EDGE_CURVE('',#3704,#3701,#250,.T.);
#3043=EDGE_CURVE('',#3705,#3706,#251,.T.);
#3044=EDGE_CURVE('',#3706,#3707,#252,.T.);
#3045=EDGE_CURVE('',#3707,#3708,#253,.T.);
#3046=EDGE_CURVE('',#3708,#3705,#254,.T.);
#3047=EDGE_CURVE('',#3709,#3710,#255,.T.);
#3048=EDGE_CURVE('',#3710,#3711,#256,.T.);
#3049=EDGE_CURVE('',#3711,#3712,#257,.T.);
#3050=EDGE_CURVE('',#3712,#3709,#258,.T.);
#3051=EDGE_CURVE('',#3712,#3713,#259,.T.);
#3052=EDGE_CURVE('',#3714,#3711,#260,.T.);
#3053=EDGE_CURVE('',#3713,#3714,#261,.T.);
#3054=EDGE_CURVE('',#3712,#3651,#262,.T.);
#3055=EDGE_CURVE('',#3651,#3713,#263,.F.);
#3056=EDGE_CURVE('',#3714,#3706,#264,.F.);
#3057=EDGE_CURVE('',#3706,#3711,#265,.T.);
#3058=EDGE_CURVE('',#3715,#3713,#266,.T.);
#3059=EDGE_CURVE('',#3652,#3715,#267,.T.);
#3060=EDGE_CURVE('',#3709,#3650,#268,.F.);
#3061=EDGE_CURVE('',#3710,#3560,#269,.F.);
#3062=EDGE_CURVE('',#3561,#3709,#270,.F.);
#3063=EDGE_CURVE('',#3707,#3710,#271,.F.);
#3064=EDGE_CURVE('',#3716,#3705,#272,.T.);
#3065=EDGE_CURVE('',#3714,#3716,#273,.T.);
#3066=EDGE_CURVE('',#3652,#3653,#274,.F.);
#3067=EDGE_CURVE('',#3653,#3715,#275,.T.);
#3068=EDGE_CURVE('',#3561,#3650,#276,.T.);
#3069=EDGE_CURVE('',#3707,#3560,#277,.T.);
#3070=EDGE_CURVE('',#3716,#3702,#278,.F.);
#3071=EDGE_CURVE('',#3702,#3705,#279,.T.);
#3072=EDGE_CURVE('',#3717,#3715,#280,.T.);
#3073=EDGE_CURVE('',#3654,#3717,#281,.F.);
#3074=EDGE_CURVE('',#3649,#3656,#282,.T.);
#3075=EDGE_CURVE('',#3562,#3649,#283,.F.);
#3076=EDGE_CURVE('',#3708,#3559,#284,.F.);
#3077=EDGE_CURVE('',#3703,#3708,#285,.F.);
#3078=EDGE_CURVE('',#3718,#3701,#286,.T.);
#3079=EDGE_CURVE('',#3716,#3718,#287,.T.);
#3080=EDGE_CURVE('',#3654,#3657,#288,.T.);
#3081=EDGE_CURVE('',#3657,#3717,#289,.T.);
#3082=EDGE_CURVE('',#3562,#3656,#290,.F.);
#3083=EDGE_CURVE('',#3703,#3559,#291,.T.);
#3084=EDGE_CURVE('',#3718,#3700,#292,.F.);
#3085=EDGE_CURVE('',#3700,#3701,#293,.T.);
#3086=EDGE_CURVE('',#3719,#3717,#294,.T.);
#3087=EDGE_CURVE('',#3658,#3719,#295,.F.);
#3088=EDGE_CURVE('',#3655,#3660,#296,.F.);
#3089=EDGE_CURVE('',#3563,#3655,#297,.T.);
#3090=EDGE_CURVE('',#3704,#3558,#298,.F.);
#3091=EDGE_CURVE('',#3697,#3704,#299,.F.);
#3092=EDGE_CURVE('',#3720,#3699,#300,.T.);
#3093=EDGE_CURVE('',#3718,#3720,#301,.T.);
#3094=EDGE_CURVE('',#3658,#3661,#302,.T.);
#3095=EDGE_CURVE('',#3661,#3719,#303,.T.);
#3096=EDGE_CURVE('',#3563,#3660,#304,.F.);
#3097=EDGE_CURVE('',#3697,#3558,#305,.T.);
#3098=EDGE_CURVE('',#3720,#3696,#306,.F.);
#3099=EDGE_CURVE('',#3696,#3699,#307,.T.);
#3100=EDGE_CURVE('',#3721,#3719,#308,.T.);
#3101=EDGE_CURVE('',#3662,#3721,#309,.T.);
#3102=EDGE_CURVE('',#3659,#3664,#310,.F.);
#3103=EDGE_CURVE('',#3564,#3659,#311,.T.);
#3104=EDGE_CURVE('',#3698,#3557,#312,.F.);
#3105=EDGE_CURVE('',#3693,#3698,#313,.F.);
#3106=EDGE_CURVE('',#3722,#3695,#314,.T.);
#3107=EDGE_CURVE('',#3720,#3722,#315,.T.);
#3108=EDGE_CURVE('',#3721,#3723,#316,.T.);
#3109=EDGE_CURVE('',#3665,#3723,#317,.F.);
#3110=EDGE_CURVE('',#3662,#3665,#318,.F.);
#3111=EDGE_CURVE('',#3564,#3664,#319,.F.);
#3112=EDGE_CURVE('',#3693,#3557,#320,.T.);
#3113=EDGE_CURVE('',#3722,#3692,#321,.F.);
#3114=EDGE_CURVE('',#3692,#3695,#322,.T.);
#3115=EDGE_CURVE('',#3724,#3723,#323,.T.);
#3116=EDGE_CURVE('',#3666,#3724,#324,.T.);
#3117=EDGE_CURVE('',#3663,#3668,#325,.T.);
#3118=EDGE_CURVE('',#3565,#3663,#326,.T.);
#3119=EDGE_CURVE('',#3694,#3556,#327,.F.);
#3120=EDGE_CURVE('',#3689,#3694,#328,.F.);
#3121=EDGE_CURVE('',#3725,#3691,#329,.T.);
#3122=EDGE_CURVE('',#3722,#3725,#330,.T.);
#3123=EDGE_CURVE('',#3666,#3669,#331,.T.);
#3124=EDGE_CURVE('',#3669,#3724,#332,.F.);
#3125=EDGE_CURVE('',#3566,#3668,#333,.F.);
#3126=EDGE_CURVE('',#3689,#3556,#334,.T.);
#3127=EDGE_CURVE('',#3725,#3688,#335,.T.);
#3128=EDGE_CURVE('',#3688,#3691,#336,.F.);
#3129=EDGE_CURVE('',#3726,#3724,#337,.T.);
#3130=EDGE_CURVE('',#3670,#3726,#338,.T.);
#3131=EDGE_CURVE('',#3667,#3672,#339,.F.);
#3132=EDGE_CURVE('',#3567,#3667,#340,.F.);
#3133=EDGE_CURVE('',#3690,#3555,#341,.F.);
#3134=EDGE_CURVE('',#3685,#3690,#342,.T.);
#3135=EDGE_CURVE('',#3727,#3687,#343,.F.);
#3136=EDGE_CURVE('',#3725,#3727,#344,.T.);
#3137=EDGE_CURVE('',#3670,#3673,#345,.T.);
#3138=EDGE_CURVE('',#3673,#3726,#346,.F.);
#3139=EDGE_CURVE('',#3567,#3672,#347,.T.);
#3140=EDGE_CURVE('',#3685,#3555,#348,.F.);
#3141=EDGE_CURVE('',#3727,#3684,#349,.T.);
#3142=EDGE_CURVE('',#3684,#3687,#350,.T.);
#3143=EDGE_CURVE('',#3728,#3726,#351,.T.);
#3144=EDGE_CURVE('',#3674,#3728,#352,.T.);
#3145=EDGE_CURVE('',#3671,#3676,#353,.F.);
#3146=EDGE_CURVE('',#3568,#3671,#354,.F.);
#3147=EDGE_CURVE('',#3686,#3554,#355,.T.);
#3148=EDGE_CURVE('',#3681,#3686,#356,.F.);
#3149=EDGE_CURVE('',#3729,#3683,#357,.F.);
#3150=EDGE_CURVE('',#3727,#3729,#358,.T.);
#3151=EDGE_CURVE('',#3728,#3679,#359,.F.);
#3152=EDGE_CURVE('',#3729,#3728,#360,.T.);
#3153=EDGE_CURVE('',#3680,#3729,#361,.F.);
#3154=EDGE_CURVE('',#3674,#3679,#362,.F.);
#3155=EDGE_CURVE('',#3568,#3676,#363,.T.);
#3156=EDGE_CURVE('',#3681,#3554,#364,.F.);
#3157=EDGE_CURVE('',#3680,#3683,#365,.T.);
#3158=EDGE_CURVE('',#3675,#3678,#366,.T.);
#3159=EDGE_CURVE('',#3552,#3675,#367,.F.);
#3160=EDGE_CURVE('',#3682,#3553,#368,.T.);
#3161=EDGE_CURVE('',#3677,#3682,#369,.F.);
#3162=EDGE_CURVE('',#3552,#3678,#370,.F.);
#3163=EDGE_CURVE('',#3677,#3553,#371,.F.);
#3164=EDGE_CURVE('',#3730,#3731,#1088,.T.);
#3165=EDGE_CURVE('',#3731,#3732,#98,.F.);
#3166=EDGE_CURVE('',#3732,#3733,#1089,.F.);
#3167=EDGE_CURVE('',#3730,#3733,#1090,.T.);
#3168=EDGE_CURVE('',#3734,#3733,#1091,.T.);
#3169=EDGE_CURVE('',#3734,#3735,#372,.T.);
#3170=EDGE_CURVE('',#3735,#3736,#1092,.F.);
#3171=EDGE_CURVE('',#3736,#3730,#373,.F.);
#3172=EDGE_CURVE('',#3733,#3737,#1093,.F.);
#3173=EDGE_CURVE('',#3737,#3738,#99,.T.);
#3174=EDGE_CURVE('',#3738,#3734,#1094,.T.);
#3175=EDGE_CURVE('',#3739,#3740,#1095,.F.);
#3176=EDGE_CURVE('',#3739,#3741,#374,.T.);
#3177=EDGE_CURVE('',#3742,#3741,#3938,.F.);
#3178=EDGE_CURVE('',#3742,#3740,#375,.F.);
#3179=EDGE_CURVE('',#3743,#3744,#1096,.F.);
#3180=EDGE_CURVE('',#3743,#3742,#376,.T.);
#3181=EDGE_CURVE('',#3741,#3744,#377,.F.);
#3182=EDGE_CURVE('',#3739,#3745,#1097,.T.);
#3183=EDGE_CURVE('',#3745,#3740,#1098,.T.);
#3184=EDGE_CURVE('',#3743,#3746,#1099,.T.);
#3185=EDGE_CURVE('',#3746,#3744,#1100,.T.);
#3186=EDGE_CURVE('',#3730,#3739,#378,.T.);
#3187=EDGE_CURVE('',#3745,#3731,#379,.F.);
#3188=EDGE_CURVE('',#3747,#3748,#100,.F.);
#3189=EDGE_CURVE('',#3749,#3747,#1101,.T.);
#3190=EDGE_CURVE('',#3750,#3749,#101,.T.);
#3191=EDGE_CURVE('',#3750,#3751,#1102,.T.);
#3192=EDGE_CURVE('',#3752,#3751,#1103,.F.);
#3193=EDGE_CURVE('',#3752,#3745,#1104,.F.);
#3194=EDGE_CURVE('',#3740,#3748,#1105,.T.);
#3195=EDGE_CURVE('',#3753,#3754,#1106,.F.);
#3196=EDGE_CURVE('',#3753,#3743,#380,.T.);
#3197=EDGE_CURVE('',#3746,#3754,#381,.F.);
#3198=EDGE_CURVE('',#3744,#3755,#382,.F.);
#3199=EDGE_CURVE('',#3755,#3756,#3939,.T.);
#3200=EDGE_CURVE('',#3756,#3746,#383,.T.);
#3201=EDGE_CURVE('',#3752,#3757,#1107,.T.);
#3202=EDGE_CURVE('',#3757,#3751,#1108,.T.);
#3203=EDGE_CURVE('',#3758,#3759,#1109,.T.);
#3204=EDGE_CURVE('',#3760,#3758,#1110,.T.);
#3205=EDGE_CURVE('',#3760,#3750,#1111,.T.);
#3206=EDGE_CURVE('',#3759,#3749,#1112,.T.);
#3207=EDGE_CURVE('',#3761,#3747,#1113,.F.);
#3208=EDGE_CURVE('',#3761,#3759,#1114,.T.);
#3209=EDGE_CURVE('',#3748,#3753,#1115,.T.);
#3210=EDGE_CURVE('',#3761,#3754,#1116,.T.);
#3211=EDGE_CURVE('',#3738,#3752,#384,.T.);
#3212=EDGE_CURVE('',#3757,#3734,#385,.T.);
#3213=EDGE_CURVE('',#3762,#3763,#3940,.T.);
#3214=EDGE_CURVE('',#3762,#3757,#386,.F.);
#3215=EDGE_CURVE('',#3751,#3763,#387,.T.);
#3216=EDGE_CURVE('',#3764,#3765,#1117,.F.);
#3217=EDGE_CURVE('',#3764,#3760,#388,.F.);
#3218=EDGE_CURVE('',#3758,#3765,#389,.T.);
#3219=EDGE_CURVE('',#3759,#3766,#390,.F.);
#3220=EDGE_CURVE('',#3766,#3767,#1118,.F.);
#3221=EDGE_CURVE('',#3767,#3758,#391,.T.);
#3222=EDGE_CURVE('',#3754,#3768,#392,.T.);
#3223=EDGE_CURVE('',#3768,#3769,#1119,.F.);
#3224=EDGE_CURVE('',#3769,#3761,#393,.T.);
#3225=EDGE_CURVE('',#3770,#3764,#1120,.F.);
#3226=EDGE_CURVE('',#3770,#3762,#394,.F.);
#3227=EDGE_CURVE('',#3763,#3764,#395,.T.);
#3228=EDGE_CURVE('',#3770,#3765,#1121,.T.);
#3229=EDGE_CURVE('',#3765,#3771,#396,.F.);
#3230=EDGE_CURVE('',#3771,#3772,#3941,.T.);
#3231=EDGE_CURVE('',#3772,#3770,#397,.T.);
#3232=EDGE_CURVE('',#3732,#3737,#1122,.F.);
#3233=EDGE_CURVE('',#3773,#3773,#1123,.T.);
#3234=EDGE_CURVE('',#3774,#3774,#1124,.T.);
#3235=EDGE_CURVE('',#3775,#3775,#1125,.T.);
#3236=EDGE_CURVE('',#3776,#3776,#1126,.T.);
#3237=EDGE_CURVE('',#3777,#3777,#1127,.T.);
#3238=EDGE_CURVE('',#3778,#3778,#1128,.T.);
#3239=EDGE_CURVE('',#3779,#3779,#1129,.T.);
#3240=EDGE_CURVE('',#3780,#3780,#1130,.T.);
#3241=EDGE_CURVE('',#3781,#3781,#1131,.T.);
#3242=EDGE_CURVE('',#3782,#3782,#1132,.T.);
#3243=EDGE_CURVE('',#3783,#3783,#1133,.T.);
#3244=EDGE_CURVE('',#3784,#3784,#1134,.T.);
#3245=EDGE_CURVE('',#3785,#3785,#1135,.T.);
#3246=EDGE_CURVE('',#3786,#3786,#1136,.T.);
#3247=EDGE_CURVE('',#3787,#3787,#1137,.T.);
#3248=EDGE_CURVE('',#3788,#3788,#1138,.T.);
#3249=EDGE_CURVE('',#3789,#3789,#1139,.T.);
#3250=EDGE_CURVE('',#3790,#3790,#1140,.T.);
#3251=EDGE_CURVE('',#3791,#3791,#1141,.T.);
#3252=EDGE_CURVE('',#3792,#3792,#1142,.T.);
#3253=EDGE_CURVE('',#3793,#3793,#1143,.T.);
#3254=EDGE_CURVE('',#3794,#3794,#1144,.T.);
#3255=EDGE_CURVE('',#3795,#3795,#1145,.T.);
#3256=EDGE_CURVE('',#3796,#3796,#1146,.T.);
#3257=EDGE_CURVE('',#3797,#3797,#1147,.T.);
#3258=EDGE_CURVE('',#3798,#3798,#1148,.T.);
#3259=EDGE_CURVE('',#3799,#3799,#1149,.T.);
#3260=EDGE_CURVE('',#3800,#3800,#1150,.T.);
#3261=EDGE_CURVE('',#3801,#3801,#1151,.T.);
#3262=EDGE_CURVE('',#3802,#3802,#1152,.T.);
#3263=EDGE_CURVE('',#3803,#3803,#1153,.T.);
#3264=EDGE_CURVE('',#3804,#3804,#1154,.T.);
#3265=EDGE_CURVE('',#3772,#3755,#398,.T.);
#3266=EDGE_CURVE('',#3736,#3741,#399,.T.);
#3267=EDGE_CURVE('',#3735,#3762,#400,.T.);
#3268=EDGE_CURVE('',#3756,#3768,#401,.T.);
#3269=EDGE_CURVE('',#3767,#3771,#402,.F.);
#3270=EDGE_CURVE('',#3805,#3805,#3942,.F.);
#3271=EDGE_CURVE('',#3806,#3807,#1155,.T.);
#3272=EDGE_CURVE('',#3807,#3731,#102,.T.);
#3273=EDGE_CURVE('',#3738,#3806,#103,.F.);
#3274=EDGE_CURVE('',#3769,#3766,#3943,.T.);
#3275=EDGE_CURVE('',#3808,#3809,#3944,.T.);
#3276=EDGE_CURVE('',#3809,#3810,#403,.T.);
#3277=EDGE_CURVE('',#3810,#3811,#3945,.T.);
#3278=EDGE_CURVE('',#3811,#3812,#404,.F.);
#3279=EDGE_CURVE('',#3812,#3813,#3946,.T.);
#3280=EDGE_CURVE('',#3813,#3808,#405,.F.);
#3281=EDGE_CURVE('',#3814,#3815,#3947,.T.);
#3282=EDGE_CURVE('',#3815,#3816,#406,.F.);
#3283=EDGE_CURVE('',#3816,#3817,#3948,.T.);
#3284=EDGE_CURVE('',#3817,#3818,#407,.T.);
#3285=EDGE_CURVE('',#3818,#3819,#3949,.T.);
#3286=EDGE_CURVE('',#3819,#3814,#408,.T.);
#3287=EDGE_CURVE('',#3820,#3820,#3950,.F.);
#3288=EDGE_CURVE('',#3821,#3821,#3951,.F.);
#3289=EDGE_CURVE('',#3822,#3823,#1156,.T.);
#3290=EDGE_CURVE('',#3823,#3824,#104,.F.);
#3291=EDGE_CURVE('',#3824,#3825,#1157,.F.);
#3292=EDGE_CURVE('',#3822,#3825,#1158,.T.);
#3293=EDGE_CURVE('',#3826,#3825,#1159,.T.);
#3294=EDGE_CURVE('',#3826,#3827,#409,.T.);
#3295=EDGE_CURVE('',#3827,#3828,#1160,.F.);
#3296=EDGE_CURVE('',#3828,#3822,#410,.F.);
#3297=EDGE_CURVE('',#3825,#3829,#1161,.F.);
#3298=EDGE_CURVE('',#3829,#3830,#105,.T.);
#3299=EDGE_CURVE('',#3830,#3826,#1162,.T.);
#3300=EDGE_CURVE('',#3831,#3832,#1163,.F.);
#3301=EDGE_CURVE('',#3831,#3833,#411,.T.);
#3302=EDGE_CURVE('',#3834,#3833,#3952,.F.);
#3303=EDGE_CURVE('',#3834,#3832,#412,.F.);
#3304=EDGE_CURVE('',#3835,#3836,#1164,.F.);
#3305=EDGE_CURVE('',#3835,#3834,#413,.T.);
#3306=EDGE_CURVE('',#3833,#3836,#414,.F.);
#3307=EDGE_CURVE('',#3831,#3837,#1165,.T.);
#3308=EDGE_CURVE('',#3837,#3832,#1166,.T.);
#3309=EDGE_CURVE('',#3835,#3838,#1167,.T.);
#3310=EDGE_CURVE('',#3838,#3836,#1168,.T.);
#3311=EDGE_CURVE('',#3822,#3831,#415,.T.);
#3312=EDGE_CURVE('',#3837,#3823,#416,.F.);
#3313=EDGE_CURVE('',#3839,#3840,#106,.F.);
#3314=EDGE_CURVE('',#3841,#3839,#1169,.T.);
#3315=EDGE_CURVE('',#3842,#3841,#107,.T.);
#3316=EDGE_CURVE('',#3842,#3843,#1170,.T.);
#3317=EDGE_CURVE('',#3844,#3843,#1171,.F.);
#3318=EDGE_CURVE('',#3844,#3837,#1172,.F.);
#3319=EDGE_CURVE('',#3832,#3840,#1173,.T.);
#3320=EDGE_CURVE('',#3845,#3846,#1174,.F.);
#3321=EDGE_CURVE('',#3845,#3835,#417,.T.);
#3322=EDGE_CURVE('',#3838,#3846,#418,.F.);
#3323=EDGE_CURVE('',#3836,#3847,#419,.F.);
#3324=EDGE_CURVE('',#3847,#3848,#3953,.F.);
#3325=EDGE_CURVE('',#3848,#3838,#420,.T.);
#3326=EDGE_CURVE('',#3844,#3849,#1175,.T.);
#3327=EDGE_CURVE('',#3849,#3843,#1176,.T.);
#3328=EDGE_CURVE('',#3850,#3851,#1177,.T.);
#3329=EDGE_CURVE('',#3852,#3850,#1178,.T.);
#3330=EDGE_CURVE('',#3852,#3842,#1179,.T.);
#3331=EDGE_CURVE('',#3851,#3841,#1180,.T.);
#3332=EDGE_CURVE('',#3853,#3839,#1181,.F.);
#3333=EDGE_CURVE('',#3853,#3851,#1182,.T.);
#3334=EDGE_CURVE('',#3840,#3845,#1183,.T.);
#3335=EDGE_CURVE('',#3853,#3846,#1184,.T.);
#3336=EDGE_CURVE('',#3830,#3844,#421,.T.);
#3337=EDGE_CURVE('',#3849,#3826,#422,.T.);
#3338=EDGE_CURVE('',#3854,#3855,#3954,.T.);
#3339=EDGE_CURVE('',#3854,#3849,#423,.F.);
#3340=EDGE_CURVE('',#3843,#3855,#424,.T.);
#3341=EDGE_CURVE('',#3856,#3857,#1185,.F.);
#3342=EDGE_CURVE('',#3856,#3852,#425,.F.);
#3343=EDGE_CURVE('',#3850,#3857,#426,.T.);
#3344=EDGE_CURVE('',#3851,#3858,#427,.F.);
#3345=EDGE_CURVE('',#3858,#3859,#1186,.F.);
#3346=EDGE_CURVE('',#3859,#3850,#428,.T.);
#3347=EDGE_CURVE('',#3846,#3860,#429,.T.);
#3348=EDGE_CURVE('',#3860,#3861,#1187,.F.);
#3349=EDGE_CURVE('',#3861,#3853,#430,.T.);
#3350=EDGE_CURVE('',#3862,#3856,#1188,.F.);
#3351=EDGE_CURVE('',#3862,#3854,#431,.F.);
#3352=EDGE_CURVE('',#3855,#3856,#432,.T.);
#3353=EDGE_CURVE('',#3862,#3857,#1189,.T.);
#3354=EDGE_CURVE('',#3857,#3863,#433,.F.);
#3355=EDGE_CURVE('',#3863,#3864,#3955,.F.);
#3356=EDGE_CURVE('',#3864,#3862,#434,.T.);
#3357=EDGE_CURVE('',#3824,#3829,#1190,.F.);
#3358=EDGE_CURVE('',#3865,#3865,#1191,.T.);
#3359=EDGE_CURVE('',#3866,#3866,#1192,.T.);
#3360=EDGE_CURVE('',#3867,#3867,#1193,.T.);
#3361=EDGE_CURVE('',#3868,#3868,#1194,.T.);
#3362=EDGE_CURVE('',#3869,#3869,#1195,.T.);
#3363=EDGE_CURVE('',#3870,#3870,#1196,.T.);
#3364=EDGE_CURVE('',#3871,#3871,#1197,.T.);
#3365=EDGE_CURVE('',#3872,#3872,#1198,.T.);
#3366=EDGE_CURVE('',#3873,#3873,#1199,.T.);
#3367=EDGE_CURVE('',#3874,#3874,#1200,.T.);
#3368=EDGE_CURVE('',#3875,#3875,#1201,.T.);
#3369=EDGE_CURVE('',#3876,#3876,#1202,.T.);
#3370=EDGE_CURVE('',#3877,#3877,#1203,.T.);
#3371=EDGE_CURVE('',#3878,#3878,#1204,.T.);
#3372=EDGE_CURVE('',#3879,#3879,#1205,.T.);
#3373=EDGE_CURVE('',#3880,#3880,#1206,.T.);
#3374=EDGE_CURVE('',#3881,#3881,#1207,.T.);
#3375=EDGE_CURVE('',#3882,#3882,#1208,.T.);
#3376=EDGE_CURVE('',#3883,#3883,#1209,.T.);
#3377=EDGE_CURVE('',#3884,#3884,#1210,.T.);
#3378=EDGE_CURVE('',#3885,#3885,#1211,.T.);
#3379=EDGE_CURVE('',#3886,#3886,#1212,.T.);
#3380=EDGE_CURVE('',#3887,#3887,#1213,.T.);
#3381=EDGE_CURVE('',#3888,#3888,#1214,.T.);
#3382=EDGE_CURVE('',#3889,#3889,#1215,.T.);
#3383=EDGE_CURVE('',#3890,#3890,#1216,.T.);
#3384=EDGE_CURVE('',#3891,#3891,#1217,.T.);
#3385=EDGE_CURVE('',#3892,#3892,#1218,.T.);
#3386=EDGE_CURVE('',#3893,#3893,#1219,.T.);
#3387=EDGE_CURVE('',#3894,#3894,#1220,.T.);
#3388=EDGE_CURVE('',#3895,#3895,#1221,.T.);
#3389=EDGE_CURVE('',#3896,#3896,#1222,.T.);
#3390=EDGE_CURVE('',#3864,#3847,#435,.T.);
#3391=EDGE_CURVE('',#3828,#3833,#436,.T.);
#3392=EDGE_CURVE('',#3827,#3854,#437,.T.);
#3393=EDGE_CURVE('',#3848,#3860,#438,.T.);
#3394=EDGE_CURVE('',#3859,#3863,#439,.F.);
#3395=EDGE_CURVE('',#3897,#3897,#3956,.T.);
#3396=EDGE_CURVE('',#3898,#3899,#1223,.T.);
#3397=EDGE_CURVE('',#3899,#3823,#108,.T.);
#3398=EDGE_CURVE('',#3830,#3898,#109,.F.);
#3399=EDGE_CURVE('',#3861,#3858,#3957,.F.);
#3400=EDGE_CURVE('',#3900,#3900,#3958,.T.);
#3401=EDGE_CURVE('',#3901,#3901,#3959,.T.);
#3402=EDGE_CURVE('',#3545,#3847,#1224,.T.);
#3403=EDGE_CURVE('',#3848,#3544,#1225,.T.);
#3404=EDGE_CURVE('',#3860,#3543,#1226,.T.);
#3405=EDGE_CURVE('',#3540,#3864,#1227,.T.);
#3406=EDGE_CURVE('',#3861,#3543,#1228,.T.);
#3407=EDGE_CURVE('',#3541,#3863,#1229,.T.);
#3408=EDGE_CURVE('',#3858,#3542,#1230,.T.);
#3409=EDGE_CURVE('',#3542,#3859,#1231,.T.);
#3410=EDGE_CURVE('',#3506,#3550,#1232,.T.);
#3411=EDGE_CURVE('',#3551,#3515,#1233,.T.);
#3412=EDGE_CURVE('',#3546,#3514,#1234,.T.);
#3413=EDGE_CURVE('',#3507,#3549,#1235,.T.);
#3414=EDGE_CURVE('',#3546,#3483,#1236,.T.);
#3415=EDGE_CURVE('',#3498,#3548,#1237,.T.);
#3416=EDGE_CURVE('',#3547,#3482,#1238,.T.);
#3417=EDGE_CURVE('',#3499,#3547,#1239,.T.);
#3418=EDGE_CURVE('',#3813,#3755,#1240,.T.);
#3419=EDGE_CURVE('',#3756,#3812,#1241,.T.);
#3420=EDGE_CURVE('',#3768,#3811,#1242,.T.);
#3421=EDGE_CURVE('',#3808,#3772,#1243,.T.);
#3422=EDGE_CURVE('',#3769,#3811,#1244,.T.);
#3423=EDGE_CURVE('',#3809,#3771,#1245,.T.);
#3424=EDGE_CURVE('',#3766,#3810,#1246,.T.);
#3425=EDGE_CURVE('',#3810,#3767,#1247,.T.);
#3426=EDGE_CURVE('',#3623,#3818,#1248,.T.);
#3427=EDGE_CURVE('',#3819,#3620,#1249,.T.);
#3428=EDGE_CURVE('',#3814,#3619,#1250,.T.);
#3429=EDGE_CURVE('',#3624,#3817,#1251,.T.);
#3430=EDGE_CURVE('',#3814,#3592,#1252,.T.);
#3431=EDGE_CURVE('',#3607,#3816,#1253,.T.);
#3432=EDGE_CURVE('',#3815,#3591,#1254,.T.);
#3433=EDGE_CURVE('',#3608,#3815,#1255,.T.);
#3434=EDGE_CURVE('',#3902,#3902,#3960,.T.);
#3435=EDGE_CURVE('',#3903,#3903,#3961,.T.);
#3436=EDGE_CURVE('',#3534,#3493,#1256,.T.);
#3437=EDGE_CURVE('',#3535,#3492,#1257,.T.);
#3438=EDGE_CURVE('',#3898,#3829,#1258,.T.);
#3439=EDGE_CURVE('',#3899,#3824,#1259,.T.);
#3440=EDGE_CURVE('',#3643,#3602,#1260,.T.);
#3441=EDGE_CURVE('',#3644,#3601,#1261,.T.);
#3442=EDGE_CURVE('',#3806,#3737,#1262,.T.);
#3443=EDGE_CURVE('',#3807,#3732,#1263,.T.);
#3444=EDGE_CURVE('',#3904,#3904,#1264,.T.);
#3445=EDGE_CURVE('',#3905,#3905,#1265,.T.);
#3446=EDGE_CURVE('',#3906,#3906,#3962,.F.);
#3447=EDGE_CURVE('',#3907,#3907,#3963,.F.);
#3448=EDGE_CURVE('',#3908,#3908,#1266,.T.);
#3449=EDGE_CURVE('',#3909,#3909,#1267,.T.);
#3450=EDGE_CURVE('',#3910,#3910,#3964,.F.);
#3451=EDGE_CURVE('',#3911,#3911,#3965,.F.);
#3452=VERTEX_POINT('',#8380);
#3453=VERTEX_POINT('',#8382);
#3454=VERTEX_POINT('',#8385);
#3455=VERTEX_POINT('',#8387);
#3456=VERTEX_POINT('',#8393);
#3457=VERTEX_POINT('',#8395);
#3458=VERTEX_POINT('',#8398);
#3459=VERTEX_POINT('',#8400);
#3460=VERTEX_POINT('',#8406);
#3461=VERTEX_POINT('',#8407);
#3462=VERTEX_POINT('',#8409);
#3463=VERTEX_POINT('',#8411);
#3464=VERTEX_POINT('',#8413);
#3465=VERTEX_POINT('',#8417);
#3466=VERTEX_POINT('',#8419);
#3467=VERTEX_POINT('',#8421);
#3468=VERTEX_POINT('',#8423);
#3469=VERTEX_POINT('',#8425);
#3470=VERTEX_POINT('',#8426);
#3471=VERTEX_POINT('',#8428);
#3472=VERTEX_POINT('',#8430);
#3473=VERTEX_POINT('',#8434);
#3474=VERTEX_POINT('',#8436);
#3475=VERTEX_POINT('',#8438);
#3476=VERTEX_POINT('',#8440);
#3477=VERTEX_POINT('',#8442);
#3478=VERTEX_POINT('',#8443);
#3479=VERTEX_POINT('',#8445);
#3480=VERTEX_POINT('',#8447);
#3481=VERTEX_POINT('',#8451);
#3482=VERTEX_POINT('',#8452);
#3483=VERTEX_POINT('',#8454);
#3484=VERTEX_POINT('',#8456);
#3485=VERTEX_POINT('',#8460);
#3486=VERTEX_POINT('',#8461);
#3487=VERTEX_POINT('',#8463);
#3488=VERTEX_POINT('',#8465);
#3489=VERTEX_POINT('',#8467);
#3490=VERTEX_POINT('',#8471);
#3491=VERTEX_POINT('',#8472);
#3492=VERTEX_POINT('',#8478);
#3493=VERTEX_POINT('',#8480);
#3494=VERTEX_POINT('',#8486);
#3495=VERTEX_POINT('',#8488);
#3496=VERTEX_POINT('',#8491);
#3497=VERTEX_POINT('',#8494);
#3498=VERTEX_POINT('',#8495);
#3499=VERTEX_POINT('',#8497);
#3500=VERTEX_POINT('',#8499);
#3501=VERTEX_POINT('',#8502);
#3502=VERTEX_POINT('',#8504);
#3503=VERTEX_POINT('',#8506);
#3504=VERTEX_POINT('',#8508);
#3505=VERTEX_POINT('',#8511);
#3506=VERTEX_POINT('',#8512);
#3507=VERTEX_POINT('',#8514);
#3508=VERTEX_POINT('',#8516);
#3509=VERTEX_POINT('',#8522);
#3510=VERTEX_POINT('',#8524);
#3511=VERTEX_POINT('',#8526);
#3512=VERTEX_POINT('',#8528);
#3513=VERTEX_POINT('',#8530);
#3514=VERTEX_POINT('',#8531);
#3515=VERTEX_POINT('',#8533);
#3516=VERTEX_POINT('',#8535);
#3517=VERTEX_POINT('',#8539);
#3518=VERTEX_POINT('',#8542);
#3519=VERTEX_POINT('',#8545);
#3520=VERTEX_POINT('',#8548);
#3521=VERTEX_POINT('',#8551);
#3522=VERTEX_POINT('',#8554);
#3523=VERTEX_POINT('',#8557);
#3524=VERTEX_POINT('',#8560);
#3525=VERTEX_POINT('',#8563);
#3526=VERTEX_POINT('',#8566);
#3527=VERTEX_POINT('',#8569);
#3528=VERTEX_POINT('',#8572);
#3529=VERTEX_POINT('',#8575);
#3530=VERTEX_POINT('',#8578);
#3531=VERTEX_POINT('',#8581);
#3532=VERTEX_POINT('',#8584);
#3533=VERTEX_POINT('',#8595);
#3534=VERTEX_POINT('',#8596);
#3535=VERTEX_POINT('',#8598);
#3536=VERTEX_POINT('',#8623);
#3537=VERTEX_POINT('',#8631);
#3538=VERTEX_POINT('',#8676);
#3539=VERTEX_POINT('',#8678);
#3540=VERTEX_POINT('',#8681);
#3541=VERTEX_POINT('',#8682);
#3542=VERTEX_POINT('',#8684);
#3543=VERTEX_POINT('',#8686);
#3544=VERTEX_POINT('',#8688);
#3545=VERTEX_POINT('',#8690);
#3546=VERTEX_POINT('',#8693);
#3547=VERTEX_POINT('',#8694);
#3548=VERTEX_POINT('',#8696);
#3549=VERTEX_POINT('',#8698);
#3550=VERTEX_POINT('',#8700);
#3551=VERTEX_POINT('',#8702);
#3552=VERTEX_POINT('',#8705);
#3553=VERTEX_POINT('',#8706);
#3554=VERTEX_POINT('',#8708);
#3555=VERTEX_POINT('',#8710);
#3556=VERTEX_POINT('',#8712);
#3557=VERTEX_POINT('',#8714);
#3558=VERTEX_POINT('',#8716);
#3559=VERTEX_POINT('',#8718);
#3560=VERTEX_POINT('',#8720);
#3561=VERTEX_POINT('',#8722);
#3562=VERTEX_POINT('',#8724);
#3563=VERTEX_POINT('',#8726);
#3564=VERTEX_POINT('',#8728);
#3565=VERTEX_POINT('',#8730);
#3566=VERTEX_POINT('',#8732);
#3567=VERTEX_POINT('',#8734);
#3568=VERTEX_POINT('',#8736);
#3569=VERTEX_POINT('',#8740);
#3570=VERTEX_POINT('',#8741);
#3571=VERTEX_POINT('',#8743);
#3572=VERTEX_POINT('',#8745);
#3573=VERTEX_POINT('',#8747);
#3574=VERTEX_POINT('',#8751);
#3575=VERTEX_POINT('',#8753);
#3576=VERTEX_POINT('',#8755);
#3577=VERTEX_POINT('',#8757);
#3578=VERTEX_POINT('',#8759);
#3579=VERTEX_POINT('',#8760);
#3580=VERTEX_POINT('',#8762);
#3581=VERTEX_POINT('',#8764);
#3582=VERTEX_POINT('',#8768);
#3583=VERTEX_POINT('',#8770);
#3584=VERTEX_POINT('',#8772);
#3585=VERTEX_POINT('',#8774);
#3586=VERTEX_POINT('',#8776);
#3587=VERTEX_POINT('',#8777);
#3588=VERTEX_POINT('',#8779);
#3589=VERTEX_POINT('',#8781);
#3590=VERTEX_POINT('',#8785);
#3591=VERTEX_POINT('',#8786);
#3592=VERTEX_POINT('',#8788);
#3593=VERTEX_POINT('',#8790);
#3594=VERTEX_POINT('',#8794);
#3595=VERTEX_POINT('',#8795);
#3596=VERTEX_POINT('',#8797);
#3597=VERTEX_POINT('',#8799);
#3598=VERTEX_POINT('',#8801);
#3599=VERTEX_POINT('',#8805);
#3600=VERTEX_POINT('',#8806);
#3601=VERTEX_POINT('',#8812);
#3602=VERTEX_POINT('',#8814);
#3603=VERTEX_POINT('',#8820);
#3604=VERTEX_POINT('',#8822);
#3605=VERTEX_POINT('',#8825);
#3606=VERTEX_POINT('',#8828);
#3607=VERTEX_POINT('',#8829);
#3608=VERTEX_POINT('',#8831);
#3609=VERTEX_POINT('',#8833);
#3610=VERTEX_POINT('',#8836);
#3611=VERTEX_POINT('',#8838);
#3612=VERTEX_POINT('',#8840);
#3613=VERTEX_POINT('',#8842);
#3614=VERTEX_POINT('',#8845);
#3615=VERTEX_POINT('',#8847);
#3616=VERTEX_POINT('',#8849);
#3617=VERTEX_POINT('',#8851);
#3618=VERTEX_POINT('',#8853);
#3619=VERTEX_POINT('',#8854);
#3620=VERTEX_POINT('',#8856);
#3621=VERTEX_POINT('',#8858);
#3622=VERTEX_POINT('',#8862);
#3623=VERTEX_POINT('',#8863);
#3624=VERTEX_POINT('',#8865);
#3625=VERTEX_POINT('',#8867);
#3626=VERTEX_POINT('',#8873);
#3627=VERTEX_POINT('',#8876);
#3628=VERTEX_POINT('',#8879);
#3629=VERTEX_POINT('',#8882);
#3630=VERTEX_POINT('',#8885);
#3631=VERTEX_POINT('',#8888);
#3632=VERTEX_POINT('',#8891);
#3633=VERTEX_POINT('',#8894);
#3634=VERTEX_POINT('',#8897);
#3635=VERTEX_POINT('',#8900);
#3636=VERTEX_POINT('',#8903);
#3637=VERTEX_POINT('',#8906);
#3638=VERTEX_POINT('',#8909);
#3639=VERTEX_POINT('',#8912);
#3640=VERTEX_POINT('',#8915);
#3641=VERTEX_POINT('',#8918);
#3642=VERTEX_POINT('',#8929);
#3643=VERTEX_POINT('',#8930);
#3644=VERTEX_POINT('',#8932);
#3645=VERTEX_POINT('',#8957);
#3646=VERTEX_POINT('',#8965);
#3647=VERTEX_POINT('',#9010);
#3648=VERTEX_POINT('',#9012);
#3649=VERTEX_POINT('',#9015);
#3650=VERTEX_POINT('',#9016);
#3651=VERTEX_POINT('',#9018);
#3652=VERTEX_POINT('',#9020);
#3653=VERTEX_POINT('',#9024);
#3654=VERTEX_POINT('',#9025);
#3655=VERTEX_POINT('',#9027);
#3656=VERTEX_POINT('',#9029);
#3657=VERTEX_POINT('',#9033);
#3658=VERTEX_POINT('',#9034);
#3659=VERTEX_POINT('',#9036);
#3660=VERTEX_POINT('',#9038);
#3661=VERTEX_POINT('',#9042);
#3662=VERTEX_POINT('',#9043);
#3663=VERTEX_POINT('',#9045);
#3664=VERTEX_POINT('',#9047);
#3665=VERTEX_POINT('',#9051);
#3666=VERTEX_POINT('',#9052);
#3667=VERTEX_POINT('',#9054);
#3668=VERTEX_POINT('',#9056);
#3669=VERTEX_POINT('',#9060);
#3670=VERTEX_POINT('',#9061);
#3671=VERTEX_POINT('',#9063);
#3672=VERTEX_POINT('',#9065);
#3673=VERTEX_POINT('',#9069);
#3674=VERTEX_POINT('',#9070);
#3675=VERTEX_POINT('',#9072);
#3676=VERTEX_POINT('',#9074);
#3677=VERTEX_POINT('',#9078);
#3678=VERTEX_POINT('',#9079);
#3679=VERTEX_POINT('',#9081);
#3680=VERTEX_POINT('',#9083);
#3681=VERTEX_POINT('',#9087);
#3682=VERTEX_POINT('',#9088);
#3683=VERTEX_POINT('',#9090);
#3684=VERTEX_POINT('',#9092);
#3685=VERTEX_POINT('',#9096);
#3686=VERTEX_POINT('',#9097);
#3687=VERTEX_POINT('',#9099);
#3688=VERTEX_POINT('',#9101);
#3689=VERTEX_POINT('',#9105);
#3690=VERTEX_POINT('',#9106);
#3691=VERTEX_POINT('',#9108);
#3692=VERTEX_POINT('',#9110);
#3693=VERTEX_POINT('',#9114);
#3694=VERTEX_POINT('',#9115);
#3695=VERTEX_POINT('',#9117);
#3696=VERTEX_POINT('',#9119);
#3697=VERTEX_POINT('',#9123);
#3698=VERTEX_POINT('',#9124);
#3699=VERTEX_POINT('',#9126);
#3700=VERTEX_POINT('',#9128);
#3701=VERTEX_POINT('',#9132);
#3702=VERTEX_POINT('',#9133);
#3703=VERTEX_POINT('',#9135);
#3704=VERTEX_POINT('',#9137);
#3705=VERTEX_POINT('',#9141);
#3706=VERTEX_POINT('',#9142);
#3707=VERTEX_POINT('',#9144);
#3708=VERTEX_POINT('',#9146);
#3709=VERTEX_POINT('',#9150);
#3710=VERTEX_POINT('',#9151);
#3711=VERTEX_POINT('',#9153);
#3712=VERTEX_POINT('',#9155);
#3713=VERTEX_POINT('',#9159);
#3714=VERTEX_POINT('',#9161);
#3715=VERTEX_POINT('',#9171);
#3716=VERTEX_POINT('',#9182);
#3717=VERTEX_POINT('',#9196);
#3718=VERTEX_POINT('',#9208);
#3719=VERTEX_POINT('',#9222);
#3720=VERTEX_POINT('',#9234);
#3721=VERTEX_POINT('',#9248);
#3722=VERTEX_POINT('',#9260);
#3723=VERTEX_POINT('',#9264);
#3724=VERTEX_POINT('',#9276);
#3725=VERTEX_POINT('',#9288);
#3726=VERTEX_POINT('',#9302);
#3727=VERTEX_POINT('',#9314);
#3728=VERTEX_POINT('',#9328);
#3729=VERTEX_POINT('',#9340);
#3730=VERTEX_POINT('',#9369);
#3731=VERTEX_POINT('',#9370);
#3732=VERTEX_POINT('',#9377);
#3733=VERTEX_POINT('',#9379);
#3734=VERTEX_POINT('',#9383);
#3735=VERTEX_POINT('',#9385);
#3736=VERTEX_POINT('',#9387);
#3737=VERTEX_POINT('',#9391);
#3738=VERTEX_POINT('',#9398);
#3739=VERTEX_POINT('',#9402);
#3740=VERTEX_POINT('',#9403);
#3741=VERTEX_POINT('',#9405);
#3742=VERTEX_POINT('',#9407);
#3743=VERTEX_POINT('',#9411);
#3744=VERTEX_POINT('',#9412);
#3745=VERTEX_POINT('',#9417);
#3746=VERTEX_POINT('',#9421);
#3747=VERTEX_POINT('',#9431);
#3748=VERTEX_POINT('',#9432);
#3749=VERTEX_POINT('',#9434);
#3750=VERTEX_POINT('',#9439);
#3751=VERTEX_POINT('',#9441);
#3752=VERTEX_POINT('',#9443);
#3753=VERTEX_POINT('',#9448);
#3754=VERTEX_POINT('',#9449);
#3755=VERTEX_POINT('',#9454);
#3756=VERTEX_POINT('',#9456);
#3757=VERTEX_POINT('',#9460);
#3758=VERTEX_POINT('',#9464);
#3759=VERTEX_POINT('',#9465);
#3760=VERTEX_POINT('',#9467);
#3761=VERTEX_POINT('',#9472);
#3762=VERTEX_POINT('',#9482);
#3763=VERTEX_POINT('',#9483);
#3764=VERTEX_POINT('',#9488);
#3765=VERTEX_POINT('',#9489);
#3766=VERTEX_POINT('',#9494);
#3767=VERTEX_POINT('',#9496);
#3768=VERTEX_POINT('',#9500);
#3769=VERTEX_POINT('',#9502);
#3770=VERTEX_POINT('',#9506);
#3771=VERTEX_POINT('',#9513);
#3772=VERTEX_POINT('',#9515);
#3773=VERTEX_POINT('',#9521);
#3774=VERTEX_POINT('',#9523);
#3775=VERTEX_POINT('',#9526);
#3776=VERTEX_POINT('',#9528);
#3777=VERTEX_POINT('',#9531);
#3778=VERTEX_POINT('',#9533);
#3779=VERTEX_POINT('',#9536);
#3780=VERTEX_POINT('',#9538);
#3781=VERTEX_POINT('',#9541);
#3782=VERTEX_POINT('',#9543);
#3783=VERTEX_POINT('',#9546);
#3784=VERTEX_POINT('',#9548);
#3785=VERTEX_POINT('',#9551);
#3786=VERTEX_POINT('',#9553);
#3787=VERTEX_POINT('',#9556);
#3788=VERTEX_POINT('',#9558);
#3789=VERTEX_POINT('',#9561);
#3790=VERTEX_POINT('',#9564);
#3791=VERTEX_POINT('',#9567);
#3792=VERTEX_POINT('',#9570);
#3793=VERTEX_POINT('',#9573);
#3794=VERTEX_POINT('',#9576);
#3795=VERTEX_POINT('',#9579);
#3796=VERTEX_POINT('',#9582);
#3797=VERTEX_POINT('',#9585);
#3798=VERTEX_POINT('',#9588);
#3799=VERTEX_POINT('',#9591);
#3800=VERTEX_POINT('',#9594);
#3801=VERTEX_POINT('',#9597);
#3802=VERTEX_POINT('',#9600);
#3803=VERTEX_POINT('',#9603);
#3804=VERTEX_POINT('',#9606);
#3805=VERTEX_POINT('',#9617);
#3806=VERTEX_POINT('',#9619);
#3807=VERTEX_POINT('',#9620);
#3808=VERTEX_POINT('',#9639);
#3809=VERTEX_POINT('',#9640);
#3810=VERTEX_POINT('',#9642);
#3811=VERTEX_POINT('',#9644);
#3812=VERTEX_POINT('',#9646);
#3813=VERTEX_POINT('',#9648);
#3814=VERTEX_POINT('',#9651);
#3815=VERTEX_POINT('',#9652);
#3816=VERTEX_POINT('',#9654);
#3817=VERTEX_POINT('',#9656);
#3818=VERTEX_POINT('',#9658);
#3819=VERTEX_POINT('',#9660);
#3820=VERTEX_POINT('',#9664);
#3821=VERTEX_POINT('',#9666);
#3822=VERTEX_POINT('',#9669);
#3823=VERTEX_POINT('',#9670);
#3824=VERTEX_POINT('',#9677);
#3825=VERTEX_POINT('',#9679);
#3826=VERTEX_POINT('',#9683);
#3827=VERTEX_POINT('',#9685);
#3828=VERTEX_POINT('',#9687);
#3829=VERTEX_POINT('',#9691);
#3830=VERTEX_POINT('',#9698);
#3831=VERTEX_POINT('',#9702);
#3832=VERTEX_POINT('',#9703);
#3833=VERTEX_POINT('',#9705);
#3834=VERTEX_POINT('',#9707);
#3835=VERTEX_POINT('',#9711);
#3836=VERTEX_POINT('',#9712);
#3837=VERTEX_POINT('',#9717);
#3838=VERTEX_POINT('',#9721);
#3839=VERTEX_POINT('',#9731);
#3840=VERTEX_POINT('',#9732);
#3841=VERTEX_POINT('',#9734);
#3842=VERTEX_POINT('',#9739);
#3843=VERTEX_POINT('',#9741);
#3844=VERTEX_POINT('',#9743);
#3845=VERTEX_POINT('',#9748);
#3846=VERTEX_POINT('',#9749);
#3847=VERTEX_POINT('',#9754);
#3848=VERTEX_POINT('',#9756);
#3849=VERTEX_POINT('',#9760);
#3850=VERTEX_POINT('',#9764);
#3851=VERTEX_POINT('',#9765);
#3852=VERTEX_POINT('',#9767);
#3853=VERTEX_POINT('',#9772);
#3854=VERTEX_POINT('',#9782);
#3855=VERTEX_POINT('',#9783);
#3856=VERTEX_POINT('',#9788);
#3857=VERTEX_POINT('',#9789);
#3858=VERTEX_POINT('',#9794);
#3859=VERTEX_POINT('',#9796);
#3860=VERTEX_POINT('',#9800);
#3861=VERTEX_POINT('',#9802);
#3862=VERTEX_POINT('',#9806);
#3863=VERTEX_POINT('',#9813);
#3864=VERTEX_POINT('',#9815);
#3865=VERTEX_POINT('',#9821);
#3866=VERTEX_POINT('',#9823);
#3867=VERTEX_POINT('',#9826);
#3868=VERTEX_POINT('',#9828);
#3869=VERTEX_POINT('',#9831);
#3870=VERTEX_POINT('',#9833);
#3871=VERTEX_POINT('',#9836);
#3872=VERTEX_POINT('',#9838);
#3873=VERTEX_POINT('',#9841);
#3874=VERTEX_POINT('',#9843);
#3875=VERTEX_POINT('',#9846);
#3876=VERTEX_POINT('',#9848);
#3877=VERTEX_POINT('',#9851);
#3878=VERTEX_POINT('',#9853);
#3879=VERTEX_POINT('',#9856);
#3880=VERTEX_POINT('',#9858);
#3881=VERTEX_POINT('',#9861);
#3882=VERTEX_POINT('',#9864);
#3883=VERTEX_POINT('',#9867);
#3884=VERTEX_POINT('',#9870);
#3885=VERTEX_POINT('',#9873);
#3886=VERTEX_POINT('',#9876);
#3887=VERTEX_POINT('',#9879);
#3888=VERTEX_POINT('',#9882);
#3889=VERTEX_POINT('',#9885);
#3890=VERTEX_POINT('',#9888);
#3891=VERTEX_POINT('',#9891);
#3892=VERTEX_POINT('',#9894);
#3893=VERTEX_POINT('',#9897);
#3894=VERTEX_POINT('',#9900);
#3895=VERTEX_POINT('',#9903);
#3896=VERTEX_POINT('',#9906);
#3897=VERTEX_POINT('',#9917);
#3898=VERTEX_POINT('',#9919);
#3899=VERTEX_POINT('',#9920);
#3900=VERTEX_POINT('',#9939);
#3901=VERTEX_POINT('',#9941);
#3902=VERTEX_POINT('',#10620);
#3903=VERTEX_POINT('',#10623);
#3904=VERTEX_POINT('',#10761);
#3905=VERTEX_POINT('',#10763);
#3906=VERTEX_POINT('',#10766);
#3907=VERTEX_POINT('',#10768);
#3908=VERTEX_POINT('',#10774);
#3909=VERTEX_POINT('',#10776);
#3910=VERTEX_POINT('',#10779);
#3911=VERTEX_POINT('',#10781);
#3912=ELLIPSE('',#5787,0.0224048783195498,0.02);
#3913=ELLIPSE('',#5788,0.0201643904875948,0.018);
#3914=ELLIPSE('',#5796,0.0224048783195498,0.02);
#3915=ELLIPSE('',#5797,0.0201643904875948,0.018);
#3916=ELLIPSE('',#5818,0.0371939370859153,0.03235);
#3917=ELLIPSE('',#5826,0.0286648561608349,0.02635);
#3918=ELLIPSE('',#5884,0.00568476662689099,0.004);
#3919=ELLIPSE('',#5890,0.00565685424949238,0.004);
#3920=ELLIPSE('',#5914,0.00568476662689099,0.004);
#3921=ELLIPSE('',#5928,0.00565685424949238,0.004);
#3922=ELLIPSE('',#5936,0.0224104795391297,0.020005);
#3923=ELLIPSE('',#5937,0.0250374515220969,0.02235);
#3924=ELLIPSE('',#5939,0.00896195132781993,0.008);
#3925=ELLIPSE('',#5940,0.0407208663457818,0.03635);
#3926=ELLIPSE('',#5941,0.00896195132781993,0.008);
#3927=ELLIPSE('',#5942,0.0407208663457818,0.03635);
#3928=ELLIPSE('',#5943,0.00896195132781993,0.008);
#3929=ELLIPSE('',#5944,0.00896195132781993,0.008);
#3930=ELLIPSE('',#5959,0.0371939370859154,0.03235);
#3931=ELLIPSE('',#5967,0.0286648561608349,0.02635);
#3932=ELLIPSE('',#6025,0.00568476662689099,0.004);
#3933=ELLIPSE('',#6031,0.00565685424949238,0.004);
#3934=ELLIPSE('',#6055,0.00568476662689099,0.004);
#3935=ELLIPSE('',#6069,0.00565685424949238,0.004);
#3936=ELLIPSE('',#6077,0.0224104795391297,0.020005);
#3937=ELLIPSE('',#6078,0.0250374515220969,0.02235);
#3938=ELLIPSE('',#6187,0.00565685424949238,0.004);
#3939=ELLIPSE('',#6206,0.00568476662689099,0.004);
#3940=ELLIPSE('',#6223,0.00565685424949238,0.004);
#3941=ELLIPSE('',#6235,0.00568476662689099,0.004);
#3942=ELLIPSE('',#6298,0.0286648561608349,0.02635);
#3943=ELLIPSE('',#6302,0.0371939370859153,0.03235);
#3944=ELLIPSE('',#6307,0.00896195132781993,0.008);
#3945=ELLIPSE('',#6308,0.0407208663457818,0.03635);
#3946=ELLIPSE('',#6309,0.00896195132781993,0.008);
#3947=ELLIPSE('',#6310,0.0407208663457818,0.03635);
#3948=ELLIPSE('',#6311,0.00896195132781993,0.008);
#3949=ELLIPSE('',#6312,0.00896195132781993,0.008);
#3950=ELLIPSE('',#6314,0.0224104795391297,0.020005);
#3951=ELLIPSE('',#6315,0.0250374515220969,0.02235);
#3952=ELLIPSE('',#6328,0.00565685424949238,0.004);
#3953=ELLIPSE('',#6347,0.00568476662689099,0.004);
#3954=ELLIPSE('',#6364,0.00565685424949238,0.004);
#3955=ELLIPSE('',#6376,0.00568476662689099,0.004);
#3956=ELLIPSE('',#6439,0.0286648561608349,0.02635);
#3957=ELLIPSE('',#6443,0.0371939370859154,0.03235);
#3958=ELLIPSE('',#6448,0.0224104795391297,0.020005);
#3959=ELLIPSE('',#6449,0.0250374515220969,0.02235);
#3960=ELLIPSE('',#6503,0.0224104795391297,0.020005);
#3961=ELLIPSE('',#6505,0.0224104795391297,0.020005);
#3962=ELLIPSE('',#6525,0.0224048783195498,0.02);
#3963=ELLIPSE('',#6526,0.0201643904875948,0.018);
#3964=ELLIPSE('',#6534,0.0224048783195498,0.02);
#3965=ELLIPSE('',#6535,0.0201643904875948,0.018);
#3966=EDGE_LOOP('',(#1268));
#3967=EDGE_LOOP('',(#1269));
#3968=EDGE_LOOP('',(#1270));
#3969=EDGE_LOOP('',(#1271));
#3970=EDGE_LOOP('',(#1272));
#3971=EDGE_LOOP('',(#1273));
#3972=EDGE_LOOP('',(#1274));
#3973=EDGE_LOOP('',(#1275));
#3974=EDGE_LOOP('',(#1276));
#3975=EDGE_LOOP('',(#1277));
#3976=EDGE_LOOP('',(#1278));
#3977=EDGE_LOOP('',(#1279));
#3978=EDGE_LOOP('',(#1280));
#3979=EDGE_LOOP('',(#1281));
#3980=EDGE_LOOP('',(#1282));
#3981=EDGE_LOOP('',(#1283));
#3982=EDGE_LOOP('',(#1284,#1285,#1286,#1287,#1288));
#3983=EDGE_LOOP('',(#1289));
#3984=EDGE_LOOP('',(#1290));
#3985=EDGE_LOOP('',(#1291));
#3986=EDGE_LOOP('',(#1292));
#3987=EDGE_LOOP('',(#1293,#1294,#1295,#1296));
#3988=EDGE_LOOP('',(#1297));
#3989=EDGE_LOOP('',(#1298));
#3990=EDGE_LOOP('',(#1299));
#3991=EDGE_LOOP('',(#1300));
#3992=EDGE_LOOP('',(#1301,#1302,#1303,#1304));
#3993=EDGE_LOOP('',(#1305,#1306,#1307,#1308));
#3994=EDGE_LOOP('',(#1309,#1310,#1311,#1312,#1313));
#3995=EDGE_LOOP('',(#1314,#1315,#1316,#1317,#1318,#1319));
#3996=EDGE_LOOP('',(#1320));
#3997=EDGE_LOOP('',(#1321,#1322,#1323,#1324));
#3998=EDGE_LOOP('',(#1325));
#3999=EDGE_LOOP('',(#1326));
#4000=EDGE_LOOP('',(#1327));
#4001=EDGE_LOOP('',(#1328));
#4002=EDGE_LOOP('',(#1329,#1330,#1331,#1332,#1333,#1334,#1335,#1336));
#4003=EDGE_LOOP('',(#1337));
#4004=EDGE_LOOP('',(#1338));
#4005=EDGE_LOOP('',(#1339));
#4006=EDGE_LOOP('',(#1340));
#4007=EDGE_LOOP('',(#1341,#1342,#1343,#1344));
#4008=EDGE_LOOP('',(#1345));
#4009=EDGE_LOOP('',(#1346));
#4010=EDGE_LOOP('',(#1347));
#4011=EDGE_LOOP('',(#1348));
#4012=EDGE_LOOP('',(#1349));
#4013=EDGE_LOOP('',(#1350));
#4014=EDGE_LOOP('',(#1351));
#4015=EDGE_LOOP('',(#1352));
#4016=EDGE_LOOP('',(#1353));
#4017=EDGE_LOOP('',(#1354));
#4018=EDGE_LOOP('',(#1355));
#4019=EDGE_LOOP('',(#1356));
#4020=EDGE_LOOP('',(#1357));
#4021=EDGE_LOOP('',(#1358));
#4022=EDGE_LOOP('',(#1359));
#4023=EDGE_LOOP('',(#1360));
#4024=EDGE_LOOP('',(#1361));
#4025=EDGE_LOOP('',(#1362));
#4026=EDGE_LOOP('',(#1363));
#4027=EDGE_LOOP('',(#1364));
#4028=EDGE_LOOP('',(#1365));
#4029=EDGE_LOOP('',(#1366));
#4030=EDGE_LOOP('',(#1367));
#4031=EDGE_LOOP('',(#1368));
#4032=EDGE_LOOP('',(#1369));
#4033=EDGE_LOOP('',(#1370));
#4034=EDGE_LOOP('',(#1371));
#4035=EDGE_LOOP('',(#1372));
#4036=EDGE_LOOP('',(#1373));
#4037=EDGE_LOOP('',(#1374));
#4038=EDGE_LOOP('',(#1375));
#4039=EDGE_LOOP('',(#1376));
#4040=EDGE_LOOP('',(#1377));
#4041=EDGE_LOOP('',(#1378));
#4042=EDGE_LOOP('',(#1379));
#4043=EDGE_LOOP('',(#1380));
#4044=EDGE_LOOP('',(#1381));
#4045=EDGE_LOOP('',(#1382));
#4046=EDGE_LOOP('',(#1383));
#4047=EDGE_LOOP('',(#1384));
#4048=EDGE_LOOP('',(#1385));
#4049=EDGE_LOOP('',(#1386));
#4050=EDGE_LOOP('',(#1387));
#4051=EDGE_LOOP('',(#1388));
#4052=EDGE_LOOP('',(#1389));
#4053=EDGE_LOOP('',(#1390));
#4054=EDGE_LOOP('',(#1391));
#4055=EDGE_LOOP('',(#1392));
#4056=EDGE_LOOP('',(#1393,#1394,#1395));
#4057=EDGE_LOOP('',(#1396,#1397,#1398,#1399));
#4058=EDGE_LOOP('',(#1400,#1401,#1402));
#4059=EDGE_LOOP('',(#1403,#1404,#1405,#1406));
#4060=EDGE_LOOP('',(#1407,#1408,#1409,#1410));
#4061=EDGE_LOOP('',(#1411,#1412,#1413,#1414));
#4062=EDGE_LOOP('',(#1415,#1416,#1417,#1418));
#4063=EDGE_LOOP('',(#1419,#1420,#1421,#1422));
#4064=EDGE_LOOP('',(#1423,#1424,#1425,#1426));
#4065=EDGE_LOOP('',(#1427,#1428,#1429,#1430,#1431));
#4066=EDGE_LOOP('',(#1432,#1433,#1434,#1435));
#4067=EDGE_LOOP('',(#1436,#1437,#1438,#1439,#1440));
#4068=EDGE_LOOP('',(#1441,#1442,#1443));
#4069=EDGE_LOOP('',(#1444,#1445,#1446,#1447));
#4070=EDGE_LOOP('',(#1448,#1449,#1450,#1451));
#4071=EDGE_LOOP('',(#1452,#1453,#1454,#1455,#1456,#1457,#1458,#1459));
#4072=EDGE_LOOP('',(#1460,#1461,#1462,#1463));
#4073=EDGE_LOOP('',(#1464,#1465,#1466));
#4074=EDGE_LOOP('',(#1467,#1468,#1469));
#4075=EDGE_LOOP('',(#1470,#1471,#1472,#1473));
#4076=EDGE_LOOP('',(#1474,#1475,#1476,#1477));
#4077=EDGE_LOOP('',(#1478,#1479,#1480,#1481));
#4078=EDGE_LOOP('',(#1482,#1483,#1484,#1485,#1486));
#4079=EDGE_LOOP('',(#1487,#1488,#1489,#1490));
#4080=EDGE_LOOP('',(#1491));
#4081=EDGE_LOOP('',(#1492));
#4082=EDGE_LOOP('',(#1493,#1494,#1495,#1496,#1497,#1498));
#4083=EDGE_LOOP('',(#1499,#1500,#1501,#1502,#1503,#1504));
#4084=EDGE_LOOP('',(#1505,#1506,#1507,#1508,#1509,#1510,#1511,#1512,#1513,
#1514,#1515,#1516,#1517,#1518,#1519,#1520,#1521));
#4085=EDGE_LOOP('',(#1522,#1523,#1524,#1525,#1526));
#4086=EDGE_LOOP('',(#1527));
#4087=EDGE_LOOP('',(#1528));
#4088=EDGE_LOOP('',(#1529));
#4089=EDGE_LOOP('',(#1530));
#4090=EDGE_LOOP('',(#1531,#1532,#1533,#1534));
#4091=EDGE_LOOP('',(#1535));
#4092=EDGE_LOOP('',(#1536));
#4093=EDGE_LOOP('',(#1537));
#4094=EDGE_LOOP('',(#1538));
#4095=EDGE_LOOP('',(#1539,#1540,#1541,#1542));
#4096=EDGE_LOOP('',(#1543,#1544,#1545,#1546));
#4097=EDGE_LOOP('',(#1547,#1548,#1549,#1550,#1551));
#4098=EDGE_LOOP('',(#1552,#1553,#1554,#1555,#1556,#1557));
#4099=EDGE_LOOP('',(#1558));
#4100=EDGE_LOOP('',(#1559,#1560,#1561,#1562));
#4101=EDGE_LOOP('',(#1563));
#4102=EDGE_LOOP('',(#1564));
#4103=EDGE_LOOP('',(#1565));
#4104=EDGE_LOOP('',(#1566));
#4105=EDGE_LOOP('',(#1567));
#4106=EDGE_LOOP('',(#1568));
#4107=EDGE_LOOP('',(#1569));
#4108=EDGE_LOOP('',(#1570));
#4109=EDGE_LOOP('',(#1571,#1572,#1573,#1574));
#4110=EDGE_LOOP('',(#1575,#1576,#1577,#1578,#1579,#1580,#1581,#1582));
#4111=EDGE_LOOP('',(#1583));
#4112=EDGE_LOOP('',(#1584));
#4113=EDGE_LOOP('',(#1585));
#4114=EDGE_LOOP('',(#1586));
#4115=EDGE_LOOP('',(#1587));
#4116=EDGE_LOOP('',(#1588));
#4117=EDGE_LOOP('',(#1589));
#4118=EDGE_LOOP('',(#1590));
#4119=EDGE_LOOP('',(#1591));
#4120=EDGE_LOOP('',(#1592));
#4121=EDGE_LOOP('',(#1593));
#4122=EDGE_LOOP('',(#1594));
#4123=EDGE_LOOP('',(#1595));
#4124=EDGE_LOOP('',(#1596));
#4125=EDGE_LOOP('',(#1597));
#4126=EDGE_LOOP('',(#1598));
#4127=EDGE_LOOP('',(#1599));
#4128=EDGE_LOOP('',(#1600));
#4129=EDGE_LOOP('',(#1601));
#4130=EDGE_LOOP('',(#1602));
#4131=EDGE_LOOP('',(#1603));
#4132=EDGE_LOOP('',(#1604));
#4133=EDGE_LOOP('',(#1605));
#4134=EDGE_LOOP('',(#1606));
#4135=EDGE_LOOP('',(#1607));
#4136=EDGE_LOOP('',(#1608));
#4137=EDGE_LOOP('',(#1609));
#4138=EDGE_LOOP('',(#1610));
#4139=EDGE_LOOP('',(#1611));
#4140=EDGE_LOOP('',(#1612));
#4141=EDGE_LOOP('',(#1613));
#4142=EDGE_LOOP('',(#1614));
#4143=EDGE_LOOP('',(#1615));
#4144=EDGE_LOOP('',(#1616));
#4145=EDGE_LOOP('',(#1617));
#4146=EDGE_LOOP('',(#1618));
#4147=EDGE_LOOP('',(#1619));
#4148=EDGE_LOOP('',(#1620));
#4149=EDGE_LOOP('',(#1621));
#4150=EDGE_LOOP('',(#1622));
#4151=EDGE_LOOP('',(#1623));
#4152=EDGE_LOOP('',(#1624));
#4153=EDGE_LOOP('',(#1625));
#4154=EDGE_LOOP('',(#1626));
#4155=EDGE_LOOP('',(#1627));
#4156=EDGE_LOOP('',(#1628));
#4157=EDGE_LOOP('',(#1629));
#4158=EDGE_LOOP('',(#1630));
#4159=EDGE_LOOP('',(#1631,#1632,#1633));
#4160=EDGE_LOOP('',(#1634,#1635,#1636,#1637));
#4161=EDGE_LOOP('',(#1638,#1639,#1640));
#4162=EDGE_LOOP('',(#1641,#1642,#1643,#1644));
#4163=EDGE_LOOP('',(#1645,#1646,#1647,#1648));
#4164=EDGE_LOOP('',(#1649,#1650,#1651,#1652));
#4165=EDGE_LOOP('',(#1653,#1654,#1655,#1656));
#4166=EDGE_LOOP('',(#1657,#1658,#1659,#1660));
#4167=EDGE_LOOP('',(#1661,#1662,#1663,#1664));
#4168=EDGE_LOOP('',(#1665,#1666,#1667,#1668,#1669));
#4169=EDGE_LOOP('',(#1670,#1671,#1672,#1673));
#4170=EDGE_LOOP('',(#1674,#1675,#1676,#1677,#1678));
#4171=EDGE_LOOP('',(#1679,#1680,#1681));
#4172=EDGE_LOOP('',(#1682,#1683,#1684,#1685));
#4173=EDGE_LOOP('',(#1686,#1687,#1688,#1689));
#4174=EDGE_LOOP('',(#1690,#1691,#1692,#1693,#1694,#1695,#1696,#1697));
#4175=EDGE_LOOP('',(#1698,#1699,#1700,#1701));
#4176=EDGE_LOOP('',(#1702,#1703,#1704));
#4177=EDGE_LOOP('',(#1705,#1706,#1707));
#4178=EDGE_LOOP('',(#1708,#1709,#1710,#1711));
#4179=EDGE_LOOP('',(#1712,#1713,#1714,#1715));
#4180=EDGE_LOOP('',(#1716,#1717,#1718,#1719));
#4181=EDGE_LOOP('',(#1720,#1721,#1722,#1723,#1724));
#4182=EDGE_LOOP('',(#1725,#1726,#1727,#1728));
#4183=EDGE_LOOP('',(#1729));
#4184=EDGE_LOOP('',(#1730));
#4185=EDGE_LOOP('',(#1731,#1732,#1733,#1734));
#4186=EDGE_LOOP('',(#1735,#1736,#1737,#1738));
#4187=EDGE_LOOP('',(#1739,#1740,#1741,#1742));
#4188=EDGE_LOOP('',(#1743,#1744,#1745,#1746));
#4189=EDGE_LOOP('',(#1747,#1748,#1749,#1750));
#4190=EDGE_LOOP('',(#1751,#1752,#1753,#1754));
#4191=EDGE_LOOP('',(#1755,#1756,#1757,#1758));
#4192=EDGE_LOOP('',(#1759,#1760,#1761,#1762));
#4193=EDGE_LOOP('',(#1763,#1764,#1765,#1766));
#4194=EDGE_LOOP('',(#1767,#1768,#1769,#1770));
#4195=EDGE_LOOP('',(#1771,#1772,#1773,#1774));
#4196=EDGE_LOOP('',(#1775,#1776,#1777,#1778));
#4197=EDGE_LOOP('',(#1779,#1780,#1781,#1782));
#4198=EDGE_LOOP('',(#1783,#1784,#1785,#1786));
#4199=EDGE_LOOP('',(#1787,#1788,#1789,#1790));
#4200=EDGE_LOOP('',(#1791,#1792,#1793,#1794));
#4201=EDGE_LOOP('',(#1795,#1796,#1797,#1798));
#4202=EDGE_LOOP('',(#1799,#1800,#1801));
#4203=EDGE_LOOP('',(#1802,#1803,#1804));
#4204=EDGE_LOOP('',(#1805,#1806,#1807,#1808));
#4205=EDGE_LOOP('',(#1809,#1810,#1811,#1812));
#4206=EDGE_LOOP('',(#1813,#1814,#1815,#1816));
#4207=EDGE_LOOP('',(#1817,#1818,#1819,#1820));
#4208=EDGE_LOOP('',(#1821,#1822,#1823,#1824));
#4209=EDGE_LOOP('',(#1825,#1826,#1827));
#4210=EDGE_LOOP('',(#1828,#1829,#1830));
#4211=EDGE_LOOP('',(#1831,#1832,#1833));
#4212=EDGE_LOOP('',(#1834,#1835,#1836));
#4213=EDGE_LOOP('',(#1837,#1838,#1839,#1840));
#4214=EDGE_LOOP('',(#1841,#1842,#1843,#1844));
#4215=EDGE_LOOP('',(#1845,#1846,#1847,#1848));
#4216=EDGE_LOOP('',(#1849,#1850,#1851,#1852));
#4217=EDGE_LOOP('',(#1853,#1854,#1855,#1856));
#4218=EDGE_LOOP('',(#1857,#1858,#1859,#1860));
#4219=EDGE_LOOP('',(#1861,#1862,#1863));
#4220=EDGE_LOOP('',(#1864,#1865,#1866));
#4221=EDGE_LOOP('',(#1867,#1868,#1869));
#4222=EDGE_LOOP('',(#1870,#1871,#1872));
#4223=EDGE_LOOP('',(#1873,#1874,#1875,#1876));
#4224=EDGE_LOOP('',(#1877,#1878,#1879,#1880));
#4225=EDGE_LOOP('',(#1881,#1882,#1883,#1884));
#4226=EDGE_LOOP('',(#1885,#1886,#1887,#1888));
#4227=EDGE_LOOP('',(#1889,#1890,#1891,#1892));
#4228=EDGE_LOOP('',(#1893,#1894,#1895,#1896));
#4229=EDGE_LOOP('',(#1897,#1898,#1899));
#4230=EDGE_LOOP('',(#1900,#1901,#1902));
#4231=EDGE_LOOP('',(#1903,#1904,#1905));
#4232=EDGE_LOOP('',(#1906,#1907,#1908));
#4233=EDGE_LOOP('',(#1909,#1910,#1911,#1912));
#4234=EDGE_LOOP('',(#1913,#1914,#1915,#1916));
#4235=EDGE_LOOP('',(#1917,#1918,#1919,#1920));
#4236=EDGE_LOOP('',(#1921,#1922,#1923,#1924));
#4237=EDGE_LOOP('',(#1925,#1926,#1927,#1928));
#4238=EDGE_LOOP('',(#1929,#1930,#1931,#1932));
#4239=EDGE_LOOP('',(#1933,#1934,#1935,#1936));
#4240=EDGE_LOOP('',(#1937,#1938,#1939));
#4241=EDGE_LOOP('',(#1940,#1941,#1942));
#4242=EDGE_LOOP('',(#1943,#1944,#1945));
#4243=EDGE_LOOP('',(#1946,#1947,#1948,#1949));
#4244=EDGE_LOOP('',(#1950,#1951,#1952,#1953));
#4245=EDGE_LOOP('',(#1954,#1955,#1956,#1957));
#4246=EDGE_LOOP('',(#1958,#1959,#1960,#1961));
#4247=EDGE_LOOP('',(#1962,#1963,#1964,#1965));
#4248=EDGE_LOOP('',(#1966,#1967,#1968,#1969));
#4249=EDGE_LOOP('',(#1970,#1971,#1972));
#4250=EDGE_LOOP('',(#1973,#1974,#1975,#1976));
#4251=EDGE_LOOP('',(#1977,#1978,#1979));
#4252=EDGE_LOOP('',(#1980,#1981,#1982));
#4253=EDGE_LOOP('',(#1983,#1984,#1985,#1986));
#4254=EDGE_LOOP('',(#1987,#1988,#1989,#1990));
#4255=EDGE_LOOP('',(#1991,#1992,#1993,#1994));
#4256=EDGE_LOOP('',(#1995,#1996,#1997,#1998));
#4257=EDGE_LOOP('',(#1999,#2000,#2001,#2002));
#4258=EDGE_LOOP('',(#2003,#2004,#2005,#2006));
#4259=EDGE_LOOP('',(#2007,#2008,#2009));
#4260=EDGE_LOOP('',(#2010,#2011,#2012));
#4261=EDGE_LOOP('',(#2013,#2014,#2015));
#4262=EDGE_LOOP('',(#2016,#2017,#2018));
#4263=EDGE_LOOP('',(#2019,#2020,#2021,#2022));
#4264=EDGE_LOOP('',(#2023,#2024,#2025,#2026));
#4265=EDGE_LOOP('',(#2027,#2028,#2029,#2030));
#4266=EDGE_LOOP('',(#2031,#2032,#2033,#2034));
#4267=EDGE_LOOP('',(#2035,#2036,#2037,#2038));
#4268=EDGE_LOOP('',(#2039,#2040,#2041,#2042));
#4269=EDGE_LOOP('',(#2043,#2044,#2045,#2046));
#4270=EDGE_LOOP('',(#2047,#2048,#2049));
#4271=EDGE_LOOP('',(#2050,#2051,#2052));
#4272=EDGE_LOOP('',(#2053,#2054,#2055));
#4273=EDGE_LOOP('',(#2056,#2057,#2058));
#4274=EDGE_LOOP('',(#2059,#2060,#2061,#2062));
#4275=EDGE_LOOP('',(#2063,#2064,#2065,#2066));
#4276=EDGE_LOOP('',(#2067,#2068,#2069,#2070));
#4277=EDGE_LOOP('',(#2071,#2072,#2073,#2074));
#4278=EDGE_LOOP('',(#2075,#2076,#2077));
#4279=EDGE_LOOP('',(#2078,#2079,#2080));
#4280=EDGE_LOOP('',(#2081,#2082,#2083,#2084));
#4281=EDGE_LOOP('',(#2085,#2086,#2087,#2088));
#4282=EDGE_LOOP('',(#2089,#2090,#2091,#2092,#2093));
#4283=EDGE_LOOP('',(#2094,#2095,#2096,#2097));
#4284=EDGE_LOOP('',(#2098,#2099,#2100,#2101));
#4285=EDGE_LOOP('',(#2102,#2103,#2104,#2105));
#4286=EDGE_LOOP('',(#2106,#2107,#2108));
#4287=EDGE_LOOP('',(#2109,#2110,#2111));
#4288=EDGE_LOOP('',(#2112,#2113,#2114,#2115));
#4289=EDGE_LOOP('',(#2116,#2117,#2118,#2119,#2120,#2121,#2122,#2123));
#4290=EDGE_LOOP('',(#2124,#2125,#2126,#2127));
#4291=EDGE_LOOP('',(#2128,#2129,#2130,#2131));
#4292=EDGE_LOOP('',(#2132,#2133,#2134));
#4293=EDGE_LOOP('',(#2135,#2136,#2137,#2138,#2139));
#4294=EDGE_LOOP('',(#2140,#2141,#2142,#2143));
#4295=EDGE_LOOP('',(#2144,#2145,#2146,#2147,#2148));
#4296=EDGE_LOOP('',(#2149,#2150,#2151,#2152));
#4297=EDGE_LOOP('',(#2153,#2154,#2155,#2156));
#4298=EDGE_LOOP('',(#2157,#2158,#2159,#2160));
#4299=EDGE_LOOP('',(#2161,#2162,#2163,#2164));
#4300=EDGE_LOOP('',(#2165,#2166,#2167,#2168));
#4301=EDGE_LOOP('',(#2169,#2170,#2171,#2172));
#4302=EDGE_LOOP('',(#2173,#2174,#2175));
#4303=EDGE_LOOP('',(#2176,#2177,#2178,#2179));
#4304=EDGE_LOOP('',(#2180,#2181,#2182));
#4305=EDGE_LOOP('',(#2183));
#4306=EDGE_LOOP('',(#2184));
#4307=EDGE_LOOP('',(#2185));
#4308=EDGE_LOOP('',(#2186));
#4309=EDGE_LOOP('',(#2187));
#4310=EDGE_LOOP('',(#2188));
#4311=EDGE_LOOP('',(#2189));
#4312=EDGE_LOOP('',(#2190));
#4313=EDGE_LOOP('',(#2191));
#4314=EDGE_LOOP('',(#2192));
#4315=EDGE_LOOP('',(#2193));
#4316=EDGE_LOOP('',(#2194));
#4317=EDGE_LOOP('',(#2195));
#4318=EDGE_LOOP('',(#2196));
#4319=EDGE_LOOP('',(#2197));
#4320=EDGE_LOOP('',(#2198));
#4321=EDGE_LOOP('',(#2199));
#4322=EDGE_LOOP('',(#2200));
#4323=EDGE_LOOP('',(#2201));
#4324=EDGE_LOOP('',(#2202));
#4325=EDGE_LOOP('',(#2203));
#4326=EDGE_LOOP('',(#2204));
#4327=EDGE_LOOP('',(#2205));
#4328=EDGE_LOOP('',(#2206));
#4329=EDGE_LOOP('',(#2207));
#4330=EDGE_LOOP('',(#2208));
#4331=EDGE_LOOP('',(#2209));
#4332=EDGE_LOOP('',(#2210));
#4333=EDGE_LOOP('',(#2211));
#4334=EDGE_LOOP('',(#2212));
#4335=EDGE_LOOP('',(#2213));
#4336=EDGE_LOOP('',(#2214));
#4337=EDGE_LOOP('',(#2215));
#4338=EDGE_LOOP('',(#2216));
#4339=EDGE_LOOP('',(#2217));
#4340=EDGE_LOOP('',(#2218));
#4341=EDGE_LOOP('',(#2219));
#4342=EDGE_LOOP('',(#2220));
#4343=EDGE_LOOP('',(#2221));
#4344=EDGE_LOOP('',(#2222));
#4345=EDGE_LOOP('',(#2223));
#4346=EDGE_LOOP('',(#2224));
#4347=EDGE_LOOP('',(#2225));
#4348=EDGE_LOOP('',(#2226));
#4349=EDGE_LOOP('',(#2227));
#4350=EDGE_LOOP('',(#2228));
#4351=EDGE_LOOP('',(#2229));
#4352=EDGE_LOOP('',(#2230));
#4353=EDGE_LOOP('',(#2231,#2232,#2233,#2234,#2235,#2236,#2237,#2238));
#4354=EDGE_LOOP('',(#2239));
#4355=EDGE_LOOP('',(#2240));
#4356=EDGE_LOOP('',(#2241));
#4357=EDGE_LOOP('',(#2242));
#4358=EDGE_LOOP('',(#2243,#2244,#2245,#2246));
#4359=EDGE_LOOP('',(#2247,#2248,#2249,#2250));
#4360=EDGE_LOOP('',(#2251));
#4361=EDGE_LOOP('',(#2252));
#4362=EDGE_LOOP('',(#2253));
#4363=EDGE_LOOP('',(#2254));
#4364=EDGE_LOOP('',(#2255));
#4365=EDGE_LOOP('',(#2256,#2257,#2258,#2259,#2260,#2261));
#4366=EDGE_LOOP('',(#2262,#2263,#2264,#2265,#2266));
#4367=EDGE_LOOP('',(#2267,#2268,#2269,#2270));
#4368=EDGE_LOOP('',(#2271));
#4369=EDGE_LOOP('',(#2272));
#4370=EDGE_LOOP('',(#2273));
#4371=EDGE_LOOP('',(#2274));
#4372=EDGE_LOOP('',(#2275,#2276,#2277,#2278));
#4373=EDGE_LOOP('',(#2279));
#4374=EDGE_LOOP('',(#2280));
#4375=EDGE_LOOP('',(#2281));
#4376=EDGE_LOOP('',(#2282));
#4377=EDGE_LOOP('',(#2283,#2284,#2285,#2286));
#4378=EDGE_LOOP('',(#2287,#2288,#2289,#2290,#2291));
#4379=EDGE_LOOP('',(#2292,#2293,#2294,#2295,#2296,#2297));
#4380=EDGE_LOOP('',(#2298,#2299,#2300,#2301,#2302,#2303));
#4381=EDGE_LOOP('',(#2304,#2305,#2306,#2307,#2308,#2309,#2310,#2311,#2312,
#2313,#2314,#2315,#2316,#2317,#2318,#2319,#2320));
#4382=EDGE_LOOP('',(#2321));
#4383=EDGE_LOOP('',(#2322));
#4384=EDGE_LOOP('',(#2323,#2324,#2325,#2326));
#4385=EDGE_LOOP('',(#2327,#2328,#2329,#2330,#2331));
#4386=EDGE_LOOP('',(#2332,#2333,#2334,#2335));
#4387=EDGE_LOOP('',(#2336,#2337,#2338,#2339));
#4388=EDGE_LOOP('',(#2340,#2341,#2342,#2343));
#4389=EDGE_LOOP('',(#2344,#2345,#2346));
#4390=EDGE_LOOP('',(#2347,#2348,#2349));
#4391=EDGE_LOOP('',(#2350,#2351,#2352,#2353));
#4392=EDGE_LOOP('',(#2354,#2355,#2356,#2357,#2358,#2359,#2360,#2361));
#4393=EDGE_LOOP('',(#2362,#2363,#2364,#2365));
#4394=EDGE_LOOP('',(#2366,#2367,#2368,#2369));
#4395=EDGE_LOOP('',(#2370,#2371,#2372));
#4396=EDGE_LOOP('',(#2373,#2374,#2375,#2376,#2377));
#4397=EDGE_LOOP('',(#2378,#2379,#2380,#2381));
#4398=EDGE_LOOP('',(#2382,#2383,#2384,#2385,#2386));
#4399=EDGE_LOOP('',(#2387,#2388,#2389,#2390));
#4400=EDGE_LOOP('',(#2391,#2392,#2393,#2394));
#4401=EDGE_LOOP('',(#2395,#2396,#2397,#2398));
#4402=EDGE_LOOP('',(#2399,#2400,#2401,#2402));
#4403=EDGE_LOOP('',(#2403,#2404,#2405,#2406));
#4404=EDGE_LOOP('',(#2407,#2408,#2409,#2410));
#4405=EDGE_LOOP('',(#2411,#2412,#2413));
#4406=EDGE_LOOP('',(#2414,#2415,#2416,#2417));
#4407=EDGE_LOOP('',(#2418,#2419,#2420));
#4408=EDGE_LOOP('',(#2421));
#4409=EDGE_LOOP('',(#2422));
#4410=EDGE_LOOP('',(#2423));
#4411=EDGE_LOOP('',(#2424));
#4412=EDGE_LOOP('',(#2425));
#4413=EDGE_LOOP('',(#2426));
#4414=EDGE_LOOP('',(#2427));
#4415=EDGE_LOOP('',(#2428));
#4416=EDGE_LOOP('',(#2429));
#4417=EDGE_LOOP('',(#2430));
#4418=EDGE_LOOP('',(#2431));
#4419=EDGE_LOOP('',(#2432));
#4420=EDGE_LOOP('',(#2433));
#4421=EDGE_LOOP('',(#2434));
#4422=EDGE_LOOP('',(#2435));
#4423=EDGE_LOOP('',(#2436));
#4424=EDGE_LOOP('',(#2437));
#4425=EDGE_LOOP('',(#2438));
#4426=EDGE_LOOP('',(#2439));
#4427=EDGE_LOOP('',(#2440));
#4428=EDGE_LOOP('',(#2441));
#4429=EDGE_LOOP('',(#2442));
#4430=EDGE_LOOP('',(#2443));
#4431=EDGE_LOOP('',(#2444));
#4432=EDGE_LOOP('',(#2445));
#4433=EDGE_LOOP('',(#2446));
#4434=EDGE_LOOP('',(#2447));
#4435=EDGE_LOOP('',(#2448));
#4436=EDGE_LOOP('',(#2449));
#4437=EDGE_LOOP('',(#2450));
#4438=EDGE_LOOP('',(#2451));
#4439=EDGE_LOOP('',(#2452));
#4440=EDGE_LOOP('',(#2453));
#4441=EDGE_LOOP('',(#2454));
#4442=EDGE_LOOP('',(#2455));
#4443=EDGE_LOOP('',(#2456));
#4444=EDGE_LOOP('',(#2457));
#4445=EDGE_LOOP('',(#2458));
#4446=EDGE_LOOP('',(#2459));
#4447=EDGE_LOOP('',(#2460));
#4448=EDGE_LOOP('',(#2461));
#4449=EDGE_LOOP('',(#2462));
#4450=EDGE_LOOP('',(#2463));
#4451=EDGE_LOOP('',(#2464));
#4452=EDGE_LOOP('',(#2465));
#4453=EDGE_LOOP('',(#2466));
#4454=EDGE_LOOP('',(#2467));
#4455=EDGE_LOOP('',(#2468));
#4456=EDGE_LOOP('',(#2469,#2470,#2471,#2472,#2473,#2474,#2475,#2476));
#4457=EDGE_LOOP('',(#2477));
#4458=EDGE_LOOP('',(#2478));
#4459=EDGE_LOOP('',(#2479));
#4460=EDGE_LOOP('',(#2480));
#4461=EDGE_LOOP('',(#2481,#2482,#2483,#2484));
#4462=EDGE_LOOP('',(#2485,#2486,#2487,#2488));
#4463=EDGE_LOOP('',(#2489));
#4464=EDGE_LOOP('',(#2490));
#4465=EDGE_LOOP('',(#2491));
#4466=EDGE_LOOP('',(#2492));
#4467=EDGE_LOOP('',(#2493));
#4468=EDGE_LOOP('',(#2494,#2495,#2496,#2497,#2498,#2499));
#4469=EDGE_LOOP('',(#2500,#2501,#2502,#2503,#2504));
#4470=EDGE_LOOP('',(#2505,#2506,#2507,#2508));
#4471=EDGE_LOOP('',(#2509));
#4472=EDGE_LOOP('',(#2510));
#4473=EDGE_LOOP('',(#2511));
#4474=EDGE_LOOP('',(#2512));
#4475=EDGE_LOOP('',(#2513,#2514,#2515,#2516));
#4476=EDGE_LOOP('',(#2517));
#4477=EDGE_LOOP('',(#2518));
#4478=EDGE_LOOP('',(#2519));
#4479=EDGE_LOOP('',(#2520));
#4480=EDGE_LOOP('',(#2521,#2522,#2523,#2524));
#4481=EDGE_LOOP('',(#2525,#2526,#2527,#2528,#2529));
#4482=EDGE_LOOP('',(#2530));
#4483=EDGE_LOOP('',(#2531));
#4484=EDGE_LOOP('',(#2532));
#4485=EDGE_LOOP('',(#2533));
#4486=EDGE_LOOP('',(#2534));
#4487=EDGE_LOOP('',(#2535));
#4488=EDGE_LOOP('',(#2536));
#4489=EDGE_LOOP('',(#2537));
#4490=EDGE_LOOP('',(#2538));
#4491=EDGE_LOOP('',(#2539));
#4492=EDGE_LOOP('',(#2540,#2541,#2542,#2543));
#4493=EDGE_LOOP('',(#2544,#2545,#2546,#2547));
#4494=EDGE_LOOP('',(#2548,#2549,#2550,#2551));
#4495=EDGE_LOOP('',(#2552,#2553,#2554));
#4496=EDGE_LOOP('',(#2555,#2556,#2557,#2558));
#4497=EDGE_LOOP('',(#2559,#2560,#2561,#2562));
#4498=EDGE_LOOP('',(#2563,#2564,#2565,#2566));
#4499=EDGE_LOOP('',(#2567,#2568,#2569));
#4500=EDGE_LOOP('',(#2570,#2571,#2572,#2573));
#4501=EDGE_LOOP('',(#2574,#2575,#2576,#2577));
#4502=EDGE_LOOP('',(#2578,#2579,#2580,#2581));
#4503=EDGE_LOOP('',(#2582,#2583,#2584));
#4504=EDGE_LOOP('',(#2585,#2586,#2587,#2588));
#4505=EDGE_LOOP('',(#2589,#2590,#2591,#2592));
#4506=EDGE_LOOP('',(#2593,#2594,#2595,#2596));
#4507=EDGE_LOOP('',(#2597,#2598,#2599));
#4508=EDGE_LOOP('',(#2600,#2601,#2602,#2603));
#4509=EDGE_LOOP('',(#2604,#2605,#2606,#2607));
#4510=EDGE_LOOP('',(#2608,#2609,#2610,#2611));
#4511=EDGE_LOOP('',(#2612,#2613,#2614));
#4512=EDGE_LOOP('',(#2615,#2616,#2617,#2618));
#4513=EDGE_LOOP('',(#2619,#2620,#2621,#2622));
#4514=EDGE_LOOP('',(#2623,#2624,#2625,#2626));
#4515=EDGE_LOOP('',(#2627,#2628,#2629));
#4516=EDGE_LOOP('',(#2630,#2631,#2632,#2633));
#4517=EDGE_LOOP('',(#2634,#2635,#2636,#2637));
#4518=EDGE_LOOP('',(#2638,#2639,#2640,#2641));
#4519=EDGE_LOOP('',(#2642,#2643,#2644));
#4520=EDGE_LOOP('',(#2645,#2646,#2647,#2648));
#4521=EDGE_LOOP('',(#2649,#2650,#2651,#2652));
#4522=EDGE_LOOP('',(#2653,#2654,#2655,#2656));
#4523=EDGE_LOOP('',(#2657,#2658,#2659));
#4524=EDGE_LOOP('',(#2660));
#4525=EDGE_LOOP('',(#2661));
#4526=EDGE_LOOP('',(#2662));
#4527=EDGE_LOOP('',(#2663));
#4528=EDGE_LOOP('',(#2664));
#4529=EDGE_LOOP('',(#2665));
#4530=EDGE_LOOP('',(#2666));
#4531=EDGE_LOOP('',(#2667));
#4532=EDGE_LOOP('',(#2668,#2669,#2670));
#4533=EDGE_LOOP('',(#2671,#2672,#2673,#2674));
#4534=EDGE_LOOP('',(#2675,#2676,#2677));
#4535=EDGE_LOOP('',(#2678,#2679,#2680));
#4536=EDGE_LOOP('',(#2681,#2682,#2683,#2684));
#4537=EDGE_LOOP('',(#2685,#2686,#2687));
#4538=EDGE_LOOP('',(#2688,#2689,#2690));
#4539=EDGE_LOOP('',(#2691,#2692,#2693,#2694));
#4540=EDGE_LOOP('',(#2695,#2696,#2697));
#4541=EDGE_LOOP('',(#2698,#2699,#2700));
#4542=EDGE_LOOP('',(#2701,#2702,#2703,#2704));
#4543=EDGE_LOOP('',(#2705,#2706,#2707));
#4544=EDGE_LOOP('',(#2708));
#4545=EDGE_LOOP('',(#2709));
#4546=EDGE_LOOP('',(#2710));
#4547=EDGE_LOOP('',(#2711));
#4548=EDGE_LOOP('',(#2712));
#4549=EDGE_LOOP('',(#2713));
#4550=EDGE_LOOP('',(#2714));
#4551=EDGE_LOOP('',(#2715));
#4552=EDGE_LOOP('',(#2716));
#4553=EDGE_LOOP('',(#2717));
#4554=EDGE_LOOP('',(#2718));
#4555=EDGE_LOOP('',(#2719));
#4556=EDGE_LOOP('',(#2720));
#4557=EDGE_LOOP('',(#2721));
#4558=EDGE_LOOP('',(#2722));
#4559=EDGE_LOOP('',(#2723));
#4560=FACE_BOUND('',#3966,.T.);
#4561=FACE_BOUND('',#3967,.T.);
#4562=FACE_BOUND('',#3968,.T.);
#4563=FACE_BOUND('',#3969,.T.);
#4564=FACE_BOUND('',#3970,.T.);
#4565=FACE_BOUND('',#3971,.T.);
#4566=FACE_BOUND('',#3972,.T.);
#4567=FACE_BOUND('',#3973,.T.);
#4568=FACE_BOUND('',#3974,.T.);
#4569=FACE_BOUND('',#3975,.T.);
#4570=FACE_BOUND('',#3976,.T.);
#4571=FACE_BOUND('',#3977,.T.);
#4572=FACE_BOUND('',#3978,.T.);
#4573=FACE_BOUND('',#3979,.T.);
#4574=FACE_BOUND('',#3980,.T.);
#4575=FACE_BOUND('',#3981,.T.);
#4576=FACE_BOUND('',#3982,.T.);
#4577=FACE_BOUND('',#3983,.T.);
#4578=FACE_BOUND('',#3984,.T.);
#4579=FACE_BOUND('',#3985,.T.);
#4580=FACE_BOUND('',#3986,.T.);
#4581=FACE_BOUND('',#3987,.T.);
#4582=FACE_BOUND('',#3988,.T.);
#4583=FACE_BOUND('',#3989,.T.);
#4584=FACE_BOUND('',#3990,.T.);
#4585=FACE_BOUND('',#3991,.T.);
#4586=FACE_BOUND('',#3992,.T.);
#4587=FACE_BOUND('',#3993,.T.);
#4588=FACE_BOUND('',#3994,.T.);
#4589=FACE_BOUND('',#3995,.T.);
#4590=FACE_BOUND('',#3996,.T.);
#4591=FACE_BOUND('',#3997,.T.);
#4592=FACE_BOUND('',#3998,.T.);
#4593=FACE_BOUND('',#3999,.T.);
#4594=FACE_BOUND('',#4000,.T.);
#4595=FACE_BOUND('',#4001,.T.);
#4596=FACE_BOUND('',#4002,.T.);
#4597=FACE_BOUND('',#4003,.T.);
#4598=FACE_BOUND('',#4004,.T.);
#4599=FACE_BOUND('',#4005,.T.);
#4600=FACE_BOUND('',#4006,.T.);
#4601=FACE_BOUND('',#4007,.T.);
#4602=FACE_BOUND('',#4008,.T.);
#4603=FACE_BOUND('',#4009,.T.);
#4604=FACE_BOUND('',#4010,.T.);
#4605=FACE_BOUND('',#4011,.T.);
#4606=FACE_BOUND('',#4012,.T.);
#4607=FACE_BOUND('',#4013,.T.);
#4608=FACE_BOUND('',#4014,.T.);
#4609=FACE_BOUND('',#4015,.T.);
#4610=FACE_BOUND('',#4016,.T.);
#4611=FACE_BOUND('',#4017,.T.);
#4612=FACE_BOUND('',#4018,.T.);
#4613=FACE_BOUND('',#4019,.T.);
#4614=FACE_BOUND('',#4020,.T.);
#4615=FACE_BOUND('',#4021,.T.);
#4616=FACE_BOUND('',#4022,.T.);
#4617=FACE_BOUND('',#4023,.T.);
#4618=FACE_BOUND('',#4024,.T.);
#4619=FACE_BOUND('',#4025,.T.);
#4620=FACE_BOUND('',#4026,.T.);
#4621=FACE_BOUND('',#4027,.T.);
#4622=FACE_BOUND('',#4028,.T.);
#4623=FACE_BOUND('',#4029,.T.);
#4624=FACE_BOUND('',#4030,.T.);
#4625=FACE_BOUND('',#4031,.T.);
#4626=FACE_BOUND('',#4032,.T.);
#4627=FACE_BOUND('',#4033,.T.);
#4628=FACE_BOUND('',#4034,.T.);
#4629=FACE_BOUND('',#4035,.T.);
#4630=FACE_BOUND('',#4036,.T.);
#4631=FACE_BOUND('',#4037,.T.);
#4632=FACE_BOUND('',#4038,.T.);
#4633=FACE_BOUND('',#4039,.T.);
#4634=FACE_BOUND('',#4040,.T.);
#4635=FACE_BOUND('',#4041,.T.);
#4636=FACE_BOUND('',#4042,.T.);
#4637=FACE_BOUND('',#4043,.T.);
#4638=FACE_BOUND('',#4044,.T.);
#4639=FACE_BOUND('',#4045,.T.);
#4640=FACE_BOUND('',#4046,.T.);
#4641=FACE_BOUND('',#4047,.T.);
#4642=FACE_BOUND('',#4048,.T.);
#4643=FACE_BOUND('',#4049,.T.);
#4644=FACE_BOUND('',#4050,.T.);
#4645=FACE_BOUND('',#4051,.T.);
#4646=FACE_BOUND('',#4052,.T.);
#4647=FACE_BOUND('',#4053,.T.);
#4648=FACE_BOUND('',#4054,.T.);
#4649=FACE_BOUND('',#4055,.T.);
#4650=FACE_BOUND('',#4056,.T.);
#4651=FACE_BOUND('',#4057,.T.);
#4652=FACE_BOUND('',#4058,.T.);
#4653=FACE_BOUND('',#4059,.T.);
#4654=FACE_BOUND('',#4060,.T.);
#4655=FACE_BOUND('',#4061,.T.);
#4656=FACE_BOUND('',#4062,.T.);
#4657=FACE_BOUND('',#4063,.T.);
#4658=FACE_BOUND('',#4064,.T.);
#4659=FACE_BOUND('',#4065,.T.);
#4660=FACE_BOUND('',#4066,.T.);
#4661=FACE_BOUND('',#4067,.T.);
#4662=FACE_BOUND('',#4068,.T.);
#4663=FACE_BOUND('',#4069,.T.);
#4664=FACE_BOUND('',#4070,.T.);
#4665=FACE_BOUND('',#4071,.T.);
#4666=FACE_BOUND('',#4072,.T.);
#4667=FACE_BOUND('',#4073,.T.);
#4668=FACE_BOUND('',#4074,.T.);
#4669=FACE_BOUND('',#4075,.T.);
#4670=FACE_BOUND('',#4076,.T.);
#4671=FACE_BOUND('',#4077,.T.);
#4672=FACE_BOUND('',#4078,.T.);
#4673=FACE_BOUND('',#4079,.T.);
#4674=FACE_BOUND('',#4080,.T.);
#4675=FACE_BOUND('',#4081,.T.);
#4676=FACE_BOUND('',#4082,.T.);
#4677=FACE_BOUND('',#4083,.T.);
#4678=FACE_BOUND('',#4084,.T.);
#4679=FACE_BOUND('',#4085,.T.);
#4680=FACE_BOUND('',#4086,.T.);
#4681=FACE_BOUND('',#4087,.T.);
#4682=FACE_BOUND('',#4088,.T.);
#4683=FACE_BOUND('',#4089,.T.);
#4684=FACE_BOUND('',#4090,.T.);
#4685=FACE_BOUND('',#4091,.T.);
#4686=FACE_BOUND('',#4092,.T.);
#4687=FACE_BOUND('',#4093,.T.);
#4688=FACE_BOUND('',#4094,.T.);
#4689=FACE_BOUND('',#4095,.T.);
#4690=FACE_BOUND('',#4096,.T.);
#4691=FACE_BOUND('',#4097,.T.);
#4692=FACE_BOUND('',#4098,.T.);
#4693=FACE_BOUND('',#4099,.T.);
#4694=FACE_BOUND('',#4100,.T.);
#4695=FACE_BOUND('',#4101,.T.);
#4696=FACE_BOUND('',#4102,.T.);
#4697=FACE_BOUND('',#4103,.T.);
#4698=FACE_BOUND('',#4104,.T.);
#4699=FACE_BOUND('',#4105,.T.);
#4700=FACE_BOUND('',#4106,.T.);
#4701=FACE_BOUND('',#4107,.T.);
#4702=FACE_BOUND('',#4108,.T.);
#4703=FACE_BOUND('',#4109,.T.);
#4704=FACE_BOUND('',#4110,.T.);
#4705=FACE_BOUND('',#4111,.T.);
#4706=FACE_BOUND('',#4112,.T.);
#4707=FACE_BOUND('',#4113,.T.);
#4708=FACE_BOUND('',#4114,.T.);
#4709=FACE_BOUND('',#4115,.T.);
#4710=FACE_BOUND('',#4116,.T.);
#4711=FACE_BOUND('',#4117,.T.);
#4712=FACE_BOUND('',#4118,.T.);
#4713=FACE_BOUND('',#4119,.T.);
#4714=FACE_BOUND('',#4120,.T.);
#4715=FACE_BOUND('',#4121,.T.);
#4716=FACE_BOUND('',#4122,.T.);
#4717=FACE_BOUND('',#4123,.T.);
#4718=FACE_BOUND('',#4124,.T.);
#4719=FACE_BOUND('',#4125,.T.);
#4720=FACE_BOUND('',#4126,.T.);
#4721=FACE_BOUND('',#4127,.T.);
#4722=FACE_BOUND('',#4128,.T.);
#4723=FACE_BOUND('',#4129,.T.);
#4724=FACE_BOUND('',#4130,.T.);
#4725=FACE_BOUND('',#4131,.T.);
#4726=FACE_BOUND('',#4132,.T.);
#4727=FACE_BOUND('',#4133,.T.);
#4728=FACE_BOUND('',#4134,.T.);
#4729=FACE_BOUND('',#4135,.T.);
#4730=FACE_BOUND('',#4136,.T.);
#4731=FACE_BOUND('',#4137,.T.);
#4732=FACE_BOUND('',#4138,.T.);
#4733=FACE_BOUND('',#4139,.T.);
#4734=FACE_BOUND('',#4140,.T.);
#4735=FACE_BOUND('',#4141,.T.);
#4736=FACE_BOUND('',#4142,.T.);
#4737=FACE_BOUND('',#4143,.T.);
#4738=FACE_BOUND('',#4144,.T.);
#4739=FACE_BOUND('',#4145,.T.);
#4740=FACE_BOUND('',#4146,.T.);
#4741=FACE_BOUND('',#4147,.T.);
#4742=FACE_BOUND('',#4148,.T.);
#4743=FACE_BOUND('',#4149,.T.);
#4744=FACE_BOUND('',#4150,.T.);
#4745=FACE_BOUND('',#4151,.T.);
#4746=FACE_BOUND('',#4152,.T.);
#4747=FACE_BOUND('',#4153,.T.);
#4748=FACE_BOUND('',#4154,.T.);
#4749=FACE_BOUND('',#4155,.T.);
#4750=FACE_BOUND('',#4156,.T.);
#4751=FACE_BOUND('',#4157,.T.);
#4752=FACE_BOUND('',#4158,.T.);
#4753=FACE_BOUND('',#4159,.T.);
#4754=FACE_BOUND('',#4160,.T.);
#4755=FACE_BOUND('',#4161,.T.);
#4756=FACE_BOUND('',#4162,.T.);
#4757=FACE_BOUND('',#4163,.T.);
#4758=FACE_BOUND('',#4164,.T.);
#4759=FACE_BOUND('',#4165,.T.);
#4760=FACE_BOUND('',#4166,.T.);
#4761=FACE_BOUND('',#4167,.T.);
#4762=FACE_BOUND('',#4168,.T.);
#4763=FACE_BOUND('',#4169,.T.);
#4764=FACE_BOUND('',#4170,.T.);
#4765=FACE_BOUND('',#4171,.T.);
#4766=FACE_BOUND('',#4172,.T.);
#4767=FACE_BOUND('',#4173,.T.);
#4768=FACE_BOUND('',#4174,.T.);
#4769=FACE_BOUND('',#4175,.T.);
#4770=FACE_BOUND('',#4176,.T.);
#4771=FACE_BOUND('',#4177,.T.);
#4772=FACE_BOUND('',#4178,.T.);
#4773=FACE_BOUND('',#4179,.T.);
#4774=FACE_BOUND('',#4180,.T.);
#4775=FACE_BOUND('',#4181,.T.);
#4776=FACE_BOUND('',#4182,.T.);
#4777=FACE_BOUND('',#4183,.T.);
#4778=FACE_BOUND('',#4184,.T.);
#4779=FACE_BOUND('',#4185,.T.);
#4780=FACE_BOUND('',#4186,.T.);
#4781=FACE_BOUND('',#4187,.T.);
#4782=FACE_BOUND('',#4188,.T.);
#4783=FACE_BOUND('',#4189,.T.);
#4784=FACE_BOUND('',#4190,.T.);
#4785=FACE_BOUND('',#4191,.T.);
#4786=FACE_BOUND('',#4192,.T.);
#4787=FACE_BOUND('',#4193,.T.);
#4788=FACE_BOUND('',#4194,.T.);
#4789=FACE_BOUND('',#4195,.T.);
#4790=FACE_BOUND('',#4196,.T.);
#4791=FACE_BOUND('',#4197,.T.);
#4792=FACE_BOUND('',#4198,.T.);
#4793=FACE_BOUND('',#4199,.T.);
#4794=FACE_BOUND('',#4200,.T.);
#4795=FACE_BOUND('',#4201,.T.);
#4796=FACE_BOUND('',#4202,.T.);
#4797=FACE_BOUND('',#4203,.T.);
#4798=FACE_BOUND('',#4204,.T.);
#4799=FACE_BOUND('',#4205,.T.);
#4800=FACE_BOUND('',#4206,.T.);
#4801=FACE_BOUND('',#4207,.T.);
#4802=FACE_BOUND('',#4208,.T.);
#4803=FACE_BOUND('',#4209,.T.);
#4804=FACE_BOUND('',#4210,.T.);
#4805=FACE_BOUND('',#4211,.T.);
#4806=FACE_BOUND('',#4212,.T.);
#4807=FACE_BOUND('',#4213,.T.);
#4808=FACE_BOUND('',#4214,.T.);
#4809=FACE_BOUND('',#4215,.T.);
#4810=FACE_BOUND('',#4216,.T.);
#4811=FACE_BOUND('',#4217,.T.);
#4812=FACE_BOUND('',#4218,.T.);
#4813=FACE_BOUND('',#4219,.T.);
#4814=FACE_BOUND('',#4220,.T.);
#4815=FACE_BOUND('',#4221,.T.);
#4816=FACE_BOUND('',#4222,.T.);
#4817=FACE_BOUND('',#4223,.T.);
#4818=FACE_BOUND('',#4224,.T.);
#4819=FACE_BOUND('',#4225,.T.);
#4820=FACE_BOUND('',#4226,.T.);
#4821=FACE_BOUND('',#4227,.T.);
#4822=FACE_BOUND('',#4228,.T.);
#4823=FACE_BOUND('',#4229,.T.);
#4824=FACE_BOUND('',#4230,.T.);
#4825=FACE_BOUND('',#4231,.T.);
#4826=FACE_BOUND('',#4232,.T.);
#4827=FACE_BOUND('',#4233,.T.);
#4828=FACE_BOUND('',#4234,.T.);
#4829=FACE_BOUND('',#4235,.T.);
#4830=FACE_BOUND('',#4236,.T.);
#4831=FACE_BOUND('',#4237,.T.);
#4832=FACE_BOUND('',#4238,.T.);
#4833=FACE_BOUND('',#4239,.T.);
#4834=FACE_BOUND('',#4240,.T.);
#4835=FACE_BOUND('',#4241,.T.);
#4836=FACE_BOUND('',#4242,.T.);
#4837=FACE_BOUND('',#4243,.T.);
#4838=FACE_BOUND('',#4244,.T.);
#4839=FACE_BOUND('',#4245,.T.);
#4840=FACE_BOUND('',#4246,.T.);
#4841=FACE_BOUND('',#4247,.T.);
#4842=FACE_BOUND('',#4248,.T.);
#4843=FACE_BOUND('',#4249,.T.);
#4844=FACE_BOUND('',#4250,.T.);
#4845=FACE_BOUND('',#4251,.T.);
#4846=FACE_BOUND('',#4252,.T.);
#4847=FACE_BOUND('',#4253,.T.);
#4848=FACE_BOUND('',#4254,.T.);
#4849=FACE_BOUND('',#4255,.T.);
#4850=FACE_BOUND('',#4256,.T.);
#4851=FACE_BOUND('',#4257,.T.);
#4852=FACE_BOUND('',#4258,.T.);
#4853=FACE_BOUND('',#4259,.T.);
#4854=FACE_BOUND('',#4260,.T.);
#4855=FACE_BOUND('',#4261,.T.);
#4856=FACE_BOUND('',#4262,.T.);
#4857=FACE_BOUND('',#4263,.T.);
#4858=FACE_BOUND('',#4264,.T.);
#4859=FACE_BOUND('',#4265,.T.);
#4860=FACE_BOUND('',#4266,.T.);
#4861=FACE_BOUND('',#4267,.T.);
#4862=FACE_BOUND('',#4268,.T.);
#4863=FACE_BOUND('',#4269,.T.);
#4864=FACE_BOUND('',#4270,.T.);
#4865=FACE_BOUND('',#4271,.T.);
#4866=FACE_BOUND('',#4272,.T.);
#4867=FACE_BOUND('',#4273,.T.);
#4868=FACE_BOUND('',#4274,.T.);
#4869=FACE_BOUND('',#4275,.T.);
#4870=FACE_BOUND('',#4276,.T.);
#4871=FACE_BOUND('',#4277,.T.);
#4872=FACE_BOUND('',#4278,.T.);
#4873=FACE_BOUND('',#4279,.T.);
#4874=FACE_BOUND('',#4280,.T.);
#4875=FACE_BOUND('',#4281,.T.);
#4876=FACE_BOUND('',#4282,.T.);
#4877=FACE_BOUND('',#4283,.T.);
#4878=FACE_BOUND('',#4284,.T.);
#4879=FACE_BOUND('',#4285,.T.);
#4880=FACE_BOUND('',#4286,.T.);
#4881=FACE_BOUND('',#4287,.T.);
#4882=FACE_BOUND('',#4288,.T.);
#4883=FACE_BOUND('',#4289,.T.);
#4884=FACE_BOUND('',#4290,.T.);
#4885=FACE_BOUND('',#4291,.T.);
#4886=FACE_BOUND('',#4292,.T.);
#4887=FACE_BOUND('',#4293,.T.);
#4888=FACE_BOUND('',#4294,.T.);
#4889=FACE_BOUND('',#4295,.T.);
#4890=FACE_BOUND('',#4296,.T.);
#4891=FACE_BOUND('',#4297,.T.);
#4892=FACE_BOUND('',#4298,.T.);
#4893=FACE_BOUND('',#4299,.T.);
#4894=FACE_BOUND('',#4300,.T.);
#4895=FACE_BOUND('',#4301,.T.);
#4896=FACE_BOUND('',#4302,.T.);
#4897=FACE_BOUND('',#4303,.T.);
#4898=FACE_BOUND('',#4304,.T.);
#4899=FACE_BOUND('',#4305,.T.);
#4900=FACE_BOUND('',#4306,.T.);
#4901=FACE_BOUND('',#4307,.T.);
#4902=FACE_BOUND('',#4308,.T.);
#4903=FACE_BOUND('',#4309,.T.);
#4904=FACE_BOUND('',#4310,.T.);
#4905=FACE_BOUND('',#4311,.T.);
#4906=FACE_BOUND('',#4312,.T.);
#4907=FACE_BOUND('',#4313,.T.);
#4908=FACE_BOUND('',#4314,.T.);
#4909=FACE_BOUND('',#4315,.T.);
#4910=FACE_BOUND('',#4316,.T.);
#4911=FACE_BOUND('',#4317,.T.);
#4912=FACE_BOUND('',#4318,.T.);
#4913=FACE_BOUND('',#4319,.T.);
#4914=FACE_BOUND('',#4320,.T.);
#4915=FACE_BOUND('',#4321,.T.);
#4916=FACE_BOUND('',#4322,.T.);
#4917=FACE_BOUND('',#4323,.T.);
#4918=FACE_BOUND('',#4324,.T.);
#4919=FACE_BOUND('',#4325,.T.);
#4920=FACE_BOUND('',#4326,.T.);
#4921=FACE_BOUND('',#4327,.T.);
#4922=FACE_BOUND('',#4328,.T.);
#4923=FACE_BOUND('',#4329,.T.);
#4924=FACE_BOUND('',#4330,.T.);
#4925=FACE_BOUND('',#4331,.T.);
#4926=FACE_BOUND('',#4332,.T.);
#4927=FACE_BOUND('',#4333,.T.);
#4928=FACE_BOUND('',#4334,.T.);
#4929=FACE_BOUND('',#4335,.T.);
#4930=FACE_BOUND('',#4336,.T.);
#4931=FACE_BOUND('',#4337,.T.);
#4932=FACE_BOUND('',#4338,.T.);
#4933=FACE_BOUND('',#4339,.T.);
#4934=FACE_BOUND('',#4340,.T.);
#4935=FACE_BOUND('',#4341,.T.);
#4936=FACE_BOUND('',#4342,.T.);
#4937=FACE_BOUND('',#4343,.T.);
#4938=FACE_BOUND('',#4344,.T.);
#4939=FACE_BOUND('',#4345,.T.);
#4940=FACE_BOUND('',#4346,.T.);
#4941=FACE_BOUND('',#4347,.T.);
#4942=FACE_BOUND('',#4348,.T.);
#4943=FACE_BOUND('',#4349,.T.);
#4944=FACE_BOUND('',#4350,.T.);
#4945=FACE_BOUND('',#4351,.T.);
#4946=FACE_BOUND('',#4352,.T.);
#4947=FACE_BOUND('',#4353,.T.);
#4948=FACE_BOUND('',#4354,.T.);
#4949=FACE_BOUND('',#4355,.T.);
#4950=FACE_BOUND('',#4356,.T.);
#4951=FACE_BOUND('',#4357,.T.);
#4952=FACE_BOUND('',#4358,.T.);
#4953=FACE_BOUND('',#4359,.T.);
#4954=FACE_BOUND('',#4360,.T.);
#4955=FACE_BOUND('',#4361,.T.);
#4956=FACE_BOUND('',#4362,.T.);
#4957=FACE_BOUND('',#4363,.T.);
#4958=FACE_BOUND('',#4364,.T.);
#4959=FACE_BOUND('',#4365,.T.);
#4960=FACE_BOUND('',#4366,.T.);
#4961=FACE_BOUND('',#4367,.T.);
#4962=FACE_BOUND('',#4368,.T.);
#4963=FACE_BOUND('',#4369,.T.);
#4964=FACE_BOUND('',#4370,.T.);
#4965=FACE_BOUND('',#4371,.T.);
#4966=FACE_BOUND('',#4372,.T.);
#4967=FACE_BOUND('',#4373,.T.);
#4968=FACE_BOUND('',#4374,.T.);
#4969=FACE_BOUND('',#4375,.T.);
#4970=FACE_BOUND('',#4376,.T.);
#4971=FACE_BOUND('',#4377,.T.);
#4972=FACE_BOUND('',#4378,.T.);
#4973=FACE_BOUND('',#4379,.T.);
#4974=FACE_BOUND('',#4380,.T.);
#4975=FACE_BOUND('',#4381,.T.);
#4976=FACE_BOUND('',#4382,.T.);
#4977=FACE_BOUND('',#4383,.T.);
#4978=FACE_BOUND('',#4384,.T.);
#4979=FACE_BOUND('',#4385,.T.);
#4980=FACE_BOUND('',#4386,.T.);
#4981=FACE_BOUND('',#4387,.T.);
#4982=FACE_BOUND('',#4388,.T.);
#4983=FACE_BOUND('',#4389,.T.);
#4984=FACE_BOUND('',#4390,.T.);
#4985=FACE_BOUND('',#4391,.T.);
#4986=FACE_BOUND('',#4392,.T.);
#4987=FACE_BOUND('',#4393,.T.);
#4988=FACE_BOUND('',#4394,.T.);
#4989=FACE_BOUND('',#4395,.T.);
#4990=FACE_BOUND('',#4396,.T.);
#4991=FACE_BOUND('',#4397,.T.);
#4992=FACE_BOUND('',#4398,.T.);
#4993=FACE_BOUND('',#4399,.T.);
#4994=FACE_BOUND('',#4400,.T.);
#4995=FACE_BOUND('',#4401,.T.);
#4996=FACE_BOUND('',#4402,.T.);
#4997=FACE_BOUND('',#4403,.T.);
#4998=FACE_BOUND('',#4404,.T.);
#4999=FACE_BOUND('',#4405,.T.);
#5000=FACE_BOUND('',#4406,.T.);
#5001=FACE_BOUND('',#4407,.T.);
#5002=FACE_BOUND('',#4408,.T.);
#5003=FACE_BOUND('',#4409,.T.);
#5004=FACE_BOUND('',#4410,.T.);
#5005=FACE_BOUND('',#4411,.T.);
#5006=FACE_BOUND('',#4412,.T.);
#5007=FACE_BOUND('',#4413,.T.);
#5008=FACE_BOUND('',#4414,.T.);
#5009=FACE_BOUND('',#4415,.T.);
#5010=FACE_BOUND('',#4416,.T.);
#5011=FACE_BOUND('',#4417,.T.);
#5012=FACE_BOUND('',#4418,.T.);
#5013=FACE_BOUND('',#4419,.T.);
#5014=FACE_BOUND('',#4420,.T.);
#5015=FACE_BOUND('',#4421,.T.);
#5016=FACE_BOUND('',#4422,.T.);
#5017=FACE_BOUND('',#4423,.T.);
#5018=FACE_BOUND('',#4424,.T.);
#5019=FACE_BOUND('',#4425,.T.);
#5020=FACE_BOUND('',#4426,.T.);
#5021=FACE_BOUND('',#4427,.T.);
#5022=FACE_BOUND('',#4428,.T.);
#5023=FACE_BOUND('',#4429,.T.);
#5024=FACE_BOUND('',#4430,.T.);
#5025=FACE_BOUND('',#4431,.T.);
#5026=FACE_BOUND('',#4432,.T.);
#5027=FACE_BOUND('',#4433,.T.);
#5028=FACE_BOUND('',#4434,.T.);
#5029=FACE_BOUND('',#4435,.T.);
#5030=FACE_BOUND('',#4436,.T.);
#5031=FACE_BOUND('',#4437,.T.);
#5032=FACE_BOUND('',#4438,.T.);
#5033=FACE_BOUND('',#4439,.T.);
#5034=FACE_BOUND('',#4440,.T.);
#5035=FACE_BOUND('',#4441,.T.);
#5036=FACE_BOUND('',#4442,.T.);
#5037=FACE_BOUND('',#4443,.T.);
#5038=FACE_BOUND('',#4444,.T.);
#5039=FACE_BOUND('',#4445,.T.);
#5040=FACE_BOUND('',#4446,.T.);
#5041=FACE_BOUND('',#4447,.T.);
#5042=FACE_BOUND('',#4448,.T.);
#5043=FACE_BOUND('',#4449,.T.);
#5044=FACE_BOUND('',#4450,.T.);
#5045=FACE_BOUND('',#4451,.T.);
#5046=FACE_BOUND('',#4452,.T.);
#5047=FACE_BOUND('',#4453,.T.);
#5048=FACE_BOUND('',#4454,.T.);
#5049=FACE_BOUND('',#4455,.T.);
#5050=FACE_BOUND('',#4456,.T.);
#5051=FACE_BOUND('',#4457,.T.);
#5052=FACE_BOUND('',#4458,.T.);
#5053=FACE_BOUND('',#4459,.T.);
#5054=FACE_BOUND('',#4460,.T.);
#5055=FACE_BOUND('',#4461,.T.);
#5056=FACE_BOUND('',#4462,.T.);
#5057=FACE_BOUND('',#4463,.T.);
#5058=FACE_BOUND('',#4464,.T.);
#5059=FACE_BOUND('',#4465,.T.);
#5060=FACE_BOUND('',#4466,.T.);
#5061=FACE_BOUND('',#4467,.T.);
#5062=FACE_BOUND('',#4468,.T.);
#5063=FACE_BOUND('',#4469,.T.);
#5064=FACE_BOUND('',#4470,.T.);
#5065=FACE_BOUND('',#4471,.T.);
#5066=FACE_BOUND('',#4472,.T.);
#5067=FACE_BOUND('',#4473,.T.);
#5068=FACE_BOUND('',#4474,.T.);
#5069=FACE_BOUND('',#4475,.T.);
#5070=FACE_BOUND('',#4476,.T.);
#5071=FACE_BOUND('',#4477,.T.);
#5072=FACE_BOUND('',#4478,.T.);
#5073=FACE_BOUND('',#4479,.T.);
#5074=FACE_BOUND('',#4480,.T.);
#5075=FACE_BOUND('',#4481,.T.);
#5076=FACE_BOUND('',#4482,.T.);
#5077=FACE_BOUND('',#4483,.T.);
#5078=FACE_BOUND('',#4484,.T.);
#5079=FACE_BOUND('',#4485,.T.);
#5080=FACE_BOUND('',#4486,.T.);
#5081=FACE_BOUND('',#4487,.T.);
#5082=FACE_BOUND('',#4488,.T.);
#5083=FACE_BOUND('',#4489,.T.);
#5084=FACE_BOUND('',#4490,.T.);
#5085=FACE_BOUND('',#4491,.T.);
#5086=FACE_BOUND('',#4492,.T.);
#5087=FACE_BOUND('',#4493,.T.);
#5088=FACE_BOUND('',#4494,.T.);
#5089=FACE_BOUND('',#4495,.T.);
#5090=FACE_BOUND('',#4496,.T.);
#5091=FACE_BOUND('',#4497,.T.);
#5092=FACE_BOUND('',#4498,.T.);
#5093=FACE_BOUND('',#4499,.T.);
#5094=FACE_BOUND('',#4500,.T.);
#5095=FACE_BOUND('',#4501,.T.);
#5096=FACE_BOUND('',#4502,.T.);
#5097=FACE_BOUND('',#4503,.T.);
#5098=FACE_BOUND('',#4504,.T.);
#5099=FACE_BOUND('',#4505,.T.);
#5100=FACE_BOUND('',#4506,.T.);
#5101=FACE_BOUND('',#4507,.T.);
#5102=FACE_BOUND('',#4508,.T.);
#5103=FACE_BOUND('',#4509,.T.);
#5104=FACE_BOUND('',#4510,.T.);
#5105=FACE_BOUND('',#4511,.T.);
#5106=FACE_BOUND('',#4512,.T.);
#5107=FACE_BOUND('',#4513,.T.);
#5108=FACE_BOUND('',#4514,.T.);
#5109=FACE_BOUND('',#4515,.T.);
#5110=FACE_BOUND('',#4516,.T.);
#5111=FACE_BOUND('',#4517,.T.);
#5112=FACE_BOUND('',#4518,.T.);
#5113=FACE_BOUND('',#4519,.T.);
#5114=FACE_BOUND('',#4520,.T.);
#5115=FACE_BOUND('',#4521,.T.);
#5116=FACE_BOUND('',#4522,.T.);
#5117=FACE_BOUND('',#4523,.T.);
#5118=FACE_BOUND('',#4524,.T.);
#5119=FACE_BOUND('',#4525,.T.);
#5120=FACE_BOUND('',#4526,.T.);
#5121=FACE_BOUND('',#4527,.T.);
#5122=FACE_BOUND('',#4528,.T.);
#5123=FACE_BOUND('',#4529,.T.);
#5124=FACE_BOUND('',#4530,.T.);
#5125=FACE_BOUND('',#4531,.T.);
#5126=FACE_BOUND('',#4532,.T.);
#5127=FACE_BOUND('',#4533,.T.);
#5128=FACE_BOUND('',#4534,.T.);
#5129=FACE_BOUND('',#4535,.T.);
#5130=FACE_BOUND('',#4536,.T.);
#5131=FACE_BOUND('',#4537,.T.);
#5132=FACE_BOUND('',#4538,.T.);
#5133=FACE_BOUND('',#4539,.T.);
#5134=FACE_BOUND('',#4540,.T.);
#5135=FACE_BOUND('',#4541,.T.);
#5136=FACE_BOUND('',#4542,.T.);
#5137=FACE_BOUND('',#4543,.T.);
#5138=FACE_BOUND('',#4544,.T.);
#5139=FACE_BOUND('',#4545,.T.);
#5140=FACE_BOUND('',#4546,.T.);
#5141=FACE_BOUND('',#4547,.T.);
#5142=FACE_BOUND('',#4548,.T.);
#5143=FACE_BOUND('',#4549,.T.);
#5144=FACE_BOUND('',#4550,.T.);
#5145=FACE_BOUND('',#4551,.T.);
#5146=FACE_BOUND('',#4552,.T.);
#5147=FACE_BOUND('',#4553,.T.);
#5148=FACE_BOUND('',#4554,.T.);
#5149=FACE_BOUND('',#4555,.T.);
#5150=FACE_BOUND('',#4556,.T.);
#5151=FACE_BOUND('',#4557,.T.);
#5152=FACE_BOUND('',#4558,.T.);
#5153=FACE_BOUND('',#4559,.T.);
#5154=PLANE('',#5786);
#5155=PLANE('',#5789);
#5156=PLANE('',#5795);
#5157=PLANE('',#5798);
#5158=PLANE('',#5804);
#5159=PLANE('',#5807);
#5160=PLANE('',#5812);
#5161=PLANE('',#5820);
#5162=PLANE('',#5827);
#5163=PLANE('',#5832);
#5164=PLANE('',#5834);
#5165=PLANE('',#5841);
#5166=PLANE('',#5845);
#5167=PLANE('',#5849);
#5168=PLANE('',#5853);
#5169=PLANE('',#5857);
#5170=PLANE('',#5861);
#5171=PLANE('',#5865);
#5172=PLANE('',#5869);
#5173=PLANE('',#5879);
#5174=PLANE('',#5935);
#5175=PLANE('',#5938);
#5176=PLANE('',#5945);
#5177=PLANE('',#5948);
#5178=PLANE('',#5953);
#5179=PLANE('',#5961);
#5180=PLANE('',#5968);
#5181=PLANE('',#5973);
#5182=PLANE('',#5978);
#5183=PLANE('',#5982);
#5184=PLANE('',#5986);
#5185=PLANE('',#5990);
#5186=PLANE('',#5994);
#5187=PLANE('',#5998);
#5188=PLANE('',#6002);
#5189=PLANE('',#6006);
#5190=PLANE('',#6010);
#5191=PLANE('',#6020);
#5192=PLANE('',#6076);
#5193=PLANE('',#6079);
#5194=PLANE('',#6080);
#5195=PLANE('',#6081);
#5196=PLANE('',#6082);
#5197=PLANE('',#6083);
#5198=PLANE('',#6084);
#5199=PLANE('',#6085);
#5200=PLANE('',#6086);
#5201=PLANE('',#6087);
#5202=PLANE('',#6088);
#5203=PLANE('',#6089);
#5204=PLANE('',#6090);
#5205=PLANE('',#6091);
#5206=PLANE('',#6092);
#5207=PLANE('',#6093);
#5208=PLANE('',#6094);
#5209=PLANE('',#6095);
#5210=PLANE('',#6096);
#5211=PLANE('',#6097);
#5212=PLANE('',#6098);
#5213=PLANE('',#6099);
#5214=PLANE('',#6100);
#5215=PLANE('',#6101);
#5216=PLANE('',#6102);
#5217=PLANE('',#6103);
#5218=PLANE('',#6104);
#5219=PLANE('',#6105);
#5220=PLANE('',#6106);
#5221=PLANE('',#6107);
#5222=PLANE('',#6108);
#5223=PLANE('',#6109);
#5224=PLANE('',#6110);
#5225=PLANE('',#6111);
#5226=PLANE('',#6112);
#5227=PLANE('',#6113);
#5228=PLANE('',#6114);
#5229=PLANE('',#6115);
#5230=PLANE('',#6116);
#5231=PLANE('',#6117);
#5232=PLANE('',#6118);
#5233=PLANE('',#6119);
#5234=PLANE('',#6120);
#5235=PLANE('',#6121);
#5236=PLANE('',#6122);
#5237=PLANE('',#6123);
#5238=PLANE('',#6124);
#5239=PLANE('',#6125);
#5240=PLANE('',#6126);
#5241=PLANE('',#6127);
#5242=PLANE('',#6128);
#5243=PLANE('',#6129);
#5244=PLANE('',#6130);
#5245=PLANE('',#6131);
#5246=PLANE('',#6132);
#5247=PLANE('',#6133);
#5248=PLANE('',#6134);
#5249=PLANE('',#6135);
#5250=PLANE('',#6136);
#5251=PLANE('',#6137);
#5252=PLANE('',#6138);
#5253=PLANE('',#6139);
#5254=PLANE('',#6140);
#5255=PLANE('',#6141);
#5256=PLANE('',#6142);
#5257=PLANE('',#6143);
#5258=PLANE('',#6144);
#5259=PLANE('',#6145);
#5260=PLANE('',#6146);
#5261=PLANE('',#6147);
#5262=PLANE('',#6148);
#5263=PLANE('',#6149);
#5264=PLANE('',#6150);
#5265=PLANE('',#6151);
#5266=PLANE('',#6152);
#5267=PLANE('',#6153);
#5268=PLANE('',#6154);
#5269=PLANE('',#6155);
#5270=PLANE('',#6156);
#5271=PLANE('',#6157);
#5272=PLANE('',#6158);
#5273=PLANE('',#6159);
#5274=PLANE('',#6160);
#5275=PLANE('',#6161);
#5276=PLANE('',#6162);
#5277=PLANE('',#6163);
#5278=PLANE('',#6164);
#5279=PLANE('',#6165);
#5280=PLANE('',#6166);
#5281=PLANE('',#6167);
#5282=PLANE('',#6168);
#5283=PLANE('',#6169);
#5284=PLANE('',#6170);
#5285=PLANE('',#6171);
#5286=PLANE('',#6172);
#5287=PLANE('',#6173);
#5288=PLANE('',#6174);
#5289=PLANE('',#6236);
#5290=PLANE('',#6262);
#5291=PLANE('',#6266);
#5292=PLANE('',#6270);
#5293=PLANE('',#6274);
#5294=PLANE('',#6278);
#5295=PLANE('',#6282);
#5296=PLANE('',#6286);
#5297=PLANE('',#6290);
#5298=PLANE('',#6294);
#5299=PLANE('',#6295);
#5300=PLANE('',#6296);
#5301=PLANE('',#6300);
#5302=PLANE('',#6303);
#5303=PLANE('',#6304);
#5304=PLANE('',#6305);
#5305=PLANE('',#6306);
#5306=PLANE('',#6313);
#5307=PLANE('',#6377);
#5308=PLANE('',#6403);
#5309=PLANE('',#6407);
#5310=PLANE('',#6411);
#5311=PLANE('',#6415);
#5312=PLANE('',#6419);
#5313=PLANE('',#6423);
#5314=PLANE('',#6427);
#5315=PLANE('',#6431);
#5316=PLANE('',#6435);
#5317=PLANE('',#6436);
#5318=PLANE('',#6437);
#5319=PLANE('',#6441);
#5320=PLANE('',#6444);
#5321=PLANE('',#6445);
#5322=PLANE('',#6446);
#5323=PLANE('',#6447);
#5324=PLANE('',#6521);
#5325=PLANE('',#6524);
#5326=PLANE('',#6530);
#5327=PLANE('',#6533);
#5328=ADVANCED_FACE('',(#4560,#4561),#5154,.F.);
#5329=ADVANCED_FACE('',(#4562,#4563),#5155,.F.);
#5330=ADVANCED_FACE('',(#4564,#4565),#800,.T.);
#5331=ADVANCED_FACE('',(#4566,#4567),#801,.F.);
#5332=ADVANCED_FACE('',(#4568,#4569),#5156,.F.);
#5333=ADVANCED_FACE('',(#4570,#4571),#5157,.F.);
#5334=ADVANCED_FACE('',(#4572,#4573),#802,.T.);
#5335=ADVANCED_FACE('',(#4574,#4575),#803,.F.);
#5336=ADVANCED_FACE('',(#4576),#5158,.F.);
#5337=ADVANCED_FACE('',(#4577,#4578,#4579,#4580,#4581),#5159,.F.);
#5338=ADVANCED_FACE('',(#4582,#4583,#4584,#4585,#4586),#5160,.T.);
#5339=ADVANCED_FACE('',(#4587),#804,.T.);
#5340=ADVANCED_FACE('',(#4588),#5161,.F.);
#5341=ADVANCED_FACE('',(#4589,#4590),#805,.F.);
#5342=ADVANCED_FACE('',(#4591,#4592,#4593,#4594,#4595),#5162,.F.);
#5343=ADVANCED_FACE('',(#4596),#5163,.T.);
#5344=ADVANCED_FACE('',(#4597,#4598,#4599,#4600,#4601),#5164,.T.);
#5345=ADVANCED_FACE('',(#4602,#4603),#806,.F.);
#5346=ADVANCED_FACE('',(#4604,#4605),#5165,.T.);
#5347=ADVANCED_FACE('',(#4606,#4607),#807,.F.);
#5348=ADVANCED_FACE('',(#4608,#4609),#5166,.T.);
#5349=ADVANCED_FACE('',(#4610,#4611),#808,.F.);
#5350=ADVANCED_FACE('',(#4612,#4613),#5167,.T.);
#5351=ADVANCED_FACE('',(#4614,#4615),#809,.F.);
#5352=ADVANCED_FACE('',(#4616,#4617),#5168,.T.);
#5353=ADVANCED_FACE('',(#4618,#4619),#810,.F.);
#5354=ADVANCED_FACE('',(#4620,#4621),#5169,.F.);
#5355=ADVANCED_FACE('',(#4622,#4623),#811,.F.);
#5356=ADVANCED_FACE('',(#4624,#4625),#5170,.F.);
#5357=ADVANCED_FACE('',(#4626,#4627),#812,.F.);
#5358=ADVANCED_FACE('',(#4628,#4629),#5171,.F.);
#5359=ADVANCED_FACE('',(#4630,#4631),#813,.F.);
#5360=ADVANCED_FACE('',(#4632,#4633),#5172,.F.);
#5361=ADVANCED_FACE('',(#4634,#4635),#814,.F.);
#5362=ADVANCED_FACE('',(#4636,#4637),#815,.F.);
#5363=ADVANCED_FACE('',(#4638,#4639),#816,.F.);
#5364=ADVANCED_FACE('',(#4640,#4641),#817,.F.);
#5365=ADVANCED_FACE('',(#4642,#4643),#818,.F.);
#5366=ADVANCED_FACE('',(#4644,#4645),#819,.F.);
#5367=ADVANCED_FACE('',(#4646,#4647),#820,.F.);
#5368=ADVANCED_FACE('',(#4648,#4649),#821,.F.);
#5369=ADVANCED_FACE('',(#4650),#5173,.T.);
#5370=ADVANCED_FACE('',(#4651),#822,.T.);
#5371=ADVANCED_FACE('',(#4652),#62,.T.);
#5372=ADVANCED_FACE('',(#4653),#823,.T.);
#5373=ADVANCED_FACE('',(#4654),#824,.F.);
#5374=ADVANCED_FACE('',(#4655),#825,.F.);
#5375=ADVANCED_FACE('',(#4656),#826,.T.);
#5376=ADVANCED_FACE('',(#4657),#827,.T.);
#5377=ADVANCED_FACE('',(#4658),#828,.T.);
#5378=ADVANCED_FACE('',(#4659),#34,.T.);
#5379=ADVANCED_FACE('',(#4660),#35,.T.);
#5380=ADVANCED_FACE('',(#4661),#36,.T.);
#5381=ADVANCED_FACE('',(#4662),#63,.T.);
#5382=ADVANCED_FACE('',(#4663),#829,.T.);
#5383=ADVANCED_FACE('',(#4664),#830,.T.);
#5384=ADVANCED_FACE('',(#4665),#37,.T.);
#5385=ADVANCED_FACE('',(#4666),#831,.T.);
#5386=ADVANCED_FACE('',(#4667),#64,.T.);
#5387=ADVANCED_FACE('',(#4668),#65,.T.);
#5388=ADVANCED_FACE('',(#4669),#832,.T.);
#5389=ADVANCED_FACE('',(#4670),#833,.T.);
#5390=ADVANCED_FACE('',(#4671),#38,.F.);
#5391=ADVANCED_FACE('',(#4672),#834,.F.);
#5392=ADVANCED_FACE('',(#4673),#39,.F.);
#5393=ADVANCED_FACE('',(#4674,#4675),#5174,.T.);
#5394=ADVANCED_FACE('',(#4676,#4677,#4678),#5175,.T.);
#5395=ADVANCED_FACE('',(#4679),#5176,.F.);
#5396=ADVANCED_FACE('',(#4680,#4681,#4682,#4683,#4684),#5177,.F.);
#5397=ADVANCED_FACE('',(#4685,#4686,#4687,#4688,#4689),#5178,.T.);
#5398=ADVANCED_FACE('',(#4690),#835,.T.);
#5399=ADVANCED_FACE('',(#4691),#5179,.F.);
#5400=ADVANCED_FACE('',(#4692,#4693),#836,.F.);
#5401=ADVANCED_FACE('',(#4694,#4695,#4696,#4697,#4698),#5180,.F.);
#5402=ADVANCED_FACE('',(#4699,#4700,#4701,#4702,#4703),#5181,.T.);
#5403=ADVANCED_FACE('',(#4704),#5182,.T.);
#5404=ADVANCED_FACE('',(#4705,#4706),#837,.F.);
#5405=ADVANCED_FACE('',(#4707,#4708),#5183,.T.);
#5406=ADVANCED_FACE('',(#4709,#4710),#838,.F.);
#5407=ADVANCED_FACE('',(#4711,#4712),#5184,.T.);
#5408=ADVANCED_FACE('',(#4713,#4714),#839,.F.);
#5409=ADVANCED_FACE('',(#4715,#4716),#5185,.T.);
#5410=ADVANCED_FACE('',(#4717,#4718),#840,.F.);
#5411=ADVANCED_FACE('',(#4719,#4720),#5186,.T.);
#5412=ADVANCED_FACE('',(#4721,#4722),#841,.F.);
#5413=ADVANCED_FACE('',(#4723,#4724),#5187,.F.);
#5414=ADVANCED_FACE('',(#4725,#4726),#842,.F.);
#5415=ADVANCED_FACE('',(#4727,#4728),#5188,.F.);
#5416=ADVANCED_FACE('',(#4729,#4730),#843,.F.);
#5417=ADVANCED_FACE('',(#4731,#4732),#5189,.F.);
#5418=ADVANCED_FACE('',(#4733,#4734),#844,.F.);
#5419=ADVANCED_FACE('',(#4735,#4736),#5190,.F.);
#5420=ADVANCED_FACE('',(#4737,#4738),#845,.F.);
#5421=ADVANCED_FACE('',(#4739,#4740),#846,.F.);
#5422=ADVANCED_FACE('',(#4741,#4742),#847,.F.);
#5423=ADVANCED_FACE('',(#4743,#4744),#848,.F.);
#5424=ADVANCED_FACE('',(#4745,#4746),#849,.F.);
#5425=ADVANCED_FACE('',(#4747,#4748),#850,.F.);
#5426=ADVANCED_FACE('',(#4749,#4750),#851,.F.);
#5427=ADVANCED_FACE('',(#4751,#4752),#852,.F.);
#5428=ADVANCED_FACE('',(#4753),#5191,.T.);
#5429=ADVANCED_FACE('',(#4754),#853,.T.);
#5430=ADVANCED_FACE('',(#4755),#66,.T.);
#5431=ADVANCED_FACE('',(#4756),#854,.T.);
#5432=ADVANCED_FACE('',(#4757),#855,.F.);
#5433=ADVANCED_FACE('',(#4758),#856,.F.);
#5434=ADVANCED_FACE('',(#4759),#857,.T.);
#5435=ADVANCED_FACE('',(#4760),#858,.T.);
#5436=ADVANCED_FACE('',(#4761),#859,.T.);
#5437=ADVANCED_FACE('',(#4762),#40,.T.);
#5438=ADVANCED_FACE('',(#4763),#41,.T.);
#5439=ADVANCED_FACE('',(#4764),#42,.T.);
#5440=ADVANCED_FACE('',(#4765),#67,.T.);
#5441=ADVANCED_FACE('',(#4766),#860,.T.);
#5442=ADVANCED_FACE('',(#4767),#861,.T.);
#5443=ADVANCED_FACE('',(#4768),#43,.T.);
#5444=ADVANCED_FACE('',(#4769),#862,.T.);
#5445=ADVANCED_FACE('',(#4770),#68,.T.);
#5446=ADVANCED_FACE('',(#4771),#69,.T.);
#5447=ADVANCED_FACE('',(#4772),#863,.T.);
#5448=ADVANCED_FACE('',(#4773),#864,.T.);
#5449=ADVANCED_FACE('',(#4774),#44,.F.);
#5450=ADVANCED_FACE('',(#4775),#865,.F.);
#5451=ADVANCED_FACE('',(#4776),#45,.F.);
#5452=ADVANCED_FACE('',(#4777,#4778),#5192,.F.);
#5453=ADVANCED_FACE('',(#4779),#5193,.T.);
#5454=ADVANCED_FACE('',(#4780),#5194,.F.);
#5455=ADVANCED_FACE('',(#4781),#5195,.F.);
#5456=ADVANCED_FACE('',(#4782),#5196,.F.);
#5457=ADVANCED_FACE('',(#4783),#5197,.T.);
#5458=ADVANCED_FACE('',(#4784),#5198,.T.);
#5459=ADVANCED_FACE('',(#4785),#5199,.T.);
#5460=ADVANCED_FACE('',(#4786),#5200,.F.);
#5461=ADVANCED_FACE('',(#4787),#5201,.F.);
#5462=ADVANCED_FACE('',(#4788),#5202,.F.);
#5463=ADVANCED_FACE('',(#4789),#5203,.T.);
#5464=ADVANCED_FACE('',(#4790),#5204,.T.);
#5465=ADVANCED_FACE('',(#4791),#5205,.T.);
#5466=ADVANCED_FACE('',(#4792),#5206,.T.);
#5467=ADVANCED_FACE('',(#4793),#5207,.T.);
#5468=ADVANCED_FACE('',(#4794),#5208,.T.);
#5469=ADVANCED_FACE('',(#4795),#5209,.T.);
#5470=ADVANCED_FACE('',(#4796),#5210,.T.);
#5471=ADVANCED_FACE('',(#4797),#5211,.T.);
#5472=ADVANCED_FACE('',(#4798),#5212,.T.);
#5473=ADVANCED_FACE('',(#4799),#5213,.F.);
#5474=ADVANCED_FACE('',(#4800),#5214,.F.);
#5475=ADVANCED_FACE('',(#4801),#5215,.F.);
#5476=ADVANCED_FACE('',(#4802),#5216,.T.);
#5477=ADVANCED_FACE('',(#4803),#5217,.T.);
#5478=ADVANCED_FACE('',(#4804),#5218,.T.);
#5479=ADVANCED_FACE('',(#4805),#5219,.T.);
#5480=ADVANCED_FACE('',(#4806),#5220,.T.);
#5481=ADVANCED_FACE('',(#4807),#5221,.F.);
#5482=ADVANCED_FACE('',(#4808),#5222,.T.);
#5483=ADVANCED_FACE('',(#4809),#5223,.F.);
#5484=ADVANCED_FACE('',(#4810),#5224,.F.);
#5485=ADVANCED_FACE('',(#4811),#5225,.F.);
#5486=ADVANCED_FACE('',(#4812),#5226,.T.);
#5487=ADVANCED_FACE('',(#4813),#5227,.T.);
#5488=ADVANCED_FACE('',(#4814),#5228,.T.);
#5489=ADVANCED_FACE('',(#4815),#5229,.T.);
#5490=ADVANCED_FACE('',(#4816),#5230,.T.);
#5491=ADVANCED_FACE('',(#4817),#5231,.F.);
#5492=ADVANCED_FACE('',(#4818),#5232,.F.);
#5493=ADVANCED_FACE('',(#4819),#5233,.T.);
#5494=ADVANCED_FACE('',(#4820),#5234,.F.);
#5495=ADVANCED_FACE('',(#4821),#5235,.F.);
#5496=ADVANCED_FACE('',(#4822),#5236,.T.);
#5497=ADVANCED_FACE('',(#4823),#5237,.T.);
#5498=ADVANCED_FACE('',(#4824),#5238,.T.);
#5499=ADVANCED_FACE('',(#4825),#5239,.T.);
#5500=ADVANCED_FACE('',(#4826),#5240,.T.);
#5501=ADVANCED_FACE('',(#4827),#5241,.F.);
#5502=ADVANCED_FACE('',(#4828),#5242,.F.);
#5503=ADVANCED_FACE('',(#4829),#5243,.T.);
#5504=ADVANCED_FACE('',(#4830),#5244,.F.);
#5505=ADVANCED_FACE('',(#4831),#5245,.F.);
#5506=ADVANCED_FACE('',(#4832),#5246,.T.);
#5507=ADVANCED_FACE('',(#4833),#5247,.T.);
#5508=ADVANCED_FACE('',(#4834),#5248,.T.);
#5509=ADVANCED_FACE('',(#4835),#5249,.T.);
#5510=ADVANCED_FACE('',(#4836),#5250,.T.);
#5511=ADVANCED_FACE('',(#4837),#5251,.T.);
#5512=ADVANCED_FACE('',(#4838),#5252,.F.);
#5513=ADVANCED_FACE('',(#4839),#5253,.T.);
#5514=ADVANCED_FACE('',(#4840),#5254,.F.);
#5515=ADVANCED_FACE('',(#4841),#5255,.F.);
#5516=ADVANCED_FACE('',(#4842),#5256,.T.);
#5517=ADVANCED_FACE('',(#4843),#5257,.T.);
#5518=ADVANCED_FACE('',(#4844),#5258,.T.);
#5519=ADVANCED_FACE('',(#4845),#5259,.T.);
#5520=ADVANCED_FACE('',(#4846),#5260,.T.);
#5521=ADVANCED_FACE('',(#4847),#5261,.T.);
#5522=ADVANCED_FACE('',(#4848),#5262,.F.);
#5523=ADVANCED_FACE('',(#4849),#5263,.F.);
#5524=ADVANCED_FACE('',(#4850),#5264,.F.);
#5525=ADVANCED_FACE('',(#4851),#5265,.T.);
#5526=ADVANCED_FACE('',(#4852),#5266,.F.);
#5527=ADVANCED_FACE('',(#4853),#5267,.T.);
#5528=ADVANCED_FACE('',(#4854),#5268,.T.);
#5529=ADVANCED_FACE('',(#4855),#5269,.T.);
#5530=ADVANCED_FACE('',(#4856),#5270,.T.);
#5531=ADVANCED_FACE('',(#4857),#5271,.T.);
#5532=ADVANCED_FACE('',(#4858),#5272,.F.);
#5533=ADVANCED_FACE('',(#4859),#5273,.F.);
#5534=ADVANCED_FACE('',(#4860),#5274,.T.);
#5535=ADVANCED_FACE('',(#4861),#5275,.F.);
#5536=ADVANCED_FACE('',(#4862),#5276,.F.);
#5537=ADVANCED_FACE('',(#4863),#5277,.F.);
#5538=ADVANCED_FACE('',(#4864),#5278,.T.);
#5539=ADVANCED_FACE('',(#4865),#5279,.T.);
#5540=ADVANCED_FACE('',(#4866),#5280,.T.);
#5541=ADVANCED_FACE('',(#4867),#5281,.T.);
#5542=ADVANCED_FACE('',(#4868),#5282,.T.);
#5543=ADVANCED_FACE('',(#4869),#5283,.F.);
#5544=ADVANCED_FACE('',(#4870),#5284,.T.);
#5545=ADVANCED_FACE('',(#4871),#5285,.F.);
#5546=ADVANCED_FACE('',(#4872),#5286,.T.);
#5547=ADVANCED_FACE('',(#4873),#5287,.T.);
#5548=ADVANCED_FACE('',(#4874),#5288,.T.);
#5549=ADVANCED_FACE('',(#4875),#46,.F.);
#5550=ADVANCED_FACE('',(#4876),#866,.F.);
#5551=ADVANCED_FACE('',(#4877),#47,.F.);
#5552=ADVANCED_FACE('',(#4878),#867,.T.);
#5553=ADVANCED_FACE('',(#4879),#868,.T.);
#5554=ADVANCED_FACE('',(#4880),#70,.T.);
#5555=ADVANCED_FACE('',(#4881),#71,.T.);
#5556=ADVANCED_FACE('',(#4882),#869,.T.);
#5557=ADVANCED_FACE('',(#4883),#48,.T.);
#5558=ADVANCED_FACE('',(#4884),#870,.T.);
#5559=ADVANCED_FACE('',(#4885),#871,.T.);
#5560=ADVANCED_FACE('',(#4886),#72,.T.);
#5561=ADVANCED_FACE('',(#4887),#49,.T.);
#5562=ADVANCED_FACE('',(#4888),#50,.T.);
#5563=ADVANCED_FACE('',(#4889),#51,.T.);
#5564=ADVANCED_FACE('',(#4890),#872,.T.);
#5565=ADVANCED_FACE('',(#4891),#873,.T.);
#5566=ADVANCED_FACE('',(#4892),#874,.T.);
#5567=ADVANCED_FACE('',(#4893),#875,.F.);
#5568=ADVANCED_FACE('',(#4894),#876,.F.);
#5569=ADVANCED_FACE('',(#4895),#877,.T.);
#5570=ADVANCED_FACE('',(#4896),#73,.T.);
#5571=ADVANCED_FACE('',(#4897),#878,.T.);
#5572=ADVANCED_FACE('',(#4898),#5289,.T.);
#5573=ADVANCED_FACE('',(#4899,#4900),#879,.F.);
#5574=ADVANCED_FACE('',(#4901,#4902),#880,.F.);
#5575=ADVANCED_FACE('',(#4903,#4904),#881,.F.);
#5576=ADVANCED_FACE('',(#4905,#4906),#882,.F.);
#5577=ADVANCED_FACE('',(#4907,#4908),#883,.F.);
#5578=ADVANCED_FACE('',(#4909,#4910),#884,.F.);
#5579=ADVANCED_FACE('',(#4911,#4912),#885,.F.);
#5580=ADVANCED_FACE('',(#4913,#4914),#886,.F.);
#5581=ADVANCED_FACE('',(#4915,#4916),#5290,.F.);
#5582=ADVANCED_FACE('',(#4917,#4918),#887,.F.);
#5583=ADVANCED_FACE('',(#4919,#4920),#5291,.F.);
#5584=ADVANCED_FACE('',(#4921,#4922),#888,.F.);
#5585=ADVANCED_FACE('',(#4923,#4924),#5292,.F.);
#5586=ADVANCED_FACE('',(#4925,#4926),#889,.F.);
#5587=ADVANCED_FACE('',(#4927,#4928),#5293,.F.);
#5588=ADVANCED_FACE('',(#4929,#4930),#890,.F.);
#5589=ADVANCED_FACE('',(#4931,#4932),#5294,.T.);
#5590=ADVANCED_FACE('',(#4933,#4934),#891,.F.);
#5591=ADVANCED_FACE('',(#4935,#4936),#5295,.T.);
#5592=ADVANCED_FACE('',(#4937,#4938),#892,.F.);
#5593=ADVANCED_FACE('',(#4939,#4940),#5296,.T.);
#5594=ADVANCED_FACE('',(#4941,#4942),#893,.F.);
#5595=ADVANCED_FACE('',(#4943,#4944),#5297,.T.);
#5596=ADVANCED_FACE('',(#4945,#4946),#894,.F.);
#5597=ADVANCED_FACE('',(#4947),#5298,.T.);
#5598=ADVANCED_FACE('',(#4948,#4949,#4950,#4951,#4952),#5299,.T.);
#5599=ADVANCED_FACE('',(#4953,#4954,#4955,#4956,#4957),#5300,.F.);
#5600=ADVANCED_FACE('',(#4958,#4959),#895,.F.);
#5601=ADVANCED_FACE('',(#4960),#5301,.F.);
#5602=ADVANCED_FACE('',(#4961),#896,.T.);
#5603=ADVANCED_FACE('',(#4962,#4963,#4964,#4965,#4966),#5302,.T.);
#5604=ADVANCED_FACE('',(#4967,#4968,#4969,#4970,#4971),#5303,.F.);
#5605=ADVANCED_FACE('',(#4972),#5304,.F.);
#5606=ADVANCED_FACE('',(#4973,#4974,#4975),#5305,.F.);
#5607=ADVANCED_FACE('',(#4976,#4977),#5306,.F.);
#5608=ADVANCED_FACE('',(#4978),#52,.F.);
#5609=ADVANCED_FACE('',(#4979),#897,.F.);
#5610=ADVANCED_FACE('',(#4980),#53,.F.);
#5611=ADVANCED_FACE('',(#4981),#898,.T.);
#5612=ADVANCED_FACE('',(#4982),#899,.T.);
#5613=ADVANCED_FACE('',(#4983),#74,.T.);
#5614=ADVANCED_FACE('',(#4984),#75,.T.);
#5615=ADVANCED_FACE('',(#4985),#900,.T.);
#5616=ADVANCED_FACE('',(#4986),#54,.T.);
#5617=ADVANCED_FACE('',(#4987),#901,.T.);
#5618=ADVANCED_FACE('',(#4988),#902,.T.);
#5619=ADVANCED_FACE('',(#4989),#76,.T.);
#5620=ADVANCED_FACE('',(#4990),#55,.T.);
#5621=ADVANCED_FACE('',(#4991),#56,.T.);
#5622=ADVANCED_FACE('',(#4992),#57,.T.);
#5623=ADVANCED_FACE('',(#4993),#903,.T.);
#5624=ADVANCED_FACE('',(#4994),#904,.T.);
#5625=ADVANCED_FACE('',(#4995),#905,.T.);
#5626=ADVANCED_FACE('',(#4996),#906,.F.);
#5627=ADVANCED_FACE('',(#4997),#907,.F.);
#5628=ADVANCED_FACE('',(#4998),#908,.T.);
#5629=ADVANCED_FACE('',(#4999),#77,.T.);
#5630=ADVANCED_FACE('',(#5000),#909,.T.);
#5631=ADVANCED_FACE('',(#5001),#5307,.T.);
#5632=ADVANCED_FACE('',(#5002,#5003),#910,.F.);
#5633=ADVANCED_FACE('',(#5004,#5005),#911,.F.);
#5634=ADVANCED_FACE('',(#5006,#5007),#912,.F.);
#5635=ADVANCED_FACE('',(#5008,#5009),#913,.F.);
#5636=ADVANCED_FACE('',(#5010,#5011),#914,.F.);
#5637=ADVANCED_FACE('',(#5012,#5013),#915,.F.);
#5638=ADVANCED_FACE('',(#5014,#5015),#916,.F.);
#5639=ADVANCED_FACE('',(#5016,#5017),#917,.F.);
#5640=ADVANCED_FACE('',(#5018,#5019),#5308,.F.);
#5641=ADVANCED_FACE('',(#5020,#5021),#918,.F.);
#5642=ADVANCED_FACE('',(#5022,#5023),#5309,.F.);
#5643=ADVANCED_FACE('',(#5024,#5025),#919,.F.);
#5644=ADVANCED_FACE('',(#5026,#5027),#5310,.F.);
#5645=ADVANCED_FACE('',(#5028,#5029),#920,.F.);
#5646=ADVANCED_FACE('',(#5030,#5031),#5311,.F.);
#5647=ADVANCED_FACE('',(#5032,#5033),#921,.F.);
#5648=ADVANCED_FACE('',(#5034,#5035),#5312,.T.);
#5649=ADVANCED_FACE('',(#5036,#5037),#922,.F.);
#5650=ADVANCED_FACE('',(#5038,#5039),#5313,.T.);
#5651=ADVANCED_FACE('',(#5040,#5041),#923,.F.);
#5652=ADVANCED_FACE('',(#5042,#5043),#5314,.T.);
#5653=ADVANCED_FACE('',(#5044,#5045),#924,.F.);
#5654=ADVANCED_FACE('',(#5046,#5047),#5315,.T.);
#5655=ADVANCED_FACE('',(#5048,#5049),#925,.F.);
#5656=ADVANCED_FACE('',(#5050),#5316,.T.);
#5657=ADVANCED_FACE('',(#5051,#5052,#5053,#5054,#5055),#5317,.T.);
#5658=ADVANCED_FACE('',(#5056,#5057,#5058,#5059,#5060),#5318,.F.);
#5659=ADVANCED_FACE('',(#5061,#5062),#926,.F.);
#5660=ADVANCED_FACE('',(#5063),#5319,.F.);
#5661=ADVANCED_FACE('',(#5064),#927,.T.);
#5662=ADVANCED_FACE('',(#5065,#5066,#5067,#5068,#5069),#5320,.T.);
#5663=ADVANCED_FACE('',(#5070,#5071,#5072,#5073,#5074),#5321,.F.);
#5664=ADVANCED_FACE('',(#5075),#5322,.F.);
#5665=ADVANCED_FACE('',(#5076,#5077),#5323,.T.);
#5666=ADVANCED_FACE('',(#5078,#5079),#10,.F.);
#5667=ADVANCED_FACE('',(#5080,#5081),#11,.F.);
#5668=ADVANCED_FACE('',(#5082,#5083),#12,.F.);
#5669=ADVANCED_FACE('',(#5084,#5085),#13,.F.);
#5670=ADVANCED_FACE('',(#5086),#14,.F.);
#5671=ADVANCED_FACE('',(#5087),#928,.F.);
#5672=ADVANCED_FACE('',(#5088),#929,.F.);
#5673=ADVANCED_FACE('',(#5089),#78,.F.);
#5674=ADVANCED_FACE('',(#5090),#15,.F.);
#5675=ADVANCED_FACE('',(#5091),#16,.F.);
#5676=ADVANCED_FACE('',(#5092),#930,.F.);
#5677=ADVANCED_FACE('',(#5093),#79,.F.);
#5678=ADVANCED_FACE('',(#5094),#17,.F.);
#5679=ADVANCED_FACE('',(#5095),#931,.F.);
#5680=ADVANCED_FACE('',(#5096),#932,.F.);
#5681=ADVANCED_FACE('',(#5097),#80,.F.);
#5682=ADVANCED_FACE('',(#5098),#18,.F.);
#5683=ADVANCED_FACE('',(#5099),#19,.F.);
#5684=ADVANCED_FACE('',(#5100),#933,.F.);
#5685=ADVANCED_FACE('',(#5101),#81,.F.);
#5686=ADVANCED_FACE('',(#5102),#20,.F.);
#5687=ADVANCED_FACE('',(#5103),#934,.F.);
#5688=ADVANCED_FACE('',(#5104),#935,.F.);
#5689=ADVANCED_FACE('',(#5105),#82,.F.);
#5690=ADVANCED_FACE('',(#5106),#21,.F.);
#5691=ADVANCED_FACE('',(#5107),#22,.F.);
#5692=ADVANCED_FACE('',(#5108),#936,.F.);
#5693=ADVANCED_FACE('',(#5109),#83,.F.);
#5694=ADVANCED_FACE('',(#5110),#23,.F.);
#5695=ADVANCED_FACE('',(#5111),#937,.F.);
#5696=ADVANCED_FACE('',(#5112),#938,.F.);
#5697=ADVANCED_FACE('',(#5113),#84,.F.);
#5698=ADVANCED_FACE('',(#5114),#24,.F.);
#5699=ADVANCED_FACE('',(#5115),#25,.F.);
#5700=ADVANCED_FACE('',(#5116),#939,.F.);
#5701=ADVANCED_FACE('',(#5117),#85,.F.);
#5702=ADVANCED_FACE('',(#5118,#5119),#940,.F.);
#5703=ADVANCED_FACE('',(#5120,#5121),#941,.F.);
#5704=ADVANCED_FACE('',(#5122,#5123),#942,.F.);
#5705=ADVANCED_FACE('',(#5124,#5125),#943,.F.);
#5706=ADVANCED_FACE('',(#5126),#26,.T.);
#5707=ADVANCED_FACE('',(#5127),#58,.T.);
#5708=ADVANCED_FACE('',(#5128),#27,.T.);
#5709=ADVANCED_FACE('',(#5129),#28,.T.);
#5710=ADVANCED_FACE('',(#5130),#59,.T.);
#5711=ADVANCED_FACE('',(#5131),#29,.T.);
#5712=ADVANCED_FACE('',(#5132),#30,.T.);
#5713=ADVANCED_FACE('',(#5133),#60,.T.);
#5714=ADVANCED_FACE('',(#5134),#31,.T.);
#5715=ADVANCED_FACE('',(#5135),#32,.T.);
#5716=ADVANCED_FACE('',(#5136),#61,.T.);
#5717=ADVANCED_FACE('',(#5137),#33,.T.);
#5718=ADVANCED_FACE('',(#5138,#5139),#5324,.T.);
#5719=ADVANCED_FACE('',(#5140,#5141),#5325,.F.);
#5720=ADVANCED_FACE('',(#5142,#5143),#944,.T.);
#5721=ADVANCED_FACE('',(#5144,#5145),#945,.F.);
#5722=ADVANCED_FACE('',(#5146,#5147),#5326,.T.);
#5723=ADVANCED_FACE('',(#5148,#5149),#5327,.F.);
#5724=ADVANCED_FACE('',(#5150,#5151),#946,.T.);
#5725=ADVANCED_FACE('',(#5152,#5153),#947,.F.);
#5726=CLOSED_SHELL('',(#5328,#5329,#5330,#5331));
#5727=CLOSED_SHELL('',(#5332,#5333,#5334,#5335));
#5728=CLOSED_SHELL('',(#5336,#5337,#5338,#5339,#5340,#5341,#5342,#5343,
#5344,#5345,#5346,#5347,#5348,#5349,#5350,#5351,#5352,#5353,#5354,#5355,
#5356,#5357,#5358,#5359,#5360,#5361,#5362,#5363,#5364,#5365,#5366,#5367,
#5368,#5369,#5370,#5371,#5372,#5373,#5374,#5375,#5376,#5377,#5378,#5379,
#5380,#5381,#5382,#5383,#5384,#5385,#5386,#5387,#5388,#5389,#5390,#5391,
#5392,#5393,#5394,#5395,#5396,#5397,#5398,#5399,#5400,#5401,#5402,#5403,
#5404,#5405,#5406,#5407,#5408,#5409,#5410,#5411,#5412,#5413,#5414,#5415,
#5416,#5417,#5418,#5419,#5420,#5421,#5422,#5423,#5424,#5425,#5426,#5427,
#5428,#5429,#5430,#5431,#5432,#5433,#5434,#5435,#5436,#5437,#5438,#5439,
#5440,#5441,#5442,#5443,#5444,#5445,#5446,#5447,#5448,#5449,#5450,#5451,
#5452,#5453,#5454,#5455,#5456,#5457,#5458,#5459,#5460,#5461,#5462,#5463,
#5464,#5465,#5466,#5467,#5468,#5469,#5470,#5471,#5472,#5473,#5474,#5475,
#5476,#5477,#5478,#5479,#5480,#5481,#5482,#5483,#5484,#5485,#5486,#5487,
#5488,#5489,#5490,#5491,#5492,#5493,#5494,#5495,#5496,#5497,#5498,#5499,
#5500,#5501,#5502,#5503,#5504,#5505,#5506,#5507,#5508,#5509,#5510,#5511,
#5512,#5513,#5514,#5515,#5516,#5517,#5518,#5519,#5520,#5521,#5522,#5523,
#5524,#5525,#5526,#5527,#5528,#5529,#5530,#5531,#5532,#5533,#5534,#5535,
#5536,#5537,#5538,#5539,#5540,#5541,#5542,#5543,#5544,#5545,#5546,#5547,
#5548,#5549,#5550,#5551,#5552,#5553,#5554,#5555,#5556,#5557,#5558,#5559,
#5560,#5561,#5562,#5563,#5564,#5565,#5566,#5567,#5568,#5569,#5570,#5571,
#5572,#5573,#5574,#5575,#5576,#5577,#5578,#5579,#5580,#5581,#5582,#5583,
#5584,#5585,#5586,#5587,#5588,#5589,#5590,#5591,#5592,#5593,#5594,#5595,
#5596,#5597,#5598,#5599,#5600,#5601,#5602,#5603,#5604,#5605,#5606,#5607,
#5608,#5609,#5610,#5611,#5612,#5613,#5614,#5615,#5616,#5617,#5618,#5619,
#5620,#5621,#5622,#5623,#5624,#5625,#5626,#5627,#5628,#5629,#5630,#5631,
#5632,#5633,#5634,#5635,#5636,#5637,#5638,#5639,#5640,#5641,#5642,#5643,
#5644,#5645,#5646,#5647,#5648,#5649,#5650,#5651,#5652,#5653,#5654,#5655,
#5656,#5657,#5658,#5659,#5660,#5661,#5662,#5663,#5664,#5665,#5666,#5667,
#5668,#5669,#5670,#5671,#5672,#5673,#5674,#5675,#5676,#5677,#5678,#5679,
#5680,#5681,#5682,#5683,#5684,#5685,#5686,#5687,#5688,#5689,#5690,#5691,
#5692,#5693,#5694,#5695,#5696,#5697,#5698,#5699,#5700,#5701,#5702,#5703,
#5704,#5705,#5706,#5707,#5708,#5709,#5710,#5711,#5712,#5713,#5714,#5715,
#5716,#5717));
#5729=CLOSED_SHELL('',(#5718,#5719,#5720,#5721));
#5730=CLOSED_SHELL('',(#5722,#5723,#5724,#5725));
#5731=STYLED_ITEM('',(#5736),#5768);
#5732=STYLED_ITEM('',(#5737),#5769);
#5733=STYLED_ITEM('',(#5738),#5770);
#5734=STYLED_ITEM('',(#5739),#5771);
#5735=STYLED_ITEM('',(#5740),#5772);
#5736=PRESENTATION_STYLE_ASSIGNMENT((#5741));
#5737=PRESENTATION_STYLE_ASSIGNMENT((#5742));
#5738=PRESENTATION_STYLE_ASSIGNMENT((#5743));
#5739=PRESENTATION_STYLE_ASSIGNMENT((#5744));
#5740=PRESENTATION_STYLE_ASSIGNMENT((#5745));
#5741=SURFACE_STYLE_USAGE(.BOTH.,#5746);
#5742=SURFACE_STYLE_USAGE(.BOTH.,#5747);
#5743=SURFACE_STYLE_USAGE(.BOTH.,#5748);
#5744=SURFACE_STYLE_USAGE(.BOTH.,#5749);
#5745=SURFACE_STYLE_USAGE(.BOTH.,#5750);
#5746=SURFACE_SIDE_STYLE('',(#5751));
#5747=SURFACE_SIDE_STYLE('',(#5752));
#5748=SURFACE_SIDE_STYLE('',(#5753));
#5749=SURFACE_SIDE_STYLE('',(#5754));
#5750=SURFACE_SIDE_STYLE('',(#5755));
#5751=SURFACE_STYLE_FILL_AREA(#5756);
#5752=SURFACE_STYLE_FILL_AREA(#5757);
#5753=SURFACE_STYLE_FILL_AREA(#5758);
#5754=SURFACE_STYLE_FILL_AREA(#5759);
#5755=SURFACE_STYLE_FILL_AREA(#5760);
#5756=FILL_AREA_STYLE('',(#5761));
#5757=FILL_AREA_STYLE('',(#5762));
#5758=FILL_AREA_STYLE('',(#5763));
#5759=FILL_AREA_STYLE('',(#5764));
#5760=FILL_AREA_STYLE('',(#5765));
#5761=FILL_AREA_STYLE_COLOUR('',#5766);
#5762=FILL_AREA_STYLE_COLOUR('',#5766);
#5763=FILL_AREA_STYLE_COLOUR('',#5767);
#5764=FILL_AREA_STYLE_COLOUR('',#5766);
#5765=FILL_AREA_STYLE_COLOUR('',#5766);
#5766=COLOUR_RGB('',0.501960784313726,0.501960784313726,0.501960784313726);
#5767=COLOUR_RGB('',0.4,0.4,0.4);
#5768=MANIFOLD_SOLID_BREP('Arm Front Right',#5726);
#5769=MANIFOLD_SOLID_BREP('Arm Front Left',#5727);
#5770=MANIFOLD_SOLID_BREP('Fuselage',#5728);
#5771=MANIFOLD_SOLID_BREP('Arm Back Right',#5729);
#5772=MANIFOLD_SOLID_BREP('Arm Back Left',#5730);
#5773=SHAPE_DEFINITION_REPRESENTATION(#10801,#5779);
#5774=SHAPE_DEFINITION_REPRESENTATION(#10802,#5780);
#5775=SHAPE_DEFINITION_REPRESENTATION(#10804,#5781);
#5776=SHAPE_DEFINITION_REPRESENTATION(#10806,#5782);
#5777=SHAPE_DEFINITION_REPRESENTATION(#10808,#5783);
#5778=SHAPE_DEFINITION_REPRESENTATION(#10810,#5784);
#5779=SHAPE_REPRESENTATION('Prototype Assembly',(#5785,#5794,#5803,#6520,
#6529,#6538),#10786);
#5780=SHAPE_REPRESENTATION('Arm Front Right',(#5785),#10787);
#5781=SHAPE_REPRESENTATION('Arm Front Left',(#5785),#10788);
#5782=SHAPE_REPRESENTATION('Fuselage',(#5785),#10789);
#5783=SHAPE_REPRESENTATION('Arm Back Right',(#5785),#10790);
#5784=SHAPE_REPRESENTATION('Arm Back Left',(#5785),#10791);
#5785=AXIS2_PLACEMENT_3D('',#8377,#6539,#6540);
#5786=AXIS2_PLACEMENT_3D('',#8378,#6541,#6542);
#5787=AXIS2_PLACEMENT_3D('',#8379,#6543,#6544);
#5788=AXIS2_PLACEMENT_3D('',#8381,#6545,#6546);
#5789=AXIS2_PLACEMENT_3D('',#8383,#6547,#6548);
#5790=AXIS2_PLACEMENT_3D('',#8384,#6549,#6550);
#5791=AXIS2_PLACEMENT_3D('',#8386,#6551,#6552);
#5792=AXIS2_PLACEMENT_3D('',#8388,#6553,#6554);
#5793=AXIS2_PLACEMENT_3D('',#8389,#6555,#6556);
#5794=AXIS2_PLACEMENT_3D('',#8390,#6557,#6558);
#5795=AXIS2_PLACEMENT_3D('',#8391,#6559,#6560);
#5796=AXIS2_PLACEMENT_3D('',#8392,#6561,#6562);
#5797=AXIS2_PLACEMENT_3D('',#8394,#6563,#6564);
#5798=AXIS2_PLACEMENT_3D('',#8396,#6565,#6566);
#5799=AXIS2_PLACEMENT_3D('',#8397,#6567,#6568);
#5800=AXIS2_PLACEMENT_3D('',#8399,#6569,#6570);
#5801=AXIS2_PLACEMENT_3D('',#8401,#6571,#6572);
#5802=AXIS2_PLACEMENT_3D('',#8402,#6573,#6574);
#5803=AXIS2_PLACEMENT_3D('',#8403,#6575,#6576);
#5804=AXIS2_PLACEMENT_3D('',#8404,#6577,#6578);
#5805=AXIS2_PLACEMENT_3D('',#8405,#6579,#6580);
#5806=AXIS2_PLACEMENT_3D('',#8414,#6584,#6585);
#5807=AXIS2_PLACEMENT_3D('',#8415,#6586,#6587);
#5808=AXIS2_PLACEMENT_3D('',#8416,#6588,#6589);
#5809=AXIS2_PLACEMENT_3D('',#8418,#6590,#6591);
#5810=AXIS2_PLACEMENT_3D('',#8420,#6592,#6593);
#5811=AXIS2_PLACEMENT_3D('',#8422,#6594,#6595);
#5812=AXIS2_PLACEMENT_3D('',#8432,#6600,#6601);
#5813=AXIS2_PLACEMENT_3D('',#8433,#6602,#6603);
#5814=AXIS2_PLACEMENT_3D('',#8435,#6604,#6605);
#5815=AXIS2_PLACEMENT_3D('',#8437,#6606,#6607);
#5816=AXIS2_PLACEMENT_3D('',#8439,#6608,#6609);
#5817=AXIS2_PLACEMENT_3D('',#8449,#6614,#6615);
#5818=AXIS2_PLACEMENT_3D('',#8453,#6617,#6618);
#5819=AXIS2_PLACEMENT_3D('',#8457,#6620,#6621);
#5820=AXIS2_PLACEMENT_3D('',#8458,#6622,#6623);
#5821=AXIS2_PLACEMENT_3D('',#8464,#6626,#6627);
#5822=AXIS2_PLACEMENT_3D('',#8466,#6628,#6629);
#5823=AXIS2_PLACEMENT_3D('',#8469,#6631,#6632);
#5824=AXIS2_PLACEMENT_3D('',#8479,#6634,#6635);
#5825=AXIS2_PLACEMENT_3D('',#8489,#6637,#6638);
#5826=AXIS2_PLACEMENT_3D('',#8490,#6639,#6640);
#5827=AXIS2_PLACEMENT_3D('',#8492,#6641,#6642);
#5828=AXIS2_PLACEMENT_3D('',#8501,#6647,#6648);
#5829=AXIS2_PLACEMENT_3D('',#8503,#6649,#6650);
#5830=AXIS2_PLACEMENT_3D('',#8505,#6651,#6652);
#5831=AXIS2_PLACEMENT_3D('',#8507,#6653,#6654);
#5832=AXIS2_PLACEMENT_3D('',#8509,#6655,#6656);
#5833=AXIS2_PLACEMENT_3D('',#8518,#6661,#6662);
#5834=AXIS2_PLACEMENT_3D('',#8520,#6664,#6665);
#5835=AXIS2_PLACEMENT_3D('',#8521,#6666,#6667);
#5836=AXIS2_PLACEMENT_3D('',#8523,#6668,#6669);
#5837=AXIS2_PLACEMENT_3D('',#8525,#6670,#6671);
#5838=AXIS2_PLACEMENT_3D('',#8527,#6672,#6673);
#5839=AXIS2_PLACEMENT_3D('',#8537,#6678,#6679);
#5840=AXIS2_PLACEMENT_3D('',#8538,#6680,#6681);
#5841=AXIS2_PLACEMENT_3D('',#8540,#6682,#6683);
#5842=AXIS2_PLACEMENT_3D('',#8541,#6684,#6685);
#5843=AXIS2_PLACEMENT_3D('',#8543,#6686,#6687);
#5844=AXIS2_PLACEMENT_3D('',#8544,#6688,#6689);
#5845=AXIS2_PLACEMENT_3D('',#8546,#6690,#6691);
#5846=AXIS2_PLACEMENT_3D('',#8547,#6692,#6693);
#5847=AXIS2_PLACEMENT_3D('',#8549,#6694,#6695);
#5848=AXIS2_PLACEMENT_3D('',#8550,#6696,#6697);
#5849=AXIS2_PLACEMENT_3D('',#8552,#6698,#6699);
#5850=AXIS2_PLACEMENT_3D('',#8553,#6700,#6701);
#5851=AXIS2_PLACEMENT_3D('',#8555,#6702,#6703);
#5852=AXIS2_PLACEMENT_3D('',#8556,#6704,#6705);
#5853=AXIS2_PLACEMENT_3D('',#8558,#6706,#6707);
#5854=AXIS2_PLACEMENT_3D('',#8559,#6708,#6709);
#5855=AXIS2_PLACEMENT_3D('',#8561,#6710,#6711);
#5856=AXIS2_PLACEMENT_3D('',#8562,#6712,#6713);
#5857=AXIS2_PLACEMENT_3D('',#8564,#6714,#6715);
#5858=AXIS2_PLACEMENT_3D('',#8565,#6716,#6717);
#5859=AXIS2_PLACEMENT_3D('',#8567,#6718,#6719);
#5860=AXIS2_PLACEMENT_3D('',#8568,#6720,#6721);
#5861=AXIS2_PLACEMENT_3D('',#8570,#6722,#6723);
#5862=AXIS2_PLACEMENT_3D('',#8571,#6724,#6725);
#5863=AXIS2_PLACEMENT_3D('',#8573,#6726,#6727);
#5864=AXIS2_PLACEMENT_3D('',#8574,#6728,#6729);
#5865=AXIS2_PLACEMENT_3D('',#8576,#6730,#6731);
#5866=AXIS2_PLACEMENT_3D('',#8577,#6732,#6733);
#5867=AXIS2_PLACEMENT_3D('',#8579,#6734,#6735);
#5868=AXIS2_PLACEMENT_3D('',#8580,#6736,#6737);
#5869=AXIS2_PLACEMENT_3D('',#8582,#6738,#6739);
#5870=AXIS2_PLACEMENT_3D('',#8583,#6740,#6741);
#5871=AXIS2_PLACEMENT_3D('',#8585,#6742,#6743);
#5872=AXIS2_PLACEMENT_3D('',#8586,#6744,#6745);
#5873=AXIS2_PLACEMENT_3D('',#8587,#6746,#6747);
#5874=AXIS2_PLACEMENT_3D('',#8588,#6748,#6749);
#5875=AXIS2_PLACEMENT_3D('',#8589,#6750,#6751);
#5876=AXIS2_PLACEMENT_3D('',#8590,#6752,#6753);
#5877=AXIS2_PLACEMENT_3D('',#8591,#6754,#6755);
#5878=AXIS2_PLACEMENT_3D('',#8592,#6756,#6757);
#5879=AXIS2_PLACEMENT_3D('',#8593,#6758,#6759);
#5880=AXIS2_PLACEMENT_3D('',#8594,#6760,#6761);
#5881=AXIS2_PLACEMENT_3D('',#8597,#6762,#6763);
#5882=AXIS2_PLACEMENT_3D('',#8599,#6764,#6765);
#5883=AXIS2_PLACEMENT_3D('',#8600,#6766,#6767);
#5884=AXIS2_PLACEMENT_3D('',#8601,#6768,#6769);
#5885=AXIS2_PLACEMENT_3D('',#8602,#6770,#6771);
#5886=AXIS2_PLACEMENT_3D('',#8603,#6772,#6773);
#5887=AXIS2_PLACEMENT_3D('',#8604,#6774,#6775);
#5888=AXIS2_PLACEMENT_3D('',#8605,#6776,#6777);
#5889=AXIS2_PLACEMENT_3D('',#8606,#6778,#6779);
#5890=AXIS2_PLACEMENT_3D('',#8607,#6780,#6781);
#5891=AXIS2_PLACEMENT_3D('',#8608,#6782,#6783);
#5892=AXIS2_PLACEMENT_3D('',#8609,#6784,#6785);
#5893=AXIS2_PLACEMENT_3D('',#8610,#6786,#6787);
#5894=AXIS2_PLACEMENT_3D('',#8611,#6788,#6789);
#5895=AXIS2_PLACEMENT_3D('',#8612,#6790,#6791);
#5896=AXIS2_PLACEMENT_3D('',#8613,#6792,#6793);
#5897=AXIS2_PLACEMENT_3D('',#8614,#6794,#6795);
#5898=AXIS2_PLACEMENT_3D('',#8615,#6796,#6797);
#5899=AXIS2_PLACEMENT_3D('',#8616,#6798,#6799);
#5900=AXIS2_PLACEMENT_3D('',#8617,#6800,#6801);
#5901=AXIS2_PLACEMENT_3D('',#8618,#6802,#6803);
#5902=AXIS2_PLACEMENT_3D('',#8619,#6804,#6805);
#5903=AXIS2_PLACEMENT_3D('',#8620,#6806,#6807);
#5904=AXIS2_PLACEMENT_3D('',#8621,#6808,#6809);
#5905=AXIS2_PLACEMENT_3D('',#8622,#6810,#6811);
#5906=AXIS2_PLACEMENT_3D('',#8624,#6812,#6813);
#5907=AXIS2_PLACEMENT_3D('',#8629,#6814,#6815);
#5908=AXIS2_PLACEMENT_3D('',#8630,#6816,#6817);
#5909=AXIS2_PLACEMENT_3D('',#8632,#6818,#6819);
#5910=AXIS2_PLACEMENT_3D('',#8633,#6820,#6821);
#5911=AXIS2_PLACEMENT_3D('',#8638,#6822,#6823);
#5912=AXIS2_PLACEMENT_3D('',#8639,#6824,#6825);
#5913=AXIS2_PLACEMENT_3D('',#8640,#6826,#6827);
#5914=AXIS2_PLACEMENT_3D('',#8641,#6828,#6829);
#5915=AXIS2_PLACEMENT_3D('',#8642,#6830,#6831);
#5916=AXIS2_PLACEMENT_3D('',#8643,#6832,#6833);
#5917=AXIS2_PLACEMENT_3D('',#8644,#6834,#6835);
#5918=AXIS2_PLACEMENT_3D('',#8645,#6836,#6837);
#5919=AXIS2_PLACEMENT_3D('',#8646,#6838,#6839);
#5920=AXIS2_PLACEMENT_3D('',#8647,#6840,#6841);
#5921=AXIS2_PLACEMENT_3D('',#8648,#6842,#6843);
#5922=AXIS2_PLACEMENT_3D('',#8649,#6844,#6845);
#5923=AXIS2_PLACEMENT_3D('',#8650,#6846,#6847);
#5924=AXIS2_PLACEMENT_3D('',#8651,#6848,#6849);
#5925=AXIS2_PLACEMENT_3D('',#8652,#6850,#6851);
#5926=AXIS2_PLACEMENT_3D('',#8653,#6852,#6853);
#5927=AXIS2_PLACEMENT_3D('',#8654,#6854,#6855);
#5928=AXIS2_PLACEMENT_3D('',#8655,#6856,#6857);
#5929=AXIS2_PLACEMENT_3D('',#8656,#6858,#6859);
#5930=AXIS2_PLACEMENT_3D('',#8657,#6860,#6861);
#5931=AXIS2_PLACEMENT_3D('',#8664,#6862,#6863);
#5932=AXIS2_PLACEMENT_3D('',#8665,#6864,#6865);
#5933=AXIS2_PLACEMENT_3D('',#8666,#6866,#6867);
#5934=AXIS2_PLACEMENT_3D('',#8667,#6868,#6869);
#5935=AXIS2_PLACEMENT_3D('',#8674,#6870,#6871);
#5936=AXIS2_PLACEMENT_3D('',#8675,#6872,#6873);
#5937=AXIS2_PLACEMENT_3D('',#8677,#6874,#6875);
#5938=AXIS2_PLACEMENT_3D('',#8679,#6876,#6877);
#5939=AXIS2_PLACEMENT_3D('',#8680,#6878,#6879);
#5940=AXIS2_PLACEMENT_3D('',#8685,#6881,#6882);
#5941=AXIS2_PLACEMENT_3D('',#8689,#6884,#6885);
#5942=AXIS2_PLACEMENT_3D('',#8692,#6887,#6888);
#5943=AXIS2_PLACEMENT_3D('',#8697,#6890,#6891);
#5944=AXIS2_PLACEMENT_3D('',#8701,#6893,#6894);
#5945=AXIS2_PLACEMENT_3D('',#8738,#6913,#6914);
#5946=AXIS2_PLACEMENT_3D('',#8739,#6915,#6916);
#5947=AXIS2_PLACEMENT_3D('',#8748,#6920,#6921);
#5948=AXIS2_PLACEMENT_3D('',#8749,#6922,#6923);
#5949=AXIS2_PLACEMENT_3D('',#8750,#6924,#6925);
#5950=AXIS2_PLACEMENT_3D('',#8752,#6926,#6927);
#5951=AXIS2_PLACEMENT_3D('',#8754,#6928,#6929);
#5952=AXIS2_PLACEMENT_3D('',#8756,#6930,#6931);
#5953=AXIS2_PLACEMENT_3D('',#8766,#6936,#6937);
#5954=AXIS2_PLACEMENT_3D('',#8767,#6938,#6939);
#5955=AXIS2_PLACEMENT_3D('',#8769,#6940,#6941);
#5956=AXIS2_PLACEMENT_3D('',#8771,#6942,#6943);
#5957=AXIS2_PLACEMENT_3D('',#8773,#6944,#6945);
#5958=AXIS2_PLACEMENT_3D('',#8783,#6950,#6951);
#5959=AXIS2_PLACEMENT_3D('',#8787,#6953,#6954);
#5960=AXIS2_PLACEMENT_3D('',#8791,#6956,#6957);
#5961=AXIS2_PLACEMENT_3D('',#8792,#6958,#6959);
#5962=AXIS2_PLACEMENT_3D('',#8798,#6962,#6963);
#5963=AXIS2_PLACEMENT_3D('',#8800,#6964,#6965);
#5964=AXIS2_PLACEMENT_3D('',#8803,#6967,#6968);
#5965=AXIS2_PLACEMENT_3D('',#8813,#6970,#6971);
#5966=AXIS2_PLACEMENT_3D('',#8823,#6973,#6974);
#5967=AXIS2_PLACEMENT_3D('',#8824,#6975,#6976);
#5968=AXIS2_PLACEMENT_3D('',#8826,#6977,#6978);
#5969=AXIS2_PLACEMENT_3D('',#8835,#6983,#6984);
#5970=AXIS2_PLACEMENT_3D('',#8837,#6985,#6986);
#5971=AXIS2_PLACEMENT_3D('',#8839,#6987,#6988);
#5972=AXIS2_PLACEMENT_3D('',#8841,#6989,#6990);
#5973=AXIS2_PLACEMENT_3D('',#8843,#6991,#6992);
#5974=AXIS2_PLACEMENT_3D('',#8844,#6993,#6994);
#5975=AXIS2_PLACEMENT_3D('',#8846,#6995,#6996);
#5976=AXIS2_PLACEMENT_3D('',#8848,#6997,#6998);
#5977=AXIS2_PLACEMENT_3D('',#8850,#6999,#7000);
#5978=AXIS2_PLACEMENT_3D('',#8860,#7005,#7006);
#5979=AXIS2_PLACEMENT_3D('',#8869,#7011,#7012);
#5980=AXIS2_PLACEMENT_3D('',#8871,#7014,#7015);
#5981=AXIS2_PLACEMENT_3D('',#8872,#7016,#7017);
#5982=AXIS2_PLACEMENT_3D('',#8874,#7018,#7019);
#5983=AXIS2_PLACEMENT_3D('',#8875,#7020,#7021);
#5984=AXIS2_PLACEMENT_3D('',#8877,#7022,#7023);
#5985=AXIS2_PLACEMENT_3D('',#8878,#7024,#7025);
#5986=AXIS2_PLACEMENT_3D('',#8880,#7026,#7027);
#5987=AXIS2_PLACEMENT_3D('',#8881,#7028,#7029);
#5988=AXIS2_PLACEMENT_3D('',#8883,#7030,#7031);
#5989=AXIS2_PLACEMENT_3D('',#8884,#7032,#7033);
#5990=AXIS2_PLACEMENT_3D('',#8886,#7034,#7035);
#5991=AXIS2_PLACEMENT_3D('',#8887,#7036,#7037);
#5992=AXIS2_PLACEMENT_3D('',#8889,#7038,#7039);
#5993=AXIS2_PLACEMENT_3D('',#8890,#7040,#7041);
#5994=AXIS2_PLACEMENT_3D('',#8892,#7042,#7043);
#5995=AXIS2_PLACEMENT_3D('',#8893,#7044,#7045);
#5996=AXIS2_PLACEMENT_3D('',#8895,#7046,#7047);
#5997=AXIS2_PLACEMENT_3D('',#8896,#7048,#7049);
#5998=AXIS2_PLACEMENT_3D('',#8898,#7050,#7051);
#5999=AXIS2_PLACEMENT_3D('',#8899,#7052,#7053);
#6000=AXIS2_PLACEMENT_3D('',#8901,#7054,#7055);
#6001=AXIS2_PLACEMENT_3D('',#8902,#7056,#7057);
#6002=AXIS2_PLACEMENT_3D('',#8904,#7058,#7059);
#6003=AXIS2_PLACEMENT_3D('',#8905,#7060,#7061);
#6004=AXIS2_PLACEMENT_3D('',#8907,#7062,#7063);
#6005=AXIS2_PLACEMENT_3D('',#8908,#7064,#7065);
#6006=AXIS2_PLACEMENT_3D('',#8910,#7066,#7067);
#6007=AXIS2_PLACEMENT_3D('',#8911,#7068,#7069);
#6008=AXIS2_PLACEMENT_3D('',#8913,#7070,#7071);
#6009=AXIS2_PLACEMENT_3D('',#8914,#7072,#7073);
#6010=AXIS2_PLACEMENT_3D('',#8916,#7074,#7075);
#6011=AXIS2_PLACEMENT_3D('',#8917,#7076,#7077);
#6012=AXIS2_PLACEMENT_3D('',#8919,#7078,#7079);
#6013=AXIS2_PLACEMENT_3D('',#8920,#7080,#7081);
#6014=AXIS2_PLACEMENT_3D('',#8921,#7082,#7083);
#6015=AXIS2_PLACEMENT_3D('',#8922,#7084,#7085);
#6016=AXIS2_PLACEMENT_3D('',#8923,#7086,#7087);
#6017=AXIS2_PLACEMENT_3D('',#8924,#7088,#7089);
#6018=AXIS2_PLACEMENT_3D('',#8925,#7090,#7091);
#6019=AXIS2_PLACEMENT_3D('',#8926,#7092,#7093);
#6020=AXIS2_PLACEMENT_3D('',#8927,#7094,#7095);
#6021=AXIS2_PLACEMENT_3D('',#8928,#7096,#7097);
#6022=AXIS2_PLACEMENT_3D('',#8931,#7098,#7099);
#6023=AXIS2_PLACEMENT_3D('',#8933,#7100,#7101);
#6024=AXIS2_PLACEMENT_3D('',#8934,#7102,#7103);
#6025=AXIS2_PLACEMENT_3D('',#8935,#7104,#7105);
#6026=AXIS2_PLACEMENT_3D('',#8936,#7106,#7107);
#6027=AXIS2_PLACEMENT_3D('',#8937,#7108,#7109);
#6028=AXIS2_PLACEMENT_3D('',#8938,#7110,#7111);
#6029=AXIS2_PLACEMENT_3D('',#8939,#7112,#7113);
#6030=AXIS2_PLACEMENT_3D('',#8940,#7114,#7115);
#6031=AXIS2_PLACEMENT_3D('',#8941,#7116,#7117);
#6032=AXIS2_PLACEMENT_3D('',#8942,#7118,#7119);
#6033=AXIS2_PLACEMENT_3D('',#8943,#7120,#7121);
#6034=AXIS2_PLACEMENT_3D('',#8944,#7122,#7123);
#6035=AXIS2_PLACEMENT_3D('',#8945,#7124,#7125);
#6036=AXIS2_PLACEMENT_3D('',#8946,#7126,#7127);
#6037=AXIS2_PLACEMENT_3D('',#8947,#7128,#7129);
#6038=AXIS2_PLACEMENT_3D('',#8948,#7130,#7131);
#6039=AXIS2_PLACEMENT_3D('',#8949,#7132,#7133);
#6040=AXIS2_PLACEMENT_3D('',#8950,#7134,#7135);
#6041=AXIS2_PLACEMENT_3D('',#8951,#7136,#7137);
#6042=AXIS2_PLACEMENT_3D('',#8952,#7138,#7139);
#6043=AXIS2_PLACEMENT_3D('',#8953,#7140,#7141);
#6044=AXIS2_PLACEMENT_3D('',#8954,#7142,#7143);
#6045=AXIS2_PLACEMENT_3D('',#8955,#7144,#7145);
#6046=AXIS2_PLACEMENT_3D('',#8956,#7146,#7147);
#6047=AXIS2_PLACEMENT_3D('',#8958,#7148,#7149);
#6048=AXIS2_PLACEMENT_3D('',#8963,#7150,#7151);
#6049=AXIS2_PLACEMENT_3D('',#8964,#7152,#7153);
#6050=AXIS2_PLACEMENT_3D('',#8966,#7154,#7155);
#6051=AXIS2_PLACEMENT_3D('',#8967,#7156,#7157);
#6052=AXIS2_PLACEMENT_3D('',#8972,#7158,#7159);
#6053=AXIS2_PLACEMENT_3D('',#8973,#7160,#7161);
#6054=AXIS2_PLACEMENT_3D('',#8974,#7162,#7163);
#6055=AXIS2_PLACEMENT_3D('',#8975,#7164,#7165);
#6056=AXIS2_PLACEMENT_3D('',#8976,#7166,#7167);
#6057=AXIS2_PLACEMENT_3D('',#8977,#7168,#7169);
#6058=AXIS2_PLACEMENT_3D('',#8978,#7170,#7171);
#6059=AXIS2_PLACEMENT_3D('',#8979,#7172,#7173);
#6060=AXIS2_PLACEMENT_3D('',#8980,#7174,#7175);
#6061=AXIS2_PLACEMENT_3D('',#8981,#7176,#7177);
#6062=AXIS2_PLACEMENT_3D('',#8982,#7178,#7179);
#6063=AXIS2_PLACEMENT_3D('',#8983,#7180,#7181);
#6064=AXIS2_PLACEMENT_3D('',#8984,#7182,#7183);
#6065=AXIS2_PLACEMENT_3D('',#8985,#7184,#7185);
#6066=AXIS2_PLACEMENT_3D('',#8986,#7186,#7187);
#6067=AXIS2_PLACEMENT_3D('',#8987,#7188,#7189);
#6068=AXIS2_PLACEMENT_3D('',#8988,#7190,#7191);
#6069=AXIS2_PLACEMENT_3D('',#8989,#7192,#7193);
#6070=AXIS2_PLACEMENT_3D('',#8990,#7194,#7195);
#6071=AXIS2_PLACEMENT_3D('',#8991,#7196,#7197);
#6072=AXIS2_PLACEMENT_3D('',#8998,#7198,#7199);
#6073=AXIS2_PLACEMENT_3D('',#8999,#7200,#7201);
#6074=AXIS2_PLACEMENT_3D('',#9000,#7202,#7203);
#6075=AXIS2_PLACEMENT_3D('',#9001,#7204,#7205);
#6076=AXIS2_PLACEMENT_3D('',#9008,#7206,#7207);
#6077=AXIS2_PLACEMENT_3D('',#9009,#7208,#7209);
#6078=AXIS2_PLACEMENT_3D('',#9011,#7210,#7211);
#6079=AXIS2_PLACEMENT_3D('',#9013,#7212,#7213);
#6080=AXIS2_PLACEMENT_3D('',#9022,#7218,#7219);
#6081=AXIS2_PLACEMENT_3D('',#9031,#7224,#7225);
#6082=AXIS2_PLACEMENT_3D('',#9040,#7230,#7231);
#6083=AXIS2_PLACEMENT_3D('',#9049,#7236,#7237);
#6084=AXIS2_PLACEMENT_3D('',#9058,#7242,#7243);
#6085=AXIS2_PLACEMENT_3D('',#9067,#7248,#7249);
#6086=AXIS2_PLACEMENT_3D('',#9076,#7254,#7255);
#6087=AXIS2_PLACEMENT_3D('',#9085,#7260,#7261);
#6088=AXIS2_PLACEMENT_3D('',#9094,#7266,#7267);
#6089=AXIS2_PLACEMENT_3D('',#9103,#7272,#7273);
#6090=AXIS2_PLACEMENT_3D('',#9112,#7278,#7279);
#6091=AXIS2_PLACEMENT_3D('',#9121,#7284,#7285);
#6092=AXIS2_PLACEMENT_3D('',#9130,#7290,#7291);
#6093=AXIS2_PLACEMENT_3D('',#9139,#7296,#7297);
#6094=AXIS2_PLACEMENT_3D('',#9148,#7302,#7303);
#6095=AXIS2_PLACEMENT_3D('',#9157,#7308,#7309);
#6096=AXIS2_PLACEMENT_3D('',#9163,#7313,#7314);
#6097=AXIS2_PLACEMENT_3D('',#9166,#7317,#7318);
#6098=AXIS2_PLACEMENT_3D('',#9169,#7321,#7322);
#6099=AXIS2_PLACEMENT_3D('',#9173,#7325,#7326);
#6100=AXIS2_PLACEMENT_3D('',#9175,#7328,#7329);
#6101=AXIS2_PLACEMENT_3D('',#9178,#7332,#7333);
#6102=AXIS2_PLACEMENT_3D('',#9180,#7335,#7336);
#6103=AXIS2_PLACEMENT_3D('',#9184,#7339,#7340);
#6104=AXIS2_PLACEMENT_3D('',#9187,#7343,#7344);
#6105=AXIS2_PLACEMENT_3D('',#9189,#7346,#7347);
#6106=AXIS2_PLACEMENT_3D('',#9191,#7349,#7350);
#6107=AXIS2_PLACEMENT_3D('',#9194,#7353,#7354);
#6108=AXIS2_PLACEMENT_3D('',#9198,#7357,#7358);
#6109=AXIS2_PLACEMENT_3D('',#9200,#7360,#7361);
#6110=AXIS2_PLACEMENT_3D('',#9202,#7363,#7364);
#6111=AXIS2_PLACEMENT_3D('',#9204,#7366,#7367);
#6112=AXIS2_PLACEMENT_3D('',#9206,#7369,#7370);
#6113=AXIS2_PLACEMENT_3D('',#9210,#7373,#7374);
#6114=AXIS2_PLACEMENT_3D('',#9213,#7377,#7378);
#6115=AXIS2_PLACEMENT_3D('',#9215,#7380,#7381);
#6116=AXIS2_PLACEMENT_3D('',#9217,#7383,#7384);
#6117=AXIS2_PLACEMENT_3D('',#9220,#7387,#7388);
#6118=AXIS2_PLACEMENT_3D('',#9224,#7391,#7392);
#6119=AXIS2_PLACEMENT_3D('',#9226,#7394,#7395);
#6120=AXIS2_PLACEMENT_3D('',#9228,#7397,#7398);
#6121=AXIS2_PLACEMENT_3D('',#9230,#7400,#7401);
#6122=AXIS2_PLACEMENT_3D('',#9232,#7403,#7404);
#6123=AXIS2_PLACEMENT_3D('',#9236,#7407,#7408);
#6124=AXIS2_PLACEMENT_3D('',#9239,#7411,#7412);
#6125=AXIS2_PLACEMENT_3D('',#9241,#7414,#7415);
#6126=AXIS2_PLACEMENT_3D('',#9243,#7417,#7418);
#6127=AXIS2_PLACEMENT_3D('',#9246,#7421,#7422);
#6128=AXIS2_PLACEMENT_3D('',#9250,#7425,#7426);
#6129=AXIS2_PLACEMENT_3D('',#9252,#7428,#7429);
#6130=AXIS2_PLACEMENT_3D('',#9254,#7431,#7432);
#6131=AXIS2_PLACEMENT_3D('',#9256,#7434,#7435);
#6132=AXIS2_PLACEMENT_3D('',#9258,#7437,#7438);
#6133=AXIS2_PLACEMENT_3D('',#9262,#7441,#7442);
#6134=AXIS2_PLACEMENT_3D('',#9267,#7446,#7447);
#6135=AXIS2_PLACEMENT_3D('',#9269,#7449,#7450);
#6136=AXIS2_PLACEMENT_3D('',#9271,#7452,#7453);
#6137=AXIS2_PLACEMENT_3D('',#9274,#7456,#7457);
#6138=AXIS2_PLACEMENT_3D('',#9278,#7460,#7461);
#6139=AXIS2_PLACEMENT_3D('',#9280,#7463,#7464);
#6140=AXIS2_PLACEMENT_3D('',#9282,#7466,#7467);
#6141=AXIS2_PLACEMENT_3D('',#9284,#7469,#7470);
#6142=AXIS2_PLACEMENT_3D('',#9286,#7472,#7473);
#6143=AXIS2_PLACEMENT_3D('',#9290,#7476,#7477);
#6144=AXIS2_PLACEMENT_3D('',#9293,#7480,#7481);
#6145=AXIS2_PLACEMENT_3D('',#9295,#7483,#7484);
#6146=AXIS2_PLACEMENT_3D('',#9297,#7486,#7487);
#6147=AXIS2_PLACEMENT_3D('',#9300,#7490,#7491);
#6148=AXIS2_PLACEMENT_3D('',#9304,#7494,#7495);
#6149=AXIS2_PLACEMENT_3D('',#9306,#7497,#7498);
#6150=AXIS2_PLACEMENT_3D('',#9308,#7500,#7501);
#6151=AXIS2_PLACEMENT_3D('',#9310,#7503,#7504);
#6152=AXIS2_PLACEMENT_3D('',#9312,#7506,#7507);
#6153=AXIS2_PLACEMENT_3D('',#9316,#7510,#7511);
#6154=AXIS2_PLACEMENT_3D('',#9319,#7514,#7515);
#6155=AXIS2_PLACEMENT_3D('',#9321,#7517,#7518);
#6156=AXIS2_PLACEMENT_3D('',#9323,#7520,#7521);
#6157=AXIS2_PLACEMENT_3D('',#9326,#7524,#7525);
#6158=AXIS2_PLACEMENT_3D('',#9330,#7528,#7529);
#6159=AXIS2_PLACEMENT_3D('',#9332,#7531,#7532);
#6160=AXIS2_PLACEMENT_3D('',#9334,#7534,#7535);
#6161=AXIS2_PLACEMENT_3D('',#9336,#7537,#7538);
#6162=AXIS2_PLACEMENT_3D('',#9338,#7540,#7541);
#6163=AXIS2_PLACEMENT_3D('',#9342,#7544,#7545);
#6164=AXIS2_PLACEMENT_3D('',#9346,#7549,#7550);
#6165=AXIS2_PLACEMENT_3D('',#9348,#7552,#7553);
#6166=AXIS2_PLACEMENT_3D('',#9350,#7555,#7556);
#6167=AXIS2_PLACEMENT_3D('',#9352,#7558,#7559);
#6168=AXIS2_PLACEMENT_3D('',#9354,#7561,#7562);
#6169=AXIS2_PLACEMENT_3D('',#9356,#7564,#7565);
#6170=AXIS2_PLACEMENT_3D('',#9358,#7567,#7568);
#6171=AXIS2_PLACEMENT_3D('',#9360,#7570,#7571);
#6172=AXIS2_PLACEMENT_3D('',#9362,#7573,#7574);
#6173=AXIS2_PLACEMENT_3D('',#9364,#7576,#7577);
#6174=AXIS2_PLACEMENT_3D('',#9366,#7579,#7580);
#6175=AXIS2_PLACEMENT_3D('',#9367,#7581,#7582);
#6176=AXIS2_PLACEMENT_3D('',#9368,#7583,#7584);
#6177=AXIS2_PLACEMENT_3D('',#9378,#7585,#7586);
#6178=AXIS2_PLACEMENT_3D('',#9380,#7587,#7588);
#6179=AXIS2_PLACEMENT_3D('',#9381,#7589,#7590);
#6180=AXIS2_PLACEMENT_3D('',#9382,#7591,#7592);
#6181=AXIS2_PLACEMENT_3D('',#9386,#7594,#7595);
#6182=AXIS2_PLACEMENT_3D('',#9389,#7597,#7598);
#6183=AXIS2_PLACEMENT_3D('',#9390,#7599,#7600);
#6184=AXIS2_PLACEMENT_3D('',#9399,#7601,#7602);
#6185=AXIS2_PLACEMENT_3D('',#9400,#7603,#7604);
#6186=AXIS2_PLACEMENT_3D('',#9401,#7605,#7606);
#6187=AXIS2_PLACEMENT_3D('',#9406,#7608,#7609);
#6188=AXIS2_PLACEMENT_3D('',#9409,#7611,#7612);
#6189=AXIS2_PLACEMENT_3D('',#9410,#7613,#7614);
#6190=AXIS2_PLACEMENT_3D('',#9415,#7617,#7618);
#6191=AXIS2_PLACEMENT_3D('',#9416,#7619,#7620);
#6192=AXIS2_PLACEMENT_3D('',#9418,#7621,#7622);
#6193=AXIS2_PLACEMENT_3D('',#9419,#7623,#7624);
#6194=AXIS2_PLACEMENT_3D('',#9420,#7625,#7626);
#6195=AXIS2_PLACEMENT_3D('',#9422,#7627,#7628);
#6196=AXIS2_PLACEMENT_3D('',#9423,#7629,#7630);
#6197=AXIS2_PLACEMENT_3D('',#9426,#7633,#7634);
#6198=AXIS2_PLACEMENT_3D('',#9433,#7635,#7636);
#6199=AXIS2_PLACEMENT_3D('',#9440,#7637,#7638);
#6200=AXIS2_PLACEMENT_3D('',#9442,#7639,#7640);
#6201=AXIS2_PLACEMENT_3D('',#9444,#7641,#7642);
#6202=AXIS2_PLACEMENT_3D('',#9445,#7643,#7644);
#6203=AXIS2_PLACEMENT_3D('',#9446,#7645,#7646);
#6204=AXIS2_PLACEMENT_3D('',#9447,#7647,#7648);
#6205=AXIS2_PLACEMENT_3D('',#9452,#7651,#7652);
#6206=AXIS2_PLACEMENT_3D('',#9455,#7654,#7655);
#6207=AXIS2_PLACEMENT_3D('',#9458,#7657,#7658);
#6208=AXIS2_PLACEMENT_3D('',#9459,#7659,#7660);
#6209=AXIS2_PLACEMENT_3D('',#9461,#7661,#7662);
#6210=AXIS2_PLACEMENT_3D('',#9462,#7663,#7664);
#6211=AXIS2_PLACEMENT_3D('',#9463,#7665,#7666);
#6212=AXIS2_PLACEMENT_3D('',#9466,#7667,#7668);
#6213=AXIS2_PLACEMENT_3D('',#9468,#7669,#7670);
#6214=AXIS2_PLACEMENT_3D('',#9469,#7671,#7672);
#6215=AXIS2_PLACEMENT_3D('',#9470,#7673,#7674);
#6216=AXIS2_PLACEMENT_3D('',#9471,#7675,#7676);
#6217=AXIS2_PLACEMENT_3D('',#9473,#7677,#7678);
#6218=AXIS2_PLACEMENT_3D('',#9474,#7679,#7680);
#6219=AXIS2_PLACEMENT_3D('',#9475,#7681,#7682);
#6220=AXIS2_PLACEMENT_3D('',#9476,#7683,#7684);
#6221=AXIS2_PLACEMENT_3D('',#9477,#7685,#7686);
#6222=AXIS2_PLACEMENT_3D('',#9480,#7689,#7690);
#6223=AXIS2_PLACEMENT_3D('',#9481,#7691,#7692);
#6224=AXIS2_PLACEMENT_3D('',#9486,#7695,#7696);
#6225=AXIS2_PLACEMENT_3D('',#9487,#7697,#7698);
#6226=AXIS2_PLACEMENT_3D('',#9492,#7701,#7702);
#6227=AXIS2_PLACEMENT_3D('',#9495,#7704,#7705);
#6228=AXIS2_PLACEMENT_3D('',#9498,#7707,#7708);
#6229=AXIS2_PLACEMENT_3D('',#9501,#7710,#7711);
#6230=AXIS2_PLACEMENT_3D('',#9504,#7713,#7714);
#6231=AXIS2_PLACEMENT_3D('',#9505,#7715,#7716);
#6232=AXIS2_PLACEMENT_3D('',#9509,#7719,#7720);
#6233=AXIS2_PLACEMENT_3D('',#9510,#7721,#7722);
#6234=AXIS2_PLACEMENT_3D('',#9511,#7723,#7724);
#6235=AXIS2_PLACEMENT_3D('',#9514,#7726,#7727);
#6236=AXIS2_PLACEMENT_3D('',#9517,#7729,#7730);
#6237=AXIS2_PLACEMENT_3D('',#9518,#7731,#7732);
#6238=AXIS2_PLACEMENT_3D('',#9519,#7733,#7734);
#6239=AXIS2_PLACEMENT_3D('',#9520,#7735,#7736);
#6240=AXIS2_PLACEMENT_3D('',#9522,#7737,#7738);
#6241=AXIS2_PLACEMENT_3D('',#9524,#7739,#7740);
#6242=AXIS2_PLACEMENT_3D('',#9525,#7741,#7742);
#6243=AXIS2_PLACEMENT_3D('',#9527,#7743,#7744);
#6244=AXIS2_PLACEMENT_3D('',#9529,#7745,#7746);
#6245=AXIS2_PLACEMENT_3D('',#9530,#7747,#7748);
#6246=AXIS2_PLACEMENT_3D('',#9532,#7749,#7750);
#6247=AXIS2_PLACEMENT_3D('',#9534,#7751,#7752);
#6248=AXIS2_PLACEMENT_3D('',#9535,#7753,#7754);
#6249=AXIS2_PLACEMENT_3D('',#9537,#7755,#7756);
#6250=AXIS2_PLACEMENT_3D('',#9539,#7757,#7758);
#6251=AXIS2_PLACEMENT_3D('',#9540,#7759,#7760);
#6252=AXIS2_PLACEMENT_3D('',#9542,#7761,#7762);
#6253=AXIS2_PLACEMENT_3D('',#9544,#7763,#7764);
#6254=AXIS2_PLACEMENT_3D('',#9545,#7765,#7766);
#6255=AXIS2_PLACEMENT_3D('',#9547,#7767,#7768);
#6256=AXIS2_PLACEMENT_3D('',#9549,#7769,#7770);
#6257=AXIS2_PLACEMENT_3D('',#9550,#7771,#7772);
#6258=AXIS2_PLACEMENT_3D('',#9552,#7773,#7774);
#6259=AXIS2_PLACEMENT_3D('',#9554,#7775,#7776);
#6260=AXIS2_PLACEMENT_3D('',#9555,#7777,#7778);
#6261=AXIS2_PLACEMENT_3D('',#9557,#7779,#7780);
#6262=AXIS2_PLACEMENT_3D('',#9559,#7781,#7782);
#6263=AXIS2_PLACEMENT_3D('',#9560,#7783,#7784);
#6264=AXIS2_PLACEMENT_3D('',#9562,#7785,#7786);
#6265=AXIS2_PLACEMENT_3D('',#9563,#7787,#7788);
#6266=AXIS2_PLACEMENT_3D('',#9565,#7789,#7790);
#6267=AXIS2_PLACEMENT_3D('',#9566,#7791,#7792);
#6268=AXIS2_PLACEMENT_3D('',#9568,#7793,#7794);
#6269=AXIS2_PLACEMENT_3D('',#9569,#7795,#7796);
#6270=AXIS2_PLACEMENT_3D('',#9571,#7797,#7798);
#6271=AXIS2_PLACEMENT_3D('',#9572,#7799,#7800);
#6272=AXIS2_PLACEMENT_3D('',#9574,#7801,#7802);
#6273=AXIS2_PLACEMENT_3D('',#9575,#7803,#7804);
#6274=AXIS2_PLACEMENT_3D('',#9577,#7805,#7806);
#6275=AXIS2_PLACEMENT_3D('',#9578,#7807,#7808);
#6276=AXIS2_PLACEMENT_3D('',#9580,#7809,#7810);
#6277=AXIS2_PLACEMENT_3D('',#9581,#7811,#7812);
#6278=AXIS2_PLACEMENT_3D('',#9583,#7813,#7814);
#6279=AXIS2_PLACEMENT_3D('',#9584,#7815,#7816);
#6280=AXIS2_PLACEMENT_3D('',#9586,#7817,#7818);
#6281=AXIS2_PLACEMENT_3D('',#9587,#7819,#7820);
#6282=AXIS2_PLACEMENT_3D('',#9589,#7821,#7822);
#6283=AXIS2_PLACEMENT_3D('',#9590,#7823,#7824);
#6284=AXIS2_PLACEMENT_3D('',#9592,#7825,#7826);
#6285=AXIS2_PLACEMENT_3D('',#9593,#7827,#7828);
#6286=AXIS2_PLACEMENT_3D('',#9595,#7829,#7830);
#6287=AXIS2_PLACEMENT_3D('',#9596,#7831,#7832);
#6288=AXIS2_PLACEMENT_3D('',#9598,#7833,#7834);
#6289=AXIS2_PLACEMENT_3D('',#9599,#7835,#7836);
#6290=AXIS2_PLACEMENT_3D('',#9601,#7837,#7838);
#6291=AXIS2_PLACEMENT_3D('',#9602,#7839,#7840);
#6292=AXIS2_PLACEMENT_3D('',#9604,#7841,#7842);
#6293=AXIS2_PLACEMENT_3D('',#9605,#7843,#7844);
#6294=AXIS2_PLACEMENT_3D('',#9607,#7845,#7846);
#6295=AXIS2_PLACEMENT_3D('',#9611,#7850,#7851);
#6296=AXIS2_PLACEMENT_3D('',#9613,#7853,#7854);
#6297=AXIS2_PLACEMENT_3D('',#9615,#7856,#7857);
#6298=AXIS2_PLACEMENT_3D('',#9616,#7858,#7859);
#6299=AXIS2_PLACEMENT_3D('',#9618,#7860,#7861);
#6300=AXIS2_PLACEMENT_3D('',#9631,#7862,#7863);
#6301=AXIS2_PLACEMENT_3D('',#9632,#7864,#7865);
#6302=AXIS2_PLACEMENT_3D('',#9633,#7866,#7867);
#6303=AXIS2_PLACEMENT_3D('',#9634,#7868,#7869);
#6304=AXIS2_PLACEMENT_3D('',#9635,#7870,#7871);
#6305=AXIS2_PLACEMENT_3D('',#9636,#7872,#7873);
#6306=AXIS2_PLACEMENT_3D('',#9637,#7874,#7875);
#6307=AXIS2_PLACEMENT_3D('',#9638,#7876,#7877);
#6308=AXIS2_PLACEMENT_3D('',#9643,#7879,#7880);
#6309=AXIS2_PLACEMENT_3D('',#9647,#7882,#7883);
#6310=AXIS2_PLACEMENT_3D('',#9650,#7885,#7886);
#6311=AXIS2_PLACEMENT_3D('',#9655,#7888,#7889);
#6312=AXIS2_PLACEMENT_3D('',#9659,#7891,#7892);
#6313=AXIS2_PLACEMENT_3D('',#9662,#7894,#7895);
#6314=AXIS2_PLACEMENT_3D('',#9663,#7896,#7897);
#6315=AXIS2_PLACEMENT_3D('',#9665,#7898,#7899);
#6316=AXIS2_PLACEMENT_3D('',#9667,#7900,#7901);
#6317=AXIS2_PLACEMENT_3D('',#9668,#7902,#7903);
#6318=AXIS2_PLACEMENT_3D('',#9678,#7904,#7905);
#6319=AXIS2_PLACEMENT_3D('',#9680,#7906,#7907);
#6320=AXIS2_PLACEMENT_3D('',#9681,#7908,#7909);
#6321=AXIS2_PLACEMENT_3D('',#9682,#7910,#7911);
#6322=AXIS2_PLACEMENT_3D('',#9686,#7913,#7914);
#6323=AXIS2_PLACEMENT_3D('',#9689,#7916,#7917);
#6324=AXIS2_PLACEMENT_3D('',#9690,#7918,#7919);
#6325=AXIS2_PLACEMENT_3D('',#9699,#7920,#7921);
#6326=AXIS2_PLACEMENT_3D('',#9700,#7922,#7923);
#6327=AXIS2_PLACEMENT_3D('',#9701,#7924,#7925);
#6328=AXIS2_PLACEMENT_3D('',#9706,#7927,#7928);
#6329=AXIS2_PLACEMENT_3D('',#9709,#7930,#7931);
#6330=AXIS2_PLACEMENT_3D('',#9710,#7932,#7933);
#6331=AXIS2_PLACEMENT_3D('',#9715,#7936,#7937);
#6332=AXIS2_PLACEMENT_3D('',#9716,#7938,#7939);
#6333=AXIS2_PLACEMENT_3D('',#9718,#7940,#7941);
#6334=AXIS2_PLACEMENT_3D('',#9719,#7942,#7943);
#6335=AXIS2_PLACEMENT_3D('',#9720,#7944,#7945);
#6336=AXIS2_PLACEMENT_3D('',#9722,#7946,#7947);
#6337=AXIS2_PLACEMENT_3D('',#9723,#7948,#7949);
#6338=AXIS2_PLACEMENT_3D('',#9726,#7952,#7953);
#6339=AXIS2_PLACEMENT_3D('',#9733,#7954,#7955);
#6340=AXIS2_PLACEMENT_3D('',#9740,#7956,#7957);
#6341=AXIS2_PLACEMENT_3D('',#9742,#7958,#7959);
#6342=AXIS2_PLACEMENT_3D('',#9744,#7960,#7961);
#6343=AXIS2_PLACEMENT_3D('',#9745,#7962,#7963);
#6344=AXIS2_PLACEMENT_3D('',#9746,#7964,#7965);
#6345=AXIS2_PLACEMENT_3D('',#9747,#7966,#7967);
#6346=AXIS2_PLACEMENT_3D('',#9752,#7970,#7971);
#6347=AXIS2_PLACEMENT_3D('',#9755,#7973,#7974);
#6348=AXIS2_PLACEMENT_3D('',#9758,#7976,#7977);
#6349=AXIS2_PLACEMENT_3D('',#9759,#7978,#7979);
#6350=AXIS2_PLACEMENT_3D('',#9761,#7980,#7981);
#6351=AXIS2_PLACEMENT_3D('',#9762,#7982,#7983);
#6352=AXIS2_PLACEMENT_3D('',#9763,#7984,#7985);
#6353=AXIS2_PLACEMENT_3D('',#9766,#7986,#7987);
#6354=AXIS2_PLACEMENT_3D('',#9768,#7988,#7989);
#6355=AXIS2_PLACEMENT_3D('',#9769,#7990,#7991);
#6356=AXIS2_PLACEMENT_3D('',#9770,#7992,#7993);
#6357=AXIS2_PLACEMENT_3D('',#9771,#7994,#7995);
#6358=AXIS2_PLACEMENT_3D('',#9773,#7996,#7997);
#6359=AXIS2_PLACEMENT_3D('',#9774,#7998,#7999);
#6360=AXIS2_PLACEMENT_3D('',#9775,#8000,#8001);
#6361=AXIS2_PLACEMENT_3D('',#9776,#8002,#8003);
#6362=AXIS2_PLACEMENT_3D('',#9777,#8004,#8005);
#6363=AXIS2_PLACEMENT_3D('',#9780,#8008,#8009);
#6364=AXIS2_PLACEMENT_3D('',#9781,#8010,#8011);
#6365=AXIS2_PLACEMENT_3D('',#9786,#8014,#8015);
#6366=AXIS2_PLACEMENT_3D('',#9787,#8016,#8017);
#6367=AXIS2_PLACEMENT_3D('',#9792,#8020,#8021);
#6368=AXIS2_PLACEMENT_3D('',#9795,#8023,#8024);
#6369=AXIS2_PLACEMENT_3D('',#9798,#8026,#8027);
#6370=AXIS2_PLACEMENT_3D('',#9801,#8029,#8030);
#6371=AXIS2_PLACEMENT_3D('',#9804,#8032,#8033);
#6372=AXIS2_PLACEMENT_3D('',#9805,#8034,#8035);
#6373=AXIS2_PLACEMENT_3D('',#9809,#8038,#8039);
#6374=AXIS2_PLACEMENT_3D('',#9810,#8040,#8041);
#6375=AXIS2_PLACEMENT_3D('',#9811,#8042,#8043);
#6376=AXIS2_PLACEMENT_3D('',#9814,#8045,#8046);
#6377=AXIS2_PLACEMENT_3D('',#9817,#8048,#8049);
#6378=AXIS2_PLACEMENT_3D('',#9818,#8050,#8051);
#6379=AXIS2_PLACEMENT_3D('',#9819,#8052,#8053);
#6380=AXIS2_PLACEMENT_3D('',#9820,#8054,#8055);
#6381=AXIS2_PLACEMENT_3D('',#9822,#8056,#8057);
#6382=AXIS2_PLACEMENT_3D('',#9824,#8058,#8059);
#6383=AXIS2_PLACEMENT_3D('',#9825,#8060,#8061);
#6384=AXIS2_PLACEMENT_3D('',#9827,#8062,#8063);
#6385=AXIS2_PLACEMENT_3D('',#9829,#8064,#8065);
#6386=AXIS2_PLACEMENT_3D('',#9830,#8066,#8067);
#6387=AXIS2_PLACEMENT_3D('',#9832,#8068,#8069);
#6388=AXIS2_PLACEMENT_3D('',#9834,#8070,#8071);
#6389=AXIS2_PLACEMENT_3D('',#9835,#8072,#8073);
#6390=AXIS2_PLACEMENT_3D('',#9837,#8074,#8075);
#6391=AXIS2_PLACEMENT_3D('',#9839,#8076,#8077);
#6392=AXIS2_PLACEMENT_3D('',#9840,#8078,#8079);
#6393=AXIS2_PLACEMENT_3D('',#9842,#8080,#8081);
#6394=AXIS2_PLACEMENT_3D('',#9844,#8082,#8083);
#6395=AXIS2_PLACEMENT_3D('',#9845,#8084,#8085);
#6396=AXIS2_PLACEMENT_3D('',#9847,#8086,#8087);
#6397=AXIS2_PLACEMENT_3D('',#9849,#8088,#8089);
#6398=AXIS2_PLACEMENT_3D('',#9850,#8090,#8091);
#6399=AXIS2_PLACEMENT_3D('',#9852,#8092,#8093);
#6400=AXIS2_PLACEMENT_3D('',#9854,#8094,#8095);
#6401=AXIS2_PLACEMENT_3D('',#9855,#8096,#8097);
#6402=AXIS2_PLACEMENT_3D('',#9857,#8098,#8099);
#6403=AXIS2_PLACEMENT_3D('',#9859,#8100,#8101);
#6404=AXIS2_PLACEMENT_3D('',#9860,#8102,#8103);
#6405=AXIS2_PLACEMENT_3D('',#9862,#8104,#8105);
#6406=AXIS2_PLACEMENT_3D('',#9863,#8106,#8107);
#6407=AXIS2_PLACEMENT_3D('',#9865,#8108,#8109);
#6408=AXIS2_PLACEMENT_3D('',#9866,#8110,#8111);
#6409=AXIS2_PLACEMENT_3D('',#9868,#8112,#8113);
#6410=AXIS2_PLACEMENT_3D('',#9869,#8114,#8115);
#6411=AXIS2_PLACEMENT_3D('',#9871,#8116,#8117);
#6412=AXIS2_PLACEMENT_3D('',#9872,#8118,#8119);
#6413=AXIS2_PLACEMENT_3D('',#9874,#8120,#8121);
#6414=AXIS2_PLACEMENT_3D('',#9875,#8122,#8123);
#6415=AXIS2_PLACEMENT_3D('',#9877,#8124,#8125);
#6416=AXIS2_PLACEMENT_3D('',#9878,#8126,#8127);
#6417=AXIS2_PLACEMENT_3D('',#9880,#8128,#8129);
#6418=AXIS2_PLACEMENT_3D('',#9881,#8130,#8131);
#6419=AXIS2_PLACEMENT_3D('',#9883,#8132,#8133);
#6420=AXIS2_PLACEMENT_3D('',#9884,#8134,#8135);
#6421=AXIS2_PLACEMENT_3D('',#9886,#8136,#8137);
#6422=AXIS2_PLACEMENT_3D('',#9887,#8138,#8139);
#6423=AXIS2_PLACEMENT_3D('',#9889,#8140,#8141);
#6424=AXIS2_PLACEMENT_3D('',#9890,#8142,#8143);
#6425=AXIS2_PLACEMENT_3D('',#9892,#8144,#8145);
#6426=AXIS2_PLACEMENT_3D('',#9893,#8146,#8147);
#6427=AXIS2_PLACEMENT_3D('',#9895,#8148,#8149);
#6428=AXIS2_PLACEMENT_3D('',#9896,#8150,#8151);
#6429=AXIS2_PLACEMENT_3D('',#9898,#8152,#8153);
#6430=AXIS2_PLACEMENT_3D('',#9899,#8154,#8155);
#6431=AXIS2_PLACEMENT_3D('',#9901,#8156,#8157);
#6432=AXIS2_PLACEMENT_3D('',#9902,#8158,#8159);
#6433=AXIS2_PLACEMENT_3D('',#9904,#8160,#8161);
#6434=AXIS2_PLACEMENT_3D('',#9905,#8162,#8163);
#6435=AXIS2_PLACEMENT_3D('',#9907,#8164,#8165);
#6436=AXIS2_PLACEMENT_3D('',#9911,#8169,#8170);
#6437=AXIS2_PLACEMENT_3D('',#9913,#8172,#8173);
#6438=AXIS2_PLACEMENT_3D('',#9915,#8175,#8176);
#6439=AXIS2_PLACEMENT_3D('',#9916,#8177,#8178);
#6440=AXIS2_PLACEMENT_3D('',#9918,#8179,#8180);
#6441=AXIS2_PLACEMENT_3D('',#9931,#8181,#8182);
#6442=AXIS2_PLACEMENT_3D('',#9932,#8183,#8184);
#6443=AXIS2_PLACEMENT_3D('',#9933,#8185,#8186);
#6444=AXIS2_PLACEMENT_3D('',#9934,#8187,#8188);
#6445=AXIS2_PLACEMENT_3D('',#9935,#8189,#8190);
#6446=AXIS2_PLACEMENT_3D('',#9936,#8191,#8192);
#6447=AXIS2_PLACEMENT_3D('',#9937,#8193,#8194);
#6448=AXIS2_PLACEMENT_3D('',#9938,#8195,#8196);
#6449=AXIS2_PLACEMENT_3D('',#9940,#8197,#8198);
#6450=AXIS2_PLACEMENT_3D('',#10191,#8199,#8200);
#6451=AXIS2_PLACEMENT_3D('',#10192,#8201,#8202);
#6452=AXIS2_PLACEMENT_3D('',#10193,#8203,#8204);
#6453=AXIS2_PLACEMENT_3D('',#10194,#8205,#8206);
#6454=AXIS2_PLACEMENT_3D('',#10195,#8207,#8208);
#6455=AXIS2_PLACEMENT_3D('',#10196,#8209,#8210);
#6456=AXIS2_PLACEMENT_3D('',#10197,#8211,#8212);
#6457=AXIS2_PLACEMENT_3D('',#10198,#8213,#8214);
#6458=AXIS2_PLACEMENT_3D('',#10220,#8215,#8216);
#6459=AXIS2_PLACEMENT_3D('',#10278,#8217,#8218);
#6460=AXIS2_PLACEMENT_3D('',#10279,#8219,#8220);
#6461=AXIS2_PLACEMENT_3D('',#10280,#8221,#8222);
#6462=AXIS2_PLACEMENT_3D('',#10281,#8223,#8224);
#6463=AXIS2_PLACEMENT_3D('',#10303,#8225,#8226);
#6464=AXIS2_PLACEMENT_3D('',#10304,#8227,#8228);
#6465=AXIS2_PLACEMENT_3D('',#10305,#8229,#8230);
#6466=AXIS2_PLACEMENT_3D('',#10306,#8231,#8232);
#6467=AXIS2_PLACEMENT_3D('',#10307,#8233,#8234);
#6468=AXIS2_PLACEMENT_3D('',#10308,#8235,#8236);
#6469=AXIS2_PLACEMENT_3D('',#10309,#8237,#8238);
#6470=AXIS2_PLACEMENT_3D('',#10310,#8239,#8240);
#6471=AXIS2_PLACEMENT_3D('',#10332,#8241,#8242);
#6472=AXIS2_PLACEMENT_3D('',#10390,#8243,#8244);
#6473=AXIS2_PLACEMENT_3D('',#10391,#8245,#8246);
#6474=AXIS2_PLACEMENT_3D('',#10392,#8247,#8248);
#6475=AXIS2_PLACEMENT_3D('',#10393,#8249,#8250);
#6476=AXIS2_PLACEMENT_3D('',#10415,#8251,#8252);
#6477=AXIS2_PLACEMENT_3D('',#10416,#8253,#8254);
#6478=AXIS2_PLACEMENT_3D('',#10417,#8255,#8256);
#6479=AXIS2_PLACEMENT_3D('',#10418,#8257,#8258);
#6480=AXIS2_PLACEMENT_3D('',#10419,#8259,#8260);
#6481=AXIS2_PLACEMENT_3D('',#10420,#8261,#8262);
#6482=AXIS2_PLACEMENT_3D('',#10421,#8263,#8264);
#6483=AXIS2_PLACEMENT_3D('',#10422,#8265,#8266);
#6484=AXIS2_PLACEMENT_3D('',#10444,#8267,#8268);
#6485=AXIS2_PLACEMENT_3D('',#10502,#8269,#8270);
#6486=AXIS2_PLACEMENT_3D('',#10503,#8271,#8272);
#6487=AXIS2_PLACEMENT_3D('',#10504,#8273,#8274);
#6488=AXIS2_PLACEMENT_3D('',#10505,#8275,#8276);
#6489=AXIS2_PLACEMENT_3D('',#10527,#8277,#8278);
#6490=AXIS2_PLACEMENT_3D('',#10528,#8279,#8280);
#6491=AXIS2_PLACEMENT_3D('',#10529,#8281,#8282);
#6492=AXIS2_PLACEMENT_3D('',#10530,#8283,#8284);
#6493=AXIS2_PLACEMENT_3D('',#10531,#8285,#8286);
#6494=AXIS2_PLACEMENT_3D('',#10532,#8287,#8288);
#6495=AXIS2_PLACEMENT_3D('',#10533,#8289,#8290);
#6496=AXIS2_PLACEMENT_3D('',#10534,#8291,#8292);
#6497=AXIS2_PLACEMENT_3D('',#10556,#8293,#8294);
#6498=AXIS2_PLACEMENT_3D('',#10614,#8295,#8296);
#6499=AXIS2_PLACEMENT_3D('',#10615,#8297,#8298);
#6500=AXIS2_PLACEMENT_3D('',#10616,#8299,#8300);
#6501=AXIS2_PLACEMENT_3D('',#10617,#8301,#8302);
#6502=AXIS2_PLACEMENT_3D('',#10618,#8303,#8304);
#6503=AXIS2_PLACEMENT_3D('',#10619,#8305,#8306);
#6504=AXIS2_PLACEMENT_3D('',#10621,#8307,#8308);
#6505=AXIS2_PLACEMENT_3D('',#10622,#8309,#8310);
#6506=AXIS2_PLACEMENT_3D('',#10624,#8311,#8312);
#6507=AXIS2_PLACEMENT_3D('',#10625,#8313,#8314);
#6508=AXIS2_PLACEMENT_3D('',#10641,#8315,#8316);
#6509=AXIS2_PLACEMENT_3D('',#10642,#8317,#8318);
#6510=AXIS2_PLACEMENT_3D('',#10643,#8319,#8320);
#6511=AXIS2_PLACEMENT_3D('',#10674,#8321,#8322);
#6512=AXIS2_PLACEMENT_3D('',#10675,#8323,#8324);
#6513=AXIS2_PLACEMENT_3D('',#10676,#8325,#8326);
#6514=AXIS2_PLACEMENT_3D('',#10707,#8327,#8328);
#6515=AXIS2_PLACEMENT_3D('',#10708,#8329,#8330);
#6516=AXIS2_PLACEMENT_3D('',#10709,#8331,#8332);
#6517=AXIS2_PLACEMENT_3D('',#10740,#8333,#8334);
#6518=AXIS2_PLACEMENT_3D('',#10741,#8335,#8336);
#6519=AXIS2_PLACEMENT_3D('',#10742,#8337,#8338);
#6520=AXIS2_PLACEMENT_3D('',#10758,#8339,#8340);
#6521=AXIS2_PLACEMENT_3D('',#10759,#8341,#8342);
#6522=AXIS2_PLACEMENT_3D('',#10760,#8343,#8344);
#6523=AXIS2_PLACEMENT_3D('',#10762,#8345,#8346);
#6524=AXIS2_PLACEMENT_3D('',#10764,#8347,#8348);
#6525=AXIS2_PLACEMENT_3D('',#10765,#8349,#8350);
#6526=AXIS2_PLACEMENT_3D('',#10767,#8351,#8352);
#6527=AXIS2_PLACEMENT_3D('',#10769,#8353,#8354);
#6528=AXIS2_PLACEMENT_3D('',#10770,#8355,#8356);
#6529=AXIS2_PLACEMENT_3D('',#10771,#8357,#8358);
#6530=AXIS2_PLACEMENT_3D('',#10772,#8359,#8360);
#6531=AXIS2_PLACEMENT_3D('',#10773,#8361,#8362);
#6532=AXIS2_PLACEMENT_3D('',#10775,#8363,#8364);
#6533=AXIS2_PLACEMENT_3D('',#10777,#8365,#8366);
#6534=AXIS2_PLACEMENT_3D('',#10778,#8367,#8368);
#6535=AXIS2_PLACEMENT_3D('',#10780,#8369,#8370);
#6536=AXIS2_PLACEMENT_3D('',#10782,#8371,#8372);
#6537=AXIS2_PLACEMENT_3D('',#10783,#8373,#8374);
#6538=AXIS2_PLACEMENT_3D('',#10784,#8375,#8376);
#6539=DIRECTION('',(0.,0.,1.));
#6540=DIRECTION('',(1.,0.,0.));
#6541=DIRECTION('',(1.,6.12323399573681E-17,0.));
#6542=DIRECTION('',(-6.12323399573681E-17,1.,0.));
#6543=DIRECTION('',(1.,6.12323399573681E-17,0.));
#6544=DIRECTION('',(6.12323399573681E-17,-1.,0.));
#6545=DIRECTION('',(1.,6.12323399573681E-17,0.));
#6546=DIRECTION('',(6.12323399573681E-17,-1.,0.));
#6547=DIRECTION('',(-0.8926627368714,0.450725235815859,0.));
#6548=DIRECTION('',(-0.450725235815859,-0.8926627368714,0.));
#6549=DIRECTION('',(0.8926627368714,-0.450725235815859,0.));
#6550=DIRECTION('',(0.450725235815859,0.8926627368714,0.));
#6551=DIRECTION('',(0.8926627368714,-0.450725235815859,0.));
#6552=DIRECTION('',(0.450725235815859,0.8926627368714,0.));
#6553=DIRECTION('',(0.8926627368714,-0.450725235815859,0.));
#6554=DIRECTION('',(0.450725235815859,0.8926627368714,0.));
#6555=DIRECTION('',(0.8926627368714,-0.450725235815859,0.));
#6556=DIRECTION('',(0.450725235815859,0.8926627368714,0.));
#6557=DIRECTION('',(0.,0.,1.));
#6558=DIRECTION('',(1.,0.,0.));
#6559=DIRECTION('',(-1.,6.12323399573681E-17,0.));
#6560=DIRECTION('',(6.12323399573681E-17,1.,0.));
#6561=DIRECTION('',(1.,-6.12323399573681E-17,0.));
#6562=DIRECTION('',(-6.12323399573681E-17,-1.,0.));
#6563=DIRECTION('',(1.,-6.12323399573681E-17,0.));
#6564=DIRECTION('',(-6.12323399573681E-17,-1.,0.));
#6565=DIRECTION('',(0.8926627368714,0.450725235815859,0.));
#6566=DIRECTION('',(0.450725235815859,-0.8926627368714,0.));
#6567=DIRECTION('',(0.8926627368714,0.450725235815859,0.));
#6568=DIRECTION('',(-0.450725235815859,0.8926627368714,0.));
#6569=DIRECTION('',(0.8926627368714,0.450725235815859,0.));
#6570=DIRECTION('',(-0.450725235815859,0.8926627368714,0.));
#6571=DIRECTION('',(-0.8926627368714,-0.450725235815859,0.));
#6572=DIRECTION('',(-0.450725235815859,0.8926627368714,0.));
#6573=DIRECTION('',(-0.8926627368714,-0.450725235815859,0.));
#6574=DIRECTION('',(-0.450725235815859,0.8926627368714,0.));
#6575=DIRECTION('',(0.,0.,1.));
#6576=DIRECTION('',(1.,0.,0.));
#6577=DIRECTION('',(-0.892662736871398,0.450725235815863,0.));
#6578=DIRECTION('',(-0.450725235815863,-0.892662736871398,0.));
#6579=DIRECTION('',(-0.892662736871398,0.450725235815863,0.));
#6580=DIRECTION('',(-0.450725235815863,-0.892662736871398,0.));
#6581=DIRECTION('',(0.450725235815863,0.892662736871398,0.));
#6582=DIRECTION('',(0.,0.,1.));
#6583=DIRECTION('',(0.450725235815863,0.892662736871398,0.));
#6584=DIRECTION('',(-0.892662736871398,0.450725235815863,0.));
#6585=DIRECTION('',(-0.450725235815863,-0.892662736871398,0.));
#6586=DIRECTION('',(0.,0.,-1.));
#6587=DIRECTION('',(-1.,0.,0.));
#6588=DIRECTION('',(0.,0.,-1.));
#6589=DIRECTION('',(-1.,0.,0.));
#6590=DIRECTION('',(0.,0.,-1.));
#6591=DIRECTION('',(-1.,0.,0.));
#6592=DIRECTION('',(0.,0.,-1.));
#6593=DIRECTION('',(-1.,0.,0.));
#6594=DIRECTION('',(0.,0.,-1.));
#6595=DIRECTION('',(-1.,0.,0.));
#6596=DIRECTION('',(0.892662736871398,-0.450725235815863,0.));
#6597=DIRECTION('',(0.450725235815863,0.892662736871398,0.));
#6598=DIRECTION('',(0.892662736871398,-0.450725235815863,0.));
#6599=DIRECTION('',(0.450725235815863,0.892662736871398,0.));
#6600=DIRECTION('',(0.,0.,-1.));
#6601=DIRECTION('',(-1.,0.,0.));
#6602=DIRECTION('',(0.,0.,-1.));
#6603=DIRECTION('',(-1.,0.,0.));
#6604=DIRECTION('',(0.,0.,-1.));
#6605=DIRECTION('',(-1.,0.,0.));
#6606=DIRECTION('',(0.,0.,-1.));
#6607=DIRECTION('',(-1.,0.,0.));
#6608=DIRECTION('',(0.,0.,-1.));
#6609=DIRECTION('',(-1.,0.,0.));
#6610=DIRECTION('',(-0.892662736871398,0.450725235815863,0.));
#6611=DIRECTION('',(0.450725235815863,0.892662736871398,0.));
#6612=DIRECTION('',(0.892662736871398,-0.450725235815863,0.));
#6613=DIRECTION('',(0.450725235815863,0.892662736871398,0.));
#6614=DIRECTION('',(0.892662736871398,-0.450725235815863,0.));
#6615=DIRECTION('',(0.450725235815863,0.892662736871398,0.));
#6616=DIRECTION('',(0.892662736871398,-0.450725235815863,0.));
#6617=DIRECTION('',(-0.998824494230926,-0.0484729793218416,0.));
#6618=DIRECTION('',(0.0484729793218416,-0.998824494230926,0.));
#6619=DIRECTION('',(0.892662736871398,-0.450725235815863,0.));
#6620=DIRECTION('',(-0.892662736871398,0.450725235815863,0.));
#6621=DIRECTION('',(-0.450725235815863,-0.892662736871398,0.));
#6622=DIRECTION('',(-0.892662736871398,0.450725235815863,0.));
#6623=DIRECTION('',(-0.450725235815863,-0.892662736871398,0.));
#6624=DIRECTION('',(0.,0.,1.));
#6625=DIRECTION('',(0.450725235815863,0.892662736871398,0.));
#6626=DIRECTION('',(-0.892662736871398,0.450725235815863,0.));
#6627=DIRECTION('',(-0.450725235815863,-0.892662736871398,0.));
#6628=DIRECTION('',(-0.892662736871398,0.450725235815863,0.));
#6629=DIRECTION('',(-0.450725235815863,-0.892662736871398,0.));
#6630=DIRECTION('',(0.450725235815863,0.892662736871398,0.));
#6631=DIRECTION('',(0.892662736871398,-0.450725235815863,0.));
#6632=DIRECTION('',(0.450725235815863,0.892662736871398,0.));
#6633=DIRECTION('',(0.892662736871398,-0.450725235815863,0.));
#6634=DIRECTION('',(0.892662736871398,-0.450725235815863,0.));
#6635=DIRECTION('',(0.450725235815863,0.892662736871398,0.));
#6636=DIRECTION('',(0.892662736871398,-0.450725235815863,0.));
#6637=DIRECTION('',(-0.892662736871398,0.450725235815863,0.));
#6638=DIRECTION('',(-0.450725235815863,-0.892662736871398,0.));
#6639=DIRECTION('',(-0.998020095027377,0.0628958656951774,0.));
#6640=DIRECTION('',(-0.0628958656951774,-0.998020095027377,0.));
#6641=DIRECTION('',(0.,0.,-1.));
#6642=DIRECTION('',(-1.,0.,0.));
#6643=DIRECTION('',(0.892662736871398,-0.450725235815863,0.));
#6644=DIRECTION('',(0.,-1.,0.));
#6645=DIRECTION('',(0.892662736871398,-0.450725235815863,0.));
#6646=DIRECTION('',(0.450725235815863,0.892662736871398,0.));
#6647=DIRECTION('',(0.,0.,1.));
#6648=DIRECTION('',(1.,0.,0.));
#6649=DIRECTION('',(0.,0.,1.));
#6650=DIRECTION('',(1.,0.,0.));
#6651=DIRECTION('',(0.,0.,1.));
#6652=DIRECTION('',(1.,0.,0.));
#6653=DIRECTION('',(0.,0.,1.));
#6654=DIRECTION('',(1.,0.,0.));
#6655=DIRECTION('',(0.450725235815863,0.892662736871398,0.));
#6656=DIRECTION('',(-0.892662736871398,0.450725235815863,0.));
#6657=DIRECTION('',(0.892662736871398,-0.450725235815863,0.));
#6658=DIRECTION('',(0.,0.,-1.));
#6659=DIRECTION('',(0.892662736871398,-0.450725235815863,0.));
#6660=DIRECTION('',(0.,0.,1.));
#6661=DIRECTION('',(0.450725235815863,0.892662736871398,0.));
#6662=DIRECTION('',(-0.892662736871398,0.450725235815863,0.));
#6663=DIRECTION('',(0.,0.,1.));
#6664=DIRECTION('',(0.,0.,-1.));
#6665=DIRECTION('',(-1.,0.,0.));
#6666=DIRECTION('',(0.,0.,1.));
#6667=DIRECTION('',(1.,0.,0.));
#6668=DIRECTION('',(0.,0.,1.));
#6669=DIRECTION('',(1.,0.,0.));
#6670=DIRECTION('',(0.,0.,1.));
#6671=DIRECTION('',(1.,0.,0.));
#6672=DIRECTION('',(0.,0.,1.));
#6673=DIRECTION('',(1.,0.,0.));
#6674=DIRECTION('',(-0.892662736871398,0.450725235815863,0.));
#6675=DIRECTION('',(0.,-1.,0.));
#6676=DIRECTION('',(0.892662736871398,-0.450725235815863,0.));
#6677=DIRECTION('',(0.450725235815863,0.892662736871398,0.));
#6678=DIRECTION('',(0.,0.,1.));
#6679=DIRECTION('',(1.,0.,0.));
#6680=DIRECTION('',(0.,0.,1.));
#6681=DIRECTION('',(1.,0.,0.));
#6682=DIRECTION('',(0.,0.,1.));
#6683=DIRECTION('',(1.,0.,0.));
#6684=DIRECTION('',(0.,0.,1.));
#6685=DIRECTION('',(1.,0.,0.));
#6686=DIRECTION('',(0.,0.,1.));
#6687=DIRECTION('',(1.,0.,0.));
#6688=DIRECTION('',(0.,0.,1.));
#6689=DIRECTION('',(1.,0.,0.));
#6690=DIRECTION('',(0.,0.,1.));
#6691=DIRECTION('',(1.,0.,0.));
#6692=DIRECTION('',(0.,0.,1.));
#6693=DIRECTION('',(1.,0.,0.));
#6694=DIRECTION('',(0.,0.,1.));
#6695=DIRECTION('',(1.,0.,0.));
#6696=DIRECTION('',(0.,0.,1.));
#6697=DIRECTION('',(1.,0.,0.));
#6698=DIRECTION('',(0.,0.,1.));
#6699=DIRECTION('',(1.,0.,0.));
#6700=DIRECTION('',(0.,0.,1.));
#6701=DIRECTION('',(1.,0.,0.));
#6702=DIRECTION('',(0.,0.,1.));
#6703=DIRECTION('',(1.,0.,0.));
#6704=DIRECTION('',(0.,0.,1.));
#6705=DIRECTION('',(1.,0.,0.));
#6706=DIRECTION('',(0.,0.,1.));
#6707=DIRECTION('',(1.,0.,0.));
#6708=DIRECTION('',(0.,0.,1.));
#6709=DIRECTION('',(1.,0.,0.));
#6710=DIRECTION('',(0.,0.,-1.));
#6711=DIRECTION('',(-1.,0.,0.));
#6712=DIRECTION('',(0.,0.,1.));
#6713=DIRECTION('',(1.,0.,0.));
#6714=DIRECTION('',(0.,0.,1.));
#6715=DIRECTION('',(1.,0.,0.));
#6716=DIRECTION('',(0.,0.,1.));
#6717=DIRECTION('',(1.,0.,0.));
#6718=DIRECTION('',(0.,0.,-1.));
#6719=DIRECTION('',(-1.,0.,0.));
#6720=DIRECTION('',(0.,0.,1.));
#6721=DIRECTION('',(1.,0.,0.));
#6722=DIRECTION('',(0.,0.,1.));
#6723=DIRECTION('',(1.,0.,0.));
#6724=DIRECTION('',(0.,0.,1.));
#6725=DIRECTION('',(1.,0.,0.));
#6726=DIRECTION('',(0.,0.,-1.));
#6727=DIRECTION('',(-1.,0.,0.));
#6728=DIRECTION('',(0.,0.,1.));
#6729=DIRECTION('',(1.,0.,0.));
#6730=DIRECTION('',(0.,0.,1.));
#6731=DIRECTION('',(1.,0.,0.));
#6732=DIRECTION('',(0.,0.,1.));
#6733=DIRECTION('',(1.,0.,0.));
#6734=DIRECTION('',(0.,0.,-1.));
#6735=DIRECTION('',(-1.,0.,0.));
#6736=DIRECTION('',(0.,0.,1.));
#6737=DIRECTION('',(1.,0.,0.));
#6738=DIRECTION('',(0.,0.,1.));
#6739=DIRECTION('',(1.,0.,0.));
#6740=DIRECTION('',(0.,0.,1.));
#6741=DIRECTION('',(1.,0.,0.));
#6742=DIRECTION('',(0.,0.,1.));
#6743=DIRECTION('',(1.,0.,0.));
#6744=DIRECTION('',(0.,0.,1.));
#6745=DIRECTION('',(1.,0.,0.));
#6746=DIRECTION('',(0.,0.,1.));
#6747=DIRECTION('',(1.,0.,0.));
#6748=DIRECTION('',(0.,0.,1.));
#6749=DIRECTION('',(1.,0.,0.));
#6750=DIRECTION('',(0.,0.,1.));
#6751=DIRECTION('',(1.,0.,0.));
#6752=DIRECTION('',(0.,0.,1.));
#6753=DIRECTION('',(1.,0.,0.));
#6754=DIRECTION('',(0.,0.,1.));
#6755=DIRECTION('',(1.,0.,0.));
#6756=DIRECTION('',(0.,0.,1.));
#6757=DIRECTION('',(1.,0.,0.));
#6758=DIRECTION('',(0.892662736871398,-0.450725235815863,0.));
#6759=DIRECTION('',(0.450725235815863,0.892662736871398,0.));
#6760=DIRECTION('',(0.892662736871398,-0.450725235815863,0.));
#6761=DIRECTION('',(0.450725235815863,0.892662736871398,0.));
#6762=DIRECTION('',(0.892662736871398,-0.450725235815863,0.));
#6763=DIRECTION('',(0.450725235815863,0.892662736871398,0.));
#6764=DIRECTION('',(0.892662736871398,-0.450725235815863,0.));
#6765=DIRECTION('',(0.450725235815863,0.892662736871398,0.));
#6766=DIRECTION('',(-0.892662736871398,0.450725235815863,0.));
#6767=DIRECTION('',(-0.450725235815863,-0.892662736871398,0.));
#6768=DIRECTION('',(-0.948376729280594,-0.317145990608494,0.));
#6769=DIRECTION('',(-0.317145990608494,0.948376729280594,0.));
#6770=DIRECTION('',(0.892662736871397,-0.450725235815865,0.));
#6771=DIRECTION('',(0.450725235815865,0.892662736871397,0.));
#6772=DIRECTION('',(0.450725235815865,0.892662736871397,0.));
#6773=DIRECTION('',(-0.892662736871397,0.450725235815865,0.));
#6774=DIRECTION('',(0.450725235815862,0.892662736871399,0.));
#6775=DIRECTION('',(-0.892662736871399,0.450725235815862,0.));
#6776=DIRECTION('',(0.,0.,1.));
#6777=DIRECTION('',(1.,0.,0.));
#6778=DIRECTION('',(0.,0.,-1.));
#6779=DIRECTION('',(-1.,0.,0.));
#6780=DIRECTION('',(-0.318710870697302,-0.631207874554308,-0.707106781186548));
#6781=DIRECTION('',(0.318710870697302,0.631207874554308,-0.707106781186548));
#6782=DIRECTION('',(0.892662736871398,-0.450725235815863,0.));
#6783=DIRECTION('',(0.450725235815863,0.892662736871398,0.));
#6784=DIRECTION('',(0.892662736871398,-0.450725235815863,0.));
#6785=DIRECTION('',(0.450725235815863,0.892662736871398,0.));
#6786=DIRECTION('',(-0.892662736871398,0.450725235815863,0.));
#6787=DIRECTION('',(-0.450725235815863,-0.892662736871398,0.));
#6788=DIRECTION('',(0.892662736871398,-0.450725235815863,0.));
#6789=DIRECTION('',(0.450725235815863,0.892662736871398,0.));
#6790=DIRECTION('',(0.892662736871398,-0.450725235815863,0.));
#6791=DIRECTION('',(0.450725235815863,0.892662736871398,0.));
#6792=DIRECTION('',(-0.892662736871398,0.450725235815863,0.));
#6793=DIRECTION('',(-0.450725235815863,-0.892662736871398,0.));
#6794=DIRECTION('',(0.450725235815863,0.892662736871398,0.));
#6795=DIRECTION('',(-0.892662736871398,0.450725235815863,0.));
#6796=DIRECTION('',(-0.450725235815865,-0.892662736871397,-3.12753459113986E-15));
#6797=DIRECTION('',(0.892662736871397,-0.450725235815865,0.));
#6798=DIRECTION('',(-0.450725235815863,-0.892662736871398,0.));
#6799=DIRECTION('',(0.892662736871398,-0.450725235815863,0.));
#6800=DIRECTION('',(-0.450725235815865,-0.892662736871397,0.));
#6801=DIRECTION('',(0.892662736871397,-0.450725235815865,0.));
#6802=DIRECTION('',(0.892662736871398,-0.450725235815863,0.));
#6803=DIRECTION('',(0.450725235815863,0.892662736871398,0.));
#6804=DIRECTION('',(0.892662736871398,-0.450725235815863,0.));
#6805=DIRECTION('',(0.450725235815863,0.892662736871398,0.));
#6806=DIRECTION('',(0.892662736871397,-0.450725235815865,0.));
#6807=DIRECTION('',(0.450725235815865,0.892662736871397,0.));
#6808=DIRECTION('',(-0.892662736871398,0.450725235815863,0.));
#6809=DIRECTION('',(-0.450725235815863,-0.892662736871398,0.));
#6810=DIRECTION('',(0.17359431365673,0.343804080225574,0.922856309880523));
#6811=DIRECTION('',(0.,-0.937083820025229,0.349104446042907));
#6812=DIRECTION('',(-0.450725235815865,-0.892662736871397,0.));
#6813=DIRECTION('',(0.892662736871397,-0.450725235815865,0.));
#6814=DIRECTION('',(-0.892662736871398,0.450725235815863,0.));
#6815=DIRECTION('',(-0.450725235815863,-0.892662736871398,0.));
#6816=DIRECTION('',(0.173594313656728,0.343804080225573,-0.922856309880524));
#6817=DIRECTION('',(0.,0.937083820025229,0.349104446042905));
#6818=DIRECTION('',(0.892662736871398,-0.450725235815863,0.));
#6819=DIRECTION('',(0.450725235815863,0.892662736871398,0.));
#6820=DIRECTION('',(-0.892662736871398,0.450725235815863,0.));
#6821=DIRECTION('',(-0.450725235815863,-0.892662736871398,0.));
#6822=DIRECTION('',(0.892662736871397,-0.450725235815865,0.));
#6823=DIRECTION('',(0.450725235815865,0.892662736871397,0.));
#6824=DIRECTION('',(0.0742545693271604,0.147061406403854,-0.986336251833298));
#6825=DIRECTION('',(0.,0.98906674982831,0.147468519976516));
#6826=DIRECTION('',(0.892662736871398,-0.450725235815863,0.));
#6827=DIRECTION('',(0.450725235815863,0.892662736871398,0.));
#6828=DIRECTION('',(-0.948376729280594,-0.317145990608495,0.));
#6829=DIRECTION('',(0.317145990608495,-0.948376729280594,0.));
#6830=DIRECTION('',(0.892662736871397,-0.450725235815865,0.));
#6831=DIRECTION('',(0.450725235815865,0.892662736871397,0.));
#6832=DIRECTION('',(-0.450725235815863,-0.892662736871398,0.));
#6833=DIRECTION('',(0.892662736871398,-0.450725235815863,0.));
#6834=DIRECTION('',(0.450725235815865,0.892662736871397,-3.12753459113985E-15));
#6835=DIRECTION('',(-0.892662736871397,0.450725235815865,0.));
#6836=DIRECTION('',(-0.892662736871398,0.450725235815863,0.));
#6837=DIRECTION('',(-0.450725235815863,-0.892662736871398,0.));
#6838=DIRECTION('',(0.0742545693271608,0.147061406403855,0.986336251833297));
#6839=DIRECTION('',(0.,-0.98906674982831,0.147468519976516));
#6840=DIRECTION('',(0.892662736871398,-0.450725235815863,0.));
#6841=DIRECTION('',(0.450725235815863,0.892662736871398,0.));
#6842=DIRECTION('',(0.892662736871398,-0.450725235815863,0.));
#6843=DIRECTION('',(0.450725235815863,0.892662736871398,0.));
#6844=DIRECTION('',(0.892662736871401,-0.450725235815857,0.));
#6845=DIRECTION('',(0.450725235815857,0.892662736871401,0.));
#6846=DIRECTION('',(0.,0.,-1.));
#6847=DIRECTION('',(-1.,0.,0.));
#6848=DIRECTION('',(7.74261502890253E-16,-3.90941823892478E-16,-1.));
#6849=DIRECTION('',(-1.,0.,-7.74261502890253E-16));
#6850=DIRECTION('',(0.892662736871399,-0.450725235815862,0.));
#6851=DIRECTION('',(0.450725235815862,0.892662736871399,0.));
#6852=DIRECTION('',(-0.450725235815865,-0.892662736871397,-3.12753459113985E-15));
#6853=DIRECTION('',(0.892662736871397,-0.450725235815865,0.));
#6854=DIRECTION('',(0.,0.,-1.));
#6855=DIRECTION('',(-1.,0.,0.));
#6856=DIRECTION('',(0.318710870697302,0.631207874554308,-0.707106781186548));
#6857=DIRECTION('',(-0.318710870697302,-0.631207874554308,-0.707106781186548));
#6858=DIRECTION('',(0.450725235815863,0.892662736871398,0.));
#6859=DIRECTION('',(-0.892662736871398,0.450725235815863,0.));
#6860=DIRECTION('',(0.892662736871398,-0.450725235815863,0.));
#6861=DIRECTION('',(0.450725235815863,0.892662736871398,0.));
#6862=DIRECTION('',(-0.450725235815854,-0.892662736871403,0.));
#6863=DIRECTION('',(0.892662736871403,-0.450725235815854,0.));
#6864=DIRECTION('',(-0.450725235815863,-0.892662736871398,0.));
#6865=DIRECTION('',(0.892662736871398,-0.450725235815863,0.));
#6866=DIRECTION('',(0.450725235815832,0.892662736871414,0.));
#6867=DIRECTION('',(-0.892662736871414,0.450725235815832,0.));
#6868=DIRECTION('',(0.892662736871398,-0.450725235815863,0.));
#6869=DIRECTION('',(0.450725235815863,0.892662736871398,0.));
#6870=DIRECTION('',(1.,0.,0.));
#6871=DIRECTION('',(0.,1.,0.));
#6872=DIRECTION('',(1.,0.,0.));
#6873=DIRECTION('',(0.,1.,5.38943215837451E-16));
#6874=DIRECTION('',(1.,0.,0.));
#6875=DIRECTION('',(0.,1.,5.38943215837451E-16));
#6876=DIRECTION('',(1.,0.,0.));
#6877=DIRECTION('',(0.,1.,0.));
#6878=DIRECTION('',(1.,0.,0.));
#6879=DIRECTION('',(0.,-1.,-5.38943215837451E-16));
#6880=DIRECTION('',(0.,1.,5.38943215837451E-16));
#6881=DIRECTION('',(1.,0.,0.));
#6882=DIRECTION('',(0.,1.,5.38943215837451E-16));
#6883=DIRECTION('',(0.,1.,5.38943215837451E-16));
#6884=DIRECTION('',(1.,0.,0.));
#6885=DIRECTION('',(0.,1.,5.38943215837451E-16));
#6886=DIRECTION('',(0.,5.38943215837451E-16,-1.));
#6887=DIRECTION('',(1.,0.,0.));
#6888=DIRECTION('',(0.,-1.,0.));
#6889=DIRECTION('',(0.,-1.,0.));
#6890=DIRECTION('',(1.,0.,0.));
#6891=DIRECTION('',(0.,1.,0.));
#6892=DIRECTION('',(0.,0.,-1.));
#6893=DIRECTION('',(1.,0.,0.));
#6894=DIRECTION('',(0.,-1.,0.));
#6895=DIRECTION('',(0.,-1.,0.));
#6896=DIRECTION('',(0.,0.572804307200251,0.819692152977471));
#6897=DIRECTION('',(0.,0.,1.));
#6898=DIRECTION('',(0.,-0.975245435742363,0.221125168318055));
#6899=DIRECTION('',(0.,-1.,-2.41352831440252E-16));
#6900=DIRECTION('',(0.,-0.999847695156391,-0.017452406437284));
#6901=DIRECTION('',(0.,-0.996413173733364,-0.084621434699517));
#6902=DIRECTION('',(0.,-0.972039234882402,-0.234818495543332));
#6903=DIRECTION('',(0.,-0.92610220238168,-0.377272727272728));
#6904=DIRECTION('',(0.,-0.875544246002407,-0.483137944372078));
#6905=DIRECTION('',(0.,0.,-1.));
#6906=DIRECTION('',(0.,0.8226557864306,-0.56853975855014));
#6907=DIRECTION('',(0.,0.946412814236988,-0.322959417029486));
#6908=DIRECTION('',(0.,1.,2.66880534765662E-16));
#6909=DIRECTION('',(0.,-0.865909397453539,0.500200875050863));
#6910=DIRECTION('',(0.,0.499598169196701,-0.866257276642052));
#6911=DIRECTION('',(0.,0.896388342514394,-0.443269601263494));
#6912=DIRECTION('',(0.,1.,0.));
#6913=DIRECTION('',(0.892662736871398,-0.450725235815863,-2.42915308049695E-16));
#6914=DIRECTION('',(0.450725235815863,0.892662736871398,4.81094526067732E-16));
#6915=DIRECTION('',(0.892662736871398,-0.450725235815863,-2.42915308049695E-16));
#6916=DIRECTION('',(0.450725235815863,0.892662736871398,4.81094526067732E-16));
#6917=DIRECTION('',(-0.450725235815863,-0.892662736871398,-4.81094526067732E-16));
#6918=DIRECTION('',(0.,-5.38943215837451E-16,1.));
#6919=DIRECTION('',(-0.450725235815863,-0.892662736871398,-4.81094526067732E-16));
#6920=DIRECTION('',(0.892662736871398,-0.450725235815863,-2.42915308049695E-16));
#6921=DIRECTION('',(0.450725235815863,0.892662736871398,4.81094526067732E-16));
#6922=DIRECTION('',(0.,5.38943215837451E-16,-1.));
#6923=DIRECTION('',(1.,0.,0.));
#6924=DIRECTION('',(0.,5.38943215837451E-16,-1.));
#6925=DIRECTION('',(1.,0.,0.));
#6926=DIRECTION('',(0.,5.38943215837451E-16,-1.));
#6927=DIRECTION('',(1.,0.,0.));
#6928=DIRECTION('',(0.,5.38943215837451E-16,-1.));
#6929=DIRECTION('',(1.,0.,0.));
#6930=DIRECTION('',(0.,5.38943215837451E-16,-1.));
#6931=DIRECTION('',(1.,0.,0.));
#6932=DIRECTION('',(-0.892662736871398,0.450725235815863,2.42915308049695E-16));
#6933=DIRECTION('',(-0.450725235815863,-0.892662736871398,-4.81094526067732E-16));
#6934=DIRECTION('',(-0.892662736871398,0.450725235815863,2.42915308049695E-16));
#6935=DIRECTION('',(-0.450725235815863,-0.892662736871398,-4.81094526067732E-16));
#6936=DIRECTION('',(0.,5.38943215837451E-16,-1.));
#6937=DIRECTION('',(1.,0.,0.));
#6938=DIRECTION('',(0.,5.38943215837451E-16,-1.));
#6939=DIRECTION('',(1.,0.,0.));
#6940=DIRECTION('',(0.,5.38943215837451E-16,-1.));
#6941=DIRECTION('',(1.,0.,0.));
#6942=DIRECTION('',(0.,5.38943215837451E-16,-1.));
#6943=DIRECTION('',(1.,0.,0.));
#6944=DIRECTION('',(0.,5.38943215837451E-16,-1.));
#6945=DIRECTION('',(1.,0.,0.));
#6946=DIRECTION('',(0.892662736871398,-0.450725235815863,-2.42915308049695E-16));
#6947=DIRECTION('',(-0.450725235815863,-0.892662736871398,-4.81094526067732E-16));
#6948=DIRECTION('',(-0.892662736871398,0.450725235815863,2.42915308049695E-16));
#6949=DIRECTION('',(-0.450725235815863,-0.892662736871398,-4.81094526067732E-16));
#6950=DIRECTION('',(-0.892662736871398,0.450725235815863,2.42915308049695E-16));
#6951=DIRECTION('',(-0.450725235815863,-0.892662736871398,-4.81094526067732E-16));
#6952=DIRECTION('',(-0.892662736871398,0.450725235815863,2.42915308049695E-16));
#6953=DIRECTION('',(-0.998824494230926,-0.0484729793218419,-2.61241833569357E-17));
#6954=DIRECTION('',(-0.0484729793218419,0.998824494230926,5.13039482528212E-16));
#6955=DIRECTION('',(-0.892662736871398,0.450725235815863,2.42915308049695E-16));
#6956=DIRECTION('',(0.892662736871398,-0.450725235815863,-2.42915308049695E-16));
#6957=DIRECTION('',(0.450725235815863,0.892662736871398,4.81094526067732E-16));
#6958=DIRECTION('',(0.892662736871398,-0.450725235815863,-2.42915308049695E-16));
#6959=DIRECTION('',(0.450725235815863,0.892662736871398,4.81094526067732E-16));
#6960=DIRECTION('',(0.,-5.38943215837451E-16,1.));
#6961=DIRECTION('',(-0.450725235815863,-0.892662736871398,-4.81094526067732E-16));
#6962=DIRECTION('',(0.892662736871398,-0.450725235815863,-2.42915308049695E-16));
#6963=DIRECTION('',(0.450725235815863,0.892662736871398,4.81094526067732E-16));
#6964=DIRECTION('',(0.892662736871398,-0.450725235815863,-2.42915308049695E-16));
#6965=DIRECTION('',(0.450725235815863,0.892662736871398,4.81094526067732E-16));
#6966=DIRECTION('',(-0.450725235815863,-0.892662736871398,-4.81094526067732E-16));
#6967=DIRECTION('',(-0.892662736871398,0.450725235815863,2.42915308049695E-16));
#6968=DIRECTION('',(-0.450725235815863,-0.892662736871398,-4.81094526067732E-16));
#6969=DIRECTION('',(-0.892662736871398,0.450725235815863,2.42915308049695E-16));
#6970=DIRECTION('',(-0.892662736871398,0.450725235815863,2.42915308049695E-16));
#6971=DIRECTION('',(-0.450725235815863,-0.892662736871398,0.));
#6972=DIRECTION('',(-0.892662736871398,0.450725235815863,2.42915308049695E-16));
#6973=DIRECTION('',(0.892662736871398,-0.450725235815863,-2.42915308049695E-16));
#6974=DIRECTION('',(0.450725235815863,0.892662736871398,4.81094526067732E-16));
#6975=DIRECTION('',(-0.998020095027377,0.0628958656951774,3.38973001206393E-17));
#6976=DIRECTION('',(0.0628958656951774,0.998020095027377,6.05174317374381E-16));
#6977=DIRECTION('',(0.,5.38943215837451E-16,-1.));
#6978=DIRECTION('',(1.,0.,0.));
#6979=DIRECTION('',(-0.892662736871398,0.450725235815863,2.42915308049695E-16));
#6980=DIRECTION('',(0.,1.,5.38943215837451E-16));
#6981=DIRECTION('',(-0.892662736871398,0.450725235815863,2.42915308049695E-16));
#6982=DIRECTION('',(-0.450725235815863,-0.892662736871398,-4.81094526067732E-16));
#6983=DIRECTION('',(0.,-5.38943215837451E-16,1.));
#6984=DIRECTION('',(-1.,0.,0.));
#6985=DIRECTION('',(0.,-5.38943215837451E-16,1.));
#6986=DIRECTION('',(-1.,0.,0.));
#6987=DIRECTION('',(0.,-5.38943215837451E-16,1.));
#6988=DIRECTION('',(-1.,0.,0.));
#6989=DIRECTION('',(0.,-5.38943215837451E-16,1.));
#6990=DIRECTION('',(-1.,0.,0.));
#6991=DIRECTION('',(0.,5.38943215837451E-16,-1.));
#6992=DIRECTION('',(1.,0.,0.));
#6993=DIRECTION('',(0.,-5.38943215837451E-16,1.));
#6994=DIRECTION('',(-1.,0.,0.));
#6995=DIRECTION('',(0.,-5.38943215837451E-16,1.));
#6996=DIRECTION('',(-1.,0.,0.));
#6997=DIRECTION('',(0.,-5.38943215837451E-16,1.));
#6998=DIRECTION('',(-1.,0.,0.));
#6999=DIRECTION('',(0.,-5.38943215837451E-16,1.));
#7000=DIRECTION('',(-1.,0.,0.));
#7001=DIRECTION('',(0.892662736871398,-0.450725235815863,-2.42915308049695E-16));
#7002=DIRECTION('',(0.,1.,5.38943215837451E-16));
#7003=DIRECTION('',(-0.892662736871398,0.450725235815863,2.42915308049695E-16));
#7004=DIRECTION('',(-0.450725235815863,-0.892662736871398,-4.81094526067732E-16));
#7005=DIRECTION('',(-0.450725235815863,-0.892662736871398,-4.81094526067732E-16));
#7006=DIRECTION('',(0.892662736871398,-0.450725235815863,-2.42915308049695E-16));
#7007=DIRECTION('',(-0.892662736871398,0.450725235815863,2.42915308049695E-16));
#7008=DIRECTION('',(-6.90968429796136E-32,5.38943215837451E-16,-1.));
#7009=DIRECTION('',(-0.892662736871398,0.450725235815863,2.42915308049695E-16));
#7010=DIRECTION('',(0.,-5.38943215837451E-16,1.));
#7011=DIRECTION('',(-0.450725235815863,-0.892662736871398,-4.81094526067732E-16));
#7012=DIRECTION('',(0.892662736871398,-0.450725235815863,-2.42915308049695E-16));
#7013=DIRECTION('',(0.,-5.38943215837451E-16,1.));
#7014=DIRECTION('',(0.,-5.38943215837451E-16,1.));
#7015=DIRECTION('',(-1.,0.,0.));
#7016=DIRECTION('',(0.,-5.38943215837451E-16,1.));
#7017=DIRECTION('',(-1.,0.,0.));
#7018=DIRECTION('',(0.,-5.38943215837451E-16,1.));
#7019=DIRECTION('',(-1.,0.,0.));
#7020=DIRECTION('',(0.,-5.38943215837451E-16,1.));
#7021=DIRECTION('',(-1.,0.,0.));
#7022=DIRECTION('',(0.,-5.38943215837451E-16,1.));
#7023=DIRECTION('',(-1.,0.,0.));
#7024=DIRECTION('',(0.,-5.38943215837451E-16,1.));
#7025=DIRECTION('',(-1.,0.,0.));
#7026=DIRECTION('',(0.,-5.38943215837451E-16,1.));
#7027=DIRECTION('',(-1.,0.,0.));
#7028=DIRECTION('',(0.,-5.38943215837451E-16,1.));
#7029=DIRECTION('',(-1.,0.,0.));
#7030=DIRECTION('',(0.,-5.38943215837451E-16,1.));
#7031=DIRECTION('',(-1.,0.,0.));
#7032=DIRECTION('',(0.,-5.38943215837451E-16,1.));
#7033=DIRECTION('',(-1.,0.,0.));
#7034=DIRECTION('',(0.,-5.38943215837451E-16,1.));
#7035=DIRECTION('',(-1.,0.,0.));
#7036=DIRECTION('',(0.,-5.38943215837451E-16,1.));
#7037=DIRECTION('',(-1.,0.,0.));
#7038=DIRECTION('',(0.,-5.38943215837451E-16,1.));
#7039=DIRECTION('',(-1.,0.,0.));
#7040=DIRECTION('',(0.,-5.38943215837451E-16,1.));
#7041=DIRECTION('',(-1.,0.,0.));
#7042=DIRECTION('',(0.,-5.38943215837451E-16,1.));
#7043=DIRECTION('',(-1.,0.,0.));
#7044=DIRECTION('',(0.,-5.38943215837451E-16,1.));
#7045=DIRECTION('',(-1.,0.,0.));
#7046=DIRECTION('',(0.,5.38943215837451E-16,-1.));
#7047=DIRECTION('',(1.,0.,0.));
#7048=DIRECTION('',(0.,-5.38943215837451E-16,1.));
#7049=DIRECTION('',(-1.,0.,0.));
#7050=DIRECTION('',(0.,-5.38943215837451E-16,1.));
#7051=DIRECTION('',(-1.,0.,0.));
#7052=DIRECTION('',(0.,-5.38943215837451E-16,1.));
#7053=DIRECTION('',(-1.,0.,0.));
#7054=DIRECTION('',(0.,5.38943215837451E-16,-1.));
#7055=DIRECTION('',(1.,0.,0.));
#7056=DIRECTION('',(0.,-5.38943215837451E-16,1.));
#7057=DIRECTION('',(-1.,0.,0.));
#7058=DIRECTION('',(0.,-5.38943215837451E-16,1.));
#7059=DIRECTION('',(-1.,0.,0.));
#7060=DIRECTION('',(0.,-5.38943215837451E-16,1.));
#7061=DIRECTION('',(-1.,0.,0.));
#7062=DIRECTION('',(0.,5.38943215837451E-16,-1.));
#7063=DIRECTION('',(1.,0.,0.));
#7064=DIRECTION('',(0.,-5.38943215837451E-16,1.));
#7065=DIRECTION('',(-1.,0.,0.));
#7066=DIRECTION('',(0.,-5.38943215837451E-16,1.));
#7067=DIRECTION('',(-1.,0.,0.));
#7068=DIRECTION('',(0.,-5.38943215837451E-16,1.));
#7069=DIRECTION('',(-1.,0.,0.));
#7070=DIRECTION('',(0.,5.38943215837451E-16,-1.));
#7071=DIRECTION('',(1.,0.,0.));
#7072=DIRECTION('',(0.,-5.38943215837451E-16,1.));
#7073=DIRECTION('',(-1.,0.,0.));
#7074=DIRECTION('',(0.,-5.38943215837451E-16,1.));
#7075=DIRECTION('',(-1.,0.,0.));
#7076=DIRECTION('',(0.,-5.38943215837451E-16,1.));
#7077=DIRECTION('',(-1.,0.,0.));
#7078=DIRECTION('',(0.,-5.38943215837451E-16,1.));
#7079=DIRECTION('',(-1.,0.,0.));
#7080=DIRECTION('',(0.,-5.38943215837451E-16,1.));
#7081=DIRECTION('',(-1.,0.,0.));
#7082=DIRECTION('',(0.,-5.38943215837451E-16,1.));
#7083=DIRECTION('',(-1.,0.,0.));
#7084=DIRECTION('',(0.,-5.38943215837451E-16,1.));
#7085=DIRECTION('',(-1.,0.,0.));
#7086=DIRECTION('',(0.,-5.38943215837451E-16,1.));
#7087=DIRECTION('',(-1.,0.,0.));
#7088=DIRECTION('',(0.,-5.38943215837451E-16,1.));
#7089=DIRECTION('',(-1.,0.,0.));
#7090=DIRECTION('',(0.,-5.38943215837451E-16,1.));
#7091=DIRECTION('',(-1.,0.,0.));
#7092=DIRECTION('',(0.,-5.38943215837451E-16,1.));
#7093=DIRECTION('',(-1.,0.,0.));
#7094=DIRECTION('',(-0.892662736871398,0.450725235815863,2.42915308049695E-16));
#7095=DIRECTION('',(-0.450725235815863,-0.892662736871398,-4.81094526067732E-16));
#7096=DIRECTION('',(-0.892662736871398,0.450725235815863,2.42915308049695E-16));
#7097=DIRECTION('',(-0.450725235815863,-0.892662736871398,-4.81094526067732E-16));
#7098=DIRECTION('',(-0.892662736871398,0.450725235815863,2.42915308049695E-16));
#7099=DIRECTION('',(-0.450725235815863,-0.892662736871398,0.));
#7100=DIRECTION('',(-0.892662736871398,0.450725235815863,2.42915308049695E-16));
#7101=DIRECTION('',(-0.450725235815863,-0.892662736871398,-4.81094526067732E-16));
#7102=DIRECTION('',(0.892662736871398,-0.450725235815863,-2.42915308049695E-16));
#7103=DIRECTION('',(0.450725235815863,0.892662736871398,4.81094526067732E-16));
#7104=DIRECTION('',(-0.948376729280594,-0.317145990608494,-1.70923680068496E-16));
#7105=DIRECTION('',(0.317145990608494,-0.948376729280594,-6.10305959710269E-16));
#7106=DIRECTION('',(-0.892662736871397,0.450725235815865,2.42915308049696E-16));
#7107=DIRECTION('',(-0.450725235815865,-0.892662736871397,-4.81094526067731E-16));
#7108=DIRECTION('',(-0.450725235815865,-0.892662736871397,-4.81094526067731E-16));
#7109=DIRECTION('',(0.892662736871397,-0.450725235815865,-2.42915308049696E-16));
#7110=DIRECTION('',(-0.450725235815862,-0.892662736871399,-4.81094526067732E-16));
#7111=DIRECTION('',(0.892662736871399,-0.450725235815862,-2.42915308049694E-16));
#7112=DIRECTION('',(0.,-5.38943215837451E-16,1.));
#7113=DIRECTION('',(-1.,0.,0.));
#7114=DIRECTION('',(0.,5.38943215837451E-16,-1.));
#7115=DIRECTION('',(1.,0.,0.));
#7116=DIRECTION('',(0.318710870697302,0.631207874554309,-0.707106781186547));
#7117=DIRECTION('',(-0.318710870697302,-0.631207874554308,-0.707106781186548));
#7118=DIRECTION('',(-0.892662736871398,0.450725235815863,2.42915308049695E-16));
#7119=DIRECTION('',(-0.450725235815863,-0.892662736871398,-4.81094526067732E-16));
#7120=DIRECTION('',(-0.892662736871398,0.450725235815863,2.42915308049695E-16));
#7121=DIRECTION('',(-0.450725235815863,-0.892662736871398,0.));
#7122=DIRECTION('',(0.892662736871398,-0.450725235815863,-2.42915308049695E-16));
#7123=DIRECTION('',(0.450725235815863,0.892662736871398,4.81094526067732E-16));
#7124=DIRECTION('',(-0.892662736871398,0.450725235815863,2.42915308049695E-16));
#7125=DIRECTION('',(-0.450725235815863,-0.892662736871398,-4.81094526067732E-16));
#7126=DIRECTION('',(-0.892662736871398,0.450725235815863,2.42915308049695E-16));
#7127=DIRECTION('',(-0.450725235815863,-0.892662736871398,0.));
#7128=DIRECTION('',(0.892662736871398,-0.450725235815863,-2.42915308049695E-16));
#7129=DIRECTION('',(0.450725235815863,0.892662736871398,4.81094526067732E-16));
#7130=DIRECTION('',(-0.450725235815863,-0.892662736871398,-4.81094526067732E-16));
#7131=DIRECTION('',(0.892662736871398,-0.450725235815863,-2.42915308049695E-16));
#7132=DIRECTION('',(0.450725235815865,0.892662736871397,-2.64644006507212E-15));
#7133=DIRECTION('',(-0.892662736871397,0.450725235815865,2.42915308049696E-16));
#7134=DIRECTION('',(0.450725235815863,0.892662736871398,4.81094526067732E-16));
#7135=DIRECTION('',(-0.892662736871398,0.450725235815863,2.42915308049695E-16));
#7136=DIRECTION('',(0.450725235815865,0.892662736871397,4.81094526067731E-16));
#7137=DIRECTION('',(-0.892662736871397,0.450725235815865,2.42915308049696E-16));
#7138=DIRECTION('',(-0.892662736871398,0.450725235815863,2.42915308049695E-16));
#7139=DIRECTION('',(-0.450725235815863,-0.892662736871398,-4.81094526067732E-16));
#7140=DIRECTION('',(-0.892662736871398,0.450725235815863,2.42915308049695E-16));
#7141=DIRECTION('',(-0.450725235815863,-0.892662736871398,-4.81094526067732E-16));
#7142=DIRECTION('',(-0.892662736871397,0.450725235815865,2.42915308049696E-16));
#7143=DIRECTION('',(-0.450725235815865,-0.892662736871397,-4.81094526067731E-16));
#7144=DIRECTION('',(0.892662736871398,-0.450725235815863,-2.42915308049695E-16));
#7145=DIRECTION('',(0.450725235815863,0.892662736871398,4.81094526067732E-16));
#7146=DIRECTION('',(-0.17359431365673,-0.343804080225574,0.922856309880523));
#7147=DIRECTION('',(0.,0.937083820025229,0.349104446042907));
#7148=DIRECTION('',(0.450725235815865,0.892662736871397,4.81094526067731E-16));
#7149=DIRECTION('',(-0.892662736871397,0.450725235815865,2.42915308049696E-16));
#7150=DIRECTION('',(0.892662736871398,-0.450725235815863,-2.42915308049695E-16));
#7151=DIRECTION('',(0.450725235815863,0.892662736871398,4.81094526067732E-16));
#7152=DIRECTION('',(-0.173594313656728,-0.343804080225572,-0.922856309880524));
#7153=DIRECTION('',(0.,-0.937083820025229,0.349104446042905));
#7154=DIRECTION('',(-0.892662736871398,0.450725235815863,2.42915308049695E-16));
#7155=DIRECTION('',(-0.450725235815863,-0.892662736871398,-4.81094526067732E-16));
#7156=DIRECTION('',(0.892662736871398,-0.450725235815863,-2.42915308049695E-16));
#7157=DIRECTION('',(0.450725235815863,0.892662736871398,4.81094526067732E-16));
#7158=DIRECTION('',(-0.892662736871397,0.450725235815865,2.42915308049696E-16));
#7159=DIRECTION('',(-0.450725235815865,-0.892662736871397,-4.81094526067731E-16));
#7160=DIRECTION('',(-0.0742545693271604,-0.147061406403854,-0.986336251833298));
#7161=DIRECTION('',(0.,-0.98906674982831,0.147468519976515));
#7162=DIRECTION('',(-0.892662736871398,0.450725235815863,2.42915308049695E-16));
#7163=DIRECTION('',(-0.450725235815863,-0.892662736871398,-4.81094526067732E-16));
#7164=DIRECTION('',(-0.948376729280594,-0.317145990608495,-1.70923680068496E-16));
#7165=DIRECTION('',(-0.317145990608495,0.948376729280594,3.05152979855135E-16));
#7166=DIRECTION('',(-0.892662736871397,0.450725235815865,2.42915308049696E-16));
#7167=DIRECTION('',(-0.450725235815865,-0.892662736871397,-4.81094526067731E-16));
#7168=DIRECTION('',(0.450725235815863,0.892662736871398,4.81094526067732E-16));
#7169=DIRECTION('',(-0.892662736871398,0.450725235815863,2.42915308049695E-16));
#7170=DIRECTION('',(-0.450725235815865,-0.892662736871397,-3.60862911720758E-15));
#7171=DIRECTION('',(0.892662736871397,-0.450725235815865,-2.42915308049696E-16));
#7172=DIRECTION('',(0.892662736871398,-0.450725235815863,-2.42915308049695E-16));
#7173=DIRECTION('',(0.450725235815863,0.892662736871398,4.81094526067732E-16));
#7174=DIRECTION('',(-0.0742545693271608,-0.147061406403856,0.986336251833297));
#7175=DIRECTION('',(0.,0.989066749828309,0.147468519976517));
#7176=DIRECTION('',(-0.892662736871398,0.450725235815863,2.42915308049695E-16));
#7177=DIRECTION('',(-0.450725235815863,-0.892662736871398,-4.81094526067732E-16));
#7178=DIRECTION('',(-0.892662736871398,0.450725235815863,2.42915308049695E-16));
#7179=DIRECTION('',(-0.450725235815863,-0.892662736871398,-4.81094526067732E-16));
#7180=DIRECTION('',(-0.892662736871401,0.450725235815857,2.42915308049692E-16));
#7181=DIRECTION('',(-0.450725235815857,-0.892662736871401,-4.81094526067733E-16));
#7182=DIRECTION('',(0.,5.38943215837451E-16,-1.));
#7183=DIRECTION('',(1.,0.,0.));
#7184=DIRECTION('',(-7.74261502890253E-16,9.29885039729929E-16,-1.));
#7185=DIRECTION('',(1.,4.17282984266811E-31,-7.74261502890253E-16));
#7186=DIRECTION('',(-0.892662736871399,0.450725235815862,2.42915308049694E-16));
#7187=DIRECTION('',(-0.450725235815862,-0.892662736871399,-4.81094526067732E-16));
#7188=DIRECTION('',(0.450725235815865,0.892662736871397,-2.64644006507212E-15));
#7189=DIRECTION('',(-0.892662736871397,0.450725235815865,2.42915308049696E-16));
#7190=DIRECTION('',(0.,5.38943215837451E-16,-1.));
#7191=DIRECTION('',(1.,0.,0.));
#7192=DIRECTION('',(-0.318710870697302,-0.631207874554308,-0.707106781186548));
#7193=DIRECTION('',(0.318710870697302,0.631207874554309,-0.707106781186547));
#7194=DIRECTION('',(-0.450725235815863,-0.892662736871398,-4.81094526067732E-16));
#7195=DIRECTION('',(0.892662736871398,-0.450725235815863,-2.42915308049695E-16));
#7196=DIRECTION('',(-0.892662736871398,0.450725235815863,2.42915308049695E-16));
#7197=DIRECTION('',(-0.450725235815863,-0.892662736871398,-4.81094526067732E-16));
#7198=DIRECTION('',(0.450725235815854,0.892662736871403,4.81094526067734E-16));
#7199=DIRECTION('',(-0.892662736871403,0.450725235815854,2.4291530804969E-16));
#7200=DIRECTION('',(0.450725235815863,0.892662736871398,4.81094526067732E-16));
#7201=DIRECTION('',(-0.892662736871398,0.450725235815863,2.42915308049695E-16));
#7202=DIRECTION('',(-0.450725235815832,-0.892662736871414,-4.8109452606774E-16));
#7203=DIRECTION('',(0.892662736871414,-0.450725235815832,-2.42915308049678E-16));
#7204=DIRECTION('',(-0.892662736871398,0.450725235815863,2.42915308049695E-16));
#7205=DIRECTION('',(-0.450725235815863,-0.892662736871398,-4.81094526067732E-16));
#7206=DIRECTION('',(1.,0.,0.));
#7207=DIRECTION('',(0.,1.,0.));
#7208=DIRECTION('',(1.,0.,0.));
#7209=DIRECTION('',(0.,-1.,0.));
#7210=DIRECTION('',(1.,0.,0.));
#7211=DIRECTION('',(0.,-1.,0.));
#7212=DIRECTION('',(0.,-1.,0.));
#7213=DIRECTION('',(0.,0.,-1.));
#7214=DIRECTION('',(0.,0.,1.));
#7215=DIRECTION('',(-1.,0.,0.));
#7216=DIRECTION('',(0.,0.,-1.));
#7217=DIRECTION('',(1.,0.,0.));
#7218=DIRECTION('',(0.,0.56853975855014,0.8226557864306));
#7219=DIRECTION('',(0.,-0.8226557864306,0.56853975855014));
#7220=DIRECTION('',(0.,0.8226557864306,-0.56853975855014));
#7221=DIRECTION('',(1.,0.,0.));
#7222=DIRECTION('',(0.,-0.8226557864306,0.56853975855014));
#7223=DIRECTION('',(-1.,0.,0.));
#7224=DIRECTION('',(0.,0.322959417029485,0.946412814236988));
#7225=DIRECTION('',(0.,-0.946412814236988,0.322959417029485));
#7226=DIRECTION('',(0.,0.946412814236988,-0.322959417029485));
#7227=DIRECTION('',(1.,0.,0.));
#7228=DIRECTION('',(0.,-0.946412814236988,0.322959417029485));
#7229=DIRECTION('',(-1.,0.,0.));
#7230=DIRECTION('',(0.,-2.66880534765662E-16,1.));
#7231=DIRECTION('',(0.,-1.,-2.66880534765662E-16));
#7232=DIRECTION('',(0.,1.,2.66880534765662E-16));
#7233=DIRECTION('',(1.,0.,0.));
#7234=DIRECTION('',(0.,-1.,-2.66880534765662E-16));
#7235=DIRECTION('',(-1.,0.,0.));
#7236=DIRECTION('',(0.,-0.866257276642052,-0.499598169196701));
#7237=DIRECTION('',(0.,0.499598169196701,-0.866257276642052));
#7238=DIRECTION('',(0.,0.499598169196701,-0.866257276642052));
#7239=DIRECTION('',(1.,0.,0.));
#7240=DIRECTION('',(0.,-0.499598169196701,0.866257276642052));
#7241=DIRECTION('',(-1.,0.,0.));
#7242=DIRECTION('',(0.,-0.443269601263494,-0.896388342514394));
#7243=DIRECTION('',(0.,0.896388342514394,-0.443269601263494));
#7244=DIRECTION('',(0.,0.896388342514394,-0.443269601263494));
#7245=DIRECTION('',(1.,0.,0.));
#7246=DIRECTION('',(0.,-0.896388342514394,0.443269601263494));
#7247=DIRECTION('',(-1.,0.,0.));
#7248=DIRECTION('',(0.,0.,-1.));
#7249=DIRECTION('',(-1.,0.,0.));
#7250=DIRECTION('',(0.,1.,0.));
#7251=DIRECTION('',(1.,0.,0.));
#7252=DIRECTION('',(0.,-1.,0.));
#7253=DIRECTION('',(-1.,0.,0.));
#7254=DIRECTION('',(0.,-0.819692152977471,0.572804307200251));
#7255=DIRECTION('',(0.,-0.572804307200251,-0.819692152977471));
#7256=DIRECTION('',(0.,-0.572804307200251,-0.819692152977471));
#7257=DIRECTION('',(-1.,0.,0.));
#7258=DIRECTION('',(0.,0.572804307200251,0.819692152977471));
#7259=DIRECTION('',(1.,0.,0.));
#7260=DIRECTION('',(0.,-1.,0.));
#7261=DIRECTION('',(0.,0.,-1.));
#7262=DIRECTION('',(0.,0.,-1.));
#7263=DIRECTION('',(-1.,0.,0.));
#7264=DIRECTION('',(0.,0.,1.));
#7265=DIRECTION('',(1.,0.,0.));
#7266=DIRECTION('',(0.,-0.221125168318055,-0.975245435742363));
#7267=DIRECTION('',(0.,0.975245435742363,-0.221125168318055));
#7268=DIRECTION('',(0.,0.975245435742363,-0.221125168318055));
#7269=DIRECTION('',(-1.,0.,0.));
#7270=DIRECTION('',(0.,-0.975245435742363,0.221125168318055));
#7271=DIRECTION('',(1.,0.,0.));
#7272=DIRECTION('',(0.,-2.41352831440252E-16,1.));
#7273=DIRECTION('',(0.,-1.,-2.41352831440252E-16));
#7274=DIRECTION('',(0.,1.,2.41352831440252E-16));
#7275=DIRECTION('',(-1.,0.,0.));
#7276=DIRECTION('',(0.,-1.,-2.41352831440252E-16));
#7277=DIRECTION('',(1.,0.,0.));
#7278=DIRECTION('',(0.,-0.017452406437284,0.999847695156391));
#7279=DIRECTION('',(0.,-0.999847695156391,-0.017452406437284));
#7280=DIRECTION('',(0.,0.999847695156391,0.017452406437284));
#7281=DIRECTION('',(-1.,0.,0.));
#7282=DIRECTION('',(0.,-0.999847695156391,-0.017452406437284));
#7283=DIRECTION('',(1.,0.,0.));
#7284=DIRECTION('',(0.,-0.0846214346995171,0.996413173733364));
#7285=DIRECTION('',(0.,-0.996413173733364,-0.0846214346995171));
#7286=DIRECTION('',(0.,0.996413173733364,0.0846214346995171));
#7287=DIRECTION('',(-1.,0.,0.));
#7288=DIRECTION('',(0.,-0.996413173733364,-0.0846214346995171));
#7289=DIRECTION('',(1.,0.,0.));
#7290=DIRECTION('',(0.,-0.234818495543332,0.972039234882402));
#7291=DIRECTION('',(0.,-0.972039234882402,-0.234818495543332));
#7292=DIRECTION('',(0.,-0.972039234882402,-0.234818495543332));
#7293=DIRECTION('',(1.,0.,0.));
#7294=DIRECTION('',(0.,0.972039234882402,0.234818495543332));
#7295=DIRECTION('',(-1.,0.,0.));
#7296=DIRECTION('',(0.,-0.377272727272728,0.92610220238168));
#7297=DIRECTION('',(0.,-0.92610220238168,-0.377272727272728));
#7298=DIRECTION('',(0.,-0.92610220238168,-0.377272727272728));
#7299=DIRECTION('',(1.,0.,0.));
#7300=DIRECTION('',(0.,0.92610220238168,0.377272727272728));
#7301=DIRECTION('',(-1.,0.,0.));
#7302=DIRECTION('',(0.,-0.483137944372078,0.875544246002407));
#7303=DIRECTION('',(0.,-0.875544246002407,-0.483137944372078));
#7304=DIRECTION('',(0.,0.875544246002407,0.483137944372078));
#7305=DIRECTION('',(-1.,0.,0.));
#7306=DIRECTION('',(0.,-0.875544246002407,-0.483137944372078));
#7307=DIRECTION('',(1.,0.,0.));
#7308=DIRECTION('',(-0.707106781186548,-0.341630116714025,0.619103273577164));
#7309=DIRECTION('',(0.,-0.875544246002407,-0.483137944372078));
#7310=DIRECTION('',(-0.679184283379347,0.0845283920912951,-0.729084124186601));
#7311=DIRECTION('',(0.588649710412373,-0.769503493126037,0.247701216182433));
#7312=DIRECTION('',(0.,0.875544246002407,0.483137944372078));
#7313=DIRECTION('',(-0.54668537446601,-0.721068676665362,0.425670136228772));
#7314=DIRECTION('',(0.796868031629606,-0.604153407808611,0.));
#7315=DIRECTION('',(1.44933397067827E-15,-0.508361119494754,-0.861143990390713));
#7316=DIRECTION('',(0.679184283379347,-0.679184283379347,-0.278239857714466));
#7317=DIRECTION('',(-0.68609323181754,-0.31352010269928,0.656491601208726));
#7318=DIRECTION('',(0.69134830186046,0.,0.722521643630597));
#7319=DIRECTION('',(-0.588649710412359,-0.291035166980735,-0.754181708881846));
#7320=DIRECTION('',(-7.28181445191963E-16,-0.902377051066583,-0.430947395523372));
#7321=DIRECTION('',(-0.707106781186548,-0.707106781186548,0.));
#7322=DIRECTION('',(0.,0.,-1.));
#7323=DIRECTION('',(0.,0.,1.));
#7324=DIRECTION('',(-0.670231876003164,0.670231876003164,-0.318713766220663));
#7325=DIRECTION('',(0.,0.861143990390713,-0.508361119494754));
#7326=DIRECTION('',(-1.,0.,0.));
#7327=DIRECTION('',(3.32379517414767E-16,0.508361119494754,0.861143990390713));
#7328=DIRECTION('',(-0.707106781186548,0.341630116714025,-0.619103273577164));
#7329=DIRECTION('',(0.,0.875544246002407,0.483137944372078));
#7330=DIRECTION('',(-0.588649710412366,-0.769503493126046,0.24770121618242));
#7331=DIRECTION('',(0.679184283379346,0.0845283920912938,-0.729084124186602));
#7332=DIRECTION('',(0.,0.430947395523372,-0.902377051066583));
#7333=DIRECTION('',(-1.,0.,0.));
#7334=DIRECTION('',(-2.98238299628579E-16,0.902377051066583,0.430947395523372));
#7335=DIRECTION('',(-0.707106781186549,-0.266772103811288,0.654853147375881));
#7336=DIRECTION('',(0.,-0.92610220238168,-0.377272727272728));
#7337=DIRECTION('',(0.591774641505885,-0.730173915118932,0.34153891044868));
#7338=DIRECTION('',(0.,0.92610220238168,0.377272727272728));
#7339=DIRECTION('',(-0.553579055132065,-0.737516477736591,-0.386807025254329));
#7340=DIRECTION('',(0.799770030708807,-0.600306503363102,0.));
#7341=DIRECTION('',(1.00276827160693E-16,-0.464467566924679,0.88559013052036));
#7342=DIRECTION('',(-0.670231876003161,0.118861744958923,0.732571578737944));
#7343=DIRECTION('',(0.54668537446601,-0.721068676665362,0.425670136228773));
#7344=DIRECTION('',(0.796868031629606,0.604153407808611,0.));
#7345=DIRECTION('',(-0.679184283379346,-0.679184283379347,-0.278239857714466));
#7346=DIRECTION('',(0.686093231817539,-0.31352010269928,0.656491601208727));
#7347=DIRECTION('',(0.691348301860461,0.,-0.722521643630596));
#7348=DIRECTION('',(0.588649710412356,-0.291035166980744,-0.754181708881846));
#7349=DIRECTION('',(-0.680215664849825,-0.224966003211213,0.697636686744672));
#7350=DIRECTION('',(0.715989933477937,0.,0.69811060381451));
#7351=DIRECTION('',(-0.591774641505901,-0.393098053445488,-0.703758974399567));
#7352=DIRECTION('',(-6.5286530845788E-16,-0.951739739108934,-0.306906287001191));
#7353=DIRECTION('',(0.707106781186549,0.402018318644966,0.581705485167428));
#7354=DIRECTION('',(0.,0.8226557864306,-0.56853975855014));
#7355=DIRECTION('',(0.,-0.8226557864306,0.56853975855014));
#7356=DIRECTION('',(0.60394218200015,-0.771231320579654,-0.20113699549775));
#7357=DIRECTION('',(0.,-0.88559013052036,-0.464467566924679));
#7358=DIRECTION('',(1.,0.,0.));
#7359=DIRECTION('',(2.60719750617802E-15,0.464467566924679,-0.88559013052036));
#7360=DIRECTION('',(-0.707106781186548,0.707106781186547,0.));
#7361=DIRECTION('',(0.,0.,1.));
#7362=DIRECTION('',(0.670231876003163,0.670231876003164,-0.318713766220664));
#7363=DIRECTION('',(-0.707106781186549,0.266772103811288,-0.654853147375881));
#7364=DIRECTION('',(0.,0.92610220238168,0.377272727272728));
#7365=DIRECTION('',(-0.591774641505884,-0.730173915118934,0.341538910448678));
#7366=DIRECTION('',(0.,0.306906287001191,-0.951739739108934));
#7367=DIRECTION('',(-1.,0.,0.));
#7368=DIRECTION('',(-1.09363739172864E-16,0.951739739108934,0.306906287001191));
#7369=DIRECTION('',(-0.707106781186546,-0.166041750546714,0.687335534564732));
#7370=DIRECTION('',(0.,-0.972039234882402,-0.234818495543332));
#7371=DIRECTION('',(0.592014763850867,-0.670568664970564,0.447052776461793));
#7372=DIRECTION('',(0.,0.972039234882402,0.234818495543332));
#7373=DIRECTION('',(-0.65726110590716,-0.339166451969138,-0.673033399260664));
#7374=DIRECTION('',(-0.715440127070802,0.,0.698674047447674));
#7375=DIRECTION('',(1.97863728549468E-16,0.89301643574032,-0.450024049910286));
#7376=DIRECTION('',(-0.603942182000156,-0.297183830215483,0.73955095284865));
#7377=DIRECTION('',(0.553579055132065,-0.737516477736591,-0.386807025254328));
#7378=DIRECTION('',(0.799770030708807,0.600306503363102,0.));
#7379=DIRECTION('',(0.670231876003161,0.118861744958925,0.732571578737943));
#7380=DIRECTION('',(0.680215664849825,-0.224966003211214,0.697636686744672));
#7381=DIRECTION('',(0.715989933477937,0.,-0.69811060381451));
#7382=DIRECTION('',(0.591774641505899,-0.393098053445491,-0.703758974399567));
#7383=DIRECTION('',(-0.679763307593471,-0.117484173316028,0.723960851614114));
#7384=DIRECTION('',(0.729009420457378,0.,0.684503663163608));
#7385=DIRECTION('',(-0.592014763850861,-0.494784222867765,-0.636165931329045));
#7386=DIRECTION('',(3.20112053164352E-16,-0.987087134207428,-0.160184236060128));
#7387=DIRECTION('',(0.707106781186547,0.228366793829604,0.669214918748819));
#7388=DIRECTION('',(0.,0.946412814236988,-0.322959417029485));
#7389=DIRECTION('',(0.,-0.946412814236988,0.322959417029486));
#7390=DIRECTION('',(0.609068028373473,-0.677489671900277,-0.412363772998678));
#7391=DIRECTION('',(0.,0.450024049910286,0.89301643574032));
#7392=DIRECTION('',(-1.,0.,0.));
#7393=DIRECTION('',(3.06825413298434E-15,-0.89301643574032,0.450024049910285));
#7394=DIRECTION('',(0.707106781186549,-0.402018318644966,-0.581705485167428));
#7395=DIRECTION('',(0.,-0.8226557864306,0.56853975855014));
#7396=DIRECTION('',(-0.603942182000154,-0.771231320579648,-0.20113699549776));
#7397=DIRECTION('',(-0.707106781186546,0.166041750546714,-0.687335534564731));
#7398=DIRECTION('',(0.,0.972039234882402,0.234818495543332));
#7399=DIRECTION('',(-0.592014763850865,-0.670568664970568,0.44705277646179));
#7400=DIRECTION('',(0.,0.160184236060128,-0.987087134207428));
#7401=DIRECTION('',(-1.,0.,0.));
#7402=DIRECTION('',(2.65403029975666E-16,0.987087134207428,0.160184236060128));
#7403=DIRECTION('',(-0.707106781186547,-0.0598363903097632,0.704570512010472));
#7404=DIRECTION('',(0.,-0.996413173733364,-0.0846214346995171));
#7405=DIRECTION('',(0.583824056951722,-0.611560297676875,0.533988270311067));
#7406=DIRECTION('',(0.,0.996413173733364,0.084621434699517));
#7407=DIRECTION('',(-0.647641642236301,-0.124720873987539,-0.751668149407204));
#7408=DIRECTION('',(-0.757583460815837,0.,0.652738308894383));
#7409=DIRECTION('',(1.21018735075308E-16,0.986512243775258,-0.163687485415062));
#7410=DIRECTION('',(-0.609068028373471,-0.508008143267906,0.609068028373471));
#7411=DIRECTION('',(0.657261105907161,-0.339166451969136,-0.673033399260664));
#7412=DIRECTION('',(-0.715440127070802,0.,-0.698674047447674));
#7413=DIRECTION('',(0.603942182000151,-0.297183830215492,0.73955095284865));
#7414=DIRECTION('',(0.679763307593471,-0.117484173316028,0.723960851614114));
#7415=DIRECTION('',(0.729009420457378,0.,-0.684503663163608));
#7416=DIRECTION('',(0.592014763850859,-0.494784222867769,-0.636165931329044));
#7417=DIRECTION('',(-0.695122748172379,-0.0367107496281885,0.717953122310235));
#7418=DIRECTION('',(0.718437397073085,0.,0.695591623358742));
#7419=DIRECTION('',(-0.583824056951707,-0.553904821532409,-0.593581434352188));
#7420=DIRECTION('',(2.09627396549992E-16,-0.998695290744151,-0.0510658030922482));
#7421=DIRECTION('',(0.707106781186547,-1.88713035899492E-16,0.707106781186548));
#7422=DIRECTION('',(0.,1.,2.66880534765662E-16));
#7423=DIRECTION('',(0.,-1.,-2.66880534765662E-16));
#7424=DIRECTION('',(-0.707106781186548,0.,0.707106781186547));
#7425=DIRECTION('',(0.,0.163687485415062,0.986512243775258));
#7426=DIRECTION('',(-1.,0.,0.));
#7427=DIRECTION('',(-4.28563789069973E-16,-0.986512243775258,0.163687485415062));
#7428=DIRECTION('',(0.707106781186548,-0.228366793829603,-0.669214918748818));
#7429=DIRECTION('',(0.,-0.946412814236988,0.322959417029485));
#7430=DIRECTION('',(-0.609068028373471,-0.67748967190028,-0.412363772998676));
#7431=DIRECTION('',(-0.707106781186547,0.0598363903097632,-0.704570512010472));
#7432=DIRECTION('',(0.,0.996413173733364,0.0846214346995171));
#7433=DIRECTION('',(-0.583824056951719,-0.61156029767688,0.533988270311064));
#7434=DIRECTION('',(0.,0.0510658030922482,-0.998695290744151));
#7435=DIRECTION('',(-1.,0.,0.));
#7436=DIRECTION('',(2.36104720533752E-16,0.998695290744151,0.0510658030922482));
#7437=DIRECTION('',(-0.707106781186546,-0.0123407149398273,0.706999085398826));
#7438=DIRECTION('',(0.,-0.999847695156391,-0.017452406437284));
#7439=DIRECTION('',(0.57902972711048,-0.583994653953718,0.568924264973679));
#7440=DIRECTION('',(0.,0.999847695156391,0.017452406437284));
#7441=DIRECTION('',(-0.654603556367836,-0.378138027684552,-0.654603556367836));
#7442=DIRECTION('',(-0.707106781186547,0.,0.707106781186548));
#7443=DIRECTION('',(0.,0.865909397453539,-0.500200875050863));
#7444=DIRECTION('',(0.707106781186548,-0.612536394565786,-0.353269253307371));
#7445=DIRECTION('',(0.,-0.865909397453539,0.500200875050863));
#7446=DIRECTION('',(0.647641642236302,-0.124720873987539,-0.751668149407204));
#7447=DIRECTION('',(-0.757583460815836,0.,-0.652738308894384));
#7448=DIRECTION('',(0.609068028373472,-0.508008143267905,0.609068028373472));
#7449=DIRECTION('',(0.695122748172379,-0.0367107496281885,0.717953122310235));
#7450=DIRECTION('',(0.718437397073085,0.,-0.695591623358742));
#7451=DIRECTION('',(0.583824056951703,-0.553904821532416,-0.593581434352185));
#7452=DIRECTION('',(-0.704014843480218,-0.00619745686115808,0.710158215954711));
#7453=DIRECTION('',(0.710171854393401,0.,0.704028363936736));
#7454=DIRECTION('',(-0.57902972711039,-0.573976611235105,-0.57902972711039));
#7455=DIRECTION('',(0.,-0.999961923064171,-0.0087265354983742));
#7456=DIRECTION('',(-0.707106781186548,-0.612536394565786,-0.353269253307371));
#7457=DIRECTION('',(0.,0.499598169196701,-0.866257276642052));
#7458=DIRECTION('',(0.,-0.499598169196701,0.866257276642052));
#7459=DIRECTION('',(-0.634258724957076,0.77029190671432,-0.0660775927697334));
#7460=DIRECTION('',(0.,0.500200875050863,0.865909397453539));
#7461=DIRECTION('',(-1.,0.,0.));
#7462=DIRECTION('',(0.,0.865909397453539,-0.500200875050863));
#7463=DIRECTION('',(0.707106781186548,1.88713035899492E-16,-0.707106781186547));
#7464=DIRECTION('',(0.,-1.,-2.66880534765662E-16));
#7465=DIRECTION('',(-0.707106781186547,0.,-0.707106781186548));
#7466=DIRECTION('',(-0.707106781186547,0.0123407149398273,-0.706999085398825));
#7467=DIRECTION('',(0.,0.999847695156391,0.017452406437284));
#7468=DIRECTION('',(-0.579029727110489,-0.5839946539537,0.568924264973688));
#7469=DIRECTION('',(0.,0.0087265354983742,-0.999961923064171));
#7470=DIRECTION('',(-1.,0.,0.));
#7471=DIRECTION('',(2.95685267214207E-17,0.999961923064171,0.0087265354983742));
#7472=DIRECTION('',(-0.707106781186547,-1.70662223769976E-16,0.707106781186548));
#7473=DIRECTION('',(0.,-1.,-2.41352831440252E-16));
#7474=DIRECTION('',(0.598830738619796,-0.531792716166873,0.598830738619796));
#7475=DIRECTION('',(0.,1.,2.41352831440252E-16));
#7476=DIRECTION('',(-0.602507199542223,-0.546037800995993,-0.58208916360232));
#7477=DIRECTION('',(-0.694815686398948,0.,0.719187848850326));
#7478=DIRECTION('',(1.52964858954727E-15,0.729331357203547,-0.684160632746165));
#7479=DIRECTION('',(0.634258724957075,0.115124718260842,-0.76450125510766));
#7480=DIRECTION('',(0.654603556367836,-0.378138027684551,-0.654603556367836));
#7481=DIRECTION('',(-0.707106781186547,0.,-0.707106781186548));
#7482=DIRECTION('',(0.707106781186547,0.612536394565787,0.353269253307372));
#7483=DIRECTION('',(0.704014843480219,-0.0061974568611581,0.710158215954711));
#7484=DIRECTION('',(0.710171854393401,0.,-0.704028363936737));
#7485=DIRECTION('',(0.5790297271104,-0.573976611235084,-0.579029727110401));
#7486=DIRECTION('',(-0.666901050004675,0.0828999344458297,0.740520486125495));
#7487=DIRECTION('',(0.743078253372508,0.,0.669204534776075));
#7488=DIRECTION('',(0.598830738619794,0.651044967074107,0.466414190748468));
#7489=DIRECTION('',(-1.31099003650719E-15,0.993792089861447,-0.111253234239812));
#7490=DIRECTION('',(-0.707106781186547,-0.313438940947273,-0.633842275568498));
#7491=DIRECTION('',(0.,0.896388342514394,-0.443269601263494));
#7492=DIRECTION('',(0.,-0.896388342514394,0.443269601263494));
#7493=DIRECTION('',(-0.621712150955067,0.702617076581911,0.346126053700546));
#7494=DIRECTION('',(0.,0.684160632746165,0.729331357203547));
#7495=DIRECTION('',(-1.,0.,0.));
#7496=DIRECTION('',(1.59402660382639E-15,-0.729331357203547,0.684160632746165));
#7497=DIRECTION('',(-0.707106781186548,0.612536394565786,0.353269253307371));
#7498=DIRECTION('',(0.,-0.499598169196701,0.866257276642052));
#7499=DIRECTION('',(0.634258724957076,0.77029190671432,-0.0660775927697332));
#7500=DIRECTION('',(-0.707106781186548,1.70662223769976E-16,-0.707106781186547));
#7501=DIRECTION('',(0.,1.,2.41352831440252E-16));
#7502=DIRECTION('',(-0.598830738619795,-0.531792716166873,0.598830738619796));
#7503=DIRECTION('',(0.,0.111253234239812,0.993792089861447));
#7504=DIRECTION('',(1.,0.,0.));
#7505=DIRECTION('',(-1.94223184833506E-16,-0.993792089861447,0.111253234239812));
#7506=DIRECTION('',(0.707106781186549,-0.156359106008713,-0.689602660934653));
#7507=DIRECTION('',(0.,-0.975245435742363,0.221125168318055));
#7508=DIRECTION('',(-0.700046732598365,-0.0173293518254555,-0.713886731732466));
#7509=DIRECTION('',(0.,0.975245435742363,-0.221125168318055));
#7510=DIRECTION('',(-0.624383471441253,-0.177789431391533,-0.760615670806516));
#7511=DIRECTION('',(-0.772929556648079,0.,0.634491844281552));
#7512=DIRECTION('',(6.63972160640252E-16,0.973752623235079,-0.227608938187415));
#7513=DIRECTION('',(0.621712150955064,0.476390598888827,-0.621712150955064));
#7514=DIRECTION('',(0.602507199542224,-0.546037800995993,-0.582089163602319));
#7515=DIRECTION('',(-0.694815686398948,0.,-0.719187848850326));
#7516=DIRECTION('',(-0.634258724957074,0.115124718260842,-0.76450125510766));
#7517=DIRECTION('',(0.666901050004675,0.0828999344458304,0.740520486125495));
#7518=DIRECTION('',(0.743078253372507,0.,-0.669204534776075));
#7519=DIRECTION('',(-0.598830738619792,0.65104496707411,0.466414190748465));
#7520=DIRECTION('',(-0.548352208278024,0.653431276118454,0.521859581752433));
#7521=DIRECTION('',(-0.766010808898481,-0.642827691260025,0.));
#7522=DIRECTION('',(0.700046732598366,0.700046732598366,-0.140957952442218));
#7523=DIRECTION('',(-1.69319960006394E-15,-0.624049209470674,0.781385042190486));
#7524=DIRECTION('',(-0.707106781186548,0.,-0.707106781186548));
#7525=DIRECTION('',(0.,1.,0.));
#7526=DIRECTION('',(0.,-1.,0.));
#7527=DIRECTION('',(-0.669757362995696,0.320702587183363,0.669757362995696));
#7528=DIRECTION('',(0.,0.227608938187415,0.973752623235079));
#7529=DIRECTION('',(-1.,0.,0.));
#7530=DIRECTION('',(5.83305590375865E-17,-0.973752623235079,0.227608938187415));
#7531=DIRECTION('',(-0.707106781186548,0.313438940947273,0.633842275568498));
#7532=DIRECTION('',(0.,-0.896388342514394,0.443269601263494));
#7533=DIRECTION('',(0.621712150955066,0.702617076581913,0.346126053700545));
#7534=DIRECTION('',(0.707106781186549,0.156359106008713,0.689602660934653));
#7535=DIRECTION('',(0.,0.975245435742363,-0.221125168318055));
#7536=DIRECTION('',(0.700046732598365,-0.0173293518254549,-0.713886731732466));
#7537=DIRECTION('',(0.,-0.781385042190486,-0.624049209470674));
#7538=DIRECTION('',(-1.,0.,0.));
#7539=DIRECTION('',(0.,0.624049209470674,-0.781385042190486));
#7540=DIRECTION('',(0.707106781186548,-0.707106781186548,0.));
#7541=DIRECTION('',(0.,0.,1.));
#7542=DIRECTION('',(-0.636345922762245,-0.636345922762245,-0.436036389728811));
#7543=DIRECTION('',(0.,0.,-1.));
#7544=DIRECTION('',(0.707106781186546,-0.579609879855772,0.405033809914161));
#7545=DIRECTION('',(0.,0.572804307200251,0.819692152977471));
#7546=DIRECTION('',(-0.669757362995698,-0.732694678115347,0.120762508149243));
#7547=DIRECTION('',(0.,-0.572804307200251,-0.819692152977471));
#7548=DIRECTION('',(0.636345922762248,0.271844237334713,-0.72191729250086));
#7549=DIRECTION('',(-0.554023096424777,0.384754185828101,-0.738256476514536));
#7550=DIRECTION('',(-0.799827972052208,0.,0.600229302119492));
#7551=DIRECTION('',(7.24408811557268E-17,-0.886793185359543,-0.462166470440982));
#7552=DIRECTION('',(0.624383471441253,-0.177789431391534,-0.760615670806516));
#7553=DIRECTION('',(-0.772929556648079,0.,-0.634491844281552));
#7554=DIRECTION('',(-0.621712150955063,0.476390598888828,-0.621712150955064));
#7555=DIRECTION('',(0.548352208278024,0.653431276118453,0.521859581752433));
#7556=DIRECTION('',(-0.766010808898481,0.642827691260026,0.));
#7557=DIRECTION('',(-0.700046732598366,0.700046732598367,-0.140957952442217));
#7558=DIRECTION('',(-0.5990346347252,0.763776565239482,-0.240422263508659));
#7559=DIRECTION('',(-0.786856323229739,-0.617136230174,0.));
#7560=DIRECTION('',(0.,0.300256429591882,0.953858520163622));
#7561=DIRECTION('',(0.,0.462166470440982,-0.886793185359543));
#7562=DIRECTION('',(1.,0.,0.));
#7563=DIRECTION('',(7.24408811557268E-17,0.886793185359543,0.462166470440982));
#7564=DIRECTION('',(-0.707106781186548,0.,0.707106781186547));
#7565=DIRECTION('',(0.,-1.,0.));
#7566=DIRECTION('',(0.669757362995695,0.320702587183365,0.669757362995696));
#7567=DIRECTION('',(0.707106781186548,0.707106781186547,0.));
#7568=DIRECTION('',(0.,0.,-1.));
#7569=DIRECTION('',(0.636345922762244,-0.636345922762245,-0.436036389728811));
#7570=DIRECTION('',(0.,-0.953858520163622,0.300256429591882));
#7571=DIRECTION('',(-1.,0.,0.));
#7572=DIRECTION('',(1.85782655459284E-17,-0.300256429591882,-0.953858520163622));
#7573=DIRECTION('',(0.554023096424777,0.384754185828101,-0.738256476514536));
#7574=DIRECTION('',(-0.799827972052209,0.,-0.600229302119492));
#7575=DIRECTION('',(0.669757362995697,-0.732694678115348,0.120762508149241));
#7576=DIRECTION('',(0.5990346347252,0.763776565239481,-0.240422263508659));
#7577=DIRECTION('',(-0.786856323229739,0.617136230174001,0.));
#7578=DIRECTION('',(-0.636345922762247,0.271844237334713,-0.72191729250086));
#7579=DIRECTION('',(0.707106781186547,0.579609879855771,-0.40503380991416));
#7580=DIRECTION('',(0.,-0.572804307200251,-0.819692152977471));
#7581=DIRECTION('',(-0.892662736871398,-0.450725235815863,0.));
#7582=DIRECTION('',(-0.450725235815863,0.892662736871398,0.));
#7583=DIRECTION('',(0.892662736871398,0.450725235815863,0.));
#7584=DIRECTION('',(-0.450725235815863,0.892662736871398,0.));
#7585=DIRECTION('',(0.892662736871398,0.450725235815863,0.));
#7586=DIRECTION('',(-0.450725235815863,0.892662736871398,0.));
#7587=DIRECTION('',(0.450725235815832,-0.892662736871414,0.));
#7588=DIRECTION('',(0.892662736871414,0.450725235815832,0.));
#7589=DIRECTION('',(0.450725235815863,-0.892662736871398,0.));
#7590=DIRECTION('',(-0.892662736871398,-0.450725235815863,0.));
#7591=DIRECTION('',(-0.450725235815854,0.892662736871403,0.));
#7592=DIRECTION('',(-0.892662736871403,-0.450725235815854,0.));
#7593=DIRECTION('',(-0.450725235815863,0.892662736871398,0.));
#7594=DIRECTION('',(0.450725235815863,-0.892662736871398,0.));
#7595=DIRECTION('',(0.892662736871398,0.450725235815863,0.));
#7596=DIRECTION('',(-0.450725235815863,0.892662736871398,0.));
#7597=DIRECTION('',(-0.892662736871398,-0.450725235815863,0.));
#7598=DIRECTION('',(-0.450725235815863,0.892662736871398,0.));
#7599=DIRECTION('',(0.892662736871398,0.450725235815863,0.));
#7600=DIRECTION('',(-0.450725235815863,0.892662736871398,0.));
#7601=DIRECTION('',(0.892662736871398,0.450725235815863,0.));
#7602=DIRECTION('',(-0.450725235815863,0.892662736871398,0.));
#7603=DIRECTION('',(-0.450725235815863,0.892662736871398,0.));
#7604=DIRECTION('',(0.892662736871398,0.450725235815863,0.));
#7605=DIRECTION('',(-0.450725235815865,0.892662736871397,3.12753459113985E-15));
#7606=DIRECTION('',(-0.892662736871397,-0.450725235815865,0.));
#7607=DIRECTION('',(-0.450725235815863,0.892662736871398,0.));
#7608=DIRECTION('',(0.318710870697302,-0.631207874554308,0.707106781186548));
#7609=DIRECTION('',(0.318710870697302,-0.631207874554308,-0.707106781186548));
#7610=DIRECTION('',(-0.450725235815863,0.892662736871398,0.));
#7611=DIRECTION('',(0.,0.,-1.));
#7612=DIRECTION('',(1.,0.,0.));
#7613=DIRECTION('',(7.74261502890253E-16,3.90941823892478E-16,1.));
#7614=DIRECTION('',(1.,0.,-7.74261502890253E-16));
#7615=DIRECTION('',(0.,0.,1.));
#7616=DIRECTION('',(0.,0.,1.));
#7617=DIRECTION('',(-0.892662736871399,-0.450725235815862,0.));
#7618=DIRECTION('',(-0.450725235815862,0.892662736871399,0.));
#7619=DIRECTION('',(0.892662736871401,0.450725235815857,0.));
#7620=DIRECTION('',(-0.450725235815857,0.892662736871401,0.));
#7621=DIRECTION('',(0.0742545693271608,-0.147061406403855,-0.986336251833297));
#7622=DIRECTION('',(0.,-0.98906674982831,0.147468519976516));
#7623=DIRECTION('',(0.,0.,-1.));
#7624=DIRECTION('',(1.,0.,0.));
#7625=DIRECTION('',(0.450725235815865,-0.892662736871397,3.12753459113985E-15));
#7626=DIRECTION('',(0.892662736871397,0.450725235815865,0.));
#7627=DIRECTION('',(0.892662736871397,0.450725235815865,0.));
#7628=DIRECTION('',(-0.450725235815865,0.892662736871397,0.));
#7629=DIRECTION('',(-0.892662736871398,-0.450725235815863,0.));
#7630=DIRECTION('',(-0.450725235815863,0.892662736871398,0.));
#7631=DIRECTION('',(-0.892662736871398,-0.450725235815863,0.));
#7632=DIRECTION('',(-0.892662736871398,-0.450725235815863,0.));
#7633=DIRECTION('',(0.892662736871398,0.450725235815863,0.));
#7634=DIRECTION('',(0.450725235815863,-0.892662736871398,0.));
#7635=DIRECTION('',(0.892662736871398,0.450725235815863,0.));
#7636=DIRECTION('',(-0.450725235815863,0.892662736871398,0.));
#7637=DIRECTION('',(-0.892662736871398,-0.450725235815863,0.));
#7638=DIRECTION('',(0.450725235815863,-0.892662736871398,0.));
#7639=DIRECTION('',(0.0742545693271604,-0.147061406403854,0.986336251833298));
#7640=DIRECTION('',(0.,0.98906674982831,0.147468519976516));
#7641=DIRECTION('',(-0.892662736871398,-0.450725235815863,0.));
#7642=DIRECTION('',(0.450725235815863,-0.892662736871398,0.));
#7643=DIRECTION('',(-0.892662736871398,-0.450725235815863,0.));
#7644=DIRECTION('',(0.450725235815863,-0.892662736871398,0.));
#7645=DIRECTION('',(0.450725235815863,-0.892662736871398,0.));
#7646=DIRECTION('',(-0.892662736871398,-0.450725235815863,0.));
#7647=DIRECTION('',(-0.450725235815865,0.892662736871397,0.));
#7648=DIRECTION('',(-0.892662736871397,-0.450725235815865,0.));
#7649=DIRECTION('',(-0.450725235815863,0.892662736871398,0.));
#7650=DIRECTION('',(-0.450725235815863,0.892662736871398,0.));
#7651=DIRECTION('',(-0.892662736871398,-0.450725235815863,0.));
#7652=DIRECTION('',(-0.450725235815863,0.892662736871398,0.));
#7653=DIRECTION('',(-0.892662736871398,-0.450725235815863,0.));
#7654=DIRECTION('',(-0.948376729280594,0.317145990608495,0.));
#7655=DIRECTION('',(-0.317145990608495,-0.948376729280594,0.));
#7656=DIRECTION('',(-0.892662736871398,-0.450725235815863,0.));
#7657=DIRECTION('',(-0.892662736871397,-0.450725235815865,0.));
#7658=DIRECTION('',(-0.450725235815865,0.892662736871397,0.));
#7659=DIRECTION('',(0.892662736871397,0.450725235815865,0.));
#7660=DIRECTION('',(-0.450725235815865,0.892662736871397,0.));
#7661=DIRECTION('',(-0.450725235815865,0.892662736871397,0.));
#7662=DIRECTION('',(-0.892662736871397,-0.450725235815865,0.));
#7663=DIRECTION('',(0.892662736871398,0.450725235815863,0.));
#7664=DIRECTION('',(0.450725235815863,-0.892662736871398,0.));
#7665=DIRECTION('',(-0.892662736871398,-0.450725235815863,0.));
#7666=DIRECTION('',(0.450725235815863,-0.892662736871398,0.));
#7667=DIRECTION('',(-0.450725235815865,0.892662736871397,3.12753459113986E-15));
#7668=DIRECTION('',(-0.892662736871397,-0.450725235815865,0.));
#7669=DIRECTION('',(-0.892662736871398,-0.450725235815863,0.));
#7670=DIRECTION('',(0.450725235815863,-0.892662736871398,0.));
#7671=DIRECTION('',(0.173594313656728,-0.343804080225573,0.922856309880524));
#7672=DIRECTION('',(0.,0.937083820025229,0.349104446042905));
#7673=DIRECTION('',(0.892662736871398,0.450725235815863,0.));
#7674=DIRECTION('',(0.450725235815863,-0.892662736871398,0.));
#7675=DIRECTION('',(0.17359431365673,-0.343804080225574,-0.922856309880523));
#7676=DIRECTION('',(0.,-0.937083820025229,0.349104446042907));
#7677=DIRECTION('',(-0.892662736871398,-0.450725235815863,0.));
#7678=DIRECTION('',(0.450725235815863,-0.892662736871398,0.));
#7679=DIRECTION('',(0.892662736871398,0.450725235815863,0.));
#7680=DIRECTION('',(0.450725235815863,-0.892662736871398,0.));
#7681=DIRECTION('',(-0.892662736871398,-0.450725235815863,0.));
#7682=DIRECTION('',(0.450725235815863,-0.892662736871398,0.));
#7683=DIRECTION('',(-0.892662736871398,-0.450725235815863,0.));
#7684=DIRECTION('',(0.450725235815863,-0.892662736871398,0.));
#7685=DIRECTION('',(-0.892662736871398,-0.450725235815863,0.));
#7686=DIRECTION('',(-0.450725235815863,0.892662736871398,0.));
#7687=DIRECTION('',(-0.892662736871398,-0.450725235815863,0.));
#7688=DIRECTION('',(0.892662736871398,0.450725235815863,0.));
#7689=DIRECTION('',(0.450725235815863,-0.892662736871398,0.));
#7690=DIRECTION('',(-0.892662736871398,-0.450725235815863,0.));
#7691=DIRECTION('',(-0.318710870697302,0.631207874554308,0.707106781186548));
#7692=DIRECTION('',(-0.318710870697302,0.631207874554308,-0.707106781186548));
#7693=DIRECTION('',(-0.450725235815863,0.892662736871398,0.));
#7694=DIRECTION('',(-0.450725235815863,0.892662736871398,0.));
#7695=DIRECTION('',(-0.450725235815863,0.892662736871398,0.));
#7696=DIRECTION('',(0.892662736871398,0.450725235815863,0.));
#7697=DIRECTION('',(0.450725235815862,-0.892662736871399,0.));
#7698=DIRECTION('',(0.892662736871399,0.450725235815862,0.));
#7699=DIRECTION('',(-0.450725235815863,0.892662736871398,0.));
#7700=DIRECTION('',(-0.450725235815863,0.892662736871398,0.));
#7701=DIRECTION('',(-0.892662736871398,-0.450725235815863,0.));
#7702=DIRECTION('',(-0.450725235815863,0.892662736871398,0.));
#7703=DIRECTION('',(-0.892662736871398,-0.450725235815863,0.));
#7704=DIRECTION('',(-0.892662736871398,-0.450725235815863,0.));
#7705=DIRECTION('',(0.450725235815863,-0.892662736871398,0.));
#7706=DIRECTION('',(-0.892662736871398,-0.450725235815863,0.));
#7707=DIRECTION('',(-0.892662736871398,-0.450725235815863,0.));
#7708=DIRECTION('',(-0.450725235815863,0.892662736871398,0.));
#7709=DIRECTION('',(0.892662736871398,0.450725235815863,0.));
#7710=DIRECTION('',(-0.892662736871398,-0.450725235815863,0.));
#7711=DIRECTION('',(0.450725235815863,-0.892662736871398,0.));
#7712=DIRECTION('',(-0.892662736871398,-0.450725235815863,0.));
#7713=DIRECTION('',(0.,0.,-1.));
#7714=DIRECTION('',(1.,0.,0.));
#7715=DIRECTION('',(0.,0.,-1.));
#7716=DIRECTION('',(-1.,0.,0.));
#7717=DIRECTION('',(0.,0.,1.));
#7718=DIRECTION('',(0.,0.,1.));
#7719=DIRECTION('',(-0.450725235815865,0.892662736871397,0.));
#7720=DIRECTION('',(0.892662736871397,0.450725235815865,0.));
#7721=DIRECTION('',(0.892662736871397,0.450725235815865,0.));
#7722=DIRECTION('',(-0.450725235815865,0.892662736871397,0.));
#7723=DIRECTION('',(0.892662736871398,0.450725235815863,0.));
#7724=DIRECTION('',(0.450725235815863,-0.892662736871398,0.));
#7725=DIRECTION('',(-0.892662736871398,-0.450725235815863,0.));
#7726=DIRECTION('',(-0.948376729280594,0.317145990608494,0.));
#7727=DIRECTION('',(0.317145990608494,0.948376729280594,0.));
#7728=DIRECTION('',(-0.892662736871398,-0.450725235815863,0.));
#7729=DIRECTION('',(-0.892662736871398,-0.450725235815863,0.));
#7730=DIRECTION('',(-0.450725235815863,0.892662736871398,0.));
#7731=DIRECTION('',(-0.892662736871398,-0.450725235815863,0.));
#7732=DIRECTION('',(0.450725235815863,-0.892662736871398,0.));
#7733=DIRECTION('',(0.,0.,1.));
#7734=DIRECTION('',(-1.,0.,0.));
#7735=DIRECTION('',(0.,0.,1.));
#7736=DIRECTION('',(1.,0.,0.));
#7737=DIRECTION('',(0.,0.,-1.));
#7738=DIRECTION('',(-1.,0.,0.));
#7739=DIRECTION('',(0.,0.,1.));
#7740=DIRECTION('',(-1.,0.,0.));
#7741=DIRECTION('',(0.,0.,1.));
#7742=DIRECTION('',(1.,0.,0.));
#7743=DIRECTION('',(0.,0.,-1.));
#7744=DIRECTION('',(-1.,0.,0.));
#7745=DIRECTION('',(0.,0.,1.));
#7746=DIRECTION('',(-1.,0.,0.));
#7747=DIRECTION('',(0.,0.,1.));
#7748=DIRECTION('',(1.,0.,0.));
#7749=DIRECTION('',(0.,0.,-1.));
#7750=DIRECTION('',(-1.,0.,0.));
#7751=DIRECTION('',(0.,0.,1.));
#7752=DIRECTION('',(-1.,0.,0.));
#7753=DIRECTION('',(0.,0.,1.));
#7754=DIRECTION('',(1.,0.,0.));
#7755=DIRECTION('',(0.,0.,-1.));
#7756=DIRECTION('',(-1.,0.,0.));
#7757=DIRECTION('',(0.,0.,1.));
#7758=DIRECTION('',(-1.,0.,0.));
#7759=DIRECTION('',(0.,0.,-1.));
#7760=DIRECTION('',(-1.,0.,0.));
#7761=DIRECTION('',(0.,0.,1.));
#7762=DIRECTION('',(1.,0.,0.));
#7763=DIRECTION('',(0.,0.,1.));
#7764=DIRECTION('',(-1.,0.,0.));
#7765=DIRECTION('',(0.,0.,-1.));
#7766=DIRECTION('',(-1.,0.,0.));
#7767=DIRECTION('',(0.,0.,1.));
#7768=DIRECTION('',(1.,0.,0.));
#7769=DIRECTION('',(0.,0.,1.));
#7770=DIRECTION('',(-1.,0.,0.));
#7771=DIRECTION('',(0.,0.,-1.));
#7772=DIRECTION('',(-1.,0.,0.));
#7773=DIRECTION('',(0.,0.,1.));
#7774=DIRECTION('',(1.,0.,0.));
#7775=DIRECTION('',(0.,0.,1.));
#7776=DIRECTION('',(-1.,0.,0.));
#7777=DIRECTION('',(0.,0.,-1.));
#7778=DIRECTION('',(-1.,0.,0.));
#7779=DIRECTION('',(0.,0.,1.));
#7780=DIRECTION('',(1.,0.,0.));
#7781=DIRECTION('',(0.,0.,1.));
#7782=DIRECTION('',(-1.,0.,0.));
#7783=DIRECTION('',(0.,0.,-1.));
#7784=DIRECTION('',(-1.,0.,0.));
#7785=DIRECTION('',(0.,0.,-1.));
#7786=DIRECTION('',(1.,0.,0.));
#7787=DIRECTION('',(0.,0.,-1.));
#7788=DIRECTION('',(-1.,0.,0.));
#7789=DIRECTION('',(0.,0.,1.));
#7790=DIRECTION('',(-1.,0.,0.));
#7791=DIRECTION('',(0.,0.,-1.));
#7792=DIRECTION('',(-1.,0.,0.));
#7793=DIRECTION('',(0.,0.,-1.));
#7794=DIRECTION('',(1.,0.,0.));
#7795=DIRECTION('',(0.,0.,-1.));
#7796=DIRECTION('',(-1.,0.,0.));
#7797=DIRECTION('',(0.,0.,1.));
#7798=DIRECTION('',(-1.,0.,0.));
#7799=DIRECTION('',(0.,0.,-1.));
#7800=DIRECTION('',(-1.,0.,0.));
#7801=DIRECTION('',(0.,0.,-1.));
#7802=DIRECTION('',(1.,0.,0.));
#7803=DIRECTION('',(0.,0.,-1.));
#7804=DIRECTION('',(-1.,0.,0.));
#7805=DIRECTION('',(0.,0.,1.));
#7806=DIRECTION('',(-1.,0.,0.));
#7807=DIRECTION('',(0.,0.,-1.));
#7808=DIRECTION('',(-1.,0.,0.));
#7809=DIRECTION('',(0.,0.,-1.));
#7810=DIRECTION('',(1.,0.,0.));
#7811=DIRECTION('',(0.,0.,-1.));
#7812=DIRECTION('',(-1.,0.,0.));
#7813=DIRECTION('',(0.,0.,1.));
#7814=DIRECTION('',(-1.,0.,0.));
#7815=DIRECTION('',(0.,0.,-1.));
#7816=DIRECTION('',(-1.,0.,0.));
#7817=DIRECTION('',(0.,0.,1.));
#7818=DIRECTION('',(-1.,0.,0.));
#7819=DIRECTION('',(0.,0.,-1.));
#7820=DIRECTION('',(-1.,0.,0.));
#7821=DIRECTION('',(0.,0.,1.));
#7822=DIRECTION('',(-1.,0.,0.));
#7823=DIRECTION('',(0.,0.,-1.));
#7824=DIRECTION('',(-1.,0.,0.));
#7825=DIRECTION('',(0.,0.,1.));
#7826=DIRECTION('',(-1.,0.,0.));
#7827=DIRECTION('',(0.,0.,-1.));
#7828=DIRECTION('',(-1.,0.,0.));
#7829=DIRECTION('',(0.,0.,1.));
#7830=DIRECTION('',(-1.,0.,0.));
#7831=DIRECTION('',(0.,0.,-1.));
#7832=DIRECTION('',(-1.,0.,0.));
#7833=DIRECTION('',(0.,0.,1.));
#7834=DIRECTION('',(-1.,0.,0.));
#7835=DIRECTION('',(0.,0.,-1.));
#7836=DIRECTION('',(-1.,0.,0.));
#7837=DIRECTION('',(0.,0.,1.));
#7838=DIRECTION('',(-1.,0.,0.));
#7839=DIRECTION('',(0.,0.,-1.));
#7840=DIRECTION('',(-1.,0.,0.));
#7841=DIRECTION('',(0.,0.,1.));
#7842=DIRECTION('',(-1.,0.,0.));
#7843=DIRECTION('',(0.,0.,-1.));
#7844=DIRECTION('',(-1.,0.,0.));
#7845=DIRECTION('',(-0.450725235815863,0.892662736871398,0.));
#7846=DIRECTION('',(0.892662736871398,0.450725235815863,0.));
#7847=DIRECTION('',(0.,0.,-1.));
#7848=DIRECTION('',(-0.892662736871398,-0.450725235815863,0.));
#7849=DIRECTION('',(-0.892662736871398,-0.450725235815863,0.));
#7850=DIRECTION('',(0.,0.,-1.));
#7851=DIRECTION('',(1.,0.,0.));
#7852=DIRECTION('',(0.,-1.,0.));
#7853=DIRECTION('',(0.,0.,-1.));
#7854=DIRECTION('',(1.,0.,0.));
#7855=DIRECTION('',(0.,-1.,0.));
#7856=DIRECTION('',(-0.892662736871398,-0.450725235815863,0.));
#7857=DIRECTION('',(-0.450725235815863,0.892662736871398,0.));
#7858=DIRECTION('',(-0.998020095027377,-0.0628958656951774,0.));
#7859=DIRECTION('',(0.0628958656951774,-0.998020095027377,0.));
#7860=DIRECTION('',(-0.892662736871398,-0.450725235815863,0.));
#7861=DIRECTION('',(0.450725235815863,-0.892662736871398,0.));
#7862=DIRECTION('',(0.892662736871398,0.450725235815863,0.));
#7863=DIRECTION('',(0.450725235815863,-0.892662736871398,0.));
#7864=DIRECTION('',(-0.892662736871398,-0.450725235815863,0.));
#7865=DIRECTION('',(-0.450725235815863,0.892662736871398,0.));
#7866=DIRECTION('',(-0.998824494230926,0.0484729793218416,0.));
#7867=DIRECTION('',(-0.0484729793218416,-0.998824494230926,0.));
#7868=DIRECTION('',(0.,0.,-1.));
#7869=DIRECTION('',(1.,0.,0.));
#7870=DIRECTION('',(0.,0.,-1.));
#7871=DIRECTION('',(1.,0.,0.));
#7872=DIRECTION('',(0.892662736871398,0.450725235815863,0.));
#7873=DIRECTION('',(0.450725235815863,-0.892662736871398,0.));
#7874=DIRECTION('',(1.,0.,0.));
#7875=DIRECTION('',(0.,1.,0.));
#7876=DIRECTION('',(1.,0.,0.));
#7877=DIRECTION('',(0.,1.,0.));
#7878=DIRECTION('',(0.,-1.,0.));
#7879=DIRECTION('',(1.,0.,0.));
#7880=DIRECTION('',(0.,-1.,0.));
#7881=DIRECTION('',(0.,-1.,0.));
#7882=DIRECTION('',(1.,0.,0.));
#7883=DIRECTION('',(0.,-1.,0.));
#7884=DIRECTION('',(0.,0.,-1.));
#7885=DIRECTION('',(1.,0.,0.));
#7886=DIRECTION('',(0.,1.,5.38943215837451E-16));
#7887=DIRECTION('',(0.,1.,5.38943215837451E-16));
#7888=DIRECTION('',(1.,0.,0.));
#7889=DIRECTION('',(0.,-1.,-5.38943215837451E-16));
#7890=DIRECTION('',(0.,5.38943215837451E-16,-1.));
#7891=DIRECTION('',(1.,0.,0.));
#7892=DIRECTION('',(0.,1.,5.38943215837451E-16));
#7893=DIRECTION('',(0.,1.,5.38943215837451E-16));
#7894=DIRECTION('',(1.,0.,0.));
#7895=DIRECTION('',(0.,1.,0.));
#7896=DIRECTION('',(1.,0.,0.));
#7897=DIRECTION('',(0.,1.,5.38943215837451E-16));
#7898=DIRECTION('',(1.,0.,0.));
#7899=DIRECTION('',(0.,1.,5.38943215837451E-16));
#7900=DIRECTION('',(0.892662736871398,0.450725235815863,2.42915308049695E-16));
#7901=DIRECTION('',(0.450725235815863,-0.892662736871398,-4.81094526067732E-16));
#7902=DIRECTION('',(-0.892662736871398,-0.450725235815863,-2.42915308049695E-16));
#7903=DIRECTION('',(0.450725235815863,-0.892662736871398,-4.81094526067732E-16));
#7904=DIRECTION('',(-0.892662736871398,-0.450725235815863,-2.42915308049695E-16));
#7905=DIRECTION('',(0.450725235815863,-0.892662736871398,-4.81094526067732E-16));
#7906=DIRECTION('',(-0.450725235815832,0.892662736871414,4.8109452606774E-16));
#7907=DIRECTION('',(-0.892662736871414,-0.450725235815832,-2.42915308049678E-16));
#7908=DIRECTION('',(-0.450725235815863,0.892662736871398,4.81094526067732E-16));
#7909=DIRECTION('',(0.892662736871398,0.450725235815863,2.42915308049695E-16));
#7910=DIRECTION('',(0.450725235815854,-0.892662736871403,-4.81094526067734E-16));
#7911=DIRECTION('',(0.892662736871403,0.450725235815854,2.4291530804969E-16));
#7912=DIRECTION('',(0.450725235815863,-0.892662736871398,-4.81094526067732E-16));
#7913=DIRECTION('',(-0.450725235815863,0.892662736871398,4.81094526067732E-16));
#7914=DIRECTION('',(-0.892662736871398,-0.450725235815863,-2.42915308049695E-16));
#7915=DIRECTION('',(0.450725235815863,-0.892662736871398,-4.81094526067732E-16));
#7916=DIRECTION('',(0.892662736871398,0.450725235815863,2.42915308049695E-16));
#7917=DIRECTION('',(0.450725235815863,-0.892662736871398,-4.81094526067732E-16));
#7918=DIRECTION('',(-0.892662736871398,-0.450725235815863,-2.42915308049695E-16));
#7919=DIRECTION('',(0.450725235815863,-0.892662736871398,-4.81094526067732E-16));
#7920=DIRECTION('',(-0.892662736871398,-0.450725235815863,-2.42915308049695E-16));
#7921=DIRECTION('',(0.450725235815863,-0.892662736871398,-4.81094526067732E-16));
#7922=DIRECTION('',(0.450725235815863,-0.892662736871398,-4.81094526067732E-16));
#7923=DIRECTION('',(-0.892662736871398,-0.450725235815863,-2.42915308049695E-16));
#7924=DIRECTION('',(0.450725235815865,-0.892662736871397,2.64644006507212E-15));
#7925=DIRECTION('',(0.892662736871397,0.450725235815865,2.42915308049696E-16));
#7926=DIRECTION('',(0.450725235815863,-0.892662736871398,-4.81094526067732E-16));
#7927=DIRECTION('',(-0.318710870697302,0.631207874554308,0.707106781186548));
#7928=DIRECTION('',(-0.318710870697302,0.631207874554309,-0.707106781186547));
#7929=DIRECTION('',(0.450725235815863,-0.892662736871398,-4.81094526067732E-16));
#7930=DIRECTION('',(0.,5.38943215837451E-16,-1.));
#7931=DIRECTION('',(-1.,0.,0.));
#7932=DIRECTION('',(-7.74261502890253E-16,-9.29885039729929E-16,1.));
#7933=DIRECTION('',(-1.,4.17282984266811E-31,-7.74261502890253E-16));
#7934=DIRECTION('',(0.,-5.38943215837451E-16,1.));
#7935=DIRECTION('',(0.,-5.38943215837451E-16,1.));
#7936=DIRECTION('',(0.892662736871399,0.450725235815862,2.42915308049694E-16));
#7937=DIRECTION('',(0.450725235815862,-0.892662736871399,-4.81094526067732E-16));
#7938=DIRECTION('',(-0.892662736871401,-0.450725235815857,-2.42915308049692E-16));
#7939=DIRECTION('',(0.450725235815857,-0.892662736871401,-4.81094526067733E-16));
#7940=DIRECTION('',(-0.0742545693271608,0.147061406403856,-0.986336251833297));
#7941=DIRECTION('',(0.,0.989066749828309,0.147468519976517));
#7942=DIRECTION('',(0.,5.38943215837451E-16,-1.));
#7943=DIRECTION('',(-1.,0.,0.));
#7944=DIRECTION('',(-0.450725235815865,0.892662736871397,3.60862911720758E-15));
#7945=DIRECTION('',(-0.892662736871397,-0.450725235815865,-2.42915308049696E-16));
#7946=DIRECTION('',(-0.892662736871397,-0.450725235815865,-2.42915308049696E-16));
#7947=DIRECTION('',(0.450725235815865,-0.892662736871397,-4.81094526067731E-16));
#7948=DIRECTION('',(0.892662736871398,0.450725235815863,2.42915308049695E-16));
#7949=DIRECTION('',(0.450725235815863,-0.892662736871398,-4.81094526067732E-16));
#7950=DIRECTION('',(0.892662736871398,0.450725235815863,2.42915308049695E-16));
#7951=DIRECTION('',(0.892662736871398,0.450725235815863,2.42915308049695E-16));
#7952=DIRECTION('',(-0.892662736871398,-0.450725235815863,-2.42915308049695E-16));
#7953=DIRECTION('',(-0.450725235815863,0.892662736871398,4.81094526067732E-16));
#7954=DIRECTION('',(-0.892662736871398,-0.450725235815863,-2.42915308049695E-16));
#7955=DIRECTION('',(0.450725235815863,-0.892662736871398,-4.81094526067732E-16));
#7956=DIRECTION('',(0.892662736871398,0.450725235815863,2.42915308049695E-16));
#7957=DIRECTION('',(-0.450725235815863,0.892662736871398,4.81094526067732E-16));
#7958=DIRECTION('',(-0.0742545693271604,0.147061406403854,0.986336251833298));
#7959=DIRECTION('',(0.,-0.98906674982831,0.147468519976515));
#7960=DIRECTION('',(0.892662736871398,0.450725235815863,2.42915308049695E-16));
#7961=DIRECTION('',(-0.450725235815863,0.892662736871398,4.81094526067732E-16));
#7962=DIRECTION('',(0.892662736871398,0.450725235815863,2.42915308049695E-16));
#7963=DIRECTION('',(-0.450725235815863,0.892662736871398,4.81094526067732E-16));
#7964=DIRECTION('',(-0.450725235815863,0.892662736871398,4.81094526067732E-16));
#7965=DIRECTION('',(0.892662736871398,0.450725235815863,2.42915308049695E-16));
#7966=DIRECTION('',(0.450725235815865,-0.892662736871397,-4.81094526067731E-16));
#7967=DIRECTION('',(0.892662736871397,0.450725235815865,2.42915308049696E-16));
#7968=DIRECTION('',(0.450725235815863,-0.892662736871398,-4.81094526067732E-16));
#7969=DIRECTION('',(0.450725235815863,-0.892662736871398,-4.81094526067732E-16));
#7970=DIRECTION('',(0.892662736871398,0.450725235815863,2.42915308049695E-16));
#7971=DIRECTION('',(0.450725235815863,-0.892662736871398,-4.81094526067732E-16));
#7972=DIRECTION('',(0.892662736871398,0.450725235815863,2.42915308049695E-16));
#7973=DIRECTION('',(-0.948376729280594,0.317145990608495,1.70923680068496E-16));
#7974=DIRECTION('',(0.317145990608495,0.948376729280594,3.05152979855135E-16));
#7975=DIRECTION('',(0.892662736871398,0.450725235815863,2.42915308049695E-16));
#7976=DIRECTION('',(0.892662736871397,0.450725235815865,2.42915308049696E-16));
#7977=DIRECTION('',(0.450725235815865,-0.892662736871397,-4.81094526067731E-16));
#7978=DIRECTION('',(-0.892662736871397,-0.450725235815865,-2.42915308049696E-16));
#7979=DIRECTION('',(0.450725235815865,-0.892662736871397,-4.81094526067731E-16));
#7980=DIRECTION('',(0.450725235815865,-0.892662736871397,-4.81094526067731E-16));
#7981=DIRECTION('',(0.892662736871397,0.450725235815865,2.42915308049696E-16));
#7982=DIRECTION('',(-0.892662736871398,-0.450725235815863,-2.42915308049695E-16));
#7983=DIRECTION('',(-0.450725235815863,0.892662736871398,4.81094526067732E-16));
#7984=DIRECTION('',(0.892662736871398,0.450725235815863,2.42915308049695E-16));
#7985=DIRECTION('',(-0.450725235815863,0.892662736871398,4.81094526067732E-16));
#7986=DIRECTION('',(0.450725235815865,-0.892662736871397,2.64644006507212E-15));
#7987=DIRECTION('',(0.892662736871397,0.450725235815865,2.42915308049696E-16));
#7988=DIRECTION('',(0.892662736871398,0.450725235815863,2.42915308049695E-16));
#7989=DIRECTION('',(-0.450725235815863,0.892662736871398,4.81094526067732E-16));
#7990=DIRECTION('',(-0.173594313656728,0.343804080225572,0.922856309880524));
#7991=DIRECTION('',(0.,-0.937083820025229,0.349104446042905));
#7992=DIRECTION('',(-0.892662736871398,-0.450725235815863,-2.42915308049695E-16));
#7993=DIRECTION('',(-0.450725235815863,0.892662736871398,4.81094526067732E-16));
#7994=DIRECTION('',(-0.17359431365673,0.343804080225574,-0.922856309880523));
#7995=DIRECTION('',(0.,0.937083820025229,0.349104446042907));
#7996=DIRECTION('',(0.892662736871398,0.450725235815863,2.42915308049695E-16));
#7997=DIRECTION('',(-0.450725235815863,0.892662736871398,4.81094526067732E-16));
#7998=DIRECTION('',(-0.892662736871398,-0.450725235815863,-2.42915308049695E-16));
#7999=DIRECTION('',(-0.450725235815863,0.892662736871398,4.81094526067732E-16));
#8000=DIRECTION('',(0.892662736871398,0.450725235815863,2.42915308049695E-16));
#8001=DIRECTION('',(-0.450725235815863,0.892662736871398,4.81094526067732E-16));
#8002=DIRECTION('',(0.892662736871398,0.450725235815863,2.42915308049695E-16));
#8003=DIRECTION('',(-0.450725235815863,0.892662736871398,4.81094526067732E-16));
#8004=DIRECTION('',(0.892662736871398,0.450725235815863,2.42915308049695E-16));
#8005=DIRECTION('',(0.450725235815863,-0.892662736871398,-4.81094526067732E-16));
#8006=DIRECTION('',(0.892662736871398,0.450725235815863,2.42915308049695E-16));
#8007=DIRECTION('',(-0.892662736871398,-0.450725235815863,-2.42915308049695E-16));
#8008=DIRECTION('',(-0.450725235815863,0.892662736871398,4.81094526067732E-16));
#8009=DIRECTION('',(0.892662736871398,0.450725235815863,2.42915308049695E-16));
#8010=DIRECTION('',(0.318710870697302,-0.631207874554309,0.707106781186547));
#8011=DIRECTION('',(0.318710870697302,-0.631207874554308,-0.707106781186548));
#8012=DIRECTION('',(0.450725235815863,-0.892662736871398,-4.81094526067732E-16));
#8013=DIRECTION('',(0.450725235815863,-0.892662736871398,-4.81094526067732E-16));
#8014=DIRECTION('',(0.450725235815863,-0.892662736871398,-4.81094526067732E-16));
#8015=DIRECTION('',(-0.892662736871398,-0.450725235815863,-2.42915308049695E-16));
#8016=DIRECTION('',(-0.450725235815862,0.892662736871399,4.81094526067732E-16));
#8017=DIRECTION('',(-0.892662736871399,-0.450725235815862,-2.42915308049694E-16));
#8018=DIRECTION('',(0.450725235815863,-0.892662736871398,-4.81094526067732E-16));
#8019=DIRECTION('',(0.450725235815863,-0.892662736871398,-4.81094526067732E-16));
#8020=DIRECTION('',(0.892662736871398,0.450725235815863,2.42915308049695E-16));
#8021=DIRECTION('',(0.450725235815863,-0.892662736871398,-4.81094526067732E-16));
#8022=DIRECTION('',(0.892662736871398,0.450725235815863,2.42915308049695E-16));
#8023=DIRECTION('',(0.892662736871398,0.450725235815863,2.42915308049695E-16));
#8024=DIRECTION('',(-0.450725235815863,0.892662736871398,0.));
#8025=DIRECTION('',(0.892662736871398,0.450725235815863,2.42915308049695E-16));
#8026=DIRECTION('',(0.892662736871398,0.450725235815863,2.42915308049695E-16));
#8027=DIRECTION('',(0.450725235815863,-0.892662736871398,-4.81094526067732E-16));
#8028=DIRECTION('',(-0.892662736871398,-0.450725235815863,-2.42915308049695E-16));
#8029=DIRECTION('',(0.892662736871398,0.450725235815863,2.42915308049695E-16));
#8030=DIRECTION('',(-0.450725235815863,0.892662736871398,0.));
#8031=DIRECTION('',(0.892662736871398,0.450725235815863,2.42915308049695E-16));
#8032=DIRECTION('',(0.,5.38943215837451E-16,-1.));
#8033=DIRECTION('',(-1.,0.,0.));
#8034=DIRECTION('',(0.,5.38943215837451E-16,-1.));
#8035=DIRECTION('',(1.,0.,0.));
#8036=DIRECTION('',(0.,-5.38943215837451E-16,1.));
#8037=DIRECTION('',(0.,-5.38943215837451E-16,1.));
#8038=DIRECTION('',(0.450725235815865,-0.892662736871397,-4.81094526067731E-16));
#8039=DIRECTION('',(-0.892662736871397,-0.450725235815865,-2.42915308049696E-16));
#8040=DIRECTION('',(-0.892662736871397,-0.450725235815865,-2.42915308049696E-16));
#8041=DIRECTION('',(0.450725235815865,-0.892662736871397,-4.81094526067731E-16));
#8042=DIRECTION('',(-0.892662736871398,-0.450725235815863,-2.42915308049695E-16));
#8043=DIRECTION('',(-0.450725235815863,0.892662736871398,4.81094526067732E-16));
#8044=DIRECTION('',(0.892662736871398,0.450725235815863,2.42915308049695E-16));
#8045=DIRECTION('',(-0.948376729280594,0.317145990608494,1.70923680068496E-16));
#8046=DIRECTION('',(-0.317145990608494,-0.948376729280594,-6.10305959710269E-16));
#8047=DIRECTION('',(0.892662736871398,0.450725235815863,2.42915308049695E-16));
#8048=DIRECTION('',(0.892662736871398,0.450725235815863,2.42915308049695E-16));
#8049=DIRECTION('',(0.450725235815863,-0.892662736871398,-4.81094526067732E-16));
#8050=DIRECTION('',(0.892662736871398,0.450725235815863,2.42915308049695E-16));
#8051=DIRECTION('',(-0.450725235815863,0.892662736871398,0.));
#8052=DIRECTION('',(0.,-5.38943215837451E-16,1.));
#8053=DIRECTION('',(1.,0.,0.));
#8054=DIRECTION('',(0.,-5.38943215837451E-16,1.));
#8055=DIRECTION('',(-1.,0.,0.));
#8056=DIRECTION('',(0.,5.38943215837451E-16,-1.));
#8057=DIRECTION('',(1.,0.,0.));
#8058=DIRECTION('',(0.,-5.38943215837451E-16,1.));
#8059=DIRECTION('',(1.,0.,0.));
#8060=DIRECTION('',(0.,-5.38943215837451E-16,1.));
#8061=DIRECTION('',(-1.,0.,0.));
#8062=DIRECTION('',(0.,5.38943215837451E-16,-1.));
#8063=DIRECTION('',(1.,0.,0.));
#8064=DIRECTION('',(0.,-5.38943215837451E-16,1.));
#8065=DIRECTION('',(1.,0.,0.));
#8066=DIRECTION('',(0.,-5.38943215837451E-16,1.));
#8067=DIRECTION('',(-1.,0.,0.));
#8068=DIRECTION('',(0.,5.38943215837451E-16,-1.));
#8069=DIRECTION('',(1.,0.,0.));
#8070=DIRECTION('',(0.,-5.38943215837451E-16,1.));
#8071=DIRECTION('',(1.,0.,0.));
#8072=DIRECTION('',(0.,-5.38943215837451E-16,1.));
#8073=DIRECTION('',(-1.,0.,0.));
#8074=DIRECTION('',(0.,5.38943215837451E-16,-1.));
#8075=DIRECTION('',(1.,0.,0.));
#8076=DIRECTION('',(0.,-5.38943215837451E-16,1.));
#8077=DIRECTION('',(1.,0.,0.));
#8078=DIRECTION('',(0.,5.38943215837451E-16,-1.));
#8079=DIRECTION('',(1.,0.,0.));
#8080=DIRECTION('',(0.,-5.38943215837451E-16,1.));
#8081=DIRECTION('',(-1.,0.,0.));
#8082=DIRECTION('',(0.,-5.38943215837451E-16,1.));
#8083=DIRECTION('',(1.,0.,0.));
#8084=DIRECTION('',(0.,5.38943215837451E-16,-1.));
#8085=DIRECTION('',(1.,0.,0.));
#8086=DIRECTION('',(0.,-5.38943215837451E-16,1.));
#8087=DIRECTION('',(-1.,0.,0.));
#8088=DIRECTION('',(0.,-5.38943215837451E-16,1.));
#8089=DIRECTION('',(1.,0.,0.));
#8090=DIRECTION('',(0.,5.38943215837451E-16,-1.));
#8091=DIRECTION('',(1.,0.,0.));
#8092=DIRECTION('',(0.,-5.38943215837451E-16,1.));
#8093=DIRECTION('',(-1.,0.,0.));
#8094=DIRECTION('',(0.,-5.38943215837451E-16,1.));
#8095=DIRECTION('',(1.,0.,0.));
#8096=DIRECTION('',(0.,5.38943215837451E-16,-1.));
#8097=DIRECTION('',(1.,0.,0.));
#8098=DIRECTION('',(0.,-5.38943215837451E-16,1.));
#8099=DIRECTION('',(-1.,0.,0.));
#8100=DIRECTION('',(0.,-5.38943215837451E-16,1.));
#8101=DIRECTION('',(1.,0.,0.));
#8102=DIRECTION('',(0.,5.38943215837451E-16,-1.));
#8103=DIRECTION('',(1.,0.,0.));
#8104=DIRECTION('',(0.,5.38943215837451E-16,-1.));
#8105=DIRECTION('',(-1.,0.,0.));
#8106=DIRECTION('',(0.,5.38943215837451E-16,-1.));
#8107=DIRECTION('',(1.,0.,0.));
#8108=DIRECTION('',(0.,-5.38943215837451E-16,1.));
#8109=DIRECTION('',(1.,0.,0.));
#8110=DIRECTION('',(0.,5.38943215837451E-16,-1.));
#8111=DIRECTION('',(1.,0.,0.));
#8112=DIRECTION('',(0.,5.38943215837451E-16,-1.));
#8113=DIRECTION('',(-1.,0.,0.));
#8114=DIRECTION('',(0.,5.38943215837451E-16,-1.));
#8115=DIRECTION('',(1.,0.,0.));
#8116=DIRECTION('',(0.,-5.38943215837451E-16,1.));
#8117=DIRECTION('',(1.,0.,0.));
#8118=DIRECTION('',(0.,5.38943215837451E-16,-1.));
#8119=DIRECTION('',(1.,0.,0.));
#8120=DIRECTION('',(0.,5.38943215837451E-16,-1.));
#8121=DIRECTION('',(-1.,0.,0.));
#8122=DIRECTION('',(0.,5.38943215837451E-16,-1.));
#8123=DIRECTION('',(1.,0.,0.));
#8124=DIRECTION('',(0.,-5.38943215837451E-16,1.));
#8125=DIRECTION('',(1.,0.,0.));
#8126=DIRECTION('',(0.,5.38943215837451E-16,-1.));
#8127=DIRECTION('',(1.,0.,0.));
#8128=DIRECTION('',(0.,5.38943215837451E-16,-1.));
#8129=DIRECTION('',(-1.,0.,0.));
#8130=DIRECTION('',(0.,5.38943215837451E-16,-1.));
#8131=DIRECTION('',(1.,0.,0.));
#8132=DIRECTION('',(0.,-5.38943215837451E-16,1.));
#8133=DIRECTION('',(1.,0.,0.));
#8134=DIRECTION('',(0.,5.38943215837451E-16,-1.));
#8135=DIRECTION('',(1.,0.,0.));
#8136=DIRECTION('',(0.,-5.38943215837451E-16,1.));
#8137=DIRECTION('',(1.,0.,0.));
#8138=DIRECTION('',(0.,5.38943215837451E-16,-1.));
#8139=DIRECTION('',(1.,0.,0.));
#8140=DIRECTION('',(0.,-5.38943215837451E-16,1.));
#8141=DIRECTION('',(1.,0.,0.));
#8142=DIRECTION('',(0.,5.38943215837451E-16,-1.));
#8143=DIRECTION('',(1.,0.,0.));
#8144=DIRECTION('',(0.,-5.38943215837451E-16,1.));
#8145=DIRECTION('',(1.,0.,0.));
#8146=DIRECTION('',(0.,5.38943215837451E-16,-1.));
#8147=DIRECTION('',(1.,0.,0.));
#8148=DIRECTION('',(0.,-5.38943215837451E-16,1.));
#8149=DIRECTION('',(1.,0.,0.));
#8150=DIRECTION('',(0.,5.38943215837451E-16,-1.));
#8151=DIRECTION('',(1.,0.,0.));
#8152=DIRECTION('',(0.,-5.38943215837451E-16,1.));
#8153=DIRECTION('',(1.,0.,0.));
#8154=DIRECTION('',(0.,5.38943215837451E-16,-1.));
#8155=DIRECTION('',(1.,0.,0.));
#8156=DIRECTION('',(0.,-5.38943215837451E-16,1.));
#8157=DIRECTION('',(1.,0.,0.));
#8158=DIRECTION('',(0.,5.38943215837451E-16,-1.));
#8159=DIRECTION('',(1.,0.,0.));
#8160=DIRECTION('',(0.,-5.38943215837451E-16,1.));
#8161=DIRECTION('',(1.,0.,0.));
#8162=DIRECTION('',(0.,5.38943215837451E-16,-1.));
#8163=DIRECTION('',(1.,0.,0.));
#8164=DIRECTION('',(0.450725235815863,-0.892662736871398,-4.81094526067732E-16));
#8165=DIRECTION('',(-0.892662736871398,-0.450725235815863,-2.42915308049695E-16));
#8166=DIRECTION('',(6.90968429796136E-32,5.38943215837451E-16,-1.));
#8167=DIRECTION('',(0.892662736871398,0.450725235815863,2.42915308049695E-16));
#8168=DIRECTION('',(0.892662736871398,0.450725235815863,2.42915308049695E-16));
#8169=DIRECTION('',(0.,5.38943215837451E-16,-1.));
#8170=DIRECTION('',(-1.,0.,0.));
#8171=DIRECTION('',(0.,1.,5.38943215837451E-16));
#8172=DIRECTION('',(0.,5.38943215837451E-16,-1.));
#8173=DIRECTION('',(-1.,0.,0.));
#8174=DIRECTION('',(0.,1.,5.38943215837451E-16));
#8175=DIRECTION('',(0.892662736871398,0.450725235815863,2.42915308049695E-16));
#8176=DIRECTION('',(0.450725235815863,-0.892662736871398,-4.81094526067732E-16));
#8177=DIRECTION('',(-0.998020095027377,-0.0628958656951774,-3.38973001206393E-17));
#8178=DIRECTION('',(-0.0628958656951774,0.998020095027377,6.05174317374381E-16));
#8179=DIRECTION('',(0.892662736871398,0.450725235815863,2.42915308049695E-16));
#8180=DIRECTION('',(-0.450725235815863,0.892662736871398,0.));
#8181=DIRECTION('',(-0.892662736871398,-0.450725235815863,-2.42915308049695E-16));
#8182=DIRECTION('',(-0.450725235815863,0.892662736871398,4.81094526067732E-16));
#8183=DIRECTION('',(0.892662736871398,0.450725235815863,2.42915308049695E-16));
#8184=DIRECTION('',(0.450725235815863,-0.892662736871398,-4.81094526067732E-16));
#8185=DIRECTION('',(-0.998824494230926,0.0484729793218419,2.61241833569357E-17));
#8186=DIRECTION('',(0.0484729793218419,0.998824494230926,5.13039482528212E-16));
#8187=DIRECTION('',(0.,5.38943215837451E-16,-1.));
#8188=DIRECTION('',(-1.,0.,0.));
#8189=DIRECTION('',(0.,5.38943215837451E-16,-1.));
#8190=DIRECTION('',(-1.,0.,0.));
#8191=DIRECTION('',(-0.892662736871398,-0.450725235815863,-2.42915308049695E-16));
#8192=DIRECTION('',(-0.450725235815863,0.892662736871398,4.81094526067732E-16));
#8193=DIRECTION('',(1.,0.,0.));
#8194=DIRECTION('',(0.,1.,0.));
#8195=DIRECTION('',(1.,0.,0.));
#8196=DIRECTION('',(0.,-1.,0.));
#8197=DIRECTION('',(1.,0.,0.));
#8198=DIRECTION('',(0.,-1.,0.));
#8199=DIRECTION('',(0.,9.7165670993317E-16,-1.));
#8200=DIRECTION('',(0.,1.,9.7165670993317E-16));
#8201=DIRECTION('',(0.,-1.,0.));
#8202=DIRECTION('',(0.,0.,-1.));
#8203=DIRECTION('',(0.,-1.,-5.38943215837451E-16));
#8204=DIRECTION('',(0.,5.38943215837451E-16,-1.));
#8205=DIRECTION('',(0.,-1.,0.));
#8206=DIRECTION('',(0.,0.,-1.));
#8207=DIRECTION('',(0.,-5.38943215837451E-16,1.));
#8208=DIRECTION('',(0.,-1.,-5.38943215837451E-16));
#8209=DIRECTION('',(0.,-1.94331341986635E-15,-1.));
#8210=DIRECTION('',(0.,1.,-1.94331341986635E-15));
#8211=DIRECTION('',(1.,0.,0.));
#8212=DIRECTION('',(0.,0.,-1.));
#8213=DIRECTION('',(-3.92865411399368E-16,-0.423521691368244,0.905885962437095));
#8214=DIRECTION('',(0.,-0.905885962437095,-0.423521691368244));
#8215=DIRECTION('',(0.,-1.,0.));
#8216=DIRECTION('',(0.,0.,-1.));
#8217=DIRECTION('',(0.,0.423521691368243,0.905885962437095));
#8218=DIRECTION('',(0.,-0.905885962437095,0.423521691368243));
#8219=DIRECTION('',(0.,1.,5.38943215837451E-16));
#8220=DIRECTION('',(0.,-5.38943215837451E-16,1.));
#8221=DIRECTION('',(0.,-1.,6.93889390390722E-15));
#8222=DIRECTION('',(0.,-6.93889390390722E-15,-1.));
#8223=DIRECTION('',(1.,0.,0.));
#8224=DIRECTION('',(0.,0.,-1.));
#8225=DIRECTION('',(0.,0.,-1.));
#8226=DIRECTION('',(-1.,0.,0.));
#8227=DIRECTION('',(0.,1.,0.));
#8228=DIRECTION('',(0.,0.,1.));
#8229=DIRECTION('',(0.,1.,0.));
#8230=DIRECTION('',(0.,0.,1.));
#8231=DIRECTION('',(0.,1.,0.));
#8232=DIRECTION('',(0.,0.,1.));
#8233=DIRECTION('',(0.,0.,1.));
#8234=DIRECTION('',(1.,0.,0.));
#8235=DIRECTION('',(0.,0.,-1.));
#8236=DIRECTION('',(-1.,0.,0.));
#8237=DIRECTION('',(1.,0.,0.));
#8238=DIRECTION('',(0.,0.,-1.));
#8239=DIRECTION('',(0.,0.423521691368244,0.905885962437095));
#8240=DIRECTION('',(0.,-0.905885962437095,0.423521691368244));
#8241=DIRECTION('',(0.,1.,0.));
#8242=DIRECTION('',(0.,0.,1.));
#8243=DIRECTION('',(0.,-0.423521691368242,0.905885962437096));
#8244=DIRECTION('',(0.,-0.905885962437096,-0.423521691368242));
#8245=DIRECTION('',(0.,-1.,0.));
#8246=DIRECTION('',(0.,0.,-1.));
#8247=DIRECTION('',(0.,1.,0.));
#8248=DIRECTION('',(0.,0.,1.));
#8249=DIRECTION('',(1.,0.,0.));
#8250=DIRECTION('',(0.,0.,-1.));
#8251=DIRECTION('',(0.,0.,-1.));
#8252=DIRECTION('',(-1.,0.,0.));
#8253=DIRECTION('',(0.,1.,0.));
#8254=DIRECTION('',(0.,0.,1.));
#8255=DIRECTION('',(0.,-1.,0.));
#8256=DIRECTION('',(0.,0.,-1.));
#8257=DIRECTION('',(0.,1.,0.));
#8258=DIRECTION('',(0.,0.,1.));
#8259=DIRECTION('',(0.,0.,-1.));
#8260=DIRECTION('',(-1.,0.,0.));
#8261=DIRECTION('',(0.,0.,-1.));
#8262=DIRECTION('',(-1.,0.,0.));
#8263=DIRECTION('',(1.,0.,0.));
#8264=DIRECTION('',(0.,0.,-1.));
#8265=DIRECTION('',(3.92865411399368E-16,0.423521691368243,0.905885962437095));
#8266=DIRECTION('',(0.,-0.905885962437095,0.423521691368243));
#8267=DIRECTION('',(0.,1.,0.));
#8268=DIRECTION('',(0.,0.,1.));
#8269=DIRECTION('',(0.,-0.423521691368242,0.905885962437096));
#8270=DIRECTION('',(0.,-0.905885962437096,-0.423521691368242));
#8271=DIRECTION('',(0.,1.,0.));
#8272=DIRECTION('',(0.,0.,1.));
#8273=DIRECTION('',(0.,1.,0.));
#8274=DIRECTION('',(0.,0.,1.));
#8275=DIRECTION('',(1.,0.,0.));
#8276=DIRECTION('',(0.,0.,-1.));
#8277=DIRECTION('',(-8.67361737988403E-16,4.37950199716693E-16,-1.));
#8278=DIRECTION('',(-1.,0.,8.67361737988403E-16));
#8279=DIRECTION('',(0.,-1.,0.));
#8280=DIRECTION('',(0.,0.,-1.));
#8281=DIRECTION('',(0.,1.,5.38943215837451E-16));
#8282=DIRECTION('',(0.,-5.38943215837451E-16,1.));
#8283=DIRECTION('',(0.,-1.,0.));
#8284=DIRECTION('',(0.,0.,-1.));
#8285=DIRECTION('',(0.,5.38943215837451E-16,-1.));
#8286=DIRECTION('',(0.,1.,5.38943215837451E-16));
#8287=DIRECTION('',(1.73472347597681E-15,-8.7590039943339E-16,-1.));
#8288=DIRECTION('',(-1.,0.,-1.73472347597681E-15));
#8289=DIRECTION('',(1.,0.,0.));
#8290=DIRECTION('',(0.,0.,-1.));
#8291=DIRECTION('',(0.,-0.423521691368245,0.905885962437095));
#8292=DIRECTION('',(0.,-0.905885962437095,-0.423521691368245));
#8293=DIRECTION('',(0.,-1.,0.));
#8294=DIRECTION('',(0.,0.,-1.));
#8295=DIRECTION('',(0.,0.423521691368243,0.905885962437095));
#8296=DIRECTION('',(0.,-0.905885962437095,0.423521691368243));
#8297=DIRECTION('',(0.,-1.,-5.38943215837451E-16));
#8298=DIRECTION('',(0.,5.38943215837451E-16,-1.));
#8299=DIRECTION('',(6.93889390390722E-15,-1.,0.));
#8300=DIRECTION('',(1.,6.93889390390722E-15,0.));
#8301=DIRECTION('',(1.,0.,0.));
#8302=DIRECTION('',(0.,0.,-1.));
#8303=DIRECTION('',(0.892662736871398,-0.450725235815863,0.));
#8304=DIRECTION('',(0.450725235815863,0.892662736871398,0.));
#8305=DIRECTION('',(1.,6.12323399573681E-17,0.));
#8306=DIRECTION('',(6.12323399573681E-17,-1.,0.));
#8307=DIRECTION('',(0.892662736871398,0.450725235815863,2.42915308049695E-16));
#8308=DIRECTION('',(-0.450725235815863,0.892662736871398,0.));
#8309=DIRECTION('',(1.,6.12323399573678E-17,0.));
#8310=DIRECTION('',(-6.12323399573678E-17,1.,5.38943215837451E-16));
#8311=DIRECTION('',(-0.892662736871398,-0.450725235815863,0.));
#8312=DIRECTION('',(0.450725235815863,-0.892662736871398,0.));
#8313=DIRECTION('',(-0.892662736871398,0.450725235815863,2.42915308049695E-16));
#8314=DIRECTION('',(-0.450725235815863,-0.892662736871398,0.));
#8315=DIRECTION('',(0.0119659813423707,0.023698663410953,-0.999647532204751));
#8316=DIRECTION('',(0.,0.9997191070119,0.0237003602362926));
#8317=DIRECTION('',(0.892662736871398,-0.450725235815863,0.));
#8318=DIRECTION('',(0.450725235815863,0.892662736871398,0.));
#8319=DIRECTION('',(-0.0119659813423644,-0.0236986634109638,-0.999647532204751));
#8320=DIRECTION('',(0.,0.999719107011899,-0.0237003602363033));
#8321=DIRECTION('',(0.0119659813423659,-0.0236986634109671,-0.999647532204751));
#8322=DIRECTION('',(0.,0.999719107011899,-0.0237003602363066));
#8323=DIRECTION('',(0.892662736871398,0.450725235815863,2.42915308049695E-16));
#8324=DIRECTION('',(-0.450725235815863,0.892662736871398,0.));
#8325=DIRECTION('',(-0.011965981342369,0.0236986634109655,-0.999647532204751));
#8326=DIRECTION('',(0.,0.999719107011899,0.0237003602363051));
#8327=DIRECTION('',(-0.011965981342366,-0.0236986634109668,-0.999647532204751));
#8328=DIRECTION('',(0.,0.999719107011899,-0.0237003602363065));
#8329=DIRECTION('',(-0.892662736871398,0.450725235815863,2.42915308049695E-16));
#8330=DIRECTION('',(-0.450725235815863,-0.892662736871398,0.));
#8331=DIRECTION('',(0.0119659813423675,0.0236986634109699,-0.999647532204751));
#8332=DIRECTION('',(0.,0.999719107011899,0.0237003602363095));
#8333=DIRECTION('',(-0.0119659813423692,0.0236986634109654,-0.999647532204751));
#8334=DIRECTION('',(0.,0.999719107011899,0.023700360236305));
#8335=DIRECTION('',(-0.892662736871398,-0.450725235815863,0.));
#8336=DIRECTION('',(0.450725235815863,-0.892662736871398,0.));
#8337=DIRECTION('',(0.011965981342369,-0.0236986634109655,-0.999647532204751));
#8338=DIRECTION('',(0.,0.999719107011899,-0.0237003602363051));
#8339=DIRECTION('',(0.,0.,1.));
#8340=DIRECTION('',(1.,0.,0.));
#8341=DIRECTION('',(0.892662736871398,0.450725235815863,0.));
#8342=DIRECTION('',(-0.450725235815863,0.892662736871398,0.));
#8343=DIRECTION('',(0.892662736871398,0.450725235815863,0.));
#8344=DIRECTION('',(-0.450725235815863,0.892662736871398,0.));
#8345=DIRECTION('',(0.892662736871398,0.450725235815863,0.));
#8346=DIRECTION('',(-0.450725235815863,0.892662736871398,0.));
#8347=DIRECTION('',(1.,6.12323399573678E-17,0.));
#8348=DIRECTION('',(-6.12323399573678E-17,1.,0.));
#8349=DIRECTION('',(1.,6.12323399573678E-17,0.));
#8350=DIRECTION('',(-6.12323399573678E-17,1.,0.));
#8351=DIRECTION('',(1.,6.12323399573678E-17,0.));
#8352=DIRECTION('',(-6.12323399573678E-17,1.,0.));
#8353=DIRECTION('',(0.892662736871398,0.450725235815863,0.));
#8354=DIRECTION('',(-0.450725235815863,0.892662736871398,0.));
#8355=DIRECTION('',(0.892662736871398,0.450725235815863,0.));
#8356=DIRECTION('',(-0.450725235815863,0.892662736871398,0.));
#8357=DIRECTION('',(0.,0.,1.));
#8358=DIRECTION('',(1.,0.,0.));
#8359=DIRECTION('',(-0.892662736871398,0.450725235815863,0.));
#8360=DIRECTION('',(0.450725235815863,0.892662736871398,0.));
#8361=DIRECTION('',(0.892662736871398,-0.450725235815863,0.));
#8362=DIRECTION('',(0.450725235815863,0.892662736871398,0.));
#8363=DIRECTION('',(0.892662736871398,-0.450725235815863,0.));
#8364=DIRECTION('',(0.450725235815863,0.892662736871398,0.));
#8365=DIRECTION('',(-1.,6.12323399573678E-17,0.));
#8366=DIRECTION('',(6.12323399573678E-17,1.,0.));
#8367=DIRECTION('',(1.,-6.12323399573678E-17,0.));
#8368=DIRECTION('',(6.12323399573678E-17,1.,0.));
#8369=DIRECTION('',(1.,-6.12323399573678E-17,0.));
#8370=DIRECTION('',(6.12323399573678E-17,1.,0.));
#8371=DIRECTION('',(-0.892662736871398,0.450725235815863,0.));
#8372=DIRECTION('',(0.450725235815863,0.892662736871398,0.));
#8373=DIRECTION('',(-0.892662736871398,0.450725235815863,0.));
#8374=DIRECTION('',(0.450725235815863,0.892662736871398,0.));
#8375=DIRECTION('',(0.,0.,1.));
#8376=DIRECTION('',(1.,0.,0.));
#8377=CARTESIAN_POINT('',(0.,0.,0.));
#8378=CARTESIAN_POINT('',(-9.89272668061575E-18,-0.175439512723122,0.0463));
#8379=CARTESIAN_POINT('',(-1.11960814968073E-17,-0.154154878319553,0.0263));
#8380=CARTESIAN_POINT('',(-9.8241783708412E-18,-0.176559756639103,0.0263));
#8381=CARTESIAN_POINT('',(-1.21430643318376E-17,-0.154154878319553,0.0263));
#8382=CARTESIAN_POINT('',(-1.09083515184681E-17,-0.174319268807148,0.0263));
#8383=CARTESIAN_POINT('',(0.500166103188592,-0.427984483511186,0.0463));
#8384=CARTESIAN_POINT('',(0.508729882669093,-0.411023891510629,0.0263));
#8385=CARTESIAN_POINT('',(0.516842936913778,-0.394955962246944,0.0263));
#8386=CARTESIAN_POINT('',(0.508729882669093,-0.411023891510629,0.0263));
#8387=CARTESIAN_POINT('',(0.51774438738541,-0.393170636773201,0.0263));
#8388=CARTESIAN_POINT('',(-1.78532547356891E-6,-0.154153976869082,0.0263));
#8389=CARTESIAN_POINT('',(-0.00811483957015913,-0.150057515645173,0.0263));
#8390=CARTESIAN_POINT('',(0.,0.,0.));
#8391=CARTESIAN_POINT('',(9.89272668061575E-18,-0.175439512723122,0.0463));
#8392=CARTESIAN_POINT('',(1.11960814968073E-17,-0.154154878319553,0.0263));
#8393=CARTESIAN_POINT('',(9.8241783708412E-18,-0.176559756639103,0.0263));
#8394=CARTESIAN_POINT('',(1.21430643318376E-17,-0.154154878319553,0.0263));
#8395=CARTESIAN_POINT('',(1.09083515184681E-17,-0.174319268807148,0.0263));
#8396=CARTESIAN_POINT('',(-0.500166103188592,-0.427984483511186,0.0463));
#8397=CARTESIAN_POINT('',(-0.508729882669093,-0.411023891510629,0.0263));
#8398=CARTESIAN_POINT('',(-0.516842936913778,-0.394955962246944,0.0263));
#8399=CARTESIAN_POINT('',(-0.508729882669093,-0.411023891510629,0.0263));
#8400=CARTESIAN_POINT('',(-0.51774438738541,-0.393170636773201,0.0263));
#8401=CARTESIAN_POINT('',(1.78532547356891E-6,-0.154153976869082,0.0263));
#8402=CARTESIAN_POINT('',(0.00811483957015913,-0.150057515645173,0.0263));
#8403=CARTESIAN_POINT('',(0.,0.,0.));
#8404=CARTESIAN_POINT('',(0.204160545398198,-0.286562455209282,0.05865));
#8405=CARTESIAN_POINT('',(0.215958278445678,-0.263197008071674,0.0263));
#8406=CARTESIAN_POINT('',(0.229258978917321,-0.236854929257667,0.0333928661851404));
#8407=CARTESIAN_POINT('',(0.229450875960613,-0.236474876564251,0.0313));
#8408=CARTESIAN_POINT('',(0.242258095955534,-0.211110137375227,0.0313));
#8409=CARTESIAN_POINT('',(0.240455195012271,-0.214680788322713,0.0313));
#8410=CARTESIAN_POINT('',(0.240455195012271,-0.214680788322713,0.0363));
#8411=CARTESIAN_POINT('',(0.240455195012271,-0.214680788322713,0.0323));
#8412=CARTESIAN_POINT('',(0.204160545398198,-0.286562455209282,0.0323));
#8413=CARTESIAN_POINT('',(0.231078229169664,-0.233251898452501,0.0323));
#8414=CARTESIAN_POINT('',(0.231078229169664,-0.233251898452501,0.0403));
#8415=CARTESIAN_POINT('',(0.0977403106240772,-0.172878092529193,0.0253));
#8416=CARTESIAN_POINT('',(0.21129887113698,-0.210928762261903,0.0253));
#8417=CARTESIAN_POINT('',(0.20829887113698,-0.210928762261903,0.0253));
#8418=CARTESIAN_POINT('',(0.184518989030838,-0.197407005187427,0.0253));
#8419=CARTESIAN_POINT('',(0.181518989030838,-0.197407005187427,0.0253));
#8420=CARTESIAN_POINT('',(0.157739106924696,-0.183885248112951,0.0253));
#8421=CARTESIAN_POINT('',(0.154739106924696,-0.183885248112951,0.0253));
#8422=CARTESIAN_POINT('',(0.130959224818554,-0.170363491038475,0.0253));
#8423=CARTESIAN_POINT('',(0.127959224818554,-0.170363491038475,0.0253));
#8424=CARTESIAN_POINT('',(0.0999982146745263,-0.139279964691816,0.0253));
#8425=CARTESIAN_POINT('',(0.127104602899124,-0.152966581954981,0.0253));
#8426=CARTESIAN_POINT('',(0.238687445008049,-0.209307236431964,0.0253));
#8427=CARTESIAN_POINT('',(0.113127842717462,-0.180647599135599,0.0253));
#8428=CARTESIAN_POINT('',(0.114297382904202,-0.178331321144004,0.0253));
#8429=CARTESIAN_POINT('',(0.0989098508108175,-0.170561814537598,0.0253));
#8430=CARTESIAN_POINT('',(0.225880225013127,-0.234671975620988,0.0253));
#8431=CARTESIAN_POINT('',(0.224710684826387,-0.236988253612582,0.0253));
#8432=CARTESIAN_POINT('',(0.0977403106240772,-0.172878092529193,0.0273));
#8433=CARTESIAN_POINT('',(0.130959224818554,-0.170363491038475,0.0273));
#8434=CARTESIAN_POINT('',(0.127959224818554,-0.170363491038475,0.0273));
#8435=CARTESIAN_POINT('',(0.157739106924696,-0.183885248112951,0.0273));
#8436=CARTESIAN_POINT('',(0.154739106924696,-0.183885248112951,0.0273));
#8437=CARTESIAN_POINT('',(0.184518989030838,-0.197407005187427,0.0273));
#8438=CARTESIAN_POINT('',(0.181518989030838,-0.197407005187427,0.0273));
#8439=CARTESIAN_POINT('',(0.21129887113698,-0.210928762261903,0.0273));
#8440=CARTESIAN_POINT('',(0.20829887113698,-0.210928762261903,0.0273));
#8441=CARTESIAN_POINT('',(0.113404720167331,-0.177880595908188,0.0273));
#8442=CARTESIAN_POINT('',(0.225880225013127,-0.234671975620988,0.0273));
#8443=CARTESIAN_POINT('',(0.114297382904202,-0.178331321144004,0.0273));
#8444=CARTESIAN_POINT('',(0.127104602899124,-0.152966581954981,0.0273));
#8445=CARTESIAN_POINT('',(0.127104602899124,-0.152966581954981,0.0273));
#8446=CARTESIAN_POINT('',(0.0999982146745263,-0.139279964691816,0.0273));
#8447=CARTESIAN_POINT('',(0.238687445008049,-0.209307236431964,0.0273));
#8448=CARTESIAN_POINT('',(0.224255681719201,-0.237889388687059,0.0273));
#8449=CARTESIAN_POINT('',(0.0999982146745263,-0.204646197189103,0.0263));
#8450=CARTESIAN_POINT('',(0.113454346886931,-0.177996285327198,0.0387594222833562));
#8451=CARTESIAN_POINT('',(0.225843759710598,-0.234744195266506,0.0387594222833562));
#8452=CARTESIAN_POINT('',(0.10233618148842,-0.172382476758637,0.0387594222833562));
#8453=CARTESIAN_POINT('',(0.104,-0.206666787452375,0.0263));
#8454=CARTESIAN_POINT('',(0.10233618148842,-0.172382476758637,0.0138405777166437));
#8455=CARTESIAN_POINT('',(0.113454346886931,-0.177996285327198,0.0138405777166437));
#8456=CARTESIAN_POINT('',(0.225843759710598,-0.234744195266506,0.0138405777166437));
#8457=CARTESIAN_POINT('',(0.212387627498193,-0.26139410712841,0.0263));
#8458=CARTESIAN_POINT('',(0.204160545398198,-0.286562455209282,0.05865));
#8459=CARTESIAN_POINT('',(0.240455195012271,-0.214680788322713,0.0253));
#8460=CARTESIAN_POINT('',(0.240455195012271,-0.214680788322713,0.0203));
#8461=CARTESIAN_POINT('',(0.240455195012271,-0.214680788322713,0.0213));
#8462=CARTESIAN_POINT('',(0.204160545398198,-0.286562455209282,0.0213));
#8463=CARTESIAN_POINT('',(0.229450875960613,-0.236474876564251,0.0213));
#8464=CARTESIAN_POINT('',(0.215958278445678,-0.263197008071674,0.0263));
#8465=CARTESIAN_POINT('',(0.229258978917321,-0.236854929257667,0.0192071338148596));
#8466=CARTESIAN_POINT('',(0.231078229169664,-0.233251898452501,0.0123));
#8467=CARTESIAN_POINT('',(0.231078229169664,-0.233251898452501,0.0203));
#8468=CARTESIAN_POINT('',(0.242258095955534,-0.211110137375227,0.0203));
#8469=CARTESIAN_POINT('',(0.0881216047107783,-0.198649433119657,0.0263));
#8470=CARTESIAN_POINT('',(0.0998359356669075,-0.175449164084382,0.0219589785831961));
#8471=CARTESIAN_POINT('',(0.224101958454322,-0.238193838093135,0.0219589785831961));
#8472=CARTESIAN_POINT('',(0.112519116345397,-0.181853183616152,0.0219589785831961));
#8473=CARTESIAN_POINT('',(0.110891883756744,-0.180638629691974,0.0256004527296977));
#8474=CARTESIAN_POINT('',(0.110883268765837,-0.180655691708365,0.0248807495850601));
#8475=CARTESIAN_POINT('',(0.111348476089065,-0.180998690657501,0.0235372689032035));
#8476=CARTESIAN_POINT('',(0.112136573684861,-0.181562336500261,0.0224810907288973));
#8477=CARTESIAN_POINT('',(0.112519116345397,-0.181853183616152,0.0219589785831961));
#8478=CARTESIAN_POINT('',(0.110891883756744,-0.180638629691974,0.0256004527296977));
#8479=CARTESIAN_POINT('',(0.0990194599155252,-0.204152002179796,0.0263));
#8480=CARTESIAN_POINT('',(0.110891883756744,-0.180638629691974,0.0269995472703024));
#8481=CARTESIAN_POINT('',(0.110891883756744,-0.180638629691974,0.0269995472703024));
#8482=CARTESIAN_POINT('',(0.110883268765837,-0.180655691708365,0.0277192504149399));
#8483=CARTESIAN_POINT('',(0.111348476089046,-0.180998690657495,0.029062731096814));
#8484=CARTESIAN_POINT('',(0.112136573684899,-0.181562336500273,0.0301189092710678));
#8485=CARTESIAN_POINT('',(0.112519116345397,-0.181853183616152,0.0306410214168039));
#8486=CARTESIAN_POINT('',(0.112519116345397,-0.181853183616152,0.0306410214168039));
#8487=CARTESIAN_POINT('',(0.0998359356669075,-0.175449164084382,0.0306410214168039));
#8488=CARTESIAN_POINT('',(0.224101958454322,-0.238193838093135,0.0306410214168039));
#8489=CARTESIAN_POINT('',(0.212387627498193,-0.26139410712841,0.0263));
#8490=CARTESIAN_POINT('',(0.104,-0.206666787452375,0.0263));
#8491=CARTESIAN_POINT('',(0.102197099056737,-0.235274889921958,0.0263));
#8492=CARTESIAN_POINT('',(0.0932373361372883,-0.152669905744887,0.0363));
#8493=CARTESIAN_POINT('',(0.0981970990567366,-0.142851517089773,0.0363));
#8494=CARTESIAN_POINT('',(0.236884544064785,-0.21287788737945,0.0363));
#8495=CARTESIAN_POINT('',(0.104,-0.145781530618999,0.0363));
#8496=CARTESIAN_POINT('',(0.104,-0.152669905744887,0.0363));
#8497=CARTESIAN_POINT('',(0.104,-0.169087279001369,0.0363));
#8498=CARTESIAN_POINT('',(0.088818347888656,-0.16142172576909,0.0363));
#8499=CARTESIAN_POINT('',(0.227507578222178,-0.231448997509238,0.0363));
#8500=CARTESIAN_POINT('',(0.231926566470811,-0.222697177485035,0.0363));
#8501=CARTESIAN_POINT('',(0.130959224818554,-0.170363491038475,0.0363));
#8502=CARTESIAN_POINT('',(0.135159224818554,-0.170363491038475,0.0363));
#8503=CARTESIAN_POINT('',(0.157739106924696,-0.183885248112951,0.0363));
#8504=CARTESIAN_POINT('',(0.161939106924696,-0.183885248112951,0.0363));
#8505=CARTESIAN_POINT('',(0.184518989030838,-0.197407005187427,0.0363));
#8506=CARTESIAN_POINT('',(0.188718989030838,-0.197407005187427,0.0363));
#8507=CARTESIAN_POINT('',(0.21129887113698,-0.210928762261903,0.0363));
#8508=CARTESIAN_POINT('',(0.21549887113698,-0.210928762261903,0.0363));
#8509=CARTESIAN_POINT('',(0.0999982146745263,-0.139279964691816,0.0208));
#8510=CARTESIAN_POINT('',(0.0999982146745263,-0.139279964691816,0.0203));
#8511=CARTESIAN_POINT('',(0.238687445008049,-0.209307236431964,0.0203));
#8512=CARTESIAN_POINT('',(0.102197099056737,-0.140390230238664,0.0203));
#8513=CARTESIAN_POINT('',(0.102197099056737,-0.140390230238664,0.0323));
#8514=CARTESIAN_POINT('',(0.102197099056737,-0.140390230238664,0.0323));
#8515=CARTESIAN_POINT('',(0.242258095955534,-0.211110137375227,0.0323));
#8516=CARTESIAN_POINT('',(0.238687445008049,-0.209307236431964,0.0323));
#8517=CARTESIAN_POINT('',(0.238687445008049,-0.209307236431964,0.0273));
#8518=CARTESIAN_POINT('',(0.127104602899124,-0.152966581954981,0.0263));
#8519=CARTESIAN_POINT('',(0.238687445008049,-0.209307236431964,0.0163));
#8520=CARTESIAN_POINT('',(0.0932373361372883,-0.152669905744887,0.0163));
#8521=CARTESIAN_POINT('',(0.130959224818554,-0.170363491038475,0.0163));
#8522=CARTESIAN_POINT('',(0.135159224818554,-0.170363491038475,0.0163));
#8523=CARTESIAN_POINT('',(0.157739106924696,-0.183885248112951,0.0163));
#8524=CARTESIAN_POINT('',(0.161939106924696,-0.183885248112951,0.0163));
#8525=CARTESIAN_POINT('',(0.184518989030838,-0.197407005187427,0.0163));
#8526=CARTESIAN_POINT('',(0.188718989030838,-0.197407005187427,0.0163));
#8527=CARTESIAN_POINT('',(0.21129887113698,-0.210928762261903,0.0163));
#8528=CARTESIAN_POINT('',(0.21549887113698,-0.210928762261903,0.0163));
#8529=CARTESIAN_POINT('',(0.101253115796528,-0.167700316177416,0.0163));
#8530=CARTESIAN_POINT('',(0.227507578222178,-0.231448997509238,0.0163));
#8531=CARTESIAN_POINT('',(0.104,-0.169087279001369,0.0163));
#8532=CARTESIAN_POINT('',(0.104,-0.143761841806198,0.0163));
#8533=CARTESIAN_POINT('',(0.104,-0.145781530618999,0.0163));
#8534=CARTESIAN_POINT('',(0.0981953137312628,-0.142850615639302,0.0163));
#8535=CARTESIAN_POINT('',(0.236884544064785,-0.21287788737945,0.0163));
#8536=CARTESIAN_POINT('',(0.22625446242565,-0.233930797256971,0.0163));
#8537=CARTESIAN_POINT('',(0.21129887113698,-0.210928762261903,0.0283));
#8538=CARTESIAN_POINT('',(0.21129887113698,-0.210928762261903,0.0283));
#8539=CARTESIAN_POINT('',(0.21549887113698,-0.210928762261903,0.0283));
#8540=CARTESIAN_POINT('',(0.171129047977767,-0.187507282171262,0.0283));
#8541=CARTESIAN_POINT('',(0.21129887113698,-0.210928762261903,0.0283));
#8542=CARTESIAN_POINT('',(0.21429887113698,-0.210928762261903,0.0283));
#8543=CARTESIAN_POINT('',(0.184518989030838,-0.197407005187427,0.0283));
#8544=CARTESIAN_POINT('',(0.184518989030838,-0.197407005187427,0.0283));
#8545=CARTESIAN_POINT('',(0.188718989030838,-0.197407005187427,0.0283));
#8546=CARTESIAN_POINT('',(0.171129047977767,-0.187507282171262,0.0283));
#8547=CARTESIAN_POINT('',(0.184518989030838,-0.197407005187427,0.0283));
#8548=CARTESIAN_POINT('',(0.187518989030838,-0.197407005187427,0.0283));
#8549=CARTESIAN_POINT('',(0.157739106924696,-0.183885248112951,0.0283));
#8550=CARTESIAN_POINT('',(0.157739106924696,-0.183885248112951,0.0283));
#8551=CARTESIAN_POINT('',(0.161939106924696,-0.183885248112951,0.0283));
#8552=CARTESIAN_POINT('',(0.171129047977767,-0.187507282171262,0.0283));
#8553=CARTESIAN_POINT('',(0.157739106924696,-0.183885248112951,0.0283));
#8554=CARTESIAN_POINT('',(0.160739106924696,-0.183885248112951,0.0283));
#8555=CARTESIAN_POINT('',(0.130959224818554,-0.170363491038475,0.0283));
#8556=CARTESIAN_POINT('',(0.130959224818554,-0.170363491038475,0.0283));
#8557=CARTESIAN_POINT('',(0.135159224818554,-0.170363491038475,0.0283));
#8558=CARTESIAN_POINT('',(0.171129047977767,-0.187507282171262,0.0283));
#8559=CARTESIAN_POINT('',(0.130959224818554,-0.170363491038475,0.0283));
#8560=CARTESIAN_POINT('',(0.133959224818554,-0.170363491038475,0.0283));
#8561=CARTESIAN_POINT('',(0.21129887113698,-0.210928762261903,0.0243));
#8562=CARTESIAN_POINT('',(0.21129887113698,-0.210928762261903,0.0243));
#8563=CARTESIAN_POINT('',(0.21549887113698,-0.210928762261903,0.0243));
#8564=CARTESIAN_POINT('',(0.171129047977767,-0.187507282171262,0.0243));
#8565=CARTESIAN_POINT('',(0.21129887113698,-0.210928762261903,0.0243));
#8566=CARTESIAN_POINT('',(0.21429887113698,-0.210928762261903,0.0243));
#8567=CARTESIAN_POINT('',(0.184518989030838,-0.197407005187427,0.0243));
#8568=CARTESIAN_POINT('',(0.184518989030838,-0.197407005187427,0.0243));
#8569=CARTESIAN_POINT('',(0.188718989030838,-0.197407005187427,0.0243));
#8570=CARTESIAN_POINT('',(0.171129047977767,-0.187507282171262,0.0243));
#8571=CARTESIAN_POINT('',(0.184518989030838,-0.197407005187427,0.0243));
#8572=CARTESIAN_POINT('',(0.187518989030838,-0.197407005187427,0.0243));
#8573=CARTESIAN_POINT('',(0.157739106924696,-0.183885248112951,0.0243));
#8574=CARTESIAN_POINT('',(0.157739106924696,-0.183885248112951,0.0243));
#8575=CARTESIAN_POINT('',(0.161939106924696,-0.183885248112951,0.0243));
#8576=CARTESIAN_POINT('',(0.171129047977767,-0.187507282171262,0.0243));
#8577=CARTESIAN_POINT('',(0.157739106924696,-0.183885248112951,0.0243));
#8578=CARTESIAN_POINT('',(0.160739106924696,-0.183885248112951,0.0243));
#8579=CARTESIAN_POINT('',(0.130959224818554,-0.170363491038475,0.0243));
#8580=CARTESIAN_POINT('',(0.130959224818554,-0.170363491038475,0.0243));
#8581=CARTESIAN_POINT('',(0.135159224818554,-0.170363491038475,0.0243));
#8582=CARTESIAN_POINT('',(0.171129047977767,-0.187507282171262,0.0243));
#8583=CARTESIAN_POINT('',(0.130959224818554,-0.170363491038475,0.0243));
#8584=CARTESIAN_POINT('',(0.133959224818554,-0.170363491038475,0.0243));
#8585=CARTESIAN_POINT('',(0.130959224818554,-0.170363491038475,0.0113));
#8586=CARTESIAN_POINT('',(0.157739106924696,-0.183885248112951,0.0113));
#8587=CARTESIAN_POINT('',(0.184518989030838,-0.197407005187427,0.0113));
#8588=CARTESIAN_POINT('',(0.21129887113698,-0.210928762261903,0.0113));
#8589=CARTESIAN_POINT('',(0.130959224818554,-0.170363491038475,0.0113));
#8590=CARTESIAN_POINT('',(0.157739106924696,-0.183885248112951,0.0113));
#8591=CARTESIAN_POINT('',(0.184518989030838,-0.197407005187427,0.0113));
#8592=CARTESIAN_POINT('',(0.21129887113698,-0.210928762261903,0.0113));
#8593=CARTESIAN_POINT('',(0.105771550718003,-0.192998111836283,0.0263));
#8594=CARTESIAN_POINT('',(0.113404720167331,-0.177880595908188,0.0313));
#8595=CARTESIAN_POINT('',(0.113404720167331,-0.177880595908188,0.0263));
#8596=CARTESIAN_POINT('',(0.112235112863301,-0.180197006825785,0.0270260955538052));
#8597=CARTESIAN_POINT('',(0.0999121226523966,-0.204602727415611,0.0263));
#8598=CARTESIAN_POINT('',(0.112235112863301,-0.180197006825785,0.0255739044461947));
#8599=CARTESIAN_POINT('',(0.113404720167331,-0.177880595908188,0.0213));
#8600=CARTESIAN_POINT('',(0.0981953137312628,-0.142850615639302,0.0323));
#8601=CARTESIAN_POINT('',(0.104,-0.145781530618999,0.0323));
#8602=CARTESIAN_POINT('',(0.236884544064785,-0.21287788737945,0.0323));
#8603=CARTESIAN_POINT('',(0.236884544064785,-0.21287788737945,0.0323));
#8604=CARTESIAN_POINT('',(0.236884544064785,-0.21287788737945,0.0323));
#8605=CARTESIAN_POINT('',(0.236884544064785,-0.21287788737945,0.0323));
#8606=CARTESIAN_POINT('',(0.236884544064785,-0.21287788737945,0.05865));
#8607=CARTESIAN_POINT('',(0.236884544064785,-0.21287788737945,0.0313));
#8608=CARTESIAN_POINT('',(0.115118165398512,-0.17470108756993,0.0123));
#8609=CARTESIAN_POINT('',(0.104,-0.169087279001369,0.0123));
#8610=CARTESIAN_POINT('',(0.227507578222178,-0.231448997509238,0.0123));
#8611=CARTESIAN_POINT('',(0.115118165398512,-0.17470108756993,0.0403));
#8612=CARTESIAN_POINT('',(0.104,-0.169087279001369,0.0403));
#8613=CARTESIAN_POINT('',(0.227507578222178,-0.231448997509238,0.0403));
#8614=CARTESIAN_POINT('',(0.231926566470811,-0.222697177485035,0.0323));
#8615=CARTESIAN_POINT('',(0.227507578222178,-0.231448997509238,0.0323));
#8616=CARTESIAN_POINT('',(0.200589894450712,-0.284759554266019,0.0313));
#8617=CARTESIAN_POINT('',(0.225880225013127,-0.234671975620988,0.0313));
#8618=CARTESIAN_POINT('',(0.101614202225713,-0.171927301612235,0.0313));
#8619=CARTESIAN_POINT('',(0.114297382904202,-0.178331321144004,0.0313));
#8620=CARTESIAN_POINT('',(0.225880225013127,-0.234671975620988,0.0313));
#8621=CARTESIAN_POINT('',(0.227507578222178,-0.231448997509238,0.0123));
#8622=CARTESIAN_POINT('',(0.224179941199017,-0.238039393023773,0.0153811554332874));
#8623=CARTESIAN_POINT('',(0.228053163740596,-0.238961244916487,0.0149960110041266));
#8624=CARTESIAN_POINT('',(0.227507578222178,-0.231448997509238,0.0203));
#8625=CARTESIAN_POINT('',(0.229258978917321,-0.236854929257667,0.0192071338148596));
#8626=CARTESIAN_POINT('',(0.228823931597949,-0.237716541832069,0.0179069611344271));
#8627=CARTESIAN_POINT('',(0.228335557671842,-0.23840196285391,0.0164972642182051));
#8628=CARTESIAN_POINT('',(0.228053163740595,-0.238961244916487,0.0149960110041267));
#8629=CARTESIAN_POINT('',(0.212387627498193,-0.26139410712841,0.0263));
#8630=CARTESIAN_POINT('',(0.224179941199017,-0.238039393023773,0.0372188445667125));
#8631=CARTESIAN_POINT('',(0.228053163740596,-0.238961244916486,0.0376039889958729));
#8632=CARTESIAN_POINT('',(0.215844895411876,-0.26313975846044,0.0263));
#8633=CARTESIAN_POINT('',(0.227507578222178,-0.231448997509238,0.0403));
#8634=CARTESIAN_POINT('',(0.229258978917321,-0.236854929257667,0.0333928661851404));
#8635=CARTESIAN_POINT('',(0.228823931597974,-0.23771654183202,0.0346930388656133));
#8636=CARTESIAN_POINT('',(0.228335557671842,-0.23840196285391,0.0361027357817946));
#8637=CARTESIAN_POINT('',(0.228053163740595,-0.238961244916487,0.0376039889958727));
#8638=CARTESIAN_POINT('',(0.225880225013127,-0.234671975620988,0.0313));
#8639=CARTESIAN_POINT('',(0.225880225013127,-0.234671975620988,0.0313));
#8640=CARTESIAN_POINT('',(0.0981953137312628,-0.142850615639302,0.0203));
#8641=CARTESIAN_POINT('',(0.104,-0.145781530618999,0.0203));
#8642=CARTESIAN_POINT('',(0.236884544064785,-0.21287788737945,0.0203));
#8643=CARTESIAN_POINT('',(0.200589894450712,-0.284759554266019,0.0203));
#8644=CARTESIAN_POINT('',(0.236884544064785,-0.21287788737945,0.0203));
#8645=CARTESIAN_POINT('',(0.212387627498193,-0.26139410712841,0.0263));
#8646=CARTESIAN_POINT('',(0.225880225013127,-0.234671975620988,0.0213));
#8647=CARTESIAN_POINT('',(0.101614202225713,-0.171927301612235,0.0213));
#8648=CARTESIAN_POINT('',(0.114297382904202,-0.178331321144004,0.0213));
#8649=CARTESIAN_POINT('',(0.225880225013127,-0.234671975620988,0.0213));
#8650=CARTESIAN_POINT('',(0.236884544064785,-0.21287788737945,0.0203));
#8651=CARTESIAN_POINT('',(0.236884544064785,-0.21287788737945,0.0203));
#8652=CARTESIAN_POINT('',(0.225880225013127,-0.234671975620988,0.0213));
#8653=CARTESIAN_POINT('',(0.225880225013127,-0.234671975620988,0.0213));
#8654=CARTESIAN_POINT('',(0.236884544064785,-0.21287788737945,0.05865));
#8655=CARTESIAN_POINT('',(0.236884544064785,-0.21287788737945,0.0213));
#8656=CARTESIAN_POINT('',(0.224710684826387,-0.236988253612582,0.0213));
#8657=CARTESIAN_POINT('',(0.114297382904202,-0.178331321144004,0.0313));
#8658=CARTESIAN_POINT('',(0.112235112863301,-0.180197006825785,0.0270260955538052));
#8659=CARTESIAN_POINT('',(0.112181057864334,-0.18030406292002,0.0273399226579983));
#8660=CARTESIAN_POINT('',(0.112161054085676,-0.18060262234934,0.0279407646234482));
#8661=CARTESIAN_POINT('',(0.112238785519452,-0.181260114795379,0.0291023352292382));
#8662=CARTESIAN_POINT('',(0.11238338764257,-0.181667415777717,0.0300144654467941));
#8663=CARTESIAN_POINT('',(0.112519116345397,-0.181853183616152,0.0306410214168039));
#8664=CARTESIAN_POINT('',(0.114297382904202,-0.178331321144004,0.0263));
#8665=CARTESIAN_POINT('',(0.113127842717462,-0.180647599135599,0.0263));
#8666=CARTESIAN_POINT('',(0.114297382904202,-0.178331321144004,0.0263));
#8667=CARTESIAN_POINT('',(0.114297382904202,-0.178331321144004,0.0213));
#8668=CARTESIAN_POINT('',(0.112235112863301,-0.180197006825785,0.0255739044461947));
#8669=CARTESIAN_POINT('',(0.112181057864334,-0.18030406292002,0.0252600773420017));
#8670=CARTESIAN_POINT('',(0.112161054085681,-0.180602622349342,0.0246592353765535));
#8671=CARTESIAN_POINT('',(0.112238785519427,-0.181260114795368,0.0234976647707529));
#8672=CARTESIAN_POINT('',(0.112383387642682,-0.181667415777766,0.0225855345532449));
#8673=CARTESIAN_POINT('',(0.112519116345397,-0.181853183616152,0.0219589785831961));
#8674=CARTESIAN_POINT('',(0.1,-0.00675,-0.01));
#8675=CARTESIAN_POINT('',(0.1,0.191147098639575,0.0263));
#8676=CARTESIAN_POINT('',(0.1,0.213557578178704,0.0263));
#8677=CARTESIAN_POINT('',(0.1,0.193166787452376,0.0263));
#8678=CARTESIAN_POINT('',(0.1,0.218204238974472,0.0263));
#8679=CARTESIAN_POINT('',(0.1,-0.00675,-0.01));
#8680=CARTESIAN_POINT('',(0.1,0.132281530618999,0.0323));
#8681=CARTESIAN_POINT('',(0.1,0.123319579291179,0.0323));
#8682=CARTESIAN_POINT('',(0.1,0.132281530618999,0.0403));
#8683=CARTESIAN_POINT('',(0.1,-0.00675,0.0403));
#8684=CARTESIAN_POINT('',(0.1,0.155587279001369,0.0403));
#8685=CARTESIAN_POINT('',(0.1,0.193166787452376,0.0263));
#8686=CARTESIAN_POINT('',(0.1,0.155587279001369,0.0123));
#8687=CARTESIAN_POINT('',(0.1,0.130261841806198,0.0123));
#8688=CARTESIAN_POINT('',(0.1,0.132281530618999,0.0123));
#8689=CARTESIAN_POINT('',(0.1,0.132281530618999,0.0203));
#8690=CARTESIAN_POINT('',(0.1,0.123319579291179,0.0203));
#8691=CARTESIAN_POINT('',(0.1,0.123319579291179,0.0323));
#8692=CARTESIAN_POINT('',(0.1,-0.206666787452375,0.0263));
#8693=CARTESIAN_POINT('',(0.1,-0.169087279001369,0.0123));
#8694=CARTESIAN_POINT('',(0.1,-0.169087279001369,0.0403));
#8695=CARTESIAN_POINT('',(0.1,-0.00675,0.0403));
#8696=CARTESIAN_POINT('',(0.1,-0.145781530618999,0.0403));
#8697=CARTESIAN_POINT('',(0.1,-0.145781530618999,0.0323));
#8698=CARTESIAN_POINT('',(0.1,-0.136819579291179,0.0323));
#8699=CARTESIAN_POINT('',(0.1,-0.136819579291179,0.0203));
#8700=CARTESIAN_POINT('',(0.1,-0.136819579291179,0.0203));
#8701=CARTESIAN_POINT('',(0.1,-0.145781530618999,0.0203));
#8702=CARTESIAN_POINT('',(0.1,-0.145781530618999,0.0123));
#8703=CARTESIAN_POINT('',(0.1,-0.167067590188569,0.0123));
#8704=CARTESIAN_POINT('',(0.1,0.31366369416427,-0.034326348313597));
#8705=CARTESIAN_POINT('',(0.1,0.22374600782138,-0.163));
#8706=CARTESIAN_POINT('',(0.1,0.3115,-0.0374226293743391));
#8707=CARTESIAN_POINT('',(0.1,0.3115,0.1338));
#8708=CARTESIAN_POINT('',(0.1,0.3115,0.124216260730235));
#8709=CARTESIAN_POINT('',(0.1,0.227346497980183,0.143297054771092));
#8710=CARTESIAN_POINT('',(0.1,0.228656621616838,0.143));
#8711=CARTESIAN_POINT('',(0.1,-0.00675,0.143));
#8712=CARTESIAN_POINT('',(0.1,0.000104722413485413,0.143));
#8713=CARTESIAN_POINT('',(0.1,-0.00941772364189848,0.142833785085828));
#8714=CARTESIAN_POINT('',(0.1,-0.0373014573079632,0.142347072704246));
#8715=CARTESIAN_POINT('',(0.1,-0.0198143596024518,0.143832182832835));
#8716=CARTESIAN_POINT('',(0.1,-0.116198055938641,0.135646696248939));
#8717=CARTESIAN_POINT('',(0.1,-0.0460292006806783,0.152597601556446));
#8718=CARTESIAN_POINT('',(0.1,-0.199194442902467,0.115597004813659));
#8719=CARTESIAN_POINT('',(0.1,-0.0780242514327258,0.164958952644453));
#8720=CARTESIAN_POINT('',(0.1,-0.248643007807365,0.095452797302419));
#8721=CARTESIAN_POINT('',(0.1,-0.107820660908357,0.173160599635747));
#8722=CARTESIAN_POINT('',(0.1,-0.325,0.0533179075868817));
#8723=CARTESIAN_POINT('',(0.1,-0.325,-0.01));
#8724=CARTESIAN_POINT('',(0.1,-0.325,0.01919556389162));
#8725=CARTESIAN_POINT('',(0.1,-0.276704896779409,-0.0141813195839392));
#8726=CARTESIAN_POINT('',(0.1,-0.27807529986435,-0.0132342301063229));
#8727=CARTESIAN_POINT('',(0.1,-0.207724486995646,-0.0372411509445035));
#8728=CARTESIAN_POINT('',(0.1,-0.209608894631187,-0.0365981047153474));
#8729=CARTESIAN_POINT('',(0.1,-0.0816,-0.0365981047153474));
#8730=CARTESIAN_POINT('',(0.1,-0.0936,-0.0365981047153474));
#8731=CARTESIAN_POINT('',(0.1,-0.0400003503799118,-0.0675604568057996));
#8732=CARTESIAN_POINT('',(0.1,-0.065209734649935,-0.0529980140046916));
#8733=CARTESIAN_POINT('',(0.1,-0.069226986597008,-0.0460324686007685));
#8734=CARTESIAN_POINT('',(0.1,-0.0282592753366466,-0.117066712068314));
#8735=CARTESIAN_POINT('',(0.1,-0.0535183829143282,-0.104575926531296));
#8736=CARTESIAN_POINT('',(0.1,0.0646279060039138,-0.163));
#8737=CARTESIAN_POINT('',(0.1,-0.00675,-0.163));
#8738=CARTESIAN_POINT('',(-0.204160545398198,0.273062455209282,0.05865));
#8739=CARTESIAN_POINT('',(-0.215958278445678,0.249697008071673,0.0263));
#8740=CARTESIAN_POINT('',(-0.229258978917321,0.223354929257667,0.0333928661851405));
#8741=CARTESIAN_POINT('',(-0.229450875960613,0.222974876564251,0.0313));
#8742=CARTESIAN_POINT('',(-0.242258095955534,0.197610137375227,0.0313));
#8743=CARTESIAN_POINT('',(-0.240455195012271,0.201180788322713,0.0313));
#8744=CARTESIAN_POINT('',(-0.240455195012271,0.201180788322713,0.0363));
#8745=CARTESIAN_POINT('',(-0.240455195012271,0.201180788322713,0.0323));
#8746=CARTESIAN_POINT('',(-0.204160545398198,0.273062455209282,0.0323));
#8747=CARTESIAN_POINT('',(-0.231078229169664,0.219751898452501,0.0323));
#8748=CARTESIAN_POINT('',(-0.231078229169664,0.219751898452501,0.0403));
#8749=CARTESIAN_POINT('',(-0.0977403106240772,0.159378092529193,0.0253));
#8750=CARTESIAN_POINT('',(-0.21129887113698,0.197428762261903,0.0253));
#8751=CARTESIAN_POINT('',(-0.20829887113698,0.197428762261903,0.0253));
#8752=CARTESIAN_POINT('',(-0.184518989030838,0.183907005187427,0.0253));
#8753=CARTESIAN_POINT('',(-0.181518989030838,0.183907005187427,0.0253));
#8754=CARTESIAN_POINT('',(-0.157739106924696,0.170385248112951,0.0253));
#8755=CARTESIAN_POINT('',(-0.154739106924696,0.170385248112951,0.0253));
#8756=CARTESIAN_POINT('',(-0.130959224818554,0.156863491038475,0.0253));
#8757=CARTESIAN_POINT('',(-0.127959224818554,0.156863491038475,0.0253));
#8758=CARTESIAN_POINT('',(-0.0999982146745263,0.125779964691816,0.0253));
#8759=CARTESIAN_POINT('',(-0.127104602899124,0.139466581954981,0.0253));
#8760=CARTESIAN_POINT('',(-0.238687445008049,0.195807236431964,0.0253));
#8761=CARTESIAN_POINT('',(-0.113127842717462,0.167147599135599,0.0253));
#8762=CARTESIAN_POINT('',(-0.114297382904202,0.164831321144005,0.0253));
#8763=CARTESIAN_POINT('',(-0.0989098508108175,0.157061814537598,0.0253));
#8764=CARTESIAN_POINT('',(-0.225880225013127,0.221171975620988,0.0253));
#8765=CARTESIAN_POINT('',(-0.224710684826387,0.223488253612582,0.0253));
#8766=CARTESIAN_POINT('',(-0.0977403106240772,0.159378092529193,0.0273));
#8767=CARTESIAN_POINT('',(-0.130959224818554,0.156863491038475,0.0273));
#8768=CARTESIAN_POINT('',(-0.127959224818554,0.156863491038475,0.0273));
#8769=CARTESIAN_POINT('',(-0.157739106924696,0.170385248112951,0.0273));
#8770=CARTESIAN_POINT('',(-0.154739106924696,0.170385248112951,0.0273));
#8771=CARTESIAN_POINT('',(-0.184518989030838,0.183907005187427,0.0273));
#8772=CARTESIAN_POINT('',(-0.181518989030838,0.183907005187427,0.0273));
#8773=CARTESIAN_POINT('',(-0.21129887113698,0.197428762261903,0.0273));
#8774=CARTESIAN_POINT('',(-0.20829887113698,0.197428762261903,0.0273));
#8775=CARTESIAN_POINT('',(-0.113404720167331,0.164380595908189,0.0273));
#8776=CARTESIAN_POINT('',(-0.225880225013127,0.221171975620988,0.0273));
#8777=CARTESIAN_POINT('',(-0.114297382904202,0.164831321144005,0.0273));
#8778=CARTESIAN_POINT('',(-0.127104602899124,0.139466581954981,0.0273));
#8779=CARTESIAN_POINT('',(-0.127104602899124,0.139466581954981,0.0273));
#8780=CARTESIAN_POINT('',(-0.0999982146745263,0.125779964691816,0.0273));
#8781=CARTESIAN_POINT('',(-0.238687445008049,0.195807236431964,0.0273));
#8782=CARTESIAN_POINT('',(-0.224255681719201,0.224389388687058,0.0273));
#8783=CARTESIAN_POINT('',(-0.0999982146745263,0.191146197189103,0.0263));
#8784=CARTESIAN_POINT('',(-0.113454346886931,0.164496285327198,0.0387594222833563));
#8785=CARTESIAN_POINT('',(-0.225843759710598,0.221244195266506,0.0387594222833564));
#8786=CARTESIAN_POINT('',(-0.10233618148842,0.158882476758637,0.0387594222833563));
#8787=CARTESIAN_POINT('',(-0.104,0.193166787452376,0.0263));
#8788=CARTESIAN_POINT('',(-0.10233618148842,0.158882476758637,0.0138405777166438));
#8789=CARTESIAN_POINT('',(-0.113454346886931,0.164496285327198,0.0138405777166438));
#8790=CARTESIAN_POINT('',(-0.225843759710598,0.221244195266506,0.0138405777166439));
#8791=CARTESIAN_POINT('',(-0.212387627498193,0.24789410712841,0.0263));
#8792=CARTESIAN_POINT('',(-0.204160545398198,0.273062455209282,0.05865));
#8793=CARTESIAN_POINT('',(-0.240455195012271,0.201180788322713,0.0253));
#8794=CARTESIAN_POINT('',(-0.240455195012271,0.201180788322713,0.0203));
#8795=CARTESIAN_POINT('',(-0.240455195012271,0.201180788322713,0.0213));
#8796=CARTESIAN_POINT('',(-0.204160545398198,0.273062455209282,0.0213));
#8797=CARTESIAN_POINT('',(-0.229450875960613,0.222974876564251,0.0213));
#8798=CARTESIAN_POINT('',(-0.215958278445678,0.249697008071673,0.0263));
#8799=CARTESIAN_POINT('',(-0.229258978917321,0.223354929257667,0.0192071338148598));
#8800=CARTESIAN_POINT('',(-0.231078229169664,0.219751898452501,0.0123000000000001));
#8801=CARTESIAN_POINT('',(-0.231078229169664,0.219751898452501,0.0203));
#8802=CARTESIAN_POINT('',(-0.242258095955534,0.197610137375227,0.0203));
#8803=CARTESIAN_POINT('',(-0.0881216047107783,0.185149433119658,0.0263));
#8804=CARTESIAN_POINT('',(-0.0998359356669075,0.161949164084383,0.0219589785831962));
#8805=CARTESIAN_POINT('',(-0.224101958454322,0.224693838093136,0.0219589785831962));
#8806=CARTESIAN_POINT('',(-0.112519116345397,0.168353183616153,0.0219589785831962));
#8807=CARTESIAN_POINT('',(-0.110891883756744,0.167138629691974,0.0256004527296978));
#8808=CARTESIAN_POINT('',(-0.110883268765837,0.167155691708365,0.0248807495850602));
#8809=CARTESIAN_POINT('',(-0.111348476089037,0.167498690657492,0.023537268903178));
#8810=CARTESIAN_POINT('',(-0.112136573684917,0.168062336500279,0.0224810907289486));
#8811=CARTESIAN_POINT('',(-0.112519116345397,0.168353183616153,0.0219589785831962));
#8812=CARTESIAN_POINT('',(-0.110891883756744,0.167138629691974,0.0256004527296978));
#8813=CARTESIAN_POINT('',(-0.0990194599155252,0.190652002179795,0.0263));
#8814=CARTESIAN_POINT('',(-0.110891883756744,0.167138629691974,0.0269995472703025));
#8815=CARTESIAN_POINT('',(-0.110891883756744,0.167138629691974,0.0269995472703025));
#8816=CARTESIAN_POINT('',(-0.110883268765837,0.167155691708365,0.02771925041494));
#8817=CARTESIAN_POINT('',(-0.111348476089037,0.167498690657492,0.029062731096823));
#8818=CARTESIAN_POINT('',(-0.112136573684919,0.16806233650028,0.0301189092710498));
#8819=CARTESIAN_POINT('',(-0.112519116345397,0.168353183616153,0.0306410214168041));
#8820=CARTESIAN_POINT('',(-0.112519116345397,0.168353183616153,0.0306410214168041));
#8821=CARTESIAN_POINT('',(-0.0998359356669075,0.161949164084383,0.0306410214168041));
#8822=CARTESIAN_POINT('',(-0.224101958454322,0.224693838093135,0.0306410214168041));
#8823=CARTESIAN_POINT('',(-0.212387627498193,0.24789410712841,0.0263));
#8824=CARTESIAN_POINT('',(-0.104,0.193166787452376,0.0263));
#8825=CARTESIAN_POINT('',(-0.102197099056737,0.221774889921958,0.0263));
#8826=CARTESIAN_POINT('',(-0.0932373361372883,0.139169905744887,0.0363));
#8827=CARTESIAN_POINT('',(-0.0981970990567366,0.129351517089773,0.0363));
#8828=CARTESIAN_POINT('',(-0.236884544064785,0.19937788737945,0.0363));
#8829=CARTESIAN_POINT('',(-0.104,0.132281530618999,0.0363));
#8830=CARTESIAN_POINT('',(-0.104,0.153567590188568,0.0363));
#8831=CARTESIAN_POINT('',(-0.104,0.155587279001369,0.0363));
#8832=CARTESIAN_POINT('',(-0.088818347888656,0.14792172576909,0.0363));
#8833=CARTESIAN_POINT('',(-0.227507578222178,0.217948997509238,0.0363));
#8834=CARTESIAN_POINT('',(-0.231926566470811,0.209197177485035,0.0363));
#8835=CARTESIAN_POINT('',(-0.130959224818554,0.156863491038475,0.0363));
#8836=CARTESIAN_POINT('',(-0.135159224818554,0.156863491038475,0.0363));
#8837=CARTESIAN_POINT('',(-0.157739106924696,0.170385248112951,0.0363));
#8838=CARTESIAN_POINT('',(-0.161939106924696,0.170385248112951,0.0363));
#8839=CARTESIAN_POINT('',(-0.184518989030838,0.183907005187427,0.0363));
#8840=CARTESIAN_POINT('',(-0.188718989030838,0.183907005187427,0.0363));
#8841=CARTESIAN_POINT('',(-0.21129887113698,0.197428762261903,0.0363));
#8842=CARTESIAN_POINT('',(-0.21549887113698,0.197428762261903,0.0363));
#8843=CARTESIAN_POINT('',(-0.0932373361372883,0.139169905744887,0.0163));
#8844=CARTESIAN_POINT('',(-0.130959224818554,0.156863491038475,0.0163));
#8845=CARTESIAN_POINT('',(-0.135159224818554,0.156863491038475,0.0163));
#8846=CARTESIAN_POINT('',(-0.157739106924696,0.170385248112951,0.0163));
#8847=CARTESIAN_POINT('',(-0.161939106924696,0.170385248112951,0.0163));
#8848=CARTESIAN_POINT('',(-0.184518989030838,0.183907005187427,0.0163));
#8849=CARTESIAN_POINT('',(-0.188718989030838,0.183907005187427,0.0163));
#8850=CARTESIAN_POINT('',(-0.21129887113698,0.197428762261903,0.0163));
#8851=CARTESIAN_POINT('',(-0.21549887113698,0.197428762261903,0.0163));
#8852=CARTESIAN_POINT('',(-0.101253115796528,0.154200316177416,0.0163));
#8853=CARTESIAN_POINT('',(-0.227507578222178,0.217948997509238,0.0163));
#8854=CARTESIAN_POINT('',(-0.104,0.155587279001369,0.0163));
#8855=CARTESIAN_POINT('',(-0.104,0.139169905744887,0.0163));
#8856=CARTESIAN_POINT('',(-0.104,0.132281530618999,0.0163));
#8857=CARTESIAN_POINT('',(-0.0981953137312628,0.129350615639302,0.0163));
#8858=CARTESIAN_POINT('',(-0.236884544064785,0.19937788737945,0.0163));
#8859=CARTESIAN_POINT('',(-0.22625446242565,0.220430797256972,0.0163));
#8860=CARTESIAN_POINT('',(-0.0999982146745263,0.125779964691816,0.0208));
#8861=CARTESIAN_POINT('',(-0.0999982146745263,0.125779964691816,0.0203));
#8862=CARTESIAN_POINT('',(-0.238687445008049,0.195807236431964,0.0203));
#8863=CARTESIAN_POINT('',(-0.102197099056737,0.126890230238664,0.0203));
#8864=CARTESIAN_POINT('',(-0.102197099056737,0.126890230238664,0.0208));
#8865=CARTESIAN_POINT('',(-0.102197099056737,0.126890230238664,0.0323));
#8866=CARTESIAN_POINT('',(-0.242258095955534,0.197610137375227,0.0323));
#8867=CARTESIAN_POINT('',(-0.238687445008049,0.195807236431964,0.0323));
#8868=CARTESIAN_POINT('',(-0.238687445008049,0.195807236431964,0.0273));
#8869=CARTESIAN_POINT('',(-0.127104602899124,0.139466581954981,0.0263));
#8870=CARTESIAN_POINT('',(-0.238687445008049,0.195807236431964,0.0163));
#8871=CARTESIAN_POINT('',(-0.21129887113698,0.197428762261903,0.0283));
#8872=CARTESIAN_POINT('',(-0.21129887113698,0.197428762261903,0.0283));
#8873=CARTESIAN_POINT('',(-0.21549887113698,0.197428762261903,0.0283));
#8874=CARTESIAN_POINT('',(-0.171129047977767,0.174007282171261,0.0283));
#8875=CARTESIAN_POINT('',(-0.21129887113698,0.197428762261903,0.0283));
#8876=CARTESIAN_POINT('',(-0.21429887113698,0.197428762261903,0.0283));
#8877=CARTESIAN_POINT('',(-0.184518989030838,0.183907005187427,0.0283));
#8878=CARTESIAN_POINT('',(-0.184518989030838,0.183907005187427,0.0283));
#8879=CARTESIAN_POINT('',(-0.188718989030838,0.183907005187427,0.0283));
#8880=CARTESIAN_POINT('',(-0.171129047977767,0.174007282171261,0.0283));
#8881=CARTESIAN_POINT('',(-0.184518989030838,0.183907005187427,0.0283));
#8882=CARTESIAN_POINT('',(-0.187518989030838,0.183907005187427,0.0283));
#8883=CARTESIAN_POINT('',(-0.157739106924696,0.170385248112951,0.0283));
#8884=CARTESIAN_POINT('',(-0.157739106924696,0.170385248112951,0.0283));
#8885=CARTESIAN_POINT('',(-0.161939106924696,0.170385248112951,0.0283));
#8886=CARTESIAN_POINT('',(-0.171129047977767,0.174007282171261,0.0283));
#8887=CARTESIAN_POINT('',(-0.157739106924696,0.170385248112951,0.0283));
#8888=CARTESIAN_POINT('',(-0.160739106924696,0.170385248112951,0.0283));
#8889=CARTESIAN_POINT('',(-0.130959224818554,0.156863491038475,0.0283));
#8890=CARTESIAN_POINT('',(-0.130959224818554,0.156863491038475,0.0283));
#8891=CARTESIAN_POINT('',(-0.135159224818554,0.156863491038475,0.0283));
#8892=CARTESIAN_POINT('',(-0.171129047977767,0.174007282171261,0.0283));
#8893=CARTESIAN_POINT('',(-0.130959224818554,0.156863491038475,0.0283));
#8894=CARTESIAN_POINT('',(-0.133959224818554,0.156863491038475,0.0283));
#8895=CARTESIAN_POINT('',(-0.21129887113698,0.197428762261903,0.0243));
#8896=CARTESIAN_POINT('',(-0.21129887113698,0.197428762261903,0.0243));
#8897=CARTESIAN_POINT('',(-0.21549887113698,0.197428762261903,0.0243));
#8898=CARTESIAN_POINT('',(-0.171129047977767,0.174007282171261,0.0243));
#8899=CARTESIAN_POINT('',(-0.21129887113698,0.197428762261903,0.0243));
#8900=CARTESIAN_POINT('',(-0.21429887113698,0.197428762261903,0.0243));
#8901=CARTESIAN_POINT('',(-0.184518989030838,0.183907005187427,0.0243));
#8902=CARTESIAN_POINT('',(-0.184518989030838,0.183907005187427,0.0243));
#8903=CARTESIAN_POINT('',(-0.188718989030838,0.183907005187427,0.0243));
#8904=CARTESIAN_POINT('',(-0.171129047977767,0.174007282171261,0.0243));
#8905=CARTESIAN_POINT('',(-0.184518989030838,0.183907005187427,0.0243));
#8906=CARTESIAN_POINT('',(-0.187518989030838,0.183907005187427,0.0243));
#8907=CARTESIAN_POINT('',(-0.157739106924696,0.170385248112951,0.0243));
#8908=CARTESIAN_POINT('',(-0.157739106924696,0.170385248112951,0.0243));
#8909=CARTESIAN_POINT('',(-0.161939106924696,0.170385248112951,0.0243));
#8910=CARTESIAN_POINT('',(-0.171129047977767,0.174007282171261,0.0243));
#8911=CARTESIAN_POINT('',(-0.157739106924696,0.170385248112951,0.0243));
#8912=CARTESIAN_POINT('',(-0.160739106924696,0.170385248112951,0.0243));
#8913=CARTESIAN_POINT('',(-0.130959224818554,0.156863491038475,0.0243));
#8914=CARTESIAN_POINT('',(-0.130959224818554,0.156863491038475,0.0243));
#8915=CARTESIAN_POINT('',(-0.135159224818554,0.156863491038475,0.0243));
#8916=CARTESIAN_POINT('',(-0.171129047977767,0.174007282171261,0.0243));
#8917=CARTESIAN_POINT('',(-0.130959224818554,0.156863491038475,0.0243));
#8918=CARTESIAN_POINT('',(-0.133959224818554,0.156863491038475,0.0243));
#8919=CARTESIAN_POINT('',(-0.130959224818554,0.156863491038475,0.0113));
#8920=CARTESIAN_POINT('',(-0.157739106924696,0.170385248112951,0.0113));
#8921=CARTESIAN_POINT('',(-0.184518989030838,0.183907005187427,0.0113));
#8922=CARTESIAN_POINT('',(-0.21129887113698,0.197428762261903,0.0113000000000001));
#8923=CARTESIAN_POINT('',(-0.130959224818554,0.156863491038475,0.0113));
#8924=CARTESIAN_POINT('',(-0.157739106924696,0.170385248112951,0.0113));
#8925=CARTESIAN_POINT('',(-0.184518989030838,0.183907005187427,0.0113));
#8926=CARTESIAN_POINT('',(-0.21129887113698,0.197428762261903,0.0113000000000001));
#8927=CARTESIAN_POINT('',(-0.105771550718003,0.179498111836283,0.0263));
#8928=CARTESIAN_POINT('',(-0.113404720167331,0.164380595908189,0.0313));
#8929=CARTESIAN_POINT('',(-0.113404720167331,0.164380595908189,0.0263));
#8930=CARTESIAN_POINT('',(-0.112235112863301,0.166697006825785,0.0270260955538053));
#8931=CARTESIAN_POINT('',(-0.0999121226523966,0.191102727415611,0.0263));
#8932=CARTESIAN_POINT('',(-0.112235112863301,0.166697006825785,0.0255739044461948));
#8933=CARTESIAN_POINT('',(-0.113404720167331,0.164380595908189,0.0213));
#8934=CARTESIAN_POINT('',(-0.0981953137312628,0.129350615639302,0.0323));
#8935=CARTESIAN_POINT('',(-0.104,0.132281530618999,0.0323));
#8936=CARTESIAN_POINT('',(-0.236884544064785,0.19937788737945,0.0323));
#8937=CARTESIAN_POINT('',(-0.236884544064785,0.19937788737945,0.0323));
#8938=CARTESIAN_POINT('',(-0.236884544064785,0.19937788737945,0.0323));
#8939=CARTESIAN_POINT('',(-0.236884544064785,0.19937788737945,0.0323));
#8940=CARTESIAN_POINT('',(-0.236884544064785,0.19937788737945,0.05865));
#8941=CARTESIAN_POINT('',(-0.236884544064785,0.19937788737945,0.0313));
#8942=CARTESIAN_POINT('',(-0.115118165398512,0.161201087569931,0.0123));
#8943=CARTESIAN_POINT('',(-0.104,0.155587279001369,0.0123));
#8944=CARTESIAN_POINT('',(-0.227507578222178,0.217948997509238,0.0123000000000001));
#8945=CARTESIAN_POINT('',(-0.115118165398512,0.161201087569931,0.0403));
#8946=CARTESIAN_POINT('',(-0.104,0.155587279001369,0.0403));
#8947=CARTESIAN_POINT('',(-0.227507578222178,0.217948997509238,0.0403));
#8948=CARTESIAN_POINT('',(-0.231926566470811,0.209197177485035,0.0323));
#8949=CARTESIAN_POINT('',(-0.227507578222178,0.217948997509238,0.0323));
#8950=CARTESIAN_POINT('',(-0.200589894450712,0.271259554266018,0.0313));
#8951=CARTESIAN_POINT('',(-0.225880225013127,0.221171975620988,0.0313));
#8952=CARTESIAN_POINT('',(-0.101614202225713,0.158427301612234,0.0313));
#8953=CARTESIAN_POINT('',(-0.114297382904202,0.164831321144005,0.0313));
#8954=CARTESIAN_POINT('',(-0.225880225013127,0.221171975620988,0.0313));
#8955=CARTESIAN_POINT('',(-0.227507578222178,0.217948997509238,0.0123000000000001));
#8956=CARTESIAN_POINT('',(-0.224179941199017,0.224539393023774,0.0153811554332876));
#8957=CARTESIAN_POINT('',(-0.228053163740596,0.225461244916487,0.0149960110041267));
#8958=CARTESIAN_POINT('',(-0.227507578222178,0.217948997509238,0.0203));
#8959=CARTESIAN_POINT('',(-0.229258978917321,0.223354929257667,0.0192071338148598));
#8960=CARTESIAN_POINT('',(-0.228823931597936,0.224216541832095,0.017906961134449));
#8961=CARTESIAN_POINT('',(-0.228335557671842,0.22490196285391,0.0164972642182054));
#8962=CARTESIAN_POINT('',(-0.228053163740595,0.225461244916487,0.014996011004127));
#8963=CARTESIAN_POINT('',(-0.212387627498193,0.24789410712841,0.0263));
#8964=CARTESIAN_POINT('',(-0.224179941199017,0.224539393023774,0.0372188445667126));
#8965=CARTESIAN_POINT('',(-0.228053163740596,0.225461244916487,0.0376039889958731));
#8966=CARTESIAN_POINT('',(-0.215844895411876,0.24963975846044,0.0263));
#8967=CARTESIAN_POINT('',(-0.227507578222178,0.217948997509238,0.0403));
#8968=CARTESIAN_POINT('',(-0.229258978917321,0.223354929257667,0.0333928661851405));
#8969=CARTESIAN_POINT('',(-0.228823931597962,0.224216541832043,0.0346930388655937));
#8970=CARTESIAN_POINT('',(-0.228335557671842,0.22490196285391,0.0361027357817946));
#8971=CARTESIAN_POINT('',(-0.228053163740595,0.225461244916487,0.0376039889958728));
#8972=CARTESIAN_POINT('',(-0.225880225013127,0.221171975620988,0.0313));
#8973=CARTESIAN_POINT('',(-0.225880225013127,0.221171975620988,0.0313));
#8974=CARTESIAN_POINT('',(-0.0981953137312628,0.129350615639302,0.0203));
#8975=CARTESIAN_POINT('',(-0.104,0.132281530618999,0.0203));
#8976=CARTESIAN_POINT('',(-0.236884544064785,0.19937788737945,0.0203));
#8977=CARTESIAN_POINT('',(-0.200589894450712,0.271259554266018,0.0203));
#8978=CARTESIAN_POINT('',(-0.236884544064785,0.19937788737945,0.0203));
#8979=CARTESIAN_POINT('',(-0.212387627498193,0.24789410712841,0.0263));
#8980=CARTESIAN_POINT('',(-0.225880225013127,0.221171975620988,0.0213));
#8981=CARTESIAN_POINT('',(-0.101614202225713,0.158427301612234,0.0213));
#8982=CARTESIAN_POINT('',(-0.114297382904202,0.164831321144005,0.0213));
#8983=CARTESIAN_POINT('',(-0.225880225013127,0.221171975620988,0.0213));
#8984=CARTESIAN_POINT('',(-0.236884544064785,0.19937788737945,0.0203));
#8985=CARTESIAN_POINT('',(-0.236884544064785,0.19937788737945,0.0203));
#8986=CARTESIAN_POINT('',(-0.225880225013127,0.221171975620988,0.0213));
#8987=CARTESIAN_POINT('',(-0.225880225013127,0.221171975620988,0.0213));
#8988=CARTESIAN_POINT('',(-0.236884544064785,0.19937788737945,0.05865));
#8989=CARTESIAN_POINT('',(-0.236884544064785,0.19937788737945,0.0213));
#8990=CARTESIAN_POINT('',(-0.224710684826387,0.223488253612582,0.0213));
#8991=CARTESIAN_POINT('',(-0.114297382904202,0.164831321144005,0.0313));
#8992=CARTESIAN_POINT('',(-0.112235112863301,0.166697006825785,0.0270260955538053));
#8993=CARTESIAN_POINT('',(-0.112181057864334,0.16680406292002,0.0273399226579984));
#8994=CARTESIAN_POINT('',(-0.11216105408568,0.167102622349342,0.0279407646234469));
#8995=CARTESIAN_POINT('',(-0.112238785519433,0.16776011479537,0.029102335229245));
#8996=CARTESIAN_POINT('',(-0.112383387642655,0.168167415777755,0.0300144654467645));
#8997=CARTESIAN_POINT('',(-0.112519116345397,0.168353183616153,0.0306410214168041));
#8998=CARTESIAN_POINT('',(-0.114297382904202,0.164831321144005,0.0263));
#8999=CARTESIAN_POINT('',(-0.113127842717462,0.167147599135599,0.0263));
#9000=CARTESIAN_POINT('',(-0.114297382904202,0.164831321144005,0.0263));
#9001=CARTESIAN_POINT('',(-0.114297382904202,0.164831321144005,0.0213));
#9002=CARTESIAN_POINT('',(-0.112235112863301,0.166697006825785,0.0255739044461948));
#9003=CARTESIAN_POINT('',(-0.112181057864334,0.16680406292002,0.0252600773420018));
#9004=CARTESIAN_POINT('',(-0.112161054085681,0.167102622349342,0.0246592353765536));
#9005=CARTESIAN_POINT('',(-0.112238785519427,0.167760114795368,0.0234976647707533));
#9006=CARTESIAN_POINT('',(-0.112383387642679,0.168167415777765,0.0225855345532438));
#9007=CARTESIAN_POINT('',(-0.112519116345397,0.168353183616153,0.0219589785831962));
#9008=CARTESIAN_POINT('',(-0.1,-0.00675,-0.01));
#9009=CARTESIAN_POINT('',(-0.1,-0.204647098639578,0.0263));
#9010=CARTESIAN_POINT('',(-0.1,-0.227057578178707,0.0263));
#9011=CARTESIAN_POINT('',(-0.1,-0.206666787452375,0.0263));
#9012=CARTESIAN_POINT('',(-0.1,-0.231704238974472,0.0263));
#9013=CARTESIAN_POINT('',(0.1,-0.337,0.0533509476423263));
#9014=CARTESIAN_POINT('',(0.088,-0.337,0.0533509476423263));
#9015=CARTESIAN_POINT('',(0.088,-0.337,0.0249018952846526));
#9016=CARTESIAN_POINT('',(0.088,-0.337,0.0484018952846525));
#9017=CARTESIAN_POINT('',(0.1,-0.337,0.0484018952846525));
#9018=CARTESIAN_POINT('',(-0.088,-0.337,0.0484018952846525));
#9019=CARTESIAN_POINT('',(-0.088,-0.337,0.0129018952846526));
#9020=CARTESIAN_POINT('',(-0.088,-0.337,0.0249018952846526));
#9021=CARTESIAN_POINT('',(0.1,-0.337,0.0249018952846526));
#9022=CARTESIAN_POINT('',(0.1,-0.310263686941005,-0.00557564686822692));
#9023=CARTESIAN_POINT('',(-0.088,-0.310263686941005,-0.00557564686822692));
#9024=CARTESIAN_POINT('',(-0.088,-0.327128130562833,0.00607941818205093));
#9025=CARTESIAN_POINT('',(-0.088,-0.293399243319178,-0.0172307119185049));
#9026=CARTESIAN_POINT('',(0.1,-0.293399243319178,-0.0172307119185049));
#9027=CARTESIAN_POINT('',(0.088,-0.293399243319178,-0.0172307119185049));
#9028=CARTESIAN_POINT('',(0.088,-0.337,0.0129018952846526));
#9029=CARTESIAN_POINT('',(0.088,-0.327128130562833,0.00607941818205093));
#9030=CARTESIAN_POINT('',(-0.1,-0.327128130562833,0.00607941818205093));
#9031=CARTESIAN_POINT('',(0.1,-0.247563686941006,-0.0363256468682269));
#9032=CARTESIAN_POINT('',(-0.088,-0.247563686941006,-0.0363256468682269));
#9033=CARTESIAN_POINT('',(-0.088,-0.272170420111167,-0.0279287020254603));
#9034=CARTESIAN_POINT('',(-0.088,-0.222956953770844,-0.0447225917109936));
#9035=CARTESIAN_POINT('',(0.1,-0.222956953770844,-0.0447225917109936));
#9036=CARTESIAN_POINT('',(0.088,-0.222956953770844,-0.0447225917109936));
#9037=CARTESIAN_POINT('',(0.088,-0.283527373882011,-0.0240531890211064));
#9038=CARTESIAN_POINT('',(0.088,-0.272170420111167,-0.0279287020254603));
#9039=CARTESIAN_POINT('',(0.1,-0.272170420111167,-0.0279287020254603));
#9040=CARTESIAN_POINT('',(0.1,-0.1466,-0.0485981047153474));
#9041=CARTESIAN_POINT('',(-0.088,-0.1466,-0.0485981047153474));
#9042=CARTESIAN_POINT('',(-0.088,-0.1996,-0.0485981047153474));
#9043=CARTESIAN_POINT('',(-0.088,-0.0936,-0.0485981047153473));
#9044=CARTESIAN_POINT('',(0.1,-0.0936,-0.0485981047153473));
#9045=CARTESIAN_POINT('',(0.088,-0.0936,-0.0485981047153473));
#9046=CARTESIAN_POINT('',(0.088,-0.2116,-0.0485981047153474));
#9047=CARTESIAN_POINT('',(0.088,-0.1996,-0.0485981047153474));
#9048=CARTESIAN_POINT('',(0.1,-0.1996,-0.0485981047153474));
#9049=CARTESIAN_POINT('',(0.1,-0.0592189037777592,-0.0874048671438717));
#9050=CARTESIAN_POINT('',(-0.088,-0.0368378075555183,-0.126211629572396));
#9051=CARTESIAN_POINT('',(-0.088,-0.0756048219696396,-0.058993192035052));
#9052=CARTESIAN_POINT('',(-0.088,-0.0428329855858786,-0.115816542252691));
#9053=CARTESIAN_POINT('',(0.1,-0.0428329855858786,-0.115816542252691));
#9054=CARTESIAN_POINT('',(0.088,-0.0428329855858786,-0.115816542252691));
#9055=CARTESIAN_POINT('',(0.088,-0.0592189037777592,-0.0874048671438717));
#9056=CARTESIAN_POINT('',(0.088,-0.0756048219696396,-0.058993192035052));
#9057=CARTESIAN_POINT('',(0.1,-0.0756048219696396,-0.058993192035052));
#9058=CARTESIAN_POINT('',(0.1,0.012492584577081,-0.150605814786198));
#9059=CARTESIAN_POINT('',(-0.088,0.0618229767096802,-0.175));
#9060=CARTESIAN_POINT('',(-0.088,-0.0260811474453455,-0.131530864787558));
#9061=CARTESIAN_POINT('',(-0.088,0.0510663165995075,-0.169680764784838));
#9062=CARTESIAN_POINT('',(0.1,0.0510663165995075,-0.169680764784838));
#9063=CARTESIAN_POINT('',(0.088,0.0510663165995075,-0.169680764784838));
#9064=CARTESIAN_POINT('',(0.088,0.012492584577081,-0.150605814786198));
#9065=CARTESIAN_POINT('',(0.088,-0.0260811474453455,-0.131530864787558));
#9066=CARTESIAN_POINT('',(0.1,-0.0260811474453455,-0.131530864787558));
#9067=CARTESIAN_POINT('',(0.1,0.14591148835484,-0.175));
#9068=CARTESIAN_POINT('',(-0.088,0.23,-0.175));
#9069=CARTESIAN_POINT('',(-0.088,0.0738229767096803,-0.175));
#9070=CARTESIAN_POINT('',(-0.088,0.218,-0.175));
#9071=CARTESIAN_POINT('',(0.1,0.218,-0.175));
#9072=CARTESIAN_POINT('',(0.088,0.218,-0.175));
#9073=CARTESIAN_POINT('',(0.088,0.14591148835484,-0.175));
#9074=CARTESIAN_POINT('',(0.088,0.0738229767096803,-0.175));
#9075=CARTESIAN_POINT('',(0.1,0.0738229767096803,-0.175));
#9076=CARTESIAN_POINT('',(0.1,0.27675,-0.1081));
#9077=CARTESIAN_POINT('',(0.088,0.23,-0.175));
#9078=CARTESIAN_POINT('',(0.088,0.316626348313597,-0.0510363058357297));
#9079=CARTESIAN_POINT('',(0.088,0.236873651686403,-0.165163694164271));
#9080=CARTESIAN_POINT('',(-0.1,0.236873651686403,-0.165163694164271));
#9081=CARTESIAN_POINT('',(-0.088,0.236873651686403,-0.165163694164271));
#9082=CARTESIAN_POINT('',(-0.088,0.27675,-0.1081));
#9083=CARTESIAN_POINT('',(-0.088,0.316626348313597,-0.0510363058357297));
#9084=CARTESIAN_POINT('',(0.1,0.316626348313597,-0.0510363058357297));
#9085=CARTESIAN_POINT('',(0.1,0.3235,-0.0206));
#9086=CARTESIAN_POINT('',(0.088,0.3235,-0.0412));
#9087=CARTESIAN_POINT('',(0.088,0.3235,0.1218));
#9088=CARTESIAN_POINT('',(0.088,0.3235,-0.0292));
#9089=CARTESIAN_POINT('',(0.1,0.3235,-0.0292));
#9090=CARTESIAN_POINT('',(-0.088,0.3235,-0.0292));
#9091=CARTESIAN_POINT('',(-0.088,0.3235,-0.0206));
#9092=CARTESIAN_POINT('',(-0.088,0.3235,0.1218));
#9093=CARTESIAN_POINT('',(0.1,0.3235,0.1218));
#9094=CARTESIAN_POINT('',(0.1,0.27675,0.1444));
#9095=CARTESIAN_POINT('',(0.088,0.3235,0.1338));
#9096=CARTESIAN_POINT('',(0.088,0.241702945228909,0.152346497980183));
#9097=CARTESIAN_POINT('',(0.088,0.311797054771092,0.136453502019817));
#9098=CARTESIAN_POINT('',(0.1,0.311797054771092,0.136453502019817));
#9099=CARTESIAN_POINT('',(-0.088,0.311797054771092,0.136453502019817));
#9100=CARTESIAN_POINT('',(-0.088,0.27675,0.1444));
#9101=CARTESIAN_POINT('',(-0.088,0.241702945228909,0.152346497980183));
#9102=CARTESIAN_POINT('',(0.1,0.241702945228909,0.152346497980183));
#9103=CARTESIAN_POINT('',(0.1,0.115,0.155));
#9104=CARTESIAN_POINT('',(0.088,0.115,0.155));
#9105=CARTESIAN_POINT('',(0.088,0.0119999999999986,0.155));
#9106=CARTESIAN_POINT('',(0.088,0.218,0.155));
#9107=CARTESIAN_POINT('',(-0.1,0.218,0.155));
#9108=CARTESIAN_POINT('',(-0.088,0.218,0.155));
#9109=CARTESIAN_POINT('',(-0.088,-3.85625478328196E-17,0.155));
#9110=CARTESIAN_POINT('',(-0.088,0.0119999999999986,0.155));
#9111=CARTESIAN_POINT('',(0.1,0.0119999999999986,0.155));
#9112=CARTESIAN_POINT('',(0.1,-0.018957296865752,0.154669099152345));
#9113=CARTESIAN_POINT('',(0.088,-0.018957296865752,0.154669099152345));
#9114=CARTESIAN_POINT('',(0.088,-0.0259164213896186,0.154547627181937));
#9115=CARTESIAN_POINT('',(0.088,-0.0119981723418768,0.154790571122752));
#9116=CARTESIAN_POINT('',(0.1,-0.0119981723418768,0.154790571122752));
#9117=CARTESIAN_POINT('',(-0.088,-0.0119981723418768,0.154790571122752));
#9118=CARTESIAN_POINT('',(-0.088,-0.0379145937315038,0.15433819830469));
#9119=CARTESIAN_POINT('',(-0.088,-0.0259164213896186,0.154547627181937));
#9120=CARTESIAN_POINT('',(0.1,-0.0259164213896186,0.154547627181937));
#9121=CARTESIAN_POINT('',(0.1,-0.0780202239742694,0.150932185558034));
#9122=CARTESIAN_POINT('',(0.088,-0.0780202239742694,0.150932185558034));
#9123=CARTESIAN_POINT('',(0.088,-0.106168896132233,0.148541630027773));
#9124=CARTESIAN_POINT('',(0.088,-0.0498715518162972,0.153322741088296));
#9125=CARTESIAN_POINT('',(0.1,-0.0498715518162972,0.153322741088296));
#9126=CARTESIAN_POINT('',(-0.088,-0.0498715518162972,0.153322741088296));
#9127=CARTESIAN_POINT('',(-0.088,-0.118125854217033,0.147526172811379));
#9128=CARTESIAN_POINT('',(-0.088,-0.106168896132233,0.148541630027773));
#9129=CARTESIAN_POINT('',(0.1,-0.106168896132233,0.148541630027773));
#9130=CARTESIAN_POINT('',(0.1,-0.160506764857906,0.137288086405689));
#9131=CARTESIAN_POINT('',(-0.088,-0.202887675498779,0.12705));
#9132=CARTESIAN_POINT('',(-0.088,-0.129790325035622,0.144708350864859));
#9133=CARTESIAN_POINT('',(-0.088,-0.19122320468019,0.12986782194652));
#9134=CARTESIAN_POINT('',(0.1,-0.19122320468019,0.12986782194652));
#9135=CARTESIAN_POINT('',(0.088,-0.19122320468019,0.12986782194652));
#9136=CARTESIAN_POINT('',(0.088,-0.160506764857906,0.137288086405689));
#9137=CARTESIAN_POINT('',(0.088,-0.129790325035622,0.144708350864859));
#9138=CARTESIAN_POINT('',(0.1,-0.129790325035622,0.144708350864859));
#9139=CARTESIAN_POINT('',(0.1,-0.228355486064275,0.116675));
#9140=CARTESIAN_POINT('',(-0.088,-0.253823296629771,0.1063));
#9141=CARTESIAN_POINT('',(-0.088,-0.214000901927359,0.122522727272727));
#9142=CARTESIAN_POINT('',(-0.088,-0.242710070201191,0.110827272727273));
#9143=CARTESIAN_POINT('',(0.1,-0.242710070201191,0.110827272727273));
#9144=CARTESIAN_POINT('',(0.088,-0.242710070201191,0.110827272727273));
#9145=CARTESIAN_POINT('',(0.088,-0.228355486064275,0.116675));
#9146=CARTESIAN_POINT('',(0.088,-0.214000901927359,0.122522727272727));
#9147=CARTESIAN_POINT('',(0.1,-0.214000901927359,0.122522727272727));
#9148=CARTESIAN_POINT('',(0.1,-0.295411648314886,0.0833509476423263));
#9149=CARTESIAN_POINT('',(0.088,-0.295411648314886,0.0833509476423263));
#9150=CARTESIAN_POINT('',(0.088,-0.326493469047971,0.0661995506171175));
#9151=CARTESIAN_POINT('',(0.088,-0.264329827581801,0.100502344667535));
#9152=CARTESIAN_POINT('',(0.1,-0.264329827581801,0.100502344667535));
#9153=CARTESIAN_POINT('',(-0.088,-0.264329827581801,0.100502344667535));
#9154=CARTESIAN_POINT('',(-0.088,-0.337,0.0604018952846526));
#9155=CARTESIAN_POINT('',(-0.088,-0.326493469047971,0.0661995506171175));
#9156=CARTESIAN_POINT('',(0.1,-0.326493469047971,0.0661995506171175));
#9157=CARTESIAN_POINT('',(-0.1,-0.107820660908357,0.173160599635747));
#9158=CARTESIAN_POINT('',(-0.088,-0.326493469047971,0.0661995506171175));
#9159=CARTESIAN_POINT('',(-0.1,-0.325,0.0533179075868817));
#9160=CARTESIAN_POINT('',(-0.1,-0.248643007807365,0.095452797302419));
#9161=CARTESIAN_POINT('',(-0.1,-0.248643007807365,0.095452797302419));
#9162=CARTESIAN_POINT('',(-0.1,-0.248025641297307,0.095793469047971));
#9163=CARTESIAN_POINT('',(-0.088,-0.326493469047971,0.0661995506171175));
#9164=CARTESIAN_POINT('',(-0.088,-0.326493469047971,0.0661995506171175));
#9165=CARTESIAN_POINT('',(-0.0962099034013397,-0.32879009659866,0.0517652274614108));
#9166=CARTESIAN_POINT('',(-0.1,-0.248643007807365,0.095452797302419));
#9167=CARTESIAN_POINT('',(-0.1,-0.248643007807365,0.095452797302419));
#9168=CARTESIAN_POINT('',(-0.088,-0.253519948891496,0.105664808697404));
#9169=CARTESIAN_POINT('',(-0.1,-0.325,-0.01));
#9170=CARTESIAN_POINT('',(-0.1,-0.325,0.0604018952846526));
#9171=CARTESIAN_POINT('',(-0.1,-0.325,0.0191955638916201));
#9172=CARTESIAN_POINT('',(-0.088,-0.337,0.0249018952846526));
#9173=CARTESIAN_POINT('',(0.1,-0.337,0.0484018952846525));
#9174=CARTESIAN_POINT('',(0.088,-0.331746734523986,0.057300722950885));
#9175=CARTESIAN_POINT('',(0.088,-0.295411648314886,0.0833509476423263));
#9176=CARTESIAN_POINT('',(0.088,-0.264329827581801,0.100502344667535));
#9177=CARTESIAN_POINT('',(0.1,-0.325,0.0533179075868818));
#9178=CARTESIAN_POINT('',(0.1,-0.264329827581801,0.100502344667535));
#9179=CARTESIAN_POINT('',(0.088,-0.264329827581801,0.100502344667535));
#9180=CARTESIAN_POINT('',(-0.1,-0.0780242514327258,0.164958952644453));
#9181=CARTESIAN_POINT('',(-0.1,-0.199194442902467,0.115597004813659));
#9182=CARTESIAN_POINT('',(-0.1,-0.199194442902467,0.115597004813659));
#9183=CARTESIAN_POINT('',(-0.1,-0.198360402771506,0.11593677357142));
#9184=CARTESIAN_POINT('',(-0.088,-0.337,0.0249018952846526));
#9185=CARTESIAN_POINT('',(-0.088,-0.337,0.0249018952846526));
#9186=CARTESIAN_POINT('',(-0.0964552593875949,-0.325628639236214,0.0153211193603756));
#9187=CARTESIAN_POINT('',(0.1,-0.325,0.0533179075868817));
#9188=CARTESIAN_POINT('',(0.1,-0.325,0.0533179075868817));
#9189=CARTESIAN_POINT('',(0.088,-0.264329827581801,0.100502344667535));
#9190=CARTESIAN_POINT('',(0.0962875884343969,-0.246807548958435,0.100209162334278));
#9191=CARTESIAN_POINT('',(-0.1,-0.199194442902467,0.115597004813659));
#9192=CARTESIAN_POINT('',(-0.1,-0.199194442902467,0.115597004813659));
#9193=CARTESIAN_POINT('',(-0.088,-0.202612053303775,0.126195274609624));
#9194=CARTESIAN_POINT('',(-0.088,-0.310263686941005,-0.00557564686822692));
#9195=CARTESIAN_POINT('',(-0.1,-0.095965189882454,-0.139091046123967));
#9196=CARTESIAN_POINT('',(-0.1,-0.27807529986435,-0.013234230106323));
#9197=CARTESIAN_POINT('',(-0.1,-0.27807529986435,-0.013234230106323));
#9198=CARTESIAN_POINT('',(0.1,-0.327128130562833,0.00607941818205093));
#9199=CARTESIAN_POINT('',(0.088,-0.332064065281417,0.0154906567333517));
#9200=CARTESIAN_POINT('',(0.088,-0.337,0.0533509476423263));
#9201=CARTESIAN_POINT('',(0.1,-0.325,0.01919556389162));
#9202=CARTESIAN_POINT('',(0.088,-0.228355486064275,0.116675));
#9203=CARTESIAN_POINT('',(0.088,-0.214000901927359,0.122522727272727));
#9204=CARTESIAN_POINT('',(0.1,-0.214000901927359,0.122522727272727));
#9205=CARTESIAN_POINT('',(0.088,-0.214000901927359,0.122522727272727));
#9206=CARTESIAN_POINT('',(-0.1,-0.0460292006806783,0.152597601556446));
#9207=CARTESIAN_POINT('',(-0.1,-0.116198055938641,0.135646696248939));
#9208=CARTESIAN_POINT('',(-0.1,-0.116198055938641,0.135646696248939));
#9209=CARTESIAN_POINT('',(-0.1,-0.115308032270513,0.13586170199279));
#9210=CARTESIAN_POINT('',(-0.1,-0.27807529986435,-0.013234230106323));
#9211=CARTESIAN_POINT('',(-0.088,-0.282784831715172,-0.0225797069719826));
#9212=CARTESIAN_POINT('',(-0.1,-0.27807529986435,-0.013234230106323));
#9213=CARTESIAN_POINT('',(0.1,-0.325,0.01919556389162));
#9214=CARTESIAN_POINT('',(0.1,-0.325,0.01919556389162));
#9215=CARTESIAN_POINT('',(0.088,-0.214000901927359,0.122522727272727));
#9216=CARTESIAN_POINT('',(0.096357659740547,-0.19677494607791,0.119928602461852));
#9217=CARTESIAN_POINT('',(-0.1,-0.116198055938641,0.135646696248939));
#9218=CARTESIAN_POINT('',(-0.1,-0.116198055938641,0.135646696248939));
#9219=CARTESIAN_POINT('',(-0.088,-0.117979610583928,0.146624990446316));
#9220=CARTESIAN_POINT('',(-0.088,-0.247563686941006,-0.0363256468682269));
#9221=CARTESIAN_POINT('',(-0.1,-0.0360385363405767,-0.0958282639903226));
#9222=CARTESIAN_POINT('',(-0.1,-0.209608894631187,-0.0365981047153474));
#9223=CARTESIAN_POINT('',(-0.088,-0.222956953770844,-0.0447225917109936));
#9224=CARTESIAN_POINT('',(0.1,-0.272170420111167,-0.0279287020254603));
#9225=CARTESIAN_POINT('',(0.088,-0.272170420111167,-0.0279287020254603));
#9226=CARTESIAN_POINT('',(0.1,-0.095965189882454,-0.139091046123967));
#9227=CARTESIAN_POINT('',(0.0965884031435131,-0.282431892974307,-0.0143704288386102));
#9228=CARTESIAN_POINT('',(0.088,-0.160506764857906,0.137288086405689));
#9229=CARTESIAN_POINT('',(0.088,-0.129790325035622,0.144708350864859));
#9230=CARTESIAN_POINT('',(0.1,-0.129790325035622,0.144708350864859));
#9231=CARTESIAN_POINT('',(0.088,-0.129790325035622,0.144708350864859));
#9232=CARTESIAN_POINT('',(-0.1,-0.0198143596024518,0.143832182832835));
#9233=CARTESIAN_POINT('',(-0.0961711617357635,-0.0413121955445115,0.145849077627947));
#9234=CARTESIAN_POINT('',(-0.1,-0.0373014573079631,0.142347072704246));
#9235=CARTESIAN_POINT('',(-0.1,-0.0368991365151096,0.142381240219889));
#9236=CARTESIAN_POINT('',(-0.088,-0.222956953770844,-0.0447225917109936));
#9237=CARTESIAN_POINT('',(-0.088,-0.222956953770844,-0.0447225917109936));
#9238=CARTESIAN_POINT('',(-0.0966645858031065,-0.206826910527181,-0.0399335189122408));
#9239=CARTESIAN_POINT('',(0.088,-0.272170420111167,-0.0279287020254603));
#9240=CARTESIAN_POINT('',(0.088,-0.272170420111167,-0.0279287020254603));
#9241=CARTESIAN_POINT('',(0.088,-0.129790325035622,0.144708350864859));
#9242=CARTESIAN_POINT('',(0.096362866831222,-0.113158273456402,0.139555078861955));
#9243=CARTESIAN_POINT('',(-0.088,-0.0259164213896186,0.154547627181937));
#9244=CARTESIAN_POINT('',(-0.088,-0.0259164213896185,0.154547627181937));
#9245=CARTESIAN_POINT('',(-0.088,-0.0259164213896186,0.154547627181937));
#9246=CARTESIAN_POINT('',(-0.088,-0.1466,-0.0485981047153474));
#9247=CARTESIAN_POINT('',(-0.1,-0.00675,-0.0365981047153473));
#9248=CARTESIAN_POINT('',(-0.1,-0.0936,-0.0365981047153474));
#9249=CARTESIAN_POINT('',(-0.088,-0.0936,-0.0485981047153473));
#9250=CARTESIAN_POINT('',(0.1,-0.1996,-0.0485981047153474));
#9251=CARTESIAN_POINT('',(0.088,-0.211278476885422,-0.0466603482131705));
#9252=CARTESIAN_POINT('',(0.1,-0.0360385363405766,-0.0958282639903226));
#9253=CARTESIAN_POINT('',(0.1,-0.209608894631187,-0.0365981047153474));
#9254=CARTESIAN_POINT('',(0.088,-0.0780202239742694,0.150932185558034));
#9255=CARTESIAN_POINT('',(0.1,-0.0373014573079629,0.142347072704246));
#9256=CARTESIAN_POINT('',(0.1,-0.0498715518162975,0.153322741088296));
#9257=CARTESIAN_POINT('',(0.088,-0.0378939866029586,0.153935184135117));
#9258=CARTESIAN_POINT('',(-0.1,-0.00941772364189848,0.142833785085828));
#9259=CARTESIAN_POINT('',(-0.0960459974282071,-0.00388318400225112,0.146884995711856));
#9260=CARTESIAN_POINT('',(-0.1,0.000104722413485293,0.143));
#9261=CARTESIAN_POINT('',(-0.1,0.000209428877247368,0.143001827658123));
#9262=CARTESIAN_POINT('',(-0.088,-0.0756048219696396,-0.058993192035052));
#9263=CARTESIAN_POINT('',(-0.1,-0.065209734649935,-0.0529980140046916));
#9264=CARTESIAN_POINT('',(-0.1,-0.065209734649935,-0.0529980140046916));
#9265=CARTESIAN_POINT('',(-0.1,-0.065209734649935,-0.0529980140046916));
#9266=CARTESIAN_POINT('',(-0.088,-0.0756048219696396,-0.058993192035052));
#9267=CARTESIAN_POINT('',(0.1,-0.209608894631187,-0.0365981047153474));
#9268=CARTESIAN_POINT('',(0.1,-0.209608894631187,-0.0365981047153474));
#9269=CARTESIAN_POINT('',(0.1,-0.0373014573079632,0.142347072704246));
#9270=CARTESIAN_POINT('',(0.1,-0.0373014573079633,0.142347072704246));
#9271=CARTESIAN_POINT('',(-0.088,0.0119999999999986,0.155));
#9272=CARTESIAN_POINT('',(-0.088,0.0119999999999988,0.155));
#9273=CARTESIAN_POINT('',(-0.088,0.0119999999999986,0.155));
#9274=CARTESIAN_POINT('',(-0.1,-0.069226986597008,-0.0460324686007685));
#9275=CARTESIAN_POINT('',(-0.1,-0.0712049126802954,-0.0426029266849869));
#9276=CARTESIAN_POINT('',(-0.1,-0.0282592753366466,-0.117066712068314));
#9277=CARTESIAN_POINT('',(-0.1,-0.0282592753366466,-0.117066712068314));
#9278=CARTESIAN_POINT('',(0.1,-0.0756048219696396,-0.058993192035052));
#9279=CARTESIAN_POINT('',(0.088,-0.0756048219696396,-0.058993192035052));
#9280=CARTESIAN_POINT('',(0.1,-0.00675,-0.0365981047153473));
#9281=CARTESIAN_POINT('',(0.1,-0.0936,-0.0365981047153474));
#9282=CARTESIAN_POINT('',(0.088,-0.018957296865752,0.154669099152345));
#9283=CARTESIAN_POINT('',(0.1,0.000104722413485413,0.143));
#9284=CARTESIAN_POINT('',(0.1,-0.0119981723418771,0.154790571122752));
#9285=CARTESIAN_POINT('',(0.088,9.1382905795782E-7,0.154895285561376));
#9286=CARTESIAN_POINT('',(-0.1,-0.00675,0.143));
#9287=CARTESIAN_POINT('',(-0.0964998347622703,0.225548293572263,0.14650016523773));
#9288=CARTESIAN_POINT('',(-0.1,0.228656621616838,0.143));
#9289=CARTESIAN_POINT('',(-0.1,0.23,0.143));
#9290=CARTESIAN_POINT('',(-0.1,-0.0282592753366466,-0.117066712068314));
#9291=CARTESIAN_POINT('',(-0.088,-0.0344570665156122,-0.123673703520125));
#9292=CARTESIAN_POINT('',(-0.1,-0.0282592753366466,-0.117066712068314));
#9293=CARTESIAN_POINT('',(0.088,-0.0936,-0.0485981047153473));
#9294=CARTESIAN_POINT('',(0.088,-0.0756048219696396,-0.058993192035052));
#9295=CARTESIAN_POINT('',(0.1,0.000104722413485413,0.143));
#9296=CARTESIAN_POINT('',(0.1,0.000104722413485601,0.143));
#9297=CARTESIAN_POINT('',(-0.088,0.241702945228909,0.152346497980183));
#9298=CARTESIAN_POINT('',(-0.088,0.241702945228909,0.152346497980183));
#9299=CARTESIAN_POINT('',(-0.088,0.241702945228909,0.152346497980183));
#9300=CARTESIAN_POINT('',(-0.1,-0.0535183829143282,-0.104575926531296));
#9301=CARTESIAN_POINT('',(-0.1,-0.0315185723403564,-0.115454969462223));
#9302=CARTESIAN_POINT('',(-0.1,0.0646279060039139,-0.163));
#9303=CARTESIAN_POINT('',(-0.1,0.0646279060039139,-0.163));
#9304=CARTESIAN_POINT('',(0.1,-0.0260811474453455,-0.131530864787558));
#9305=CARTESIAN_POINT('',(0.088,-0.0260811474453455,-0.131530864787558));
#9306=CARTESIAN_POINT('',(0.088,-0.0592189037777592,-0.0874048671438717));
#9307=CARTESIAN_POINT('',(0.0968429429339424,-0.0320934449133977,-0.116737807280799));
#9308=CARTESIAN_POINT('',(0.088,0.115,0.155));
#9309=CARTESIAN_POINT('',(0.1,0.228656621616838,0.143));
#9310=CARTESIAN_POINT('',(0.1,0.218,0.155));
#9311=CARTESIAN_POINT('',(0.088,0.229851472614454,0.153673248990092));
#9312=CARTESIAN_POINT('',(-0.088,0.27675,0.1444));
#9313=CARTESIAN_POINT('',(-0.0951811747364268,0.311619287919634,0.129130354687125));
#9314=CARTESIAN_POINT('',(-0.1,0.3115,0.124216260730235));
#9315=CARTESIAN_POINT('',(-0.1,0.0377551728267024,0.186284606570598));
#9316=CARTESIAN_POINT('',(-0.1,0.0646279060039139,-0.163));
#9317=CARTESIAN_POINT('',(-0.088,0.0624446466545938,-0.172340382392419));
#9318=CARTESIAN_POINT('',(-0.1,0.0646279060039139,-0.163));
#9319=CARTESIAN_POINT('',(0.088,-0.0260811474453455,-0.131530864787558));
#9320=CARTESIAN_POINT('',(0.088,-0.0260811474453455,-0.131530864787558));
#9321=CARTESIAN_POINT('',(0.1,0.228656621616838,0.143));
#9322=CARTESIAN_POINT('',(0.1,0.228656621616838,0.143));
#9323=CARTESIAN_POINT('',(-0.088,0.3235,0.1218));
#9324=CARTESIAN_POINT('',(-0.088,0.3235,0.1218));
#9325=CARTESIAN_POINT('',(-0.088,0.3235,0.1218));
#9326=CARTESIAN_POINT('',(-0.1,-0.00675,-0.163));
#9327=CARTESIAN_POINT('',(-0.1,0.0618229767096802,-0.163));
#9328=CARTESIAN_POINT('',(-0.1,0.22374600782138,-0.163));
#9329=CARTESIAN_POINT('',(-0.1,0.22374600782138,-0.163));
#9330=CARTESIAN_POINT('',(0.1,0.0738229767096803,-0.175));
#9331=CARTESIAN_POINT('',(0.088,0.0738229767096803,-0.175));
#9332=CARTESIAN_POINT('',(0.088,0.012492584577081,-0.150605814786198));
#9333=CARTESIAN_POINT('',(0.0967960407749134,0.0610070077139901,-0.164783741496918));
#9334=CARTESIAN_POINT('',(0.1,0.0377551728267025,0.186284606570598));
#9335=CARTESIAN_POINT('',(0.1,0.3115,0.124216260730235));
#9336=CARTESIAN_POINT('',(0.1,0.311797054771092,0.136453502019817));
#9337=CARTESIAN_POINT('',(0.088,0.317648527385546,0.129126751009908));
#9338=CARTESIAN_POINT('',(-0.088,0.3235,-0.0206));
#9339=CARTESIAN_POINT('',(-0.0968423092532126,0.314657690746788,-0.0352589193168713));
#9340=CARTESIAN_POINT('',(-0.1,0.3115,-0.0374226293743391));
#9341=CARTESIAN_POINT('',(-0.1,0.3115,-0.01));
#9342=CARTESIAN_POINT('',(-0.088,0.27675,-0.1081));
#9343=CARTESIAN_POINT('',(-0.1,0.22374600782138,-0.163));
#9344=CARTESIAN_POINT('',(-0.1,0.219956216145198,-0.168423252687414));
#9345=CARTESIAN_POINT('',(-0.088,0.316626348313597,-0.0510363058357297));
#9346=CARTESIAN_POINT('',(-0.1,0.22374600782138,-0.163));
#9347=CARTESIAN_POINT('',(-0.088,0.227436825843202,-0.170081847082135));
#9348=CARTESIAN_POINT('',(0.088,0.0738229767096803,-0.175));
#9349=CARTESIAN_POINT('',(0.088,0.0738229767096803,-0.175));
#9350=CARTESIAN_POINT('',(0.1,0.3115,0.124216260730235));
#9351=CARTESIAN_POINT('',(0.1,0.3115,0.124216260730235));
#9352=CARTESIAN_POINT('',(-0.088,0.316626348313597,-0.0510363058357297));
#9353=CARTESIAN_POINT('',(-0.088,0.316626348313597,-0.0510363058357297));
#9354=CARTESIAN_POINT('',(0.1,0.236873651686403,-0.165163694164271));
#9355=CARTESIAN_POINT('',(0.088,0.236873651686403,-0.165163694164271));
#9356=CARTESIAN_POINT('',(0.088,0.14591148835484,-0.175));
#9357=CARTESIAN_POINT('',(0.0964662468951201,0.222053926739758,-0.16653375310488));
#9358=CARTESIAN_POINT('',(0.1,0.3115,-0.01));
#9359=CARTESIAN_POINT('',(0.1,0.3115,-0.0374226293743391));
#9360=CARTESIAN_POINT('',(0.1,0.3235,-0.0292));
#9361=CARTESIAN_POINT('',(0.088,0.320063174156799,-0.040118152917865));
#9362=CARTESIAN_POINT('',(0.088,0.236873651686403,-0.165163694164271));
#9363=CARTESIAN_POINT('',(0.088,0.236873651686403,-0.165163694164271));
#9364=CARTESIAN_POINT('',(0.1,0.3115,-0.0374226293743391));
#9365=CARTESIAN_POINT('',(0.1,0.3115,-0.0374226293743391));
#9366=CARTESIAN_POINT('',(0.1,0.219956216145198,-0.168423252687414));
#9367=CARTESIAN_POINT('',(-0.114297382904202,-0.178331321144004,0.0213));
#9368=CARTESIAN_POINT('',(-0.114297382904202,-0.178331321144004,0.0213));
#9369=CARTESIAN_POINT('',(-0.114297382904202,-0.178331321144004,0.0253));
#9370=CARTESIAN_POINT('',(-0.112519116345397,-0.181853183616152,0.0219589785831961));
#9371=CARTESIAN_POINT('',(-0.112235112863301,-0.180197006825785,0.0255739044461947));
#9372=CARTESIAN_POINT('',(-0.112181057864334,-0.18030406292002,0.0252600773420017));
#9373=CARTESIAN_POINT('',(-0.112161054085679,-0.180602622349341,0.0246592353765527));
#9374=CARTESIAN_POINT('',(-0.112238785519439,-0.181260114795373,0.0234976647707573));
#9375=CARTESIAN_POINT('',(-0.112383387642627,-0.181667415777742,0.0225855345532258));
#9376=CARTESIAN_POINT('',(-0.112519116345397,-0.181853183616152,0.0219589785831961));
#9377=CARTESIAN_POINT('',(-0.112235112863301,-0.180197006825785,0.0255739044461947));
#9378=CARTESIAN_POINT('',(-0.113404720167331,-0.177880595908188,0.0213));
#9379=CARTESIAN_POINT('',(-0.113404720167331,-0.177880595908188,0.0263));
#9380=CARTESIAN_POINT('',(-0.114297382904202,-0.178331321144004,0.0263));
#9381=CARTESIAN_POINT('',(-0.113127842717462,-0.180647599135599,0.0263));
#9382=CARTESIAN_POINT('',(-0.114297382904202,-0.178331321144004,0.0263));
#9383=CARTESIAN_POINT('',(-0.114297382904202,-0.178331321144004,0.0273));
#9384=CARTESIAN_POINT('',(-0.127104602899124,-0.152966581954981,0.0273));
#9385=CARTESIAN_POINT('',(-0.127104602899124,-0.152966581954981,0.0273));
#9386=CARTESIAN_POINT('',(-0.127104602899124,-0.152966581954981,0.0263));
#9387=CARTESIAN_POINT('',(-0.127104602899124,-0.152966581954981,0.0253));
#9388=CARTESIAN_POINT('',(-0.113127842717462,-0.180647599135599,0.0253));
#9389=CARTESIAN_POINT('',(-0.114297382904202,-0.178331321144004,0.0313));
#9390=CARTESIAN_POINT('',(-0.113404720167331,-0.177880595908188,0.0313));
#9391=CARTESIAN_POINT('',(-0.112235112863301,-0.180197006825785,0.0270260955538052));
#9392=CARTESIAN_POINT('',(-0.112235112863301,-0.180197006825785,0.0270260955538052));
#9393=CARTESIAN_POINT('',(-0.112181057864334,-0.18030406292002,0.0273399226579983));
#9394=CARTESIAN_POINT('',(-0.112161054085681,-0.180602622349342,0.0279407646234468));
#9395=CARTESIAN_POINT('',(-0.112238785519431,-0.18126011479537,0.0291023352292454));
#9396=CARTESIAN_POINT('',(-0.112383387642661,-0.181667415777757,0.0300144654467623));
#9397=CARTESIAN_POINT('',(-0.112519116345397,-0.181853183616152,0.0306410214168039));
#9398=CARTESIAN_POINT('',(-0.112519116345397,-0.181853183616152,0.0306410214168039));
#9399=CARTESIAN_POINT('',(-0.114297382904202,-0.178331321144004,0.0313));
#9400=CARTESIAN_POINT('',(-0.224710684826387,-0.236988253612582,0.0213));
#9401=CARTESIAN_POINT('',(-0.225880225013127,-0.234671975620988,0.0213));
#9402=CARTESIAN_POINT('',(-0.225880225013127,-0.234671975620988,0.0253));
#9403=CARTESIAN_POINT('',(-0.229450875960613,-0.236474876564251,0.0213));
#9404=CARTESIAN_POINT('',(-0.224710684826387,-0.236988253612582,0.0253));
#9405=CARTESIAN_POINT('',(-0.238687445008049,-0.209307236431964,0.0253));
#9406=CARTESIAN_POINT('',(-0.236884544064785,-0.21287788737945,0.0213));
#9407=CARTESIAN_POINT('',(-0.240455195012271,-0.214680788322713,0.0213));
#9408=CARTESIAN_POINT('',(-0.204160545398198,-0.286562455209282,0.0213));
#9409=CARTESIAN_POINT('',(-0.236884544064785,-0.21287788737945,0.05865));
#9410=CARTESIAN_POINT('',(-0.236884544064785,-0.21287788737945,0.0203));
#9411=CARTESIAN_POINT('',(-0.240455195012271,-0.214680788322713,0.0203));
#9412=CARTESIAN_POINT('',(-0.238687445008049,-0.209307236431964,0.0203));
#9413=CARTESIAN_POINT('',(-0.240455195012271,-0.214680788322713,0.0253));
#9414=CARTESIAN_POINT('',(-0.238687445008049,-0.209307236431964,0.0163));
#9415=CARTESIAN_POINT('',(-0.225880225013127,-0.234671975620988,0.0213));
#9416=CARTESIAN_POINT('',(-0.225880225013127,-0.234671975620988,0.0213));
#9417=CARTESIAN_POINT('',(-0.224101958454322,-0.238193838093135,0.0219589785831961));
#9418=CARTESIAN_POINT('',(-0.225880225013127,-0.234671975620988,0.0213));
#9419=CARTESIAN_POINT('',(-0.236884544064785,-0.21287788737945,0.0203));
#9420=CARTESIAN_POINT('',(-0.236884544064785,-0.21287788737945,0.0203));
#9421=CARTESIAN_POINT('',(-0.236884544064785,-0.21287788737945,0.0163));
#9422=CARTESIAN_POINT('',(-0.236884544064785,-0.21287788737945,0.0203));
#9423=CARTESIAN_POINT('',(-0.101614202225713,-0.171927301612235,0.0213));
#9424=CARTESIAN_POINT('',(-0.0989098508108175,-0.170561814537598,0.0253));
#9425=CARTESIAN_POINT('',(-0.0998359356669075,-0.175449164084382,0.0219589785831961));
#9426=CARTESIAN_POINT('',(-0.212387627498193,-0.26139410712841,0.0263));
#9427=CARTESIAN_POINT('',(-0.229258978917321,-0.236854929257667,0.0192071338148596));
#9428=CARTESIAN_POINT('',(-0.228823931597949,-0.237716541832069,0.0179069611344271));
#9429=CARTESIAN_POINT('',(-0.228335557671842,-0.23840196285391,0.0164972642182051));
#9430=CARTESIAN_POINT('',(-0.228053163740595,-0.238961244916487,0.0149960110041267));
#9431=CARTESIAN_POINT('',(-0.228053163740596,-0.238961244916487,0.0149960110041266));
#9432=CARTESIAN_POINT('',(-0.229258978917321,-0.236854929257667,0.0192071338148596));
#9433=CARTESIAN_POINT('',(-0.215844895411876,-0.26313975846044,0.0263));
#9434=CARTESIAN_POINT('',(-0.228053163740596,-0.238961244916486,0.0376039889958729));
#9435=CARTESIAN_POINT('',(-0.229258978917321,-0.236854929257667,0.0333928661851404));
#9436=CARTESIAN_POINT('',(-0.228823931597974,-0.23771654183202,0.0346930388656133));
#9437=CARTESIAN_POINT('',(-0.228335557671842,-0.23840196285391,0.0361027357817946));
#9438=CARTESIAN_POINT('',(-0.228053163740595,-0.238961244916487,0.0376039889958727));
#9439=CARTESIAN_POINT('',(-0.229258978917321,-0.236854929257667,0.0333928661851404));
#9440=CARTESIAN_POINT('',(-0.215958278445678,-0.263197008071674,0.0263));
#9441=CARTESIAN_POINT('',(-0.229450875960613,-0.236474876564251,0.0313));
#9442=CARTESIAN_POINT('',(-0.225880225013127,-0.234671975620988,0.0313));
#9443=CARTESIAN_POINT('',(-0.224101958454322,-0.238193838093135,0.0306410214168039));
#9444=CARTESIAN_POINT('',(-0.212387627498193,-0.26139410712841,0.0263));
#9445=CARTESIAN_POINT('',(-0.215958278445678,-0.263197008071674,0.0263));
#9446=CARTESIAN_POINT('',(-0.200589894450712,-0.284759554266019,0.0203));
#9447=CARTESIAN_POINT('',(-0.227507578222178,-0.231448997509238,0.0203));
#9448=CARTESIAN_POINT('',(-0.231078229169664,-0.233251898452501,0.0203));
#9449=CARTESIAN_POINT('',(-0.227507578222178,-0.231448997509238,0.0163));
#9450=CARTESIAN_POINT('',(-0.242258095955534,-0.211110137375227,0.0203));
#9451=CARTESIAN_POINT('',(-0.22625446242565,-0.233930797256971,0.0163));
#9452=CARTESIAN_POINT('',(-0.0981953137312628,-0.142850615639302,0.0203));
#9453=CARTESIAN_POINT('',(-0.0999982146745263,-0.139279964691816,0.0203));
#9454=CARTESIAN_POINT('',(-0.102197099056737,-0.140390230238664,0.0203));
#9455=CARTESIAN_POINT('',(-0.104,-0.145781530618999,0.0203));
#9456=CARTESIAN_POINT('',(-0.104,-0.145781530618999,0.0163));
#9457=CARTESIAN_POINT('',(-0.0981953137312628,-0.142850615639302,0.0163));
#9458=CARTESIAN_POINT('',(-0.225880225013127,-0.234671975620988,0.0313));
#9459=CARTESIAN_POINT('',(-0.225880225013127,-0.234671975620988,0.0313));
#9460=CARTESIAN_POINT('',(-0.225880225013127,-0.234671975620988,0.0273));
#9461=CARTESIAN_POINT('',(-0.225880225013127,-0.234671975620988,0.0313));
#9462=CARTESIAN_POINT('',(-0.227507578222178,-0.231448997509238,0.0403));
#9463=CARTESIAN_POINT('',(-0.227507578222178,-0.231448997509238,0.0403));
#9464=CARTESIAN_POINT('',(-0.227507578222178,-0.231448997509238,0.0363));
#9465=CARTESIAN_POINT('',(-0.225843759710598,-0.234744195266506,0.0387594222833562));
#9466=CARTESIAN_POINT('',(-0.227507578222178,-0.231448997509238,0.0323));
#9467=CARTESIAN_POINT('',(-0.231078229169664,-0.233251898452501,0.0323));
#9468=CARTESIAN_POINT('',(-0.231078229169664,-0.233251898452501,0.0403));
#9469=CARTESIAN_POINT('',(-0.224179941199017,-0.238039393023773,0.0372188445667125));
#9470=CARTESIAN_POINT('',(-0.212387627498193,-0.26139410712841,0.0263));
#9471=CARTESIAN_POINT('',(-0.224179941199017,-0.238039393023773,0.0153811554332874));
#9472=CARTESIAN_POINT('',(-0.225843759710598,-0.234744195266506,0.0138405777166437));
#9473=CARTESIAN_POINT('',(-0.212387627498193,-0.26139410712841,0.0263));
#9474=CARTESIAN_POINT('',(-0.227507578222178,-0.231448997509238,0.0123));
#9475=CARTESIAN_POINT('',(-0.231078229169664,-0.233251898452501,0.0123));
#9476=CARTESIAN_POINT('',(-0.227507578222178,-0.231448997509238,0.0123));
#9477=CARTESIAN_POINT('',(-0.101614202225713,-0.171927301612235,0.0313));
#9478=CARTESIAN_POINT('',(-0.0998359356669075,-0.175449164084382,0.0306410214168039));
#9479=CARTESIAN_POINT('',(-0.113404720167331,-0.177880595908188,0.0273));
#9480=CARTESIAN_POINT('',(-0.200589894450712,-0.284759554266019,0.0313));
#9481=CARTESIAN_POINT('',(-0.236884544064785,-0.21287788737945,0.0313));
#9482=CARTESIAN_POINT('',(-0.238687445008049,-0.209307236431964,0.0273));
#9483=CARTESIAN_POINT('',(-0.240455195012271,-0.214680788322713,0.0313));
#9484=CARTESIAN_POINT('',(-0.224255681719201,-0.237889388687059,0.0273));
#9485=CARTESIAN_POINT('',(-0.242258095955534,-0.211110137375227,0.0313));
#9486=CARTESIAN_POINT('',(-0.231926566470811,-0.222697177485035,0.0323));
#9487=CARTESIAN_POINT('',(-0.236884544064785,-0.21287788737945,0.0323));
#9488=CARTESIAN_POINT('',(-0.240455195012271,-0.214680788322713,0.0323));
#9489=CARTESIAN_POINT('',(-0.236884544064785,-0.21287788737945,0.0363));
#9490=CARTESIAN_POINT('',(-0.204160545398198,-0.286562455209282,0.0323));
#9491=CARTESIAN_POINT('',(-0.231926566470811,-0.222697177485035,0.0363));
#9492=CARTESIAN_POINT('',(-0.115118165398512,-0.17470108756993,0.0403));
#9493=CARTESIAN_POINT('',(-0.113454346886931,-0.177996285327198,0.0387594222833562));
#9494=CARTESIAN_POINT('',(-0.10233618148842,-0.172382476758637,0.0387594222833562));
#9495=CARTESIAN_POINT('',(-0.104,-0.169087279001369,0.0403));
#9496=CARTESIAN_POINT('',(-0.104,-0.169087279001369,0.0363));
#9497=CARTESIAN_POINT('',(-0.088818347888656,-0.16142172576909,0.0363));
#9498=CARTESIAN_POINT('',(-0.115118165398512,-0.17470108756993,0.0123));
#9499=CARTESIAN_POINT('',(-0.101253115796528,-0.167700316177416,0.0163));
#9500=CARTESIAN_POINT('',(-0.104,-0.169087279001369,0.0163));
#9501=CARTESIAN_POINT('',(-0.104,-0.169087279001369,0.0123));
#9502=CARTESIAN_POINT('',(-0.10233618148842,-0.172382476758637,0.0138405777166437));
#9503=CARTESIAN_POINT('',(-0.113454346886931,-0.177996285327198,0.0138405777166437));
#9504=CARTESIAN_POINT('',(-0.236884544064785,-0.21287788737945,0.05865));
#9505=CARTESIAN_POINT('',(-0.236884544064785,-0.21287788737945,0.0323));
#9506=CARTESIAN_POINT('',(-0.238687445008049,-0.209307236431964,0.0323));
#9507=CARTESIAN_POINT('',(-0.238687445008049,-0.209307236431964,0.0273));
#9508=CARTESIAN_POINT('',(-0.240455195012271,-0.214680788322713,0.0363));
#9509=CARTESIAN_POINT('',(-0.236884544064785,-0.21287788737945,0.0323));
#9510=CARTESIAN_POINT('',(-0.236884544064785,-0.21287788737945,0.0323));
#9511=CARTESIAN_POINT('',(-0.0981953137312628,-0.142850615639302,0.0323));
#9512=CARTESIAN_POINT('',(-0.0981970990567366,-0.142851517089773,0.0363));
#9513=CARTESIAN_POINT('',(-0.104,-0.145781530618999,0.0363));
#9514=CARTESIAN_POINT('',(-0.104,-0.145781530618999,0.0323));
#9515=CARTESIAN_POINT('',(-0.102197099056737,-0.140390230238664,0.0323));
#9516=CARTESIAN_POINT('',(-0.242258095955534,-0.211110137375227,0.0323));
#9517=CARTESIAN_POINT('',(-0.105771550718003,-0.192998111836283,0.0263));
#9518=CARTESIAN_POINT('',(-0.0999121226523966,-0.204602727415611,0.0263));
#9519=CARTESIAN_POINT('',(-0.21129887113698,-0.210928762261903,0.0113));
#9520=CARTESIAN_POINT('',(-0.21129887113698,-0.210928762261903,0.0273));
#9521=CARTESIAN_POINT('',(-0.20829887113698,-0.210928762261903,0.0273));
#9522=CARTESIAN_POINT('',(-0.21129887113698,-0.210928762261903,0.0283));
#9523=CARTESIAN_POINT('',(-0.21429887113698,-0.210928762261903,0.0283));
#9524=CARTESIAN_POINT('',(-0.184518989030838,-0.197407005187427,0.0113));
#9525=CARTESIAN_POINT('',(-0.184518989030838,-0.197407005187427,0.0273));
#9526=CARTESIAN_POINT('',(-0.181518989030838,-0.197407005187427,0.0273));
#9527=CARTESIAN_POINT('',(-0.184518989030838,-0.197407005187427,0.0283));
#9528=CARTESIAN_POINT('',(-0.187518989030838,-0.197407005187427,0.0283));
#9529=CARTESIAN_POINT('',(-0.157739106924696,-0.183885248112951,0.0113));
#9530=CARTESIAN_POINT('',(-0.157739106924696,-0.183885248112951,0.0273));
#9531=CARTESIAN_POINT('',(-0.154739106924696,-0.183885248112951,0.0273));
#9532=CARTESIAN_POINT('',(-0.157739106924696,-0.183885248112951,0.0283));
#9533=CARTESIAN_POINT('',(-0.160739106924696,-0.183885248112951,0.0283));
#9534=CARTESIAN_POINT('',(-0.130959224818554,-0.170363491038475,0.0113));
#9535=CARTESIAN_POINT('',(-0.130959224818554,-0.170363491038475,0.0273));
#9536=CARTESIAN_POINT('',(-0.127959224818554,-0.170363491038475,0.0273));
#9537=CARTESIAN_POINT('',(-0.130959224818554,-0.170363491038475,0.0283));
#9538=CARTESIAN_POINT('',(-0.133959224818554,-0.170363491038475,0.0283));
#9539=CARTESIAN_POINT('',(-0.21129887113698,-0.210928762261903,0.0113));
#9540=CARTESIAN_POINT('',(-0.21129887113698,-0.210928762261903,0.0243));
#9541=CARTESIAN_POINT('',(-0.21429887113698,-0.210928762261903,0.0243));
#9542=CARTESIAN_POINT('',(-0.21129887113698,-0.210928762261903,0.0253));
#9543=CARTESIAN_POINT('',(-0.20829887113698,-0.210928762261903,0.0253));
#9544=CARTESIAN_POINT('',(-0.184518989030838,-0.197407005187427,0.0113));
#9545=CARTESIAN_POINT('',(-0.184518989030838,-0.197407005187427,0.0243));
#9546=CARTESIAN_POINT('',(-0.187518989030838,-0.197407005187427,0.0243));
#9547=CARTESIAN_POINT('',(-0.184518989030838,-0.197407005187427,0.0253));
#9548=CARTESIAN_POINT('',(-0.181518989030838,-0.197407005187427,0.0253));
#9549=CARTESIAN_POINT('',(-0.157739106924696,-0.183885248112951,0.0113));
#9550=CARTESIAN_POINT('',(-0.157739106924696,-0.183885248112951,0.0243));
#9551=CARTESIAN_POINT('',(-0.160739106924696,-0.183885248112951,0.0243));
#9552=CARTESIAN_POINT('',(-0.157739106924696,-0.183885248112951,0.0253));
#9553=CARTESIAN_POINT('',(-0.154739106924696,-0.183885248112951,0.0253));
#9554=CARTESIAN_POINT('',(-0.130959224818554,-0.170363491038475,0.0113));
#9555=CARTESIAN_POINT('',(-0.130959224818554,-0.170363491038475,0.0243));
#9556=CARTESIAN_POINT('',(-0.133959224818554,-0.170363491038475,0.0243));
#9557=CARTESIAN_POINT('',(-0.130959224818554,-0.170363491038475,0.0253));
#9558=CARTESIAN_POINT('',(-0.127959224818554,-0.170363491038475,0.0253));
#9559=CARTESIAN_POINT('',(-0.171129047977767,-0.187507282171262,0.0243));
#9560=CARTESIAN_POINT('',(-0.130959224818554,-0.170363491038475,0.0243));
#9561=CARTESIAN_POINT('',(-0.135159224818554,-0.170363491038475,0.0243));
#9562=CARTESIAN_POINT('',(-0.130959224818554,-0.170363491038475,0.0243));
#9563=CARTESIAN_POINT('',(-0.130959224818554,-0.170363491038475,0.0163));
#9564=CARTESIAN_POINT('',(-0.135159224818554,-0.170363491038475,0.0163));
#9565=CARTESIAN_POINT('',(-0.171129047977767,-0.187507282171262,0.0243));
#9566=CARTESIAN_POINT('',(-0.157739106924696,-0.183885248112951,0.0243));
#9567=CARTESIAN_POINT('',(-0.161939106924696,-0.183885248112951,0.0243));
#9568=CARTESIAN_POINT('',(-0.157739106924696,-0.183885248112951,0.0243));
#9569=CARTESIAN_POINT('',(-0.157739106924696,-0.183885248112951,0.0163));
#9570=CARTESIAN_POINT('',(-0.161939106924696,-0.183885248112951,0.0163));
#9571=CARTESIAN_POINT('',(-0.171129047977767,-0.187507282171262,0.0243));
#9572=CARTESIAN_POINT('',(-0.184518989030838,-0.197407005187427,0.0243));
#9573=CARTESIAN_POINT('',(-0.188718989030838,-0.197407005187427,0.0243));
#9574=CARTESIAN_POINT('',(-0.184518989030838,-0.197407005187427,0.0243));
#9575=CARTESIAN_POINT('',(-0.184518989030838,-0.197407005187427,0.0163));
#9576=CARTESIAN_POINT('',(-0.188718989030838,-0.197407005187427,0.0163));
#9577=CARTESIAN_POINT('',(-0.171129047977767,-0.187507282171262,0.0243));
#9578=CARTESIAN_POINT('',(-0.21129887113698,-0.210928762261903,0.0243));
#9579=CARTESIAN_POINT('',(-0.21549887113698,-0.210928762261903,0.0243));
#9580=CARTESIAN_POINT('',(-0.21129887113698,-0.210928762261903,0.0243));
#9581=CARTESIAN_POINT('',(-0.21129887113698,-0.210928762261903,0.0163));
#9582=CARTESIAN_POINT('',(-0.21549887113698,-0.210928762261903,0.0163));
#9583=CARTESIAN_POINT('',(-0.171129047977767,-0.187507282171262,0.0283));
#9584=CARTESIAN_POINT('',(-0.130959224818554,-0.170363491038475,0.0283));
#9585=CARTESIAN_POINT('',(-0.135159224818554,-0.170363491038475,0.0283));
#9586=CARTESIAN_POINT('',(-0.130959224818554,-0.170363491038475,0.0283));
#9587=CARTESIAN_POINT('',(-0.130959224818554,-0.170363491038475,0.0363));
#9588=CARTESIAN_POINT('',(-0.135159224818554,-0.170363491038475,0.0363));
#9589=CARTESIAN_POINT('',(-0.171129047977767,-0.187507282171262,0.0283));
#9590=CARTESIAN_POINT('',(-0.157739106924696,-0.183885248112951,0.0283));
#9591=CARTESIAN_POINT('',(-0.161939106924696,-0.183885248112951,0.0283));
#9592=CARTESIAN_POINT('',(-0.157739106924696,-0.183885248112951,0.0283));
#9593=CARTESIAN_POINT('',(-0.157739106924696,-0.183885248112951,0.0363));
#9594=CARTESIAN_POINT('',(-0.161939106924696,-0.183885248112951,0.0363));
#9595=CARTESIAN_POINT('',(-0.171129047977767,-0.187507282171262,0.0283));
#9596=CARTESIAN_POINT('',(-0.184518989030838,-0.197407005187427,0.0283));
#9597=CARTESIAN_POINT('',(-0.188718989030838,-0.197407005187427,0.0283));
#9598=CARTESIAN_POINT('',(-0.184518989030838,-0.197407005187427,0.0283));
#9599=CARTESIAN_POINT('',(-0.184518989030838,-0.197407005187427,0.0363));
#9600=CARTESIAN_POINT('',(-0.188718989030838,-0.197407005187427,0.0363));
#9601=CARTESIAN_POINT('',(-0.171129047977767,-0.187507282171262,0.0283));
#9602=CARTESIAN_POINT('',(-0.21129887113698,-0.210928762261903,0.0283));
#9603=CARTESIAN_POINT('',(-0.21549887113698,-0.210928762261903,0.0283));
#9604=CARTESIAN_POINT('',(-0.21129887113698,-0.210928762261903,0.0283));
#9605=CARTESIAN_POINT('',(-0.21129887113698,-0.210928762261903,0.0363));
#9606=CARTESIAN_POINT('',(-0.21549887113698,-0.210928762261903,0.0363));
#9607=CARTESIAN_POINT('',(-0.0999982146745263,-0.139279964691816,0.0208));
#9608=CARTESIAN_POINT('',(-0.102197099056737,-0.140390230238664,0.0208));
#9609=CARTESIAN_POINT('',(-0.0999982146745263,-0.139279964691816,0.0253));
#9610=CARTESIAN_POINT('',(-0.0999982146745263,-0.139279964691816,0.0273));
#9611=CARTESIAN_POINT('',(-0.0932373361372883,-0.152669905744887,0.0163));
#9612=CARTESIAN_POINT('',(-0.104,-0.152669905744887,0.0163));
#9613=CARTESIAN_POINT('',(-0.0932373361372883,-0.152669905744887,0.0363));
#9614=CARTESIAN_POINT('',(-0.104,-0.143761841806198,0.0363));
#9615=CARTESIAN_POINT('',(-0.0881216047107783,-0.198649433119657,0.0263));
#9616=CARTESIAN_POINT('',(-0.104,-0.206666787452375,0.0263));
#9617=CARTESIAN_POINT('',(-0.102197099056737,-0.235274889921958,0.0263));
#9618=CARTESIAN_POINT('',(-0.0990194599155252,-0.204152002179796,0.0263));
#9619=CARTESIAN_POINT('',(-0.110891883756744,-0.180638629691974,0.0269995472703024));
#9620=CARTESIAN_POINT('',(-0.110891883756744,-0.180638629691974,0.0256004527296977));
#9621=CARTESIAN_POINT('',(-0.110891883756744,-0.180638629691974,0.0256004527296977));
#9622=CARTESIAN_POINT('',(-0.110883268765837,-0.180655691708365,0.0248807495850601));
#9623=CARTESIAN_POINT('',(-0.111348476089073,-0.180998690657504,0.0235372689032106));
#9624=CARTESIAN_POINT('',(-0.112136573684846,-0.181562336500256,0.0224810907288832));
#9625=CARTESIAN_POINT('',(-0.112519116345397,-0.181853183616152,0.0219589785831961));
#9626=CARTESIAN_POINT('',(-0.110891883756744,-0.180638629691974,0.0269995472703024));
#9627=CARTESIAN_POINT('',(-0.110883268765837,-0.180655691708365,0.0277192504149399));
#9628=CARTESIAN_POINT('',(-0.111348476089075,-0.180998690657504,0.0290627310967879));
#9629=CARTESIAN_POINT('',(-0.112136573684842,-0.181562336500255,0.0301189092711198));
#9630=CARTESIAN_POINT('',(-0.112519116345397,-0.181853183616152,0.0306410214168039));
#9631=CARTESIAN_POINT('',(-0.204160545398198,-0.286562455209282,0.05865));
#9632=CARTESIAN_POINT('',(-0.0999982146745263,-0.204646197189103,0.0263));
#9633=CARTESIAN_POINT('',(-0.104,-0.206666787452375,0.0263));
#9634=CARTESIAN_POINT('',(-0.0977403106240772,-0.172878092529193,0.0273));
#9635=CARTESIAN_POINT('',(-0.0977403106240772,-0.172878092529193,0.0253));
#9636=CARTESIAN_POINT('',(-0.204160545398198,-0.286562455209282,0.05865));
#9637=CARTESIAN_POINT('',(-0.1,-0.00675,-0.01));
#9638=CARTESIAN_POINT('',(-0.1,-0.145781530618999,0.0323));
#9639=CARTESIAN_POINT('',(-0.1,-0.136819579291179,0.0323));
#9640=CARTESIAN_POINT('',(-0.1,-0.145781530618999,0.0403));
#9641=CARTESIAN_POINT('',(-0.1,-0.167067590188569,0.0403));
#9642=CARTESIAN_POINT('',(-0.1,-0.169087279001369,0.0403));
#9643=CARTESIAN_POINT('',(-0.1,-0.206666787452375,0.0263));
#9644=CARTESIAN_POINT('',(-0.1,-0.169087279001369,0.0123));
#9645=CARTESIAN_POINT('',(-0.1,-0.00675,0.0123));
#9646=CARTESIAN_POINT('',(-0.1,-0.145781530618999,0.0123));
#9647=CARTESIAN_POINT('',(-0.1,-0.145781530618999,0.0203));
#9648=CARTESIAN_POINT('',(-0.1,-0.136819579291179,0.0203));
#9649=CARTESIAN_POINT('',(-0.1,-0.136819579291179,-0.01));
#9650=CARTESIAN_POINT('',(-0.1,0.193166787452376,0.0263));
#9651=CARTESIAN_POINT('',(-0.1,0.155587279001369,0.0123));
#9652=CARTESIAN_POINT('',(-0.1,0.155587279001369,0.0403));
#9653=CARTESIAN_POINT('',(-0.1,0.130261841806198,0.0403));
#9654=CARTESIAN_POINT('',(-0.1,0.132281530618999,0.0403));
#9655=CARTESIAN_POINT('',(-0.1,0.132281530618999,0.0323));
#9656=CARTESIAN_POINT('',(-0.1,0.123319579291179,0.0323));
#9657=CARTESIAN_POINT('',(-0.1,0.123319579291179,-0.00999999999999986));
#9658=CARTESIAN_POINT('',(-0.1,0.123319579291179,0.0203));
#9659=CARTESIAN_POINT('',(-0.1,0.132281530618999,0.0203));
#9660=CARTESIAN_POINT('',(-0.1,0.132281530618999,0.0123));
#9661=CARTESIAN_POINT('',(-0.1,-0.00675,0.0123));
#9662=CARTESIAN_POINT('',(-0.1,-0.00675,-0.01));
#9663=CARTESIAN_POINT('',(-0.1,0.191147098639575,0.0263));
#9664=CARTESIAN_POINT('',(-0.1,0.213557578178704,0.0263));
#9665=CARTESIAN_POINT('',(-0.1,0.193166787452376,0.0263));
#9666=CARTESIAN_POINT('',(-0.1,0.218204238974472,0.0263));
#9667=CARTESIAN_POINT('',(0.114297382904202,0.164831321144005,0.0213));
#9668=CARTESIAN_POINT('',(0.114297382904202,0.164831321144005,0.0213));
#9669=CARTESIAN_POINT('',(0.114297382904202,0.164831321144005,0.0253));
#9670=CARTESIAN_POINT('',(0.112519116345397,0.168353183616153,0.0219589785831962));
#9671=CARTESIAN_POINT('',(0.112235112863301,0.166697006825785,0.0255739044461948));
#9672=CARTESIAN_POINT('',(0.112181057864334,0.16680406292002,0.0252600773420018));
#9673=CARTESIAN_POINT('',(0.112161054085681,0.167102622349342,0.0246592353765536));
#9674=CARTESIAN_POINT('',(0.112238785519427,0.167760114795368,0.0234976647707533));
#9675=CARTESIAN_POINT('',(0.112383387642679,0.168167415777765,0.0225855345532438));
#9676=CARTESIAN_POINT('',(0.112519116345397,0.168353183616153,0.0219589785831962));
#9677=CARTESIAN_POINT('',(0.112235112863301,0.166697006825785,0.0255739044461948));
#9678=CARTESIAN_POINT('',(0.113404720167331,0.164380595908189,0.0213));
#9679=CARTESIAN_POINT('',(0.113404720167331,0.164380595908189,0.0263));
#9680=CARTESIAN_POINT('',(0.114297382904202,0.164831321144005,0.0263));
#9681=CARTESIAN_POINT('',(0.113127842717462,0.167147599135599,0.0263));
#9682=CARTESIAN_POINT('',(0.114297382904202,0.164831321144005,0.0263));
#9683=CARTESIAN_POINT('',(0.114297382904202,0.164831321144005,0.0273));
#9684=CARTESIAN_POINT('',(0.127104602899124,0.139466581954981,0.0273));
#9685=CARTESIAN_POINT('',(0.127104602899124,0.139466581954981,0.0273));
#9686=CARTESIAN_POINT('',(0.127104602899124,0.139466581954981,0.0263));
#9687=CARTESIAN_POINT('',(0.127104602899124,0.139466581954981,0.0253));
#9688=CARTESIAN_POINT('',(0.113127842717462,0.167147599135599,0.0253));
#9689=CARTESIAN_POINT('',(0.114297382904202,0.164831321144005,0.0313));
#9690=CARTESIAN_POINT('',(0.113404720167331,0.164380595908189,0.0313));
#9691=CARTESIAN_POINT('',(0.112235112863301,0.166697006825785,0.0270260955538053));
#9692=CARTESIAN_POINT('',(0.112235112863301,0.166697006825785,0.0270260955538053));
#9693=CARTESIAN_POINT('',(0.112181057864334,0.16680406292002,0.0273399226579984));
#9694=CARTESIAN_POINT('',(0.11216105408568,0.167102622349342,0.0279407646234469));
#9695=CARTESIAN_POINT('',(0.112238785519433,0.16776011479537,0.029102335229245));
#9696=CARTESIAN_POINT('',(0.112383387642655,0.168167415777755,0.0300144654467645));
#9697=CARTESIAN_POINT('',(0.112519116345397,0.168353183616153,0.0306410214168041));
#9698=CARTESIAN_POINT('',(0.112519116345397,0.168353183616153,0.0306410214168041));
#9699=CARTESIAN_POINT('',(0.114297382904202,0.164831321144005,0.0313));
#9700=CARTESIAN_POINT('',(0.224710684826387,0.223488253612582,0.0213));
#9701=CARTESIAN_POINT('',(0.225880225013127,0.221171975620988,0.0213));
#9702=CARTESIAN_POINT('',(0.225880225013127,0.221171975620988,0.0253));
#9703=CARTESIAN_POINT('',(0.229450875960613,0.222974876564251,0.0213));
#9704=CARTESIAN_POINT('',(0.224710684826387,0.223488253612582,0.0253));
#9705=CARTESIAN_POINT('',(0.238687445008049,0.195807236431964,0.0253));
#9706=CARTESIAN_POINT('',(0.236884544064785,0.19937788737945,0.0213));
#9707=CARTESIAN_POINT('',(0.240455195012271,0.201180788322713,0.0213));
#9708=CARTESIAN_POINT('',(0.204160545398198,0.273062455209282,0.0213));
#9709=CARTESIAN_POINT('',(0.236884544064785,0.19937788737945,0.05865));
#9710=CARTESIAN_POINT('',(0.236884544064785,0.19937788737945,0.0203));
#9711=CARTESIAN_POINT('',(0.240455195012271,0.201180788322713,0.0203));
#9712=CARTESIAN_POINT('',(0.238687445008049,0.195807236431964,0.0203));
#9713=CARTESIAN_POINT('',(0.240455195012271,0.201180788322713,0.0253));
#9714=CARTESIAN_POINT('',(0.238687445008049,0.195807236431964,0.0163));
#9715=CARTESIAN_POINT('',(0.225880225013127,0.221171975620988,0.0213));
#9716=CARTESIAN_POINT('',(0.225880225013127,0.221171975620988,0.0213));
#9717=CARTESIAN_POINT('',(0.224101958454322,0.224693838093136,0.0219589785831962));
#9718=CARTESIAN_POINT('',(0.225880225013127,0.221171975620988,0.0213));
#9719=CARTESIAN_POINT('',(0.236884544064785,0.19937788737945,0.0203));
#9720=CARTESIAN_POINT('',(0.236884544064785,0.19937788737945,0.0203));
#9721=CARTESIAN_POINT('',(0.236884544064785,0.19937788737945,0.0163));
#9722=CARTESIAN_POINT('',(0.236884544064785,0.19937788737945,0.0203));
#9723=CARTESIAN_POINT('',(0.101614202225713,0.158427301612234,0.0213));
#9724=CARTESIAN_POINT('',(0.0989098508108175,0.157061814537598,0.0253));
#9725=CARTESIAN_POINT('',(0.0998359356669075,0.161949164084383,0.0219589785831962));
#9726=CARTESIAN_POINT('',(0.212387627498193,0.24789410712841,0.0263));
#9727=CARTESIAN_POINT('',(0.229258978917321,0.223354929257667,0.0192071338148598));
#9728=CARTESIAN_POINT('',(0.228823931597936,0.224216541832095,0.017906961134449));
#9729=CARTESIAN_POINT('',(0.228335557671842,0.22490196285391,0.0164972642182054));
#9730=CARTESIAN_POINT('',(0.228053163740595,0.225461244916487,0.014996011004127));
#9731=CARTESIAN_POINT('',(0.228053163740596,0.225461244916487,0.0149960110041267));
#9732=CARTESIAN_POINT('',(0.229258978917321,0.223354929257667,0.0192071338148598));
#9733=CARTESIAN_POINT('',(0.215844895411876,0.24963975846044,0.0263));
#9734=CARTESIAN_POINT('',(0.228053163740596,0.225461244916487,0.0376039889958731));
#9735=CARTESIAN_POINT('',(0.229258978917321,0.223354929257667,0.0333928661851405));
#9736=CARTESIAN_POINT('',(0.228823931597962,0.224216541832043,0.0346930388655937));
#9737=CARTESIAN_POINT('',(0.228335557671842,0.22490196285391,0.0361027357817946));
#9738=CARTESIAN_POINT('',(0.228053163740595,0.225461244916487,0.0376039889958728));
#9739=CARTESIAN_POINT('',(0.229258978917321,0.223354929257667,0.0333928661851405));
#9740=CARTESIAN_POINT('',(0.215958278445678,0.249697008071673,0.0263));
#9741=CARTESIAN_POINT('',(0.229450875960613,0.222974876564251,0.0313));
#9742=CARTESIAN_POINT('',(0.225880225013127,0.221171975620988,0.0313));
#9743=CARTESIAN_POINT('',(0.224101958454322,0.224693838093135,0.0306410214168041));
#9744=CARTESIAN_POINT('',(0.212387627498193,0.24789410712841,0.0263));
#9745=CARTESIAN_POINT('',(0.215958278445678,0.249697008071673,0.0263));
#9746=CARTESIAN_POINT('',(0.200589894450712,0.271259554266018,0.0203));
#9747=CARTESIAN_POINT('',(0.227507578222178,0.217948997509238,0.0203));
#9748=CARTESIAN_POINT('',(0.231078229169664,0.219751898452501,0.0203));
#9749=CARTESIAN_POINT('',(0.227507578222178,0.217948997509238,0.0163));
#9750=CARTESIAN_POINT('',(0.242258095955534,0.197610137375227,0.0203));
#9751=CARTESIAN_POINT('',(0.22625446242565,0.220430797256972,0.0163));
#9752=CARTESIAN_POINT('',(0.0981953137312628,0.129350615639302,0.0203));
#9753=CARTESIAN_POINT('',(0.0999982146745263,0.125779964691816,0.0203));
#9754=CARTESIAN_POINT('',(0.102197099056737,0.126890230238664,0.0203));
#9755=CARTESIAN_POINT('',(0.104,0.132281530618999,0.0203));
#9756=CARTESIAN_POINT('',(0.104,0.132281530618999,0.0163));
#9757=CARTESIAN_POINT('',(0.0981953137312628,0.129350615639302,0.0163));
#9758=CARTESIAN_POINT('',(0.225880225013127,0.221171975620988,0.0313));
#9759=CARTESIAN_POINT('',(0.225880225013127,0.221171975620988,0.0313));
#9760=CARTESIAN_POINT('',(0.225880225013127,0.221171975620988,0.0273));
#9761=CARTESIAN_POINT('',(0.225880225013127,0.221171975620988,0.0313));
#9762=CARTESIAN_POINT('',(0.227507578222178,0.217948997509238,0.0403));
#9763=CARTESIAN_POINT('',(0.227507578222178,0.217948997509238,0.0403));
#9764=CARTESIAN_POINT('',(0.227507578222178,0.217948997509238,0.0363));
#9765=CARTESIAN_POINT('',(0.225843759710598,0.221244195266506,0.0387594222833564));
#9766=CARTESIAN_POINT('',(0.227507578222178,0.217948997509238,0.0323));
#9767=CARTESIAN_POINT('',(0.231078229169664,0.219751898452501,0.0323));
#9768=CARTESIAN_POINT('',(0.231078229169664,0.219751898452501,0.0403));
#9769=CARTESIAN_POINT('',(0.224179941199017,0.224539393023774,0.0372188445667126));
#9770=CARTESIAN_POINT('',(0.212387627498193,0.24789410712841,0.0263));
#9771=CARTESIAN_POINT('',(0.224179941199017,0.224539393023774,0.0153811554332876));
#9772=CARTESIAN_POINT('',(0.225843759710598,0.221244195266506,0.0138405777166439));
#9773=CARTESIAN_POINT('',(0.212387627498193,0.24789410712841,0.0263));
#9774=CARTESIAN_POINT('',(0.227507578222178,0.217948997509238,0.0123000000000001));
#9775=CARTESIAN_POINT('',(0.231078229169664,0.219751898452501,0.0123000000000001));
#9776=CARTESIAN_POINT('',(0.227507578222178,0.217948997509238,0.0123000000000001));
#9777=CARTESIAN_POINT('',(0.101614202225713,0.158427301612234,0.0313));
#9778=CARTESIAN_POINT('',(0.0998359356669075,0.161949164084383,0.0306410214168041));
#9779=CARTESIAN_POINT('',(0.113404720167331,0.164380595908189,0.0273));
#9780=CARTESIAN_POINT('',(0.200589894450712,0.271259554266018,0.0313));
#9781=CARTESIAN_POINT('',(0.236884544064785,0.19937788737945,0.0313));
#9782=CARTESIAN_POINT('',(0.238687445008049,0.195807236431964,0.0273));
#9783=CARTESIAN_POINT('',(0.240455195012271,0.201180788322713,0.0313));
#9784=CARTESIAN_POINT('',(0.224255681719201,0.224389388687058,0.0273));
#9785=CARTESIAN_POINT('',(0.242258095955534,0.197610137375227,0.0313));
#9786=CARTESIAN_POINT('',(0.231926566470811,0.209197177485035,0.0323));
#9787=CARTESIAN_POINT('',(0.236884544064785,0.19937788737945,0.0323));
#9788=CARTESIAN_POINT('',(0.240455195012271,0.201180788322713,0.0323));
#9789=CARTESIAN_POINT('',(0.236884544064785,0.19937788737945,0.0363));
#9790=CARTESIAN_POINT('',(0.204160545398198,0.273062455209282,0.0323));
#9791=CARTESIAN_POINT('',(0.231926566470811,0.209197177485035,0.0363));
#9792=CARTESIAN_POINT('',(0.115118165398512,0.161201087569931,0.0403));
#9793=CARTESIAN_POINT('',(0.113454346886931,0.164496285327198,0.0387594222833563));
#9794=CARTESIAN_POINT('',(0.10233618148842,0.158882476758637,0.0387594222833563));
#9795=CARTESIAN_POINT('',(0.104,0.155587279001369,0.0403));
#9796=CARTESIAN_POINT('',(0.104,0.155587279001369,0.0363));
#9797=CARTESIAN_POINT('',(0.088818347888656,0.14792172576909,0.0363));
#9798=CARTESIAN_POINT('',(0.115118165398512,0.161201087569931,0.0123));
#9799=CARTESIAN_POINT('',(0.101253115796528,0.154200316177416,0.0163));
#9800=CARTESIAN_POINT('',(0.104,0.155587279001369,0.0163));
#9801=CARTESIAN_POINT('',(0.104,0.155587279001369,0.0123));
#9802=CARTESIAN_POINT('',(0.10233618148842,0.158882476758637,0.0138405777166438));
#9803=CARTESIAN_POINT('',(0.113454346886931,0.164496285327198,0.0138405777166438));
#9804=CARTESIAN_POINT('',(0.236884544064785,0.19937788737945,0.05865));
#9805=CARTESIAN_POINT('',(0.236884544064785,0.19937788737945,0.0323));
#9806=CARTESIAN_POINT('',(0.238687445008049,0.195807236431964,0.0323));
#9807=CARTESIAN_POINT('',(0.238687445008049,0.195807236431964,0.0273));
#9808=CARTESIAN_POINT('',(0.240455195012271,0.201180788322713,0.0363));
#9809=CARTESIAN_POINT('',(0.236884544064785,0.19937788737945,0.0323));
#9810=CARTESIAN_POINT('',(0.236884544064785,0.19937788737945,0.0323));
#9811=CARTESIAN_POINT('',(0.0981953137312628,0.129350615639302,0.0323));
#9812=CARTESIAN_POINT('',(0.0981970990567366,0.129351517089773,0.0363));
#9813=CARTESIAN_POINT('',(0.104,0.132281530618999,0.0363));
#9814=CARTESIAN_POINT('',(0.104,0.132281530618999,0.0323));
#9815=CARTESIAN_POINT('',(0.102197099056737,0.126890230238664,0.0323));
#9816=CARTESIAN_POINT('',(0.242258095955534,0.197610137375227,0.0323));
#9817=CARTESIAN_POINT('',(0.105771550718003,0.179498111836283,0.0263));
#9818=CARTESIAN_POINT('',(0.0999121226523966,0.191102727415611,0.0263));
#9819=CARTESIAN_POINT('',(0.21129887113698,0.197428762261903,0.0113000000000001));
#9820=CARTESIAN_POINT('',(0.21129887113698,0.197428762261903,0.0273));
#9821=CARTESIAN_POINT('',(0.20829887113698,0.197428762261903,0.0273));
#9822=CARTESIAN_POINT('',(0.21129887113698,0.197428762261903,0.0283));
#9823=CARTESIAN_POINT('',(0.21429887113698,0.197428762261903,0.0283));
#9824=CARTESIAN_POINT('',(0.184518989030838,0.183907005187427,0.0113));
#9825=CARTESIAN_POINT('',(0.184518989030838,0.183907005187427,0.0273));
#9826=CARTESIAN_POINT('',(0.181518989030838,0.183907005187427,0.0273));
#9827=CARTESIAN_POINT('',(0.184518989030838,0.183907005187427,0.0283));
#9828=CARTESIAN_POINT('',(0.187518989030838,0.183907005187427,0.0283));
#9829=CARTESIAN_POINT('',(0.157739106924696,0.170385248112951,0.0113));
#9830=CARTESIAN_POINT('',(0.157739106924696,0.170385248112951,0.0273));
#9831=CARTESIAN_POINT('',(0.154739106924696,0.170385248112951,0.0273));
#9832=CARTESIAN_POINT('',(0.157739106924696,0.170385248112951,0.0283));
#9833=CARTESIAN_POINT('',(0.160739106924696,0.170385248112951,0.0283));
#9834=CARTESIAN_POINT('',(0.130959224818554,0.156863491038475,0.0113));
#9835=CARTESIAN_POINT('',(0.130959224818554,0.156863491038475,0.0273));
#9836=CARTESIAN_POINT('',(0.127959224818554,0.156863491038475,0.0273));
#9837=CARTESIAN_POINT('',(0.130959224818554,0.156863491038475,0.0283));
#9838=CARTESIAN_POINT('',(0.133959224818554,0.156863491038475,0.0283));
#9839=CARTESIAN_POINT('',(0.21129887113698,0.197428762261903,0.0113000000000001));
#9840=CARTESIAN_POINT('',(0.21129887113698,0.197428762261903,0.0243));
#9841=CARTESIAN_POINT('',(0.21429887113698,0.197428762261903,0.0243));
#9842=CARTESIAN_POINT('',(0.21129887113698,0.197428762261903,0.0253));
#9843=CARTESIAN_POINT('',(0.20829887113698,0.197428762261903,0.0253));
#9844=CARTESIAN_POINT('',(0.184518989030838,0.183907005187427,0.0113));
#9845=CARTESIAN_POINT('',(0.184518989030838,0.183907005187427,0.0243));
#9846=CARTESIAN_POINT('',(0.187518989030838,0.183907005187427,0.0243));
#9847=CARTESIAN_POINT('',(0.184518989030838,0.183907005187427,0.0253));
#9848=CARTESIAN_POINT('',(0.181518989030838,0.183907005187427,0.0253));
#9849=CARTESIAN_POINT('',(0.157739106924696,0.170385248112951,0.0113));
#9850=CARTESIAN_POINT('',(0.157739106924696,0.170385248112951,0.0243));
#9851=CARTESIAN_POINT('',(0.160739106924696,0.170385248112951,0.0243));
#9852=CARTESIAN_POINT('',(0.157739106924696,0.170385248112951,0.0253));
#9853=CARTESIAN_POINT('',(0.154739106924696,0.170385248112951,0.0253));
#9854=CARTESIAN_POINT('',(0.130959224818554,0.156863491038475,0.0113));
#9855=CARTESIAN_POINT('',(0.130959224818554,0.156863491038475,0.0243));
#9856=CARTESIAN_POINT('',(0.133959224818554,0.156863491038475,0.0243));
#9857=CARTESIAN_POINT('',(0.130959224818554,0.156863491038475,0.0253));
#9858=CARTESIAN_POINT('',(0.127959224818554,0.156863491038475,0.0253));
#9859=CARTESIAN_POINT('',(0.171129047977767,0.174007282171261,0.0243));
#9860=CARTESIAN_POINT('',(0.130959224818554,0.156863491038475,0.0243));
#9861=CARTESIAN_POINT('',(0.135159224818554,0.156863491038475,0.0243));
#9862=CARTESIAN_POINT('',(0.130959224818554,0.156863491038475,0.0243));
#9863=CARTESIAN_POINT('',(0.130959224818554,0.156863491038475,0.0163));
#9864=CARTESIAN_POINT('',(0.135159224818554,0.156863491038475,0.0163));
#9865=CARTESIAN_POINT('',(0.171129047977767,0.174007282171261,0.0243));
#9866=CARTESIAN_POINT('',(0.157739106924696,0.170385248112951,0.0243));
#9867=CARTESIAN_POINT('',(0.161939106924696,0.170385248112951,0.0243));
#9868=CARTESIAN_POINT('',(0.157739106924696,0.170385248112951,0.0243));
#9869=CARTESIAN_POINT('',(0.157739106924696,0.170385248112951,0.0163));
#9870=CARTESIAN_POINT('',(0.161939106924696,0.170385248112951,0.0163));
#9871=CARTESIAN_POINT('',(0.171129047977767,0.174007282171261,0.0243));
#9872=CARTESIAN_POINT('',(0.184518989030838,0.183907005187427,0.0243));
#9873=CARTESIAN_POINT('',(0.188718989030838,0.183907005187427,0.0243));
#9874=CARTESIAN_POINT('',(0.184518989030838,0.183907005187427,0.0243));
#9875=CARTESIAN_POINT('',(0.184518989030838,0.183907005187427,0.0163));
#9876=CARTESIAN_POINT('',(0.188718989030838,0.183907005187427,0.0163));
#9877=CARTESIAN_POINT('',(0.171129047977767,0.174007282171261,0.0243));
#9878=CARTESIAN_POINT('',(0.21129887113698,0.197428762261903,0.0243));
#9879=CARTESIAN_POINT('',(0.21549887113698,0.197428762261903,0.0243));
#9880=CARTESIAN_POINT('',(0.21129887113698,0.197428762261903,0.0243));
#9881=CARTESIAN_POINT('',(0.21129887113698,0.197428762261903,0.0163));
#9882=CARTESIAN_POINT('',(0.21549887113698,0.197428762261903,0.0163));
#9883=CARTESIAN_POINT('',(0.171129047977767,0.174007282171261,0.0283));
#9884=CARTESIAN_POINT('',(0.130959224818554,0.156863491038475,0.0283));
#9885=CARTESIAN_POINT('',(0.135159224818554,0.156863491038475,0.0283));
#9886=CARTESIAN_POINT('',(0.130959224818554,0.156863491038475,0.0283));
#9887=CARTESIAN_POINT('',(0.130959224818554,0.156863491038475,0.0363));
#9888=CARTESIAN_POINT('',(0.135159224818554,0.156863491038475,0.0363));
#9889=CARTESIAN_POINT('',(0.171129047977767,0.174007282171261,0.0283));
#9890=CARTESIAN_POINT('',(0.157739106924696,0.170385248112951,0.0283));
#9891=CARTESIAN_POINT('',(0.161939106924696,0.170385248112951,0.0283));
#9892=CARTESIAN_POINT('',(0.157739106924696,0.170385248112951,0.0283));
#9893=CARTESIAN_POINT('',(0.157739106924696,0.170385248112951,0.0363));
#9894=CARTESIAN_POINT('',(0.161939106924696,0.170385248112951,0.0363));
#9895=CARTESIAN_POINT('',(0.171129047977767,0.174007282171261,0.0283));
#9896=CARTESIAN_POINT('',(0.184518989030838,0.183907005187427,0.0283));
#9897=CARTESIAN_POINT('',(0.188718989030838,0.183907005187427,0.0283));
#9898=CARTESIAN_POINT('',(0.184518989030838,0.183907005187427,0.0283));
#9899=CARTESIAN_POINT('',(0.184518989030838,0.183907005187427,0.0363));
#9900=CARTESIAN_POINT('',(0.188718989030838,0.183907005187427,0.0363));
#9901=CARTESIAN_POINT('',(0.171129047977767,0.174007282171261,0.0283));
#9902=CARTESIAN_POINT('',(0.21129887113698,0.197428762261903,0.0283));
#9903=CARTESIAN_POINT('',(0.21549887113698,0.197428762261903,0.0283));
#9904=CARTESIAN_POINT('',(0.21129887113698,0.197428762261903,0.0283));
#9905=CARTESIAN_POINT('',(0.21129887113698,0.197428762261903,0.0363));
#9906=CARTESIAN_POINT('',(0.21549887113698,0.197428762261903,0.0363));
#9907=CARTESIAN_POINT('',(0.0999982146745263,0.125779964691816,0.0208));
#9908=CARTESIAN_POINT('',(0.102197099056737,0.126890230238664,0.0203));
#9909=CARTESIAN_POINT('',(0.0999982146745263,0.125779964691816,0.0253));
#9910=CARTESIAN_POINT('',(0.0999982146745263,0.125779964691816,0.0273));
#9911=CARTESIAN_POINT('',(0.0932373361372883,0.139169905744887,0.0163));
#9912=CARTESIAN_POINT('',(0.104,0.153567590188569,0.0163));
#9913=CARTESIAN_POINT('',(0.0932373361372883,0.139169905744887,0.0363));
#9914=CARTESIAN_POINT('',(0.104,0.139169905744887,0.0363));
#9915=CARTESIAN_POINT('',(0.0881216047107783,0.185149433119658,0.0263));
#9916=CARTESIAN_POINT('',(0.104,0.193166787452376,0.0263));
#9917=CARTESIAN_POINT('',(0.102197099056737,0.221774889921958,0.0263));
#9918=CARTESIAN_POINT('',(0.0990194599155252,0.190652002179795,0.0263));
#9919=CARTESIAN_POINT('',(0.110891883756744,0.167138629691974,0.0269995472703025));
#9920=CARTESIAN_POINT('',(0.110891883756744,0.167138629691974,0.0256004527296978));
#9921=CARTESIAN_POINT('',(0.110891883756744,0.167138629691974,0.0256004527296978));
#9922=CARTESIAN_POINT('',(0.110883268765837,0.167155691708365,0.0248807495850602));
#9923=CARTESIAN_POINT('',(0.111348476089037,0.167498690657492,0.023537268903178));
#9924=CARTESIAN_POINT('',(0.112136573684917,0.168062336500279,0.0224810907289486));
#9925=CARTESIAN_POINT('',(0.112519116345397,0.168353183616153,0.0219589785831962));
#9926=CARTESIAN_POINT('',(0.110891883756744,0.167138629691974,0.0269995472703025));
#9927=CARTESIAN_POINT('',(0.110883268765837,0.167155691708365,0.02771925041494));
#9928=CARTESIAN_POINT('',(0.111348476089037,0.167498690657492,0.029062731096823));
#9929=CARTESIAN_POINT('',(0.112136573684919,0.16806233650028,0.0301189092710498));
#9930=CARTESIAN_POINT('',(0.112519116345397,0.168353183616153,0.0306410214168041));
#9931=CARTESIAN_POINT('',(0.204160545398198,0.273062455209282,0.05865));
#9932=CARTESIAN_POINT('',(0.0999982146745263,0.191146197189103,0.0263));
#9933=CARTESIAN_POINT('',(0.104,0.193166787452376,0.0263));
#9934=CARTESIAN_POINT('',(0.0977403106240772,0.159378092529193,0.0273));
#9935=CARTESIAN_POINT('',(0.0977403106240772,0.159378092529193,0.0253));
#9936=CARTESIAN_POINT('',(0.204160545398198,0.273062455209282,0.05865));
#9937=CARTESIAN_POINT('',(0.1,-0.00675,-0.01));
#9938=CARTESIAN_POINT('',(0.1,-0.204647098639578,0.0263));
#9939=CARTESIAN_POINT('',(0.1,-0.227057578178707,0.0263));
#9940=CARTESIAN_POINT('',(0.1,-0.206666787452375,0.0263));
#9941=CARTESIAN_POINT('',(0.1,-0.231704238974472,0.0263));
#9942=CARTESIAN_POINT('',(-0.102197099056737,-0.235274889921958,0.0263));
#9943=CARTESIAN_POINT('',(-0.1,-0.234165525825581,0.0263));
#9944=CARTESIAN_POINT('',(-0.1,-0.231704238974472,0.0263));
#9945=CARTESIAN_POINT('',(-0.102197099056737,-0.235274889921958,0.022851257214705));
#9946=CARTESIAN_POINT('',(-0.1,-0.234165525825581,0.0230146557742235));
#9947=CARTESIAN_POINT('',(-0.1,-0.231704238974472,0.0233747855312583));
#9948=CARTESIAN_POINT('',(-0.102290972734575,-0.233785319568778,0.0159537716441149));
#9949=CARTESIAN_POINT('',(-0.1,-0.232747478878408,0.0163640821908939));
#9950=CARTESIAN_POINT('',(-0.1,-0.230400585733362,0.0175243565937749));
#9951=CARTESIAN_POINT('',(-0.102691967160123,-0.227422413354391,0.0071826627666197));
#9952=CARTESIAN_POINT('',(-0.1,-0.226681893219227,0.00781023686360063));
#9953=CARTESIAN_POINT('',(-0.1,-0.224831850230832,0.010084725344742));
#9954=CARTESIAN_POINT('',(-0.103292097728196,-0.21789965124664,0.00132199518381308));
#9955=CARTESIAN_POINT('',(-0.1,-0.217492402211126,0.00183132217439955));
#9956=CARTESIAN_POINT('',(-0.1,-0.216497648586987,0.00511372267014128));
#9957=CARTESIAN_POINT('',(-0.104,-0.206666787452375,-0.000735997591906543));
#9958=CARTESIAN_POINT('',(-0.1,-0.20640577857546,-0.000714657503297734));
#9959=CARTESIAN_POINT('',(-0.1,-0.206666787452376,0.00336813866492937));
#9960=CARTESIAN_POINT('',(-0.104707902271804,-0.195433923658111,0.00132199518381311));
#9961=CARTESIAN_POINT('',(-0.1,-0.194883010339271,0.000631726868239231));
#9962=CARTESIAN_POINT('',(-0.1,-0.196835926317764,0.00511372267014128));
#9963=CARTESIAN_POINT('',(-0.105308032839877,-0.18591116155036,0.00718266276661977));
#9964=CARTESIAN_POINT('',(-0.1,-0.184500392928084,0.00595142754709906));
#9965=CARTESIAN_POINT('',(-0.1,-0.188501724673919,0.010084725344742));
#9966=CARTESIAN_POINT('',(-0.105709027265425,-0.179548255335973,0.0159537716441148));
#9967=CARTESIAN_POINT('',(-0.1,-0.176985954248481,0.0149072266699532));
#9968=CARTESIAN_POINT('',(-0.1,-0.182932989171389,0.0175243565937748));
#9969=CARTESIAN_POINT('',(-0.105849837782183,-0.177313899806203,0.0263));
#9970=CARTESIAN_POINT('',(-0.1,-0.17416946403109,0.0263));
#9971=CARTESIAN_POINT('',(-0.1,-0.180977509309723,0.0263));
#9972=CARTESIAN_POINT('',(-0.105709027265425,-0.179548255335973,0.036646228355885));
#9973=CARTESIAN_POINT('',(-0.1,-0.176985954248481,0.0376927733300466));
#9974=CARTESIAN_POINT('',(-0.1,-0.182932989171389,0.0350756434062251));
#9975=CARTESIAN_POINT('',(-0.105308032839877,-0.18591116155036,0.0454173372333803));
#9976=CARTESIAN_POINT('',(-0.1,-0.184500392928084,0.046648572452901));
#9977=CARTESIAN_POINT('',(-0.1,-0.188501724673919,0.0425152746552581));
#9978=CARTESIAN_POINT('',(-0.104707902271804,-0.195433923658111,0.0512780048161869));
#9979=CARTESIAN_POINT('',(-0.1,-0.194883010339271,0.0519682731317608));
#9980=CARTESIAN_POINT('',(-0.1,-0.196835926317764,0.0474862773298587));
#9981=CARTESIAN_POINT('',(-0.104,-0.206666787452376,0.0533359975919066));
#9982=CARTESIAN_POINT('',(-0.1,-0.20640577857546,0.0533146575032977));
#9983=CARTESIAN_POINT('',(-0.1,-0.206666787452376,0.0492318613350706));
#9984=CARTESIAN_POINT('',(-0.103292097728196,-0.21789965124664,0.0512780048161869));
#9985=CARTESIAN_POINT('',(-0.1,-0.217492402211126,0.0507686778256004));
#9986=CARTESIAN_POINT('',(-0.1,-0.216497648586987,0.0474862773298588));
#9987=CARTESIAN_POINT('',(-0.102691967160123,-0.227422413354391,0.0454173372333804));
#9988=CARTESIAN_POINT('',(-0.1,-0.226681893219227,0.0447897631363995));
#9989=CARTESIAN_POINT('',(-0.1,-0.224831850230832,0.0425152746552581));
#9990=CARTESIAN_POINT('',(-0.102290972734575,-0.233785319568778,0.0366462283558852));
#9991=CARTESIAN_POINT('',(-0.1,-0.232747478878408,0.0362359178091062));
#9992=CARTESIAN_POINT('',(-0.1,-0.230400585733362,0.0350756434062252));
#9993=CARTESIAN_POINT('',(-0.102197099056737,-0.235274889921958,0.029748742785295));
#9994=CARTESIAN_POINT('',(-0.1,-0.234165525825581,0.0295853442257765));
#9995=CARTESIAN_POINT('',(-0.1,-0.231704238974472,0.0292252144687417));
#9996=CARTESIAN_POINT('',(-0.102197099056737,-0.235274889921958,0.0263));
#9997=CARTESIAN_POINT('',(-0.1,-0.234165525825581,0.0263));
#9998=CARTESIAN_POINT('',(-0.1,-0.231704238974472,0.0263));
#9999=CARTESIAN_POINT('',(-0.102197099056737,0.221774889921958,0.0263));
#10000=CARTESIAN_POINT('',(-0.1,0.220665525825581,0.0263));
#10001=CARTESIAN_POINT('',(-0.1,0.218204238974472,0.0263));
#10002=CARTESIAN_POINT('',(-0.102197099056737,0.221774889921958,0.0297487427852951));
#10003=CARTESIAN_POINT('',(-0.1,0.220665525825581,0.0295853442257765));
#10004=CARTESIAN_POINT('',(-0.1,0.218204238974472,0.0292252144687417));
#10005=CARTESIAN_POINT('',(-0.102290972734575,0.220285319568778,0.0366462283558851));
#10006=CARTESIAN_POINT('',(-0.1,0.219247478878408,0.0362359178091062));
#10007=CARTESIAN_POINT('',(-0.1,0.216900585733362,0.0350756434062251));
#10008=CARTESIAN_POINT('',(-0.102691967160123,0.213922413354391,0.0454173372333803));
#10009=CARTESIAN_POINT('',(-0.1,0.213181893219227,0.0447897631363994));
#10010=CARTESIAN_POINT('',(-0.1,0.211331850230832,0.0425152746552581));
#10011=CARTESIAN_POINT('',(-0.103292097728196,0.20439965124664,0.0512780048161869));
#10012=CARTESIAN_POINT('',(-0.1,0.203992402211126,0.0507686778256004));
#10013=CARTESIAN_POINT('',(-0.1,0.202997648586987,0.0474862773298587));
#10014=CARTESIAN_POINT('',(-0.104,0.193166787452375,0.0533359975919065));
#10015=CARTESIAN_POINT('',(-0.1,0.19290577857546,0.0533146575032977));
#10016=CARTESIAN_POINT('',(-0.1,0.193166787452376,0.0492318613350706));
#10017=CARTESIAN_POINT('',(-0.104707902271804,0.181933923658111,0.0512780048161869));
#10018=CARTESIAN_POINT('',(-0.1,0.181383010339271,0.0519682731317607));
#10019=CARTESIAN_POINT('',(-0.1,0.183335926317764,0.0474862773298587));
#10020=CARTESIAN_POINT('',(-0.105308032839877,0.17241116155036,0.0454173372333802));
#10021=CARTESIAN_POINT('',(-0.1,0.171000392928084,0.046648572452901));
#10022=CARTESIAN_POINT('',(-0.1,0.175001724673919,0.042515274655258));
#10023=CARTESIAN_POINT('',(-0.105709027265425,0.166048255335973,0.0366462283558852));
#10024=CARTESIAN_POINT('',(-0.1,0.163485954248481,0.0376927733300468));
#10025=CARTESIAN_POINT('',(-0.1,0.169432989171389,0.0350756434062252));
#10026=CARTESIAN_POINT('',(-0.105849837782183,0.163813899806203,0.0262999999999999));
#10027=CARTESIAN_POINT('',(-0.1,0.16066946403109,0.0262999999999999));
#10028=CARTESIAN_POINT('',(-0.1,0.167477509309723,0.0263));
#10029=CARTESIAN_POINT('',(-0.105709027265425,0.166048255335973,0.015953771644115));
#10030=CARTESIAN_POINT('',(-0.1,0.163485954248481,0.0149072266699534));
#10031=CARTESIAN_POINT('',(-0.1,0.169432989171389,0.0175243565937749));
#10032=CARTESIAN_POINT('',(-0.105308032839877,0.17241116155036,0.00718266276661967));
#10033=CARTESIAN_POINT('',(-0.1,0.171000392928084,0.005951427547099));
#10034=CARTESIAN_POINT('',(-0.1,0.175001724673919,0.0100847253447419));
#10035=CARTESIAN_POINT('',(-0.104707902271804,0.181933923658111,0.00132199518381314));
#10036=CARTESIAN_POINT('',(-0.1,0.181383010339271,0.000631726868239247));
#10037=CARTESIAN_POINT('',(-0.1,0.183335926317764,0.00511372267014131));
#10038=CARTESIAN_POINT('',(-0.104,0.193166787452376,-0.000735997591906553));
#10039=CARTESIAN_POINT('',(-0.1,0.19290577857546,-0.000714657503297743));
#10040=CARTESIAN_POINT('',(-0.1,0.193166787452376,0.00336813866492936));
#10041=CARTESIAN_POINT('',(-0.103292097728196,0.20439965124664,0.00132199518381309));
#10042=CARTESIAN_POINT('',(-0.1,0.203992402211126,0.00183132217439957));
#10043=CARTESIAN_POINT('',(-0.1,0.202997648586987,0.00511372267014128));
#10044=CARTESIAN_POINT('',(-0.102691967160123,0.213922413354391,0.00718266276661964));
#10045=CARTESIAN_POINT('',(-0.1,0.213181893219227,0.00781023686360055));
#10046=CARTESIAN_POINT('',(-0.1,0.211331850230832,0.0100847253447419));
#10047=CARTESIAN_POINT('',(-0.102290972734575,0.220285319568778,0.0159537716441149));
#10048=CARTESIAN_POINT('',(-0.1,0.219247478878408,0.0163640821908938));
#10049=CARTESIAN_POINT('',(-0.1,0.216900585733362,0.0175243565937749));
#10050=CARTESIAN_POINT('',(-0.102197099056737,0.221774889921958,0.022851257214705));
#10051=CARTESIAN_POINT('',(-0.1,0.220665525825581,0.0230146557742235));
#10052=CARTESIAN_POINT('',(-0.1,0.218204238974472,0.0233747855312583));
#10053=CARTESIAN_POINT('',(-0.102197099056737,0.221774889921958,0.0263));
#10054=CARTESIAN_POINT('',(-0.1,0.220665525825581,0.0263));
#10055=CARTESIAN_POINT('',(-0.1,0.218204238974472,0.0263));
#10056=CARTESIAN_POINT('',(0.1,0.218204238974472,0.0263));
#10057=CARTESIAN_POINT('',(0.1,0.220665525825581,0.0263));
#10058=CARTESIAN_POINT('',(0.102197099056737,0.221774889921958,0.0263));
#10059=CARTESIAN_POINT('',(0.1,0.218204238974472,0.0292252144687417));
#10060=CARTESIAN_POINT('',(0.1,0.220665525825581,0.0295853442257765));
#10061=CARTESIAN_POINT('',(0.102197099056737,0.221774889921958,0.0297487427852951));
#10062=CARTESIAN_POINT('',(0.1,0.216900585733362,0.0350756434062251));
#10063=CARTESIAN_POINT('',(0.1,0.219247478878408,0.0362359178091062));
#10064=CARTESIAN_POINT('',(0.102290972734575,0.220285319568778,0.0366462283558851));
#10065=CARTESIAN_POINT('',(0.1,0.211331850230832,0.0425152746552581));
#10066=CARTESIAN_POINT('',(0.1,0.213181893219227,0.0447897631363994));
#10067=CARTESIAN_POINT('',(0.102691967160123,0.213922413354391,0.0454173372333803));
#10068=CARTESIAN_POINT('',(0.1,0.202997648586987,0.0474862773298587));
#10069=CARTESIAN_POINT('',(0.1,0.203992402211126,0.0507686778256004));
#10070=CARTESIAN_POINT('',(0.103292097728196,0.20439965124664,0.0512780048161869));
#10071=CARTESIAN_POINT('',(0.1,0.193166787452376,0.0492318613350706));
#10072=CARTESIAN_POINT('',(0.1,0.19290577857546,0.0533146575032977));
#10073=CARTESIAN_POINT('',(0.104,0.193166787452375,0.0533359975919065));
#10074=CARTESIAN_POINT('',(0.1,0.183335926317764,0.0474862773298587));
#10075=CARTESIAN_POINT('',(0.1,0.181383010339271,0.0519682731317607));
#10076=CARTESIAN_POINT('',(0.104707902271804,0.181933923658111,0.0512780048161869));
#10077=CARTESIAN_POINT('',(0.1,0.175001724673919,0.042515274655258));
#10078=CARTESIAN_POINT('',(0.1,0.171000392928084,0.046648572452901));
#10079=CARTESIAN_POINT('',(0.105308032839877,0.17241116155036,0.0454173372333802));
#10080=CARTESIAN_POINT('',(0.1,0.169432989171389,0.0350756434062252));
#10081=CARTESIAN_POINT('',(0.1,0.163485954248481,0.0376927733300468));
#10082=CARTESIAN_POINT('',(0.105709027265425,0.166048255335973,0.0366462283558852));
#10083=CARTESIAN_POINT('',(0.1,0.167477509309723,0.0263));
#10084=CARTESIAN_POINT('',(0.1,0.16066946403109,0.0262999999999999));
#10085=CARTESIAN_POINT('',(0.105849837782183,0.163813899806203,0.0262999999999999));
#10086=CARTESIAN_POINT('',(0.1,0.169432989171389,0.0175243565937749));
#10087=CARTESIAN_POINT('',(0.1,0.163485954248481,0.0149072266699534));
#10088=CARTESIAN_POINT('',(0.105709027265425,0.166048255335973,0.015953771644115));
#10089=CARTESIAN_POINT('',(0.1,0.175001724673919,0.0100847253447419));
#10090=CARTESIAN_POINT('',(0.1,0.171000392928084,0.005951427547099));
#10091=CARTESIAN_POINT('',(0.105308032839877,0.17241116155036,0.00718266276661967));
#10092=CARTESIAN_POINT('',(0.1,0.183335926317764,0.00511372267014131));
#10093=CARTESIAN_POINT('',(0.1,0.181383010339271,0.000631726868239247));
#10094=CARTESIAN_POINT('',(0.104707902271804,0.181933923658111,0.00132199518381314));
#10095=CARTESIAN_POINT('',(0.1,0.193166787452376,0.00336813866492936));
#10096=CARTESIAN_POINT('',(0.1,0.19290577857546,-0.000714657503297743));
#10097=CARTESIAN_POINT('',(0.104,0.193166787452376,-0.000735997591906553));
#10098=CARTESIAN_POINT('',(0.1,0.202997648586987,0.00511372267014128));
#10099=CARTESIAN_POINT('',(0.1,0.203992402211126,0.00183132217439957));
#10100=CARTESIAN_POINT('',(0.103292097728196,0.20439965124664,0.00132199518381309));
#10101=CARTESIAN_POINT('',(0.1,0.211331850230832,0.0100847253447419));
#10102=CARTESIAN_POINT('',(0.1,0.213181893219227,0.00781023686360055));
#10103=CARTESIAN_POINT('',(0.102691967160123,0.213922413354391,0.00718266276661964));
#10104=CARTESIAN_POINT('',(0.1,0.216900585733362,0.0175243565937749));
#10105=CARTESIAN_POINT('',(0.1,0.219247478878408,0.0163640821908938));
#10106=CARTESIAN_POINT('',(0.102290972734575,0.220285319568778,0.0159537716441149));
#10107=CARTESIAN_POINT('',(0.1,0.218204238974472,0.0233747855312583));
#10108=CARTESIAN_POINT('',(0.1,0.220665525825581,0.0230146557742235));
#10109=CARTESIAN_POINT('',(0.102197099056737,0.221774889921958,0.022851257214705));
#10110=CARTESIAN_POINT('',(0.1,0.218204238974472,0.0263));
#10111=CARTESIAN_POINT('',(0.1,0.220665525825581,0.0263));
#10112=CARTESIAN_POINT('',(0.102197099056737,0.221774889921958,0.0263));
#10113=CARTESIAN_POINT('',(0.1,-0.231704238974472,0.0263));
#10114=CARTESIAN_POINT('',(0.1,-0.234165525825581,0.0263));
#10115=CARTESIAN_POINT('',(0.102197099056737,-0.235274889921958,0.0263));
#10116=CARTESIAN_POINT('',(0.1,-0.231704238974472,0.0233747855312583));
#10117=CARTESIAN_POINT('',(0.1,-0.234165525825581,0.0230146557742235));
#10118=CARTESIAN_POINT('',(0.102197099056737,-0.235274889921958,0.022851257214705));
#10119=CARTESIAN_POINT('',(0.1,-0.230400585733362,0.0175243565937749));
#10120=CARTESIAN_POINT('',(0.1,-0.232747478878408,0.0163640821908939));
#10121=CARTESIAN_POINT('',(0.102290972734575,-0.233785319568778,0.0159537716441149));
#10122=CARTESIAN_POINT('',(0.1,-0.224831850230832,0.010084725344742));
#10123=CARTESIAN_POINT('',(0.1,-0.226681893219227,0.00781023686360062));
#10124=CARTESIAN_POINT('',(0.102691967160123,-0.227422413354391,0.0071826627666197));
#10125=CARTESIAN_POINT('',(0.1,-0.216497648586987,0.00511372267014128));
#10126=CARTESIAN_POINT('',(0.1,-0.217492402211126,0.00183132217439955));
#10127=CARTESIAN_POINT('',(0.103292097728196,-0.21789965124664,0.00132199518381308));
#10128=CARTESIAN_POINT('',(0.1,-0.206666787452376,0.00336813866492937));
#10129=CARTESIAN_POINT('',(0.1,-0.20640577857546,-0.000714657503297734));
#10130=CARTESIAN_POINT('',(0.104,-0.206666787452375,-0.000735997591906543));
#10131=CARTESIAN_POINT('',(0.1,-0.196835926317764,0.00511372267014128));
#10132=CARTESIAN_POINT('',(0.1,-0.194883010339271,0.000631726868239232));
#10133=CARTESIAN_POINT('',(0.104707902271804,-0.195433923658111,0.00132199518381311));
#10134=CARTESIAN_POINT('',(0.1,-0.188501724673919,0.010084725344742));
#10135=CARTESIAN_POINT('',(0.1,-0.184500392928084,0.00595142754709906));
#10136=CARTESIAN_POINT('',(0.105308032839877,-0.18591116155036,0.00718266276661977));
#10137=CARTESIAN_POINT('',(0.1,-0.182932989171389,0.0175243565937748));
#10138=CARTESIAN_POINT('',(0.1,-0.176985954248481,0.0149072266699532));
#10139=CARTESIAN_POINT('',(0.105709027265425,-0.179548255335973,0.0159537716441148));
#10140=CARTESIAN_POINT('',(0.1,-0.180977509309723,0.0263));
#10141=CARTESIAN_POINT('',(0.1,-0.17416946403109,0.0263));
#10142=CARTESIAN_POINT('',(0.105849837782183,-0.177313899806203,0.0263));
#10143=CARTESIAN_POINT('',(0.1,-0.182932989171389,0.0350756434062251));
#10144=CARTESIAN_POINT('',(0.1,-0.176985954248481,0.0376927733300466));
#10145=CARTESIAN_POINT('',(0.105709027265425,-0.179548255335973,0.036646228355885));
#10146=CARTESIAN_POINT('',(0.1,-0.188501724673919,0.0425152746552581));
#10147=CARTESIAN_POINT('',(0.1,-0.184500392928084,0.046648572452901));
#10148=CARTESIAN_POINT('',(0.105308032839877,-0.18591116155036,0.0454173372333803));
#10149=CARTESIAN_POINT('',(0.1,-0.196835926317764,0.0474862773298587));
#10150=CARTESIAN_POINT('',(0.1,-0.194883010339271,0.0519682731317608));
#10151=CARTESIAN_POINT('',(0.104707902271804,-0.195433923658111,0.0512780048161869));
#10152=CARTESIAN_POINT('',(0.1,-0.206666787452376,0.0492318613350706));
#10153=CARTESIAN_POINT('',(0.1,-0.20640577857546,0.0533146575032977));
#10154=CARTESIAN_POINT('',(0.104,-0.206666787452376,0.0533359975919066));
#10155=CARTESIAN_POINT('',(0.1,-0.216497648586987,0.0474862773298588));
#10156=CARTESIAN_POINT('',(0.1,-0.217492402211126,0.0507686778256004));
#10157=CARTESIAN_POINT('',(0.103292097728196,-0.21789965124664,0.0512780048161869));
#10158=CARTESIAN_POINT('',(0.1,-0.224831850230832,0.0425152746552581));
#10159=CARTESIAN_POINT('',(0.1,-0.226681893219227,0.0447897631363995));
#10160=CARTESIAN_POINT('',(0.102691967160123,-0.227422413354391,0.0454173372333804));
#10161=CARTESIAN_POINT('',(0.1,-0.230400585733362,0.0350756434062252));
#10162=CARTESIAN_POINT('',(0.1,-0.232747478878408,0.0362359178091062));
#10163=CARTESIAN_POINT('',(0.102290972734575,-0.233785319568778,0.0366462283558852));
#10164=CARTESIAN_POINT('',(0.1,-0.231704238974472,0.0292252144687417));
#10165=CARTESIAN_POINT('',(0.1,-0.234165525825581,0.0295853442257765));
#10166=CARTESIAN_POINT('',(0.102197099056737,-0.235274889921958,0.029748742785295));
#10167=CARTESIAN_POINT('',(0.1,-0.231704238974472,0.0263));
#10168=CARTESIAN_POINT('',(0.1,-0.234165525825581,0.0263));
#10169=CARTESIAN_POINT('',(0.102197099056737,-0.235274889921958,0.0263));
#10170=CARTESIAN_POINT('',(0.102197099056737,0.126890230238664,0.0203));
#10171=CARTESIAN_POINT('',(0.1,0.125780866142288,0.0203));
#10172=CARTESIAN_POINT('',(0.1,0.123319579291179,0.0203));
#10173=CARTESIAN_POINT('',(0.102197099056737,0.126890230238664,0.0197764012216733));
#10174=CARTESIAN_POINT('',(0.0999999999999488,0.125780866142263,0.0196137245259281));
#10175=CARTESIAN_POINT('',(0.1,0.123319579291179,0.0192528024433447));
#10176=CARTESIAN_POINT('',(0.102290973868813,0.127170948550972,0.0187294477647348));
#10177=CARTESIAN_POINT('',(0.100000000000024,0.126168971135145,0.0182260357304737));
#10178=CARTESIAN_POINT('',(0.1,0.123786216961918,0.0171588955294705));
#10179=CARTESIAN_POINT('',(0.102691963190291,0.128370045977528,0.0173979286141561));
#10180=CARTESIAN_POINT('',(0.0999999999999941,0.127780091346513,0.0166279969450659));
#10181=CARTESIAN_POINT('',(0.1,0.125779474991701,0.0144958572283118));
#10182=CARTESIAN_POINT('',(0.103292112473289,0.130164700902822,0.0165082750301637));
#10183=CARTESIAN_POINT('',(0.0999999999999991,0.130054275434421,0.0158848086054422));
#10184=CARTESIAN_POINT('',(0.1,0.128762727445881,0.012716550060328));
#10185=CARTESIAN_POINT('',(0.103764000817402,0.131575811046562,0.0163));
#10186=CARTESIAN_POINT('',(0.100000000000007,0.131596033150243,0.0160707632734522));
#10187=CARTESIAN_POINT('',(0.1,0.13110841392853,0.012299999999999));
#10188=CARTESIAN_POINT('',(0.104,0.132281530618999,0.0163));
#10189=CARTESIAN_POINT('',(0.1,0.132281530618999,0.0163));
#10190=CARTESIAN_POINT('',(0.1,0.132281530618999,0.0123));
#10191=CARTESIAN_POINT('',(0.104,0.123319579291179,0.0203));
#10192=CARTESIAN_POINT('',(0.104,0.132281530618999,0.0123));
#10193=CARTESIAN_POINT('',(0.104,0.139169905744887,0.0123));
#10194=CARTESIAN_POINT('',(0.104,0.155587279001369,0.0123));
#10195=CARTESIAN_POINT('',(0.104,0.123319579291179,0.0208));
#10196=CARTESIAN_POINT('',(0.104,0.123319579291179,0.0323));
#10197=CARTESIAN_POINT('',(0.104,0.155587279001369,0.0123));
#10198=CARTESIAN_POINT('',(0.104,0.155587279001369,0.0123));
#10199=CARTESIAN_POINT('',(0.104,0.132281530618999,0.0363));
#10200=CARTESIAN_POINT('',(0.1,0.132281530618999,0.0363));
#10201=CARTESIAN_POINT('',(0.1,0.132281530618999,0.0403));
#10202=CARTESIAN_POINT('',(0.103764000817426,0.131575811046562,0.0363));
#10203=CARTESIAN_POINT('',(0.100000000000002,0.131596033150228,0.0365292367265085));
#10204=CARTESIAN_POINT('',(0.1,0.131108413928595,0.0402999999999919));
#10205=CARTESIAN_POINT('',(0.103292112473278,0.130164700902822,0.0360917249698363));
#10206=CARTESIAN_POINT('',(0.100000000000001,0.130054275434429,0.0367151913945748));
#10207=CARTESIAN_POINT('',(0.1,0.128762727445851,0.0398834499396761));
#10208=CARTESIAN_POINT('',(0.102691963190294,0.128370045977528,0.0352020713858437));
#10209=CARTESIAN_POINT('',(0.0999999999999936,0.12778009134651,0.0359720030549298));
#10210=CARTESIAN_POINT('',(0.1,0.125779474991709,0.0381041427716878));
#10211=CARTESIAN_POINT('',(0.102290973868812,0.127170948550972,0.033870552235266));
#10212=CARTESIAN_POINT('',(0.100000000000024,0.126168971135146,0.034373964269527));
#10213=CARTESIAN_POINT('',(0.1,0.123786216961916,0.0354411044705273));
#10214=CARTESIAN_POINT('',(0.102197099056737,0.126890230238664,0.0328235987783249));
#10215=CARTESIAN_POINT('',(0.0999999999999488,0.125780866142263,0.0329862754740736));
#10216=CARTESIAN_POINT('',(0.1,0.123319579291179,0.0333471975566608));
#10217=CARTESIAN_POINT('',(0.102197099056737,0.126890230238664,0.0323));
#10218=CARTESIAN_POINT('',(0.1,0.125780866142288,0.0323));
#10219=CARTESIAN_POINT('',(0.1,0.123319579291179,0.0323));
#10220=CARTESIAN_POINT('',(0.104,0.132281530618999,0.0403));
#10221=CARTESIAN_POINT('',(0.10233618148842,0.158882476758637,0.0138405777166439));
#10222=CARTESIAN_POINT('',(0.1,0.157914470630501,0.0133880134760633));
#10223=CARTESIAN_POINT('',(0.1,0.155587279001369,0.0123000000000002));
#10224=CARTESIAN_POINT('',(0.102415636425573,0.160519709264607,0.0104244525645874));
#10225=CARTESIAN_POINT('',(0.100000000000091,0.159642699120726,0.00983816791847549));
#10226=CARTESIAN_POINT('',(0.1,0.157381872258404,0.00846147915674817));
#10227=CARTESIAN_POINT('',(0.10264052392043,0.165153695899348,0.00408735947906757));
#10228=CARTESIAN_POINT('',(0.0999999999999567,0.164599207831182,0.00325239593007707));
#10229=CARTESIAN_POINT('',(0.1,0.162461249278978,0.00134081969289061));
#10230=CARTESIAN_POINT('',(0.103136506002606,0.175373803251971,-0.00282707238371852));
#10231=CARTESIAN_POINT('',(0.100000000000012,0.175321327390522,-0.00359973523377583));
#10232=CARTESIAN_POINT('',(0.1,0.173663650693963,-0.00642856510505133));
#10233=CARTESIAN_POINT('',(0.103733242493708,0.18767003575624,-0.00634254341544012));
#10234=CARTESIAN_POINT('',(0.0999999999999965,0.188005020156239,-0.00666008096255673));
#10235=CARTESIAN_POINT('',(0.1,0.187141721682111,-0.0103787157079191));
#10236=CARTESIAN_POINT('',(0.104361107470275,0.200607695591441,-0.00604909001612314));
#10237=CARTESIAN_POINT('',(0.100000000000001,0.200973337134399,-0.00559480892513192));
#10238=CARTESIAN_POINT('',(0.1,0.201322870063838,-0.0100489774987973));
#10239=CARTESIAN_POINT('',(0.104946835391925,0.212677087720498,-0.00198088809736227));
#10240=CARTESIAN_POINT('',(0.0999999999999997,0.212509574095206,-0.00069695780937165));
#10241=CARTESIAN_POINT('',(0.1,0.214552298170591,-0.00547775215885978));
#10242=CARTESIAN_POINT('',(0.105422079545144,0.222469873466623,0.00538733622561703));
#10243=CARTESIAN_POINT('',(0.1,0.221195510079491,0.00710241667198106));
#10244=CARTESIAN_POINT('',(0.1,0.225286306446062,0.00280153544980457));
#10245=CARTESIAN_POINT('',(0.105731384766131,0.228843354841966,0.0151958080311632));
#10246=CARTESIAN_POINT('',(0.1,0.226310012189003,0.0164714749970098));
#10247=CARTESIAN_POINT('',(0.1,0.23227236777734,0.013822801296222));
#10248=CARTESIAN_POINT('',(0.10583865903183,0.231053826855025,0.0262999999999999));
#10249=CARTESIAN_POINT('',(0.1,0.227938895945263,0.0262999999999998));
#10250=CARTESIAN_POINT('',(0.1,0.234695296808566,0.0262999999999999));
#10251=CARTESIAN_POINT('',(0.105731384766131,0.228843354841966,0.0374041919688367));
#10252=CARTESIAN_POINT('',(0.1,0.226310012189003,0.0361285250029903));
#10253=CARTESIAN_POINT('',(0.1,0.23227236777734,0.0387771987037779));
#10254=CARTESIAN_POINT('',(0.105422079545144,0.222469873466623,0.0472126637743829));
#10255=CARTESIAN_POINT('',(0.0999999999999999,0.221195510079491,0.0454975833280187));
#10256=CARTESIAN_POINT('',(0.1,0.225286306446062,0.0497984645501953));
#10257=CARTESIAN_POINT('',(0.104946835391925,0.212677087720498,0.054580888097362));
#10258=CARTESIAN_POINT('',(0.1,0.212509574095206,0.0532969578093716));
#10259=CARTESIAN_POINT('',(0.1,0.214552298170591,0.0580777521588597));
#10260=CARTESIAN_POINT('',(0.104361107470275,0.200607695591442,0.0586490900161238));
#10261=CARTESIAN_POINT('',(0.1,0.200973337134402,0.0581948089251322));
#10262=CARTESIAN_POINT('',(0.1,0.201322870063838,0.0626489774987974));
#10263=CARTESIAN_POINT('',(0.103733242493708,0.187670035756239,0.0589425434154375));
#10264=CARTESIAN_POINT('',(0.0999999999999995,0.188005020156233,0.0592600809625557));
#10265=CARTESIAN_POINT('',(0.1,0.187141721682112,0.0629787157079188));
#10266=CARTESIAN_POINT('',(0.103136506002605,0.175373803251975,0.0554270723837285));
#10267=CARTESIAN_POINT('',(0.100000000000002,0.175321327390543,0.0561997352337796));
#10268=CARTESIAN_POINT('',(0.1,0.173663650693959,0.0590285651050528));
#10269=CARTESIAN_POINT('',(0.102640523920431,0.165153695899332,0.0485126405208957));
#10270=CARTESIAN_POINT('',(0.0999999999999934,0.164599207831108,0.0493476040699108));
#10271=CARTESIAN_POINT('',(0.1,0.162461249278992,0.0512591803071048));
#10272=CARTESIAN_POINT('',(0.102415636425571,0.160519709264643,0.0421755474354922));
#10273=CARTESIAN_POINT('',(0.100000000000014,0.159642699120883,0.0427618320815496));
#10274=CARTESIAN_POINT('',(0.1,0.157381872258374,0.0441385208432624));
#10275=CARTESIAN_POINT('',(0.10233618148842,0.158882476758637,0.0387594222833562));
#10276=CARTESIAN_POINT('',(0.1,0.157914470630501,0.0392119865239369));
#10277=CARTESIAN_POINT('',(0.1,0.155587279001369,0.0403));
#10278=CARTESIAN_POINT('',(0.104,0.155587279001369,0.0403));
#10279=CARTESIAN_POINT('',(0.104,-0.00675,0.0403));
#10280=CARTESIAN_POINT('',(0.104,0.155587279001369,0.0403));
#10281=CARTESIAN_POINT('',(0.104,0.155587279001369,0.0403));
#10282=CARTESIAN_POINT('',(0.104,-0.145781530618999,0.0163));
#10283=CARTESIAN_POINT('',(0.1,-0.145781530618999,0.0163));
#10284=CARTESIAN_POINT('',(0.1,-0.145781530618999,0.0123));
#10285=CARTESIAN_POINT('',(0.103764000817426,-0.14507581104656,0.0163));
#10286=CARTESIAN_POINT('',(0.0999999999999933,-0.145096033150224,0.0160707632734727));
#10287=CARTESIAN_POINT('',(0.1,-0.144608413928592,0.012299999999999));
#10288=CARTESIAN_POINT('',(0.103292112473278,-0.143664700902823,0.0165082750301637));
#10289=CARTESIAN_POINT('',(0.100000000000005,-0.14355427543443,0.0158848086054329));
#10290=CARTESIAN_POINT('',(0.1,-0.142262727445852,0.0127165500603279));
#10291=CARTESIAN_POINT('',(0.102691963190294,-0.141870045977528,0.017397928614156));
#10292=CARTESIAN_POINT('',(0.0999999999999926,-0.141280091346515,0.0166279969450696));
#10293=CARTESIAN_POINT('',(0.1,-0.139279474991708,0.014495857228312));
#10294=CARTESIAN_POINT('',(0.102290973868812,-0.140670948550972,0.0187294477647348));
#10295=CARTESIAN_POINT('',(0.100000000000024,-0.139668971135127,0.0182260357304694));
#10296=CARTESIAN_POINT('',(0.1,-0.137286216961916,0.0171588955294696));
#10297=CARTESIAN_POINT('',(0.102197099056737,-0.140390230238664,0.0197764012216733));
#10298=CARTESIAN_POINT('',(0.0999999999999488,-0.139280866142305,0.0196137245259334));
#10299=CARTESIAN_POINT('',(0.1,-0.136819579291179,0.0192528024433466));
#10300=CARTESIAN_POINT('',(0.102197099056737,-0.140390230238664,0.0203));
#10301=CARTESIAN_POINT('',(0.1,-0.139280866142288,0.0203));
#10302=CARTESIAN_POINT('',(0.1,-0.136819579291179,0.0203));
#10303=CARTESIAN_POINT('',(0.104,-0.136819579291179,0.0203));
#10304=CARTESIAN_POINT('',(0.104,-0.145781530618999,0.0123));
#10305=CARTESIAN_POINT('',(0.104,-0.00675,0.0123));
#10306=CARTESIAN_POINT('',(0.104,-0.169087279001369,0.0123));
#10307=CARTESIAN_POINT('',(0.104,-0.136819579291179,-0.01));
#10308=CARTESIAN_POINT('',(0.104,-0.136819579291179,0.0323));
#10309=CARTESIAN_POINT('',(0.104,-0.169087279001369,0.0123));
#10310=CARTESIAN_POINT('',(0.104,-0.169087279001369,0.0123));
#10311=CARTESIAN_POINT('',(0.102197099056737,-0.140390230238664,0.0323));
#10312=CARTESIAN_POINT('',(0.1,-0.139280866142288,0.0323));
#10313=CARTESIAN_POINT('',(0.1,-0.136819579291179,0.0323));
#10314=CARTESIAN_POINT('',(0.102197099056737,-0.140390230238664,0.0328235987783346));
#10315=CARTESIAN_POINT('',(0.0999999999999488,-0.139280866142305,0.0329862754740867));
#10316=CARTESIAN_POINT('',(0.1,-0.136819579291179,0.0333471975566583));
#10317=CARTESIAN_POINT('',(0.102290973868812,-0.140670948550972,0.0338705522352616));
#10318=CARTESIAN_POINT('',(0.100000000000024,-0.139668971135127,0.0343739642695217));
#10319=CARTESIAN_POINT('',(0.1,-0.137286216961916,0.0354411044705284));
#10320=CARTESIAN_POINT('',(0.102691963190294,-0.141870045977528,0.035202071385845));
#10321=CARTESIAN_POINT('',(0.0999999999999936,-0.141280091346514,0.035972003054931));
#10322=CARTESIAN_POINT('',(0.1,-0.139279474991708,0.0381041427716874));
#10323=CARTESIAN_POINT('',(0.103292112473278,-0.143664700902823,0.0360917249698361));
#10324=CARTESIAN_POINT('',(0.100000000000001,-0.143554275434433,0.0367151913945744));
#10325=CARTESIAN_POINT('',(0.1,-0.142262727445852,0.0398834499396762));
#10326=CARTESIAN_POINT('',(0.103764000817426,-0.14507581104656,0.0363));
#10327=CARTESIAN_POINT('',(0.100000000000002,-0.145096033150217,0.036529236726509));
#10328=CARTESIAN_POINT('',(0.1,-0.144608413928592,0.0402999999999919));
#10329=CARTESIAN_POINT('',(0.104,-0.145781530618999,0.0363));
#10330=CARTESIAN_POINT('',(0.1,-0.145781530618999,0.0363));
#10331=CARTESIAN_POINT('',(0.1,-0.145781530618999,0.0403));
#10332=CARTESIAN_POINT('',(0.104,-0.145781530618999,0.0403));
#10333=CARTESIAN_POINT('',(0.10233618148842,-0.172382476758637,0.0387594222833562));
#10334=CARTESIAN_POINT('',(0.1,-0.171414470630501,0.0392119865239368));
#10335=CARTESIAN_POINT('',(0.1,-0.169087279001369,0.0402999999999999));
#10336=CARTESIAN_POINT('',(0.102415636425579,-0.174019709264655,0.0421755474355108));
#10337=CARTESIAN_POINT('',(0.100000000000028,-0.17314269912085,0.0427618320815139));
#10338=CARTESIAN_POINT('',(0.1,-0.170881872258463,0.0441385208432225));
#10339=CARTESIAN_POINT('',(0.102640523920428,-0.178653695899326,0.0485126405208869));
#10340=CARTESIAN_POINT('',(0.0999999999999867,-0.178099207831124,0.0493476040699289));
#10341=CARTESIAN_POINT('',(0.1,-0.175961249278951,0.0512591803071231));
#10342=CARTESIAN_POINT('',(0.103136506002606,-0.188873803251977,0.0554270723837308));
#10343=CARTESIAN_POINT('',(0.100000000000004,-0.188821327390538,0.056199735233774));
#10344=CARTESIAN_POINT('',(0.1,-0.18716365069397,0.0590285651050478));
#10345=CARTESIAN_POINT('',(0.103733242493708,-0.201170035756238,0.0589425434154368));
#10346=CARTESIAN_POINT('',(0.0999999999999989,-0.201505020156234,0.0592600809625572));
#10347=CARTESIAN_POINT('',(0.1,-0.200641721682109,0.06297871570792));
#10348=CARTESIAN_POINT('',(0.104361107470275,-0.214107695591442,0.0586490900161241));
#10349=CARTESIAN_POINT('',(0.1,-0.214473337134401,0.0581948089251318));
#10350=CARTESIAN_POINT('',(0.1,-0.214822870063839,0.0626489774987971));
#10351=CARTESIAN_POINT('',(0.104946835391925,-0.226177087720498,0.0545808880973618));
#10352=CARTESIAN_POINT('',(0.0999999999999999,-0.226009574095206,0.0532969578093715));
#10353=CARTESIAN_POINT('',(0.1,-0.228052298170591,0.0580777521588596));
#10354=CARTESIAN_POINT('',(0.105422079545144,-0.235969873466623,0.0472126637743829));
#10355=CARTESIAN_POINT('',(0.1,-0.234695510079491,0.0454975833280189));
#10356=CARTESIAN_POINT('',(0.1,-0.238786306446062,0.0497984645501953));
#10357=CARTESIAN_POINT('',(0.105731384766131,-0.242343354841966,0.037404191968837));
#10358=CARTESIAN_POINT('',(0.1,-0.239810012189003,0.0361285250029906));
#10359=CARTESIAN_POINT('',(0.1,-0.245772367777339,0.0387771987037783));
#10360=CARTESIAN_POINT('',(0.10583865903183,-0.244553826855025,0.0263));
#10361=CARTESIAN_POINT('',(0.1,-0.241438895945263,0.0262999999999999));
#10362=CARTESIAN_POINT('',(0.1,-0.248195296808566,0.0263));
#10363=CARTESIAN_POINT('',(0.105731384766131,-0.242343354841966,0.0151958080311633));
#10364=CARTESIAN_POINT('',(0.1,-0.239810012189002,0.0164714749970099));
#10365=CARTESIAN_POINT('',(0.1,-0.24577236777734,0.0138228012962221));
#10366=CARTESIAN_POINT('',(0.105422079545144,-0.235969873466623,0.00538733622561703));
#10367=CARTESIAN_POINT('',(0.0999999999999999,-0.234695510079492,0.00710241667198098));
#10368=CARTESIAN_POINT('',(0.1,-0.238786306446062,0.00280153544980463));
#10369=CARTESIAN_POINT('',(0.104946835391925,-0.226177087720498,-0.00198088809736187));
#10370=CARTESIAN_POINT('',(0.100000000000001,-0.226009574095204,-0.000696957809370757));
#10371=CARTESIAN_POINT('',(0.1,-0.228052298170592,-0.00547775215885954));
#10372=CARTESIAN_POINT('',(0.104361107470275,-0.214107695591442,-0.00604909001612379));
#10373=CARTESIAN_POINT('',(0.099999999999998,-0.214473337134405,-0.00559480892513526));
#10374=CARTESIAN_POINT('',(0.1,-0.214822870063838,-0.0100489774987973));
#10375=CARTESIAN_POINT('',(0.103733242493708,-0.201170035756239,-0.00634254341543775));
#10376=CARTESIAN_POINT('',(0.100000000000007,-0.201505020156231,-0.00666008096254448));
#10377=CARTESIAN_POINT('',(0.1,-0.200641721682112,-0.0103787157079193));
#10378=CARTESIAN_POINT('',(0.103136506002606,-0.188873803251975,-0.00282707238372725));
#10379=CARTESIAN_POINT('',(0.0999999999999766,-0.188821327390518,-0.00359973523381144));
#10380=CARTESIAN_POINT('',(0.1,-0.187163650693959,-0.00642856510505034));
#10381=CARTESIAN_POINT('',(0.102640523920431,-0.178653695899333,0.00408735947909992));
#10382=CARTESIAN_POINT('',(0.100000000000083,-0.178099207831285,0.00325239593014635));
#10383=CARTESIAN_POINT('',(0.1,-0.175961249278992,0.00134081969288669));
#10384=CARTESIAN_POINT('',(0.102415636425573,-0.174019709264639,0.0104244525645171));
#10385=CARTESIAN_POINT('',(0.099999999999824,-0.173142699120422,0.00983816791844464));
#10386=CARTESIAN_POINT('',(0.1,-0.170881872258374,0.00846147915675594));
#10387=CARTESIAN_POINT('',(0.10233618148842,-0.172382476758637,0.0138405777166437));
#10388=CARTESIAN_POINT('',(0.1,-0.171414470630501,0.0133880134760631));
#10389=CARTESIAN_POINT('',(0.1,-0.169087279001369,0.0122999999999999));
#10390=CARTESIAN_POINT('',(0.104,-0.169087279001369,0.0403));
#10391=CARTESIAN_POINT('',(0.104,-0.152669905744887,0.0403));
#10392=CARTESIAN_POINT('',(0.104,-0.169087279001369,0.0403));
#10393=CARTESIAN_POINT('',(0.104,-0.169087279001369,0.0403));
#10394=CARTESIAN_POINT('',(-0.1,-0.145781530618999,0.0123));
#10395=CARTESIAN_POINT('',(-0.1,-0.145781530618999,0.0163));
#10396=CARTESIAN_POINT('',(-0.104,-0.145781530618999,0.0163));
#10397=CARTESIAN_POINT('',(-0.1,-0.144608413928592,0.012299999999999));
#10398=CARTESIAN_POINT('',(-0.0999999999999933,-0.145096033150224,0.0160707632734671));
#10399=CARTESIAN_POINT('',(-0.103764000817426,-0.14507581104656,0.0163));
#10400=CARTESIAN_POINT('',(-0.1,-0.142262727445852,0.0127165500603279));
#10401=CARTESIAN_POINT('',(-0.100000000000003,-0.14355427543443,0.0158848086054354));
#10402=CARTESIAN_POINT('',(-0.103292112473278,-0.143664700902823,0.0165082750301637));
#10403=CARTESIAN_POINT('',(-0.1,-0.139279474991708,0.014495857228312));
#10404=CARTESIAN_POINT('',(-0.0999999999999993,-0.141280091346515,0.0166279969450689));
#10405=CARTESIAN_POINT('',(-0.102691963190294,-0.141870045977528,0.017397928614156));
#10406=CARTESIAN_POINT('',(-0.1,-0.137286216961916,0.0171588955294696));
#10407=CARTESIAN_POINT('',(-0.1,-0.139668971135127,0.0182260357304696));
#10408=CARTESIAN_POINT('',(-0.102290973868812,-0.140670948550972,0.0187294477647348));
#10409=CARTESIAN_POINT('',(-0.1,-0.136819579291179,0.0192528024433466));
#10410=CARTESIAN_POINT('',(-0.1,-0.139280866142305,0.0196137245259334));
#10411=CARTESIAN_POINT('',(-0.102197099056737,-0.140390230238664,0.0197764012216733));
#10412=CARTESIAN_POINT('',(-0.1,-0.136819579291179,0.0203));
#10413=CARTESIAN_POINT('',(-0.1,-0.139280866142288,0.0203));
#10414=CARTESIAN_POINT('',(-0.102197099056737,-0.140390230238664,0.0203));
#10415=CARTESIAN_POINT('',(-0.104,-0.136819579291179,0.0203));
#10416=CARTESIAN_POINT('',(-0.104,-0.145781530618999,0.0123));
#10417=CARTESIAN_POINT('',(-0.104,-0.152669905744887,0.0123));
#10418=CARTESIAN_POINT('',(-0.104,-0.169087279001369,0.0123));
#10419=CARTESIAN_POINT('',(-0.104,-0.136819579291179,0.0208));
#10420=CARTESIAN_POINT('',(-0.104,-0.136819579291179,0.0323));
#10421=CARTESIAN_POINT('',(-0.104,-0.169087279001369,0.0123));
#10422=CARTESIAN_POINT('',(-0.104,-0.169087279001369,0.0123));
#10423=CARTESIAN_POINT('',(-0.1,-0.136819579291179,0.0323));
#10424=CARTESIAN_POINT('',(-0.1,-0.139280866142288,0.0323));
#10425=CARTESIAN_POINT('',(-0.102197099056737,-0.140390230238664,0.0323));
#10426=CARTESIAN_POINT('',(-0.1,-0.136819579291179,0.0333471975566583));
#10427=CARTESIAN_POINT('',(-0.1,-0.139280866142305,0.0329862754740867));
#10428=CARTESIAN_POINT('',(-0.102197099056737,-0.140390230238664,0.0328235987783346));
#10429=CARTESIAN_POINT('',(-0.1,-0.137286216961916,0.0354411044705284));
#10430=CARTESIAN_POINT('',(-0.0999999999999999,-0.139668971135127,0.0343739642695217));
#10431=CARTESIAN_POINT('',(-0.102290973868812,-0.140670948550972,0.0338705522352616));
#10432=CARTESIAN_POINT('',(-0.1,-0.139279474991708,0.0381041427716874));
#10433=CARTESIAN_POINT('',(-0.1,-0.141280091346514,0.035972003054931));
#10434=CARTESIAN_POINT('',(-0.102691963190294,-0.141870045977528,0.035202071385845));
#10435=CARTESIAN_POINT('',(-0.1,-0.142262727445852,0.0398834499396762));
#10436=CARTESIAN_POINT('',(-0.099999999999999,-0.143554275434433,0.0367151913945744));
#10437=CARTESIAN_POINT('',(-0.103292112473278,-0.143664700902823,0.0360917249698361));
#10438=CARTESIAN_POINT('',(-0.1,-0.144608413928592,0.0402999999999919));
#10439=CARTESIAN_POINT('',(-0.100000000000002,-0.145096033150217,0.036529236726509));
#10440=CARTESIAN_POINT('',(-0.103764000817426,-0.14507581104656,0.0363));
#10441=CARTESIAN_POINT('',(-0.1,-0.145781530618999,0.0403));
#10442=CARTESIAN_POINT('',(-0.1,-0.145781530618999,0.0363));
#10443=CARTESIAN_POINT('',(-0.104,-0.145781530618999,0.0363));
#10444=CARTESIAN_POINT('',(-0.104,-0.145781530618999,0.0403));
#10445=CARTESIAN_POINT('',(-0.1,-0.169087279001369,0.0402999999999999));
#10446=CARTESIAN_POINT('',(-0.1,-0.171414470630501,0.0392119865239368));
#10447=CARTESIAN_POINT('',(-0.10233618148842,-0.172382476758637,0.0387594222833562));
#10448=CARTESIAN_POINT('',(-0.1,-0.170881872258463,0.0441385208432225));
#10449=CARTESIAN_POINT('',(-0.100000000000028,-0.17314269912085,0.0427618320815139));
#10450=CARTESIAN_POINT('',(-0.102415636425579,-0.174019709264655,0.0421755474355108));
#10451=CARTESIAN_POINT('',(-0.1,-0.175961249278951,0.0512591803071231));
#10452=CARTESIAN_POINT('',(-0.0999999999999867,-0.178099207831124,0.0493476040699289));
#10453=CARTESIAN_POINT('',(-0.102640523920428,-0.178653695899326,0.0485126405208869));
#10454=CARTESIAN_POINT('',(-0.1,-0.18716365069397,0.0590285651050478));
#10455=CARTESIAN_POINT('',(-0.100000000000004,-0.188821327390538,0.056199735233774));
#10456=CARTESIAN_POINT('',(-0.103136506002606,-0.188873803251977,0.0554270723837308));
#10457=CARTESIAN_POINT('',(-0.1,-0.200641721682109,0.06297871570792));
#10458=CARTESIAN_POINT('',(-0.0999999999999989,-0.201505020156234,0.0592600809625573));
#10459=CARTESIAN_POINT('',(-0.103733242493708,-0.201170035756238,0.0589425434154368));
#10460=CARTESIAN_POINT('',(-0.1,-0.214822870063839,0.0626489774987971));
#10461=CARTESIAN_POINT('',(-0.1,-0.214473337134401,0.0581948089251318));
#10462=CARTESIAN_POINT('',(-0.104361107470275,-0.214107695591442,0.0586490900161241));
#10463=CARTESIAN_POINT('',(-0.1,-0.228052298170591,0.0580777521588596));
#10464=CARTESIAN_POINT('',(-0.0999999999999999,-0.226009574095206,0.0532969578093715));
#10465=CARTESIAN_POINT('',(-0.104946835391925,-0.226177087720498,0.0545808880973618));
#10466=CARTESIAN_POINT('',(-0.1,-0.238786306446062,0.0497984645501953));
#10467=CARTESIAN_POINT('',(-0.1,-0.234695510079491,0.0454975833280189));
#10468=CARTESIAN_POINT('',(-0.105422079545144,-0.235969873466623,0.0472126637743829));
#10469=CARTESIAN_POINT('',(-0.1,-0.245772367777339,0.0387771987037783));
#10470=CARTESIAN_POINT('',(-0.1,-0.239810012189003,0.0361285250029906));
#10471=CARTESIAN_POINT('',(-0.105731384766131,-0.242343354841966,0.037404191968837));
#10472=CARTESIAN_POINT('',(-0.1,-0.248195296808566,0.0263));
#10473=CARTESIAN_POINT('',(-0.1,-0.241438895945263,0.0262999999999999));
#10474=CARTESIAN_POINT('',(-0.10583865903183,-0.244553826855025,0.0263));
#10475=CARTESIAN_POINT('',(-0.1,-0.24577236777734,0.0138228012962221));
#10476=CARTESIAN_POINT('',(-0.1,-0.239810012189002,0.0164714749970099));
#10477=CARTESIAN_POINT('',(-0.105731384766131,-0.242343354841966,0.0151958080311633));
#10478=CARTESIAN_POINT('',(-0.1,-0.238786306446062,0.00280153544980463));
#10479=CARTESIAN_POINT('',(-0.0999999999999999,-0.234695510079492,0.00710241667198098));
#10480=CARTESIAN_POINT('',(-0.105422079545144,-0.235969873466623,0.00538733622561703));
#10481=CARTESIAN_POINT('',(-0.1,-0.228052298170592,-0.00547775215885954));
#10482=CARTESIAN_POINT('',(-0.100000000000001,-0.226009574095204,-0.000696957809370757));
#10483=CARTESIAN_POINT('',(-0.104946835391925,-0.226177087720498,-0.00198088809736187));
#10484=CARTESIAN_POINT('',(-0.1,-0.214822870063838,-0.0100489774987973));
#10485=CARTESIAN_POINT('',(-0.099999999999998,-0.214473337134405,-0.00559480892513526));
#10486=CARTESIAN_POINT('',(-0.104361107470275,-0.214107695591442,-0.00604909001612379));
#10487=CARTESIAN_POINT('',(-0.1,-0.200641721682112,-0.0103787157079193));
#10488=CARTESIAN_POINT('',(-0.100000000000007,-0.201505020156231,-0.00666008096254448));
#10489=CARTESIAN_POINT('',(-0.103733242493708,-0.201170035756239,-0.00634254341543775));
#10490=CARTESIAN_POINT('',(-0.1,-0.187163650693959,-0.00642856510505034));
#10491=CARTESIAN_POINT('',(-0.0999999999999766,-0.188821327390518,-0.00359973523381144));
#10492=CARTESIAN_POINT('',(-0.103136506002606,-0.188873803251975,-0.00282707238372725));
#10493=CARTESIAN_POINT('',(-0.1,-0.175961249278992,0.00134081969288669));
#10494=CARTESIAN_POINT('',(-0.100000000000083,-0.178099207831285,0.00325239593014635));
#10495=CARTESIAN_POINT('',(-0.102640523920431,-0.178653695899333,0.00408735947909992));
#10496=CARTESIAN_POINT('',(-0.1,-0.170881872258374,0.00846147915675594));
#10497=CARTESIAN_POINT('',(-0.099999999999824,-0.173142699120422,0.00983816791844464));
#10498=CARTESIAN_POINT('',(-0.102415636425573,-0.174019709264639,0.0104244525645171));
#10499=CARTESIAN_POINT('',(-0.1,-0.169087279001369,0.0122999999999999));
#10500=CARTESIAN_POINT('',(-0.1,-0.171414470630501,0.0133880134760631));
#10501=CARTESIAN_POINT('',(-0.10233618148842,-0.172382476758637,0.0138405777166437));
#10502=CARTESIAN_POINT('',(-0.104,-0.169087279001369,0.0403));
#10503=CARTESIAN_POINT('',(-0.104,-0.00675,0.0403));
#10504=CARTESIAN_POINT('',(-0.104,-0.169087279001369,0.0403));
#10505=CARTESIAN_POINT('',(-0.104,-0.169087279001369,0.0403));
#10506=CARTESIAN_POINT('',(-0.1,0.123319579291179,0.0203));
#10507=CARTESIAN_POINT('',(-0.1,0.125780866142288,0.0203));
#10508=CARTESIAN_POINT('',(-0.102197099056737,0.126890230238664,0.0203));
#10509=CARTESIAN_POINT('',(-0.1,0.123319579291179,0.0192528024433447));
#10510=CARTESIAN_POINT('',(-0.1,0.125780866142229,0.0196137245259281));
#10511=CARTESIAN_POINT('',(-0.102197099056737,0.126890230238664,0.0197764012216733));
#10512=CARTESIAN_POINT('',(-0.1,0.123786216961918,0.0171588955294705));
#10513=CARTESIAN_POINT('',(-0.0999999999999998,0.126168971135161,0.018226035730474));
#10514=CARTESIAN_POINT('',(-0.102290973868813,0.127170948550972,0.0187294477647348));
#10515=CARTESIAN_POINT('',(-0.1,0.125779474991701,0.0144958572283118));
#10516=CARTESIAN_POINT('',(-0.100000000000001,0.127780091346509,0.0166279969450647));
#10517=CARTESIAN_POINT('',(-0.102691963190291,0.128370045977528,0.0173979286141561));
#10518=CARTESIAN_POINT('',(-0.1,0.128762727445881,0.012716550060328));
#10519=CARTESIAN_POINT('',(-0.099999999999997,0.130054275434422,0.0158848086054471));
#10520=CARTESIAN_POINT('',(-0.103292112473289,0.130164700902822,0.0165082750301637));
#10521=CARTESIAN_POINT('',(-0.1,0.13110841392853,0.012299999999999));
#10522=CARTESIAN_POINT('',(-0.100000000000007,0.131596033150243,0.016070763273441));
#10523=CARTESIAN_POINT('',(-0.103764000817402,0.131575811046562,0.0163));
#10524=CARTESIAN_POINT('',(-0.1,0.132281530618999,0.0123));
#10525=CARTESIAN_POINT('',(-0.1,0.132281530618999,0.0163));
#10526=CARTESIAN_POINT('',(-0.104,0.132281530618999,0.0163));
#10527=CARTESIAN_POINT('',(-0.104,0.123319579291179,0.0203));
#10528=CARTESIAN_POINT('',(-0.104,0.132281530618999,0.0123));
#10529=CARTESIAN_POINT('',(-0.104,-0.00675,0.0123));
#10530=CARTESIAN_POINT('',(-0.104,0.155587279001369,0.0123));
#10531=CARTESIAN_POINT('',(-0.104,0.123319579291179,-0.00999999999999986));
#10532=CARTESIAN_POINT('',(-0.104,0.123319579291179,0.0323));
#10533=CARTESIAN_POINT('',(-0.104,0.155587279001369,0.0123));
#10534=CARTESIAN_POINT('',(-0.104,0.155587279001369,0.0123));
#10535=CARTESIAN_POINT('',(-0.1,0.132281530618999,0.0403));
#10536=CARTESIAN_POINT('',(-0.1,0.132281530618999,0.0363));
#10537=CARTESIAN_POINT('',(-0.104,0.132281530618999,0.0363));
#10538=CARTESIAN_POINT('',(-0.1,0.131108413928595,0.0402999999999919));
#10539=CARTESIAN_POINT('',(-0.100000000000002,0.131596033150228,0.0365292367265085));
#10540=CARTESIAN_POINT('',(-0.103764000817426,0.131575811046562,0.0363));
#10541=CARTESIAN_POINT('',(-0.1,0.128762727445851,0.0398834499396761));
#10542=CARTESIAN_POINT('',(-0.099999999999999,0.13005427543443,0.0367151913945748));
#10543=CARTESIAN_POINT('',(-0.103292112473278,0.130164700902822,0.0360917249698363));
#10544=CARTESIAN_POINT('',(-0.1,0.125779474991709,0.0381041427716878));
#10545=CARTESIAN_POINT('',(-0.1,0.127780091346506,0.0359720030549298));
#10546=CARTESIAN_POINT('',(-0.102691963190294,0.128370045977528,0.0352020713858437));
#10547=CARTESIAN_POINT('',(-0.1,0.123786216961916,0.0354411044705273));
#10548=CARTESIAN_POINT('',(-0.0999999999999999,0.126168971135162,0.034373964269527));
#10549=CARTESIAN_POINT('',(-0.102290973868812,0.127170948550972,0.033870552235266));
#10550=CARTESIAN_POINT('',(-0.1,0.123319579291179,0.0333471975566608));
#10551=CARTESIAN_POINT('',(-0.1,0.125780866142229,0.0329862754740736));
#10552=CARTESIAN_POINT('',(-0.102197099056737,0.126890230238664,0.0328235987783249));
#10553=CARTESIAN_POINT('',(-0.1,0.123319579291179,0.0323));
#10554=CARTESIAN_POINT('',(-0.1,0.125780866142288,0.0323));
#10555=CARTESIAN_POINT('',(-0.102197099056737,0.126890230238664,0.0323));
#10556=CARTESIAN_POINT('',(-0.104,0.132281530618999,0.0403));
#10557=CARTESIAN_POINT('',(-0.1,0.155587279001369,0.0123000000000002));
#10558=CARTESIAN_POINT('',(-0.1,0.157914470630501,0.0133880134760633));
#10559=CARTESIAN_POINT('',(-0.10233618148842,0.158882476758637,0.0138405777166439));
#10560=CARTESIAN_POINT('',(-0.1,0.157381872258404,0.00846147915674817));
#10561=CARTESIAN_POINT('',(-0.100000000000091,0.159642699120726,0.00983816791847549));
#10562=CARTESIAN_POINT('',(-0.102415636425573,0.160519709264607,0.0104244525645874));
#10563=CARTESIAN_POINT('',(-0.1,0.162461249278978,0.00134081969289061));
#10564=CARTESIAN_POINT('',(-0.0999999999999567,0.164599207831182,0.00325239593007707));
#10565=CARTESIAN_POINT('',(-0.10264052392043,0.165153695899348,0.00408735947906757));
#10566=CARTESIAN_POINT('',(-0.1,0.173663650693963,-0.00642856510505133));
#10567=CARTESIAN_POINT('',(-0.100000000000012,0.175321327390522,-0.00359973523377583));
#10568=CARTESIAN_POINT('',(-0.103136506002606,0.175373803251971,-0.00282707238371852));
#10569=CARTESIAN_POINT('',(-0.1,0.187141721682111,-0.0103787157079191));
#10570=CARTESIAN_POINT('',(-0.0999999999999965,0.188005020156239,-0.00666008096255673));
#10571=CARTESIAN_POINT('',(-0.103733242493708,0.18767003575624,-0.00634254341544012));
#10572=CARTESIAN_POINT('',(-0.1,0.201322870063838,-0.0100489774987973));
#10573=CARTESIAN_POINT('',(-0.100000000000001,0.200973337134399,-0.00559480892513192));
#10574=CARTESIAN_POINT('',(-0.104361107470275,0.200607695591441,-0.00604909001612314));
#10575=CARTESIAN_POINT('',(-0.1,0.214552298170591,-0.00547775215885978));
#10576=CARTESIAN_POINT('',(-0.0999999999999997,0.212509574095206,-0.00069695780937165));
#10577=CARTESIAN_POINT('',(-0.104946835391925,0.212677087720498,-0.00198088809736227));
#10578=CARTESIAN_POINT('',(-0.1,0.225286306446062,0.00280153544980457));
#10579=CARTESIAN_POINT('',(-0.1,0.221195510079491,0.00710241667198106));
#10580=CARTESIAN_POINT('',(-0.105422079545144,0.222469873466623,0.00538733622561703));
#10581=CARTESIAN_POINT('',(-0.1,0.23227236777734,0.013822801296222));
#10582=CARTESIAN_POINT('',(-0.1,0.226310012189003,0.0164714749970098));
#10583=CARTESIAN_POINT('',(-0.105731384766131,0.228843354841966,0.0151958080311632));
#10584=CARTESIAN_POINT('',(-0.1,0.234695296808566,0.0262999999999999));
#10585=CARTESIAN_POINT('',(-0.1,0.227938895945263,0.0262999999999998));
#10586=CARTESIAN_POINT('',(-0.10583865903183,0.231053826855025,0.0262999999999999));
#10587=CARTESIAN_POINT('',(-0.1,0.23227236777734,0.0387771987037779));
#10588=CARTESIAN_POINT('',(-0.1,0.226310012189003,0.0361285250029903));
#10589=CARTESIAN_POINT('',(-0.105731384766131,0.228843354841966,0.0374041919688367));
#10590=CARTESIAN_POINT('',(-0.1,0.225286306446062,0.0497984645501953));
#10591=CARTESIAN_POINT('',(-0.1,0.221195510079491,0.0454975833280187));
#10592=CARTESIAN_POINT('',(-0.105422079545144,0.222469873466623,0.0472126637743829));
#10593=CARTESIAN_POINT('',(-0.1,0.214552298170591,0.0580777521588597));
#10594=CARTESIAN_POINT('',(-0.1,0.212509574095206,0.0532969578093716));
#10595=CARTESIAN_POINT('',(-0.104946835391925,0.212677087720498,0.054580888097362));
#10596=CARTESIAN_POINT('',(-0.1,0.201322870063838,0.0626489774987974));
#10597=CARTESIAN_POINT('',(-0.1,0.200973337134402,0.0581948089251322));
#10598=CARTESIAN_POINT('',(-0.104361107470275,0.200607695591442,0.0586490900161238));
#10599=CARTESIAN_POINT('',(-0.1,0.187141721682112,0.0629787157079188));
#10600=CARTESIAN_POINT('',(-0.0999999999999995,0.188005020156233,0.0592600809625557));
#10601=CARTESIAN_POINT('',(-0.103733242493708,0.187670035756239,0.0589425434154375));
#10602=CARTESIAN_POINT('',(-0.1,0.173663650693959,0.0590285651050528));
#10603=CARTESIAN_POINT('',(-0.100000000000002,0.175321327390543,0.0561997352337796));
#10604=CARTESIAN_POINT('',(-0.103136506002605,0.175373803251975,0.0554270723837285));
#10605=CARTESIAN_POINT('',(-0.1,0.162461249278992,0.0512591803071048));
#10606=CARTESIAN_POINT('',(-0.0999999999999934,0.164599207831108,0.0493476040699108));
#10607=CARTESIAN_POINT('',(-0.102640523920431,0.165153695899332,0.0485126405208957));
#10608=CARTESIAN_POINT('',(-0.1,0.157381872258374,0.0441385208432624));
#10609=CARTESIAN_POINT('',(-0.100000000000014,0.159642699120883,0.0427618320815496));
#10610=CARTESIAN_POINT('',(-0.102415636425571,0.160519709264643,0.0421755474354922));
#10611=CARTESIAN_POINT('',(-0.1,0.155587279001369,0.0403));
#10612=CARTESIAN_POINT('',(-0.1,0.157914470630501,0.0392119865239369));
#10613=CARTESIAN_POINT('',(-0.10233618148842,0.158882476758637,0.0387594222833562));
#10614=CARTESIAN_POINT('',(-0.104,0.155587279001369,0.0403));
#10615=CARTESIAN_POINT('',(-0.104,0.139169905744887,0.0403));
#10616=CARTESIAN_POINT('',(-0.104,0.155587279001369,0.0403));
#10617=CARTESIAN_POINT('',(-0.104,0.155587279001369,0.0403));
#10618=CARTESIAN_POINT('',(-0.00901854366797003,-0.149601215381065,0.0263));
#10619=CARTESIAN_POINT('',(-1.21430643318376E-17,-0.154154878319553,0.0263));
#10620=CARTESIAN_POINT('',(-1.077081823009E-17,-0.176565357858683,0.0263));
#10621=CARTESIAN_POINT('',(-0.00901854366797011,0.136101215381061,0.0263));
#10622=CARTESIAN_POINT('',(-2.94902990916057E-17,0.14065487831955,0.0263));
#10623=CARTESIAN_POINT('',(-3.08625451933533E-17,0.16306535785868,0.0263));
#10624=CARTESIAN_POINT('',(0.00901854366797003,-0.149601215381065,0.0263));
#10625=CARTESIAN_POINT('',(0.00901854366797006,0.136101215381061,0.0263));
#10626=CARTESIAN_POINT('',(0.112235112863301,-0.180197006825784,0.0270260955538052));
#10627=CARTESIAN_POINT('',(0.111784546493616,-0.181089354927789,0.0269995472703023));
#10628=CARTESIAN_POINT('',(0.110891883756744,-0.180638629691973,0.0269995472703023));
#10629=CARTESIAN_POINT('',(0.112153520910999,-0.18035859994208,0.0274997939367986));
#10630=CARTESIAN_POINT('',(0.111640927758042,-0.181029217984643,0.0274156454200341));
#10631=CARTESIAN_POINT('',(0.110883355481522,-0.18065552005593,0.0277120090844026));
#10632=CARTESIAN_POINT('',(0.112163847843038,-0.180959777265377,0.0285242852103972));
#10633=CARTESIAN_POINT('',(0.111631724446743,-0.181081057740154,0.0285834671319441));
#10634=CARTESIAN_POINT('',(0.111340622107872,-0.180993161631161,0.0290506285997872));
#10635=CARTESIAN_POINT('',(0.112361476877937,-0.181637426724654,0.029913317788535));
#10636=CARTESIAN_POINT('',(0.112247666060422,-0.181598848192977,0.0300142583795848));
#10637=CARTESIAN_POINT('',(0.112133855268078,-0.181560269684749,0.0301151990286253));
#10638=CARTESIAN_POINT('',(0.112519116345397,-0.181853183616152,0.0306410214168039));
#10639=CARTESIAN_POINT('',(0.112519116345397,-0.181853183616152,0.0306410214168039));
#10640=CARTESIAN_POINT('',(0.112519116345397,-0.181853183616152,0.0306410214168039));
#10641=CARTESIAN_POINT('',(0.11134245012643,-0.179746281589968,0.0270260955538052));
#10642=CARTESIAN_POINT('',(0.0990194599155252,-0.204152002179796,0.0263));
#10643=CARTESIAN_POINT('',(0.11134245012643,-0.179746281589968,0.0255739044461947));
#10644=CARTESIAN_POINT('',(0.110891883756744,-0.180638629691973,0.0256004527296976));
#10645=CARTESIAN_POINT('',(0.111784546493616,-0.181089354927789,0.0256004527296977));
#10646=CARTESIAN_POINT('',(0.112235112863301,-0.180197006825784,0.0255739044461947));
#10647=CARTESIAN_POINT('',(0.110883355481522,-0.18065552005593,0.0248879909156025));
#10648=CARTESIAN_POINT('',(0.11164092775804,-0.181029217984603,0.0251843545799863));
#10649=CARTESIAN_POINT('',(0.112153520910988,-0.180358599942102,0.0251002060632027));
#10650=CARTESIAN_POINT('',(0.111340622107916,-0.180993161631176,0.0235493714002476));
#10651=CARTESIAN_POINT('',(0.111631724446733,-0.181081057740282,0.0240165328681122));
#10652=CARTESIAN_POINT('',(0.112163847843067,-0.180959777265367,0.024075714789656));
#10653=CARTESIAN_POINT('',(0.112133855267991,-0.181560269684719,0.0224848009713));
#10654=CARTESIAN_POINT('',(0.112247666060442,-0.181598848192774,0.0225857416202858));
#10655=CARTESIAN_POINT('',(0.112361476877891,-0.181637426724651,0.0226866822113574));
#10656=CARTESIAN_POINT('',(0.112519116345397,-0.181853183616152,0.0219589785831961));
#10657=CARTESIAN_POINT('',(0.112519116345397,-0.181853183616152,0.0219589785831961));
#10658=CARTESIAN_POINT('',(0.112519116345397,-0.181853183616152,0.0219589785831961));
#10659=CARTESIAN_POINT('',(0.110891883756744,0.167138629691973,0.0269995472703024));
#10660=CARTESIAN_POINT('',(0.111784546493616,0.167589354927789,0.0269995472703023));
#10661=CARTESIAN_POINT('',(0.112235112863301,0.166697006825784,0.0270260955538053));
#10662=CARTESIAN_POINT('',(0.110883355481522,0.16715552005593,0.0277120090844027));
#10663=CARTESIAN_POINT('',(0.111640927758028,0.167529217984591,0.0274156454200195));
#10664=CARTESIAN_POINT('',(0.112153520910996,0.166858599942086,0.0274997939367986));
#10665=CARTESIAN_POINT('',(0.111340622107856,0.167493161631154,0.0290506285997927));
#10666=CARTESIAN_POINT('',(0.111631724446684,0.167581057740206,0.0285834671319609));
#10667=CARTESIAN_POINT('',(0.112163847843022,0.167459777265366,0.0285242852104028));
#10668=CARTESIAN_POINT('',(0.112133855268111,0.168060269684763,0.0301151990286145));
#10669=CARTESIAN_POINT('',(0.112247666060541,0.168098848192923,0.0300142583795965));
#10670=CARTESIAN_POINT('',(0.112361476877973,0.16813742672467,0.0299133177885239));
#10671=CARTESIAN_POINT('',(0.112519116345397,0.168353183616152,0.030641021416804));
#10672=CARTESIAN_POINT('',(0.112519116345397,0.168353183616152,0.0306410214168041));
#10673=CARTESIAN_POINT('',(0.112519116345397,0.168353183616153,0.0306410214168041));
#10674=CARTESIAN_POINT('',(0.11134245012643,0.166246281589969,0.0270260955538053));
#10675=CARTESIAN_POINT('',(0.0990194599155252,0.190652002179795,0.0263));
#10676=CARTESIAN_POINT('',(0.11134245012643,0.166246281589969,0.0255739044461948));
#10677=CARTESIAN_POINT('',(0.112235112863301,0.166697006825784,0.0255739044461948));
#10678=CARTESIAN_POINT('',(0.111784546493616,0.167589354927789,0.0256004527296977));
#10679=CARTESIAN_POINT('',(0.110891883756744,0.167138629691973,0.0256004527296977));
#10680=CARTESIAN_POINT('',(0.112153520911013,0.166858599942053,0.0251002060632079));
#10681=CARTESIAN_POINT('',(0.111640927758011,0.167529217984529,0.0251843545799928));
#10682=CARTESIAN_POINT('',(0.110883355481506,0.167155520055922,0.0248879909156035));
#10683=CARTESIAN_POINT('',(0.112163847843049,0.167459777265391,0.0240757147896438));
#10684=CARTESIAN_POINT('',(0.11163172444677,0.167581057740184,0.024016532868074));
#10685=CARTESIAN_POINT('',(0.111340622107905,0.167493161631172,0.0235493714002436));
#10686=CARTESIAN_POINT('',(0.112361476877902,0.168137426724653,0.0226866822113768));
#10687=CARTESIAN_POINT('',(0.112247666060397,0.168098848193011,0.0225857416203302));
#10688=CARTESIAN_POINT('',(0.112133855268029,0.168060269684736,0.0224848009713073));
#10689=CARTESIAN_POINT('',(0.112519116345397,0.168353183616153,0.0219589785831962));
#10690=CARTESIAN_POINT('',(0.112519116345397,0.168353183616152,0.0219589785831962));
#10691=CARTESIAN_POINT('',(0.112519116345397,0.168353183616152,0.0219589785831962));
#10692=CARTESIAN_POINT('',(-0.112235112863301,0.166697006825784,0.0270260955538053));
#10693=CARTESIAN_POINT('',(-0.111784546493616,0.167589354927789,0.0269995472703023));
#10694=CARTESIAN_POINT('',(-0.110891883756744,0.167138629691973,0.0269995472703024));
#10695=CARTESIAN_POINT('',(-0.112153520910996,0.166858599942086,0.0274997939367986));
#10696=CARTESIAN_POINT('',(-0.111640927758028,0.167529217984591,0.0274156454200195));
#10697=CARTESIAN_POINT('',(-0.110883355481522,0.16715552005593,0.0277120090844027));
#10698=CARTESIAN_POINT('',(-0.112163847843027,0.167459777265369,0.0285242852104036));
#10699=CARTESIAN_POINT('',(-0.111631724446742,0.167581057740128,0.028583467131976));
#10700=CARTESIAN_POINT('',(-0.111340622107862,0.167493161631157,0.0290506285997928));
#10701=CARTESIAN_POINT('',(-0.112361476877962,0.168137426724664,0.0299133177885225));
#10702=CARTESIAN_POINT('',(-0.112247666060434,0.168098848193065,0.0300142583795687));
#10703=CARTESIAN_POINT('',(-0.1121338552681,0.168060269684757,0.0301151990286143));
#10704=CARTESIAN_POINT('',(-0.112519116345397,0.168353183616153,0.0306410214168041));
#10705=CARTESIAN_POINT('',(-0.112519116345397,0.168353183616152,0.0306410214168041));
#10706=CARTESIAN_POINT('',(-0.112519116345397,0.168353183616152,0.030641021416804));
#10707=CARTESIAN_POINT('',(-0.11134245012643,0.166246281589969,0.0270260955538053));
#10708=CARTESIAN_POINT('',(-0.0990194599155252,0.190652002179795,0.0263));
#10709=CARTESIAN_POINT('',(-0.11134245012643,0.166246281589969,0.0255739044461948));
#10710=CARTESIAN_POINT('',(-0.110891883756744,0.167138629691973,0.0256004527296977));
#10711=CARTESIAN_POINT('',(-0.111784546493616,0.167589354927789,0.0256004527296977));
#10712=CARTESIAN_POINT('',(-0.112235112863301,0.166697006825784,0.0255739044461948));
#10713=CARTESIAN_POINT('',(-0.110883355481506,0.167155520055922,0.0248879909156035));
#10714=CARTESIAN_POINT('',(-0.111640927758011,0.167529217984529,0.0251843545799928));
#10715=CARTESIAN_POINT('',(-0.112153520911013,0.166858599942053,0.0251002060632079));
#10716=CARTESIAN_POINT('',(-0.111340622107906,0.167493161631172,0.0235493714002424));
#10717=CARTESIAN_POINT('',(-0.111631724446734,0.167581057740261,0.0240165328680913));
#10718=CARTESIAN_POINT('',(-0.112163847843044,0.167459777265387,0.0240757147896458));
#10719=CARTESIAN_POINT('',(-0.112133855268028,0.168060269684736,0.0224848009713096));
#10720=CARTESIAN_POINT('',(-0.112247666060463,0.16809884819287,0.0225857416202986));
#10721=CARTESIAN_POINT('',(-0.112361476877913,0.168137426724659,0.0226866822113729));
#10722=CARTESIAN_POINT('',(-0.112519116345397,0.168353183616152,0.0219589785831962));
#10723=CARTESIAN_POINT('',(-0.112519116345397,0.168353183616152,0.0219589785831962));
#10724=CARTESIAN_POINT('',(-0.112519116345397,0.168353183616153,0.0219589785831962));
#10725=CARTESIAN_POINT('',(-0.110891883756744,-0.180638629691973,0.0269995472703023));
#10726=CARTESIAN_POINT('',(-0.111784546493616,-0.181089354927789,0.0269995472703023));
#10727=CARTESIAN_POINT('',(-0.112235112863301,-0.180197006825784,0.0270260955538052));
#10728=CARTESIAN_POINT('',(-0.110883355481522,-0.18065552005593,0.0277120090844026));
#10729=CARTESIAN_POINT('',(-0.111640927758042,-0.181029217984643,0.0274156454200341));
#10730=CARTESIAN_POINT('',(-0.112153520910999,-0.18035859994208,0.0274997939367986));
#10731=CARTESIAN_POINT('',(-0.111340622107865,-0.180993161631157,0.0290506285997854));
#10732=CARTESIAN_POINT('',(-0.111631724446693,-0.181081057740231,0.028583467131924));
#10733=CARTESIAN_POINT('',(-0.112163847843031,-0.180959777265373,0.0285242852103954));
#10734=CARTESIAN_POINT('',(-0.112133855268094,-0.181560269684757,0.0301151990286288));
#10735=CARTESIAN_POINT('',(-0.112247666060513,-0.181598848192835,0.0300142583796215));
#10736=CARTESIAN_POINT('',(-0.112361476877952,-0.181637426724662,0.0299133177885386));
#10737=CARTESIAN_POINT('',(-0.112519116345397,-0.181853183616152,0.0306410214168039));
#10738=CARTESIAN_POINT('',(-0.112519116345397,-0.181853183616152,0.0306410214168039));
#10739=CARTESIAN_POINT('',(-0.112519116345397,-0.181853183616152,0.0306410214168039));
#10740=CARTESIAN_POINT('',(-0.11134245012643,-0.179746281589968,0.0270260955538052));
#10741=CARTESIAN_POINT('',(-0.0990194599155252,-0.204152002179796,0.0263));
#10742=CARTESIAN_POINT('',(-0.11134245012643,-0.179746281589968,0.0255739044461947));
#10743=CARTESIAN_POINT('',(-0.112235112863301,-0.180197006825784,0.0255739044461947));
#10744=CARTESIAN_POINT('',(-0.111784546493616,-0.181089354927789,0.0256004527296977));
#10745=CARTESIAN_POINT('',(-0.110891883756744,-0.180638629691973,0.0256004527296976));
#10746=CARTESIAN_POINT('',(-0.112153520910988,-0.180358599942102,0.0251002060632027));
#10747=CARTESIAN_POINT('',(-0.11164092775804,-0.181029217984603,0.0251843545799863));
#10748=CARTESIAN_POINT('',(-0.110883355481522,-0.18065552005593,0.0248879909156025));
#10749=CARTESIAN_POINT('',(-0.112163847843048,-0.180959777265362,0.0240757147896341));
#10750=CARTESIAN_POINT('',(-0.111631724446766,-0.18108105774016,0.0240165328680749));
#10751=CARTESIAN_POINT('',(-0.111340622107896,-0.180993161631169,0.0235493714002326));
#10752=CARTESIAN_POINT('',(-0.112361476877928,-0.181637426724661,0.0226866822114011));
#10753=CARTESIAN_POINT('',(-0.112247666060382,-0.181598848192997,0.0225857416203542));
#10754=CARTESIAN_POINT('',(-0.112133855268031,-0.181560269684733,0.02248480097133));
#10755=CARTESIAN_POINT('',(-0.112519116345397,-0.181853183616152,0.0219589785831961));
#10756=CARTESIAN_POINT('',(-0.112519116345397,-0.181853183616152,0.0219589785831961));
#10757=CARTESIAN_POINT('',(-0.112519116345397,-0.181853183616152,0.0219589785831961));
#10758=CARTESIAN_POINT('',(0.,0.,0.));
#10759=CARTESIAN_POINT('',(0.508729882669093,0.397523891510629,0.0463));
#10760=CARTESIAN_POINT('',(0.508729882669093,0.397523891510629,0.0263));
#10761=CARTESIAN_POINT('',(0.500616828424407,0.413591820774314,0.0263));
#10762=CARTESIAN_POINT('',(0.508729882669093,0.397523891510629,0.0263));
#10763=CARTESIAN_POINT('',(0.499715377952776,0.415377146248057,0.0263));
#10764=CARTESIAN_POINT('',(-2.92479258915578E-17,0.14065487831955,0.0463));
#10765=CARTESIAN_POINT('',(-2.94902990916057E-17,0.14065487831955,0.0263));
#10766=CARTESIAN_POINT('',(-3.08622022175718E-17,0.1630597566391,0.0263));
#10767=CARTESIAN_POINT('',(-2.94902990916057E-17,0.14065487831955,0.0263));
#10768=CARTESIAN_POINT('',(-3.07250119049752E-17,0.160819268807145,0.0263));
#10769=CARTESIAN_POINT('',(-0.00901629004179083,0.136102353286957,0.0263));
#10770=CARTESIAN_POINT('',(-0.00811483957015924,0.136557515645169,0.0263));
#10771=CARTESIAN_POINT('',(0.,0.,0.));
#10772=CARTESIAN_POINT('',(-0.508729882669093,0.397523891510629,0.0463));
#10773=CARTESIAN_POINT('',(-0.508729882669093,0.397523891510629,0.0263));
#10774=CARTESIAN_POINT('',(-0.500616828424407,0.413591820774314,0.0263));
#10775=CARTESIAN_POINT('',(-0.508729882669093,0.397523891510629,0.0263));
#10776=CARTESIAN_POINT('',(-0.499715377952776,0.415377146248057,0.0263));
#10777=CARTESIAN_POINT('',(2.92479258915578E-17,0.14065487831955,0.0463));
#10778=CARTESIAN_POINT('',(2.94902990916057E-17,0.14065487831955,0.0263));
#10779=CARTESIAN_POINT('',(3.08622022175718E-17,0.1630597566391,0.0263));
#10780=CARTESIAN_POINT('',(2.94902990916057E-17,0.14065487831955,0.0263));
#10781=CARTESIAN_POINT('',(3.07250119049752E-17,0.160819268807145,0.0263));
#10782=CARTESIAN_POINT('',(0.00901629004179083,0.136102353286957,0.0263));
#10783=CARTESIAN_POINT('',(0.00811483957015924,0.136557515645169,0.0263));
#10784=CARTESIAN_POINT('',(0.,0.,0.));
#10785=MECHANICAL_DESIGN_GEOMETRIC_PRESENTATION_REPRESENTATION('',(#5731,
#5732,#5733,#5734,#5735),#10786);
#10786=(
GEOMETRIC_REPRESENTATION_CONTEXT(3)
GLOBAL_UNCERTAINTY_ASSIGNED_CONTEXT((#10792))
GLOBAL_UNIT_ASSIGNED_CONTEXT((#10800,#10799,#10798))
REPRESENTATION_CONTEXT('Prototype Assembly','TOP_LEVEL_ASSEMBLY_PART')
);
#10787=(
GEOMETRIC_REPRESENTATION_CONTEXT(3)
GLOBAL_UNCERTAINTY_ASSIGNED_CONTEXT((#10793))
GLOBAL_UNIT_ASSIGNED_CONTEXT((#10800,#10799,#10798))
REPRESENTATION_CONTEXT('Arm Front Right','COMPONENT_PART')
);
#10788=(
GEOMETRIC_REPRESENTATION_CONTEXT(3)
GLOBAL_UNCERTAINTY_ASSIGNED_CONTEXT((#10794))
GLOBAL_UNIT_ASSIGNED_CONTEXT((#10800,#10799,#10798))
REPRESENTATION_CONTEXT('Arm Front Left','COMPONENT_PART')
);
#10789=(
GEOMETRIC_REPRESENTATION_CONTEXT(3)
GLOBAL_UNCERTAINTY_ASSIGNED_CONTEXT((#10795))
GLOBAL_UNIT_ASSIGNED_CONTEXT((#10800,#10799,#10798))
REPRESENTATION_CONTEXT('Fuselage','COMPONENT_PART')
);
#10790=(
GEOMETRIC_REPRESENTATION_CONTEXT(3)
GLOBAL_UNCERTAINTY_ASSIGNED_CONTEXT((#10796))
GLOBAL_UNIT_ASSIGNED_CONTEXT((#10800,#10799,#10798))
REPRESENTATION_CONTEXT('Arm Back Right','COMPONENT_PART')
);
#10791=(
GEOMETRIC_REPRESENTATION_CONTEXT(3)
GLOBAL_UNCERTAINTY_ASSIGNED_CONTEXT((#10797))
GLOBAL_UNIT_ASSIGNED_CONTEXT((#10800,#10799,#10798))
REPRESENTATION_CONTEXT('Arm Back Left','COMPONENT_PART')
);
#10792=UNCERTAINTY_MEASURE_WITH_UNIT(LENGTH_MEASURE(1.E-8),#10800,
'DISTANCE_ACCURACY_VALUE','Maximum Tolerance applied to model');
#10793=UNCERTAINTY_MEASURE_WITH_UNIT(LENGTH_MEASURE(1.E-8),#10800,
'DISTANCE_ACCURACY_VALUE','Maximum Tolerance applied to model');
#10794=UNCERTAINTY_MEASURE_WITH_UNIT(LENGTH_MEASURE(1.E-8),#10800,
'DISTANCE_ACCURACY_VALUE','Maximum Tolerance applied to model');
#10795=UNCERTAINTY_MEASURE_WITH_UNIT(LENGTH_MEASURE(2.E-5),#10800,
'DISTANCE_ACCURACY_VALUE','Maximum Tolerance applied to model');
#10796=UNCERTAINTY_MEASURE_WITH_UNIT(LENGTH_MEASURE(1.E-8),#10800,
'DISTANCE_ACCURACY_VALUE','Maximum Tolerance applied to model');
#10797=UNCERTAINTY_MEASURE_WITH_UNIT(LENGTH_MEASURE(1.E-8),#10800,
'DISTANCE_ACCURACY_VALUE','Maximum Tolerance applied to model');
#10798=(
NAMED_UNIT(*)
SI_UNIT($,.STERADIAN.)
SOLID_ANGLE_UNIT()
);
#10799=(
NAMED_UNIT(*)
PLANE_ANGLE_UNIT()
SI_UNIT($,.RADIAN.)
);
#10800=(
LENGTH_UNIT()
NAMED_UNIT(*)
SI_UNIT($,.METRE.)
);
#10801=PRODUCT_DEFINITION_SHAPE('','',#10812);
#10802=PRODUCT_DEFINITION_SHAPE('','',#10813);
#10803=PRODUCT_DEFINITION_SHAPE(' ','NAUO PRDDFN',#775);
#10804=PRODUCT_DEFINITION_SHAPE('','',#10814);
#10805=PRODUCT_DEFINITION_SHAPE(' ','NAUO PRDDFN',#776);
#10806=PRODUCT_DEFINITION_SHAPE('','',#10815);
#10807=PRODUCT_DEFINITION_SHAPE(' ','NAUO PRDDFN',#777);
#10808=PRODUCT_DEFINITION_SHAPE('','',#10816);
#10809=PRODUCT_DEFINITION_SHAPE(' ','NAUO PRDDFN',#778);
#10810=PRODUCT_DEFINITION_SHAPE('','',#10817);
#10811=PRODUCT_DEFINITION_SHAPE(' ','NAUO PRDDFN',#779);
#10812=PRODUCT_DEFINITION('','',#10824,#10818);
#10813=PRODUCT_DEFINITION('','',#10825,#10819);
#10814=PRODUCT_DEFINITION('','',#10826,#10820);
#10815=PRODUCT_DEFINITION('','',#10827,#10821);
#10816=PRODUCT_DEFINITION('','',#10828,#10822);
#10817=PRODUCT_DEFINITION('','',#10829,#10823);
#10818=PRODUCT_DEFINITION_CONTEXT('',#10855,'design');
#10819=PRODUCT_DEFINITION_CONTEXT('',#10855,'design');
#10820=PRODUCT_DEFINITION_CONTEXT('',#10855,'design');
#10821=PRODUCT_DEFINITION_CONTEXT('',#10855,'design');
#10822=PRODUCT_DEFINITION_CONTEXT('',#10855,'design');
#10823=PRODUCT_DEFINITION_CONTEXT('',#10855,'design');
#10824=PRODUCT_DEFINITION_FORMATION_WITH_SPECIFIED_SOURCE('','',#10836,
 .NOT_KNOWN.);
#10825=PRODUCT_DEFINITION_FORMATION_WITH_SPECIFIED_SOURCE('','',#10837,
 .NOT_KNOWN.);
#10826=PRODUCT_DEFINITION_FORMATION_WITH_SPECIFIED_SOURCE('','',#10838,
 .NOT_KNOWN.);
#10827=PRODUCT_DEFINITION_FORMATION_WITH_SPECIFIED_SOURCE('','',#10839,
 .NOT_KNOWN.);
#10828=PRODUCT_DEFINITION_FORMATION_WITH_SPECIFIED_SOURCE('','',#10840,
 .NOT_KNOWN.);
#10829=PRODUCT_DEFINITION_FORMATION_WITH_SPECIFIED_SOURCE('','',#10841,
 .NOT_KNOWN.);
#10830=PRODUCT_RELATED_PRODUCT_CATEGORY('','',(#10836));
#10831=PRODUCT_RELATED_PRODUCT_CATEGORY('','',(#10837));
#10832=PRODUCT_RELATED_PRODUCT_CATEGORY('','',(#10838));
#10833=PRODUCT_RELATED_PRODUCT_CATEGORY('','',(#10839));
#10834=PRODUCT_RELATED_PRODUCT_CATEGORY('','',(#10840));
#10835=PRODUCT_RELATED_PRODUCT_CATEGORY('','',(#10841));
#10836=PRODUCT('Prototype Assembly','Prototype Assembly',
'Prototype Assembly',(#10848));
#10837=PRODUCT('Arm Front Right','Arm Front Right','Arm Front Right',(#10849));
#10838=PRODUCT('Arm Front Left','Arm Front Left','Arm Front Left',(#10850));
#10839=PRODUCT('Fuselage','Fuselage','Fuselage',(#10851));
#10840=PRODUCT('Arm Back Right','Arm Back Right','Arm Back Right',(#10852));
#10841=PRODUCT('Arm Back Left','Arm Back Left','Arm Back Left',(#10853));
#10842=PRODUCT_CATEGORY('','');
#10843=PRODUCT_CATEGORY('','');
#10844=PRODUCT_CATEGORY('','');
#10845=PRODUCT_CATEGORY('','');
#10846=PRODUCT_CATEGORY('','');
#10847=PRODUCT_CATEGORY('','');
#10848=PRODUCT_CONTEXT('',#10855,'mechanical');
#10849=PRODUCT_CONTEXT('',#10855,'mechanical');
#10850=PRODUCT_CONTEXT('',#10855,'mechanical');
#10851=PRODUCT_CONTEXT('',#10855,'mechanical');
#10852=PRODUCT_CONTEXT('',#10855,'mechanical');
#10853=PRODUCT_CONTEXT('',#10855,'mechanical');
#10854=APPLICATION_PROTOCOL_DEFINITION('international standard',
'ap242_managed_model_based_3d_engineering',2020,#10855);
#10855=APPLICATION_CONTEXT('managed model based 3d engineering');
ENDSEC;
END-ISO-10303-21;
