ISO-10303-21;
HEADER;
/* Generated by software containing ST-Developer
 * from STEP Tools, Inc. (www.steptools.com) 
 */
/* OPTION: using custom renumber hook */

FILE_DESCRIPTION(
/* description */ ('STEP AP242 Edition 2',
'CAx-IF Rec.Pracs.---Representation and Presentation of Product Manufa
cturing Information (PMI)---4.0---2014-10-13',
'CAx-IF Rec.Pracs.---3D Tessellated Geometry---0.4---2014-09-14','2;1',
'CAx-IF Rec.Pracs.---User Defined Attributes---1.5---2016-08-15'),
/* implementation_level */ '2;1');

FILE_NAME(
/* name */ '6a6d66f096d923fbfea77f24',
/* time_stamp */ '2026-08-01T03:24:32Z',
/* author */ (''),
/* organization */ (''),
/* preprocessor_version */ 'ST-DEVELOPER v20',
/* originating_system */ 'ONSHAPE BY PTC INC, 1.218',
/* authorisation */ '  ');

FILE_SCHEMA (('AP242_MANAGED_MODEL_BASED_3D_ENGINEERING_MIM_LF { 1 0 10303 442 3 1 4 }'));
ENDSEC;

DATA;
#10=(
BOUNDED_SURFACE()
B_SPLINE_SURFACE(3,2,((#3297,#3298,#3299),(#3300,#3301,#3302),(#3303,#3304,
#3305),(#3306,#3307,#3308),(#3309,#3310,#3311),(#3312,#3313,#3314),(#3315,
#3316,#3317),(#3318,#3319,#3320),(#3321,#3322,#3323),(#3324,#3325,#3326),
(#3327,#3328,#3329),(#3330,#3331,#3332),(#3333,#3334,#3335),(#3336,#3337,
#3338),(#3339,#3340,#3341),(#3342,#3343,#3344),(#3345,#3346,#3347),(#3348,
#3349,#3350),(#3351,#3352,#3353)),.UNSPECIFIED.,.T.,.F.,.F.)
B_SPLINE_SURFACE_WITH_KNOTS((1,3,1,1,1,1,1,1,1,1,1,1,1,1,1,1,1,3,1),(3,
3),(-0.392699081698725,0.,0.392699081698724,0.785398163397448,1.17809724509617,
1.5707963267949,1.96349540849362,2.35619449019234,2.74889357189107,3.14159265358979,
3.53429173528852,3.92699081698724,4.31968989868597,4.71238898038469,5.10508806208341,
5.49778714378214,5.89048622548086,6.28318530717959,6.67588438887831),(0.,
1.),.UNSPECIFIED.)
GEOMETRIC_REPRESENTATION_ITEM()
RATIONAL_B_SPLINE_SURFACE(((1.,0.851682228244744,1.),(1.,0.851682228244744,
1.),(1.,0.844834672906388,1.),(1.,0.814860676749036,1.),(1.,0.767764868739348,
1.),(1.,0.708068468797587,1.),(1.,0.642601943189581,1.),(1.,0.580962649614614,
1.),(1.,0.535433282796905,1.),(1.,0.5183712097398,1.),(1.,0.535433282796903,
1.),(1.,0.58096264961462,1.),(1.,0.642601943189577,1.),(1.,0.708068468797588,
1.),(1.,0.767764868739348,1.),(1.,0.814860676749033,1.),(1.,0.844834672906389,
1.),(1.,0.851682228244744,1.),(1.,0.851682228244744,1.)))
REPRESENTATION_ITEM('')
SURFACE()
);
#11=(
BOUNDED_SURFACE()
B_SPLINE_SURFACE(3,2,((#3354,#3355,#3356),(#3357,#3358,#3359),(#3360,#3361,
#3362),(#3363,#3364,#3365),(#3366,#3367,#3368),(#3369,#3370,#3371),(#3372,
#3373,#3374),(#3375,#3376,#3377),(#3378,#3379,#3380),(#3381,#3382,#3383),
(#3384,#3385,#3386),(#3387,#3388,#3389),(#3390,#3391,#3392),(#3393,#3394,
#3395),(#3396,#3397,#3398),(#3399,#3400,#3401),(#3402,#3403,#3404),(#3405,
#3406,#3407),(#3408,#3409,#3410)),.UNSPECIFIED.,.T.,.F.,.F.)
B_SPLINE_SURFACE_WITH_KNOTS((1,3,1,1,1,1,1,1,1,1,1,1,1,1,1,1,1,3,1),(3,
3),(-0.392699081698725,0.,0.392699081698724,0.785398163397448,1.17809724509617,
1.5707963267949,1.96349540849362,2.35619449019234,2.74889357189107,3.14159265358979,
3.53429173528852,3.92699081698724,4.31968989868597,4.71238898038469,5.10508806208341,
5.49778714378214,5.89048622548086,6.28318530717959,6.67588438887831),(0.,
1.),.UNSPECIFIED.)
GEOMETRIC_REPRESENTATION_ITEM()
RATIONAL_B_SPLINE_SURFACE(((1.,0.524058567425502,1.),(1.,0.524058567425501,
1.),(1.,0.535433282796903,1.),(1.,0.580962649614623,1.),(1.,0.642601943189579,
1.),(1.,0.70806846879759,1.),(1.,0.767764868739348,1.),(1.,0.814860676749037,
1.),(1.,0.844834672906387,1.),(1.,0.855106005913921,1.),(1.,0.844834672906387,
1.),(1.,0.814860676749037,1.),(1.,0.767764868739348,1.),(1.,0.70806846879759,
1.),(1.,0.642601943189579,1.),(1.,0.580962649614619,1.),(1.,0.535433282796904,
1.),(1.,0.524058567425502,1.),(1.,0.524058567425502,1.)))
REPRESENTATION_ITEM('')
SURFACE()
);
#12=(
BOUNDED_SURFACE()
B_SPLINE_SURFACE(3,2,((#3411,#3412,#3413),(#3414,#3415,#3416),(#3417,#3418,
#3419),(#3420,#3421,#3422),(#3423,#3424,#3425),(#3426,#3427,#3428),(#3429,
#3430,#3431),(#3432,#3433,#3434),(#3435,#3436,#3437),(#3438,#3439,#3440),
(#3441,#3442,#3443),(#3444,#3445,#3446),(#3447,#3448,#3449),(#3450,#3451,
#3452),(#3453,#3454,#3455),(#3456,#3457,#3458),(#3459,#3460,#3461),(#3462,
#3463,#3464),(#3465,#3466,#3467)),.UNSPECIFIED.,.T.,.F.,.F.)
B_SPLINE_SURFACE_WITH_KNOTS((1,3,1,1,1,1,1,1,1,1,1,1,1,1,1,1,1,3,1),(3,
3),(-0.392699081698725,0.,0.392699081698724,0.785398163397448,1.17809724509617,
1.5707963267949,1.96349540849362,2.35619449019234,2.74889357189107,3.14159265358979,
3.53429173528852,3.92699081698724,4.31968989868597,4.71238898038469,5.10508806208341,
5.49778714378214,5.89048622548086,6.28318530717959,6.67588438887831),(0.,
1.),.UNSPECIFIED.)
GEOMETRIC_REPRESENTATION_ITEM()
RATIONAL_B_SPLINE_SURFACE(((1.,0.524058567425502,1.),(1.,0.524058567425502,
1.),(1.,0.535433282796904,1.),(1.,0.580962649614619,1.),(1.,0.642601943189579,
1.),(1.,0.70806846879759,1.),(1.,0.767764868739348,1.),(1.,0.814860676749037,
1.),(1.,0.844834672906387,1.),(1.,0.855106005913921,1.),(1.,0.844834672906389,
1.),(1.,0.814860676749037,1.),(1.,0.767764868739348,1.),(1.,0.708068468797589,
1.),(1.,0.64260194318958,1.),(1.,0.58096264961462,1.),(1.,0.535433282796904,
1.),(1.,0.524058567425502,1.),(1.,0.524058567425502,1.)))
REPRESENTATION_ITEM('')
SURFACE()
);
#13=(
BOUNDED_SURFACE()
B_SPLINE_SURFACE(3,2,((#3468,#3469,#3470),(#3471,#3472,#3473),(#3474,#3475,
#3476),(#3477,#3478,#3479),(#3480,#3481,#3482),(#3483,#3484,#3485),(#3486,
#3487,#3488),(#3489,#3490,#3491),(#3492,#3493,#3494),(#3495,#3496,#3497),
(#3498,#3499,#3500),(#3501,#3502,#3503),(#3504,#3505,#3506),(#3507,#3508,
#3509),(#3510,#3511,#3512),(#3513,#3514,#3515),(#3516,#3517,#3518),(#3519,
#3520,#3521),(#3522,#3523,#3524)),.UNSPECIFIED.,.T.,.F.,.F.)
B_SPLINE_SURFACE_WITH_KNOTS((1,3,1,1,1,1,1,1,1,1,1,1,1,1,1,1,1,3,1),(3,
3),(-0.392699081698725,0.,0.392699081698724,0.785398163397448,1.17809724509617,
1.5707963267949,1.96349540849362,2.35619449019234,2.74889357189107,3.14159265358979,
3.53429173528852,3.92699081698724,4.31968989868597,4.71238898038469,5.10508806208341,
5.49778714378214,5.89048622548086,6.28318530717959,6.67588438887831),(0.,
1.),.UNSPECIFIED.)
GEOMETRIC_REPRESENTATION_ITEM()
RATIONAL_B_SPLINE_SURFACE(((1.,0.851682228244743,1.),(1.,0.851682228244743,
1.),(1.,0.844834672906387,1.),(1.,0.814860676749037,1.),(1.,0.767764868739347,
1.),(1.,0.708068468797588,1.),(1.,0.642601943189578,1.),(1.,0.580962649614617,
1.),(1.,0.535433282796905,1.),(1.,0.5183712097398,1.),(1.,0.535433282796903,
1.),(1.,0.580962649614621,1.),(1.,0.642601943189576,1.),(1.,0.708068468797589,
1.),(1.,0.767764868739347,1.),(1.,0.814860676749037,1.),(1.,0.844834672906387,
1.),(1.,0.851682228244743,1.),(1.,0.851682228244743,1.)))
REPRESENTATION_ITEM('')
SURFACE()
);
#14=(
BOUNDED_SURFACE()
B_SPLINE_SURFACE(3,2,((#3525,#3526,#3527),(#3528,#3529,#3530),(#3531,#3532,
#3533),(#3534,#3535,#3536),(#3537,#3538,#3539),(#3540,#3541,#3542),(#3543,
#3544,#3545),(#3546,#3547,#3548),(#3549,#3550,#3551),(#3552,#3553,#3554),
(#3555,#3556,#3557),(#3558,#3559,#3560),(#3561,#3562,#3563),(#3564,#3565,
#3566),(#3567,#3568,#3569),(#3570,#3571,#3572),(#3573,#3574,#3575),(#3576,
#3577,#3578),(#3579,#3580,#3581)),.UNSPECIFIED.,.T.,.F.,.F.)
B_SPLINE_SURFACE_WITH_KNOTS((1,3,1,1,1,1,1,1,1,1,1,1,1,1,1,1,1,3,1),(3,
3),(-0.392699081698725,0.,0.392699081698724,0.785398163397448,1.17809724509617,
1.5707963267949,1.96349540849362,2.35619449019234,2.74889357189107,3.14159265358979,
3.53429173528852,3.92699081698724,4.31968989868597,4.71238898038469,5.10508806208341,
5.49778714378214,5.89048622548086,6.28318530717959,6.67588438887831),(0.,
1.),.UNSPECIFIED.)
GEOMETRIC_REPRESENTATION_ITEM()
RATIONAL_B_SPLINE_SURFACE(((1.,0.851682228244744,1.),(1.,0.851682228244744,
1.),(1.,0.844834672906388,1.),(1.,0.814860676749036,1.),(1.,0.767764868739348,
1.),(1.,0.708068468797587,1.),(1.,0.642601943189581,1.),(1.,0.580962649614614,
1.),(1.,0.535433282796905,1.),(1.,0.5183712097398,1.),(1.,0.535433282796903,
1.),(1.,0.58096264961462,1.),(1.,0.642601943189577,1.),(1.,0.708068468797588,
1.),(1.,0.767764868739348,1.),(1.,0.814860676749033,1.),(1.,0.844834672906389,
1.),(1.,0.851682228244744,1.),(1.,0.851682228244744,1.)))
REPRESENTATION_ITEM('')
SURFACE()
);
#15=(
BOUNDED_SURFACE()
B_SPLINE_SURFACE(3,2,((#3582,#3583,#3584),(#3585,#3586,#3587),(#3588,#3589,
#3590),(#3591,#3592,#3593),(#3594,#3595,#3596),(#3597,#3598,#3599),(#3600,
#3601,#3602),(#3603,#3604,#3605),(#3606,#3607,#3608),(#3609,#3610,#3611),
(#3612,#3613,#3614),(#3615,#3616,#3617),(#3618,#3619,#3620),(#3621,#3622,
#3623),(#3624,#3625,#3626),(#3627,#3628,#3629),(#3630,#3631,#3632),(#3633,
#3634,#3635),(#3636,#3637,#3638)),.UNSPECIFIED.,.T.,.F.,.F.)
B_SPLINE_SURFACE_WITH_KNOTS((1,3,1,1,1,1,1,1,1,1,1,1,1,1,1,1,1,3,1),(3,
3),(-0.392699081698725,0.,0.392699081698724,0.785398163397448,1.17809724509617,
1.5707963267949,1.96349540849362,2.35619449019234,2.74889357189107,3.14159265358979,
3.53429173528852,3.92699081698724,4.31968989868597,4.71238898038469,5.10508806208341,
5.49778714378214,5.89048622548086,6.28318530717959,6.67588438887831),(0.,
1.),.UNSPECIFIED.)
GEOMETRIC_REPRESENTATION_ITEM()
RATIONAL_B_SPLINE_SURFACE(((1.,0.524058567425502,1.),(1.,0.524058567425501,
1.),(1.,0.535433282796903,1.),(1.,0.580962649614623,1.),(1.,0.642601943189579,
1.),(1.,0.70806846879759,1.),(1.,0.767764868739348,1.),(1.,0.814860676749037,
1.),(1.,0.844834672906387,1.),(1.,0.855106005913921,1.),(1.,0.844834672906387,
1.),(1.,0.814860676749037,1.),(1.,0.767764868739348,1.),(1.,0.70806846879759,
1.),(1.,0.642601943189579,1.),(1.,0.580962649614619,1.),(1.,0.535433282796904,
1.),(1.,0.524058567425502,1.),(1.,0.524058567425502,1.)))
REPRESENTATION_ITEM('')
SURFACE()
);
#16=(
BOUNDED_SURFACE()
B_SPLINE_SURFACE(3,2,((#3639,#3640,#3641),(#3642,#3643,#3644),(#3645,#3646,
#3647),(#3648,#3649,#3650),(#3651,#3652,#3653),(#3654,#3655,#3656),(#3657,
#3658,#3659),(#3660,#3661,#3662),(#3663,#3664,#3665),(#3666,#3667,#3668),
(#3669,#3670,#3671),(#3672,#3673,#3674),(#3675,#3676,#3677),(#3678,#3679,
#3680),(#3681,#3682,#3683),(#3684,#3685,#3686),(#3687,#3688,#3689),(#3690,
#3691,#3692),(#3693,#3694,#3695)),.UNSPECIFIED.,.T.,.F.,.F.)
B_SPLINE_SURFACE_WITH_KNOTS((1,3,1,1,1,1,1,1,1,1,1,1,1,1,1,1,1,3,1),(3,
3),(-0.392699081698725,0.,0.392699081698724,0.785398163397448,1.17809724509617,
1.5707963267949,1.96349540849362,2.35619449019234,2.74889357189107,3.14159265358979,
3.53429173528852,3.92699081698724,4.31968989868597,4.71238898038469,5.10508806208341,
5.49778714378214,5.89048622548086,6.28318530717959,6.67588438887831),(0.,
1.),.UNSPECIFIED.)
GEOMETRIC_REPRESENTATION_ITEM()
RATIONAL_B_SPLINE_SURFACE(((1.,0.851682228244743,1.),(1.,0.851682228244743,
1.),(1.,0.844834672906387,1.),(1.,0.814860676749037,1.),(1.,0.767764868739347,
1.),(1.,0.708068468797588,1.),(1.,0.642601943189578,1.),(1.,0.580962649614617,
1.),(1.,0.535433282796905,1.),(1.,0.5183712097398,1.),(1.,0.535433282796903,
1.),(1.,0.580962649614621,1.),(1.,0.642601943189576,1.),(1.,0.708068468797589,
1.),(1.,0.767764868739347,1.),(1.,0.814860676749037,1.),(1.,0.844834672906387,
1.),(1.,0.851682228244743,1.),(1.,0.851682228244743,1.)))
REPRESENTATION_ITEM('')
SURFACE()
);
#17=(
BOUNDED_SURFACE()
B_SPLINE_SURFACE(3,2,((#3696,#3697,#3698),(#3699,#3700,#3701),(#3702,#3703,
#3704),(#3705,#3706,#3707),(#3708,#3709,#3710),(#3711,#3712,#3713),(#3714,
#3715,#3716),(#3717,#3718,#3719),(#3720,#3721,#3722),(#3723,#3724,#3725),
(#3726,#3727,#3728),(#3729,#3730,#3731),(#3732,#3733,#3734),(#3735,#3736,
#3737),(#3738,#3739,#3740),(#3741,#3742,#3743),(#3744,#3745,#3746),(#3747,
#3748,#3749),(#3750,#3751,#3752)),.UNSPECIFIED.,.T.,.F.,.F.)
B_SPLINE_SURFACE_WITH_KNOTS((1,3,1,1,1,1,1,1,1,1,1,1,1,1,1,1,1,3,1),(3,
3),(-0.392699081698725,0.,0.392699081698724,0.785398163397448,1.17809724509617,
1.5707963267949,1.96349540849362,2.35619449019234,2.74889357189107,3.14159265358979,
3.53429173528852,3.92699081698724,4.31968989868597,4.71238898038469,5.10508806208341,
5.49778714378214,5.89048622548086,6.28318530717959,6.67588438887831),(0.,
1.),.UNSPECIFIED.)
GEOMETRIC_REPRESENTATION_ITEM()
RATIONAL_B_SPLINE_SURFACE(((1.,0.524058567425502,1.),(1.,0.524058567425502,
1.),(1.,0.535433282796904,1.),(1.,0.580962649614619,1.),(1.,0.642601943189579,
1.),(1.,0.70806846879759,1.),(1.,0.767764868739348,1.),(1.,0.814860676749037,
1.),(1.,0.844834672906387,1.),(1.,0.855106005913921,1.),(1.,0.844834672906389,
1.),(1.,0.814860676749037,1.),(1.,0.767764868739348,1.),(1.,0.708068468797589,
1.),(1.,0.64260194318958,1.),(1.,0.58096264961462,1.),(1.,0.535433282796904,
1.),(1.,0.524058567425502,1.),(1.,0.524058567425502,1.)))
REPRESENTATION_ITEM('')
SURFACE()
);
#18=LINE('',#2840,#212);
#19=LINE('',#2843,#213);
#20=LINE('',#2845,#214);
#21=LINE('',#2847,#215);
#22=LINE('',#2849,#216);
#23=LINE('',#2851,#217);
#24=LINE('',#2853,#218);
#25=LINE('',#2855,#219);
#26=LINE('',#2857,#220);
#27=LINE('',#2859,#221);
#28=LINE('',#2861,#222);
#29=LINE('',#2863,#223);
#30=LINE('',#2865,#224);
#31=LINE('',#2867,#225);
#32=LINE('',#2869,#226);
#33=LINE('',#2871,#227);
#34=LINE('',#2873,#228);
#35=LINE('',#2879,#229);
#36=LINE('',#2882,#230);
#37=LINE('',#2884,#231);
#38=LINE('',#2886,#232);
#39=LINE('',#2888,#233);
#40=LINE('',#2890,#234);
#41=LINE('',#2892,#235);
#42=LINE('',#2894,#236);
#43=LINE('',#2896,#237);
#44=LINE('',#2898,#238);
#45=LINE('',#2900,#239);
#46=LINE('',#2902,#240);
#47=LINE('',#2904,#241);
#48=LINE('',#2906,#242);
#49=LINE('',#2908,#243);
#50=LINE('',#2910,#244);
#51=LINE('',#2912,#245);
#52=LINE('',#2914,#246);
#53=LINE('',#2917,#247);
#54=LINE('',#2919,#248);
#55=LINE('',#2921,#249);
#56=LINE('',#2923,#250);
#57=LINE('',#2926,#251);
#58=LINE('',#2928,#252);
#59=LINE('',#2930,#253);
#60=LINE('',#2932,#254);
#61=LINE('',#2935,#255);
#62=LINE('',#2937,#256);
#63=LINE('',#2939,#257);
#64=LINE('',#2941,#258);
#65=LINE('',#2944,#259);
#66=LINE('',#2946,#260);
#67=LINE('',#2948,#261);
#68=LINE('',#2950,#262);
#69=LINE('',#2953,#263);
#70=LINE('',#2955,#264);
#71=LINE('',#2957,#265);
#72=LINE('',#2959,#266);
#73=LINE('',#2962,#267);
#74=LINE('',#2964,#268);
#75=LINE('',#2966,#269);
#76=LINE('',#2968,#270);
#77=LINE('',#2971,#271);
#78=LINE('',#2973,#272);
#79=LINE('',#2975,#273);
#80=LINE('',#2977,#274);
#81=LINE('',#2980,#275);
#82=LINE('',#2982,#276);
#83=LINE('',#2984,#277);
#84=LINE('',#2986,#278);
#85=LINE('',#2989,#279);
#86=LINE('',#2991,#280);
#87=LINE('',#2993,#281);
#88=LINE('',#2995,#282);
#89=LINE('',#2998,#283);
#90=LINE('',#3000,#284);
#91=LINE('',#3002,#285);
#92=LINE('',#3004,#286);
#93=LINE('',#3007,#287);
#94=LINE('',#3009,#288);
#95=LINE('',#3011,#289);
#96=LINE('',#3013,#290);
#97=LINE('',#3016,#291);
#98=LINE('',#3018,#292);
#99=LINE('',#3020,#293);
#100=LINE('',#3022,#294);
#101=LINE('',#3025,#295);
#102=LINE('',#3027,#296);
#103=LINE('',#3029,#297);
#104=LINE('',#3031,#298);
#105=LINE('',#3034,#299);
#106=LINE('',#3036,#300);
#107=LINE('',#3038,#301);
#108=LINE('',#3040,#302);
#109=LINE('',#3043,#303);
#110=LINE('',#3045,#304);
#111=LINE('',#3047,#305);
#112=LINE('',#3049,#306);
#113=LINE('',#3052,#307);
#114=LINE('',#3054,#308);
#115=LINE('',#3056,#309);
#116=LINE('',#3058,#310);
#117=LINE('',#3059,#311);
#118=LINE('',#3061,#312);
#119=LINE('',#3062,#313);
#120=LINE('',#3064,#314);
#121=LINE('',#3065,#315);
#122=LINE('',#3067,#316);
#123=LINE('',#3069,#317);
#124=LINE('',#3071,#318);
#125=LINE('',#3072,#319);
#126=LINE('',#3074,#320);
#127=LINE('',#3076,#321);
#128=LINE('',#3078,#322);
#129=LINE('',#3079,#323);
#130=LINE('',#3081,#324);
#131=LINE('',#3083,#325);
#132=LINE('',#3085,#326);
#133=LINE('',#3086,#327);
#134=LINE('',#3088,#328);
#135=LINE('',#3090,#329);
#136=LINE('',#3092,#330);
#137=LINE('',#3094,#331);
#138=LINE('',#3096,#332);
#139=LINE('',#3098,#333);
#140=LINE('',#3100,#334);
#141=LINE('',#3101,#335);
#142=LINE('',#3103,#336);
#143=LINE('',#3105,#337);
#144=LINE('',#3107,#338);
#145=LINE('',#3108,#339);
#146=LINE('',#3110,#340);
#147=LINE('',#3112,#341);
#148=LINE('',#3114,#342);
#149=LINE('',#3116,#343);
#150=LINE('',#3118,#344);
#151=LINE('',#3120,#345);
#152=LINE('',#3122,#346);
#153=LINE('',#3123,#347);
#154=LINE('',#3125,#348);
#155=LINE('',#3127,#349);
#156=LINE('',#3129,#350);
#157=LINE('',#3130,#351);
#158=LINE('',#3132,#352);
#159=LINE('',#3134,#353);
#160=LINE('',#3136,#354);
#161=LINE('',#3138,#355);
#162=LINE('',#3140,#356);
#163=LINE('',#3142,#357);
#164=LINE('',#3144,#358);
#165=LINE('',#3145,#359);
#166=LINE('',#3147,#360);
#167=LINE('',#3149,#361);
#168=LINE('',#3151,#362);
#169=LINE('',#3152,#363);
#170=LINE('',#3154,#364);
#171=LINE('',#3156,#365);
#172=LINE('',#3158,#366);
#173=LINE('',#3160,#367);
#174=LINE('',#3162,#368);
#175=LINE('',#3164,#369);
#176=LINE('',#3166,#370);
#177=LINE('',#3167,#371);
#178=LINE('',#3169,#372);
#179=LINE('',#3171,#373);
#180=LINE('',#3173,#374);
#181=LINE('',#3174,#375);
#182=LINE('',#3176,#376);
#183=LINE('',#3178,#377);
#184=LINE('',#3180,#378);
#185=LINE('',#3182,#379);
#186=LINE('',#3184,#380);
#187=LINE('',#3186,#381);
#188=LINE('',#3188,#382);
#189=LINE('',#3189,#383);
#190=LINE('',#3191,#384);
#191=LINE('',#3193,#385);
#192=LINE('',#3195,#386);
#193=LINE('',#3196,#387);
#194=LINE('',#3198,#388);
#195=LINE('',#3200,#389);
#196=LINE('',#3202,#390);
#197=LINE('',#3204,#391);
#198=LINE('',#3206,#392);
#199=LINE('',#3208,#393);
#200=LINE('',#3210,#394);
#201=LINE('',#3211,#395);
#202=LINE('',#3213,#396);
#203=LINE('',#3215,#397);
#204=LINE('',#3217,#398);
#205=LINE('',#3219,#399);
#206=LINE('',#3221,#400);
#207=LINE('',#3223,#401);
#208=LINE('',#3225,#402);
#209=LINE('',#3227,#403);
#210=LINE('',#3229,#404);
#211=LINE('',#3231,#405);
#212=VECTOR('',#2283,1.);
#213=VECTOR('',#2284,1.);
#214=VECTOR('',#2285,1.);
#215=VECTOR('',#2286,1.);
#216=VECTOR('',#2287,1.);
#217=VECTOR('',#2288,1.);
#218=VECTOR('',#2289,1.);
#219=VECTOR('',#2290,1.);
#220=VECTOR('',#2291,1.);
#221=VECTOR('',#2292,1.);
#222=VECTOR('',#2293,1.);
#223=VECTOR('',#2294,1.);
#224=VECTOR('',#2295,1.);
#225=VECTOR('',#2296,1.);
#226=VECTOR('',#2297,1.);
#227=VECTOR('',#2298,1.);
#228=VECTOR('',#2299,1.);
#229=VECTOR('',#2306,1.);
#230=VECTOR('',#2307,1.);
#231=VECTOR('',#2308,1.);
#232=VECTOR('',#2309,1.);
#233=VECTOR('',#2310,1.);
#234=VECTOR('',#2311,1.);
#235=VECTOR('',#2312,1.);
#236=VECTOR('',#2313,1.);
#237=VECTOR('',#2314,1.);
#238=VECTOR('',#2315,1.);
#239=VECTOR('',#2316,1.);
#240=VECTOR('',#2317,1.);
#241=VECTOR('',#2318,1.);
#242=VECTOR('',#2319,1.);
#243=VECTOR('',#2320,1.);
#244=VECTOR('',#2321,1.);
#245=VECTOR('',#2322,1.);
#246=VECTOR('',#2325,1.);
#247=VECTOR('',#2326,1.);
#248=VECTOR('',#2327,1.);
#249=VECTOR('',#2328,1.);
#250=VECTOR('',#2331,1.);
#251=VECTOR('',#2332,1.);
#252=VECTOR('',#2333,1.);
#253=VECTOR('',#2334,1.);
#254=VECTOR('',#2337,1.);
#255=VECTOR('',#2338,1.);
#256=VECTOR('',#2339,1.);
#257=VECTOR('',#2340,1.);
#258=VECTOR('',#2343,1.);
#259=VECTOR('',#2344,1.);
#260=VECTOR('',#2345,1.);
#261=VECTOR('',#2346,1.);
#262=VECTOR('',#2349,1.);
#263=VECTOR('',#2350,1.);
#264=VECTOR('',#2351,1.);
#265=VECTOR('',#2352,1.);
#266=VECTOR('',#2355,1.);
#267=VECTOR('',#2356,1.);
#268=VECTOR('',#2357,1.);
#269=VECTOR('',#2358,1.);
#270=VECTOR('',#2361,1.);
#271=VECTOR('',#2362,1.);
#272=VECTOR('',#2363,1.);
#273=VECTOR('',#2364,1.);
#274=VECTOR('',#2367,1.);
#275=VECTOR('',#2368,1.);
#276=VECTOR('',#2369,1.);
#277=VECTOR('',#2370,1.);
#278=VECTOR('',#2373,1.);
#279=VECTOR('',#2374,1.);
#280=VECTOR('',#2375,1.);
#281=VECTOR('',#2376,1.);
#282=VECTOR('',#2379,1.);
#283=VECTOR('',#2380,1.);
#284=VECTOR('',#2381,1.);
#285=VECTOR('',#2382,1.);
#286=VECTOR('',#2385,1.);
#287=VECTOR('',#2386,1.);
#288=VECTOR('',#2387,1.);
#289=VECTOR('',#2388,1.);
#290=VECTOR('',#2391,1.);
#291=VECTOR('',#2392,1.);
#292=VECTOR('',#2393,1.);
#293=VECTOR('',#2394,1.);
#294=VECTOR('',#2397,1.);
#295=VECTOR('',#2398,1.);
#296=VECTOR('',#2399,1.);
#297=VECTOR('',#2400,1.);
#298=VECTOR('',#2403,1.);
#299=VECTOR('',#2404,1.);
#300=VECTOR('',#2405,1.);
#301=VECTOR('',#2406,1.);
#302=VECTOR('',#2409,1.);
#303=VECTOR('',#2410,1.);
#304=VECTOR('',#2411,1.);
#305=VECTOR('',#2412,1.);
#306=VECTOR('',#2415,1.);
#307=VECTOR('',#2416,1.);
#308=VECTOR('',#2417,1.);
#309=VECTOR('',#2418,1.);
#310=VECTOR('',#2421,1.);
#311=VECTOR('',#2422,1.);
#312=VECTOR('',#2425,1.);
#313=VECTOR('',#2426,1.);
#314=VECTOR('',#2429,1.);
#315=VECTOR('',#2430,1.);
#316=VECTOR('',#2433,1.);
#317=VECTOR('',#2436,1.);
#318=VECTOR('',#2439,1.);
#319=VECTOR('',#2440,1.);
#320=VECTOR('',#2443,1.);
#321=VECTOR('',#2446,1.);
#322=VECTOR('',#2449,1.);
#323=VECTOR('',#2450,1.);
#324=VECTOR('',#2453,1.);
#325=VECTOR('',#2456,1.);
#326=VECTOR('',#2459,1.);
#327=VECTOR('',#2460,1.);
#328=VECTOR('',#2463,1.);
#329=VECTOR('',#2466,1.);
#330=VECTOR('',#2469,1.);
#331=VECTOR('',#2472,1.);
#332=VECTOR('',#2475,1.);
#333=VECTOR('',#2478,1.);
#334=VECTOR('',#2481,1.);
#335=VECTOR('',#2482,1.);
#336=VECTOR('',#2485,1.);
#337=VECTOR('',#2488,1.);
#338=VECTOR('',#2491,1.);
#339=VECTOR('',#2492,1.);
#340=VECTOR('',#2495,1.);
#341=VECTOR('',#2498,1.);
#342=VECTOR('',#2501,1.);
#343=VECTOR('',#2504,1.);
#344=VECTOR('',#2507,1.);
#345=VECTOR('',#2510,1.);
#346=VECTOR('',#2513,1.);
#347=VECTOR('',#2514,1.);
#348=VECTOR('',#2517,1.);
#349=VECTOR('',#2520,1.);
#350=VECTOR('',#2523,1.);
#351=VECTOR('',#2524,1.);
#352=VECTOR('',#2527,1.);
#353=VECTOR('',#2530,1.);
#354=VECTOR('',#2533,1.);
#355=VECTOR('',#2536,1.);
#356=VECTOR('',#2539,1.);
#357=VECTOR('',#2542,1.);
#358=VECTOR('',#2545,1.);
#359=VECTOR('',#2546,1.);
#360=VECTOR('',#2549,1.);
#361=VECTOR('',#2552,1.);
#362=VECTOR('',#2555,1.);
#363=VECTOR('',#2556,1.);
#364=VECTOR('',#2559,1.);
#365=VECTOR('',#2562,1.);
#366=VECTOR('',#2565,1.);
#367=VECTOR('',#2568,1.);
#368=VECTOR('',#2571,1.);
#369=VECTOR('',#2574,1.);
#370=VECTOR('',#2577,1.);
#371=VECTOR('',#2578,1.);
#372=VECTOR('',#2581,1.);
#373=VECTOR('',#2584,1.);
#374=VECTOR('',#2587,1.);
#375=VECTOR('',#2588,1.);
#376=VECTOR('',#2591,1.);
#377=VECTOR('',#2594,1.);
#378=VECTOR('',#2597,1.);
#379=VECTOR('',#2600,1.);
#380=VECTOR('',#2603,1.);
#381=VECTOR('',#2606,1.);
#382=VECTOR('',#2609,1.);
#383=VECTOR('',#2610,1.);
#384=VECTOR('',#2613,1.);
#385=VECTOR('',#2616,1.);
#386=VECTOR('',#2619,1.);
#387=VECTOR('',#2620,1.);
#388=VECTOR('',#2623,1.);
#389=VECTOR('',#2626,1.);
#390=VECTOR('',#2629,1.);
#391=VECTOR('',#2632,1.);
#392=VECTOR('',#2635,1.);
#393=VECTOR('',#2638,1.);
#394=VECTOR('',#2641,1.);
#395=VECTOR('',#2642,1.);
#396=VECTOR('',#2645,1.);
#397=VECTOR('',#2648,1.);
#398=VECTOR('',#2651,1.);
#399=VECTOR('',#2654,1.);
#400=VECTOR('',#2657,1.);
#401=VECTOR('',#2660,1.);
#402=VECTOR('',#2663,1.);
#403=VECTOR('',#2666,1.);
#404=VECTOR('',#2669,1.);
#405=VECTOR('',#2672,1.);
#406=CONTEXT_DEPENDENT_SHAPE_REPRESENTATION(#416,#3811);
#407=CONTEXT_DEPENDENT_SHAPE_REPRESENTATION(#417,#3813);
#408=CONTEXT_DEPENDENT_SHAPE_REPRESENTATION(#418,#3815);
#409=CONTEXT_DEPENDENT_SHAPE_REPRESENTATION(#419,#3817);
#410=CONTEXT_DEPENDENT_SHAPE_REPRESENTATION(#420,#3819);
#411=NEXT_ASSEMBLY_USAGE_OCCURRENCE('NAUO1','Arm Front Right',
'Arm Front Right',#3820,#3821,'');
#412=NEXT_ASSEMBLY_USAGE_OCCURRENCE('NAUO2','Fuselage','Fuselage',#3820,
#3822,'');
#413=NEXT_ASSEMBLY_USAGE_OCCURRENCE('NAUO3','Arm Front Left',
'Arm Front Left',#3820,#3823,'');
#414=NEXT_ASSEMBLY_USAGE_OCCURRENCE('NAUO4','Arm Back Right',
'Arm Back Right',#3820,#3824,'');
#415=NEXT_ASSEMBLY_USAGE_OCCURRENCE('NAUO5','Arm Back Left',
'Arm Back Left',#3820,#3825,'');
#416=(
REPRESENTATION_RELATIONSHIP(' ',' ',#2056,#2055)
REPRESENTATION_RELATIONSHIP_WITH_TRANSFORMATION(#421)
SHAPE_REPRESENTATION_RELATIONSHIP()
);
#417=(
REPRESENTATION_RELATIONSHIP(' ',' ',#2057,#2055)
REPRESENTATION_RELATIONSHIP_WITH_TRANSFORMATION(#422)
SHAPE_REPRESENTATION_RELATIONSHIP()
);
#418=(
REPRESENTATION_RELATIONSHIP(' ',' ',#2058,#2055)
REPRESENTATION_RELATIONSHIP_WITH_TRANSFORMATION(#423)
SHAPE_REPRESENTATION_RELATIONSHIP()
);
#419=(
REPRESENTATION_RELATIONSHIP(' ',' ',#2059,#2055)
REPRESENTATION_RELATIONSHIP_WITH_TRANSFORMATION(#424)
SHAPE_REPRESENTATION_RELATIONSHIP()
);
#420=(
REPRESENTATION_RELATIONSHIP(' ',' ',#2060,#2055)
REPRESENTATION_RELATIONSHIP_WITH_TRANSFORMATION(#425)
SHAPE_REPRESENTATION_RELATIONSHIP()
);
#421=ITEM_DEFINED_TRANSFORMATION(' ',' ',#2061,#2070);
#422=ITEM_DEFINED_TRANSFORMATION(' ',' ',#2061,#2219);
#423=ITEM_DEFINED_TRANSFORMATION(' ',' ',#2061,#2228);
#424=ITEM_DEFINED_TRANSFORMATION(' ',' ',#2061,#2237);
#425=ITEM_DEFINED_TRANSFORMATION(' ',' ',#2061,#2246);
#426=SHAPE_REPRESENTATION_RELATIONSHIP('','',#2056,#431);
#427=SHAPE_REPRESENTATION_RELATIONSHIP('','',#2057,#432);
#428=SHAPE_REPRESENTATION_RELATIONSHIP('','',#2058,#433);
#429=SHAPE_REPRESENTATION_RELATIONSHIP('','',#2059,#434);
#430=SHAPE_REPRESENTATION_RELATIONSHIP('','',#2060,#435);
#431=ADVANCED_BREP_SHAPE_REPRESENTATION('',(#2044),#3795);
#432=ADVANCED_BREP_SHAPE_REPRESENTATION('',(#2045),#3796);
#433=ADVANCED_BREP_SHAPE_REPRESENTATION('',(#2046),#3797);
#434=ADVANCED_BREP_SHAPE_REPRESENTATION('',(#2047),#3798);
#435=ADVANCED_BREP_SHAPE_REPRESENTATION('',(#2048),#3799);
#436=CYLINDRICAL_SURFACE('',#2068,0.02);
#437=CYLINDRICAL_SURFACE('',#2069,0.018);
#438=CYLINDRICAL_SURFACE('',#2071,0.02005);
#439=CYLINDRICAL_SURFACE('',#2074,0.02005);
#440=CYLINDRICAL_SURFACE('',#2181,0.02635);
#441=CYLINDRICAL_SURFACE('',#2183,0.03235);
#442=CYLINDRICAL_SURFACE('',#2190,0.02635);
#443=CYLINDRICAL_SURFACE('',#2192,0.03235);
#444=CYLINDRICAL_SURFACE('',#2200,0.02635);
#445=CYLINDRICAL_SURFACE('',#2202,0.03235);
#446=CYLINDRICAL_SURFACE('',#2204,0.02005);
#447=CYLINDRICAL_SURFACE('',#2212,0.02635);
#448=CYLINDRICAL_SURFACE('',#2214,0.03235);
#449=CYLINDRICAL_SURFACE('',#2218,0.02005);
#450=CYLINDRICAL_SURFACE('',#2226,0.02);
#451=CYLINDRICAL_SURFACE('',#2227,0.018);
#452=CYLINDRICAL_SURFACE('',#2235,0.02);
#453=CYLINDRICAL_SURFACE('',#2236,0.018);
#454=CYLINDRICAL_SURFACE('',#2244,0.02);
#455=CYLINDRICAL_SURFACE('',#2245,0.018);
#456=CIRCLE('',#2066,0.018);
#457=CIRCLE('',#2067,0.02);
#458=CIRCLE('',#2179,0.02635);
#459=CIRCLE('',#2180,0.03235);
#460=CIRCLE('',#2188,0.02635);
#461=CIRCLE('',#2189,0.03235);
#462=CIRCLE('',#2198,0.02635);
#463=CIRCLE('',#2199,0.03235);
#464=CIRCLE('',#2210,0.02635);
#465=CIRCLE('',#2211,0.03235);
#466=CIRCLE('',#2224,0.018);
#467=CIRCLE('',#2225,0.02);
#468=CIRCLE('',#2230,0.018);
#469=CIRCLE('',#2231,0.02);
#470=CIRCLE('',#2239,0.018);
#471=CIRCLE('',#2240,0.02);
#472=ORIENTED_EDGE('',*,*,#952,.T.);
#473=ORIENTED_EDGE('',*,*,#953,.F.);
#474=ORIENTED_EDGE('',*,*,#954,.F.);
#475=ORIENTED_EDGE('',*,*,#955,.T.);
#476=ORIENTED_EDGE('',*,*,#955,.F.);
#477=ORIENTED_EDGE('',*,*,#952,.F.);
#478=ORIENTED_EDGE('',*,*,#953,.T.);
#479=ORIENTED_EDGE('',*,*,#954,.T.);
#480=ORIENTED_EDGE('',*,*,#956,.F.);
#481=ORIENTED_EDGE('',*,*,#957,.F.);
#482=ORIENTED_EDGE('',*,*,#958,.F.);
#483=ORIENTED_EDGE('',*,*,#956,.T.);
#484=ORIENTED_EDGE('',*,*,#959,.T.);
#485=ORIENTED_EDGE('',*,*,#960,.T.);
#486=ORIENTED_EDGE('',*,*,#961,.T.);
#487=ORIENTED_EDGE('',*,*,#962,.T.);
#488=ORIENTED_EDGE('',*,*,#963,.T.);
#489=ORIENTED_EDGE('',*,*,#964,.T.);
#490=ORIENTED_EDGE('',*,*,#965,.T.);
#491=ORIENTED_EDGE('',*,*,#966,.T.);
#492=ORIENTED_EDGE('',*,*,#967,.T.);
#493=ORIENTED_EDGE('',*,*,#968,.T.);
#494=ORIENTED_EDGE('',*,*,#969,.T.);
#495=ORIENTED_EDGE('',*,*,#970,.T.);
#496=ORIENTED_EDGE('',*,*,#971,.T.);
#497=ORIENTED_EDGE('',*,*,#972,.T.);
#498=ORIENTED_EDGE('',*,*,#973,.T.);
#499=ORIENTED_EDGE('',*,*,#974,.F.);
#500=ORIENTED_EDGE('',*,*,#975,.T.);
#501=ORIENTED_EDGE('',*,*,#976,.T.);
#502=ORIENTED_EDGE('',*,*,#977,.T.);
#503=ORIENTED_EDGE('',*,*,#978,.T.);
#504=ORIENTED_EDGE('',*,*,#979,.T.);
#505=ORIENTED_EDGE('',*,*,#980,.T.);
#506=ORIENTED_EDGE('',*,*,#981,.T.);
#507=ORIENTED_EDGE('',*,*,#982,.T.);
#508=ORIENTED_EDGE('',*,*,#983,.T.);
#509=ORIENTED_EDGE('',*,*,#984,.T.);
#510=ORIENTED_EDGE('',*,*,#985,.T.);
#511=ORIENTED_EDGE('',*,*,#986,.T.);
#512=ORIENTED_EDGE('',*,*,#987,.F.);
#513=ORIENTED_EDGE('',*,*,#988,.T.);
#514=ORIENTED_EDGE('',*,*,#989,.T.);
#515=ORIENTED_EDGE('',*,*,#990,.T.);
#516=ORIENTED_EDGE('',*,*,#991,.T.);
#517=ORIENTED_EDGE('',*,*,#992,.T.);
#518=ORIENTED_EDGE('',*,*,#993,.T.);
#519=ORIENTED_EDGE('',*,*,#994,.T.);
#520=ORIENTED_EDGE('',*,*,#995,.T.);
#521=ORIENTED_EDGE('',*,*,#996,.T.);
#522=ORIENTED_EDGE('',*,*,#997,.T.);
#523=ORIENTED_EDGE('',*,*,#998,.T.);
#524=ORIENTED_EDGE('',*,*,#999,.T.);
#525=ORIENTED_EDGE('',*,*,#1000,.T.);
#526=ORIENTED_EDGE('',*,*,#1001,.T.);
#527=ORIENTED_EDGE('',*,*,#1002,.T.);
#528=ORIENTED_EDGE('',*,*,#1003,.T.);
#529=ORIENTED_EDGE('',*,*,#1004,.T.);
#530=ORIENTED_EDGE('',*,*,#1005,.T.);
#531=ORIENTED_EDGE('',*,*,#1006,.T.);
#532=ORIENTED_EDGE('',*,*,#1007,.T.);
#533=ORIENTED_EDGE('',*,*,#1008,.T.);
#534=ORIENTED_EDGE('',*,*,#1009,.T.);
#535=ORIENTED_EDGE('',*,*,#1010,.T.);
#536=ORIENTED_EDGE('',*,*,#1011,.T.);
#537=ORIENTED_EDGE('',*,*,#1012,.T.);
#538=ORIENTED_EDGE('',*,*,#1013,.T.);
#539=ORIENTED_EDGE('',*,*,#1014,.T.);
#540=ORIENTED_EDGE('',*,*,#1015,.T.);
#541=ORIENTED_EDGE('',*,*,#1016,.T.);
#542=ORIENTED_EDGE('',*,*,#1017,.T.);
#543=ORIENTED_EDGE('',*,*,#1018,.T.);
#544=ORIENTED_EDGE('',*,*,#1019,.T.);
#545=ORIENTED_EDGE('',*,*,#1020,.T.);
#546=ORIENTED_EDGE('',*,*,#1021,.T.);
#547=ORIENTED_EDGE('',*,*,#1022,.T.);
#548=ORIENTED_EDGE('',*,*,#1023,.T.);
#549=ORIENTED_EDGE('',*,*,#1024,.T.);
#550=ORIENTED_EDGE('',*,*,#1025,.T.);
#551=ORIENTED_EDGE('',*,*,#1026,.T.);
#552=ORIENTED_EDGE('',*,*,#1027,.T.);
#553=ORIENTED_EDGE('',*,*,#1028,.T.);
#554=ORIENTED_EDGE('',*,*,#1029,.T.);
#555=ORIENTED_EDGE('',*,*,#1030,.T.);
#556=ORIENTED_EDGE('',*,*,#1031,.T.);
#557=ORIENTED_EDGE('',*,*,#1032,.T.);
#558=ORIENTED_EDGE('',*,*,#1033,.T.);
#559=ORIENTED_EDGE('',*,*,#1034,.T.);
#560=ORIENTED_EDGE('',*,*,#1035,.T.);
#561=ORIENTED_EDGE('',*,*,#1036,.T.);
#562=ORIENTED_EDGE('',*,*,#1037,.T.);
#563=ORIENTED_EDGE('',*,*,#1038,.T.);
#564=ORIENTED_EDGE('',*,*,#1039,.T.);
#565=ORIENTED_EDGE('',*,*,#1040,.T.);
#566=ORIENTED_EDGE('',*,*,#1041,.T.);
#567=ORIENTED_EDGE('',*,*,#1042,.T.);
#568=ORIENTED_EDGE('',*,*,#1043,.T.);
#569=ORIENTED_EDGE('',*,*,#1044,.T.);
#570=ORIENTED_EDGE('',*,*,#1045,.T.);
#571=ORIENTED_EDGE('',*,*,#1046,.T.);
#572=ORIENTED_EDGE('',*,*,#1047,.T.);
#573=ORIENTED_EDGE('',*,*,#1048,.T.);
#574=ORIENTED_EDGE('',*,*,#1049,.T.);
#575=ORIENTED_EDGE('',*,*,#1050,.T.);
#576=ORIENTED_EDGE('',*,*,#1051,.T.);
#577=ORIENTED_EDGE('',*,*,#1052,.T.);
#578=ORIENTED_EDGE('',*,*,#1053,.T.);
#579=ORIENTED_EDGE('',*,*,#1054,.T.);
#580=ORIENTED_EDGE('',*,*,#1055,.T.);
#581=ORIENTED_EDGE('',*,*,#1056,.T.);
#582=ORIENTED_EDGE('',*,*,#1057,.T.);
#583=ORIENTED_EDGE('',*,*,#1058,.T.);
#584=ORIENTED_EDGE('',*,*,#1059,.T.);
#585=ORIENTED_EDGE('',*,*,#1060,.T.);
#586=ORIENTED_EDGE('',*,*,#1061,.F.);
#587=ORIENTED_EDGE('',*,*,#1059,.F.);
#588=ORIENTED_EDGE('',*,*,#1062,.F.);
#589=ORIENTED_EDGE('',*,*,#992,.F.);
#590=ORIENTED_EDGE('',*,*,#1063,.F.);
#591=ORIENTED_EDGE('',*,*,#1061,.T.);
#592=ORIENTED_EDGE('',*,*,#1064,.F.);
#593=ORIENTED_EDGE('',*,*,#1065,.F.);
#594=ORIENTED_EDGE('',*,*,#1062,.T.);
#595=ORIENTED_EDGE('',*,*,#1066,.F.);
#596=ORIENTED_EDGE('',*,*,#1064,.T.);
#597=ORIENTED_EDGE('',*,*,#991,.F.);
#598=ORIENTED_EDGE('',*,*,#1067,.F.);
#599=ORIENTED_EDGE('',*,*,#999,.F.);
#600=ORIENTED_EDGE('',*,*,#1063,.T.);
#601=ORIENTED_EDGE('',*,*,#998,.F.);
#602=ORIENTED_EDGE('',*,*,#1068,.F.);
#603=ORIENTED_EDGE('',*,*,#1060,.F.);
#604=ORIENTED_EDGE('',*,*,#1069,.F.);
#605=ORIENTED_EDGE('',*,*,#1057,.F.);
#606=ORIENTED_EDGE('',*,*,#1070,.F.);
#607=ORIENTED_EDGE('',*,*,#969,.F.);
#608=ORIENTED_EDGE('',*,*,#1066,.T.);
#609=ORIENTED_EDGE('',*,*,#1058,.F.);
#610=ORIENTED_EDGE('',*,*,#1071,.F.);
#611=ORIENTED_EDGE('',*,*,#1054,.F.);
#612=ORIENTED_EDGE('',*,*,#1065,.T.);
#613=ORIENTED_EDGE('',*,*,#1053,.F.);
#614=ORIENTED_EDGE('',*,*,#1072,.F.);
#615=ORIENTED_EDGE('',*,*,#993,.F.);
#616=ORIENTED_EDGE('',*,*,#1073,.F.);
#617=ORIENTED_EDGE('',*,*,#1067,.T.);
#618=ORIENTED_EDGE('',*,*,#1074,.F.);
#619=ORIENTED_EDGE('',*,*,#1070,.T.);
#620=ORIENTED_EDGE('',*,*,#1068,.T.);
#621=ORIENTED_EDGE('',*,*,#1075,.F.);
#622=ORIENTED_EDGE('',*,*,#1071,.T.);
#623=ORIENTED_EDGE('',*,*,#1069,.T.);
#624=ORIENTED_EDGE('',*,*,#1076,.F.);
#625=ORIENTED_EDGE('',*,*,#1077,.F.);
#626=ORIENTED_EDGE('',*,*,#1072,.T.);
#627=ORIENTED_EDGE('',*,*,#1078,.F.);
#628=ORIENTED_EDGE('',*,*,#1074,.T.);
#629=ORIENTED_EDGE('',*,*,#990,.F.);
#630=ORIENTED_EDGE('',*,*,#1079,.F.);
#631=ORIENTED_EDGE('',*,*,#1001,.F.);
#632=ORIENTED_EDGE('',*,*,#1073,.T.);
#633=ORIENTED_EDGE('',*,*,#1004,.F.);
#634=ORIENTED_EDGE('',*,*,#1080,.F.);
#635=ORIENTED_EDGE('',*,*,#1000,.F.);
#636=ORIENTED_EDGE('',*,*,#1075,.T.);
#637=ORIENTED_EDGE('',*,*,#997,.F.);
#638=ORIENTED_EDGE('',*,*,#1081,.F.);
#639=ORIENTED_EDGE('',*,*,#970,.F.);
#640=ORIENTED_EDGE('',*,*,#1076,.T.);
#641=ORIENTED_EDGE('',*,*,#968,.F.);
#642=ORIENTED_EDGE('',*,*,#1082,.F.);
#643=ORIENTED_EDGE('',*,*,#1055,.F.);
#644=ORIENTED_EDGE('',*,*,#1078,.T.);
#645=ORIENTED_EDGE('',*,*,#1056,.F.);
#646=ORIENTED_EDGE('',*,*,#1083,.F.);
#647=ORIENTED_EDGE('',*,*,#1050,.F.);
#648=ORIENTED_EDGE('',*,*,#1077,.T.);
#649=ORIENTED_EDGE('',*,*,#1049,.F.);
#650=ORIENTED_EDGE('',*,*,#1084,.F.);
#651=ORIENTED_EDGE('',*,*,#994,.F.);
#652=ORIENTED_EDGE('',*,*,#1085,.F.);
#653=ORIENTED_EDGE('',*,*,#1079,.T.);
#654=ORIENTED_EDGE('',*,*,#1086,.F.);
#655=ORIENTED_EDGE('',*,*,#1081,.T.);
#656=ORIENTED_EDGE('',*,*,#1080,.T.);
#657=ORIENTED_EDGE('',*,*,#1087,.F.);
#658=ORIENTED_EDGE('',*,*,#1083,.T.);
#659=ORIENTED_EDGE('',*,*,#1082,.T.);
#660=ORIENTED_EDGE('',*,*,#1088,.F.);
#661=ORIENTED_EDGE('',*,*,#1089,.F.);
#662=ORIENTED_EDGE('',*,*,#1084,.T.);
#663=ORIENTED_EDGE('',*,*,#1090,.F.);
#664=ORIENTED_EDGE('',*,*,#1086,.T.);
#665=ORIENTED_EDGE('',*,*,#989,.F.);
#666=ORIENTED_EDGE('',*,*,#1091,.F.);
#667=ORIENTED_EDGE('',*,*,#1005,.F.);
#668=ORIENTED_EDGE('',*,*,#1085,.T.);
#669=ORIENTED_EDGE('',*,*,#1008,.F.);
#670=ORIENTED_EDGE('',*,*,#1092,.F.);
#671=ORIENTED_EDGE('',*,*,#1002,.F.);
#672=ORIENTED_EDGE('',*,*,#1087,.T.);
#673=ORIENTED_EDGE('',*,*,#1003,.F.);
#674=ORIENTED_EDGE('',*,*,#1093,.F.);
#675=ORIENTED_EDGE('',*,*,#971,.F.);
#676=ORIENTED_EDGE('',*,*,#1088,.T.);
#677=ORIENTED_EDGE('',*,*,#967,.F.);
#678=ORIENTED_EDGE('',*,*,#1094,.F.);
#679=ORIENTED_EDGE('',*,*,#1051,.F.);
#680=ORIENTED_EDGE('',*,*,#1090,.T.);
#681=ORIENTED_EDGE('',*,*,#1052,.F.);
#682=ORIENTED_EDGE('',*,*,#1095,.F.);
#683=ORIENTED_EDGE('',*,*,#1048,.F.);
#684=ORIENTED_EDGE('',*,*,#1089,.T.);
#685=ORIENTED_EDGE('',*,*,#1047,.F.);
#686=ORIENTED_EDGE('',*,*,#1096,.F.);
#687=ORIENTED_EDGE('',*,*,#995,.F.);
#688=ORIENTED_EDGE('',*,*,#1097,.F.);
#689=ORIENTED_EDGE('',*,*,#1091,.T.);
#690=ORIENTED_EDGE('',*,*,#1098,.F.);
#691=ORIENTED_EDGE('',*,*,#1093,.T.);
#692=ORIENTED_EDGE('',*,*,#1092,.T.);
#693=ORIENTED_EDGE('',*,*,#1099,.F.);
#694=ORIENTED_EDGE('',*,*,#1095,.T.);
#695=ORIENTED_EDGE('',*,*,#1094,.T.);
#696=ORIENTED_EDGE('',*,*,#1100,.F.);
#697=ORIENTED_EDGE('',*,*,#1101,.F.);
#698=ORIENTED_EDGE('',*,*,#1096,.T.);
#699=ORIENTED_EDGE('',*,*,#1102,.F.);
#700=ORIENTED_EDGE('',*,*,#1098,.T.);
#701=ORIENTED_EDGE('',*,*,#988,.F.);
#702=ORIENTED_EDGE('',*,*,#1103,.F.);
#703=ORIENTED_EDGE('',*,*,#1009,.F.);
#704=ORIENTED_EDGE('',*,*,#1097,.T.);
#705=ORIENTED_EDGE('',*,*,#1012,.F.);
#706=ORIENTED_EDGE('',*,*,#1104,.F.);
#707=ORIENTED_EDGE('',*,*,#1006,.F.);
#708=ORIENTED_EDGE('',*,*,#1099,.T.);
#709=ORIENTED_EDGE('',*,*,#1007,.F.);
#710=ORIENTED_EDGE('',*,*,#1105,.F.);
#711=ORIENTED_EDGE('',*,*,#972,.F.);
#712=ORIENTED_EDGE('',*,*,#1100,.T.);
#713=ORIENTED_EDGE('',*,*,#966,.F.);
#714=ORIENTED_EDGE('',*,*,#1106,.F.);
#715=ORIENTED_EDGE('',*,*,#1045,.F.);
#716=ORIENTED_EDGE('',*,*,#1102,.T.);
#717=ORIENTED_EDGE('',*,*,#1046,.F.);
#718=ORIENTED_EDGE('',*,*,#1107,.F.);
#719=ORIENTED_EDGE('',*,*,#1044,.F.);
#720=ORIENTED_EDGE('',*,*,#1101,.T.);
#721=ORIENTED_EDGE('',*,*,#1043,.F.);
#722=ORIENTED_EDGE('',*,*,#1108,.F.);
#723=ORIENTED_EDGE('',*,*,#996,.F.);
#724=ORIENTED_EDGE('',*,*,#1103,.T.);
#725=ORIENTED_EDGE('',*,*,#987,.T.);
#726=ORIENTED_EDGE('',*,*,#1109,.F.);
#727=ORIENTED_EDGE('',*,*,#1110,.F.);
#728=ORIENTED_EDGE('',*,*,#1105,.T.);
#729=ORIENTED_EDGE('',*,*,#1104,.T.);
#730=ORIENTED_EDGE('',*,*,#1111,.F.);
#731=ORIENTED_EDGE('',*,*,#1107,.T.);
#732=ORIENTED_EDGE('',*,*,#1106,.T.);
#733=ORIENTED_EDGE('',*,*,#1112,.F.);
#734=ORIENTED_EDGE('',*,*,#1113,.F.);
#735=ORIENTED_EDGE('',*,*,#1108,.T.);
#736=ORIENTED_EDGE('',*,*,#1114,.F.);
#737=ORIENTED_EDGE('',*,*,#1109,.T.);
#738=ORIENTED_EDGE('',*,*,#986,.F.);
#739=ORIENTED_EDGE('',*,*,#1115,.F.);
#740=ORIENTED_EDGE('',*,*,#1013,.F.);
#741=ORIENTED_EDGE('',*,*,#1110,.T.);
#742=ORIENTED_EDGE('',*,*,#1016,.F.);
#743=ORIENTED_EDGE('',*,*,#1116,.F.);
#744=ORIENTED_EDGE('',*,*,#1010,.F.);
#745=ORIENTED_EDGE('',*,*,#1111,.T.);
#746=ORIENTED_EDGE('',*,*,#1011,.F.);
#747=ORIENTED_EDGE('',*,*,#1117,.F.);
#748=ORIENTED_EDGE('',*,*,#973,.F.);
#749=ORIENTED_EDGE('',*,*,#1112,.T.);
#750=ORIENTED_EDGE('',*,*,#965,.F.);
#751=ORIENTED_EDGE('',*,*,#1118,.F.);
#752=ORIENTED_EDGE('',*,*,#1041,.F.);
#753=ORIENTED_EDGE('',*,*,#1114,.T.);
#754=ORIENTED_EDGE('',*,*,#1042,.F.);
#755=ORIENTED_EDGE('',*,*,#1119,.F.);
#756=ORIENTED_EDGE('',*,*,#1040,.F.);
#757=ORIENTED_EDGE('',*,*,#1113,.T.);
#758=ORIENTED_EDGE('',*,*,#1039,.F.);
#759=ORIENTED_EDGE('',*,*,#1120,.F.);
#760=ORIENTED_EDGE('',*,*,#980,.F.);
#761=ORIENTED_EDGE('',*,*,#1121,.F.);
#762=ORIENTED_EDGE('',*,*,#1115,.T.);
#763=ORIENTED_EDGE('',*,*,#1122,.F.);
#764=ORIENTED_EDGE('',*,*,#1117,.T.);
#765=ORIENTED_EDGE('',*,*,#1116,.T.);
#766=ORIENTED_EDGE('',*,*,#1123,.F.);
#767=ORIENTED_EDGE('',*,*,#974,.T.);
#768=ORIENTED_EDGE('',*,*,#1119,.T.);
#769=ORIENTED_EDGE('',*,*,#1118,.T.);
#770=ORIENTED_EDGE('',*,*,#1124,.F.);
#771=ORIENTED_EDGE('',*,*,#1125,.F.);
#772=ORIENTED_EDGE('',*,*,#1120,.T.);
#773=ORIENTED_EDGE('',*,*,#1126,.F.);
#774=ORIENTED_EDGE('',*,*,#1122,.T.);
#775=ORIENTED_EDGE('',*,*,#985,.F.);
#776=ORIENTED_EDGE('',*,*,#1127,.F.);
#777=ORIENTED_EDGE('',*,*,#1017,.F.);
#778=ORIENTED_EDGE('',*,*,#1121,.T.);
#779=ORIENTED_EDGE('',*,*,#1020,.F.);
#780=ORIENTED_EDGE('',*,*,#1128,.F.);
#781=ORIENTED_EDGE('',*,*,#1014,.F.);
#782=ORIENTED_EDGE('',*,*,#1123,.T.);
#783=ORIENTED_EDGE('',*,*,#1015,.F.);
#784=ORIENTED_EDGE('',*,*,#1129,.F.);
#785=ORIENTED_EDGE('',*,*,#975,.F.);
#786=ORIENTED_EDGE('',*,*,#1124,.T.);
#787=ORIENTED_EDGE('',*,*,#964,.F.);
#788=ORIENTED_EDGE('',*,*,#1130,.F.);
#789=ORIENTED_EDGE('',*,*,#1037,.F.);
#790=ORIENTED_EDGE('',*,*,#1126,.T.);
#791=ORIENTED_EDGE('',*,*,#1038,.F.);
#792=ORIENTED_EDGE('',*,*,#1131,.F.);
#793=ORIENTED_EDGE('',*,*,#1036,.F.);
#794=ORIENTED_EDGE('',*,*,#1125,.T.);
#795=ORIENTED_EDGE('',*,*,#1035,.F.);
#796=ORIENTED_EDGE('',*,*,#1132,.F.);
#797=ORIENTED_EDGE('',*,*,#981,.F.);
#798=ORIENTED_EDGE('',*,*,#1133,.F.);
#799=ORIENTED_EDGE('',*,*,#1127,.T.);
#800=ORIENTED_EDGE('',*,*,#1134,.F.);
#801=ORIENTED_EDGE('',*,*,#1129,.T.);
#802=ORIENTED_EDGE('',*,*,#1128,.T.);
#803=ORIENTED_EDGE('',*,*,#1135,.F.);
#804=ORIENTED_EDGE('',*,*,#1131,.T.);
#805=ORIENTED_EDGE('',*,*,#1130,.T.);
#806=ORIENTED_EDGE('',*,*,#1136,.F.);
#807=ORIENTED_EDGE('',*,*,#1137,.F.);
#808=ORIENTED_EDGE('',*,*,#1132,.T.);
#809=ORIENTED_EDGE('',*,*,#1138,.F.);
#810=ORIENTED_EDGE('',*,*,#1134,.T.);
#811=ORIENTED_EDGE('',*,*,#984,.F.);
#812=ORIENTED_EDGE('',*,*,#1139,.F.);
#813=ORIENTED_EDGE('',*,*,#1021,.F.);
#814=ORIENTED_EDGE('',*,*,#1133,.T.);
#815=ORIENTED_EDGE('',*,*,#1024,.F.);
#816=ORIENTED_EDGE('',*,*,#1140,.F.);
#817=ORIENTED_EDGE('',*,*,#1018,.F.);
#818=ORIENTED_EDGE('',*,*,#1135,.T.);
#819=ORIENTED_EDGE('',*,*,#1019,.F.);
#820=ORIENTED_EDGE('',*,*,#1141,.F.);
#821=ORIENTED_EDGE('',*,*,#976,.F.);
#822=ORIENTED_EDGE('',*,*,#1136,.T.);
#823=ORIENTED_EDGE('',*,*,#963,.F.);
#824=ORIENTED_EDGE('',*,*,#1142,.F.);
#825=ORIENTED_EDGE('',*,*,#1033,.F.);
#826=ORIENTED_EDGE('',*,*,#1138,.T.);
#827=ORIENTED_EDGE('',*,*,#1034,.F.);
#828=ORIENTED_EDGE('',*,*,#1143,.F.);
#829=ORIENTED_EDGE('',*,*,#1032,.F.);
#830=ORIENTED_EDGE('',*,*,#1137,.T.);
#831=ORIENTED_EDGE('',*,*,#1031,.F.);
#832=ORIENTED_EDGE('',*,*,#1144,.F.);
#833=ORIENTED_EDGE('',*,*,#982,.F.);
#834=ORIENTED_EDGE('',*,*,#1145,.F.);
#835=ORIENTED_EDGE('',*,*,#983,.F.);
#836=ORIENTED_EDGE('',*,*,#1146,.F.);
#837=ORIENTED_EDGE('',*,*,#1027,.F.);
#838=ORIENTED_EDGE('',*,*,#1139,.T.);
#839=ORIENTED_EDGE('',*,*,#1145,.T.);
#840=ORIENTED_EDGE('',*,*,#1147,.F.);
#841=ORIENTED_EDGE('',*,*,#1141,.T.);
#842=ORIENTED_EDGE('',*,*,#1140,.T.);
#843=ORIENTED_EDGE('',*,*,#1148,.F.);
#844=ORIENTED_EDGE('',*,*,#1143,.T.);
#845=ORIENTED_EDGE('',*,*,#1142,.T.);
#846=ORIENTED_EDGE('',*,*,#1149,.F.);
#847=ORIENTED_EDGE('',*,*,#1146,.T.);
#848=ORIENTED_EDGE('',*,*,#1144,.T.);
#849=ORIENTED_EDGE('',*,*,#1150,.F.);
#850=ORIENTED_EDGE('',*,*,#1147,.T.);
#851=ORIENTED_EDGE('',*,*,#1026,.F.);
#852=ORIENTED_EDGE('',*,*,#1151,.F.);
#853=ORIENTED_EDGE('',*,*,#1022,.F.);
#854=ORIENTED_EDGE('',*,*,#1148,.T.);
#855=ORIENTED_EDGE('',*,*,#1023,.F.);
#856=ORIENTED_EDGE('',*,*,#1152,.F.);
#857=ORIENTED_EDGE('',*,*,#977,.F.);
#858=ORIENTED_EDGE('',*,*,#1149,.T.);
#859=ORIENTED_EDGE('',*,*,#962,.F.);
#860=ORIENTED_EDGE('',*,*,#1153,.F.);
#861=ORIENTED_EDGE('',*,*,#1029,.F.);
#862=ORIENTED_EDGE('',*,*,#1150,.T.);
#863=ORIENTED_EDGE('',*,*,#1030,.F.);
#864=ORIENTED_EDGE('',*,*,#1154,.F.);
#865=ORIENTED_EDGE('',*,*,#1028,.F.);
#866=ORIENTED_EDGE('',*,*,#1152,.T.);
#867=ORIENTED_EDGE('',*,*,#1151,.T.);
#868=ORIENTED_EDGE('',*,*,#1155,.F.);
#869=ORIENTED_EDGE('',*,*,#1154,.T.);
#870=ORIENTED_EDGE('',*,*,#1153,.T.);
#871=ORIENTED_EDGE('',*,*,#1156,.F.);
#872=ORIENTED_EDGE('',*,*,#1155,.T.);
#873=ORIENTED_EDGE('',*,*,#1025,.F.);
#874=ORIENTED_EDGE('',*,*,#1156,.T.);
#875=ORIENTED_EDGE('',*,*,#961,.F.);
#876=ORIENTED_EDGE('',*,*,#1157,.F.);
#877=ORIENTED_EDGE('',*,*,#1158,.T.);
#878=ORIENTED_EDGE('',*,*,#1159,.T.);
#879=ORIENTED_EDGE('',*,*,#1157,.T.);
#880=ORIENTED_EDGE('',*,*,#1160,.T.);
#881=ORIENTED_EDGE('',*,*,#1158,.F.);
#882=ORIENTED_EDGE('',*,*,#1161,.T.);
#883=ORIENTED_EDGE('',*,*,#957,.T.);
#884=ORIENTED_EDGE('',*,*,#1162,.T.);
#885=ORIENTED_EDGE('',*,*,#1163,.F.);
#886=ORIENTED_EDGE('',*,*,#1164,.T.);
#887=ORIENTED_EDGE('',*,*,#1162,.F.);
#888=ORIENTED_EDGE('',*,*,#1165,.T.);
#889=ORIENTED_EDGE('',*,*,#1163,.T.);
#890=ORIENTED_EDGE('',*,*,#1166,.T.);
#891=ORIENTED_EDGE('',*,*,#1167,.F.);
#892=ORIENTED_EDGE('',*,*,#1168,.F.);
#893=ORIENTED_EDGE('',*,*,#1169,.T.);
#894=ORIENTED_EDGE('',*,*,#1170,.T.);
#895=ORIENTED_EDGE('',*,*,#1168,.T.);
#896=ORIENTED_EDGE('',*,*,#1171,.T.);
#897=ORIENTED_EDGE('',*,*,#1169,.F.);
#898=ORIENTED_EDGE('',*,*,#1172,.T.);
#899=ORIENTED_EDGE('',*,*,#1173,.F.);
#900=ORIENTED_EDGE('',*,*,#1174,.T.);
#901=ORIENTED_EDGE('',*,*,#1172,.F.);
#902=ORIENTED_EDGE('',*,*,#1175,.T.);
#903=ORIENTED_EDGE('',*,*,#1176,.F.);
#904=ORIENTED_EDGE('',*,*,#1177,.T.);
#905=ORIENTED_EDGE('',*,*,#1175,.F.);
#906=ORIENTED_EDGE('',*,*,#1178,.T.);
#907=ORIENTED_EDGE('',*,*,#1176,.T.);
#908=ORIENTED_EDGE('',*,*,#1179,.T.);
#909=ORIENTED_EDGE('',*,*,#958,.T.);
#910=ORIENTED_EDGE('',*,*,#1173,.T.);
#911=ORIENTED_EDGE('',*,*,#1167,.T.);
#912=ORIENTED_EDGE('',*,*,#1161,.F.);
#913=ORIENTED_EDGE('',*,*,#1159,.F.);
#914=ORIENTED_EDGE('',*,*,#1160,.F.);
#915=ORIENTED_EDGE('',*,*,#978,.F.);
#916=ORIENTED_EDGE('',*,*,#979,.F.);
#917=ORIENTED_EDGE('',*,*,#1165,.F.);
#918=ORIENTED_EDGE('',*,*,#1164,.F.);
#919=ORIENTED_EDGE('',*,*,#1166,.F.);
#920=ORIENTED_EDGE('',*,*,#1177,.F.);
#921=ORIENTED_EDGE('',*,*,#1179,.F.);
#922=ORIENTED_EDGE('',*,*,#959,.F.);
#923=ORIENTED_EDGE('',*,*,#1178,.F.);
#924=ORIENTED_EDGE('',*,*,#1174,.F.);
#925=ORIENTED_EDGE('',*,*,#1170,.F.);
#926=ORIENTED_EDGE('',*,*,#1171,.F.);
#927=ORIENTED_EDGE('',*,*,#960,.F.);
#928=ORIENTED_EDGE('',*,*,#1180,.F.);
#929=ORIENTED_EDGE('',*,*,#1181,.T.);
#930=ORIENTED_EDGE('',*,*,#1182,.T.);
#931=ORIENTED_EDGE('',*,*,#1183,.F.);
#932=ORIENTED_EDGE('',*,*,#1183,.T.);
#933=ORIENTED_EDGE('',*,*,#1180,.T.);
#934=ORIENTED_EDGE('',*,*,#1181,.F.);
#935=ORIENTED_EDGE('',*,*,#1182,.F.);
#936=ORIENTED_EDGE('',*,*,#1184,.F.);
#937=ORIENTED_EDGE('',*,*,#1185,.T.);
#938=ORIENTED_EDGE('',*,*,#1186,.T.);
#939=ORIENTED_EDGE('',*,*,#1187,.F.);
#940=ORIENTED_EDGE('',*,*,#1185,.F.);
#941=ORIENTED_EDGE('',*,*,#1186,.F.);
#942=ORIENTED_EDGE('',*,*,#1187,.T.);
#943=ORIENTED_EDGE('',*,*,#1184,.T.);
#944=ORIENTED_EDGE('',*,*,#1188,.T.);
#945=ORIENTED_EDGE('',*,*,#1189,.F.);
#946=ORIENTED_EDGE('',*,*,#1190,.F.);
#947=ORIENTED_EDGE('',*,*,#1191,.T.);
#948=ORIENTED_EDGE('',*,*,#1189,.T.);
#949=ORIENTED_EDGE('',*,*,#1190,.T.);
#950=ORIENTED_EDGE('',*,*,#1191,.F.);
#951=ORIENTED_EDGE('',*,*,#1188,.F.);
#952=EDGE_CURVE('',#1192,#1192,#1336,.F.);
#953=EDGE_CURVE('',#1193,#1193,#1337,.F.);
#954=EDGE_CURVE('',#1194,#1194,#456,.T.);
#955=EDGE_CURVE('',#1195,#1195,#457,.T.);
#956=EDGE_CURVE('',#1196,#1196,#1338,.T.);
#957=EDGE_CURVE('',#1197,#1197,#1339,.F.);
#958=EDGE_CURVE('',#1198,#1198,#1340,.T.);
#959=EDGE_CURVE('',#1199,#1199,#1341,.F.);
#960=EDGE_CURVE('',#1200,#1200,#1342,.F.);
#961=EDGE_CURVE('',#1201,#1202,#18,.T.);
#962=EDGE_CURVE('',#1202,#1203,#19,.T.);
#963=EDGE_CURVE('',#1203,#1204,#20,.T.);
#964=EDGE_CURVE('',#1204,#1205,#21,.T.);
#965=EDGE_CURVE('',#1205,#1206,#22,.T.);
#966=EDGE_CURVE('',#1206,#1207,#23,.T.);
#967=EDGE_CURVE('',#1207,#1208,#24,.T.);
#968=EDGE_CURVE('',#1208,#1209,#25,.T.);
#969=EDGE_CURVE('',#1209,#1210,#26,.T.);
#970=EDGE_CURVE('',#1210,#1211,#27,.T.);
#971=EDGE_CURVE('',#1211,#1212,#28,.T.);
#972=EDGE_CURVE('',#1212,#1213,#29,.T.);
#973=EDGE_CURVE('',#1213,#1214,#30,.T.);
#974=EDGE_CURVE('',#1215,#1214,#31,.T.);
#975=EDGE_CURVE('',#1215,#1216,#32,.T.);
#976=EDGE_CURVE('',#1216,#1217,#33,.T.);
#977=EDGE_CURVE('',#1217,#1201,#34,.T.);
#978=EDGE_CURVE('',#1218,#1218,#1343,.T.);
#979=EDGE_CURVE('',#1219,#1219,#1344,.T.);
#980=EDGE_CURVE('',#1220,#1221,#35,.T.);
#981=EDGE_CURVE('',#1221,#1222,#36,.T.);
#982=EDGE_CURVE('',#1222,#1223,#37,.T.);
#983=EDGE_CURVE('',#1223,#1224,#38,.T.);
#984=EDGE_CURVE('',#1224,#1225,#39,.T.);
#985=EDGE_CURVE('',#1225,#1226,#40,.T.);
#986=EDGE_CURVE('',#1226,#1227,#41,.T.);
#987=EDGE_CURVE('',#1228,#1227,#42,.T.);
#988=EDGE_CURVE('',#1228,#1229,#43,.T.);
#989=EDGE_CURVE('',#1229,#1230,#44,.T.);
#990=EDGE_CURVE('',#1230,#1231,#45,.T.);
#991=EDGE_CURVE('',#1231,#1232,#46,.T.);
#992=EDGE_CURVE('',#1232,#1233,#47,.T.);
#993=EDGE_CURVE('',#1233,#1234,#48,.T.);
#994=EDGE_CURVE('',#1234,#1235,#49,.T.);
#995=EDGE_CURVE('',#1235,#1236,#50,.T.);
#996=EDGE_CURVE('',#1236,#1220,#51,.T.);
#997=EDGE_CURVE('',#1237,#1238,#52,.T.);
#998=EDGE_CURVE('',#1238,#1239,#53,.T.);
#999=EDGE_CURVE('',#1239,#1240,#54,.T.);
#1000=EDGE_CURVE('',#1240,#1237,#55,.T.);
#1001=EDGE_CURVE('',#1241,#1242,#56,.T.);
#1002=EDGE_CURVE('',#1242,#1243,#57,.T.);
#1003=EDGE_CURVE('',#1243,#1244,#58,.T.);
#1004=EDGE_CURVE('',#1244,#1241,#59,.T.);
#1005=EDGE_CURVE('',#1245,#1246,#60,.T.);
#1006=EDGE_CURVE('',#1246,#1247,#61,.T.);
#1007=EDGE_CURVE('',#1247,#1248,#62,.T.);
#1008=EDGE_CURVE('',#1248,#1245,#63,.T.);
#1009=EDGE_CURVE('',#1249,#1250,#64,.T.);
#1010=EDGE_CURVE('',#1250,#1251,#65,.T.);
#1011=EDGE_CURVE('',#1251,#1252,#66,.T.);
#1012=EDGE_CURVE('',#1252,#1249,#67,.T.);
#1013=EDGE_CURVE('',#1253,#1254,#68,.T.);
#1014=EDGE_CURVE('',#1254,#1255,#69,.T.);
#1015=EDGE_CURVE('',#1255,#1256,#70,.T.);
#1016=EDGE_CURVE('',#1256,#1253,#71,.T.);
#1017=EDGE_CURVE('',#1257,#1258,#72,.T.);
#1018=EDGE_CURVE('',#1258,#1259,#73,.T.);
#1019=EDGE_CURVE('',#1259,#1260,#74,.T.);
#1020=EDGE_CURVE('',#1260,#1257,#75,.T.);
#1021=EDGE_CURVE('',#1261,#1262,#76,.T.);
#1022=EDGE_CURVE('',#1262,#1263,#77,.T.);
#1023=EDGE_CURVE('',#1263,#1264,#78,.T.);
#1024=EDGE_CURVE('',#1264,#1261,#79,.T.);
#1025=EDGE_CURVE('',#1265,#1266,#80,.T.);
#1026=EDGE_CURVE('',#1266,#1267,#81,.T.);
#1027=EDGE_CURVE('',#1267,#1268,#82,.T.);
#1028=EDGE_CURVE('',#1268,#1265,#83,.T.);
#1029=EDGE_CURVE('',#1269,#1270,#84,.T.);
#1030=EDGE_CURVE('',#1270,#1271,#85,.T.);
#1031=EDGE_CURVE('',#1271,#1272,#86,.T.);
#1032=EDGE_CURVE('',#1272,#1269,#87,.T.);
#1033=EDGE_CURVE('',#1273,#1274,#88,.T.);
#1034=EDGE_CURVE('',#1274,#1275,#89,.T.);
#1035=EDGE_CURVE('',#1275,#1276,#90,.T.);
#1036=EDGE_CURVE('',#1276,#1273,#91,.T.);
#1037=EDGE_CURVE('',#1277,#1278,#92,.T.);
#1038=EDGE_CURVE('',#1278,#1279,#93,.T.);
#1039=EDGE_CURVE('',#1279,#1280,#94,.T.);
#1040=EDGE_CURVE('',#1280,#1277,#95,.T.);
#1041=EDGE_CURVE('',#1281,#1282,#96,.T.);
#1042=EDGE_CURVE('',#1282,#1283,#97,.T.);
#1043=EDGE_CURVE('',#1283,#1284,#98,.T.);
#1044=EDGE_CURVE('',#1284,#1281,#99,.T.);
#1045=EDGE_CURVE('',#1285,#1286,#100,.T.);
#1046=EDGE_CURVE('',#1286,#1287,#101,.T.);
#1047=EDGE_CURVE('',#1287,#1288,#102,.T.);
#1048=EDGE_CURVE('',#1288,#1285,#103,.T.);
#1049=EDGE_CURVE('',#1289,#1290,#104,.T.);
#1050=EDGE_CURVE('',#1290,#1291,#105,.T.);
#1051=EDGE_CURVE('',#1291,#1292,#106,.T.);
#1052=EDGE_CURVE('',#1292,#1289,#107,.T.);
#1053=EDGE_CURVE('',#1293,#1294,#108,.T.);
#1054=EDGE_CURVE('',#1294,#1295,#109,.T.);
#1055=EDGE_CURVE('',#1295,#1296,#110,.T.);
#1056=EDGE_CURVE('',#1296,#1293,#111,.T.);
#1057=EDGE_CURVE('',#1297,#1298,#112,.T.);
#1058=EDGE_CURVE('',#1298,#1299,#113,.T.);
#1059=EDGE_CURVE('',#1299,#1300,#114,.T.);
#1060=EDGE_CURVE('',#1300,#1297,#115,.T.);
#1061=EDGE_CURVE('',#1300,#1232,#116,.T.);
#1062=EDGE_CURVE('',#1233,#1299,#117,.T.);
#1063=EDGE_CURVE('',#1300,#1239,#118,.T.);
#1064=EDGE_CURVE('',#1239,#1232,#119,.F.);
#1065=EDGE_CURVE('',#1233,#1294,#120,.F.);
#1066=EDGE_CURVE('',#1294,#1299,#121,.T.);
#1067=EDGE_CURVE('',#1240,#1231,#122,.T.);
#1068=EDGE_CURVE('',#1297,#1238,#123,.F.);
#1069=EDGE_CURVE('',#1298,#1209,#124,.F.);
#1070=EDGE_CURVE('',#1210,#1297,#125,.F.);
#1071=EDGE_CURVE('',#1295,#1298,#126,.F.);
#1072=EDGE_CURVE('',#1234,#1293,#127,.T.);
#1073=EDGE_CURVE('',#1240,#1241,#128,.F.);
#1074=EDGE_CURVE('',#1241,#1231,#129,.T.);
#1075=EDGE_CURVE('',#1210,#1238,#130,.T.);
#1076=EDGE_CURVE('',#1295,#1209,#131,.T.);
#1077=EDGE_CURVE('',#1234,#1290,#132,.F.);
#1078=EDGE_CURVE('',#1290,#1293,#133,.T.);
#1079=EDGE_CURVE('',#1242,#1230,#134,.F.);
#1080=EDGE_CURVE('',#1237,#1244,#135,.T.);
#1081=EDGE_CURVE('',#1211,#1237,#136,.F.);
#1082=EDGE_CURVE('',#1296,#1208,#137,.F.);
#1083=EDGE_CURVE('',#1291,#1296,#138,.F.);
#1084=EDGE_CURVE('',#1235,#1289,#139,.T.);
#1085=EDGE_CURVE('',#1242,#1245,#140,.T.);
#1086=EDGE_CURVE('',#1245,#1230,#141,.T.);
#1087=EDGE_CURVE('',#1211,#1244,#142,.F.);
#1088=EDGE_CURVE('',#1291,#1208,#143,.T.);
#1089=EDGE_CURVE('',#1235,#1288,#144,.F.);
#1090=EDGE_CURVE('',#1288,#1289,#145,.T.);
#1091=EDGE_CURVE('',#1246,#1229,#146,.F.);
#1092=EDGE_CURVE('',#1243,#1248,#147,.F.);
#1093=EDGE_CURVE('',#1212,#1243,#148,.T.);
#1094=EDGE_CURVE('',#1292,#1207,#149,.F.);
#1095=EDGE_CURVE('',#1285,#1292,#150,.F.);
#1096=EDGE_CURVE('',#1236,#1287,#151,.T.);
#1097=EDGE_CURVE('',#1246,#1249,#152,.T.);
#1098=EDGE_CURVE('',#1249,#1229,#153,.T.);
#1099=EDGE_CURVE('',#1212,#1248,#154,.F.);
#1100=EDGE_CURVE('',#1285,#1207,#155,.T.);
#1101=EDGE_CURVE('',#1236,#1284,#156,.F.);
#1102=EDGE_CURVE('',#1284,#1287,#157,.T.);
#1103=EDGE_CURVE('',#1250,#1228,#158,.T.);
#1104=EDGE_CURVE('',#1247,#1252,#159,.F.);
#1105=EDGE_CURVE('',#1213,#1247,#160,.T.);
#1106=EDGE_CURVE('',#1286,#1206,#161,.F.);
#1107=EDGE_CURVE('',#1281,#1286,#162,.F.);
#1108=EDGE_CURVE('',#1220,#1283,#163,.T.);
#1109=EDGE_CURVE('',#1253,#1227,#164,.F.);
#1110=EDGE_CURVE('',#1250,#1253,#165,.F.);
#1111=EDGE_CURVE('',#1213,#1252,#166,.F.);
#1112=EDGE_CURVE('',#1281,#1206,#167,.T.);
#1113=EDGE_CURVE('',#1220,#1280,#168,.F.);
#1114=EDGE_CURVE('',#1280,#1283,#169,.T.);
#1115=EDGE_CURVE('',#1254,#1226,#170,.T.);
#1116=EDGE_CURVE('',#1251,#1256,#171,.T.);
#1117=EDGE_CURVE('',#1214,#1251,#172,.T.);
#1118=EDGE_CURVE('',#1282,#1205,#173,.F.);
#1119=EDGE_CURVE('',#1277,#1282,#174,.F.);
#1120=EDGE_CURVE('',#1221,#1279,#175,.T.);
#1121=EDGE_CURVE('',#1254,#1257,#176,.T.);
#1122=EDGE_CURVE('',#1257,#1226,#177,.F.);
#1123=EDGE_CURVE('',#1215,#1256,#178,.F.);
#1124=EDGE_CURVE('',#1277,#1205,#179,.T.);
#1125=EDGE_CURVE('',#1221,#1276,#180,.T.);
#1126=EDGE_CURVE('',#1276,#1279,#181,.F.);
#1127=EDGE_CURVE('',#1258,#1225,#182,.T.);
#1128=EDGE_CURVE('',#1255,#1260,#183,.F.);
#1129=EDGE_CURVE('',#1216,#1255,#184,.F.);
#1130=EDGE_CURVE('',#1278,#1204,#185,.F.);
#1131=EDGE_CURVE('',#1273,#1278,#186,.T.);
#1132=EDGE_CURVE('',#1222,#1275,#187,.F.);
#1133=EDGE_CURVE('',#1258,#1261,#188,.T.);
#1134=EDGE_CURVE('',#1261,#1225,#189,.F.);
#1135=EDGE_CURVE('',#1216,#1260,#190,.T.);
#1136=EDGE_CURVE('',#1273,#1204,#191,.F.);
#1137=EDGE_CURVE('',#1222,#1272,#192,.T.);
#1138=EDGE_CURVE('',#1272,#1275,#193,.T.);
#1139=EDGE_CURVE('',#1262,#1224,#194,.T.);
#1140=EDGE_CURVE('',#1259,#1264,#195,.F.);
#1141=EDGE_CURVE('',#1217,#1259,#196,.F.);
#1142=EDGE_CURVE('',#1274,#1203,#197,.T.);
#1143=EDGE_CURVE('',#1269,#1274,#198,.F.);
#1144=EDGE_CURVE('',#1223,#1271,#199,.F.);
#1145=EDGE_CURVE('',#1224,#1267,#200,.F.);
#1146=EDGE_CURVE('',#1268,#1223,#201,.F.);
#1147=EDGE_CURVE('',#1262,#1267,#202,.F.);
#1148=EDGE_CURVE('',#1217,#1264,#203,.T.);
#1149=EDGE_CURVE('',#1269,#1203,#204,.F.);
#1150=EDGE_CURVE('',#1268,#1271,#205,.T.);
#1151=EDGE_CURVE('',#1263,#1266,#206,.T.);
#1152=EDGE_CURVE('',#1201,#1263,#207,.F.);
#1153=EDGE_CURVE('',#1270,#1202,#208,.T.);
#1154=EDGE_CURVE('',#1265,#1270,#209,.F.);
#1155=EDGE_CURVE('',#1201,#1266,#210,.F.);
#1156=EDGE_CURVE('',#1265,#1202,#211,.F.);
#1157=EDGE_CURVE('',#1301,#1301,#458,.T.);
#1158=EDGE_CURVE('',#1302,#1302,#459,.T.);
#1159=EDGE_CURVE('',#1303,#1303,#1345,.F.);
#1160=EDGE_CURVE('',#1304,#1304,#1346,.T.);
#1161=EDGE_CURVE('',#1305,#1305,#1347,.F.);
#1162=EDGE_CURVE('',#1306,#1306,#460,.T.);
#1163=EDGE_CURVE('',#1307,#1307,#461,.T.);
#1164=EDGE_CURVE('',#1308,#1308,#1348,.F.);
#1165=EDGE_CURVE('',#1309,#1309,#1349,.T.);
#1166=EDGE_CURVE('',#1310,#1310,#1350,.F.);
#1167=EDGE_CURVE('',#1311,#1311,#1351,.F.);
#1168=EDGE_CURVE('',#1312,#1312,#462,.T.);
#1169=EDGE_CURVE('',#1313,#1313,#463,.T.);
#1170=EDGE_CURVE('',#1314,#1314,#1352,.T.);
#1171=EDGE_CURVE('',#1315,#1315,#1353,.F.);
#1172=EDGE_CURVE('',#1316,#1316,#1354,.T.);
#1173=EDGE_CURVE('',#1317,#1317,#1355,.T.);
#1174=EDGE_CURVE('',#1318,#1318,#1356,.T.);
#1175=EDGE_CURVE('',#1319,#1319,#464,.T.);
#1176=EDGE_CURVE('',#1320,#1320,#465,.T.);
#1177=EDGE_CURVE('',#1321,#1321,#1357,.T.);
#1178=EDGE_CURVE('',#1322,#1322,#1358,.F.);
#1179=EDGE_CURVE('',#1323,#1323,#1359,.T.);
#1180=EDGE_CURVE('',#1324,#1324,#1360,.F.);
#1181=EDGE_CURVE('',#1325,#1325,#1361,.F.);
#1182=EDGE_CURVE('',#1326,#1326,#466,.T.);
#1183=EDGE_CURVE('',#1327,#1327,#467,.T.);
#1184=EDGE_CURVE('',#1328,#1328,#468,.T.);
#1185=EDGE_CURVE('',#1329,#1329,#469,.T.);
#1186=EDGE_CURVE('',#1330,#1330,#1362,.F.);
#1187=EDGE_CURVE('',#1331,#1331,#1363,.F.);
#1188=EDGE_CURVE('',#1332,#1332,#470,.T.);
#1189=EDGE_CURVE('',#1333,#1333,#471,.T.);
#1190=EDGE_CURVE('',#1334,#1334,#1364,.F.);
#1191=EDGE_CURVE('',#1335,#1335,#1365,.F.);
#1192=VERTEX_POINT('',#2816);
#1193=VERTEX_POINT('',#2818);
#1194=VERTEX_POINT('',#2821);
#1195=VERTEX_POINT('',#2823);
#1196=VERTEX_POINT('',#2829);
#1197=VERTEX_POINT('',#2831);
#1198=VERTEX_POINT('',#2834);
#1199=VERTEX_POINT('',#2837);
#1200=VERTEX_POINT('',#2839);
#1201=VERTEX_POINT('',#2841);
#1202=VERTEX_POINT('',#2842);
#1203=VERTEX_POINT('',#2844);
#1204=VERTEX_POINT('',#2846);
#1205=VERTEX_POINT('',#2848);
#1206=VERTEX_POINT('',#2850);
#1207=VERTEX_POINT('',#2852);
#1208=VERTEX_POINT('',#2854);
#1209=VERTEX_POINT('',#2856);
#1210=VERTEX_POINT('',#2858);
#1211=VERTEX_POINT('',#2860);
#1212=VERTEX_POINT('',#2862);
#1213=VERTEX_POINT('',#2864);
#1214=VERTEX_POINT('',#2866);
#1215=VERTEX_POINT('',#2868);
#1216=VERTEX_POINT('',#2870);
#1217=VERTEX_POINT('',#2872);
#1218=VERTEX_POINT('',#2876);
#1219=VERTEX_POINT('',#2878);
#1220=VERTEX_POINT('',#2880);
#1221=VERTEX_POINT('',#2881);
#1222=VERTEX_POINT('',#2883);
#1223=VERTEX_POINT('',#2885);
#1224=VERTEX_POINT('',#2887);
#1225=VERTEX_POINT('',#2889);
#1226=VERTEX_POINT('',#2891);
#1227=VERTEX_POINT('',#2893);
#1228=VERTEX_POINT('',#2895);
#1229=VERTEX_POINT('',#2897);
#1230=VERTEX_POINT('',#2899);
#1231=VERTEX_POINT('',#2901);
#1232=VERTEX_POINT('',#2903);
#1233=VERTEX_POINT('',#2905);
#1234=VERTEX_POINT('',#2907);
#1235=VERTEX_POINT('',#2909);
#1236=VERTEX_POINT('',#2911);
#1237=VERTEX_POINT('',#2915);
#1238=VERTEX_POINT('',#2916);
#1239=VERTEX_POINT('',#2918);
#1240=VERTEX_POINT('',#2920);
#1241=VERTEX_POINT('',#2924);
#1242=VERTEX_POINT('',#2925);
#1243=VERTEX_POINT('',#2927);
#1244=VERTEX_POINT('',#2929);
#1245=VERTEX_POINT('',#2933);
#1246=VERTEX_POINT('',#2934);
#1247=VERTEX_POINT('',#2936);
#1248=VERTEX_POINT('',#2938);
#1249=VERTEX_POINT('',#2942);
#1250=VERTEX_POINT('',#2943);
#1251=VERTEX_POINT('',#2945);
#1252=VERTEX_POINT('',#2947);
#1253=VERTEX_POINT('',#2951);
#1254=VERTEX_POINT('',#2952);
#1255=VERTEX_POINT('',#2954);
#1256=VERTEX_POINT('',#2956);
#1257=VERTEX_POINT('',#2960);
#1258=VERTEX_POINT('',#2961);
#1259=VERTEX_POINT('',#2963);
#1260=VERTEX_POINT('',#2965);
#1261=VERTEX_POINT('',#2969);
#1262=VERTEX_POINT('',#2970);
#1263=VERTEX_POINT('',#2972);
#1264=VERTEX_POINT('',#2974);
#1265=VERTEX_POINT('',#2978);
#1266=VERTEX_POINT('',#2979);
#1267=VERTEX_POINT('',#2981);
#1268=VERTEX_POINT('',#2983);
#1269=VERTEX_POINT('',#2987);
#1270=VERTEX_POINT('',#2988);
#1271=VERTEX_POINT('',#2990);
#1272=VERTEX_POINT('',#2992);
#1273=VERTEX_POINT('',#2996);
#1274=VERTEX_POINT('',#2997);
#1275=VERTEX_POINT('',#2999);
#1276=VERTEX_POINT('',#3001);
#1277=VERTEX_POINT('',#3005);
#1278=VERTEX_POINT('',#3006);
#1279=VERTEX_POINT('',#3008);
#1280=VERTEX_POINT('',#3010);
#1281=VERTEX_POINT('',#3014);
#1282=VERTEX_POINT('',#3015);
#1283=VERTEX_POINT('',#3017);
#1284=VERTEX_POINT('',#3019);
#1285=VERTEX_POINT('',#3023);
#1286=VERTEX_POINT('',#3024);
#1287=VERTEX_POINT('',#3026);
#1288=VERTEX_POINT('',#3028);
#1289=VERTEX_POINT('',#3032);
#1290=VERTEX_POINT('',#3033);
#1291=VERTEX_POINT('',#3035);
#1292=VERTEX_POINT('',#3037);
#1293=VERTEX_POINT('',#3041);
#1294=VERTEX_POINT('',#3042);
#1295=VERTEX_POINT('',#3044);
#1296=VERTEX_POINT('',#3046);
#1297=VERTEX_POINT('',#3050);
#1298=VERTEX_POINT('',#3051);
#1299=VERTEX_POINT('',#3053);
#1300=VERTEX_POINT('',#3055);
#1301=VERTEX_POINT('',#3235);
#1302=VERTEX_POINT('',#3237);
#1303=VERTEX_POINT('',#3240);
#1304=VERTEX_POINT('',#3243);
#1305=VERTEX_POINT('',#3246);
#1306=VERTEX_POINT('',#3249);
#1307=VERTEX_POINT('',#3251);
#1308=VERTEX_POINT('',#3254);
#1309=VERTEX_POINT('',#3257);
#1310=VERTEX_POINT('',#3260);
#1311=VERTEX_POINT('',#3262);
#1312=VERTEX_POINT('',#3265);
#1313=VERTEX_POINT('',#3267);
#1314=VERTEX_POINT('',#3270);
#1315=VERTEX_POINT('',#3273);
#1316=VERTEX_POINT('',#3276);
#1317=VERTEX_POINT('',#3278);
#1318=VERTEX_POINT('',#3281);
#1319=VERTEX_POINT('',#3284);
#1320=VERTEX_POINT('',#3286);
#1321=VERTEX_POINT('',#3289);
#1322=VERTEX_POINT('',#3292);
#1323=VERTEX_POINT('',#3295);
#1324=VERTEX_POINT('',#3756);
#1325=VERTEX_POINT('',#3758);
#1326=VERTEX_POINT('',#3761);
#1327=VERTEX_POINT('',#3763);
#1328=VERTEX_POINT('',#3769);
#1329=VERTEX_POINT('',#3771);
#1330=VERTEX_POINT('',#3774);
#1331=VERTEX_POINT('',#3776);
#1332=VERTEX_POINT('',#3782);
#1333=VERTEX_POINT('',#3784);
#1334=VERTEX_POINT('',#3787);
#1335=VERTEX_POINT('',#3789);
#1336=ELLIPSE('',#2063,0.0224048783195498,0.02);
#1337=ELLIPSE('',#2064,0.0201643904875948,0.018);
#1338=ELLIPSE('',#2072,0.0224608905153488,0.02005);
#1339=ELLIPSE('',#2073,0.0224608905153488,0.02005);
#1340=ELLIPSE('',#2075,0.0224608905153488,0.02005);
#1341=ELLIPSE('',#2077,0.0407208663457818,0.03635);
#1342=ELLIPSE('',#2078,0.0407208663457818,0.03635);
#1343=ELLIPSE('',#2080,0.0407208663457818,0.03635);
#1344=ELLIPSE('',#2081,0.0407208663457818,0.03635);
#1345=ELLIPSE('',#2182,0.0286648561608349,0.02635);
#1346=ELLIPSE('',#2184,0.0371939370859154,0.03235);
#1347=ELLIPSE('',#2186,0.0250374515220969,0.02235);
#1348=ELLIPSE('',#2191,0.0286648561608349,0.02635);
#1349=ELLIPSE('',#2193,0.0371939370859154,0.03235);
#1350=ELLIPSE('',#2195,0.0250374515220969,0.02235);
#1351=ELLIPSE('',#2196,0.0224608905153488,0.02005);
#1352=ELLIPSE('',#2201,0.0286648561608349,0.02635);
#1353=ELLIPSE('',#2203,0.0371939370859154,0.03235);
#1354=ELLIPSE('',#2205,0.0224608905153488,0.02005);
#1355=ELLIPSE('',#2206,0.0224608905153488,0.02005);
#1356=ELLIPSE('',#2208,0.0250374515220969,0.02235);
#1357=ELLIPSE('',#2213,0.0286648561608349,0.02635);
#1358=ELLIPSE('',#2215,0.0371939370859154,0.03235);
#1359=ELLIPSE('',#2217,0.0250374515220969,0.02235);
#1360=ELLIPSE('',#2221,0.0224048783195498,0.02);
#1361=ELLIPSE('',#2222,0.0201643904875948,0.018);
#1362=ELLIPSE('',#2233,0.0224048783195498,0.02);
#1363=ELLIPSE('',#2234,0.0201643904875948,0.018);
#1364=ELLIPSE('',#2242,0.0224048783195498,0.02);
#1365=ELLIPSE('',#2243,0.0201643904875948,0.018);
#1366=EDGE_LOOP('',(#472));
#1367=EDGE_LOOP('',(#473));
#1368=EDGE_LOOP('',(#474));
#1369=EDGE_LOOP('',(#475));
#1370=EDGE_LOOP('',(#476));
#1371=EDGE_LOOP('',(#477));
#1372=EDGE_LOOP('',(#478));
#1373=EDGE_LOOP('',(#479));
#1374=EDGE_LOOP('',(#480));
#1375=EDGE_LOOP('',(#481));
#1376=EDGE_LOOP('',(#482));
#1377=EDGE_LOOP('',(#483));
#1378=EDGE_LOOP('',(#484));
#1379=EDGE_LOOP('',(#485));
#1380=EDGE_LOOP('',(#486,#487,#488,#489,#490,#491,#492,#493,#494,#495,#496,
#497,#498,#499,#500,#501,#502));
#1381=EDGE_LOOP('',(#503));
#1382=EDGE_LOOP('',(#504));
#1383=EDGE_LOOP('',(#505,#506,#507,#508,#509,#510,#511,#512,#513,#514,#515,
#516,#517,#518,#519,#520,#521));
#1384=EDGE_LOOP('',(#522,#523,#524,#525));
#1385=EDGE_LOOP('',(#526,#527,#528,#529));
#1386=EDGE_LOOP('',(#530,#531,#532,#533));
#1387=EDGE_LOOP('',(#534,#535,#536,#537));
#1388=EDGE_LOOP('',(#538,#539,#540,#541));
#1389=EDGE_LOOP('',(#542,#543,#544,#545));
#1390=EDGE_LOOP('',(#546,#547,#548,#549));
#1391=EDGE_LOOP('',(#550,#551,#552,#553));
#1392=EDGE_LOOP('',(#554,#555,#556,#557));
#1393=EDGE_LOOP('',(#558,#559,#560,#561));
#1394=EDGE_LOOP('',(#562,#563,#564,#565));
#1395=EDGE_LOOP('',(#566,#567,#568,#569));
#1396=EDGE_LOOP('',(#570,#571,#572,#573));
#1397=EDGE_LOOP('',(#574,#575,#576,#577));
#1398=EDGE_LOOP('',(#578,#579,#580,#581));
#1399=EDGE_LOOP('',(#582,#583,#584,#585));
#1400=EDGE_LOOP('',(#586,#587,#588,#589));
#1401=EDGE_LOOP('',(#590,#591,#592));
#1402=EDGE_LOOP('',(#593,#594,#595));
#1403=EDGE_LOOP('',(#596,#597,#598,#599));
#1404=EDGE_LOOP('',(#600,#601,#602,#603));
#1405=EDGE_LOOP('',(#604,#605,#606,#607));
#1406=EDGE_LOOP('',(#608,#609,#610,#611));
#1407=EDGE_LOOP('',(#612,#613,#614,#615));
#1408=EDGE_LOOP('',(#616,#617,#618));
#1409=EDGE_LOOP('',(#619,#620,#621));
#1410=EDGE_LOOP('',(#622,#623,#624));
#1411=EDGE_LOOP('',(#625,#626,#627));
#1412=EDGE_LOOP('',(#628,#629,#630,#631));
#1413=EDGE_LOOP('',(#632,#633,#634,#635));
#1414=EDGE_LOOP('',(#636,#637,#638,#639));
#1415=EDGE_LOOP('',(#640,#641,#642,#643));
#1416=EDGE_LOOP('',(#644,#645,#646,#647));
#1417=EDGE_LOOP('',(#648,#649,#650,#651));
#1418=EDGE_LOOP('',(#652,#653,#654));
#1419=EDGE_LOOP('',(#655,#656,#657));
#1420=EDGE_LOOP('',(#658,#659,#660));
#1421=EDGE_LOOP('',(#661,#662,#663));
#1422=EDGE_LOOP('',(#664,#665,#666,#667));
#1423=EDGE_LOOP('',(#668,#669,#670,#671));
#1424=EDGE_LOOP('',(#672,#673,#674,#675));
#1425=EDGE_LOOP('',(#676,#677,#678,#679));
#1426=EDGE_LOOP('',(#680,#681,#682,#683));
#1427=EDGE_LOOP('',(#684,#685,#686,#687));
#1428=EDGE_LOOP('',(#688,#689,#690));
#1429=EDGE_LOOP('',(#691,#692,#693));
#1430=EDGE_LOOP('',(#694,#695,#696));
#1431=EDGE_LOOP('',(#697,#698,#699));
#1432=EDGE_LOOP('',(#700,#701,#702,#703));
#1433=EDGE_LOOP('',(#704,#705,#706,#707));
#1434=EDGE_LOOP('',(#708,#709,#710,#711));
#1435=EDGE_LOOP('',(#712,#713,#714,#715));
#1436=EDGE_LOOP('',(#716,#717,#718,#719));
#1437=EDGE_LOOP('',(#720,#721,#722,#723));
#1438=EDGE_LOOP('',(#724,#725,#726,#727));
#1439=EDGE_LOOP('',(#728,#729,#730));
#1440=EDGE_LOOP('',(#731,#732,#733));
#1441=EDGE_LOOP('',(#734,#735,#736));
#1442=EDGE_LOOP('',(#737,#738,#739,#740));
#1443=EDGE_LOOP('',(#741,#742,#743,#744));
#1444=EDGE_LOOP('',(#745,#746,#747,#748));
#1445=EDGE_LOOP('',(#749,#750,#751,#752));
#1446=EDGE_LOOP('',(#753,#754,#755,#756));
#1447=EDGE_LOOP('',(#757,#758,#759,#760));
#1448=EDGE_LOOP('',(#761,#762,#763));
#1449=EDGE_LOOP('',(#764,#765,#766,#767));
#1450=EDGE_LOOP('',(#768,#769,#770));
#1451=EDGE_LOOP('',(#771,#772,#773));
#1452=EDGE_LOOP('',(#774,#775,#776,#777));
#1453=EDGE_LOOP('',(#778,#779,#780,#781));
#1454=EDGE_LOOP('',(#782,#783,#784,#785));
#1455=EDGE_LOOP('',(#786,#787,#788,#789));
#1456=EDGE_LOOP('',(#790,#791,#792,#793));
#1457=EDGE_LOOP('',(#794,#795,#796,#797));
#1458=EDGE_LOOP('',(#798,#799,#800));
#1459=EDGE_LOOP('',(#801,#802,#803));
#1460=EDGE_LOOP('',(#804,#805,#806));
#1461=EDGE_LOOP('',(#807,#808,#809));
#1462=EDGE_LOOP('',(#810,#811,#812,#813));
#1463=EDGE_LOOP('',(#814,#815,#816,#817));
#1464=EDGE_LOOP('',(#818,#819,#820,#821));
#1465=EDGE_LOOP('',(#822,#823,#824,#825));
#1466=EDGE_LOOP('',(#826,#827,#828,#829));
#1467=EDGE_LOOP('',(#830,#831,#832,#833));
#1468=EDGE_LOOP('',(#834,#835,#836,#837));
#1469=EDGE_LOOP('',(#838,#839,#840));
#1470=EDGE_LOOP('',(#841,#842,#843));
#1471=EDGE_LOOP('',(#844,#845,#846));
#1472=EDGE_LOOP('',(#847,#848,#849));
#1473=EDGE_LOOP('',(#850,#851,#852,#853));
#1474=EDGE_LOOP('',(#854,#855,#856,#857));
#1475=EDGE_LOOP('',(#858,#859,#860,#861));
#1476=EDGE_LOOP('',(#862,#863,#864,#865));
#1477=EDGE_LOOP('',(#866,#867,#868));
#1478=EDGE_LOOP('',(#869,#870,#871));
#1479=EDGE_LOOP('',(#872,#873,#874,#875));
#1480=EDGE_LOOP('',(#876));
#1481=EDGE_LOOP('',(#877));
#1482=EDGE_LOOP('',(#878));
#1483=EDGE_LOOP('',(#879));
#1484=EDGE_LOOP('',(#880));
#1485=EDGE_LOOP('',(#881));
#1486=EDGE_LOOP('',(#882));
#1487=EDGE_LOOP('',(#883));
#1488=EDGE_LOOP('',(#884));
#1489=EDGE_LOOP('',(#885));
#1490=EDGE_LOOP('',(#886));
#1491=EDGE_LOOP('',(#887));
#1492=EDGE_LOOP('',(#888));
#1493=EDGE_LOOP('',(#889));
#1494=EDGE_LOOP('',(#890));
#1495=EDGE_LOOP('',(#891));
#1496=EDGE_LOOP('',(#892));
#1497=EDGE_LOOP('',(#893));
#1498=EDGE_LOOP('',(#894));
#1499=EDGE_LOOP('',(#895));
#1500=EDGE_LOOP('',(#896));
#1501=EDGE_LOOP('',(#897));
#1502=EDGE_LOOP('',(#898));
#1503=EDGE_LOOP('',(#899));
#1504=EDGE_LOOP('',(#900));
#1505=EDGE_LOOP('',(#901));
#1506=EDGE_LOOP('',(#902));
#1507=EDGE_LOOP('',(#903));
#1508=EDGE_LOOP('',(#904));
#1509=EDGE_LOOP('',(#905));
#1510=EDGE_LOOP('',(#906));
#1511=EDGE_LOOP('',(#907));
#1512=EDGE_LOOP('',(#908));
#1513=EDGE_LOOP('',(#909));
#1514=EDGE_LOOP('',(#910));
#1515=EDGE_LOOP('',(#911));
#1516=EDGE_LOOP('',(#912));
#1517=EDGE_LOOP('',(#913));
#1518=EDGE_LOOP('',(#914));
#1519=EDGE_LOOP('',(#915));
#1520=EDGE_LOOP('',(#916));
#1521=EDGE_LOOP('',(#917));
#1522=EDGE_LOOP('',(#918));
#1523=EDGE_LOOP('',(#919));
#1524=EDGE_LOOP('',(#920));
#1525=EDGE_LOOP('',(#921));
#1526=EDGE_LOOP('',(#922));
#1527=EDGE_LOOP('',(#923));
#1528=EDGE_LOOP('',(#924));
#1529=EDGE_LOOP('',(#925));
#1530=EDGE_LOOP('',(#926));
#1531=EDGE_LOOP('',(#927));
#1532=EDGE_LOOP('',(#928));
#1533=EDGE_LOOP('',(#929));
#1534=EDGE_LOOP('',(#930));
#1535=EDGE_LOOP('',(#931));
#1536=EDGE_LOOP('',(#932));
#1537=EDGE_LOOP('',(#933));
#1538=EDGE_LOOP('',(#934));
#1539=EDGE_LOOP('',(#935));
#1540=EDGE_LOOP('',(#936));
#1541=EDGE_LOOP('',(#937));
#1542=EDGE_LOOP('',(#938));
#1543=EDGE_LOOP('',(#939));
#1544=EDGE_LOOP('',(#940));
#1545=EDGE_LOOP('',(#941));
#1546=EDGE_LOOP('',(#942));
#1547=EDGE_LOOP('',(#943));
#1548=EDGE_LOOP('',(#944));
#1549=EDGE_LOOP('',(#945));
#1550=EDGE_LOOP('',(#946));
#1551=EDGE_LOOP('',(#947));
#1552=EDGE_LOOP('',(#948));
#1553=EDGE_LOOP('',(#949));
#1554=EDGE_LOOP('',(#950));
#1555=EDGE_LOOP('',(#951));
#1556=FACE_BOUND('',#1366,.T.);
#1557=FACE_BOUND('',#1367,.T.);
#1558=FACE_BOUND('',#1368,.T.);
#1559=FACE_BOUND('',#1369,.T.);
#1560=FACE_BOUND('',#1370,.T.);
#1561=FACE_BOUND('',#1371,.T.);
#1562=FACE_BOUND('',#1372,.T.);
#1563=FACE_BOUND('',#1373,.T.);
#1564=FACE_BOUND('',#1374,.T.);
#1565=FACE_BOUND('',#1375,.T.);
#1566=FACE_BOUND('',#1376,.T.);
#1567=FACE_BOUND('',#1377,.T.);
#1568=FACE_BOUND('',#1378,.T.);
#1569=FACE_BOUND('',#1379,.T.);
#1570=FACE_BOUND('',#1380,.T.);
#1571=FACE_BOUND('',#1381,.T.);
#1572=FACE_BOUND('',#1382,.T.);
#1573=FACE_BOUND('',#1383,.T.);
#1574=FACE_BOUND('',#1384,.T.);
#1575=FACE_BOUND('',#1385,.T.);
#1576=FACE_BOUND('',#1386,.T.);
#1577=FACE_BOUND('',#1387,.T.);
#1578=FACE_BOUND('',#1388,.T.);
#1579=FACE_BOUND('',#1389,.T.);
#1580=FACE_BOUND('',#1390,.T.);
#1581=FACE_BOUND('',#1391,.T.);
#1582=FACE_BOUND('',#1392,.T.);
#1583=FACE_BOUND('',#1393,.T.);
#1584=FACE_BOUND('',#1394,.T.);
#1585=FACE_BOUND('',#1395,.T.);
#1586=FACE_BOUND('',#1396,.T.);
#1587=FACE_BOUND('',#1397,.T.);
#1588=FACE_BOUND('',#1398,.T.);
#1589=FACE_BOUND('',#1399,.T.);
#1590=FACE_BOUND('',#1400,.T.);
#1591=FACE_BOUND('',#1401,.T.);
#1592=FACE_BOUND('',#1402,.T.);
#1593=FACE_BOUND('',#1403,.T.);
#1594=FACE_BOUND('',#1404,.T.);
#1595=FACE_BOUND('',#1405,.T.);
#1596=FACE_BOUND('',#1406,.T.);
#1597=FACE_BOUND('',#1407,.T.);
#1598=FACE_BOUND('',#1408,.T.);
#1599=FACE_BOUND('',#1409,.T.);
#1600=FACE_BOUND('',#1410,.T.);
#1601=FACE_BOUND('',#1411,.T.);
#1602=FACE_BOUND('',#1412,.T.);
#1603=FACE_BOUND('',#1413,.T.);
#1604=FACE_BOUND('',#1414,.T.);
#1605=FACE_BOUND('',#1415,.T.);
#1606=FACE_BOUND('',#1416,.T.);
#1607=FACE_BOUND('',#1417,.T.);
#1608=FACE_BOUND('',#1418,.T.);
#1609=FACE_BOUND('',#1419,.T.);
#1610=FACE_BOUND('',#1420,.T.);
#1611=FACE_BOUND('',#1421,.T.);
#1612=FACE_BOUND('',#1422,.T.);
#1613=FACE_BOUND('',#1423,.T.);
#1614=FACE_BOUND('',#1424,.T.);
#1615=FACE_BOUND('',#1425,.T.);
#1616=FACE_BOUND('',#1426,.T.);
#1617=FACE_BOUND('',#1427,.T.);
#1618=FACE_BOUND('',#1428,.T.);
#1619=FACE_BOUND('',#1429,.T.);
#1620=FACE_BOUND('',#1430,.T.);
#1621=FACE_BOUND('',#1431,.T.);
#1622=FACE_BOUND('',#1432,.T.);
#1623=FACE_BOUND('',#1433,.T.);
#1624=FACE_BOUND('',#1434,.T.);
#1625=FACE_BOUND('',#1435,.T.);
#1626=FACE_BOUND('',#1436,.T.);
#1627=FACE_BOUND('',#1437,.T.);
#1628=FACE_BOUND('',#1438,.T.);
#1629=FACE_BOUND('',#1439,.T.);
#1630=FACE_BOUND('',#1440,.T.);
#1631=FACE_BOUND('',#1441,.T.);
#1632=FACE_BOUND('',#1442,.T.);
#1633=FACE_BOUND('',#1443,.T.);
#1634=FACE_BOUND('',#1444,.T.);
#1635=FACE_BOUND('',#1445,.T.);
#1636=FACE_BOUND('',#1446,.T.);
#1637=FACE_BOUND('',#1447,.T.);
#1638=FACE_BOUND('',#1448,.T.);
#1639=FACE_BOUND('',#1449,.T.);
#1640=FACE_BOUND('',#1450,.T.);
#1641=FACE_BOUND('',#1451,.T.);
#1642=FACE_BOUND('',#1452,.T.);
#1643=FACE_BOUND('',#1453,.T.);
#1644=FACE_BOUND('',#1454,.T.);
#1645=FACE_BOUND('',#1455,.T.);
#1646=FACE_BOUND('',#1456,.T.);
#1647=FACE_BOUND('',#1457,.T.);
#1648=FACE_BOUND('',#1458,.T.);
#1649=FACE_BOUND('',#1459,.T.);
#1650=FACE_BOUND('',#1460,.T.);
#1651=FACE_BOUND('',#1461,.T.);
#1652=FACE_BOUND('',#1462,.T.);
#1653=FACE_BOUND('',#1463,.T.);
#1654=FACE_BOUND('',#1464,.T.);
#1655=FACE_BOUND('',#1465,.T.);
#1656=FACE_BOUND('',#1466,.T.);
#1657=FACE_BOUND('',#1467,.T.);
#1658=FACE_BOUND('',#1468,.T.);
#1659=FACE_BOUND('',#1469,.T.);
#1660=FACE_BOUND('',#1470,.T.);
#1661=FACE_BOUND('',#1471,.T.);
#1662=FACE_BOUND('',#1472,.T.);
#1663=FACE_BOUND('',#1473,.T.);
#1664=FACE_BOUND('',#1474,.T.);
#1665=FACE_BOUND('',#1475,.T.);
#1666=FACE_BOUND('',#1476,.T.);
#1667=FACE_BOUND('',#1477,.T.);
#1668=FACE_BOUND('',#1478,.T.);
#1669=FACE_BOUND('',#1479,.T.);
#1670=FACE_BOUND('',#1480,.T.);
#1671=FACE_BOUND('',#1481,.T.);
#1672=FACE_BOUND('',#1482,.T.);
#1673=FACE_BOUND('',#1483,.T.);
#1674=FACE_BOUND('',#1484,.T.);
#1675=FACE_BOUND('',#1485,.T.);
#1676=FACE_BOUND('',#1486,.T.);
#1677=FACE_BOUND('',#1487,.T.);
#1678=FACE_BOUND('',#1488,.T.);
#1679=FACE_BOUND('',#1489,.T.);
#1680=FACE_BOUND('',#1490,.T.);
#1681=FACE_BOUND('',#1491,.T.);
#1682=FACE_BOUND('',#1492,.T.);
#1683=FACE_BOUND('',#1493,.T.);
#1684=FACE_BOUND('',#1494,.T.);
#1685=FACE_BOUND('',#1495,.T.);
#1686=FACE_BOUND('',#1496,.T.);
#1687=FACE_BOUND('',#1497,.T.);
#1688=FACE_BOUND('',#1498,.T.);
#1689=FACE_BOUND('',#1499,.T.);
#1690=FACE_BOUND('',#1500,.T.);
#1691=FACE_BOUND('',#1501,.T.);
#1692=FACE_BOUND('',#1502,.T.);
#1693=FACE_BOUND('',#1503,.T.);
#1694=FACE_BOUND('',#1504,.T.);
#1695=FACE_BOUND('',#1505,.T.);
#1696=FACE_BOUND('',#1506,.T.);
#1697=FACE_BOUND('',#1507,.T.);
#1698=FACE_BOUND('',#1508,.T.);
#1699=FACE_BOUND('',#1509,.T.);
#1700=FACE_BOUND('',#1510,.T.);
#1701=FACE_BOUND('',#1511,.T.);
#1702=FACE_BOUND('',#1512,.T.);
#1703=FACE_BOUND('',#1513,.T.);
#1704=FACE_BOUND('',#1514,.T.);
#1705=FACE_BOUND('',#1515,.T.);
#1706=FACE_BOUND('',#1516,.T.);
#1707=FACE_BOUND('',#1517,.T.);
#1708=FACE_BOUND('',#1518,.T.);
#1709=FACE_BOUND('',#1519,.T.);
#1710=FACE_BOUND('',#1520,.T.);
#1711=FACE_BOUND('',#1521,.T.);
#1712=FACE_BOUND('',#1522,.T.);
#1713=FACE_BOUND('',#1523,.T.);
#1714=FACE_BOUND('',#1524,.T.);
#1715=FACE_BOUND('',#1525,.T.);
#1716=FACE_BOUND('',#1526,.T.);
#1717=FACE_BOUND('',#1527,.T.);
#1718=FACE_BOUND('',#1528,.T.);
#1719=FACE_BOUND('',#1529,.T.);
#1720=FACE_BOUND('',#1530,.T.);
#1721=FACE_BOUND('',#1531,.T.);
#1722=FACE_BOUND('',#1532,.T.);
#1723=FACE_BOUND('',#1533,.T.);
#1724=FACE_BOUND('',#1534,.T.);
#1725=FACE_BOUND('',#1535,.T.);
#1726=FACE_BOUND('',#1536,.T.);
#1727=FACE_BOUND('',#1537,.T.);
#1728=FACE_BOUND('',#1538,.T.);
#1729=FACE_BOUND('',#1539,.T.);
#1730=FACE_BOUND('',#1540,.T.);
#1731=FACE_BOUND('',#1541,.T.);
#1732=FACE_BOUND('',#1542,.T.);
#1733=FACE_BOUND('',#1543,.T.);
#1734=FACE_BOUND('',#1544,.T.);
#1735=FACE_BOUND('',#1545,.T.);
#1736=FACE_BOUND('',#1546,.T.);
#1737=FACE_BOUND('',#1547,.T.);
#1738=FACE_BOUND('',#1548,.T.);
#1739=FACE_BOUND('',#1549,.T.);
#1740=FACE_BOUND('',#1550,.T.);
#1741=FACE_BOUND('',#1551,.T.);
#1742=FACE_BOUND('',#1552,.T.);
#1743=FACE_BOUND('',#1553,.T.);
#1744=FACE_BOUND('',#1554,.T.);
#1745=FACE_BOUND('',#1555,.T.);
#1746=PLANE('',#2062);
#1747=PLANE('',#2065);
#1748=PLANE('',#2076);
#1749=PLANE('',#2079);
#1750=PLANE('',#2082);
#1751=PLANE('',#2083);
#1752=PLANE('',#2084);
#1753=PLANE('',#2085);
#1754=PLANE('',#2086);
#1755=PLANE('',#2087);
#1756=PLANE('',#2088);
#1757=PLANE('',#2089);
#1758=PLANE('',#2090);
#1759=PLANE('',#2091);
#1760=PLANE('',#2092);
#1761=PLANE('',#2093);
#1762=PLANE('',#2094);
#1763=PLANE('',#2095);
#1764=PLANE('',#2096);
#1765=PLANE('',#2097);
#1766=PLANE('',#2098);
#1767=PLANE('',#2099);
#1768=PLANE('',#2100);
#1769=PLANE('',#2101);
#1770=PLANE('',#2102);
#1771=PLANE('',#2103);
#1772=PLANE('',#2104);
#1773=PLANE('',#2105);
#1774=PLANE('',#2106);
#1775=PLANE('',#2107);
#1776=PLANE('',#2108);
#1777=PLANE('',#2109);
#1778=PLANE('',#2110);
#1779=PLANE('',#2111);
#1780=PLANE('',#2112);
#1781=PLANE('',#2113);
#1782=PLANE('',#2114);
#1783=PLANE('',#2115);
#1784=PLANE('',#2116);
#1785=PLANE('',#2117);
#1786=PLANE('',#2118);
#1787=PLANE('',#2119);
#1788=PLANE('',#2120);
#1789=PLANE('',#2121);
#1790=PLANE('',#2122);
#1791=PLANE('',#2123);
#1792=PLANE('',#2124);
#1793=PLANE('',#2125);
#1794=PLANE('',#2126);
#1795=PLANE('',#2127);
#1796=PLANE('',#2128);
#1797=PLANE('',#2129);
#1798=PLANE('',#2130);
#1799=PLANE('',#2131);
#1800=PLANE('',#2132);
#1801=PLANE('',#2133);
#1802=PLANE('',#2134);
#1803=PLANE('',#2135);
#1804=PLANE('',#2136);
#1805=PLANE('',#2137);
#1806=PLANE('',#2138);
#1807=PLANE('',#2139);
#1808=PLANE('',#2140);
#1809=PLANE('',#2141);
#1810=PLANE('',#2142);
#1811=PLANE('',#2143);
#1812=PLANE('',#2144);
#1813=PLANE('',#2145);
#1814=PLANE('',#2146);
#1815=PLANE('',#2147);
#1816=PLANE('',#2148);
#1817=PLANE('',#2149);
#1818=PLANE('',#2150);
#1819=PLANE('',#2151);
#1820=PLANE('',#2152);
#1821=PLANE('',#2153);
#1822=PLANE('',#2154);
#1823=PLANE('',#2155);
#1824=PLANE('',#2156);
#1825=PLANE('',#2157);
#1826=PLANE('',#2158);
#1827=PLANE('',#2159);
#1828=PLANE('',#2160);
#1829=PLANE('',#2161);
#1830=PLANE('',#2162);
#1831=PLANE('',#2163);
#1832=PLANE('',#2164);
#1833=PLANE('',#2165);
#1834=PLANE('',#2166);
#1835=PLANE('',#2167);
#1836=PLANE('',#2168);
#1837=PLANE('',#2169);
#1838=PLANE('',#2170);
#1839=PLANE('',#2171);
#1840=PLANE('',#2172);
#1841=PLANE('',#2173);
#1842=PLANE('',#2174);
#1843=PLANE('',#2175);
#1844=PLANE('',#2176);
#1845=PLANE('',#2177);
#1846=PLANE('',#2178);
#1847=PLANE('',#2185);
#1848=PLANE('',#2187);
#1849=PLANE('',#2194);
#1850=PLANE('',#2197);
#1851=PLANE('',#2207);
#1852=PLANE('',#2209);
#1853=PLANE('',#2216);
#1854=PLANE('',#2220);
#1855=PLANE('',#2223);
#1856=PLANE('',#2229);
#1857=PLANE('',#2232);
#1858=PLANE('',#2238);
#1859=PLANE('',#2241);
#1860=ADVANCED_FACE('',(#1556,#1557),#1746,.F.);
#1861=ADVANCED_FACE('',(#1558,#1559),#1747,.F.);
#1862=ADVANCED_FACE('',(#1560,#1561),#436,.T.);
#1863=ADVANCED_FACE('',(#1562,#1563),#437,.F.);
#1864=ADVANCED_FACE('',(#1564,#1565),#438,.F.);
#1865=ADVANCED_FACE('',(#1566,#1567),#439,.F.);
#1866=ADVANCED_FACE('',(#1568,#1569,#1570),#1748,.T.);
#1867=ADVANCED_FACE('',(#1571,#1572,#1573),#1749,.F.);
#1868=ADVANCED_FACE('',(#1574),#1750,.T.);
#1869=ADVANCED_FACE('',(#1575),#1751,.F.);
#1870=ADVANCED_FACE('',(#1576),#1752,.F.);
#1871=ADVANCED_FACE('',(#1577),#1753,.F.);
#1872=ADVANCED_FACE('',(#1578),#1754,.T.);
#1873=ADVANCED_FACE('',(#1579),#1755,.T.);
#1874=ADVANCED_FACE('',(#1580),#1756,.T.);
#1875=ADVANCED_FACE('',(#1581),#1757,.F.);
#1876=ADVANCED_FACE('',(#1582),#1758,.F.);
#1877=ADVANCED_FACE('',(#1583),#1759,.F.);
#1878=ADVANCED_FACE('',(#1584),#1760,.T.);
#1879=ADVANCED_FACE('',(#1585),#1761,.T.);
#1880=ADVANCED_FACE('',(#1586),#1762,.T.);
#1881=ADVANCED_FACE('',(#1587),#1763,.T.);
#1882=ADVANCED_FACE('',(#1588),#1764,.T.);
#1883=ADVANCED_FACE('',(#1589),#1765,.T.);
#1884=ADVANCED_FACE('',(#1590),#1766,.T.);
#1885=ADVANCED_FACE('',(#1591),#1767,.T.);
#1886=ADVANCED_FACE('',(#1592),#1768,.T.);
#1887=ADVANCED_FACE('',(#1593),#1769,.T.);
#1888=ADVANCED_FACE('',(#1594),#1770,.F.);
#1889=ADVANCED_FACE('',(#1595),#1771,.F.);
#1890=ADVANCED_FACE('',(#1596),#1772,.F.);
#1891=ADVANCED_FACE('',(#1597),#1773,.T.);
#1892=ADVANCED_FACE('',(#1598),#1774,.T.);
#1893=ADVANCED_FACE('',(#1599),#1775,.T.);
#1894=ADVANCED_FACE('',(#1600),#1776,.T.);
#1895=ADVANCED_FACE('',(#1601),#1777,.T.);
#1896=ADVANCED_FACE('',(#1602),#1778,.F.);
#1897=ADVANCED_FACE('',(#1603),#1779,.T.);
#1898=ADVANCED_FACE('',(#1604),#1780,.F.);
#1899=ADVANCED_FACE('',(#1605),#1781,.F.);
#1900=ADVANCED_FACE('',(#1606),#1782,.F.);
#1901=ADVANCED_FACE('',(#1607),#1783,.T.);
#1902=ADVANCED_FACE('',(#1608),#1784,.T.);
#1903=ADVANCED_FACE('',(#1609),#1785,.T.);
#1904=ADVANCED_FACE('',(#1610),#1786,.T.);
#1905=ADVANCED_FACE('',(#1611),#1787,.T.);
#1906=ADVANCED_FACE('',(#1612),#1788,.F.);
#1907=ADVANCED_FACE('',(#1613),#1789,.F.);
#1908=ADVANCED_FACE('',(#1614),#1790,.T.);
#1909=ADVANCED_FACE('',(#1615),#1791,.F.);
#1910=ADVANCED_FACE('',(#1616),#1792,.F.);
#1911=ADVANCED_FACE('',(#1617),#1793,.T.);
#1912=ADVANCED_FACE('',(#1618),#1794,.T.);
#1913=ADVANCED_FACE('',(#1619),#1795,.T.);
#1914=ADVANCED_FACE('',(#1620),#1796,.T.);
#1915=ADVANCED_FACE('',(#1621),#1797,.T.);
#1916=ADVANCED_FACE('',(#1622),#1798,.F.);
#1917=ADVANCED_FACE('',(#1623),#1799,.F.);
#1918=ADVANCED_FACE('',(#1624),#1800,.T.);
#1919=ADVANCED_FACE('',(#1625),#1801,.F.);
#1920=ADVANCED_FACE('',(#1626),#1802,.F.);
#1921=ADVANCED_FACE('',(#1627),#1803,.T.);
#1922=ADVANCED_FACE('',(#1628),#1804,.T.);
#1923=ADVANCED_FACE('',(#1629),#1805,.T.);
#1924=ADVANCED_FACE('',(#1630),#1806,.T.);
#1925=ADVANCED_FACE('',(#1631),#1807,.T.);
#1926=ADVANCED_FACE('',(#1632),#1808,.T.);
#1927=ADVANCED_FACE('',(#1633),#1809,.F.);
#1928=ADVANCED_FACE('',(#1634),#1810,.T.);
#1929=ADVANCED_FACE('',(#1635),#1811,.F.);
#1930=ADVANCED_FACE('',(#1636),#1812,.F.);
#1931=ADVANCED_FACE('',(#1637),#1813,.T.);
#1932=ADVANCED_FACE('',(#1638),#1814,.T.);
#1933=ADVANCED_FACE('',(#1639),#1815,.T.);
#1934=ADVANCED_FACE('',(#1640),#1816,.T.);
#1935=ADVANCED_FACE('',(#1641),#1817,.T.);
#1936=ADVANCED_FACE('',(#1642),#1818,.T.);
#1937=ADVANCED_FACE('',(#1643),#1819,.F.);
#1938=ADVANCED_FACE('',(#1644),#1820,.F.);
#1939=ADVANCED_FACE('',(#1645),#1821,.F.);
#1940=ADVANCED_FACE('',(#1646),#1822,.T.);
#1941=ADVANCED_FACE('',(#1647),#1823,.F.);
#1942=ADVANCED_FACE('',(#1648),#1824,.T.);
#1943=ADVANCED_FACE('',(#1649),#1825,.T.);
#1944=ADVANCED_FACE('',(#1650),#1826,.T.);
#1945=ADVANCED_FACE('',(#1651),#1827,.T.);
#1946=ADVANCED_FACE('',(#1652),#1828,.T.);
#1947=ADVANCED_FACE('',(#1653),#1829,.F.);
#1948=ADVANCED_FACE('',(#1654),#1830,.F.);
#1949=ADVANCED_FACE('',(#1655),#1831,.T.);
#1950=ADVANCED_FACE('',(#1656),#1832,.F.);
#1951=ADVANCED_FACE('',(#1657),#1833,.F.);
#1952=ADVANCED_FACE('',(#1658),#1834,.F.);
#1953=ADVANCED_FACE('',(#1659),#1835,.T.);
#1954=ADVANCED_FACE('',(#1660),#1836,.T.);
#1955=ADVANCED_FACE('',(#1661),#1837,.T.);
#1956=ADVANCED_FACE('',(#1662),#1838,.T.);
#1957=ADVANCED_FACE('',(#1663),#1839,.T.);
#1958=ADVANCED_FACE('',(#1664),#1840,.F.);
#1959=ADVANCED_FACE('',(#1665),#1841,.T.);
#1960=ADVANCED_FACE('',(#1666),#1842,.F.);
#1961=ADVANCED_FACE('',(#1667),#1843,.T.);
#1962=ADVANCED_FACE('',(#1668),#1844,.T.);
#1963=ADVANCED_FACE('',(#1669),#1845,.T.);
#1964=ADVANCED_FACE('',(#1670,#1671),#1846,.F.);
#1965=ADVANCED_FACE('',(#1672,#1673),#440,.F.);
#1966=ADVANCED_FACE('',(#1674,#1675),#441,.T.);
#1967=ADVANCED_FACE('',(#1676,#1677),#1847,.F.);
#1968=ADVANCED_FACE('',(#1678,#1679),#1848,.F.);
#1969=ADVANCED_FACE('',(#1680,#1681),#442,.F.);
#1970=ADVANCED_FACE('',(#1682,#1683),#443,.T.);
#1971=ADVANCED_FACE('',(#1684,#1685),#1849,.F.);
#1972=ADVANCED_FACE('',(#1686,#1687),#1850,.F.);
#1973=ADVANCED_FACE('',(#1688,#1689),#444,.F.);
#1974=ADVANCED_FACE('',(#1690,#1691),#445,.T.);
#1975=ADVANCED_FACE('',(#1692,#1693),#446,.F.);
#1976=ADVANCED_FACE('',(#1694,#1695),#1851,.T.);
#1977=ADVANCED_FACE('',(#1696,#1697),#1852,.F.);
#1978=ADVANCED_FACE('',(#1698,#1699),#447,.F.);
#1979=ADVANCED_FACE('',(#1700,#1701),#448,.T.);
#1980=ADVANCED_FACE('',(#1702,#1703),#1853,.T.);
#1981=ADVANCED_FACE('',(#1704,#1705),#449,.F.);
#1982=ADVANCED_FACE('',(#1706,#1707),#10,.F.);
#1983=ADVANCED_FACE('',(#1708,#1709),#11,.F.);
#1984=ADVANCED_FACE('',(#1710,#1711),#12,.F.);
#1985=ADVANCED_FACE('',(#1712,#1713),#13,.F.);
#1986=ADVANCED_FACE('',(#1714,#1715),#14,.F.);
#1987=ADVANCED_FACE('',(#1716,#1717),#15,.F.);
#1988=ADVANCED_FACE('',(#1718,#1719),#16,.F.);
#1989=ADVANCED_FACE('',(#1720,#1721),#17,.F.);
#1990=ADVANCED_FACE('',(#1722,#1723),#1854,.F.);
#1991=ADVANCED_FACE('',(#1724,#1725),#1855,.F.);
#1992=ADVANCED_FACE('',(#1726,#1727),#450,.T.);
#1993=ADVANCED_FACE('',(#1728,#1729),#451,.F.);
#1994=ADVANCED_FACE('',(#1730,#1731),#1856,.T.);
#1995=ADVANCED_FACE('',(#1732,#1733),#1857,.F.);
#1996=ADVANCED_FACE('',(#1734,#1735),#452,.T.);
#1997=ADVANCED_FACE('',(#1736,#1737),#453,.F.);
#1998=ADVANCED_FACE('',(#1738,#1739),#1858,.T.);
#1999=ADVANCED_FACE('',(#1740,#1741),#1859,.F.);
#2000=ADVANCED_FACE('',(#1742,#1743),#454,.T.);
#2001=ADVANCED_FACE('',(#1744,#1745),#455,.F.);
#2002=CLOSED_SHELL('',(#1860,#1861,#1862,#1863));
#2003=CLOSED_SHELL('',(#1864,#1865,#1866,#1867,#1868,#1869,#1870,#1871,
#1872,#1873,#1874,#1875,#1876,#1877,#1878,#1879,#1880,#1881,#1882,#1883,
#1884,#1885,#1886,#1887,#1888,#1889,#1890,#1891,#1892,#1893,#1894,#1895,
#1896,#1897,#1898,#1899,#1900,#1901,#1902,#1903,#1904,#1905,#1906,#1907,
#1908,#1909,#1910,#1911,#1912,#1913,#1914,#1915,#1916,#1917,#1918,#1919,
#1920,#1921,#1922,#1923,#1924,#1925,#1926,#1927,#1928,#1929,#1930,#1931,
#1932,#1933,#1934,#1935,#1936,#1937,#1938,#1939,#1940,#1941,#1942,#1943,
#1944,#1945,#1946,#1947,#1948,#1949,#1950,#1951,#1952,#1953,#1954,#1955,
#1956,#1957,#1958,#1959,#1960,#1961,#1962,#1963,#1964,#1965,#1966,#1967,
#1968,#1969,#1970,#1971,#1972,#1973,#1974,#1975,#1976,#1977,#1978,#1979,
#1980,#1981,#1982,#1983,#1984,#1985,#1986,#1987,#1988,#1989));
#2004=CLOSED_SHELL('',(#1990,#1991,#1992,#1993));
#2005=CLOSED_SHELL('',(#1994,#1995,#1996,#1997));
#2006=CLOSED_SHELL('',(#1998,#1999,#2000,#2001));
#2007=STYLED_ITEM('',(#2012),#2044);
#2008=STYLED_ITEM('',(#2013),#2045);
#2009=STYLED_ITEM('',(#2014),#2046);
#2010=STYLED_ITEM('',(#2015),#2047);
#2011=STYLED_ITEM('',(#2016),#2048);
#2012=PRESENTATION_STYLE_ASSIGNMENT((#2017));
#2013=PRESENTATION_STYLE_ASSIGNMENT((#2018));
#2014=PRESENTATION_STYLE_ASSIGNMENT((#2019));
#2015=PRESENTATION_STYLE_ASSIGNMENT((#2020));
#2016=PRESENTATION_STYLE_ASSIGNMENT((#2021));
#2017=SURFACE_STYLE_USAGE(.BOTH.,#2022);
#2018=SURFACE_STYLE_USAGE(.BOTH.,#2023);
#2019=SURFACE_STYLE_USAGE(.BOTH.,#2024);
#2020=SURFACE_STYLE_USAGE(.BOTH.,#2025);
#2021=SURFACE_STYLE_USAGE(.BOTH.,#2026);
#2022=SURFACE_SIDE_STYLE('',(#2027));
#2023=SURFACE_SIDE_STYLE('',(#2028));
#2024=SURFACE_SIDE_STYLE('',(#2029));
#2025=SURFACE_SIDE_STYLE('',(#2030));
#2026=SURFACE_SIDE_STYLE('',(#2031));
#2027=SURFACE_STYLE_FILL_AREA(#2032);
#2028=SURFACE_STYLE_FILL_AREA(#2033);
#2029=SURFACE_STYLE_FILL_AREA(#2034);
#2030=SURFACE_STYLE_FILL_AREA(#2035);
#2031=SURFACE_STYLE_FILL_AREA(#2036);
#2032=FILL_AREA_STYLE('',(#2037));
#2033=FILL_AREA_STYLE('',(#2038));
#2034=FILL_AREA_STYLE('',(#2039));
#2035=FILL_AREA_STYLE('',(#2040));
#2036=FILL_AREA_STYLE('',(#2041));
#2037=FILL_AREA_STYLE_COLOUR('',#2042);
#2038=FILL_AREA_STYLE_COLOUR('',#2043);
#2039=FILL_AREA_STYLE_COLOUR('',#2042);
#2040=FILL_AREA_STYLE_COLOUR('',#2042);
#2041=FILL_AREA_STYLE_COLOUR('',#2042);
#2042=COLOUR_RGB('',0.501960784313726,0.501960784313726,0.501960784313726);
#2043=COLOUR_RGB('',0.4,0.4,0.4);
#2044=MANIFOLD_SOLID_BREP('Arm Front Right',#2002);
#2045=MANIFOLD_SOLID_BREP('Fuselage',#2003);
#2046=MANIFOLD_SOLID_BREP('Arm Front Left',#2004);
#2047=MANIFOLD_SOLID_BREP('Arm Back Right',#2005);
#2048=MANIFOLD_SOLID_BREP('Arm Back Left',#2006);
#2049=SHAPE_DEFINITION_REPRESENTATION(#3809,#2055);
#2050=SHAPE_DEFINITION_REPRESENTATION(#3810,#2056);
#2051=SHAPE_DEFINITION_REPRESENTATION(#3812,#2057);
#2052=SHAPE_DEFINITION_REPRESENTATION(#3814,#2058);
#2053=SHAPE_DEFINITION_REPRESENTATION(#3816,#2059);
#2054=SHAPE_DEFINITION_REPRESENTATION(#3818,#2060);
#2055=SHAPE_REPRESENTATION('Prototype Assembly',(#2061,#2070,#2219,#2228,
#2237,#2246),#3794);
#2056=SHAPE_REPRESENTATION('Arm Front Right',(#2061),#3795);
#2057=SHAPE_REPRESENTATION('Fuselage',(#2061),#3796);
#2058=SHAPE_REPRESENTATION('Arm Front Left',(#2061),#3797);
#2059=SHAPE_REPRESENTATION('Arm Back Right',(#2061),#3798);
#2060=SHAPE_REPRESENTATION('Arm Back Left',(#2061),#3799);
#2061=AXIS2_PLACEMENT_3D('',#2813,#2247,#2248);
#2062=AXIS2_PLACEMENT_3D('',#2814,#2249,#2250);
#2063=AXIS2_PLACEMENT_3D('',#2815,#2251,#2252);
#2064=AXIS2_PLACEMENT_3D('',#2817,#2253,#2254);
#2065=AXIS2_PLACEMENT_3D('',#2819,#2255,#2256);
#2066=AXIS2_PLACEMENT_3D('',#2820,#2257,#2258);
#2067=AXIS2_PLACEMENT_3D('',#2822,#2259,#2260);
#2068=AXIS2_PLACEMENT_3D('',#2824,#2261,#2262);
#2069=AXIS2_PLACEMENT_3D('',#2825,#2263,#2264);
#2070=AXIS2_PLACEMENT_3D('',#2826,#2265,#2266);
#2071=AXIS2_PLACEMENT_3D('',#2827,#2267,#2268);
#2072=AXIS2_PLACEMENT_3D('',#2828,#2269,#2270);
#2073=AXIS2_PLACEMENT_3D('',#2830,#2271,#2272);
#2074=AXIS2_PLACEMENT_3D('',#2832,#2273,#2274);
#2075=AXIS2_PLACEMENT_3D('',#2833,#2275,#2276);
#2076=AXIS2_PLACEMENT_3D('',#2835,#2277,#2278);
#2077=AXIS2_PLACEMENT_3D('',#2836,#2279,#2280);
#2078=AXIS2_PLACEMENT_3D('',#2838,#2281,#2282);
#2079=AXIS2_PLACEMENT_3D('',#2874,#2300,#2301);
#2080=AXIS2_PLACEMENT_3D('',#2875,#2302,#2303);
#2081=AXIS2_PLACEMENT_3D('',#2877,#2304,#2305);
#2082=AXIS2_PLACEMENT_3D('',#2913,#2323,#2324);
#2083=AXIS2_PLACEMENT_3D('',#2922,#2329,#2330);
#2084=AXIS2_PLACEMENT_3D('',#2931,#2335,#2336);
#2085=AXIS2_PLACEMENT_3D('',#2940,#2341,#2342);
#2086=AXIS2_PLACEMENT_3D('',#2949,#2347,#2348);
#2087=AXIS2_PLACEMENT_3D('',#2958,#2353,#2354);
#2088=AXIS2_PLACEMENT_3D('',#2967,#2359,#2360);
#2089=AXIS2_PLACEMENT_3D('',#2976,#2365,#2366);
#2090=AXIS2_PLACEMENT_3D('',#2985,#2371,#2372);
#2091=AXIS2_PLACEMENT_3D('',#2994,#2377,#2378);
#2092=AXIS2_PLACEMENT_3D('',#3003,#2383,#2384);
#2093=AXIS2_PLACEMENT_3D('',#3012,#2389,#2390);
#2094=AXIS2_PLACEMENT_3D('',#3021,#2395,#2396);
#2095=AXIS2_PLACEMENT_3D('',#3030,#2401,#2402);
#2096=AXIS2_PLACEMENT_3D('',#3039,#2407,#2408);
#2097=AXIS2_PLACEMENT_3D('',#3048,#2413,#2414);
#2098=AXIS2_PLACEMENT_3D('',#3057,#2419,#2420);
#2099=AXIS2_PLACEMENT_3D('',#3060,#2423,#2424);
#2100=AXIS2_PLACEMENT_3D('',#3063,#2427,#2428);
#2101=AXIS2_PLACEMENT_3D('',#3066,#2431,#2432);
#2102=AXIS2_PLACEMENT_3D('',#3068,#2434,#2435);
#2103=AXIS2_PLACEMENT_3D('',#3070,#2437,#2438);
#2104=AXIS2_PLACEMENT_3D('',#3073,#2441,#2442);
#2105=AXIS2_PLACEMENT_3D('',#3075,#2444,#2445);
#2106=AXIS2_PLACEMENT_3D('',#3077,#2447,#2448);
#2107=AXIS2_PLACEMENT_3D('',#3080,#2451,#2452);
#2108=AXIS2_PLACEMENT_3D('',#3082,#2454,#2455);
#2109=AXIS2_PLACEMENT_3D('',#3084,#2457,#2458);
#2110=AXIS2_PLACEMENT_3D('',#3087,#2461,#2462);
#2111=AXIS2_PLACEMENT_3D('',#3089,#2464,#2465);
#2112=AXIS2_PLACEMENT_3D('',#3091,#2467,#2468);
#2113=AXIS2_PLACEMENT_3D('',#3093,#2470,#2471);
#2114=AXIS2_PLACEMENT_3D('',#3095,#2473,#2474);
#2115=AXIS2_PLACEMENT_3D('',#3097,#2476,#2477);
#2116=AXIS2_PLACEMENT_3D('',#3099,#2479,#2480);
#2117=AXIS2_PLACEMENT_3D('',#3102,#2483,#2484);
#2118=AXIS2_PLACEMENT_3D('',#3104,#2486,#2487);
#2119=AXIS2_PLACEMENT_3D('',#3106,#2489,#2490);
#2120=AXIS2_PLACEMENT_3D('',#3109,#2493,#2494);
#2121=AXIS2_PLACEMENT_3D('',#3111,#2496,#2497);
#2122=AXIS2_PLACEMENT_3D('',#3113,#2499,#2500);
#2123=AXIS2_PLACEMENT_3D('',#3115,#2502,#2503);
#2124=AXIS2_PLACEMENT_3D('',#3117,#2505,#2506);
#2125=AXIS2_PLACEMENT_3D('',#3119,#2508,#2509);
#2126=AXIS2_PLACEMENT_3D('',#3121,#2511,#2512);
#2127=AXIS2_PLACEMENT_3D('',#3124,#2515,#2516);
#2128=AXIS2_PLACEMENT_3D('',#3126,#2518,#2519);
#2129=AXIS2_PLACEMENT_3D('',#3128,#2521,#2522);
#2130=AXIS2_PLACEMENT_3D('',#3131,#2525,#2526);
#2131=AXIS2_PLACEMENT_3D('',#3133,#2528,#2529);
#2132=AXIS2_PLACEMENT_3D('',#3135,#2531,#2532);
#2133=AXIS2_PLACEMENT_3D('',#3137,#2534,#2535);
#2134=AXIS2_PLACEMENT_3D('',#3139,#2537,#2538);
#2135=AXIS2_PLACEMENT_3D('',#3141,#2540,#2541);
#2136=AXIS2_PLACEMENT_3D('',#3143,#2543,#2544);
#2137=AXIS2_PLACEMENT_3D('',#3146,#2547,#2548);
#2138=AXIS2_PLACEMENT_3D('',#3148,#2550,#2551);
#2139=AXIS2_PLACEMENT_3D('',#3150,#2553,#2554);
#2140=AXIS2_PLACEMENT_3D('',#3153,#2557,#2558);
#2141=AXIS2_PLACEMENT_3D('',#3155,#2560,#2561);
#2142=AXIS2_PLACEMENT_3D('',#3157,#2563,#2564);
#2143=AXIS2_PLACEMENT_3D('',#3159,#2566,#2567);
#2144=AXIS2_PLACEMENT_3D('',#3161,#2569,#2570);
#2145=AXIS2_PLACEMENT_3D('',#3163,#2572,#2573);
#2146=AXIS2_PLACEMENT_3D('',#3165,#2575,#2576);
#2147=AXIS2_PLACEMENT_3D('',#3168,#2579,#2580);
#2148=AXIS2_PLACEMENT_3D('',#3170,#2582,#2583);
#2149=AXIS2_PLACEMENT_3D('',#3172,#2585,#2586);
#2150=AXIS2_PLACEMENT_3D('',#3175,#2589,#2590);
#2151=AXIS2_PLACEMENT_3D('',#3177,#2592,#2593);
#2152=AXIS2_PLACEMENT_3D('',#3179,#2595,#2596);
#2153=AXIS2_PLACEMENT_3D('',#3181,#2598,#2599);
#2154=AXIS2_PLACEMENT_3D('',#3183,#2601,#2602);
#2155=AXIS2_PLACEMENT_3D('',#3185,#2604,#2605);
#2156=AXIS2_PLACEMENT_3D('',#3187,#2607,#2608);
#2157=AXIS2_PLACEMENT_3D('',#3190,#2611,#2612);
#2158=AXIS2_PLACEMENT_3D('',#3192,#2614,#2615);
#2159=AXIS2_PLACEMENT_3D('',#3194,#2617,#2618);
#2160=AXIS2_PLACEMENT_3D('',#3197,#2621,#2622);
#2161=AXIS2_PLACEMENT_3D('',#3199,#2624,#2625);
#2162=AXIS2_PLACEMENT_3D('',#3201,#2627,#2628);
#2163=AXIS2_PLACEMENT_3D('',#3203,#2630,#2631);
#2164=AXIS2_PLACEMENT_3D('',#3205,#2633,#2634);
#2165=AXIS2_PLACEMENT_3D('',#3207,#2636,#2637);
#2166=AXIS2_PLACEMENT_3D('',#3209,#2639,#2640);
#2167=AXIS2_PLACEMENT_3D('',#3212,#2643,#2644);
#2168=AXIS2_PLACEMENT_3D('',#3214,#2646,#2647);
#2169=AXIS2_PLACEMENT_3D('',#3216,#2649,#2650);
#2170=AXIS2_PLACEMENT_3D('',#3218,#2652,#2653);
#2171=AXIS2_PLACEMENT_3D('',#3220,#2655,#2656);
#2172=AXIS2_PLACEMENT_3D('',#3222,#2658,#2659);
#2173=AXIS2_PLACEMENT_3D('',#3224,#2661,#2662);
#2174=AXIS2_PLACEMENT_3D('',#3226,#2664,#2665);
#2175=AXIS2_PLACEMENT_3D('',#3228,#2667,#2668);
#2176=AXIS2_PLACEMENT_3D('',#3230,#2670,#2671);
#2177=AXIS2_PLACEMENT_3D('',#3232,#2673,#2674);
#2178=AXIS2_PLACEMENT_3D('',#3233,#2675,#2676);
#2179=AXIS2_PLACEMENT_3D('',#3234,#2677,#2678);
#2180=AXIS2_PLACEMENT_3D('',#3236,#2679,#2680);
#2181=AXIS2_PLACEMENT_3D('',#3238,#2681,#2682);
#2182=AXIS2_PLACEMENT_3D('',#3239,#2683,#2684);
#2183=AXIS2_PLACEMENT_3D('',#3241,#2685,#2686);
#2184=AXIS2_PLACEMENT_3D('',#3242,#2687,#2688);
#2185=AXIS2_PLACEMENT_3D('',#3244,#2689,#2690);
#2186=AXIS2_PLACEMENT_3D('',#3245,#2691,#2692);
#2187=AXIS2_PLACEMENT_3D('',#3247,#2693,#2694);
#2188=AXIS2_PLACEMENT_3D('',#3248,#2695,#2696);
#2189=AXIS2_PLACEMENT_3D('',#3250,#2697,#2698);
#2190=AXIS2_PLACEMENT_3D('',#3252,#2699,#2700);
#2191=AXIS2_PLACEMENT_3D('',#3253,#2701,#2702);
#2192=AXIS2_PLACEMENT_3D('',#3255,#2703,#2704);
#2193=AXIS2_PLACEMENT_3D('',#3256,#2705,#2706);
#2194=AXIS2_PLACEMENT_3D('',#3258,#2707,#2708);
#2195=AXIS2_PLACEMENT_3D('',#3259,#2709,#2710);
#2196=AXIS2_PLACEMENT_3D('',#3261,#2711,#2712);
#2197=AXIS2_PLACEMENT_3D('',#3263,#2713,#2714);
#2198=AXIS2_PLACEMENT_3D('',#3264,#2715,#2716);
#2199=AXIS2_PLACEMENT_3D('',#3266,#2717,#2718);
#2200=AXIS2_PLACEMENT_3D('',#3268,#2719,#2720);
#2201=AXIS2_PLACEMENT_3D('',#3269,#2721,#2722);
#2202=AXIS2_PLACEMENT_3D('',#3271,#2723,#2724);
#2203=AXIS2_PLACEMENT_3D('',#3272,#2725,#2726);
#2204=AXIS2_PLACEMENT_3D('',#3274,#2727,#2728);
#2205=AXIS2_PLACEMENT_3D('',#3275,#2729,#2730);
#2206=AXIS2_PLACEMENT_3D('',#3277,#2731,#2732);
#2207=AXIS2_PLACEMENT_3D('',#3279,#2733,#2734);
#2208=AXIS2_PLACEMENT_3D('',#3280,#2735,#2736);
#2209=AXIS2_PLACEMENT_3D('',#3282,#2737,#2738);
#2210=AXIS2_PLACEMENT_3D('',#3283,#2739,#2740);
#2211=AXIS2_PLACEMENT_3D('',#3285,#2741,#2742);
#2212=AXIS2_PLACEMENT_3D('',#3287,#2743,#2744);
#2213=AXIS2_PLACEMENT_3D('',#3288,#2745,#2746);
#2214=AXIS2_PLACEMENT_3D('',#3290,#2747,#2748);
#2215=AXIS2_PLACEMENT_3D('',#3291,#2749,#2750);
#2216=AXIS2_PLACEMENT_3D('',#3293,#2751,#2752);
#2217=AXIS2_PLACEMENT_3D('',#3294,#2753,#2754);
#2218=AXIS2_PLACEMENT_3D('',#3296,#2755,#2756);
#2219=AXIS2_PLACEMENT_3D('',#3753,#2757,#2758);
#2220=AXIS2_PLACEMENT_3D('',#3754,#2759,#2760);
#2221=AXIS2_PLACEMENT_3D('',#3755,#2761,#2762);
#2222=AXIS2_PLACEMENT_3D('',#3757,#2763,#2764);
#2223=AXIS2_PLACEMENT_3D('',#3759,#2765,#2766);
#2224=AXIS2_PLACEMENT_3D('',#3760,#2767,#2768);
#2225=AXIS2_PLACEMENT_3D('',#3762,#2769,#2770);
#2226=AXIS2_PLACEMENT_3D('',#3764,#2771,#2772);
#2227=AXIS2_PLACEMENT_3D('',#3765,#2773,#2774);
#2228=AXIS2_PLACEMENT_3D('',#3766,#2775,#2776);
#2229=AXIS2_PLACEMENT_3D('',#3767,#2777,#2778);
#2230=AXIS2_PLACEMENT_3D('',#3768,#2779,#2780);
#2231=AXIS2_PLACEMENT_3D('',#3770,#2781,#2782);
#2232=AXIS2_PLACEMENT_3D('',#3772,#2783,#2784);
#2233=AXIS2_PLACEMENT_3D('',#3773,#2785,#2786);
#2234=AXIS2_PLACEMENT_3D('',#3775,#2787,#2788);
#2235=AXIS2_PLACEMENT_3D('',#3777,#2789,#2790);
#2236=AXIS2_PLACEMENT_3D('',#3778,#2791,#2792);
#2237=AXIS2_PLACEMENT_3D('',#3779,#2793,#2794);
#2238=AXIS2_PLACEMENT_3D('',#3780,#2795,#2796);
#2239=AXIS2_PLACEMENT_3D('',#3781,#2797,#2798);
#2240=AXIS2_PLACEMENT_3D('',#3783,#2799,#2800);
#2241=AXIS2_PLACEMENT_3D('',#3785,#2801,#2802);
#2242=AXIS2_PLACEMENT_3D('',#3786,#2803,#2804);
#2243=AXIS2_PLACEMENT_3D('',#3788,#2805,#2806);
#2244=AXIS2_PLACEMENT_3D('',#3790,#2807,#2808);
#2245=AXIS2_PLACEMENT_3D('',#3791,#2809,#2810);
#2246=AXIS2_PLACEMENT_3D('',#3792,#2811,#2812);
#2247=DIRECTION('',(0.,0.,1.));
#2248=DIRECTION('',(1.,0.,0.));
#2249=DIRECTION('',(1.,6.12323399573681E-17,0.));
#2250=DIRECTION('',(-6.12323399573681E-17,1.,0.));
#2251=DIRECTION('',(1.,6.12323399573681E-17,0.));
#2252=DIRECTION('',(6.12323399573681E-17,-1.,0.));
#2253=DIRECTION('',(1.,6.12323399573681E-17,0.));
#2254=DIRECTION('',(6.12323399573681E-17,-1.,0.));
#2255=DIRECTION('',(-0.8926627368714,0.450725235815859,0.));
#2256=DIRECTION('',(-0.450725235815859,-0.8926627368714,0.));
#2257=DIRECTION('',(0.8926627368714,-0.450725235815859,0.));
#2258=DIRECTION('',(0.450725235815859,0.8926627368714,0.));
#2259=DIRECTION('',(0.8926627368714,-0.450725235815859,0.));
#2260=DIRECTION('',(0.450725235815859,0.8926627368714,0.));
#2261=DIRECTION('',(0.8926627368714,-0.450725235815859,0.));
#2262=DIRECTION('',(0.450725235815859,0.8926627368714,0.));
#2263=DIRECTION('',(0.8926627368714,-0.450725235815859,0.));
#2264=DIRECTION('',(0.450725235815859,0.8926627368714,0.));
#2265=DIRECTION('',(0.,0.,1.));
#2266=DIRECTION('',(1.,0.,0.));
#2267=DIRECTION('',(-0.892662736871398,0.450725235815863,2.42915308049695E-16));
#2268=DIRECTION('',(0.450725235815863,0.892662736871398,4.81094526067732E-16));
#2269=DIRECTION('',(-1.,6.12323399573681E-17,3.3000754209876E-32));
#2270=DIRECTION('',(6.12323399573681E-17,1.,5.38943215837451E-16));
#2271=DIRECTION('',(-1.,0.,0.));
#2272=DIRECTION('',(0.,1.,5.38943215837451E-16));
#2273=DIRECTION('',(0.892662736871398,0.450725235815863,2.42915308049695E-16));
#2274=DIRECTION('',(0.450725235815863,-0.892662736871398,-4.81094526067732E-16));
#2275=DIRECTION('',(-1.,0.,0.));
#2276=DIRECTION('',(0.,1.,5.38943215837451E-16));
#2277=DIRECTION('',(1.,0.,0.));
#2278=DIRECTION('',(0.,1.,0.));
#2279=DIRECTION('',(1.,0.,0.));
#2280=DIRECTION('',(0.,1.,5.38943215837451E-16));
#2281=DIRECTION('',(1.,0.,0.));
#2282=DIRECTION('',(0.,-1.,0.));
#2283=DIRECTION('',(0.,0.572804307200251,0.819692152977471));
#2284=DIRECTION('',(0.,0.,1.));
#2285=DIRECTION('',(0.,-0.975245435742363,0.221125168318055));
#2286=DIRECTION('',(0.,-1.,-2.41352831440252E-16));
#2287=DIRECTION('',(0.,-0.999847695156391,-0.017452406437284));
#2288=DIRECTION('',(0.,-0.996413173733364,-0.084621434699517));
#2289=DIRECTION('',(0.,-0.972039234882402,-0.234818495543332));
#2290=DIRECTION('',(0.,-0.92610220238168,-0.377272727272728));
#2291=DIRECTION('',(0.,-0.875544246002407,-0.483137944372078));
#2292=DIRECTION('',(0.,0.,-1.));
#2293=DIRECTION('',(0.,0.8226557864306,-0.56853975855014));
#2294=DIRECTION('',(0.,0.946412814236988,-0.322959417029486));
#2295=DIRECTION('',(0.,1.,2.66880534765662E-16));
#2296=DIRECTION('',(0.,-0.865909397453539,0.500200875050863));
#2297=DIRECTION('',(0.,0.499598169196701,-0.866257276642052));
#2298=DIRECTION('',(0.,0.896388342514394,-0.443269601263494));
#2299=DIRECTION('',(0.,1.,0.));
#2300=DIRECTION('',(1.,0.,0.));
#2301=DIRECTION('',(0.,1.,0.));
#2302=DIRECTION('',(1.,0.,0.));
#2303=DIRECTION('',(0.,1.,5.38943215837451E-16));
#2304=DIRECTION('',(1.,0.,0.));
#2305=DIRECTION('',(0.,-1.,0.));
#2306=DIRECTION('',(0.,1.,2.41352831440252E-16));
#2307=DIRECTION('',(0.,0.975245435742363,-0.221125168318055));
#2308=DIRECTION('',(0.,0.,-1.));
#2309=DIRECTION('',(0.,-0.572804307200251,-0.819692152977471));
#2310=DIRECTION('',(0.,-1.,0.));
#2311=DIRECTION('',(0.,-0.896388342514394,0.443269601263494));
#2312=DIRECTION('',(0.,-0.499598169196701,0.866257276642052));
#2313=DIRECTION('',(0.,0.865909397453539,-0.500200875050863));
#2314=DIRECTION('',(0.,-1.,-2.66880534765662E-16));
#2315=DIRECTION('',(0.,-0.946412814236988,0.322959417029486));
#2316=DIRECTION('',(0.,-0.8226557864306,0.56853975855014));
#2317=DIRECTION('',(0.,0.,1.));
#2318=DIRECTION('',(0.,0.875544246002407,0.483137944372078));
#2319=DIRECTION('',(0.,0.92610220238168,0.377272727272728));
#2320=DIRECTION('',(0.,0.972039234882402,0.234818495543332));
#2321=DIRECTION('',(0.,0.996413173733364,0.084621434699517));
#2322=DIRECTION('',(0.,0.999847695156391,0.017452406437284));
#2323=DIRECTION('',(0.,-1.,0.));
#2324=DIRECTION('',(0.,0.,-1.));
#2325=DIRECTION('',(0.,0.,1.));
#2326=DIRECTION('',(-1.,0.,0.));
#2327=DIRECTION('',(0.,0.,-1.));
#2328=DIRECTION('',(1.,0.,0.));
#2329=DIRECTION('',(0.,0.56853975855014,0.8226557864306));
#2330=DIRECTION('',(0.,-0.8226557864306,0.56853975855014));
#2331=DIRECTION('',(0.,0.8226557864306,-0.56853975855014));
#2332=DIRECTION('',(1.,0.,0.));
#2333=DIRECTION('',(0.,-0.8226557864306,0.56853975855014));
#2334=DIRECTION('',(-1.,0.,0.));
#2335=DIRECTION('',(0.,0.322959417029485,0.946412814236988));
#2336=DIRECTION('',(0.,-0.946412814236988,0.322959417029485));
#2337=DIRECTION('',(0.,0.946412814236988,-0.322959417029485));
#2338=DIRECTION('',(1.,0.,0.));
#2339=DIRECTION('',(0.,-0.946412814236988,0.322959417029485));
#2340=DIRECTION('',(-1.,0.,0.));
#2341=DIRECTION('',(0.,-2.66880534765662E-16,1.));
#2342=DIRECTION('',(0.,-1.,-2.66880534765662E-16));
#2343=DIRECTION('',(0.,1.,2.66880534765662E-16));
#2344=DIRECTION('',(1.,0.,0.));
#2345=DIRECTION('',(0.,-1.,-2.66880534765662E-16));
#2346=DIRECTION('',(-1.,0.,0.));
#2347=DIRECTION('',(0.,-0.866257276642052,-0.499598169196701));
#2348=DIRECTION('',(0.,0.499598169196701,-0.866257276642052));
#2349=DIRECTION('',(0.,0.499598169196701,-0.866257276642052));
#2350=DIRECTION('',(1.,0.,0.));
#2351=DIRECTION('',(0.,-0.499598169196701,0.866257276642052));
#2352=DIRECTION('',(-1.,0.,0.));
#2353=DIRECTION('',(0.,-0.443269601263494,-0.896388342514394));
#2354=DIRECTION('',(0.,0.896388342514394,-0.443269601263494));
#2355=DIRECTION('',(0.,0.896388342514394,-0.443269601263494));
#2356=DIRECTION('',(1.,0.,0.));
#2357=DIRECTION('',(0.,-0.896388342514394,0.443269601263494));
#2358=DIRECTION('',(-1.,0.,0.));
#2359=DIRECTION('',(0.,0.,-1.));
#2360=DIRECTION('',(-1.,0.,0.));
#2361=DIRECTION('',(0.,1.,0.));
#2362=DIRECTION('',(1.,0.,0.));
#2363=DIRECTION('',(0.,-1.,0.));
#2364=DIRECTION('',(-1.,0.,0.));
#2365=DIRECTION('',(0.,-0.819692152977471,0.572804307200251));
#2366=DIRECTION('',(0.,-0.572804307200251,-0.819692152977471));
#2367=DIRECTION('',(0.,-0.572804307200251,-0.819692152977471));
#2368=DIRECTION('',(-1.,0.,0.));
#2369=DIRECTION('',(0.,0.572804307200251,0.819692152977471));
#2370=DIRECTION('',(1.,0.,0.));
#2371=DIRECTION('',(0.,-1.,0.));
#2372=DIRECTION('',(0.,0.,-1.));
#2373=DIRECTION('',(0.,0.,-1.));
#2374=DIRECTION('',(-1.,0.,0.));
#2375=DIRECTION('',(0.,0.,1.));
#2376=DIRECTION('',(1.,0.,0.));
#2377=DIRECTION('',(0.,-0.221125168318055,-0.975245435742363));
#2378=DIRECTION('',(0.,0.975245435742363,-0.221125168318055));
#2379=DIRECTION('',(0.,0.975245435742363,-0.221125168318055));
#2380=DIRECTION('',(-1.,0.,0.));
#2381=DIRECTION('',(0.,-0.975245435742363,0.221125168318055));
#2382=DIRECTION('',(1.,0.,0.));
#2383=DIRECTION('',(0.,-2.41352831440252E-16,1.));
#2384=DIRECTION('',(0.,-1.,-2.41352831440252E-16));
#2385=DIRECTION('',(0.,1.,2.41352831440252E-16));
#2386=DIRECTION('',(-1.,0.,0.));
#2387=DIRECTION('',(0.,-1.,-2.41352831440252E-16));
#2388=DIRECTION('',(1.,0.,0.));
#2389=DIRECTION('',(0.,-0.017452406437284,0.999847695156391));
#2390=DIRECTION('',(0.,-0.999847695156391,-0.017452406437284));
#2391=DIRECTION('',(0.,0.999847695156391,0.017452406437284));
#2392=DIRECTION('',(-1.,0.,0.));
#2393=DIRECTION('',(0.,-0.999847695156391,-0.017452406437284));
#2394=DIRECTION('',(1.,0.,0.));
#2395=DIRECTION('',(0.,-0.0846214346995171,0.996413173733364));
#2396=DIRECTION('',(0.,-0.996413173733364,-0.0846214346995171));
#2397=DIRECTION('',(0.,0.996413173733364,0.0846214346995171));
#2398=DIRECTION('',(-1.,0.,0.));
#2399=DIRECTION('',(0.,-0.996413173733364,-0.0846214346995171));
#2400=DIRECTION('',(1.,0.,0.));
#2401=DIRECTION('',(0.,-0.234818495543332,0.972039234882402));
#2402=DIRECTION('',(0.,-0.972039234882402,-0.234818495543332));
#2403=DIRECTION('',(0.,-0.972039234882402,-0.234818495543332));
#2404=DIRECTION('',(1.,0.,0.));
#2405=DIRECTION('',(0.,0.972039234882402,0.234818495543332));
#2406=DIRECTION('',(-1.,0.,0.));
#2407=DIRECTION('',(0.,-0.377272727272728,0.92610220238168));
#2408=DIRECTION('',(0.,-0.92610220238168,-0.377272727272728));
#2409=DIRECTION('',(0.,-0.92610220238168,-0.377272727272728));
#2410=DIRECTION('',(1.,0.,0.));
#2411=DIRECTION('',(0.,0.92610220238168,0.377272727272728));
#2412=DIRECTION('',(-1.,0.,0.));
#2413=DIRECTION('',(0.,-0.483137944372078,0.875544246002407));
#2414=DIRECTION('',(0.,-0.875544246002407,-0.483137944372078));
#2415=DIRECTION('',(0.,0.875544246002407,0.483137944372078));
#2416=DIRECTION('',(-1.,0.,0.));
#2417=DIRECTION('',(0.,-0.875544246002407,-0.483137944372078));
#2418=DIRECTION('',(1.,0.,0.));
#2419=DIRECTION('',(-0.707106781186548,-0.341630116714025,0.619103273577164));
#2420=DIRECTION('',(0.,-0.875544246002407,-0.483137944372078));
#2421=DIRECTION('',(-0.679184283379347,0.0845283920912951,-0.729084124186601));
#2422=DIRECTION('',(0.588649710412373,-0.769503493126037,0.247701216182433));
#2423=DIRECTION('',(-0.54668537446601,-0.721068676665362,0.425670136228772));
#2424=DIRECTION('',(0.796868031629606,-0.604153407808611,0.));
#2425=DIRECTION('',(1.44933397067827E-15,-0.508361119494754,-0.861143990390713));
#2426=DIRECTION('',(0.679184283379347,-0.679184283379347,-0.278239857714466));
#2427=DIRECTION('',(-0.68609323181754,-0.31352010269928,0.656491601208726));
#2428=DIRECTION('',(0.69134830186046,0.,0.722521643630597));
#2429=DIRECTION('',(-0.588649710412359,-0.291035166980735,-0.754181708881846));
#2430=DIRECTION('',(-7.28181445191963E-16,-0.902377051066583,-0.430947395523372));
#2431=DIRECTION('',(-0.707106781186548,-0.707106781186548,0.));
#2432=DIRECTION('',(0.,0.,-1.));
#2433=DIRECTION('',(-0.670231876003164,0.670231876003164,-0.318713766220663));
#2434=DIRECTION('',(0.,0.861143990390713,-0.508361119494754));
#2435=DIRECTION('',(-1.,0.,0.));
#2436=DIRECTION('',(3.32379517414767E-16,0.508361119494754,0.861143990390713));
#2437=DIRECTION('',(-0.707106781186548,0.341630116714025,-0.619103273577164));
#2438=DIRECTION('',(0.,0.875544246002407,0.483137944372078));
#2439=DIRECTION('',(-0.588649710412366,-0.769503493126046,0.24770121618242));
#2440=DIRECTION('',(0.679184283379346,0.0845283920912938,-0.729084124186602));
#2441=DIRECTION('',(0.,0.430947395523372,-0.902377051066583));
#2442=DIRECTION('',(-1.,0.,0.));
#2443=DIRECTION('',(-2.98238299628579E-16,0.902377051066583,0.430947395523372));
#2444=DIRECTION('',(-0.707106781186549,-0.266772103811288,0.654853147375881));
#2445=DIRECTION('',(0.,-0.92610220238168,-0.377272727272728));
#2446=DIRECTION('',(0.591774641505885,-0.730173915118932,0.34153891044868));
#2447=DIRECTION('',(-0.553579055132065,-0.737516477736591,-0.386807025254329));
#2448=DIRECTION('',(0.799770030708807,-0.600306503363102,0.));
#2449=DIRECTION('',(1.00276827160693E-16,-0.464467566924679,0.88559013052036));
#2450=DIRECTION('',(-0.670231876003161,0.118861744958923,0.732571578737944));
#2451=DIRECTION('',(0.54668537446601,-0.721068676665362,0.425670136228773));
#2452=DIRECTION('',(0.796868031629606,0.604153407808611,0.));
#2453=DIRECTION('',(-0.679184283379346,-0.679184283379347,-0.278239857714466));
#2454=DIRECTION('',(0.686093231817539,-0.31352010269928,0.656491601208727));
#2455=DIRECTION('',(0.691348301860461,0.,-0.722521643630596));
#2456=DIRECTION('',(0.588649710412356,-0.291035166980744,-0.754181708881846));
#2457=DIRECTION('',(-0.680215664849825,-0.224966003211213,0.697636686744672));
#2458=DIRECTION('',(0.715989933477937,0.,0.69811060381451));
#2459=DIRECTION('',(-0.591774641505901,-0.393098053445488,-0.703758974399567));
#2460=DIRECTION('',(-6.5286530845788E-16,-0.951739739108934,-0.306906287001191));
#2461=DIRECTION('',(0.707106781186549,0.402018318644966,0.581705485167428));
#2462=DIRECTION('',(0.,0.8226557864306,-0.56853975855014));
#2463=DIRECTION('',(0.60394218200015,-0.771231320579654,-0.20113699549775));
#2464=DIRECTION('',(0.,-0.88559013052036,-0.464467566924679));
#2465=DIRECTION('',(1.,0.,0.));
#2466=DIRECTION('',(2.60719750617802E-15,0.464467566924679,-0.88559013052036));
#2467=DIRECTION('',(-0.707106781186548,0.707106781186547,0.));
#2468=DIRECTION('',(0.,0.,1.));
#2469=DIRECTION('',(0.670231876003163,0.670231876003164,-0.318713766220664));
#2470=DIRECTION('',(-0.707106781186549,0.266772103811288,-0.654853147375881));
#2471=DIRECTION('',(0.,0.92610220238168,0.377272727272728));
#2472=DIRECTION('',(-0.591774641505884,-0.730173915118934,0.341538910448678));
#2473=DIRECTION('',(0.,0.306906287001191,-0.951739739108934));
#2474=DIRECTION('',(-1.,0.,0.));
#2475=DIRECTION('',(-1.09363739172864E-16,0.951739739108934,0.306906287001191));
#2476=DIRECTION('',(-0.707106781186546,-0.166041750546714,0.687335534564732));
#2477=DIRECTION('',(0.,-0.972039234882402,-0.234818495543332));
#2478=DIRECTION('',(0.592014763850867,-0.670568664970564,0.447052776461793));
#2479=DIRECTION('',(-0.65726110590716,-0.339166451969138,-0.673033399260664));
#2480=DIRECTION('',(-0.715440127070802,0.,0.698674047447674));
#2481=DIRECTION('',(1.97863728549468E-16,0.89301643574032,-0.450024049910286));
#2482=DIRECTION('',(-0.603942182000156,-0.297183830215483,0.73955095284865));
#2483=DIRECTION('',(0.553579055132065,-0.737516477736591,-0.386807025254328));
#2484=DIRECTION('',(0.799770030708807,0.600306503363102,0.));
#2485=DIRECTION('',(0.670231876003161,0.118861744958925,0.732571578737943));
#2486=DIRECTION('',(0.680215664849825,-0.224966003211214,0.697636686744672));
#2487=DIRECTION('',(0.715989933477937,0.,-0.69811060381451));
#2488=DIRECTION('',(0.591774641505899,-0.393098053445491,-0.703758974399567));
#2489=DIRECTION('',(-0.679763307593471,-0.117484173316028,0.723960851614114));
#2490=DIRECTION('',(0.729009420457378,0.,0.684503663163608));
#2491=DIRECTION('',(-0.592014763850861,-0.494784222867765,-0.636165931329045));
#2492=DIRECTION('',(3.20112053164352E-16,-0.987087134207428,-0.160184236060128));
#2493=DIRECTION('',(0.707106781186547,0.228366793829604,0.669214918748819));
#2494=DIRECTION('',(0.,0.946412814236988,-0.322959417029485));
#2495=DIRECTION('',(0.609068028373473,-0.677489671900277,-0.412363772998678));
#2496=DIRECTION('',(0.,0.450024049910286,0.89301643574032));
#2497=DIRECTION('',(-1.,0.,0.));
#2498=DIRECTION('',(3.06825413298434E-15,-0.89301643574032,0.450024049910285));
#2499=DIRECTION('',(0.707106781186549,-0.402018318644966,-0.581705485167428));
#2500=DIRECTION('',(0.,-0.8226557864306,0.56853975855014));
#2501=DIRECTION('',(-0.603942182000154,-0.771231320579648,-0.20113699549776));
#2502=DIRECTION('',(-0.707106781186546,0.166041750546714,-0.687335534564731));
#2503=DIRECTION('',(0.,0.972039234882402,0.234818495543332));
#2504=DIRECTION('',(-0.592014763850865,-0.670568664970568,0.44705277646179));
#2505=DIRECTION('',(0.,0.160184236060128,-0.987087134207428));
#2506=DIRECTION('',(-1.,0.,0.));
#2507=DIRECTION('',(2.65403029975666E-16,0.987087134207428,0.160184236060128));
#2508=DIRECTION('',(-0.707106781186547,-0.0598363903097632,0.704570512010472));
#2509=DIRECTION('',(0.,-0.996413173733364,-0.0846214346995171));
#2510=DIRECTION('',(0.583824056951722,-0.611560297676875,0.533988270311067));
#2511=DIRECTION('',(-0.647641642236301,-0.124720873987539,-0.751668149407204));
#2512=DIRECTION('',(-0.757583460815837,0.,0.652738308894383));
#2513=DIRECTION('',(1.21018735075308E-16,0.986512243775258,-0.163687485415062));
#2514=DIRECTION('',(-0.609068028373471,-0.508008143267906,0.609068028373471));
#2515=DIRECTION('',(0.657261105907161,-0.339166451969136,-0.673033399260664));
#2516=DIRECTION('',(-0.715440127070802,0.,-0.698674047447674));
#2517=DIRECTION('',(0.603942182000151,-0.297183830215492,0.73955095284865));
#2518=DIRECTION('',(0.679763307593471,-0.117484173316028,0.723960851614114));
#2519=DIRECTION('',(0.729009420457378,0.,-0.684503663163608));
#2520=DIRECTION('',(0.592014763850859,-0.494784222867769,-0.636165931329044));
#2521=DIRECTION('',(-0.695122748172379,-0.0367107496281885,0.717953122310235));
#2522=DIRECTION('',(0.718437397073085,0.,0.695591623358742));
#2523=DIRECTION('',(-0.583824056951707,-0.553904821532409,-0.593581434352188));
#2524=DIRECTION('',(2.09627396549992E-16,-0.998695290744151,-0.0510658030922482));
#2525=DIRECTION('',(0.707106781186547,-1.88713035899492E-16,0.707106781186548));
#2526=DIRECTION('',(0.,1.,2.66880534765662E-16));
#2527=DIRECTION('',(-0.707106781186548,0.,0.707106781186547));
#2528=DIRECTION('',(0.,0.163687485415062,0.986512243775258));
#2529=DIRECTION('',(-1.,0.,0.));
#2530=DIRECTION('',(-4.28563789069973E-16,-0.986512243775258,0.163687485415062));
#2531=DIRECTION('',(0.707106781186548,-0.228366793829603,-0.669214918748818));
#2532=DIRECTION('',(0.,-0.946412814236988,0.322959417029485));
#2533=DIRECTION('',(-0.609068028373471,-0.67748967190028,-0.412363772998676));
#2534=DIRECTION('',(-0.707106781186547,0.0598363903097632,-0.704570512010472));
#2535=DIRECTION('',(0.,0.996413173733364,0.0846214346995171));
#2536=DIRECTION('',(-0.583824056951719,-0.61156029767688,0.533988270311064));
#2537=DIRECTION('',(0.,0.0510658030922482,-0.998695290744151));
#2538=DIRECTION('',(-1.,0.,0.));
#2539=DIRECTION('',(2.36104720533752E-16,0.998695290744151,0.0510658030922482));
#2540=DIRECTION('',(-0.707106781186546,-0.0123407149398273,0.706999085398826));
#2541=DIRECTION('',(0.,-0.999847695156391,-0.017452406437284));
#2542=DIRECTION('',(0.57902972711048,-0.583994653953718,0.568924264973679));
#2543=DIRECTION('',(-0.654603556367836,-0.378138027684552,-0.654603556367836));
#2544=DIRECTION('',(-0.707106781186547,0.,0.707106781186548));
#2545=DIRECTION('',(0.707106781186548,-0.612536394565786,-0.353269253307371));
#2546=DIRECTION('',(0.,-0.865909397453539,0.500200875050863));
#2547=DIRECTION('',(0.647641642236302,-0.124720873987539,-0.751668149407204));
#2548=DIRECTION('',(-0.757583460815836,0.,-0.652738308894384));
#2549=DIRECTION('',(0.609068028373472,-0.508008143267905,0.609068028373472));
#2550=DIRECTION('',(0.695122748172379,-0.0367107496281885,0.717953122310235));
#2551=DIRECTION('',(0.718437397073085,0.,-0.695591623358742));
#2552=DIRECTION('',(0.583824056951703,-0.553904821532416,-0.593581434352185));
#2553=DIRECTION('',(-0.704014843480218,-0.00619745686115808,0.710158215954711));
#2554=DIRECTION('',(0.710171854393401,0.,0.704028363936736));
#2555=DIRECTION('',(-0.57902972711039,-0.573976611235105,-0.57902972711039));
#2556=DIRECTION('',(0.,-0.999961923064171,-0.0087265354983742));
#2557=DIRECTION('',(-0.707106781186548,-0.612536394565786,-0.353269253307371));
#2558=DIRECTION('',(0.,0.499598169196701,-0.866257276642052));
#2559=DIRECTION('',(-0.634258724957076,0.77029190671432,-0.0660775927697334));
#2560=DIRECTION('',(0.,0.500200875050863,0.865909397453539));
#2561=DIRECTION('',(-1.,0.,0.));
#2562=DIRECTION('',(0.,0.865909397453539,-0.500200875050863));
#2563=DIRECTION('',(0.707106781186548,1.88713035899492E-16,-0.707106781186547));
#2564=DIRECTION('',(0.,-1.,-2.66880534765662E-16));
#2565=DIRECTION('',(-0.707106781186547,0.,-0.707106781186548));
#2566=DIRECTION('',(-0.707106781186547,0.0123407149398273,-0.706999085398825));
#2567=DIRECTION('',(0.,0.999847695156391,0.017452406437284));
#2568=DIRECTION('',(-0.579029727110489,-0.5839946539537,0.568924264973688));
#2569=DIRECTION('',(0.,0.0087265354983742,-0.999961923064171));
#2570=DIRECTION('',(-1.,0.,0.));
#2571=DIRECTION('',(2.95685267214207E-17,0.999961923064171,0.0087265354983742));
#2572=DIRECTION('',(-0.707106781186547,-1.70662223769976E-16,0.707106781186548));
#2573=DIRECTION('',(0.,-1.,-2.41352831440252E-16));
#2574=DIRECTION('',(0.598830738619796,-0.531792716166873,0.598830738619796));
#2575=DIRECTION('',(-0.602507199542223,-0.546037800995993,-0.58208916360232));
#2576=DIRECTION('',(-0.694815686398948,0.,0.719187848850326));
#2577=DIRECTION('',(1.52964858954727E-15,0.729331357203547,-0.684160632746165));
#2578=DIRECTION('',(0.634258724957075,0.115124718260842,-0.76450125510766));
#2579=DIRECTION('',(0.654603556367836,-0.378138027684551,-0.654603556367836));
#2580=DIRECTION('',(-0.707106781186547,0.,-0.707106781186548));
#2581=DIRECTION('',(0.707106781186547,0.612536394565787,0.353269253307372));
#2582=DIRECTION('',(0.704014843480219,-0.0061974568611581,0.710158215954711));
#2583=DIRECTION('',(0.710171854393401,0.,-0.704028363936737));
#2584=DIRECTION('',(0.5790297271104,-0.573976611235084,-0.579029727110401));
#2585=DIRECTION('',(-0.666901050004675,0.0828999344458297,0.740520486125495));
#2586=DIRECTION('',(0.743078253372508,0.,0.669204534776075));
#2587=DIRECTION('',(0.598830738619794,0.651044967074107,0.466414190748468));
#2588=DIRECTION('',(-1.31099003650719E-15,0.993792089861447,-0.111253234239812));
#2589=DIRECTION('',(-0.707106781186547,-0.313438940947273,-0.633842275568498));
#2590=DIRECTION('',(0.,0.896388342514394,-0.443269601263494));
#2591=DIRECTION('',(-0.621712150955067,0.702617076581911,0.346126053700546));
#2592=DIRECTION('',(0.,0.684160632746165,0.729331357203547));
#2593=DIRECTION('',(-1.,0.,0.));
#2594=DIRECTION('',(1.59402660382639E-15,-0.729331357203547,0.684160632746165));
#2595=DIRECTION('',(-0.707106781186548,0.612536394565786,0.353269253307371));
#2596=DIRECTION('',(0.,-0.499598169196701,0.866257276642052));
#2597=DIRECTION('',(0.634258724957076,0.77029190671432,-0.0660775927697332));
#2598=DIRECTION('',(-0.707106781186548,1.70662223769976E-16,-0.707106781186547));
#2599=DIRECTION('',(0.,1.,2.41352831440252E-16));
#2600=DIRECTION('',(-0.598830738619795,-0.531792716166873,0.598830738619796));
#2601=DIRECTION('',(0.,0.111253234239812,0.993792089861447));
#2602=DIRECTION('',(1.,0.,0.));
#2603=DIRECTION('',(-1.94223184833506E-16,-0.993792089861447,0.111253234239812));
#2604=DIRECTION('',(0.707106781186549,-0.156359106008713,-0.689602660934653));
#2605=DIRECTION('',(0.,-0.975245435742363,0.221125168318055));
#2606=DIRECTION('',(-0.700046732598365,-0.0173293518254555,-0.713886731732466));
#2607=DIRECTION('',(-0.624383471441253,-0.177789431391533,-0.760615670806516));
#2608=DIRECTION('',(-0.772929556648079,0.,0.634491844281552));
#2609=DIRECTION('',(6.63972160640252E-16,0.973752623235079,-0.227608938187415));
#2610=DIRECTION('',(0.621712150955064,0.476390598888827,-0.621712150955064));
#2611=DIRECTION('',(0.602507199542224,-0.546037800995993,-0.582089163602319));
#2612=DIRECTION('',(-0.694815686398948,0.,-0.719187848850326));
#2613=DIRECTION('',(-0.634258724957074,0.115124718260842,-0.76450125510766));
#2614=DIRECTION('',(0.666901050004675,0.0828999344458304,0.740520486125495));
#2615=DIRECTION('',(0.743078253372507,0.,-0.669204534776075));
#2616=DIRECTION('',(-0.598830738619792,0.65104496707411,0.466414190748465));
#2617=DIRECTION('',(-0.548352208278024,0.653431276118454,0.521859581752433));
#2618=DIRECTION('',(-0.766010808898481,-0.642827691260025,0.));
#2619=DIRECTION('',(0.700046732598366,0.700046732598366,-0.140957952442218));
#2620=DIRECTION('',(-1.69319960006394E-15,-0.624049209470674,0.781385042190486));
#2621=DIRECTION('',(-0.707106781186548,0.,-0.707106781186548));
#2622=DIRECTION('',(0.,1.,0.));
#2623=DIRECTION('',(-0.669757362995696,0.320702587183363,0.669757362995696));
#2624=DIRECTION('',(0.,0.227608938187415,0.973752623235079));
#2625=DIRECTION('',(-1.,0.,0.));
#2626=DIRECTION('',(5.83305590375865E-17,-0.973752623235079,0.227608938187415));
#2627=DIRECTION('',(-0.707106781186548,0.313438940947273,0.633842275568498));
#2628=DIRECTION('',(0.,-0.896388342514394,0.443269601263494));
#2629=DIRECTION('',(0.621712150955066,0.702617076581913,0.346126053700545));
#2630=DIRECTION('',(0.707106781186549,0.156359106008713,0.689602660934653));
#2631=DIRECTION('',(0.,0.975245435742363,-0.221125168318055));
#2632=DIRECTION('',(0.700046732598365,-0.0173293518254549,-0.713886731732466));
#2633=DIRECTION('',(0.,-0.781385042190486,-0.624049209470674));
#2634=DIRECTION('',(-1.,0.,0.));
#2635=DIRECTION('',(0.,0.624049209470674,-0.781385042190486));
#2636=DIRECTION('',(0.707106781186548,-0.707106781186548,0.));
#2637=DIRECTION('',(0.,0.,1.));
#2638=DIRECTION('',(-0.636345922762245,-0.636345922762245,-0.436036389728811));
#2639=DIRECTION('',(0.707106781186546,-0.579609879855772,0.405033809914161));
#2640=DIRECTION('',(0.,0.572804307200251,0.819692152977471));
#2641=DIRECTION('',(-0.669757362995698,-0.732694678115347,0.120762508149243));
#2642=DIRECTION('',(0.636345922762248,0.271844237334713,-0.72191729250086));
#2643=DIRECTION('',(-0.554023096424777,0.384754185828101,-0.738256476514536));
#2644=DIRECTION('',(-0.799827972052208,0.,0.600229302119492));
#2645=DIRECTION('',(7.24408811557268E-17,-0.886793185359543,-0.462166470440982));
#2646=DIRECTION('',(0.624383471441253,-0.177789431391534,-0.760615670806516));
#2647=DIRECTION('',(-0.772929556648079,0.,-0.634491844281552));
#2648=DIRECTION('',(-0.621712150955063,0.476390598888828,-0.621712150955064));
#2649=DIRECTION('',(0.548352208278024,0.653431276118453,0.521859581752433));
#2650=DIRECTION('',(-0.766010808898481,0.642827691260026,0.));
#2651=DIRECTION('',(-0.700046732598366,0.700046732598367,-0.140957952442217));
#2652=DIRECTION('',(-0.5990346347252,0.763776565239482,-0.240422263508659));
#2653=DIRECTION('',(-0.786856323229739,-0.617136230174,0.));
#2654=DIRECTION('',(0.,0.300256429591882,0.953858520163622));
#2655=DIRECTION('',(0.,0.462166470440982,-0.886793185359543));
#2656=DIRECTION('',(1.,0.,0.));
#2657=DIRECTION('',(7.24408811557268E-17,0.886793185359543,0.462166470440982));
#2658=DIRECTION('',(-0.707106781186548,0.,0.707106781186547));
#2659=DIRECTION('',(0.,-1.,0.));
#2660=DIRECTION('',(0.669757362995695,0.320702587183365,0.669757362995696));
#2661=DIRECTION('',(0.707106781186548,0.707106781186547,0.));
#2662=DIRECTION('',(0.,0.,-1.));
#2663=DIRECTION('',(0.636345922762244,-0.636345922762245,-0.436036389728811));
#2664=DIRECTION('',(0.,-0.953858520163622,0.300256429591882));
#2665=DIRECTION('',(-1.,0.,0.));
#2666=DIRECTION('',(1.85782655459284E-17,-0.300256429591882,-0.953858520163622));
#2667=DIRECTION('',(0.554023096424777,0.384754185828101,-0.738256476514536));
#2668=DIRECTION('',(-0.799827972052209,0.,-0.600229302119492));
#2669=DIRECTION('',(0.669757362995697,-0.732694678115348,0.120762508149241));
#2670=DIRECTION('',(0.5990346347252,0.763776565239481,-0.240422263508659));
#2671=DIRECTION('',(-0.786856323229739,0.617136230174001,0.));
#2672=DIRECTION('',(-0.636345922762247,0.271844237334713,-0.72191729250086));
#2673=DIRECTION('',(0.707106781186547,0.579609879855771,-0.40503380991416));
#2674=DIRECTION('',(0.,-0.572804307200251,-0.819692152977471));
#2675=DIRECTION('',(0.892662736871398,-0.450725235815863,-2.42915308049695E-16));
#2676=DIRECTION('',(0.450725235815863,0.892662736871398,4.81094526067732E-16));
#2677=DIRECTION('',(-0.892662736871398,0.450725235815863,2.42915308049695E-16));
#2678=DIRECTION('',(-0.450725235815863,-0.892662736871398,-4.81094526067732E-16));
#2679=DIRECTION('',(-0.892662736871398,0.450725235815863,2.42915308049695E-16));
#2680=DIRECTION('',(-0.450725235815863,-0.892662736871398,-4.81094526067732E-16));
#2681=DIRECTION('',(-0.892662736871398,0.450725235815863,2.42915308049695E-16));
#2682=DIRECTION('',(-0.450725235815863,-0.892662736871398,-4.81094526067732E-16));
#2683=DIRECTION('',(-0.998020095027377,0.0628958656951774,3.38973001206393E-17));
#2684=DIRECTION('',(0.0628958656951774,0.998020095027377,6.05174317374381E-16));
#2685=DIRECTION('',(-0.892662736871398,0.450725235815863,2.42915308049695E-16));
#2686=DIRECTION('',(-0.450725235815863,-0.892662736871398,-4.81094526067732E-16));
#2687=DIRECTION('',(-0.998824494230926,-0.0484729793218419,-2.61241833569357E-17));
#2688=DIRECTION('',(-0.0484729793218419,0.998824494230926,5.13039482528212E-16));
#2689=DIRECTION('',(1.,0.,0.));
#2690=DIRECTION('',(0.,1.,0.));
#2691=DIRECTION('',(1.,0.,0.));
#2692=DIRECTION('',(0.,1.,5.38943215837451E-16));
#2693=DIRECTION('',(0.892662736871398,0.450725235815863,0.));
#2694=DIRECTION('',(0.450725235815863,-0.892662736871398,0.));
#2695=DIRECTION('',(0.892662736871398,0.450725235815863,0.));
#2696=DIRECTION('',(-0.450725235815863,0.892662736871398,0.));
#2697=DIRECTION('',(0.892662736871398,0.450725235815863,0.));
#2698=DIRECTION('',(-0.450725235815863,0.892662736871398,0.));
#2699=DIRECTION('',(-0.892662736871398,-0.450725235815863,0.));
#2700=DIRECTION('',(-0.450725235815863,0.892662736871398,0.));
#2701=DIRECTION('',(-0.998020095027377,-0.0628958656951774,0.));
#2702=DIRECTION('',(0.0628958656951774,-0.998020095027377,0.));
#2703=DIRECTION('',(-0.892662736871398,-0.450725235815863,0.));
#2704=DIRECTION('',(-0.450725235815863,0.892662736871398,0.));
#2705=DIRECTION('',(-0.998824494230926,0.0484729793218419,0.));
#2706=DIRECTION('',(-0.0484729793218419,-0.998824494230926,0.));
#2707=DIRECTION('',(1.,0.,0.));
#2708=DIRECTION('',(0.,1.,0.));
#2709=DIRECTION('',(1.,0.,0.));
#2710=DIRECTION('',(0.,-1.,0.));
#2711=DIRECTION('',(1.,0.,0.));
#2712=DIRECTION('',(0.,-1.,0.));
#2713=DIRECTION('',(-0.892662736871398,0.450725235815863,0.));
#2714=DIRECTION('',(-0.450725235815863,-0.892662736871398,0.));
#2715=DIRECTION('',(0.892662736871398,-0.450725235815863,0.));
#2716=DIRECTION('',(0.450725235815863,0.892662736871398,0.));
#2717=DIRECTION('',(0.892662736871398,-0.450725235815863,0.));
#2718=DIRECTION('',(0.450725235815863,0.892662736871398,0.));
#2719=DIRECTION('',(0.892662736871398,-0.450725235815863,0.));
#2720=DIRECTION('',(0.450725235815863,0.892662736871398,0.));
#2721=DIRECTION('',(-0.998020095027377,0.0628958656951774,0.));
#2722=DIRECTION('',(-0.0628958656951774,-0.998020095027377,0.));
#2723=DIRECTION('',(0.892662736871398,-0.450725235815863,0.));
#2724=DIRECTION('',(0.450725235815863,0.892662736871398,0.));
#2725=DIRECTION('',(-0.998824494230926,-0.0484729793218419,0.));
#2726=DIRECTION('',(0.0484729793218419,-0.998824494230926,0.));
#2727=DIRECTION('',(0.892662736871398,-0.450725235815863,0.));
#2728=DIRECTION('',(0.450725235815863,0.892662736871398,0.));
#2729=DIRECTION('',(1.,0.,0.));
#2730=DIRECTION('',(0.,-1.,0.));
#2731=DIRECTION('',(1.,6.12323399573681E-17,0.));
#2732=DIRECTION('',(6.12323399573681E-17,-1.,0.));
#2733=DIRECTION('',(1.,0.,0.));
#2734=DIRECTION('',(0.,1.,0.));
#2735=DIRECTION('',(1.,0.,0.));
#2736=DIRECTION('',(0.,-1.,0.));
#2737=DIRECTION('',(-0.892662736871398,-0.450725235815863,-2.42915308049695E-16));
#2738=DIRECTION('',(-0.450725235815863,0.892662736871398,4.81094526067732E-16));
#2739=DIRECTION('',(-0.892662736871398,-0.450725235815863,-2.42915308049695E-16));
#2740=DIRECTION('',(0.450725235815863,-0.892662736871398,-4.81094526067732E-16));
#2741=DIRECTION('',(-0.892662736871398,-0.450725235815863,-2.42915308049695E-16));
#2742=DIRECTION('',(0.450725235815863,-0.892662736871398,-4.81094526067732E-16));
#2743=DIRECTION('',(0.892662736871398,0.450725235815863,2.42915308049695E-16));
#2744=DIRECTION('',(0.450725235815863,-0.892662736871398,-4.81094526067732E-16));
#2745=DIRECTION('',(-0.998020095027377,-0.0628958656951774,-3.38973001206393E-17));
#2746=DIRECTION('',(-0.0628958656951774,0.998020095027377,6.05174317374381E-16));
#2747=DIRECTION('',(0.892662736871398,0.450725235815863,2.42915308049695E-16));
#2748=DIRECTION('',(0.450725235815863,-0.892662736871398,-4.81094526067732E-16));
#2749=DIRECTION('',(-0.998824494230926,0.0484729793218419,2.61241833569357E-17));
#2750=DIRECTION('',(0.0484729793218419,0.998824494230926,5.13039482528212E-16));
#2751=DIRECTION('',(1.,0.,0.));
#2752=DIRECTION('',(0.,1.,0.));
#2753=DIRECTION('',(1.,0.,0.));
#2754=DIRECTION('',(0.,1.,5.38943215837451E-16));
#2755=DIRECTION('',(-0.892662736871398,-0.450725235815863,0.));
#2756=DIRECTION('',(0.450725235815863,-0.892662736871398,0.));
#2757=DIRECTION('',(0.,0.,1.));
#2758=DIRECTION('',(1.,0.,0.));
#2759=DIRECTION('',(-1.,6.12323399573681E-17,0.));
#2760=DIRECTION('',(6.12323399573681E-17,1.,0.));
#2761=DIRECTION('',(1.,-6.12323399573681E-17,0.));
#2762=DIRECTION('',(-6.12323399573681E-17,-1.,0.));
#2763=DIRECTION('',(1.,-6.12323399573681E-17,0.));
#2764=DIRECTION('',(-6.12323399573681E-17,-1.,0.));
#2765=DIRECTION('',(0.8926627368714,0.450725235815859,0.));
#2766=DIRECTION('',(0.450725235815859,-0.8926627368714,0.));
#2767=DIRECTION('',(0.8926627368714,0.450725235815859,0.));
#2768=DIRECTION('',(-0.450725235815859,0.8926627368714,0.));
#2769=DIRECTION('',(0.8926627368714,0.450725235815859,0.));
#2770=DIRECTION('',(-0.450725235815859,0.8926627368714,0.));
#2771=DIRECTION('',(-0.8926627368714,-0.450725235815859,0.));
#2772=DIRECTION('',(-0.450725235815859,0.8926627368714,0.));
#2773=DIRECTION('',(-0.8926627368714,-0.450725235815859,0.));
#2774=DIRECTION('',(-0.450725235815859,0.8926627368714,0.));
#2775=DIRECTION('',(0.,0.,1.));
#2776=DIRECTION('',(1.,0.,0.));
#2777=DIRECTION('',(0.892662736871398,0.450725235815863,0.));
#2778=DIRECTION('',(-0.450725235815863,0.892662736871398,0.));
#2779=DIRECTION('',(0.892662736871398,0.450725235815863,0.));
#2780=DIRECTION('',(-0.450725235815863,0.892662736871398,0.));
#2781=DIRECTION('',(0.892662736871398,0.450725235815863,0.));
#2782=DIRECTION('',(-0.450725235815863,0.892662736871398,0.));
#2783=DIRECTION('',(1.,6.12323399573678E-17,0.));
#2784=DIRECTION('',(-6.12323399573678E-17,1.,0.));
#2785=DIRECTION('',(1.,6.12323399573678E-17,0.));
#2786=DIRECTION('',(-6.12323399573678E-17,1.,0.));
#2787=DIRECTION('',(1.,6.12323399573678E-17,0.));
#2788=DIRECTION('',(-6.12323399573678E-17,1.,0.));
#2789=DIRECTION('',(0.892662736871398,0.450725235815863,0.));
#2790=DIRECTION('',(-0.450725235815863,0.892662736871398,0.));
#2791=DIRECTION('',(0.892662736871398,0.450725235815863,0.));
#2792=DIRECTION('',(-0.450725235815863,0.892662736871398,0.));
#2793=DIRECTION('',(0.,0.,1.));
#2794=DIRECTION('',(1.,0.,0.));
#2795=DIRECTION('',(-0.892662736871398,0.450725235815863,0.));
#2796=DIRECTION('',(0.450725235815863,0.892662736871398,0.));
#2797=DIRECTION('',(0.892662736871398,-0.450725235815863,0.));
#2798=DIRECTION('',(0.450725235815863,0.892662736871398,0.));
#2799=DIRECTION('',(0.892662736871398,-0.450725235815863,0.));
#2800=DIRECTION('',(0.450725235815863,0.892662736871398,0.));
#2801=DIRECTION('',(-1.,6.12323399573678E-17,0.));
#2802=DIRECTION('',(6.12323399573678E-17,1.,0.));
#2803=DIRECTION('',(1.,-6.12323399573678E-17,0.));
#2804=DIRECTION('',(6.12323399573678E-17,1.,0.));
#2805=DIRECTION('',(1.,-6.12323399573678E-17,0.));
#2806=DIRECTION('',(6.12323399573678E-17,1.,0.));
#2807=DIRECTION('',(-0.892662736871398,0.450725235815863,0.));
#2808=DIRECTION('',(0.450725235815863,0.892662736871398,0.));
#2809=DIRECTION('',(-0.892662736871398,0.450725235815863,0.));
#2810=DIRECTION('',(0.450725235815863,0.892662736871398,0.));
#2811=DIRECTION('',(0.,0.,1.));
#2812=DIRECTION('',(1.,0.,0.));
#2813=CARTESIAN_POINT('',(0.,0.,0.));
#2814=CARTESIAN_POINT('',(-9.89272668061575E-18,-0.175439512723122,0.0463));
#2815=CARTESIAN_POINT('',(-1.11960814968073E-17,-0.154154878319553,0.0263));
#2816=CARTESIAN_POINT('',(-9.8241783708412E-18,-0.176559756639103,0.0263));
#2817=CARTESIAN_POINT('',(-1.21430643318376E-17,-0.154154878319553,0.0263));
#2818=CARTESIAN_POINT('',(-1.09083515184681E-17,-0.174319268807148,0.0263));
#2819=CARTESIAN_POINT('',(0.500166103188592,-0.427984483511186,0.0463));
#2820=CARTESIAN_POINT('',(0.508729882669093,-0.411023891510629,0.0263));
#2821=CARTESIAN_POINT('',(0.516842936913778,-0.394955962246944,0.0263));
#2822=CARTESIAN_POINT('',(0.508729882669093,-0.411023891510629,0.0263));
#2823=CARTESIAN_POINT('',(0.51774438738541,-0.393170636773201,0.0263));
#2824=CARTESIAN_POINT('',(-1.78532547356891E-6,-0.154153976869082,0.0263));
#2825=CARTESIAN_POINT('',(-0.00811483957015913,-0.150057515645173,0.0263));
#2826=CARTESIAN_POINT('',(0.,0.,0.));
#2827=CARTESIAN_POINT('',(0.00903882630358177,0.136090974228005,0.0263));
#2828=CARTESIAN_POINT('',(-1.21430643318376E-17,0.140654878319553,0.0263));
#2829=CARTESIAN_POINT('',(-1.07677314480566E-17,0.163115768834902,0.0263));
#2830=CARTESIAN_POINT('',(-0.1,0.191147098639578,0.0263));
#2831=CARTESIAN_POINT('',(-0.1,0.213607989154926,0.0263));
#2832=CARTESIAN_POINT('',(-0.00903882630358177,0.136090974228005,0.0263));
#2833=CARTESIAN_POINT('',(0.1,0.191147098639578,0.0263));
#2834=CARTESIAN_POINT('',(0.1,0.213607989154926,0.0263));
#2835=CARTESIAN_POINT('',(0.1,-0.00675,-0.01));
#2836=CARTESIAN_POINT('',(0.1,0.193166787452376,0.0263));
#2837=CARTESIAN_POINT('',(0.1,0.233887653798157,0.0263));
#2838=CARTESIAN_POINT('',(0.1,-0.206666787452375,0.0263));
#2839=CARTESIAN_POINT('',(0.1,-0.247387653798157,0.0263));
#2840=CARTESIAN_POINT('',(0.1,0.31366369416427,-0.034326348313597));
#2841=CARTESIAN_POINT('',(0.1,0.22374600782138,-0.163));
#2842=CARTESIAN_POINT('',(0.1,0.3115,-0.0374226293743391));
#2843=CARTESIAN_POINT('',(0.1,0.3115,0.1338));
#2844=CARTESIAN_POINT('',(0.1,0.3115,0.124216260730235));
#2845=CARTESIAN_POINT('',(0.1,0.227346497980183,0.143297054771092));
#2846=CARTESIAN_POINT('',(0.1,0.228656621616838,0.143));
#2847=CARTESIAN_POINT('',(0.1,-0.00675,0.143));
#2848=CARTESIAN_POINT('',(0.1,0.000104722413485413,0.143));
#2849=CARTESIAN_POINT('',(0.1,-0.00941772364189848,0.142833785085828));
#2850=CARTESIAN_POINT('',(0.1,-0.0373014573079632,0.142347072704246));
#2851=CARTESIAN_POINT('',(0.1,-0.0198143596024518,0.143832182832835));
#2852=CARTESIAN_POINT('',(0.1,-0.116198055938641,0.135646696248939));
#2853=CARTESIAN_POINT('',(0.1,-0.0460292006806783,0.152597601556446));
#2854=CARTESIAN_POINT('',(0.1,-0.199194442902467,0.115597004813659));
#2855=CARTESIAN_POINT('',(0.1,-0.0780242514327258,0.164958952644453));
#2856=CARTESIAN_POINT('',(0.1,-0.248643007807365,0.095452797302419));
#2857=CARTESIAN_POINT('',(0.1,-0.107820660908357,0.173160599635747));
#2858=CARTESIAN_POINT('',(0.1,-0.325,0.0533179075868817));
#2859=CARTESIAN_POINT('',(0.1,-0.325,-0.01));
#2860=CARTESIAN_POINT('',(0.1,-0.325,0.01919556389162));
#2861=CARTESIAN_POINT('',(0.1,-0.276704896779409,-0.0141813195839392));
#2862=CARTESIAN_POINT('',(0.1,-0.27807529986435,-0.0132342301063229));
#2863=CARTESIAN_POINT('',(0.1,-0.207724486995646,-0.0372411509445035));
#2864=CARTESIAN_POINT('',(0.1,-0.209608894631187,-0.0365981047153474));
#2865=CARTESIAN_POINT('',(0.1,-0.0816,-0.0365981047153474));
#2866=CARTESIAN_POINT('',(0.1,-0.0936,-0.0365981047153474));
#2867=CARTESIAN_POINT('',(0.1,-0.0400003503799118,-0.0675604568057996));
#2868=CARTESIAN_POINT('',(0.1,-0.065209734649935,-0.0529980140046916));
#2869=CARTESIAN_POINT('',(0.1,-0.069226986597008,-0.0460324686007685));
#2870=CARTESIAN_POINT('',(0.1,-0.0282592753366466,-0.117066712068314));
#2871=CARTESIAN_POINT('',(0.1,-0.0535183829143282,-0.104575926531296));
#2872=CARTESIAN_POINT('',(0.1,0.0646279060039138,-0.163));
#2873=CARTESIAN_POINT('',(0.1,-0.00675,-0.163));
#2874=CARTESIAN_POINT('',(-0.1,-0.00675,-0.01));
#2875=CARTESIAN_POINT('',(-0.1,0.193166787452376,0.0263));
#2876=CARTESIAN_POINT('',(-0.1,0.233887653798157,0.0263));
#2877=CARTESIAN_POINT('',(-0.1,-0.206666787452375,0.0263));
#2878=CARTESIAN_POINT('',(-0.1,-0.247387653798157,0.0263));
#2879=CARTESIAN_POINT('',(-0.1,0.23,0.143));
#2880=CARTESIAN_POINT('',(-0.1,0.000104722413485293,0.143));
#2881=CARTESIAN_POINT('',(-0.1,0.228656621616838,0.143));
#2882=CARTESIAN_POINT('',(-0.1,0.0377551728267024,0.186284606570598));
#2883=CARTESIAN_POINT('',(-0.1,0.3115,0.124216260730235));
#2884=CARTESIAN_POINT('',(-0.1,0.3115,-0.01));
#2885=CARTESIAN_POINT('',(-0.1,0.3115,-0.0374226293743391));
#2886=CARTESIAN_POINT('',(-0.1,0.219956216145198,-0.168423252687414));
#2887=CARTESIAN_POINT('',(-0.1,0.22374600782138,-0.163));
#2888=CARTESIAN_POINT('',(-0.1,0.0618229767096802,-0.163));
#2889=CARTESIAN_POINT('',(-0.1,0.0646279060039139,-0.163));
#2890=CARTESIAN_POINT('',(-0.1,-0.0315185723403564,-0.115454969462223));
#2891=CARTESIAN_POINT('',(-0.1,-0.0282592753366466,-0.117066712068314));
#2892=CARTESIAN_POINT('',(-0.1,-0.0712049126802954,-0.0426029266849869));
#2893=CARTESIAN_POINT('',(-0.1,-0.065209734649935,-0.0529980140046916));
#2894=CARTESIAN_POINT('',(-0.1,-0.065209734649935,-0.0529980140046916));
#2895=CARTESIAN_POINT('',(-0.1,-0.0936,-0.0365981047153474));
#2896=CARTESIAN_POINT('',(-0.1,-0.00675,-0.0365981047153473));
#2897=CARTESIAN_POINT('',(-0.1,-0.209608894631187,-0.0365981047153474));
#2898=CARTESIAN_POINT('',(-0.1,-0.0360385363405767,-0.0958282639903226));
#2899=CARTESIAN_POINT('',(-0.1,-0.27807529986435,-0.013234230106323));
#2900=CARTESIAN_POINT('',(-0.1,-0.095965189882454,-0.139091046123967));
#2901=CARTESIAN_POINT('',(-0.1,-0.325,0.0191955638916201));
#2902=CARTESIAN_POINT('',(-0.1,-0.325,0.0604018952846526));
#2903=CARTESIAN_POINT('',(-0.1,-0.325,0.0533179075868817));
#2904=CARTESIAN_POINT('',(-0.1,-0.248025641297307,0.095793469047971));
#2905=CARTESIAN_POINT('',(-0.1,-0.248643007807365,0.095452797302419));
#2906=CARTESIAN_POINT('',(-0.1,-0.198360402771506,0.11593677357142));
#2907=CARTESIAN_POINT('',(-0.1,-0.199194442902467,0.115597004813659));
#2908=CARTESIAN_POINT('',(-0.1,-0.115308032270513,0.13586170199279));
#2909=CARTESIAN_POINT('',(-0.1,-0.116198055938641,0.135646696248939));
#2910=CARTESIAN_POINT('',(-0.1,-0.0368991365151096,0.142381240219889));
#2911=CARTESIAN_POINT('',(-0.1,-0.0373014573079631,0.142347072704246));
#2912=CARTESIAN_POINT('',(-0.1,0.000209428877247368,0.143001827658123));
#2913=CARTESIAN_POINT('',(0.1,-0.337,0.0533509476423263));
#2914=CARTESIAN_POINT('',(0.088,-0.337,0.0533509476423263));
#2915=CARTESIAN_POINT('',(0.088,-0.337,0.0249018952846526));
#2916=CARTESIAN_POINT('',(0.088,-0.337,0.0484018952846525));
#2917=CARTESIAN_POINT('',(0.1,-0.337,0.0484018952846525));
#2918=CARTESIAN_POINT('',(-0.088,-0.337,0.0484018952846525));
#2919=CARTESIAN_POINT('',(-0.088,-0.337,0.0129018952846526));
#2920=CARTESIAN_POINT('',(-0.088,-0.337,0.0249018952846526));
#2921=CARTESIAN_POINT('',(0.1,-0.337,0.0249018952846526));
#2922=CARTESIAN_POINT('',(0.1,-0.310263686941005,-0.00557564686822692));
#2923=CARTESIAN_POINT('',(-0.088,-0.310263686941005,-0.00557564686822692));
#2924=CARTESIAN_POINT('',(-0.088,-0.327128130562833,0.00607941818205093));
#2925=CARTESIAN_POINT('',(-0.088,-0.293399243319178,-0.0172307119185049));
#2926=CARTESIAN_POINT('',(0.1,-0.293399243319178,-0.0172307119185049));
#2927=CARTESIAN_POINT('',(0.088,-0.293399243319178,-0.0172307119185049));
#2928=CARTESIAN_POINT('',(0.088,-0.337,0.0129018952846526));
#2929=CARTESIAN_POINT('',(0.088,-0.327128130562833,0.00607941818205093));
#2930=CARTESIAN_POINT('',(-0.1,-0.327128130562833,0.00607941818205093));
#2931=CARTESIAN_POINT('',(0.1,-0.247563686941006,-0.0363256468682269));
#2932=CARTESIAN_POINT('',(-0.088,-0.247563686941006,-0.0363256468682269));
#2933=CARTESIAN_POINT('',(-0.088,-0.272170420111167,-0.0279287020254603));
#2934=CARTESIAN_POINT('',(-0.088,-0.222956953770844,-0.0447225917109936));
#2935=CARTESIAN_POINT('',(0.1,-0.222956953770844,-0.0447225917109936));
#2936=CARTESIAN_POINT('',(0.088,-0.222956953770844,-0.0447225917109936));
#2937=CARTESIAN_POINT('',(0.088,-0.283527373882011,-0.0240531890211064));
#2938=CARTESIAN_POINT('',(0.088,-0.272170420111167,-0.0279287020254603));
#2939=CARTESIAN_POINT('',(0.1,-0.272170420111167,-0.0279287020254603));
#2940=CARTESIAN_POINT('',(0.1,-0.1466,-0.0485981047153474));
#2941=CARTESIAN_POINT('',(-0.088,-0.1466,-0.0485981047153474));
#2942=CARTESIAN_POINT('',(-0.088,-0.1996,-0.0485981047153474));
#2943=CARTESIAN_POINT('',(-0.088,-0.0936,-0.0485981047153473));
#2944=CARTESIAN_POINT('',(0.1,-0.0936,-0.0485981047153473));
#2945=CARTESIAN_POINT('',(0.088,-0.0936,-0.0485981047153473));
#2946=CARTESIAN_POINT('',(0.088,-0.2116,-0.0485981047153474));
#2947=CARTESIAN_POINT('',(0.088,-0.1996,-0.0485981047153474));
#2948=CARTESIAN_POINT('',(0.1,-0.1996,-0.0485981047153474));
#2949=CARTESIAN_POINT('',(0.1,-0.0592189037777592,-0.0874048671438717));
#2950=CARTESIAN_POINT('',(-0.088,-0.0368378075555183,-0.126211629572396));
#2951=CARTESIAN_POINT('',(-0.088,-0.0756048219696396,-0.058993192035052));
#2952=CARTESIAN_POINT('',(-0.088,-0.0428329855858786,-0.115816542252691));
#2953=CARTESIAN_POINT('',(0.1,-0.0428329855858786,-0.115816542252691));
#2954=CARTESIAN_POINT('',(0.088,-0.0428329855858786,-0.115816542252691));
#2955=CARTESIAN_POINT('',(0.088,-0.0592189037777592,-0.0874048671438717));
#2956=CARTESIAN_POINT('',(0.088,-0.0756048219696396,-0.058993192035052));
#2957=CARTESIAN_POINT('',(0.1,-0.0756048219696396,-0.058993192035052));
#2958=CARTESIAN_POINT('',(0.1,0.012492584577081,-0.150605814786198));
#2959=CARTESIAN_POINT('',(-0.088,0.0618229767096802,-0.175));
#2960=CARTESIAN_POINT('',(-0.088,-0.0260811474453455,-0.131530864787558));
#2961=CARTESIAN_POINT('',(-0.088,0.0510663165995075,-0.169680764784838));
#2962=CARTESIAN_POINT('',(0.1,0.0510663165995075,-0.169680764784838));
#2963=CARTESIAN_POINT('',(0.088,0.0510663165995075,-0.169680764784838));
#2964=CARTESIAN_POINT('',(0.088,0.012492584577081,-0.150605814786198));
#2965=CARTESIAN_POINT('',(0.088,-0.0260811474453455,-0.131530864787558));
#2966=CARTESIAN_POINT('',(0.1,-0.0260811474453455,-0.131530864787558));
#2967=CARTESIAN_POINT('',(0.1,0.14591148835484,-0.175));
#2968=CARTESIAN_POINT('',(-0.088,0.23,-0.175));
#2969=CARTESIAN_POINT('',(-0.088,0.0738229767096803,-0.175));
#2970=CARTESIAN_POINT('',(-0.088,0.218,-0.175));
#2971=CARTESIAN_POINT('',(0.1,0.218,-0.175));
#2972=CARTESIAN_POINT('',(0.088,0.218,-0.175));
#2973=CARTESIAN_POINT('',(0.088,0.14591148835484,-0.175));
#2974=CARTESIAN_POINT('',(0.088,0.0738229767096803,-0.175));
#2975=CARTESIAN_POINT('',(0.1,0.0738229767096803,-0.175));
#2976=CARTESIAN_POINT('',(0.1,0.27675,-0.1081));
#2977=CARTESIAN_POINT('',(0.088,0.23,-0.175));
#2978=CARTESIAN_POINT('',(0.088,0.316626348313597,-0.0510363058357297));
#2979=CARTESIAN_POINT('',(0.088,0.236873651686403,-0.165163694164271));
#2980=CARTESIAN_POINT('',(-0.1,0.236873651686403,-0.165163694164271));
#2981=CARTESIAN_POINT('',(-0.088,0.236873651686403,-0.165163694164271));
#2982=CARTESIAN_POINT('',(-0.088,0.27675,-0.1081));
#2983=CARTESIAN_POINT('',(-0.088,0.316626348313597,-0.0510363058357297));
#2984=CARTESIAN_POINT('',(0.1,0.316626348313597,-0.0510363058357297));
#2985=CARTESIAN_POINT('',(0.1,0.3235,-0.0206));
#2986=CARTESIAN_POINT('',(0.088,0.3235,-0.0412));
#2987=CARTESIAN_POINT('',(0.088,0.3235,0.1218));
#2988=CARTESIAN_POINT('',(0.088,0.3235,-0.0292));
#2989=CARTESIAN_POINT('',(0.1,0.3235,-0.0292));
#2990=CARTESIAN_POINT('',(-0.088,0.3235,-0.0292));
#2991=CARTESIAN_POINT('',(-0.088,0.3235,-0.0206));
#2992=CARTESIAN_POINT('',(-0.088,0.3235,0.1218));
#2993=CARTESIAN_POINT('',(0.1,0.3235,0.1218));
#2994=CARTESIAN_POINT('',(0.1,0.27675,0.1444));
#2995=CARTESIAN_POINT('',(0.088,0.3235,0.1338));
#2996=CARTESIAN_POINT('',(0.088,0.241702945228909,0.152346497980183));
#2997=CARTESIAN_POINT('',(0.088,0.311797054771092,0.136453502019817));
#2998=CARTESIAN_POINT('',(0.1,0.311797054771092,0.136453502019817));
#2999=CARTESIAN_POINT('',(-0.088,0.311797054771092,0.136453502019817));
#3000=CARTESIAN_POINT('',(-0.088,0.27675,0.1444));
#3001=CARTESIAN_POINT('',(-0.088,0.241702945228909,0.152346497980183));
#3002=CARTESIAN_POINT('',(0.1,0.241702945228909,0.152346497980183));
#3003=CARTESIAN_POINT('',(0.1,0.115,0.155));
#3004=CARTESIAN_POINT('',(0.088,0.115,0.155));
#3005=CARTESIAN_POINT('',(0.088,0.0119999999999986,0.155));
#3006=CARTESIAN_POINT('',(0.088,0.218,0.155));
#3007=CARTESIAN_POINT('',(-0.1,0.218,0.155));
#3008=CARTESIAN_POINT('',(-0.088,0.218,0.155));
#3009=CARTESIAN_POINT('',(-0.088,-3.85625478328196E-17,0.155));
#3010=CARTESIAN_POINT('',(-0.088,0.0119999999999986,0.155));
#3011=CARTESIAN_POINT('',(0.1,0.0119999999999986,0.155));
#3012=CARTESIAN_POINT('',(0.1,-0.018957296865752,0.154669099152345));
#3013=CARTESIAN_POINT('',(0.088,-0.018957296865752,0.154669099152345));
#3014=CARTESIAN_POINT('',(0.088,-0.0259164213896186,0.154547627181937));
#3015=CARTESIAN_POINT('',(0.088,-0.0119981723418768,0.154790571122752));
#3016=CARTESIAN_POINT('',(0.1,-0.0119981723418768,0.154790571122752));
#3017=CARTESIAN_POINT('',(-0.088,-0.0119981723418768,0.154790571122752));
#3018=CARTESIAN_POINT('',(-0.088,-0.0379145937315038,0.15433819830469));
#3019=CARTESIAN_POINT('',(-0.088,-0.0259164213896186,0.154547627181937));
#3020=CARTESIAN_POINT('',(0.1,-0.0259164213896186,0.154547627181937));
#3021=CARTESIAN_POINT('',(0.1,-0.0780202239742694,0.150932185558034));
#3022=CARTESIAN_POINT('',(0.088,-0.0780202239742694,0.150932185558034));
#3023=CARTESIAN_POINT('',(0.088,-0.106168896132233,0.148541630027773));
#3024=CARTESIAN_POINT('',(0.088,-0.0498715518162972,0.153322741088296));
#3025=CARTESIAN_POINT('',(0.1,-0.0498715518162972,0.153322741088296));
#3026=CARTESIAN_POINT('',(-0.088,-0.0498715518162972,0.153322741088296));
#3027=CARTESIAN_POINT('',(-0.088,-0.118125854217033,0.147526172811379));
#3028=CARTESIAN_POINT('',(-0.088,-0.106168896132233,0.148541630027773));
#3029=CARTESIAN_POINT('',(0.1,-0.106168896132233,0.148541630027773));
#3030=CARTESIAN_POINT('',(0.1,-0.160506764857906,0.137288086405689));
#3031=CARTESIAN_POINT('',(-0.088,-0.202887675498779,0.12705));
#3032=CARTESIAN_POINT('',(-0.088,-0.129790325035622,0.144708350864859));
#3033=CARTESIAN_POINT('',(-0.088,-0.19122320468019,0.12986782194652));
#3034=CARTESIAN_POINT('',(0.1,-0.19122320468019,0.12986782194652));
#3035=CARTESIAN_POINT('',(0.088,-0.19122320468019,0.12986782194652));
#3036=CARTESIAN_POINT('',(0.088,-0.160506764857906,0.137288086405689));
#3037=CARTESIAN_POINT('',(0.088,-0.129790325035622,0.144708350864859));
#3038=CARTESIAN_POINT('',(0.1,-0.129790325035622,0.144708350864859));
#3039=CARTESIAN_POINT('',(0.1,-0.228355486064275,0.116675));
#3040=CARTESIAN_POINT('',(-0.088,-0.253823296629771,0.1063));
#3041=CARTESIAN_POINT('',(-0.088,-0.214000901927359,0.122522727272727));
#3042=CARTESIAN_POINT('',(-0.088,-0.242710070201191,0.110827272727273));
#3043=CARTESIAN_POINT('',(0.1,-0.242710070201191,0.110827272727273));
#3044=CARTESIAN_POINT('',(0.088,-0.242710070201191,0.110827272727273));
#3045=CARTESIAN_POINT('',(0.088,-0.228355486064275,0.116675));
#3046=CARTESIAN_POINT('',(0.088,-0.214000901927359,0.122522727272727));
#3047=CARTESIAN_POINT('',(0.1,-0.214000901927359,0.122522727272727));
#3048=CARTESIAN_POINT('',(0.1,-0.295411648314886,0.0833509476423263));
#3049=CARTESIAN_POINT('',(0.088,-0.295411648314886,0.0833509476423263));
#3050=CARTESIAN_POINT('',(0.088,-0.326493469047971,0.0661995506171175));
#3051=CARTESIAN_POINT('',(0.088,-0.264329827581801,0.100502344667535));
#3052=CARTESIAN_POINT('',(0.1,-0.264329827581801,0.100502344667535));
#3053=CARTESIAN_POINT('',(-0.088,-0.264329827581801,0.100502344667535));
#3054=CARTESIAN_POINT('',(-0.088,-0.337,0.0604018952846526));
#3055=CARTESIAN_POINT('',(-0.088,-0.326493469047971,0.0661995506171175));
#3056=CARTESIAN_POINT('',(0.1,-0.326493469047971,0.0661995506171175));
#3057=CARTESIAN_POINT('',(-0.1,-0.107820660908357,0.173160599635747));
#3058=CARTESIAN_POINT('',(-0.088,-0.326493469047971,0.0661995506171175));
#3059=CARTESIAN_POINT('',(-0.1,-0.248643007807365,0.095452797302419));
#3060=CARTESIAN_POINT('',(-0.088,-0.326493469047971,0.0661995506171175));
#3061=CARTESIAN_POINT('',(-0.088,-0.326493469047971,0.0661995506171175));
#3062=CARTESIAN_POINT('',(-0.0962099034013397,-0.32879009659866,0.0517652274614108));
#3063=CARTESIAN_POINT('',(-0.1,-0.248643007807365,0.095452797302419));
#3064=CARTESIAN_POINT('',(-0.1,-0.248643007807365,0.095452797302419));
#3065=CARTESIAN_POINT('',(-0.088,-0.253519948891496,0.105664808697404));
#3066=CARTESIAN_POINT('',(-0.1,-0.325,-0.01));
#3067=CARTESIAN_POINT('',(-0.088,-0.337,0.0249018952846526));
#3068=CARTESIAN_POINT('',(0.1,-0.337,0.0484018952846525));
#3069=CARTESIAN_POINT('',(0.088,-0.331746734523986,0.057300722950885));
#3070=CARTESIAN_POINT('',(0.088,-0.295411648314886,0.0833509476423263));
#3071=CARTESIAN_POINT('',(0.088,-0.264329827581801,0.100502344667535));
#3072=CARTESIAN_POINT('',(0.1,-0.325,0.0533179075868818));
#3073=CARTESIAN_POINT('',(0.1,-0.264329827581801,0.100502344667535));
#3074=CARTESIAN_POINT('',(0.088,-0.264329827581801,0.100502344667535));
#3075=CARTESIAN_POINT('',(-0.1,-0.0780242514327258,0.164958952644453));
#3076=CARTESIAN_POINT('',(-0.1,-0.199194442902467,0.115597004813659));
#3077=CARTESIAN_POINT('',(-0.088,-0.337,0.0249018952846526));
#3078=CARTESIAN_POINT('',(-0.088,-0.337,0.0249018952846526));
#3079=CARTESIAN_POINT('',(-0.0964552593875949,-0.325628639236214,0.0153211193603756));
#3080=CARTESIAN_POINT('',(0.1,-0.325,0.0533179075868817));
#3081=CARTESIAN_POINT('',(0.1,-0.325,0.0533179075868817));
#3082=CARTESIAN_POINT('',(0.088,-0.264329827581801,0.100502344667535));
#3083=CARTESIAN_POINT('',(0.0962875884343969,-0.246807548958435,0.100209162334278));
#3084=CARTESIAN_POINT('',(-0.1,-0.199194442902467,0.115597004813659));
#3085=CARTESIAN_POINT('',(-0.1,-0.199194442902467,0.115597004813659));
#3086=CARTESIAN_POINT('',(-0.088,-0.202612053303775,0.126195274609624));
#3087=CARTESIAN_POINT('',(-0.088,-0.310263686941005,-0.00557564686822692));
#3088=CARTESIAN_POINT('',(-0.1,-0.27807529986435,-0.013234230106323));
#3089=CARTESIAN_POINT('',(0.1,-0.327128130562833,0.00607941818205093));
#3090=CARTESIAN_POINT('',(0.088,-0.332064065281417,0.0154906567333517));
#3091=CARTESIAN_POINT('',(0.088,-0.337,0.0533509476423263));
#3092=CARTESIAN_POINT('',(0.1,-0.325,0.01919556389162));
#3093=CARTESIAN_POINT('',(0.088,-0.228355486064275,0.116675));
#3094=CARTESIAN_POINT('',(0.088,-0.214000901927359,0.122522727272727));
#3095=CARTESIAN_POINT('',(0.1,-0.214000901927359,0.122522727272727));
#3096=CARTESIAN_POINT('',(0.088,-0.214000901927359,0.122522727272727));
#3097=CARTESIAN_POINT('',(-0.1,-0.0460292006806783,0.152597601556446));
#3098=CARTESIAN_POINT('',(-0.1,-0.116198055938641,0.135646696248939));
#3099=CARTESIAN_POINT('',(-0.1,-0.27807529986435,-0.013234230106323));
#3100=CARTESIAN_POINT('',(-0.088,-0.282784831715172,-0.0225797069719826));
#3101=CARTESIAN_POINT('',(-0.1,-0.27807529986435,-0.013234230106323));
#3102=CARTESIAN_POINT('',(0.1,-0.325,0.01919556389162));
#3103=CARTESIAN_POINT('',(0.1,-0.325,0.01919556389162));
#3104=CARTESIAN_POINT('',(0.088,-0.214000901927359,0.122522727272727));
#3105=CARTESIAN_POINT('',(0.096357659740547,-0.19677494607791,0.119928602461852));
#3106=CARTESIAN_POINT('',(-0.1,-0.116198055938641,0.135646696248939));
#3107=CARTESIAN_POINT('',(-0.1,-0.116198055938641,0.135646696248939));
#3108=CARTESIAN_POINT('',(-0.088,-0.117979610583928,0.146624990446316));
#3109=CARTESIAN_POINT('',(-0.088,-0.247563686941006,-0.0363256468682269));
#3110=CARTESIAN_POINT('',(-0.088,-0.222956953770844,-0.0447225917109936));
#3111=CARTESIAN_POINT('',(0.1,-0.272170420111167,-0.0279287020254603));
#3112=CARTESIAN_POINT('',(0.088,-0.272170420111167,-0.0279287020254603));
#3113=CARTESIAN_POINT('',(0.1,-0.095965189882454,-0.139091046123967));
#3114=CARTESIAN_POINT('',(0.0965884031435131,-0.282431892974307,-0.0143704288386102));
#3115=CARTESIAN_POINT('',(0.088,-0.160506764857906,0.137288086405689));
#3116=CARTESIAN_POINT('',(0.088,-0.129790325035622,0.144708350864859));
#3117=CARTESIAN_POINT('',(0.1,-0.129790325035622,0.144708350864859));
#3118=CARTESIAN_POINT('',(0.088,-0.129790325035622,0.144708350864859));
#3119=CARTESIAN_POINT('',(-0.1,-0.0198143596024518,0.143832182832835));
#3120=CARTESIAN_POINT('',(-0.0961711617357635,-0.0413121955445115,0.145849077627947));
#3121=CARTESIAN_POINT('',(-0.088,-0.222956953770844,-0.0447225917109936));
#3122=CARTESIAN_POINT('',(-0.088,-0.222956953770844,-0.0447225917109936));
#3123=CARTESIAN_POINT('',(-0.0966645858031065,-0.206826910527181,-0.0399335189122408));
#3124=CARTESIAN_POINT('',(0.088,-0.272170420111167,-0.0279287020254603));
#3125=CARTESIAN_POINT('',(0.088,-0.272170420111167,-0.0279287020254603));
#3126=CARTESIAN_POINT('',(0.088,-0.129790325035622,0.144708350864859));
#3127=CARTESIAN_POINT('',(0.096362866831222,-0.113158273456402,0.139555078861955));
#3128=CARTESIAN_POINT('',(-0.088,-0.0259164213896186,0.154547627181937));
#3129=CARTESIAN_POINT('',(-0.088,-0.0259164213896185,0.154547627181937));
#3130=CARTESIAN_POINT('',(-0.088,-0.0259164213896186,0.154547627181937));
#3131=CARTESIAN_POINT('',(-0.088,-0.1466,-0.0485981047153474));
#3132=CARTESIAN_POINT('',(-0.088,-0.0936,-0.0485981047153473));
#3133=CARTESIAN_POINT('',(0.1,-0.1996,-0.0485981047153474));
#3134=CARTESIAN_POINT('',(0.088,-0.211278476885422,-0.0466603482131705));
#3135=CARTESIAN_POINT('',(0.1,-0.0360385363405766,-0.0958282639903226));
#3136=CARTESIAN_POINT('',(0.1,-0.209608894631187,-0.0365981047153474));
#3137=CARTESIAN_POINT('',(0.088,-0.0780202239742694,0.150932185558034));
#3138=CARTESIAN_POINT('',(0.1,-0.0373014573079629,0.142347072704246));
#3139=CARTESIAN_POINT('',(0.1,-0.0498715518162975,0.153322741088296));
#3140=CARTESIAN_POINT('',(0.088,-0.0378939866029586,0.153935184135117));
#3141=CARTESIAN_POINT('',(-0.1,-0.00941772364189848,0.142833785085828));
#3142=CARTESIAN_POINT('',(-0.0960459974282071,-0.00388318400225112,0.146884995711856));
#3143=CARTESIAN_POINT('',(-0.088,-0.0756048219696396,-0.058993192035052));
#3144=CARTESIAN_POINT('',(-0.1,-0.065209734649935,-0.0529980140046916));
#3145=CARTESIAN_POINT('',(-0.088,-0.0756048219696396,-0.058993192035052));
#3146=CARTESIAN_POINT('',(0.1,-0.209608894631187,-0.0365981047153474));
#3147=CARTESIAN_POINT('',(0.1,-0.209608894631187,-0.0365981047153474));
#3148=CARTESIAN_POINT('',(0.1,-0.0373014573079632,0.142347072704246));
#3149=CARTESIAN_POINT('',(0.1,-0.0373014573079633,0.142347072704246));
#3150=CARTESIAN_POINT('',(-0.088,0.0119999999999986,0.155));
#3151=CARTESIAN_POINT('',(-0.088,0.0119999999999988,0.155));
#3152=CARTESIAN_POINT('',(-0.088,0.0119999999999986,0.155));
#3153=CARTESIAN_POINT('',(-0.1,-0.069226986597008,-0.0460324686007685));
#3154=CARTESIAN_POINT('',(-0.1,-0.0282592753366466,-0.117066712068314));
#3155=CARTESIAN_POINT('',(0.1,-0.0756048219696396,-0.058993192035052));
#3156=CARTESIAN_POINT('',(0.088,-0.0756048219696396,-0.058993192035052));
#3157=CARTESIAN_POINT('',(0.1,-0.00675,-0.0365981047153473));
#3158=CARTESIAN_POINT('',(0.1,-0.0936,-0.0365981047153474));
#3159=CARTESIAN_POINT('',(0.088,-0.018957296865752,0.154669099152345));
#3160=CARTESIAN_POINT('',(0.1,0.000104722413485413,0.143));
#3161=CARTESIAN_POINT('',(0.1,-0.0119981723418771,0.154790571122752));
#3162=CARTESIAN_POINT('',(0.088,9.1382905795782E-7,0.154895285561376));
#3163=CARTESIAN_POINT('',(-0.1,-0.00675,0.143));
#3164=CARTESIAN_POINT('',(-0.0964998347622703,0.225548293572263,0.14650016523773));
#3165=CARTESIAN_POINT('',(-0.1,-0.0282592753366466,-0.117066712068314));
#3166=CARTESIAN_POINT('',(-0.088,-0.0344570665156122,-0.123673703520125));
#3167=CARTESIAN_POINT('',(-0.1,-0.0282592753366466,-0.117066712068314));
#3168=CARTESIAN_POINT('',(0.088,-0.0936,-0.0485981047153473));
#3169=CARTESIAN_POINT('',(0.088,-0.0756048219696396,-0.058993192035052));
#3170=CARTESIAN_POINT('',(0.1,0.000104722413485413,0.143));
#3171=CARTESIAN_POINT('',(0.1,0.000104722413485601,0.143));
#3172=CARTESIAN_POINT('',(-0.088,0.241702945228909,0.152346497980183));
#3173=CARTESIAN_POINT('',(-0.088,0.241702945228909,0.152346497980183));
#3174=CARTESIAN_POINT('',(-0.088,0.241702945228909,0.152346497980183));
#3175=CARTESIAN_POINT('',(-0.1,-0.0535183829143282,-0.104575926531296));
#3176=CARTESIAN_POINT('',(-0.1,0.0646279060039139,-0.163));
#3177=CARTESIAN_POINT('',(0.1,-0.0260811474453455,-0.131530864787558));
#3178=CARTESIAN_POINT('',(0.088,-0.0260811474453455,-0.131530864787558));
#3179=CARTESIAN_POINT('',(0.088,-0.0592189037777592,-0.0874048671438717));
#3180=CARTESIAN_POINT('',(0.0968429429339424,-0.0320934449133977,-0.116737807280799));
#3181=CARTESIAN_POINT('',(0.088,0.115,0.155));
#3182=CARTESIAN_POINT('',(0.1,0.228656621616838,0.143));
#3183=CARTESIAN_POINT('',(0.1,0.218,0.155));
#3184=CARTESIAN_POINT('',(0.088,0.229851472614454,0.153673248990092));
#3185=CARTESIAN_POINT('',(-0.088,0.27675,0.1444));
#3186=CARTESIAN_POINT('',(-0.0951811747364268,0.311619287919634,0.129130354687125));
#3187=CARTESIAN_POINT('',(-0.1,0.0646279060039139,-0.163));
#3188=CARTESIAN_POINT('',(-0.088,0.0624446466545938,-0.172340382392419));
#3189=CARTESIAN_POINT('',(-0.1,0.0646279060039139,-0.163));
#3190=CARTESIAN_POINT('',(0.088,-0.0260811474453455,-0.131530864787558));
#3191=CARTESIAN_POINT('',(0.088,-0.0260811474453455,-0.131530864787558));
#3192=CARTESIAN_POINT('',(0.1,0.228656621616838,0.143));
#3193=CARTESIAN_POINT('',(0.1,0.228656621616838,0.143));
#3194=CARTESIAN_POINT('',(-0.088,0.3235,0.1218));
#3195=CARTESIAN_POINT('',(-0.088,0.3235,0.1218));
#3196=CARTESIAN_POINT('',(-0.088,0.3235,0.1218));
#3197=CARTESIAN_POINT('',(-0.1,-0.00675,-0.163));
#3198=CARTESIAN_POINT('',(-0.1,0.22374600782138,-0.163));
#3199=CARTESIAN_POINT('',(0.1,0.0738229767096803,-0.175));
#3200=CARTESIAN_POINT('',(0.088,0.0738229767096803,-0.175));
#3201=CARTESIAN_POINT('',(0.088,0.012492584577081,-0.150605814786198));
#3202=CARTESIAN_POINT('',(0.0967960407749134,0.0610070077139901,-0.164783741496918));
#3203=CARTESIAN_POINT('',(0.1,0.0377551728267025,0.186284606570598));
#3204=CARTESIAN_POINT('',(0.1,0.3115,0.124216260730235));
#3205=CARTESIAN_POINT('',(0.1,0.311797054771092,0.136453502019817));
#3206=CARTESIAN_POINT('',(0.088,0.317648527385546,0.129126751009908));
#3207=CARTESIAN_POINT('',(-0.088,0.3235,-0.0206));
#3208=CARTESIAN_POINT('',(-0.0968423092532126,0.314657690746788,-0.0352589193168713));
#3209=CARTESIAN_POINT('',(-0.088,0.27675,-0.1081));
#3210=CARTESIAN_POINT('',(-0.1,0.22374600782138,-0.163));
#3211=CARTESIAN_POINT('',(-0.088,0.316626348313597,-0.0510363058357297));
#3212=CARTESIAN_POINT('',(-0.1,0.22374600782138,-0.163));
#3213=CARTESIAN_POINT('',(-0.088,0.227436825843202,-0.170081847082135));
#3214=CARTESIAN_POINT('',(0.088,0.0738229767096803,-0.175));
#3215=CARTESIAN_POINT('',(0.088,0.0738229767096803,-0.175));
#3216=CARTESIAN_POINT('',(0.1,0.3115,0.124216260730235));
#3217=CARTESIAN_POINT('',(0.1,0.3115,0.124216260730235));
#3218=CARTESIAN_POINT('',(-0.088,0.316626348313597,-0.0510363058357297));
#3219=CARTESIAN_POINT('',(-0.088,0.316626348313597,-0.0510363058357297));
#3220=CARTESIAN_POINT('',(0.1,0.236873651686403,-0.165163694164271));
#3221=CARTESIAN_POINT('',(0.088,0.236873651686403,-0.165163694164271));
#3222=CARTESIAN_POINT('',(0.088,0.14591148835484,-0.175));
#3223=CARTESIAN_POINT('',(0.0964662468951201,0.222053926739758,-0.16653375310488));
#3224=CARTESIAN_POINT('',(0.1,0.3115,-0.01));
#3225=CARTESIAN_POINT('',(0.1,0.3115,-0.0374226293743391));
#3226=CARTESIAN_POINT('',(0.1,0.3235,-0.0292));
#3227=CARTESIAN_POINT('',(0.088,0.320063174156799,-0.040118152917865));
#3228=CARTESIAN_POINT('',(0.088,0.236873651686403,-0.165163694164271));
#3229=CARTESIAN_POINT('',(0.088,0.236873651686403,-0.165163694164271));
#3230=CARTESIAN_POINT('',(0.1,0.3115,-0.0374226293743391));
#3231=CARTESIAN_POINT('',(0.1,0.3115,-0.0374226293743391));
#3232=CARTESIAN_POINT('',(0.1,0.219956216145198,-0.168423252687414));
#3233=CARTESIAN_POINT('',(-0.204160545398198,0.273062455209282,0.05865));
#3234=CARTESIAN_POINT('',(-0.215958278445678,0.249697008071673,0.0263));
#3235=CARTESIAN_POINT('',(-0.227834888409426,0.226175344955112,0.0263));
#3236=CARTESIAN_POINT('',(-0.215958278445678,0.249697008071673,0.0263));
#3237=CARTESIAN_POINT('',(-0.230539239824322,0.220819368533884,0.0263));
#3238=CARTESIAN_POINT('',(-0.0881216047107783,0.185149433119658,0.0263));
#3239=CARTESIAN_POINT('',(-0.104,0.193166787452376,0.0263));
#3240=CARTESIAN_POINT('',(-0.102197099056737,0.221774889921958,0.0263));
#3241=CARTESIAN_POINT('',(-0.0999982146745263,0.191146197189103,0.0263));
#3242=CARTESIAN_POINT('',(-0.104,0.193166787452376,0.0263));
#3243=CARTESIAN_POINT('',(-0.105802900943263,0.230317002850672,0.0263));
#3244=CARTESIAN_POINT('',(-0.1,-0.00675,-0.01));
#3245=CARTESIAN_POINT('',(-0.1,0.193166787452376,0.0263));
#3246=CARTESIAN_POINT('',(-0.1,0.218204238974472,0.0263));
#3247=CARTESIAN_POINT('',(-0.204160545398198,-0.286562455209282,0.05865));
#3248=CARTESIAN_POINT('',(-0.215958278445678,-0.263197008071674,0.0263));
#3249=CARTESIAN_POINT('',(-0.227834888409426,-0.239675344955112,0.0263));
#3250=CARTESIAN_POINT('',(-0.215958278445678,-0.263197008071674,0.0263));
#3251=CARTESIAN_POINT('',(-0.230539239824322,-0.234319368533884,0.0263));
#3252=CARTESIAN_POINT('',(-0.0881216047107783,-0.198649433119657,0.0263));
#3253=CARTESIAN_POINT('',(-0.104,-0.206666787452375,0.0263));
#3254=CARTESIAN_POINT('',(-0.102197099056737,-0.235274889921958,0.0263));
#3255=CARTESIAN_POINT('',(-0.0999982146745263,-0.204646197189103,0.0263));
#3256=CARTESIAN_POINT('',(-0.104,-0.206666787452375,0.0263));
#3257=CARTESIAN_POINT('',(-0.105802900943263,-0.243817002850672,0.0263));
#3258=CARTESIAN_POINT('',(-0.1,-0.00675,-0.01));
#3259=CARTESIAN_POINT('',(-0.1,-0.206666787452375,0.0263));
#3260=CARTESIAN_POINT('',(-0.1,-0.231704238974472,0.0263));
#3261=CARTESIAN_POINT('',(-0.1,-0.204647098639578,0.0263));
#3262=CARTESIAN_POINT('',(-0.1,-0.227107989154926,0.0263));
#3263=CARTESIAN_POINT('',(0.204160545398198,-0.286562455209282,0.05865));
#3264=CARTESIAN_POINT('',(0.215958278445678,-0.263197008071674,0.0263));
#3265=CARTESIAN_POINT('',(0.227834888409426,-0.239675344955112,0.0263));
#3266=CARTESIAN_POINT('',(0.215958278445678,-0.263197008071674,0.0263));
#3267=CARTESIAN_POINT('',(0.230539239824322,-0.234319368533884,0.0263));
#3268=CARTESIAN_POINT('',(0.0881216047107783,-0.198649433119657,0.0263));
#3269=CARTESIAN_POINT('',(0.104,-0.206666787452375,0.0263));
#3270=CARTESIAN_POINT('',(0.102197099056737,-0.235274889921958,0.0263));
#3271=CARTESIAN_POINT('',(0.0999982146745263,-0.204646197189103,0.0263));
#3272=CARTESIAN_POINT('',(0.104,-0.206666787452375,0.0263));
#3273=CARTESIAN_POINT('',(0.105802900943263,-0.243817002850672,0.0263));
#3274=CARTESIAN_POINT('',(-0.00903882630358177,-0.149590974228005,0.0263));
#3275=CARTESIAN_POINT('',(0.1,-0.204647098639578,0.0263));
#3276=CARTESIAN_POINT('',(0.1,-0.227107989154926,0.0263));
#3277=CARTESIAN_POINT('',(-1.21430643318376E-17,-0.154154878319553,0.0263));
#3278=CARTESIAN_POINT('',(-1.07677314480566E-17,-0.176615768834902,0.0263));
#3279=CARTESIAN_POINT('',(0.1,-0.00675,-0.01));
#3280=CARTESIAN_POINT('',(0.1,-0.206666787452375,0.0263));
#3281=CARTESIAN_POINT('',(0.1,-0.231704238974472,0.0263));
#3282=CARTESIAN_POINT('',(0.204160545398198,0.273062455209282,0.05865));
#3283=CARTESIAN_POINT('',(0.215958278445678,0.249697008071673,0.0263));
#3284=CARTESIAN_POINT('',(0.227834888409426,0.226175344955112,0.0263));
#3285=CARTESIAN_POINT('',(0.215958278445678,0.249697008071673,0.0263));
#3286=CARTESIAN_POINT('',(0.230539239824322,0.220819368533884,0.0263));
#3287=CARTESIAN_POINT('',(0.0881216047107783,0.185149433119658,0.0263));
#3288=CARTESIAN_POINT('',(0.104,0.193166787452376,0.0263));
#3289=CARTESIAN_POINT('',(0.102197099056737,0.221774889921958,0.0263));
#3290=CARTESIAN_POINT('',(0.0999982146745263,0.191146197189103,0.0263));
#3291=CARTESIAN_POINT('',(0.104,0.193166787452376,0.0263));
#3292=CARTESIAN_POINT('',(0.105802900943263,0.230317002850672,0.0263));
#3293=CARTESIAN_POINT('',(0.1,-0.00675,-0.01));
#3294=CARTESIAN_POINT('',(0.1,0.193166787452376,0.0263));
#3295=CARTESIAN_POINT('',(0.1,0.218204238974472,0.0263));
#3296=CARTESIAN_POINT('',(0.00903882630358177,-0.149590974228005,0.0263));
#3297=CARTESIAN_POINT('',(-0.102197099056737,0.221774889921958,0.0263));
#3298=CARTESIAN_POINT('',(-0.1,0.220665525825581,0.0263));
#3299=CARTESIAN_POINT('',(-0.1,0.218204238974472,0.0263));
#3300=CARTESIAN_POINT('',(-0.102197099056737,0.221774889921958,0.0297487427852951));
#3301=CARTESIAN_POINT('',(-0.1,0.220665525825581,0.0295853442257765));
#3302=CARTESIAN_POINT('',(-0.1,0.218204238974472,0.0292252144687417));
#3303=CARTESIAN_POINT('',(-0.102290972734575,0.220285319568778,0.0366462283558851));
#3304=CARTESIAN_POINT('',(-0.1,0.219247478878408,0.0362359178091062));
#3305=CARTESIAN_POINT('',(-0.1,0.216900585733362,0.0350756434062251));
#3306=CARTESIAN_POINT('',(-0.102691967160123,0.213922413354391,0.0454173372333803));
#3307=CARTESIAN_POINT('',(-0.1,0.213181893219227,0.0447897631363994));
#3308=CARTESIAN_POINT('',(-0.1,0.211331850230832,0.0425152746552581));
#3309=CARTESIAN_POINT('',(-0.103292097728196,0.20439965124664,0.0512780048161869));
#3310=CARTESIAN_POINT('',(-0.1,0.203992402211126,0.0507686778256004));
#3311=CARTESIAN_POINT('',(-0.1,0.202997648586987,0.0474862773298587));
#3312=CARTESIAN_POINT('',(-0.104,0.193166787452375,0.0533359975919065));
#3313=CARTESIAN_POINT('',(-0.1,0.19290577857546,0.0533146575032977));
#3314=CARTESIAN_POINT('',(-0.1,0.193166787452376,0.0492318613350706));
#3315=CARTESIAN_POINT('',(-0.104707902271804,0.181933923658111,0.0512780048161869));
#3316=CARTESIAN_POINT('',(-0.1,0.181383010339271,0.0519682731317607));
#3317=CARTESIAN_POINT('',(-0.1,0.183335926317764,0.0474862773298587));
#3318=CARTESIAN_POINT('',(-0.105308032839877,0.17241116155036,0.0454173372333802));
#3319=CARTESIAN_POINT('',(-0.1,0.171000392928084,0.046648572452901));
#3320=CARTESIAN_POINT('',(-0.1,0.175001724673919,0.042515274655258));
#3321=CARTESIAN_POINT('',(-0.105709027265425,0.166048255335973,0.0366462283558852));
#3322=CARTESIAN_POINT('',(-0.1,0.163485954248481,0.0376927733300468));
#3323=CARTESIAN_POINT('',(-0.1,0.169432989171389,0.0350756434062252));
#3324=CARTESIAN_POINT('',(-0.105849837782183,0.163813899806203,0.0262999999999999));
#3325=CARTESIAN_POINT('',(-0.1,0.16066946403109,0.0262999999999999));
#3326=CARTESIAN_POINT('',(-0.1,0.167477509309723,0.0263));
#3327=CARTESIAN_POINT('',(-0.105709027265425,0.166048255335973,0.015953771644115));
#3328=CARTESIAN_POINT('',(-0.1,0.163485954248481,0.0149072266699534));
#3329=CARTESIAN_POINT('',(-0.1,0.169432989171389,0.0175243565937749));
#3330=CARTESIAN_POINT('',(-0.105308032839877,0.17241116155036,0.00718266276661967));
#3331=CARTESIAN_POINT('',(-0.1,0.171000392928084,0.005951427547099));
#3332=CARTESIAN_POINT('',(-0.1,0.175001724673919,0.0100847253447419));
#3333=CARTESIAN_POINT('',(-0.104707902271804,0.181933923658111,0.00132199518381314));
#3334=CARTESIAN_POINT('',(-0.1,0.181383010339271,0.000631726868239247));
#3335=CARTESIAN_POINT('',(-0.1,0.183335926317764,0.00511372267014131));
#3336=CARTESIAN_POINT('',(-0.104,0.193166787452376,-0.000735997591906553));
#3337=CARTESIAN_POINT('',(-0.1,0.19290577857546,-0.000714657503297743));
#3338=CARTESIAN_POINT('',(-0.1,0.193166787452376,0.00336813866492936));
#3339=CARTESIAN_POINT('',(-0.103292097728196,0.20439965124664,0.00132199518381309));
#3340=CARTESIAN_POINT('',(-0.1,0.203992402211126,0.00183132217439957));
#3341=CARTESIAN_POINT('',(-0.1,0.202997648586987,0.00511372267014128));
#3342=CARTESIAN_POINT('',(-0.102691967160123,0.213922413354391,0.00718266276661964));
#3343=CARTESIAN_POINT('',(-0.1,0.213181893219227,0.00781023686360055));
#3344=CARTESIAN_POINT('',(-0.1,0.211331850230832,0.0100847253447419));
#3345=CARTESIAN_POINT('',(-0.102290972734575,0.220285319568778,0.0159537716441149));
#3346=CARTESIAN_POINT('',(-0.1,0.219247478878408,0.0163640821908938));
#3347=CARTESIAN_POINT('',(-0.1,0.216900585733362,0.0175243565937749));
#3348=CARTESIAN_POINT('',(-0.102197099056737,0.221774889921958,0.022851257214705));
#3349=CARTESIAN_POINT('',(-0.1,0.220665525825581,0.0230146557742235));
#3350=CARTESIAN_POINT('',(-0.1,0.218204238974472,0.0233747855312583));
#3351=CARTESIAN_POINT('',(-0.102197099056737,0.221774889921958,0.0263));
#3352=CARTESIAN_POINT('',(-0.1,0.220665525825581,0.0263));
#3353=CARTESIAN_POINT('',(-0.1,0.218204238974472,0.0263));
#3354=CARTESIAN_POINT('',(-0.1,0.233887653798157,0.0263));
#3355=CARTESIAN_POINT('',(-0.1,0.227386989321446,0.0263));
#3356=CARTESIAN_POINT('',(-0.105802900943263,0.230317002850672,0.0263));
#3357=CARTESIAN_POINT('',(-0.1,0.233887653798157,0.0310575635766784));
#3358=CARTESIAN_POINT('',(-0.1,0.227386989321446,0.0301132385350682));
#3359=CARTESIAN_POINT('',(-0.105802900943263,0.230317002850672,0.030534035260125));
#3360=CARTESIAN_POINT('',(-0.1,0.231767394499975,0.0405726907300351));
#3361=CARTESIAN_POINT('',(-0.1,0.226000553197087,0.0374966909126427));
#3362=CARTESIAN_POINT('',(-0.105709027265425,0.228382660664559,0.0390021057803751));
#3363=CARTESIAN_POINT('',(-0.1,0.222710413045078,0.0526724936786859));
#3364=CARTESIAN_POINT('',(-0.1,0.219297084355896,0.0479939943578913));
#3365=CARTESIAN_POINT('',(-0.105308032839877,0.22011984992152,0.0497704311005637));
#3366=CARTESIAN_POINT('',(-0.1,0.209155682407326,0.0607573235320074));
#3367=CARTESIAN_POINT('',(-0.1,0.20803174523886,0.0559654661507081));
#3368=CARTESIAN_POINT('',(-0.104707902271804,0.207753679747673,0.0569655960456792));
#3369=CARTESIAN_POINT('',(-0.1,0.193166787452375,0.0635963382339963));
#3370=CARTESIAN_POINT('',(-0.1,0.193703186337662,0.0595176641643043));
#3371=CARTESIAN_POINT('',(-0.104,0.193166787452376,0.0594922019771604));
#3372=CARTESIAN_POINT('',(-0.1,0.177177892497425,0.0607573235320074));
#3373=CARTESIAN_POINT('',(-0.1,0.178746383811503,0.0576960935284948));
#3374=CARTESIAN_POINT('',(-0.103292097728196,0.178579895157078,0.0569655960456792));
#3375=CARTESIAN_POINT('',(-0.1,0.163623161859673,0.0526724936786858));
#3376=CARTESIAN_POINT('',(-0.1,0.165764501833131,0.0506731479177094));
#3377=CARTESIAN_POINT('',(-0.102691967160123,0.166213724983231,0.0497704311005636));
#3378=CARTESIAN_POINT('',(-0.1,0.154566180404776,0.0405726907300351));
#3379=CARTESIAN_POINT('',(-0.1,0.156982412669754,0.0395928455645909));
#3380=CARTESIAN_POINT('',(-0.102290972734575,0.157950914240192,0.0390021057803751));
#3381=CARTESIAN_POINT('',(-0.1,0.151385791457502,0.0262999999999999));
#3382=CARTESIAN_POINT('',(-0.1,0.153882069038087,0.0262999999999999));
#3383=CARTESIAN_POINT('',(-0.102150162217817,0.155049400961023,0.0262999999999999));
#3384=CARTESIAN_POINT('',(-0.1,0.154566180404776,0.012027309269965));
#3385=CARTESIAN_POINT('',(-0.1,0.156982412669754,0.0130071544354093));
#3386=CARTESIAN_POINT('',(-0.102290972734575,0.157950914240192,0.013597894219625));
#3387=CARTESIAN_POINT('',(-0.1,0.163623161859673,-7.24936786859781E-5));
#3388=CARTESIAN_POINT('',(-0.1,0.165764501833131,0.00192685208229048));
#3389=CARTESIAN_POINT('',(-0.102691967160123,0.166213724983232,0.00282956889943627));
#3390=CARTESIAN_POINT('',(-0.1,0.177177892497425,-0.00815732353200731));
#3391=CARTESIAN_POINT('',(-0.1,0.178746383811502,-0.00509609352849471));
#3392=CARTESIAN_POINT('',(-0.103292097728196,0.178579895157078,-0.00436559604567914));
#3393=CARTESIAN_POINT('',(-0.1,0.193166787452376,-0.0109963382339963));
#3394=CARTESIAN_POINT('',(-0.1,0.193703186337662,-0.00691766416430433));
#3395=CARTESIAN_POINT('',(-0.104,0.193166787452376,-0.00689220197716043));
#3396=CARTESIAN_POINT('',(-0.1,0.209155682407326,-0.00815732353200736));
#3397=CARTESIAN_POINT('',(-0.1,0.20803174523886,-0.00336546615070812));
#3398=CARTESIAN_POINT('',(-0.104707902271804,0.207753679747673,-0.00436559604567917));
#3399=CARTESIAN_POINT('',(-0.1,0.222710413045078,-7.24936786859905E-5));
#3400=CARTESIAN_POINT('',(-0.1,0.219297084355896,0.00460600564210867));
#3401=CARTESIAN_POINT('',(-0.105308032839877,0.22011984992152,0.00282956889943627));
#3402=CARTESIAN_POINT('',(-0.1,0.231767394499975,0.0120273092699649));
#3403=CARTESIAN_POINT('',(-0.1,0.226000553197087,0.0151033090873572));
#3404=CARTESIAN_POINT('',(-0.105709027265425,0.228382660664559,0.0135978942196249));
#3405=CARTESIAN_POINT('',(-0.1,0.233887653798157,0.0215424364233217));
#3406=CARTESIAN_POINT('',(-0.1,0.227386989321446,0.0224867614649319));
#3407=CARTESIAN_POINT('',(-0.105802900943263,0.230317002850672,0.022065964739875));
#3408=CARTESIAN_POINT('',(-0.1,0.233887653798157,0.0263));
#3409=CARTESIAN_POINT('',(-0.1,0.227386989321446,0.0263));
#3410=CARTESIAN_POINT('',(-0.105802900943263,0.230317002850672,0.0263));
#3411=CARTESIAN_POINT('',(-0.1,-0.247387653798157,0.0263));
#3412=CARTESIAN_POINT('',(-0.1,-0.240886989321446,0.0263));
#3413=CARTESIAN_POINT('',(-0.105802900943263,-0.243817002850672,0.0263));
#3414=CARTESIAN_POINT('',(-0.1,-0.247387653798157,0.0215424364233216));
#3415=CARTESIAN_POINT('',(-0.1,-0.240886989321446,0.0224867614649319));
#3416=CARTESIAN_POINT('',(-0.105802900943263,-0.243817002850672,0.022065964739875));
#3417=CARTESIAN_POINT('',(-0.1,-0.245267394499975,0.012027309269965));
#3418=CARTESIAN_POINT('',(-0.1,-0.239500553197087,0.0151033090873573));
#3419=CARTESIAN_POINT('',(-0.105709027265425,-0.241882660664559,0.0135978942196249));
#3420=CARTESIAN_POINT('',(-0.1,-0.236210413045078,-7.24936786858993E-5));
#3421=CARTESIAN_POINT('',(-0.1,-0.232797084355896,0.00460600564210876));
#3422=CARTESIAN_POINT('',(-0.105308032839877,-0.23361984992152,0.00282956889943635));
#3423=CARTESIAN_POINT('',(-0.1,-0.222655682407326,-0.00815732353200736));
#3424=CARTESIAN_POINT('',(-0.1,-0.221531745238861,-0.00336546615070812));
#3425=CARTESIAN_POINT('',(-0.104707902271804,-0.221253679747673,-0.00436559604567918));
#3426=CARTESIAN_POINT('',(-0.1,-0.206666787452375,-0.0109963382339963));
#3427=CARTESIAN_POINT('',(-0.1,-0.207203186337662,-0.00691766416430432));
#3428=CARTESIAN_POINT('',(-0.104,-0.206666787452375,-0.00689220197716041));
#3429=CARTESIAN_POINT('',(-0.1,-0.190677892497425,-0.00815732353200737));
#3430=CARTESIAN_POINT('',(-0.1,-0.192246383811502,-0.00509609352849475));
#3431=CARTESIAN_POINT('',(-0.103292097728196,-0.192079895157078,-0.00436559604567919));
#3432=CARTESIAN_POINT('',(-0.1,-0.177123161859673,-7.24936786858409E-5));
#3433=CARTESIAN_POINT('',(-0.1,-0.179264501833131,0.00192685208229061));
#3434=CARTESIAN_POINT('',(-0.102691967160123,-0.179713724983231,0.00282956889943639));
#3435=CARTESIAN_POINT('',(-0.1,-0.168066180404776,0.0120273092699649));
#3436=CARTESIAN_POINT('',(-0.1,-0.170482412669754,0.0130071544354091));
#3437=CARTESIAN_POINT('',(-0.102290972734575,-0.171450914240192,0.0135978942196248));
#3438=CARTESIAN_POINT('',(-0.1,-0.164885791457502,0.0263000000000001));
#3439=CARTESIAN_POINT('',(-0.1,-0.167382069038087,0.0263));
#3440=CARTESIAN_POINT('',(-0.102150162217817,-0.168549400961023,0.0263));
#3441=CARTESIAN_POINT('',(-0.1,-0.168066180404776,0.0405726907300349));
#3442=CARTESIAN_POINT('',(-0.1,-0.170482412669754,0.0395928455645907));
#3443=CARTESIAN_POINT('',(-0.102290972734575,-0.171450914240192,0.039002105780375));
#3444=CARTESIAN_POINT('',(-0.1,-0.177123161859673,0.052672493678686));
#3445=CARTESIAN_POINT('',(-0.1,-0.179264501833131,0.0506731479177095));
#3446=CARTESIAN_POINT('',(-0.102691967160123,-0.179713724983231,0.0497704311005637));
#3447=CARTESIAN_POINT('',(-0.1,-0.190677892497425,0.0607573235320073));
#3448=CARTESIAN_POINT('',(-0.1,-0.192246383811502,0.0576960935284947));
#3449=CARTESIAN_POINT('',(-0.103292097728196,-0.192079895157078,0.0569655960456791));
#3450=CARTESIAN_POINT('',(-0.1,-0.206666787452376,0.0635963382339963));
#3451=CARTESIAN_POINT('',(-0.1,-0.207203186337662,0.0595176641643043));
#3452=CARTESIAN_POINT('',(-0.104,-0.206666787452376,0.0594922019771604));
#3453=CARTESIAN_POINT('',(-0.1,-0.222655682407326,0.0607573235320074));
#3454=CARTESIAN_POINT('',(-0.1,-0.22153174523886,0.0559654661507081));
#3455=CARTESIAN_POINT('',(-0.104707902271804,-0.221253679747673,0.0569655960456792));
#3456=CARTESIAN_POINT('',(-0.1,-0.236210413045078,0.052672493678686));
#3457=CARTESIAN_POINT('',(-0.1,-0.232797084355896,0.0479939943578914));
#3458=CARTESIAN_POINT('',(-0.105308032839877,-0.233619849921519,0.0497704311005637));
#3459=CARTESIAN_POINT('',(-0.1,-0.245267394499975,0.0405726907300351));
#3460=CARTESIAN_POINT('',(-0.1,-0.239500553197087,0.0374966909126428));
#3461=CARTESIAN_POINT('',(-0.105709027265425,-0.241882660664559,0.0390021057803751));
#3462=CARTESIAN_POINT('',(-0.1,-0.247387653798157,0.0310575635766784));
#3463=CARTESIAN_POINT('',(-0.1,-0.240886989321446,0.0301132385350681));
#3464=CARTESIAN_POINT('',(-0.105802900943263,-0.243817002850672,0.030534035260125));
#3465=CARTESIAN_POINT('',(-0.1,-0.247387653798157,0.0263));
#3466=CARTESIAN_POINT('',(-0.1,-0.240886989321446,0.0263));
#3467=CARTESIAN_POINT('',(-0.105802900943263,-0.243817002850672,0.0263));
#3468=CARTESIAN_POINT('',(-0.102197099056737,-0.235274889921958,0.0263));
#3469=CARTESIAN_POINT('',(-0.1,-0.234165525825581,0.0263));
#3470=CARTESIAN_POINT('',(-0.1,-0.231704238974472,0.0263));
#3471=CARTESIAN_POINT('',(-0.102197099056737,-0.235274889921958,0.022851257214705));
#3472=CARTESIAN_POINT('',(-0.1,-0.234165525825581,0.0230146557742235));
#3473=CARTESIAN_POINT('',(-0.1,-0.231704238974472,0.0233747855312583));
#3474=CARTESIAN_POINT('',(-0.102290972734575,-0.233785319568778,0.0159537716441149));
#3475=CARTESIAN_POINT('',(-0.1,-0.232747478878408,0.0163640821908939));
#3476=CARTESIAN_POINT('',(-0.1,-0.230400585733362,0.0175243565937749));
#3477=CARTESIAN_POINT('',(-0.102691967160123,-0.227422413354391,0.0071826627666197));
#3478=CARTESIAN_POINT('',(-0.1,-0.226681893219227,0.00781023686360063));
#3479=CARTESIAN_POINT('',(-0.1,-0.224831850230832,0.010084725344742));
#3480=CARTESIAN_POINT('',(-0.103292097728196,-0.21789965124664,0.00132199518381308));
#3481=CARTESIAN_POINT('',(-0.1,-0.217492402211126,0.00183132217439955));
#3482=CARTESIAN_POINT('',(-0.1,-0.216497648586987,0.00511372267014128));
#3483=CARTESIAN_POINT('',(-0.104,-0.206666787452375,-0.000735997591906543));
#3484=CARTESIAN_POINT('',(-0.1,-0.20640577857546,-0.000714657503297734));
#3485=CARTESIAN_POINT('',(-0.1,-0.206666787452376,0.00336813866492937));
#3486=CARTESIAN_POINT('',(-0.104707902271804,-0.195433923658111,0.00132199518381311));
#3487=CARTESIAN_POINT('',(-0.1,-0.194883010339271,0.000631726868239231));
#3488=CARTESIAN_POINT('',(-0.1,-0.196835926317764,0.00511372267014128));
#3489=CARTESIAN_POINT('',(-0.105308032839877,-0.18591116155036,0.00718266276661977));
#3490=CARTESIAN_POINT('',(-0.1,-0.184500392928084,0.00595142754709906));
#3491=CARTESIAN_POINT('',(-0.1,-0.188501724673919,0.010084725344742));
#3492=CARTESIAN_POINT('',(-0.105709027265425,-0.179548255335973,0.0159537716441148));
#3493=CARTESIAN_POINT('',(-0.1,-0.176985954248481,0.0149072266699532));
#3494=CARTESIAN_POINT('',(-0.1,-0.182932989171389,0.0175243565937748));
#3495=CARTESIAN_POINT('',(-0.105849837782183,-0.177313899806203,0.0263));
#3496=CARTESIAN_POINT('',(-0.1,-0.17416946403109,0.0263));
#3497=CARTESIAN_POINT('',(-0.1,-0.180977509309723,0.0263));
#3498=CARTESIAN_POINT('',(-0.105709027265425,-0.179548255335973,0.036646228355885));
#3499=CARTESIAN_POINT('',(-0.1,-0.176985954248481,0.0376927733300466));
#3500=CARTESIAN_POINT('',(-0.1,-0.182932989171389,0.0350756434062251));
#3501=CARTESIAN_POINT('',(-0.105308032839877,-0.18591116155036,0.0454173372333803));
#3502=CARTESIAN_POINT('',(-0.1,-0.184500392928084,0.046648572452901));
#3503=CARTESIAN_POINT('',(-0.1,-0.188501724673919,0.0425152746552581));
#3504=CARTESIAN_POINT('',(-0.104707902271804,-0.195433923658111,0.0512780048161869));
#3505=CARTESIAN_POINT('',(-0.1,-0.194883010339271,0.0519682731317608));
#3506=CARTESIAN_POINT('',(-0.1,-0.196835926317764,0.0474862773298587));
#3507=CARTESIAN_POINT('',(-0.104,-0.206666787452376,0.0533359975919066));
#3508=CARTESIAN_POINT('',(-0.1,-0.20640577857546,0.0533146575032977));
#3509=CARTESIAN_POINT('',(-0.1,-0.206666787452376,0.0492318613350706));
#3510=CARTESIAN_POINT('',(-0.103292097728196,-0.21789965124664,0.0512780048161869));
#3511=CARTESIAN_POINT('',(-0.1,-0.217492402211126,0.0507686778256004));
#3512=CARTESIAN_POINT('',(-0.1,-0.216497648586987,0.0474862773298588));
#3513=CARTESIAN_POINT('',(-0.102691967160123,-0.227422413354391,0.0454173372333804));
#3514=CARTESIAN_POINT('',(-0.1,-0.226681893219227,0.0447897631363995));
#3515=CARTESIAN_POINT('',(-0.1,-0.224831850230832,0.0425152746552581));
#3516=CARTESIAN_POINT('',(-0.102290972734575,-0.233785319568778,0.0366462283558852));
#3517=CARTESIAN_POINT('',(-0.1,-0.232747478878408,0.0362359178091062));
#3518=CARTESIAN_POINT('',(-0.1,-0.230400585733362,0.0350756434062252));
#3519=CARTESIAN_POINT('',(-0.102197099056737,-0.235274889921958,0.029748742785295));
#3520=CARTESIAN_POINT('',(-0.1,-0.234165525825581,0.0295853442257765));
#3521=CARTESIAN_POINT('',(-0.1,-0.231704238974472,0.0292252144687417));
#3522=CARTESIAN_POINT('',(-0.102197099056737,-0.235274889921958,0.0263));
#3523=CARTESIAN_POINT('',(-0.1,-0.234165525825581,0.0263));
#3524=CARTESIAN_POINT('',(-0.1,-0.231704238974472,0.0263));
#3525=CARTESIAN_POINT('',(0.1,0.218204238974472,0.0263));
#3526=CARTESIAN_POINT('',(0.1,0.220665525825581,0.0263));
#3527=CARTESIAN_POINT('',(0.102197099056737,0.221774889921958,0.0263));
#3528=CARTESIAN_POINT('',(0.1,0.218204238974472,0.0292252144687417));
#3529=CARTESIAN_POINT('',(0.1,0.220665525825581,0.0295853442257765));
#3530=CARTESIAN_POINT('',(0.102197099056737,0.221774889921958,0.0297487427852951));
#3531=CARTESIAN_POINT('',(0.1,0.216900585733362,0.0350756434062251));
#3532=CARTESIAN_POINT('',(0.1,0.219247478878408,0.0362359178091062));
#3533=CARTESIAN_POINT('',(0.102290972734575,0.220285319568778,0.0366462283558851));
#3534=CARTESIAN_POINT('',(0.1,0.211331850230832,0.0425152746552581));
#3535=CARTESIAN_POINT('',(0.1,0.213181893219227,0.0447897631363994));
#3536=CARTESIAN_POINT('',(0.102691967160123,0.213922413354391,0.0454173372333803));
#3537=CARTESIAN_POINT('',(0.1,0.202997648586987,0.0474862773298587));
#3538=CARTESIAN_POINT('',(0.1,0.203992402211126,0.0507686778256004));
#3539=CARTESIAN_POINT('',(0.103292097728196,0.20439965124664,0.0512780048161869));
#3540=CARTESIAN_POINT('',(0.1,0.193166787452376,0.0492318613350706));
#3541=CARTESIAN_POINT('',(0.1,0.19290577857546,0.0533146575032977));
#3542=CARTESIAN_POINT('',(0.104,0.193166787452375,0.0533359975919065));
#3543=CARTESIAN_POINT('',(0.1,0.183335926317764,0.0474862773298587));
#3544=CARTESIAN_POINT('',(0.1,0.181383010339271,0.0519682731317607));
#3545=CARTESIAN_POINT('',(0.104707902271804,0.181933923658111,0.0512780048161869));
#3546=CARTESIAN_POINT('',(0.1,0.175001724673919,0.042515274655258));
#3547=CARTESIAN_POINT('',(0.1,0.171000392928084,0.046648572452901));
#3548=CARTESIAN_POINT('',(0.105308032839877,0.17241116155036,0.0454173372333802));
#3549=CARTESIAN_POINT('',(0.1,0.169432989171389,0.0350756434062252));
#3550=CARTESIAN_POINT('',(0.1,0.163485954248481,0.0376927733300468));
#3551=CARTESIAN_POINT('',(0.105709027265425,0.166048255335973,0.0366462283558852));
#3552=CARTESIAN_POINT('',(0.1,0.167477509309723,0.0263));
#3553=CARTESIAN_POINT('',(0.1,0.16066946403109,0.0262999999999999));
#3554=CARTESIAN_POINT('',(0.105849837782183,0.163813899806203,0.0262999999999999));
#3555=CARTESIAN_POINT('',(0.1,0.169432989171389,0.0175243565937749));
#3556=CARTESIAN_POINT('',(0.1,0.163485954248481,0.0149072266699534));
#3557=CARTESIAN_POINT('',(0.105709027265425,0.166048255335973,0.015953771644115));
#3558=CARTESIAN_POINT('',(0.1,0.175001724673919,0.0100847253447419));
#3559=CARTESIAN_POINT('',(0.1,0.171000392928084,0.005951427547099));
#3560=CARTESIAN_POINT('',(0.105308032839877,0.17241116155036,0.00718266276661967));
#3561=CARTESIAN_POINT('',(0.1,0.183335926317764,0.00511372267014131));
#3562=CARTESIAN_POINT('',(0.1,0.181383010339271,0.000631726868239247));
#3563=CARTESIAN_POINT('',(0.104707902271804,0.181933923658111,0.00132199518381314));
#3564=CARTESIAN_POINT('',(0.1,0.193166787452376,0.00336813866492936));
#3565=CARTESIAN_POINT('',(0.1,0.19290577857546,-0.000714657503297743));
#3566=CARTESIAN_POINT('',(0.104,0.193166787452376,-0.000735997591906553));
#3567=CARTESIAN_POINT('',(0.1,0.202997648586987,0.00511372267014128));
#3568=CARTESIAN_POINT('',(0.1,0.203992402211126,0.00183132217439957));
#3569=CARTESIAN_POINT('',(0.103292097728196,0.20439965124664,0.00132199518381309));
#3570=CARTESIAN_POINT('',(0.1,0.211331850230832,0.0100847253447419));
#3571=CARTESIAN_POINT('',(0.1,0.213181893219227,0.00781023686360055));
#3572=CARTESIAN_POINT('',(0.102691967160123,0.213922413354391,0.00718266276661964));
#3573=CARTESIAN_POINT('',(0.1,0.216900585733362,0.0175243565937749));
#3574=CARTESIAN_POINT('',(0.1,0.219247478878408,0.0163640821908938));
#3575=CARTESIAN_POINT('',(0.102290972734575,0.220285319568778,0.0159537716441149));
#3576=CARTESIAN_POINT('',(0.1,0.218204238974472,0.0233747855312583));
#3577=CARTESIAN_POINT('',(0.1,0.220665525825581,0.0230146557742235));
#3578=CARTESIAN_POINT('',(0.102197099056737,0.221774889921958,0.022851257214705));
#3579=CARTESIAN_POINT('',(0.1,0.218204238974472,0.0263));
#3580=CARTESIAN_POINT('',(0.1,0.220665525825581,0.0263));
#3581=CARTESIAN_POINT('',(0.102197099056737,0.221774889921958,0.0263));
#3582=CARTESIAN_POINT('',(0.105802900943263,0.230317002850672,0.0263));
#3583=CARTESIAN_POINT('',(0.1,0.227386989321446,0.0263));
#3584=CARTESIAN_POINT('',(0.1,0.233887653798157,0.0263));
#3585=CARTESIAN_POINT('',(0.105802900943263,0.230317002850672,0.030534035260125));
#3586=CARTESIAN_POINT('',(0.1,0.227386989321446,0.0301132385350682));
#3587=CARTESIAN_POINT('',(0.1,0.233887653798157,0.0310575635766784));
#3588=CARTESIAN_POINT('',(0.105709027265425,0.228382660664559,0.0390021057803751));
#3589=CARTESIAN_POINT('',(0.1,0.226000553197087,0.0374966909126427));
#3590=CARTESIAN_POINT('',(0.1,0.231767394499975,0.0405726907300351));
#3591=CARTESIAN_POINT('',(0.105308032839877,0.22011984992152,0.0497704311005637));
#3592=CARTESIAN_POINT('',(0.1,0.219297084355896,0.0479939943578913));
#3593=CARTESIAN_POINT('',(0.1,0.222710413045078,0.0526724936786859));
#3594=CARTESIAN_POINT('',(0.104707902271804,0.207753679747673,0.0569655960456792));
#3595=CARTESIAN_POINT('',(0.1,0.20803174523886,0.0559654661507081));
#3596=CARTESIAN_POINT('',(0.1,0.209155682407326,0.0607573235320074));
#3597=CARTESIAN_POINT('',(0.104,0.193166787452376,0.0594922019771604));
#3598=CARTESIAN_POINT('',(0.1,0.193703186337662,0.0595176641643043));
#3599=CARTESIAN_POINT('',(0.1,0.193166787452375,0.0635963382339963));
#3600=CARTESIAN_POINT('',(0.103292097728196,0.178579895157078,0.0569655960456792));
#3601=CARTESIAN_POINT('',(0.1,0.178746383811503,0.0576960935284948));
#3602=CARTESIAN_POINT('',(0.1,0.177177892497425,0.0607573235320074));
#3603=CARTESIAN_POINT('',(0.102691967160123,0.166213724983231,0.0497704311005636));
#3604=CARTESIAN_POINT('',(0.1,0.165764501833131,0.0506731479177094));
#3605=CARTESIAN_POINT('',(0.1,0.163623161859673,0.0526724936786858));
#3606=CARTESIAN_POINT('',(0.102290972734575,0.157950914240192,0.0390021057803751));
#3607=CARTESIAN_POINT('',(0.1,0.156982412669754,0.0395928455645909));
#3608=CARTESIAN_POINT('',(0.1,0.154566180404776,0.0405726907300351));
#3609=CARTESIAN_POINT('',(0.102150162217817,0.155049400961023,0.0262999999999999));
#3610=CARTESIAN_POINT('',(0.1,0.153882069038087,0.0262999999999999));
#3611=CARTESIAN_POINT('',(0.1,0.151385791457502,0.0262999999999999));
#3612=CARTESIAN_POINT('',(0.102290972734575,0.157950914240192,0.013597894219625));
#3613=CARTESIAN_POINT('',(0.1,0.156982412669754,0.0130071544354093));
#3614=CARTESIAN_POINT('',(0.1,0.154566180404776,0.012027309269965));
#3615=CARTESIAN_POINT('',(0.102691967160123,0.166213724983232,0.00282956889943627));
#3616=CARTESIAN_POINT('',(0.1,0.165764501833131,0.00192685208229048));
#3617=CARTESIAN_POINT('',(0.1,0.163623161859673,-7.24936786859781E-5));
#3618=CARTESIAN_POINT('',(0.103292097728196,0.178579895157078,-0.00436559604567914));
#3619=CARTESIAN_POINT('',(0.1,0.178746383811502,-0.00509609352849471));
#3620=CARTESIAN_POINT('',(0.1,0.177177892497425,-0.00815732353200731));
#3621=CARTESIAN_POINT('',(0.104,0.193166787452376,-0.00689220197716043));
#3622=CARTESIAN_POINT('',(0.1,0.193703186337662,-0.00691766416430433));
#3623=CARTESIAN_POINT('',(0.1,0.193166787452376,-0.0109963382339963));
#3624=CARTESIAN_POINT('',(0.104707902271804,0.207753679747673,-0.00436559604567917));
#3625=CARTESIAN_POINT('',(0.1,0.20803174523886,-0.00336546615070812));
#3626=CARTESIAN_POINT('',(0.1,0.209155682407326,-0.00815732353200736));
#3627=CARTESIAN_POINT('',(0.105308032839877,0.22011984992152,0.00282956889943627));
#3628=CARTESIAN_POINT('',(0.1,0.219297084355896,0.00460600564210867));
#3629=CARTESIAN_POINT('',(0.1,0.222710413045078,-7.24936786859905E-5));
#3630=CARTESIAN_POINT('',(0.105709027265425,0.228382660664559,0.0135978942196249));
#3631=CARTESIAN_POINT('',(0.1,0.226000553197087,0.0151033090873572));
#3632=CARTESIAN_POINT('',(0.1,0.231767394499975,0.0120273092699649));
#3633=CARTESIAN_POINT('',(0.105802900943263,0.230317002850672,0.022065964739875));
#3634=CARTESIAN_POINT('',(0.1,0.227386989321446,0.0224867614649319));
#3635=CARTESIAN_POINT('',(0.1,0.233887653798157,0.0215424364233217));
#3636=CARTESIAN_POINT('',(0.105802900943263,0.230317002850672,0.0263));
#3637=CARTESIAN_POINT('',(0.1,0.227386989321446,0.0263));
#3638=CARTESIAN_POINT('',(0.1,0.233887653798157,0.0263));
#3639=CARTESIAN_POINT('',(0.1,-0.231704238974472,0.0263));
#3640=CARTESIAN_POINT('',(0.1,-0.234165525825581,0.0263));
#3641=CARTESIAN_POINT('',(0.102197099056737,-0.235274889921958,0.0263));
#3642=CARTESIAN_POINT('',(0.1,-0.231704238974472,0.0233747855312583));
#3643=CARTESIAN_POINT('',(0.1,-0.234165525825581,0.0230146557742235));
#3644=CARTESIAN_POINT('',(0.102197099056737,-0.235274889921958,0.022851257214705));
#3645=CARTESIAN_POINT('',(0.1,-0.230400585733362,0.0175243565937749));
#3646=CARTESIAN_POINT('',(0.1,-0.232747478878408,0.0163640821908939));
#3647=CARTESIAN_POINT('',(0.102290972734575,-0.233785319568778,0.0159537716441149));
#3648=CARTESIAN_POINT('',(0.1,-0.224831850230832,0.010084725344742));
#3649=CARTESIAN_POINT('',(0.1,-0.226681893219227,0.00781023686360062));
#3650=CARTESIAN_POINT('',(0.102691967160123,-0.227422413354391,0.0071826627666197));
#3651=CARTESIAN_POINT('',(0.1,-0.216497648586987,0.00511372267014128));
#3652=CARTESIAN_POINT('',(0.1,-0.217492402211126,0.00183132217439955));
#3653=CARTESIAN_POINT('',(0.103292097728196,-0.21789965124664,0.00132199518381308));
#3654=CARTESIAN_POINT('',(0.1,-0.206666787452376,0.00336813866492937));
#3655=CARTESIAN_POINT('',(0.1,-0.20640577857546,-0.000714657503297734));
#3656=CARTESIAN_POINT('',(0.104,-0.206666787452375,-0.000735997591906543));
#3657=CARTESIAN_POINT('',(0.1,-0.196835926317764,0.00511372267014128));
#3658=CARTESIAN_POINT('',(0.1,-0.194883010339271,0.000631726868239232));
#3659=CARTESIAN_POINT('',(0.104707902271804,-0.195433923658111,0.00132199518381311));
#3660=CARTESIAN_POINT('',(0.1,-0.188501724673919,0.010084725344742));
#3661=CARTESIAN_POINT('',(0.1,-0.184500392928084,0.00595142754709906));
#3662=CARTESIAN_POINT('',(0.105308032839877,-0.18591116155036,0.00718266276661977));
#3663=CARTESIAN_POINT('',(0.1,-0.182932989171389,0.0175243565937748));
#3664=CARTESIAN_POINT('',(0.1,-0.176985954248481,0.0149072266699532));
#3665=CARTESIAN_POINT('',(0.105709027265425,-0.179548255335973,0.0159537716441148));
#3666=CARTESIAN_POINT('',(0.1,-0.180977509309723,0.0263));
#3667=CARTESIAN_POINT('',(0.1,-0.17416946403109,0.0263));
#3668=CARTESIAN_POINT('',(0.105849837782183,-0.177313899806203,0.0263));
#3669=CARTESIAN_POINT('',(0.1,-0.182932989171389,0.0350756434062251));
#3670=CARTESIAN_POINT('',(0.1,-0.176985954248481,0.0376927733300466));
#3671=CARTESIAN_POINT('',(0.105709027265425,-0.179548255335973,0.036646228355885));
#3672=CARTESIAN_POINT('',(0.1,-0.188501724673919,0.0425152746552581));
#3673=CARTESIAN_POINT('',(0.1,-0.184500392928084,0.046648572452901));
#3674=CARTESIAN_POINT('',(0.105308032839877,-0.18591116155036,0.0454173372333803));
#3675=CARTESIAN_POINT('',(0.1,-0.196835926317764,0.0474862773298587));
#3676=CARTESIAN_POINT('',(0.1,-0.194883010339271,0.0519682731317608));
#3677=CARTESIAN_POINT('',(0.104707902271804,-0.195433923658111,0.0512780048161869));
#3678=CARTESIAN_POINT('',(0.1,-0.206666787452376,0.0492318613350706));
#3679=CARTESIAN_POINT('',(0.1,-0.20640577857546,0.0533146575032977));
#3680=CARTESIAN_POINT('',(0.104,-0.206666787452376,0.0533359975919066));
#3681=CARTESIAN_POINT('',(0.1,-0.216497648586987,0.0474862773298588));
#3682=CARTESIAN_POINT('',(0.1,-0.217492402211126,0.0507686778256004));
#3683=CARTESIAN_POINT('',(0.103292097728196,-0.21789965124664,0.0512780048161869));
#3684=CARTESIAN_POINT('',(0.1,-0.224831850230832,0.0425152746552581));
#3685=CARTESIAN_POINT('',(0.1,-0.226681893219227,0.0447897631363995));
#3686=CARTESIAN_POINT('',(0.102691967160123,-0.227422413354391,0.0454173372333804));
#3687=CARTESIAN_POINT('',(0.1,-0.230400585733362,0.0350756434062252));
#3688=CARTESIAN_POINT('',(0.1,-0.232747478878408,0.0362359178091062));
#3689=CARTESIAN_POINT('',(0.102290972734575,-0.233785319568778,0.0366462283558852));
#3690=CARTESIAN_POINT('',(0.1,-0.231704238974472,0.0292252144687417));
#3691=CARTESIAN_POINT('',(0.1,-0.234165525825581,0.0295853442257765));
#3692=CARTESIAN_POINT('',(0.102197099056737,-0.235274889921958,0.029748742785295));
#3693=CARTESIAN_POINT('',(0.1,-0.231704238974472,0.0263));
#3694=CARTESIAN_POINT('',(0.1,-0.234165525825581,0.0263));
#3695=CARTESIAN_POINT('',(0.102197099056737,-0.235274889921958,0.0263));
#3696=CARTESIAN_POINT('',(0.105802900943263,-0.243817002850672,0.0263));
#3697=CARTESIAN_POINT('',(0.1,-0.240886989321446,0.0263));
#3698=CARTESIAN_POINT('',(0.1,-0.247387653798157,0.0263));
#3699=CARTESIAN_POINT('',(0.105802900943263,-0.243817002850672,0.022065964739875));
#3700=CARTESIAN_POINT('',(0.1,-0.240886989321446,0.0224867614649319));
#3701=CARTESIAN_POINT('',(0.1,-0.247387653798157,0.0215424364233216));
#3702=CARTESIAN_POINT('',(0.105709027265425,-0.241882660664559,0.0135978942196249));
#3703=CARTESIAN_POINT('',(0.1,-0.239500553197087,0.0151033090873573));
#3704=CARTESIAN_POINT('',(0.1,-0.245267394499975,0.012027309269965));
#3705=CARTESIAN_POINT('',(0.105308032839877,-0.23361984992152,0.00282956889943635));
#3706=CARTESIAN_POINT('',(0.1,-0.232797084355896,0.00460600564210876));
#3707=CARTESIAN_POINT('',(0.1,-0.236210413045078,-7.24936786858993E-5));
#3708=CARTESIAN_POINT('',(0.104707902271804,-0.221253679747673,-0.00436559604567918));
#3709=CARTESIAN_POINT('',(0.1,-0.221531745238861,-0.00336546615070812));
#3710=CARTESIAN_POINT('',(0.1,-0.222655682407326,-0.00815732353200736));
#3711=CARTESIAN_POINT('',(0.104,-0.206666787452375,-0.00689220197716041));
#3712=CARTESIAN_POINT('',(0.1,-0.207203186337662,-0.00691766416430432));
#3713=CARTESIAN_POINT('',(0.1,-0.206666787452375,-0.0109963382339963));
#3714=CARTESIAN_POINT('',(0.103292097728196,-0.192079895157078,-0.00436559604567919));
#3715=CARTESIAN_POINT('',(0.1,-0.192246383811502,-0.00509609352849475));
#3716=CARTESIAN_POINT('',(0.1,-0.190677892497425,-0.00815732353200737));
#3717=CARTESIAN_POINT('',(0.102691967160123,-0.179713724983231,0.00282956889943639));
#3718=CARTESIAN_POINT('',(0.1,-0.179264501833131,0.00192685208229061));
#3719=CARTESIAN_POINT('',(0.1,-0.177123161859673,-7.24936786858409E-5));
#3720=CARTESIAN_POINT('',(0.102290972734575,-0.171450914240192,0.0135978942196248));
#3721=CARTESIAN_POINT('',(0.1,-0.170482412669754,0.0130071544354091));
#3722=CARTESIAN_POINT('',(0.1,-0.168066180404776,0.0120273092699649));
#3723=CARTESIAN_POINT('',(0.102150162217817,-0.168549400961023,0.0263));
#3724=CARTESIAN_POINT('',(0.1,-0.167382069038087,0.0263));
#3725=CARTESIAN_POINT('',(0.1,-0.164885791457502,0.0263000000000001));
#3726=CARTESIAN_POINT('',(0.102290972734575,-0.171450914240192,0.039002105780375));
#3727=CARTESIAN_POINT('',(0.1,-0.170482412669754,0.0395928455645907));
#3728=CARTESIAN_POINT('',(0.1,-0.168066180404776,0.0405726907300349));
#3729=CARTESIAN_POINT('',(0.102691967160123,-0.179713724983231,0.0497704311005637));
#3730=CARTESIAN_POINT('',(0.1,-0.179264501833131,0.0506731479177095));
#3731=CARTESIAN_POINT('',(0.1,-0.177123161859673,0.052672493678686));
#3732=CARTESIAN_POINT('',(0.103292097728196,-0.192079895157078,0.0569655960456791));
#3733=CARTESIAN_POINT('',(0.1,-0.192246383811502,0.0576960935284947));
#3734=CARTESIAN_POINT('',(0.1,-0.190677892497425,0.0607573235320073));
#3735=CARTESIAN_POINT('',(0.104,-0.206666787452376,0.0594922019771604));
#3736=CARTESIAN_POINT('',(0.1,-0.207203186337662,0.0595176641643043));
#3737=CARTESIAN_POINT('',(0.1,-0.206666787452376,0.0635963382339963));
#3738=CARTESIAN_POINT('',(0.104707902271804,-0.221253679747673,0.0569655960456792));
#3739=CARTESIAN_POINT('',(0.1,-0.22153174523886,0.0559654661507081));
#3740=CARTESIAN_POINT('',(0.1,-0.222655682407326,0.0607573235320074));
#3741=CARTESIAN_POINT('',(0.105308032839877,-0.233619849921519,0.0497704311005637));
#3742=CARTESIAN_POINT('',(0.1,-0.232797084355896,0.0479939943578914));
#3743=CARTESIAN_POINT('',(0.1,-0.236210413045078,0.052672493678686));
#3744=CARTESIAN_POINT('',(0.105709027265425,-0.241882660664559,0.0390021057803751));
#3745=CARTESIAN_POINT('',(0.1,-0.239500553197087,0.0374966909126428));
#3746=CARTESIAN_POINT('',(0.1,-0.245267394499975,0.0405726907300351));
#3747=CARTESIAN_POINT('',(0.105802900943263,-0.243817002850672,0.030534035260125));
#3748=CARTESIAN_POINT('',(0.1,-0.240886989321446,0.0301132385350681));
#3749=CARTESIAN_POINT('',(0.1,-0.247387653798157,0.0310575635766784));
#3750=CARTESIAN_POINT('',(0.105802900943263,-0.243817002850672,0.0263));
#3751=CARTESIAN_POINT('',(0.1,-0.240886989321446,0.0263));
#3752=CARTESIAN_POINT('',(0.1,-0.247387653798157,0.0263));
#3753=CARTESIAN_POINT('',(0.,0.,0.));
#3754=CARTESIAN_POINT('',(9.89272668061575E-18,-0.175439512723122,0.0463));
#3755=CARTESIAN_POINT('',(1.11960814968073E-17,-0.154154878319553,0.0263));
#3756=CARTESIAN_POINT('',(9.8241783708412E-18,-0.176559756639103,0.0263));
#3757=CARTESIAN_POINT('',(1.21430643318376E-17,-0.154154878319553,0.0263));
#3758=CARTESIAN_POINT('',(1.09083515184681E-17,-0.174319268807148,0.0263));
#3759=CARTESIAN_POINT('',(-0.500166103188592,-0.427984483511186,0.0463));
#3760=CARTESIAN_POINT('',(-0.508729882669093,-0.411023891510629,0.0263));
#3761=CARTESIAN_POINT('',(-0.516842936913778,-0.394955962246944,0.0263));
#3762=CARTESIAN_POINT('',(-0.508729882669093,-0.411023891510629,0.0263));
#3763=CARTESIAN_POINT('',(-0.51774438738541,-0.393170636773201,0.0263));
#3764=CARTESIAN_POINT('',(1.78532547356891E-6,-0.154153976869082,0.0263));
#3765=CARTESIAN_POINT('',(0.00811483957015913,-0.150057515645173,0.0263));
#3766=CARTESIAN_POINT('',(0.,0.,0.));
#3767=CARTESIAN_POINT('',(0.508729882669093,0.397523891510629,0.0463));
#3768=CARTESIAN_POINT('',(0.508729882669093,0.397523891510629,0.0263));
#3769=CARTESIAN_POINT('',(0.500616828424407,0.413591820774314,0.0263));
#3770=CARTESIAN_POINT('',(0.508729882669093,0.397523891510629,0.0263));
#3771=CARTESIAN_POINT('',(0.499715377952776,0.415377146248057,0.0263));
#3772=CARTESIAN_POINT('',(-2.92479258915578E-17,0.14065487831955,0.0463));
#3773=CARTESIAN_POINT('',(-2.94902990916057E-17,0.14065487831955,0.0263));
#3774=CARTESIAN_POINT('',(-3.08622022175718E-17,0.1630597566391,0.0263));
#3775=CARTESIAN_POINT('',(-2.94902990916057E-17,0.14065487831955,0.0263));
#3776=CARTESIAN_POINT('',(-3.07250119049752E-17,0.160819268807145,0.0263));
#3777=CARTESIAN_POINT('',(-0.00901629004179083,0.136102353286957,0.0263));
#3778=CARTESIAN_POINT('',(-0.00811483957015924,0.136557515645169,0.0263));
#3779=CARTESIAN_POINT('',(0.,0.,0.));
#3780=CARTESIAN_POINT('',(-0.508729882669093,0.397523891510629,0.0463));
#3781=CARTESIAN_POINT('',(-0.508729882669093,0.397523891510629,0.0263));
#3782=CARTESIAN_POINT('',(-0.500616828424407,0.413591820774314,0.0263));
#3783=CARTESIAN_POINT('',(-0.508729882669093,0.397523891510629,0.0263));
#3784=CARTESIAN_POINT('',(-0.499715377952776,0.415377146248057,0.0263));
#3785=CARTESIAN_POINT('',(2.92479258915578E-17,0.14065487831955,0.0463));
#3786=CARTESIAN_POINT('',(2.94902990916057E-17,0.14065487831955,0.0263));
#3787=CARTESIAN_POINT('',(3.08622022175718E-17,0.1630597566391,0.0263));
#3788=CARTESIAN_POINT('',(2.94902990916057E-17,0.14065487831955,0.0263));
#3789=CARTESIAN_POINT('',(3.07250119049752E-17,0.160819268807145,0.0263));
#3790=CARTESIAN_POINT('',(0.00901629004179083,0.136102353286957,0.0263));
#3791=CARTESIAN_POINT('',(0.00811483957015924,0.136557515645169,0.0263));
#3792=CARTESIAN_POINT('',(0.,0.,0.));
#3793=MECHANICAL_DESIGN_GEOMETRIC_PRESENTATION_REPRESENTATION('',(#2007,
#2008,#2009,#2010,#2011),#3794);
#3794=(
GEOMETRIC_REPRESENTATION_CONTEXT(3)
GLOBAL_UNCERTAINTY_ASSIGNED_CONTEXT((#3800))
GLOBAL_UNIT_ASSIGNED_CONTEXT((#3808,#3807,#3806))
REPRESENTATION_CONTEXT('Prototype Assembly','TOP_LEVEL_ASSEMBLY_PART')
);
#3795=(
GEOMETRIC_REPRESENTATION_CONTEXT(3)
GLOBAL_UNCERTAINTY_ASSIGNED_CONTEXT((#3801))
GLOBAL_UNIT_ASSIGNED_CONTEXT((#3808,#3807,#3806))
REPRESENTATION_CONTEXT('Arm Front Right','COMPONENT_PART')
);
#3796=(
GEOMETRIC_REPRESENTATION_CONTEXT(3)
GLOBAL_UNCERTAINTY_ASSIGNED_CONTEXT((#3802))
GLOBAL_UNIT_ASSIGNED_CONTEXT((#3808,#3807,#3806))
REPRESENTATION_CONTEXT('Fuselage','COMPONENT_PART')
);
#3797=(
GEOMETRIC_REPRESENTATION_CONTEXT(3)
GLOBAL_UNCERTAINTY_ASSIGNED_CONTEXT((#3803))
GLOBAL_UNIT_ASSIGNED_CONTEXT((#3808,#3807,#3806))
REPRESENTATION_CONTEXT('Arm Front Left','COMPONENT_PART')
);
#3798=(
GEOMETRIC_REPRESENTATION_CONTEXT(3)
GLOBAL_UNCERTAINTY_ASSIGNED_CONTEXT((#3804))
GLOBAL_UNIT_ASSIGNED_CONTEXT((#3808,#3807,#3806))
REPRESENTATION_CONTEXT('Arm Back Right','COMPONENT_PART')
);
#3799=(
GEOMETRIC_REPRESENTATION_CONTEXT(3)
GLOBAL_UNCERTAINTY_ASSIGNED_CONTEXT((#3805))
GLOBAL_UNIT_ASSIGNED_CONTEXT((#3808,#3807,#3806))
REPRESENTATION_CONTEXT('Arm Back Left','COMPONENT_PART')
);
#3800=UNCERTAINTY_MEASURE_WITH_UNIT(LENGTH_MEASURE(1.E-8),#3808,
'DISTANCE_ACCURACY_VALUE','Maximum Tolerance applied to model');
#3801=UNCERTAINTY_MEASURE_WITH_UNIT(LENGTH_MEASURE(1.E-8),#3808,
'DISTANCE_ACCURACY_VALUE','Maximum Tolerance applied to model');
#3802=UNCERTAINTY_MEASURE_WITH_UNIT(LENGTH_MEASURE(2.E-5),#3808,
'DISTANCE_ACCURACY_VALUE','Maximum Tolerance applied to model');
#3803=UNCERTAINTY_MEASURE_WITH_UNIT(LENGTH_MEASURE(1.E-8),#3808,
'DISTANCE_ACCURACY_VALUE','Maximum Tolerance applied to model');
#3804=UNCERTAINTY_MEASURE_WITH_UNIT(LENGTH_MEASURE(1.E-8),#3808,
'DISTANCE_ACCURACY_VALUE','Maximum Tolerance applied to model');
#3805=UNCERTAINTY_MEASURE_WITH_UNIT(LENGTH_MEASURE(1.E-8),#3808,
'DISTANCE_ACCURACY_VALUE','Maximum Tolerance applied to model');
#3806=(
NAMED_UNIT(*)
SI_UNIT($,.STERADIAN.)
SOLID_ANGLE_UNIT()
);
#3807=(
NAMED_UNIT(*)
PLANE_ANGLE_UNIT()
SI_UNIT($,.RADIAN.)
);
#3808=(
LENGTH_UNIT()
NAMED_UNIT(*)
SI_UNIT($,.METRE.)
);
#3809=PRODUCT_DEFINITION_SHAPE('','',#3820);
#3810=PRODUCT_DEFINITION_SHAPE('','',#3821);
#3811=PRODUCT_DEFINITION_SHAPE(' ','NAUO PRDDFN',#411);
#3812=PRODUCT_DEFINITION_SHAPE('','',#3822);
#3813=PRODUCT_DEFINITION_SHAPE(' ','NAUO PRDDFN',#412);
#3814=PRODUCT_DEFINITION_SHAPE('','',#3823);
#3815=PRODUCT_DEFINITION_SHAPE(' ','NAUO PRDDFN',#413);
#3816=PRODUCT_DEFINITION_SHAPE('','',#3824);
#3817=PRODUCT_DEFINITION_SHAPE(' ','NAUO PRDDFN',#414);
#3818=PRODUCT_DEFINITION_SHAPE('','',#3825);
#3819=PRODUCT_DEFINITION_SHAPE(' ','NAUO PRDDFN',#415);
#3820=PRODUCT_DEFINITION('','',#3832,#3826);
#3821=PRODUCT_DEFINITION('','',#3833,#3827);
#3822=PRODUCT_DEFINITION('','',#3834,#3828);
#3823=PRODUCT_DEFINITION('','',#3835,#3829);
#3824=PRODUCT_DEFINITION('','',#3836,#3830);
#3825=PRODUCT_DEFINITION('','',#3837,#3831);
#3826=PRODUCT_DEFINITION_CONTEXT('',#3863,'design');
#3827=PRODUCT_DEFINITION_CONTEXT('',#3863,'design');
#3828=PRODUCT_DEFINITION_CONTEXT('',#3863,'design');
#3829=PRODUCT_DEFINITION_CONTEXT('',#3863,'design');
#3830=PRODUCT_DEFINITION_CONTEXT('',#3863,'design');
#3831=PRODUCT_DEFINITION_CONTEXT('',#3863,'design');
#3832=PRODUCT_DEFINITION_FORMATION_WITH_SPECIFIED_SOURCE('','',#3844,
 .NOT_KNOWN.);
#3833=PRODUCT_DEFINITION_FORMATION_WITH_SPECIFIED_SOURCE('','',#3845,
 .NOT_KNOWN.);
#3834=PRODUCT_DEFINITION_FORMATION_WITH_SPECIFIED_SOURCE('','',#3846,
 .NOT_KNOWN.);
#3835=PRODUCT_DEFINITION_FORMATION_WITH_SPECIFIED_SOURCE('','',#3847,
 .NOT_KNOWN.);
#3836=PRODUCT_DEFINITION_FORMATION_WITH_SPECIFIED_SOURCE('','',#3848,
 .NOT_KNOWN.);
#3837=PRODUCT_DEFINITION_FORMATION_WITH_SPECIFIED_SOURCE('','',#3849,
 .NOT_KNOWN.);
#3838=PRODUCT_RELATED_PRODUCT_CATEGORY('','',(#3844));
#3839=PRODUCT_RELATED_PRODUCT_CATEGORY('','',(#3845));
#3840=PRODUCT_RELATED_PRODUCT_CATEGORY('','',(#3846));
#3841=PRODUCT_RELATED_PRODUCT_CATEGORY('','',(#3847));
#3842=PRODUCT_RELATED_PRODUCT_CATEGORY('','',(#3848));
#3843=PRODUCT_RELATED_PRODUCT_CATEGORY('','',(#3849));
#3844=PRODUCT('Prototype Assembly','Prototype Assembly',
'Prototype Assembly',(#3856));
#3845=PRODUCT('Arm Front Right','Arm Front Right','Arm Front Right',(#3857));
#3846=PRODUCT('Fuselage','Fuselage','Fuselage',(#3858));
#3847=PRODUCT('Arm Front Left','Arm Front Left','Arm Front Left',(#3859));
#3848=PRODUCT('Arm Back Right','Arm Back Right','Arm Back Right',(#3860));
#3849=PRODUCT('Arm Back Left','Arm Back Left','Arm Back Left',(#3861));
#3850=PRODUCT_CATEGORY('','');
#3851=PRODUCT_CATEGORY('','');
#3852=PRODUCT_CATEGORY('','');
#3853=PRODUCT_CATEGORY('','');
#3854=PRODUCT_CATEGORY('','');
#3855=PRODUCT_CATEGORY('','');
#3856=PRODUCT_CONTEXT('',#3863,'mechanical');
#3857=PRODUCT_CONTEXT('',#3863,'mechanical');
#3858=PRODUCT_CONTEXT('',#3863,'mechanical');
#3859=PRODUCT_CONTEXT('',#3863,'mechanical');
#3860=PRODUCT_CONTEXT('',#3863,'mechanical');
#3861=PRODUCT_CONTEXT('',#3863,'mechanical');
#3862=APPLICATION_PROTOCOL_DEFINITION('international standard',
'ap242_managed_model_based_3d_engineering',2020,#3863);
#3863=APPLICATION_CONTEXT('managed model based 3d engineering');
ENDSEC;
END-ISO-10303-21;
