ISO-10303-21;
HEADER;
/* Generated by software containing ST-Developer
 * from STEP Tools, Inc. (www.steptools.com) 
 */
/* OPTION: using custom renumber hook */

FILE_DESCRIPTION(
/* description */ ('STEP AP214',
'CAx-IF Rec.Pracs.---User Defined Attributes---1.5---2016-08-15'),
/* implementation_level */ '2;1');

FILE_NAME(
/* name */ '6a80aa187004a8c19ba22d97',
/* time_stamp */ '2026-08-15T18:04:08Z',
/* author */ (''),
/* organization */ (''),
/* preprocessor_version */ 'ST-DEVELOPER v20',
/* originating_system */ 'ONSHAPE BY PTC INC, 1.219',
/* authorisation */ '  ');

FILE_SCHEMA (('AUTOMOTIVE_DESIGN {1 0 10303 214 3 1 1}'));
ENDSEC;

DATA;
#10=PROPERTY_DEFINITION_REPRESENTATION(#14,#12);
#11=PROPERTY_DEFINITION_REPRESENTATION(#15,#13);
#12=REPRESENTATION('',(#16),#4400);
#13=REPRESENTATION('',(#17),#4400);
#14=PROPERTY_DEFINITION('pmi validation property','',#4405);
#15=PROPERTY_DEFINITION('pmi validation property','',#4405);
#16=VALUE_REPRESENTATION_ITEM('number of annotations',COUNT_MEASURE(0.));
#17=VALUE_REPRESENTATION_ITEM('number of views',COUNT_MEASURE(0.));
#18=SHAPE_REPRESENTATION_RELATIONSHIP('','',#2652,#19);
#19=ADVANCED_BREP_SHAPE_REPRESENTATION('',(#2650),#4400);
#20=CYLINDRICAL_SURFACE('',#2832,0.004);
#21=CYLINDRICAL_SURFACE('',#2833,0.004);
#22=CYLINDRICAL_SURFACE('',#2834,0.004);
#23=CYLINDRICAL_SURFACE('',#2835,0.004);
#24=CYLINDRICAL_SURFACE('',#2836,0.002);
#25=CYLINDRICAL_SURFACE('',#2837,0.002);
#26=CYLINDRICAL_SURFACE('',#2838,0.002);
#27=CYLINDRICAL_SURFACE('',#2839,0.002);
#28=CYLINDRICAL_SURFACE('',#2840,0.002);
#29=CYLINDRICAL_SURFACE('',#2841,0.002);
#30=CYLINDRICAL_SURFACE('',#2842,0.002);
#31=CYLINDRICAL_SURFACE('',#2843,0.002);
#32=CYLINDRICAL_SURFACE('',#2844,0.002);
#33=CYLINDRICAL_SURFACE('',#2845,0.002);
#34=CYLINDRICAL_SURFACE('',#2846,0.002);
#35=CYLINDRICAL_SURFACE('',#2847,0.002);
#36=CYLINDRICAL_SURFACE('',#2848,0.002);
#37=CYLINDRICAL_SURFACE('',#2849,0.002);
#38=CYLINDRICAL_SURFACE('',#2850,0.002);
#39=CYLINDRICAL_SURFACE('',#2851,0.002);
#40=CYLINDRICAL_SURFACE('',#2852,0.002);
#41=CYLINDRICAL_SURFACE('',#2853,0.002);
#42=CYLINDRICAL_SURFACE('',#2854,0.002);
#43=CYLINDRICAL_SURFACE('',#2855,0.002);
#44=CYLINDRICAL_SURFACE('',#2856,0.002);
#45=CYLINDRICAL_SURFACE('',#2857,0.002);
#46=CYLINDRICAL_SURFACE('',#2858,0.002);
#47=CYLINDRICAL_SURFACE('',#2859,0.002);
#48=CYLINDRICAL_SURFACE('',#2860,0.002);
#49=CYLINDRICAL_SURFACE('',#2861,0.002);
#50=CYLINDRICAL_SURFACE('',#2862,0.002);
#51=CYLINDRICAL_SURFACE('',#2863,0.002);
#52=CYLINDRICAL_SURFACE('',#2864,0.002);
#53=CYLINDRICAL_SURFACE('',#2865,0.002);
#54=CYLINDRICAL_SURFACE('',#2866,0.002);
#55=CYLINDRICAL_SURFACE('',#2867,0.002);
#56=CYLINDRICAL_SURFACE('',#2868,0.002);
#57=CYLINDRICAL_SURFACE('',#2869,0.002);
#58=CYLINDRICAL_SURFACE('',#2870,0.003);
#59=CYLINDRICAL_SURFACE('',#2872,0.003);
#60=CYLINDRICAL_SURFACE('',#2874,0.003);
#61=CYLINDRICAL_SURFACE('',#2876,0.003);
#62=CYLINDRICAL_SURFACE('',#2878,0.003);
#63=CYLINDRICAL_SURFACE('',#2880,0.003);
#64=CYLINDRICAL_SURFACE('',#2882,0.003);
#65=CYLINDRICAL_SURFACE('',#2884,0.003);
#66=CIRCLE('',#2655,0.003);
#67=CIRCLE('',#2656,0.003);
#68=CIRCLE('',#2657,0.003);
#69=CIRCLE('',#2658,0.003);
#70=CIRCLE('',#2659,0.003);
#71=CIRCLE('',#2660,0.003);
#72=CIRCLE('',#2661,0.003);
#73=CIRCLE('',#2662,0.003);
#74=CIRCLE('',#2664,0.003);
#75=CIRCLE('',#2665,0.003);
#76=CIRCLE('',#2666,0.003);
#77=CIRCLE('',#2667,0.003);
#78=CIRCLE('',#2668,0.003);
#79=CIRCLE('',#2669,0.003);
#80=CIRCLE('',#2670,0.003);
#81=CIRCLE('',#2671,0.003);
#82=CIRCLE('',#2675,0.002);
#83=CIRCLE('',#2676,0.002);
#84=CIRCLE('',#2677,0.002);
#85=CIRCLE('',#2678,0.002);
#86=CIRCLE('',#2679,0.002);
#87=CIRCLE('',#2680,0.002);
#88=CIRCLE('',#2681,0.002);
#89=CIRCLE('',#2682,0.002);
#90=CIRCLE('',#2683,0.002);
#91=CIRCLE('',#2684,0.002);
#92=CIRCLE('',#2685,0.002);
#93=CIRCLE('',#2686,0.002);
#94=CIRCLE('',#2687,0.002);
#95=CIRCLE('',#2688,0.002);
#96=CIRCLE('',#2722,0.002);
#97=CIRCLE('',#2723,0.002);
#98=CIRCLE('',#2724,0.002);
#99=CIRCLE('',#2725,0.002);
#100=CIRCLE('',#2726,0.002);
#101=CIRCLE('',#2727,0.002);
#102=CIRCLE('',#2728,0.002);
#103=CIRCLE('',#2729,0.002);
#104=CIRCLE('',#2730,0.002);
#105=CIRCLE('',#2731,0.002);
#106=CIRCLE('',#2732,0.002);
#107=CIRCLE('',#2733,0.002);
#108=CIRCLE('',#2734,0.002);
#109=CIRCLE('',#2735,0.002);
#110=CIRCLE('',#2737,0.002);
#111=CIRCLE('',#2741,0.002);
#112=CIRCLE('',#2746,0.002);
#113=CIRCLE('',#2747,0.002);
#114=CIRCLE('',#2748,0.002);
#115=CIRCLE('',#2749,0.002);
#116=CIRCLE('',#2754,0.004);
#117=CIRCLE('',#2755,0.002);
#118=CIRCLE('',#2756,0.002);
#119=CIRCLE('',#2757,0.004);
#120=CIRCLE('',#2758,0.002);
#121=CIRCLE('',#2759,0.002);
#122=CIRCLE('',#2760,0.002);
#123=CIRCLE('',#2761,0.002);
#124=CIRCLE('',#2762,0.002);
#125=CIRCLE('',#2766,0.002);
#126=CIRCLE('',#2767,0.002);
#127=CIRCLE('',#2772,0.002);
#128=CIRCLE('',#2773,0.002);
#129=CIRCLE('',#2774,0.002);
#130=CIRCLE('',#2775,0.002);
#131=CIRCLE('',#2780,0.002);
#132=CIRCLE('',#2781,0.002);
#133=CIRCLE('',#2782,0.002);
#134=CIRCLE('',#2783,0.002);
#135=CIRCLE('',#2790,0.004);
#136=CIRCLE('',#2791,0.002);
#137=CIRCLE('',#2792,0.002);
#138=CIRCLE('',#2793,0.004);
#139=CIRCLE('',#2794,0.002);
#140=CIRCLE('',#2795,0.002);
#141=CIRCLE('',#2796,0.002);
#142=CIRCLE('',#2797,0.002);
#143=CIRCLE('',#2798,0.002);
#144=CIRCLE('',#2802,0.002);
#145=CIRCLE('',#2803,0.002);
#146=CIRCLE('',#2808,0.002);
#147=CIRCLE('',#2809,0.002);
#148=CIRCLE('',#2810,0.002);
#149=CIRCLE('',#2811,0.002);
#150=CIRCLE('',#2814,0.004);
#151=CIRCLE('',#2815,0.004);
#152=CIRCLE('',#2816,0.004);
#153=CIRCLE('',#2817,0.002);
#154=CIRCLE('',#2818,0.002);
#155=CIRCLE('',#2819,0.002);
#156=CIRCLE('',#2824,0.004);
#157=CIRCLE('',#2825,0.004);
#158=CIRCLE('',#2826,0.004);
#159=CIRCLE('',#2827,0.002);
#160=CIRCLE('',#2828,0.002);
#161=CIRCLE('',#2829,0.002);
#162=ORIENTED_EDGE('',*,*,#920,.T.);
#163=ORIENTED_EDGE('',*,*,#921,.T.);
#164=ORIENTED_EDGE('',*,*,#922,.T.);
#165=ORIENTED_EDGE('',*,*,#923,.T.);
#166=ORIENTED_EDGE('',*,*,#924,.T.);
#167=ORIENTED_EDGE('',*,*,#925,.T.);
#168=ORIENTED_EDGE('',*,*,#926,.T.);
#169=ORIENTED_EDGE('',*,*,#927,.T.);
#170=ORIENTED_EDGE('',*,*,#928,.T.);
#171=ORIENTED_EDGE('',*,*,#929,.T.);
#172=ORIENTED_EDGE('',*,*,#930,.T.);
#173=ORIENTED_EDGE('',*,*,#931,.T.);
#174=ORIENTED_EDGE('',*,*,#932,.T.);
#175=ORIENTED_EDGE('',*,*,#933,.T.);
#176=ORIENTED_EDGE('',*,*,#934,.T.);
#177=ORIENTED_EDGE('',*,*,#935,.T.);
#178=ORIENTED_EDGE('',*,*,#936,.T.);
#179=ORIENTED_EDGE('',*,*,#937,.T.);
#180=ORIENTED_EDGE('',*,*,#938,.T.);
#181=ORIENTED_EDGE('',*,*,#939,.F.);
#182=ORIENTED_EDGE('',*,*,#940,.F.);
#183=ORIENTED_EDGE('',*,*,#941,.T.);
#184=ORIENTED_EDGE('',*,*,#942,.F.);
#185=ORIENTED_EDGE('',*,*,#943,.T.);
#186=ORIENTED_EDGE('',*,*,#944,.F.);
#187=ORIENTED_EDGE('',*,*,#945,.T.);
#188=ORIENTED_EDGE('',*,*,#946,.F.);
#189=ORIENTED_EDGE('',*,*,#947,.T.);
#190=ORIENTED_EDGE('',*,*,#948,.F.);
#191=ORIENTED_EDGE('',*,*,#949,.T.);
#192=ORIENTED_EDGE('',*,*,#950,.T.);
#193=ORIENTED_EDGE('',*,*,#951,.T.);
#194=ORIENTED_EDGE('',*,*,#952,.T.);
#195=ORIENTED_EDGE('',*,*,#953,.T.);
#196=ORIENTED_EDGE('',*,*,#954,.T.);
#197=ORIENTED_EDGE('',*,*,#955,.T.);
#198=ORIENTED_EDGE('',*,*,#956,.F.);
#199=ORIENTED_EDGE('',*,*,#957,.F.);
#200=ORIENTED_EDGE('',*,*,#958,.F.);
#201=ORIENTED_EDGE('',*,*,#959,.F.);
#202=ORIENTED_EDGE('',*,*,#960,.F.);
#203=ORIENTED_EDGE('',*,*,#961,.F.);
#204=ORIENTED_EDGE('',*,*,#962,.F.);
#205=ORIENTED_EDGE('',*,*,#963,.F.);
#206=ORIENTED_EDGE('',*,*,#964,.F.);
#207=ORIENTED_EDGE('',*,*,#965,.F.);
#208=ORIENTED_EDGE('',*,*,#966,.F.);
#209=ORIENTED_EDGE('',*,*,#967,.F.);
#210=ORIENTED_EDGE('',*,*,#968,.F.);
#211=ORIENTED_EDGE('',*,*,#969,.F.);
#212=ORIENTED_EDGE('',*,*,#970,.F.);
#213=ORIENTED_EDGE('',*,*,#971,.F.);
#214=ORIENTED_EDGE('',*,*,#972,.T.);
#215=ORIENTED_EDGE('',*,*,#973,.T.);
#216=ORIENTED_EDGE('',*,*,#974,.T.);
#217=ORIENTED_EDGE('',*,*,#975,.T.);
#218=ORIENTED_EDGE('',*,*,#976,.F.);
#219=ORIENTED_EDGE('',*,*,#977,.T.);
#220=ORIENTED_EDGE('',*,*,#978,.T.);
#221=ORIENTED_EDGE('',*,*,#979,.F.);
#222=ORIENTED_EDGE('',*,*,#980,.T.);
#223=ORIENTED_EDGE('',*,*,#981,.T.);
#224=ORIENTED_EDGE('',*,*,#982,.T.);
#225=ORIENTED_EDGE('',*,*,#983,.T.);
#226=ORIENTED_EDGE('',*,*,#984,.F.);
#227=ORIENTED_EDGE('',*,*,#985,.F.);
#228=ORIENTED_EDGE('',*,*,#986,.F.);
#229=ORIENTED_EDGE('',*,*,#987,.T.);
#230=ORIENTED_EDGE('',*,*,#988,.F.);
#231=ORIENTED_EDGE('',*,*,#989,.T.);
#232=ORIENTED_EDGE('',*,*,#936,.F.);
#233=ORIENTED_EDGE('',*,*,#990,.T.);
#234=ORIENTED_EDGE('',*,*,#991,.F.);
#235=ORIENTED_EDGE('',*,*,#992,.T.);
#236=ORIENTED_EDGE('',*,*,#993,.F.);
#237=ORIENTED_EDGE('',*,*,#994,.T.);
#238=ORIENTED_EDGE('',*,*,#995,.F.);
#239=ORIENTED_EDGE('',*,*,#996,.T.);
#240=ORIENTED_EDGE('',*,*,#952,.F.);
#241=ORIENTED_EDGE('',*,*,#997,.T.);
#242=ORIENTED_EDGE('',*,*,#998,.F.);
#243=ORIENTED_EDGE('',*,*,#999,.T.);
#244=ORIENTED_EDGE('',*,*,#1000,.F.);
#245=ORIENTED_EDGE('',*,*,#1001,.T.);
#246=ORIENTED_EDGE('',*,*,#1002,.F.);
#247=ORIENTED_EDGE('',*,*,#1003,.F.);
#248=ORIENTED_EDGE('',*,*,#1004,.F.);
#249=ORIENTED_EDGE('',*,*,#1005,.T.);
#250=ORIENTED_EDGE('',*,*,#1006,.T.);
#251=ORIENTED_EDGE('',*,*,#1007,.T.);
#252=ORIENTED_EDGE('',*,*,#1008,.F.);
#253=ORIENTED_EDGE('',*,*,#1009,.T.);
#254=ORIENTED_EDGE('',*,*,#1010,.F.);
#255=ORIENTED_EDGE('',*,*,#1011,.T.);
#256=ORIENTED_EDGE('',*,*,#1012,.F.);
#257=ORIENTED_EDGE('',*,*,#1013,.T.);
#258=ORIENTED_EDGE('',*,*,#1014,.F.);
#259=ORIENTED_EDGE('',*,*,#1015,.T.);
#260=ORIENTED_EDGE('',*,*,#1016,.F.);
#261=ORIENTED_EDGE('',*,*,#1017,.F.);
#262=ORIENTED_EDGE('',*,*,#1018,.T.);
#263=ORIENTED_EDGE('',*,*,#1019,.T.);
#264=ORIENTED_EDGE('',*,*,#1020,.T.);
#265=ORIENTED_EDGE('',*,*,#1021,.T.);
#266=ORIENTED_EDGE('',*,*,#1022,.T.);
#267=ORIENTED_EDGE('',*,*,#1023,.F.);
#268=ORIENTED_EDGE('',*,*,#1024,.T.);
#269=ORIENTED_EDGE('',*,*,#1025,.F.);
#270=ORIENTED_EDGE('',*,*,#1026,.T.);
#271=ORIENTED_EDGE('',*,*,#1027,.T.);
#272=ORIENTED_EDGE('',*,*,#1028,.T.);
#273=ORIENTED_EDGE('',*,*,#1029,.T.);
#274=ORIENTED_EDGE('',*,*,#1030,.T.);
#275=ORIENTED_EDGE('',*,*,#1031,.T.);
#276=ORIENTED_EDGE('',*,*,#1032,.T.);
#277=ORIENTED_EDGE('',*,*,#1033,.T.);
#278=ORIENTED_EDGE('',*,*,#1034,.T.);
#279=ORIENTED_EDGE('',*,*,#1006,.F.);
#280=ORIENTED_EDGE('',*,*,#1035,.T.);
#281=ORIENTED_EDGE('',*,*,#1036,.F.);
#282=ORIENTED_EDGE('',*,*,#939,.T.);
#283=ORIENTED_EDGE('',*,*,#1037,.T.);
#284=ORIENTED_EDGE('',*,*,#1038,.F.);
#285=ORIENTED_EDGE('',*,*,#1039,.F.);
#286=ORIENTED_EDGE('',*,*,#1040,.T.);
#287=ORIENTED_EDGE('',*,*,#1008,.T.);
#288=ORIENTED_EDGE('',*,*,#1041,.T.);
#289=ORIENTED_EDGE('',*,*,#1042,.T.);
#290=ORIENTED_EDGE('',*,*,#1043,.F.);
#291=ORIENTED_EDGE('',*,*,#1044,.F.);
#292=ORIENTED_EDGE('',*,*,#1045,.T.);
#293=ORIENTED_EDGE('',*,*,#1046,.F.);
#294=ORIENTED_EDGE('',*,*,#1047,.T.);
#295=ORIENTED_EDGE('',*,*,#1048,.F.);
#296=ORIENTED_EDGE('',*,*,#1049,.T.);
#297=ORIENTED_EDGE('',*,*,#1016,.T.);
#298=ORIENTED_EDGE('',*,*,#1050,.T.);
#299=ORIENTED_EDGE('',*,*,#1051,.T.);
#300=ORIENTED_EDGE('',*,*,#1052,.T.);
#301=ORIENTED_EDGE('',*,*,#1053,.F.);
#302=ORIENTED_EDGE('',*,*,#1054,.T.);
#303=ORIENTED_EDGE('',*,*,#1055,.F.);
#304=ORIENTED_EDGE('',*,*,#1056,.T.);
#305=ORIENTED_EDGE('',*,*,#1057,.F.);
#306=ORIENTED_EDGE('',*,*,#1058,.T.);
#307=ORIENTED_EDGE('',*,*,#1059,.T.);
#308=ORIENTED_EDGE('',*,*,#1060,.T.);
#309=ORIENTED_EDGE('',*,*,#1061,.F.);
#310=ORIENTED_EDGE('',*,*,#1043,.T.);
#311=ORIENTED_EDGE('',*,*,#1062,.T.);
#312=ORIENTED_EDGE('',*,*,#979,.T.);
#313=ORIENTED_EDGE('',*,*,#1063,.F.);
#314=ORIENTED_EDGE('',*,*,#949,.F.);
#315=ORIENTED_EDGE('',*,*,#1064,.T.);
#316=ORIENTED_EDGE('',*,*,#1065,.T.);
#317=ORIENTED_EDGE('',*,*,#1066,.T.);
#318=ORIENTED_EDGE('',*,*,#1038,.T.);
#319=ORIENTED_EDGE('',*,*,#1067,.F.);
#320=ORIENTED_EDGE('',*,*,#1068,.T.);
#321=ORIENTED_EDGE('',*,*,#1022,.F.);
#322=ORIENTED_EDGE('',*,*,#1069,.F.);
#323=ORIENTED_EDGE('',*,*,#1070,.F.);
#324=ORIENTED_EDGE('',*,*,#1071,.F.);
#325=ORIENTED_EDGE('',*,*,#1072,.F.);
#326=ORIENTED_EDGE('',*,*,#1073,.F.);
#327=ORIENTED_EDGE('',*,*,#1058,.F.);
#328=ORIENTED_EDGE('',*,*,#1074,.F.);
#329=ORIENTED_EDGE('',*,*,#1075,.T.);
#330=ORIENTED_EDGE('',*,*,#1076,.F.);
#331=ORIENTED_EDGE('',*,*,#1077,.F.);
#332=ORIENTED_EDGE('',*,*,#1073,.T.);
#333=ORIENTED_EDGE('',*,*,#1078,.F.);
#334=ORIENTED_EDGE('',*,*,#1078,.T.);
#335=ORIENTED_EDGE('',*,*,#1072,.T.);
#336=ORIENTED_EDGE('',*,*,#1079,.F.);
#337=ORIENTED_EDGE('',*,*,#1080,.T.);
#338=ORIENTED_EDGE('',*,*,#1079,.T.);
#339=ORIENTED_EDGE('',*,*,#1071,.T.);
#340=ORIENTED_EDGE('',*,*,#1081,.F.);
#341=ORIENTED_EDGE('',*,*,#973,.F.);
#342=ORIENTED_EDGE('',*,*,#1081,.T.);
#343=ORIENTED_EDGE('',*,*,#1070,.T.);
#344=ORIENTED_EDGE('',*,*,#1082,.F.);
#345=ORIENTED_EDGE('',*,*,#1083,.T.);
#346=ORIENTED_EDGE('',*,*,#1082,.T.);
#347=ORIENTED_EDGE('',*,*,#1069,.T.);
#348=ORIENTED_EDGE('',*,*,#1021,.F.);
#349=ORIENTED_EDGE('',*,*,#1084,.T.);
#350=ORIENTED_EDGE('',*,*,#1085,.T.);
#351=ORIENTED_EDGE('',*,*,#1086,.T.);
#352=ORIENTED_EDGE('',*,*,#1087,.T.);
#353=ORIENTED_EDGE('',*,*,#1088,.T.);
#354=ORIENTED_EDGE('',*,*,#1089,.T.);
#355=ORIENTED_EDGE('',*,*,#1090,.T.);
#356=ORIENTED_EDGE('',*,*,#1091,.T.);
#357=ORIENTED_EDGE('',*,*,#1074,.T.);
#358=ORIENTED_EDGE('',*,*,#1092,.T.);
#359=ORIENTED_EDGE('',*,*,#1093,.F.);
#360=ORIENTED_EDGE('',*,*,#1094,.F.);
#361=ORIENTED_EDGE('',*,*,#1093,.T.);
#362=ORIENTED_EDGE('',*,*,#1095,.F.);
#363=ORIENTED_EDGE('',*,*,#1096,.F.);
#364=ORIENTED_EDGE('',*,*,#1084,.F.);
#365=ORIENTED_EDGE('',*,*,#1094,.T.);
#366=ORIENTED_EDGE('',*,*,#1087,.F.);
#367=ORIENTED_EDGE('',*,*,#1097,.F.);
#368=ORIENTED_EDGE('',*,*,#1075,.F.);
#369=ORIENTED_EDGE('',*,*,#1098,.F.);
#370=ORIENTED_EDGE('',*,*,#1096,.T.);
#371=ORIENTED_EDGE('',*,*,#1099,.F.);
#372=ORIENTED_EDGE('',*,*,#1076,.T.);
#373=ORIENTED_EDGE('',*,*,#1097,.T.);
#374=ORIENTED_EDGE('',*,*,#1100,.F.);
#375=ORIENTED_EDGE('',*,*,#1017,.T.);
#376=ORIENTED_EDGE('',*,*,#1099,.T.);
#377=ORIENTED_EDGE('',*,*,#1101,.F.);
#378=ORIENTED_EDGE('',*,*,#1102,.F.);
#379=ORIENTED_EDGE('',*,*,#1088,.F.);
#380=ORIENTED_EDGE('',*,*,#1098,.T.);
#381=ORIENTED_EDGE('',*,*,#1091,.F.);
#382=ORIENTED_EDGE('',*,*,#1103,.F.);
#383=ORIENTED_EDGE('',*,*,#1085,.F.);
#384=ORIENTED_EDGE('',*,*,#1100,.T.);
#385=ORIENTED_EDGE('',*,*,#1086,.F.);
#386=ORIENTED_EDGE('',*,*,#1104,.F.);
#387=ORIENTED_EDGE('',*,*,#1018,.F.);
#388=ORIENTED_EDGE('',*,*,#1105,.F.);
#389=ORIENTED_EDGE('',*,*,#1102,.T.);
#390=ORIENTED_EDGE('',*,*,#1106,.F.);
#391=ORIENTED_EDGE('',*,*,#1104,.T.);
#392=ORIENTED_EDGE('',*,*,#1103,.T.);
#393=ORIENTED_EDGE('',*,*,#1107,.F.);
#394=ORIENTED_EDGE('',*,*,#1106,.T.);
#395=ORIENTED_EDGE('',*,*,#1108,.F.);
#396=ORIENTED_EDGE('',*,*,#1080,.F.);
#397=ORIENTED_EDGE('',*,*,#972,.F.);
#398=ORIENTED_EDGE('',*,*,#1105,.T.);
#399=ORIENTED_EDGE('',*,*,#975,.F.);
#400=ORIENTED_EDGE('',*,*,#1109,.F.);
#401=ORIENTED_EDGE('',*,*,#1089,.F.);
#402=ORIENTED_EDGE('',*,*,#1107,.T.);
#403=ORIENTED_EDGE('',*,*,#1090,.F.);
#404=ORIENTED_EDGE('',*,*,#1110,.F.);
#405=ORIENTED_EDGE('',*,*,#1019,.F.);
#406=ORIENTED_EDGE('',*,*,#1110,.T.);
#407=ORIENTED_EDGE('',*,*,#1109,.T.);
#408=ORIENTED_EDGE('',*,*,#1111,.F.);
#409=ORIENTED_EDGE('',*,*,#1111,.T.);
#410=ORIENTED_EDGE('',*,*,#974,.F.);
#411=ORIENTED_EDGE('',*,*,#1083,.F.);
#412=ORIENTED_EDGE('',*,*,#1020,.F.);
#413=ORIENTED_EDGE('',*,*,#1112,.T.);
#414=ORIENTED_EDGE('',*,*,#1113,.T.);
#415=ORIENTED_EDGE('',*,*,#1114,.T.);
#416=ORIENTED_EDGE('',*,*,#1115,.T.);
#417=ORIENTED_EDGE('',*,*,#1116,.T.);
#418=ORIENTED_EDGE('',*,*,#1117,.T.);
#419=ORIENTED_EDGE('',*,*,#1046,.T.);
#420=ORIENTED_EDGE('',*,*,#1118,.T.);
#421=ORIENTED_EDGE('',*,*,#1119,.F.);
#422=ORIENTED_EDGE('',*,*,#1120,.F.);
#423=ORIENTED_EDGE('',*,*,#1121,.T.);
#424=ORIENTED_EDGE('',*,*,#1122,.T.);
#425=ORIENTED_EDGE('',*,*,#984,.T.);
#426=ORIENTED_EDGE('',*,*,#1123,.T.);
#427=ORIENTED_EDGE('',*,*,#1124,.T.);
#428=ORIENTED_EDGE('',*,*,#1125,.T.);
#429=ORIENTED_EDGE('',*,*,#1126,.T.);
#430=ORIENTED_EDGE('',*,*,#1127,.T.);
#431=ORIENTED_EDGE('',*,*,#946,.T.);
#432=ORIENTED_EDGE('',*,*,#1128,.T.);
#433=ORIENTED_EDGE('',*,*,#1129,.T.);
#434=ORIENTED_EDGE('',*,*,#1130,.T.);
#435=ORIENTED_EDGE('',*,*,#1131,.T.);
#436=ORIENTED_EDGE('',*,*,#1132,.T.);
#437=ORIENTED_EDGE('',*,*,#1133,.T.);
#438=ORIENTED_EDGE('',*,*,#1134,.T.);
#439=ORIENTED_EDGE('',*,*,#942,.T.);
#440=ORIENTED_EDGE('',*,*,#1135,.T.);
#441=ORIENTED_EDGE('',*,*,#1136,.T.);
#442=ORIENTED_EDGE('',*,*,#1137,.T.);
#443=ORIENTED_EDGE('',*,*,#1138,.T.);
#444=ORIENTED_EDGE('',*,*,#1064,.F.);
#445=ORIENTED_EDGE('',*,*,#1077,.T.);
#446=ORIENTED_EDGE('',*,*,#1108,.T.);
#447=ORIENTED_EDGE('',*,*,#1101,.T.);
#448=ORIENTED_EDGE('',*,*,#1095,.T.);
#449=ORIENTED_EDGE('',*,*,#1092,.F.);
#450=ORIENTED_EDGE('',*,*,#1057,.T.);
#451=ORIENTED_EDGE('',*,*,#1139,.T.);
#452=ORIENTED_EDGE('',*,*,#1048,.T.);
#453=ORIENTED_EDGE('',*,*,#1140,.T.);
#454=ORIENTED_EDGE('',*,*,#1054,.F.);
#455=ORIENTED_EDGE('',*,*,#1141,.F.);
#456=ORIENTED_EDGE('',*,*,#1142,.F.);
#457=ORIENTED_EDGE('',*,*,#1143,.F.);
#458=ORIENTED_EDGE('',*,*,#1141,.T.);
#459=ORIENTED_EDGE('',*,*,#1053,.T.);
#460=ORIENTED_EDGE('',*,*,#1144,.T.);
#461=ORIENTED_EDGE('',*,*,#1049,.F.);
#462=ORIENTED_EDGE('',*,*,#1142,.T.);
#463=ORIENTED_EDGE('',*,*,#1143,.T.);
#464=ORIENTED_EDGE('',*,*,#1145,.T.);
#465=ORIENTED_EDGE('',*,*,#1052,.F.);
#466=ORIENTED_EDGE('',*,*,#1146,.T.);
#467=ORIENTED_EDGE('',*,*,#1039,.T.);
#468=ORIENTED_EDGE('',*,*,#1145,.F.);
#469=ORIENTED_EDGE('',*,*,#1144,.F.);
#470=ORIENTED_EDGE('',*,*,#1147,.F.);
#471=ORIENTED_EDGE('',*,*,#1148,.T.);
#472=ORIENTED_EDGE('',*,*,#995,.T.);
#473=ORIENTED_EDGE('',*,*,#1149,.T.);
#474=ORIENTED_EDGE('',*,*,#991,.T.);
#475=ORIENTED_EDGE('',*,*,#1150,.T.);
#476=ORIENTED_EDGE('',*,*,#1151,.F.);
#477=ORIENTED_EDGE('',*,*,#1152,.T.);
#478=ORIENTED_EDGE('',*,*,#993,.T.);
#479=ORIENTED_EDGE('',*,*,#1153,.T.);
#480=ORIENTED_EDGE('',*,*,#1154,.F.);
#481=ORIENTED_EDGE('',*,*,#1155,.T.);
#482=ORIENTED_EDGE('',*,*,#1154,.T.);
#483=ORIENTED_EDGE('',*,*,#1156,.T.);
#484=ORIENTED_EDGE('',*,*,#1151,.T.);
#485=ORIENTED_EDGE('',*,*,#1157,.T.);
#486=ORIENTED_EDGE('',*,*,#954,.F.);
#487=ORIENTED_EDGE('',*,*,#1158,.T.);
#488=ORIENTED_EDGE('',*,*,#1147,.T.);
#489=ORIENTED_EDGE('',*,*,#1159,.T.);
#490=ORIENTED_EDGE('',*,*,#1000,.T.);
#491=ORIENTED_EDGE('',*,*,#1160,.T.);
#492=ORIENTED_EDGE('',*,*,#1161,.F.);
#493=ORIENTED_EDGE('',*,*,#1162,.T.);
#494=ORIENTED_EDGE('',*,*,#1002,.T.);
#495=ORIENTED_EDGE('',*,*,#1163,.T.);
#496=ORIENTED_EDGE('',*,*,#1164,.F.);
#497=ORIENTED_EDGE('',*,*,#1165,.T.);
#498=ORIENTED_EDGE('',*,*,#1166,.F.);
#499=ORIENTED_EDGE('',*,*,#1167,.T.);
#500=ORIENTED_EDGE('',*,*,#998,.T.);
#501=ORIENTED_EDGE('',*,*,#1168,.T.);
#502=ORIENTED_EDGE('',*,*,#1169,.F.);
#503=ORIENTED_EDGE('',*,*,#1170,.T.);
#504=ORIENTED_EDGE('',*,*,#1171,.T.);
#505=ORIENTED_EDGE('',*,*,#1161,.T.);
#506=ORIENTED_EDGE('',*,*,#1172,.T.);
#507=ORIENTED_EDGE('',*,*,#1169,.T.);
#508=ORIENTED_EDGE('',*,*,#1173,.T.);
#509=ORIENTED_EDGE('',*,*,#950,.F.);
#510=ORIENTED_EDGE('',*,*,#1063,.T.);
#511=ORIENTED_EDGE('',*,*,#978,.F.);
#512=ORIENTED_EDGE('',*,*,#1174,.T.);
#513=ORIENTED_EDGE('',*,*,#1059,.F.);
#514=ORIENTED_EDGE('',*,*,#1042,.F.);
#515=ORIENTED_EDGE('',*,*,#1175,.T.);
#516=ORIENTED_EDGE('',*,*,#1033,.F.);
#517=ORIENTED_EDGE('',*,*,#1176,.T.);
#518=ORIENTED_EDGE('',*,*,#1029,.F.);
#519=ORIENTED_EDGE('',*,*,#1177,.T.);
#520=ORIENTED_EDGE('',*,*,#1025,.T.);
#521=ORIENTED_EDGE('',*,*,#1178,.T.);
#522=ORIENTED_EDGE('',*,*,#1164,.T.);
#523=ORIENTED_EDGE('',*,*,#1179,.T.);
#524=ORIENTED_EDGE('',*,*,#988,.T.);
#525=ORIENTED_EDGE('',*,*,#1180,.T.);
#526=ORIENTED_EDGE('',*,*,#1181,.F.);
#527=ORIENTED_EDGE('',*,*,#1182,.T.);
#528=ORIENTED_EDGE('',*,*,#1183,.F.);
#529=ORIENTED_EDGE('',*,*,#1184,.T.);
#530=ORIENTED_EDGE('',*,*,#986,.T.);
#531=ORIENTED_EDGE('',*,*,#1068,.F.);
#532=ORIENTED_EDGE('',*,*,#1181,.T.);
#533=ORIENTED_EDGE('',*,*,#1185,.T.);
#534=ORIENTED_EDGE('',*,*,#1183,.T.);
#535=ORIENTED_EDGE('',*,*,#1067,.T.);
#536=ORIENTED_EDGE('',*,*,#1037,.F.);
#537=ORIENTED_EDGE('',*,*,#938,.F.);
#538=ORIENTED_EDGE('',*,*,#1186,.T.);
#539=ORIENTED_EDGE('',*,*,#1014,.T.);
#540=ORIENTED_EDGE('',*,*,#1187,.T.);
#541=ORIENTED_EDGE('',*,*,#1188,.F.);
#542=ORIENTED_EDGE('',*,*,#1189,.T.);
#543=ORIENTED_EDGE('',*,*,#1010,.T.);
#544=ORIENTED_EDGE('',*,*,#1190,.T.);
#545=ORIENTED_EDGE('',*,*,#1191,.F.);
#546=ORIENTED_EDGE('',*,*,#1192,.T.);
#547=ORIENTED_EDGE('',*,*,#1012,.T.);
#548=ORIENTED_EDGE('',*,*,#1193,.T.);
#549=ORIENTED_EDGE('',*,*,#1194,.F.);
#550=ORIENTED_EDGE('',*,*,#1195,.T.);
#551=ORIENTED_EDGE('',*,*,#1194,.T.);
#552=ORIENTED_EDGE('',*,*,#1196,.T.);
#553=ORIENTED_EDGE('',*,*,#1191,.T.);
#554=ORIENTED_EDGE('',*,*,#1197,.T.);
#555=ORIENTED_EDGE('',*,*,#1051,.F.);
#556=ORIENTED_EDGE('',*,*,#1198,.T.);
#557=ORIENTED_EDGE('',*,*,#1188,.T.);
#558=ORIENTED_EDGE('',*,*,#1199,.T.);
#559=ORIENTED_EDGE('',*,*,#1129,.F.);
#560=ORIENTED_EDGE('',*,*,#1200,.T.);
#561=ORIENTED_EDGE('',*,*,#1201,.T.);
#562=ORIENTED_EDGE('',*,*,#1202,.T.);
#563=ORIENTED_EDGE('',*,*,#1133,.F.);
#564=ORIENTED_EDGE('',*,*,#1203,.T.);
#565=ORIENTED_EDGE('',*,*,#1204,.T.);
#566=ORIENTED_EDGE('',*,*,#1205,.T.);
#567=ORIENTED_EDGE('',*,*,#1131,.F.);
#568=ORIENTED_EDGE('',*,*,#1206,.T.);
#569=ORIENTED_EDGE('',*,*,#1207,.T.);
#570=ORIENTED_EDGE('',*,*,#1208,.T.);
#571=ORIENTED_EDGE('',*,*,#1207,.F.);
#572=ORIENTED_EDGE('',*,*,#1209,.T.);
#573=ORIENTED_EDGE('',*,*,#1201,.F.);
#574=ORIENTED_EDGE('',*,*,#1210,.T.);
#575=ORIENTED_EDGE('',*,*,#944,.T.);
#576=ORIENTED_EDGE('',*,*,#1211,.T.);
#577=ORIENTED_EDGE('',*,*,#1204,.F.);
#578=ORIENTED_EDGE('',*,*,#1212,.T.);
#579=ORIENTED_EDGE('',*,*,#1124,.F.);
#580=ORIENTED_EDGE('',*,*,#1213,.T.);
#581=ORIENTED_EDGE('',*,*,#1214,.T.);
#582=ORIENTED_EDGE('',*,*,#1215,.T.);
#583=ORIENTED_EDGE('',*,*,#1216,.T.);
#584=ORIENTED_EDGE('',*,*,#1217,.T.);
#585=ORIENTED_EDGE('',*,*,#1218,.T.);
#586=ORIENTED_EDGE('',*,*,#1219,.T.);
#587=ORIENTED_EDGE('',*,*,#1220,.F.);
#588=ORIENTED_EDGE('',*,*,#1221,.T.);
#589=ORIENTED_EDGE('',*,*,#1222,.F.);
#590=ORIENTED_EDGE('',*,*,#1223,.T.);
#591=ORIENTED_EDGE('',*,*,#1119,.T.);
#592=ORIENTED_EDGE('',*,*,#1224,.T.);
#593=ORIENTED_EDGE('',*,*,#1225,.F.);
#594=ORIENTED_EDGE('',*,*,#1226,.T.);
#595=ORIENTED_EDGE('',*,*,#1227,.F.);
#596=ORIENTED_EDGE('',*,*,#1228,.F.);
#597=ORIENTED_EDGE('',*,*,#1126,.F.);
#598=ORIENTED_EDGE('',*,*,#1229,.T.);
#599=ORIENTED_EDGE('',*,*,#1230,.T.);
#600=ORIENTED_EDGE('',*,*,#1231,.T.);
#601=ORIENTED_EDGE('',*,*,#1232,.F.);
#602=ORIENTED_EDGE('',*,*,#1222,.T.);
#603=ORIENTED_EDGE('',*,*,#1233,.T.);
#604=ORIENTED_EDGE('',*,*,#1225,.T.);
#605=ORIENTED_EDGE('',*,*,#1234,.T.);
#606=ORIENTED_EDGE('',*,*,#1044,.T.);
#607=ORIENTED_EDGE('',*,*,#1061,.T.);
#608=ORIENTED_EDGE('',*,*,#1235,.F.);
#609=ORIENTED_EDGE('',*,*,#976,.T.);
#610=ORIENTED_EDGE('',*,*,#1062,.F.);
#611=ORIENTED_EDGE('',*,*,#948,.T.);
#612=ORIENTED_EDGE('',*,*,#1236,.T.);
#613=ORIENTED_EDGE('',*,*,#1230,.F.);
#614=ORIENTED_EDGE('',*,*,#1237,.T.);
#615=ORIENTED_EDGE('',*,*,#1214,.F.);
#616=ORIENTED_EDGE('',*,*,#1238,.T.);
#617=ORIENTED_EDGE('',*,*,#982,.F.);
#618=ORIENTED_EDGE('',*,*,#1239,.T.);
#619=ORIENTED_EDGE('',*,*,#1218,.F.);
#620=ORIENTED_EDGE('',*,*,#1240,.T.);
#621=ORIENTED_EDGE('',*,*,#1241,.T.);
#622=ORIENTED_EDGE('',*,*,#1242,.T.);
#623=ORIENTED_EDGE('',*,*,#1136,.F.);
#624=ORIENTED_EDGE('',*,*,#1243,.T.);
#625=ORIENTED_EDGE('',*,*,#1138,.F.);
#626=ORIENTED_EDGE('',*,*,#1244,.T.);
#627=ORIENTED_EDGE('',*,*,#1245,.T.);
#628=ORIENTED_EDGE('',*,*,#1065,.F.);
#629=ORIENTED_EDGE('',*,*,#1245,.F.);
#630=ORIENTED_EDGE('',*,*,#1246,.T.);
#631=ORIENTED_EDGE('',*,*,#1241,.F.);
#632=ORIENTED_EDGE('',*,*,#1247,.T.);
#633=ORIENTED_EDGE('',*,*,#940,.T.);
#634=ORIENTED_EDGE('',*,*,#1036,.T.);
#635=ORIENTED_EDGE('',*,*,#1066,.F.);
#636=ORIENTED_EDGE('',*,*,#1112,.F.);
#637=ORIENTED_EDGE('',*,*,#1248,.T.);
#638=ORIENTED_EDGE('',*,*,#1249,.T.);
#639=ORIENTED_EDGE('',*,*,#1250,.T.);
#640=ORIENTED_EDGE('',*,*,#1251,.T.);
#641=ORIENTED_EDGE('',*,*,#1252,.T.);
#642=ORIENTED_EDGE('',*,*,#1116,.F.);
#643=ORIENTED_EDGE('',*,*,#1253,.T.);
#644=ORIENTED_EDGE('',*,*,#1114,.F.);
#645=ORIENTED_EDGE('',*,*,#1254,.T.);
#646=ORIENTED_EDGE('',*,*,#1255,.T.);
#647=ORIENTED_EDGE('',*,*,#1256,.T.);
#648=ORIENTED_EDGE('',*,*,#1255,.F.);
#649=ORIENTED_EDGE('',*,*,#1257,.T.);
#650=ORIENTED_EDGE('',*,*,#1249,.F.);
#651=ORIENTED_EDGE('',*,*,#1258,.T.);
#652=ORIENTED_EDGE('',*,*,#1055,.T.);
#653=ORIENTED_EDGE('',*,*,#1259,.T.);
#654=ORIENTED_EDGE('',*,*,#1251,.F.);
#655=ORIENTED_EDGE('',*,*,#1260,.T.);
#656=ORIENTED_EDGE('',*,*,#1261,.F.);
#657=ORIENTED_EDGE('',*,*,#1262,.T.);
#658=ORIENTED_EDGE('',*,*,#1003,.T.);
#659=ORIENTED_EDGE('',*,*,#1167,.F.);
#660=ORIENTED_EDGE('',*,*,#1263,.F.);
#661=ORIENTED_EDGE('',*,*,#1264,.F.);
#662=ORIENTED_EDGE('',*,*,#1265,.F.);
#663=ORIENTED_EDGE('',*,*,#1166,.T.);
#664=ORIENTED_EDGE('',*,*,#1266,.T.);
#665=ORIENTED_EDGE('',*,*,#1023,.T.);
#666=ORIENTED_EDGE('',*,*,#1267,.T.);
#667=ORIENTED_EDGE('',*,*,#1027,.F.);
#668=ORIENTED_EDGE('',*,*,#1268,.T.);
#669=ORIENTED_EDGE('',*,*,#1031,.F.);
#670=ORIENTED_EDGE('',*,*,#1269,.F.);
#671=ORIENTED_EDGE('',*,*,#1270,.T.);
#672=ORIENTED_EDGE('',*,*,#1261,.T.);
#673=ORIENTED_EDGE('',*,*,#1005,.F.);
#674=ORIENTED_EDGE('',*,*,#1271,.F.);
#675=ORIENTED_EDGE('',*,*,#1269,.T.);
#676=ORIENTED_EDGE('',*,*,#1035,.F.);
#677=ORIENTED_EDGE('',*,*,#1004,.T.);
#678=ORIENTED_EDGE('',*,*,#1262,.F.);
#679=ORIENTED_EDGE('',*,*,#1270,.F.);
#680=ORIENTED_EDGE('',*,*,#1271,.T.);
#681=ORIENTED_EDGE('',*,*,#985,.T.);
#682=ORIENTED_EDGE('',*,*,#1122,.F.);
#683=ORIENTED_EDGE('',*,*,#1272,.F.);
#684=ORIENTED_EDGE('',*,*,#1273,.T.);
#685=ORIENTED_EDGE('',*,*,#1274,.T.);
#686=ORIENTED_EDGE('',*,*,#1275,.T.);
#687=ORIENTED_EDGE('',*,*,#1276,.T.);
#688=ORIENTED_EDGE('',*,*,#1227,.T.);
#689=ORIENTED_EDGE('',*,*,#1277,.T.);
#690=ORIENTED_EDGE('',*,*,#1220,.T.);
#691=ORIENTED_EDGE('',*,*,#1278,.T.);
#692=ORIENTED_EDGE('',*,*,#1216,.F.);
#693=ORIENTED_EDGE('',*,*,#1279,.T.);
#694=ORIENTED_EDGE('',*,*,#980,.F.);
#695=ORIENTED_EDGE('',*,*,#1273,.F.);
#696=ORIENTED_EDGE('',*,*,#1280,.F.);
#697=ORIENTED_EDGE('',*,*,#1281,.T.);
#698=ORIENTED_EDGE('',*,*,#1228,.T.);
#699=ORIENTED_EDGE('',*,*,#1281,.F.);
#700=ORIENTED_EDGE('',*,*,#1282,.T.);
#701=ORIENTED_EDGE('',*,*,#1120,.T.);
#702=ORIENTED_EDGE('',*,*,#1121,.F.);
#703=ORIENTED_EDGE('',*,*,#1282,.F.);
#704=ORIENTED_EDGE('',*,*,#1280,.T.);
#705=ORIENTED_EDGE('',*,*,#1272,.T.);
#706=ORIENTED_EDGE('',*,*,#1265,.T.);
#707=ORIENTED_EDGE('',*,*,#1276,.F.);
#708=ORIENTED_EDGE('',*,*,#1264,.T.);
#709=ORIENTED_EDGE('',*,*,#1275,.F.);
#710=ORIENTED_EDGE('',*,*,#977,.F.);
#711=ORIENTED_EDGE('',*,*,#1235,.T.);
#712=ORIENTED_EDGE('',*,*,#1060,.F.);
#713=ORIENTED_EDGE('',*,*,#1174,.F.);
#714=ORIENTED_EDGE('',*,*,#1232,.T.);
#715=ORIENTED_EDGE('',*,*,#1274,.F.);
#716=ORIENTED_EDGE('',*,*,#1263,.T.);
#717=ORIENTED_EDGE('',*,*,#1171,.F.);
#718=ORIENTED_EDGE('',*,*,#1197,.F.);
#719=ORIENTED_EDGE('',*,*,#1190,.F.);
#720=ORIENTED_EDGE('',*,*,#1009,.F.);
#721=ORIENTED_EDGE('',*,*,#1040,.F.);
#722=ORIENTED_EDGE('',*,*,#1146,.F.);
#723=ORIENTED_EDGE('',*,*,#1117,.F.);
#724=ORIENTED_EDGE('',*,*,#1252,.F.);
#725=ORIENTED_EDGE('',*,*,#1259,.F.);
#726=ORIENTED_EDGE('',*,*,#1140,.F.);
#727=ORIENTED_EDGE('',*,*,#1047,.F.);
#728=ORIENTED_EDGE('',*,*,#1185,.F.);
#729=ORIENTED_EDGE('',*,*,#1180,.F.);
#730=ORIENTED_EDGE('',*,*,#987,.F.);
#731=ORIENTED_EDGE('',*,*,#1184,.F.);
#732=ORIENTED_EDGE('',*,*,#1186,.F.);
#733=ORIENTED_EDGE('',*,*,#937,.F.);
#734=ORIENTED_EDGE('',*,*,#989,.F.);
#735=ORIENTED_EDGE('',*,*,#1182,.F.);
#736=ORIENTED_EDGE('',*,*,#1157,.F.);
#737=ORIENTED_EDGE('',*,*,#1150,.F.);
#738=ORIENTED_EDGE('',*,*,#990,.F.);
#739=ORIENTED_EDGE('',*,*,#955,.F.);
#740=ORIENTED_EDGE('',*,*,#1156,.F.);
#741=ORIENTED_EDGE('',*,*,#1153,.F.);
#742=ORIENTED_EDGE('',*,*,#992,.F.);
#743=ORIENTED_EDGE('',*,*,#1152,.F.);
#744=ORIENTED_EDGE('',*,*,#1158,.F.);
#745=ORIENTED_EDGE('',*,*,#953,.F.);
#746=ORIENTED_EDGE('',*,*,#996,.F.);
#747=ORIENTED_EDGE('',*,*,#1148,.F.);
#748=ORIENTED_EDGE('',*,*,#1159,.F.);
#749=ORIENTED_EDGE('',*,*,#1149,.F.);
#750=ORIENTED_EDGE('',*,*,#994,.F.);
#751=ORIENTED_EDGE('',*,*,#1155,.F.);
#752=ORIENTED_EDGE('',*,*,#1173,.F.);
#753=ORIENTED_EDGE('',*,*,#1168,.F.);
#754=ORIENTED_EDGE('',*,*,#997,.F.);
#755=ORIENTED_EDGE('',*,*,#951,.F.);
#756=ORIENTED_EDGE('',*,*,#1172,.F.);
#757=ORIENTED_EDGE('',*,*,#1160,.F.);
#758=ORIENTED_EDGE('',*,*,#999,.F.);
#759=ORIENTED_EDGE('',*,*,#1170,.F.);
#760=ORIENTED_EDGE('',*,*,#1179,.F.);
#761=ORIENTED_EDGE('',*,*,#1163,.F.);
#762=ORIENTED_EDGE('',*,*,#1001,.F.);
#763=ORIENTED_EDGE('',*,*,#1162,.F.);
#764=ORIENTED_EDGE('',*,*,#1178,.F.);
#765=ORIENTED_EDGE('',*,*,#1024,.F.);
#766=ORIENTED_EDGE('',*,*,#1266,.F.);
#767=ORIENTED_EDGE('',*,*,#1165,.F.);
#768=ORIENTED_EDGE('',*,*,#1177,.F.);
#769=ORIENTED_EDGE('',*,*,#1028,.F.);
#770=ORIENTED_EDGE('',*,*,#1267,.F.);
#771=ORIENTED_EDGE('',*,*,#1026,.F.);
#772=ORIENTED_EDGE('',*,*,#1176,.F.);
#773=ORIENTED_EDGE('',*,*,#1032,.F.);
#774=ORIENTED_EDGE('',*,*,#1268,.F.);
#775=ORIENTED_EDGE('',*,*,#1030,.F.);
#776=ORIENTED_EDGE('',*,*,#1175,.F.);
#777=ORIENTED_EDGE('',*,*,#1041,.F.);
#778=ORIENTED_EDGE('',*,*,#1007,.F.);
#779=ORIENTED_EDGE('',*,*,#1034,.F.);
#780=ORIENTED_EDGE('',*,*,#1196,.F.);
#781=ORIENTED_EDGE('',*,*,#1193,.F.);
#782=ORIENTED_EDGE('',*,*,#1011,.F.);
#783=ORIENTED_EDGE('',*,*,#1192,.F.);
#784=ORIENTED_EDGE('',*,*,#1199,.F.);
#785=ORIENTED_EDGE('',*,*,#1187,.F.);
#786=ORIENTED_EDGE('',*,*,#1013,.F.);
#787=ORIENTED_EDGE('',*,*,#1195,.F.);
#788=ORIENTED_EDGE('',*,*,#1198,.F.);
#789=ORIENTED_EDGE('',*,*,#1050,.F.);
#790=ORIENTED_EDGE('',*,*,#1015,.F.);
#791=ORIENTED_EDGE('',*,*,#1189,.F.);
#792=ORIENTED_EDGE('',*,*,#1139,.F.);
#793=ORIENTED_EDGE('',*,*,#1056,.F.);
#794=ORIENTED_EDGE('',*,*,#1258,.F.);
#795=ORIENTED_EDGE('',*,*,#1248,.F.);
#796=ORIENTED_EDGE('',*,*,#1113,.F.);
#797=ORIENTED_EDGE('',*,*,#1250,.F.);
#798=ORIENTED_EDGE('',*,*,#1257,.F.);
#799=ORIENTED_EDGE('',*,*,#1254,.F.);
#800=ORIENTED_EDGE('',*,*,#1115,.F.);
#801=ORIENTED_EDGE('',*,*,#1256,.F.);
#802=ORIENTED_EDGE('',*,*,#1260,.F.);
#803=ORIENTED_EDGE('',*,*,#1253,.F.);
#804=ORIENTED_EDGE('',*,*,#1118,.F.);
#805=ORIENTED_EDGE('',*,*,#1045,.F.);
#806=ORIENTED_EDGE('',*,*,#1234,.F.);
#807=ORIENTED_EDGE('',*,*,#1224,.F.);
#808=ORIENTED_EDGE('',*,*,#1277,.F.);
#809=ORIENTED_EDGE('',*,*,#1226,.F.);
#810=ORIENTED_EDGE('',*,*,#1233,.F.);
#811=ORIENTED_EDGE('',*,*,#1221,.F.);
#812=ORIENTED_EDGE('',*,*,#1278,.F.);
#813=ORIENTED_EDGE('',*,*,#1223,.F.);
#814=ORIENTED_EDGE('',*,*,#1240,.F.);
#815=ORIENTED_EDGE('',*,*,#1217,.F.);
#816=ORIENTED_EDGE('',*,*,#1279,.F.);
#817=ORIENTED_EDGE('',*,*,#1219,.F.);
#818=ORIENTED_EDGE('',*,*,#1239,.F.);
#819=ORIENTED_EDGE('',*,*,#981,.F.);
#820=ORIENTED_EDGE('',*,*,#1123,.F.);
#821=ORIENTED_EDGE('',*,*,#983,.F.);
#822=ORIENTED_EDGE('',*,*,#1238,.F.);
#823=ORIENTED_EDGE('',*,*,#1213,.F.);
#824=ORIENTED_EDGE('',*,*,#1125,.F.);
#825=ORIENTED_EDGE('',*,*,#1215,.F.);
#826=ORIENTED_EDGE('',*,*,#1237,.F.);
#827=ORIENTED_EDGE('',*,*,#1229,.F.);
#828=ORIENTED_EDGE('',*,*,#1127,.F.);
#829=ORIENTED_EDGE('',*,*,#1231,.F.);
#830=ORIENTED_EDGE('',*,*,#1236,.F.);
#831=ORIENTED_EDGE('',*,*,#947,.F.);
#832=ORIENTED_EDGE('',*,*,#1128,.F.);
#833=ORIENTED_EDGE('',*,*,#945,.F.);
#834=ORIENTED_EDGE('',*,*,#1210,.F.);
#835=ORIENTED_EDGE('',*,*,#1200,.F.);
#836=ORIENTED_EDGE('',*,*,#1130,.F.);
#837=ORIENTED_EDGE('',*,*,#1202,.F.);
#838=ORIENTED_EDGE('',*,*,#1209,.F.);
#839=ORIENTED_EDGE('',*,*,#1206,.F.);
#840=ORIENTED_EDGE('',*,*,#1132,.F.);
#841=ORIENTED_EDGE('',*,*,#1208,.F.);
#842=ORIENTED_EDGE('',*,*,#1212,.F.);
#843=ORIENTED_EDGE('',*,*,#1203,.F.);
#844=ORIENTED_EDGE('',*,*,#1134,.F.);
#845=ORIENTED_EDGE('',*,*,#1205,.F.);
#846=ORIENTED_EDGE('',*,*,#1211,.F.);
#847=ORIENTED_EDGE('',*,*,#943,.F.);
#848=ORIENTED_EDGE('',*,*,#1137,.F.);
#849=ORIENTED_EDGE('',*,*,#1242,.F.);
#850=ORIENTED_EDGE('',*,*,#1246,.F.);
#851=ORIENTED_EDGE('',*,*,#1244,.F.);
#852=ORIENTED_EDGE('',*,*,#1135,.F.);
#853=ORIENTED_EDGE('',*,*,#941,.F.);
#854=ORIENTED_EDGE('',*,*,#1247,.F.);
#855=ORIENTED_EDGE('',*,*,#1243,.F.);
#856=ORIENTED_EDGE('',*,*,#956,.T.);
#857=ORIENTED_EDGE('',*,*,#1283,.F.);
#858=ORIENTED_EDGE('',*,*,#921,.F.);
#859=ORIENTED_EDGE('',*,*,#1284,.T.);
#860=ORIENTED_EDGE('',*,*,#971,.T.);
#861=ORIENTED_EDGE('',*,*,#1285,.F.);
#862=ORIENTED_EDGE('',*,*,#922,.F.);
#863=ORIENTED_EDGE('',*,*,#1283,.T.);
#864=ORIENTED_EDGE('',*,*,#970,.T.);
#865=ORIENTED_EDGE('',*,*,#1286,.F.);
#866=ORIENTED_EDGE('',*,*,#923,.F.);
#867=ORIENTED_EDGE('',*,*,#1285,.T.);
#868=ORIENTED_EDGE('',*,*,#969,.T.);
#869=ORIENTED_EDGE('',*,*,#1287,.F.);
#870=ORIENTED_EDGE('',*,*,#924,.F.);
#871=ORIENTED_EDGE('',*,*,#1286,.T.);
#872=ORIENTED_EDGE('',*,*,#968,.T.);
#873=ORIENTED_EDGE('',*,*,#1288,.F.);
#874=ORIENTED_EDGE('',*,*,#925,.F.);
#875=ORIENTED_EDGE('',*,*,#1287,.T.);
#876=ORIENTED_EDGE('',*,*,#967,.T.);
#877=ORIENTED_EDGE('',*,*,#1289,.F.);
#878=ORIENTED_EDGE('',*,*,#926,.F.);
#879=ORIENTED_EDGE('',*,*,#1288,.T.);
#880=ORIENTED_EDGE('',*,*,#966,.T.);
#881=ORIENTED_EDGE('',*,*,#1290,.F.);
#882=ORIENTED_EDGE('',*,*,#927,.F.);
#883=ORIENTED_EDGE('',*,*,#1289,.T.);
#884=ORIENTED_EDGE('',*,*,#965,.T.);
#885=ORIENTED_EDGE('',*,*,#1291,.F.);
#886=ORIENTED_EDGE('',*,*,#928,.F.);
#887=ORIENTED_EDGE('',*,*,#1290,.T.);
#888=ORIENTED_EDGE('',*,*,#964,.T.);
#889=ORIENTED_EDGE('',*,*,#1292,.F.);
#890=ORIENTED_EDGE('',*,*,#929,.F.);
#891=ORIENTED_EDGE('',*,*,#1291,.T.);
#892=ORIENTED_EDGE('',*,*,#963,.T.);
#893=ORIENTED_EDGE('',*,*,#1293,.F.);
#894=ORIENTED_EDGE('',*,*,#930,.F.);
#895=ORIENTED_EDGE('',*,*,#1292,.T.);
#896=ORIENTED_EDGE('',*,*,#962,.T.);
#897=ORIENTED_EDGE('',*,*,#1294,.F.);
#898=ORIENTED_EDGE('',*,*,#931,.F.);
#899=ORIENTED_EDGE('',*,*,#1293,.T.);
#900=ORIENTED_EDGE('',*,*,#961,.T.);
#901=ORIENTED_EDGE('',*,*,#1295,.F.);
#902=ORIENTED_EDGE('',*,*,#932,.F.);
#903=ORIENTED_EDGE('',*,*,#1294,.T.);
#904=ORIENTED_EDGE('',*,*,#960,.T.);
#905=ORIENTED_EDGE('',*,*,#1296,.F.);
#906=ORIENTED_EDGE('',*,*,#933,.F.);
#907=ORIENTED_EDGE('',*,*,#1295,.T.);
#908=ORIENTED_EDGE('',*,*,#959,.T.);
#909=ORIENTED_EDGE('',*,*,#1297,.F.);
#910=ORIENTED_EDGE('',*,*,#934,.F.);
#911=ORIENTED_EDGE('',*,*,#1296,.T.);
#912=ORIENTED_EDGE('',*,*,#958,.T.);
#913=ORIENTED_EDGE('',*,*,#1298,.F.);
#914=ORIENTED_EDGE('',*,*,#935,.F.);
#915=ORIENTED_EDGE('',*,*,#1297,.T.);
#916=ORIENTED_EDGE('',*,*,#957,.T.);
#917=ORIENTED_EDGE('',*,*,#1284,.F.);
#918=ORIENTED_EDGE('',*,*,#920,.F.);
#919=ORIENTED_EDGE('',*,*,#1298,.T.);
#920=EDGE_CURVE('',#1299,#1300,#1547,.T.);
#921=EDGE_CURVE('',#1300,#1301,#66,.F.);
#922=EDGE_CURVE('',#1301,#1302,#1548,.T.);
#923=EDGE_CURVE('',#1302,#1303,#67,.F.);
#924=EDGE_CURVE('',#1303,#1304,#1549,.T.);
#925=EDGE_CURVE('',#1304,#1305,#68,.F.);
#926=EDGE_CURVE('',#1305,#1306,#1550,.T.);
#927=EDGE_CURVE('',#1306,#1307,#69,.F.);
#928=EDGE_CURVE('',#1307,#1308,#1551,.T.);
#929=EDGE_CURVE('',#1308,#1309,#70,.F.);
#930=EDGE_CURVE('',#1309,#1310,#1552,.T.);
#931=EDGE_CURVE('',#1310,#1311,#71,.F.);
#932=EDGE_CURVE('',#1311,#1312,#1553,.T.);
#933=EDGE_CURVE('',#1312,#1313,#72,.F.);
#934=EDGE_CURVE('',#1313,#1314,#1554,.T.);
#935=EDGE_CURVE('',#1314,#1299,#73,.F.);
#936=EDGE_CURVE('',#1315,#1316,#1555,.T.);
#937=EDGE_CURVE('',#1316,#1317,#1556,.F.);
#938=EDGE_CURVE('',#1317,#1318,#1557,.T.);
#939=EDGE_CURVE('',#1319,#1318,#1558,.T.);
#940=EDGE_CURVE('',#1320,#1319,#1559,.T.);
#941=EDGE_CURVE('',#1320,#1321,#1560,.F.);
#942=EDGE_CURVE('',#1322,#1321,#1561,.T.);
#943=EDGE_CURVE('',#1322,#1323,#1562,.T.);
#944=EDGE_CURVE('',#1324,#1323,#1563,.T.);
#945=EDGE_CURVE('',#1324,#1325,#1564,.F.);
#946=EDGE_CURVE('',#1326,#1325,#1565,.T.);
#947=EDGE_CURVE('',#1326,#1327,#1566,.T.);
#948=EDGE_CURVE('',#1328,#1327,#1567,.T.);
#949=EDGE_CURVE('',#1328,#1329,#1568,.T.);
#950=EDGE_CURVE('',#1329,#1330,#1569,.T.);
#951=EDGE_CURVE('',#1330,#1331,#1570,.T.);
#952=EDGE_CURVE('',#1331,#1332,#1571,.T.);
#953=EDGE_CURVE('',#1332,#1333,#1572,.F.);
#954=EDGE_CURVE('',#1333,#1334,#1573,.T.);
#955=EDGE_CURVE('',#1334,#1315,#1574,.T.);
#956=EDGE_CURVE('',#1335,#1336,#74,.T.);
#957=EDGE_CURVE('',#1337,#1335,#1575,.T.);
#958=EDGE_CURVE('',#1338,#1337,#75,.T.);
#959=EDGE_CURVE('',#1339,#1338,#1576,.T.);
#960=EDGE_CURVE('',#1340,#1339,#76,.T.);
#961=EDGE_CURVE('',#1341,#1340,#1577,.T.);
#962=EDGE_CURVE('',#1342,#1341,#77,.T.);
#963=EDGE_CURVE('',#1343,#1342,#1578,.T.);
#964=EDGE_CURVE('',#1344,#1343,#78,.T.);
#965=EDGE_CURVE('',#1345,#1344,#1579,.T.);
#966=EDGE_CURVE('',#1346,#1345,#79,.T.);
#967=EDGE_CURVE('',#1347,#1346,#1580,.T.);
#968=EDGE_CURVE('',#1348,#1347,#80,.T.);
#969=EDGE_CURVE('',#1349,#1348,#1581,.T.);
#970=EDGE_CURVE('',#1350,#1349,#81,.T.);
#971=EDGE_CURVE('',#1336,#1350,#1582,.T.);
#972=EDGE_CURVE('',#1351,#1352,#1583,.T.);
#973=EDGE_CURVE('',#1352,#1353,#1584,.T.);
#974=EDGE_CURVE('',#1353,#1354,#1585,.T.);
#975=EDGE_CURVE('',#1354,#1351,#1586,.T.);
#976=EDGE_CURVE('',#1355,#1356,#1587,.T.);
#977=EDGE_CURVE('',#1355,#1357,#1588,.T.);
#978=EDGE_CURVE('',#1357,#1358,#1589,.T.);
#979=EDGE_CURVE('',#1356,#1358,#1590,.T.);
#980=EDGE_CURVE('',#1359,#1360,#1591,.T.);
#981=EDGE_CURVE('',#1360,#1361,#1592,.T.);
#982=EDGE_CURVE('',#1361,#1362,#1593,.T.);
#983=EDGE_CURVE('',#1362,#1363,#1594,.F.);
#984=EDGE_CURVE('',#1364,#1363,#1595,.T.);
#985=EDGE_CURVE('',#1359,#1364,#1596,.T.);
#986=EDGE_CURVE('',#1365,#1366,#1597,.T.);
#987=EDGE_CURVE('',#1365,#1367,#82,.T.);
#988=EDGE_CURVE('',#1368,#1367,#1598,.T.);
#989=EDGE_CURVE('',#1368,#1316,#83,.F.);
#990=EDGE_CURVE('',#1315,#1369,#84,.F.);
#991=EDGE_CURVE('',#1370,#1369,#1599,.T.);
#992=EDGE_CURVE('',#1370,#1371,#85,.T.);
#993=EDGE_CURVE('',#1372,#1371,#1600,.T.);
#994=EDGE_CURVE('',#1372,#1373,#86,.T.);
#995=EDGE_CURVE('',#1374,#1373,#1601,.T.);
#996=EDGE_CURVE('',#1374,#1332,#87,.F.);
#997=EDGE_CURVE('',#1331,#1375,#88,.F.);
#998=EDGE_CURVE('',#1376,#1375,#1602,.T.);
#999=EDGE_CURVE('',#1376,#1377,#89,.T.);
#1000=EDGE_CURVE('',#1378,#1377,#1603,.T.);
#1001=EDGE_CURVE('',#1378,#1379,#90,.F.);
#1002=EDGE_CURVE('',#1380,#1379,#1604,.T.);
#1003=EDGE_CURVE('',#1381,#1380,#1605,.T.);
#1004=EDGE_CURVE('',#1382,#1381,#1606,.T.);
#1005=EDGE_CURVE('',#1382,#1383,#1607,.T.);
#1006=EDGE_CURVE('',#1383,#1384,#1608,.T.);
#1007=EDGE_CURVE('',#1384,#1385,#91,.F.);
#1008=EDGE_CURVE('',#1386,#1385,#1609,.T.);
#1009=EDGE_CURVE('',#1386,#1387,#92,.F.);
#1010=EDGE_CURVE('',#1388,#1387,#1610,.T.);
#1011=EDGE_CURVE('',#1388,#1389,#93,.T.);
#1012=EDGE_CURVE('',#1390,#1389,#1611,.T.);
#1013=EDGE_CURVE('',#1390,#1391,#94,.T.);
#1014=EDGE_CURVE('',#1392,#1391,#1612,.T.);
#1015=EDGE_CURVE('',#1392,#1393,#95,.F.);
#1016=EDGE_CURVE('',#1394,#1393,#1613,.T.);
#1017=EDGE_CURVE('',#1395,#1394,#1614,.T.);
#1018=EDGE_CURVE('',#1395,#1396,#1615,.T.);
#1019=EDGE_CURVE('',#1396,#1397,#1616,.T.);
#1020=EDGE_CURVE('',#1397,#1398,#1617,.T.);
#1021=EDGE_CURVE('',#1398,#1399,#1618,.T.);
#1022=EDGE_CURVE('',#1399,#1366,#1619,.T.);
#1023=EDGE_CURVE('',#1400,#1401,#1620,.T.);
#1024=EDGE_CURVE('',#1400,#1402,#1621,.F.);
#1025=EDGE_CURVE('',#1403,#1402,#1622,.T.);
#1026=EDGE_CURVE('',#1403,#1401,#1623,.T.);
#1027=EDGE_CURVE('',#1404,#1405,#1624,.T.);
#1028=EDGE_CURVE('',#1405,#1406,#1625,.F.);
#1029=EDGE_CURVE('',#1406,#1407,#1626,.T.);
#1030=EDGE_CURVE('',#1407,#1404,#1627,.T.);
#1031=EDGE_CURVE('',#1408,#1409,#1628,.T.);
#1032=EDGE_CURVE('',#1409,#1410,#1629,.F.);
#1033=EDGE_CURVE('',#1410,#1411,#1630,.T.);
#1034=EDGE_CURVE('',#1411,#1384,#1631,.T.);
#1035=EDGE_CURVE('',#1383,#1408,#1632,.T.);
#1036=EDGE_CURVE('',#1319,#1412,#1633,.T.);
#1037=EDGE_CURVE('',#1318,#1413,#1634,.T.);
#1038=EDGE_CURVE('',#1412,#1413,#1635,.T.);
#1039=EDGE_CURVE('',#1414,#1415,#1636,.T.);
#1040=EDGE_CURVE('',#1414,#1386,#1637,.T.);
#1041=EDGE_CURVE('',#1385,#1416,#1638,.F.);
#1042=EDGE_CURVE('',#1416,#1417,#1639,.T.);
#1043=EDGE_CURVE('',#1418,#1417,#1640,.T.);
#1044=EDGE_CURVE('',#1419,#1418,#1641,.T.);
#1045=EDGE_CURVE('',#1419,#1420,#1642,.F.);
#1046=EDGE_CURVE('',#1421,#1420,#1643,.T.);
#1047=EDGE_CURVE('',#1421,#1422,#1644,.T.);
#1048=EDGE_CURVE('',#1423,#1422,#1645,.T.);
#1049=EDGE_CURVE('',#1423,#1415,#1646,.T.);
#1050=EDGE_CURVE('',#1393,#1424,#1647,.F.);
#1051=EDGE_CURVE('',#1424,#1425,#1648,.T.);
#1052=EDGE_CURVE('',#1425,#1426,#1649,.T.);
#1053=EDGE_CURVE('',#1427,#1426,#1650,.T.);
#1054=EDGE_CURVE('',#1427,#1428,#1651,.T.);
#1055=EDGE_CURVE('',#1429,#1428,#1652,.T.);
#1056=EDGE_CURVE('',#1429,#1430,#1653,.F.);
#1057=EDGE_CURVE('',#1431,#1430,#1654,.T.);
#1058=EDGE_CURVE('',#1431,#1394,#1655,.T.);
#1059=EDGE_CURVE('',#1417,#1432,#1656,.T.);
#1060=EDGE_CURVE('',#1432,#1433,#1657,.F.);
#1061=EDGE_CURVE('',#1418,#1433,#1658,.T.);
#1062=EDGE_CURVE('',#1328,#1356,#1659,.T.);
#1063=EDGE_CURVE('',#1329,#1358,#1660,.T.);
#1064=EDGE_CURVE('',#1434,#1435,#1661,.T.);
#1065=EDGE_CURVE('',#1435,#1436,#1662,.T.);
#1066=EDGE_CURVE('',#1436,#1412,#1663,.T.);
#1067=EDGE_CURVE('',#1437,#1413,#1664,.T.);
#1068=EDGE_CURVE('',#1437,#1366,#1665,.T.);
#1069=EDGE_CURVE('',#1438,#1399,#1666,.T.);
#1070=EDGE_CURVE('',#1439,#1438,#1667,.T.);
#1071=EDGE_CURVE('',#1440,#1439,#1668,.T.);
#1072=EDGE_CURVE('',#1441,#1440,#1669,.T.);
#1073=EDGE_CURVE('',#1434,#1441,#1670,.F.);
#1074=EDGE_CURVE('',#1442,#1431,#1671,.T.);
#1075=EDGE_CURVE('',#1442,#1443,#1672,.T.);
#1076=EDGE_CURVE('',#1394,#1443,#1673,.T.);
#1077=EDGE_CURVE('',#1434,#1444,#1674,.T.);
#1078=EDGE_CURVE('',#1444,#1441,#1675,.F.);
#1079=EDGE_CURVE('',#1352,#1440,#1676,.F.);
#1080=EDGE_CURVE('',#1352,#1444,#1677,.T.);
#1081=EDGE_CURVE('',#1353,#1439,#1678,.T.);
#1082=EDGE_CURVE('',#1398,#1438,#1679,.F.);
#1083=EDGE_CURVE('',#1398,#1353,#1680,.F.);
#1084=EDGE_CURVE('',#1445,#1446,#1681,.T.);
#1085=EDGE_CURVE('',#1446,#1447,#1682,.T.);
#1086=EDGE_CURVE('',#1447,#1448,#1683,.T.);
#1087=EDGE_CURVE('',#1448,#1445,#1684,.T.);
#1088=EDGE_CURVE('',#1449,#1450,#1685,.T.);
#1089=EDGE_CURVE('',#1450,#1451,#1686,.T.);
#1090=EDGE_CURVE('',#1451,#1452,#1687,.T.);
#1091=EDGE_CURVE('',#1452,#1449,#1688,.T.);
#1092=EDGE_CURVE('',#1431,#1453,#1689,.T.);
#1093=EDGE_CURVE('',#1445,#1453,#1690,.F.);
#1094=EDGE_CURVE('',#1442,#1445,#1691,.F.);
#1095=EDGE_CURVE('',#1454,#1453,#1692,.T.);
#1096=EDGE_CURVE('',#1446,#1454,#1693,.T.);
#1097=EDGE_CURVE('',#1443,#1448,#1694,.T.);
#1098=EDGE_CURVE('',#1446,#1449,#1695,.T.);
#1099=EDGE_CURVE('',#1449,#1454,#1696,.F.);
#1100=EDGE_CURVE('',#1395,#1448,#1697,.F.);
#1101=EDGE_CURVE('',#1455,#1454,#1698,.T.);
#1102=EDGE_CURVE('',#1450,#1455,#1699,.T.);
#1103=EDGE_CURVE('',#1447,#1452,#1700,.F.);
#1104=EDGE_CURVE('',#1396,#1447,#1701,.F.);
#1105=EDGE_CURVE('',#1450,#1351,#1702,.T.);
#1106=EDGE_CURVE('',#1351,#1455,#1703,.F.);
#1107=EDGE_CURVE('',#1396,#1452,#1704,.T.);
#1108=EDGE_CURVE('',#1444,#1455,#1705,.T.);
#1109=EDGE_CURVE('',#1451,#1354,#1706,.F.);
#1110=EDGE_CURVE('',#1397,#1451,#1707,.F.);
#1111=EDGE_CURVE('',#1397,#1354,#1708,.T.);
#1112=EDGE_CURVE('',#1456,#1457,#1709,.T.);
#1113=EDGE_CURVE('',#1457,#1458,#96,.F.);
#1114=EDGE_CURVE('',#1458,#1459,#1710,.T.);
#1115=EDGE_CURVE('',#1459,#1460,#97,.F.);
#1116=EDGE_CURVE('',#1460,#1461,#1711,.T.);
#1117=EDGE_CURVE('',#1461,#1421,#98,.T.);
#1118=EDGE_CURVE('',#1420,#1462,#99,.T.);
#1119=EDGE_CURVE('',#1463,#1462,#1712,.T.);
#1120=EDGE_CURVE('',#1464,#1463,#1713,.T.);
#1121=EDGE_CURVE('',#1464,#1465,#1714,.T.);
#1122=EDGE_CURVE('',#1465,#1364,#1715,.T.);
#1123=EDGE_CURVE('',#1363,#1466,#100,.T.);
#1124=EDGE_CURVE('',#1466,#1467,#1716,.T.);
#1125=EDGE_CURVE('',#1467,#1468,#101,.F.);
#1126=EDGE_CURVE('',#1468,#1469,#1717,.T.);
#1127=EDGE_CURVE('',#1469,#1326,#102,.T.);
#1128=EDGE_CURVE('',#1325,#1470,#103,.T.);
#1129=EDGE_CURVE('',#1470,#1471,#1718,.T.);
#1130=EDGE_CURVE('',#1471,#1472,#104,.F.);
#1131=EDGE_CURVE('',#1472,#1473,#1719,.T.);
#1132=EDGE_CURVE('',#1473,#1474,#105,.F.);
#1133=EDGE_CURVE('',#1474,#1475,#1720,.T.);
#1134=EDGE_CURVE('',#1475,#1322,#106,.T.);
#1135=EDGE_CURVE('',#1321,#1476,#107,.T.);
#1136=EDGE_CURVE('',#1476,#1477,#1721,.T.);
#1137=EDGE_CURVE('',#1477,#1478,#108,.F.);
#1138=EDGE_CURVE('',#1478,#1435,#1722,.T.);
#1139=EDGE_CURVE('',#1430,#1456,#109,.T.);
#1140=EDGE_CURVE('',#1422,#1428,#110,.F.);
#1141=EDGE_CURVE('',#1479,#1427,#1723,.T.);
#1142=EDGE_CURVE('',#1423,#1479,#1724,.T.);
#1143=EDGE_CURVE('',#1479,#1480,#1725,.T.);
#1144=EDGE_CURVE('',#1426,#1480,#1726,.T.);
#1145=EDGE_CURVE('',#1480,#1415,#1727,.T.);
#1146=EDGE_CURVE('',#1425,#1414,#111,.T.);
#1147=EDGE_CURVE('',#1481,#1482,#1728,.T.);
#1148=EDGE_CURVE('',#1481,#1374,#1729,.T.);
#1149=EDGE_CURVE('',#1373,#1482,#1730,.F.);
#1150=EDGE_CURVE('',#1369,#1483,#1731,.F.);
#1151=EDGE_CURVE('',#1484,#1483,#1732,.T.);
#1152=EDGE_CURVE('',#1484,#1370,#1733,.T.);
#1153=EDGE_CURVE('',#1371,#1485,#1734,.F.);
#1154=EDGE_CURVE('',#1486,#1485,#1735,.T.);
#1155=EDGE_CURVE('',#1486,#1372,#1736,.T.);
#1156=EDGE_CURVE('',#1485,#1484,#112,.F.);
#1157=EDGE_CURVE('',#1483,#1334,#113,.T.);
#1158=EDGE_CURVE('',#1333,#1481,#114,.T.);
#1159=EDGE_CURVE('',#1482,#1486,#115,.F.);
#1160=EDGE_CURVE('',#1377,#1487,#1737,.F.);
#1161=EDGE_CURVE('',#1488,#1487,#1738,.T.);
#1162=EDGE_CURVE('',#1488,#1378,#1739,.T.);
#1163=EDGE_CURVE('',#1379,#1489,#1740,.F.);
#1164=EDGE_CURVE('',#1490,#1489,#1741,.T.);
#1165=EDGE_CURVE('',#1490,#1491,#1742,.T.);
#1166=EDGE_CURVE('',#1492,#1491,#1743,.T.);
#1167=EDGE_CURVE('',#1492,#1380,#1744,.T.);
#1168=EDGE_CURVE('',#1375,#1493,#1745,.F.);
#1169=EDGE_CURVE('',#1494,#1493,#1746,.T.);
#1170=EDGE_CURVE('',#1494,#1376,#1747,.T.);
#1171=EDGE_CURVE('',#1495,#1495,#116,.T.);
#1172=EDGE_CURVE('',#1487,#1494,#117,.F.);
#1173=EDGE_CURVE('',#1493,#1330,#118,.T.);
#1174=EDGE_CURVE('',#1357,#1432,#119,.T.);
#1175=EDGE_CURVE('',#1416,#1411,#120,.T.);
#1176=EDGE_CURVE('',#1410,#1407,#121,.F.);
#1177=EDGE_CURVE('',#1406,#1403,#122,.T.);
#1178=EDGE_CURVE('',#1402,#1490,#123,.F.);
#1179=EDGE_CURVE('',#1489,#1488,#124,.T.);
#1180=EDGE_CURVE('',#1367,#1496,#1748,.F.);
#1181=EDGE_CURVE('',#1497,#1496,#1749,.T.);
#1182=EDGE_CURVE('',#1497,#1368,#1750,.T.);
#1183=EDGE_CURVE('',#1498,#1437,#1751,.T.);
#1184=EDGE_CURVE('',#1498,#1365,#1752,.T.);
#1185=EDGE_CURVE('',#1496,#1498,#125,.F.);
#1186=EDGE_CURVE('',#1317,#1497,#126,.T.);
#1187=EDGE_CURVE('',#1391,#1499,#1753,.F.);
#1188=EDGE_CURVE('',#1500,#1499,#1754,.T.);
#1189=EDGE_CURVE('',#1500,#1392,#1755,.T.);
#1190=EDGE_CURVE('',#1387,#1501,#1756,.F.);
#1191=EDGE_CURVE('',#1502,#1501,#1757,.T.);
#1192=EDGE_CURVE('',#1502,#1388,#1758,.T.);
#1193=EDGE_CURVE('',#1389,#1503,#1759,.F.);
#1194=EDGE_CURVE('',#1504,#1503,#1760,.T.);
#1195=EDGE_CURVE('',#1504,#1390,#1761,.T.);
#1196=EDGE_CURVE('',#1503,#1502,#127,.F.);
#1197=EDGE_CURVE('',#1501,#1425,#128,.T.);
#1198=EDGE_CURVE('',#1424,#1500,#129,.T.);
#1199=EDGE_CURVE('',#1499,#1504,#130,.F.);
#1200=EDGE_CURVE('',#1470,#1505,#1762,.T.);
#1201=EDGE_CURVE('',#1505,#1506,#1763,.T.);
#1202=EDGE_CURVE('',#1506,#1471,#1764,.F.);
#1203=EDGE_CURVE('',#1474,#1507,#1765,.T.);
#1204=EDGE_CURVE('',#1507,#1508,#1766,.T.);
#1205=EDGE_CURVE('',#1508,#1475,#1767,.F.);
#1206=EDGE_CURVE('',#1472,#1509,#1768,.T.);
#1207=EDGE_CURVE('',#1509,#1510,#1769,.T.);
#1208=EDGE_CURVE('',#1510,#1473,#1770,.F.);
#1209=EDGE_CURVE('',#1509,#1506,#131,.T.);
#1210=EDGE_CURVE('',#1505,#1324,#132,.F.);
#1211=EDGE_CURVE('',#1323,#1508,#133,.F.);
#1212=EDGE_CURVE('',#1507,#1510,#134,.T.);
#1213=EDGE_CURVE('',#1466,#1511,#1771,.T.);
#1214=EDGE_CURVE('',#1511,#1512,#1772,.T.);
#1215=EDGE_CURVE('',#1512,#1467,#1773,.F.);
#1216=EDGE_CURVE('',#1513,#1514,#1774,.T.);
#1217=EDGE_CURVE('',#1514,#1515,#1775,.T.);
#1218=EDGE_CURVE('',#1515,#1516,#1776,.T.);
#1219=EDGE_CURVE('',#1516,#1513,#1777,.F.);
#1220=EDGE_CURVE('',#1517,#1518,#1778,.T.);
#1221=EDGE_CURVE('',#1517,#1519,#1779,.T.);
#1222=EDGE_CURVE('',#1520,#1519,#1780,.T.);
#1223=EDGE_CURVE('',#1520,#1518,#1781,.F.);
#1224=EDGE_CURVE('',#1462,#1521,#1782,.T.);
#1225=EDGE_CURVE('',#1522,#1521,#1783,.T.);
#1226=EDGE_CURVE('',#1522,#1523,#1784,.F.);
#1227=EDGE_CURVE('',#1524,#1523,#1785,.T.);
#1228=EDGE_CURVE('',#1463,#1524,#1786,.T.);
#1229=EDGE_CURVE('',#1468,#1525,#1787,.T.);
#1230=EDGE_CURVE('',#1525,#1526,#1788,.T.);
#1231=EDGE_CURVE('',#1526,#1469,#1789,.F.);
#1232=EDGE_CURVE('',#1527,#1527,#135,.T.);
#1233=EDGE_CURVE('',#1519,#1522,#136,.T.);
#1234=EDGE_CURVE('',#1521,#1419,#137,.F.);
#1235=EDGE_CURVE('',#1355,#1433,#138,.T.);
#1236=EDGE_CURVE('',#1327,#1526,#139,.F.);
#1237=EDGE_CURVE('',#1525,#1512,#140,.T.);
#1238=EDGE_CURVE('',#1511,#1362,#141,.F.);
#1239=EDGE_CURVE('',#1361,#1516,#142,.T.);
#1240=EDGE_CURVE('',#1515,#1520,#143,.F.);
#1241=EDGE_CURVE('',#1528,#1529,#1790,.T.);
#1242=EDGE_CURVE('',#1529,#1477,#1791,.F.);
#1243=EDGE_CURVE('',#1476,#1528,#1792,.T.);
#1244=EDGE_CURVE('',#1478,#1530,#1793,.T.);
#1245=EDGE_CURVE('',#1530,#1436,#1794,.T.);
#1246=EDGE_CURVE('',#1530,#1529,#144,.T.);
#1247=EDGE_CURVE('',#1528,#1320,#145,.F.);
#1248=EDGE_CURVE('',#1456,#1531,#1795,.T.);
#1249=EDGE_CURVE('',#1531,#1532,#1796,.T.);
#1250=EDGE_CURVE('',#1532,#1457,#1797,.F.);
#1251=EDGE_CURVE('',#1533,#1534,#1798,.T.);
#1252=EDGE_CURVE('',#1534,#1461,#1799,.F.);
#1253=EDGE_CURVE('',#1460,#1533,#1800,.T.);
#1254=EDGE_CURVE('',#1458,#1535,#1801,.T.);
#1255=EDGE_CURVE('',#1535,#1536,#1802,.T.);
#1256=EDGE_CURVE('',#1536,#1459,#1803,.F.);
#1257=EDGE_CURVE('',#1535,#1532,#146,.T.);
#1258=EDGE_CURVE('',#1531,#1429,#147,.F.);
#1259=EDGE_CURVE('',#1428,#1534,#148,.F.);
#1260=EDGE_CURVE('',#1533,#1536,#149,.T.);
#1261=EDGE_CURVE('',#1537,#1492,#1804,.T.);
#1262=EDGE_CURVE('',#1537,#1381,#1805,.T.);
#1263=EDGE_CURVE('',#1538,#1538,#150,.T.);
#1264=EDGE_CURVE('',#1539,#1539,#151,.T.);
#1265=EDGE_CURVE('',#1540,#1540,#152,.T.);
#1266=EDGE_CURVE('',#1491,#1400,#153,.T.);
#1267=EDGE_CURVE('',#1401,#1405,#154,.F.);
#1268=EDGE_CURVE('',#1404,#1409,#155,.T.);
#1269=EDGE_CURVE('',#1541,#1408,#1806,.T.);
#1270=EDGE_CURVE('',#1541,#1537,#1807,.T.);
#1271=EDGE_CURVE('',#1541,#1382,#1808,.T.);
#1272=EDGE_CURVE('',#1542,#1465,#1809,.T.);
#1273=EDGE_CURVE('',#1542,#1359,#1810,.T.);
#1274=EDGE_CURVE('',#1543,#1543,#156,.T.);
#1275=EDGE_CURVE('',#1544,#1544,#157,.T.);
#1276=EDGE_CURVE('',#1545,#1545,#158,.T.);
#1277=EDGE_CURVE('',#1523,#1517,#159,.F.);
#1278=EDGE_CURVE('',#1518,#1514,#160,.T.);
#1279=EDGE_CURVE('',#1513,#1360,#161,.F.);
#1280=EDGE_CURVE('',#1546,#1542,#1811,.T.);
#1281=EDGE_CURVE('',#1546,#1524,#1812,.T.);
#1282=EDGE_CURVE('',#1546,#1464,#1813,.T.);
#1283=EDGE_CURVE('',#1301,#1336,#1814,.T.);
#1284=EDGE_CURVE('',#1300,#1335,#1815,.T.);
#1285=EDGE_CURVE('',#1302,#1350,#1816,.T.);
#1286=EDGE_CURVE('',#1303,#1349,#1817,.T.);
#1287=EDGE_CURVE('',#1304,#1348,#1818,.T.);
#1288=EDGE_CURVE('',#1305,#1347,#1819,.T.);
#1289=EDGE_CURVE('',#1306,#1346,#1820,.T.);
#1290=EDGE_CURVE('',#1307,#1345,#1821,.T.);
#1291=EDGE_CURVE('',#1308,#1344,#1822,.T.);
#1292=EDGE_CURVE('',#1309,#1343,#1823,.T.);
#1293=EDGE_CURVE('',#1310,#1342,#1824,.T.);
#1294=EDGE_CURVE('',#1311,#1341,#1825,.T.);
#1295=EDGE_CURVE('',#1312,#1340,#1826,.T.);
#1296=EDGE_CURVE('',#1313,#1339,#1827,.T.);
#1297=EDGE_CURVE('',#1314,#1338,#1828,.T.);
#1298=EDGE_CURVE('',#1299,#1337,#1829,.T.);
#1299=VERTEX_POINT('',#3638);
#1300=VERTEX_POINT('',#3639);
#1301=VERTEX_POINT('',#3641);
#1302=VERTEX_POINT('',#3643);
#1303=VERTEX_POINT('',#3645);
#1304=VERTEX_POINT('',#3647);
#1305=VERTEX_POINT('',#3649);
#1306=VERTEX_POINT('',#3651);
#1307=VERTEX_POINT('',#3653);
#1308=VERTEX_POINT('',#3655);
#1309=VERTEX_POINT('',#3657);
#1310=VERTEX_POINT('',#3659);
#1311=VERTEX_POINT('',#3661);
#1312=VERTEX_POINT('',#3663);
#1313=VERTEX_POINT('',#3665);
#1314=VERTEX_POINT('',#3667);
#1315=VERTEX_POINT('',#3670);
#1316=VERTEX_POINT('',#3671);
#1317=VERTEX_POINT('',#3673);
#1318=VERTEX_POINT('',#3675);
#1319=VERTEX_POINT('',#3677);
#1320=VERTEX_POINT('',#3679);
#1321=VERTEX_POINT('',#3681);
#1322=VERTEX_POINT('',#3683);
#1323=VERTEX_POINT('',#3685);
#1324=VERTEX_POINT('',#3687);
#1325=VERTEX_POINT('',#3689);
#1326=VERTEX_POINT('',#3691);
#1327=VERTEX_POINT('',#3693);
#1328=VERTEX_POINT('',#3695);
#1329=VERTEX_POINT('',#3697);
#1330=VERTEX_POINT('',#3699);
#1331=VERTEX_POINT('',#3701);
#1332=VERTEX_POINT('',#3703);
#1333=VERTEX_POINT('',#3705);
#1334=VERTEX_POINT('',#3707);
#1335=VERTEX_POINT('',#3711);
#1336=VERTEX_POINT('',#3712);
#1337=VERTEX_POINT('',#3714);
#1338=VERTEX_POINT('',#3716);
#1339=VERTEX_POINT('',#3718);
#1340=VERTEX_POINT('',#3720);
#1341=VERTEX_POINT('',#3722);
#1342=VERTEX_POINT('',#3724);
#1343=VERTEX_POINT('',#3726);
#1344=VERTEX_POINT('',#3728);
#1345=VERTEX_POINT('',#3730);
#1346=VERTEX_POINT('',#3732);
#1347=VERTEX_POINT('',#3734);
#1348=VERTEX_POINT('',#3736);
#1349=VERTEX_POINT('',#3738);
#1350=VERTEX_POINT('',#3740);
#1351=VERTEX_POINT('',#3743);
#1352=VERTEX_POINT('',#3744);
#1353=VERTEX_POINT('',#3746);
#1354=VERTEX_POINT('',#3748);
#1355=VERTEX_POINT('',#3752);
#1356=VERTEX_POINT('',#3753);
#1357=VERTEX_POINT('',#3755);
#1358=VERTEX_POINT('',#3757);
#1359=VERTEX_POINT('',#3761);
#1360=VERTEX_POINT('',#3762);
#1361=VERTEX_POINT('',#3764);
#1362=VERTEX_POINT('',#3766);
#1363=VERTEX_POINT('',#3768);
#1364=VERTEX_POINT('',#3770);
#1365=VERTEX_POINT('',#3774);
#1366=VERTEX_POINT('',#3775);
#1367=VERTEX_POINT('',#3777);
#1368=VERTEX_POINT('',#3779);
#1369=VERTEX_POINT('',#3782);
#1370=VERTEX_POINT('',#3784);
#1371=VERTEX_POINT('',#3786);
#1372=VERTEX_POINT('',#3788);
#1373=VERTEX_POINT('',#3790);
#1374=VERTEX_POINT('',#3792);
#1375=VERTEX_POINT('',#3795);
#1376=VERTEX_POINT('',#3797);
#1377=VERTEX_POINT('',#3799);
#1378=VERTEX_POINT('',#3801);
#1379=VERTEX_POINT('',#3803);
#1380=VERTEX_POINT('',#3805);
#1381=VERTEX_POINT('',#3807);
#1382=VERTEX_POINT('',#3809);
#1383=VERTEX_POINT('',#3811);
#1384=VERTEX_POINT('',#3813);
#1385=VERTEX_POINT('',#3815);
#1386=VERTEX_POINT('',#3817);
#1387=VERTEX_POINT('',#3819);
#1388=VERTEX_POINT('',#3821);
#1389=VERTEX_POINT('',#3823);
#1390=VERTEX_POINT('',#3825);
#1391=VERTEX_POINT('',#3827);
#1392=VERTEX_POINT('',#3829);
#1393=VERTEX_POINT('',#3831);
#1394=VERTEX_POINT('',#3833);
#1395=VERTEX_POINT('',#3835);
#1396=VERTEX_POINT('',#3837);
#1397=VERTEX_POINT('',#3839);
#1398=VERTEX_POINT('',#3841);
#1399=VERTEX_POINT('',#3843);
#1400=VERTEX_POINT('',#3847);
#1401=VERTEX_POINT('',#3848);
#1402=VERTEX_POINT('',#3850);
#1403=VERTEX_POINT('',#3852);
#1404=VERTEX_POINT('',#3856);
#1405=VERTEX_POINT('',#3857);
#1406=VERTEX_POINT('',#3859);
#1407=VERTEX_POINT('',#3861);
#1408=VERTEX_POINT('',#3865);
#1409=VERTEX_POINT('',#3866);
#1410=VERTEX_POINT('',#3868);
#1411=VERTEX_POINT('',#3870);
#1412=VERTEX_POINT('',#3875);
#1413=VERTEX_POINT('',#3877);
#1414=VERTEX_POINT('',#3881);
#1415=VERTEX_POINT('',#3882);
#1416=VERTEX_POINT('',#3885);
#1417=VERTEX_POINT('',#3887);
#1418=VERTEX_POINT('',#3889);
#1419=VERTEX_POINT('',#3891);
#1420=VERTEX_POINT('',#3893);
#1421=VERTEX_POINT('',#3895);
#1422=VERTEX_POINT('',#3897);
#1423=VERTEX_POINT('',#3899);
#1424=VERTEX_POINT('',#3903);
#1425=VERTEX_POINT('',#3905);
#1426=VERTEX_POINT('',#3907);
#1427=VERTEX_POINT('',#3909);
#1428=VERTEX_POINT('',#3911);
#1429=VERTEX_POINT('',#3913);
#1430=VERTEX_POINT('',#3915);
#1431=VERTEX_POINT('',#3917);
#1432=VERTEX_POINT('',#3921);
#1433=VERTEX_POINT('',#3923);
#1434=VERTEX_POINT('',#3930);
#1435=VERTEX_POINT('',#3931);
#1436=VERTEX_POINT('',#3933);
#1437=VERTEX_POINT('',#3936);
#1438=VERTEX_POINT('',#3939);
#1439=VERTEX_POINT('',#3941);
#1440=VERTEX_POINT('',#3943);
#1441=VERTEX_POINT('',#3945);
#1442=VERTEX_POINT('',#3949);
#1443=VERTEX_POINT('',#3951);
#1444=VERTEX_POINT('',#3955);
#1445=VERTEX_POINT('',#3968);
#1446=VERTEX_POINT('',#3969);
#1447=VERTEX_POINT('',#3971);
#1448=VERTEX_POINT('',#3973);
#1449=VERTEX_POINT('',#3977);
#1450=VERTEX_POINT('',#3978);
#1451=VERTEX_POINT('',#3980);
#1452=VERTEX_POINT('',#3982);
#1453=VERTEX_POINT('',#3986);
#1454=VERTEX_POINT('',#3991);
#1455=VERTEX_POINT('',#4002);
#1456=VERTEX_POINT('',#4024);
#1457=VERTEX_POINT('',#4025);
#1458=VERTEX_POINT('',#4027);
#1459=VERTEX_POINT('',#4029);
#1460=VERTEX_POINT('',#4031);
#1461=VERTEX_POINT('',#4033);
#1462=VERTEX_POINT('',#4036);
#1463=VERTEX_POINT('',#4038);
#1464=VERTEX_POINT('',#4040);
#1465=VERTEX_POINT('',#4042);
#1466=VERTEX_POINT('',#4045);
#1467=VERTEX_POINT('',#4047);
#1468=VERTEX_POINT('',#4049);
#1469=VERTEX_POINT('',#4051);
#1470=VERTEX_POINT('',#4054);
#1471=VERTEX_POINT('',#4056);
#1472=VERTEX_POINT('',#4058);
#1473=VERTEX_POINT('',#4060);
#1474=VERTEX_POINT('',#4062);
#1475=VERTEX_POINT('',#4064);
#1476=VERTEX_POINT('',#4067);
#1477=VERTEX_POINT('',#4069);
#1478=VERTEX_POINT('',#4071);
#1479=VERTEX_POINT('',#4077);
#1480=VERTEX_POINT('',#4081);
#1481=VERTEX_POINT('',#4089);
#1482=VERTEX_POINT('',#4090);
#1483=VERTEX_POINT('',#4095);
#1484=VERTEX_POINT('',#4097);
#1485=VERTEX_POINT('',#4101);
#1486=VERTEX_POINT('',#4103);
#1487=VERTEX_POINT('',#4112);
#1488=VERTEX_POINT('',#4114);
#1489=VERTEX_POINT('',#4118);
#1490=VERTEX_POINT('',#4120);
#1491=VERTEX_POINT('',#4122);
#1492=VERTEX_POINT('',#4124);
#1493=VERTEX_POINT('',#4128);
#1494=VERTEX_POINT('',#4130);
#1495=VERTEX_POINT('',#4134);
#1496=VERTEX_POINT('',#4145);
#1497=VERTEX_POINT('',#4147);
#1498=VERTEX_POINT('',#4151);
#1499=VERTEX_POINT('',#4158);
#1500=VERTEX_POINT('',#4160);
#1501=VERTEX_POINT('',#4164);
#1502=VERTEX_POINT('',#4166);
#1503=VERTEX_POINT('',#4170);
#1504=VERTEX_POINT('',#4172);
#1505=VERTEX_POINT('',#4181);
#1506=VERTEX_POINT('',#4183);
#1507=VERTEX_POINT('',#4187);
#1508=VERTEX_POINT('',#4189);
#1509=VERTEX_POINT('',#4193);
#1510=VERTEX_POINT('',#4195);
#1511=VERTEX_POINT('',#4204);
#1512=VERTEX_POINT('',#4206);
#1513=VERTEX_POINT('',#4210);
#1514=VERTEX_POINT('',#4211);
#1515=VERTEX_POINT('',#4213);
#1516=VERTEX_POINT('',#4215);
#1517=VERTEX_POINT('',#4219);
#1518=VERTEX_POINT('',#4220);
#1519=VERTEX_POINT('',#4222);
#1520=VERTEX_POINT('',#4224);
#1521=VERTEX_POINT('',#4228);
#1522=VERTEX_POINT('',#4230);
#1523=VERTEX_POINT('',#4232);
#1524=VERTEX_POINT('',#4234);
#1525=VERTEX_POINT('',#4238);
#1526=VERTEX_POINT('',#4240);
#1527=VERTEX_POINT('',#4244);
#1528=VERTEX_POINT('',#4255);
#1529=VERTEX_POINT('',#4256);
#1530=VERTEX_POINT('',#4261);
#1531=VERTEX_POINT('',#4268);
#1532=VERTEX_POINT('',#4270);
#1533=VERTEX_POINT('',#4274);
#1534=VERTEX_POINT('',#4275);
#1535=VERTEX_POINT('',#4280);
#1536=VERTEX_POINT('',#4282);
#1537=VERTEX_POINT('',#4291);
#1538=VERTEX_POINT('',#4295);
#1539=VERTEX_POINT('',#4297);
#1540=VERTEX_POINT('',#4299);
#1541=VERTEX_POINT('',#4304);
#1542=VERTEX_POINT('',#4311);
#1543=VERTEX_POINT('',#4315);
#1544=VERTEX_POINT('',#4317);
#1545=VERTEX_POINT('',#4319);
#1546=VERTEX_POINT('',#4324);
#1547=LINE('',#3637,#1830);
#1548=LINE('',#3642,#1831);
#1549=LINE('',#3646,#1832);
#1550=LINE('',#3650,#1833);
#1551=LINE('',#3654,#1834);
#1552=LINE('',#3658,#1835);
#1553=LINE('',#3662,#1836);
#1554=LINE('',#3666,#1837);
#1555=LINE('',#3669,#1838);
#1556=LINE('',#3672,#1839);
#1557=LINE('',#3674,#1840);
#1558=LINE('',#3676,#1841);
#1559=LINE('',#3678,#1842);
#1560=LINE('',#3680,#1843);
#1561=LINE('',#3682,#1844);
#1562=LINE('',#3684,#1845);
#1563=LINE('',#3686,#1846);
#1564=LINE('',#3688,#1847);
#1565=LINE('',#3690,#1848);
#1566=LINE('',#3692,#1849);
#1567=LINE('',#3694,#1850);
#1568=LINE('',#3696,#1851);
#1569=LINE('',#3698,#1852);
#1570=LINE('',#3700,#1853);
#1571=LINE('',#3702,#1854);
#1572=LINE('',#3704,#1855);
#1573=LINE('',#3706,#1856);
#1574=LINE('',#3708,#1857);
#1575=LINE('',#3713,#1858);
#1576=LINE('',#3717,#1859);
#1577=LINE('',#3721,#1860);
#1578=LINE('',#3725,#1861);
#1579=LINE('',#3729,#1862);
#1580=LINE('',#3733,#1863);
#1581=LINE('',#3737,#1864);
#1582=LINE('',#3741,#1865);
#1583=LINE('',#3742,#1866);
#1584=LINE('',#3745,#1867);
#1585=LINE('',#3747,#1868);
#1586=LINE('',#3749,#1869);
#1587=LINE('',#3751,#1870);
#1588=LINE('',#3754,#1871);
#1589=LINE('',#3756,#1872);
#1590=LINE('',#3758,#1873);
#1591=LINE('',#3760,#1874);
#1592=LINE('',#3763,#1875);
#1593=LINE('',#3765,#1876);
#1594=LINE('',#3767,#1877);
#1595=LINE('',#3769,#1878);
#1596=LINE('',#3771,#1879);
#1597=LINE('',#3773,#1880);
#1598=LINE('',#3778,#1881);
#1599=LINE('',#3783,#1882);
#1600=LINE('',#3787,#1883);
#1601=LINE('',#3791,#1884);
#1602=LINE('',#3796,#1885);
#1603=LINE('',#3800,#1886);
#1604=LINE('',#3804,#1887);
#1605=LINE('',#3806,#1888);
#1606=LINE('',#3808,#1889);
#1607=LINE('',#3810,#1890);
#1608=LINE('',#3812,#1891);
#1609=LINE('',#3816,#1892);
#1610=LINE('',#3820,#1893);
#1611=LINE('',#3824,#1894);
#1612=LINE('',#3828,#1895);
#1613=LINE('',#3832,#1896);
#1614=LINE('',#3834,#1897);
#1615=LINE('',#3836,#1898);
#1616=LINE('',#3838,#1899);
#1617=LINE('',#3840,#1900);
#1618=LINE('',#3842,#1901);
#1619=LINE('',#3844,#1902);
#1620=LINE('',#3846,#1903);
#1621=LINE('',#3849,#1904);
#1622=LINE('',#3851,#1905);
#1623=LINE('',#3853,#1906);
#1624=LINE('',#3855,#1907);
#1625=LINE('',#3858,#1908);
#1626=LINE('',#3860,#1909);
#1627=LINE('',#3862,#1910);
#1628=LINE('',#3864,#1911);
#1629=LINE('',#3867,#1912);
#1630=LINE('',#3869,#1913);
#1631=LINE('',#3871,#1914);
#1632=LINE('',#3872,#1915);
#1633=LINE('',#3874,#1916);
#1634=LINE('',#3876,#1917);
#1635=LINE('',#3878,#1918);
#1636=LINE('',#3880,#1919);
#1637=LINE('',#3883,#1920);
#1638=LINE('',#3884,#1921);
#1639=LINE('',#3886,#1922);
#1640=LINE('',#3888,#1923);
#1641=LINE('',#3890,#1924);
#1642=LINE('',#3892,#1925);
#1643=LINE('',#3894,#1926);
#1644=LINE('',#3896,#1927);
#1645=LINE('',#3898,#1928);
#1646=LINE('',#3900,#1929);
#1647=LINE('',#3902,#1930);
#1648=LINE('',#3904,#1931);
#1649=LINE('',#3906,#1932);
#1650=LINE('',#3908,#1933);
#1651=LINE('',#3910,#1934);
#1652=LINE('',#3912,#1935);
#1653=LINE('',#3914,#1936);
#1654=LINE('',#3916,#1937);
#1655=LINE('',#3918,#1938);
#1656=LINE('',#3920,#1939);
#1657=LINE('',#3922,#1940);
#1658=LINE('',#3924,#1941);
#1659=LINE('',#3926,#1942);
#1660=LINE('',#3927,#1943);
#1661=LINE('',#3929,#1944);
#1662=LINE('',#3932,#1945);
#1663=LINE('',#3934,#1946);
#1664=LINE('',#3935,#1947);
#1665=LINE('',#3937,#1948);
#1666=LINE('',#3938,#1949);
#1667=LINE('',#3940,#1950);
#1668=LINE('',#3942,#1951);
#1669=LINE('',#3944,#1952);
#1670=LINE('',#3946,#1953);
#1671=LINE('',#3948,#1954);
#1672=LINE('',#3950,#1955);
#1673=LINE('',#3952,#1956);
#1674=LINE('',#3954,#1957);
#1675=LINE('',#3956,#1958);
#1676=LINE('',#3958,#1959);
#1677=LINE('',#3959,#1960);
#1678=LINE('',#3961,#1961);
#1679=LINE('',#3963,#1962);
#1680=LINE('',#3964,#1963);
#1681=LINE('',#3967,#1964);
#1682=LINE('',#3970,#1965);
#1683=LINE('',#3972,#1966);
#1684=LINE('',#3974,#1967);
#1685=LINE('',#3976,#1968);
#1686=LINE('',#3979,#1969);
#1687=LINE('',#3981,#1970);
#1688=LINE('',#3983,#1971);
#1689=LINE('',#3985,#1972);
#1690=LINE('',#3987,#1973);
#1691=LINE('',#3988,#1974);
#1692=LINE('',#3990,#1975);
#1693=LINE('',#3992,#1976);
#1694=LINE('',#3994,#1977);
#1695=LINE('',#3996,#1978);
#1696=LINE('',#3997,#1979);
#1697=LINE('',#3999,#1980);
#1698=LINE('',#4001,#1981);
#1699=LINE('',#4003,#1982);
#1700=LINE('',#4005,#1983);
#1701=LINE('',#4007,#1984);
#1702=LINE('',#4009,#1985);
#1703=LINE('',#4010,#1986);
#1704=LINE('',#4012,#1987);
#1705=LINE('',#4014,#1988);
#1706=LINE('',#4016,#1989);
#1707=LINE('',#4018,#1990);
#1708=LINE('',#4020,#1991);
#1709=LINE('',#4023,#1992);
#1710=LINE('',#4028,#1993);
#1711=LINE('',#4032,#1994);
#1712=LINE('',#4037,#1995);
#1713=LINE('',#4039,#1996);
#1714=LINE('',#4041,#1997);
#1715=LINE('',#4043,#1998);
#1716=LINE('',#4046,#1999);
#1717=LINE('',#4050,#2000);
#1718=LINE('',#4055,#2001);
#1719=LINE('',#4059,#2002);
#1720=LINE('',#4063,#2003);
#1721=LINE('',#4068,#2004);
#1722=LINE('',#4072,#2005);
#1723=LINE('',#4076,#2006);
#1724=LINE('',#4078,#2007);
#1725=LINE('',#4080,#2008);
#1726=LINE('',#4082,#2009);
#1727=LINE('',#4084,#2010);
#1728=LINE('',#4088,#2011);
#1729=LINE('',#4091,#2012);
#1730=LINE('',#4092,#2013);
#1731=LINE('',#4094,#2014);
#1732=LINE('',#4096,#2015);
#1733=LINE('',#4098,#2016);
#1734=LINE('',#4100,#2017);
#1735=LINE('',#4102,#2018);
#1736=LINE('',#4104,#2019);
#1737=LINE('',#4111,#2020);
#1738=LINE('',#4113,#2021);
#1739=LINE('',#4115,#2022);
#1740=LINE('',#4117,#2023);
#1741=LINE('',#4119,#2024);
#1742=LINE('',#4121,#2025);
#1743=LINE('',#4123,#2026);
#1744=LINE('',#4125,#2027);
#1745=LINE('',#4127,#2028);
#1746=LINE('',#4129,#2029);
#1747=LINE('',#4131,#2030);
#1748=LINE('',#4144,#2031);
#1749=LINE('',#4146,#2032);
#1750=LINE('',#4148,#2033);
#1751=LINE('',#4150,#2034);
#1752=LINE('',#4152,#2035);
#1753=LINE('',#4157,#2036);
#1754=LINE('',#4159,#2037);
#1755=LINE('',#4161,#2038);
#1756=LINE('',#4163,#2039);
#1757=LINE('',#4165,#2040);
#1758=LINE('',#4167,#2041);
#1759=LINE('',#4169,#2042);
#1760=LINE('',#4171,#2043);
#1761=LINE('',#4173,#2044);
#1762=LINE('',#4180,#2045);
#1763=LINE('',#4182,#2046);
#1764=LINE('',#4184,#2047);
#1765=LINE('',#4186,#2048);
#1766=LINE('',#4188,#2049);
#1767=LINE('',#4190,#2050);
#1768=LINE('',#4192,#2051);
#1769=LINE('',#4194,#2052);
#1770=LINE('',#4196,#2053);
#1771=LINE('',#4203,#2054);
#1772=LINE('',#4205,#2055);
#1773=LINE('',#4207,#2056);
#1774=LINE('',#4209,#2057);
#1775=LINE('',#4212,#2058);
#1776=LINE('',#4214,#2059);
#1777=LINE('',#4216,#2060);
#1778=LINE('',#4218,#2061);
#1779=LINE('',#4221,#2062);
#1780=LINE('',#4223,#2063);
#1781=LINE('',#4225,#2064);
#1782=LINE('',#4227,#2065);
#1783=LINE('',#4229,#2066);
#1784=LINE('',#4231,#2067);
#1785=LINE('',#4233,#2068);
#1786=LINE('',#4235,#2069);
#1787=LINE('',#4237,#2070);
#1788=LINE('',#4239,#2071);
#1789=LINE('',#4241,#2072);
#1790=LINE('',#4254,#2073);
#1791=LINE('',#4257,#2074);
#1792=LINE('',#4258,#2075);
#1793=LINE('',#4260,#2076);
#1794=LINE('',#4262,#2077);
#1795=LINE('',#4267,#2078);
#1796=LINE('',#4269,#2079);
#1797=LINE('',#4271,#2080);
#1798=LINE('',#4273,#2081);
#1799=LINE('',#4276,#2082);
#1800=LINE('',#4277,#2083);
#1801=LINE('',#4279,#2084);
#1802=LINE('',#4281,#2085);
#1803=LINE('',#4283,#2086);
#1804=LINE('',#4290,#2087);
#1805=LINE('',#4292,#2088);
#1806=LINE('',#4303,#2089);
#1807=LINE('',#4305,#2090);
#1808=LINE('',#4307,#2091);
#1809=LINE('',#4310,#2092);
#1810=LINE('',#4312,#2093);
#1811=LINE('',#4323,#2094);
#1812=LINE('',#4325,#2095);
#1813=LINE('',#4327,#2096);
#1814=LINE('',#4368,#2097);
#1815=LINE('',#4369,#2098);
#1816=LINE('',#4371,#2099);
#1817=LINE('',#4373,#2100);
#1818=LINE('',#4375,#2101);
#1819=LINE('',#4377,#2102);
#1820=LINE('',#4379,#2103);
#1821=LINE('',#4381,#2104);
#1822=LINE('',#4383,#2105);
#1823=LINE('',#4385,#2106);
#1824=LINE('',#4387,#2107);
#1825=LINE('',#4389,#2108);
#1826=LINE('',#4391,#2109);
#1827=LINE('',#4393,#2110);
#1828=LINE('',#4395,#2111);
#1829=LINE('',#4397,#2112);
#1830=VECTOR('',#2890,1.);
#1831=VECTOR('',#2893,1.);
#1832=VECTOR('',#2896,1.);
#1833=VECTOR('',#2899,1.);
#1834=VECTOR('',#2902,1.);
#1835=VECTOR('',#2905,1.);
#1836=VECTOR('',#2908,1.);
#1837=VECTOR('',#2911,1.);
#1838=VECTOR('',#2914,1.);
#1839=VECTOR('',#2915,1.);
#1840=VECTOR('',#2916,1.);
#1841=VECTOR('',#2917,1.);
#1842=VECTOR('',#2918,1.);
#1843=VECTOR('',#2919,1.);
#1844=VECTOR('',#2920,1.);
#1845=VECTOR('',#2921,1.);
#1846=VECTOR('',#2922,1.);
#1847=VECTOR('',#2923,1.);
#1848=VECTOR('',#2924,1.);
#1849=VECTOR('',#2925,1.);
#1850=VECTOR('',#2926,1.);
#1851=VECTOR('',#2927,1.);
#1852=VECTOR('',#2928,1.);
#1853=VECTOR('',#2929,1.);
#1854=VECTOR('',#2930,1.);
#1855=VECTOR('',#2931,1.);
#1856=VECTOR('',#2932,1.);
#1857=VECTOR('',#2933,1.);
#1858=VECTOR('',#2938,1.);
#1859=VECTOR('',#2941,1.);
#1860=VECTOR('',#2944,1.);
#1861=VECTOR('',#2947,1.);
#1862=VECTOR('',#2950,1.);
#1863=VECTOR('',#2953,1.);
#1864=VECTOR('',#2956,1.);
#1865=VECTOR('',#2959,1.);
#1866=VECTOR('',#2960,1.);
#1867=VECTOR('',#2961,1.);
#1868=VECTOR('',#2962,1.);
#1869=VECTOR('',#2963,1.);
#1870=VECTOR('',#2966,1.);
#1871=VECTOR('',#2967,1.);
#1872=VECTOR('',#2968,1.);
#1873=VECTOR('',#2969,1.);
#1874=VECTOR('',#2972,1.);
#1875=VECTOR('',#2973,1.);
#1876=VECTOR('',#2974,1.);
#1877=VECTOR('',#2975,1.);
#1878=VECTOR('',#2976,1.);
#1879=VECTOR('',#2977,1.);
#1880=VECTOR('',#2980,1.);
#1881=VECTOR('',#2983,1.);
#1882=VECTOR('',#2988,1.);
#1883=VECTOR('',#2991,1.);
#1884=VECTOR('',#2994,1.);
#1885=VECTOR('',#2999,1.);
#1886=VECTOR('',#3002,1.);
#1887=VECTOR('',#3005,1.);
#1888=VECTOR('',#3006,1.);
#1889=VECTOR('',#3007,1.);
#1890=VECTOR('',#3008,1.);
#1891=VECTOR('',#3009,1.);
#1892=VECTOR('',#3012,1.);
#1893=VECTOR('',#3015,1.);
#1894=VECTOR('',#3018,1.);
#1895=VECTOR('',#3021,1.);
#1896=VECTOR('',#3024,1.);
#1897=VECTOR('',#3025,1.);
#1898=VECTOR('',#3026,1.);
#1899=VECTOR('',#3027,1.);
#1900=VECTOR('',#3028,1.);
#1901=VECTOR('',#3029,1.);
#1902=VECTOR('',#3030,1.);
#1903=VECTOR('',#3033,1.);
#1904=VECTOR('',#3034,1.);
#1905=VECTOR('',#3035,1.);
#1906=VECTOR('',#3036,1.);
#1907=VECTOR('',#3039,1.);
#1908=VECTOR('',#3040,1.);
#1909=VECTOR('',#3041,1.);
#1910=VECTOR('',#3042,1.);
#1911=VECTOR('',#3045,1.);
#1912=VECTOR('',#3046,1.);
#1913=VECTOR('',#3047,1.);
#1914=VECTOR('',#3048,1.);
#1915=VECTOR('',#3049,1.);
#1916=VECTOR('',#3052,1.);
#1917=VECTOR('',#3053,1.);
#1918=VECTOR('',#3054,1.);
#1919=VECTOR('',#3057,1.);
#1920=VECTOR('',#3058,1.);
#1921=VECTOR('',#3059,1.);
#1922=VECTOR('',#3060,1.);
#1923=VECTOR('',#3061,1.);
#1924=VECTOR('',#3062,1.);
#1925=VECTOR('',#3063,1.);
#1926=VECTOR('',#3064,1.);
#1927=VECTOR('',#3065,1.);
#1928=VECTOR('',#3066,1.);
#1929=VECTOR('',#3067,1.);
#1930=VECTOR('',#3070,1.);
#1931=VECTOR('',#3071,1.);
#1932=VECTOR('',#3072,1.);
#1933=VECTOR('',#3073,1.);
#1934=VECTOR('',#3074,1.);
#1935=VECTOR('',#3075,1.);
#1936=VECTOR('',#3076,1.);
#1937=VECTOR('',#3077,1.);
#1938=VECTOR('',#3078,1.);
#1939=VECTOR('',#3081,1.);
#1940=VECTOR('',#3082,1.);
#1941=VECTOR('',#3083,1.);
#1942=VECTOR('',#3086,1.);
#1943=VECTOR('',#3087,1.);
#1944=VECTOR('',#3090,1.);
#1945=VECTOR('',#3091,1.);
#1946=VECTOR('',#3092,1.);
#1947=VECTOR('',#3093,1.);
#1948=VECTOR('',#3094,1.);
#1949=VECTOR('',#3095,1.);
#1950=VECTOR('',#3096,1.);
#1951=VECTOR('',#3097,1.);
#1952=VECTOR('',#3098,1.);
#1953=VECTOR('',#3099,1.);
#1954=VECTOR('',#3102,1.);
#1955=VECTOR('',#3103,1.);
#1956=VECTOR('',#3104,1.);
#1957=VECTOR('',#3107,1.);
#1958=VECTOR('',#3108,1.);
#1959=VECTOR('',#3111,1.);
#1960=VECTOR('',#3112,1.);
#1961=VECTOR('',#3115,1.);
#1962=VECTOR('',#3118,1.);
#1963=VECTOR('',#3119,1.);
#1964=VECTOR('',#3124,1.);
#1965=VECTOR('',#3125,1.);
#1966=VECTOR('',#3126,1.);
#1967=VECTOR('',#3127,1.);
#1968=VECTOR('',#3130,1.);
#1969=VECTOR('',#3131,1.);
#1970=VECTOR('',#3132,1.);
#1971=VECTOR('',#3133,1.);
#1972=VECTOR('',#3136,1.);
#1973=VECTOR('',#3137,1.);
#1974=VECTOR('',#3138,1.);
#1975=VECTOR('',#3141,1.);
#1976=VECTOR('',#3142,1.);
#1977=VECTOR('',#3145,1.);
#1978=VECTOR('',#3148,1.);
#1979=VECTOR('',#3149,1.);
#1980=VECTOR('',#3152,1.);
#1981=VECTOR('',#3155,1.);
#1982=VECTOR('',#3156,1.);
#1983=VECTOR('',#3159,1.);
#1984=VECTOR('',#3162,1.);
#1985=VECTOR('',#3165,1.);
#1986=VECTOR('',#3166,1.);
#1987=VECTOR('',#3169,1.);
#1988=VECTOR('',#3172,1.);
#1989=VECTOR('',#3175,1.);
#1990=VECTOR('',#3178,1.);
#1991=VECTOR('',#3181,1.);
#1992=VECTOR('',#3186,1.);
#1993=VECTOR('',#3189,1.);
#1994=VECTOR('',#3192,1.);
#1995=VECTOR('',#3197,1.);
#1996=VECTOR('',#3198,1.);
#1997=VECTOR('',#3199,1.);
#1998=VECTOR('',#3200,1.);
#1999=VECTOR('',#3203,1.);
#2000=VECTOR('',#3206,1.);
#2001=VECTOR('',#3211,1.);
#2002=VECTOR('',#3214,1.);
#2003=VECTOR('',#3217,1.);
#2004=VECTOR('',#3222,1.);
#2005=VECTOR('',#3225,1.);
#2006=VECTOR('',#3232,1.);
#2007=VECTOR('',#3233,1.);
#2008=VECTOR('',#3236,1.);
#2009=VECTOR('',#3237,1.);
#2010=VECTOR('',#3240,1.);
#2011=VECTOR('',#3247,1.);
#2012=VECTOR('',#3248,1.);
#2013=VECTOR('',#3249,1.);
#2014=VECTOR('',#3252,1.);
#2015=VECTOR('',#3253,1.);
#2016=VECTOR('',#3254,1.);
#2017=VECTOR('',#3257,1.);
#2018=VECTOR('',#3258,1.);
#2019=VECTOR('',#3259,1.);
#2020=VECTOR('',#3272,1.);
#2021=VECTOR('',#3273,1.);
#2022=VECTOR('',#3274,1.);
#2023=VECTOR('',#3277,1.);
#2024=VECTOR('',#3278,1.);
#2025=VECTOR('',#3279,1.);
#2026=VECTOR('',#3280,1.);
#2027=VECTOR('',#3281,1.);
#2028=VECTOR('',#3284,1.);
#2029=VECTOR('',#3285,1.);
#2030=VECTOR('',#3286,1.);
#2031=VECTOR('',#3309,1.);
#2032=VECTOR('',#3310,1.);
#2033=VECTOR('',#3311,1.);
#2034=VECTOR('',#3314,1.);
#2035=VECTOR('',#3315,1.);
#2036=VECTOR('',#3324,1.);
#2037=VECTOR('',#3325,1.);
#2038=VECTOR('',#3326,1.);
#2039=VECTOR('',#3329,1.);
#2040=VECTOR('',#3330,1.);
#2041=VECTOR('',#3331,1.);
#2042=VECTOR('',#3334,1.);
#2043=VECTOR('',#3335,1.);
#2044=VECTOR('',#3336,1.);
#2045=VECTOR('',#3349,1.);
#2046=VECTOR('',#3350,1.);
#2047=VECTOR('',#3351,1.);
#2048=VECTOR('',#3354,1.);
#2049=VECTOR('',#3355,1.);
#2050=VECTOR('',#3356,1.);
#2051=VECTOR('',#3359,1.);
#2052=VECTOR('',#3360,1.);
#2053=VECTOR('',#3361,1.);
#2054=VECTOR('',#3374,1.);
#2055=VECTOR('',#3375,1.);
#2056=VECTOR('',#3376,1.);
#2057=VECTOR('',#3379,1.);
#2058=VECTOR('',#3380,1.);
#2059=VECTOR('',#3381,1.);
#2060=VECTOR('',#3382,1.);
#2061=VECTOR('',#3385,1.);
#2062=VECTOR('',#3386,1.);
#2063=VECTOR('',#3387,1.);
#2064=VECTOR('',#3388,1.);
#2065=VECTOR('',#3391,1.);
#2066=VECTOR('',#3392,1.);
#2067=VECTOR('',#3393,1.);
#2068=VECTOR('',#3394,1.);
#2069=VECTOR('',#3395,1.);
#2070=VECTOR('',#3398,1.);
#2071=VECTOR('',#3399,1.);
#2072=VECTOR('',#3400,1.);
#2073=VECTOR('',#3423,1.);
#2074=VECTOR('',#3424,1.);
#2075=VECTOR('',#3425,1.);
#2076=VECTOR('',#3428,1.);
#2077=VECTOR('',#3429,1.);
#2078=VECTOR('',#3438,1.);
#2079=VECTOR('',#3439,1.);
#2080=VECTOR('',#3440,1.);
#2081=VECTOR('',#3443,1.);
#2082=VECTOR('',#3444,1.);
#2083=VECTOR('',#3445,1.);
#2084=VECTOR('',#3448,1.);
#2085=VECTOR('',#3449,1.);
#2086=VECTOR('',#3450,1.);
#2087=VECTOR('',#3463,1.);
#2088=VECTOR('',#3464,1.);
#2089=VECTOR('',#3479,1.);
#2090=VECTOR('',#3480,1.);
#2091=VECTOR('',#3483,1.);
#2092=VECTOR('',#3488,1.);
#2093=VECTOR('',#3489,1.);
#2094=VECTOR('',#3504,1.);
#2095=VECTOR('',#3505,1.);
#2096=VECTOR('',#3508,1.);
#2097=VECTOR('',#3589,1.);
#2098=VECTOR('',#3590,1.);
#2099=VECTOR('',#3593,1.);
#2100=VECTOR('',#3596,1.);
#2101=VECTOR('',#3599,1.);
#2102=VECTOR('',#3602,1.);
#2103=VECTOR('',#3605,1.);
#2104=VECTOR('',#3608,1.);
#2105=VECTOR('',#3611,1.);
#2106=VECTOR('',#3614,1.);
#2107=VECTOR('',#3617,1.);
#2108=VECTOR('',#3620,1.);
#2109=VECTOR('',#3623,1.);
#2110=VECTOR('',#3626,1.);
#2111=VECTOR('',#3629,1.);
#2112=VECTOR('',#3632,1.);
#2113=EDGE_LOOP('',(#162,#163,#164,#165,#166,#167,#168,#169,#170,#171,#172,
#173,#174,#175,#176,#177));
#2114=EDGE_LOOP('',(#178,#179,#180,#181,#182,#183,#184,#185,#186,#187,#188,
#189,#190,#191,#192,#193,#194,#195,#196,#197));
#2115=EDGE_LOOP('',(#198,#199,#200,#201,#202,#203,#204,#205,#206,#207,#208,
#209,#210,#211,#212,#213));
#2116=EDGE_LOOP('',(#214,#215,#216,#217));
#2117=EDGE_LOOP('',(#218,#219,#220,#221));
#2118=EDGE_LOOP('',(#222,#223,#224,#225,#226,#227));
#2119=EDGE_LOOP('',(#228,#229,#230,#231,#232,#233,#234,#235,#236,#237,#238,
#239,#240,#241,#242,#243,#244,#245,#246,#247,#248,#249,#250,#251,#252,#253,
#254,#255,#256,#257,#258,#259,#260,#261,#262,#263,#264,#265,#266));
#2120=EDGE_LOOP('',(#267,#268,#269,#270));
#2121=EDGE_LOOP('',(#271,#272,#273,#274));
#2122=EDGE_LOOP('',(#275,#276,#277,#278,#279,#280));
#2123=EDGE_LOOP('',(#281,#282,#283,#284));
#2124=EDGE_LOOP('',(#285,#286,#287,#288,#289,#290,#291,#292,#293,#294,#295,
#296));
#2125=EDGE_LOOP('',(#297,#298,#299,#300,#301,#302,#303,#304,#305,#306));
#2126=EDGE_LOOP('',(#307,#308,#309,#310));
#2127=EDGE_LOOP('',(#311,#312,#313,#314));
#2128=EDGE_LOOP('',(#315,#316,#317,#318,#319,#320,#321,#322,#323,#324,#325,
#326));
#2129=EDGE_LOOP('',(#327,#328,#329,#330));
#2130=EDGE_LOOP('',(#331,#332,#333));
#2131=EDGE_LOOP('',(#334,#335,#336,#337));
#2132=EDGE_LOOP('',(#338,#339,#340,#341));
#2133=EDGE_LOOP('',(#342,#343,#344,#345));
#2134=EDGE_LOOP('',(#346,#347,#348));
#2135=EDGE_LOOP('',(#349,#350,#351,#352));
#2136=EDGE_LOOP('',(#353,#354,#355,#356));
#2137=EDGE_LOOP('',(#357,#358,#359,#360));
#2138=EDGE_LOOP('',(#361,#362,#363,#364));
#2139=EDGE_LOOP('',(#365,#366,#367,#368));
#2140=EDGE_LOOP('',(#369,#370,#371));
#2141=EDGE_LOOP('',(#372,#373,#374,#375));
#2142=EDGE_LOOP('',(#376,#377,#378,#379));
#2143=EDGE_LOOP('',(#380,#381,#382,#383));
#2144=EDGE_LOOP('',(#384,#385,#386,#387));
#2145=EDGE_LOOP('',(#388,#389,#390));
#2146=EDGE_LOOP('',(#391,#392,#393));
#2147=EDGE_LOOP('',(#394,#395,#396,#397));
#2148=EDGE_LOOP('',(#398,#399,#400,#401));
#2149=EDGE_LOOP('',(#402,#403,#404,#405));
#2150=EDGE_LOOP('',(#406,#407,#408));
#2151=EDGE_LOOP('',(#409,#410,#411,#412));
#2152=EDGE_LOOP('',(#413,#414,#415,#416,#417,#418,#419,#420,#421,#422,#423,
#424,#425,#426,#427,#428,#429,#430,#431,#432,#433,#434,#435,#436,#437,#438,
#439,#440,#441,#442,#443,#444,#445,#446,#447,#448,#449,#450,#451));
#2153=EDGE_LOOP('',(#452,#453,#454,#455,#456));
#2154=EDGE_LOOP('',(#457,#458,#459,#460));
#2155=EDGE_LOOP('',(#461,#462,#463,#464));
#2156=EDGE_LOOP('',(#465,#466,#467,#468,#469));
#2157=EDGE_LOOP('',(#470,#471,#472,#473));
#2158=EDGE_LOOP('',(#474,#475,#476,#477));
#2159=EDGE_LOOP('',(#478,#479,#480,#481));
#2160=EDGE_LOOP('',(#482,#483,#484,#485,#486,#487,#488,#489));
#2161=EDGE_LOOP('',(#490,#491,#492,#493));
#2162=EDGE_LOOP('',(#494,#495,#496,#497,#498,#499));
#2163=EDGE_LOOP('',(#500,#501,#502,#503));
#2164=EDGE_LOOP('',(#504));
#2165=EDGE_LOOP('',(#505,#506,#507,#508,#509,#510,#511,#512,#513,#514,#515,
#516,#517,#518,#519,#520,#521,#522,#523));
#2166=EDGE_LOOP('',(#524,#525,#526,#527));
#2167=EDGE_LOOP('',(#528,#529,#530,#531));
#2168=EDGE_LOOP('',(#532,#533,#534,#535,#536,#537,#538));
#2169=EDGE_LOOP('',(#539,#540,#541,#542));
#2170=EDGE_LOOP('',(#543,#544,#545,#546));
#2171=EDGE_LOOP('',(#547,#548,#549,#550));
#2172=EDGE_LOOP('',(#551,#552,#553,#554,#555,#556,#557,#558));
#2173=EDGE_LOOP('',(#559,#560,#561,#562));
#2174=EDGE_LOOP('',(#563,#564,#565,#566));
#2175=EDGE_LOOP('',(#567,#568,#569,#570));
#2176=EDGE_LOOP('',(#571,#572,#573,#574,#575,#576,#577,#578));
#2177=EDGE_LOOP('',(#579,#580,#581,#582));
#2178=EDGE_LOOP('',(#583,#584,#585,#586));
#2179=EDGE_LOOP('',(#587,#588,#589,#590));
#2180=EDGE_LOOP('',(#591,#592,#593,#594,#595,#596));
#2181=EDGE_LOOP('',(#597,#598,#599,#600));
#2182=EDGE_LOOP('',(#601));
#2183=EDGE_LOOP('',(#602,#603,#604,#605,#606,#607,#608,#609,#610,#611,#612,
#613,#614,#615,#616,#617,#618,#619,#620));
#2184=EDGE_LOOP('',(#621,#622,#623,#624));
#2185=EDGE_LOOP('',(#625,#626,#627,#628));
#2186=EDGE_LOOP('',(#629,#630,#631,#632,#633,#634,#635));
#2187=EDGE_LOOP('',(#636,#637,#638,#639));
#2188=EDGE_LOOP('',(#640,#641,#642,#643));
#2189=EDGE_LOOP('',(#644,#645,#646,#647));
#2190=EDGE_LOOP('',(#648,#649,#650,#651,#652,#653,#654,#655));
#2191=EDGE_LOOP('',(#656,#657,#658,#659));
#2192=EDGE_LOOP('',(#660));
#2193=EDGE_LOOP('',(#661));
#2194=EDGE_LOOP('',(#662));
#2195=EDGE_LOOP('',(#663,#664,#665,#666,#667,#668,#669,#670,#671,#672));
#2196=EDGE_LOOP('',(#673,#674,#675,#676));
#2197=EDGE_LOOP('',(#677,#678,#679,#680));
#2198=EDGE_LOOP('',(#681,#682,#683,#684));
#2199=EDGE_LOOP('',(#685));
#2200=EDGE_LOOP('',(#686));
#2201=EDGE_LOOP('',(#687));
#2202=EDGE_LOOP('',(#688,#689,#690,#691,#692,#693,#694,#695,#696,#697));
#2203=EDGE_LOOP('',(#698,#699,#700,#701));
#2204=EDGE_LOOP('',(#702,#703,#704,#705));
#2205=EDGE_LOOP('',(#706));
#2206=EDGE_LOOP('',(#707));
#2207=EDGE_LOOP('',(#708));
#2208=EDGE_LOOP('',(#709));
#2209=EDGE_LOOP('',(#710,#711,#712,#713));
#2210=EDGE_LOOP('',(#714));
#2211=EDGE_LOOP('',(#715));
#2212=EDGE_LOOP('',(#716));
#2213=EDGE_LOOP('',(#717));
#2214=EDGE_LOOP('',(#718,#719,#720,#721,#722));
#2215=EDGE_LOOP('',(#723,#724,#725,#726,#727));
#2216=EDGE_LOOP('',(#728,#729,#730,#731));
#2217=EDGE_LOOP('',(#732,#733,#734,#735));
#2218=EDGE_LOOP('',(#736,#737,#738,#739));
#2219=EDGE_LOOP('',(#740,#741,#742,#743));
#2220=EDGE_LOOP('',(#744,#745,#746,#747));
#2221=EDGE_LOOP('',(#748,#749,#750,#751));
#2222=EDGE_LOOP('',(#752,#753,#754,#755));
#2223=EDGE_LOOP('',(#756,#757,#758,#759));
#2224=EDGE_LOOP('',(#760,#761,#762,#763));
#2225=EDGE_LOOP('',(#764,#765,#766,#767));
#2226=EDGE_LOOP('',(#768,#769,#770,#771));
#2227=EDGE_LOOP('',(#772,#773,#774,#775));
#2228=EDGE_LOOP('',(#776,#777,#778,#779));
#2229=EDGE_LOOP('',(#780,#781,#782,#783));
#2230=EDGE_LOOP('',(#784,#785,#786,#787));
#2231=EDGE_LOOP('',(#788,#789,#790,#791));
#2232=EDGE_LOOP('',(#792,#793,#794,#795));
#2233=EDGE_LOOP('',(#796,#797,#798,#799));
#2234=EDGE_LOOP('',(#800,#801,#802,#803));
#2235=EDGE_LOOP('',(#804,#805,#806,#807));
#2236=EDGE_LOOP('',(#808,#809,#810,#811));
#2237=EDGE_LOOP('',(#812,#813,#814,#815));
#2238=EDGE_LOOP('',(#816,#817,#818,#819));
#2239=EDGE_LOOP('',(#820,#821,#822,#823));
#2240=EDGE_LOOP('',(#824,#825,#826,#827));
#2241=EDGE_LOOP('',(#828,#829,#830,#831));
#2242=EDGE_LOOP('',(#832,#833,#834,#835));
#2243=EDGE_LOOP('',(#836,#837,#838,#839));
#2244=EDGE_LOOP('',(#840,#841,#842,#843));
#2245=EDGE_LOOP('',(#844,#845,#846,#847));
#2246=EDGE_LOOP('',(#848,#849,#850,#851));
#2247=EDGE_LOOP('',(#852,#853,#854,#855));
#2248=EDGE_LOOP('',(#856,#857,#858,#859));
#2249=EDGE_LOOP('',(#860,#861,#862,#863));
#2250=EDGE_LOOP('',(#864,#865,#866,#867));
#2251=EDGE_LOOP('',(#868,#869,#870,#871));
#2252=EDGE_LOOP('',(#872,#873,#874,#875));
#2253=EDGE_LOOP('',(#876,#877,#878,#879));
#2254=EDGE_LOOP('',(#880,#881,#882,#883));
#2255=EDGE_LOOP('',(#884,#885,#886,#887));
#2256=EDGE_LOOP('',(#888,#889,#890,#891));
#2257=EDGE_LOOP('',(#892,#893,#894,#895));
#2258=EDGE_LOOP('',(#896,#897,#898,#899));
#2259=EDGE_LOOP('',(#900,#901,#902,#903));
#2260=EDGE_LOOP('',(#904,#905,#906,#907));
#2261=EDGE_LOOP('',(#908,#909,#910,#911));
#2262=EDGE_LOOP('',(#912,#913,#914,#915));
#2263=EDGE_LOOP('',(#916,#917,#918,#919));
#2264=FACE_BOUND('',#2113,.T.);
#2265=FACE_BOUND('',#2114,.T.);
#2266=FACE_BOUND('',#2115,.T.);
#2267=FACE_BOUND('',#2116,.T.);
#2268=FACE_BOUND('',#2117,.T.);
#2269=FACE_BOUND('',#2118,.T.);
#2270=FACE_BOUND('',#2119,.T.);
#2271=FACE_BOUND('',#2120,.T.);
#2272=FACE_BOUND('',#2121,.T.);
#2273=FACE_BOUND('',#2122,.T.);
#2274=FACE_BOUND('',#2123,.T.);
#2275=FACE_BOUND('',#2124,.T.);
#2276=FACE_BOUND('',#2125,.T.);
#2277=FACE_BOUND('',#2126,.T.);
#2278=FACE_BOUND('',#2127,.T.);
#2279=FACE_BOUND('',#2128,.T.);
#2280=FACE_BOUND('',#2129,.T.);
#2281=FACE_BOUND('',#2130,.T.);
#2282=FACE_BOUND('',#2131,.T.);
#2283=FACE_BOUND('',#2132,.T.);
#2284=FACE_BOUND('',#2133,.T.);
#2285=FACE_BOUND('',#2134,.T.);
#2286=FACE_BOUND('',#2135,.T.);
#2287=FACE_BOUND('',#2136,.T.);
#2288=FACE_BOUND('',#2137,.T.);
#2289=FACE_BOUND('',#2138,.T.);
#2290=FACE_BOUND('',#2139,.T.);
#2291=FACE_BOUND('',#2140,.T.);
#2292=FACE_BOUND('',#2141,.T.);
#2293=FACE_BOUND('',#2142,.T.);
#2294=FACE_BOUND('',#2143,.T.);
#2295=FACE_BOUND('',#2144,.T.);
#2296=FACE_BOUND('',#2145,.T.);
#2297=FACE_BOUND('',#2146,.T.);
#2298=FACE_BOUND('',#2147,.T.);
#2299=FACE_BOUND('',#2148,.T.);
#2300=FACE_BOUND('',#2149,.T.);
#2301=FACE_BOUND('',#2150,.T.);
#2302=FACE_BOUND('',#2151,.T.);
#2303=FACE_BOUND('',#2152,.T.);
#2304=FACE_BOUND('',#2153,.T.);
#2305=FACE_BOUND('',#2154,.T.);
#2306=FACE_BOUND('',#2155,.T.);
#2307=FACE_BOUND('',#2156,.T.);
#2308=FACE_BOUND('',#2157,.T.);
#2309=FACE_BOUND('',#2158,.T.);
#2310=FACE_BOUND('',#2159,.T.);
#2311=FACE_BOUND('',#2160,.T.);
#2312=FACE_BOUND('',#2161,.T.);
#2313=FACE_BOUND('',#2162,.T.);
#2314=FACE_BOUND('',#2163,.T.);
#2315=FACE_BOUND('',#2164,.T.);
#2316=FACE_BOUND('',#2165,.T.);
#2317=FACE_BOUND('',#2166,.T.);
#2318=FACE_BOUND('',#2167,.T.);
#2319=FACE_BOUND('',#2168,.T.);
#2320=FACE_BOUND('',#2169,.T.);
#2321=FACE_BOUND('',#2170,.T.);
#2322=FACE_BOUND('',#2171,.T.);
#2323=FACE_BOUND('',#2172,.T.);
#2324=FACE_BOUND('',#2173,.T.);
#2325=FACE_BOUND('',#2174,.T.);
#2326=FACE_BOUND('',#2175,.T.);
#2327=FACE_BOUND('',#2176,.T.);
#2328=FACE_BOUND('',#2177,.T.);
#2329=FACE_BOUND('',#2178,.T.);
#2330=FACE_BOUND('',#2179,.T.);
#2331=FACE_BOUND('',#2180,.T.);
#2332=FACE_BOUND('',#2181,.T.);
#2333=FACE_BOUND('',#2182,.T.);
#2334=FACE_BOUND('',#2183,.T.);
#2335=FACE_BOUND('',#2184,.T.);
#2336=FACE_BOUND('',#2185,.T.);
#2337=FACE_BOUND('',#2186,.T.);
#2338=FACE_BOUND('',#2187,.T.);
#2339=FACE_BOUND('',#2188,.T.);
#2340=FACE_BOUND('',#2189,.T.);
#2341=FACE_BOUND('',#2190,.T.);
#2342=FACE_BOUND('',#2191,.T.);
#2343=FACE_BOUND('',#2192,.T.);
#2344=FACE_BOUND('',#2193,.T.);
#2345=FACE_BOUND('',#2194,.T.);
#2346=FACE_BOUND('',#2195,.T.);
#2347=FACE_BOUND('',#2196,.T.);
#2348=FACE_BOUND('',#2197,.T.);
#2349=FACE_BOUND('',#2198,.T.);
#2350=FACE_BOUND('',#2199,.T.);
#2351=FACE_BOUND('',#2200,.T.);
#2352=FACE_BOUND('',#2201,.T.);
#2353=FACE_BOUND('',#2202,.T.);
#2354=FACE_BOUND('',#2203,.T.);
#2355=FACE_BOUND('',#2204,.T.);
#2356=FACE_BOUND('',#2205,.T.);
#2357=FACE_BOUND('',#2206,.T.);
#2358=FACE_BOUND('',#2207,.T.);
#2359=FACE_BOUND('',#2208,.T.);
#2360=FACE_BOUND('',#2209,.T.);
#2361=FACE_BOUND('',#2210,.T.);
#2362=FACE_BOUND('',#2211,.T.);
#2363=FACE_BOUND('',#2212,.T.);
#2364=FACE_BOUND('',#2213,.T.);
#2365=FACE_BOUND('',#2214,.T.);
#2366=FACE_BOUND('',#2215,.T.);
#2367=FACE_BOUND('',#2216,.T.);
#2368=FACE_BOUND('',#2217,.T.);
#2369=FACE_BOUND('',#2218,.T.);
#2370=FACE_BOUND('',#2219,.T.);
#2371=FACE_BOUND('',#2220,.T.);
#2372=FACE_BOUND('',#2221,.T.);
#2373=FACE_BOUND('',#2222,.T.);
#2374=FACE_BOUND('',#2223,.T.);
#2375=FACE_BOUND('',#2224,.T.);
#2376=FACE_BOUND('',#2225,.T.);
#2377=FACE_BOUND('',#2226,.T.);
#2378=FACE_BOUND('',#2227,.T.);
#2379=FACE_BOUND('',#2228,.T.);
#2380=FACE_BOUND('',#2229,.T.);
#2381=FACE_BOUND('',#2230,.T.);
#2382=FACE_BOUND('',#2231,.T.);
#2383=FACE_BOUND('',#2232,.T.);
#2384=FACE_BOUND('',#2233,.T.);
#2385=FACE_BOUND('',#2234,.T.);
#2386=FACE_BOUND('',#2235,.T.);
#2387=FACE_BOUND('',#2236,.T.);
#2388=FACE_BOUND('',#2237,.T.);
#2389=FACE_BOUND('',#2238,.T.);
#2390=FACE_BOUND('',#2239,.T.);
#2391=FACE_BOUND('',#2240,.T.);
#2392=FACE_BOUND('',#2241,.T.);
#2393=FACE_BOUND('',#2242,.T.);
#2394=FACE_BOUND('',#2243,.T.);
#2395=FACE_BOUND('',#2244,.T.);
#2396=FACE_BOUND('',#2245,.T.);
#2397=FACE_BOUND('',#2246,.T.);
#2398=FACE_BOUND('',#2247,.T.);
#2399=FACE_BOUND('',#2248,.T.);
#2400=FACE_BOUND('',#2249,.T.);
#2401=FACE_BOUND('',#2250,.T.);
#2402=FACE_BOUND('',#2251,.T.);
#2403=FACE_BOUND('',#2252,.T.);
#2404=FACE_BOUND('',#2253,.T.);
#2405=FACE_BOUND('',#2254,.T.);
#2406=FACE_BOUND('',#2255,.T.);
#2407=FACE_BOUND('',#2256,.T.);
#2408=FACE_BOUND('',#2257,.T.);
#2409=FACE_BOUND('',#2258,.T.);
#2410=FACE_BOUND('',#2259,.T.);
#2411=FACE_BOUND('',#2260,.T.);
#2412=FACE_BOUND('',#2261,.T.);
#2413=FACE_BOUND('',#2262,.T.);
#2414=FACE_BOUND('',#2263,.T.);
#2415=PLANE('',#2654);
#2416=PLANE('',#2663);
#2417=PLANE('',#2672);
#2418=PLANE('',#2673);
#2419=PLANE('',#2674);
#2420=PLANE('',#2689);
#2421=PLANE('',#2690);
#2422=PLANE('',#2691);
#2423=PLANE('',#2692);
#2424=PLANE('',#2693);
#2425=PLANE('',#2694);
#2426=PLANE('',#2695);
#2427=PLANE('',#2696);
#2428=PLANE('',#2697);
#2429=PLANE('',#2698);
#2430=PLANE('',#2699);
#2431=PLANE('',#2700);
#2432=PLANE('',#2701);
#2433=PLANE('',#2702);
#2434=PLANE('',#2703);
#2435=PLANE('',#2704);
#2436=PLANE('',#2705);
#2437=PLANE('',#2706);
#2438=PLANE('',#2707);
#2439=PLANE('',#2708);
#2440=PLANE('',#2709);
#2441=PLANE('',#2710);
#2442=PLANE('',#2711);
#2443=PLANE('',#2712);
#2444=PLANE('',#2713);
#2445=PLANE('',#2714);
#2446=PLANE('',#2715);
#2447=PLANE('',#2716);
#2448=PLANE('',#2717);
#2449=PLANE('',#2718);
#2450=PLANE('',#2719);
#2451=PLANE('',#2720);
#2452=PLANE('',#2721);
#2453=PLANE('',#2736);
#2454=PLANE('',#2738);
#2455=PLANE('',#2739);
#2456=PLANE('',#2740);
#2457=PLANE('',#2742);
#2458=PLANE('',#2743);
#2459=PLANE('',#2744);
#2460=PLANE('',#2745);
#2461=PLANE('',#2750);
#2462=PLANE('',#2751);
#2463=PLANE('',#2752);
#2464=PLANE('',#2753);
#2465=PLANE('',#2763);
#2466=PLANE('',#2764);
#2467=PLANE('',#2765);
#2468=PLANE('',#2768);
#2469=PLANE('',#2769);
#2470=PLANE('',#2770);
#2471=PLANE('',#2771);
#2472=PLANE('',#2776);
#2473=PLANE('',#2777);
#2474=PLANE('',#2778);
#2475=PLANE('',#2779);
#2476=PLANE('',#2784);
#2477=PLANE('',#2785);
#2478=PLANE('',#2786);
#2479=PLANE('',#2787);
#2480=PLANE('',#2788);
#2481=PLANE('',#2789);
#2482=PLANE('',#2799);
#2483=PLANE('',#2800);
#2484=PLANE('',#2801);
#2485=PLANE('',#2804);
#2486=PLANE('',#2805);
#2487=PLANE('',#2806);
#2488=PLANE('',#2807);
#2489=PLANE('',#2812);
#2490=PLANE('',#2813);
#2491=PLANE('',#2820);
#2492=PLANE('',#2821);
#2493=PLANE('',#2822);
#2494=PLANE('',#2823);
#2495=PLANE('',#2830);
#2496=PLANE('',#2831);
#2497=PLANE('',#2871);
#2498=PLANE('',#2873);
#2499=PLANE('',#2875);
#2500=PLANE('',#2877);
#2501=PLANE('',#2879);
#2502=PLANE('',#2881);
#2503=PLANE('',#2883);
#2504=PLANE('',#2885);
#2505=ADVANCED_FACE('',(#2264,#2265),#2415,.F.);
#2506=ADVANCED_FACE('',(#2266,#2267),#2416,.T.);
#2507=ADVANCED_FACE('',(#2268),#2417,.F.);
#2508=ADVANCED_FACE('',(#2269),#2418,.F.);
#2509=ADVANCED_FACE('',(#2270),#2419,.T.);
#2510=ADVANCED_FACE('',(#2271),#2420,.F.);
#2511=ADVANCED_FACE('',(#2272),#2421,.T.);
#2512=ADVANCED_FACE('',(#2273),#2422,.T.);
#2513=ADVANCED_FACE('',(#2274),#2423,.F.);
#2514=ADVANCED_FACE('',(#2275),#2424,.F.);
#2515=ADVANCED_FACE('',(#2276),#2425,.F.);
#2516=ADVANCED_FACE('',(#2277),#2426,.F.);
#2517=ADVANCED_FACE('',(#2278),#2427,.T.);
#2518=ADVANCED_FACE('',(#2279),#2428,.T.);
#2519=ADVANCED_FACE('',(#2280),#2429,.F.);
#2520=ADVANCED_FACE('',(#2281),#2430,.F.);
#2521=ADVANCED_FACE('',(#2282),#2431,.T.);
#2522=ADVANCED_FACE('',(#2283),#2432,.T.);
#2523=ADVANCED_FACE('',(#2284),#2433,.T.);
#2524=ADVANCED_FACE('',(#2285),#2434,.T.);
#2525=ADVANCED_FACE('',(#2286),#2435,.T.);
#2526=ADVANCED_FACE('',(#2287),#2436,.T.);
#2527=ADVANCED_FACE('',(#2288),#2437,.T.);
#2528=ADVANCED_FACE('',(#2289),#2438,.T.);
#2529=ADVANCED_FACE('',(#2290),#2439,.F.);
#2530=ADVANCED_FACE('',(#2291),#2440,.T.);
#2531=ADVANCED_FACE('',(#2292),#2441,.T.);
#2532=ADVANCED_FACE('',(#2293),#2442,.T.);
#2533=ADVANCED_FACE('',(#2294),#2443,.F.);
#2534=ADVANCED_FACE('',(#2295),#2444,.F.);
#2535=ADVANCED_FACE('',(#2296),#2445,.T.);
#2536=ADVANCED_FACE('',(#2297),#2446,.T.);
#2537=ADVANCED_FACE('',(#2298),#2447,.T.);
#2538=ADVANCED_FACE('',(#2299),#2448,.F.);
#2539=ADVANCED_FACE('',(#2300),#2449,.F.);
#2540=ADVANCED_FACE('',(#2301),#2450,.T.);
#2541=ADVANCED_FACE('',(#2302),#2451,.F.);
#2542=ADVANCED_FACE('',(#2303),#2452,.F.);
#2543=ADVANCED_FACE('',(#2304),#2453,.F.);
#2544=ADVANCED_FACE('',(#2305),#2454,.F.);
#2545=ADVANCED_FACE('',(#2306),#2455,.F.);
#2546=ADVANCED_FACE('',(#2307),#2456,.T.);
#2547=ADVANCED_FACE('',(#2308),#2457,.F.);
#2548=ADVANCED_FACE('',(#2309),#2458,.F.);
#2549=ADVANCED_FACE('',(#2310),#2459,.F.);
#2550=ADVANCED_FACE('',(#2311),#2460,.F.);
#2551=ADVANCED_FACE('',(#2312),#2461,.F.);
#2552=ADVANCED_FACE('',(#2313),#2462,.F.);
#2553=ADVANCED_FACE('',(#2314),#2463,.F.);
#2554=ADVANCED_FACE('',(#2315,#2316),#2464,.F.);
#2555=ADVANCED_FACE('',(#2317),#2465,.F.);
#2556=ADVANCED_FACE('',(#2318),#2466,.F.);
#2557=ADVANCED_FACE('',(#2319),#2467,.F.);
#2558=ADVANCED_FACE('',(#2320),#2468,.F.);
#2559=ADVANCED_FACE('',(#2321),#2469,.F.);
#2560=ADVANCED_FACE('',(#2322),#2470,.F.);
#2561=ADVANCED_FACE('',(#2323),#2471,.F.);
#2562=ADVANCED_FACE('',(#2324),#2472,.F.);
#2563=ADVANCED_FACE('',(#2325),#2473,.F.);
#2564=ADVANCED_FACE('',(#2326),#2474,.F.);
#2565=ADVANCED_FACE('',(#2327),#2475,.T.);
#2566=ADVANCED_FACE('',(#2328),#2476,.F.);
#2567=ADVANCED_FACE('',(#2329),#2477,.F.);
#2568=ADVANCED_FACE('',(#2330),#2478,.T.);
#2569=ADVANCED_FACE('',(#2331),#2479,.T.);
#2570=ADVANCED_FACE('',(#2332),#2480,.F.);
#2571=ADVANCED_FACE('',(#2333,#2334),#2481,.T.);
#2572=ADVANCED_FACE('',(#2335),#2482,.F.);
#2573=ADVANCED_FACE('',(#2336),#2483,.F.);
#2574=ADVANCED_FACE('',(#2337),#2484,.T.);
#2575=ADVANCED_FACE('',(#2338),#2485,.F.);
#2576=ADVANCED_FACE('',(#2339),#2486,.F.);
#2577=ADVANCED_FACE('',(#2340),#2487,.F.);
#2578=ADVANCED_FACE('',(#2341),#2488,.T.);
#2579=ADVANCED_FACE('',(#2342),#2489,.F.);
#2580=ADVANCED_FACE('',(#2343,#2344,#2345,#2346),#2490,.T.);
#2581=ADVANCED_FACE('',(#2347),#2491,.T.);
#2582=ADVANCED_FACE('',(#2348),#2492,.F.);
#2583=ADVANCED_FACE('',(#2349),#2493,.T.);
#2584=ADVANCED_FACE('',(#2350,#2351,#2352,#2353),#2494,.F.);
#2585=ADVANCED_FACE('',(#2354),#2495,.F.);
#2586=ADVANCED_FACE('',(#2355),#2496,.T.);
#2587=ADVANCED_FACE('',(#2356,#2357),#20,.F.);
#2588=ADVANCED_FACE('',(#2358,#2359,#2360),#21,.F.);
#2589=ADVANCED_FACE('',(#2361,#2362),#22,.F.);
#2590=ADVANCED_FACE('',(#2363,#2364),#23,.F.);
#2591=ADVANCED_FACE('',(#2365),#24,.F.);
#2592=ADVANCED_FACE('',(#2366),#25,.F.);
#2593=ADVANCED_FACE('',(#2367),#26,.T.);
#2594=ADVANCED_FACE('',(#2368),#27,.F.);
#2595=ADVANCED_FACE('',(#2369),#28,.F.);
#2596=ADVANCED_FACE('',(#2370),#29,.T.);
#2597=ADVANCED_FACE('',(#2371),#30,.F.);
#2598=ADVANCED_FACE('',(#2372),#31,.T.);
#2599=ADVANCED_FACE('',(#2373),#32,.F.);
#2600=ADVANCED_FACE('',(#2374),#33,.T.);
#2601=ADVANCED_FACE('',(#2375),#34,.F.);
#2602=ADVANCED_FACE('',(#2376),#35,.T.);
#2603=ADVANCED_FACE('',(#2377),#36,.F.);
#2604=ADVANCED_FACE('',(#2378),#37,.T.);
#2605=ADVANCED_FACE('',(#2379),#38,.F.);
#2606=ADVANCED_FACE('',(#2380),#39,.T.);
#2607=ADVANCED_FACE('',(#2381),#40,.T.);
#2608=ADVANCED_FACE('',(#2382),#41,.F.);
#2609=ADVANCED_FACE('',(#2383),#42,.F.);
#2610=ADVANCED_FACE('',(#2384),#43,.T.);
#2611=ADVANCED_FACE('',(#2385),#44,.T.);
#2612=ADVANCED_FACE('',(#2386),#45,.F.);
#2613=ADVANCED_FACE('',(#2387),#46,.T.);
#2614=ADVANCED_FACE('',(#2388),#47,.F.);
#2615=ADVANCED_FACE('',(#2389),#48,.T.);
#2616=ADVANCED_FACE('',(#2390),#49,.F.);
#2617=ADVANCED_FACE('',(#2391),#50,.T.);
#2618=ADVANCED_FACE('',(#2392),#51,.F.);
#2619=ADVANCED_FACE('',(#2393),#52,.F.);
#2620=ADVANCED_FACE('',(#2394),#53,.T.);
#2621=ADVANCED_FACE('',(#2395),#54,.T.);
#2622=ADVANCED_FACE('',(#2396),#55,.F.);
#2623=ADVANCED_FACE('',(#2397),#56,.T.);
#2624=ADVANCED_FACE('',(#2398),#57,.F.);
#2625=ADVANCED_FACE('',(#2399),#58,.F.);
#2626=ADVANCED_FACE('',(#2400),#2497,.F.);
#2627=ADVANCED_FACE('',(#2401),#59,.F.);
#2628=ADVANCED_FACE('',(#2402),#2498,.F.);
#2629=ADVANCED_FACE('',(#2403),#60,.F.);
#2630=ADVANCED_FACE('',(#2404),#2499,.F.);
#2631=ADVANCED_FACE('',(#2405),#61,.F.);
#2632=ADVANCED_FACE('',(#2406),#2500,.F.);
#2633=ADVANCED_FACE('',(#2407),#62,.F.);
#2634=ADVANCED_FACE('',(#2408),#2501,.F.);
#2635=ADVANCED_FACE('',(#2409),#63,.F.);
#2636=ADVANCED_FACE('',(#2410),#2502,.F.);
#2637=ADVANCED_FACE('',(#2411),#64,.F.);
#2638=ADVANCED_FACE('',(#2412),#2503,.F.);
#2639=ADVANCED_FACE('',(#2413),#65,.F.);
#2640=ADVANCED_FACE('',(#2414),#2504,.F.);
#2641=CLOSED_SHELL('',(#2505,#2506,#2507,#2508,#2509,#2510,#2511,#2512,
#2513,#2514,#2515,#2516,#2517,#2518,#2519,#2520,#2521,#2522,#2523,#2524,
#2525,#2526,#2527,#2528,#2529,#2530,#2531,#2532,#2533,#2534,#2535,#2536,
#2537,#2538,#2539,#2540,#2541,#2542,#2543,#2544,#2545,#2546,#2547,#2548,
#2549,#2550,#2551,#2552,#2553,#2554,#2555,#2556,#2557,#2558,#2559,#2560,
#2561,#2562,#2563,#2564,#2565,#2566,#2567,#2568,#2569,#2570,#2571,#2572,
#2573,#2574,#2575,#2576,#2577,#2578,#2579,#2580,#2581,#2582,#2583,#2584,
#2585,#2586,#2587,#2588,#2589,#2590,#2591,#2592,#2593,#2594,#2595,#2596,
#2597,#2598,#2599,#2600,#2601,#2602,#2603,#2604,#2605,#2606,#2607,#2608,
#2609,#2610,#2611,#2612,#2613,#2614,#2615,#2616,#2617,#2618,#2619,#2620,
#2621,#2622,#2623,#2624,#2625,#2626,#2627,#2628,#2629,#2630,#2631,#2632,
#2633,#2634,#2635,#2636,#2637,#2638,#2639,#2640));
#2642=STYLED_ITEM('',(#2643),#2650);
#2643=PRESENTATION_STYLE_ASSIGNMENT((#2644));
#2644=SURFACE_STYLE_USAGE(.BOTH.,#2645);
#2645=SURFACE_SIDE_STYLE('',(#2646));
#2646=SURFACE_STYLE_FILL_AREA(#2647);
#2647=FILL_AREA_STYLE('',(#2648));
#2648=FILL_AREA_STYLE_COLOUR('',#2649);
#2649=COLOUR_RGB('',0.4,0.4,0.4);
#2650=MANIFOLD_SOLID_BREP('Middle Bottom',#2641);
#2651=SHAPE_DEFINITION_REPRESENTATION(#4405,#2652);
#2652=SHAPE_REPRESENTATION('Middle Bottom',(#2653),#4400);
#2653=AXIS2_PLACEMENT_3D('',#3635,#2886,#2887);
#2654=AXIS2_PLACEMENT_3D('',#3636,#2888,#2889);
#2655=AXIS2_PLACEMENT_3D('',#3640,#2891,#2892);
#2656=AXIS2_PLACEMENT_3D('',#3644,#2894,#2895);
#2657=AXIS2_PLACEMENT_3D('',#3648,#2897,#2898);
#2658=AXIS2_PLACEMENT_3D('',#3652,#2900,#2901);
#2659=AXIS2_PLACEMENT_3D('',#3656,#2903,#2904);
#2660=AXIS2_PLACEMENT_3D('',#3660,#2906,#2907);
#2661=AXIS2_PLACEMENT_3D('',#3664,#2909,#2910);
#2662=AXIS2_PLACEMENT_3D('',#3668,#2912,#2913);
#2663=AXIS2_PLACEMENT_3D('',#3709,#2934,#2935);
#2664=AXIS2_PLACEMENT_3D('',#3710,#2936,#2937);
#2665=AXIS2_PLACEMENT_3D('',#3715,#2939,#2940);
#2666=AXIS2_PLACEMENT_3D('',#3719,#2942,#2943);
#2667=AXIS2_PLACEMENT_3D('',#3723,#2945,#2946);
#2668=AXIS2_PLACEMENT_3D('',#3727,#2948,#2949);
#2669=AXIS2_PLACEMENT_3D('',#3731,#2951,#2952);
#2670=AXIS2_PLACEMENT_3D('',#3735,#2954,#2955);
#2671=AXIS2_PLACEMENT_3D('',#3739,#2957,#2958);
#2672=AXIS2_PLACEMENT_3D('',#3750,#2964,#2965);
#2673=AXIS2_PLACEMENT_3D('',#3759,#2970,#2971);
#2674=AXIS2_PLACEMENT_3D('',#3772,#2978,#2979);
#2675=AXIS2_PLACEMENT_3D('',#3776,#2981,#2982);
#2676=AXIS2_PLACEMENT_3D('',#3780,#2984,#2985);
#2677=AXIS2_PLACEMENT_3D('',#3781,#2986,#2987);
#2678=AXIS2_PLACEMENT_3D('',#3785,#2989,#2990);
#2679=AXIS2_PLACEMENT_3D('',#3789,#2992,#2993);
#2680=AXIS2_PLACEMENT_3D('',#3793,#2995,#2996);
#2681=AXIS2_PLACEMENT_3D('',#3794,#2997,#2998);
#2682=AXIS2_PLACEMENT_3D('',#3798,#3000,#3001);
#2683=AXIS2_PLACEMENT_3D('',#3802,#3003,#3004);
#2684=AXIS2_PLACEMENT_3D('',#3814,#3010,#3011);
#2685=AXIS2_PLACEMENT_3D('',#3818,#3013,#3014);
#2686=AXIS2_PLACEMENT_3D('',#3822,#3016,#3017);
#2687=AXIS2_PLACEMENT_3D('',#3826,#3019,#3020);
#2688=AXIS2_PLACEMENT_3D('',#3830,#3022,#3023);
#2689=AXIS2_PLACEMENT_3D('',#3845,#3031,#3032);
#2690=AXIS2_PLACEMENT_3D('',#3854,#3037,#3038);
#2691=AXIS2_PLACEMENT_3D('',#3863,#3043,#3044);
#2692=AXIS2_PLACEMENT_3D('',#3873,#3050,#3051);
#2693=AXIS2_PLACEMENT_3D('',#3879,#3055,#3056);
#2694=AXIS2_PLACEMENT_3D('',#3901,#3068,#3069);
#2695=AXIS2_PLACEMENT_3D('',#3919,#3079,#3080);
#2696=AXIS2_PLACEMENT_3D('',#3925,#3084,#3085);
#2697=AXIS2_PLACEMENT_3D('',#3928,#3088,#3089);
#2698=AXIS2_PLACEMENT_3D('',#3947,#3100,#3101);
#2699=AXIS2_PLACEMENT_3D('',#3953,#3105,#3106);
#2700=AXIS2_PLACEMENT_3D('',#3957,#3109,#3110);
#2701=AXIS2_PLACEMENT_3D('',#3960,#3113,#3114);
#2702=AXIS2_PLACEMENT_3D('',#3962,#3116,#3117);
#2703=AXIS2_PLACEMENT_3D('',#3965,#3120,#3121);
#2704=AXIS2_PLACEMENT_3D('',#3966,#3122,#3123);
#2705=AXIS2_PLACEMENT_3D('',#3975,#3128,#3129);
#2706=AXIS2_PLACEMENT_3D('',#3984,#3134,#3135);
#2707=AXIS2_PLACEMENT_3D('',#3989,#3139,#3140);
#2708=AXIS2_PLACEMENT_3D('',#3993,#3143,#3144);
#2709=AXIS2_PLACEMENT_3D('',#3995,#3146,#3147);
#2710=AXIS2_PLACEMENT_3D('',#3998,#3150,#3151);
#2711=AXIS2_PLACEMENT_3D('',#4000,#3153,#3154);
#2712=AXIS2_PLACEMENT_3D('',#4004,#3157,#3158);
#2713=AXIS2_PLACEMENT_3D('',#4006,#3160,#3161);
#2714=AXIS2_PLACEMENT_3D('',#4008,#3163,#3164);
#2715=AXIS2_PLACEMENT_3D('',#4011,#3167,#3168);
#2716=AXIS2_PLACEMENT_3D('',#4013,#3170,#3171);
#2717=AXIS2_PLACEMENT_3D('',#4015,#3173,#3174);
#2718=AXIS2_PLACEMENT_3D('',#4017,#3176,#3177);
#2719=AXIS2_PLACEMENT_3D('',#4019,#3179,#3180);
#2720=AXIS2_PLACEMENT_3D('',#4021,#3182,#3183);
#2721=AXIS2_PLACEMENT_3D('',#4022,#3184,#3185);
#2722=AXIS2_PLACEMENT_3D('',#4026,#3187,#3188);
#2723=AXIS2_PLACEMENT_3D('',#4030,#3190,#3191);
#2724=AXIS2_PLACEMENT_3D('',#4034,#3193,#3194);
#2725=AXIS2_PLACEMENT_3D('',#4035,#3195,#3196);
#2726=AXIS2_PLACEMENT_3D('',#4044,#3201,#3202);
#2727=AXIS2_PLACEMENT_3D('',#4048,#3204,#3205);
#2728=AXIS2_PLACEMENT_3D('',#4052,#3207,#3208);
#2729=AXIS2_PLACEMENT_3D('',#4053,#3209,#3210);
#2730=AXIS2_PLACEMENT_3D('',#4057,#3212,#3213);
#2731=AXIS2_PLACEMENT_3D('',#4061,#3215,#3216);
#2732=AXIS2_PLACEMENT_3D('',#4065,#3218,#3219);
#2733=AXIS2_PLACEMENT_3D('',#4066,#3220,#3221);
#2734=AXIS2_PLACEMENT_3D('',#4070,#3223,#3224);
#2735=AXIS2_PLACEMENT_3D('',#4073,#3226,#3227);
#2736=AXIS2_PLACEMENT_3D('',#4074,#3228,#3229);
#2737=AXIS2_PLACEMENT_3D('',#4075,#3230,#3231);
#2738=AXIS2_PLACEMENT_3D('',#4079,#3234,#3235);
#2739=AXIS2_PLACEMENT_3D('',#4083,#3238,#3239);
#2740=AXIS2_PLACEMENT_3D('',#4085,#3241,#3242);
#2741=AXIS2_PLACEMENT_3D('',#4086,#3243,#3244);
#2742=AXIS2_PLACEMENT_3D('',#4087,#3245,#3246);
#2743=AXIS2_PLACEMENT_3D('',#4093,#3250,#3251);
#2744=AXIS2_PLACEMENT_3D('',#4099,#3255,#3256);
#2745=AXIS2_PLACEMENT_3D('',#4105,#3260,#3261);
#2746=AXIS2_PLACEMENT_3D('',#4106,#3262,#3263);
#2747=AXIS2_PLACEMENT_3D('',#4107,#3264,#3265);
#2748=AXIS2_PLACEMENT_3D('',#4108,#3266,#3267);
#2749=AXIS2_PLACEMENT_3D('',#4109,#3268,#3269);
#2750=AXIS2_PLACEMENT_3D('',#4110,#3270,#3271);
#2751=AXIS2_PLACEMENT_3D('',#4116,#3275,#3276);
#2752=AXIS2_PLACEMENT_3D('',#4126,#3282,#3283);
#2753=AXIS2_PLACEMENT_3D('',#4132,#3287,#3288);
#2754=AXIS2_PLACEMENT_3D('',#4133,#3289,#3290);
#2755=AXIS2_PLACEMENT_3D('',#4135,#3291,#3292);
#2756=AXIS2_PLACEMENT_3D('',#4136,#3293,#3294);
#2757=AXIS2_PLACEMENT_3D('',#4137,#3295,#3296);
#2758=AXIS2_PLACEMENT_3D('',#4138,#3297,#3298);
#2759=AXIS2_PLACEMENT_3D('',#4139,#3299,#3300);
#2760=AXIS2_PLACEMENT_3D('',#4140,#3301,#3302);
#2761=AXIS2_PLACEMENT_3D('',#4141,#3303,#3304);
#2762=AXIS2_PLACEMENT_3D('',#4142,#3305,#3306);
#2763=AXIS2_PLACEMENT_3D('',#4143,#3307,#3308);
#2764=AXIS2_PLACEMENT_3D('',#4149,#3312,#3313);
#2765=AXIS2_PLACEMENT_3D('',#4153,#3316,#3317);
#2766=AXIS2_PLACEMENT_3D('',#4154,#3318,#3319);
#2767=AXIS2_PLACEMENT_3D('',#4155,#3320,#3321);
#2768=AXIS2_PLACEMENT_3D('',#4156,#3322,#3323);
#2769=AXIS2_PLACEMENT_3D('',#4162,#3327,#3328);
#2770=AXIS2_PLACEMENT_3D('',#4168,#3332,#3333);
#2771=AXIS2_PLACEMENT_3D('',#4174,#3337,#3338);
#2772=AXIS2_PLACEMENT_3D('',#4175,#3339,#3340);
#2773=AXIS2_PLACEMENT_3D('',#4176,#3341,#3342);
#2774=AXIS2_PLACEMENT_3D('',#4177,#3343,#3344);
#2775=AXIS2_PLACEMENT_3D('',#4178,#3345,#3346);
#2776=AXIS2_PLACEMENT_3D('',#4179,#3347,#3348);
#2777=AXIS2_PLACEMENT_3D('',#4185,#3352,#3353);
#2778=AXIS2_PLACEMENT_3D('',#4191,#3357,#3358);
#2779=AXIS2_PLACEMENT_3D('',#4197,#3362,#3363);
#2780=AXIS2_PLACEMENT_3D('',#4198,#3364,#3365);
#2781=AXIS2_PLACEMENT_3D('',#4199,#3366,#3367);
#2782=AXIS2_PLACEMENT_3D('',#4200,#3368,#3369);
#2783=AXIS2_PLACEMENT_3D('',#4201,#3370,#3371);
#2784=AXIS2_PLACEMENT_3D('',#4202,#3372,#3373);
#2785=AXIS2_PLACEMENT_3D('',#4208,#3377,#3378);
#2786=AXIS2_PLACEMENT_3D('',#4217,#3383,#3384);
#2787=AXIS2_PLACEMENT_3D('',#4226,#3389,#3390);
#2788=AXIS2_PLACEMENT_3D('',#4236,#3396,#3397);
#2789=AXIS2_PLACEMENT_3D('',#4242,#3401,#3402);
#2790=AXIS2_PLACEMENT_3D('',#4243,#3403,#3404);
#2791=AXIS2_PLACEMENT_3D('',#4245,#3405,#3406);
#2792=AXIS2_PLACEMENT_3D('',#4246,#3407,#3408);
#2793=AXIS2_PLACEMENT_3D('',#4247,#3409,#3410);
#2794=AXIS2_PLACEMENT_3D('',#4248,#3411,#3412);
#2795=AXIS2_PLACEMENT_3D('',#4249,#3413,#3414);
#2796=AXIS2_PLACEMENT_3D('',#4250,#3415,#3416);
#2797=AXIS2_PLACEMENT_3D('',#4251,#3417,#3418);
#2798=AXIS2_PLACEMENT_3D('',#4252,#3419,#3420);
#2799=AXIS2_PLACEMENT_3D('',#4253,#3421,#3422);
#2800=AXIS2_PLACEMENT_3D('',#4259,#3426,#3427);
#2801=AXIS2_PLACEMENT_3D('',#4263,#3430,#3431);
#2802=AXIS2_PLACEMENT_3D('',#4264,#3432,#3433);
#2803=AXIS2_PLACEMENT_3D('',#4265,#3434,#3435);
#2804=AXIS2_PLACEMENT_3D('',#4266,#3436,#3437);
#2805=AXIS2_PLACEMENT_3D('',#4272,#3441,#3442);
#2806=AXIS2_PLACEMENT_3D('',#4278,#3446,#3447);
#2807=AXIS2_PLACEMENT_3D('',#4284,#3451,#3452);
#2808=AXIS2_PLACEMENT_3D('',#4285,#3453,#3454);
#2809=AXIS2_PLACEMENT_3D('',#4286,#3455,#3456);
#2810=AXIS2_PLACEMENT_3D('',#4287,#3457,#3458);
#2811=AXIS2_PLACEMENT_3D('',#4288,#3459,#3460);
#2812=AXIS2_PLACEMENT_3D('',#4289,#3461,#3462);
#2813=AXIS2_PLACEMENT_3D('',#4293,#3465,#3466);
#2814=AXIS2_PLACEMENT_3D('',#4294,#3467,#3468);
#2815=AXIS2_PLACEMENT_3D('',#4296,#3469,#3470);
#2816=AXIS2_PLACEMENT_3D('',#4298,#3471,#3472);
#2817=AXIS2_PLACEMENT_3D('',#4300,#3473,#3474);
#2818=AXIS2_PLACEMENT_3D('',#4301,#3475,#3476);
#2819=AXIS2_PLACEMENT_3D('',#4302,#3477,#3478);
#2820=AXIS2_PLACEMENT_3D('',#4306,#3481,#3482);
#2821=AXIS2_PLACEMENT_3D('',#4308,#3484,#3485);
#2822=AXIS2_PLACEMENT_3D('',#4309,#3486,#3487);
#2823=AXIS2_PLACEMENT_3D('',#4313,#3490,#3491);
#2824=AXIS2_PLACEMENT_3D('',#4314,#3492,#3493);
#2825=AXIS2_PLACEMENT_3D('',#4316,#3494,#3495);
#2826=AXIS2_PLACEMENT_3D('',#4318,#3496,#3497);
#2827=AXIS2_PLACEMENT_3D('',#4320,#3498,#3499);
#2828=AXIS2_PLACEMENT_3D('',#4321,#3500,#3501);
#2829=AXIS2_PLACEMENT_3D('',#4322,#3502,#3503);
#2830=AXIS2_PLACEMENT_3D('',#4326,#3506,#3507);
#2831=AXIS2_PLACEMENT_3D('',#4328,#3509,#3510);
#2832=AXIS2_PLACEMENT_3D('',#4329,#3511,#3512);
#2833=AXIS2_PLACEMENT_3D('',#4330,#3513,#3514);
#2834=AXIS2_PLACEMENT_3D('',#4331,#3515,#3516);
#2835=AXIS2_PLACEMENT_3D('',#4332,#3517,#3518);
#2836=AXIS2_PLACEMENT_3D('',#4333,#3519,#3520);
#2837=AXIS2_PLACEMENT_3D('',#4334,#3521,#3522);
#2838=AXIS2_PLACEMENT_3D('',#4335,#3523,#3524);
#2839=AXIS2_PLACEMENT_3D('',#4336,#3525,#3526);
#2840=AXIS2_PLACEMENT_3D('',#4337,#3527,#3528);
#2841=AXIS2_PLACEMENT_3D('',#4338,#3529,#3530);
#2842=AXIS2_PLACEMENT_3D('',#4339,#3531,#3532);
#2843=AXIS2_PLACEMENT_3D('',#4340,#3533,#3534);
#2844=AXIS2_PLACEMENT_3D('',#4341,#3535,#3536);
#2845=AXIS2_PLACEMENT_3D('',#4342,#3537,#3538);
#2846=AXIS2_PLACEMENT_3D('',#4343,#3539,#3540);
#2847=AXIS2_PLACEMENT_3D('',#4344,#3541,#3542);
#2848=AXIS2_PLACEMENT_3D('',#4345,#3543,#3544);
#2849=AXIS2_PLACEMENT_3D('',#4346,#3545,#3546);
#2850=AXIS2_PLACEMENT_3D('',#4347,#3547,#3548);
#2851=AXIS2_PLACEMENT_3D('',#4348,#3549,#3550);
#2852=AXIS2_PLACEMENT_3D('',#4349,#3551,#3552);
#2853=AXIS2_PLACEMENT_3D('',#4350,#3553,#3554);
#2854=AXIS2_PLACEMENT_3D('',#4351,#3555,#3556);
#2855=AXIS2_PLACEMENT_3D('',#4352,#3557,#3558);
#2856=AXIS2_PLACEMENT_3D('',#4353,#3559,#3560);
#2857=AXIS2_PLACEMENT_3D('',#4354,#3561,#3562);
#2858=AXIS2_PLACEMENT_3D('',#4355,#3563,#3564);
#2859=AXIS2_PLACEMENT_3D('',#4356,#3565,#3566);
#2860=AXIS2_PLACEMENT_3D('',#4357,#3567,#3568);
#2861=AXIS2_PLACEMENT_3D('',#4358,#3569,#3570);
#2862=AXIS2_PLACEMENT_3D('',#4359,#3571,#3572);
#2863=AXIS2_PLACEMENT_3D('',#4360,#3573,#3574);
#2864=AXIS2_PLACEMENT_3D('',#4361,#3575,#3576);
#2865=AXIS2_PLACEMENT_3D('',#4362,#3577,#3578);
#2866=AXIS2_PLACEMENT_3D('',#4363,#3579,#3580);
#2867=AXIS2_PLACEMENT_3D('',#4364,#3581,#3582);
#2868=AXIS2_PLACEMENT_3D('',#4365,#3583,#3584);
#2869=AXIS2_PLACEMENT_3D('',#4366,#3585,#3586);
#2870=AXIS2_PLACEMENT_3D('',#4367,#3587,#3588);
#2871=AXIS2_PLACEMENT_3D('',#4370,#3591,#3592);
#2872=AXIS2_PLACEMENT_3D('',#4372,#3594,#3595);
#2873=AXIS2_PLACEMENT_3D('',#4374,#3597,#3598);
#2874=AXIS2_PLACEMENT_3D('',#4376,#3600,#3601);
#2875=AXIS2_PLACEMENT_3D('',#4378,#3603,#3604);
#2876=AXIS2_PLACEMENT_3D('',#4380,#3606,#3607);
#2877=AXIS2_PLACEMENT_3D('',#4382,#3609,#3610);
#2878=AXIS2_PLACEMENT_3D('',#4384,#3612,#3613);
#2879=AXIS2_PLACEMENT_3D('',#4386,#3615,#3616);
#2880=AXIS2_PLACEMENT_3D('',#4388,#3618,#3619);
#2881=AXIS2_PLACEMENT_3D('',#4390,#3621,#3622);
#2882=AXIS2_PLACEMENT_3D('',#4392,#3624,#3625);
#2883=AXIS2_PLACEMENT_3D('',#4394,#3627,#3628);
#2884=AXIS2_PLACEMENT_3D('',#4396,#3630,#3631);
#2885=AXIS2_PLACEMENT_3D('',#4398,#3633,#3634);
#2886=DIRECTION('',(0.,0.,1.));
#2887=DIRECTION('',(1.,0.,0.));
#2888=DIRECTION('',(0.,0.,-1.));
#2889=DIRECTION('',(-1.,0.,0.));
#2890=DIRECTION('',(0.,-1.,0.));
#2891=DIRECTION('',(0.,0.,1.));
#2892=DIRECTION('',(1.,0.,0.));
#2893=DIRECTION('',(-0.707106781186548,-0.707106781186548,0.));
#2894=DIRECTION('',(0.,0.,1.));
#2895=DIRECTION('',(1.,0.,0.));
#2896=DIRECTION('',(-1.,0.,0.));
#2897=DIRECTION('',(0.,0.,1.));
#2898=DIRECTION('',(1.,0.,0.));
#2899=DIRECTION('',(-0.707106781186548,0.707106781186548,0.));
#2900=DIRECTION('',(0.,0.,1.));
#2901=DIRECTION('',(1.,0.,0.));
#2902=DIRECTION('',(0.,1.,0.));
#2903=DIRECTION('',(0.,0.,1.));
#2904=DIRECTION('',(1.,0.,0.));
#2905=DIRECTION('',(0.707106781186548,0.707106781186548,0.));
#2906=DIRECTION('',(0.,0.,1.));
#2907=DIRECTION('',(1.,0.,0.));
#2908=DIRECTION('',(1.,0.,0.));
#2909=DIRECTION('',(0.,0.,1.));
#2910=DIRECTION('',(1.,0.,0.));
#2911=DIRECTION('',(0.707106781186548,-0.707106781186548,0.));
#2912=DIRECTION('',(0.,0.,1.));
#2913=DIRECTION('',(1.,0.,0.));
#2914=DIRECTION('',(0.,1.,0.));
#2915=DIRECTION('',(1.,0.,0.));
#2916=DIRECTION('',(0.,1.,0.));
#2917=DIRECTION('',(1.,0.,0.));
#2918=DIRECTION('',(0.,1.,0.));
#2919=DIRECTION('',(1.,0.,0.));
#2920=DIRECTION('',(0.,1.,0.));
#2921=DIRECTION('',(1.,0.,0.));
#2922=DIRECTION('',(0.,1.,0.));
#2923=DIRECTION('',(1.,0.,0.));
#2924=DIRECTION('',(0.,1.,0.));
#2925=DIRECTION('',(1.,0.,0.));
#2926=DIRECTION('',(0.,1.,0.));
#2927=DIRECTION('',(1.,0.,0.));
#2928=DIRECTION('',(0.,1.,0.));
#2929=DIRECTION('',(1.,0.,0.));
#2930=DIRECTION('',(0.,1.,0.));
#2931=DIRECTION('',(1.,0.,0.));
#2932=DIRECTION('',(0.,1.,0.));
#2933=DIRECTION('',(1.,0.,0.));
#2934=DIRECTION('',(0.,0.,-1.));
#2935=DIRECTION('',(-1.,0.,0.));
#2936=DIRECTION('',(0.,0.,-1.));
#2937=DIRECTION('',(-1.,0.,0.));
#2938=DIRECTION('',(0.,-1.,0.));
#2939=DIRECTION('',(0.,0.,-1.));
#2940=DIRECTION('',(-1.,0.,0.));
#2941=DIRECTION('',(0.707106781186548,-0.707106781186548,0.));
#2942=DIRECTION('',(0.,0.,-1.));
#2943=DIRECTION('',(-1.,0.,0.));
#2944=DIRECTION('',(1.,0.,0.));
#2945=DIRECTION('',(0.,0.,-1.));
#2946=DIRECTION('',(-1.,0.,0.));
#2947=DIRECTION('',(0.707106781186548,0.707106781186548,0.));
#2948=DIRECTION('',(0.,0.,-1.));
#2949=DIRECTION('',(-1.,0.,0.));
#2950=DIRECTION('',(0.,1.,0.));
#2951=DIRECTION('',(0.,0.,-1.));
#2952=DIRECTION('',(-1.,0.,0.));
#2953=DIRECTION('',(-0.707106781186548,0.707106781186548,0.));
#2954=DIRECTION('',(0.,0.,-1.));
#2955=DIRECTION('',(-1.,0.,0.));
#2956=DIRECTION('',(-1.,0.,0.));
#2957=DIRECTION('',(0.,0.,-1.));
#2958=DIRECTION('',(-1.,0.,0.));
#2959=DIRECTION('',(-0.707106781186548,-0.707106781186548,0.));
#2960=DIRECTION('',(0.,1.,0.));
#2961=DIRECTION('',(1.,0.,0.));
#2962=DIRECTION('',(0.,-1.,0.));
#2963=DIRECTION('',(-1.,0.,0.));
#2964=DIRECTION('',(0.,0.,-1.));
#2965=DIRECTION('',(-1.,0.,0.));
#2966=DIRECTION('',(0.,1.,0.));
#2967=DIRECTION('',(1.,0.,0.));
#2968=DIRECTION('',(0.,1.,0.));
#2969=DIRECTION('',(1.,0.,0.));
#2970=DIRECTION('',(0.,-1.,0.));
#2971=DIRECTION('',(0.,0.,-1.));
#2972=DIRECTION('',(0.,0.,1.));
#2973=DIRECTION('',(1.,0.,0.));
#2974=DIRECTION('',(0.,0.,-1.));
#2975=DIRECTION('',(1.,0.,0.));
#2976=DIRECTION('',(0.,0.,-1.));
#2977=DIRECTION('',(-1.,0.,0.));
#2978=DIRECTION('',(1.,0.,0.));
#2979=DIRECTION('',(0.,1.,0.));
#2980=DIRECTION('',(0.,1.,0.));
#2981=DIRECTION('',(1.,0.,0.));
#2982=DIRECTION('',(0.,0.,-1.));
#2983=DIRECTION('',(0.,-0.500000000000008,0.866025403784434));
#2984=DIRECTION('',(1.,0.,0.));
#2985=DIRECTION('',(0.,0.,-1.));
#2986=DIRECTION('',(1.,0.,0.));
#2987=DIRECTION('',(0.,0.,-1.));
#2988=DIRECTION('',(0.,-0.5,-0.866025403784438));
#2989=DIRECTION('',(1.,0.,0.));
#2990=DIRECTION('',(0.,0.,-1.));
#2991=DIRECTION('',(0.,1.,0.));
#2992=DIRECTION('',(1.,0.,0.));
#2993=DIRECTION('',(0.,0.,-1.));
#2994=DIRECTION('',(0.,-0.500000000000008,0.866025403784434));
#2995=DIRECTION('',(1.,0.,0.));
#2996=DIRECTION('',(0.,0.,-1.));
#2997=DIRECTION('',(1.,0.,0.));
#2998=DIRECTION('',(0.,0.,-1.));
#2999=DIRECTION('',(0.,-0.5,-0.866025403784438));
#3000=DIRECTION('',(1.,0.,0.));
#3001=DIRECTION('',(0.,0.,-1.));
#3002=DIRECTION('',(0.,1.,0.));
#3003=DIRECTION('',(1.,0.,0.));
#3004=DIRECTION('',(0.,0.,-1.));
#3005=DIRECTION('',(0.,0.,-1.));
#3006=DIRECTION('',(0.,0.443269601263494,0.896388342514395));
#3007=DIRECTION('',(0.,0.896388342514394,-0.443269601263494));
#3008=DIRECTION('',(0.,0.443269601263494,0.896388342514395));
#3009=DIRECTION('',(0.,-1.,0.));
#3010=DIRECTION('',(1.,0.,0.));
#3011=DIRECTION('',(0.,0.,-1.));
#3012=DIRECTION('',(0.,4.37645030120395E-16,-1.));
#3013=DIRECTION('',(1.,0.,0.));
#3014=DIRECTION('',(0.,0.,-1.));
#3015=DIRECTION('',(0.,-0.5,-0.866025403784438));
#3016=DIRECTION('',(1.,0.,0.));
#3017=DIRECTION('',(0.,0.,-1.));
#3018=DIRECTION('',(0.,1.,0.));
#3019=DIRECTION('',(1.,0.,0.));
#3020=DIRECTION('',(0.,0.,-1.));
#3021=DIRECTION('',(0.,-0.5,0.86602540378444));
#3022=DIRECTION('',(1.,0.,0.));
#3023=DIRECTION('',(0.,0.,-1.));
#3024=DIRECTION('',(0.,1.,2.68836302404052E-16));
#3025=DIRECTION('',(0.,-0.865909397453538,0.500200875050865));
#3026=DIRECTION('',(0.,0.499598169196701,-0.866257276642052));
#3027=DIRECTION('',(0.,0.896388342514394,-0.443269601263494));
#3028=DIRECTION('',(0.,1.,0.));
#3029=DIRECTION('',(0.,0.854930287079163,0.518742907647652));
#3030=DIRECTION('',(0.,0.,1.));
#3031=DIRECTION('',(0.,0.,-1.));
#3032=DIRECTION('',(-1.,0.,0.));
#3033=DIRECTION('',(0.,-1.,0.));
#3034=DIRECTION('',(1.,0.,0.));
#3035=DIRECTION('',(0.,1.,0.));
#3036=DIRECTION('',(1.,0.,0.));
#3037=DIRECTION('',(0.,1.,6.93889390390723E-16));
#3038=DIRECTION('',(0.,-6.93889390390723E-16,1.));
#3039=DIRECTION('',(0.,6.93889390390723E-16,-1.));
#3040=DIRECTION('',(1.,0.,0.));
#3041=DIRECTION('',(0.,-6.93889390390723E-16,1.));
#3042=DIRECTION('',(1.,0.,0.));
#3043=DIRECTION('',(0.,0.,1.));
#3044=DIRECTION('',(1.,0.,0.));
#3045=DIRECTION('',(0.,1.,0.));
#3046=DIRECTION('',(1.,0.,0.));
#3047=DIRECTION('',(0.,-1.,0.));
#3048=DIRECTION('',(1.,0.,0.));
#3049=DIRECTION('',(-1.,0.,0.));
#3050=DIRECTION('',(0.,0.518742907647651,-0.854930287079164));
#3051=DIRECTION('',(0.,0.854930287079164,0.518742907647651));
#3052=DIRECTION('',(0.,0.854930287079163,0.518742907647651));
#3053=DIRECTION('',(0.,0.854930287079163,0.518742907647651));
#3054=DIRECTION('',(1.,0.,0.));
#3055=DIRECTION('',(0.,-1.,-4.37645030120395E-16));
#3056=DIRECTION('',(0.,4.37645030120395E-16,-1.));
#3057=DIRECTION('',(0.,6.93889390390724E-16,-1.));
#3058=DIRECTION('',(1.,0.,0.));
#3059=DIRECTION('',(1.,0.,0.));
#3060=DIRECTION('',(0.,4.37645030120395E-16,-1.));
#3061=DIRECTION('',(1.,0.,0.));
#3062=DIRECTION('',(0.,4.37645030120395E-16,-1.));
#3063=DIRECTION('',(1.,0.,0.));
#3064=DIRECTION('',(0.,4.37645030120395E-16,-1.));
#3065=DIRECTION('',(1.,0.,0.));
#3066=DIRECTION('',(0.,-6.93889390390724E-16,1.));
#3067=DIRECTION('',(1.,0.,0.));
#3068=DIRECTION('',(0.,2.68836302404052E-16,-1.));
#3069=DIRECTION('',(0.,1.,2.68836302404052E-16));
#3070=DIRECTION('',(1.,0.,0.));
#3071=DIRECTION('',(0.,1.,2.68836302404052E-16));
#3072=DIRECTION('',(0.,1.,0.));
#3073=DIRECTION('',(1.,0.,0.));
#3074=DIRECTION('',(0.,-1.,0.));
#3075=DIRECTION('',(0.,1.,2.68836302404052E-16));
#3076=DIRECTION('',(1.,0.,0.));
#3077=DIRECTION('',(0.,1.,2.68836302404052E-16));
#3078=DIRECTION('',(1.,0.,0.));
#3079=DIRECTION('',(0.,0.,-1.));
#3080=DIRECTION('',(-1.,0.,0.));
#3081=DIRECTION('',(0.,1.,0.));
#3082=DIRECTION('',(1.,0.,0.));
#3083=DIRECTION('',(0.,1.,0.));
#3084=DIRECTION('',(0.,1.,0.));
#3085=DIRECTION('',(0.,0.,1.));
#3086=DIRECTION('',(0.,0.,1.));
#3087=DIRECTION('',(0.,0.,1.));
#3088=DIRECTION('',(0.,1.,0.));
#3089=DIRECTION('',(0.,0.,1.));
#3090=DIRECTION('',(0.,0.,1.));
#3091=DIRECTION('',(1.,0.,0.));
#3092=DIRECTION('',(0.,0.,-1.));
#3093=DIRECTION('',(0.,0.,-1.));
#3094=DIRECTION('',(1.,0.,0.));
#3095=DIRECTION('',(0.649821366015445,0.,0.760086963623125));
#3096=DIRECTION('',(0.781420700451427,0.,0.62400455840162));
#3097=DIRECTION('',(1.,0.,0.));
#3098=DIRECTION('',(0.781420700451429,0.,-0.624004558401618));
#3099=DIRECTION('',(-0.649821366015445,0.,0.760086963623125));
#3100=DIRECTION('',(0.,1.,2.39114939192075E-16));
#3101=DIRECTION('',(0.,-2.39114939192075E-16,1.));
#3102=DIRECTION('',(-0.707106781186548,0.,0.707106781186548));
#3103=DIRECTION('',(1.,0.,0.));
#3104=DIRECTION('',(-0.707106781186548,0.,-0.707106781186548));
#3105=DIRECTION('',(0.707106781186549,-0.366806627690081,0.604527003435437));
#3106=DIRECTION('',(0.,0.854930287079163,0.518742907647652));
#3107=DIRECTION('',(0.,-0.854930287079163,-0.518742907647652));
#3108=DIRECTION('',(-0.630078936810159,-0.714879099230353,0.303229957081715));
#3109=DIRECTION('',(-0.609618149356485,0.213491022581203,-0.763405066299934));
#3110=DIRECTION('',(-0.781420700451429,0.,0.624004558401618));
#3111=DIRECTION('',(-9.10588887319965E-17,-0.963049917470315,-0.269322959400825));
#3112=DIRECTION('',(-0.630078936810162,0.453873403909452,0.630078936810162));
#3113=DIRECTION('',(0.,0.269322959400825,-0.963049917470315));
#3114=DIRECTION('',(1.,0.,0.));
#3115=DIRECTION('',(-1.77738687503692E-17,0.963049917470316,0.269322959400825));
#3116=DIRECTION('',(0.609618149356487,0.213491022581203,-0.763405066299932));
#3117=DIRECTION('',(-0.781420700451427,0.,-0.62400455840162));
#3118=DIRECTION('',(0.630078936810161,-0.714879099230349,0.303229957081721));
#3119=DIRECTION('',(0.630078936810164,0.453873403909445,0.630078936810164));
#3120=DIRECTION('',(0.707106781186549,0.366806627690081,-0.604527003435437));
#3121=DIRECTION('',(0.,-0.854930287079163,-0.518742907647652));
#3122=DIRECTION('',(0.,-0.866257276642052,-0.499598169196701));
#3123=DIRECTION('',(0.,0.499598169196701,-0.866257276642052));
#3124=DIRECTION('',(0.,0.499598169196701,-0.866257276642052));
#3125=DIRECTION('',(1.,0.,0.));
#3126=DIRECTION('',(0.,-0.499598169196701,0.866257276642052));
#3127=DIRECTION('',(-1.,0.,0.));
#3128=DIRECTION('',(0.,-0.443269601263494,-0.896388342514394));
#3129=DIRECTION('',(0.,0.896388342514394,-0.443269601263494));
#3130=DIRECTION('',(0.,0.896388342514394,-0.443269601263494));
#3131=DIRECTION('',(1.,0.,0.));
#3132=DIRECTION('',(0.,-0.896388342514394,0.443269601263494));
#3133=DIRECTION('',(-1.,0.,0.));
#3134=DIRECTION('',(-0.654603556367838,-0.378138027684552,-0.654603556367835));
#3135=DIRECTION('',(-0.707106781186546,0.,0.707106781186549));
#3136=DIRECTION('',(0.,0.865909397453538,-0.500200875050865));
#3137=DIRECTION('',(0.707106781186547,-0.612536394565787,-0.353269253307372));
#3138=DIRECTION('',(0.,-0.865909397453538,0.500200875050865));
#3139=DIRECTION('',(-0.707106781186548,-0.612536394565786,-0.353269253307371));
#3140=DIRECTION('',(0.,0.499598169196701,-0.866257276642052));
#3141=DIRECTION('',(0.,-0.499598169196701,0.866257276642052));
#3142=DIRECTION('',(-0.634258724957075,0.77029190671432,-0.0660775927697329));
#3143=DIRECTION('',(0.,0.500200875050864,0.865909397453538));
#3144=DIRECTION('',(-1.,0.,0.));
#3145=DIRECTION('',(0.,0.865909397453538,-0.500200875050865));
#3146=DIRECTION('',(-0.602507199542223,-0.546037800995992,-0.582089163602321));
#3147=DIRECTION('',(-0.694815686398948,0.,0.719187848850325));
#3148=DIRECTION('',(7.00446280494512E-16,0.729331357203548,-0.684160632746163));
#3149=DIRECTION('',(0.634258724957073,0.115124718260846,-0.764501255107661));
#3150=DIRECTION('',(0.654603556367836,-0.378138027684553,-0.654603556367836));
#3151=DIRECTION('',(-0.707106781186548,0.,-0.707106781186548));
#3152=DIRECTION('',(0.707106781186547,0.612536394565787,0.353269253307372));
#3153=DIRECTION('',(-0.707106781186548,-0.313438940947273,-0.633842275568498));
#3154=DIRECTION('',(0.,0.896388342514394,-0.443269601263494));
#3155=DIRECTION('',(0.,-0.896388342514394,0.443269601263494));
#3156=DIRECTION('',(-0.621712150955067,0.702617076581911,0.346126053700546));
#3157=DIRECTION('',(0.,0.684160632746163,0.729331357203549));
#3158=DIRECTION('',(-1.,0.,0.));
#3159=DIRECTION('',(8.01446733437126E-16,-0.729331357203549,0.684160632746163));
#3160=DIRECTION('',(-0.707106781186548,0.612536394565786,0.353269253307371));
#3161=DIRECTION('',(0.,-0.499598169196701,0.866257276642052));
#3162=DIRECTION('',(0.634258724957075,0.77029190671432,-0.066077592769733));
#3163=DIRECTION('',(-0.624383471441254,-0.177789431391535,-0.760615670806514));
#3164=DIRECTION('',(-0.772929556648078,0.,0.634491844281553));
#3165=DIRECTION('',(1.77811084919088E-16,0.973752623235078,-0.227608938187417));
#3166=DIRECTION('',(0.621712150955067,0.476390598888818,-0.621712150955067));
#3167=DIRECTION('',(0.602507199542223,-0.546037800995992,-0.582089163602321));
#3168=DIRECTION('',(-0.694815686398949,0.,-0.719187848850325));
#3169=DIRECTION('',(-0.634258724957073,0.115124718260846,-0.764501255107661));
#3170=DIRECTION('',(-0.707106781186548,0.,-0.707106781186548));
#3171=DIRECTION('',(0.,1.,0.));
#3172=DIRECTION('',(0.,-1.,0.));
#3173=DIRECTION('',(0.,0.227608938187417,0.973752623235078));
#3174=DIRECTION('',(-1.,0.,0.));
#3175=DIRECTION('',(2.97291610800589E-16,-0.973752623235079,0.227608938187417));
#3176=DIRECTION('',(-0.707106781186548,0.313438940947273,0.633842275568498));
#3177=DIRECTION('',(0.,-0.896388342514394,0.443269601263494));
#3178=DIRECTION('',(0.621712150955066,0.702617076581912,0.346126053700545));
#3179=DIRECTION('',(0.624383471441253,-0.177789431391535,-0.760615670806515));
#3180=DIRECTION('',(-0.772929556648078,0.,-0.634491844281553));
#3181=DIRECTION('',(-0.621712150955067,0.47639059888882,-0.621712150955067));
#3182=DIRECTION('',(-0.707106781186548,0.,0.707106781186548));
#3183=DIRECTION('',(0.,-1.,0.));
#3184=DIRECTION('',(1.,0.,0.));
#3185=DIRECTION('',(0.,1.,0.));
#3186=DIRECTION('',(0.,-0.5,0.86602540378444));
#3187=DIRECTION('',(1.,0.,0.));
#3188=DIRECTION('',(0.,0.,-1.));
#3189=DIRECTION('',(0.,1.,0.));
#3190=DIRECTION('',(1.,0.,0.));
#3191=DIRECTION('',(0.,0.,-1.));
#3192=DIRECTION('',(0.,-0.5,-0.866025403784438));
#3193=DIRECTION('',(1.,0.,0.));
#3194=DIRECTION('',(0.,0.,-1.));
#3195=DIRECTION('',(1.,0.,0.));
#3196=DIRECTION('',(0.,0.,-1.));
#3197=DIRECTION('',(0.,-1.,0.));
#3198=DIRECTION('',(0.,0.443269601263494,0.896388342514395));
#3199=DIRECTION('',(0.,0.896388342514394,-0.443269601263494));
#3200=DIRECTION('',(0.,0.443269601263494,0.896388342514395));
#3201=DIRECTION('',(1.,0.,0.));
#3202=DIRECTION('',(0.,0.,-1.));
#3203=DIRECTION('',(0.,1.,0.));
#3204=DIRECTION('',(1.,0.,0.));
#3205=DIRECTION('',(0.,0.,-1.));
#3206=DIRECTION('',(0.,-0.5,-0.866025403784438));
#3207=DIRECTION('',(1.,0.,0.));
#3208=DIRECTION('',(0.,0.,-1.));
#3209=DIRECTION('',(1.,0.,0.));
#3210=DIRECTION('',(0.,0.,-1.));
#3211=DIRECTION('',(0.,-0.500000000000008,0.866025403784434));
#3212=DIRECTION('',(1.,0.,0.));
#3213=DIRECTION('',(0.,0.,-1.));
#3214=DIRECTION('',(0.,1.,0.));
#3215=DIRECTION('',(1.,0.,0.));
#3216=DIRECTION('',(0.,0.,-1.));
#3217=DIRECTION('',(0.,-0.5,-0.866025403784438));
#3218=DIRECTION('',(1.,0.,0.));
#3219=DIRECTION('',(0.,0.,-1.));
#3220=DIRECTION('',(1.,0.,0.));
#3221=DIRECTION('',(0.,0.,-1.));
#3222=DIRECTION('',(0.,-0.500000000000008,0.866025403784434));
#3223=DIRECTION('',(1.,0.,0.));
#3224=DIRECTION('',(0.,0.,-1.));
#3225=DIRECTION('',(0.,1.,0.));
#3226=DIRECTION('',(1.,0.,0.));
#3227=DIRECTION('',(0.,0.,-1.));
#3228=DIRECTION('',(1.,0.,0.));
#3229=DIRECTION('',(0.,1.,0.));
#3230=DIRECTION('',(1.,0.,0.));
#3231=DIRECTION('',(0.,0.,-1.));
#3232=DIRECTION('',(0.,0.,1.));
#3233=DIRECTION('',(0.,1.,0.));
#3234=DIRECTION('',(0.,-1.,0.));
#3235=DIRECTION('',(0.,0.,-1.));
#3236=DIRECTION('',(1.,0.,0.));
#3237=DIRECTION('',(0.,0.,-1.));
#3238=DIRECTION('',(0.,0.,1.));
#3239=DIRECTION('',(1.,0.,0.));
#3240=DIRECTION('',(0.,-1.,0.));
#3241=DIRECTION('',(1.,0.,0.));
#3242=DIRECTION('',(0.,1.,0.));
#3243=DIRECTION('',(1.,0.,0.));
#3244=DIRECTION('',(0.,0.,-1.));
#3245=DIRECTION('',(0.,0.866025403784434,0.500000000000008));
#3246=DIRECTION('',(0.,-0.500000000000008,0.866025403784434));
#3247=DIRECTION('',(0.,-0.500000000000008,0.866025403784434));
#3248=DIRECTION('',(1.,0.,0.));
#3249=DIRECTION('',(1.,0.,0.));
#3250=DIRECTION('',(0.,-0.866025403784438,0.5));
#3251=DIRECTION('',(0.,-0.5,-0.866025403784438));
#3252=DIRECTION('',(1.,0.,0.));
#3253=DIRECTION('',(0.,-0.5,-0.866025403784438));
#3254=DIRECTION('',(1.,0.,0.));
#3255=DIRECTION('',(0.,0.,-1.));
#3256=DIRECTION('',(-1.,0.,0.));
#3257=DIRECTION('',(1.,0.,0.));
#3258=DIRECTION('',(0.,1.,0.));
#3259=DIRECTION('',(1.,0.,0.));
#3260=DIRECTION('',(1.,0.,0.));
#3261=DIRECTION('',(0.,1.,0.));
#3262=DIRECTION('',(1.,0.,0.));
#3263=DIRECTION('',(0.,0.,-1.));
#3264=DIRECTION('',(1.,0.,0.));
#3265=DIRECTION('',(0.,0.,-1.));
#3266=DIRECTION('',(1.,0.,0.));
#3267=DIRECTION('',(0.,0.,-1.));
#3268=DIRECTION('',(1.,0.,0.));
#3269=DIRECTION('',(0.,0.,-1.));
#3270=DIRECTION('',(0.,0.,-1.));
#3271=DIRECTION('',(-1.,0.,0.));
#3272=DIRECTION('',(1.,0.,0.));
#3273=DIRECTION('',(0.,1.,0.));
#3274=DIRECTION('',(1.,0.,0.));
#3275=DIRECTION('',(0.,-1.,0.));
#3276=DIRECTION('',(0.,0.,-1.));
#3277=DIRECTION('',(1.,0.,0.));
#3278=DIRECTION('',(0.,0.,-1.));
#3279=DIRECTION('',(1.,0.,0.));
#3280=DIRECTION('',(0.,0.,1.));
#3281=DIRECTION('',(1.,0.,0.));
#3282=DIRECTION('',(0.,-0.866025403784438,0.5));
#3283=DIRECTION('',(0.,-0.5,-0.866025403784438));
#3284=DIRECTION('',(1.,0.,0.));
#3285=DIRECTION('',(0.,-0.5,-0.866025403784438));
#3286=DIRECTION('',(1.,0.,0.));
#3287=DIRECTION('',(1.,0.,0.));
#3288=DIRECTION('',(0.,1.,0.));
#3289=DIRECTION('',(1.,0.,0.));
#3290=DIRECTION('',(0.,0.,-1.));
#3291=DIRECTION('',(1.,0.,0.));
#3292=DIRECTION('',(0.,0.,-1.));
#3293=DIRECTION('',(1.,0.,0.));
#3294=DIRECTION('',(0.,0.,-1.));
#3295=DIRECTION('',(1.,0.,0.));
#3296=DIRECTION('',(0.,0.,-1.));
#3297=DIRECTION('',(1.,0.,0.));
#3298=DIRECTION('',(0.,0.,-1.));
#3299=DIRECTION('',(1.,0.,0.));
#3300=DIRECTION('',(0.,0.,-1.));
#3301=DIRECTION('',(1.,0.,0.));
#3302=DIRECTION('',(0.,0.,-1.));
#3303=DIRECTION('',(1.,0.,0.));
#3304=DIRECTION('',(0.,0.,-1.));
#3305=DIRECTION('',(1.,0.,0.));
#3306=DIRECTION('',(0.,0.,-1.));
#3307=DIRECTION('',(0.,0.866025403784434,0.500000000000008));
#3308=DIRECTION('',(0.,-0.500000000000008,0.866025403784434));
#3309=DIRECTION('',(1.,0.,0.));
#3310=DIRECTION('',(0.,-0.500000000000008,0.866025403784434));
#3311=DIRECTION('',(1.,0.,0.));
#3312=DIRECTION('',(0.,0.,-1.));
#3313=DIRECTION('',(-1.,0.,0.));
#3314=DIRECTION('',(0.,1.,0.));
#3315=DIRECTION('',(1.,0.,0.));
#3316=DIRECTION('',(1.,0.,0.));
#3317=DIRECTION('',(0.,1.,0.));
#3318=DIRECTION('',(1.,0.,0.));
#3319=DIRECTION('',(0.,0.,-1.));
#3320=DIRECTION('',(1.,0.,0.));
#3321=DIRECTION('',(0.,0.,-1.));
#3322=DIRECTION('',(0.,0.86602540378444,0.5));
#3323=DIRECTION('',(0.,-0.5,0.86602540378444));
#3324=DIRECTION('',(1.,0.,0.));
#3325=DIRECTION('',(0.,-0.5,0.86602540378444));
#3326=DIRECTION('',(1.,0.,0.));
#3327=DIRECTION('',(0.,-0.866025403784438,0.5));
#3328=DIRECTION('',(0.,-0.5,-0.866025403784438));
#3329=DIRECTION('',(1.,0.,0.));
#3330=DIRECTION('',(0.,-0.5,-0.866025403784438));
#3331=DIRECTION('',(1.,0.,0.));
#3332=DIRECTION('',(0.,0.,-1.));
#3333=DIRECTION('',(-1.,0.,0.));
#3334=DIRECTION('',(1.,0.,0.));
#3335=DIRECTION('',(0.,1.,0.));
#3336=DIRECTION('',(1.,0.,0.));
#3337=DIRECTION('',(1.,0.,0.));
#3338=DIRECTION('',(0.,1.,0.));
#3339=DIRECTION('',(1.,0.,0.));
#3340=DIRECTION('',(0.,0.,-1.));
#3341=DIRECTION('',(1.,0.,0.));
#3342=DIRECTION('',(0.,0.,-1.));
#3343=DIRECTION('',(1.,0.,0.));
#3344=DIRECTION('',(0.,0.,-1.));
#3345=DIRECTION('',(1.,0.,0.));
#3346=DIRECTION('',(0.,0.,-1.));
#3347=DIRECTION('',(0.,0.866025403784434,0.500000000000008));
#3348=DIRECTION('',(0.,-0.500000000000008,0.866025403784434));
#3349=DIRECTION('',(1.,0.,0.));
#3350=DIRECTION('',(0.,-0.500000000000008,0.866025403784434));
#3351=DIRECTION('',(1.,0.,0.));
#3352=DIRECTION('',(0.,-0.866025403784438,0.5));
#3353=DIRECTION('',(0.,-0.5,-0.866025403784438));
#3354=DIRECTION('',(1.,0.,0.));
#3355=DIRECTION('',(0.,-0.5,-0.866025403784438));
#3356=DIRECTION('',(1.,0.,0.));
#3357=DIRECTION('',(0.,0.,-1.));
#3358=DIRECTION('',(-1.,0.,0.));
#3359=DIRECTION('',(1.,0.,0.));
#3360=DIRECTION('',(0.,1.,0.));
#3361=DIRECTION('',(1.,0.,0.));
#3362=DIRECTION('',(1.,0.,0.));
#3363=DIRECTION('',(0.,1.,0.));
#3364=DIRECTION('',(1.,0.,0.));
#3365=DIRECTION('',(0.,0.,-1.));
#3366=DIRECTION('',(1.,0.,0.));
#3367=DIRECTION('',(0.,0.,-1.));
#3368=DIRECTION('',(1.,0.,0.));
#3369=DIRECTION('',(0.,0.,-1.));
#3370=DIRECTION('',(1.,0.,0.));
#3371=DIRECTION('',(0.,0.,-1.));
#3372=DIRECTION('',(0.,0.,-1.));
#3373=DIRECTION('',(-1.,0.,0.));
#3374=DIRECTION('',(1.,0.,0.));
#3375=DIRECTION('',(0.,1.,0.));
#3376=DIRECTION('',(1.,0.,0.));
#3377=DIRECTION('',(0.,0.,-1.));
#3378=DIRECTION('',(-1.,0.,0.));
#3379=DIRECTION('',(0.,-1.,0.));
#3380=DIRECTION('',(1.,0.,0.));
#3381=DIRECTION('',(0.,1.,0.));
#3382=DIRECTION('',(1.,0.,0.));
#3383=DIRECTION('',(0.,1.,6.93889390390723E-16));
#3384=DIRECTION('',(0.,-6.93889390390723E-16,1.));
#3385=DIRECTION('',(0.,6.93889390390723E-16,-1.));
#3386=DIRECTION('',(1.,0.,0.));
#3387=DIRECTION('',(0.,-6.93889390390723E-16,1.));
#3388=DIRECTION('',(1.,0.,0.));
#3389=DIRECTION('',(0.,0.,1.));
#3390=DIRECTION('',(1.,0.,0.));
#3391=DIRECTION('',(1.,0.,0.));
#3392=DIRECTION('',(0.,-1.,0.));
#3393=DIRECTION('',(1.,0.,0.));
#3394=DIRECTION('',(0.,1.,0.));
#3395=DIRECTION('',(1.,0.,0.));
#3396=DIRECTION('',(0.,-0.866025403784438,0.5));
#3397=DIRECTION('',(0.,-0.5,-0.866025403784438));
#3398=DIRECTION('',(1.,0.,0.));
#3399=DIRECTION('',(0.,-0.5,-0.866025403784438));
#3400=DIRECTION('',(1.,0.,0.));
#3401=DIRECTION('',(1.,0.,0.));
#3402=DIRECTION('',(0.,1.,0.));
#3403=DIRECTION('',(1.,0.,0.));
#3404=DIRECTION('',(0.,0.,-1.));
#3405=DIRECTION('',(1.,0.,0.));
#3406=DIRECTION('',(0.,0.,-1.));
#3407=DIRECTION('',(1.,0.,0.));
#3408=DIRECTION('',(0.,0.,-1.));
#3409=DIRECTION('',(1.,0.,0.));
#3410=DIRECTION('',(0.,0.,-1.));
#3411=DIRECTION('',(1.,0.,0.));
#3412=DIRECTION('',(0.,0.,-1.));
#3413=DIRECTION('',(1.,0.,0.));
#3414=DIRECTION('',(0.,0.,-1.));
#3415=DIRECTION('',(1.,0.,0.));
#3416=DIRECTION('',(0.,0.,-1.));
#3417=DIRECTION('',(1.,0.,0.));
#3418=DIRECTION('',(0.,0.,-1.));
#3419=DIRECTION('',(1.,0.,0.));
#3420=DIRECTION('',(0.,0.,-1.));
#3421=DIRECTION('',(0.,0.866025403784434,0.500000000000008));
#3422=DIRECTION('',(0.,-0.500000000000008,0.866025403784434));
#3423=DIRECTION('',(0.,-0.500000000000008,0.866025403784434));
#3424=DIRECTION('',(1.,0.,0.));
#3425=DIRECTION('',(1.,0.,0.));
#3426=DIRECTION('',(0.,0.,-1.));
#3427=DIRECTION('',(-1.,0.,0.));
#3428=DIRECTION('',(1.,0.,0.));
#3429=DIRECTION('',(0.,1.,0.));
#3430=DIRECTION('',(1.,0.,0.));
#3431=DIRECTION('',(0.,1.,0.));
#3432=DIRECTION('',(1.,0.,0.));
#3433=DIRECTION('',(0.,0.,-1.));
#3434=DIRECTION('',(1.,0.,0.));
#3435=DIRECTION('',(0.,0.,-1.));
#3436=DIRECTION('',(0.,0.86602540378444,0.5));
#3437=DIRECTION('',(0.,-0.5,0.86602540378444));
#3438=DIRECTION('',(1.,0.,0.));
#3439=DIRECTION('',(0.,-0.5,0.86602540378444));
#3440=DIRECTION('',(1.,0.,0.));
#3441=DIRECTION('',(0.,-0.866025403784438,0.5));
#3442=DIRECTION('',(0.,-0.5,-0.866025403784438));
#3443=DIRECTION('',(0.,-0.5,-0.866025403784438));
#3444=DIRECTION('',(1.,0.,0.));
#3445=DIRECTION('',(1.,0.,0.));
#3446=DIRECTION('',(0.,0.,-1.));
#3447=DIRECTION('',(-1.,0.,0.));
#3448=DIRECTION('',(1.,0.,0.));
#3449=DIRECTION('',(0.,1.,0.));
#3450=DIRECTION('',(1.,0.,0.));
#3451=DIRECTION('',(1.,0.,0.));
#3452=DIRECTION('',(0.,1.,0.));
#3453=DIRECTION('',(1.,0.,0.));
#3454=DIRECTION('',(0.,0.,-1.));
#3455=DIRECTION('',(1.,0.,0.));
#3456=DIRECTION('',(0.,0.,-1.));
#3457=DIRECTION('',(1.,0.,0.));
#3458=DIRECTION('',(0.,0.,-1.));
#3459=DIRECTION('',(1.,0.,0.));
#3460=DIRECTION('',(0.,0.,-1.));
#3461=DIRECTION('',(0.,0.896388342514395,-0.443269601263494));
#3462=DIRECTION('',(0.,0.443269601263494,0.896388342514395));
#3463=DIRECTION('',(0.,0.443269601263494,0.896388342514395));
#3464=DIRECTION('',(1.,0.,0.));
#3465=DIRECTION('',(1.,0.,0.));
#3466=DIRECTION('',(0.,1.,0.));
#3467=DIRECTION('',(1.,0.,0.));
#3468=DIRECTION('',(0.,0.,-1.));
#3469=DIRECTION('',(1.,0.,0.));
#3470=DIRECTION('',(0.,0.,-1.));
#3471=DIRECTION('',(1.,0.,0.));
#3472=DIRECTION('',(0.,0.,-1.));
#3473=DIRECTION('',(1.,0.,0.));
#3474=DIRECTION('',(0.,0.,-1.));
#3475=DIRECTION('',(1.,0.,0.));
#3476=DIRECTION('',(0.,0.,-1.));
#3477=DIRECTION('',(1.,0.,0.));
#3478=DIRECTION('',(0.,0.,-1.));
#3479=DIRECTION('',(0.,0.443269601263494,0.896388342514395));
#3480=DIRECTION('',(0.,0.896388342514394,-0.443269601263494));
#3481=DIRECTION('',(0.,0.896388342514395,-0.443269601263494));
#3482=DIRECTION('',(0.,0.443269601263494,0.896388342514395));
#3483=DIRECTION('',(1.,0.,0.));
#3484=DIRECTION('',(0.,-0.443269601263494,-0.896388342514394));
#3485=DIRECTION('',(0.,0.896388342514394,-0.443269601263494));
#3486=DIRECTION('',(0.,-0.896388342514395,0.443269601263494));
#3487=DIRECTION('',(0.,-0.443269601263494,-0.896388342514395));
#3488=DIRECTION('',(-1.,0.,0.));
#3489=DIRECTION('',(0.,0.443269601263494,0.896388342514395));
#3490=DIRECTION('',(1.,0.,0.));
#3491=DIRECTION('',(0.,1.,0.));
#3492=DIRECTION('',(1.,0.,0.));
#3493=DIRECTION('',(0.,0.,-1.));
#3494=DIRECTION('',(1.,0.,0.));
#3495=DIRECTION('',(0.,0.,-1.));
#3496=DIRECTION('',(1.,0.,0.));
#3497=DIRECTION('',(0.,0.,-1.));
#3498=DIRECTION('',(1.,0.,0.));
#3499=DIRECTION('',(0.,0.,-1.));
#3500=DIRECTION('',(1.,0.,0.));
#3501=DIRECTION('',(0.,0.,-1.));
#3502=DIRECTION('',(1.,0.,0.));
#3503=DIRECTION('',(0.,0.,-1.));
#3504=DIRECTION('',(0.,0.896388342514394,-0.443269601263494));
#3505=DIRECTION('',(0.,0.443269601263494,0.896388342514395));
#3506=DIRECTION('',(0.,-0.896388342514395,0.443269601263494));
#3507=DIRECTION('',(0.,-0.443269601263494,-0.896388342514395));
#3508=DIRECTION('',(-1.,0.,0.));
#3509=DIRECTION('',(0.,0.443269601263494,0.896388342514394));
#3510=DIRECTION('',(0.,-0.896388342514394,0.443269601263494));
#3511=DIRECTION('',(1.,0.,0.));
#3512=DIRECTION('',(0.,0.,-1.));
#3513=DIRECTION('',(1.,0.,0.));
#3514=DIRECTION('',(0.,0.,-1.));
#3515=DIRECTION('',(1.,0.,0.));
#3516=DIRECTION('',(0.,0.,-1.));
#3517=DIRECTION('',(1.,0.,0.));
#3518=DIRECTION('',(0.,0.,-1.));
#3519=DIRECTION('',(-1.,0.,0.));
#3520=DIRECTION('',(0.,0.,1.));
#3521=DIRECTION('',(-1.,0.,0.));
#3522=DIRECTION('',(0.,0.,1.));
#3523=DIRECTION('',(1.,0.,0.));
#3524=DIRECTION('',(0.,0.,-1.));
#3525=DIRECTION('',(-1.,0.,0.));
#3526=DIRECTION('',(0.,0.,1.));
#3527=DIRECTION('',(-1.,0.,0.));
#3528=DIRECTION('',(0.,0.,1.));
#3529=DIRECTION('',(1.,0.,0.));
#3530=DIRECTION('',(0.,0.,-1.));
#3531=DIRECTION('',(-1.,0.,0.));
#3532=DIRECTION('',(0.,0.,1.));
#3533=DIRECTION('',(1.,0.,0.));
#3534=DIRECTION('',(0.,0.,-1.));
#3535=DIRECTION('',(-1.,0.,0.));
#3536=DIRECTION('',(0.,0.,1.));
#3537=DIRECTION('',(1.,0.,0.));
#3538=DIRECTION('',(0.,0.,-1.));
#3539=DIRECTION('',(-1.,0.,0.));
#3540=DIRECTION('',(0.,0.,1.));
#3541=DIRECTION('',(1.,0.,0.));
#3542=DIRECTION('',(0.,0.,-1.));
#3543=DIRECTION('',(1.,0.,0.));
#3544=DIRECTION('',(0.,0.,-1.));
#3545=DIRECTION('',(1.,0.,0.));
#3546=DIRECTION('',(0.,0.,-1.));
#3547=DIRECTION('',(1.,0.,0.));
#3548=DIRECTION('',(0.,0.,-1.));
#3549=DIRECTION('',(1.,0.,0.));
#3550=DIRECTION('',(0.,0.,-1.));
#3551=DIRECTION('',(1.,0.,0.));
#3552=DIRECTION('',(0.,0.,-1.));
#3553=DIRECTION('',(-1.,0.,0.));
#3554=DIRECTION('',(0.,0.,1.));
#3555=DIRECTION('',(-1.,0.,0.));
#3556=DIRECTION('',(0.,0.,1.));
#3557=DIRECTION('',(1.,0.,0.));
#3558=DIRECTION('',(0.,0.,-1.));
#3559=DIRECTION('',(1.,0.,0.));
#3560=DIRECTION('',(0.,0.,-1.));
#3561=DIRECTION('',(1.,0.,0.));
#3562=DIRECTION('',(0.,0.,-1.));
#3563=DIRECTION('',(1.,0.,0.));
#3564=DIRECTION('',(0.,0.,-1.));
#3565=DIRECTION('',(1.,0.,0.));
#3566=DIRECTION('',(0.,0.,-1.));
#3567=DIRECTION('',(1.,0.,0.));
#3568=DIRECTION('',(0.,0.,-1.));
#3569=DIRECTION('',(-1.,0.,0.));
#3570=DIRECTION('',(0.,0.,1.));
#3571=DIRECTION('',(1.,0.,0.));
#3572=DIRECTION('',(0.,0.,-1.));
#3573=DIRECTION('',(-1.,0.,0.));
#3574=DIRECTION('',(0.,0.,1.));
#3575=DIRECTION('',(-1.,0.,0.));
#3576=DIRECTION('',(0.,0.,1.));
#3577=DIRECTION('',(1.,0.,0.));
#3578=DIRECTION('',(0.,0.,-1.));
#3579=DIRECTION('',(1.,0.,0.));
#3580=DIRECTION('',(0.,0.,-1.));
#3581=DIRECTION('',(-1.,0.,0.));
#3582=DIRECTION('',(0.,0.,1.));
#3583=DIRECTION('',(1.,0.,0.));
#3584=DIRECTION('',(0.,0.,-1.));
#3585=DIRECTION('',(-1.,0.,0.));
#3586=DIRECTION('',(0.,0.,1.));
#3587=DIRECTION('',(0.,0.,-1.));
#3588=DIRECTION('',(-1.,0.,0.));
#3589=DIRECTION('',(0.,0.,-1.));
#3590=DIRECTION('',(0.,0.,-1.));
#3591=DIRECTION('',(0.707106781186548,-0.707106781186548,0.));
#3592=DIRECTION('',(0.707106781186548,0.707106781186548,0.));
#3593=DIRECTION('',(0.,0.,-1.));
#3594=DIRECTION('',(0.,0.,-1.));
#3595=DIRECTION('',(-1.,0.,0.));
#3596=DIRECTION('',(0.,0.,-1.));
#3597=DIRECTION('',(0.,-1.,0.));
#3598=DIRECTION('',(0.,0.,-1.));
#3599=DIRECTION('',(0.,0.,-1.));
#3600=DIRECTION('',(0.,0.,-1.));
#3601=DIRECTION('',(-1.,0.,0.));
#3602=DIRECTION('',(0.,0.,-1.));
#3603=DIRECTION('',(-0.707106781186548,-0.707106781186548,0.));
#3604=DIRECTION('',(0.707106781186548,-0.707106781186548,0.));
#3605=DIRECTION('',(0.,0.,-1.));
#3606=DIRECTION('',(0.,0.,-1.));
#3607=DIRECTION('',(-1.,0.,0.));
#3608=DIRECTION('',(0.,0.,-1.));
#3609=DIRECTION('',(-1.,0.,0.));
#3610=DIRECTION('',(0.,0.,1.));
#3611=DIRECTION('',(0.,0.,-1.));
#3612=DIRECTION('',(0.,0.,-1.));
#3613=DIRECTION('',(-1.,0.,0.));
#3614=DIRECTION('',(0.,0.,-1.));
#3615=DIRECTION('',(-0.707106781186548,0.707106781186548,0.));
#3616=DIRECTION('',(-0.707106781186548,-0.707106781186548,0.));
#3617=DIRECTION('',(0.,0.,-1.));
#3618=DIRECTION('',(0.,0.,-1.));
#3619=DIRECTION('',(-1.,0.,0.));
#3620=DIRECTION('',(0.,0.,-1.));
#3621=DIRECTION('',(0.,1.,0.));
#3622=DIRECTION('',(0.,0.,1.));
#3623=DIRECTION('',(0.,0.,-1.));
#3624=DIRECTION('',(0.,0.,-1.));
#3625=DIRECTION('',(-1.,0.,0.));
#3626=DIRECTION('',(0.,0.,-1.));
#3627=DIRECTION('',(0.707106781186548,0.707106781186548,0.));
#3628=DIRECTION('',(-0.707106781186548,0.707106781186548,0.));
#3629=DIRECTION('',(0.,0.,-1.));
#3630=DIRECTION('',(0.,0.,-1.));
#3631=DIRECTION('',(-1.,0.,0.));
#3632=DIRECTION('',(0.,0.,-1.));
#3633=DIRECTION('',(1.,0.,0.));
#3634=DIRECTION('',(0.,0.,-1.));
#3635=CARTESIAN_POINT('',(0.,0.,0.));
#3636=CARTESIAN_POINT('',(-0.756,0.175951539027844,-0.167));
#3637=CARTESIAN_POINT('',(0.0175,0.0973229767096802,-0.167));
#3638=CARTESIAN_POINT('',(0.0175,0.104580336022561,-0.167));
#3639=CARTESIAN_POINT('',(0.0175,0.0985656173967995,-0.167));
#3640=CARTESIAN_POINT('',(0.0145,0.0985656173967995,-0.167));
#3641=CARTESIAN_POINT('',(0.0166213203435596,0.0964442970532398,-0.167));
#3642=CARTESIAN_POINT('',(0.0125,0.0923229767096802,-0.167));
#3643=CARTESIAN_POINT('',(0.0133786796564404,0.0932016563661205,-0.167));
#3644=CARTESIAN_POINT('',(0.0112573593128807,0.0953229767096802,-0.167));
#3645=CARTESIAN_POINT('',(0.0112573593128807,0.0923229767096802,-0.167));
#3646=CARTESIAN_POINT('',(-0.0125,0.0923229767096802,-0.167));
#3647=CARTESIAN_POINT('',(-0.0112573593128807,0.0923229767096802,-0.167));
#3648=CARTESIAN_POINT('',(-0.0112573593128807,0.0953229767096802,-0.167));
#3649=CARTESIAN_POINT('',(-0.0133786796564404,0.0932016563661205,-0.167));
#3650=CARTESIAN_POINT('',(-0.0125,0.0923229767096802,-0.167));
#3651=CARTESIAN_POINT('',(-0.0166213203435596,0.0964442970532398,-0.167));
#3652=CARTESIAN_POINT('',(-0.0145,0.0985656173967995,-0.167));
#3653=CARTESIAN_POINT('',(-0.0175,0.0985656173967995,-0.167));
#3654=CARTESIAN_POINT('',(-0.0175,0.0973229767096802,-0.167));
#3655=CARTESIAN_POINT('',(-0.0175,0.104580336022561,-0.167));
#3656=CARTESIAN_POINT('',(-0.0145,0.104580336022561,-0.167));
#3657=CARTESIAN_POINT('',(-0.0166213203435596,0.10670165636612,-0.167));
#3658=CARTESIAN_POINT('',(-0.0175,0.10582297670968,-0.167));
#3659=CARTESIAN_POINT('',(-0.0133786796564404,0.10994429705324,-0.167));
#3660=CARTESIAN_POINT('',(-0.0112573593128807,0.10782297670968,-0.167));
#3661=CARTESIAN_POINT('',(-0.0112573593128807,0.11082297670968,-0.167));
#3662=CARTESIAN_POINT('',(-0.0125,0.11082297670968,-0.167));
#3663=CARTESIAN_POINT('',(0.0112573593128807,0.11082297670968,-0.167));
#3664=CARTESIAN_POINT('',(0.0112573593128807,0.10782297670968,-0.167));
#3665=CARTESIAN_POINT('',(0.0133786796564404,0.10994429705324,-0.167));
#3666=CARTESIAN_POINT('',(0.0175,0.10582297670968,-0.167));
#3667=CARTESIAN_POINT('',(0.0166213203435596,0.10670165636612,-0.167));
#3668=CARTESIAN_POINT('',(0.0145,0.104580336022561,-0.167));
#3669=CARTESIAN_POINT('',(0.1,0.175951539027844,-0.167));
#3670=CARTESIAN_POINT('',(0.1,0.168806264812362,-0.167));
#3671=CARTESIAN_POINT('',(0.1,0.19752085142664,-0.167));
#3672=CARTESIAN_POINT('',(0.092,0.19752085142664,-0.167));
#3673=CARTESIAN_POINT('',(0.092,0.19752085142664,-0.167));
#3674=CARTESIAN_POINT('',(0.092,0.175951539027844,-0.167));
#3675=CARTESIAN_POINT('',(0.092,0.228881374871583,-0.167));
#3676=CARTESIAN_POINT('',(-0.756,0.228881374871583,-0.167));
#3677=CARTESIAN_POINT('',(-0.092,0.228881374871583,-0.167));
#3678=CARTESIAN_POINT('',(-0.092,0.175951539027844,-0.167));
#3679=CARTESIAN_POINT('',(-0.092,0.19752085142664,-0.167));
#3680=CARTESIAN_POINT('',(-0.1,0.19752085142664,-0.167));
#3681=CARTESIAN_POINT('',(-0.1,0.19752085142664,-0.167));
#3682=CARTESIAN_POINT('',(-0.1,-0.00649999999999978,-0.167));
#3683=CARTESIAN_POINT('',(-0.1,0.168806264812362,-0.167));
#3684=CARTESIAN_POINT('',(-0.092,0.168806264812362,-0.167));
#3685=CARTESIAN_POINT('',(-0.092,0.168806264812362,-0.167));
#3686=CARTESIAN_POINT('',(-0.092,0.175951539027844,-0.167));
#3687=CARTESIAN_POINT('',(-0.092,0.13377545717578,-0.167));
#3688=CARTESIAN_POINT('',(-0.1,0.13377545717578,-0.167));
#3689=CARTESIAN_POINT('',(-0.1,0.13377545717578,-0.167));
#3690=CARTESIAN_POINT('',(-0.1,-0.00649999999999978,-0.167));
#3691=CARTESIAN_POINT('',(-0.1,0.105060870561503,-0.167));
#3692=CARTESIAN_POINT('',(-0.092,0.105060870561503,-0.167));
#3693=CARTESIAN_POINT('',(-0.092,0.105060870561503,-0.167));
#3694=CARTESIAN_POINT('',(-0.092,0.175951539027844,-0.167));
#3695=CARTESIAN_POINT('',(-0.092,0.0660217031841056,-0.167));
#3696=CARTESIAN_POINT('',(-0.756,0.0660217031841056,-0.167));
#3697=CARTESIAN_POINT('',(0.092,0.0660217031841056,-0.167));
#3698=CARTESIAN_POINT('',(0.092,0.175951539027844,-0.167));
#3699=CARTESIAN_POINT('',(0.092,0.105060870561503,-0.167));
#3700=CARTESIAN_POINT('',(0.1,0.105060870561503,-0.167));
#3701=CARTESIAN_POINT('',(0.1,0.105060870561503,-0.167));
#3702=CARTESIAN_POINT('',(0.1,0.175951539027844,-0.167));
#3703=CARTESIAN_POINT('',(0.1,0.13377545717578,-0.167));
#3704=CARTESIAN_POINT('',(0.092,0.13377545717578,-0.167));
#3705=CARTESIAN_POINT('',(0.092,0.13377545717578,-0.167));
#3706=CARTESIAN_POINT('',(0.092,0.175951539027844,-0.167));
#3707=CARTESIAN_POINT('',(0.092,0.168806264812362,-0.167));
#3708=CARTESIAN_POINT('',(0.1,0.168806264812362,-0.167));
#3709=CARTESIAN_POINT('',(0.1,0.14591148835484,-0.175));
#3710=CARTESIAN_POINT('',(0.0145,0.0985656173967995,-0.175));
#3711=CARTESIAN_POINT('',(0.0175,0.0985656173967995,-0.175));
#3712=CARTESIAN_POINT('',(0.0166213203435596,0.0964442970532398,-0.175));
#3713=CARTESIAN_POINT('',(0.0175,0.14591148835484,-0.175));
#3714=CARTESIAN_POINT('',(0.0175,0.104580336022561,-0.175));
#3715=CARTESIAN_POINT('',(0.0145,0.104580336022561,-0.175));
#3716=CARTESIAN_POINT('',(0.0166213203435596,0.10670165636612,-0.175));
#3717=CARTESIAN_POINT('',(0.0387057441774201,0.0846172325322601,-0.175));
#3718=CARTESIAN_POINT('',(0.0133786796564404,0.10994429705324,-0.175));
#3719=CARTESIAN_POINT('',(0.0112573593128807,0.10782297670968,-0.175));
#3720=CARTESIAN_POINT('',(0.0112573593128807,0.11082297670968,-0.175));
#3721=CARTESIAN_POINT('',(0.1,0.11082297670968,-0.175));
#3722=CARTESIAN_POINT('',(-0.0112573593128807,0.11082297670968,-0.175));
#3723=CARTESIAN_POINT('',(-0.0112573593128807,0.10782297670968,-0.175));
#3724=CARTESIAN_POINT('',(-0.0133786796564404,0.10994429705324,-0.175));
#3725=CARTESIAN_POINT('',(0.06129425582258,0.18461723253226,-0.175));
#3726=CARTESIAN_POINT('',(-0.0166213203435596,0.10670165636612,-0.175));
#3727=CARTESIAN_POINT('',(-0.0145,0.104580336022561,-0.175));
#3728=CARTESIAN_POINT('',(-0.0175,0.104580336022561,-0.175));
#3729=CARTESIAN_POINT('',(-0.0175,0.14591148835484,-0.175));
#3730=CARTESIAN_POINT('',(-0.0175,0.0985656173967995,-0.175));
#3731=CARTESIAN_POINT('',(-0.0145,0.0985656173967995,-0.175));
#3732=CARTESIAN_POINT('',(-0.0166213203435596,0.0964442970532398,-0.175));
#3733=CARTESIAN_POINT('',(0.01695574417742,0.0628672325322601,-0.175));
#3734=CARTESIAN_POINT('',(-0.0133786796564404,0.0932016563661205,-0.175));
#3735=CARTESIAN_POINT('',(-0.0112573593128807,0.0953229767096802,-0.175));
#3736=CARTESIAN_POINT('',(-0.0112573593128807,0.0923229767096802,-0.175));
#3737=CARTESIAN_POINT('',(0.1,0.0923229767096802,-0.175));
#3738=CARTESIAN_POINT('',(0.0112573593128807,0.0923229767096802,-0.175));
#3739=CARTESIAN_POINT('',(0.0112573593128807,0.0953229767096802,-0.175));
#3740=CARTESIAN_POINT('',(0.0133786796564404,0.0932016563661205,-0.175));
#3741=CARTESIAN_POINT('',(0.08304425582258,0.16286723253226,-0.175));
#3742=CARTESIAN_POINT('',(-0.096,0.23,-0.175));
#3743=CARTESIAN_POINT('',(-0.096,0.0658229767096802,-0.175));
#3744=CARTESIAN_POINT('',(-0.096,0.226,-0.175));
#3745=CARTESIAN_POINT('',(0.1,0.226,-0.175));
#3746=CARTESIAN_POINT('',(0.096,0.226,-0.175));
#3747=CARTESIAN_POINT('',(0.096,0.14591148835484,-0.175));
#3748=CARTESIAN_POINT('',(0.096,0.0658229767096802,-0.175));
#3749=CARTESIAN_POINT('',(0.1,0.0658229767096802,-0.175));
#3750=CARTESIAN_POINT('',(-0.756,0.0160217031841056,-0.119163323737702));
#3751=CARTESIAN_POINT('',(-0.092,0.0160217031841056,-0.119163323737702));
#3752=CARTESIAN_POINT('',(-0.092,0.0295052878073674,-0.119163323737702));
#3753=CARTESIAN_POINT('',(-0.092,0.0660217031841056,-0.119163323737702));
#3754=CARTESIAN_POINT('',(-0.155,0.0295052878073674,-0.119163323737702));
#3755=CARTESIAN_POINT('',(0.092,0.0295052878073674,-0.119163323737702));
#3756=CARTESIAN_POINT('',(0.092,0.0160217031841056,-0.119163323737702));
#3757=CARTESIAN_POINT('',(0.092,0.0660217031841056,-0.119163323737702));
#3758=CARTESIAN_POINT('',(-0.756,0.0660217031841056,-0.119163323737702));
#3759=CARTESIAN_POINT('',(-0.1,0.0760217031841056,-0.128581661868851));
#3760=CARTESIAN_POINT('',(-0.096,0.0760217031841056,-0.128581661868851));
#3761=CARTESIAN_POINT('',(-0.096,0.0760217031841056,-0.153850698534385));
#3762=CARTESIAN_POINT('',(-0.096,0.0760217031841056,-0.101163323737702));
#3763=CARTESIAN_POINT('',(-0.1,0.0760217031841056,-0.101163323737702));
#3764=CARTESIAN_POINT('',(-0.092,0.0760217031841056,-0.101163323737702));
#3765=CARTESIAN_POINT('',(-0.092,0.0760217031841056,-0.128581661868851));
#3766=CARTESIAN_POINT('',(-0.092,0.0760217031841056,-0.156));
#3767=CARTESIAN_POINT('',(-0.1,0.0760217031841056,-0.156));
#3768=CARTESIAN_POINT('',(-0.1,0.0760217031841056,-0.156));
#3769=CARTESIAN_POINT('',(-0.1,0.0760217031841056,-0.128581661868851));
#3770=CARTESIAN_POINT('',(-0.1,0.0760217031841056,-0.153850698534385));
#3771=CARTESIAN_POINT('',(-0.1,0.0760217031841056,-0.153850698534385));
#3772=CARTESIAN_POINT('',(0.1,-0.00649999999999978,-0.0100000000000003));
#3773=CARTESIAN_POINT('',(0.1,0.213894400309536,-0.158));
#3774=CARTESIAN_POINT('',(0.1,0.199252902234209,-0.158));
#3775=CARTESIAN_POINT('',(0.1,0.232,-0.158));
#3776=CARTESIAN_POINT('',(0.1,0.199252902234209,-0.16));
#3777=CARTESIAN_POINT('',(0.1,0.19752085142664,-0.161));
#3778=CARTESIAN_POINT('',(0.1,0.198386876830424,-0.1625));
#3779=CARTESIAN_POINT('',(0.1,0.199252902234209,-0.164));
#3780=CARTESIAN_POINT('',(0.1,0.19752085142664,-0.165));
#3781=CARTESIAN_POINT('',(0.1,0.168806264812362,-0.165));
#3782=CARTESIAN_POINT('',(0.1,0.167074214004794,-0.164));
#3783=CARTESIAN_POINT('',(0.1,0.167940239408578,-0.1625));
#3784=CARTESIAN_POINT('',(0.1,0.168806264812362,-0.161));
#3785=CARTESIAN_POINT('',(0.1,0.167074214004794,-0.16));
#3786=CARTESIAN_POINT('',(0.1,0.167074214004794,-0.158));
#3787=CARTESIAN_POINT('',(0.1,0.151290860994071,-0.158));
#3788=CARTESIAN_POINT('',(0.1,0.135507507983349,-0.158));
#3789=CARTESIAN_POINT('',(0.1,0.135507507983349,-0.16));
#3790=CARTESIAN_POINT('',(0.1,0.13377545717578,-0.161));
#3791=CARTESIAN_POINT('',(0.1,0.134641482579565,-0.1625));
#3792=CARTESIAN_POINT('',(0.1,0.135507507983349,-0.164));
#3793=CARTESIAN_POINT('',(0.1,0.13377545717578,-0.165));
#3794=CARTESIAN_POINT('',(0.1,0.105060870561503,-0.165));
#3795=CARTESIAN_POINT('',(0.1,0.103328819753934,-0.164));
#3796=CARTESIAN_POINT('',(0.1,0.104194845157718,-0.1625));
#3797=CARTESIAN_POINT('',(0.1,0.105060870561503,-0.161));
#3798=CARTESIAN_POINT('',(0.1,0.103328819753934,-0.16));
#3799=CARTESIAN_POINT('',(0.1,0.103328819753934,-0.158));
#3800=CARTESIAN_POINT('',(0.1,0.0914073122765886,-0.158));
#3801=CARTESIAN_POINT('',(0.1,0.0780217031841056,-0.158));
#3802=CARTESIAN_POINT('',(0.1,0.0780217031841056,-0.156));
#3803=CARTESIAN_POINT('',(0.1,0.0760217031841056,-0.156));
#3804=CARTESIAN_POINT('',(0.1,0.0760217031841056,-0.128581661868851));
#3805=CARTESIAN_POINT('',(0.1,0.0760217031841056,-0.153850698534385));
#3806=CARTESIAN_POINT('',(0.1,0.0794562220536081,-0.146905348192308));
#3807=CARTESIAN_POINT('',(0.1,0.0705908300283383,-0.164833115042597));
#3808=CARTESIAN_POINT('',(0.1,0.0168075294774746,-0.138236938966787));
#3809=CARTESIAN_POINT('',(0.1,-0.0369757710733889,-0.111640762890977));
#3810=CARTESIAN_POINT('',(0.1,-0.0281103790481191,-0.0937129960406892));
#3811=CARTESIAN_POINT('',(0.1,-0.0258605378442859,-0.0891633237377022));
#3812=CARTESIAN_POINT('',(0.1,-0.00897829681589437,-0.0891633237377022));
#3813=CARTESIAN_POINT('',(0.1,-0.0319782968158943,-0.0891633237377022));
#3814=CARTESIAN_POINT('',(0.1,-0.0319782968158943,-0.0871633237377022));
#3815=CARTESIAN_POINT('',(0.1,-0.0339782968158944,-0.0871633237377022));
#3816=CARTESIAN_POINT('',(0.1,-0.0339782968158944,-0.0783807142265248));
#3817=CARTESIAN_POINT('',(0.1,-0.0339782968158944,-0.0451340031002096));
#3818=CARTESIAN_POINT('',(0.1,-0.0319782968158944,-0.0451340031002096));
#3819=CARTESIAN_POINT('',(0.1,-0.0337103476234633,-0.0441340031002095));
#3820=CARTESIAN_POINT('',(0.1,-0.031380220604541,-0.0400981047153473));
#3821=CARTESIAN_POINT('',(0.1,-0.0305141952007566,-0.0385981047153473));
#3822=CARTESIAN_POINT('',(0.1,-0.0322462460083255,-0.0375981047153473));
#3823=CARTESIAN_POINT('',(0.1,-0.0322462460083255,-0.0355981047153473));
#3824=CARTESIAN_POINT('',(0.1,-0.0491677534856707,-0.0355981047153473));
#3825=CARTESIAN_POINT('',(0.1,-0.0660892609630159,-0.0355981047153473));
#3826=CARTESIAN_POINT('',(0.1,-0.0660892609630159,-0.0375981047153473));
#3827=CARTESIAN_POINT('',(0.1,-0.0678213117705848,-0.0385981047153473));
#3828=CARTESIAN_POINT('',(0.1,-0.0669552863668003,-0.0400981047153473));
#3829=CARTESIAN_POINT('',(0.1,-0.0660892609630159,-0.0415981047153473));
#3830=CARTESIAN_POINT('',(0.1,-0.0678213117705848,-0.0425981047153473));
#3831=CARTESIAN_POINT('',(0.1,-0.0678213117705848,-0.0445981047153474));
#3832=CARTESIAN_POINT('',(0.1,-0.0597891484079472,-0.0445981047153474));
#3833=CARTESIAN_POINT('',(0.1,-0.0856,-0.0445981047153474));
#3834=CARTESIAN_POINT('',(0.1,-0.041276322392117,-0.0702021025355986));
#3835=CARTESIAN_POINT('',(0.1,-0.076136578216645,-0.0500647411451288));
#3836=CARTESIAN_POINT('',(0.1,-0.076094645227478,-0.0501374490917084));
#3837=CARTESIAN_POINT('',(0.1,-0.0339782968158944,-0.123163323737702));
#3838=CARTESIAN_POINT('',(0.1,-0.0568636617092869,-0.111846368697202));
#3839=CARTESIAN_POINT('',(0.1,0.0627579531410914,-0.171));
#3840=CARTESIAN_POINT('',(0.1,-0.00649999999999978,-0.171));
#3841=CARTESIAN_POINT('',(0.1,0.228881374871583,-0.171));
#3842=CARTESIAN_POINT('',(0.1,0.32192502836941,-0.114544244386848));
#3843=CARTESIAN_POINT('',(0.1,0.232,-0.169107723294603));
#3844=CARTESIAN_POINT('',(0.1,0.232,-0.0100000000000003));
#3845=CARTESIAN_POINT('',(0.092,0.0710217031841056,-0.0991633237377022));
#3846=CARTESIAN_POINT('',(0.096,0.0710217031841056,-0.0991633237377022));
#3847=CARTESIAN_POINT('',(0.096,0.0740217031841056,-0.0991633237377022));
#3848=CARTESIAN_POINT('',(0.096,0.0180217031841057,-0.0991633237377022));
#3849=CARTESIAN_POINT('',(0.092,0.0740217031841056,-0.0991633237377022));
#3850=CARTESIAN_POINT('',(0.092,0.0740217031841056,-0.0991633237377022));
#3851=CARTESIAN_POINT('',(0.092,0.0710217031841056,-0.0991633237377022));
#3852=CARTESIAN_POINT('',(0.092,0.0180217031841057,-0.0991633237377022));
#3853=CARTESIAN_POINT('',(0.092,0.0180217031841057,-0.0991633237377022));
#3854=CARTESIAN_POINT('',(0.092,0.0160217031841056,-0.0941633237377022));
#3855=CARTESIAN_POINT('',(0.096,0.0160217031841056,-0.0941633237377022));
#3856=CARTESIAN_POINT('',(0.096,0.0160217031841056,-0.0911633237377022));
#3857=CARTESIAN_POINT('',(0.096,0.0160217031841056,-0.0971633237377022));
#3858=CARTESIAN_POINT('',(0.092,0.0160217031841056,-0.0971633237377022));
#3859=CARTESIAN_POINT('',(0.092,0.0160217031841056,-0.0971633237377022));
#3860=CARTESIAN_POINT('',(0.092,0.0160217031841056,-0.0941633237377022));
#3861=CARTESIAN_POINT('',(0.092,0.0160217031841056,-0.0911633237377022));
#3862=CARTESIAN_POINT('',(0.092,0.0160217031841056,-0.0911633237377022));
#3863=CARTESIAN_POINT('',(0.092,-0.00897829681589437,-0.0891633237377022));
#3864=CARTESIAN_POINT('',(0.096,-0.00897829681589437,-0.0891633237377022));
#3865=CARTESIAN_POINT('',(0.096,-0.0258605378442859,-0.0891633237377022));
#3866=CARTESIAN_POINT('',(0.096,0.0140217031841056,-0.0891633237377022));
#3867=CARTESIAN_POINT('',(0.092,0.0140217031841056,-0.0891633237377022));
#3868=CARTESIAN_POINT('',(0.092,0.0140217031841056,-0.0891633237377022));
#3869=CARTESIAN_POINT('',(0.092,-0.00897829681589437,-0.0891633237377022));
#3870=CARTESIAN_POINT('',(0.092,-0.0319782968158943,-0.0891633237377022));
#3871=CARTESIAN_POINT('',(0.092,-0.0319782968158943,-0.0891633237377022));
#3872=CARTESIAN_POINT('',(0.092,-0.0258605378442859,-0.0891633237377022));
#3873=CARTESIAN_POINT('',(-0.756,0.230440687435791,-0.166053861647301));
#3874=CARTESIAN_POINT('',(-0.092,0.230440687435791,-0.166053861647301));
#3875=CARTESIAN_POINT('',(-0.092,0.232,-0.165107723294603));
#3876=CARTESIAN_POINT('',(0.092,0.230440687435791,-0.166053861647301));
#3877=CARTESIAN_POINT('',(0.092,0.232,-0.165107723294603));
#3878=CARTESIAN_POINT('',(-0.756,0.232,-0.165107723294603));
#3879=CARTESIAN_POINT('',(-0.756,-0.0339782968158944,-0.0783807142265248));
#3880=CARTESIAN_POINT('',(0.092,-0.0339782968158944,-0.0495981047153473));
#3881=CARTESIAN_POINT('',(0.092,-0.0339782968158944,-0.0451340031002096));
#3882=CARTESIAN_POINT('',(0.092,-0.0339782968158944,-0.0545981047153473));
#3883=CARTESIAN_POINT('',(0.1,-0.0339782968158944,-0.0451340031002096));
#3884=CARTESIAN_POINT('',(-0.756,-0.0339782968158944,-0.0871633237377022));
#3885=CARTESIAN_POINT('',(0.092,-0.0339782968158944,-0.0871633237377022));
#3886=CARTESIAN_POINT('',(0.092,-0.0339782968158944,-0.0783807142265248));
#3887=CARTESIAN_POINT('',(0.092,-0.0339782968158944,-0.119163323737702));
#3888=CARTESIAN_POINT('',(-0.756,-0.0339782968158944,-0.119163323737702));
#3889=CARTESIAN_POINT('',(-0.092,-0.0339782968158944,-0.119163323737702));
#3890=CARTESIAN_POINT('',(-0.092,-0.0339782968158944,-0.0783807142265248));
#3891=CARTESIAN_POINT('',(-0.092,-0.0339782968158944,-0.0871633237377022));
#3892=CARTESIAN_POINT('',(-0.756,-0.0339782968158944,-0.0871633237377022));
#3893=CARTESIAN_POINT('',(-0.1,-0.0339782968158944,-0.0871633237377022));
#3894=CARTESIAN_POINT('',(-0.1,-0.0339782968158944,-0.0100000000000003));
#3895=CARTESIAN_POINT('',(-0.1,-0.0339782968158944,-0.0451340031002096));
#3896=CARTESIAN_POINT('',(-0.092,-0.0339782968158944,-0.0451340031002096));
#3897=CARTESIAN_POINT('',(-0.092,-0.0339782968158944,-0.0451340031002096));
#3898=CARTESIAN_POINT('',(-0.092,-0.0339782968158944,-0.0495981047153473));
#3899=CARTESIAN_POINT('',(-0.092,-0.0339782968158944,-0.0545981047153473));
#3900=CARTESIAN_POINT('',(-0.092002,-0.0339782968158944,-0.0545981047153473));
#3901=CARTESIAN_POINT('',(-0.756,-0.0597891484079472,-0.0445981047153474));
#3902=CARTESIAN_POINT('',(0.092,-0.0678213117705848,-0.0445981047153474));
#3903=CARTESIAN_POINT('',(0.092,-0.0678213117705848,-0.0445981047153474));
#3904=CARTESIAN_POINT('',(0.092,-0.0597891484079472,-0.0445981047153474));
#3905=CARTESIAN_POINT('',(0.092,-0.033905162903899,-0.0445981047153474));
#3906=CARTESIAN_POINT('',(0.092,-0.0122891484079472,-0.0445981047153474));
#3907=CARTESIAN_POINT('',(0.092,0.0260217031841057,-0.0445981047153473));
#3908=CARTESIAN_POINT('',(-0.092002,0.0260217031841057,-0.0445981047153473));
#3909=CARTESIAN_POINT('',(-0.092,0.0260217031841057,-0.0445981047153473));
#3910=CARTESIAN_POINT('',(-0.092,-0.0122891484079472,-0.0445981047153474));
#3911=CARTESIAN_POINT('',(-0.092,-0.033905162903899,-0.0445981047153474));
#3912=CARTESIAN_POINT('',(-0.092,-0.0597891484079472,-0.0445981047153474));
#3913=CARTESIAN_POINT('',(-0.092,-0.0678213117705848,-0.0445981047153474));
#3914=CARTESIAN_POINT('',(-0.1,-0.0678213117705848,-0.0445981047153474));
#3915=CARTESIAN_POINT('',(-0.1,-0.0678213117705848,-0.0445981047153474));
#3916=CARTESIAN_POINT('',(-0.1,-0.00649999999999977,-0.0445981047153473));
#3917=CARTESIAN_POINT('',(-0.1,-0.0856,-0.0445981047153474));
#3918=CARTESIAN_POINT('',(-0.756,-0.0856,-0.0445981047153474));
#3919=CARTESIAN_POINT('',(-0.756,0.0160217031841056,-0.119163323737702));
#3920=CARTESIAN_POINT('',(0.092,0.0160217031841056,-0.119163323737702));
#3921=CARTESIAN_POINT('',(0.092,0.0218405551981216,-0.119163323737702));
#3922=CARTESIAN_POINT('',(-0.155,0.0218405551981216,-0.119163323737702));
#3923=CARTESIAN_POINT('',(-0.092,0.0218405551981216,-0.119163323737702));
#3924=CARTESIAN_POINT('',(-0.092,0.0160217031841056,-0.119163323737702));
#3925=CARTESIAN_POINT('',(-0.756,0.0660217031841056,-0.112663323737702));
#3926=CARTESIAN_POINT('',(-0.092,0.0660217031841056,-0.112663323737702));
#3927=CARTESIAN_POINT('',(0.092,0.0660217031841056,-0.112663323737702));
#3928=CARTESIAN_POINT('',(-0.32,0.232,-0.100845611652041));
#3929=CARTESIAN_POINT('',(-0.1,0.232,-0.0100000000000003));
#3930=CARTESIAN_POINT('',(-0.1,0.232,-0.169107723294603));
#3931=CARTESIAN_POINT('',(-0.1,0.232,-0.158));
#3932=CARTESIAN_POINT('',(-0.1,0.232,-0.158));
#3933=CARTESIAN_POINT('',(-0.092,0.232,-0.158));
#3934=CARTESIAN_POINT('',(-0.092,0.232,-0.161553861647301));
#3935=CARTESIAN_POINT('',(0.092,0.232,-0.161553861647301));
#3936=CARTESIAN_POINT('',(0.092,0.232,-0.158));
#3937=CARTESIAN_POINT('',(0.092,0.232,-0.158));
#3938=CARTESIAN_POINT('',(0.068904149519906,0.232,-0.205480104704007));
#3939=CARTESIAN_POINT('',(0.0972513114352656,0.232,-0.172322825866446));
#3940=CARTESIAN_POINT('',(0.0961935977499004,0.232,-0.173167464562056));
#3941=CARTESIAN_POINT('',(0.096,0.232,-0.173322062307373));
#3942=CARTESIAN_POINT('',(0.1,0.232,-0.173322062307373));
#3943=CARTESIAN_POINT('',(-0.096,0.232,-0.173322062307373));
#3944=CARTESIAN_POINT('',(-0.0995747342297751,0.232,-0.170467453447939));
#3945=CARTESIAN_POINT('',(-0.0972513114352656,0.232,-0.172322825866446));
#3946=CARTESIAN_POINT('',(-0.109486251476687,0.232,-0.158011787614168));
#3947=CARTESIAN_POINT('',(-0.32,-0.0856,0.057430787011981));
#3948=CARTESIAN_POINT('',(-0.096,-0.0856,-0.0485981047153473));
#3949=CARTESIAN_POINT('',(-0.096,-0.0856,-0.0485981047153474));
#3950=CARTESIAN_POINT('',(0.1,-0.0856,-0.0485981047153473));
#3951=CARTESIAN_POINT('',(0.096,-0.0856,-0.0485981047153474));
#3952=CARTESIAN_POINT('',(0.1,-0.0856,-0.0445981047153474));
#3953=CARTESIAN_POINT('',(-0.096,0.277,-0.146481982767583));
#3954=CARTESIAN_POINT('',(-0.1,0.128241496458581,-0.232064889081924));
#3955=CARTESIAN_POINT('',(-0.1,0.228881374871583,-0.171));
#3956=CARTESIAN_POINT('',(-0.1,0.228881374871583,-0.171));
#3957=CARTESIAN_POINT('',(-0.1,0.228881374871583,-0.171));
#3958=CARTESIAN_POINT('',(-0.096,0.22970986057416,-0.173962514184704));
#3959=CARTESIAN_POINT('',(-0.1,0.228881374871583,-0.171));
#3960=CARTESIAN_POINT('',(0.1,0.233419721148318,-0.17292502836941));
#3961=CARTESIAN_POINT('',(0.096,0.233419721148318,-0.17292502836941));
#3962=CARTESIAN_POINT('',(0.096,0.233419721148318,-0.17292502836941));
#3963=CARTESIAN_POINT('',(0.096,0.233419721148318,-0.17292502836941));
#3964=CARTESIAN_POINT('',(0.0989456253382902,0.228121862707713,-0.17205437466171));
#3965=CARTESIAN_POINT('',(0.1,0.128241496458581,-0.232064889081924));
#3966=CARTESIAN_POINT('',(0.1,-0.0592189037777592,-0.0874048671438717));
#3967=CARTESIAN_POINT('',(-0.096,-0.0368378075555183,-0.126211629572396));
#3968=CARTESIAN_POINT('',(-0.096,-0.0796016073232132,-0.0520631338219156));
#3969=CARTESIAN_POINT('',(-0.096,-0.038836200232305,-0.122746600465828));
#3970=CARTESIAN_POINT('',(0.1,-0.038836200232305,-0.122746600465828));
#3971=CARTESIAN_POINT('',(0.096,-0.038836200232305,-0.122746600465828));
#3972=CARTESIAN_POINT('',(0.096,-0.0592189037777592,-0.0874048671438717));
#3973=CARTESIAN_POINT('',(0.096,-0.0796016073232132,-0.0520631338219156));
#3974=CARTESIAN_POINT('',(0.1,-0.0796016073232132,-0.0520631338219156));
#3975=CARTESIAN_POINT('',(0.1,0.012492584577081,-0.150605814786198));
#3976=CARTESIAN_POINT('',(-0.096,0.0618229767096802,-0.175));
#3977=CARTESIAN_POINT('',(-0.096,-0.0332522541854607,-0.12798470797745));
#3978=CARTESIAN_POINT('',(-0.096,0.0582374233396226,-0.173226921594946));
#3979=CARTESIAN_POINT('',(0.1,0.0582374233396226,-0.173226921594946));
#3980=CARTESIAN_POINT('',(0.096,0.0582374233396226,-0.173226921594946));
#3981=CARTESIAN_POINT('',(0.096,0.012492584577081,-0.150605814786198));
#3982=CARTESIAN_POINT('',(0.096,-0.0332522541854607,-0.12798470797745));
#3983=CARTESIAN_POINT('',(0.1,-0.0332522541854607,-0.12798470797745));
#3984=CARTESIAN_POINT('',(-0.096,-0.0796016073232132,-0.0520631338219156));
#3985=CARTESIAN_POINT('',(-0.1,-0.076136578216645,-0.0500647411451288));
#3986=CARTESIAN_POINT('',(-0.1,-0.076136578216645,-0.0500647411451288));
#3987=CARTESIAN_POINT('',(-0.1,-0.076136578216645,-0.0500647411451288));
#3988=CARTESIAN_POINT('',(-0.096,-0.0796016073232132,-0.0520631338219156));
#3989=CARTESIAN_POINT('',(-0.1,-0.076094645227478,-0.0501374490917084));
#3990=CARTESIAN_POINT('',(-0.1,-0.0781349708934318,-0.0465997120385605));
#3991=CARTESIAN_POINT('',(-0.1,-0.0339782968158944,-0.123163323737702));
#3992=CARTESIAN_POINT('',(-0.1,-0.0339782968158944,-0.123163323737702));
#3993=CARTESIAN_POINT('',(0.1,-0.0796016073232132,-0.0520631338219156));
#3994=CARTESIAN_POINT('',(0.096,-0.0796016073232132,-0.0520631338219156));
#3995=CARTESIAN_POINT('',(-0.1,-0.0339782968158944,-0.123163323737702));
#3996=CARTESIAN_POINT('',(-0.096,-0.0360442272088829,-0.125365654221639));
#3997=CARTESIAN_POINT('',(-0.1,-0.0339782968158944,-0.123163323737702));
#3998=CARTESIAN_POINT('',(0.096,-0.0856,-0.0485981047153473));
#3999=CARTESIAN_POINT('',(0.096,-0.0796016073232132,-0.0520631338219156));
#4000=CARTESIAN_POINT('',(-0.1,-0.0568636617092869,-0.111846368697202));
#4001=CARTESIAN_POINT('',(-0.1,-0.0350647291504643,-0.122626076202338));
#4002=CARTESIAN_POINT('',(-0.1,0.0627579531410914,-0.171));
#4003=CARTESIAN_POINT('',(-0.1,0.0627579531410915,-0.171));
#4004=CARTESIAN_POINT('',(0.1,-0.0332522541854607,-0.12798470797745));
#4005=CARTESIAN_POINT('',(0.096,-0.0332522541854607,-0.12798470797745));
#4006=CARTESIAN_POINT('',(0.096,-0.0592189037777592,-0.0874048671438717));
#4007=CARTESIAN_POINT('',(0.0989476476446475,-0.0352563533414781,-0.12305368880853));
#4008=CARTESIAN_POINT('',(-0.1,0.0627579531410914,-0.171));
#4009=CARTESIAN_POINT('',(-0.096,0.0620302000246514,-0.174113460797473));
#4010=CARTESIAN_POINT('',(-0.1,0.0627579531410914,-0.171));
#4011=CARTESIAN_POINT('',(0.096,-0.0332522541854607,-0.12798470797745));
#4012=CARTESIAN_POINT('',(0.096,-0.0332522541854606,-0.12798470797745));
#4013=CARTESIAN_POINT('',(-0.1,-0.00649999999999978,-0.171));
#4014=CARTESIAN_POINT('',(-0.1,0.0618229767096802,-0.171));
#4015=CARTESIAN_POINT('',(0.1,0.0658229767096802,-0.175));
#4016=CARTESIAN_POINT('',(0.096,0.0658229767096802,-0.175));
#4017=CARTESIAN_POINT('',(0.096,0.012492584577081,-0.150605814786198));
#4018=CARTESIAN_POINT('',(0.0989320135916378,0.0615509870444501,-0.171594580498972));
#4019=CARTESIAN_POINT('',(0.096,0.0658229767096802,-0.175));
#4020=CARTESIAN_POINT('',(0.096,0.0658229767096802,-0.175));
#4021=CARTESIAN_POINT('',(0.096,0.14591148835484,-0.175));
#4022=CARTESIAN_POINT('',(-0.1,-0.00649999999999978,-0.0100000000000003));
#4023=CARTESIAN_POINT('',(-0.1,-0.0669552863668003,-0.0400981047153473));
#4024=CARTESIAN_POINT('',(-0.1,-0.0660892609630159,-0.0415981047153473));
#4025=CARTESIAN_POINT('',(-0.1,-0.0678213117705848,-0.0385981047153473));
#4026=CARTESIAN_POINT('',(-0.1,-0.0660892609630159,-0.0375981047153473));
#4027=CARTESIAN_POINT('',(-0.1,-0.0660892609630159,-0.0355981047153473));
#4028=CARTESIAN_POINT('',(-0.1,-0.0491677534856707,-0.0355981047153473));
#4029=CARTESIAN_POINT('',(-0.1,-0.0322462460083255,-0.0355981047153473));
#4030=CARTESIAN_POINT('',(-0.1,-0.0322462460083255,-0.0375981047153473));
#4031=CARTESIAN_POINT('',(-0.1,-0.0305141952007566,-0.0385981047153473));
#4032=CARTESIAN_POINT('',(-0.1,-0.031380220604541,-0.0400981047153473));
#4033=CARTESIAN_POINT('',(-0.1,-0.0337103476234633,-0.0441340031002095));
#4034=CARTESIAN_POINT('',(-0.1,-0.0319782968158944,-0.0451340031002096));
#4035=CARTESIAN_POINT('',(-0.1,-0.0319782968158943,-0.0871633237377022));
#4036=CARTESIAN_POINT('',(-0.1,-0.0319782968158943,-0.0891633237377022));
#4037=CARTESIAN_POINT('',(-0.1,-0.00897829681589437,-0.0891633237377022));
#4038=CARTESIAN_POINT('',(-0.1,-0.0258605378442859,-0.0891633237377022));
#4039=CARTESIAN_POINT('',(-0.1,-0.0281103790481191,-0.0937129960406892));
#4040=CARTESIAN_POINT('',(-0.1,-0.0369757710733889,-0.111640762890977));
#4041=CARTESIAN_POINT('',(-0.1,0.0168075294774746,-0.138236938966787));
#4042=CARTESIAN_POINT('',(-0.1,0.0705908300283383,-0.164833115042597));
#4043=CARTESIAN_POINT('',(-0.1,0.0794562220536081,-0.146905348192308));
#4044=CARTESIAN_POINT('',(-0.1,0.0780217031841056,-0.156));
#4045=CARTESIAN_POINT('',(-0.1,0.0780217031841056,-0.158));
#4046=CARTESIAN_POINT('',(-0.1,0.0914073122765886,-0.158));
#4047=CARTESIAN_POINT('',(-0.1,0.103328819753934,-0.158));
#4048=CARTESIAN_POINT('',(-0.1,0.103328819753934,-0.16));
#4049=CARTESIAN_POINT('',(-0.1,0.105060870561503,-0.161));
#4050=CARTESIAN_POINT('',(-0.1,0.104194845157718,-0.1625));
#4051=CARTESIAN_POINT('',(-0.1,0.103328819753934,-0.164));
#4052=CARTESIAN_POINT('',(-0.1,0.105060870561503,-0.165));
#4053=CARTESIAN_POINT('',(-0.1,0.13377545717578,-0.165));
#4054=CARTESIAN_POINT('',(-0.1,0.135507507983349,-0.164));
#4055=CARTESIAN_POINT('',(-0.1,0.134641482579565,-0.1625));
#4056=CARTESIAN_POINT('',(-0.1,0.13377545717578,-0.161));
#4057=CARTESIAN_POINT('',(-0.1,0.135507507983349,-0.16));
#4058=CARTESIAN_POINT('',(-0.1,0.135507507983349,-0.158));
#4059=CARTESIAN_POINT('',(-0.1,0.151290860994071,-0.158));
#4060=CARTESIAN_POINT('',(-0.1,0.167074214004794,-0.158));
#4061=CARTESIAN_POINT('',(-0.1,0.167074214004794,-0.16));
#4062=CARTESIAN_POINT('',(-0.1,0.168806264812362,-0.161));
#4063=CARTESIAN_POINT('',(-0.1,0.167940239408578,-0.1625));
#4064=CARTESIAN_POINT('',(-0.1,0.167074214004794,-0.164));
#4065=CARTESIAN_POINT('',(-0.1,0.168806264812362,-0.165));
#4066=CARTESIAN_POINT('',(-0.1,0.19752085142664,-0.165));
#4067=CARTESIAN_POINT('',(-0.1,0.199252902234209,-0.164));
#4068=CARTESIAN_POINT('',(-0.1,0.198386876830424,-0.1625));
#4069=CARTESIAN_POINT('',(-0.1,0.19752085142664,-0.161));
#4070=CARTESIAN_POINT('',(-0.1,0.199252902234209,-0.16));
#4071=CARTESIAN_POINT('',(-0.1,0.199252902234209,-0.158));
#4072=CARTESIAN_POINT('',(-0.1,0.213894400309536,-0.158));
#4073=CARTESIAN_POINT('',(-0.1,-0.0678213117705848,-0.0425981047153473));
#4074=CARTESIAN_POINT('',(-0.092,0.0598136748282094,-0.0123768746852875));
#4075=CARTESIAN_POINT('',(-0.092,-0.0319782968158944,-0.0451340031002096));
#4076=CARTESIAN_POINT('',(-0.092,0.0260217031841057,-0.0495981047153473));
#4077=CARTESIAN_POINT('',(-0.092,0.0260217031841057,-0.0545981047153473));
#4078=CARTESIAN_POINT('',(-0.092,-0.00397829681589438,-0.0545981047153473));
#4079=CARTESIAN_POINT('',(-0.092002,0.0260217031841057,-0.0495981047153473));
#4080=CARTESIAN_POINT('',(-0.092002,0.0260217031841057,-0.0545981047153473));
#4081=CARTESIAN_POINT('',(0.092,0.0260217031841057,-0.0545981047153473));
#4082=CARTESIAN_POINT('',(0.092,0.0260217031841057,-0.0495981047153473));
#4083=CARTESIAN_POINT('',(-0.092002,-0.00397829681589438,-0.0545981047153473));
#4084=CARTESIAN_POINT('',(0.092,-0.00397829681589438,-0.0545981047153473));
#4085=CARTESIAN_POINT('',(0.092,0.0195691058875632,-0.0123768746852875));
#4086=CARTESIAN_POINT('',(0.092,-0.0319782968158944,-0.0451340031002096));
#4087=CARTESIAN_POINT('',(0.092,0.134641482579565,-0.1625));
#4088=CARTESIAN_POINT('',(0.092,0.134641482579565,-0.1625));
#4089=CARTESIAN_POINT('',(0.092,0.135507507983349,-0.164));
#4090=CARTESIAN_POINT('',(0.092,0.13377545717578,-0.161));
#4091=CARTESIAN_POINT('',(0.1,0.135507507983349,-0.164));
#4092=CARTESIAN_POINT('',(0.092,0.13377545717578,-0.161));
#4093=CARTESIAN_POINT('',(0.092,0.167940239408578,-0.1625));
#4094=CARTESIAN_POINT('',(0.092,0.167074214004794,-0.164));
#4095=CARTESIAN_POINT('',(0.092,0.167074214004794,-0.164));
#4096=CARTESIAN_POINT('',(0.092,0.167940239408578,-0.1625));
#4097=CARTESIAN_POINT('',(0.092,0.168806264812362,-0.161));
#4098=CARTESIAN_POINT('',(0.092,0.168806264812362,-0.161));
#4099=CARTESIAN_POINT('',(0.092,0.151290860994071,-0.158));
#4100=CARTESIAN_POINT('',(0.092,0.167074214004794,-0.158));
#4101=CARTESIAN_POINT('',(0.092,0.167074214004794,-0.158));
#4102=CARTESIAN_POINT('',(0.092,0.151290860994071,-0.158));
#4103=CARTESIAN_POINT('',(0.092,0.135507507983349,-0.158));
#4104=CARTESIAN_POINT('',(0.092,0.135507507983349,-0.158));
#4105=CARTESIAN_POINT('',(0.092,0.0732,-0.103299052357674));
#4106=CARTESIAN_POINT('',(0.092,0.167074214004794,-0.16));
#4107=CARTESIAN_POINT('',(0.092,0.168806264812362,-0.165));
#4108=CARTESIAN_POINT('',(0.092,0.13377545717578,-0.165));
#4109=CARTESIAN_POINT('',(0.092,0.135507507983349,-0.16));
#4110=CARTESIAN_POINT('',(0.092,0.0914073122765886,-0.158));
#4111=CARTESIAN_POINT('',(0.092,0.103328819753934,-0.158));
#4112=CARTESIAN_POINT('',(0.092,0.103328819753934,-0.158));
#4113=CARTESIAN_POINT('',(0.092,0.0914073122765886,-0.158));
#4114=CARTESIAN_POINT('',(0.092,0.0780217031841056,-0.158));
#4115=CARTESIAN_POINT('',(0.1,0.0780217031841056,-0.158));
#4116=CARTESIAN_POINT('',(0.092,0.0760217031841056,-0.128581661868851));
#4117=CARTESIAN_POINT('',(0.092,0.0760217031841056,-0.156));
#4118=CARTESIAN_POINT('',(0.092,0.0760217031841056,-0.156));
#4119=CARTESIAN_POINT('',(0.092,0.0760217031841056,-0.128581661868851));
#4120=CARTESIAN_POINT('',(0.092,0.0760217031841056,-0.101163323737702));
#4121=CARTESIAN_POINT('',(0.092,0.0760217031841056,-0.101163323737702));
#4122=CARTESIAN_POINT('',(0.096,0.0760217031841056,-0.101163323737702));
#4123=CARTESIAN_POINT('',(0.096,0.0760217031841056,-0.128581661868851));
#4124=CARTESIAN_POINT('',(0.096,0.0760217031841056,-0.153850698534385));
#4125=CARTESIAN_POINT('',(0.092,0.0760217031841056,-0.153850698534385));
#4126=CARTESIAN_POINT('',(0.092,0.104194845157718,-0.1625));
#4127=CARTESIAN_POINT('',(0.092,0.103328819753934,-0.164));
#4128=CARTESIAN_POINT('',(0.092,0.103328819753934,-0.164));
#4129=CARTESIAN_POINT('',(0.092,0.104194845157718,-0.1625));
#4130=CARTESIAN_POINT('',(0.092,0.105060870561503,-0.161));
#4131=CARTESIAN_POINT('',(0.092,0.105060870561503,-0.161));
#4132=CARTESIAN_POINT('',(0.092,0.0732,-0.103299052357674));
#4133=CARTESIAN_POINT('',(0.092,-0.0101826121978312,-0.102578388065959));
#4134=CARTESIAN_POINT('',(0.092,-0.0101826121978312,-0.106578388065959));
#4135=CARTESIAN_POINT('',(0.092,0.103328819753934,-0.16));
#4136=CARTESIAN_POINT('',(0.092,0.105060870561503,-0.165));
#4137=CARTESIAN_POINT('',(0.092,0.0256729215027446,-0.120309172116499));
#4138=CARTESIAN_POINT('',(0.092,-0.0319782968158943,-0.0871633237377022));
#4139=CARTESIAN_POINT('',(0.092,0.0140217031841056,-0.0911633237377022));
#4140=CARTESIAN_POINT('',(0.092,0.0180217031841057,-0.0971633237377022));
#4141=CARTESIAN_POINT('',(0.092,0.0740217031841056,-0.101163323737702));
#4142=CARTESIAN_POINT('',(0.092,0.0780217031841056,-0.156));
#4143=CARTESIAN_POINT('',(0.092,0.198386876830424,-0.1625));
#4144=CARTESIAN_POINT('',(0.092,0.19752085142664,-0.161));
#4145=CARTESIAN_POINT('',(0.092,0.19752085142664,-0.161));
#4146=CARTESIAN_POINT('',(0.092,0.198386876830424,-0.1625));
#4147=CARTESIAN_POINT('',(0.092,0.199252902234209,-0.164));
#4148=CARTESIAN_POINT('',(0.1,0.199252902234209,-0.164));
#4149=CARTESIAN_POINT('',(0.092,0.213894400309536,-0.158));
#4150=CARTESIAN_POINT('',(0.092,0.213894400309536,-0.158));
#4151=CARTESIAN_POINT('',(0.092,0.199252902234209,-0.158));
#4152=CARTESIAN_POINT('',(0.092,0.199252902234209,-0.158));
#4153=CARTESIAN_POINT('',(0.092,0.0732,-0.103299052357674));
#4154=CARTESIAN_POINT('',(0.092,0.199252902234209,-0.16));
#4155=CARTESIAN_POINT('',(0.092,0.19752085142664,-0.165));
#4156=CARTESIAN_POINT('',(0.092,-0.0669552863668003,-0.0400981047153473));
#4157=CARTESIAN_POINT('',(0.092,-0.0678213117705848,-0.0385981047153473));
#4158=CARTESIAN_POINT('',(0.092,-0.0678213117705848,-0.0385981047153473));
#4159=CARTESIAN_POINT('',(0.092,-0.0669552863668003,-0.0400981047153473));
#4160=CARTESIAN_POINT('',(0.092,-0.0660892609630159,-0.0415981047153473));
#4161=CARTESIAN_POINT('',(0.1,-0.0660892609630159,-0.0415981047153473));
#4162=CARTESIAN_POINT('',(0.092,-0.031380220604541,-0.0400981047153473));
#4163=CARTESIAN_POINT('',(0.092,-0.0337103476234633,-0.0441340031002095));
#4164=CARTESIAN_POINT('',(0.092,-0.0337103476234633,-0.0441340031002095));
#4165=CARTESIAN_POINT('',(0.092,-0.031380220604541,-0.0400981047153473));
#4166=CARTESIAN_POINT('',(0.092,-0.0305141952007566,-0.0385981047153473));
#4167=CARTESIAN_POINT('',(0.092,-0.0305141952007566,-0.0385981047153473));
#4168=CARTESIAN_POINT('',(0.092,-0.0491677534856707,-0.0355981047153473));
#4169=CARTESIAN_POINT('',(0.092,-0.0322462460083255,-0.0355981047153473));
#4170=CARTESIAN_POINT('',(0.092,-0.0322462460083255,-0.0355981047153473));
#4171=CARTESIAN_POINT('',(0.092,-0.0491677534856707,-0.0355981047153473));
#4172=CARTESIAN_POINT('',(0.092,-0.0660892609630159,-0.0355981047153473));
#4173=CARTESIAN_POINT('',(0.092,-0.0660892609630159,-0.0355981047153473));
#4174=CARTESIAN_POINT('',(0.092,0.0732,-0.103299052357674));
#4175=CARTESIAN_POINT('',(0.092,-0.0322462460083255,-0.0375981047153473));
#4176=CARTESIAN_POINT('',(0.092,-0.0319782968158944,-0.0451340031002096));
#4177=CARTESIAN_POINT('',(0.092,-0.0678213117705848,-0.0425981047153473));
#4178=CARTESIAN_POINT('',(0.092,-0.0660892609630159,-0.0375981047153473));
#4179=CARTESIAN_POINT('',(-0.1,0.134641482579565,-0.1625));
#4180=CARTESIAN_POINT('',(-0.092,0.135507507983349,-0.164));
#4181=CARTESIAN_POINT('',(-0.092,0.135507507983349,-0.164));
#4182=CARTESIAN_POINT('',(-0.092,0.134641482579565,-0.1625));
#4183=CARTESIAN_POINT('',(-0.092,0.13377545717578,-0.161));
#4184=CARTESIAN_POINT('',(-0.1,0.13377545717578,-0.161));
#4185=CARTESIAN_POINT('',(-0.1,0.167940239408578,-0.1625));
#4186=CARTESIAN_POINT('',(-0.1,0.168806264812362,-0.161));
#4187=CARTESIAN_POINT('',(-0.092,0.168806264812362,-0.161));
#4188=CARTESIAN_POINT('',(-0.092,0.167940239408578,-0.1625));
#4189=CARTESIAN_POINT('',(-0.092,0.167074214004794,-0.164));
#4190=CARTESIAN_POINT('',(-0.1,0.167074214004794,-0.164));
#4191=CARTESIAN_POINT('',(-0.1,0.151290860994071,-0.158));
#4192=CARTESIAN_POINT('',(-0.1,0.135507507983349,-0.158));
#4193=CARTESIAN_POINT('',(-0.092,0.135507507983349,-0.158));
#4194=CARTESIAN_POINT('',(-0.092,0.151290860994071,-0.158));
#4195=CARTESIAN_POINT('',(-0.092,0.167074214004794,-0.158));
#4196=CARTESIAN_POINT('',(-0.1,0.167074214004794,-0.158));
#4197=CARTESIAN_POINT('',(-0.092,0.0732,-0.103299052357674));
#4198=CARTESIAN_POINT('',(-0.092,0.135507507983349,-0.16));
#4199=CARTESIAN_POINT('',(-0.092,0.13377545717578,-0.165));
#4200=CARTESIAN_POINT('',(-0.092,0.168806264812362,-0.165));
#4201=CARTESIAN_POINT('',(-0.092,0.167074214004794,-0.16));
#4202=CARTESIAN_POINT('',(-0.1,0.0914073122765886,-0.158));
#4203=CARTESIAN_POINT('',(-0.092,0.0780217031841056,-0.158));
#4204=CARTESIAN_POINT('',(-0.092,0.0780217031841056,-0.158));
#4205=CARTESIAN_POINT('',(-0.092,0.0914073122765886,-0.158));
#4206=CARTESIAN_POINT('',(-0.092,0.103328819753934,-0.158));
#4207=CARTESIAN_POINT('',(-0.1,0.103328819753934,-0.158));
#4208=CARTESIAN_POINT('',(-0.1,0.0710217031841056,-0.0991633237377022));
#4209=CARTESIAN_POINT('',(-0.096,0.0710217031841056,-0.0991633237377022));
#4210=CARTESIAN_POINT('',(-0.096,0.0740217031841056,-0.0991633237377022));
#4211=CARTESIAN_POINT('',(-0.096,0.0180217031841057,-0.0991633237377022));
#4212=CARTESIAN_POINT('',(-0.1,0.0180217031841057,-0.0991633237377022));
#4213=CARTESIAN_POINT('',(-0.092,0.0180217031841057,-0.0991633237377022));
#4214=CARTESIAN_POINT('',(-0.092,0.0710217031841056,-0.0991633237377022));
#4215=CARTESIAN_POINT('',(-0.092,0.0740217031841056,-0.0991633237377022));
#4216=CARTESIAN_POINT('',(-0.1,0.0740217031841056,-0.0991633237377022));
#4217=CARTESIAN_POINT('',(-0.1,0.0160217031841056,-0.0941633237377022));
#4218=CARTESIAN_POINT('',(-0.096,0.0160217031841056,-0.0941633237377022));
#4219=CARTESIAN_POINT('',(-0.096,0.0160217031841056,-0.0911633237377022));
#4220=CARTESIAN_POINT('',(-0.096,0.0160217031841056,-0.0971633237377022));
#4221=CARTESIAN_POINT('',(-0.1,0.0160217031841056,-0.0911633237377022));
#4222=CARTESIAN_POINT('',(-0.092,0.0160217031841056,-0.0911633237377022));
#4223=CARTESIAN_POINT('',(-0.092,0.0160217031841056,-0.0941633237377022));
#4224=CARTESIAN_POINT('',(-0.092,0.0160217031841056,-0.0971633237377022));
#4225=CARTESIAN_POINT('',(-0.1,0.0160217031841056,-0.0971633237377022));
#4226=CARTESIAN_POINT('',(-0.1,-0.00897829681589437,-0.0891633237377022));
#4227=CARTESIAN_POINT('',(-0.1,-0.0319782968158943,-0.0891633237377022));
#4228=CARTESIAN_POINT('',(-0.092,-0.0319782968158943,-0.0891633237377022));
#4229=CARTESIAN_POINT('',(-0.092,-0.00897829681589437,-0.0891633237377022));
#4230=CARTESIAN_POINT('',(-0.092,0.0140217031841056,-0.0891633237377022));
#4231=CARTESIAN_POINT('',(-0.1,0.0140217031841056,-0.0891633237377022));
#4232=CARTESIAN_POINT('',(-0.096,0.0140217031841056,-0.0891633237377022));
#4233=CARTESIAN_POINT('',(-0.096,-0.00897829681589437,-0.0891633237377022));
#4234=CARTESIAN_POINT('',(-0.096,-0.0258605378442859,-0.0891633237377022));
#4235=CARTESIAN_POINT('',(-0.1,-0.0258605378442859,-0.0891633237377022));
#4236=CARTESIAN_POINT('',(-0.1,0.104194845157718,-0.1625));
#4237=CARTESIAN_POINT('',(-0.1,0.105060870561503,-0.161));
#4238=CARTESIAN_POINT('',(-0.092,0.105060870561503,-0.161));
#4239=CARTESIAN_POINT('',(-0.092,0.104194845157718,-0.1625));
#4240=CARTESIAN_POINT('',(-0.092,0.103328819753934,-0.164));
#4241=CARTESIAN_POINT('',(-0.1,0.103328819753934,-0.164));
#4242=CARTESIAN_POINT('',(-0.092,0.0732,-0.103299052357674));
#4243=CARTESIAN_POINT('',(-0.092,-0.0101826121978312,-0.102578388065959));
#4244=CARTESIAN_POINT('',(-0.092,-0.0101826121978312,-0.106578388065959));
#4245=CARTESIAN_POINT('',(-0.092,0.0140217031841056,-0.0911633237377022));
#4246=CARTESIAN_POINT('',(-0.092,-0.0319782968158943,-0.0871633237377022));
#4247=CARTESIAN_POINT('',(-0.092,0.0256729215027446,-0.120309172116499));
#4248=CARTESIAN_POINT('',(-0.092,0.105060870561503,-0.165));
#4249=CARTESIAN_POINT('',(-0.092,0.103328819753934,-0.16));
#4250=CARTESIAN_POINT('',(-0.092,0.0780217031841056,-0.156));
#4251=CARTESIAN_POINT('',(-0.092,0.0740217031841056,-0.101163323737702));
#4252=CARTESIAN_POINT('',(-0.092,0.0180217031841057,-0.0971633237377022));
#4253=CARTESIAN_POINT('',(-0.1,0.198386876830424,-0.1625));
#4254=CARTESIAN_POINT('',(-0.092,0.198386876830424,-0.1625));
#4255=CARTESIAN_POINT('',(-0.092,0.199252902234209,-0.164));
#4256=CARTESIAN_POINT('',(-0.092,0.19752085142664,-0.161));
#4257=CARTESIAN_POINT('',(-0.1,0.19752085142664,-0.161));
#4258=CARTESIAN_POINT('',(-0.092,0.199252902234209,-0.164));
#4259=CARTESIAN_POINT('',(-0.1,0.213894400309536,-0.158));
#4260=CARTESIAN_POINT('',(-0.1,0.199252902234209,-0.158));
#4261=CARTESIAN_POINT('',(-0.092,0.199252902234209,-0.158));
#4262=CARTESIAN_POINT('',(-0.092,0.213894400309536,-0.158));
#4263=CARTESIAN_POINT('',(-0.092,0.0732,-0.103299052357674));
#4264=CARTESIAN_POINT('',(-0.092,0.199252902234209,-0.16));
#4265=CARTESIAN_POINT('',(-0.092,0.19752085142664,-0.165));
#4266=CARTESIAN_POINT('',(-0.1,-0.0669552863668003,-0.0400981047153473));
#4267=CARTESIAN_POINT('',(-0.092,-0.0660892609630159,-0.0415981047153473));
#4268=CARTESIAN_POINT('',(-0.092,-0.0660892609630159,-0.0415981047153473));
#4269=CARTESIAN_POINT('',(-0.092,-0.0669552863668003,-0.0400981047153473));
#4270=CARTESIAN_POINT('',(-0.092,-0.0678213117705848,-0.0385981047153473));
#4271=CARTESIAN_POINT('',(-0.1,-0.0678213117705848,-0.0385981047153473));
#4272=CARTESIAN_POINT('',(-0.1,-0.031380220604541,-0.0400981047153473));
#4273=CARTESIAN_POINT('',(-0.092,-0.031380220604541,-0.0400981047153473));
#4274=CARTESIAN_POINT('',(-0.092,-0.0305141952007566,-0.0385981047153473));
#4275=CARTESIAN_POINT('',(-0.092,-0.0337103476234633,-0.0441340031002095));
#4276=CARTESIAN_POINT('',(-0.1,-0.0337103476234633,-0.0441340031002095));
#4277=CARTESIAN_POINT('',(-0.1,-0.0305141952007566,-0.0385981047153473));
#4278=CARTESIAN_POINT('',(-0.1,-0.0491677534856707,-0.0355981047153473));
#4279=CARTESIAN_POINT('',(-0.1,-0.0660892609630159,-0.0355981047153473));
#4280=CARTESIAN_POINT('',(-0.092,-0.0660892609630159,-0.0355981047153473));
#4281=CARTESIAN_POINT('',(-0.092,-0.0491677534856707,-0.0355981047153473));
#4282=CARTESIAN_POINT('',(-0.092,-0.0322462460083255,-0.0355981047153473));
#4283=CARTESIAN_POINT('',(-0.1,-0.0322462460083255,-0.0355981047153473));
#4284=CARTESIAN_POINT('',(-0.092,0.0732,-0.103299052357674));
#4285=CARTESIAN_POINT('',(-0.092,-0.0660892609630159,-0.0375981047153473));
#4286=CARTESIAN_POINT('',(-0.092,-0.0678213117705848,-0.0425981047153473));
#4287=CARTESIAN_POINT('',(-0.092,-0.0319782968158944,-0.0451340031002096));
#4288=CARTESIAN_POINT('',(-0.092,-0.0322462460083255,-0.0375981047153473));
#4289=CARTESIAN_POINT('',(0.096,0.0794562220536081,-0.146905348192308));
#4290=CARTESIAN_POINT('',(0.096,0.0794562220536081,-0.146905348192308));
#4291=CARTESIAN_POINT('',(0.096,0.0705908300283383,-0.164833115042597));
#4292=CARTESIAN_POINT('',(0.096,0.0705908300283383,-0.164833115042597));
#4293=CARTESIAN_POINT('',(0.096,0.0732,-0.0875370808946249));
#4294=CARTESIAN_POINT('',(0.096,-0.0101826121978312,-0.102578388065959));
#4295=CARTESIAN_POINT('',(0.096,-0.0101826121978312,-0.106578388065959));
#4296=CARTESIAN_POINT('',(0.096,0.0256729215027446,-0.120309172116499));
#4297=CARTESIAN_POINT('',(0.096,0.0256729215027446,-0.124309172116499));
#4298=CARTESIAN_POINT('',(0.096,0.0615284552033203,-0.138039956167039));
#4299=CARTESIAN_POINT('',(0.096,0.0615284552033203,-0.142039956167039));
#4300=CARTESIAN_POINT('',(0.096,0.0740217031841056,-0.101163323737702));
#4301=CARTESIAN_POINT('',(0.096,0.0180217031841057,-0.0971633237377022));
#4302=CARTESIAN_POINT('',(0.096,0.0140217031841056,-0.0911633237377022));
#4303=CARTESIAN_POINT('',(0.096,-0.0281103790481191,-0.0937129960406892));
#4304=CARTESIAN_POINT('',(0.096,-0.0369757710733889,-0.111640762890977));
#4305=CARTESIAN_POINT('',(0.096,0.0168075294774746,-0.138236938966787));
#4306=CARTESIAN_POINT('',(0.096,-0.0281103790481191,-0.0937129960406892));
#4307=CARTESIAN_POINT('',(0.096,-0.0369757710733889,-0.111640762890977));
#4308=CARTESIAN_POINT('',(0.096,0.0168075294774746,-0.138236938966787));
#4309=CARTESIAN_POINT('',(-0.096,0.0794562220536081,-0.146905348192308));
#4310=CARTESIAN_POINT('',(-0.096,0.0705908300283383,-0.164833115042597));
#4311=CARTESIAN_POINT('',(-0.096,0.0705908300283383,-0.164833115042597));
#4312=CARTESIAN_POINT('',(-0.096,0.0794562220536081,-0.146905348192308));
#4313=CARTESIAN_POINT('',(-0.096,0.0732,-0.0875370808946249));
#4314=CARTESIAN_POINT('',(-0.096,-0.0101826121978312,-0.102578388065959));
#4315=CARTESIAN_POINT('',(-0.096,-0.0101826121978312,-0.106578388065959));
#4316=CARTESIAN_POINT('',(-0.096,0.0256729215027446,-0.120309172116499));
#4317=CARTESIAN_POINT('',(-0.096,0.0256729215027446,-0.124309172116499));
#4318=CARTESIAN_POINT('',(-0.096,0.0615284552033203,-0.138039956167039));
#4319=CARTESIAN_POINT('',(-0.096,0.0615284552033203,-0.142039956167039));
#4320=CARTESIAN_POINT('',(-0.096,0.0140217031841056,-0.0911633237377022));
#4321=CARTESIAN_POINT('',(-0.096,0.0180217031841057,-0.0971633237377022));
#4322=CARTESIAN_POINT('',(-0.096,0.0740217031841056,-0.101163323737702));
#4323=CARTESIAN_POINT('',(-0.096,0.0168075294774746,-0.138236938966787));
#4324=CARTESIAN_POINT('',(-0.096,-0.0369757710733889,-0.111640762890977));
#4325=CARTESIAN_POINT('',(-0.096,-0.0281103790481191,-0.0937129960406892));
#4326=CARTESIAN_POINT('',(-0.096,-0.0281103790481191,-0.0937129960406892));
#4327=CARTESIAN_POINT('',(-0.096,-0.0369757710733889,-0.111640762890977));
#4328=CARTESIAN_POINT('',(-0.096,0.0168075294774746,-0.138236938966787));
#4329=CARTESIAN_POINT('',(-0.155,0.0615284552033203,-0.138039956167039));
#4330=CARTESIAN_POINT('',(-0.155,0.0256729215027446,-0.120309172116499));
#4331=CARTESIAN_POINT('',(-0.155,-0.0101826121978312,-0.102578388065959));
#4332=CARTESIAN_POINT('',(-0.155,-0.0101826121978312,-0.102578388065959));
#4333=CARTESIAN_POINT('',(-0.756,-0.0319782968158944,-0.0451340031002096));
#4334=CARTESIAN_POINT('',(-0.756,-0.0319782968158944,-0.0451340031002096));
#4335=CARTESIAN_POINT('',(0.092,0.199252902234209,-0.16));
#4336=CARTESIAN_POINT('',(0.092,0.19752085142664,-0.165));
#4337=CARTESIAN_POINT('',(-0.756,0.168806264812362,-0.165));
#4338=CARTESIAN_POINT('',(0.092,0.167074214004794,-0.16));
#4339=CARTESIAN_POINT('',(0.092,0.13377545717578,-0.165));
#4340=CARTESIAN_POINT('',(0.092,0.135507507983349,-0.16));
#4341=CARTESIAN_POINT('',(-0.756,0.105060870561503,-0.165));
#4342=CARTESIAN_POINT('',(0.092,0.103328819753934,-0.16));
#4343=CARTESIAN_POINT('',(0.092,0.0780217031841056,-0.156));
#4344=CARTESIAN_POINT('',(0.092,0.0740217031841056,-0.101163323737702));
#4345=CARTESIAN_POINT('',(0.092,0.0180217031841057,-0.0971633237377022));
#4346=CARTESIAN_POINT('',(0.092,0.0140217031841056,-0.0911633237377022));
#4347=CARTESIAN_POINT('',(0.092,-0.0319782968158943,-0.0871633237377022));
#4348=CARTESIAN_POINT('',(0.092,-0.0322462460083255,-0.0375981047153473));
#4349=CARTESIAN_POINT('',(0.092,-0.0660892609630159,-0.0375981047153473));
#4350=CARTESIAN_POINT('',(0.092,-0.0678213117705848,-0.0425981047153473));
#4351=CARTESIAN_POINT('',(-0.1,-0.0678213117705848,-0.0425981047153473));
#4352=CARTESIAN_POINT('',(-0.1,-0.0660892609630159,-0.0375981047153473));
#4353=CARTESIAN_POINT('',(-0.1,-0.0322462460083255,-0.0375981047153473));
#4354=CARTESIAN_POINT('',(-0.1,-0.0319782968158943,-0.0871633237377022));
#4355=CARTESIAN_POINT('',(-0.1,0.0140217031841056,-0.0911633237377022));
#4356=CARTESIAN_POINT('',(-0.1,0.0180217031841057,-0.0971633237377022));
#4357=CARTESIAN_POINT('',(-0.1,0.0740217031841056,-0.101163323737702));
#4358=CARTESIAN_POINT('',(-0.1,0.0780217031841056,-0.156));
#4359=CARTESIAN_POINT('',(-0.1,0.103328819753934,-0.16));
#4360=CARTESIAN_POINT('',(-0.756,0.105060870561503,-0.165));
#4361=CARTESIAN_POINT('',(-0.1,0.13377545717578,-0.165));
#4362=CARTESIAN_POINT('',(-0.1,0.135507507983349,-0.16));
#4363=CARTESIAN_POINT('',(-0.1,0.167074214004794,-0.16));
#4364=CARTESIAN_POINT('',(-0.756,0.168806264812362,-0.165));
#4365=CARTESIAN_POINT('',(-0.1,0.199252902234209,-0.16));
#4366=CARTESIAN_POINT('',(-0.1,0.19752085142664,-0.165));
#4367=CARTESIAN_POINT('',(0.0145,0.0985656173967995,-0.167));
#4368=CARTESIAN_POINT('',(0.0166213203435596,0.0964442970532398,-0.167));
#4369=CARTESIAN_POINT('',(0.0175,0.0985656173967995,-0.167));
#4370=CARTESIAN_POINT('',(0.0125,0.0923229767096802,-0.167));
#4371=CARTESIAN_POINT('',(0.0133786796564404,0.0932016563661205,-0.167));
#4372=CARTESIAN_POINT('',(0.0112573593128807,0.0953229767096802,-0.167));
#4373=CARTESIAN_POINT('',(0.0112573593128807,0.0923229767096802,-0.167));
#4374=CARTESIAN_POINT('',(-0.0125,0.0923229767096802,-0.167));
#4375=CARTESIAN_POINT('',(-0.0112573593128807,0.0923229767096802,-0.167));
#4376=CARTESIAN_POINT('',(-0.0112573593128807,0.0953229767096802,-0.167));
#4377=CARTESIAN_POINT('',(-0.0133786796564404,0.0932016563661205,-0.167));
#4378=CARTESIAN_POINT('',(-0.0125,0.0923229767096802,-0.167));
#4379=CARTESIAN_POINT('',(-0.0166213203435596,0.0964442970532398,-0.167));
#4380=CARTESIAN_POINT('',(-0.0145,0.0985656173967995,-0.167));
#4381=CARTESIAN_POINT('',(-0.0175,0.0985656173967995,-0.167));
#4382=CARTESIAN_POINT('',(-0.0175,0.0973229767096802,-0.167));
#4383=CARTESIAN_POINT('',(-0.0175,0.104580336022561,-0.167));
#4384=CARTESIAN_POINT('',(-0.0145,0.104580336022561,-0.167));
#4385=CARTESIAN_POINT('',(-0.0166213203435596,0.10670165636612,-0.167));
#4386=CARTESIAN_POINT('',(-0.0175,0.10582297670968,-0.167));
#4387=CARTESIAN_POINT('',(-0.0133786796564404,0.10994429705324,-0.167));
#4388=CARTESIAN_POINT('',(-0.0112573593128807,0.10782297670968,-0.167));
#4389=CARTESIAN_POINT('',(-0.0112573593128807,0.11082297670968,-0.167));
#4390=CARTESIAN_POINT('',(-0.0125,0.11082297670968,-0.167));
#4391=CARTESIAN_POINT('',(0.0112573593128807,0.11082297670968,-0.167));
#4392=CARTESIAN_POINT('',(0.0112573593128807,0.10782297670968,-0.167));
#4393=CARTESIAN_POINT('',(0.0133786796564404,0.10994429705324,-0.167));
#4394=CARTESIAN_POINT('',(0.0175,0.10582297670968,-0.167));
#4395=CARTESIAN_POINT('',(0.0166213203435596,0.10670165636612,-0.167));
#4396=CARTESIAN_POINT('',(0.0145,0.104580336022561,-0.167));
#4397=CARTESIAN_POINT('',(0.0175,0.104580336022561,-0.167));
#4398=CARTESIAN_POINT('',(0.0175,0.0973229767096802,-0.167));
#4399=MECHANICAL_DESIGN_GEOMETRIC_PRESENTATION_REPRESENTATION('',(#2642),
#4400);
#4400=(
GEOMETRIC_REPRESENTATION_CONTEXT(3)
GLOBAL_UNCERTAINTY_ASSIGNED_CONTEXT((#4401))
GLOBAL_UNIT_ASSIGNED_CONTEXT((#4404,#4403,#4402))
REPRESENTATION_CONTEXT('Middle Bottom','TOP_LEVEL_ASSEMBLY_PART')
);
#4401=UNCERTAINTY_MEASURE_WITH_UNIT(LENGTH_MEASURE(1.E-8),#4404,
'DISTANCE_ACCURACY_VALUE','Maximum Tolerance applied to model');
#4402=(
NAMED_UNIT(*)
SI_UNIT($,.STERADIAN.)
SOLID_ANGLE_UNIT()
);
#4403=(
NAMED_UNIT(*)
PLANE_ANGLE_UNIT()
SI_UNIT($,.RADIAN.)
);
#4404=(
LENGTH_UNIT()
NAMED_UNIT(*)
SI_UNIT($,.METRE.)
);
#4405=PRODUCT_DEFINITION_SHAPE('','',#4406);
#4406=PRODUCT_DEFINITION('','',#4408,#4407);
#4407=PRODUCT_DEFINITION_CONTEXT('',#4414,'design');
#4408=PRODUCT_DEFINITION_FORMATION_WITH_SPECIFIED_SOURCE('','',#4410,
 .NOT_KNOWN.);
#4409=PRODUCT_RELATED_PRODUCT_CATEGORY('','',(#4410));
#4410=PRODUCT('Middle Bottom','Middle Bottom','Middle Bottom',(#4412));
#4411=PRODUCT_CATEGORY('','');
#4412=PRODUCT_CONTEXT('',#4414,'mechanical');
#4413=APPLICATION_PROTOCOL_DEFINITION('international standard',
'automotive_design',2010,#4414);
#4414=APPLICATION_CONTEXT(
'core data for automotive mechanical design processes');
ENDSEC;
END-ISO-10303-21;
