ISO-10303-21;
HEADER;
/* Generated by software containing ST-Developer
 * from STEP Tools, Inc. (www.steptools.com) 
 */
/* OPTION: using custom renumber hook */

FILE_DESCRIPTION(
/* description */ ('STEP AP242 Edition 2',
'CAx-IF Rec.Pracs.---Representation and Presentation of Product Manufa
cturing Information (PMI)---4.0---2014-10-13',
'CAx-IF Rec.Pracs.---3D Tessellated Geometry---0.4---2014-09-14','2;1',
'CAx-IF Rec.Pracs.---User Defined Attributes---1.5---2016-08-15'),
/* implementation_level */ '2;1');

FILE_NAME(
/* name */ 'Fuselage Design v6 - Front L',
/* time_stamp */ '2026-08-06T02:41:47Z',
/* author */ (''),
/* organization */ (''),
/* preprocessor_version */ 'ST-DEVELOPER v20',
/* originating_system */ 'ONSHAPE BY PTC INC, 1.218',
/* authorisation */ '  ');

FILE_SCHEMA (('AP242_MANAGED_MODEL_BASED_3D_ENGINEERING_MIM_LF { 1 0 10303 442 3 1 4 }'));
ENDSEC;

DATA;
#10=SHAPE_REPRESENTATION_RELATIONSHIP('','',#5512,#11);
#11=ADVANCED_BREP_SHAPE_REPRESENTATION('',(#5510),#9875);
#12=SPHERICAL_SURFACE('',#5728,0.004);
#13=SPHERICAL_SURFACE('',#5731,0.004);
#14=SPHERICAL_SURFACE('',#5745,0.004);
#15=SPHERICAL_SURFACE('',#5770,0.004);
#16=SPHERICAL_SURFACE('',#5851,0.004);
#17=SPHERICAL_SURFACE('',#5856,0.004);
#18=SPHERICAL_SURFACE('',#6108,0.002);
#19=SPHERICAL_SURFACE('',#6110,0.002);
#20=SPHERICAL_SURFACE('',#6120,0.002);
#21=SPHERICAL_SURFACE('',#6122,0.002);
#22=SPHERICAL_SURFACE('',#6132,0.002);
#23=SPHERICAL_SURFACE('',#6134,0.002);
#24=SPHERICAL_SURFACE('',#6144,0.002);
#25=SPHERICAL_SURFACE('',#6146,0.002);
#26=CYLINDRICAL_SURFACE('',#5650,0.025);
#27=CYLINDRICAL_SURFACE('',#5717,0.001);
#28=CYLINDRICAL_SURFACE('',#5723,0.004);
#29=CYLINDRICAL_SURFACE('',#5726,0.004);
#30=CYLINDRICAL_SURFACE('',#5734,0.004);
#31=CYLINDRICAL_SURFACE('',#5741,0.004);
#32=CYLINDRICAL_SURFACE('',#5743,0.004);
#33=CYLINDRICAL_SURFACE('',#5759,0.004);
#34=CYLINDRICAL_SURFACE('',#5760,0.004);
#35=CYLINDRICAL_SURFACE('',#5762,0.004);
#36=CYLINDRICAL_SURFACE('',#5764,0.004);
#37=CYLINDRICAL_SURFACE('',#5766,0.004);
#38=CYLINDRICAL_SURFACE('',#5768,0.004);
#39=CYLINDRICAL_SURFACE('',#5772,0.004);
#40=CYLINDRICAL_SURFACE('',#5776,0.003);
#41=CYLINDRICAL_SURFACE('',#5779,0.003);
#42=CYLINDRICAL_SURFACE('',#5782,0.003);
#43=CYLINDRICAL_SURFACE('',#5785,0.003);
#44=CYLINDRICAL_SURFACE('',#5788,0.003);
#45=CYLINDRICAL_SURFACE('',#5791,0.003);
#46=CYLINDRICAL_SURFACE('',#5794,0.003);
#47=CYLINDRICAL_SURFACE('',#5797,0.003);
#48=CYLINDRICAL_SURFACE('',#5802,0.0042);
#49=CYLINDRICAL_SURFACE('',#5806,0.0042);
#50=CYLINDRICAL_SURFACE('',#5810,0.0042);
#51=CYLINDRICAL_SURFACE('',#5814,0.0042);
#52=CYLINDRICAL_SURFACE('',#5818,0.0042);
#53=CYLINDRICAL_SURFACE('',#5822,0.0042);
#54=CYLINDRICAL_SURFACE('',#5826,0.0042);
#55=CYLINDRICAL_SURFACE('',#5830,0.0042);
#56=CYLINDRICAL_SURFACE('',#5835,0.02635);
#57=CYLINDRICAL_SURFACE('',#5839,0.03235);
#58=CYLINDRICAL_SURFACE('',#5846,0.004);
#59=CYLINDRICAL_SURFACE('',#5848,0.004);
#60=CYLINDRICAL_SURFACE('',#5853,0.004);
#61=CYLINDRICAL_SURFACE('',#5860,0.035);
#62=CYLINDRICAL_SURFACE('',#5867,0.0021);
#63=CYLINDRICAL_SURFACE('',#5869,0.0021);
#64=CYLINDRICAL_SURFACE('',#5888,0.008);
#65=CYLINDRICAL_SURFACE('',#5890,0.008);
#66=CYLINDRICAL_SURFACE('',#5892,0.008);
#67=CYLINDRICAL_SURFACE('',#5894,0.008);
#68=CYLINDRICAL_SURFACE('',#5896,0.008);
#69=CYLINDRICAL_SURFACE('',#5898,0.008);
#70=CYLINDRICAL_SURFACE('',#5900,0.008);
#71=CYLINDRICAL_SURFACE('',#5902,0.027);
#72=CYLINDRICAL_SURFACE('',#5906,0.01);
#73=CYLINDRICAL_SURFACE('',#5929,0.0027);
#74=CYLINDRICAL_SURFACE('',#5930,0.0027);
#75=CYLINDRICAL_SURFACE('',#5931,0.0027);
#76=CYLINDRICAL_SURFACE('',#5932,0.020005);
#77=CYLINDRICAL_SURFACE('',#5937,0.005);
#78=CYLINDRICAL_SURFACE('',#5938,0.01);
#79=CYLINDRICAL_SURFACE('',#5943,0.005);
#80=CYLINDRICAL_SURFACE('',#5944,0.01);
#81=CYLINDRICAL_SURFACE('',#5949,0.005);
#82=CYLINDRICAL_SURFACE('',#5950,0.01);
#83=CYLINDRICAL_SURFACE('',#5994,0.0021);
#84=CYLINDRICAL_SURFACE('',#5996,0.0021);
#85=CYLINDRICAL_SURFACE('',#5998,0.0021);
#86=CYLINDRICAL_SURFACE('',#6000,0.0045);
#87=CYLINDRICAL_SURFACE('',#6003,0.0045);
#88=CYLINDRICAL_SURFACE('',#6006,0.0045);
#89=CYLINDRICAL_SURFACE('',#6021,0.004);
#90=CYLINDRICAL_SURFACE('',#6022,0.004);
#91=CYLINDRICAL_SURFACE('',#6023,0.004);
#92=CYLINDRICAL_SURFACE('',#6024,0.0085);
#93=CYLINDRICAL_SURFACE('',#6026,0.0085);
#94=CYLINDRICAL_SURFACE('',#6028,0.0085);
#95=CYLINDRICAL_SURFACE('',#6030,0.0085);
#96=CYLINDRICAL_SURFACE('',#6034,0.0085);
#97=CYLINDRICAL_SURFACE('',#6036,0.0085);
#98=CYLINDRICAL_SURFACE('',#6038,0.0085);
#99=CYLINDRICAL_SURFACE('',#6040,0.0085);
#100=CYLINDRICAL_SURFACE('',#6042,0.002);
#101=CYLINDRICAL_SURFACE('',#6043,0.002);
#102=CYLINDRICAL_SURFACE('',#6044,0.002);
#103=CYLINDRICAL_SURFACE('',#6045,0.002);
#104=CYLINDRICAL_SURFACE('',#6046,0.002);
#105=CYLINDRICAL_SURFACE('',#6047,0.002);
#106=CYLINDRICAL_SURFACE('',#6048,0.002);
#107=CYLINDRICAL_SURFACE('',#6049,0.002);
#108=CYLINDRICAL_SURFACE('',#6050,0.002);
#109=CYLINDRICAL_SURFACE('',#6051,0.002);
#110=CYLINDRICAL_SURFACE('',#6052,0.002);
#111=CYLINDRICAL_SURFACE('',#6053,0.002);
#112=CYLINDRICAL_SURFACE('',#6054,0.002);
#113=CYLINDRICAL_SURFACE('',#6055,0.002);
#114=CYLINDRICAL_SURFACE('',#6056,0.002);
#115=CYLINDRICAL_SURFACE('',#6057,0.002);
#116=CYLINDRICAL_SURFACE('',#6058,0.002);
#117=CYLINDRICAL_SURFACE('',#6059,0.002);
#118=CYLINDRICAL_SURFACE('',#6060,0.002);
#119=CYLINDRICAL_SURFACE('',#6061,0.002);
#120=CYLINDRICAL_SURFACE('',#6062,0.002);
#121=CYLINDRICAL_SURFACE('',#6063,0.002);
#122=CYLINDRICAL_SURFACE('',#6064,0.002);
#123=CYLINDRICAL_SURFACE('',#6065,0.002);
#124=CYLINDRICAL_SURFACE('',#6066,0.002);
#125=CYLINDRICAL_SURFACE('',#6067,0.002);
#126=CYLINDRICAL_SURFACE('',#6068,0.002);
#127=CYLINDRICAL_SURFACE('',#6069,0.002);
#128=CYLINDRICAL_SURFACE('',#6070,0.002);
#129=CYLINDRICAL_SURFACE('',#6071,0.002);
#130=CYLINDRICAL_SURFACE('',#6072,0.002);
#131=CYLINDRICAL_SURFACE('',#6073,0.002);
#132=CYLINDRICAL_SURFACE('',#6074,0.002);
#133=CYLINDRICAL_SURFACE('',#6075,0.002);
#134=CYLINDRICAL_SURFACE('',#6076,0.002);
#135=CYLINDRICAL_SURFACE('',#6077,0.002);
#136=CYLINDRICAL_SURFACE('',#6078,0.002);
#137=CYLINDRICAL_SURFACE('',#6079,0.002);
#138=CYLINDRICAL_SURFACE('',#6080,0.002);
#139=CYLINDRICAL_SURFACE('',#6081,0.002);
#140=CYLINDRICAL_SURFACE('',#6082,0.002);
#141=CYLINDRICAL_SURFACE('',#6083,0.002);
#142=CYLINDRICAL_SURFACE('',#6084,0.002);
#143=CYLINDRICAL_SURFACE('',#6085,0.002);
#144=CYLINDRICAL_SURFACE('',#6086,0.002);
#145=CYLINDRICAL_SURFACE('',#6087,0.002);
#146=CYLINDRICAL_SURFACE('',#6088,0.002);
#147=CYLINDRICAL_SURFACE('',#6089,0.002);
#148=CYLINDRICAL_SURFACE('',#6092,0.002);
#149=CYLINDRICAL_SURFACE('',#6094,0.002);
#150=CYLINDRICAL_SURFACE('',#6095,0.002);
#151=CYLINDRICAL_SURFACE('',#6096,0.002);
#152=CYLINDRICAL_SURFACE('',#6098,0.002);
#153=CYLINDRICAL_SURFACE('',#6100,0.002);
#154=CYLINDRICAL_SURFACE('',#6101,0.002);
#155=CYLINDRICAL_SURFACE('',#6106,0.002);
#156=CYLINDRICAL_SURFACE('',#6112,0.002);
#157=CYLINDRICAL_SURFACE('',#6118,0.002);
#158=CYLINDRICAL_SURFACE('',#6125,0.002);
#159=CYLINDRICAL_SURFACE('',#6130,0.002);
#160=CYLINDRICAL_SURFACE('',#6136,0.002);
#161=CYLINDRICAL_SURFACE('',#6142,0.002);
#162=CYLINDRICAL_SURFACE('',#6149,0.011557);
#163=CYLINDRICAL_SURFACE('',#6153,0.011557);
#164=CYLINDRICAL_SURFACE('',#6157,0.006557);
#165=CYLINDRICAL_SURFACE('',#6158,0.006557);
#166=ELLIPSE('',#5520,0.0297330568876904,0.025);
#167=ELLIPSE('',#5521,0.0367158640356813,0.033);
#168=ELLIPSE('',#5522,0.0367158640356813,0.033);
#169=ELLIPSE('',#5597,0.0404430805362732,0.03635);
#170=ELLIPSE('',#5598,0.00890081552380151,0.008);
#171=ELLIPSE('',#5599,0.00890081552380151,0.008);
#172=ELLIPSE('',#5651,0.0278150485118798,0.025);
#173=ELLIPSE('',#5656,0.00802879790320874,0.008);
#174=ELLIPSE('',#5658,0.00205753011630437,0.002);
#175=ELLIPSE('',#5659,0.00205753011630437,0.002);
#176=ELLIPSE('',#5660,0.00205753011630437,0.002);
#177=ELLIPSE('',#5661,0.0102876505815218,0.01);
#178=ELLIPSE('',#5662,0.00205753011630437,0.002);
#179=ELLIPSE('',#5663,0.027776656570109,0.027);
#180=ELLIPSE('',#5666,0.00205753011630437,0.002);
#181=ELLIPSE('',#5668,0.0380643071516309,0.037);
#182=ELLIPSE('',#5669,0.0102876505815218,0.01);
#183=ELLIPSE('',#5670,0.00205753011630437,0.002);
#184=ELLIPSE('',#5671,0.00205753011630437,0.002);
#185=ELLIPSE('',#5673,0.00202616357836118,0.002);
#186=ELLIPSE('',#5684,0.0283691001757252,0.027);
#187=ELLIPSE('',#5686,0.00215958886055616,0.002);
#188=ELLIPSE('',#5687,0.00215958886055616,0.002);
#189=ELLIPSE('',#5691,0.0222576018192061,0.020005);
#190=ELLIPSE('',#5692,0.0248666533696205,0.02235);
#191=ELLIPSE('',#5694,0.0102876505815218,0.01);
#192=ELLIPSE('',#5695,0.0380643071516309,0.037);
#193=ELLIPSE('',#5696,0.00205753011630437,0.002);
#194=ELLIPSE('',#5698,0.00228429346561487,0.002);
#195=ELLIPSE('',#5699,0.00228429346561487,0.002);
#196=ELLIPSE('',#5700,0.00228429346561487,0.002);
#197=ELLIPSE('',#5701,0.00228429346561487,0.002);
#198=ELLIPSE('',#5725,0.00565685424949238,0.004);
#199=ELLIPSE('',#5744,0.00558789020908125,0.004);
#200=ELLIPSE('',#5761,0.00565685424949238,0.004);
#201=ELLIPSE('',#5773,0.00558789020908125,0.004);
#202=ELLIPSE('',#5836,0.0285157929892342,0.02635);
#203=ELLIPSE('',#5840,0.0368896023733446,0.03235);
#204=ELLIPSE('',#5862,0.0361232816744783,0.035);
#205=ELLIPSE('',#5863,0.0361232816744783,0.035);
#206=ELLIPSE('',#5866,0.00215958886055616,0.002);
#207=ELLIPSE('',#5878,0.00228429346561487,0.002);
#208=ELLIPSE('',#5879,0.00228429346561487,0.002);
#209=ELLIPSE('',#5880,0.00228429346561487,0.002);
#210=ELLIPSE('',#5881,0.00228429346561487,0.002);
#211=ELLIPSE('',#5883,0.015736844721624,0.008);
#212=ELLIPSE('',#5887,0.0091371738624595,0.008);
#213=ELLIPSE('',#5889,0.00800344607818635,0.008);
#214=ELLIPSE('',#5891,0.00800344607818635,0.008);
#215=ELLIPSE('',#5893,0.00800561462443108,0.008);
#216=ELLIPSE('',#5895,0.00800561462443108,0.008);
#217=ELLIPSE('',#5897,0.00800580301993152,0.008);
#218=ELLIPSE('',#5899,0.00800580301993152,0.008);
#219=ELLIPSE('',#5917,0.00584760880032614,0.002);
#220=ELLIPSE('',#5933,0.0222576018192061,0.020005);
#221=ELLIPSE('',#6093,0.00282842712474619,0.002);
#222=ELLIPSE('',#6097,0.00200140365610777,0.002);
#223=ELLIPSE('',#6099,0.00282842712474619,0.002);
#224=(
BOUNDED_SURFACE()
B_SPLINE_SURFACE(3,2,((#7912,#7913,#7914),(#7915,#7916,#7917),(#7918,#7919,
#7920),(#7921,#7922,#7923),(#7924,#7925,#7926),(#7927,#7928,#7929),(#7930,
#7931,#7932),(#7933,#7934,#7935),(#7936,#7937,#7938),(#7939,#7940,#7941),
(#7942,#7943,#7944),(#7945,#7946,#7947),(#7948,#7949,#7950),(#7951,#7952,
#7953),(#7954,#7955,#7956),(#7957,#7958,#7959),(#7960,#7961,#7962),(#7963,
#7964,#7965),(#7966,#7967,#7968),(#7969,#7970,#7971),(#7972,#7973,#7974)),
 .UNSPECIFIED.,.T.,.F.,.F.)
B_SPLINE_SURFACE_WITH_KNOTS((1,3,1,1,1,1,1,1,1,1,1,1,1,1,1,1,1,1,1,3,1),
(3,3),(-0.392699081698725,0.,0.392699081698724,0.785398163397448,1.17809724509617,
1.5707963267949,1.96349540849362,2.35619449019234,2.74889357189107,2.94524311274043,
3.14159265358979,3.33794219443916,3.53429173528852,3.92699081698724,4.31968989868597,
4.71238898038469,5.10508806208341,5.49778714378214,5.89048622548086,6.28318530717959,
6.67588438887831),(0.,1.),.UNSPECIFIED.)
GEOMETRIC_REPRESENTATION_ITEM()
RATIONAL_B_SPLINE_SURFACE(((1.,0.848048096156428,1.),(1.,0.848048096156427,
1.),(1.,0.84135894434511,1.),(1.,0.812091747072308,1.),(1.,0.766152339138906,
1.),(1.,0.708016199745879,1.),(1.,0.644423548996866,1.),(1.,0.584737543219566,
1.),(1.,0.548199275026004,1.),(1.,0.532597684427659,1.),(1.,0.528580054135979,
1.),(1.,0.532597684427659,1.),(1.,0.548199275026003,1.),(1.,0.584737543219568,
1.),(1.,0.644423548996866,1.),(1.,0.708016199745879,1.),(1.,0.766152339138906,
1.),(1.,0.812091747072306,1.),(1.,0.841358944345111,1.),(1.,0.848048096156428,
1.),(1.,0.848048096156428,1.)))
REPRESENTATION_ITEM('')
SURFACE()
);
#225=(
BOUNDED_SURFACE()
B_SPLINE_SURFACE(3,2,((#9022,#9023,#9024),(#9025,#9026,#9027),(#9028,#9029,
#9030),(#9031,#9032,#9033),(#9034,#9035,#9036),(#9037,#9038,#9039),(#9040,
#9041,#9042),(#9043,#9044,#9045),(#9046,#9047,#9048),(#9049,#9050,#9051),
(#9052,#9053,#9054),(#9055,#9056,#9057),(#9058,#9059,#9060),(#9061,#9062,
#9063),(#9064,#9065,#9066),(#9067,#9068,#9069),(#9070,#9071,#9072),(#9073,
#9074,#9075),(#9076,#9077,#9078)),.UNSPECIFIED.,.T.,.F.,.F.)
B_SPLINE_SURFACE_WITH_KNOTS((1,3,1,1,1,1,1,1,1,1,1,1,1,1,1,1,1,3,1),(3,
3),(-0.392699081698725,0.,0.392699081698724,0.785398163397448,1.17809724509617,
1.5707963267949,1.96349540849362,2.35619449019234,2.74889357189107,3.14159265358979,
3.53429173528852,3.92699081698724,4.31968989868597,4.71238898038469,5.10508806208341,
5.49778714378214,5.89048622548086,6.28318530717959,6.67588438887831),(0.,
1.),.UNSPECIFIED.)
GEOMETRIC_REPRESENTATION_ITEM()
RATIONAL_B_SPLINE_SURFACE(((1.,0.848048096156427,1.),(1.,0.848048096156427,
1.),(1.,0.841358928471499,1.),(1.,0.812091802629945,1.),(1.,0.766152132781954,
1.),(1.,0.708016969616044,1.),(1.,0.644420675873149,1.),(1.,0.584748265844267,
1.),(1.,0.540851604012193,1.),(1.,0.524453094343711,1.),(1.,0.540851604012192,
1.),(1.,0.584748265844268,1.),(1.,0.644420675873148,1.),(1.,0.708016969616045,
1.),(1.,0.766152132781951,1.),(1.,0.812091802629947,1.),(1.,0.841358928471499,
1.),(1.,0.848048096156427,1.),(1.,0.848048096156427,1.)))
REPRESENTATION_ITEM('')
SURFACE()
);
#226=(
BOUNDED_SURFACE()
B_SPLINE_SURFACE(3,2,((#9079,#9080,#9081),(#9082,#9083,#9084),(#9085,#9086,
#9087),(#9088,#9089,#9090),(#9091,#9092,#9093),(#9094,#9095,#9096),(#9097,
#9098,#9099)),.UNSPECIFIED.,.F.,.F.,.F.)
B_SPLINE_SURFACE_WITH_KNOTS((4,1,1,1,4),(3,3),(0.,0.392699081698724,0.785398163397448,
1.17809724509617,1.5707963267949),(0.,1.),.UNSPECIFIED.)
GEOMETRIC_REPRESENTATION_ITEM()
RATIONAL_B_SPLINE_SURFACE(((1.,0.848048096156426,1.),(1.,0.848048096156135,
1.),(1.,0.841358955114115,1.),(1.,0.812091709381223,1.),(1.,0.766152479134228,
1.),(1.,0.727394611348512,1.),(1.,0.707106781186545,1.)))
REPRESENTATION_ITEM('')
SURFACE()
);
#227=(
BOUNDED_SURFACE()
B_SPLINE_SURFACE(3,2,((#9106,#9107,#9108),(#9109,#9110,#9111),(#9112,#9113,
#9114),(#9115,#9116,#9117),(#9118,#9119,#9120),(#9121,#9122,#9123),(#9124,
#9125,#9126)),.UNSPECIFIED.,.F.,.F.,.F.)
B_SPLINE_SURFACE_WITH_KNOTS((4,1,1,1,4),(3,3),(1.5707963267949,1.96349540849362,
2.35619449019234,2.74889357189107,3.14159265358979),(0.,1.),
 .UNSPECIFIED.)
GEOMETRIC_REPRESENTATION_ITEM()
RATIONAL_B_SPLINE_SURFACE(((1.,0.707106781186545,1.),(1.,0.727394611349288,
1.),(1.,0.76615247913387,1.),(1.,0.812091709381319,1.),(1.,0.841358955114087,
1.),(1.,0.848048096156135,1.),(1.,0.848048096156426,1.)))
REPRESENTATION_ITEM('')
SURFACE()
);
#228=(
BOUNDED_SURFACE()
B_SPLINE_SURFACE(3,2,((#9132,#9133,#9134),(#9135,#9136,#9137),(#9138,#9139,
#9140),(#9141,#9142,#9143),(#9144,#9145,#9146),(#9147,#9148,#9149),(#9150,
#9151,#9152),(#9153,#9154,#9155),(#9156,#9157,#9158),(#9159,#9160,#9161),
(#9162,#9163,#9164),(#9165,#9166,#9167),(#9168,#9169,#9170),(#9171,#9172,
#9173),(#9174,#9175,#9176),(#9177,#9178,#9179),(#9180,#9181,#9182),(#9183,
#9184,#9185),(#9186,#9187,#9188)),.UNSPECIFIED.,.F.,.F.,.F.)
B_SPLINE_SURFACE_WITH_KNOTS((4,1,1,1,1,1,1,1,1,1,1,1,1,1,1,1,4),(3,3),(3.5369569733616,
3.88023551508885,4.2235140568161,4.56679259854335,4.91007114027059,5.25334968199784,
5.59662822372509,5.93990676545234,6.28318530717959,6.62646384890683,6.96974239063408,
7.31302093236133,7.65629947408858,7.99957801581582,8.34285655754307,8.68613509927032,
9.02941364099757),(0.,1.),.UNSPECIFIED.)
GEOMETRIC_REPRESENTATION_ITEM()
RATIONAL_B_SPLINE_SURFACE(((1.,0.838019563877796,1.),(1.,0.832256189458044,
1.),(1.,0.815841572050092,1.),(1.,0.778202062280672,1.),(1.,0.730290318179673,
1.),(1.,0.676113769266505,1.),(1.,0.621150648697904,1.),(1.,0.572461507249295,
1.),(1.,0.538218787444805,1.),(1.,0.525769502627399,1.),(1.,0.538218787444804,
1.),(1.,0.5724615072493,1.),(1.,0.6211506486979,1.),(1.,0.676113769266516,
1.),(1.,0.73029031817964,1.),(1.,0.778202062280787,1.),(1.,0.815841572049656,
1.),(1.,0.832256189458983,1.),(1.,0.838019563877796,1.)))
REPRESENTATION_ITEM('')
SURFACE()
);
#229=(
BOUNDED_SURFACE()
B_SPLINE_SURFACE(3,2,((#9191,#9192,#9193),(#9194,#9195,#9196),(#9197,#9198,
#9199),(#9200,#9201,#9202),(#9203,#9204,#9205)),.UNSPECIFIED.,.F.,.F.,.F.)
B_SPLINE_SURFACE_WITH_KNOTS((4,1,4),(3,3),(2.35271871429354E-17,0.00218957776152823,
0.00437915552305644),(0.,1.),.UNSPECIFIED.)
GEOMETRIC_REPRESENTATION_ITEM()
RATIONAL_B_SPLINE_SURFACE(((1.,0.707106781186546,1.),(1.,0.766639524698712,
1.),(1.,0.91737820755968,1.),(1.,0.999999999998217,1.),(1.,1.,1.)))
REPRESENTATION_ITEM('')
SURFACE()
);
#230=(
BOUNDED_SURFACE()
B_SPLINE_SURFACE(3,2,((#9209,#9210,#9211),(#9212,#9213,#9214),(#9215,#9216,
#9217),(#9218,#9219,#9220),(#9221,#9222,#9223)),.UNSPECIFIED.,.F.,.F.,.F.)
B_SPLINE_SURFACE_WITH_KNOTS((4,1,4),(3,3),(2.39608680119296E-17,0.00218957776152821,
0.0043791555230564),(0.,1.),.UNSPECIFIED.)
GEOMETRIC_REPRESENTATION_ITEM()
RATIONAL_B_SPLINE_SURFACE(((1.,0.707106781186546,1.),(1.,0.766639524698712,
1.),(1.,0.91737820755968,1.),(1.,0.999999999998217,1.),(1.,1.,1.)))
REPRESENTATION_ITEM('')
SURFACE()
);
#231=(
BOUNDED_SURFACE()
B_SPLINE_SURFACE(3,2,((#9757,#9758,#9759),(#9760,#9761,#9762),(#9763,#9764,
#9765),(#9766,#9767,#9768)),.UNSPECIFIED.,.F.,.F.,.F.)
B_SPLINE_SURFACE_WITH_KNOTS((4,4),(3,3),(2.78891058903844,3.14369612514776),
(0.,1.),.PIECEWISE_BEZIER_KNOTS.)
GEOMETRIC_REPRESENTATION_ITEM()
RATIONAL_B_SPLINE_SURFACE(((1.,0.62435353062526,1.),(1.,0.620512667089562,
1.),(1.,0.618515808833188,1.),(1.,0.61853941828495,1.)))
REPRESENTATION_ITEM('')
SURFACE()
);
#232=(
BOUNDED_SURFACE()
B_SPLINE_SURFACE(3,2,((#9769,#9770,#9771),(#9772,#9773,#9774),(#9775,#9776,
#9777),(#9778,#9779,#9780),(#9781,#9782,#9783),(#9784,#9785,#9786),(#9787,
#9788,#9789)),.UNSPECIFIED.,.F.,.F.,.F.)
B_SPLINE_SURFACE_WITH_KNOTS((4,1,1,1,4),(3,3),(3.13216787562902,3.52722315181794,
3.92227842800686,4.31733370419577,4.71238898038469),(0.,1.),
 .UNSPECIFIED.)
GEOMETRIC_REPRESENTATION_ITEM()
RATIONAL_B_SPLINE_SURFACE(((1.,0.618543423465536,1.),(1.,0.61842563482019,
1.),(1.,0.623222427242521,1.),(1.,0.643904947822273,1.),(1.,0.673779318304125,
1.),(1.,0.696174169582056,1.),(1.,0.707106781186548,1.)))
REPRESENTATION_ITEM('')
SURFACE()
);
#233=B_SPLINE_CURVE_WITH_KNOTS('',3,(#7874,#7875,#7876,#7877,#7878,#7879,
#7880),.UNSPECIFIED.,.F.,.F.,(4,1,1,1,4),(0.00691031455920618,0.0102378791268367,
0.0135654436944673,0.0168930082620979,0.0202205728297284),.UNSPECIFIED.);
#234=B_SPLINE_CURVE_WITH_KNOTS('',3,(#7885,#7886,#7887,#7888,#7889,#7890,
#7891,#7892,#7893,#7894,#7895,#7896,#7897,#7898,#7899),.UNSPECIFIED.,.F.,
 .F.,(4,1,1,1,1,1,1,1,1,1,1,1,4),(-1.7898151065713E-5,0.00214410285836056,
0.00430610386778683,0.00863010588663937,0.0129541079054919,0.0151161089149182,
0.0172781099243445,0.0194401109337707,0.021602111943197,0.0259261139620495,
0.0302501159809021,0.0324121169903284,0.0345741179997546),.UNSPECIFIED.);
#235=B_SPLINE_CURVE_WITH_KNOTS('',3,(#7903,#7904,#7905,#7906,#7907,#7908,
#7909),.UNSPECIFIED.,.F.,.F.,(4,1,1,1,4),(1.9717610533272E-7,0.00333208581033411,
0.00666397444456288,0.00999586307879166,0.0133277517130204),
 .UNSPECIFIED.);
#236=B_SPLINE_CURVE_WITH_KNOTS('',3,(#7977,#7978,#7979,#7980,#7981),
 .UNSPECIFIED.,.F.,.F.,(4,1,4),(8.88611994741668E-17,0.00265205793300204,
0.00530411586600399),.UNSPECIFIED.);
#237=B_SPLINE_CURVE_WITH_KNOTS('',3,(#8473,#8474,#8475,#8476,#8477,#8478,
#8479,#8480,#8481,#8482,#8483,#8484,#8485,#8486,#8487,#8488,#8489,#8490,
#8491,#8492,#8493,#8494,#8495,#8496,#8497,#8498,#8499,#8500,#8501,#8502,
#8503,#8504,#8505,#8506,#8507,#8508,#8509,#8510,#8511,#8512,#8513,#8514,
#8515,#8516),.UNSPECIFIED.,.F.,.F.,(4,1,1,1,1,1,1,1,1,1,1,1,1,1,1,1,1,1,
1,1,1,1,1,1,1,1,1,1,1,1,1,1,1,1,1,1,1,1,1,1,1,4),(1.01561494748207E-18,
0.00248661510554376,0.00497323021108752,0.00994646042217504,0.0149196906332626,
0.0198929208443501,0.0298393812665251,0.0397858416887002,0.0447590718997877,
0.0497323021108752,0.0547055323219627,0.0596787625330502,0.0646519927441378,
0.0671386078496815,0.0696252229552253,0.072111838060769,0.0745984531663128,
0.0758417607190847,0.0770850682718565,0.0783283758246284,0.0795716833774003,
0.0801933371537863,0.0808149909301722,0.0820582984829441,0.083301606035716,
0.0845449135884878,0.0870315286940316,0.0895181437995753,0.0920047589051191,
0.0944913740106629,0.0994646042217504,0.104437834432838,0.109411064643925,
0.114384294855013,0.1193575250661,0.129303985488276,0.139250445910451,0.144223676121538,
0.149196906332626,0.154170136543713,0.156656751649257,0.159143366754801),
 .UNSPECIFIED.);
#238=B_SPLINE_CURVE_WITH_KNOTS('',3,(#8756,#8757,#8758,#8759,#8760,#8761),
 .UNSPECIFIED.,.F.,.F.,(4,1,1,4),(0.,0.00100119135565617,0.00200238271131234,
0.00400476542262468),.UNSPECIFIED.);
#239=B_SPLINE_CURVE_WITH_KNOTS('',3,(#8777,#8778,#8779,#8780,#8781,#8782),
 .UNSPECIFIED.,.F.,.F.,(4,1,1,4),(0.,0.00100119135565618,0.00200238271131236,
0.00400476542262473),.UNSPECIFIED.);
#240=B_SPLINE_CURVE_WITH_KNOTS('',3,(#8812,#8813,#8814,#8815),
 .UNSPECIFIED.,.F.,.F.,(4,4),(-1.48908739051352E-5,0.0048429708626644),
 .UNSPECIFIED.);
#241=B_SPLINE_CURVE_WITH_KNOTS('',3,(#8820,#8821,#8822,#8823),
 .UNSPECIFIED.,.F.,.F.,(4,4),(-1.48908739051325E-5,0.00484297086266382),
 .UNSPECIFIED.);
#242=B_SPLINE_CURVE_WITH_KNOTS('',3,(#9006,#9007,#9008,#9009,#9010),
 .UNSPECIFIED.,.F.,.F.,(4,1,4),(0.,0.00212879970191427,0.00425759940382855),
 .UNSPECIFIED.);
#243=B_SPLINE_CURVE_WITH_KNOTS('',3,(#9011,#9012,#9013,#9014,#9015),
 .UNSPECIFIED.,.F.,.F.,(4,1,4),(0.,0.0021287997019143,0.0042575994038286),
 .UNSPECIFIED.);
#244=B_SPLINE_CURVE_WITH_KNOTS('',3,(#9349,#9350,#9351,#9352,#9353,#9354),
 .UNSPECIFIED.,.F.,.F.,(4,1,1,4),(1.47451495458029E-17,0.00170693815667277,
0.00341387631334553,0.00682775262669104),.UNSPECIFIED.);
#245=B_SPLINE_CURVE_WITH_KNOTS('',3,(#9355,#9356,#9357,#9358,#9359,#9360),
 .UNSPECIFIED.,.F.,.F.,(4,1,1,4),(6.93889390390723E-18,0.00170693815667273,
0.00341387631334546,0.00682775262669092),.UNSPECIFIED.);
#246=B_SPLINE_CURVE_WITH_KNOTS('',3,(#9394,#9395,#9396,#9397,#9398),
 .UNSPECIFIED.,.F.,.F.,(4,1,4),(0.,0.00161703691559587,0.00323407383119174),
 .UNSPECIFIED.);
#247=B_SPLINE_CURVE_WITH_KNOTS('',3,(#9401,#9402,#9403,#9404,#9405),
 .UNSPECIFIED.,.F.,.F.,(4,1,4),(0.,0.00183441339788605,0.0036688267957721),
 .UNSPECIFIED.);
#248=B_SPLINE_CURVE_WITH_KNOTS('',3,(#9635,#9636,#9637,#9638,#9639),
 .UNSPECIFIED.,.F.,.F.,(4,1,4),(0.,0.00340646655783268,0.00681293311566535),
 .UNSPECIFIED.);
#249=B_SPLINE_CURVE_WITH_KNOTS('',3,(#9640,#9641,#9642,#9643,#9644),
 .UNSPECIFIED.,.F.,.F.,(4,1,4),(0.,0.00340646655783269,0.00681293311566539),
 .UNSPECIFIED.);
#250=B_SPLINE_CURVE_WITH_KNOTS('',3,(#9720,#9721,#9722,#9723),
 .UNSPECIFIED.,.F.,.F.,(4,4),(0.,0.00145652181575868),.UNSPECIFIED.);
#251=B_SPLINE_CURVE_WITH_KNOTS('',3,(#9790,#9791,#9792,#9793,#9794),
 .UNSPECIFIED.,.F.,.F.,(4,1,4),(0.,0.5,1.),.UNSPECIFIED.);
#252=B_SPLINE_CURVE_WITH_KNOTS('',3,(#9796,#9797,#9798,#9799,#9800,#9801,
#9802,#9803,#9804,#9805,#9806),.UNSPECIFIED.,.F.,.F.,(4,1,1,1,1,1,1,1,4),
(0.,0.25,0.375,0.4375,0.5,0.5625,0.625,0.75,1.),.UNSPECIFIED.);
#253=TOROIDAL_SURFACE('',#5516,0.018,0.008);
#254=TOROIDAL_SURFACE('',#5713,0.005,0.001);
#255=TOROIDAL_SURFACE('',#5720,0.005,0.001);
#256=TOROIDAL_SURFACE('',#5735,0.03035,0.004);
#257=TOROIDAL_SURFACE('',#5748,0.008,0.004);
#258=TOROIDAL_SURFACE('',#5753,0.02835,0.004);
#259=TOROIDAL_SURFACE('',#5756,0.008,0.004);
#260=TOROIDAL_SURFACE('',#5858,0.02735,0.001);
#261=TOROIDAL_SURFACE('',#5952,0.018,0.008);
#262=TOROIDAL_SURFACE('',#5953,0.018,0.008);
#263=TOROIDAL_SURFACE('',#6090,0.033,0.002);
#264=TOROIDAL_SURFACE('',#6103,0.0105,0.002);
#265=TOROIDAL_SURFACE('',#6114,0.0105,0.002);
#266=TOROIDAL_SURFACE('',#6116,0.0105,0.002);
#267=TOROIDAL_SURFACE('',#6124,0.0105,0.002);
#268=TOROIDAL_SURFACE('',#6127,0.0105,0.002);
#269=TOROIDAL_SURFACE('',#6138,0.0105,0.002);
#270=TOROIDAL_SURFACE('',#6140,0.0105,0.002);
#271=TOROIDAL_SURFACE('',#6148,0.0105,0.002);
#272=CIRCLE('',#5515,0.002);
#273=CIRCLE('',#5517,0.018);
#274=CIRCLE('',#5518,0.018);
#275=CIRCLE('',#5519,0.01);
#276=CIRCLE('',#5524,0.004);
#277=CIRCLE('',#5525,0.002);
#278=CIRCLE('',#5526,0.002);
#279=CIRCLE('',#5527,0.002);
#280=CIRCLE('',#5528,0.002);
#281=CIRCLE('',#5529,0.002);
#282=CIRCLE('',#5530,0.002);
#283=CIRCLE('',#5531,0.002);
#284=CIRCLE('',#5532,0.002);
#285=CIRCLE('',#5533,0.002);
#286=CIRCLE('',#5534,0.002);
#287=CIRCLE('',#5535,0.002);
#288=CIRCLE('',#5536,0.002);
#289=CIRCLE('',#5537,0.002);
#290=CIRCLE('',#5538,0.002);
#291=CIRCLE('',#5539,0.002);
#292=CIRCLE('',#5540,0.002);
#293=CIRCLE('',#5541,0.002);
#294=CIRCLE('',#5542,0.002);
#295=CIRCLE('',#5543,0.002);
#296=CIRCLE('',#5544,0.002);
#297=CIRCLE('',#5545,0.002);
#298=CIRCLE('',#5546,0.002);
#299=CIRCLE('',#5547,0.002);
#300=CIRCLE('',#5548,0.002);
#301=CIRCLE('',#5549,0.002);
#302=CIRCLE('',#5550,0.002);
#303=CIRCLE('',#5551,0.018);
#304=CIRCLE('',#5552,0.018);
#305=CIRCLE('',#5553,0.0085);
#306=CIRCLE('',#5554,0.002);
#307=CIRCLE('',#5555,0.0085);
#308=CIRCLE('',#5556,0.002);
#309=CIRCLE('',#5557,0.0085);
#310=CIRCLE('',#5558,0.002);
#311=CIRCLE('',#5559,0.0085);
#312=CIRCLE('',#5560,0.002);
#313=CIRCLE('',#5561,0.0085);
#314=CIRCLE('',#5562,0.0085);
#315=CIRCLE('',#5563,0.002);
#316=CIRCLE('',#5564,0.0085);
#317=CIRCLE('',#5565,0.002);
#318=CIRCLE('',#5566,0.0085);
#319=CIRCLE('',#5567,0.002);
#320=CIRCLE('',#5568,0.0085);
#321=CIRCLE('',#5569,0.002);
#322=CIRCLE('',#5570,0.0085);
#323=CIRCLE('',#5571,0.0045);
#324=CIRCLE('',#5572,0.0045);
#325=CIRCLE('',#5573,0.0045);
#326=CIRCLE('',#5574,0.004);
#327=CIRCLE('',#5575,0.004);
#328=CIRCLE('',#5577,0.004);
#329=CIRCLE('',#5578,0.004);
#330=CIRCLE('',#5579,0.002);
#331=CIRCLE('',#5580,0.002);
#332=CIRCLE('',#5581,0.002);
#333=CIRCLE('',#5582,0.002);
#334=CIRCLE('',#5583,0.002);
#335=CIRCLE('',#5584,0.002);
#336=CIRCLE('',#5585,0.002);
#337=CIRCLE('',#5586,0.002);
#338=CIRCLE('',#5587,0.004);
#339=CIRCLE('',#5594,0.0027);
#340=CIRCLE('',#5595,0.0027);
#341=CIRCLE('',#5596,0.0027);
#342=CIRCLE('',#5600,0.0105);
#343=CIRCLE('',#5601,0.0105);
#344=CIRCLE('',#5602,0.002);
#345=CIRCLE('',#5603,0.002);
#346=CIRCLE('',#5604,0.002);
#347=CIRCLE('',#5605,0.002);
#348=CIRCLE('',#5606,0.002);
#349=CIRCLE('',#5607,0.002);
#350=CIRCLE('',#5608,0.002);
#351=CIRCLE('',#5609,0.002);
#352=CIRCLE('',#5610,0.002);
#353=CIRCLE('',#5611,0.002);
#354=CIRCLE('',#5612,0.002);
#355=CIRCLE('',#5613,0.002);
#356=CIRCLE('',#5614,0.002);
#357=CIRCLE('',#5615,0.002);
#358=CIRCLE('',#5616,0.002);
#359=CIRCLE('',#5617,0.002);
#360=CIRCLE('',#5618,0.002);
#361=CIRCLE('',#5619,0.002);
#362=CIRCLE('',#5620,0.002);
#363=CIRCLE('',#5621,0.002);
#364=CIRCLE('',#5622,0.002);
#365=CIRCLE('',#5623,0.002);
#366=CIRCLE('',#5624,0.002);
#367=CIRCLE('',#5625,0.002);
#368=CIRCLE('',#5626,0.002);
#369=CIRCLE('',#5627,0.002);
#370=CIRCLE('',#5628,0.002);
#371=CIRCLE('',#5629,0.002);
#372=CIRCLE('',#5630,0.0105);
#373=CIRCLE('',#5631,0.0105);
#374=CIRCLE('',#5632,0.0105);
#375=CIRCLE('',#5633,0.0105);
#376=CIRCLE('',#5634,0.0105);
#377=CIRCLE('',#5635,0.0105);
#378=CIRCLE('',#5636,0.0105);
#379=CIRCLE('',#5637,0.0105);
#380=CIRCLE('',#5642,0.0027);
#381=CIRCLE('',#5643,0.005);
#382=CIRCLE('',#5645,0.0027);
#383=CIRCLE('',#5646,0.005);
#384=CIRCLE('',#5648,0.0027);
#385=CIRCLE('',#5649,0.005);
#386=CIRCLE('',#5653,0.011557);
#387=CIRCLE('',#5654,0.011557);
#388=CIRCLE('',#5678,0.0021);
#389=CIRCLE('',#5679,0.0021);
#390=CIRCLE('',#5680,0.002);
#391=CIRCLE('',#5681,0.002);
#392=CIRCLE('',#5682,0.027);
#393=CIRCLE('',#5714,0.004);
#394=CIRCLE('',#5715,0.005);
#395=CIRCLE('',#5716,0.001);
#396=CIRCLE('',#5718,0.001);
#397=CIRCLE('',#5719,0.001);
#398=CIRCLE('',#5721,0.005);
#399=CIRCLE('',#5722,0.004);
#400=CIRCLE('',#5724,0.004);
#401=CIRCLE('',#5727,0.004);
#402=CIRCLE('',#5729,0.004);
#403=CIRCLE('',#5730,0.004);
#404=CIRCLE('',#5732,0.004);
#405=CIRCLE('',#5733,0.004);
#406=CIRCLE('',#5736,0.02935);
#407=CIRCLE('',#5737,0.03035);
#408=CIRCLE('',#5738,0.004);
#409=CIRCLE('',#5739,0.02635);
#410=CIRCLE('',#5740,0.03035);
#411=CIRCLE('',#5742,0.004);
#412=CIRCLE('',#5746,0.004);
#413=CIRCLE('',#5747,0.004);
#414=CIRCLE('',#5749,0.004);
#415=CIRCLE('',#5750,0.004);
#416=CIRCLE('',#5751,0.008);
#417=CIRCLE('',#5752,0.004);
#418=CIRCLE('',#5754,0.004);
#419=CIRCLE('',#5755,0.03235);
#420=CIRCLE('',#5757,0.008);
#421=CIRCLE('',#5758,0.004);
#422=CIRCLE('',#5763,0.004);
#423=CIRCLE('',#5765,0.004);
#424=CIRCLE('',#5767,0.004);
#425=CIRCLE('',#5769,0.004);
#426=CIRCLE('',#5771,0.004);
#427=CIRCLE('',#5775,0.02735);
#428=CIRCLE('',#5777,0.003);
#429=CIRCLE('',#5778,0.003);
#430=CIRCLE('',#5780,0.003);
#431=CIRCLE('',#5781,0.003);
#432=CIRCLE('',#5783,0.003);
#433=CIRCLE('',#5784,0.003);
#434=CIRCLE('',#5786,0.003);
#435=CIRCLE('',#5787,0.003);
#436=CIRCLE('',#5789,0.003);
#437=CIRCLE('',#5790,0.003);
#438=CIRCLE('',#5792,0.003);
#439=CIRCLE('',#5793,0.003);
#440=CIRCLE('',#5795,0.003);
#441=CIRCLE('',#5796,0.003);
#442=CIRCLE('',#5798,0.003);
#443=CIRCLE('',#5799,0.003);
#444=CIRCLE('',#5801,0.0042);
#445=CIRCLE('',#5803,0.0042);
#446=CIRCLE('',#5805,0.0042);
#447=CIRCLE('',#5807,0.0042);
#448=CIRCLE('',#5809,0.0042);
#449=CIRCLE('',#5811,0.0042);
#450=CIRCLE('',#5813,0.0042);
#451=CIRCLE('',#5815,0.0042);
#452=CIRCLE('',#5817,0.0042);
#453=CIRCLE('',#5819,0.0042);
#454=CIRCLE('',#5821,0.0042);
#455=CIRCLE('',#5823,0.0042);
#456=CIRCLE('',#5825,0.0042);
#457=CIRCLE('',#5827,0.0042);
#458=CIRCLE('',#5829,0.0042);
#459=CIRCLE('',#5831,0.0042);
#460=CIRCLE('',#5837,0.02635);
#461=CIRCLE('',#5844,0.004);
#462=CIRCLE('',#5845,0.004);
#463=CIRCLE('',#5847,0.004);
#464=CIRCLE('',#5849,0.004);
#465=CIRCLE('',#5850,0.004);
#466=CIRCLE('',#5852,0.004);
#467=CIRCLE('',#5854,0.004);
#468=CIRCLE('',#5855,0.004);
#469=CIRCLE('',#5857,0.001);
#470=CIRCLE('',#5859,0.001);
#471=CIRCLE('',#5861,0.035);
#472=CIRCLE('',#5868,0.0021);
#473=CIRCLE('',#5870,0.0021);
#474=CIRCLE('',#5872,0.002);
#475=CIRCLE('',#5873,0.002);
#476=CIRCLE('',#5874,0.002);
#477=CIRCLE('',#5875,0.033);
#478=CIRCLE('',#5885,0.006557);
#479=CIRCLE('',#5886,0.006557);
#480=CIRCLE('',#5905,0.002);
#481=CIRCLE('',#5914,0.002);
#482=CIRCLE('',#5915,0.002);
#483=CIRCLE('',#5935,0.01);
#484=CIRCLE('',#5936,0.005);
#485=CIRCLE('',#5939,0.01);
#486=CIRCLE('',#5941,0.005);
#487=CIRCLE('',#5942,0.01);
#488=CIRCLE('',#5945,0.01);
#489=CIRCLE('',#5947,0.005);
#490=CIRCLE('',#5948,0.01);
#491=CIRCLE('',#5951,0.01);
#492=CIRCLE('',#5973,0.0021);
#493=CIRCLE('',#5974,0.002);
#494=CIRCLE('',#5975,0.002);
#495=CIRCLE('',#5976,0.002);
#496=CIRCLE('',#5977,0.002);
#497=CIRCLE('',#5978,0.002);
#498=CIRCLE('',#5979,0.002);
#499=CIRCLE('',#5984,0.0021);
#500=CIRCLE('',#5985,0.002);
#501=CIRCLE('',#5986,0.002);
#502=CIRCLE('',#5991,0.0021);
#503=CIRCLE('',#5992,0.002);
#504=CIRCLE('',#5993,0.002);
#505=CIRCLE('',#5995,0.0021);
#506=CIRCLE('',#5997,0.0021);
#507=CIRCLE('',#5999,0.0021);
#508=CIRCLE('',#6001,0.0045);
#509=CIRCLE('',#6004,0.0045);
#510=CIRCLE('',#6007,0.0045);
#511=CIRCLE('',#6025,0.0085);
#512=CIRCLE('',#6027,0.0085);
#513=CIRCLE('',#6029,0.0085);
#514=CIRCLE('',#6031,0.0085);
#515=CIRCLE('',#6033,0.0085);
#516=CIRCLE('',#6035,0.0085);
#517=CIRCLE('',#6037,0.0085);
#518=CIRCLE('',#6039,0.0085);
#519=CIRCLE('',#6041,0.0085);
#520=CIRCLE('',#6091,0.002);
#521=CIRCLE('',#6102,0.002);
#522=CIRCLE('',#6104,0.002);
#523=CIRCLE('',#6105,0.002);
#524=CIRCLE('',#6107,0.002);
#525=CIRCLE('',#6109,0.002);
#526=CIRCLE('',#6111,0.002);
#527=CIRCLE('',#6113,0.002);
#528=CIRCLE('',#6115,0.002);
#529=CIRCLE('',#6117,0.002);
#530=CIRCLE('',#6119,0.002);
#531=CIRCLE('',#6121,0.002);
#532=CIRCLE('',#6123,0.002);
#533=CIRCLE('',#6126,0.002);
#534=CIRCLE('',#6128,0.002);
#535=CIRCLE('',#6129,0.002);
#536=CIRCLE('',#6131,0.002);
#537=CIRCLE('',#6133,0.002);
#538=CIRCLE('',#6135,0.002);
#539=CIRCLE('',#6137,0.002);
#540=CIRCLE('',#6139,0.002);
#541=CIRCLE('',#6141,0.002);
#542=CIRCLE('',#6143,0.002);
#543=CIRCLE('',#6145,0.002);
#544=CIRCLE('',#6147,0.002);
#545=CIRCLE('',#6150,0.011557);
#546=CIRCLE('',#6152,0.006557);
#547=CIRCLE('',#6154,0.011557);
#548=CIRCLE('',#6156,0.006557);
#549=ORIENTED_EDGE('',*,*,#2083,.F.);
#550=ORIENTED_EDGE('',*,*,#2084,.T.);
#551=ORIENTED_EDGE('',*,*,#2085,.F.);
#552=ORIENTED_EDGE('',*,*,#2086,.T.);
#553=ORIENTED_EDGE('',*,*,#2087,.F.);
#554=ORIENTED_EDGE('',*,*,#2088,.F.);
#555=ORIENTED_EDGE('',*,*,#2089,.F.);
#556=ORIENTED_EDGE('',*,*,#2090,.F.);
#557=ORIENTED_EDGE('',*,*,#2091,.F.);
#558=ORIENTED_EDGE('',*,*,#2092,.F.);
#559=ORIENTED_EDGE('',*,*,#2093,.F.);
#560=ORIENTED_EDGE('',*,*,#2094,.F.);
#561=ORIENTED_EDGE('',*,*,#2095,.F.);
#562=ORIENTED_EDGE('',*,*,#2089,.T.);
#563=ORIENTED_EDGE('',*,*,#2096,.F.);
#564=ORIENTED_EDGE('',*,*,#2097,.F.);
#565=ORIENTED_EDGE('',*,*,#2098,.T.);
#566=ORIENTED_EDGE('',*,*,#2099,.T.);
#567=ORIENTED_EDGE('',*,*,#2100,.T.);
#568=ORIENTED_EDGE('',*,*,#2101,.T.);
#569=ORIENTED_EDGE('',*,*,#2102,.F.);
#570=ORIENTED_EDGE('',*,*,#2103,.T.);
#571=ORIENTED_EDGE('',*,*,#2104,.T.);
#572=ORIENTED_EDGE('',*,*,#2105,.T.);
#573=ORIENTED_EDGE('',*,*,#2106,.T.);
#574=ORIENTED_EDGE('',*,*,#2107,.T.);
#575=ORIENTED_EDGE('',*,*,#2108,.T.);
#576=ORIENTED_EDGE('',*,*,#2109,.T.);
#577=ORIENTED_EDGE('',*,*,#2110,.T.);
#578=ORIENTED_EDGE('',*,*,#2111,.T.);
#579=ORIENTED_EDGE('',*,*,#2112,.T.);
#580=ORIENTED_EDGE('',*,*,#2113,.T.);
#581=ORIENTED_EDGE('',*,*,#2114,.T.);
#582=ORIENTED_EDGE('',*,*,#2115,.T.);
#583=ORIENTED_EDGE('',*,*,#2116,.T.);
#584=ORIENTED_EDGE('',*,*,#2117,.T.);
#585=ORIENTED_EDGE('',*,*,#2118,.T.);
#586=ORIENTED_EDGE('',*,*,#2119,.T.);
#587=ORIENTED_EDGE('',*,*,#2120,.T.);
#588=ORIENTED_EDGE('',*,*,#2121,.T.);
#589=ORIENTED_EDGE('',*,*,#2122,.T.);
#590=ORIENTED_EDGE('',*,*,#2123,.T.);
#591=ORIENTED_EDGE('',*,*,#2124,.T.);
#592=ORIENTED_EDGE('',*,*,#2125,.T.);
#593=ORIENTED_EDGE('',*,*,#2126,.T.);
#594=ORIENTED_EDGE('',*,*,#2127,.T.);
#595=ORIENTED_EDGE('',*,*,#2128,.T.);
#596=ORIENTED_EDGE('',*,*,#2129,.T.);
#597=ORIENTED_EDGE('',*,*,#2130,.T.);
#598=ORIENTED_EDGE('',*,*,#2131,.T.);
#599=ORIENTED_EDGE('',*,*,#2132,.T.);
#600=ORIENTED_EDGE('',*,*,#2133,.T.);
#601=ORIENTED_EDGE('',*,*,#2134,.T.);
#602=ORIENTED_EDGE('',*,*,#2135,.T.);
#603=ORIENTED_EDGE('',*,*,#2136,.T.);
#604=ORIENTED_EDGE('',*,*,#2137,.T.);
#605=ORIENTED_EDGE('',*,*,#2138,.T.);
#606=ORIENTED_EDGE('',*,*,#2139,.T.);
#607=ORIENTED_EDGE('',*,*,#2140,.T.);
#608=ORIENTED_EDGE('',*,*,#2141,.T.);
#609=ORIENTED_EDGE('',*,*,#2142,.T.);
#610=ORIENTED_EDGE('',*,*,#2143,.T.);
#611=ORIENTED_EDGE('',*,*,#2144,.F.);
#612=ORIENTED_EDGE('',*,*,#2145,.T.);
#613=ORIENTED_EDGE('',*,*,#2146,.T.);
#614=ORIENTED_EDGE('',*,*,#2147,.T.);
#615=ORIENTED_EDGE('',*,*,#2148,.T.);
#616=ORIENTED_EDGE('',*,*,#2149,.T.);
#617=ORIENTED_EDGE('',*,*,#2150,.T.);
#618=ORIENTED_EDGE('',*,*,#2151,.T.);
#619=ORIENTED_EDGE('',*,*,#2152,.F.);
#620=ORIENTED_EDGE('',*,*,#2153,.T.);
#621=ORIENTED_EDGE('',*,*,#2154,.T.);
#622=ORIENTED_EDGE('',*,*,#2155,.T.);
#623=ORIENTED_EDGE('',*,*,#2156,.T.);
#624=ORIENTED_EDGE('',*,*,#2157,.T.);
#625=ORIENTED_EDGE('',*,*,#2158,.T.);
#626=ORIENTED_EDGE('',*,*,#2159,.T.);
#627=ORIENTED_EDGE('',*,*,#2160,.F.);
#628=ORIENTED_EDGE('',*,*,#2161,.T.);
#629=ORIENTED_EDGE('',*,*,#2162,.T.);
#630=ORIENTED_EDGE('',*,*,#2163,.T.);
#631=ORIENTED_EDGE('',*,*,#2164,.T.);
#632=ORIENTED_EDGE('',*,*,#2165,.T.);
#633=ORIENTED_EDGE('',*,*,#2166,.T.);
#634=ORIENTED_EDGE('',*,*,#2167,.T.);
#635=ORIENTED_EDGE('',*,*,#2168,.T.);
#636=ORIENTED_EDGE('',*,*,#2169,.T.);
#637=ORIENTED_EDGE('',*,*,#2170,.T.);
#638=ORIENTED_EDGE('',*,*,#2171,.T.);
#639=ORIENTED_EDGE('',*,*,#2172,.T.);
#640=ORIENTED_EDGE('',*,*,#2173,.T.);
#641=ORIENTED_EDGE('',*,*,#2174,.T.);
#642=ORIENTED_EDGE('',*,*,#2090,.T.);
#643=ORIENTED_EDGE('',*,*,#2095,.T.);
#644=ORIENTED_EDGE('',*,*,#2175,.T.);
#645=ORIENTED_EDGE('',*,*,#2176,.T.);
#646=ORIENTED_EDGE('',*,*,#2177,.T.);
#647=ORIENTED_EDGE('',*,*,#2178,.T.);
#648=ORIENTED_EDGE('',*,*,#2179,.T.);
#649=ORIENTED_EDGE('',*,*,#2180,.T.);
#650=ORIENTED_EDGE('',*,*,#2181,.T.);
#651=ORIENTED_EDGE('',*,*,#2182,.T.);
#652=ORIENTED_EDGE('',*,*,#2183,.T.);
#653=ORIENTED_EDGE('',*,*,#2096,.T.);
#654=ORIENTED_EDGE('',*,*,#2088,.T.);
#655=ORIENTED_EDGE('',*,*,#2184,.F.);
#656=ORIENTED_EDGE('',*,*,#2185,.F.);
#657=ORIENTED_EDGE('',*,*,#2186,.F.);
#658=ORIENTED_EDGE('',*,*,#2187,.F.);
#659=ORIENTED_EDGE('',*,*,#2188,.T.);
#660=ORIENTED_EDGE('',*,*,#2189,.T.);
#661=ORIENTED_EDGE('',*,*,#2190,.T.);
#662=ORIENTED_EDGE('',*,*,#2191,.F.);
#663=ORIENTED_EDGE('',*,*,#2192,.T.);
#664=ORIENTED_EDGE('',*,*,#2193,.F.);
#665=ORIENTED_EDGE('',*,*,#2194,.T.);
#666=ORIENTED_EDGE('',*,*,#2195,.F.);
#667=ORIENTED_EDGE('',*,*,#2196,.T.);
#668=ORIENTED_EDGE('',*,*,#2197,.F.);
#669=ORIENTED_EDGE('',*,*,#2198,.T.);
#670=ORIENTED_EDGE('',*,*,#2199,.F.);
#671=ORIENTED_EDGE('',*,*,#2200,.T.);
#672=ORIENTED_EDGE('',*,*,#2201,.F.);
#673=ORIENTED_EDGE('',*,*,#2202,.F.);
#674=ORIENTED_EDGE('',*,*,#2203,.F.);
#675=ORIENTED_EDGE('',*,*,#2204,.T.);
#676=ORIENTED_EDGE('',*,*,#2205,.T.);
#677=ORIENTED_EDGE('',*,*,#2206,.F.);
#678=ORIENTED_EDGE('',*,*,#2207,.F.);
#679=ORIENTED_EDGE('',*,*,#2208,.T.);
#680=ORIENTED_EDGE('',*,*,#2209,.F.);
#681=ORIENTED_EDGE('',*,*,#2210,.T.);
#682=ORIENTED_EDGE('',*,*,#2211,.F.);
#683=ORIENTED_EDGE('',*,*,#2212,.T.);
#684=ORIENTED_EDGE('',*,*,#2213,.F.);
#685=ORIENTED_EDGE('',*,*,#2148,.F.);
#686=ORIENTED_EDGE('',*,*,#2214,.T.);
#687=ORIENTED_EDGE('',*,*,#2215,.T.);
#688=ORIENTED_EDGE('',*,*,#2216,.F.);
#689=ORIENTED_EDGE('',*,*,#2201,.T.);
#690=ORIENTED_EDGE('',*,*,#2217,.T.);
#691=ORIENTED_EDGE('',*,*,#2218,.T.);
#692=ORIENTED_EDGE('',*,*,#2219,.T.);
#693=ORIENTED_EDGE('',*,*,#2098,.F.);
#694=ORIENTED_EDGE('',*,*,#2220,.T.);
#695=ORIENTED_EDGE('',*,*,#2207,.T.);
#696=ORIENTED_EDGE('',*,*,#2221,.F.);
#697=ORIENTED_EDGE('',*,*,#2160,.T.);
#698=ORIENTED_EDGE('',*,*,#2222,.T.);
#699=ORIENTED_EDGE('',*,*,#2211,.T.);
#700=ORIENTED_EDGE('',*,*,#2223,.T.);
#701=ORIENTED_EDGE('',*,*,#2224,.F.);
#702=ORIENTED_EDGE('',*,*,#2225,.T.);
#703=ORIENTED_EDGE('',*,*,#2144,.T.);
#704=ORIENTED_EDGE('',*,*,#2226,.F.);
#705=ORIENTED_EDGE('',*,*,#2197,.T.);
#706=ORIENTED_EDGE('',*,*,#2227,.T.);
#707=ORIENTED_EDGE('',*,*,#2152,.T.);
#708=ORIENTED_EDGE('',*,*,#2228,.T.);
#709=ORIENTED_EDGE('',*,*,#2229,.T.);
#710=ORIENTED_EDGE('',*,*,#2230,.T.);
#711=ORIENTED_EDGE('',*,*,#2231,.T.);
#712=ORIENTED_EDGE('',*,*,#2232,.T.);
#713=ORIENTED_EDGE('',*,*,#2233,.T.);
#714=ORIENTED_EDGE('',*,*,#2234,.T.);
#715=ORIENTED_EDGE('',*,*,#2235,.T.);
#716=ORIENTED_EDGE('',*,*,#2236,.T.);
#717=ORIENTED_EDGE('',*,*,#2237,.T.);
#718=ORIENTED_EDGE('',*,*,#2238,.T.);
#719=ORIENTED_EDGE('',*,*,#2239,.T.);
#720=ORIENTED_EDGE('',*,*,#2240,.F.);
#721=ORIENTED_EDGE('',*,*,#2241,.T.);
#722=ORIENTED_EDGE('',*,*,#2242,.T.);
#723=ORIENTED_EDGE('',*,*,#2215,.F.);
#724=ORIENTED_EDGE('',*,*,#2243,.T.);
#725=ORIENTED_EDGE('',*,*,#2244,.F.);
#726=ORIENTED_EDGE('',*,*,#2245,.T.);
#727=ORIENTED_EDGE('',*,*,#2224,.T.);
#728=ORIENTED_EDGE('',*,*,#2246,.F.);
#729=ORIENTED_EDGE('',*,*,#2247,.T.);
#730=ORIENTED_EDGE('',*,*,#2248,.F.);
#731=ORIENTED_EDGE('',*,*,#2249,.T.);
#732=ORIENTED_EDGE('',*,*,#2250,.F.);
#733=ORIENTED_EDGE('',*,*,#2251,.F.);
#734=ORIENTED_EDGE('',*,*,#2252,.T.);
#735=ORIENTED_EDGE('',*,*,#2253,.F.);
#736=ORIENTED_EDGE('',*,*,#2254,.T.);
#737=ORIENTED_EDGE('',*,*,#2255,.F.);
#738=ORIENTED_EDGE('',*,*,#2256,.F.);
#739=ORIENTED_EDGE('',*,*,#2257,.T.);
#740=ORIENTED_EDGE('',*,*,#2258,.F.);
#741=ORIENTED_EDGE('',*,*,#2259,.T.);
#742=ORIENTED_EDGE('',*,*,#2260,.F.);
#743=ORIENTED_EDGE('',*,*,#2261,.T.);
#744=ORIENTED_EDGE('',*,*,#2262,.F.);
#745=ORIENTED_EDGE('',*,*,#2263,.T.);
#746=ORIENTED_EDGE('',*,*,#2264,.F.);
#747=ORIENTED_EDGE('',*,*,#2265,.T.);
#748=ORIENTED_EDGE('',*,*,#2266,.T.);
#749=ORIENTED_EDGE('',*,*,#2267,.T.);
#750=ORIENTED_EDGE('',*,*,#2268,.T.);
#751=ORIENTED_EDGE('',*,*,#2269,.T.);
#752=ORIENTED_EDGE('',*,*,#2270,.F.);
#753=ORIENTED_EDGE('',*,*,#2271,.T.);
#754=ORIENTED_EDGE('',*,*,#2272,.F.);
#755=ORIENTED_EDGE('',*,*,#2273,.T.);
#756=ORIENTED_EDGE('',*,*,#2274,.F.);
#757=ORIENTED_EDGE('',*,*,#2275,.F.);
#758=ORIENTED_EDGE('',*,*,#2276,.T.);
#759=ORIENTED_EDGE('',*,*,#2277,.F.);
#760=ORIENTED_EDGE('',*,*,#2278,.T.);
#761=ORIENTED_EDGE('',*,*,#2279,.F.);
#762=ORIENTED_EDGE('',*,*,#2280,.T.);
#763=ORIENTED_EDGE('',*,*,#2281,.F.);
#764=ORIENTED_EDGE('',*,*,#2282,.T.);
#765=ORIENTED_EDGE('',*,*,#2283,.F.);
#766=ORIENTED_EDGE('',*,*,#2284,.F.);
#767=ORIENTED_EDGE('',*,*,#2285,.F.);
#768=ORIENTED_EDGE('',*,*,#2286,.T.);
#769=ORIENTED_EDGE('',*,*,#2287,.F.);
#770=ORIENTED_EDGE('',*,*,#2288,.F.);
#771=ORIENTED_EDGE('',*,*,#2289,.T.);
#772=ORIENTED_EDGE('',*,*,#2290,.F.);
#773=ORIENTED_EDGE('',*,*,#2291,.T.);
#774=ORIENTED_EDGE('',*,*,#2292,.F.);
#775=ORIENTED_EDGE('',*,*,#2293,.T.);
#776=ORIENTED_EDGE('',*,*,#2294,.F.);
#777=ORIENTED_EDGE('',*,*,#2295,.T.);
#778=ORIENTED_EDGE('',*,*,#2296,.F.);
#779=ORIENTED_EDGE('',*,*,#2297,.T.);
#780=ORIENTED_EDGE('',*,*,#2298,.F.);
#781=ORIENTED_EDGE('',*,*,#2299,.T.);
#782=ORIENTED_EDGE('',*,*,#2300,.F.);
#783=ORIENTED_EDGE('',*,*,#2301,.F.);
#784=ORIENTED_EDGE('',*,*,#2302,.T.);
#785=ORIENTED_EDGE('',*,*,#2303,.F.);
#786=ORIENTED_EDGE('',*,*,#2304,.F.);
#787=ORIENTED_EDGE('',*,*,#2305,.T.);
#788=ORIENTED_EDGE('',*,*,#2306,.T.);
#789=ORIENTED_EDGE('',*,*,#2307,.T.);
#790=ORIENTED_EDGE('',*,*,#2308,.T.);
#791=ORIENTED_EDGE('',*,*,#2309,.T.);
#792=ORIENTED_EDGE('',*,*,#2310,.T.);
#793=ORIENTED_EDGE('',*,*,#2311,.T.);
#794=ORIENTED_EDGE('',*,*,#2312,.T.);
#795=ORIENTED_EDGE('',*,*,#2313,.F.);
#796=ORIENTED_EDGE('',*,*,#2314,.T.);
#797=ORIENTED_EDGE('',*,*,#2218,.F.);
#798=ORIENTED_EDGE('',*,*,#2315,.T.);
#799=ORIENTED_EDGE('',*,*,#2316,.F.);
#800=ORIENTED_EDGE('',*,*,#2317,.F.);
#801=ORIENTED_EDGE('',*,*,#2318,.T.);
#802=ORIENTED_EDGE('',*,*,#2319,.T.);
#803=ORIENTED_EDGE('',*,*,#2320,.T.);
#804=ORIENTED_EDGE('',*,*,#2321,.T.);
#805=ORIENTED_EDGE('',*,*,#2322,.T.);
#806=ORIENTED_EDGE('',*,*,#2323,.F.);
#807=ORIENTED_EDGE('',*,*,#2324,.T.);
#808=ORIENTED_EDGE('',*,*,#2325,.T.);
#809=ORIENTED_EDGE('',*,*,#2326,.T.);
#810=ORIENTED_EDGE('',*,*,#2131,.F.);
#811=ORIENTED_EDGE('',*,*,#2327,.T.);
#812=ORIENTED_EDGE('',*,*,#2270,.T.);
#813=ORIENTED_EDGE('',*,*,#2328,.F.);
#814=ORIENTED_EDGE('',*,*,#2329,.F.);
#815=ORIENTED_EDGE('',*,*,#2330,.T.);
#816=ORIENTED_EDGE('',*,*,#2264,.T.);
#817=ORIENTED_EDGE('',*,*,#2331,.T.);
#818=ORIENTED_EDGE('',*,*,#2135,.F.);
#819=ORIENTED_EDGE('',*,*,#2332,.T.);
#820=ORIENTED_EDGE('',*,*,#2260,.T.);
#821=ORIENTED_EDGE('',*,*,#2333,.T.);
#822=ORIENTED_EDGE('',*,*,#2283,.T.);
#823=ORIENTED_EDGE('',*,*,#2334,.T.);
#824=ORIENTED_EDGE('',*,*,#2118,.F.);
#825=ORIENTED_EDGE('',*,*,#2335,.F.);
#826=ORIENTED_EDGE('',*,*,#2336,.F.);
#827=ORIENTED_EDGE('',*,*,#2337,.F.);
#828=ORIENTED_EDGE('',*,*,#2338,.F.);
#829=ORIENTED_EDGE('',*,*,#2339,.F.);
#830=ORIENTED_EDGE('',*,*,#2340,.F.);
#831=ORIENTED_EDGE('',*,*,#2341,.F.);
#832=ORIENTED_EDGE('',*,*,#2093,.T.);
#833=ORIENTED_EDGE('',*,*,#2342,.F.);
#834=ORIENTED_EDGE('',*,*,#2343,.T.);
#835=ORIENTED_EDGE('',*,*,#2344,.F.);
#836=ORIENTED_EDGE('',*,*,#2345,.F.);
#837=ORIENTED_EDGE('',*,*,#2346,.T.);
#838=ORIENTED_EDGE('',*,*,#2347,.T.);
#839=ORIENTED_EDGE('',*,*,#2348,.T.);
#840=ORIENTED_EDGE('',*,*,#2349,.T.);
#841=ORIENTED_EDGE('',*,*,#2102,.T.);
#842=ORIENTED_EDGE('',*,*,#2350,.T.);
#843=ORIENTED_EDGE('',*,*,#2311,.F.);
#844=ORIENTED_EDGE('',*,*,#2351,.T.);
#845=ORIENTED_EDGE('',*,*,#2352,.T.);
#846=ORIENTED_EDGE('',*,*,#2353,.F.);
#847=ORIENTED_EDGE('',*,*,#2354,.F.);
#848=ORIENTED_EDGE('',*,*,#2355,.T.);
#849=ORIENTED_EDGE('',*,*,#2356,.T.);
#850=ORIENTED_EDGE('',*,*,#2357,.T.);
#851=ORIENTED_EDGE('',*,*,#2358,.F.);
#852=ORIENTED_EDGE('',*,*,#2359,.T.);
#853=ORIENTED_EDGE('',*,*,#2360,.T.);
#854=ORIENTED_EDGE('',*,*,#2361,.T.);
#855=ORIENTED_EDGE('',*,*,#2362,.F.);
#856=ORIENTED_EDGE('',*,*,#2363,.F.);
#857=ORIENTED_EDGE('',*,*,#2364,.T.);
#858=ORIENTED_EDGE('',*,*,#2365,.F.);
#859=ORIENTED_EDGE('',*,*,#2366,.T.);
#860=ORIENTED_EDGE('',*,*,#2367,.F.);
#861=ORIENTED_EDGE('',*,*,#2368,.T.);
#862=ORIENTED_EDGE('',*,*,#2369,.T.);
#863=ORIENTED_EDGE('',*,*,#2370,.T.);
#864=ORIENTED_EDGE('',*,*,#2371,.T.);
#865=ORIENTED_EDGE('',*,*,#2352,.F.);
#866=ORIENTED_EDGE('',*,*,#2372,.T.);
#867=ORIENTED_EDGE('',*,*,#2373,.F.);
#868=ORIENTED_EDGE('',*,*,#2374,.T.);
#869=ORIENTED_EDGE('',*,*,#2375,.T.);
#870=ORIENTED_EDGE('',*,*,#2376,.T.);
#871=ORIENTED_EDGE('',*,*,#2377,.T.);
#872=ORIENTED_EDGE('',*,*,#2378,.T.);
#873=ORIENTED_EDGE('',*,*,#2379,.T.);
#874=ORIENTED_EDGE('',*,*,#2380,.F.);
#875=ORIENTED_EDGE('',*,*,#2381,.F.);
#876=ORIENTED_EDGE('',*,*,#2382,.T.);
#877=ORIENTED_EDGE('',*,*,#2383,.T.);
#878=ORIENTED_EDGE('',*,*,#2384,.T.);
#879=ORIENTED_EDGE('',*,*,#2385,.T.);
#880=ORIENTED_EDGE('',*,*,#2386,.T.);
#881=ORIENTED_EDGE('',*,*,#2376,.F.);
#882=ORIENTED_EDGE('',*,*,#2387,.T.);
#883=ORIENTED_EDGE('',*,*,#2370,.F.);
#884=ORIENTED_EDGE('',*,*,#2388,.T.);
#885=ORIENTED_EDGE('',*,*,#2385,.F.);
#886=ORIENTED_EDGE('',*,*,#2389,.T.);
#887=ORIENTED_EDGE('',*,*,#2390,.F.);
#888=ORIENTED_EDGE('',*,*,#2354,.T.);
#889=ORIENTED_EDGE('',*,*,#2391,.T.);
#890=ORIENTED_EDGE('',*,*,#2392,.F.);
#891=ORIENTED_EDGE('',*,*,#2393,.T.);
#892=ORIENTED_EDGE('',*,*,#2392,.T.);
#893=ORIENTED_EDGE('',*,*,#2394,.T.);
#894=ORIENTED_EDGE('',*,*,#2369,.F.);
#895=ORIENTED_EDGE('',*,*,#2395,.T.);
#896=ORIENTED_EDGE('',*,*,#2396,.F.);
#897=ORIENTED_EDGE('',*,*,#2397,.F.);
#898=ORIENTED_EDGE('',*,*,#2398,.T.);
#899=ORIENTED_EDGE('',*,*,#2399,.F.);
#900=ORIENTED_EDGE('',*,*,#2400,.T.);
#901=ORIENTED_EDGE('',*,*,#2401,.T.);
#902=ORIENTED_EDGE('',*,*,#2402,.T.);
#903=ORIENTED_EDGE('',*,*,#2403,.T.);
#904=ORIENTED_EDGE('',*,*,#2404,.F.);
#905=ORIENTED_EDGE('',*,*,#2405,.T.);
#906=ORIENTED_EDGE('',*,*,#2406,.T.);
#907=ORIENTED_EDGE('',*,*,#2399,.T.);
#908=ORIENTED_EDGE('',*,*,#2407,.T.);
#909=ORIENTED_EDGE('',*,*,#2408,.T.);
#910=ORIENTED_EDGE('',*,*,#2367,.T.);
#911=ORIENTED_EDGE('',*,*,#2409,.T.);
#912=ORIENTED_EDGE('',*,*,#2410,.T.);
#913=ORIENTED_EDGE('',*,*,#2411,.F.);
#914=ORIENTED_EDGE('',*,*,#2412,.T.);
#915=ORIENTED_EDGE('',*,*,#2413,.T.);
#916=ORIENTED_EDGE('',*,*,#2414,.T.);
#917=ORIENTED_EDGE('',*,*,#2415,.F.);
#918=ORIENTED_EDGE('',*,*,#2416,.F.);
#919=ORIENTED_EDGE('',*,*,#2417,.T.);
#920=ORIENTED_EDGE('',*,*,#2411,.T.);
#921=ORIENTED_EDGE('',*,*,#2418,.T.);
#922=ORIENTED_EDGE('',*,*,#2397,.T.);
#923=ORIENTED_EDGE('',*,*,#2419,.F.);
#924=ORIENTED_EDGE('',*,*,#2420,.T.);
#925=ORIENTED_EDGE('',*,*,#2421,.F.);
#926=ORIENTED_EDGE('',*,*,#2422,.F.);
#927=ORIENTED_EDGE('',*,*,#2423,.T.);
#928=ORIENTED_EDGE('',*,*,#2424,.T.);
#929=ORIENTED_EDGE('',*,*,#2425,.T.);
#930=ORIENTED_EDGE('',*,*,#2426,.T.);
#931=ORIENTED_EDGE('',*,*,#2427,.T.);
#932=ORIENTED_EDGE('',*,*,#2425,.F.);
#933=ORIENTED_EDGE('',*,*,#2428,.T.);
#934=ORIENTED_EDGE('',*,*,#2377,.F.);
#935=ORIENTED_EDGE('',*,*,#2429,.T.);
#936=ORIENTED_EDGE('',*,*,#2430,.T.);
#937=ORIENTED_EDGE('',*,*,#2431,.T.);
#938=ORIENTED_EDGE('',*,*,#2432,.F.);
#939=ORIENTED_EDGE('',*,*,#2433,.T.);
#940=ORIENTED_EDGE('',*,*,#2434,.F.);
#941=ORIENTED_EDGE('',*,*,#2435,.T.);
#942=ORIENTED_EDGE('',*,*,#2436,.T.);
#943=ORIENTED_EDGE('',*,*,#2437,.T.);
#944=ORIENTED_EDGE('',*,*,#2438,.F.);
#945=ORIENTED_EDGE('',*,*,#2439,.T.);
#946=ORIENTED_EDGE('',*,*,#2440,.T.);
#947=ORIENTED_EDGE('',*,*,#2441,.T.);
#948=ORIENTED_EDGE('',*,*,#2442,.F.);
#949=ORIENTED_EDGE('',*,*,#2443,.T.);
#950=ORIENTED_EDGE('',*,*,#2444,.F.);
#951=ORIENTED_EDGE('',*,*,#2445,.T.);
#952=ORIENTED_EDGE('',*,*,#2446,.F.);
#953=ORIENTED_EDGE('',*,*,#2447,.T.);
#954=ORIENTED_EDGE('',*,*,#2448,.F.);
#955=ORIENTED_EDGE('',*,*,#2440,.F.);
#956=ORIENTED_EDGE('',*,*,#2449,.F.);
#957=ORIENTED_EDGE('',*,*,#2307,.F.);
#958=ORIENTED_EDGE('',*,*,#2450,.F.);
#959=ORIENTED_EDGE('',*,*,#2448,.T.);
#960=ORIENTED_EDGE('',*,*,#2451,.F.);
#961=ORIENTED_EDGE('',*,*,#2452,.F.);
#962=ORIENTED_EDGE('',*,*,#2449,.T.);
#963=ORIENTED_EDGE('',*,*,#2453,.F.);
#964=ORIENTED_EDGE('',*,*,#2454,.F.);
#965=ORIENTED_EDGE('',*,*,#2349,.F.);
#966=ORIENTED_EDGE('',*,*,#2451,.T.);
#967=ORIENTED_EDGE('',*,*,#2306,.F.);
#968=ORIENTED_EDGE('',*,*,#2455,.F.);
#969=ORIENTED_EDGE('',*,*,#2441,.F.);
#970=ORIENTED_EDGE('',*,*,#2450,.T.);
#971=ORIENTED_EDGE('',*,*,#2348,.F.);
#972=ORIENTED_EDGE('',*,*,#2456,.F.);
#973=ORIENTED_EDGE('',*,*,#2427,.F.);
#974=ORIENTED_EDGE('',*,*,#2453,.T.);
#975=ORIENTED_EDGE('',*,*,#2439,.F.);
#976=ORIENTED_EDGE('',*,*,#2452,.T.);
#977=ORIENTED_EDGE('',*,*,#2426,.F.);
#978=ORIENTED_EDGE('',*,*,#2457,.F.);
#979=ORIENTED_EDGE('',*,*,#2308,.F.);
#980=ORIENTED_EDGE('',*,*,#2458,.F.);
#981=ORIENTED_EDGE('',*,*,#2457,.T.);
#982=ORIENTED_EDGE('',*,*,#2429,.F.);
#983=ORIENTED_EDGE('',*,*,#2458,.T.);
#984=ORIENTED_EDGE('',*,*,#2386,.F.);
#985=ORIENTED_EDGE('',*,*,#2459,.F.);
#986=ORIENTED_EDGE('',*,*,#2309,.F.);
#987=ORIENTED_EDGE('',*,*,#2460,.F.);
#988=ORIENTED_EDGE('',*,*,#2459,.T.);
#989=ORIENTED_EDGE('',*,*,#2388,.F.);
#990=ORIENTED_EDGE('',*,*,#2351,.F.);
#991=ORIENTED_EDGE('',*,*,#2310,.F.);
#992=ORIENTED_EDGE('',*,*,#2460,.T.);
#993=ORIENTED_EDGE('',*,*,#2372,.F.);
#994=ORIENTED_EDGE('',*,*,#2461,.T.);
#995=ORIENTED_EDGE('',*,*,#2462,.T.);
#996=ORIENTED_EDGE('',*,*,#2463,.T.);
#997=ORIENTED_EDGE('',*,*,#2464,.F.);
#998=ORIENTED_EDGE('',*,*,#2465,.F.);
#999=ORIENTED_EDGE('',*,*,#2466,.T.);
#1000=ORIENTED_EDGE('',*,*,#2467,.T.);
#1001=ORIENTED_EDGE('',*,*,#2468,.T.);
#1002=ORIENTED_EDGE('',*,*,#2464,.T.);
#1003=ORIENTED_EDGE('',*,*,#2469,.T.);
#1004=ORIENTED_EDGE('',*,*,#2470,.T.);
#1005=ORIENTED_EDGE('',*,*,#2471,.T.);
#1006=ORIENTED_EDGE('',*,*,#2465,.T.);
#1007=ORIENTED_EDGE('',*,*,#2472,.F.);
#1008=ORIENTED_EDGE('',*,*,#2473,.T.);
#1009=ORIENTED_EDGE('',*,*,#2474,.F.);
#1010=ORIENTED_EDGE('',*,*,#2475,.T.);
#1011=ORIENTED_EDGE('',*,*,#2476,.F.);
#1012=ORIENTED_EDGE('',*,*,#2477,.T.);
#1013=ORIENTED_EDGE('',*,*,#2474,.T.);
#1014=ORIENTED_EDGE('',*,*,#2478,.T.);
#1015=ORIENTED_EDGE('',*,*,#2479,.F.);
#1016=ORIENTED_EDGE('',*,*,#2472,.T.);
#1017=ORIENTED_EDGE('',*,*,#2480,.F.);
#1018=ORIENTED_EDGE('',*,*,#2481,.F.);
#1019=ORIENTED_EDGE('',*,*,#2476,.T.);
#1020=ORIENTED_EDGE('',*,*,#2482,.F.);
#1021=ORIENTED_EDGE('',*,*,#2483,.T.);
#1022=ORIENTED_EDGE('',*,*,#2479,.T.);
#1023=ORIENTED_EDGE('',*,*,#2484,.T.);
#1024=ORIENTED_EDGE('',*,*,#2461,.F.);
#1025=ORIENTED_EDGE('',*,*,#2485,.F.);
#1026=ORIENTED_EDGE('',*,*,#2486,.F.);
#1027=ORIENTED_EDGE('',*,*,#2487,.F.);
#1028=ORIENTED_EDGE('',*,*,#2488,.T.);
#1029=ORIENTED_EDGE('',*,*,#2489,.F.);
#1030=ORIENTED_EDGE('',*,*,#2490,.T.);
#1031=ORIENTED_EDGE('',*,*,#2480,.T.);
#1032=ORIENTED_EDGE('',*,*,#2491,.T.);
#1033=ORIENTED_EDGE('',*,*,#2492,.F.);
#1034=ORIENTED_EDGE('',*,*,#2493,.T.);
#1035=ORIENTED_EDGE('',*,*,#2481,.T.);
#1036=ORIENTED_EDGE('',*,*,#2494,.T.);
#1037=ORIENTED_EDGE('',*,*,#2495,.T.);
#1038=ORIENTED_EDGE('',*,*,#2496,.T.);
#1039=ORIENTED_EDGE('',*,*,#2497,.T.);
#1040=ORIENTED_EDGE('',*,*,#2482,.T.);
#1041=ORIENTED_EDGE('',*,*,#2498,.F.);
#1042=ORIENTED_EDGE('',*,*,#2489,.T.);
#1043=ORIENTED_EDGE('',*,*,#2499,.F.);
#1044=ORIENTED_EDGE('',*,*,#2500,.F.);
#1045=ORIENTED_EDGE('',*,*,#2501,.F.);
#1046=ORIENTED_EDGE('',*,*,#2502,.T.);
#1047=ORIENTED_EDGE('',*,*,#2487,.T.);
#1048=ORIENTED_EDGE('',*,*,#2503,.F.);
#1049=ORIENTED_EDGE('',*,*,#2503,.T.);
#1050=ORIENTED_EDGE('',*,*,#2486,.T.);
#1051=ORIENTED_EDGE('',*,*,#2504,.F.);
#1052=ORIENTED_EDGE('',*,*,#2505,.T.);
#1053=ORIENTED_EDGE('',*,*,#2504,.T.);
#1054=ORIENTED_EDGE('',*,*,#2485,.T.);
#1055=ORIENTED_EDGE('',*,*,#2506,.T.);
#1056=ORIENTED_EDGE('',*,*,#2492,.T.);
#1057=ORIENTED_EDGE('',*,*,#2507,.F.);
#1058=ORIENTED_EDGE('',*,*,#2508,.T.);
#1059=ORIENTED_EDGE('',*,*,#2498,.T.);
#1060=ORIENTED_EDGE('',*,*,#2509,.T.);
#1061=ORIENTED_EDGE('',*,*,#2471,.F.);
#1062=ORIENTED_EDGE('',*,*,#2510,.F.);
#1063=ORIENTED_EDGE('',*,*,#2511,.T.);
#1064=ORIENTED_EDGE('',*,*,#2499,.T.);
#1065=ORIENTED_EDGE('',*,*,#2512,.T.);
#1066=ORIENTED_EDGE('',*,*,#2513,.F.);
#1067=ORIENTED_EDGE('',*,*,#2514,.T.);
#1068=ORIENTED_EDGE('',*,*,#2501,.T.);
#1069=ORIENTED_EDGE('',*,*,#2515,.T.);
#1070=ORIENTED_EDGE('',*,*,#2516,.T.);
#1071=ORIENTED_EDGE('',*,*,#2517,.T.);
#1072=ORIENTED_EDGE('',*,*,#2518,.T.);
#1073=ORIENTED_EDGE('',*,*,#2500,.T.);
#1074=ORIENTED_EDGE('',*,*,#2519,.T.);
#1075=ORIENTED_EDGE('',*,*,#2520,.T.);
#1076=ORIENTED_EDGE('',*,*,#2521,.T.);
#1077=ORIENTED_EDGE('',*,*,#2507,.T.);
#1078=ORIENTED_EDGE('',*,*,#2522,.F.);
#1079=ORIENTED_EDGE('',*,*,#2523,.T.);
#1080=ORIENTED_EDGE('',*,*,#2510,.T.);
#1081=ORIENTED_EDGE('',*,*,#2524,.T.);
#1082=ORIENTED_EDGE('',*,*,#2513,.T.);
#1083=ORIENTED_EDGE('',*,*,#2525,.F.);
#1084=ORIENTED_EDGE('',*,*,#2522,.T.);
#1085=ORIENTED_EDGE('',*,*,#2526,.T.);
#1086=ORIENTED_EDGE('',*,*,#2527,.T.);
#1087=ORIENTED_EDGE('',*,*,#2528,.T.);
#1088=ORIENTED_EDGE('',*,*,#2525,.T.);
#1089=ORIENTED_EDGE('',*,*,#2463,.F.);
#1090=ORIENTED_EDGE('',*,*,#2529,.T.);
#1091=ORIENTED_EDGE('',*,*,#2469,.F.);
#1092=ORIENTED_EDGE('',*,*,#2530,.F.);
#1093=ORIENTED_EDGE('',*,*,#2531,.F.);
#1094=ORIENTED_EDGE('',*,*,#2532,.F.);
#1095=ORIENTED_EDGE('',*,*,#2533,.F.);
#1096=ORIENTED_EDGE('',*,*,#2534,.F.);
#1097=ORIENTED_EDGE('',*,*,#2535,.F.);
#1098=ORIENTED_EDGE('',*,*,#2536,.F.);
#1099=ORIENTED_EDGE('',*,*,#2537,.F.);
#1100=ORIENTED_EDGE('',*,*,#2538,.T.);
#1101=ORIENTED_EDGE('',*,*,#2539,.T.);
#1102=ORIENTED_EDGE('',*,*,#2540,.T.);
#1103=ORIENTED_EDGE('',*,*,#2541,.T.);
#1104=ORIENTED_EDGE('',*,*,#2542,.T.);
#1105=ORIENTED_EDGE('',*,*,#2543,.T.);
#1106=ORIENTED_EDGE('',*,*,#2544,.T.);
#1107=ORIENTED_EDGE('',*,*,#2545,.T.);
#1108=ORIENTED_EDGE('',*,*,#2544,.F.);
#1109=ORIENTED_EDGE('',*,*,#2546,.T.);
#1110=ORIENTED_EDGE('',*,*,#2546,.F.);
#1111=ORIENTED_EDGE('',*,*,#2547,.T.);
#1112=ORIENTED_EDGE('',*,*,#2542,.F.);
#1113=ORIENTED_EDGE('',*,*,#2548,.T.);
#1114=ORIENTED_EDGE('',*,*,#2548,.F.);
#1115=ORIENTED_EDGE('',*,*,#2549,.T.);
#1116=ORIENTED_EDGE('',*,*,#2540,.F.);
#1117=ORIENTED_EDGE('',*,*,#2550,.T.);
#1118=ORIENTED_EDGE('',*,*,#2550,.F.);
#1119=ORIENTED_EDGE('',*,*,#2551,.T.);
#1120=ORIENTED_EDGE('',*,*,#2538,.F.);
#1121=ORIENTED_EDGE('',*,*,#2552,.T.);
#1122=ORIENTED_EDGE('',*,*,#2552,.F.);
#1123=ORIENTED_EDGE('',*,*,#2553,.T.);
#1124=ORIENTED_EDGE('',*,*,#2537,.T.);
#1125=ORIENTED_EDGE('',*,*,#2554,.F.);
#1126=ORIENTED_EDGE('',*,*,#2554,.T.);
#1127=ORIENTED_EDGE('',*,*,#2555,.F.);
#1128=ORIENTED_EDGE('',*,*,#2535,.T.);
#1129=ORIENTED_EDGE('',*,*,#2556,.F.);
#1130=ORIENTED_EDGE('',*,*,#2556,.T.);
#1131=ORIENTED_EDGE('',*,*,#2557,.F.);
#1132=ORIENTED_EDGE('',*,*,#2533,.T.);
#1133=ORIENTED_EDGE('',*,*,#2558,.F.);
#1134=ORIENTED_EDGE('',*,*,#2558,.T.);
#1135=ORIENTED_EDGE('',*,*,#2559,.F.);
#1136=ORIENTED_EDGE('',*,*,#2531,.T.);
#1137=ORIENTED_EDGE('',*,*,#2560,.F.);
#1138=ORIENTED_EDGE('',*,*,#2560,.T.);
#1139=ORIENTED_EDGE('',*,*,#2561,.F.);
#1140=ORIENTED_EDGE('',*,*,#2528,.F.);
#1141=ORIENTED_EDGE('',*,*,#2562,.T.);
#1142=ORIENTED_EDGE('',*,*,#2495,.F.);
#1143=ORIENTED_EDGE('',*,*,#2478,.F.);
#1144=ORIENTED_EDGE('',*,*,#2563,.F.);
#1145=ORIENTED_EDGE('',*,*,#2467,.F.);
#1146=ORIENTED_EDGE('',*,*,#2564,.T.);
#1147=ORIENTED_EDGE('',*,*,#2523,.F.);
#1148=ORIENTED_EDGE('',*,*,#2547,.F.);
#1149=ORIENTED_EDGE('',*,*,#2549,.F.);
#1150=ORIENTED_EDGE('',*,*,#2551,.F.);
#1151=ORIENTED_EDGE('',*,*,#2553,.F.);
#1152=ORIENTED_EDGE('',*,*,#2497,.F.);
#1153=ORIENTED_EDGE('',*,*,#2565,.T.);
#1154=ORIENTED_EDGE('',*,*,#2519,.F.);
#1155=ORIENTED_EDGE('',*,*,#2494,.F.);
#1156=ORIENTED_EDGE('',*,*,#2518,.F.);
#1157=ORIENTED_EDGE('',*,*,#2566,.T.);
#1158=ORIENTED_EDGE('',*,*,#2526,.F.);
#1159=ORIENTED_EDGE('',*,*,#2515,.F.);
#1160=ORIENTED_EDGE('',*,*,#2555,.T.);
#1161=ORIENTED_EDGE('',*,*,#2557,.T.);
#1162=ORIENTED_EDGE('',*,*,#2559,.T.);
#1163=ORIENTED_EDGE('',*,*,#2561,.T.);
#1164=ORIENTED_EDGE('',*,*,#2567,.T.);
#1165=ORIENTED_EDGE('',*,*,#2568,.T.);
#1166=ORIENTED_EDGE('',*,*,#2569,.T.);
#1167=ORIENTED_EDGE('',*,*,#2484,.F.);
#1168=ORIENTED_EDGE('',*,*,#2490,.F.);
#1169=ORIENTED_EDGE('',*,*,#2508,.F.);
#1170=ORIENTED_EDGE('',*,*,#2570,.T.);
#1171=ORIENTED_EDGE('',*,*,#2477,.F.);
#1172=ORIENTED_EDGE('',*,*,#2493,.F.);
#1173=ORIENTED_EDGE('',*,*,#2506,.F.);
#1174=ORIENTED_EDGE('',*,*,#2491,.F.);
#1175=ORIENTED_EDGE('',*,*,#2475,.F.);
#1176=ORIENTED_EDGE('',*,*,#2521,.F.);
#1177=ORIENTED_EDGE('',*,*,#2571,.T.);
#1178=ORIENTED_EDGE('',*,*,#2516,.F.);
#1179=ORIENTED_EDGE('',*,*,#2505,.F.);
#1180=ORIENTED_EDGE('',*,*,#2536,.T.);
#1181=ORIENTED_EDGE('',*,*,#2534,.T.);
#1182=ORIENTED_EDGE('',*,*,#2532,.T.);
#1183=ORIENTED_EDGE('',*,*,#2530,.T.);
#1184=ORIENTED_EDGE('',*,*,#2509,.F.);
#1185=ORIENTED_EDGE('',*,*,#2511,.F.);
#1186=ORIENTED_EDGE('',*,*,#2564,.F.);
#1187=ORIENTED_EDGE('',*,*,#2466,.F.);
#1188=ORIENTED_EDGE('',*,*,#2539,.F.);
#1189=ORIENTED_EDGE('',*,*,#2541,.F.);
#1190=ORIENTED_EDGE('',*,*,#2543,.F.);
#1191=ORIENTED_EDGE('',*,*,#2545,.F.);
#1192=ORIENTED_EDGE('',*,*,#2563,.T.);
#1193=ORIENTED_EDGE('',*,*,#2473,.F.);
#1194=ORIENTED_EDGE('',*,*,#2483,.F.);
#1195=ORIENTED_EDGE('',*,*,#2468,.F.);
#1196=ORIENTED_EDGE('',*,*,#2488,.F.);
#1197=ORIENTED_EDGE('',*,*,#2502,.F.);
#1198=ORIENTED_EDGE('',*,*,#2514,.F.);
#1199=ORIENTED_EDGE('',*,*,#2524,.F.);
#1200=ORIENTED_EDGE('',*,*,#2512,.F.);
#1201=ORIENTED_EDGE('',*,*,#2567,.F.);
#1202=ORIENTED_EDGE('',*,*,#2431,.F.);
#1203=ORIENTED_EDGE('',*,*,#2572,.F.);
#1204=ORIENTED_EDGE('',*,*,#2236,.F.);
#1205=ORIENTED_EDGE('',*,*,#2573,.F.);
#1206=ORIENTED_EDGE('',*,*,#2527,.F.);
#1207=ORIENTED_EDGE('',*,*,#2573,.T.);
#1208=ORIENTED_EDGE('',*,*,#2235,.F.);
#1209=ORIENTED_EDGE('',*,*,#2574,.F.);
#1210=ORIENTED_EDGE('',*,*,#2562,.F.);
#1211=ORIENTED_EDGE('',*,*,#2572,.T.);
#1212=ORIENTED_EDGE('',*,*,#2566,.F.);
#1213=ORIENTED_EDGE('',*,*,#2575,.F.);
#1214=ORIENTED_EDGE('',*,*,#2237,.F.);
#1215=ORIENTED_EDGE('',*,*,#2574,.T.);
#1216=ORIENTED_EDGE('',*,*,#2234,.F.);
#1217=ORIENTED_EDGE('',*,*,#2576,.F.);
#1218=ORIENTED_EDGE('',*,*,#2496,.F.);
#1219=ORIENTED_EDGE('',*,*,#2575,.T.);
#1220=ORIENTED_EDGE('',*,*,#2517,.F.);
#1221=ORIENTED_EDGE('',*,*,#2577,.F.);
#1222=ORIENTED_EDGE('',*,*,#2576,.T.);
#1223=ORIENTED_EDGE('',*,*,#2233,.F.);
#1224=ORIENTED_EDGE('',*,*,#2578,.F.);
#1225=ORIENTED_EDGE('',*,*,#2565,.F.);
#1226=ORIENTED_EDGE('',*,*,#2577,.T.);
#1227=ORIENTED_EDGE('',*,*,#2571,.F.);
#1228=ORIENTED_EDGE('',*,*,#2579,.F.);
#1229=ORIENTED_EDGE('',*,*,#2232,.F.);
#1230=ORIENTED_EDGE('',*,*,#2520,.F.);
#1231=ORIENTED_EDGE('',*,*,#2578,.T.);
#1232=ORIENTED_EDGE('',*,*,#2579,.T.);
#1233=ORIENTED_EDGE('',*,*,#2570,.F.);
#1234=ORIENTED_EDGE('',*,*,#2470,.F.);
#1235=ORIENTED_EDGE('',*,*,#2580,.F.);
#1236=ORIENTED_EDGE('',*,*,#2580,.T.);
#1237=ORIENTED_EDGE('',*,*,#2529,.F.);
#1238=ORIENTED_EDGE('',*,*,#2581,.F.);
#1239=ORIENTED_EDGE('',*,*,#2568,.F.);
#1240=ORIENTED_EDGE('',*,*,#2462,.F.);
#1241=ORIENTED_EDGE('',*,*,#2569,.F.);
#1242=ORIENTED_EDGE('',*,*,#2581,.T.);
#1243=ORIENTED_EDGE('',*,*,#2582,.F.);
#1244=ORIENTED_EDGE('',*,*,#2583,.T.);
#1245=ORIENTED_EDGE('',*,*,#2584,.T.);
#1246=ORIENTED_EDGE('',*,*,#2585,.T.);
#1247=ORIENTED_EDGE('',*,*,#2586,.T.);
#1248=ORIENTED_EDGE('',*,*,#2587,.T.);
#1249=ORIENTED_EDGE('',*,*,#2588,.T.);
#1250=ORIENTED_EDGE('',*,*,#2589,.T.);
#1251=ORIENTED_EDGE('',*,*,#2590,.F.);
#1252=ORIENTED_EDGE('',*,*,#2591,.T.);
#1253=ORIENTED_EDGE('',*,*,#2582,.T.);
#1254=ORIENTED_EDGE('',*,*,#2592,.T.);
#1255=ORIENTED_EDGE('',*,*,#2593,.T.);
#1256=ORIENTED_EDGE('',*,*,#2590,.T.);
#1257=ORIENTED_EDGE('',*,*,#2594,.T.);
#1258=ORIENTED_EDGE('',*,*,#2595,.T.);
#1259=ORIENTED_EDGE('',*,*,#2401,.F.);
#1260=ORIENTED_EDGE('',*,*,#2596,.T.);
#1261=ORIENTED_EDGE('',*,*,#2400,.F.);
#1262=ORIENTED_EDGE('',*,*,#2597,.T.);
#1263=ORIENTED_EDGE('',*,*,#2598,.T.);
#1264=ORIENTED_EDGE('',*,*,#2599,.T.);
#1265=ORIENTED_EDGE('',*,*,#2600,.T.);
#1266=ORIENTED_EDGE('',*,*,#2601,.F.);
#1267=ORIENTED_EDGE('',*,*,#2602,.T.);
#1268=ORIENTED_EDGE('',*,*,#2603,.T.);
#1269=ORIENTED_EDGE('',*,*,#2604,.T.);
#1270=ORIENTED_EDGE('',*,*,#2605,.F.);
#1271=ORIENTED_EDGE('',*,*,#2606,.T.);
#1272=ORIENTED_EDGE('',*,*,#2597,.F.);
#1273=ORIENTED_EDGE('',*,*,#2596,.F.);
#1274=ORIENTED_EDGE('',*,*,#2607,.F.);
#1275=ORIENTED_EDGE('',*,*,#2608,.F.);
#1276=ORIENTED_EDGE('',*,*,#2609,.T.);
#1277=ORIENTED_EDGE('',*,*,#2416,.T.);
#1278=ORIENTED_EDGE('',*,*,#2610,.F.);
#1279=ORIENTED_EDGE('',*,*,#2611,.T.);
#1280=ORIENTED_EDGE('',*,*,#2612,.T.);
#1281=ORIENTED_EDGE('',*,*,#2613,.T.);
#1282=ORIENTED_EDGE('',*,*,#2614,.F.);
#1283=ORIENTED_EDGE('',*,*,#2615,.T.);
#1284=ORIENTED_EDGE('',*,*,#2616,.F.);
#1285=ORIENTED_EDGE('',*,*,#2617,.T.);
#1286=ORIENTED_EDGE('',*,*,#2618,.F.);
#1287=ORIENTED_EDGE('',*,*,#2619,.F.);
#1288=ORIENTED_EDGE('',*,*,#2620,.T.);
#1289=ORIENTED_EDGE('',*,*,#2608,.T.);
#1290=ORIENTED_EDGE('',*,*,#2619,.T.);
#1291=ORIENTED_EDGE('',*,*,#2621,.T.);
#1292=ORIENTED_EDGE('',*,*,#2622,.F.);
#1293=ORIENTED_EDGE('',*,*,#2623,.T.);
#1294=ORIENTED_EDGE('',*,*,#2624,.T.);
#1295=ORIENTED_EDGE('',*,*,#2625,.T.);
#1296=ORIENTED_EDGE('',*,*,#2622,.T.);
#1297=ORIENTED_EDGE('',*,*,#2626,.T.);
#1298=ORIENTED_EDGE('',*,*,#2627,.F.);
#1299=ORIENTED_EDGE('',*,*,#2110,.F.);
#1300=ORIENTED_EDGE('',*,*,#2628,.T.);
#1301=ORIENTED_EDGE('',*,*,#2628,.F.);
#1302=ORIENTED_EDGE('',*,*,#2109,.F.);
#1303=ORIENTED_EDGE('',*,*,#2629,.F.);
#1304=ORIENTED_EDGE('',*,*,#2620,.F.);
#1305=ORIENTED_EDGE('',*,*,#2623,.F.);
#1306=ORIENTED_EDGE('',*,*,#2629,.T.);
#1307=ORIENTED_EDGE('',*,*,#2108,.F.);
#1308=ORIENTED_EDGE('',*,*,#2630,.F.);
#1309=ORIENTED_EDGE('',*,*,#2609,.F.);
#1310=ORIENTED_EDGE('',*,*,#2630,.T.);
#1311=ORIENTED_EDGE('',*,*,#2107,.F.);
#1312=ORIENTED_EDGE('',*,*,#2631,.F.);
#1313=ORIENTED_EDGE('',*,*,#2417,.F.);
#1314=ORIENTED_EDGE('',*,*,#2631,.T.);
#1315=ORIENTED_EDGE('',*,*,#2106,.F.);
#1316=ORIENTED_EDGE('',*,*,#2632,.F.);
#1317=ORIENTED_EDGE('',*,*,#2412,.F.);
#1318=ORIENTED_EDGE('',*,*,#2632,.T.);
#1319=ORIENTED_EDGE('',*,*,#2105,.F.);
#1320=ORIENTED_EDGE('',*,*,#2633,.F.);
#1321=ORIENTED_EDGE('',*,*,#2368,.F.);
#1322=ORIENTED_EDGE('',*,*,#2633,.T.);
#1323=ORIENTED_EDGE('',*,*,#2104,.F.);
#1324=ORIENTED_EDGE('',*,*,#2634,.F.);
#1325=ORIENTED_EDGE('',*,*,#2395,.F.);
#1326=ORIENTED_EDGE('',*,*,#2634,.T.);
#1327=ORIENTED_EDGE('',*,*,#2103,.F.);
#1328=ORIENTED_EDGE('',*,*,#2355,.F.);
#1329=ORIENTED_EDGE('',*,*,#2393,.F.);
#1330=ORIENTED_EDGE('',*,*,#2635,.F.);
#1331=ORIENTED_EDGE('',*,*,#2636,.T.);
#1332=ORIENTED_EDGE('',*,*,#2413,.F.);
#1333=ORIENTED_EDGE('',*,*,#2637,.F.);
#1334=ORIENTED_EDGE('',*,*,#2638,.F.);
#1335=ORIENTED_EDGE('',*,*,#2408,.F.);
#1336=ORIENTED_EDGE('',*,*,#2639,.F.);
#1337=ORIENTED_EDGE('',*,*,#2409,.F.);
#1338=ORIENTED_EDGE('',*,*,#2366,.F.);
#1339=ORIENTED_EDGE('',*,*,#2639,.T.);
#1340=ORIENTED_EDGE('',*,*,#2407,.F.);
#1341=ORIENTED_EDGE('',*,*,#2398,.F.);
#1342=ORIENTED_EDGE('',*,*,#2418,.F.);
#1343=ORIENTED_EDGE('',*,*,#2410,.F.);
#1344=ORIENTED_EDGE('',*,*,#2640,.T.);
#1345=ORIENTED_EDGE('',*,*,#2641,.T.);
#1346=ORIENTED_EDGE('',*,*,#2635,.T.);
#1347=ORIENTED_EDGE('',*,*,#2380,.T.);
#1348=ORIENTED_EDGE('',*,*,#2642,.T.);
#1349=ORIENTED_EDGE('',*,*,#2643,.T.);
#1350=ORIENTED_EDGE('',*,*,#2432,.T.);
#1351=ORIENTED_EDGE('',*,*,#2644,.T.);
#1352=ORIENTED_EDGE('',*,*,#2363,.T.);
#1353=ORIENTED_EDGE('',*,*,#2645,.T.);
#1354=ORIENTED_EDGE('',*,*,#2143,.F.);
#1355=ORIENTED_EDGE('',*,*,#2646,.T.);
#1356=ORIENTED_EDGE('',*,*,#2246,.T.);
#1357=ORIENTED_EDGE('',*,*,#2226,.T.);
#1358=ORIENTED_EDGE('',*,*,#2274,.T.);
#1359=ORIENTED_EDGE('',*,*,#2647,.T.);
#1360=ORIENTED_EDGE('',*,*,#2127,.F.);
#1361=ORIENTED_EDGE('',*,*,#2648,.F.);
#1362=ORIENTED_EDGE('',*,*,#2126,.F.);
#1363=ORIENTED_EDGE('',*,*,#2649,.T.);
#1364=ORIENTED_EDGE('',*,*,#2275,.T.);
#1365=ORIENTED_EDGE('',*,*,#2648,.T.);
#1366=ORIENTED_EDGE('',*,*,#2650,.F.);
#1367=ORIENTED_EDGE('',*,*,#2284,.T.);
#1368=ORIENTED_EDGE('',*,*,#2335,.T.);
#1369=ORIENTED_EDGE('',*,*,#2117,.F.);
#1370=ORIENTED_EDGE('',*,*,#2651,.F.);
#1371=ORIENTED_EDGE('',*,*,#2304,.T.);
#1372=ORIENTED_EDGE('',*,*,#2652,.T.);
#1373=ORIENTED_EDGE('',*,*,#2111,.F.);
#1374=ORIENTED_EDGE('',*,*,#2627,.T.);
#1375=ORIENTED_EDGE('',*,*,#2653,.T.);
#1376=ORIENTED_EDGE('',*,*,#2346,.F.);
#1377=ORIENTED_EDGE('',*,*,#2454,.T.);
#1378=ORIENTED_EDGE('',*,*,#2305,.F.);
#1379=ORIENTED_EDGE('',*,*,#2651,.T.);
#1380=ORIENTED_EDGE('',*,*,#2085,.T.);
#1381=ORIENTED_EDGE('',*,*,#2654,.T.);
#1382=ORIENTED_EDGE('',*,*,#2592,.F.);
#1383=ORIENTED_EDGE('',*,*,#2655,.T.);
#1384=ORIENTED_EDGE('',*,*,#2422,.T.);
#1385=ORIENTED_EDGE('',*,*,#2456,.T.);
#1386=ORIENTED_EDGE('',*,*,#2438,.T.);
#1387=ORIENTED_EDGE('',*,*,#2656,.T.);
#1388=ORIENTED_EDGE('',*,*,#2610,.T.);
#1389=ORIENTED_EDGE('',*,*,#2607,.T.);
#1390=ORIENTED_EDGE('',*,*,#2415,.T.);
#1391=ORIENTED_EDGE('',*,*,#2657,.T.);
#1392=ORIENTED_EDGE('',*,*,#2658,.T.);
#1393=ORIENTED_EDGE('',*,*,#2659,.T.);
#1394=ORIENTED_EDGE('',*,*,#2083,.T.);
#1395=ORIENTED_EDGE('',*,*,#2660,.T.);
#1396=ORIENTED_EDGE('',*,*,#2640,.F.);
#1397=ORIENTED_EDGE('',*,*,#2637,.T.);
#1398=ORIENTED_EDGE('',*,*,#2421,.T.);
#1399=ORIENTED_EDGE('',*,*,#2406,.F.);
#1400=ORIENTED_EDGE('',*,*,#2661,.T.);
#1401=ORIENTED_EDGE('',*,*,#2601,.T.);
#1402=ORIENTED_EDGE('',*,*,#2662,.T.);
#1403=ORIENTED_EDGE('',*,*,#2419,.T.);
#1404=ORIENTED_EDGE('',*,*,#2396,.T.);
#1405=ORIENTED_EDGE('',*,*,#2404,.T.);
#1406=ORIENTED_EDGE('',*,*,#2663,.T.);
#1407=ORIENTED_EDGE('',*,*,#2603,.F.);
#1408=ORIENTED_EDGE('',*,*,#2664,.T.);
#1409=ORIENTED_EDGE('',*,*,#2584,.F.);
#1410=ORIENTED_EDGE('',*,*,#2665,.T.);
#1411=ORIENTED_EDGE('',*,*,#2605,.T.);
#1412=ORIENTED_EDGE('',*,*,#2666,.T.);
#1413=ORIENTED_EDGE('',*,*,#2402,.F.);
#1414=ORIENTED_EDGE('',*,*,#2638,.T.);
#1415=ORIENTED_EDGE('',*,*,#2365,.T.);
#1416=ORIENTED_EDGE('',*,*,#2667,.T.);
#1417=ORIENTED_EDGE('',*,*,#2434,.T.);
#1418=ORIENTED_EDGE('',*,*,#2668,.T.);
#1419=ORIENTED_EDGE('',*,*,#2618,.T.);
#1420=ORIENTED_EDGE('',*,*,#2669,.T.);
#1421=ORIENTED_EDGE('',*,*,#2442,.T.);
#1422=ORIENTED_EDGE('',*,*,#2455,.T.);
#1423=ORIENTED_EDGE('',*,*,#2347,.F.);
#1424=ORIENTED_EDGE('',*,*,#2653,.F.);
#1425=ORIENTED_EDGE('',*,*,#2626,.F.);
#1426=ORIENTED_EDGE('',*,*,#2621,.F.);
#1427=ORIENTED_EDGE('',*,*,#2444,.T.);
#1428=ORIENTED_EDGE('',*,*,#2670,.T.);
#1429=ORIENTED_EDGE('',*,*,#2616,.T.);
#1430=ORIENTED_EDGE('',*,*,#2671,.T.);
#1431=ORIENTED_EDGE('',*,*,#2446,.T.);
#1432=ORIENTED_EDGE('',*,*,#2672,.T.);
#1433=ORIENTED_EDGE('',*,*,#2614,.T.);
#1434=ORIENTED_EDGE('',*,*,#2673,.T.);
#1435=ORIENTED_EDGE('',*,*,#2612,.F.);
#1436=ORIENTED_EDGE('',*,*,#2674,.T.);
#1437=ORIENTED_EDGE('',*,*,#2436,.F.);
#1438=ORIENTED_EDGE('',*,*,#2675,.T.);
#1439=ORIENTED_EDGE('',*,*,#2375,.F.);
#1440=ORIENTED_EDGE('',*,*,#2676,.T.);
#1441=ORIENTED_EDGE('',*,*,#2356,.F.);
#1442=ORIENTED_EDGE('',*,*,#2394,.F.);
#1443=ORIENTED_EDGE('',*,*,#2391,.F.);
#1444=ORIENTED_EDGE('',*,*,#2353,.T.);
#1445=ORIENTED_EDGE('',*,*,#2371,.F.);
#1446=ORIENTED_EDGE('',*,*,#2387,.F.);
#1447=ORIENTED_EDGE('',*,*,#2358,.T.);
#1448=ORIENTED_EDGE('',*,*,#2677,.T.);
#1449=ORIENTED_EDGE('',*,*,#2373,.T.);
#1450=ORIENTED_EDGE('',*,*,#2390,.T.);
#1451=ORIENTED_EDGE('',*,*,#2678,.T.);
#1452=ORIENTED_EDGE('',*,*,#2360,.F.);
#1453=ORIENTED_EDGE('',*,*,#2679,.T.);
#1454=ORIENTED_EDGE('',*,*,#2383,.F.);
#1455=ORIENTED_EDGE('',*,*,#2680,.T.);
#1456=ORIENTED_EDGE('',*,*,#2362,.T.);
#1457=ORIENTED_EDGE('',*,*,#2681,.T.);
#1458=ORIENTED_EDGE('',*,*,#2381,.T.);
#1459=ORIENTED_EDGE('',*,*,#2645,.F.);
#1460=ORIENTED_EDGE('',*,*,#2336,.T.);
#1461=ORIENTED_EDGE('',*,*,#2231,.F.);
#1462=ORIENTED_EDGE('',*,*,#2340,.T.);
#1463=ORIENTED_EDGE('',*,*,#2230,.F.);
#1464=ORIENTED_EDGE('',*,*,#2338,.T.);
#1465=ORIENTED_EDGE('',*,*,#2229,.F.);
#1466=ORIENTED_EDGE('',*,*,#2430,.F.);
#1467=ORIENTED_EDGE('',*,*,#2682,.T.);
#1468=ORIENTED_EDGE('',*,*,#2342,.T.);
#1469=ORIENTED_EDGE('',*,*,#2683,.F.);
#1470=ORIENTED_EDGE('',*,*,#2682,.F.);
#1471=ORIENTED_EDGE('',*,*,#2684,.T.);
#1472=ORIENTED_EDGE('',*,*,#2684,.F.);
#1473=ORIENTED_EDGE('',*,*,#2341,.T.);
#1474=ORIENTED_EDGE('',*,*,#2685,.T.);
#1475=ORIENTED_EDGE('',*,*,#2092,.T.);
#1476=ORIENTED_EDGE('',*,*,#2343,.F.);
#1477=ORIENTED_EDGE('',*,*,#2683,.T.);
#1478=ORIENTED_EDGE('',*,*,#2686,.T.);
#1479=ORIENTED_EDGE('',*,*,#2687,.F.);
#1480=ORIENTED_EDGE('',*,*,#2686,.F.);
#1481=ORIENTED_EDGE('',*,*,#2339,.T.);
#1482=ORIENTED_EDGE('',*,*,#2688,.T.);
#1483=ORIENTED_EDGE('',*,*,#2687,.T.);
#1484=ORIENTED_EDGE('',*,*,#2689,.T.);
#1485=ORIENTED_EDGE('',*,*,#2690,.F.);
#1486=ORIENTED_EDGE('',*,*,#2689,.F.);
#1487=ORIENTED_EDGE('',*,*,#2337,.T.);
#1488=ORIENTED_EDGE('',*,*,#2691,.T.);
#1489=ORIENTED_EDGE('',*,*,#2690,.T.);
#1490=ORIENTED_EDGE('',*,*,#2165,.F.);
#1491=ORIENTED_EDGE('',*,*,#2691,.F.);
#1492=ORIENTED_EDGE('',*,*,#2164,.F.);
#1493=ORIENTED_EDGE('',*,*,#2688,.F.);
#1494=ORIENTED_EDGE('',*,*,#2137,.F.);
#1495=ORIENTED_EDGE('',*,*,#2692,.T.);
#1496=ORIENTED_EDGE('',*,*,#2258,.T.);
#1497=ORIENTED_EDGE('',*,*,#2693,.T.);
#1498=ORIENTED_EDGE('',*,*,#2248,.T.);
#1499=ORIENTED_EDGE('',*,*,#2694,.T.);
#1500=ORIENTED_EDGE('',*,*,#2141,.F.);
#1501=ORIENTED_EDGE('',*,*,#2695,.T.);
#1502=ORIENTED_EDGE('',*,*,#2250,.T.);
#1503=ORIENTED_EDGE('',*,*,#2696,.T.);
#1504=ORIENTED_EDGE('',*,*,#2139,.F.);
#1505=ORIENTED_EDGE('',*,*,#2697,.T.);
#1506=ORIENTED_EDGE('',*,*,#2256,.T.);
#1507=ORIENTED_EDGE('',*,*,#2698,.F.);
#1508=ORIENTED_EDGE('',*,*,#2699,.F.);
#1509=ORIENTED_EDGE('',*,*,#2700,.T.);
#1510=ORIENTED_EDGE('',*,*,#2129,.F.);
#1511=ORIENTED_EDGE('',*,*,#2701,.T.);
#1512=ORIENTED_EDGE('',*,*,#2272,.T.);
#1513=ORIENTED_EDGE('',*,*,#2702,.T.);
#1514=ORIENTED_EDGE('',*,*,#2133,.F.);
#1515=ORIENTED_EDGE('',*,*,#2703,.T.);
#1516=ORIENTED_EDGE('',*,*,#2262,.T.);
#1517=ORIENTED_EDGE('',*,*,#2704,.T.);
#1518=ORIENTED_EDGE('',*,*,#2281,.T.);
#1519=ORIENTED_EDGE('',*,*,#2705,.T.);
#1520=ORIENTED_EDGE('',*,*,#2120,.F.);
#1521=ORIENTED_EDGE('',*,*,#2706,.T.);
#1522=ORIENTED_EDGE('',*,*,#2124,.F.);
#1523=ORIENTED_EDGE('',*,*,#2707,.T.);
#1524=ORIENTED_EDGE('',*,*,#2277,.T.);
#1525=ORIENTED_EDGE('',*,*,#2708,.T.);
#1526=ORIENTED_EDGE('',*,*,#2122,.F.);
#1527=ORIENTED_EDGE('',*,*,#2709,.T.);
#1528=ORIENTED_EDGE('',*,*,#2279,.T.);
#1529=ORIENTED_EDGE('',*,*,#2710,.T.);
#1530=ORIENTED_EDGE('',*,*,#2303,.T.);
#1531=ORIENTED_EDGE('',*,*,#2711,.T.);
#1532=ORIENTED_EDGE('',*,*,#2112,.F.);
#1533=ORIENTED_EDGE('',*,*,#2652,.F.);
#1534=ORIENTED_EDGE('',*,*,#2116,.F.);
#1535=ORIENTED_EDGE('',*,*,#2712,.T.);
#1536=ORIENTED_EDGE('',*,*,#2285,.T.);
#1537=ORIENTED_EDGE('',*,*,#2650,.T.);
#1538=ORIENTED_EDGE('',*,*,#2114,.F.);
#1539=ORIENTED_EDGE('',*,*,#2713,.T.);
#1540=ORIENTED_EDGE('',*,*,#2301,.T.);
#1541=ORIENTED_EDGE('',*,*,#2714,.F.);
#1542=ORIENTED_EDGE('',*,*,#2715,.F.);
#1543=ORIENTED_EDGE('',*,*,#2716,.F.);
#1544=ORIENTED_EDGE('',*,*,#2287,.T.);
#1545=ORIENTED_EDGE('',*,*,#2717,.T.);
#1546=ORIENTED_EDGE('',*,*,#2300,.T.);
#1547=ORIENTED_EDGE('',*,*,#2718,.T.);
#1548=ORIENTED_EDGE('',*,*,#2719,.F.);
#1549=ORIENTED_EDGE('',*,*,#2714,.T.);
#1550=ORIENTED_EDGE('',*,*,#2720,.F.);
#1551=ORIENTED_EDGE('',*,*,#2721,.T.);
#1552=ORIENTED_EDGE('',*,*,#2288,.T.);
#1553=ORIENTED_EDGE('',*,*,#2716,.T.);
#1554=ORIENTED_EDGE('',*,*,#2722,.F.);
#1555=ORIENTED_EDGE('',*,*,#2723,.T.);
#1556=ORIENTED_EDGE('',*,*,#2290,.T.);
#1557=ORIENTED_EDGE('',*,*,#2724,.T.);
#1558=ORIENTED_EDGE('',*,*,#2725,.F.);
#1559=ORIENTED_EDGE('',*,*,#2726,.T.);
#1560=ORIENTED_EDGE('',*,*,#2292,.T.);
#1561=ORIENTED_EDGE('',*,*,#2727,.T.);
#1562=ORIENTED_EDGE('',*,*,#2728,.F.);
#1563=ORIENTED_EDGE('',*,*,#2729,.T.);
#1564=ORIENTED_EDGE('',*,*,#2294,.T.);
#1565=ORIENTED_EDGE('',*,*,#2730,.T.);
#1566=ORIENTED_EDGE('',*,*,#2731,.F.);
#1567=ORIENTED_EDGE('',*,*,#2732,.T.);
#1568=ORIENTED_EDGE('',*,*,#2296,.T.);
#1569=ORIENTED_EDGE('',*,*,#2733,.T.);
#1570=ORIENTED_EDGE('',*,*,#2298,.T.);
#1571=ORIENTED_EDGE('',*,*,#2734,.T.);
#1572=ORIENTED_EDGE('',*,*,#2735,.F.);
#1573=ORIENTED_EDGE('',*,*,#2736,.T.);
#1574=ORIENTED_EDGE('',*,*,#2737,.T.);
#1575=ORIENTED_EDGE('',*,*,#2735,.T.);
#1576=ORIENTED_EDGE('',*,*,#2738,.T.);
#1577=ORIENTED_EDGE('',*,*,#2731,.T.);
#1578=ORIENTED_EDGE('',*,*,#2739,.T.);
#1579=ORIENTED_EDGE('',*,*,#2728,.T.);
#1580=ORIENTED_EDGE('',*,*,#2740,.T.);
#1581=ORIENTED_EDGE('',*,*,#2725,.T.);
#1582=ORIENTED_EDGE('',*,*,#2741,.T.);
#1583=ORIENTED_EDGE('',*,*,#2722,.T.);
#1584=ORIENTED_EDGE('',*,*,#2742,.T.);
#1585=ORIENTED_EDGE('',*,*,#2720,.T.);
#1586=ORIENTED_EDGE('',*,*,#2715,.T.);
#1587=ORIENTED_EDGE('',*,*,#2719,.T.);
#1588=ORIENTED_EDGE('',*,*,#2743,.T.);
#1589=ORIENTED_EDGE('',*,*,#2744,.T.);
#1590=ORIENTED_EDGE('',*,*,#2745,.T.);
#1591=ORIENTED_EDGE('',*,*,#2265,.F.);
#1592=ORIENTED_EDGE('',*,*,#2330,.F.);
#1593=ORIENTED_EDGE('',*,*,#2267,.F.);
#1594=ORIENTED_EDGE('',*,*,#2746,.T.);
#1595=ORIENTED_EDGE('',*,*,#2747,.T.);
#1596=ORIENTED_EDGE('',*,*,#2748,.T.);
#1597=ORIENTED_EDGE('',*,*,#2269,.F.);
#1598=ORIENTED_EDGE('',*,*,#2749,.T.);
#1599=ORIENTED_EDGE('',*,*,#2750,.T.);
#1600=ORIENTED_EDGE('',*,*,#2328,.T.);
#1601=ORIENTED_EDGE('',*,*,#2751,.T.);
#1602=ORIENTED_EDGE('',*,*,#2747,.F.);
#1603=ORIENTED_EDGE('',*,*,#2752,.T.);
#1604=ORIENTED_EDGE('',*,*,#2744,.F.);
#1605=ORIENTED_EDGE('',*,*,#2329,.T.);
#1606=ORIENTED_EDGE('',*,*,#2750,.F.);
#1607=ORIENTED_EDGE('',*,*,#2753,.T.);
#1608=ORIENTED_EDGE('',*,*,#2754,.F.);
#1609=ORIENTED_EDGE('',*,*,#2755,.T.);
#1610=ORIENTED_EDGE('',*,*,#2251,.T.);
#1611=ORIENTED_EDGE('',*,*,#2700,.F.);
#1612=ORIENTED_EDGE('',*,*,#2253,.T.);
#1613=ORIENTED_EDGE('',*,*,#2756,.T.);
#1614=ORIENTED_EDGE('',*,*,#2757,.F.);
#1615=ORIENTED_EDGE('',*,*,#2758,.T.);
#1616=ORIENTED_EDGE('',*,*,#2255,.T.);
#1617=ORIENTED_EDGE('',*,*,#2759,.T.);
#1618=ORIENTED_EDGE('',*,*,#2760,.F.);
#1619=ORIENTED_EDGE('',*,*,#2698,.T.);
#1620=ORIENTED_EDGE('',*,*,#2761,.T.);
#1621=ORIENTED_EDGE('',*,*,#2757,.T.);
#1622=ORIENTED_EDGE('',*,*,#2762,.T.);
#1623=ORIENTED_EDGE('',*,*,#2754,.T.);
#1624=ORIENTED_EDGE('',*,*,#2699,.T.);
#1625=ORIENTED_EDGE('',*,*,#2760,.T.);
#1626=ORIENTED_EDGE('',*,*,#2763,.T.);
#1627=ORIENTED_EDGE('',*,*,#2761,.F.);
#1628=ORIENTED_EDGE('',*,*,#2764,.F.);
#1629=ORIENTED_EDGE('',*,*,#2751,.F.);
#1630=ORIENTED_EDGE('',*,*,#2765,.F.);
#1631=ORIENTED_EDGE('',*,*,#2737,.F.);
#1632=ORIENTED_EDGE('',*,*,#2766,.F.);
#1633=ORIENTED_EDGE('',*,*,#2767,.T.);
#1634=ORIENTED_EDGE('',*,*,#2184,.T.);
#1635=ORIENTED_EDGE('',*,*,#2766,.T.);
#1636=ORIENTED_EDGE('',*,*,#2767,.F.);
#1637=ORIENTED_EDGE('',*,*,#2768,.T.);
#1638=ORIENTED_EDGE('',*,*,#2185,.T.);
#1639=ORIENTED_EDGE('',*,*,#2765,.T.);
#1640=ORIENTED_EDGE('',*,*,#2768,.F.);
#1641=ORIENTED_EDGE('',*,*,#2769,.T.);
#1642=ORIENTED_EDGE('',*,*,#2186,.T.);
#1643=ORIENTED_EDGE('',*,*,#2764,.T.);
#1644=ORIENTED_EDGE('',*,*,#2769,.F.);
#1645=ORIENTED_EDGE('',*,*,#2195,.T.);
#1646=ORIENTED_EDGE('',*,*,#2770,.T.);
#1647=ORIENTED_EDGE('',*,*,#2154,.F.);
#1648=ORIENTED_EDGE('',*,*,#2771,.T.);
#1649=ORIENTED_EDGE('',*,*,#2193,.T.);
#1650=ORIENTED_EDGE('',*,*,#2772,.T.);
#1651=ORIENTED_EDGE('',*,*,#2156,.F.);
#1652=ORIENTED_EDGE('',*,*,#2773,.T.);
#1653=ORIENTED_EDGE('',*,*,#2158,.F.);
#1654=ORIENTED_EDGE('',*,*,#2774,.T.);
#1655=ORIENTED_EDGE('',*,*,#2191,.T.);
#1656=ORIENTED_EDGE('',*,*,#2775,.T.);
#1657=ORIENTED_EDGE('',*,*,#2244,.T.);
#1658=ORIENTED_EDGE('',*,*,#2776,.T.);
#1659=ORIENTED_EDGE('',*,*,#2146,.F.);
#1660=ORIENTED_EDGE('',*,*,#2777,.T.);
#1661=ORIENTED_EDGE('',*,*,#2150,.F.);
#1662=ORIENTED_EDGE('',*,*,#2778,.T.);
#1663=ORIENTED_EDGE('',*,*,#2199,.T.);
#1664=ORIENTED_EDGE('',*,*,#2779,.T.);
#1665=ORIENTED_EDGE('',*,*,#2313,.T.);
#1666=ORIENTED_EDGE('',*,*,#2780,.T.);
#1667=ORIENTED_EDGE('',*,*,#2100,.F.);
#1668=ORIENTED_EDGE('',*,*,#2781,.T.);
#1669=ORIENTED_EDGE('',*,*,#2209,.T.);
#1670=ORIENTED_EDGE('',*,*,#2782,.T.);
#1671=ORIENTED_EDGE('',*,*,#2162,.F.);
#1672=ORIENTED_EDGE('',*,*,#2783,.T.);
#1673=ORIENTED_EDGE('',*,*,#2216,.T.);
#1674=ORIENTED_EDGE('',*,*,#2242,.F.);
#1675=ORIENTED_EDGE('',*,*,#2784,.F.);
#1676=ORIENTED_EDGE('',*,*,#2202,.T.);
#1677=ORIENTED_EDGE('',*,*,#2221,.T.);
#1678=ORIENTED_EDGE('',*,*,#2206,.T.);
#1679=ORIENTED_EDGE('',*,*,#2785,.T.);
#1680=ORIENTED_EDGE('',*,*,#2315,.F.);
#1681=ORIENTED_EDGE('',*,*,#2316,.T.);
#1682=ORIENTED_EDGE('',*,*,#2785,.F.);
#1683=ORIENTED_EDGE('',*,*,#2205,.F.);
#1684=ORIENTED_EDGE('',*,*,#2786,.T.);
#1685=ORIENTED_EDGE('',*,*,#2240,.T.);
#1686=ORIENTED_EDGE('',*,*,#2787,.T.);
#1687=ORIENTED_EDGE('',*,*,#2323,.T.);
#1688=ORIENTED_EDGE('',*,*,#2788,.T.);
#1689=ORIENTED_EDGE('',*,*,#2317,.T.);
#1690=ORIENTED_EDGE('',*,*,#2786,.F.);
#1691=ORIENTED_EDGE('',*,*,#2204,.F.);
#1692=ORIENTED_EDGE('',*,*,#2789,.T.);
#1693=ORIENTED_EDGE('',*,*,#2241,.F.);
#1694=ORIENTED_EDGE('',*,*,#2789,.F.);
#1695=ORIENTED_EDGE('',*,*,#2203,.T.);
#1696=ORIENTED_EDGE('',*,*,#2784,.T.);
#1697=ORIENTED_EDGE('',*,*,#2187,.T.);
#1698=ORIENTED_EDGE('',*,*,#2190,.F.);
#1699=ORIENTED_EDGE('',*,*,#2188,.F.);
#1700=ORIENTED_EDGE('',*,*,#2213,.T.);
#1701=ORIENTED_EDGE('',*,*,#2097,.T.);
#1702=ORIENTED_EDGE('',*,*,#2189,.F.);
#1703=ORIENTED_EDGE('',*,*,#2183,.F.);
#1704=ORIENTED_EDGE('',*,*,#2790,.T.);
#1705=ORIENTED_EDGE('',*,*,#2791,.T.);
#1706=ORIENTED_EDGE('',*,*,#2792,.T.);
#1707=ORIENTED_EDGE('',*,*,#2175,.F.);
#1708=ORIENTED_EDGE('',*,*,#2094,.T.);
#1709=ORIENTED_EDGE('',*,*,#2793,.T.);
#1710=ORIENTED_EDGE('',*,*,#2794,.T.);
#1711=ORIENTED_EDGE('',*,*,#2181,.F.);
#1712=ORIENTED_EDGE('',*,*,#2795,.T.);
#1713=ORIENTED_EDGE('',*,*,#2796,.T.);
#1714=ORIENTED_EDGE('',*,*,#2797,.T.);
#1715=ORIENTED_EDGE('',*,*,#2179,.F.);
#1716=ORIENTED_EDGE('',*,*,#2798,.T.);
#1717=ORIENTED_EDGE('',*,*,#2177,.F.);
#1718=ORIENTED_EDGE('',*,*,#2799,.T.);
#1719=ORIENTED_EDGE('',*,*,#2800,.T.);
#1720=ORIENTED_EDGE('',*,*,#2801,.T.);
#1721=ORIENTED_EDGE('',*,*,#2802,.F.);
#1722=ORIENTED_EDGE('',*,*,#2685,.F.);
#1723=ORIENTED_EDGE('',*,*,#2803,.T.);
#1724=ORIENTED_EDGE('',*,*,#2804,.T.);
#1725=ORIENTED_EDGE('',*,*,#2166,.F.);
#1726=ORIENTED_EDGE('',*,*,#2087,.T.);
#1727=ORIENTED_EDGE('',*,*,#2802,.T.);
#1728=ORIENTED_EDGE('',*,*,#2091,.T.);
#1729=ORIENTED_EDGE('',*,*,#2174,.F.);
#1730=ORIENTED_EDGE('',*,*,#2805,.T.);
#1731=ORIENTED_EDGE('',*,*,#2806,.T.);
#1732=ORIENTED_EDGE('',*,*,#2807,.T.);
#1733=ORIENTED_EDGE('',*,*,#2172,.F.);
#1734=ORIENTED_EDGE('',*,*,#2808,.T.);
#1735=ORIENTED_EDGE('',*,*,#2809,.T.);
#1736=ORIENTED_EDGE('',*,*,#2810,.T.);
#1737=ORIENTED_EDGE('',*,*,#2170,.F.);
#1738=ORIENTED_EDGE('',*,*,#2811,.T.);
#1739=ORIENTED_EDGE('',*,*,#2168,.F.);
#1740=ORIENTED_EDGE('',*,*,#2812,.T.);
#1741=ORIENTED_EDGE('',*,*,#2813,.T.);
#1742=ORIENTED_EDGE('',*,*,#2814,.T.);
#1743=ORIENTED_EDGE('',*,*,#2101,.F.);
#1744=ORIENTED_EDGE('',*,*,#2780,.F.);
#1745=ORIENTED_EDGE('',*,*,#2312,.F.);
#1746=ORIENTED_EDGE('',*,*,#2350,.F.);
#1747=ORIENTED_EDGE('',*,*,#2099,.F.);
#1748=ORIENTED_EDGE('',*,*,#2219,.F.);
#1749=ORIENTED_EDGE('',*,*,#2314,.F.);
#1750=ORIENTED_EDGE('',*,*,#2781,.F.);
#1751=ORIENTED_EDGE('',*,*,#2157,.F.);
#1752=ORIENTED_EDGE('',*,*,#2772,.F.);
#1753=ORIENTED_EDGE('',*,*,#2192,.F.);
#1754=ORIENTED_EDGE('',*,*,#2774,.F.);
#1755=ORIENTED_EDGE('',*,*,#2159,.F.);
#1756=ORIENTED_EDGE('',*,*,#2775,.F.);
#1757=ORIENTED_EDGE('',*,*,#2212,.F.);
#1758=ORIENTED_EDGE('',*,*,#2222,.F.);
#1759=ORIENTED_EDGE('',*,*,#2155,.F.);
#1760=ORIENTED_EDGE('',*,*,#2770,.F.);
#1761=ORIENTED_EDGE('',*,*,#2194,.F.);
#1762=ORIENTED_EDGE('',*,*,#2773,.F.);
#1763=ORIENTED_EDGE('',*,*,#2153,.F.);
#1764=ORIENTED_EDGE('',*,*,#2227,.F.);
#1765=ORIENTED_EDGE('',*,*,#2196,.F.);
#1766=ORIENTED_EDGE('',*,*,#2771,.F.);
#1767=ORIENTED_EDGE('',*,*,#2163,.F.);
#1768=ORIENTED_EDGE('',*,*,#2782,.F.);
#1769=ORIENTED_EDGE('',*,*,#2208,.F.);
#1770=ORIENTED_EDGE('',*,*,#2220,.F.);
#1771=ORIENTED_EDGE('',*,*,#2161,.F.);
#1772=ORIENTED_EDGE('',*,*,#2223,.F.);
#1773=ORIENTED_EDGE('',*,*,#2210,.F.);
#1774=ORIENTED_EDGE('',*,*,#2783,.F.);
#1775=ORIENTED_EDGE('',*,*,#2147,.F.);
#1776=ORIENTED_EDGE('',*,*,#2776,.F.);
#1777=ORIENTED_EDGE('',*,*,#2243,.F.);
#1778=ORIENTED_EDGE('',*,*,#2214,.F.);
#1779=ORIENTED_EDGE('',*,*,#2145,.F.);
#1780=ORIENTED_EDGE('',*,*,#2225,.F.);
#1781=ORIENTED_EDGE('',*,*,#2245,.F.);
#1782=ORIENTED_EDGE('',*,*,#2777,.F.);
#1783=ORIENTED_EDGE('',*,*,#2149,.F.);
#1784=ORIENTED_EDGE('',*,*,#2217,.F.);
#1785=ORIENTED_EDGE('',*,*,#2200,.F.);
#1786=ORIENTED_EDGE('',*,*,#2778,.F.);
#1787=ORIENTED_EDGE('',*,*,#2151,.F.);
#1788=ORIENTED_EDGE('',*,*,#2779,.F.);
#1789=ORIENTED_EDGE('',*,*,#2198,.F.);
#1790=ORIENTED_EDGE('',*,*,#2228,.F.);
#1791=ORIENTED_EDGE('',*,*,#2357,.F.);
#1792=ORIENTED_EDGE('',*,*,#2676,.F.);
#1793=ORIENTED_EDGE('',*,*,#2374,.F.);
#1794=ORIENTED_EDGE('',*,*,#2677,.F.);
#1795=ORIENTED_EDGE('',*,*,#2359,.F.);
#1796=ORIENTED_EDGE('',*,*,#2678,.F.);
#1797=ORIENTED_EDGE('',*,*,#2389,.F.);
#1798=ORIENTED_EDGE('',*,*,#2384,.F.);
#1799=ORIENTED_EDGE('',*,*,#2679,.F.);
#1800=ORIENTED_EDGE('',*,*,#2361,.F.);
#1801=ORIENTED_EDGE('',*,*,#2680,.F.);
#1802=ORIENTED_EDGE('',*,*,#2382,.F.);
#1803=ORIENTED_EDGE('',*,*,#2681,.F.);
#1804=ORIENTED_EDGE('',*,*,#2364,.F.);
#1805=ORIENTED_EDGE('',*,*,#2644,.F.);
#1806=ORIENTED_EDGE('',*,*,#2435,.F.);
#1807=ORIENTED_EDGE('',*,*,#2667,.F.);
#1808=ORIENTED_EDGE('',*,*,#2641,.F.);
#1809=ORIENTED_EDGE('',*,*,#2660,.F.);
#1810=ORIENTED_EDGE('',*,*,#2086,.F.);
#1811=ORIENTED_EDGE('',*,*,#2657,.F.);
#1812=ORIENTED_EDGE('',*,*,#2414,.F.);
#1813=ORIENTED_EDGE('',*,*,#2636,.F.);
#1814=ORIENTED_EDGE('',*,*,#2403,.F.);
#1815=ORIENTED_EDGE('',*,*,#2666,.F.);
#1816=ORIENTED_EDGE('',*,*,#2604,.F.);
#1817=ORIENTED_EDGE('',*,*,#2663,.F.);
#1818=ORIENTED_EDGE('',*,*,#2405,.F.);
#1819=ORIENTED_EDGE('',*,*,#2664,.F.);
#1820=ORIENTED_EDGE('',*,*,#2602,.F.);
#1821=ORIENTED_EDGE('',*,*,#2661,.F.);
#1822=ORIENTED_EDGE('',*,*,#2600,.F.);
#1823=ORIENTED_EDGE('',*,*,#2815,.T.);
#1824=ORIENTED_EDGE('',*,*,#2658,.F.);
#1825=ORIENTED_EDGE('',*,*,#2420,.F.);
#1826=ORIENTED_EDGE('',*,*,#2662,.F.);
#1827=ORIENTED_EDGE('',*,*,#2611,.F.);
#1828=ORIENTED_EDGE('',*,*,#2656,.F.);
#1829=ORIENTED_EDGE('',*,*,#2437,.F.);
#1830=ORIENTED_EDGE('',*,*,#2674,.F.);
#1831=ORIENTED_EDGE('',*,*,#2617,.F.);
#1832=ORIENTED_EDGE('',*,*,#2670,.F.);
#1833=ORIENTED_EDGE('',*,*,#2443,.F.);
#1834=ORIENTED_EDGE('',*,*,#2669,.F.);
#1835=ORIENTED_EDGE('',*,*,#2615,.F.);
#1836=ORIENTED_EDGE('',*,*,#2672,.F.);
#1837=ORIENTED_EDGE('',*,*,#2445,.F.);
#1838=ORIENTED_EDGE('',*,*,#2671,.F.);
#1839=ORIENTED_EDGE('',*,*,#2613,.F.);
#1840=ORIENTED_EDGE('',*,*,#2675,.F.);
#1841=ORIENTED_EDGE('',*,*,#2447,.F.);
#1842=ORIENTED_EDGE('',*,*,#2673,.F.);
#1843=ORIENTED_EDGE('',*,*,#2738,.F.);
#1844=ORIENTED_EDGE('',*,*,#2734,.F.);
#1845=ORIENTED_EDGE('',*,*,#2297,.F.);
#1846=ORIENTED_EDGE('',*,*,#2732,.F.);
#1847=ORIENTED_EDGE('',*,*,#2739,.F.);
#1848=ORIENTED_EDGE('',*,*,#2733,.F.);
#1849=ORIENTED_EDGE('',*,*,#2295,.F.);
#1850=ORIENTED_EDGE('',*,*,#2729,.F.);
#1851=ORIENTED_EDGE('',*,*,#2740,.F.);
#1852=ORIENTED_EDGE('',*,*,#2730,.F.);
#1853=ORIENTED_EDGE('',*,*,#2293,.F.);
#1854=ORIENTED_EDGE('',*,*,#2726,.F.);
#1855=ORIENTED_EDGE('',*,*,#2741,.F.);
#1856=ORIENTED_EDGE('',*,*,#2727,.F.);
#1857=ORIENTED_EDGE('',*,*,#2291,.F.);
#1858=ORIENTED_EDGE('',*,*,#2723,.F.);
#1859=ORIENTED_EDGE('',*,*,#2742,.F.);
#1860=ORIENTED_EDGE('',*,*,#2724,.F.);
#1861=ORIENTED_EDGE('',*,*,#2289,.F.);
#1862=ORIENTED_EDGE('',*,*,#2721,.F.);
#1863=ORIENTED_EDGE('',*,*,#2743,.F.);
#1864=ORIENTED_EDGE('',*,*,#2718,.F.);
#1865=ORIENTED_EDGE('',*,*,#2299,.F.);
#1866=ORIENTED_EDGE('',*,*,#2736,.F.);
#1867=ORIENTED_EDGE('',*,*,#2302,.F.);
#1868=ORIENTED_EDGE('',*,*,#2713,.F.);
#1869=ORIENTED_EDGE('',*,*,#2113,.F.);
#1870=ORIENTED_EDGE('',*,*,#2711,.F.);
#1871=ORIENTED_EDGE('',*,*,#2286,.F.);
#1872=ORIENTED_EDGE('',*,*,#2712,.F.);
#1873=ORIENTED_EDGE('',*,*,#2115,.F.);
#1874=ORIENTED_EDGE('',*,*,#2717,.F.);
#1875=ORIENTED_EDGE('',*,*,#2280,.F.);
#1876=ORIENTED_EDGE('',*,*,#2709,.F.);
#1877=ORIENTED_EDGE('',*,*,#2121,.F.);
#1878=ORIENTED_EDGE('',*,*,#2705,.F.);
#1879=ORIENTED_EDGE('',*,*,#2282,.F.);
#1880=ORIENTED_EDGE('',*,*,#2706,.F.);
#1881=ORIENTED_EDGE('',*,*,#2119,.F.);
#1882=ORIENTED_EDGE('',*,*,#2334,.F.);
#1883=ORIENTED_EDGE('',*,*,#2278,.F.);
#1884=ORIENTED_EDGE('',*,*,#2707,.F.);
#1885=ORIENTED_EDGE('',*,*,#2123,.F.);
#1886=ORIENTED_EDGE('',*,*,#2710,.F.);
#1887=ORIENTED_EDGE('',*,*,#2276,.F.);
#1888=ORIENTED_EDGE('',*,*,#2649,.F.);
#1889=ORIENTED_EDGE('',*,*,#2125,.F.);
#1890=ORIENTED_EDGE('',*,*,#2708,.F.);
#1891=ORIENTED_EDGE('',*,*,#2752,.F.);
#1892=ORIENTED_EDGE('',*,*,#2746,.F.);
#1893=ORIENTED_EDGE('',*,*,#2266,.F.);
#1894=ORIENTED_EDGE('',*,*,#2745,.F.);
#1895=ORIENTED_EDGE('',*,*,#2753,.F.);
#1896=ORIENTED_EDGE('',*,*,#2749,.F.);
#1897=ORIENTED_EDGE('',*,*,#2268,.F.);
#1898=ORIENTED_EDGE('',*,*,#2748,.F.);
#1899=ORIENTED_EDGE('',*,*,#2273,.F.);
#1900=ORIENTED_EDGE('',*,*,#2701,.F.);
#1901=ORIENTED_EDGE('',*,*,#2128,.F.);
#1902=ORIENTED_EDGE('',*,*,#2647,.F.);
#1903=ORIENTED_EDGE('',*,*,#2271,.F.);
#1904=ORIENTED_EDGE('',*,*,#2327,.F.);
#1905=ORIENTED_EDGE('',*,*,#2130,.F.);
#1906=ORIENTED_EDGE('',*,*,#2702,.F.);
#1907=ORIENTED_EDGE('',*,*,#2263,.F.);
#1908=ORIENTED_EDGE('',*,*,#2703,.F.);
#1909=ORIENTED_EDGE('',*,*,#2132,.F.);
#1910=ORIENTED_EDGE('',*,*,#2331,.F.);
#1911=ORIENTED_EDGE('',*,*,#2261,.F.);
#1912=ORIENTED_EDGE('',*,*,#2332,.F.);
#1913=ORIENTED_EDGE('',*,*,#2134,.F.);
#1914=ORIENTED_EDGE('',*,*,#2704,.F.);
#1915=ORIENTED_EDGE('',*,*,#2259,.F.);
#1916=ORIENTED_EDGE('',*,*,#2692,.F.);
#1917=ORIENTED_EDGE('',*,*,#2136,.F.);
#1918=ORIENTED_EDGE('',*,*,#2333,.F.);
#1919=ORIENTED_EDGE('',*,*,#2247,.F.);
#1920=ORIENTED_EDGE('',*,*,#2646,.F.);
#1921=ORIENTED_EDGE('',*,*,#2142,.F.);
#1922=ORIENTED_EDGE('',*,*,#2694,.F.);
#1923=ORIENTED_EDGE('',*,*,#2249,.F.);
#1924=ORIENTED_EDGE('',*,*,#2695,.F.);
#1925=ORIENTED_EDGE('',*,*,#2140,.F.);
#1926=ORIENTED_EDGE('',*,*,#2696,.F.);
#1927=ORIENTED_EDGE('',*,*,#2762,.F.);
#1928=ORIENTED_EDGE('',*,*,#2756,.F.);
#1929=ORIENTED_EDGE('',*,*,#2252,.F.);
#1930=ORIENTED_EDGE('',*,*,#2755,.F.);
#1931=ORIENTED_EDGE('',*,*,#2763,.F.);
#1932=ORIENTED_EDGE('',*,*,#2759,.F.);
#1933=ORIENTED_EDGE('',*,*,#2254,.F.);
#1934=ORIENTED_EDGE('',*,*,#2758,.F.);
#1935=ORIENTED_EDGE('',*,*,#2257,.F.);
#1936=ORIENTED_EDGE('',*,*,#2697,.F.);
#1937=ORIENTED_EDGE('',*,*,#2138,.F.);
#1938=ORIENTED_EDGE('',*,*,#2693,.F.);
#1939=ORIENTED_EDGE('',*,*,#2665,.F.);
#1940=ORIENTED_EDGE('',*,*,#2583,.F.);
#1941=ORIENTED_EDGE('',*,*,#2816,.F.);
#1942=ORIENTED_EDGE('',*,*,#2606,.F.);
#1943=ORIENTED_EDGE('',*,*,#2816,.T.);
#1944=ORIENTED_EDGE('',*,*,#2591,.F.);
#1945=ORIENTED_EDGE('',*,*,#2817,.F.);
#1946=ORIENTED_EDGE('',*,*,#2598,.F.);
#1947=ORIENTED_EDGE('',*,*,#2817,.T.);
#1948=ORIENTED_EDGE('',*,*,#2593,.F.);
#1949=ORIENTED_EDGE('',*,*,#2654,.F.);
#1950=ORIENTED_EDGE('',*,*,#2084,.F.);
#1951=ORIENTED_EDGE('',*,*,#2659,.F.);
#1952=ORIENTED_EDGE('',*,*,#2815,.F.);
#1953=ORIENTED_EDGE('',*,*,#2599,.F.);
#1954=ORIENTED_EDGE('',*,*,#2433,.F.);
#1955=ORIENTED_EDGE('',*,*,#2643,.F.);
#1956=ORIENTED_EDGE('',*,*,#2585,.F.);
#1957=ORIENTED_EDGE('',*,*,#2668,.F.);
#1958=ORIENTED_EDGE('',*,*,#2642,.F.);
#1959=ORIENTED_EDGE('',*,*,#2379,.F.);
#1960=ORIENTED_EDGE('',*,*,#2818,.F.);
#1961=ORIENTED_EDGE('',*,*,#2586,.F.);
#1962=ORIENTED_EDGE('',*,*,#2818,.T.);
#1963=ORIENTED_EDGE('',*,*,#2378,.F.);
#1964=ORIENTED_EDGE('',*,*,#2819,.F.);
#1965=ORIENTED_EDGE('',*,*,#2587,.F.);
#1966=ORIENTED_EDGE('',*,*,#2819,.T.);
#1967=ORIENTED_EDGE('',*,*,#2428,.F.);
#1968=ORIENTED_EDGE('',*,*,#2820,.F.);
#1969=ORIENTED_EDGE('',*,*,#2588,.F.);
#1970=ORIENTED_EDGE('',*,*,#2820,.T.);
#1971=ORIENTED_EDGE('',*,*,#2424,.F.);
#1972=ORIENTED_EDGE('',*,*,#2821,.F.);
#1973=ORIENTED_EDGE('',*,*,#2594,.F.);
#1974=ORIENTED_EDGE('',*,*,#2589,.F.);
#1975=ORIENTED_EDGE('',*,*,#2655,.F.);
#1976=ORIENTED_EDGE('',*,*,#2595,.F.);
#1977=ORIENTED_EDGE('',*,*,#2821,.T.);
#1978=ORIENTED_EDGE('',*,*,#2423,.F.);
#1979=ORIENTED_EDGE('',*,*,#2167,.F.);
#1980=ORIENTED_EDGE('',*,*,#2804,.F.);
#1981=ORIENTED_EDGE('',*,*,#2822,.F.);
#1982=ORIENTED_EDGE('',*,*,#2812,.F.);
#1983=ORIENTED_EDGE('',*,*,#2823,.F.);
#1984=ORIENTED_EDGE('',*,*,#2813,.F.);
#1985=ORIENTED_EDGE('',*,*,#2824,.F.);
#1986=ORIENTED_EDGE('',*,*,#2325,.F.);
#1987=ORIENTED_EDGE('',*,*,#2169,.F.);
#1988=ORIENTED_EDGE('',*,*,#2814,.F.);
#1989=ORIENTED_EDGE('',*,*,#2825,.F.);
#1990=ORIENTED_EDGE('',*,*,#2811,.F.);
#1991=ORIENTED_EDGE('',*,*,#2824,.T.);
#1992=ORIENTED_EDGE('',*,*,#2822,.T.);
#1993=ORIENTED_EDGE('',*,*,#2826,.F.);
#1994=ORIENTED_EDGE('',*,*,#2825,.T.);
#1995=ORIENTED_EDGE('',*,*,#2823,.T.);
#1996=ORIENTED_EDGE('',*,*,#2827,.F.);
#1997=ORIENTED_EDGE('',*,*,#2173,.F.);
#1998=ORIENTED_EDGE('',*,*,#2807,.F.);
#1999=ORIENTED_EDGE('',*,*,#2828,.F.);
#2000=ORIENTED_EDGE('',*,*,#2805,.F.);
#2001=ORIENTED_EDGE('',*,*,#2826,.T.);
#2002=ORIENTED_EDGE('',*,*,#2803,.F.);
#2003=ORIENTED_EDGE('',*,*,#2829,.F.);
#2004=ORIENTED_EDGE('',*,*,#2326,.F.);
#2005=ORIENTED_EDGE('',*,*,#2787,.F.);
#2006=ORIENTED_EDGE('',*,*,#2239,.F.);
#2007=ORIENTED_EDGE('',*,*,#2830,.F.);
#2008=ORIENTED_EDGE('',*,*,#2809,.F.);
#2009=ORIENTED_EDGE('',*,*,#2827,.T.);
#2010=ORIENTED_EDGE('',*,*,#2324,.F.);
#2011=ORIENTED_EDGE('',*,*,#2171,.F.);
#2012=ORIENTED_EDGE('',*,*,#2810,.F.);
#2013=ORIENTED_EDGE('',*,*,#2831,.F.);
#2014=ORIENTED_EDGE('',*,*,#2808,.F.);
#2015=ORIENTED_EDGE('',*,*,#2829,.T.);
#2016=ORIENTED_EDGE('',*,*,#2828,.T.);
#2017=ORIENTED_EDGE('',*,*,#2832,.F.);
#2018=ORIENTED_EDGE('',*,*,#2831,.T.);
#2019=ORIENTED_EDGE('',*,*,#2830,.T.);
#2020=ORIENTED_EDGE('',*,*,#2833,.F.);
#2021=ORIENTED_EDGE('',*,*,#2832,.T.);
#2022=ORIENTED_EDGE('',*,*,#2806,.F.);
#2023=ORIENTED_EDGE('',*,*,#2833,.T.);
#2024=ORIENTED_EDGE('',*,*,#2238,.F.);
#2025=ORIENTED_EDGE('',*,*,#2178,.F.);
#2026=ORIENTED_EDGE('',*,*,#2801,.F.);
#2027=ORIENTED_EDGE('',*,*,#2834,.F.);
#2028=ORIENTED_EDGE('',*,*,#2798,.F.);
#2029=ORIENTED_EDGE('',*,*,#2835,.F.);
#2030=ORIENTED_EDGE('',*,*,#2796,.F.);
#2031=ORIENTED_EDGE('',*,*,#2836,.F.);
#2032=ORIENTED_EDGE('',*,*,#2318,.F.);
#2033=ORIENTED_EDGE('',*,*,#2788,.F.);
#2034=ORIENTED_EDGE('',*,*,#2322,.F.);
#2035=ORIENTED_EDGE('',*,*,#2180,.F.);
#2036=ORIENTED_EDGE('',*,*,#2797,.F.);
#2037=ORIENTED_EDGE('',*,*,#2837,.F.);
#2038=ORIENTED_EDGE('',*,*,#2795,.F.);
#2039=ORIENTED_EDGE('',*,*,#2836,.T.);
#2040=ORIENTED_EDGE('',*,*,#2834,.T.);
#2041=ORIENTED_EDGE('',*,*,#2838,.F.);
#2042=ORIENTED_EDGE('',*,*,#2837,.T.);
#2043=ORIENTED_EDGE('',*,*,#2835,.T.);
#2044=ORIENTED_EDGE('',*,*,#2839,.F.);
#2045=ORIENTED_EDGE('',*,*,#2176,.F.);
#2046=ORIENTED_EDGE('',*,*,#2792,.F.);
#2047=ORIENTED_EDGE('',*,*,#2840,.F.);
#2048=ORIENTED_EDGE('',*,*,#2799,.F.);
#2049=ORIENTED_EDGE('',*,*,#2838,.T.);
#2050=ORIENTED_EDGE('',*,*,#2800,.F.);
#2051=ORIENTED_EDGE('',*,*,#2841,.F.);
#2052=ORIENTED_EDGE('',*,*,#2319,.F.);
#2053=ORIENTED_EDGE('',*,*,#2839,.T.);
#2054=ORIENTED_EDGE('',*,*,#2321,.F.);
#2055=ORIENTED_EDGE('',*,*,#2842,.F.);
#2056=ORIENTED_EDGE('',*,*,#2793,.F.);
#2057=ORIENTED_EDGE('',*,*,#2182,.F.);
#2058=ORIENTED_EDGE('',*,*,#2794,.F.);
#2059=ORIENTED_EDGE('',*,*,#2843,.F.);
#2060=ORIENTED_EDGE('',*,*,#2790,.F.);
#2061=ORIENTED_EDGE('',*,*,#2841,.T.);
#2062=ORIENTED_EDGE('',*,*,#2840,.T.);
#2063=ORIENTED_EDGE('',*,*,#2844,.F.);
#2064=ORIENTED_EDGE('',*,*,#2843,.T.);
#2065=ORIENTED_EDGE('',*,*,#2842,.T.);
#2066=ORIENTED_EDGE('',*,*,#2845,.F.);
#2067=ORIENTED_EDGE('',*,*,#2844,.T.);
#2068=ORIENTED_EDGE('',*,*,#2791,.F.);
#2069=ORIENTED_EDGE('',*,*,#2845,.T.);
#2070=ORIENTED_EDGE('',*,*,#2320,.F.);
#2071=ORIENTED_EDGE('',*,*,#2846,.F.);
#2072=ORIENTED_EDGE('',*,*,#2345,.T.);
#2073=ORIENTED_EDGE('',*,*,#2847,.F.);
#2074=ORIENTED_EDGE('',*,*,#2846,.T.);
#2075=ORIENTED_EDGE('',*,*,#2848,.F.);
#2076=ORIENTED_EDGE('',*,*,#2344,.T.);
#2077=ORIENTED_EDGE('',*,*,#2849,.F.);
#2078=ORIENTED_EDGE('',*,*,#2848,.T.);
#2079=ORIENTED_EDGE('',*,*,#2849,.T.);
#2080=ORIENTED_EDGE('',*,*,#2624,.F.);
#2081=ORIENTED_EDGE('',*,*,#2847,.T.);
#2082=ORIENTED_EDGE('',*,*,#2625,.F.);
#2083=EDGE_CURVE('',#2850,#2851,#3361,.T.);
#2084=EDGE_CURVE('',#2850,#2852,#3362,.T.);
#2085=EDGE_CURVE('',#2853,#2852,#3363,.T.);
#2086=EDGE_CURVE('',#2853,#2851,#272,.T.);
#2087=EDGE_CURVE('',#2854,#2855,#233,.T.);
#2088=EDGE_CURVE('',#2856,#2854,#273,.F.);
#2089=EDGE_CURVE('',#2857,#2856,#234,.F.);
#2090=EDGE_CURVE('',#2858,#2857,#274,.F.);
#2091=EDGE_CURVE('',#2859,#2858,#235,.T.);
#2092=EDGE_CURVE('',#2855,#2859,#275,.T.);
#2093=EDGE_CURVE('',#2860,#2860,#166,.F.);
#2094=EDGE_CURVE('',#2861,#2862,#236,.T.);
#2095=EDGE_CURVE('',#2857,#2861,#167,.F.);
#2096=EDGE_CURVE('',#2862,#2856,#168,.F.);
#2097=EDGE_CURVE('',#2863,#2863,#276,.T.);
#2098=EDGE_CURVE('',#2864,#2865,#3364,.T.);
#2099=EDGE_CURVE('',#2865,#2866,#277,.T.);
#2100=EDGE_CURVE('',#2866,#2867,#3365,.T.);
#2101=EDGE_CURVE('',#2867,#2868,#278,.F.);
#2102=EDGE_CURVE('',#2869,#2868,#3366,.T.);
#2103=EDGE_CURVE('',#2869,#2870,#3367,.F.);
#2104=EDGE_CURVE('',#2870,#2871,#3368,.F.);
#2105=EDGE_CURVE('',#2871,#2872,#3369,.F.);
#2106=EDGE_CURVE('',#2872,#2873,#3370,.F.);
#2107=EDGE_CURVE('',#2873,#2874,#3371,.F.);
#2108=EDGE_CURVE('',#2874,#2875,#3372,.F.);
#2109=EDGE_CURVE('',#2875,#2876,#3373,.F.);
#2110=EDGE_CURVE('',#2876,#2877,#3374,.T.);
#2111=EDGE_CURVE('',#2877,#2878,#3375,.T.);
#2112=EDGE_CURVE('',#2878,#2879,#3376,.T.);
#2113=EDGE_CURVE('',#2879,#2880,#279,.F.);
#2114=EDGE_CURVE('',#2880,#2881,#3377,.T.);
#2115=EDGE_CURVE('',#2881,#2882,#280,.F.);
#2116=EDGE_CURVE('',#2882,#2883,#3378,.T.);
#2117=EDGE_CURVE('',#2883,#2884,#3379,.T.);
#2118=EDGE_CURVE('',#2884,#2885,#3380,.T.);
#2119=EDGE_CURVE('',#2885,#2886,#281,.T.);
#2120=EDGE_CURVE('',#2886,#2887,#3381,.T.);
#2121=EDGE_CURVE('',#2887,#2888,#282,.F.);
#2122=EDGE_CURVE('',#2888,#2889,#3382,.T.);
#2123=EDGE_CURVE('',#2889,#2890,#283,.F.);
#2124=EDGE_CURVE('',#2890,#2891,#3383,.T.);
#2125=EDGE_CURVE('',#2891,#2892,#284,.T.);
#2126=EDGE_CURVE('',#2892,#2893,#3384,.T.);
#2127=EDGE_CURVE('',#2893,#2894,#3385,.T.);
#2128=EDGE_CURVE('',#2894,#2895,#285,.T.);
#2129=EDGE_CURVE('',#2895,#2896,#3386,.T.);
#2130=EDGE_CURVE('',#2896,#2897,#286,.F.);
#2131=EDGE_CURVE('',#2897,#2898,#3387,.T.);
#2132=EDGE_CURVE('',#2898,#2899,#287,.F.);
#2133=EDGE_CURVE('',#2899,#2900,#3388,.T.);
#2134=EDGE_CURVE('',#2900,#2901,#288,.T.);
#2135=EDGE_CURVE('',#2901,#2902,#3389,.T.);
#2136=EDGE_CURVE('',#2902,#2903,#289,.T.);
#2137=EDGE_CURVE('',#2903,#2904,#3390,.T.);
#2138=EDGE_CURVE('',#2904,#2905,#290,.F.);
#2139=EDGE_CURVE('',#2905,#2906,#3391,.T.);
#2140=EDGE_CURVE('',#2906,#2907,#291,.F.);
#2141=EDGE_CURVE('',#2907,#2908,#3392,.T.);
#2142=EDGE_CURVE('',#2908,#2909,#292,.T.);
#2143=EDGE_CURVE('',#2909,#2910,#3393,.T.);
#2144=EDGE_CURVE('',#2911,#2910,#3394,.T.);
#2145=EDGE_CURVE('',#2911,#2912,#293,.F.);
#2146=EDGE_CURVE('',#2912,#2913,#3395,.T.);
#2147=EDGE_CURVE('',#2913,#2914,#294,.T.);
#2148=EDGE_CURVE('',#2914,#2915,#3396,.T.);
#2149=EDGE_CURVE('',#2915,#2916,#295,.T.);
#2150=EDGE_CURVE('',#2916,#2917,#3397,.T.);
#2151=EDGE_CURVE('',#2917,#2918,#296,.F.);
#2152=EDGE_CURVE('',#2919,#2918,#3398,.T.);
#2153=EDGE_CURVE('',#2919,#2920,#297,.F.);
#2154=EDGE_CURVE('',#2920,#2921,#3399,.T.);
#2155=EDGE_CURVE('',#2921,#2922,#298,.T.);
#2156=EDGE_CURVE('',#2922,#2923,#3400,.T.);
#2157=EDGE_CURVE('',#2923,#2924,#299,.T.);
#2158=EDGE_CURVE('',#2924,#2925,#3401,.T.);
#2159=EDGE_CURVE('',#2925,#2926,#300,.F.);
#2160=EDGE_CURVE('',#2927,#2926,#3402,.T.);
#2161=EDGE_CURVE('',#2927,#2928,#301,.F.);
#2162=EDGE_CURVE('',#2928,#2929,#3403,.T.);
#2163=EDGE_CURVE('',#2929,#2864,#302,.T.);
#2164=EDGE_CURVE('',#2930,#2930,#303,.F.);
#2165=EDGE_CURVE('',#2931,#2931,#304,.F.);
#2166=EDGE_CURVE('',#2854,#2932,#305,.F.);
#2167=EDGE_CURVE('',#2932,#2933,#306,.T.);
#2168=EDGE_CURVE('',#2933,#2934,#307,.F.);
#2169=EDGE_CURVE('',#2934,#2935,#308,.T.);
#2170=EDGE_CURVE('',#2935,#2936,#309,.F.);
#2171=EDGE_CURVE('',#2936,#2937,#310,.T.);
#2172=EDGE_CURVE('',#2937,#2938,#311,.F.);
#2173=EDGE_CURVE('',#2938,#2939,#312,.T.);
#2174=EDGE_CURVE('',#2939,#2858,#313,.F.);
#2175=EDGE_CURVE('',#2861,#2940,#314,.F.);
#2176=EDGE_CURVE('',#2940,#2941,#315,.T.);
#2177=EDGE_CURVE('',#2941,#2942,#316,.F.);
#2178=EDGE_CURVE('',#2942,#2943,#317,.T.);
#2179=EDGE_CURVE('',#2943,#2944,#318,.F.);
#2180=EDGE_CURVE('',#2944,#2945,#319,.T.);
#2181=EDGE_CURVE('',#2945,#2946,#320,.F.);
#2182=EDGE_CURVE('',#2946,#2947,#321,.T.);
#2183=EDGE_CURVE('',#2947,#2862,#322,.F.);
#2184=EDGE_CURVE('',#2948,#2948,#323,.T.);
#2185=EDGE_CURVE('',#2949,#2949,#324,.T.);
#2186=EDGE_CURVE('',#2950,#2950,#325,.T.);
#2187=EDGE_CURVE('',#2951,#2951,#326,.T.);
#2188=EDGE_CURVE('',#2952,#2952,#327,.F.);
#2189=EDGE_CURVE('',#2953,#2953,#328,.T.);
#2190=EDGE_CURVE('',#2954,#2954,#329,.T.);
#2191=EDGE_CURVE('',#2955,#2956,#3404,.T.);
#2192=EDGE_CURVE('',#2955,#2957,#330,.F.);
#2193=EDGE_CURVE('',#2958,#2957,#3405,.T.);
#2194=EDGE_CURVE('',#2958,#2959,#331,.F.);
#2195=EDGE_CURVE('',#2960,#2959,#3406,.T.);
#2196=EDGE_CURVE('',#2960,#2961,#332,.T.);
#2197=EDGE_CURVE('',#2962,#2961,#3407,.T.);
#2198=EDGE_CURVE('',#2962,#2963,#333,.T.);
#2199=EDGE_CURVE('',#2964,#2963,#3408,.T.);
#2200=EDGE_CURVE('',#2964,#2965,#334,.F.);
#2201=EDGE_CURVE('',#2966,#2965,#3409,.T.);
#2202=EDGE_CURVE('',#2967,#2966,#3410,.T.);
#2203=EDGE_CURVE('',#2968,#2967,#3411,.T.);
#2204=EDGE_CURVE('',#2968,#2969,#3412,.T.);
#2205=EDGE_CURVE('',#2969,#2970,#3413,.T.);
#2206=EDGE_CURVE('',#2971,#2970,#3414,.T.);
#2207=EDGE_CURVE('',#2972,#2971,#3415,.T.);
#2208=EDGE_CURVE('',#2972,#2973,#335,.F.);
#2209=EDGE_CURVE('',#2974,#2973,#3416,.T.);
#2210=EDGE_CURVE('',#2974,#2975,#336,.T.);
#2211=EDGE_CURVE('',#2976,#2975,#3417,.T.);
#2212=EDGE_CURVE('',#2976,#2956,#337,.T.);
#2213=EDGE_CURVE('',#2977,#2977,#338,.F.);
#2214=EDGE_CURVE('',#2914,#2978,#3418,.T.);
#2215=EDGE_CURVE('',#2978,#2979,#3419,.T.);
#2216=EDGE_CURVE('',#2966,#2979,#3420,.T.);
#2217=EDGE_CURVE('',#2965,#2915,#3421,.F.);
#2218=EDGE_CURVE('',#2980,#2981,#3422,.T.);
#2219=EDGE_CURVE('',#2981,#2865,#3423,.F.);
#2220=EDGE_CURVE('',#2864,#2972,#3424,.T.);
#2221=EDGE_CURVE('',#2980,#2971,#3425,.T.);
#2222=EDGE_CURVE('',#2926,#2976,#3426,.T.);
#2223=EDGE_CURVE('',#2975,#2927,#3427,.F.);
#2224=EDGE_CURVE('',#2982,#2983,#3428,.T.);
#2225=EDGE_CURVE('',#2982,#2911,#3429,.F.);
#2226=EDGE_CURVE('',#2983,#2910,#3430,.T.);
#2227=EDGE_CURVE('',#2961,#2919,#3431,.F.);
#2228=EDGE_CURVE('',#2918,#2962,#3432,.T.);
#2229=EDGE_CURVE('',#2984,#2984,#339,.T.);
#2230=EDGE_CURVE('',#2985,#2985,#340,.T.);
#2231=EDGE_CURVE('',#2986,#2986,#341,.T.);
#2232=EDGE_CURVE('',#2987,#2988,#169,.T.);
#2233=EDGE_CURVE('',#2988,#2989,#3433,.F.);
#2234=EDGE_CURVE('',#2989,#2990,#170,.T.);
#2235=EDGE_CURVE('',#2990,#2991,#3434,.F.);
#2236=EDGE_CURVE('',#2991,#2992,#171,.T.);
#2237=EDGE_CURVE('',#2992,#2987,#3435,.T.);
#2238=EDGE_CURVE('',#2993,#2994,#342,.T.);
#2239=EDGE_CURVE('',#2994,#2995,#343,.T.);
#2240=EDGE_CURVE('',#2996,#2995,#3436,.T.);
#2241=EDGE_CURVE('',#2996,#2997,#3437,.T.);
#2242=EDGE_CURVE('',#2997,#2979,#3438,.T.);
#2243=EDGE_CURVE('',#2978,#2998,#344,.F.);
#2244=EDGE_CURVE('',#2999,#2998,#3439,.T.);
#2245=EDGE_CURVE('',#2999,#2982,#345,.T.);
#2246=EDGE_CURVE('',#3000,#2983,#3440,.T.);
#2247=EDGE_CURVE('',#3000,#3001,#346,.F.);
#2248=EDGE_CURVE('',#3002,#3001,#3441,.T.);
#2249=EDGE_CURVE('',#3002,#3003,#347,.T.);
#2250=EDGE_CURVE('',#3004,#3003,#3442,.T.);
#2251=EDGE_CURVE('',#3005,#3004,#3443,.T.);
#2252=EDGE_CURVE('',#3005,#3006,#348,.T.);
#2253=EDGE_CURVE('',#3007,#3006,#3444,.T.);
#2254=EDGE_CURVE('',#3007,#3008,#349,.T.);
#2255=EDGE_CURVE('',#3009,#3008,#3445,.T.);
#2256=EDGE_CURVE('',#3010,#3009,#3446,.T.);
#2257=EDGE_CURVE('',#3010,#3011,#350,.T.);
#2258=EDGE_CURVE('',#3012,#3011,#3447,.T.);
#2259=EDGE_CURVE('',#3012,#3013,#351,.F.);
#2260=EDGE_CURVE('',#3014,#3013,#3448,.T.);
#2261=EDGE_CURVE('',#3014,#3015,#352,.F.);
#2262=EDGE_CURVE('',#3016,#3015,#3449,.T.);
#2263=EDGE_CURVE('',#3016,#3017,#353,.T.);
#2264=EDGE_CURVE('',#3018,#3017,#3450,.T.);
#2265=EDGE_CURVE('',#3018,#3019,#3451,.T.);
#2266=EDGE_CURVE('',#3019,#3020,#354,.T.);
#2267=EDGE_CURVE('',#3020,#3021,#3452,.T.);
#2268=EDGE_CURVE('',#3021,#3022,#355,.T.);
#2269=EDGE_CURVE('',#3022,#3023,#3453,.T.);
#2270=EDGE_CURVE('',#3024,#3023,#3454,.T.);
#2271=EDGE_CURVE('',#3024,#3025,#356,.T.);
#2272=EDGE_CURVE('',#3026,#3025,#3455,.T.);
#2273=EDGE_CURVE('',#3026,#3027,#357,.F.);
#2274=EDGE_CURVE('',#3028,#3027,#3456,.T.);
#2275=EDGE_CURVE('',#3029,#3028,#3457,.T.);
#2276=EDGE_CURVE('',#3029,#3030,#358,.F.);
#2277=EDGE_CURVE('',#3031,#3030,#3458,.T.);
#2278=EDGE_CURVE('',#3031,#3032,#359,.T.);
#2279=EDGE_CURVE('',#3033,#3032,#3459,.T.);
#2280=EDGE_CURVE('',#3033,#3034,#360,.T.);
#2281=EDGE_CURVE('',#3035,#3034,#3460,.T.);
#2282=EDGE_CURVE('',#3035,#3036,#361,.F.);
#2283=EDGE_CURVE('',#3037,#3036,#3461,.T.);
#2284=EDGE_CURVE('',#3038,#3037,#3462,.T.);
#2285=EDGE_CURVE('',#3039,#3038,#3463,.T.);
#2286=EDGE_CURVE('',#3039,#3040,#362,.T.);
#2287=EDGE_CURVE('',#3041,#3040,#3464,.T.);
#2288=EDGE_CURVE('',#3042,#3041,#3465,.T.);
#2289=EDGE_CURVE('',#3042,#3043,#363,.F.);
#2290=EDGE_CURVE('',#3044,#3043,#3466,.T.);
#2291=EDGE_CURVE('',#3044,#3045,#364,.T.);
#2292=EDGE_CURVE('',#3046,#3045,#3467,.T.);
#2293=EDGE_CURVE('',#3046,#3047,#365,.T.);
#2294=EDGE_CURVE('',#3048,#3047,#3468,.T.);
#2295=EDGE_CURVE('',#3048,#3049,#366,.T.);
#2296=EDGE_CURVE('',#3050,#3049,#3469,.T.);
#2297=EDGE_CURVE('',#3050,#3051,#367,.T.);
#2298=EDGE_CURVE('',#3052,#3051,#3470,.T.);
#2299=EDGE_CURVE('',#3052,#3053,#368,.F.);
#2300=EDGE_CURVE('',#3054,#3053,#3471,.T.);
#2301=EDGE_CURVE('',#3055,#3054,#3472,.T.);
#2302=EDGE_CURVE('',#3055,#3056,#369,.T.);
#2303=EDGE_CURVE('',#3057,#3056,#3473,.T.);
#2304=EDGE_CURVE('',#3058,#3057,#3474,.T.);
#2305=EDGE_CURVE('',#3058,#3059,#3475,.T.);
#2306=EDGE_CURVE('',#3059,#3060,#3476,.T.);
#2307=EDGE_CURVE('',#3060,#3061,#3477,.T.);
#2308=EDGE_CURVE('',#3061,#3062,#3478,.T.);
#2309=EDGE_CURVE('',#3062,#3063,#3479,.T.);
#2310=EDGE_CURVE('',#3063,#3064,#3480,.T.);
#2311=EDGE_CURVE('',#3064,#3065,#3481,.T.);
#2312=EDGE_CURVE('',#3065,#3066,#370,.T.);
#2313=EDGE_CURVE('',#3067,#3066,#3482,.T.);
#2314=EDGE_CURVE('',#3067,#2981,#371,.F.);
#2315=EDGE_CURVE('',#2980,#3068,#3483,.T.);
#2316=EDGE_CURVE('',#3069,#3068,#3484,.T.);
#2317=EDGE_CURVE('',#3070,#3069,#3485,.T.);
#2318=EDGE_CURVE('',#3070,#3071,#372,.T.);
#2319=EDGE_CURVE('',#3071,#3072,#373,.T.);
#2320=EDGE_CURVE('',#3072,#3073,#374,.T.);
#2321=EDGE_CURVE('',#3073,#3074,#375,.T.);
#2322=EDGE_CURVE('',#3074,#3075,#376,.T.);
#2323=EDGE_CURVE('',#3076,#3075,#3486,.T.);
#2324=EDGE_CURVE('',#3076,#3077,#377,.T.);
#2325=EDGE_CURVE('',#3077,#3078,#378,.T.);
#2326=EDGE_CURVE('',#3078,#2993,#379,.T.);
#2327=EDGE_CURVE('',#2897,#3024,#3487,.F.);
#2328=EDGE_CURVE('',#3079,#3023,#3488,.T.);
#2329=EDGE_CURVE('',#3080,#3079,#3489,.T.);
#2330=EDGE_CURVE('',#3080,#3018,#3490,.T.);
#2331=EDGE_CURVE('',#3017,#2898,#3491,.T.);
#2332=EDGE_CURVE('',#2901,#3014,#3492,.F.);
#2333=EDGE_CURVE('',#3013,#2902,#3493,.T.);
#2334=EDGE_CURVE('',#3036,#2885,#3494,.T.);
#2335=EDGE_CURVE('',#3037,#2884,#3495,.T.);
#2336=EDGE_CURVE('',#3081,#3081,#380,.T.);
#2337=EDGE_CURVE('',#3082,#3082,#381,.F.);
#2338=EDGE_CURVE('',#3083,#3083,#382,.T.);
#2339=EDGE_CURVE('',#3084,#3084,#383,.F.);
#2340=EDGE_CURVE('',#3085,#3085,#384,.T.);
#2341=EDGE_CURVE('',#3086,#3086,#385,.F.);
#2342=EDGE_CURVE('',#3087,#3088,#172,.F.);
#2343=EDGE_CURVE('',#3087,#3088,#237,.T.);
#2344=EDGE_CURVE('',#3089,#3089,#386,.T.);
#2345=EDGE_CURVE('',#3090,#3090,#387,.T.);
#2346=EDGE_CURVE('',#3091,#3092,#3496,.T.);
#2347=EDGE_CURVE('',#3092,#3093,#3497,.T.);
#2348=EDGE_CURVE('',#3093,#3094,#3498,.T.);
#2349=EDGE_CURVE('',#3094,#3091,#3499,.T.);
#2350=EDGE_CURVE('',#2868,#3065,#3500,.T.);
#2351=EDGE_CURVE('',#3064,#3095,#3501,.T.);
#2352=EDGE_CURVE('',#3095,#3096,#3502,.T.);
#2353=EDGE_CURVE('',#3097,#3096,#3503,.T.);
#2354=EDGE_CURVE('',#3098,#3097,#3504,.T.);
#2355=EDGE_CURVE('',#3098,#2869,#173,.T.);
#2356=EDGE_CURVE('',#3099,#3100,#3505,.T.);
#2357=EDGE_CURVE('',#3100,#3101,#174,.T.);
#2358=EDGE_CURVE('',#3102,#3101,#3506,.T.);
#2359=EDGE_CURVE('',#3102,#3103,#175,.F.);
#2360=EDGE_CURVE('',#3103,#3104,#3507,.T.);
#2361=EDGE_CURVE('',#3104,#3105,#176,.F.);
#2362=EDGE_CURVE('',#3106,#3105,#3508,.T.);
#2363=EDGE_CURVE('',#3107,#3106,#177,.T.);
#2364=EDGE_CURVE('',#3107,#3108,#178,.T.);
#2365=EDGE_CURVE('',#3109,#3108,#3509,.T.);
#2366=EDGE_CURVE('',#3109,#3110,#179,.F.);
#2367=EDGE_CURVE('',#3111,#3110,#3510,.T.);
#2368=EDGE_CURVE('',#3111,#3112,#3511,.T.);
#2369=EDGE_CURVE('',#3112,#3099,#3512,.T.);
#2370=EDGE_CURVE('',#3113,#3114,#3513,.T.);
#2371=EDGE_CURVE('',#3114,#3096,#3514,.T.);
#2372=EDGE_CURVE('',#3095,#3113,#3515,.T.);
#2373=EDGE_CURVE('',#3115,#3116,#3516,.T.);
#2374=EDGE_CURVE('',#3115,#3117,#180,.T.);
#2375=EDGE_CURVE('',#3117,#3118,#3517,.T.);
#2376=EDGE_CURVE('',#3118,#3116,#3518,.T.);
#2377=EDGE_CURVE('',#3119,#3120,#3519,.T.);
#2378=EDGE_CURVE('',#3120,#3121,#3520,.T.);
#2379=EDGE_CURVE('',#3121,#3122,#181,.F.);
#2380=EDGE_CURVE('',#3123,#3122,#182,.T.);
#2381=EDGE_CURVE('',#3124,#3123,#3521,.T.);
#2382=EDGE_CURVE('',#3124,#3125,#183,.F.);
#2383=EDGE_CURVE('',#3125,#3126,#3522,.T.);
#2384=EDGE_CURVE('',#3126,#3127,#184,.F.);
#2385=EDGE_CURVE('',#3127,#3128,#3523,.T.);
#2386=EDGE_CURVE('',#3128,#3119,#3524,.T.);
#2387=EDGE_CURVE('',#3118,#3114,#3525,.F.);
#2388=EDGE_CURVE('',#3113,#3128,#3526,.T.);
#2389=EDGE_CURVE('',#3127,#3129,#185,.T.);
#2390=EDGE_CURVE('',#3116,#3129,#3527,.F.);
#2391=EDGE_CURVE('',#3097,#3130,#3528,.T.);
#2392=EDGE_CURVE('',#3131,#3130,#3529,.T.);
#2393=EDGE_CURVE('',#3131,#3098,#3530,.T.);
#2394=EDGE_CURVE('',#3130,#3099,#3531,.T.);
#2395=EDGE_CURVE('',#3112,#3131,#3532,.T.);
#2396=EDGE_CURVE('',#3132,#3133,#3533,.T.);
#2397=EDGE_CURVE('',#3134,#3132,#3534,.T.);
#2398=EDGE_CURVE('',#3134,#3135,#3535,.T.);
#2399=EDGE_CURVE('',#3133,#3135,#3536,.T.);
#2400=EDGE_CURVE('',#3136,#3136,#388,.T.);
#2401=EDGE_CURVE('',#3137,#3137,#389,.T.);
#2402=EDGE_CURVE('',#3138,#3139,#3537,.T.);
#2403=EDGE_CURVE('',#3139,#3140,#390,.F.);
#2404=EDGE_CURVE('',#3141,#3140,#3538,.T.);
#2405=EDGE_CURVE('',#3141,#3142,#391,.T.);
#2406=EDGE_CURVE('',#3142,#3133,#3539,.T.);
#2407=EDGE_CURVE('',#3135,#3143,#3540,.T.);
#2408=EDGE_CURVE('',#3143,#3138,#392,.T.);
#2409=EDGE_CURVE('',#3110,#3144,#186,.F.);
#2410=EDGE_CURVE('',#3144,#3145,#3541,.T.);
#2411=EDGE_CURVE('',#3146,#3145,#3542,.T.);
#2412=EDGE_CURVE('',#3146,#3111,#3543,.T.);
#2413=EDGE_CURVE('',#3147,#3148,#3544,.T.);
#2414=EDGE_CURVE('',#3148,#3149,#187,.T.);
#2415=EDGE_CURVE('',#3150,#3149,#3545,.T.);
#2416=EDGE_CURVE('',#3151,#3150,#3546,.T.);
#2417=EDGE_CURVE('',#3151,#3146,#3547,.T.);
#2418=EDGE_CURVE('',#3145,#3134,#3548,.T.);
#2419=EDGE_CURVE('',#3152,#3132,#3549,.T.);
#2420=EDGE_CURVE('',#3152,#3153,#188,.F.);
#2421=EDGE_CURVE('',#3147,#3153,#3550,.T.);
#2422=EDGE_CURVE('',#3154,#3155,#3551,.T.);
#2423=EDGE_CURVE('',#3154,#3156,#3552,.T.);
#2424=EDGE_CURVE('',#3156,#3157,#3553,.T.);
#2425=EDGE_CURVE('',#3157,#3158,#3554,.T.);
#2426=EDGE_CURVE('',#3158,#3159,#3555,.T.);
#2427=EDGE_CURVE('',#3159,#3155,#3556,.T.);
#2428=EDGE_CURVE('',#3157,#3120,#3557,.T.);
#2429=EDGE_CURVE('',#3119,#3158,#3558,.T.);
#2430=EDGE_CURVE('',#3160,#3160,#189,.T.);
#2431=EDGE_CURVE('',#3161,#3161,#190,.F.);
#2432=EDGE_CURVE('',#3162,#3163,#191,.T.);
#2433=EDGE_CURVE('',#3162,#3164,#192,.F.);
#2434=EDGE_CURVE('',#3165,#3164,#3559,.T.);
#2435=EDGE_CURVE('',#3165,#3163,#193,.T.);
#2436=EDGE_CURVE('',#3166,#3167,#3560,.T.);
#2437=EDGE_CURVE('',#3167,#3168,#194,.T.);
#2438=EDGE_CURVE('',#3169,#3168,#3561,.T.);
#2439=EDGE_CURVE('',#3169,#3170,#3562,.T.);
#2440=EDGE_CURVE('',#3170,#3171,#3563,.T.);
#2441=EDGE_CURVE('',#3171,#3172,#3564,.T.);
#2442=EDGE_CURVE('',#3173,#3172,#3565,.T.);
#2443=EDGE_CURVE('',#3173,#3174,#195,.T.);
#2444=EDGE_CURVE('',#3175,#3174,#3566,.T.);
#2445=EDGE_CURVE('',#3175,#3176,#196,.F.);
#2446=EDGE_CURVE('',#3177,#3176,#3567,.T.);
#2447=EDGE_CURVE('',#3177,#3166,#197,.F.);
#2448=EDGE_CURVE('',#3171,#3060,#3568,.T.);
#2449=EDGE_CURVE('',#3061,#3170,#3569,.T.);
#2450=EDGE_CURVE('',#3171,#3094,#3570,.T.);
#2451=EDGE_CURVE('',#3094,#3060,#3571,.F.);
#2452=EDGE_CURVE('',#3061,#3159,#3572,.F.);
#2453=EDGE_CURVE('',#3159,#3170,#3573,.T.);
#2454=EDGE_CURVE('',#3091,#3059,#3574,.T.);
#2455=EDGE_CURVE('',#3172,#3093,#3575,.F.);
#2456=EDGE_CURVE('',#3155,#3169,#3576,.F.);
#2457=EDGE_CURVE('',#3062,#3158,#3577,.T.);
#2458=EDGE_CURVE('',#3062,#3119,#3578,.F.);
#2459=EDGE_CURVE('',#3063,#3128,#3579,.T.);
#2460=EDGE_CURVE('',#3063,#3113,#3580,.F.);
#2461=EDGE_CURVE('',#3178,#3179,#393,.T.);
#2462=EDGE_CURVE('',#3179,#3180,#238,.F.);
#2463=EDGE_CURVE('',#3180,#3181,#394,.F.);
#2464=EDGE_CURVE('',#3178,#3181,#395,.T.);
#2465=EDGE_CURVE('',#3182,#3181,#396,.T.);
#2466=EDGE_CURVE('',#3182,#3183,#3581,.T.);
#2467=EDGE_CURVE('',#3183,#3184,#397,.F.);
#2468=EDGE_CURVE('',#3184,#3178,#3582,.F.);
#2469=EDGE_CURVE('',#3181,#3185,#398,.F.);
#2470=EDGE_CURVE('',#3185,#3186,#239,.T.);
#2471=EDGE_CURVE('',#3186,#3182,#399,.T.);
#2472=EDGE_CURVE('',#3187,#3188,#400,.F.);
#2473=EDGE_CURVE('',#3187,#3189,#3583,.T.);
#2474=EDGE_CURVE('',#3190,#3189,#198,.T.);
#2475=EDGE_CURVE('',#3190,#3188,#3584,.F.);
#2476=EDGE_CURVE('',#3191,#3192,#401,.F.);
#2477=EDGE_CURVE('',#3191,#3190,#3585,.T.);
#2478=EDGE_CURVE('',#3189,#3192,#3586,.F.);
#2479=EDGE_CURVE('',#3187,#3193,#402,.T.);
#2480=EDGE_CURVE('',#3193,#3188,#403,.T.);
#2481=EDGE_CURVE('',#3191,#3194,#404,.T.);
#2482=EDGE_CURVE('',#3194,#3192,#405,.T.);
#2483=EDGE_CURVE('',#3178,#3187,#3587,.T.);
#2484=EDGE_CURVE('',#3193,#3179,#3588,.F.);
#2485=EDGE_CURVE('',#3195,#3196,#240,.F.);
#2486=EDGE_CURVE('',#3197,#3195,#406,.T.);
#2487=EDGE_CURVE('',#3198,#3197,#241,.T.);
#2488=EDGE_CURVE('',#3198,#3199,#407,.F.);
#2489=EDGE_CURVE('',#3200,#3199,#408,.F.);
#2490=EDGE_CURVE('',#3200,#3193,#409,.T.);
#2491=EDGE_CURVE('',#3188,#3196,#410,.F.);
#2492=EDGE_CURVE('',#3201,#3202,#411,.F.);
#2493=EDGE_CURVE('',#3201,#3191,#3589,.T.);
#2494=EDGE_CURVE('',#3194,#3202,#3590,.F.);
#2495=EDGE_CURVE('',#3192,#3203,#3591,.F.);
#2496=EDGE_CURVE('',#3203,#3204,#199,.T.);
#2497=EDGE_CURVE('',#3204,#3194,#3592,.T.);
#2498=EDGE_CURVE('',#3200,#3205,#412,.T.);
#2499=EDGE_CURVE('',#3205,#3199,#413,.T.);
#2500=EDGE_CURVE('',#3206,#3207,#414,.F.);
#2501=EDGE_CURVE('',#3208,#3206,#415,.T.);
#2502=EDGE_CURVE('',#3208,#3198,#416,.F.);
#2503=EDGE_CURVE('',#3207,#3197,#417,.T.);
#2504=EDGE_CURVE('',#3209,#3195,#418,.F.);
#2505=EDGE_CURVE('',#3209,#3207,#419,.F.);
#2506=EDGE_CURVE('',#3196,#3201,#420,.F.);
#2507=EDGE_CURVE('',#3209,#3202,#421,.F.);
#2508=EDGE_CURVE('',#3186,#3200,#3593,.T.);
#2509=EDGE_CURVE('',#3205,#3182,#3594,.T.);
#2510=EDGE_CURVE('',#3210,#3211,#200,.F.);
#2511=EDGE_CURVE('',#3210,#3205,#3595,.F.);
#2512=EDGE_CURVE('',#3199,#3211,#3596,.T.);
#2513=EDGE_CURVE('',#3212,#3213,#422,.F.);
#2514=EDGE_CURVE('',#3212,#3208,#3597,.F.);
#2515=EDGE_CURVE('',#3206,#3213,#3598,.T.);
#2516=EDGE_CURVE('',#3207,#3214,#3599,.F.);
#2517=EDGE_CURVE('',#3214,#3215,#423,.F.);
#2518=EDGE_CURVE('',#3215,#3206,#3600,.T.);
#2519=EDGE_CURVE('',#3202,#3216,#3601,.T.);
#2520=EDGE_CURVE('',#3216,#3217,#424,.F.);
#2521=EDGE_CURVE('',#3217,#3209,#3602,.T.);
#2522=EDGE_CURVE('',#3218,#3212,#425,.F.);
#2523=EDGE_CURVE('',#3218,#3210,#3603,.F.);
#2524=EDGE_CURVE('',#3211,#3212,#3604,.T.);
#2525=EDGE_CURVE('',#3218,#3213,#426,.T.);
#2526=EDGE_CURVE('',#3213,#3219,#3605,.F.);
#2527=EDGE_CURVE('',#3219,#3220,#201,.T.);
#2528=EDGE_CURVE('',#3220,#3218,#3606,.T.);
#2529=EDGE_CURVE('',#3180,#3185,#427,.F.);
#2530=EDGE_CURVE('',#3221,#3221,#428,.T.);
#2531=EDGE_CURVE('',#3222,#3222,#429,.T.);
#2532=EDGE_CURVE('',#3223,#3223,#430,.T.);
#2533=EDGE_CURVE('',#3224,#3224,#431,.T.);
#2534=EDGE_CURVE('',#3225,#3225,#432,.T.);
#2535=EDGE_CURVE('',#3226,#3226,#433,.T.);
#2536=EDGE_CURVE('',#3227,#3227,#434,.T.);
#2537=EDGE_CURVE('',#3228,#3228,#435,.T.);
#2538=EDGE_CURVE('',#3229,#3229,#436,.T.);
#2539=EDGE_CURVE('',#3230,#3230,#437,.T.);
#2540=EDGE_CURVE('',#3231,#3231,#438,.T.);
#2541=EDGE_CURVE('',#3232,#3232,#439,.T.);
#2542=EDGE_CURVE('',#3233,#3233,#440,.T.);
#2543=EDGE_CURVE('',#3234,#3234,#441,.T.);
#2544=EDGE_CURVE('',#3235,#3235,#442,.T.);
#2545=EDGE_CURVE('',#3236,#3236,#443,.T.);
#2546=EDGE_CURVE('',#3237,#3237,#444,.T.);
#2547=EDGE_CURVE('',#3238,#3238,#445,.T.);
#2548=EDGE_CURVE('',#3239,#3239,#446,.T.);
#2549=EDGE_CURVE('',#3240,#3240,#447,.T.);
#2550=EDGE_CURVE('',#3241,#3241,#448,.T.);
#2551=EDGE_CURVE('',#3242,#3242,#449,.T.);
#2552=EDGE_CURVE('',#3243,#3243,#450,.T.);
#2553=EDGE_CURVE('',#3244,#3244,#451,.T.);
#2554=EDGE_CURVE('',#3245,#3245,#452,.T.);
#2555=EDGE_CURVE('',#3246,#3246,#453,.T.);
#2556=EDGE_CURVE('',#3247,#3247,#454,.T.);
#2557=EDGE_CURVE('',#3248,#3248,#455,.T.);
#2558=EDGE_CURVE('',#3249,#3249,#456,.T.);
#2559=EDGE_CURVE('',#3250,#3250,#457,.T.);
#2560=EDGE_CURVE('',#3251,#3251,#458,.T.);
#2561=EDGE_CURVE('',#3252,#3252,#459,.T.);
#2562=EDGE_CURVE('',#3220,#3203,#3607,.T.);
#2563=EDGE_CURVE('',#3184,#3189,#3608,.T.);
#2564=EDGE_CURVE('',#3183,#3210,#3609,.T.);
#2565=EDGE_CURVE('',#3204,#3216,#3610,.T.);
#2566=EDGE_CURVE('',#3215,#3219,#3611,.F.);
#2567=EDGE_CURVE('',#3253,#3253,#202,.F.);
#2568=EDGE_CURVE('',#3254,#3255,#460,.T.);
#2569=EDGE_CURVE('',#3255,#3179,#242,.T.);
#2570=EDGE_CURVE('',#3186,#3254,#243,.F.);
#2571=EDGE_CURVE('',#3217,#3214,#203,.T.);
#2572=EDGE_CURVE('',#2992,#3219,#461,.T.);
#2573=EDGE_CURVE('',#3220,#2991,#462,.T.);
#2574=EDGE_CURVE('',#3203,#2990,#463,.T.);
#2575=EDGE_CURVE('',#2987,#3215,#464,.T.);
#2576=EDGE_CURVE('',#3204,#2989,#465,.T.);
#2577=EDGE_CURVE('',#2987,#3214,#466,.T.);
#2578=EDGE_CURVE('',#3216,#2988,#467,.T.);
#2579=EDGE_CURVE('',#2988,#3217,#468,.T.);
#2580=EDGE_CURVE('',#3254,#3185,#469,.T.);
#2581=EDGE_CURVE('',#3255,#3180,#470,.T.);
#2582=EDGE_CURVE('',#3256,#3257,#3612,.T.);
#2583=EDGE_CURVE('',#3256,#3258,#471,.F.);
#2584=EDGE_CURVE('',#3258,#3259,#3613,.T.);
#2585=EDGE_CURVE('',#3259,#3260,#204,.F.);
#2586=EDGE_CURVE('',#3260,#3257,#205,.F.);
#2587=EDGE_CURVE('',#3257,#3261,#3614,.F.);
#2588=EDGE_CURVE('',#3261,#3262,#3615,.T.);
#2589=EDGE_CURVE('',#3262,#3263,#3616,.F.);
#2590=EDGE_CURVE('',#3264,#3263,#3617,.T.);
#2591=EDGE_CURVE('',#3264,#3256,#3618,.F.);
#2592=EDGE_CURVE('',#3265,#3266,#3619,.T.);
#2593=EDGE_CURVE('',#3266,#3264,#3620,.F.);
#2594=EDGE_CURVE('',#3263,#3267,#206,.T.);
#2595=EDGE_CURVE('',#3267,#3265,#3621,.F.);
#2596=EDGE_CURVE('',#3268,#3268,#472,.T.);
#2597=EDGE_CURVE('',#3269,#3269,#473,.T.);
#2598=EDGE_CURVE('',#3270,#3271,#3622,.T.);
#2599=EDGE_CURVE('',#3271,#3272,#3623,.T.);
#2600=EDGE_CURVE('',#3272,#3273,#474,.F.);
#2601=EDGE_CURVE('',#3274,#3273,#3624,.T.);
#2602=EDGE_CURVE('',#3274,#3275,#475,.F.);
#2603=EDGE_CURVE('',#3275,#3276,#3625,.T.);
#2604=EDGE_CURVE('',#3276,#3277,#476,.T.);
#2605=EDGE_CURVE('',#3278,#3277,#3626,.T.);
#2606=EDGE_CURVE('',#3278,#3270,#477,.T.);
#2607=EDGE_CURVE('',#3279,#3150,#3627,.T.);
#2608=EDGE_CURVE('',#3280,#3279,#3628,.T.);
#2609=EDGE_CURVE('',#3280,#3151,#3629,.T.);
#2610=EDGE_CURVE('',#3281,#3279,#3630,.T.);
#2611=EDGE_CURVE('',#3281,#3282,#207,.T.);
#2612=EDGE_CURVE('',#3282,#3283,#3631,.T.);
#2613=EDGE_CURVE('',#3283,#3284,#208,.F.);
#2614=EDGE_CURVE('',#3285,#3284,#3632,.T.);
#2615=EDGE_CURVE('',#3285,#3286,#209,.F.);
#2616=EDGE_CURVE('',#3287,#3286,#3633,.T.);
#2617=EDGE_CURVE('',#3287,#3288,#210,.T.);
#2618=EDGE_CURVE('',#3289,#3288,#3634,.T.);
#2619=EDGE_CURVE('',#3290,#3289,#3635,.T.);
#2620=EDGE_CURVE('',#3290,#3280,#3636,.T.);
#2621=EDGE_CURVE('',#3289,#3291,#3637,.T.);
#2622=EDGE_CURVE('',#3292,#3291,#3638,.T.);
#2623=EDGE_CURVE('',#3292,#3290,#211,.F.);
#2624=EDGE_CURVE('',#3293,#3293,#478,.T.);
#2625=EDGE_CURVE('',#3294,#3294,#479,.T.);
#2626=EDGE_CURVE('',#3291,#3295,#3639,.T.);
#2627=EDGE_CURVE('',#2877,#3295,#3640,.T.);
#2628=EDGE_CURVE('',#2876,#3292,#212,.F.);
#2629=EDGE_CURVE('',#3280,#2875,#213,.T.);
#2630=EDGE_CURVE('',#3151,#2874,#214,.T.);
#2631=EDGE_CURVE('',#3146,#2873,#215,.T.);
#2632=EDGE_CURVE('',#3111,#2872,#216,.T.);
#2633=EDGE_CURVE('',#3112,#2871,#217,.T.);
#2634=EDGE_CURVE('',#3131,#2870,#218,.T.);
#2635=EDGE_CURVE('',#3296,#3297,#3641,.T.);
#2636=EDGE_CURVE('',#3296,#3148,#3642,.F.);
#2637=EDGE_CURVE('',#3297,#3147,#3643,.T.);
#2638=EDGE_CURVE('',#3138,#3109,#3644,.F.);
#2639=EDGE_CURVE('',#3144,#3143,#3645,.T.);
#2640=EDGE_CURVE('',#3297,#3298,#3646,.T.);
#2641=EDGE_CURVE('',#3298,#3296,#480,.F.);
#2642=EDGE_CURVE('',#3122,#3260,#244,.T.);
#2643=EDGE_CURVE('',#3260,#3162,#245,.F.);
#2644=EDGE_CURVE('',#3163,#3107,#3647,.F.);
#2645=EDGE_CURVE('',#3106,#3123,#3648,.T.);
#2646=EDGE_CURVE('',#2909,#3000,#3649,.F.);
#2647=EDGE_CURVE('',#3027,#2894,#3650,.T.);
#2648=EDGE_CURVE('',#3028,#2893,#3651,.T.);
#2649=EDGE_CURVE('',#2892,#3029,#3652,.F.);
#2650=EDGE_CURVE('',#3038,#2883,#3653,.T.);
#2651=EDGE_CURVE('',#3058,#2877,#3654,.T.);
#2652=EDGE_CURVE('',#3057,#2878,#3655,.T.);
#2653=EDGE_CURVE('',#3295,#3092,#3656,.T.);
#2654=EDGE_CURVE('',#2852,#3266,#481,.F.);
#2655=EDGE_CURVE('',#3265,#3154,#482,.T.);
#2656=EDGE_CURVE('',#3168,#3281,#3657,.F.);
#2657=EDGE_CURVE('',#3149,#2853,#3658,.T.);
#2658=EDGE_CURVE('',#3153,#3299,#3659,.T.);
#2659=EDGE_CURVE('',#3299,#2850,#219,.F.);
#2660=EDGE_CURVE('',#2851,#3298,#3660,.F.);
#2661=EDGE_CURVE('',#3142,#3274,#3661,.T.);
#2662=EDGE_CURVE('',#3273,#3152,#3662,.F.);
#2663=EDGE_CURVE('',#3140,#3276,#3663,.T.);
#2664=EDGE_CURVE('',#3275,#3141,#3664,.F.);
#2665=EDGE_CURVE('',#3258,#3278,#246,.T.);
#2666=EDGE_CURVE('',#3277,#3139,#3665,.F.);
#2667=EDGE_CURVE('',#3108,#3165,#3666,.T.);
#2668=EDGE_CURVE('',#3164,#3259,#247,.T.);
#2669=EDGE_CURVE('',#3288,#3173,#3667,.T.);
#2670=EDGE_CURVE('',#3174,#3287,#3668,.F.);
#2671=EDGE_CURVE('',#3286,#3175,#3669,.T.);
#2672=EDGE_CURVE('',#3176,#3285,#3670,.F.);
#2673=EDGE_CURVE('',#3284,#3177,#3671,.T.);
#2674=EDGE_CURVE('',#3282,#3167,#3672,.T.);
#2675=EDGE_CURVE('',#3166,#3283,#3673,.F.);
#2676=EDGE_CURVE('',#3117,#3100,#3674,.F.);
#2677=EDGE_CURVE('',#3101,#3115,#3675,.T.);
#2678=EDGE_CURVE('',#3129,#3102,#3676,.F.);
#2679=EDGE_CURVE('',#3103,#3126,#3677,.T.);
#2680=EDGE_CURVE('',#3125,#3104,#3678,.F.);
#2681=EDGE_CURVE('',#3105,#3124,#3679,.T.);
#2682=EDGE_CURVE('',#3300,#3300,#220,.F.);
#2683=EDGE_CURVE('',#3087,#3088,#483,.T.);
#2684=EDGE_CURVE('',#3301,#3301,#484,.T.);
#2685=EDGE_CURVE('',#2859,#2855,#485,.T.);
#2686=EDGE_CURVE('',#3302,#3302,#486,.T.);
#2687=EDGE_CURVE('',#3303,#3303,#487,.T.);
#2688=EDGE_CURVE('',#3304,#3304,#488,.T.);
#2689=EDGE_CURVE('',#3305,#3305,#489,.T.);
#2690=EDGE_CURVE('',#3306,#3306,#490,.T.);
#2691=EDGE_CURVE('',#3307,#3307,#491,.T.);
#2692=EDGE_CURVE('',#2903,#3012,#3680,.F.);
#2693=EDGE_CURVE('',#3011,#2904,#3681,.T.);
#2694=EDGE_CURVE('',#3001,#2908,#3682,.T.);
#2695=EDGE_CURVE('',#2907,#3002,#3683,.F.);
#2696=EDGE_CURVE('',#3003,#2906,#3684,.T.);
#2697=EDGE_CURVE('',#2905,#3010,#3685,.F.);
#2698=EDGE_CURVE('',#3308,#3009,#3686,.T.);
#2699=EDGE_CURVE('',#3309,#3308,#3687,.T.);
#2700=EDGE_CURVE('',#3309,#3004,#3688,.T.);
#2701=EDGE_CURVE('',#2895,#3026,#3689,.F.);
#2702=EDGE_CURVE('',#3025,#2896,#3690,.T.);
#2703=EDGE_CURVE('',#2899,#3016,#3691,.F.);
#2704=EDGE_CURVE('',#3015,#2900,#3692,.T.);
#2705=EDGE_CURVE('',#3034,#2887,#3693,.T.);
#2706=EDGE_CURVE('',#2886,#3035,#3694,.F.);
#2707=EDGE_CURVE('',#2890,#3031,#3695,.F.);
#2708=EDGE_CURVE('',#3030,#2891,#3696,.T.);
#2709=EDGE_CURVE('',#2888,#3033,#3697,.F.);
#2710=EDGE_CURVE('',#3032,#2889,#3698,.T.);
#2711=EDGE_CURVE('',#3056,#2879,#3699,.T.);
#2712=EDGE_CURVE('',#2882,#3039,#3700,.F.);
#2713=EDGE_CURVE('',#2880,#3055,#3701,.F.);
#2714=EDGE_CURVE('',#3310,#3054,#3702,.T.);
#2715=EDGE_CURVE('',#3311,#3310,#3703,.T.);
#2716=EDGE_CURVE('',#3041,#3311,#3704,.T.);
#2717=EDGE_CURVE('',#3040,#2881,#3705,.T.);
#2718=EDGE_CURVE('',#3053,#3312,#3706,.F.);
#2719=EDGE_CURVE('',#3310,#3312,#3707,.T.);
#2720=EDGE_CURVE('',#3313,#3311,#3708,.T.);
#2721=EDGE_CURVE('',#3313,#3042,#3709,.T.);
#2722=EDGE_CURVE('',#3314,#3315,#3710,.T.);
#2723=EDGE_CURVE('',#3314,#3044,#3711,.T.);
#2724=EDGE_CURVE('',#3043,#3315,#3712,.F.);
#2725=EDGE_CURVE('',#3316,#3317,#3713,.T.);
#2726=EDGE_CURVE('',#3316,#3046,#3714,.T.);
#2727=EDGE_CURVE('',#3045,#3317,#3715,.F.);
#2728=EDGE_CURVE('',#3318,#3319,#3716,.T.);
#2729=EDGE_CURVE('',#3318,#3048,#3717,.T.);
#2730=EDGE_CURVE('',#3047,#3319,#3718,.F.);
#2731=EDGE_CURVE('',#3320,#3321,#3719,.T.);
#2732=EDGE_CURVE('',#3320,#3050,#3720,.T.);
#2733=EDGE_CURVE('',#3049,#3321,#3721,.F.);
#2734=EDGE_CURVE('',#3051,#3322,#3722,.F.);
#2735=EDGE_CURVE('',#3323,#3322,#3723,.T.);
#2736=EDGE_CURVE('',#3323,#3052,#3724,.T.);
#2737=EDGE_CURVE('',#3324,#3324,#492,.T.);
#2738=EDGE_CURVE('',#3322,#3320,#493,.F.);
#2739=EDGE_CURVE('',#3321,#3318,#494,.F.);
#2740=EDGE_CURVE('',#3319,#3316,#495,.F.);
#2741=EDGE_CURVE('',#3317,#3314,#496,.F.);
#2742=EDGE_CURVE('',#3315,#3313,#497,.T.);
#2743=EDGE_CURVE('',#3312,#3323,#498,.T.);
#2744=EDGE_CURVE('',#3080,#3325,#3725,.T.);
#2745=EDGE_CURVE('',#3325,#3019,#3726,.T.);
#2746=EDGE_CURVE('',#3020,#3326,#3727,.F.);
#2747=EDGE_CURVE('',#3326,#3327,#3728,.T.);
#2748=EDGE_CURVE('',#3327,#3021,#3729,.T.);
#2749=EDGE_CURVE('',#3022,#3328,#3730,.F.);
#2750=EDGE_CURVE('',#3328,#3079,#3731,.T.);
#2751=EDGE_CURVE('',#3329,#3329,#499,.T.);
#2752=EDGE_CURVE('',#3326,#3325,#500,.F.);
#2753=EDGE_CURVE('',#3328,#3327,#501,.F.);
#2754=EDGE_CURVE('',#3330,#3309,#3732,.T.);
#2755=EDGE_CURVE('',#3330,#3005,#3733,.T.);
#2756=EDGE_CURVE('',#3006,#3331,#3734,.F.);
#2757=EDGE_CURVE('',#3332,#3331,#3735,.T.);
#2758=EDGE_CURVE('',#3332,#3007,#3736,.T.);
#2759=EDGE_CURVE('',#3008,#3333,#3737,.F.);
#2760=EDGE_CURVE('',#3308,#3333,#3738,.T.);
#2761=EDGE_CURVE('',#3334,#3334,#502,.T.);
#2762=EDGE_CURVE('',#3331,#3330,#503,.F.);
#2763=EDGE_CURVE('',#3333,#3332,#504,.F.);
#2764=EDGE_CURVE('',#3335,#3335,#505,.T.);
#2765=EDGE_CURVE('',#3336,#3336,#506,.T.);
#2766=EDGE_CURVE('',#3337,#3337,#507,.T.);
#2767=EDGE_CURVE('',#3338,#3338,#508,.T.);
#2768=EDGE_CURVE('',#3339,#3339,#509,.T.);
#2769=EDGE_CURVE('',#3340,#3340,#510,.T.);
#2770=EDGE_CURVE('',#2959,#2921,#3739,.F.);
#2771=EDGE_CURVE('',#2920,#2960,#3740,.T.);
#2772=EDGE_CURVE('',#2957,#2923,#3741,.F.);
#2773=EDGE_CURVE('',#2922,#2958,#3742,.T.);
#2774=EDGE_CURVE('',#2924,#2955,#3743,.T.);
#2775=EDGE_CURVE('',#2956,#2925,#3744,.F.);
#2776=EDGE_CURVE('',#2998,#2913,#3745,.F.);
#2777=EDGE_CURVE('',#2912,#2999,#3746,.T.);
#2778=EDGE_CURVE('',#2916,#2964,#3747,.T.);
#2779=EDGE_CURVE('',#2963,#2917,#3748,.F.);
#2780=EDGE_CURVE('',#3066,#2867,#3749,.F.);
#2781=EDGE_CURVE('',#2866,#3067,#3750,.T.);
#2782=EDGE_CURVE('',#2973,#2929,#3751,.F.);
#2783=EDGE_CURVE('',#2928,#2974,#3752,.T.);
#2784=EDGE_CURVE('',#2967,#2997,#3753,.T.);
#2785=EDGE_CURVE('',#2970,#3068,#3754,.T.);
#2786=EDGE_CURVE('',#2969,#3069,#3755,.T.);
#2787=EDGE_CURVE('',#2995,#3076,#248,.T.);
#2788=EDGE_CURVE('',#3075,#3070,#249,.T.);
#2789=EDGE_CURVE('',#2968,#2996,#3756,.T.);
#2790=EDGE_CURVE('',#2947,#3341,#3757,.T.);
#2791=EDGE_CURVE('',#3341,#3342,#511,.F.);
#2792=EDGE_CURVE('',#3342,#2940,#3758,.F.);
#2793=EDGE_CURVE('',#3343,#3344,#512,.F.);
#2794=EDGE_CURVE('',#3344,#2946,#3759,.F.);
#2795=EDGE_CURVE('',#2945,#3343,#3760,.T.);
#2796=EDGE_CURVE('',#3345,#3346,#513,.F.);
#2797=EDGE_CURVE('',#3346,#2944,#3761,.F.);
#2798=EDGE_CURVE('',#2943,#3345,#3762,.T.);
#2799=EDGE_CURVE('',#2941,#3347,#3763,.T.);
#2800=EDGE_CURVE('',#3347,#3348,#514,.F.);
#2801=EDGE_CURVE('',#3348,#2942,#3764,.F.);
#2802=EDGE_CURVE('',#2855,#2859,#515,.T.);
#2803=EDGE_CURVE('',#3349,#3350,#516,.F.);
#2804=EDGE_CURVE('',#3350,#2932,#3765,.F.);
#2805=EDGE_CURVE('',#2939,#3349,#3766,.T.);
#2806=EDGE_CURVE('',#3351,#3352,#517,.F.);
#2807=EDGE_CURVE('',#3352,#2938,#3767,.F.);
#2808=EDGE_CURVE('',#2937,#3351,#3768,.T.);
#2809=EDGE_CURVE('',#3353,#3354,#518,.F.);
#2810=EDGE_CURVE('',#3354,#2936,#3769,.F.);
#2811=EDGE_CURVE('',#2935,#3353,#3770,.T.);
#2812=EDGE_CURVE('',#2933,#3355,#3771,.T.);
#2813=EDGE_CURVE('',#3355,#3356,#519,.F.);
#2814=EDGE_CURVE('',#3356,#2934,#3772,.F.);
#2815=EDGE_CURVE('',#3272,#3299,#250,.T.);
#2816=EDGE_CURVE('',#3270,#3256,#520,.T.);
#2817=EDGE_CURVE('',#3271,#3264,#221,.F.);
#2818=EDGE_CURVE('',#3257,#3121,#251,.F.);
#2819=EDGE_CURVE('',#3261,#3120,#252,.F.);
#2820=EDGE_CURVE('',#3262,#3157,#222,.F.);
#2821=EDGE_CURVE('',#3267,#3156,#223,.T.);
#2822=EDGE_CURVE('',#3355,#3350,#521,.T.);
#2823=EDGE_CURVE('',#3356,#3077,#522,.T.);
#2824=EDGE_CURVE('',#3078,#3355,#523,.T.);
#2825=EDGE_CURVE('',#3353,#3356,#524,.T.);
#2826=EDGE_CURVE('',#3078,#3350,#525,.F.);
#2827=EDGE_CURVE('',#3353,#3077,#526,.F.);
#2828=EDGE_CURVE('',#3349,#3352,#527,.T.);
#2829=EDGE_CURVE('',#2993,#3349,#528,.T.);
#2830=EDGE_CURVE('',#3354,#2994,#529,.T.);
#2831=EDGE_CURVE('',#3351,#3354,#530,.T.);
#2832=EDGE_CURVE('',#2993,#3352,#531,.F.);
#2833=EDGE_CURVE('',#3351,#2994,#532,.F.);
#2834=EDGE_CURVE('',#3345,#3348,#533,.T.);
#2835=EDGE_CURVE('',#3346,#3074,#534,.T.);
#2836=EDGE_CURVE('',#3071,#3345,#535,.T.);
#2837=EDGE_CURVE('',#3343,#3346,#536,.T.);
#2838=EDGE_CURVE('',#3071,#3348,#537,.F.);
#2839=EDGE_CURVE('',#3343,#3074,#538,.F.);
#2840=EDGE_CURVE('',#3347,#3342,#539,.T.);
#2841=EDGE_CURVE('',#3072,#3347,#540,.T.);
#2842=EDGE_CURVE('',#3344,#3073,#541,.T.);
#2843=EDGE_CURVE('',#3341,#3344,#542,.T.);
#2844=EDGE_CURVE('',#3072,#3342,#543,.F.);
#2845=EDGE_CURVE('',#3341,#3073,#544,.F.);
#2846=EDGE_CURVE('',#3357,#3357,#545,.T.);
#2847=EDGE_CURVE('',#3358,#3358,#546,.T.);
#2848=EDGE_CURVE('',#3359,#3359,#547,.T.);
#2849=EDGE_CURVE('',#3360,#3360,#548,.T.);
#2850=VERTEX_POINT('',#7866);
#2851=VERTEX_POINT('',#7867);
#2852=VERTEX_POINT('',#7869);
#2853=VERTEX_POINT('',#7871);
#2854=VERTEX_POINT('',#7881);
#2855=VERTEX_POINT('',#7882);
#2856=VERTEX_POINT('',#7884);
#2857=VERTEX_POINT('',#7900);
#2858=VERTEX_POINT('',#7902);
#2859=VERTEX_POINT('',#7910);
#2860=VERTEX_POINT('',#7976);
#2861=VERTEX_POINT('',#7982);
#2862=VERTEX_POINT('',#7983);
#2863=VERTEX_POINT('',#7988);
#2864=VERTEX_POINT('',#7990);
#2865=VERTEX_POINT('',#7991);
#2866=VERTEX_POINT('',#7993);
#2867=VERTEX_POINT('',#7995);
#2868=VERTEX_POINT('',#7997);
#2869=VERTEX_POINT('',#7999);
#2870=VERTEX_POINT('',#8001);
#2871=VERTEX_POINT('',#8003);
#2872=VERTEX_POINT('',#8005);
#2873=VERTEX_POINT('',#8007);
#2874=VERTEX_POINT('',#8009);
#2875=VERTEX_POINT('',#8011);
#2876=VERTEX_POINT('',#8013);
#2877=VERTEX_POINT('',#8015);
#2878=VERTEX_POINT('',#8017);
#2879=VERTEX_POINT('',#8019);
#2880=VERTEX_POINT('',#8021);
#2881=VERTEX_POINT('',#8023);
#2882=VERTEX_POINT('',#8025);
#2883=VERTEX_POINT('',#8027);
#2884=VERTEX_POINT('',#8029);
#2885=VERTEX_POINT('',#8031);
#2886=VERTEX_POINT('',#8033);
#2887=VERTEX_POINT('',#8035);
#2888=VERTEX_POINT('',#8037);
#2889=VERTEX_POINT('',#8039);
#2890=VERTEX_POINT('',#8041);
#2891=VERTEX_POINT('',#8043);
#2892=VERTEX_POINT('',#8045);
#2893=VERTEX_POINT('',#8047);
#2894=VERTEX_POINT('',#8049);
#2895=VERTEX_POINT('',#8051);
#2896=VERTEX_POINT('',#8053);
#2897=VERTEX_POINT('',#8055);
#2898=VERTEX_POINT('',#8057);
#2899=VERTEX_POINT('',#8059);
#2900=VERTEX_POINT('',#8061);
#2901=VERTEX_POINT('',#8063);
#2902=VERTEX_POINT('',#8065);
#2903=VERTEX_POINT('',#8067);
#2904=VERTEX_POINT('',#8069);
#2905=VERTEX_POINT('',#8071);
#2906=VERTEX_POINT('',#8073);
#2907=VERTEX_POINT('',#8075);
#2908=VERTEX_POINT('',#8077);
#2909=VERTEX_POINT('',#8079);
#2910=VERTEX_POINT('',#8081);
#2911=VERTEX_POINT('',#8083);
#2912=VERTEX_POINT('',#8085);
#2913=VERTEX_POINT('',#8087);
#2914=VERTEX_POINT('',#8089);
#2915=VERTEX_POINT('',#8091);
#2916=VERTEX_POINT('',#8093);
#2917=VERTEX_POINT('',#8095);
#2918=VERTEX_POINT('',#8097);
#2919=VERTEX_POINT('',#8099);
#2920=VERTEX_POINT('',#8101);
#2921=VERTEX_POINT('',#8103);
#2922=VERTEX_POINT('',#8105);
#2923=VERTEX_POINT('',#8107);
#2924=VERTEX_POINT('',#8109);
#2925=VERTEX_POINT('',#8111);
#2926=VERTEX_POINT('',#8113);
#2927=VERTEX_POINT('',#8115);
#2928=VERTEX_POINT('',#8117);
#2929=VERTEX_POINT('',#8119);
#2930=VERTEX_POINT('',#8122);
#2931=VERTEX_POINT('',#8124);
#2932=VERTEX_POINT('',#8126);
#2933=VERTEX_POINT('',#8128);
#2934=VERTEX_POINT('',#8130);
#2935=VERTEX_POINT('',#8132);
#2936=VERTEX_POINT('',#8134);
#2937=VERTEX_POINT('',#8136);
#2938=VERTEX_POINT('',#8138);
#2939=VERTEX_POINT('',#8140);
#2940=VERTEX_POINT('',#8143);
#2941=VERTEX_POINT('',#8145);
#2942=VERTEX_POINT('',#8147);
#2943=VERTEX_POINT('',#8149);
#2944=VERTEX_POINT('',#8151);
#2945=VERTEX_POINT('',#8153);
#2946=VERTEX_POINT('',#8155);
#2947=VERTEX_POINT('',#8157);
#2948=VERTEX_POINT('',#8160);
#2949=VERTEX_POINT('',#8162);
#2950=VERTEX_POINT('',#8164);
#2951=VERTEX_POINT('',#8166);
#2952=VERTEX_POINT('',#8168);
#2953=VERTEX_POINT('',#8171);
#2954=VERTEX_POINT('',#8173);
#2955=VERTEX_POINT('',#8175);
#2956=VERTEX_POINT('',#8176);
#2957=VERTEX_POINT('',#8178);
#2958=VERTEX_POINT('',#8180);
#2959=VERTEX_POINT('',#8182);
#2960=VERTEX_POINT('',#8184);
#2961=VERTEX_POINT('',#8186);
#2962=VERTEX_POINT('',#8188);
#2963=VERTEX_POINT('',#8190);
#2964=VERTEX_POINT('',#8192);
#2965=VERTEX_POINT('',#8194);
#2966=VERTEX_POINT('',#8196);
#2967=VERTEX_POINT('',#8198);
#2968=VERTEX_POINT('',#8200);
#2969=VERTEX_POINT('',#8202);
#2970=VERTEX_POINT('',#8204);
#2971=VERTEX_POINT('',#8206);
#2972=VERTEX_POINT('',#8208);
#2973=VERTEX_POINT('',#8210);
#2974=VERTEX_POINT('',#8212);
#2975=VERTEX_POINT('',#8214);
#2976=VERTEX_POINT('',#8216);
#2977=VERTEX_POINT('',#8219);
#2978=VERTEX_POINT('',#8222);
#2979=VERTEX_POINT('',#8224);
#2980=VERTEX_POINT('',#8229);
#2981=VERTEX_POINT('',#8230);
#2982=VERTEX_POINT('',#8239);
#2983=VERTEX_POINT('',#8240);
#2984=VERTEX_POINT('',#8248);
#2985=VERTEX_POINT('',#8250);
#2986=VERTEX_POINT('',#8252);
#2987=VERTEX_POINT('',#8254);
#2988=VERTEX_POINT('',#8255);
#2989=VERTEX_POINT('',#8257);
#2990=VERTEX_POINT('',#8259);
#2991=VERTEX_POINT('',#8261);
#2992=VERTEX_POINT('',#8263);
#2993=VERTEX_POINT('',#8266);
#2994=VERTEX_POINT('',#8267);
#2995=VERTEX_POINT('',#8269);
#2996=VERTEX_POINT('',#8271);
#2997=VERTEX_POINT('',#8273);
#2998=VERTEX_POINT('',#8276);
#2999=VERTEX_POINT('',#8278);
#3000=VERTEX_POINT('',#8281);
#3001=VERTEX_POINT('',#8283);
#3002=VERTEX_POINT('',#8285);
#3003=VERTEX_POINT('',#8287);
#3004=VERTEX_POINT('',#8289);
#3005=VERTEX_POINT('',#8291);
#3006=VERTEX_POINT('',#8293);
#3007=VERTEX_POINT('',#8295);
#3008=VERTEX_POINT('',#8297);
#3009=VERTEX_POINT('',#8299);
#3010=VERTEX_POINT('',#8301);
#3011=VERTEX_POINT('',#8303);
#3012=VERTEX_POINT('',#8305);
#3013=VERTEX_POINT('',#8307);
#3014=VERTEX_POINT('',#8309);
#3015=VERTEX_POINT('',#8311);
#3016=VERTEX_POINT('',#8313);
#3017=VERTEX_POINT('',#8315);
#3018=VERTEX_POINT('',#8317);
#3019=VERTEX_POINT('',#8319);
#3020=VERTEX_POINT('',#8321);
#3021=VERTEX_POINT('',#8323);
#3022=VERTEX_POINT('',#8325);
#3023=VERTEX_POINT('',#8327);
#3024=VERTEX_POINT('',#8329);
#3025=VERTEX_POINT('',#8331);
#3026=VERTEX_POINT('',#8333);
#3027=VERTEX_POINT('',#8335);
#3028=VERTEX_POINT('',#8337);
#3029=VERTEX_POINT('',#8339);
#3030=VERTEX_POINT('',#8341);
#3031=VERTEX_POINT('',#8343);
#3032=VERTEX_POINT('',#8345);
#3033=VERTEX_POINT('',#8347);
#3034=VERTEX_POINT('',#8349);
#3035=VERTEX_POINT('',#8351);
#3036=VERTEX_POINT('',#8353);
#3037=VERTEX_POINT('',#8355);
#3038=VERTEX_POINT('',#8357);
#3039=VERTEX_POINT('',#8359);
#3040=VERTEX_POINT('',#8361);
#3041=VERTEX_POINT('',#8363);
#3042=VERTEX_POINT('',#8365);
#3043=VERTEX_POINT('',#8367);
#3044=VERTEX_POINT('',#8369);
#3045=VERTEX_POINT('',#8371);
#3046=VERTEX_POINT('',#8373);
#3047=VERTEX_POINT('',#8375);
#3048=VERTEX_POINT('',#8377);
#3049=VERTEX_POINT('',#8379);
#3050=VERTEX_POINT('',#8381);
#3051=VERTEX_POINT('',#8383);
#3052=VERTEX_POINT('',#8385);
#3053=VERTEX_POINT('',#8387);
#3054=VERTEX_POINT('',#8389);
#3055=VERTEX_POINT('',#8391);
#3056=VERTEX_POINT('',#8393);
#3057=VERTEX_POINT('',#8395);
#3058=VERTEX_POINT('',#8397);
#3059=VERTEX_POINT('',#8399);
#3060=VERTEX_POINT('',#8401);
#3061=VERTEX_POINT('',#8403);
#3062=VERTEX_POINT('',#8405);
#3063=VERTEX_POINT('',#8407);
#3064=VERTEX_POINT('',#8409);
#3065=VERTEX_POINT('',#8411);
#3066=VERTEX_POINT('',#8413);
#3067=VERTEX_POINT('',#8415);
#3068=VERTEX_POINT('',#8418);
#3069=VERTEX_POINT('',#8420);
#3070=VERTEX_POINT('',#8422);
#3071=VERTEX_POINT('',#8424);
#3072=VERTEX_POINT('',#8426);
#3073=VERTEX_POINT('',#8428);
#3074=VERTEX_POINT('',#8430);
#3075=VERTEX_POINT('',#8432);
#3076=VERTEX_POINT('',#8434);
#3077=VERTEX_POINT('',#8436);
#3078=VERTEX_POINT('',#8438);
#3079=VERTEX_POINT('',#8443);
#3080=VERTEX_POINT('',#8445);
#3081=VERTEX_POINT('',#8456);
#3082=VERTEX_POINT('',#8458);
#3083=VERTEX_POINT('',#8461);
#3084=VERTEX_POINT('',#8463);
#3085=VERTEX_POINT('',#8466);
#3086=VERTEX_POINT('',#8468);
#3087=VERTEX_POINT('',#8471);
#3088=VERTEX_POINT('',#8472);
#3089=VERTEX_POINT('',#8519);
#3090=VERTEX_POINT('',#8521);
#3091=VERTEX_POINT('',#8523);
#3092=VERTEX_POINT('',#8524);
#3093=VERTEX_POINT('',#8526);
#3094=VERTEX_POINT('',#8528);
#3095=VERTEX_POINT('',#8533);
#3096=VERTEX_POINT('',#8535);
#3097=VERTEX_POINT('',#8537);
#3098=VERTEX_POINT('',#8539);
#3099=VERTEX_POINT('',#8543);
#3100=VERTEX_POINT('',#8544);
#3101=VERTEX_POINT('',#8546);
#3102=VERTEX_POINT('',#8548);
#3103=VERTEX_POINT('',#8550);
#3104=VERTEX_POINT('',#8552);
#3105=VERTEX_POINT('',#8554);
#3106=VERTEX_POINT('',#8556);
#3107=VERTEX_POINT('',#8558);
#3108=VERTEX_POINT('',#8560);
#3109=VERTEX_POINT('',#8562);
#3110=VERTEX_POINT('',#8564);
#3111=VERTEX_POINT('',#8566);
#3112=VERTEX_POINT('',#8568);
#3113=VERTEX_POINT('',#8572);
#3114=VERTEX_POINT('',#8573);
#3115=VERTEX_POINT('',#8578);
#3116=VERTEX_POINT('',#8579);
#3117=VERTEX_POINT('',#8581);
#3118=VERTEX_POINT('',#8583);
#3119=VERTEX_POINT('',#8587);
#3120=VERTEX_POINT('',#8588);
#3121=VERTEX_POINT('',#8590);
#3122=VERTEX_POINT('',#8592);
#3123=VERTEX_POINT('',#8594);
#3124=VERTEX_POINT('',#8596);
#3125=VERTEX_POINT('',#8598);
#3126=VERTEX_POINT('',#8600);
#3127=VERTEX_POINT('',#8602);
#3128=VERTEX_POINT('',#8604);
#3129=VERTEX_POINT('',#8610);
#3130=VERTEX_POINT('',#8614);
#3131=VERTEX_POINT('',#8616);
#3132=VERTEX_POINT('',#8623);
#3133=VERTEX_POINT('',#8624);
#3134=VERTEX_POINT('',#8626);
#3135=VERTEX_POINT('',#8628);
#3136=VERTEX_POINT('',#8632);
#3137=VERTEX_POINT('',#8634);
#3138=VERTEX_POINT('',#8636);
#3139=VERTEX_POINT('',#8637);
#3140=VERTEX_POINT('',#8639);
#3141=VERTEX_POINT('',#8641);
#3142=VERTEX_POINT('',#8643);
#3143=VERTEX_POINT('',#8646);
#3144=VERTEX_POINT('',#8650);
#3145=VERTEX_POINT('',#8652);
#3146=VERTEX_POINT('',#8654);
#3147=VERTEX_POINT('',#8658);
#3148=VERTEX_POINT('',#8659);
#3149=VERTEX_POINT('',#8661);
#3150=VERTEX_POINT('',#8663);
#3151=VERTEX_POINT('',#8665);
#3152=VERTEX_POINT('',#8669);
#3153=VERTEX_POINT('',#8671);
#3154=VERTEX_POINT('',#8675);
#3155=VERTEX_POINT('',#8676);
#3156=VERTEX_POINT('',#8678);
#3157=VERTEX_POINT('',#8680);
#3158=VERTEX_POINT('',#8682);
#3159=VERTEX_POINT('',#8684);
#3160=VERTEX_POINT('',#8691);
#3161=VERTEX_POINT('',#8693);
#3162=VERTEX_POINT('',#8696);
#3163=VERTEX_POINT('',#8697);
#3164=VERTEX_POINT('',#8699);
#3165=VERTEX_POINT('',#8701);
#3166=VERTEX_POINT('',#8705);
#3167=VERTEX_POINT('',#8706);
#3168=VERTEX_POINT('',#8708);
#3169=VERTEX_POINT('',#8710);
#3170=VERTEX_POINT('',#8712);
#3171=VERTEX_POINT('',#8714);
#3172=VERTEX_POINT('',#8716);
#3173=VERTEX_POINT('',#8718);
#3174=VERTEX_POINT('',#8720);
#3175=VERTEX_POINT('',#8722);
#3176=VERTEX_POINT('',#8724);
#3177=VERTEX_POINT('',#8726);
#3178=VERTEX_POINT('',#8754);
#3179=VERTEX_POINT('',#8755);
#3180=VERTEX_POINT('',#8762);
#3181=VERTEX_POINT('',#8764);
#3182=VERTEX_POINT('',#8768);
#3183=VERTEX_POINT('',#8770);
#3184=VERTEX_POINT('',#8772);
#3185=VERTEX_POINT('',#8776);
#3186=VERTEX_POINT('',#8783);
#3187=VERTEX_POINT('',#8787);
#3188=VERTEX_POINT('',#8788);
#3189=VERTEX_POINT('',#8790);
#3190=VERTEX_POINT('',#8792);
#3191=VERTEX_POINT('',#8796);
#3192=VERTEX_POINT('',#8797);
#3193=VERTEX_POINT('',#8802);
#3194=VERTEX_POINT('',#8806);
#3195=VERTEX_POINT('',#8816);
#3196=VERTEX_POINT('',#8817);
#3197=VERTEX_POINT('',#8819);
#3198=VERTEX_POINT('',#8824);
#3199=VERTEX_POINT('',#8826);
#3200=VERTEX_POINT('',#8828);
#3201=VERTEX_POINT('',#8833);
#3202=VERTEX_POINT('',#8834);
#3203=VERTEX_POINT('',#8839);
#3204=VERTEX_POINT('',#8841);
#3205=VERTEX_POINT('',#8845);
#3206=VERTEX_POINT('',#8849);
#3207=VERTEX_POINT('',#8850);
#3208=VERTEX_POINT('',#8852);
#3209=VERTEX_POINT('',#8857);
#3210=VERTEX_POINT('',#8867);
#3211=VERTEX_POINT('',#8868);
#3212=VERTEX_POINT('',#8873);
#3213=VERTEX_POINT('',#8874);
#3214=VERTEX_POINT('',#8879);
#3215=VERTEX_POINT('',#8881);
#3216=VERTEX_POINT('',#8885);
#3217=VERTEX_POINT('',#8887);
#3218=VERTEX_POINT('',#8891);
#3219=VERTEX_POINT('',#8898);
#3220=VERTEX_POINT('',#8900);
#3221=VERTEX_POINT('',#8906);
#3222=VERTEX_POINT('',#8908);
#3223=VERTEX_POINT('',#8911);
#3224=VERTEX_POINT('',#8913);
#3225=VERTEX_POINT('',#8916);
#3226=VERTEX_POINT('',#8918);
#3227=VERTEX_POINT('',#8921);
#3228=VERTEX_POINT('',#8923);
#3229=VERTEX_POINT('',#8926);
#3230=VERTEX_POINT('',#8928);
#3231=VERTEX_POINT('',#8931);
#3232=VERTEX_POINT('',#8933);
#3233=VERTEX_POINT('',#8936);
#3234=VERTEX_POINT('',#8938);
#3235=VERTEX_POINT('',#8941);
#3236=VERTEX_POINT('',#8943);
#3237=VERTEX_POINT('',#8946);
#3238=VERTEX_POINT('',#8949);
#3239=VERTEX_POINT('',#8952);
#3240=VERTEX_POINT('',#8955);
#3241=VERTEX_POINT('',#8958);
#3242=VERTEX_POINT('',#8961);
#3243=VERTEX_POINT('',#8964);
#3244=VERTEX_POINT('',#8967);
#3245=VERTEX_POINT('',#8970);
#3246=VERTEX_POINT('',#8973);
#3247=VERTEX_POINT('',#8976);
#3248=VERTEX_POINT('',#8979);
#3249=VERTEX_POINT('',#8982);
#3250=VERTEX_POINT('',#8985);
#3251=VERTEX_POINT('',#8988);
#3252=VERTEX_POINT('',#8991);
#3253=VERTEX_POINT('',#9002);
#3254=VERTEX_POINT('',#9004);
#3255=VERTEX_POINT('',#9005);
#3256=VERTEX_POINT('',#9226);
#3257=VERTEX_POINT('',#9227);
#3258=VERTEX_POINT('',#9229);
#3259=VERTEX_POINT('',#9231);
#3260=VERTEX_POINT('',#9233);
#3261=VERTEX_POINT('',#9237);
#3262=VERTEX_POINT('',#9239);
#3263=VERTEX_POINT('',#9241);
#3264=VERTEX_POINT('',#9243);
#3265=VERTEX_POINT('',#9247);
#3266=VERTEX_POINT('',#9248);
#3267=VERTEX_POINT('',#9251);
#3268=VERTEX_POINT('',#9255);
#3269=VERTEX_POINT('',#9258);
#3270=VERTEX_POINT('',#9261);
#3271=VERTEX_POINT('',#9262);
#3272=VERTEX_POINT('',#9264);
#3273=VERTEX_POINT('',#9266);
#3274=VERTEX_POINT('',#9268);
#3275=VERTEX_POINT('',#9270);
#3276=VERTEX_POINT('',#9272);
#3277=VERTEX_POINT('',#9274);
#3278=VERTEX_POINT('',#9276);
#3279=VERTEX_POINT('',#9280);
#3280=VERTEX_POINT('',#9282);
#3281=VERTEX_POINT('',#9286);
#3282=VERTEX_POINT('',#9288);
#3283=VERTEX_POINT('',#9290);
#3284=VERTEX_POINT('',#9292);
#3285=VERTEX_POINT('',#9294);
#3286=VERTEX_POINT('',#9296);
#3287=VERTEX_POINT('',#9298);
#3288=VERTEX_POINT('',#9300);
#3289=VERTEX_POINT('',#9302);
#3290=VERTEX_POINT('',#9304);
#3291=VERTEX_POINT('',#9308);
#3292=VERTEX_POINT('',#9310);
#3293=VERTEX_POINT('',#9314);
#3294=VERTEX_POINT('',#9316);
#3295=VERTEX_POINT('',#9318);
#3296=VERTEX_POINT('',#9336);
#3297=VERTEX_POINT('',#9337);
#3298=VERTEX_POINT('',#9346);
#3299=VERTEX_POINT('',#9384);
#3300=VERTEX_POINT('',#9432);
#3301=VERTEX_POINT('',#9436);
#3302=VERTEX_POINT('',#9442);
#3303=VERTEX_POINT('',#9444);
#3304=VERTEX_POINT('',#9448);
#3305=VERTEX_POINT('',#9451);
#3306=VERTEX_POINT('',#9453);
#3307=VERTEX_POINT('',#9457);
#3308=VERTEX_POINT('',#9470);
#3309=VERTEX_POINT('',#9472);
#3310=VERTEX_POINT('',#9496);
#3311=VERTEX_POINT('',#9498);
#3312=VERTEX_POINT('',#9503);
#3313=VERTEX_POINT('',#9507);
#3314=VERTEX_POINT('',#9511);
#3315=VERTEX_POINT('',#9512);
#3316=VERTEX_POINT('',#9517);
#3317=VERTEX_POINT('',#9518);
#3318=VERTEX_POINT('',#9523);
#3319=VERTEX_POINT('',#9524);
#3320=VERTEX_POINT('',#9529);
#3321=VERTEX_POINT('',#9530);
#3322=VERTEX_POINT('',#9535);
#3323=VERTEX_POINT('',#9537);
#3324=VERTEX_POINT('',#9541);
#3325=VERTEX_POINT('',#9550);
#3326=VERTEX_POINT('',#9554);
#3327=VERTEX_POINT('',#9556);
#3328=VERTEX_POINT('',#9560);
#3329=VERTEX_POINT('',#9564);
#3330=VERTEX_POINT('',#9569);
#3331=VERTEX_POINT('',#9573);
#3332=VERTEX_POINT('',#9575);
#3333=VERTEX_POINT('',#9579);
#3334=VERTEX_POINT('',#9583);
#3335=VERTEX_POINT('',#9588);
#3336=VERTEX_POINT('',#9591);
#3337=VERTEX_POINT('',#9594);
#3338=VERTEX_POINT('',#9597);
#3339=VERTEX_POINT('',#9601);
#3340=VERTEX_POINT('',#9605);
#3341=VERTEX_POINT('',#9652);
#3342=VERTEX_POINT('',#9654);
#3343=VERTEX_POINT('',#9658);
#3344=VERTEX_POINT('',#9659);
#3345=VERTEX_POINT('',#9664);
#3346=VERTEX_POINT('',#9665);
#3347=VERTEX_POINT('',#9670);
#3348=VERTEX_POINT('',#9672);
#3349=VERTEX_POINT('',#9678);
#3350=VERTEX_POINT('',#9679);
#3351=VERTEX_POINT('',#9684);
#3352=VERTEX_POINT('',#9685);
#3353=VERTEX_POINT('',#9690);
#3354=VERTEX_POINT('',#9691);
#3355=VERTEX_POINT('',#9696);
#3356=VERTEX_POINT('',#9698);
#3357=VERTEX_POINT('',#9862);
#3358=VERTEX_POINT('',#9865);
#3359=VERTEX_POINT('',#9868);
#3360=VERTEX_POINT('',#9871);
#3361=LINE('',#7865,#3773);
#3362=LINE('',#7868,#3774);
#3363=LINE('',#7870,#3775);
#3364=LINE('',#7989,#3776);
#3365=LINE('',#7994,#3777);
#3366=LINE('',#7998,#3778);
#3367=LINE('',#8000,#3779);
#3368=LINE('',#8002,#3780);
#3369=LINE('',#8004,#3781);
#3370=LINE('',#8006,#3782);
#3371=LINE('',#8008,#3783);
#3372=LINE('',#8010,#3784);
#3373=LINE('',#8012,#3785);
#3374=LINE('',#8014,#3786);
#3375=LINE('',#8016,#3787);
#3376=LINE('',#8018,#3788);
#3377=LINE('',#8022,#3789);
#3378=LINE('',#8026,#3790);
#3379=LINE('',#8028,#3791);
#3380=LINE('',#8030,#3792);
#3381=LINE('',#8034,#3793);
#3382=LINE('',#8038,#3794);
#3383=LINE('',#8042,#3795);
#3384=LINE('',#8046,#3796);
#3385=LINE('',#8048,#3797);
#3386=LINE('',#8052,#3798);
#3387=LINE('',#8056,#3799);
#3388=LINE('',#8060,#3800);
#3389=LINE('',#8064,#3801);
#3390=LINE('',#8068,#3802);
#3391=LINE('',#8072,#3803);
#3392=LINE('',#8076,#3804);
#3393=LINE('',#8080,#3805);
#3394=LINE('',#8082,#3806);
#3395=LINE('',#8086,#3807);
#3396=LINE('',#8090,#3808);
#3397=LINE('',#8094,#3809);
#3398=LINE('',#8098,#3810);
#3399=LINE('',#8102,#3811);
#3400=LINE('',#8106,#3812);
#3401=LINE('',#8110,#3813);
#3402=LINE('',#8114,#3814);
#3403=LINE('',#8118,#3815);
#3404=LINE('',#8174,#3816);
#3405=LINE('',#8179,#3817);
#3406=LINE('',#8183,#3818);
#3407=LINE('',#8187,#3819);
#3408=LINE('',#8191,#3820);
#3409=LINE('',#8195,#3821);
#3410=LINE('',#8197,#3822);
#3411=LINE('',#8199,#3823);
#3412=LINE('',#8201,#3824);
#3413=LINE('',#8203,#3825);
#3414=LINE('',#8205,#3826);
#3415=LINE('',#8207,#3827);
#3416=LINE('',#8211,#3828);
#3417=LINE('',#8215,#3829);
#3418=LINE('',#8221,#3830);
#3419=LINE('',#8223,#3831);
#3420=LINE('',#8225,#3832);
#3421=LINE('',#8226,#3833);
#3422=LINE('',#8228,#3834);
#3423=LINE('',#8231,#3835);
#3424=LINE('',#8232,#3836);
#3425=LINE('',#8233,#3837);
#3426=LINE('',#8235,#3838);
#3427=LINE('',#8236,#3839);
#3428=LINE('',#8238,#3840);
#3429=LINE('',#8241,#3841);
#3430=LINE('',#8242,#3842);
#3431=LINE('',#8244,#3843);
#3432=LINE('',#8245,#3844);
#3433=LINE('',#8256,#3845);
#3434=LINE('',#8260,#3846);
#3435=LINE('',#8264,#3847);
#3436=LINE('',#8270,#3848);
#3437=LINE('',#8272,#3849);
#3438=LINE('',#8274,#3850);
#3439=LINE('',#8277,#3851);
#3440=LINE('',#8280,#3852);
#3441=LINE('',#8284,#3853);
#3442=LINE('',#8288,#3854);
#3443=LINE('',#8290,#3855);
#3444=LINE('',#8294,#3856);
#3445=LINE('',#8298,#3857);
#3446=LINE('',#8300,#3858);
#3447=LINE('',#8304,#3859);
#3448=LINE('',#8308,#3860);
#3449=LINE('',#8312,#3861);
#3450=LINE('',#8316,#3862);
#3451=LINE('',#8318,#3863);
#3452=LINE('',#8322,#3864);
#3453=LINE('',#8326,#3865);
#3454=LINE('',#8328,#3866);
#3455=LINE('',#8332,#3867);
#3456=LINE('',#8336,#3868);
#3457=LINE('',#8338,#3869);
#3458=LINE('',#8342,#3870);
#3459=LINE('',#8346,#3871);
#3460=LINE('',#8350,#3872);
#3461=LINE('',#8354,#3873);
#3462=LINE('',#8356,#3874);
#3463=LINE('',#8358,#3875);
#3464=LINE('',#8362,#3876);
#3465=LINE('',#8364,#3877);
#3466=LINE('',#8368,#3878);
#3467=LINE('',#8372,#3879);
#3468=LINE('',#8376,#3880);
#3469=LINE('',#8380,#3881);
#3470=LINE('',#8384,#3882);
#3471=LINE('',#8388,#3883);
#3472=LINE('',#8390,#3884);
#3473=LINE('',#8394,#3885);
#3474=LINE('',#8396,#3886);
#3475=LINE('',#8398,#3887);
#3476=LINE('',#8400,#3888);
#3477=LINE('',#8402,#3889);
#3478=LINE('',#8404,#3890);
#3479=LINE('',#8406,#3891);
#3480=LINE('',#8408,#3892);
#3481=LINE('',#8410,#3893);
#3482=LINE('',#8414,#3894);
#3483=LINE('',#8417,#3895);
#3484=LINE('',#8419,#3896);
#3485=LINE('',#8421,#3897);
#3486=LINE('',#8433,#3898);
#3487=LINE('',#8441,#3899);
#3488=LINE('',#8442,#3900);
#3489=LINE('',#8444,#3901);
#3490=LINE('',#8446,#3902);
#3491=LINE('',#8447,#3903);
#3492=LINE('',#8449,#3904);
#3493=LINE('',#8450,#3905);
#3494=LINE('',#8452,#3906);
#3495=LINE('',#8453,#3907);
#3496=LINE('',#8522,#3908);
#3497=LINE('',#8525,#3909);
#3498=LINE('',#8527,#3910);
#3499=LINE('',#8529,#3911);
#3500=LINE('',#8531,#3912);
#3501=LINE('',#8532,#3913);
#3502=LINE('',#8534,#3914);
#3503=LINE('',#8536,#3915);
#3504=LINE('',#8538,#3916);
#3505=LINE('',#8542,#3917);
#3506=LINE('',#8547,#3918);
#3507=LINE('',#8551,#3919);
#3508=LINE('',#8555,#3920);
#3509=LINE('',#8561,#3921);
#3510=LINE('',#8565,#3922);
#3511=LINE('',#8567,#3923);
#3512=LINE('',#8569,#3924);
#3513=LINE('',#8571,#3925);
#3514=LINE('',#8574,#3926);
#3515=LINE('',#8575,#3927);
#3516=LINE('',#8577,#3928);
#3517=LINE('',#8582,#3929);
#3518=LINE('',#8584,#3930);
#3519=LINE('',#8586,#3931);
#3520=LINE('',#8589,#3932);
#3521=LINE('',#8595,#3933);
#3522=LINE('',#8599,#3934);
#3523=LINE('',#8603,#3935);
#3524=LINE('',#8605,#3936);
#3525=LINE('',#8607,#3937);
#3526=LINE('',#8608,#3938);
#3527=LINE('',#8611,#3939);
#3528=LINE('',#8613,#3940);
#3529=LINE('',#8615,#3941);
#3530=LINE('',#8617,#3942);
#3531=LINE('',#8619,#3943);
#3532=LINE('',#8620,#3944);
#3533=LINE('',#8622,#3945);
#3534=LINE('',#8625,#3946);
#3535=LINE('',#8627,#3947);
#3536=LINE('',#8629,#3948);
#3537=LINE('',#8635,#3949);
#3538=LINE('',#8640,#3950);
#3539=LINE('',#8644,#3951);
#3540=LINE('',#8645,#3952);
#3541=LINE('',#8651,#3953);
#3542=LINE('',#8653,#3954);
#3543=LINE('',#8655,#3955);
#3544=LINE('',#8657,#3956);
#3545=LINE('',#8662,#3957);
#3546=LINE('',#8664,#3958);
#3547=LINE('',#8666,#3959);
#3548=LINE('',#8667,#3960);
#3549=LINE('',#8668,#3961);
#3550=LINE('',#8672,#3962);
#3551=LINE('',#8674,#3963);
#3552=LINE('',#8677,#3964);
#3553=LINE('',#8679,#3965);
#3554=LINE('',#8681,#3966);
#3555=LINE('',#8683,#3967);
#3556=LINE('',#8685,#3968);
#3557=LINE('',#8687,#3969);
#3558=LINE('',#8688,#3970);
#3559=LINE('',#8700,#3971);
#3560=LINE('',#8704,#3972);
#3561=LINE('',#8709,#3973);
#3562=LINE('',#8711,#3974);
#3563=LINE('',#8713,#3975);
#3564=LINE('',#8715,#3976);
#3565=LINE('',#8717,#3977);
#3566=LINE('',#8721,#3978);
#3567=LINE('',#8725,#3979);
#3568=LINE('',#8729,#3980);
#3569=LINE('',#8730,#3981);
#3570=LINE('',#8732,#3982);
#3571=LINE('',#8733,#3983);
#3572=LINE('',#8735,#3984);
#3573=LINE('',#8736,#3985);
#3574=LINE('',#8738,#3986);
#3575=LINE('',#8740,#3987);
#3576=LINE('',#8742,#3988);
#3577=LINE('',#8744,#3989);
#3578=LINE('',#8746,#3990);
#3579=LINE('',#8748,#3991);
#3580=LINE('',#8750,#3992);
#3581=LINE('',#8769,#3993);
#3582=LINE('',#8773,#3994);
#3583=LINE('',#8789,#3995);
#3584=LINE('',#8793,#3996);
#3585=LINE('',#8798,#3997);
#3586=LINE('',#8799,#3998);
#3587=LINE('',#8809,#3999);
#3588=LINE('',#8810,#4000);
#3589=LINE('',#8835,#4001);
#3590=LINE('',#8836,#4002);
#3591=LINE('',#8838,#4003);
#3592=LINE('',#8842,#4004);
#3593=LINE('',#8863,#4005);
#3594=LINE('',#8864,#4006);
#3595=LINE('',#8869,#4007);
#3596=LINE('',#8870,#4008);
#3597=LINE('',#8875,#4009);
#3598=LINE('',#8876,#4010);
#3599=LINE('',#8878,#4011);
#3600=LINE('',#8882,#4012);
#3601=LINE('',#8884,#4013);
#3602=LINE('',#8888,#4014);
#3603=LINE('',#8892,#4015);
#3604=LINE('',#8893,#4016);
#3605=LINE('',#8897,#4017);
#3606=LINE('',#8901,#4018);
#3607=LINE('',#8993,#4019);
#3608=LINE('',#8994,#4020);
#3609=LINE('',#8995,#4021);
#3610=LINE('',#8997,#4022);
#3611=LINE('',#8999,#4023);
#3612=LINE('',#9225,#4024);
#3613=LINE('',#9230,#4025);
#3614=LINE('',#9236,#4026);
#3615=LINE('',#9238,#4027);
#3616=LINE('',#9240,#4028);
#3617=LINE('',#9242,#4029);
#3618=LINE('',#9244,#4030);
#3619=LINE('',#9246,#4031);
#3620=LINE('',#9249,#4032);
#3621=LINE('',#9252,#4033);
#3622=LINE('',#9260,#4034);
#3623=LINE('',#9263,#4035);
#3624=LINE('',#9267,#4036);
#3625=LINE('',#9271,#4037);
#3626=LINE('',#9275,#4038);
#3627=LINE('',#9279,#4039);
#3628=LINE('',#9281,#4040);
#3629=LINE('',#9283,#4041);
#3630=LINE('',#9285,#4042);
#3631=LINE('',#9289,#4043);
#3632=LINE('',#9293,#4044);
#3633=LINE('',#9297,#4045);
#3634=LINE('',#9301,#4046);
#3635=LINE('',#9303,#4047);
#3636=LINE('',#9305,#4048);
#3637=LINE('',#9307,#4049);
#3638=LINE('',#9309,#4050);
#3639=LINE('',#9317,#4051);
#3640=LINE('',#9319,#4052);
#3641=LINE('',#9335,#4053);
#3642=LINE('',#9338,#4054);
#3643=LINE('',#9339,#4055);
#3644=LINE('',#9341,#4056);
#3645=LINE('',#9342,#4057);
#3646=LINE('',#9345,#4058);
#3647=LINE('',#9361,#4059);
#3648=LINE('',#9362,#4060);
#3649=LINE('',#9364,#4061);
#3650=LINE('',#9366,#4062);
#3651=LINE('',#9367,#4063);
#3652=LINE('',#9369,#4064);
#3653=LINE('',#9371,#4065);
#3654=LINE('',#9373,#4066);
#3655=LINE('',#9374,#4067);
#3656=LINE('',#9376,#4068);
#3657=LINE('',#9380,#4069);
#3658=LINE('',#9381,#4070);
#3659=LINE('',#9383,#4071);
#3660=LINE('',#9386,#4072);
#3661=LINE('',#9388,#4073);
#3662=LINE('',#9389,#4074);
#3663=LINE('',#9391,#4075);
#3664=LINE('',#9392,#4076);
#3665=LINE('',#9399,#4077);
#3666=LINE('',#9400,#4078);
#3667=LINE('',#9407,#4079);
#3668=LINE('',#9409,#4080);
#3669=LINE('',#9410,#4081);
#3670=LINE('',#9412,#4082);
#3671=LINE('',#9413,#4083);
#3672=LINE('',#9415,#4084);
#3673=LINE('',#9416,#4085);
#3674=LINE('',#9418,#4086);
#3675=LINE('',#9420,#4087);
#3676=LINE('',#9421,#4088);
#3677=LINE('',#9423,#4089);
#3678=LINE('',#9424,#4090);
#3679=LINE('',#9426,#4091);
#3680=LINE('',#9461,#4092);
#3681=LINE('',#9462,#4093);
#3682=LINE('',#9464,#4094);
#3683=LINE('',#9465,#4095);
#3684=LINE('',#9467,#4096);
#3685=LINE('',#9468,#4097);
#3686=LINE('',#9469,#4098);
#3687=LINE('',#9471,#4099);
#3688=LINE('',#9473,#4100);
#3689=LINE('',#9475,#4101);
#3690=LINE('',#9476,#4102);
#3691=LINE('',#9478,#4103);
#3692=LINE('',#9479,#4104);
#3693=LINE('',#9481,#4105);
#3694=LINE('',#9482,#4106);
#3695=LINE('',#9484,#4107);
#3696=LINE('',#9485,#4108);
#3697=LINE('',#9487,#4109);
#3698=LINE('',#9488,#4110);
#3699=LINE('',#9490,#4111);
#3700=LINE('',#9492,#4112);
#3701=LINE('',#9494,#4113);
#3702=LINE('',#9495,#4114);
#3703=LINE('',#9497,#4115);
#3704=LINE('',#9499,#4116);
#3705=LINE('',#9500,#4117);
#3706=LINE('',#9502,#4118);
#3707=LINE('',#9504,#4119);
#3708=LINE('',#9506,#4120);
#3709=LINE('',#9508,#4121);
#3710=LINE('',#9510,#4122);
#3711=LINE('',#9513,#4123);
#3712=LINE('',#9514,#4124);
#3713=LINE('',#9516,#4125);
#3714=LINE('',#9519,#4126);
#3715=LINE('',#9520,#4127);
#3716=LINE('',#9522,#4128);
#3717=LINE('',#9525,#4129);
#3718=LINE('',#9526,#4130);
#3719=LINE('',#9528,#4131);
#3720=LINE('',#9531,#4132);
#3721=LINE('',#9532,#4133);
#3722=LINE('',#9534,#4134);
#3723=LINE('',#9536,#4135);
#3724=LINE('',#9538,#4136);
#3725=LINE('',#9549,#4137);
#3726=LINE('',#9551,#4138);
#3727=LINE('',#9553,#4139);
#3728=LINE('',#9555,#4140);
#3729=LINE('',#9557,#4141);
#3730=LINE('',#9559,#4142);
#3731=LINE('',#9561,#4143);
#3732=LINE('',#9568,#4144);
#3733=LINE('',#9570,#4145);
#3734=LINE('',#9572,#4146);
#3735=LINE('',#9574,#4147);
#3736=LINE('',#9576,#4148);
#3737=LINE('',#9578,#4149);
#3738=LINE('',#9580,#4150);
#3739=LINE('',#9608,#4151);
#3740=LINE('',#9609,#4152);
#3741=LINE('',#9611,#4153);
#3742=LINE('',#9612,#4154);
#3743=LINE('',#9614,#4155);
#3744=LINE('',#9615,#4156);
#3745=LINE('',#9617,#4157);
#3746=LINE('',#9618,#4158);
#3747=LINE('',#9620,#4159);
#3748=LINE('',#9621,#4160);
#3749=LINE('',#9623,#4161);
#3750=LINE('',#9624,#4162);
#3751=LINE('',#9626,#4163);
#3752=LINE('',#9627,#4164);
#3753=LINE('',#9629,#4165);
#3754=LINE('',#9631,#4166);
#3755=LINE('',#9633,#4167);
#3756=LINE('',#9645,#4168);
#3757=LINE('',#9651,#4169);
#3758=LINE('',#9655,#4170);
#3759=LINE('',#9660,#4171);
#3760=LINE('',#9661,#4172);
#3761=LINE('',#9666,#4173);
#3762=LINE('',#9667,#4174);
#3763=LINE('',#9669,#4175);
#3764=LINE('',#9673,#4176);
#3765=LINE('',#9680,#4177);
#3766=LINE('',#9681,#4178);
#3767=LINE('',#9686,#4179);
#3768=LINE('',#9687,#4180);
#3769=LINE('',#9692,#4181);
#3770=LINE('',#9693,#4182);
#3771=LINE('',#9695,#4183);
#3772=LINE('',#9699,#4184);
#3773=VECTOR('',#6163,1.);
#3774=VECTOR('',#6164,1.);
#3775=VECTOR('',#6165,1.);
#3776=VECTOR('',#6186,1.);
#3777=VECTOR('',#6189,1.);
#3778=VECTOR('',#6192,1.);
#3779=VECTOR('',#6193,1.);
#3780=VECTOR('',#6194,1.);
#3781=VECTOR('',#6195,1.);
#3782=VECTOR('',#6196,1.);
#3783=VECTOR('',#6197,1.);
#3784=VECTOR('',#6198,1.);
#3785=VECTOR('',#6199,1.);
#3786=VECTOR('',#6200,1.);
#3787=VECTOR('',#6201,1.);
#3788=VECTOR('',#6202,1.);
#3789=VECTOR('',#6205,1.);
#3790=VECTOR('',#6208,1.);
#3791=VECTOR('',#6209,1.);
#3792=VECTOR('',#6210,1.);
#3793=VECTOR('',#6213,1.);
#3794=VECTOR('',#6216,1.);
#3795=VECTOR('',#6219,1.);
#3796=VECTOR('',#6222,1.);
#3797=VECTOR('',#6223,1.);
#3798=VECTOR('',#6226,1.);
#3799=VECTOR('',#6229,1.);
#3800=VECTOR('',#6232,1.);
#3801=VECTOR('',#6235,1.);
#3802=VECTOR('',#6238,1.);
#3803=VECTOR('',#6241,1.);
#3804=VECTOR('',#6244,1.);
#3805=VECTOR('',#6247,1.);
#3806=VECTOR('',#6248,1.);
#3807=VECTOR('',#6251,1.);
#3808=VECTOR('',#6254,1.);
#3809=VECTOR('',#6257,1.);
#3810=VECTOR('',#6260,1.);
#3811=VECTOR('',#6263,1.);
#3812=VECTOR('',#6266,1.);
#3813=VECTOR('',#6269,1.);
#3814=VECTOR('',#6272,1.);
#3815=VECTOR('',#6275,1.);
#3816=VECTOR('',#6334,1.);
#3817=VECTOR('',#6337,1.);
#3818=VECTOR('',#6340,1.);
#3819=VECTOR('',#6343,1.);
#3820=VECTOR('',#6346,1.);
#3821=VECTOR('',#6349,1.);
#3822=VECTOR('',#6350,1.);
#3823=VECTOR('',#6351,1.);
#3824=VECTOR('',#6352,1.);
#3825=VECTOR('',#6353,1.);
#3826=VECTOR('',#6354,1.);
#3827=VECTOR('',#6355,1.);
#3828=VECTOR('',#6358,1.);
#3829=VECTOR('',#6361,1.);
#3830=VECTOR('',#6368,1.);
#3831=VECTOR('',#6369,1.);
#3832=VECTOR('',#6370,1.);
#3833=VECTOR('',#6371,1.);
#3834=VECTOR('',#6374,1.);
#3835=VECTOR('',#6375,1.);
#3836=VECTOR('',#6376,1.);
#3837=VECTOR('',#6377,1.);
#3838=VECTOR('',#6380,1.);
#3839=VECTOR('',#6381,1.);
#3840=VECTOR('',#6384,1.);
#3841=VECTOR('',#6385,1.);
#3842=VECTOR('',#6386,1.);
#3843=VECTOR('',#6389,1.);
#3844=VECTOR('',#6390,1.);
#3845=VECTOR('',#6401,1.);
#3846=VECTOR('',#6404,1.);
#3847=VECTOR('',#6407,1.);
#3848=VECTOR('',#6412,1.);
#3849=VECTOR('',#6413,1.);
#3850=VECTOR('',#6414,1.);
#3851=VECTOR('',#6417,1.);
#3852=VECTOR('',#6420,1.);
#3853=VECTOR('',#6423,1.);
#3854=VECTOR('',#6426,1.);
#3855=VECTOR('',#6427,1.);
#3856=VECTOR('',#6430,1.);
#3857=VECTOR('',#6433,1.);
#3858=VECTOR('',#6434,1.);
#3859=VECTOR('',#6437,1.);
#3860=VECTOR('',#6440,1.);
#3861=VECTOR('',#6443,1.);
#3862=VECTOR('',#6446,1.);
#3863=VECTOR('',#6447,1.);
#3864=VECTOR('',#6450,1.);
#3865=VECTOR('',#6453,1.);
#3866=VECTOR('',#6454,1.);
#3867=VECTOR('',#6457,1.);
#3868=VECTOR('',#6460,1.);
#3869=VECTOR('',#6461,1.);
#3870=VECTOR('',#6464,1.);
#3871=VECTOR('',#6467,1.);
#3872=VECTOR('',#6470,1.);
#3873=VECTOR('',#6473,1.);
#3874=VECTOR('',#6474,1.);
#3875=VECTOR('',#6475,1.);
#3876=VECTOR('',#6478,1.);
#3877=VECTOR('',#6479,1.);
#3878=VECTOR('',#6482,1.);
#3879=VECTOR('',#6485,1.);
#3880=VECTOR('',#6488,1.);
#3881=VECTOR('',#6491,1.);
#3882=VECTOR('',#6494,1.);
#3883=VECTOR('',#6497,1.);
#3884=VECTOR('',#6498,1.);
#3885=VECTOR('',#6501,1.);
#3886=VECTOR('',#6502,1.);
#3887=VECTOR('',#6503,1.);
#3888=VECTOR('',#6504,1.);
#3889=VECTOR('',#6505,1.);
#3890=VECTOR('',#6506,1.);
#3891=VECTOR('',#6507,1.);
#3892=VECTOR('',#6508,1.);
#3893=VECTOR('',#6509,1.);
#3894=VECTOR('',#6512,1.);
#3895=VECTOR('',#6515,1.);
#3896=VECTOR('',#6516,1.);
#3897=VECTOR('',#6517,1.);
#3898=VECTOR('',#6528,1.);
#3899=VECTOR('',#6537,1.);
#3900=VECTOR('',#6538,1.);
#3901=VECTOR('',#6539,1.);
#3902=VECTOR('',#6540,1.);
#3903=VECTOR('',#6541,1.);
#3904=VECTOR('',#6544,1.);
#3905=VECTOR('',#6545,1.);
#3906=VECTOR('',#6548,1.);
#3907=VECTOR('',#6549,1.);
#3908=VECTOR('',#6578,1.);
#3909=VECTOR('',#6579,1.);
#3910=VECTOR('',#6580,1.);
#3911=VECTOR('',#6581,1.);
#3912=VECTOR('',#6584,1.);
#3913=VECTOR('',#6585,1.);
#3914=VECTOR('',#6586,1.);
#3915=VECTOR('',#6587,1.);
#3916=VECTOR('',#6588,1.);
#3917=VECTOR('',#6593,1.);
#3918=VECTOR('',#6596,1.);
#3919=VECTOR('',#6599,1.);
#3920=VECTOR('',#6602,1.);
#3921=VECTOR('',#6607,1.);
#3922=VECTOR('',#6610,1.);
#3923=VECTOR('',#6611,1.);
#3924=VECTOR('',#6612,1.);
#3925=VECTOR('',#6615,1.);
#3926=VECTOR('',#6616,1.);
#3927=VECTOR('',#6617,1.);
#3928=VECTOR('',#6620,1.);
#3929=VECTOR('',#6623,1.);
#3930=VECTOR('',#6624,1.);
#3931=VECTOR('',#6627,1.);
#3932=VECTOR('',#6628,1.);
#3933=VECTOR('',#6633,1.);
#3934=VECTOR('',#6636,1.);
#3935=VECTOR('',#6639,1.);
#3936=VECTOR('',#6640,1.);
#3937=VECTOR('',#6643,1.);
#3938=VECTOR('',#6644,1.);
#3939=VECTOR('',#6647,1.);
#3940=VECTOR('',#6650,1.);
#3941=VECTOR('',#6651,1.);
#3942=VECTOR('',#6652,1.);
#3943=VECTOR('',#6655,1.);
#3944=VECTOR('',#6656,1.);
#3945=VECTOR('',#6659,1.);
#3946=VECTOR('',#6660,1.);
#3947=VECTOR('',#6661,1.);
#3948=VECTOR('',#6662,1.);
#3949=VECTOR('',#6669,1.);
#3950=VECTOR('',#6672,1.);
#3951=VECTOR('',#6675,1.);
#3952=VECTOR('',#6676,1.);
#3953=VECTOR('',#6683,1.);
#3954=VECTOR('',#6684,1.);
#3955=VECTOR('',#6685,1.);
#3956=VECTOR('',#6688,1.);
#3957=VECTOR('',#6691,1.);
#3958=VECTOR('',#6692,1.);
#3959=VECTOR('',#6693,1.);
#3960=VECTOR('',#6694,1.);
#3961=VECTOR('',#6695,1.);
#3962=VECTOR('',#6698,1.);
#3963=VECTOR('',#6701,1.);
#3964=VECTOR('',#6702,1.);
#3965=VECTOR('',#6703,1.);
#3966=VECTOR('',#6704,1.);
#3967=VECTOR('',#6705,1.);
#3968=VECTOR('',#6706,1.);
#3969=VECTOR('',#6709,1.);
#3970=VECTOR('',#6710,1.);
#3971=VECTOR('',#6723,1.);
#3972=VECTOR('',#6728,1.);
#3973=VECTOR('',#6731,1.);
#3974=VECTOR('',#6732,1.);
#3975=VECTOR('',#6733,1.);
#3976=VECTOR('',#6734,1.);
#3977=VECTOR('',#6735,1.);
#3978=VECTOR('',#6738,1.);
#3979=VECTOR('',#6741,1.);
#3980=VECTOR('',#6746,1.);
#3981=VECTOR('',#6747,1.);
#3982=VECTOR('',#6750,1.);
#3983=VECTOR('',#6751,1.);
#3984=VECTOR('',#6754,1.);
#3985=VECTOR('',#6755,1.);
#3986=VECTOR('',#6758,1.);
#3987=VECTOR('',#6761,1.);
#3988=VECTOR('',#6764,1.);
#3989=VECTOR('',#6767,1.);
#3990=VECTOR('',#6770,1.);
#3991=VECTOR('',#6773,1.);
#3992=VECTOR('',#6776,1.);
#3993=VECTOR('',#6791,1.);
#3994=VECTOR('',#6794,1.);
#3995=VECTOR('',#6805,1.);
#3996=VECTOR('',#6808,1.);
#3997=VECTOR('',#6813,1.);
#3998=VECTOR('',#6814,1.);
#3999=VECTOR('',#6829,1.);
#4000=VECTOR('',#6830,1.);
#4001=VECTOR('',#6847,1.);
#4002=VECTOR('',#6848,1.);
#4003=VECTOR('',#6851,1.);
#4004=VECTOR('',#6854,1.);
#4005=VECTOR('',#6885,1.);
#4006=VECTOR('',#6886,1.);
#4007=VECTOR('',#6891,1.);
#4008=VECTOR('',#6892,1.);
#4009=VECTOR('',#6897,1.);
#4010=VECTOR('',#6898,1.);
#4011=VECTOR('',#6901,1.);
#4012=VECTOR('',#6904,1.);
#4013=VECTOR('',#6907,1.);
#4014=VECTOR('',#6910,1.);
#4015=VECTOR('',#6915,1.);
#4016=VECTOR('',#6916,1.);
#4017=VECTOR('',#6923,1.);
#4018=VECTOR('',#6926,1.);
#4019=VECTOR('',#7045,1.);
#4020=VECTOR('',#7046,1.);
#4021=VECTOR('',#7047,1.);
#4022=VECTOR('',#7050,1.);
#4023=VECTOR('',#7053,1.);
#4024=VECTOR('',#7106,1.);
#4025=VECTOR('',#7109,1.);
#4026=VECTOR('',#7116,1.);
#4027=VECTOR('',#7117,1.);
#4028=VECTOR('',#7118,1.);
#4029=VECTOR('',#7119,1.);
#4030=VECTOR('',#7120,1.);
#4031=VECTOR('',#7123,1.);
#4032=VECTOR('',#7124,1.);
#4033=VECTOR('',#7127,1.);
#4034=VECTOR('',#7138,1.);
#4035=VECTOR('',#7139,1.);
#4036=VECTOR('',#7142,1.);
#4037=VECTOR('',#7145,1.);
#4038=VECTOR('',#7148,1.);
#4039=VECTOR('',#7153,1.);
#4040=VECTOR('',#7154,1.);
#4041=VECTOR('',#7155,1.);
#4042=VECTOR('',#7158,1.);
#4043=VECTOR('',#7161,1.);
#4044=VECTOR('',#7164,1.);
#4045=VECTOR('',#7167,1.);
#4046=VECTOR('',#7170,1.);
#4047=VECTOR('',#7171,1.);
#4048=VECTOR('',#7172,1.);
#4049=VECTOR('',#7175,1.);
#4050=VECTOR('',#7176,1.);
#4051=VECTOR('',#7185,1.);
#4052=VECTOR('',#7186,1.);
#4053=VECTOR('',#7217,1.);
#4054=VECTOR('',#7218,1.);
#4055=VECTOR('',#7219,1.);
#4056=VECTOR('',#7222,1.);
#4057=VECTOR('',#7223,1.);
#4058=VECTOR('',#7228,1.);
#4059=VECTOR('',#7233,1.);
#4060=VECTOR('',#7234,1.);
#4061=VECTOR('',#7237,1.);
#4062=VECTOR('',#7240,1.);
#4063=VECTOR('',#7241,1.);
#4064=VECTOR('',#7244,1.);
#4065=VECTOR('',#7247,1.);
#4066=VECTOR('',#7250,1.);
#4067=VECTOR('',#7251,1.);
#4068=VECTOR('',#7254,1.);
#4069=VECTOR('',#7261,1.);
#4070=VECTOR('',#7262,1.);
#4071=VECTOR('',#7265,1.);
#4072=VECTOR('',#7268,1.);
#4073=VECTOR('',#7271,1.);
#4074=VECTOR('',#7272,1.);
#4075=VECTOR('',#7275,1.);
#4076=VECTOR('',#7276,1.);
#4077=VECTOR('',#7279,1.);
#4078=VECTOR('',#7280,1.);
#4079=VECTOR('',#7283,1.);
#4080=VECTOR('',#7286,1.);
#4081=VECTOR('',#7287,1.);
#4082=VECTOR('',#7290,1.);
#4083=VECTOR('',#7291,1.);
#4084=VECTOR('',#7294,1.);
#4085=VECTOR('',#7295,1.);
#4086=VECTOR('',#7298,1.);
#4087=VECTOR('',#7301,1.);
#4088=VECTOR('',#7302,1.);
#4089=VECTOR('',#7305,1.);
#4090=VECTOR('',#7306,1.);
#4091=VECTOR('',#7309,1.);
#4092=VECTOR('',#7362,1.);
#4093=VECTOR('',#7363,1.);
#4094=VECTOR('',#7366,1.);
#4095=VECTOR('',#7367,1.);
#4096=VECTOR('',#7370,1.);
#4097=VECTOR('',#7371,1.);
#4098=VECTOR('',#7372,1.);
#4099=VECTOR('',#7373,1.);
#4100=VECTOR('',#7374,1.);
#4101=VECTOR('',#7377,1.);
#4102=VECTOR('',#7378,1.);
#4103=VECTOR('',#7381,1.);
#4104=VECTOR('',#7382,1.);
#4105=VECTOR('',#7385,1.);
#4106=VECTOR('',#7386,1.);
#4107=VECTOR('',#7389,1.);
#4108=VECTOR('',#7390,1.);
#4109=VECTOR('',#7393,1.);
#4110=VECTOR('',#7394,1.);
#4111=VECTOR('',#7397,1.);
#4112=VECTOR('',#7400,1.);
#4113=VECTOR('',#7403,1.);
#4114=VECTOR('',#7404,1.);
#4115=VECTOR('',#7405,1.);
#4116=VECTOR('',#7406,1.);
#4117=VECTOR('',#7407,1.);
#4118=VECTOR('',#7410,1.);
#4119=VECTOR('',#7411,1.);
#4120=VECTOR('',#7414,1.);
#4121=VECTOR('',#7415,1.);
#4122=VECTOR('',#7418,1.);
#4123=VECTOR('',#7419,1.);
#4124=VECTOR('',#7420,1.);
#4125=VECTOR('',#7423,1.);
#4126=VECTOR('',#7424,1.);
#4127=VECTOR('',#7425,1.);
#4128=VECTOR('',#7428,1.);
#4129=VECTOR('',#7429,1.);
#4130=VECTOR('',#7430,1.);
#4131=VECTOR('',#7433,1.);
#4132=VECTOR('',#7434,1.);
#4133=VECTOR('',#7435,1.);
#4134=VECTOR('',#7438,1.);
#4135=VECTOR('',#7439,1.);
#4136=VECTOR('',#7440,1.);
#4137=VECTOR('',#7459,1.);
#4138=VECTOR('',#7460,1.);
#4139=VECTOR('',#7463,1.);
#4140=VECTOR('',#7464,1.);
#4141=VECTOR('',#7465,1.);
#4142=VECTOR('',#7468,1.);
#4143=VECTOR('',#7469,1.);
#4144=VECTOR('',#7480,1.);
#4145=VECTOR('',#7481,1.);
#4146=VECTOR('',#7484,1.);
#4147=VECTOR('',#7485,1.);
#4148=VECTOR('',#7486,1.);
#4149=VECTOR('',#7489,1.);
#4150=VECTOR('',#7490,1.);
#4151=VECTOR('',#7531,1.);
#4152=VECTOR('',#7532,1.);
#4153=VECTOR('',#7535,1.);
#4154=VECTOR('',#7536,1.);
#4155=VECTOR('',#7539,1.);
#4156=VECTOR('',#7540,1.);
#4157=VECTOR('',#7543,1.);
#4158=VECTOR('',#7544,1.);
#4159=VECTOR('',#7547,1.);
#4160=VECTOR('',#7548,1.);
#4161=VECTOR('',#7551,1.);
#4162=VECTOR('',#7552,1.);
#4163=VECTOR('',#7555,1.);
#4164=VECTOR('',#7556,1.);
#4165=VECTOR('',#7559,1.);
#4166=VECTOR('',#7562,1.);
#4167=VECTOR('',#7565,1.);
#4168=VECTOR('',#7568,1.);
#4169=VECTOR('',#7579,1.);
#4170=VECTOR('',#7582,1.);
#4171=VECTOR('',#7587,1.);
#4172=VECTOR('',#7588,1.);
#4173=VECTOR('',#7593,1.);
#4174=VECTOR('',#7594,1.);
#4175=VECTOR('',#7597,1.);
#4176=VECTOR('',#7600,1.);
#4177=VECTOR('',#7609,1.);
#4178=VECTOR('',#7610,1.);
#4179=VECTOR('',#7615,1.);
#4180=VECTOR('',#7616,1.);
#4181=VECTOR('',#7621,1.);
#4182=VECTOR('',#7622,1.);
#4183=VECTOR('',#7625,1.);
#4184=VECTOR('',#7628,1.);
#4185=EDGE_LOOP('',(#549,#550,#551,#552));
#4186=EDGE_LOOP('',(#553,#554,#555,#556,#557,#558));
#4187=EDGE_LOOP('',(#559));
#4188=EDGE_LOOP('',(#560,#561,#562,#563));
#4189=EDGE_LOOP('',(#564));
#4190=EDGE_LOOP('',(#565,#566,#567,#568,#569,#570,#571,#572,#573,#574,#575,
#576,#577,#578,#579,#580,#581,#582,#583,#584,#585,#586,#587,#588,#589,#590,
#591,#592,#593,#594,#595,#596,#597,#598,#599,#600,#601,#602,#603,#604,#605,
#606,#607,#608,#609,#610,#611,#612,#613,#614,#615,#616,#617,#618,#619,#620,
#621,#622,#623,#624,#625,#626,#627,#628,#629,#630));
#4191=EDGE_LOOP('',(#631));
#4192=EDGE_LOOP('',(#632));
#4193=EDGE_LOOP('',(#633,#634,#635,#636,#637,#638,#639,#640,#641,#642,#643,
#644,#645,#646,#647,#648,#649,#650,#651,#652,#653,#654));
#4194=EDGE_LOOP('',(#655));
#4195=EDGE_LOOP('',(#656));
#4196=EDGE_LOOP('',(#657));
#4197=EDGE_LOOP('',(#658));
#4198=EDGE_LOOP('',(#659));
#4199=EDGE_LOOP('',(#660));
#4200=EDGE_LOOP('',(#661));
#4201=EDGE_LOOP('',(#662,#663,#664,#665,#666,#667,#668,#669,#670,#671,#672,
#673,#674,#675,#676,#677,#678,#679,#680,#681,#682,#683));
#4202=EDGE_LOOP('',(#684));
#4203=EDGE_LOOP('',(#685,#686,#687,#688,#689,#690));
#4204=EDGE_LOOP('',(#691,#692,#693,#694,#695,#696));
#4205=EDGE_LOOP('',(#697,#698,#699,#700));
#4206=EDGE_LOOP('',(#701,#702,#703,#704));
#4207=EDGE_LOOP('',(#705,#706,#707,#708));
#4208=EDGE_LOOP('',(#709));
#4209=EDGE_LOOP('',(#710));
#4210=EDGE_LOOP('',(#711));
#4211=EDGE_LOOP('',(#712,#713,#714,#715,#716,#717));
#4212=EDGE_LOOP('',(#718,#719,#720,#721,#722,#723,#724,#725,#726,#727,#728,
#729,#730,#731,#732,#733,#734,#735,#736,#737,#738,#739,#740,#741,#742,#743,
#744,#745,#746,#747,#748,#749,#750,#751,#752,#753,#754,#755,#756,#757,#758,
#759,#760,#761,#762,#763,#764,#765,#766,#767,#768,#769,#770,#771,#772,#773,
#774,#775,#776,#777,#778,#779,#780,#781,#782,#783,#784,#785,#786,#787,#788,
#789,#790,#791,#792,#793,#794,#795,#796,#797,#798,#799,#800,#801,#802,#803,
#804,#805,#806,#807,#808,#809));
#4213=EDGE_LOOP('',(#810,#811,#812,#813,#814,#815,#816,#817));
#4214=EDGE_LOOP('',(#818,#819,#820,#821));
#4215=EDGE_LOOP('',(#822,#823,#824,#825));
#4216=EDGE_LOOP('',(#826));
#4217=EDGE_LOOP('',(#827));
#4218=EDGE_LOOP('',(#828));
#4219=EDGE_LOOP('',(#829));
#4220=EDGE_LOOP('',(#830));
#4221=EDGE_LOOP('',(#831));
#4222=EDGE_LOOP('',(#832));
#4223=EDGE_LOOP('',(#833,#834));
#4224=EDGE_LOOP('',(#835));
#4225=EDGE_LOOP('',(#836));
#4226=EDGE_LOOP('',(#837,#838,#839,#840));
#4227=EDGE_LOOP('',(#841,#842,#843,#844,#845,#846,#847,#848));
#4228=EDGE_LOOP('',(#849,#850,#851,#852,#853,#854,#855,#856,#857,#858,#859,
#860,#861,#862));
#4229=EDGE_LOOP('',(#863,#864,#865,#866));
#4230=EDGE_LOOP('',(#867,#868,#869,#870));
#4231=EDGE_LOOP('',(#871,#872,#873,#874,#875,#876,#877,#878,#879,#880));
#4232=EDGE_LOOP('',(#881,#882,#883,#884,#885,#886,#887));
#4233=EDGE_LOOP('',(#888,#889,#890,#891));
#4234=EDGE_LOOP('',(#892,#893,#894,#895));
#4235=EDGE_LOOP('',(#896,#897,#898,#899));
#4236=EDGE_LOOP('',(#900));
#4237=EDGE_LOOP('',(#901));
#4238=EDGE_LOOP('',(#902,#903,#904,#905,#906,#907,#908,#909));
#4239=EDGE_LOOP('',(#910,#911,#912,#913,#914));
#4240=EDGE_LOOP('',(#915,#916,#917,#918,#919,#920,#921,#922,#923,#924,#925));
#4241=EDGE_LOOP('',(#926,#927,#928,#929,#930,#931));
#4242=EDGE_LOOP('',(#932,#933,#934,#935));
#4243=EDGE_LOOP('',(#936));
#4244=EDGE_LOOP('',(#937));
#4245=EDGE_LOOP('',(#938,#939,#940,#941));
#4246=EDGE_LOOP('',(#942,#943,#944,#945,#946,#947,#948,#949,#950,#951,#952,
#953));
#4247=EDGE_LOOP('',(#954,#955,#956,#957));
#4248=EDGE_LOOP('',(#958,#959,#960));
#4249=EDGE_LOOP('',(#961,#962,#963));
#4250=EDGE_LOOP('',(#964,#965,#966,#967));
#4251=EDGE_LOOP('',(#968,#969,#970,#971));
#4252=EDGE_LOOP('',(#972,#973,#974,#975));
#4253=EDGE_LOOP('',(#976,#977,#978,#979));
#4254=EDGE_LOOP('',(#980,#981,#982));
#4255=EDGE_LOOP('',(#983,#984,#985,#986));
#4256=EDGE_LOOP('',(#987,#988,#989));
#4257=EDGE_LOOP('',(#990,#991,#992,#993));
#4258=EDGE_LOOP('',(#994,#995,#996,#997));
#4259=EDGE_LOOP('',(#998,#999,#1000,#1001,#1002));
#4260=EDGE_LOOP('',(#1003,#1004,#1005,#1006));
#4261=EDGE_LOOP('',(#1007,#1008,#1009,#1010));
#4262=EDGE_LOOP('',(#1011,#1012,#1013,#1014));
#4263=EDGE_LOOP('',(#1015,#1016,#1017));
#4264=EDGE_LOOP('',(#1018,#1019,#1020));
#4265=EDGE_LOOP('',(#1021,#1022,#1023,#1024));
#4266=EDGE_LOOP('',(#1025,#1026,#1027,#1028,#1029,#1030,#1031,#1032));
#4267=EDGE_LOOP('',(#1033,#1034,#1035,#1036));
#4268=EDGE_LOOP('',(#1037,#1038,#1039,#1040));
#4269=EDGE_LOOP('',(#1041,#1042,#1043));
#4270=EDGE_LOOP('',(#1044,#1045,#1046,#1047,#1048));
#4271=EDGE_LOOP('',(#1049,#1050,#1051,#1052));
#4272=EDGE_LOOP('',(#1053,#1054,#1055,#1056,#1057));
#4273=EDGE_LOOP('',(#1058,#1059,#1060,#1061));
#4274=EDGE_LOOP('',(#1062,#1063,#1064,#1065));
#4275=EDGE_LOOP('',(#1066,#1067,#1068,#1069));
#4276=EDGE_LOOP('',(#1070,#1071,#1072,#1073));
#4277=EDGE_LOOP('',(#1074,#1075,#1076,#1077));
#4278=EDGE_LOOP('',(#1078,#1079,#1080,#1081));
#4279=EDGE_LOOP('',(#1082,#1083,#1084));
#4280=EDGE_LOOP('',(#1085,#1086,#1087,#1088));
#4281=EDGE_LOOP('',(#1089,#1090,#1091));
#4282=EDGE_LOOP('',(#1092));
#4283=EDGE_LOOP('',(#1093));
#4284=EDGE_LOOP('',(#1094));
#4285=EDGE_LOOP('',(#1095));
#4286=EDGE_LOOP('',(#1096));
#4287=EDGE_LOOP('',(#1097));
#4288=EDGE_LOOP('',(#1098));
#4289=EDGE_LOOP('',(#1099));
#4290=EDGE_LOOP('',(#1100));
#4291=EDGE_LOOP('',(#1101));
#4292=EDGE_LOOP('',(#1102));
#4293=EDGE_LOOP('',(#1103));
#4294=EDGE_LOOP('',(#1104));
#4295=EDGE_LOOP('',(#1105));
#4296=EDGE_LOOP('',(#1106));
#4297=EDGE_LOOP('',(#1107));
#4298=EDGE_LOOP('',(#1108));
#4299=EDGE_LOOP('',(#1109));
#4300=EDGE_LOOP('',(#1110));
#4301=EDGE_LOOP('',(#1111));
#4302=EDGE_LOOP('',(#1112));
#4303=EDGE_LOOP('',(#1113));
#4304=EDGE_LOOP('',(#1114));
#4305=EDGE_LOOP('',(#1115));
#4306=EDGE_LOOP('',(#1116));
#4307=EDGE_LOOP('',(#1117));
#4308=EDGE_LOOP('',(#1118));
#4309=EDGE_LOOP('',(#1119));
#4310=EDGE_LOOP('',(#1120));
#4311=EDGE_LOOP('',(#1121));
#4312=EDGE_LOOP('',(#1122));
#4313=EDGE_LOOP('',(#1123));
#4314=EDGE_LOOP('',(#1124));
#4315=EDGE_LOOP('',(#1125));
#4316=EDGE_LOOP('',(#1126));
#4317=EDGE_LOOP('',(#1127));
#4318=EDGE_LOOP('',(#1128));
#4319=EDGE_LOOP('',(#1129));
#4320=EDGE_LOOP('',(#1130));
#4321=EDGE_LOOP('',(#1131));
#4322=EDGE_LOOP('',(#1132));
#4323=EDGE_LOOP('',(#1133));
#4324=EDGE_LOOP('',(#1134));
#4325=EDGE_LOOP('',(#1135));
#4326=EDGE_LOOP('',(#1136));
#4327=EDGE_LOOP('',(#1137));
#4328=EDGE_LOOP('',(#1138));
#4329=EDGE_LOOP('',(#1139));
#4330=EDGE_LOOP('',(#1140,#1141,#1142,#1143,#1144,#1145,#1146,#1147));
#4331=EDGE_LOOP('',(#1148));
#4332=EDGE_LOOP('',(#1149));
#4333=EDGE_LOOP('',(#1150));
#4334=EDGE_LOOP('',(#1151));
#4335=EDGE_LOOP('',(#1152,#1153,#1154,#1155));
#4336=EDGE_LOOP('',(#1156,#1157,#1158,#1159));
#4337=EDGE_LOOP('',(#1160));
#4338=EDGE_LOOP('',(#1161));
#4339=EDGE_LOOP('',(#1162));
#4340=EDGE_LOOP('',(#1163));
#4341=EDGE_LOOP('',(#1164));
#4342=EDGE_LOOP('',(#1165,#1166,#1167,#1168,#1169,#1170));
#4343=EDGE_LOOP('',(#1171,#1172,#1173,#1174,#1175));
#4344=EDGE_LOOP('',(#1176,#1177,#1178,#1179));
#4345=EDGE_LOOP('',(#1180));
#4346=EDGE_LOOP('',(#1181));
#4347=EDGE_LOOP('',(#1182));
#4348=EDGE_LOOP('',(#1183));
#4349=EDGE_LOOP('',(#1184,#1185,#1186,#1187));
#4350=EDGE_LOOP('',(#1188));
#4351=EDGE_LOOP('',(#1189));
#4352=EDGE_LOOP('',(#1190));
#4353=EDGE_LOOP('',(#1191));
#4354=EDGE_LOOP('',(#1192,#1193,#1194,#1195));
#4355=EDGE_LOOP('',(#1196,#1197,#1198,#1199,#1200));
#4356=EDGE_LOOP('',(#1201));
#4357=EDGE_LOOP('',(#1202));
#4358=EDGE_LOOP('',(#1203,#1204,#1205,#1206));
#4359=EDGE_LOOP('',(#1207,#1208,#1209,#1210));
#4360=EDGE_LOOP('',(#1211,#1212,#1213,#1214));
#4361=EDGE_LOOP('',(#1215,#1216,#1217,#1218));
#4362=EDGE_LOOP('',(#1219,#1220,#1221));
#4363=EDGE_LOOP('',(#1222,#1223,#1224,#1225));
#4364=EDGE_LOOP('',(#1226,#1227,#1228,#1229));
#4365=EDGE_LOOP('',(#1230,#1231,#1232));
#4366=EDGE_LOOP('',(#1233,#1234,#1235));
#4367=EDGE_LOOP('',(#1236,#1237,#1238,#1239));
#4368=EDGE_LOOP('',(#1240,#1241,#1242));
#4369=EDGE_LOOP('',(#1243,#1244,#1245,#1246,#1247));
#4370=EDGE_LOOP('',(#1248,#1249,#1250,#1251,#1252,#1253));
#4371=EDGE_LOOP('',(#1254,#1255,#1256,#1257,#1258));
#4372=EDGE_LOOP('',(#1259));
#4373=EDGE_LOOP('',(#1260));
#4374=EDGE_LOOP('',(#1261));
#4375=EDGE_LOOP('',(#1262));
#4376=EDGE_LOOP('',(#1263,#1264,#1265,#1266,#1267,#1268,#1269,#1270,#1271));
#4377=EDGE_LOOP('',(#1272));
#4378=EDGE_LOOP('',(#1273));
#4379=EDGE_LOOP('',(#1274,#1275,#1276,#1277));
#4380=EDGE_LOOP('',(#1278,#1279,#1280,#1281,#1282,#1283,#1284,#1285,#1286,
#1287,#1288,#1289));
#4381=EDGE_LOOP('',(#1290,#1291,#1292,#1293));
#4382=EDGE_LOOP('',(#1294));
#4383=EDGE_LOOP('',(#1295));
#4384=EDGE_LOOP('',(#1296,#1297,#1298,#1299,#1300));
#4385=EDGE_LOOP('',(#1301,#1302,#1303,#1304,#1305));
#4386=EDGE_LOOP('',(#1306,#1307,#1308,#1309));
#4387=EDGE_LOOP('',(#1310,#1311,#1312,#1313));
#4388=EDGE_LOOP('',(#1314,#1315,#1316,#1317));
#4389=EDGE_LOOP('',(#1318,#1319,#1320,#1321));
#4390=EDGE_LOOP('',(#1322,#1323,#1324,#1325));
#4391=EDGE_LOOP('',(#1326,#1327,#1328,#1329));
#4392=EDGE_LOOP('',(#1330,#1331,#1332,#1333));
#4393=EDGE_LOOP('',(#1334,#1335,#1336,#1337,#1338));
#4394=EDGE_LOOP('',(#1339,#1340,#1341,#1342,#1343));
#4395=EDGE_LOOP('',(#1344,#1345,#1346));
#4396=EDGE_LOOP('',(#1347,#1348,#1349,#1350,#1351,#1352,#1353));
#4397=EDGE_LOOP('',(#1354,#1355,#1356,#1357));
#4398=EDGE_LOOP('',(#1358,#1359,#1360,#1361));
#4399=EDGE_LOOP('',(#1362,#1363,#1364,#1365));
#4400=EDGE_LOOP('',(#1366,#1367,#1368,#1369));
#4401=EDGE_LOOP('',(#1370,#1371,#1372,#1373));
#4402=EDGE_LOOP('',(#1374,#1375,#1376,#1377,#1378,#1379));
#4403=EDGE_LOOP('',(#1380,#1381,#1382,#1383,#1384,#1385,#1386,#1387,#1388,
#1389,#1390,#1391));
#4404=EDGE_LOOP('',(#1392,#1393,#1394,#1395,#1396,#1397,#1398));
#4405=EDGE_LOOP('',(#1399,#1400,#1401,#1402,#1403,#1404));
#4406=EDGE_LOOP('',(#1405,#1406,#1407,#1408));
#4407=EDGE_LOOP('',(#1409,#1410,#1411,#1412,#1413,#1414,#1415,#1416,#1417,
#1418));
#4408=EDGE_LOOP('',(#1419,#1420,#1421,#1422,#1423,#1424,#1425,#1426));
#4409=EDGE_LOOP('',(#1427,#1428,#1429,#1430));
#4410=EDGE_LOOP('',(#1431,#1432,#1433,#1434));
#4411=EDGE_LOOP('',(#1435,#1436,#1437,#1438));
#4412=EDGE_LOOP('',(#1439,#1440,#1441,#1442,#1443,#1444,#1445,#1446));
#4413=EDGE_LOOP('',(#1447,#1448,#1449,#1450,#1451));
#4414=EDGE_LOOP('',(#1452,#1453,#1454,#1455));
#4415=EDGE_LOOP('',(#1456,#1457,#1458,#1459));
#4416=EDGE_LOOP('',(#1460));
#4417=EDGE_LOOP('',(#1461));
#4418=EDGE_LOOP('',(#1462));
#4419=EDGE_LOOP('',(#1463));
#4420=EDGE_LOOP('',(#1464));
#4421=EDGE_LOOP('',(#1465));
#4422=EDGE_LOOP('',(#1466));
#4423=EDGE_LOOP('',(#1467));
#4424=EDGE_LOOP('',(#1468,#1469));
#4425=EDGE_LOOP('',(#1470));
#4426=EDGE_LOOP('',(#1471));
#4427=EDGE_LOOP('',(#1472));
#4428=EDGE_LOOP('',(#1473));
#4429=EDGE_LOOP('',(#1474,#1475));
#4430=EDGE_LOOP('',(#1476,#1477));
#4431=EDGE_LOOP('',(#1478));
#4432=EDGE_LOOP('',(#1479));
#4433=EDGE_LOOP('',(#1480));
#4434=EDGE_LOOP('',(#1481));
#4435=EDGE_LOOP('',(#1482));
#4436=EDGE_LOOP('',(#1483));
#4437=EDGE_LOOP('',(#1484));
#4438=EDGE_LOOP('',(#1485));
#4439=EDGE_LOOP('',(#1486));
#4440=EDGE_LOOP('',(#1487));
#4441=EDGE_LOOP('',(#1488));
#4442=EDGE_LOOP('',(#1489));
#4443=EDGE_LOOP('',(#1490));
#4444=EDGE_LOOP('',(#1491));
#4445=EDGE_LOOP('',(#1492));
#4446=EDGE_LOOP('',(#1493));
#4447=EDGE_LOOP('',(#1494,#1495,#1496,#1497));
#4448=EDGE_LOOP('',(#1498,#1499,#1500,#1501));
#4449=EDGE_LOOP('',(#1502,#1503,#1504,#1505,#1506,#1507,#1508,#1509));
#4450=EDGE_LOOP('',(#1510,#1511,#1512,#1513));
#4451=EDGE_LOOP('',(#1514,#1515,#1516,#1517));
#4452=EDGE_LOOP('',(#1518,#1519,#1520,#1521));
#4453=EDGE_LOOP('',(#1522,#1523,#1524,#1525));
#4454=EDGE_LOOP('',(#1526,#1527,#1528,#1529));
#4455=EDGE_LOOP('',(#1530,#1531,#1532,#1533));
#4456=EDGE_LOOP('',(#1534,#1535,#1536,#1537));
#4457=EDGE_LOOP('',(#1538,#1539,#1540,#1541,#1542,#1543,#1544,#1545));
#4458=EDGE_LOOP('',(#1546,#1547,#1548,#1549));
#4459=EDGE_LOOP('',(#1550,#1551,#1552,#1553));
#4460=EDGE_LOOP('',(#1554,#1555,#1556,#1557));
#4461=EDGE_LOOP('',(#1558,#1559,#1560,#1561));
#4462=EDGE_LOOP('',(#1562,#1563,#1564,#1565));
#4463=EDGE_LOOP('',(#1566,#1567,#1568,#1569));
#4464=EDGE_LOOP('',(#1570,#1571,#1572,#1573));
#4465=EDGE_LOOP('',(#1574));
#4466=EDGE_LOOP('',(#1575,#1576,#1577,#1578,#1579,#1580,#1581,#1582,#1583,
#1584,#1585,#1586,#1587,#1588));
#4467=EDGE_LOOP('',(#1589,#1590,#1591,#1592));
#4468=EDGE_LOOP('',(#1593,#1594,#1595,#1596));
#4469=EDGE_LOOP('',(#1597,#1598,#1599,#1600));
#4470=EDGE_LOOP('',(#1601));
#4471=EDGE_LOOP('',(#1602,#1603,#1604,#1605,#1606,#1607));
#4472=EDGE_LOOP('',(#1608,#1609,#1610,#1611));
#4473=EDGE_LOOP('',(#1612,#1613,#1614,#1615));
#4474=EDGE_LOOP('',(#1616,#1617,#1618,#1619));
#4475=EDGE_LOOP('',(#1620));
#4476=EDGE_LOOP('',(#1621,#1622,#1623,#1624,#1625,#1626));
#4477=EDGE_LOOP('',(#1627));
#4478=EDGE_LOOP('',(#1628));
#4479=EDGE_LOOP('',(#1629));
#4480=EDGE_LOOP('',(#1630));
#4481=EDGE_LOOP('',(#1631));
#4482=EDGE_LOOP('',(#1632));
#4483=EDGE_LOOP('',(#1633));
#4484=EDGE_LOOP('',(#1634));
#4485=EDGE_LOOP('',(#1635));
#4486=EDGE_LOOP('',(#1636));
#4487=EDGE_LOOP('',(#1637));
#4488=EDGE_LOOP('',(#1638));
#4489=EDGE_LOOP('',(#1639));
#4490=EDGE_LOOP('',(#1640));
#4491=EDGE_LOOP('',(#1641));
#4492=EDGE_LOOP('',(#1642));
#4493=EDGE_LOOP('',(#1643));
#4494=EDGE_LOOP('',(#1644));
#4495=EDGE_LOOP('',(#1645,#1646,#1647,#1648));
#4496=EDGE_LOOP('',(#1649,#1650,#1651,#1652));
#4497=EDGE_LOOP('',(#1653,#1654,#1655,#1656));
#4498=EDGE_LOOP('',(#1657,#1658,#1659,#1660));
#4499=EDGE_LOOP('',(#1661,#1662,#1663,#1664));
#4500=EDGE_LOOP('',(#1665,#1666,#1667,#1668));
#4501=EDGE_LOOP('',(#1669,#1670,#1671,#1672));
#4502=EDGE_LOOP('',(#1673,#1674,#1675,#1676));
#4503=EDGE_LOOP('',(#1677,#1678,#1679,#1680));
#4504=EDGE_LOOP('',(#1681,#1682,#1683,#1684));
#4505=EDGE_LOOP('',(#1685,#1686,#1687,#1688,#1689,#1690,#1691,#1692));
#4506=EDGE_LOOP('',(#1693,#1694,#1695,#1696));
#4507=EDGE_LOOP('',(#1697));
#4508=EDGE_LOOP('',(#1698));
#4509=EDGE_LOOP('',(#1699));
#4510=EDGE_LOOP('',(#1700));
#4511=EDGE_LOOP('',(#1701));
#4512=EDGE_LOOP('',(#1702));
#4513=EDGE_LOOP('',(#1703,#1704,#1705,#1706,#1707,#1708));
#4514=EDGE_LOOP('',(#1709,#1710,#1711,#1712));
#4515=EDGE_LOOP('',(#1713,#1714,#1715,#1716));
#4516=EDGE_LOOP('',(#1717,#1718,#1719,#1720));
#4517=EDGE_LOOP('',(#1721,#1722));
#4518=EDGE_LOOP('',(#1723,#1724,#1725,#1726,#1727,#1728,#1729,#1730));
#4519=EDGE_LOOP('',(#1731,#1732,#1733,#1734));
#4520=EDGE_LOOP('',(#1735,#1736,#1737,#1738));
#4521=EDGE_LOOP('',(#1739,#1740,#1741,#1742));
#4522=EDGE_LOOP('',(#1743,#1744,#1745,#1746));
#4523=EDGE_LOOP('',(#1747,#1748,#1749,#1750));
#4524=EDGE_LOOP('',(#1751,#1752,#1753,#1754));
#4525=EDGE_LOOP('',(#1755,#1756,#1757,#1758));
#4526=EDGE_LOOP('',(#1759,#1760,#1761,#1762));
#4527=EDGE_LOOP('',(#1763,#1764,#1765,#1766));
#4528=EDGE_LOOP('',(#1767,#1768,#1769,#1770));
#4529=EDGE_LOOP('',(#1771,#1772,#1773,#1774));
#4530=EDGE_LOOP('',(#1775,#1776,#1777,#1778));
#4531=EDGE_LOOP('',(#1779,#1780,#1781,#1782));
#4532=EDGE_LOOP('',(#1783,#1784,#1785,#1786));
#4533=EDGE_LOOP('',(#1787,#1788,#1789,#1790));
#4534=EDGE_LOOP('',(#1791,#1792,#1793,#1794));
#4535=EDGE_LOOP('',(#1795,#1796,#1797,#1798,#1799));
#4536=EDGE_LOOP('',(#1800,#1801,#1802,#1803));
#4537=EDGE_LOOP('',(#1804,#1805,#1806,#1807));
#4538=EDGE_LOOP('',(#1808,#1809,#1810,#1811,#1812,#1813));
#4539=EDGE_LOOP('',(#1814,#1815,#1816,#1817));
#4540=EDGE_LOOP('',(#1818,#1819,#1820,#1821));
#4541=EDGE_LOOP('',(#1822,#1823,#1824,#1825,#1826));
#4542=EDGE_LOOP('',(#1827,#1828,#1829,#1830));
#4543=EDGE_LOOP('',(#1831,#1832,#1833,#1834));
#4544=EDGE_LOOP('',(#1835,#1836,#1837,#1838));
#4545=EDGE_LOOP('',(#1839,#1840,#1841,#1842));
#4546=EDGE_LOOP('',(#1843,#1844,#1845,#1846));
#4547=EDGE_LOOP('',(#1847,#1848,#1849,#1850));
#4548=EDGE_LOOP('',(#1851,#1852,#1853,#1854));
#4549=EDGE_LOOP('',(#1855,#1856,#1857,#1858));
#4550=EDGE_LOOP('',(#1859,#1860,#1861,#1862));
#4551=EDGE_LOOP('',(#1863,#1864,#1865,#1866));
#4552=EDGE_LOOP('',(#1867,#1868,#1869,#1870));
#4553=EDGE_LOOP('',(#1871,#1872,#1873,#1874));
#4554=EDGE_LOOP('',(#1875,#1876,#1877,#1878));
#4555=EDGE_LOOP('',(#1879,#1880,#1881,#1882));
#4556=EDGE_LOOP('',(#1883,#1884,#1885,#1886));
#4557=EDGE_LOOP('',(#1887,#1888,#1889,#1890));
#4558=EDGE_LOOP('',(#1891,#1892,#1893,#1894));
#4559=EDGE_LOOP('',(#1895,#1896,#1897,#1898));
#4560=EDGE_LOOP('',(#1899,#1900,#1901,#1902));
#4561=EDGE_LOOP('',(#1903,#1904,#1905,#1906));
#4562=EDGE_LOOP('',(#1907,#1908,#1909,#1910));
#4563=EDGE_LOOP('',(#1911,#1912,#1913,#1914));
#4564=EDGE_LOOP('',(#1915,#1916,#1917,#1918));
#4565=EDGE_LOOP('',(#1919,#1920,#1921,#1922));
#4566=EDGE_LOOP('',(#1923,#1924,#1925,#1926));
#4567=EDGE_LOOP('',(#1927,#1928,#1929,#1930));
#4568=EDGE_LOOP('',(#1931,#1932,#1933,#1934));
#4569=EDGE_LOOP('',(#1935,#1936,#1937,#1938));
#4570=EDGE_LOOP('',(#1939,#1940,#1941,#1942));
#4571=EDGE_LOOP('',(#1943,#1944,#1945,#1946));
#4572=EDGE_LOOP('',(#1947,#1948,#1949,#1950,#1951,#1952,#1953));
#4573=EDGE_LOOP('',(#1954,#1955,#1956,#1957));
#4574=EDGE_LOOP('',(#1958,#1959,#1960,#1961));
#4575=EDGE_LOOP('',(#1962,#1963,#1964,#1965));
#4576=EDGE_LOOP('',(#1966,#1967,#1968,#1969));
#4577=EDGE_LOOP('',(#1970,#1971,#1972,#1973,#1974));
#4578=EDGE_LOOP('',(#1975,#1976,#1977,#1978));
#4579=EDGE_LOOP('',(#1979,#1980,#1981,#1982));
#4580=EDGE_LOOP('',(#1983,#1984,#1985,#1986));
#4581=EDGE_LOOP('',(#1987,#1988,#1989,#1990));
#4582=EDGE_LOOP('',(#1991,#1992,#1993));
#4583=EDGE_LOOP('',(#1994,#1995,#1996));
#4584=EDGE_LOOP('',(#1997,#1998,#1999,#2000));
#4585=EDGE_LOOP('',(#2001,#2002,#2003,#2004));
#4586=EDGE_LOOP('',(#2005,#2006,#2007,#2008,#2009,#2010));
#4587=EDGE_LOOP('',(#2011,#2012,#2013,#2014));
#4588=EDGE_LOOP('',(#2015,#2016,#2017));
#4589=EDGE_LOOP('',(#2018,#2019,#2020));
#4590=EDGE_LOOP('',(#2021,#2022,#2023,#2024));
#4591=EDGE_LOOP('',(#2025,#2026,#2027,#2028));
#4592=EDGE_LOOP('',(#2029,#2030,#2031,#2032,#2033,#2034));
#4593=EDGE_LOOP('',(#2035,#2036,#2037,#2038));
#4594=EDGE_LOOP('',(#2039,#2040,#2041));
#4595=EDGE_LOOP('',(#2042,#2043,#2044));
#4596=EDGE_LOOP('',(#2045,#2046,#2047,#2048));
#4597=EDGE_LOOP('',(#2049,#2050,#2051,#2052));
#4598=EDGE_LOOP('',(#2053,#2054,#2055,#2056));
#4599=EDGE_LOOP('',(#2057,#2058,#2059,#2060));
#4600=EDGE_LOOP('',(#2061,#2062,#2063));
#4601=EDGE_LOOP('',(#2064,#2065,#2066));
#4602=EDGE_LOOP('',(#2067,#2068,#2069,#2070));
#4603=EDGE_LOOP('',(#2071));
#4604=EDGE_LOOP('',(#2072));
#4605=EDGE_LOOP('',(#2073));
#4606=EDGE_LOOP('',(#2074));
#4607=EDGE_LOOP('',(#2075));
#4608=EDGE_LOOP('',(#2076));
#4609=EDGE_LOOP('',(#2077));
#4610=EDGE_LOOP('',(#2078));
#4611=EDGE_LOOP('',(#2079));
#4612=EDGE_LOOP('',(#2080));
#4613=EDGE_LOOP('',(#2081));
#4614=EDGE_LOOP('',(#2082));
#4615=FACE_BOUND('',#4185,.T.);
#4616=FACE_BOUND('',#4186,.T.);
#4617=FACE_BOUND('',#4187,.T.);
#4618=FACE_BOUND('',#4188,.T.);
#4619=FACE_BOUND('',#4189,.T.);
#4620=FACE_BOUND('',#4190,.T.);
#4621=FACE_BOUND('',#4191,.T.);
#4622=FACE_BOUND('',#4192,.T.);
#4623=FACE_BOUND('',#4193,.T.);
#4624=FACE_BOUND('',#4194,.T.);
#4625=FACE_BOUND('',#4195,.T.);
#4626=FACE_BOUND('',#4196,.T.);
#4627=FACE_BOUND('',#4197,.T.);
#4628=FACE_BOUND('',#4198,.T.);
#4629=FACE_BOUND('',#4199,.T.);
#4630=FACE_BOUND('',#4200,.T.);
#4631=FACE_BOUND('',#4201,.T.);
#4632=FACE_BOUND('',#4202,.T.);
#4633=FACE_BOUND('',#4203,.T.);
#4634=FACE_BOUND('',#4204,.T.);
#4635=FACE_BOUND('',#4205,.T.);
#4636=FACE_BOUND('',#4206,.T.);
#4637=FACE_BOUND('',#4207,.T.);
#4638=FACE_BOUND('',#4208,.T.);
#4639=FACE_BOUND('',#4209,.T.);
#4640=FACE_BOUND('',#4210,.T.);
#4641=FACE_BOUND('',#4211,.T.);
#4642=FACE_BOUND('',#4212,.T.);
#4643=FACE_BOUND('',#4213,.T.);
#4644=FACE_BOUND('',#4214,.T.);
#4645=FACE_BOUND('',#4215,.T.);
#4646=FACE_BOUND('',#4216,.T.);
#4647=FACE_BOUND('',#4217,.T.);
#4648=FACE_BOUND('',#4218,.T.);
#4649=FACE_BOUND('',#4219,.T.);
#4650=FACE_BOUND('',#4220,.T.);
#4651=FACE_BOUND('',#4221,.T.);
#4652=FACE_BOUND('',#4222,.T.);
#4653=FACE_BOUND('',#4223,.T.);
#4654=FACE_BOUND('',#4224,.T.);
#4655=FACE_BOUND('',#4225,.T.);
#4656=FACE_BOUND('',#4226,.T.);
#4657=FACE_BOUND('',#4227,.T.);
#4658=FACE_BOUND('',#4228,.T.);
#4659=FACE_BOUND('',#4229,.T.);
#4660=FACE_BOUND('',#4230,.T.);
#4661=FACE_BOUND('',#4231,.T.);
#4662=FACE_BOUND('',#4232,.T.);
#4663=FACE_BOUND('',#4233,.T.);
#4664=FACE_BOUND('',#4234,.T.);
#4665=FACE_BOUND('',#4235,.T.);
#4666=FACE_BOUND('',#4236,.T.);
#4667=FACE_BOUND('',#4237,.T.);
#4668=FACE_BOUND('',#4238,.T.);
#4669=FACE_BOUND('',#4239,.T.);
#4670=FACE_BOUND('',#4240,.T.);
#4671=FACE_BOUND('',#4241,.T.);
#4672=FACE_BOUND('',#4242,.T.);
#4673=FACE_BOUND('',#4243,.T.);
#4674=FACE_BOUND('',#4244,.T.);
#4675=FACE_BOUND('',#4245,.T.);
#4676=FACE_BOUND('',#4246,.T.);
#4677=FACE_BOUND('',#4247,.T.);
#4678=FACE_BOUND('',#4248,.T.);
#4679=FACE_BOUND('',#4249,.T.);
#4680=FACE_BOUND('',#4250,.T.);
#4681=FACE_BOUND('',#4251,.T.);
#4682=FACE_BOUND('',#4252,.T.);
#4683=FACE_BOUND('',#4253,.T.);
#4684=FACE_BOUND('',#4254,.T.);
#4685=FACE_BOUND('',#4255,.T.);
#4686=FACE_BOUND('',#4256,.T.);
#4687=FACE_BOUND('',#4257,.T.);
#4688=FACE_BOUND('',#4258,.T.);
#4689=FACE_BOUND('',#4259,.T.);
#4690=FACE_BOUND('',#4260,.T.);
#4691=FACE_BOUND('',#4261,.T.);
#4692=FACE_BOUND('',#4262,.T.);
#4693=FACE_BOUND('',#4263,.T.);
#4694=FACE_BOUND('',#4264,.T.);
#4695=FACE_BOUND('',#4265,.T.);
#4696=FACE_BOUND('',#4266,.T.);
#4697=FACE_BOUND('',#4267,.T.);
#4698=FACE_BOUND('',#4268,.T.);
#4699=FACE_BOUND('',#4269,.T.);
#4700=FACE_BOUND('',#4270,.T.);
#4701=FACE_BOUND('',#4271,.T.);
#4702=FACE_BOUND('',#4272,.T.);
#4703=FACE_BOUND('',#4273,.T.);
#4704=FACE_BOUND('',#4274,.T.);
#4705=FACE_BOUND('',#4275,.T.);
#4706=FACE_BOUND('',#4276,.T.);
#4707=FACE_BOUND('',#4277,.T.);
#4708=FACE_BOUND('',#4278,.T.);
#4709=FACE_BOUND('',#4279,.T.);
#4710=FACE_BOUND('',#4280,.T.);
#4711=FACE_BOUND('',#4281,.T.);
#4712=FACE_BOUND('',#4282,.T.);
#4713=FACE_BOUND('',#4283,.T.);
#4714=FACE_BOUND('',#4284,.T.);
#4715=FACE_BOUND('',#4285,.T.);
#4716=FACE_BOUND('',#4286,.T.);
#4717=FACE_BOUND('',#4287,.T.);
#4718=FACE_BOUND('',#4288,.T.);
#4719=FACE_BOUND('',#4289,.T.);
#4720=FACE_BOUND('',#4290,.T.);
#4721=FACE_BOUND('',#4291,.T.);
#4722=FACE_BOUND('',#4292,.T.);
#4723=FACE_BOUND('',#4293,.T.);
#4724=FACE_BOUND('',#4294,.T.);
#4725=FACE_BOUND('',#4295,.T.);
#4726=FACE_BOUND('',#4296,.T.);
#4727=FACE_BOUND('',#4297,.T.);
#4728=FACE_BOUND('',#4298,.T.);
#4729=FACE_BOUND('',#4299,.T.);
#4730=FACE_BOUND('',#4300,.T.);
#4731=FACE_BOUND('',#4301,.T.);
#4732=FACE_BOUND('',#4302,.T.);
#4733=FACE_BOUND('',#4303,.T.);
#4734=FACE_BOUND('',#4304,.T.);
#4735=FACE_BOUND('',#4305,.T.);
#4736=FACE_BOUND('',#4306,.T.);
#4737=FACE_BOUND('',#4307,.T.);
#4738=FACE_BOUND('',#4308,.T.);
#4739=FACE_BOUND('',#4309,.T.);
#4740=FACE_BOUND('',#4310,.T.);
#4741=FACE_BOUND('',#4311,.T.);
#4742=FACE_BOUND('',#4312,.T.);
#4743=FACE_BOUND('',#4313,.T.);
#4744=FACE_BOUND('',#4314,.T.);
#4745=FACE_BOUND('',#4315,.T.);
#4746=FACE_BOUND('',#4316,.T.);
#4747=FACE_BOUND('',#4317,.T.);
#4748=FACE_BOUND('',#4318,.T.);
#4749=FACE_BOUND('',#4319,.T.);
#4750=FACE_BOUND('',#4320,.T.);
#4751=FACE_BOUND('',#4321,.T.);
#4752=FACE_BOUND('',#4322,.T.);
#4753=FACE_BOUND('',#4323,.T.);
#4754=FACE_BOUND('',#4324,.T.);
#4755=FACE_BOUND('',#4325,.T.);
#4756=FACE_BOUND('',#4326,.T.);
#4757=FACE_BOUND('',#4327,.T.);
#4758=FACE_BOUND('',#4328,.T.);
#4759=FACE_BOUND('',#4329,.T.);
#4760=FACE_BOUND('',#4330,.T.);
#4761=FACE_BOUND('',#4331,.T.);
#4762=FACE_BOUND('',#4332,.T.);
#4763=FACE_BOUND('',#4333,.T.);
#4764=FACE_BOUND('',#4334,.T.);
#4765=FACE_BOUND('',#4335,.T.);
#4766=FACE_BOUND('',#4336,.T.);
#4767=FACE_BOUND('',#4337,.T.);
#4768=FACE_BOUND('',#4338,.T.);
#4769=FACE_BOUND('',#4339,.T.);
#4770=FACE_BOUND('',#4340,.T.);
#4771=FACE_BOUND('',#4341,.T.);
#4772=FACE_BOUND('',#4342,.T.);
#4773=FACE_BOUND('',#4343,.T.);
#4774=FACE_BOUND('',#4344,.T.);
#4775=FACE_BOUND('',#4345,.T.);
#4776=FACE_BOUND('',#4346,.T.);
#4777=FACE_BOUND('',#4347,.T.);
#4778=FACE_BOUND('',#4348,.T.);
#4779=FACE_BOUND('',#4349,.T.);
#4780=FACE_BOUND('',#4350,.T.);
#4781=FACE_BOUND('',#4351,.T.);
#4782=FACE_BOUND('',#4352,.T.);
#4783=FACE_BOUND('',#4353,.T.);
#4784=FACE_BOUND('',#4354,.T.);
#4785=FACE_BOUND('',#4355,.T.);
#4786=FACE_BOUND('',#4356,.T.);
#4787=FACE_BOUND('',#4357,.T.);
#4788=FACE_BOUND('',#4358,.T.);
#4789=FACE_BOUND('',#4359,.T.);
#4790=FACE_BOUND('',#4360,.T.);
#4791=FACE_BOUND('',#4361,.T.);
#4792=FACE_BOUND('',#4362,.T.);
#4793=FACE_BOUND('',#4363,.T.);
#4794=FACE_BOUND('',#4364,.T.);
#4795=FACE_BOUND('',#4365,.T.);
#4796=FACE_BOUND('',#4366,.T.);
#4797=FACE_BOUND('',#4367,.T.);
#4798=FACE_BOUND('',#4368,.T.);
#4799=FACE_BOUND('',#4369,.T.);
#4800=FACE_BOUND('',#4370,.T.);
#4801=FACE_BOUND('',#4371,.T.);
#4802=FACE_BOUND('',#4372,.T.);
#4803=FACE_BOUND('',#4373,.T.);
#4804=FACE_BOUND('',#4374,.T.);
#4805=FACE_BOUND('',#4375,.T.);
#4806=FACE_BOUND('',#4376,.T.);
#4807=FACE_BOUND('',#4377,.T.);
#4808=FACE_BOUND('',#4378,.T.);
#4809=FACE_BOUND('',#4379,.T.);
#4810=FACE_BOUND('',#4380,.T.);
#4811=FACE_BOUND('',#4381,.T.);
#4812=FACE_BOUND('',#4382,.T.);
#4813=FACE_BOUND('',#4383,.T.);
#4814=FACE_BOUND('',#4384,.T.);
#4815=FACE_BOUND('',#4385,.T.);
#4816=FACE_BOUND('',#4386,.T.);
#4817=FACE_BOUND('',#4387,.T.);
#4818=FACE_BOUND('',#4388,.T.);
#4819=FACE_BOUND('',#4389,.T.);
#4820=FACE_BOUND('',#4390,.T.);
#4821=FACE_BOUND('',#4391,.T.);
#4822=FACE_BOUND('',#4392,.T.);
#4823=FACE_BOUND('',#4393,.T.);
#4824=FACE_BOUND('',#4394,.T.);
#4825=FACE_BOUND('',#4395,.T.);
#4826=FACE_BOUND('',#4396,.T.);
#4827=FACE_BOUND('',#4397,.T.);
#4828=FACE_BOUND('',#4398,.T.);
#4829=FACE_BOUND('',#4399,.T.);
#4830=FACE_BOUND('',#4400,.T.);
#4831=FACE_BOUND('',#4401,.T.);
#4832=FACE_BOUND('',#4402,.T.);
#4833=FACE_BOUND('',#4403,.T.);
#4834=FACE_BOUND('',#4404,.T.);
#4835=FACE_BOUND('',#4405,.T.);
#4836=FACE_BOUND('',#4406,.T.);
#4837=FACE_BOUND('',#4407,.T.);
#4838=FACE_BOUND('',#4408,.T.);
#4839=FACE_BOUND('',#4409,.T.);
#4840=FACE_BOUND('',#4410,.T.);
#4841=FACE_BOUND('',#4411,.T.);
#4842=FACE_BOUND('',#4412,.T.);
#4843=FACE_BOUND('',#4413,.T.);
#4844=FACE_BOUND('',#4414,.T.);
#4845=FACE_BOUND('',#4415,.T.);
#4846=FACE_BOUND('',#4416,.T.);
#4847=FACE_BOUND('',#4417,.T.);
#4848=FACE_BOUND('',#4418,.T.);
#4849=FACE_BOUND('',#4419,.T.);
#4850=FACE_BOUND('',#4420,.T.);
#4851=FACE_BOUND('',#4421,.T.);
#4852=FACE_BOUND('',#4422,.T.);
#4853=FACE_BOUND('',#4423,.T.);
#4854=FACE_BOUND('',#4424,.T.);
#4855=FACE_BOUND('',#4425,.T.);
#4856=FACE_BOUND('',#4426,.T.);
#4857=FACE_BOUND('',#4427,.T.);
#4858=FACE_BOUND('',#4428,.T.);
#4859=FACE_BOUND('',#4429,.T.);
#4860=FACE_BOUND('',#4430,.T.);
#4861=FACE_BOUND('',#4431,.T.);
#4862=FACE_BOUND('',#4432,.T.);
#4863=FACE_BOUND('',#4433,.T.);
#4864=FACE_BOUND('',#4434,.T.);
#4865=FACE_BOUND('',#4435,.T.);
#4866=FACE_BOUND('',#4436,.T.);
#4867=FACE_BOUND('',#4437,.T.);
#4868=FACE_BOUND('',#4438,.T.);
#4869=FACE_BOUND('',#4439,.T.);
#4870=FACE_BOUND('',#4440,.T.);
#4871=FACE_BOUND('',#4441,.T.);
#4872=FACE_BOUND('',#4442,.T.);
#4873=FACE_BOUND('',#4443,.T.);
#4874=FACE_BOUND('',#4444,.T.);
#4875=FACE_BOUND('',#4445,.T.);
#4876=FACE_BOUND('',#4446,.T.);
#4877=FACE_BOUND('',#4447,.T.);
#4878=FACE_BOUND('',#4448,.T.);
#4879=FACE_BOUND('',#4449,.T.);
#4880=FACE_BOUND('',#4450,.T.);
#4881=FACE_BOUND('',#4451,.T.);
#4882=FACE_BOUND('',#4452,.T.);
#4883=FACE_BOUND('',#4453,.T.);
#4884=FACE_BOUND('',#4454,.T.);
#4885=FACE_BOUND('',#4455,.T.);
#4886=FACE_BOUND('',#4456,.T.);
#4887=FACE_BOUND('',#4457,.T.);
#4888=FACE_BOUND('',#4458,.T.);
#4889=FACE_BOUND('',#4459,.T.);
#4890=FACE_BOUND('',#4460,.T.);
#4891=FACE_BOUND('',#4461,.T.);
#4892=FACE_BOUND('',#4462,.T.);
#4893=FACE_BOUND('',#4463,.T.);
#4894=FACE_BOUND('',#4464,.T.);
#4895=FACE_BOUND('',#4465,.T.);
#4896=FACE_BOUND('',#4466,.T.);
#4897=FACE_BOUND('',#4467,.T.);
#4898=FACE_BOUND('',#4468,.T.);
#4899=FACE_BOUND('',#4469,.T.);
#4900=FACE_BOUND('',#4470,.T.);
#4901=FACE_BOUND('',#4471,.T.);
#4902=FACE_BOUND('',#4472,.T.);
#4903=FACE_BOUND('',#4473,.T.);
#4904=FACE_BOUND('',#4474,.T.);
#4905=FACE_BOUND('',#4475,.T.);
#4906=FACE_BOUND('',#4476,.T.);
#4907=FACE_BOUND('',#4477,.T.);
#4908=FACE_BOUND('',#4478,.T.);
#4909=FACE_BOUND('',#4479,.T.);
#4910=FACE_BOUND('',#4480,.T.);
#4911=FACE_BOUND('',#4481,.T.);
#4912=FACE_BOUND('',#4482,.T.);
#4913=FACE_BOUND('',#4483,.T.);
#4914=FACE_BOUND('',#4484,.T.);
#4915=FACE_BOUND('',#4485,.T.);
#4916=FACE_BOUND('',#4486,.T.);
#4917=FACE_BOUND('',#4487,.T.);
#4918=FACE_BOUND('',#4488,.T.);
#4919=FACE_BOUND('',#4489,.T.);
#4920=FACE_BOUND('',#4490,.T.);
#4921=FACE_BOUND('',#4491,.T.);
#4922=FACE_BOUND('',#4492,.T.);
#4923=FACE_BOUND('',#4493,.T.);
#4924=FACE_BOUND('',#4494,.T.);
#4925=FACE_BOUND('',#4495,.T.);
#4926=FACE_BOUND('',#4496,.T.);
#4927=FACE_BOUND('',#4497,.T.);
#4928=FACE_BOUND('',#4498,.T.);
#4929=FACE_BOUND('',#4499,.T.);
#4930=FACE_BOUND('',#4500,.T.);
#4931=FACE_BOUND('',#4501,.T.);
#4932=FACE_BOUND('',#4502,.T.);
#4933=FACE_BOUND('',#4503,.T.);
#4934=FACE_BOUND('',#4504,.T.);
#4935=FACE_BOUND('',#4505,.T.);
#4936=FACE_BOUND('',#4506,.T.);
#4937=FACE_BOUND('',#4507,.T.);
#4938=FACE_BOUND('',#4508,.T.);
#4939=FACE_BOUND('',#4509,.T.);
#4940=FACE_BOUND('',#4510,.T.);
#4941=FACE_BOUND('',#4511,.T.);
#4942=FACE_BOUND('',#4512,.T.);
#4943=FACE_BOUND('',#4513,.T.);
#4944=FACE_BOUND('',#4514,.T.);
#4945=FACE_BOUND('',#4515,.T.);
#4946=FACE_BOUND('',#4516,.T.);
#4947=FACE_BOUND('',#4517,.T.);
#4948=FACE_BOUND('',#4518,.T.);
#4949=FACE_BOUND('',#4519,.T.);
#4950=FACE_BOUND('',#4520,.T.);
#4951=FACE_BOUND('',#4521,.T.);
#4952=FACE_BOUND('',#4522,.T.);
#4953=FACE_BOUND('',#4523,.T.);
#4954=FACE_BOUND('',#4524,.T.);
#4955=FACE_BOUND('',#4525,.T.);
#4956=FACE_BOUND('',#4526,.T.);
#4957=FACE_BOUND('',#4527,.T.);
#4958=FACE_BOUND('',#4528,.T.);
#4959=FACE_BOUND('',#4529,.T.);
#4960=FACE_BOUND('',#4530,.T.);
#4961=FACE_BOUND('',#4531,.T.);
#4962=FACE_BOUND('',#4532,.T.);
#4963=FACE_BOUND('',#4533,.T.);
#4964=FACE_BOUND('',#4534,.T.);
#4965=FACE_BOUND('',#4535,.T.);
#4966=FACE_BOUND('',#4536,.T.);
#4967=FACE_BOUND('',#4537,.T.);
#4968=FACE_BOUND('',#4538,.T.);
#4969=FACE_BOUND('',#4539,.T.);
#4970=FACE_BOUND('',#4540,.T.);
#4971=FACE_BOUND('',#4541,.T.);
#4972=FACE_BOUND('',#4542,.T.);
#4973=FACE_BOUND('',#4543,.T.);
#4974=FACE_BOUND('',#4544,.T.);
#4975=FACE_BOUND('',#4545,.T.);
#4976=FACE_BOUND('',#4546,.T.);
#4977=FACE_BOUND('',#4547,.T.);
#4978=FACE_BOUND('',#4548,.T.);
#4979=FACE_BOUND('',#4549,.T.);
#4980=FACE_BOUND('',#4550,.T.);
#4981=FACE_BOUND('',#4551,.T.);
#4982=FACE_BOUND('',#4552,.T.);
#4983=FACE_BOUND('',#4553,.T.);
#4984=FACE_BOUND('',#4554,.T.);
#4985=FACE_BOUND('',#4555,.T.);
#4986=FACE_BOUND('',#4556,.T.);
#4987=FACE_BOUND('',#4557,.T.);
#4988=FACE_BOUND('',#4558,.T.);
#4989=FACE_BOUND('',#4559,.T.);
#4990=FACE_BOUND('',#4560,.T.);
#4991=FACE_BOUND('',#4561,.T.);
#4992=FACE_BOUND('',#4562,.T.);
#4993=FACE_BOUND('',#4563,.T.);
#4994=FACE_BOUND('',#4564,.T.);
#4995=FACE_BOUND('',#4565,.T.);
#4996=FACE_BOUND('',#4566,.T.);
#4997=FACE_BOUND('',#4567,.T.);
#4998=FACE_BOUND('',#4568,.T.);
#4999=FACE_BOUND('',#4569,.T.);
#5000=FACE_BOUND('',#4570,.T.);
#5001=FACE_BOUND('',#4571,.T.);
#5002=FACE_BOUND('',#4572,.T.);
#5003=FACE_BOUND('',#4573,.T.);
#5004=FACE_BOUND('',#4574,.T.);
#5005=FACE_BOUND('',#4575,.T.);
#5006=FACE_BOUND('',#4576,.T.);
#5007=FACE_BOUND('',#4577,.T.);
#5008=FACE_BOUND('',#4578,.T.);
#5009=FACE_BOUND('',#4579,.T.);
#5010=FACE_BOUND('',#4580,.T.);
#5011=FACE_BOUND('',#4581,.T.);
#5012=FACE_BOUND('',#4582,.T.);
#5013=FACE_BOUND('',#4583,.T.);
#5014=FACE_BOUND('',#4584,.T.);
#5015=FACE_BOUND('',#4585,.T.);
#5016=FACE_BOUND('',#4586,.T.);
#5017=FACE_BOUND('',#4587,.T.);
#5018=FACE_BOUND('',#4588,.T.);
#5019=FACE_BOUND('',#4589,.T.);
#5020=FACE_BOUND('',#4590,.T.);
#5021=FACE_BOUND('',#4591,.T.);
#5022=FACE_BOUND('',#4592,.T.);
#5023=FACE_BOUND('',#4593,.T.);
#5024=FACE_BOUND('',#4594,.T.);
#5025=FACE_BOUND('',#4595,.T.);
#5026=FACE_BOUND('',#4596,.T.);
#5027=FACE_BOUND('',#4597,.T.);
#5028=FACE_BOUND('',#4598,.T.);
#5029=FACE_BOUND('',#4599,.T.);
#5030=FACE_BOUND('',#4600,.T.);
#5031=FACE_BOUND('',#4601,.T.);
#5032=FACE_BOUND('',#4602,.T.);
#5033=FACE_BOUND('',#4603,.T.);
#5034=FACE_BOUND('',#4604,.T.);
#5035=FACE_BOUND('',#4605,.T.);
#5036=FACE_BOUND('',#4606,.T.);
#5037=FACE_BOUND('',#4607,.T.);
#5038=FACE_BOUND('',#4608,.T.);
#5039=FACE_BOUND('',#4609,.T.);
#5040=FACE_BOUND('',#4610,.T.);
#5041=FACE_BOUND('',#4611,.T.);
#5042=FACE_BOUND('',#4612,.T.);
#5043=FACE_BOUND('',#4613,.T.);
#5044=FACE_BOUND('',#4614,.T.);
#5045=PLANE('',#5514);
#5046=PLANE('',#5523);
#5047=PLANE('',#5576);
#5048=PLANE('',#5588);
#5049=PLANE('',#5589);
#5050=PLANE('',#5590);
#5051=PLANE('',#5591);
#5052=PLANE('',#5592);
#5053=PLANE('',#5593);
#5054=PLANE('',#5638);
#5055=PLANE('',#5639);
#5056=PLANE('',#5640);
#5057=PLANE('',#5641);
#5058=PLANE('',#5644);
#5059=PLANE('',#5647);
#5060=PLANE('',#5652);
#5061=PLANE('',#5655);
#5062=PLANE('',#5657);
#5063=PLANE('',#5664);
#5064=PLANE('',#5665);
#5065=PLANE('',#5667);
#5066=PLANE('',#5672);
#5067=PLANE('',#5674);
#5068=PLANE('',#5675);
#5069=PLANE('',#5676);
#5070=PLANE('',#5677);
#5071=PLANE('',#5683);
#5072=PLANE('',#5685);
#5073=PLANE('',#5688);
#5074=PLANE('',#5689);
#5075=PLANE('',#5690);
#5076=PLANE('',#5693);
#5077=PLANE('',#5697);
#5078=PLANE('',#5702);
#5079=PLANE('',#5703);
#5080=PLANE('',#5704);
#5081=PLANE('',#5705);
#5082=PLANE('',#5706);
#5083=PLANE('',#5707);
#5084=PLANE('',#5708);
#5085=PLANE('',#5709);
#5086=PLANE('',#5710);
#5087=PLANE('',#5711);
#5088=PLANE('',#5712);
#5089=PLANE('',#5774);
#5090=PLANE('',#5800);
#5091=PLANE('',#5804);
#5092=PLANE('',#5808);
#5093=PLANE('',#5812);
#5094=PLANE('',#5816);
#5095=PLANE('',#5820);
#5096=PLANE('',#5824);
#5097=PLANE('',#5828);
#5098=PLANE('',#5832);
#5099=PLANE('',#5833);
#5100=PLANE('',#5834);
#5101=PLANE('',#5838);
#5102=PLANE('',#5841);
#5103=PLANE('',#5842);
#5104=PLANE('',#5843);
#5105=PLANE('',#5864);
#5106=PLANE('',#5865);
#5107=PLANE('',#5871);
#5108=PLANE('',#5876);
#5109=PLANE('',#5877);
#5110=PLANE('',#5882);
#5111=PLANE('',#5884);
#5112=PLANE('',#5901);
#5113=PLANE('',#5903);
#5114=PLANE('',#5904);
#5115=PLANE('',#5907);
#5116=PLANE('',#5908);
#5117=PLANE('',#5909);
#5118=PLANE('',#5910);
#5119=PLANE('',#5911);
#5120=PLANE('',#5912);
#5121=PLANE('',#5913);
#5122=PLANE('',#5916);
#5123=PLANE('',#5918);
#5124=PLANE('',#5919);
#5125=PLANE('',#5920);
#5126=PLANE('',#5921);
#5127=PLANE('',#5922);
#5128=PLANE('',#5923);
#5129=PLANE('',#5924);
#5130=PLANE('',#5925);
#5131=PLANE('',#5926);
#5132=PLANE('',#5927);
#5133=PLANE('',#5928);
#5134=PLANE('',#5934);
#5135=PLANE('',#5940);
#5136=PLANE('',#5946);
#5137=PLANE('',#5954);
#5138=PLANE('',#5955);
#5139=PLANE('',#5956);
#5140=PLANE('',#5957);
#5141=PLANE('',#5958);
#5142=PLANE('',#5959);
#5143=PLANE('',#5960);
#5144=PLANE('',#5961);
#5145=PLANE('',#5962);
#5146=PLANE('',#5963);
#5147=PLANE('',#5964);
#5148=PLANE('',#5965);
#5149=PLANE('',#5966);
#5150=PLANE('',#5967);
#5151=PLANE('',#5968);
#5152=PLANE('',#5969);
#5153=PLANE('',#5970);
#5154=PLANE('',#5971);
#5155=PLANE('',#5972);
#5156=PLANE('',#5980);
#5157=PLANE('',#5981);
#5158=PLANE('',#5982);
#5159=PLANE('',#5983);
#5160=PLANE('',#5987);
#5161=PLANE('',#5988);
#5162=PLANE('',#5989);
#5163=PLANE('',#5990);
#5164=PLANE('',#6002);
#5165=PLANE('',#6005);
#5166=PLANE('',#6008);
#5167=PLANE('',#6009);
#5168=PLANE('',#6010);
#5169=PLANE('',#6011);
#5170=PLANE('',#6012);
#5171=PLANE('',#6013);
#5172=PLANE('',#6014);
#5173=PLANE('',#6015);
#5174=PLANE('',#6016);
#5175=PLANE('',#6017);
#5176=PLANE('',#6018);
#5177=PLANE('',#6019);
#5178=PLANE('',#6020);
#5179=PLANE('',#6032);
#5180=PLANE('',#6151);
#5181=PLANE('',#6155);
#5182=ADVANCED_FACE('',(#4615),#5045,.T.);
#5183=ADVANCED_FACE('',(#4616),#253,.F.);
#5184=ADVANCED_FACE('',(#4617,#4618),#224,.F.);
#5185=ADVANCED_FACE('',(#4619,#4620,#4621,#4622,#4623,#4624,#4625,#4626,
#4627,#4628),#5046,.T.);
#5186=ADVANCED_FACE('',(#4629,#4630,#4631,#4632),#5047,.F.);
#5187=ADVANCED_FACE('',(#4633),#5048,.F.);
#5188=ADVANCED_FACE('',(#4634),#5049,.F.);
#5189=ADVANCED_FACE('',(#4635),#5050,.F.);
#5190=ADVANCED_FACE('',(#4636),#5051,.F.);
#5191=ADVANCED_FACE('',(#4637),#5052,.F.);
#5192=ADVANCED_FACE('',(#4638,#4639,#4640,#4641,#4642),#5053,.F.);
#5193=ADVANCED_FACE('',(#4643),#5054,.T.);
#5194=ADVANCED_FACE('',(#4644),#5055,.T.);
#5195=ADVANCED_FACE('',(#4645),#5056,.T.);
#5196=ADVANCED_FACE('',(#4646,#4647),#5057,.T.);
#5197=ADVANCED_FACE('',(#4648,#4649),#5058,.T.);
#5198=ADVANCED_FACE('',(#4650,#4651),#5059,.T.);
#5199=ADVANCED_FACE('',(#4652,#4653),#26,.T.);
#5200=ADVANCED_FACE('',(#4654,#4655,#4656),#5060,.T.);
#5201=ADVANCED_FACE('',(#4657),#5061,.F.);
#5202=ADVANCED_FACE('',(#4658),#5062,.T.);
#5203=ADVANCED_FACE('',(#4659),#5063,.T.);
#5204=ADVANCED_FACE('',(#4660),#5064,.T.);
#5205=ADVANCED_FACE('',(#4661),#5065,.T.);
#5206=ADVANCED_FACE('',(#4662),#5066,.F.);
#5207=ADVANCED_FACE('',(#4663),#5067,.T.);
#5208=ADVANCED_FACE('',(#4664),#5068,.T.);
#5209=ADVANCED_FACE('',(#4665),#5069,.T.);
#5210=ADVANCED_FACE('',(#4666,#4667,#4668),#5070,.F.);
#5211=ADVANCED_FACE('',(#4669),#5071,.T.);
#5212=ADVANCED_FACE('',(#4670),#5072,.T.);
#5213=ADVANCED_FACE('',(#4671),#5073,.T.);
#5214=ADVANCED_FACE('',(#4672),#5074,.F.);
#5215=ADVANCED_FACE('',(#4673,#4674),#5075,.F.);
#5216=ADVANCED_FACE('',(#4675),#5076,.T.);
#5217=ADVANCED_FACE('',(#4676),#5077,.T.);
#5218=ADVANCED_FACE('',(#4677),#5078,.T.);
#5219=ADVANCED_FACE('',(#4678),#5079,.T.);
#5220=ADVANCED_FACE('',(#4679),#5080,.T.);
#5221=ADVANCED_FACE('',(#4680),#5081,.T.);
#5222=ADVANCED_FACE('',(#4681),#5082,.F.);
#5223=ADVANCED_FACE('',(#4682),#5083,.F.);
#5224=ADVANCED_FACE('',(#4683),#5084,.T.);
#5225=ADVANCED_FACE('',(#4684),#5085,.T.);
#5226=ADVANCED_FACE('',(#4685),#5086,.T.);
#5227=ADVANCED_FACE('',(#4686),#5087,.T.);
#5228=ADVANCED_FACE('',(#4687),#5088,.T.);
#5229=ADVANCED_FACE('',(#4688),#254,.F.);
#5230=ADVANCED_FACE('',(#4689),#27,.F.);
#5231=ADVANCED_FACE('',(#4690),#255,.F.);
#5232=ADVANCED_FACE('',(#4691),#28,.T.);
#5233=ADVANCED_FACE('',(#4692),#29,.T.);
#5234=ADVANCED_FACE('',(#4693),#12,.T.);
#5235=ADVANCED_FACE('',(#4694),#13,.T.);
#5236=ADVANCED_FACE('',(#4695),#30,.T.);
#5237=ADVANCED_FACE('',(#4696),#256,.T.);
#5238=ADVANCED_FACE('',(#4697),#31,.T.);
#5239=ADVANCED_FACE('',(#4698),#32,.T.);
#5240=ADVANCED_FACE('',(#4699),#14,.T.);
#5241=ADVANCED_FACE('',(#4700),#257,.T.);
#5242=ADVANCED_FACE('',(#4701),#258,.T.);
#5243=ADVANCED_FACE('',(#4702),#259,.T.);
#5244=ADVANCED_FACE('',(#4703),#33,.T.);
#5245=ADVANCED_FACE('',(#4704),#34,.T.);
#5246=ADVANCED_FACE('',(#4705),#35,.T.);
#5247=ADVANCED_FACE('',(#4706),#36,.F.);
#5248=ADVANCED_FACE('',(#4707),#37,.F.);
#5249=ADVANCED_FACE('',(#4708),#38,.T.);
#5250=ADVANCED_FACE('',(#4709),#15,.T.);
#5251=ADVANCED_FACE('',(#4710),#39,.T.);
#5252=ADVANCED_FACE('',(#4711),#5089,.T.);
#5253=ADVANCED_FACE('',(#4712,#4713),#40,.F.);
#5254=ADVANCED_FACE('',(#4714,#4715),#41,.F.);
#5255=ADVANCED_FACE('',(#4716,#4717),#42,.F.);
#5256=ADVANCED_FACE('',(#4718,#4719),#43,.F.);
#5257=ADVANCED_FACE('',(#4720,#4721),#44,.F.);
#5258=ADVANCED_FACE('',(#4722,#4723),#45,.F.);
#5259=ADVANCED_FACE('',(#4724,#4725),#46,.F.);
#5260=ADVANCED_FACE('',(#4726,#4727),#47,.F.);
#5261=ADVANCED_FACE('',(#4728,#4729),#5090,.F.);
#5262=ADVANCED_FACE('',(#4730,#4731),#48,.F.);
#5263=ADVANCED_FACE('',(#4732,#4733),#5091,.F.);
#5264=ADVANCED_FACE('',(#4734,#4735),#49,.F.);
#5265=ADVANCED_FACE('',(#4736,#4737),#5092,.F.);
#5266=ADVANCED_FACE('',(#4738,#4739),#50,.F.);
#5267=ADVANCED_FACE('',(#4740,#4741),#5093,.F.);
#5268=ADVANCED_FACE('',(#4742,#4743),#51,.F.);
#5269=ADVANCED_FACE('',(#4744,#4745),#5094,.T.);
#5270=ADVANCED_FACE('',(#4746,#4747),#52,.F.);
#5271=ADVANCED_FACE('',(#4748,#4749),#5095,.T.);
#5272=ADVANCED_FACE('',(#4750,#4751),#53,.F.);
#5273=ADVANCED_FACE('',(#4752,#4753),#5096,.T.);
#5274=ADVANCED_FACE('',(#4754,#4755),#54,.F.);
#5275=ADVANCED_FACE('',(#4756,#4757),#5097,.T.);
#5276=ADVANCED_FACE('',(#4758,#4759),#55,.F.);
#5277=ADVANCED_FACE('',(#4760),#5098,.T.);
#5278=ADVANCED_FACE('',(#4761,#4762,#4763,#4764,#4765),#5099,.T.);
#5279=ADVANCED_FACE('',(#4766,#4767,#4768,#4769,#4770),#5100,.F.);
#5280=ADVANCED_FACE('',(#4771,#4772),#56,.F.);
#5281=ADVANCED_FACE('',(#4773),#5101,.T.);
#5282=ADVANCED_FACE('',(#4774),#57,.T.);
#5283=ADVANCED_FACE('',(#4775,#4776,#4777,#4778,#4779),#5102,.T.);
#5284=ADVANCED_FACE('',(#4780,#4781,#4782,#4783,#4784),#5103,.F.);
#5285=ADVANCED_FACE('',(#4785),#5104,.T.);
#5286=ADVANCED_FACE('',(#4786,#4787),#225,.F.);
#5287=ADVANCED_FACE('',(#4788),#226,.F.);
#5288=ADVANCED_FACE('',(#4789),#58,.F.);
#5289=ADVANCED_FACE('',(#4790),#59,.F.);
#5290=ADVANCED_FACE('',(#4791),#227,.F.);
#5291=ADVANCED_FACE('',(#4792),#16,.F.);
#5292=ADVANCED_FACE('',(#4793),#60,.F.);
#5293=ADVANCED_FACE('',(#4794),#228,.F.);
#5294=ADVANCED_FACE('',(#4795),#17,.F.);
#5295=ADVANCED_FACE('',(#4796),#229,.T.);
#5296=ADVANCED_FACE('',(#4797),#260,.T.);
#5297=ADVANCED_FACE('',(#4798),#230,.T.);
#5298=ADVANCED_FACE('',(#4799),#61,.T.);
#5299=ADVANCED_FACE('',(#4800),#5105,.F.);
#5300=ADVANCED_FACE('',(#4801),#5106,.F.);
#5301=ADVANCED_FACE('',(#4802,#4803),#62,.F.);
#5302=ADVANCED_FACE('',(#4804,#4805),#63,.F.);
#5303=ADVANCED_FACE('',(#4806,#4807,#4808),#5107,.T.);
#5304=ADVANCED_FACE('',(#4809),#5108,.T.);
#5305=ADVANCED_FACE('',(#4810),#5109,.T.);
#5306=ADVANCED_FACE('',(#4811),#5110,.F.);
#5307=ADVANCED_FACE('',(#4812,#4813,#4814),#5111,.F.);
#5308=ADVANCED_FACE('',(#4815),#64,.F.);
#5309=ADVANCED_FACE('',(#4816),#65,.F.);
#5310=ADVANCED_FACE('',(#4817),#66,.F.);
#5311=ADVANCED_FACE('',(#4818),#67,.F.);
#5312=ADVANCED_FACE('',(#4819),#68,.F.);
#5313=ADVANCED_FACE('',(#4820),#69,.F.);
#5314=ADVANCED_FACE('',(#4821),#70,.F.);
#5315=ADVANCED_FACE('',(#4822),#5112,.T.);
#5316=ADVANCED_FACE('',(#4823),#71,.F.);
#5317=ADVANCED_FACE('',(#4824),#5113,.T.);
#5318=ADVANCED_FACE('',(#4825),#5114,.F.);
#5319=ADVANCED_FACE('',(#4826),#72,.F.);
#5320=ADVANCED_FACE('',(#4827),#5115,.T.);
#5321=ADVANCED_FACE('',(#4828),#5116,.T.);
#5322=ADVANCED_FACE('',(#4829),#5117,.T.);
#5323=ADVANCED_FACE('',(#4830),#5118,.T.);
#5324=ADVANCED_FACE('',(#4831),#5119,.T.);
#5325=ADVANCED_FACE('',(#4832),#5120,.F.);
#5326=ADVANCED_FACE('',(#4833),#5121,.F.);
#5327=ADVANCED_FACE('',(#4834),#5122,.F.);
#5328=ADVANCED_FACE('',(#4835),#5123,.F.);
#5329=ADVANCED_FACE('',(#4836),#5124,.T.);
#5330=ADVANCED_FACE('',(#4837),#5125,.F.);
#5331=ADVANCED_FACE('',(#4838),#5126,.F.);
#5332=ADVANCED_FACE('',(#4839),#5127,.F.);
#5333=ADVANCED_FACE('',(#4840),#5128,.F.);
#5334=ADVANCED_FACE('',(#4841),#5129,.T.);
#5335=ADVANCED_FACE('',(#4842),#5130,.T.);
#5336=ADVANCED_FACE('',(#4843),#5131,.F.);
#5337=ADVANCED_FACE('',(#4844),#5132,.T.);
#5338=ADVANCED_FACE('',(#4845),#5133,.F.);
#5339=ADVANCED_FACE('',(#4846,#4847),#73,.F.);
#5340=ADVANCED_FACE('',(#4848,#4849),#74,.F.);
#5341=ADVANCED_FACE('',(#4850,#4851),#75,.F.);
#5342=ADVANCED_FACE('',(#4852,#4853),#76,.F.);
#5343=ADVANCED_FACE('',(#4854,#4855,#4856),#5134,.F.);
#5344=ADVANCED_FACE('',(#4857,#4858),#77,.F.);
#5345=ADVANCED_FACE('',(#4859,#4860),#78,.T.);
#5346=ADVANCED_FACE('',(#4861,#4862),#5135,.F.);
#5347=ADVANCED_FACE('',(#4863,#4864),#79,.F.);
#5348=ADVANCED_FACE('',(#4865,#4866),#80,.T.);
#5349=ADVANCED_FACE('',(#4867,#4868),#5136,.F.);
#5350=ADVANCED_FACE('',(#4869,#4870),#81,.F.);
#5351=ADVANCED_FACE('',(#4871,#4872),#82,.T.);
#5352=ADVANCED_FACE('',(#4873,#4874),#261,.F.);
#5353=ADVANCED_FACE('',(#4875,#4876),#262,.F.);
#5354=ADVANCED_FACE('',(#4877),#5137,.T.);
#5355=ADVANCED_FACE('',(#4878),#5138,.T.);
#5356=ADVANCED_FACE('',(#4879),#5139,.T.);
#5357=ADVANCED_FACE('',(#4880),#5140,.T.);
#5358=ADVANCED_FACE('',(#4881),#5141,.T.);
#5359=ADVANCED_FACE('',(#4882),#5142,.T.);
#5360=ADVANCED_FACE('',(#4883),#5143,.T.);
#5361=ADVANCED_FACE('',(#4884),#5144,.T.);
#5362=ADVANCED_FACE('',(#4885),#5145,.T.);
#5363=ADVANCED_FACE('',(#4886),#5146,.T.);
#5364=ADVANCED_FACE('',(#4887),#5147,.T.);
#5365=ADVANCED_FACE('',(#4888),#5148,.F.);
#5366=ADVANCED_FACE('',(#4889),#5149,.F.);
#5367=ADVANCED_FACE('',(#4890),#5150,.F.);
#5368=ADVANCED_FACE('',(#4891),#5151,.F.);
#5369=ADVANCED_FACE('',(#4892),#5152,.F.);
#5370=ADVANCED_FACE('',(#4893),#5153,.F.);
#5371=ADVANCED_FACE('',(#4894),#5154,.F.);
#5372=ADVANCED_FACE('',(#4895,#4896),#5155,.F.);
#5373=ADVANCED_FACE('',(#4897),#5156,.T.);
#5374=ADVANCED_FACE('',(#4898),#5157,.T.);
#5375=ADVANCED_FACE('',(#4899),#5158,.T.);
#5376=ADVANCED_FACE('',(#4900,#4901),#5159,.F.);
#5377=ADVANCED_FACE('',(#4902),#5160,.F.);
#5378=ADVANCED_FACE('',(#4903),#5161,.F.);
#5379=ADVANCED_FACE('',(#4904),#5162,.F.);
#5380=ADVANCED_FACE('',(#4905,#4906),#5163,.F.);
#5381=ADVANCED_FACE('',(#4907,#4908),#83,.F.);
#5382=ADVANCED_FACE('',(#4909,#4910),#84,.F.);
#5383=ADVANCED_FACE('',(#4911,#4912),#85,.F.);
#5384=ADVANCED_FACE('',(#4913,#4914),#86,.T.);
#5385=ADVANCED_FACE('',(#4915,#4916),#5164,.F.);
#5386=ADVANCED_FACE('',(#4917,#4918),#87,.T.);
#5387=ADVANCED_FACE('',(#4919,#4920),#5165,.F.);
#5388=ADVANCED_FACE('',(#4921,#4922),#88,.T.);
#5389=ADVANCED_FACE('',(#4923,#4924),#5166,.F.);
#5390=ADVANCED_FACE('',(#4925),#5167,.F.);
#5391=ADVANCED_FACE('',(#4926),#5168,.F.);
#5392=ADVANCED_FACE('',(#4927),#5169,.F.);
#5393=ADVANCED_FACE('',(#4928),#5170,.F.);
#5394=ADVANCED_FACE('',(#4929),#5171,.F.);
#5395=ADVANCED_FACE('',(#4930),#5172,.F.);
#5396=ADVANCED_FACE('',(#4931),#5173,.F.);
#5397=ADVANCED_FACE('',(#4932),#5174,.T.);
#5398=ADVANCED_FACE('',(#4933),#5175,.T.);
#5399=ADVANCED_FACE('',(#4934),#5176,.F.);
#5400=ADVANCED_FACE('',(#4935),#5177,.F.);
#5401=ADVANCED_FACE('',(#4936),#5178,.T.);
#5402=ADVANCED_FACE('',(#4937,#4938),#89,.F.);
#5403=ADVANCED_FACE('',(#4939,#4940),#90,.F.);
#5404=ADVANCED_FACE('',(#4941,#4942),#91,.F.);
#5405=ADVANCED_FACE('',(#4943),#92,.F.);
#5406=ADVANCED_FACE('',(#4944),#93,.F.);
#5407=ADVANCED_FACE('',(#4945),#94,.F.);
#5408=ADVANCED_FACE('',(#4946),#95,.F.);
#5409=ADVANCED_FACE('',(#4947),#5179,.F.);
#5410=ADVANCED_FACE('',(#4948),#96,.F.);
#5411=ADVANCED_FACE('',(#4949),#97,.F.);
#5412=ADVANCED_FACE('',(#4950),#98,.F.);
#5413=ADVANCED_FACE('',(#4951),#99,.F.);
#5414=ADVANCED_FACE('',(#4952),#100,.F.);
#5415=ADVANCED_FACE('',(#4953),#101,.T.);
#5416=ADVANCED_FACE('',(#4954),#102,.T.);
#5417=ADVANCED_FACE('',(#4955),#103,.F.);
#5418=ADVANCED_FACE('',(#4956),#104,.T.);
#5419=ADVANCED_FACE('',(#4957),#105,.F.);
#5420=ADVANCED_FACE('',(#4958),#106,.T.);
#5421=ADVANCED_FACE('',(#4959),#107,.F.);
#5422=ADVANCED_FACE('',(#4960),#108,.T.);
#5423=ADVANCED_FACE('',(#4961),#109,.F.);
#5424=ADVANCED_FACE('',(#4962),#110,.T.);
#5425=ADVANCED_FACE('',(#4963),#111,.F.);
#5426=ADVANCED_FACE('',(#4964),#112,.T.);
#5427=ADVANCED_FACE('',(#4965),#113,.F.);
#5428=ADVANCED_FACE('',(#4966),#114,.F.);
#5429=ADVANCED_FACE('',(#4967),#115,.T.);
#5430=ADVANCED_FACE('',(#4968),#116,.T.);
#5431=ADVANCED_FACE('',(#4969),#117,.T.);
#5432=ADVANCED_FACE('',(#4970),#118,.F.);
#5433=ADVANCED_FACE('',(#4971),#119,.F.);
#5434=ADVANCED_FACE('',(#4972),#120,.T.);
#5435=ADVANCED_FACE('',(#4973),#121,.T.);
#5436=ADVANCED_FACE('',(#4974),#122,.F.);
#5437=ADVANCED_FACE('',(#4975),#123,.F.);
#5438=ADVANCED_FACE('',(#4976),#124,.F.);
#5439=ADVANCED_FACE('',(#4977),#125,.F.);
#5440=ADVANCED_FACE('',(#4978),#126,.F.);
#5441=ADVANCED_FACE('',(#4979),#127,.F.);
#5442=ADVANCED_FACE('',(#4980),#128,.T.);
#5443=ADVANCED_FACE('',(#4981),#129,.T.);
#5444=ADVANCED_FACE('',(#4982),#130,.F.);
#5445=ADVANCED_FACE('',(#4983),#131,.F.);
#5446=ADVANCED_FACE('',(#4984),#132,.F.);
#5447=ADVANCED_FACE('',(#4985),#133,.T.);
#5448=ADVANCED_FACE('',(#4986),#134,.F.);
#5449=ADVANCED_FACE('',(#4987),#135,.T.);
#5450=ADVANCED_FACE('',(#4988),#136,.F.);
#5451=ADVANCED_FACE('',(#4989),#137,.F.);
#5452=ADVANCED_FACE('',(#4990),#138,.T.);
#5453=ADVANCED_FACE('',(#4991),#139,.F.);
#5454=ADVANCED_FACE('',(#4992),#140,.F.);
#5455=ADVANCED_FACE('',(#4993),#141,.T.);
#5456=ADVANCED_FACE('',(#4994),#142,.T.);
#5457=ADVANCED_FACE('',(#4995),#143,.T.);
#5458=ADVANCED_FACE('',(#4996),#144,.F.);
#5459=ADVANCED_FACE('',(#4997),#145,.F.);
#5460=ADVANCED_FACE('',(#4998),#146,.F.);
#5461=ADVANCED_FACE('',(#4999),#147,.F.);
#5462=ADVANCED_FACE('',(#5000),#263,.T.);
#5463=ADVANCED_FACE('',(#5001),#148,.T.);
#5464=ADVANCED_FACE('',(#5002),#149,.T.);
#5465=ADVANCED_FACE('',(#5003),#231,.F.);
#5466=ADVANCED_FACE('',(#5004),#232,.F.);
#5467=ADVANCED_FACE('',(#5005),#150,.F.);
#5468=ADVANCED_FACE('',(#5006),#151,.F.);
#5469=ADVANCED_FACE('',(#5007),#152,.F.);
#5470=ADVANCED_FACE('',(#5008),#153,.F.);
#5471=ADVANCED_FACE('',(#5009),#154,.T.);
#5472=ADVANCED_FACE('',(#5010),#264,.T.);
#5473=ADVANCED_FACE('',(#5011),#155,.T.);
#5474=ADVANCED_FACE('',(#5012),#18,.T.);
#5475=ADVANCED_FACE('',(#5013),#19,.T.);
#5476=ADVANCED_FACE('',(#5014),#156,.T.);
#5477=ADVANCED_FACE('',(#5015),#265,.T.);
#5478=ADVANCED_FACE('',(#5016),#266,.T.);
#5479=ADVANCED_FACE('',(#5017),#157,.T.);
#5480=ADVANCED_FACE('',(#5018),#20,.T.);
#5481=ADVANCED_FACE('',(#5019),#21,.T.);
#5482=ADVANCED_FACE('',(#5020),#267,.T.);
#5483=ADVANCED_FACE('',(#5021),#158,.T.);
#5484=ADVANCED_FACE('',(#5022),#268,.T.);
#5485=ADVANCED_FACE('',(#5023),#159,.T.);
#5486=ADVANCED_FACE('',(#5024),#22,.T.);
#5487=ADVANCED_FACE('',(#5025),#23,.T.);
#5488=ADVANCED_FACE('',(#5026),#160,.T.);
#5489=ADVANCED_FACE('',(#5027),#269,.T.);
#5490=ADVANCED_FACE('',(#5028),#270,.T.);
#5491=ADVANCED_FACE('',(#5029),#161,.T.);
#5492=ADVANCED_FACE('',(#5030),#24,.T.);
#5493=ADVANCED_FACE('',(#5031),#25,.T.);
#5494=ADVANCED_FACE('',(#5032),#271,.T.);
#5495=ADVANCED_FACE('',(#5033,#5034),#162,.F.);
#5496=ADVANCED_FACE('',(#5035,#5036),#5180,.T.);
#5497=ADVANCED_FACE('',(#5037,#5038),#163,.F.);
#5498=ADVANCED_FACE('',(#5039,#5040),#5181,.T.);
#5499=ADVANCED_FACE('',(#5041,#5042),#164,.F.);
#5500=ADVANCED_FACE('',(#5043,#5044),#165,.F.);
#5501=CLOSED_SHELL('',(#5182,#5183,#5184,#5185,#5186,#5187,#5188,#5189,
#5190,#5191,#5192,#5193,#5194,#5195,#5196,#5197,#5198,#5199,#5200,#5201,
#5202,#5203,#5204,#5205,#5206,#5207,#5208,#5209,#5210,#5211,#5212,#5213,
#5214,#5215,#5216,#5217,#5218,#5219,#5220,#5221,#5222,#5223,#5224,#5225,
#5226,#5227,#5228,#5229,#5230,#5231,#5232,#5233,#5234,#5235,#5236,#5237,
#5238,#5239,#5240,#5241,#5242,#5243,#5244,#5245,#5246,#5247,#5248,#5249,
#5250,#5251,#5252,#5253,#5254,#5255,#5256,#5257,#5258,#5259,#5260,#5261,
#5262,#5263,#5264,#5265,#5266,#5267,#5268,#5269,#5270,#5271,#5272,#5273,
#5274,#5275,#5276,#5277,#5278,#5279,#5280,#5281,#5282,#5283,#5284,#5285,
#5286,#5287,#5288,#5289,#5290,#5291,#5292,#5293,#5294,#5295,#5296,#5297,
#5298,#5299,#5300,#5301,#5302,#5303,#5304,#5305,#5306,#5307,#5308,#5309,
#5310,#5311,#5312,#5313,#5314,#5315,#5316,#5317,#5318,#5319,#5320,#5321,
#5322,#5323,#5324,#5325,#5326,#5327,#5328,#5329,#5330,#5331,#5332,#5333,
#5334,#5335,#5336,#5337,#5338,#5339,#5340,#5341,#5342,#5343,#5344,#5345,
#5346,#5347,#5348,#5349,#5350,#5351,#5352,#5353,#5354,#5355,#5356,#5357,
#5358,#5359,#5360,#5361,#5362,#5363,#5364,#5365,#5366,#5367,#5368,#5369,
#5370,#5371,#5372,#5373,#5374,#5375,#5376,#5377,#5378,#5379,#5380,#5381,
#5382,#5383,#5384,#5385,#5386,#5387,#5388,#5389,#5390,#5391,#5392,#5393,
#5394,#5395,#5396,#5397,#5398,#5399,#5400,#5401,#5402,#5403,#5404,#5405,
#5406,#5407,#5408,#5409,#5410,#5411,#5412,#5413,#5414,#5415,#5416,#5417,
#5418,#5419,#5420,#5421,#5422,#5423,#5424,#5425,#5426,#5427,#5428,#5429,
#5430,#5431,#5432,#5433,#5434,#5435,#5436,#5437,#5438,#5439,#5440,#5441,
#5442,#5443,#5444,#5445,#5446,#5447,#5448,#5449,#5450,#5451,#5452,#5453,
#5454,#5455,#5456,#5457,#5458,#5459,#5460,#5461,#5462,#5463,#5464,#5465,
#5466,#5467,#5468,#5469,#5470,#5471,#5472,#5473,#5474,#5475,#5476,#5477,
#5478,#5479,#5480,#5481,#5482,#5483,#5484,#5485,#5486,#5487,#5488,#5489,
#5490,#5491,#5492,#5493,#5494,#5495,#5496,#5497,#5498,#5499,#5500));
#5502=STYLED_ITEM('',(#5503),#5510);
#5503=PRESENTATION_STYLE_ASSIGNMENT((#5504));
#5504=SURFACE_STYLE_USAGE(.BOTH.,#5505);
#5505=SURFACE_SIDE_STYLE('',(#5506));
#5506=SURFACE_STYLE_FILL_AREA(#5507);
#5507=FILL_AREA_STYLE('',(#5508));
#5508=FILL_AREA_STYLE_COLOUR('',#5509);
#5509=COLOUR_RGB('',0.4,0.4,0.4);
#5510=MANIFOLD_SOLID_BREP('Front L',#5501);
#5511=SHAPE_DEFINITION_REPRESENTATION(#9880,#5512);
#5512=SHAPE_REPRESENTATION('Front L',(#5513),#9875);
#5513=AXIS2_PLACEMENT_3D('',#7863,#6159,#6160);
#5514=AXIS2_PLACEMENT_3D('',#7864,#6161,#6162);
#5515=AXIS2_PLACEMENT_3D('',#7872,#6166,#6167);
#5516=AXIS2_PLACEMENT_3D('',#7873,#6168,#6169);
#5517=AXIS2_PLACEMENT_3D('',#7883,#6170,#6171);
#5518=AXIS2_PLACEMENT_3D('',#7901,#6172,#6173);
#5519=AXIS2_PLACEMENT_3D('',#7911,#6174,#6175);
#5520=AXIS2_PLACEMENT_3D('',#7975,#6176,#6177);
#5521=AXIS2_PLACEMENT_3D('',#7984,#6178,#6179);
#5522=AXIS2_PLACEMENT_3D('',#7985,#6180,#6181);
#5523=AXIS2_PLACEMENT_3D('',#7986,#6182,#6183);
#5524=AXIS2_PLACEMENT_3D('',#7987,#6184,#6185);
#5525=AXIS2_PLACEMENT_3D('',#7992,#6187,#6188);
#5526=AXIS2_PLACEMENT_3D('',#7996,#6190,#6191);
#5527=AXIS2_PLACEMENT_3D('',#8020,#6203,#6204);
#5528=AXIS2_PLACEMENT_3D('',#8024,#6206,#6207);
#5529=AXIS2_PLACEMENT_3D('',#8032,#6211,#6212);
#5530=AXIS2_PLACEMENT_3D('',#8036,#6214,#6215);
#5531=AXIS2_PLACEMENT_3D('',#8040,#6217,#6218);
#5532=AXIS2_PLACEMENT_3D('',#8044,#6220,#6221);
#5533=AXIS2_PLACEMENT_3D('',#8050,#6224,#6225);
#5534=AXIS2_PLACEMENT_3D('',#8054,#6227,#6228);
#5535=AXIS2_PLACEMENT_3D('',#8058,#6230,#6231);
#5536=AXIS2_PLACEMENT_3D('',#8062,#6233,#6234);
#5537=AXIS2_PLACEMENT_3D('',#8066,#6236,#6237);
#5538=AXIS2_PLACEMENT_3D('',#8070,#6239,#6240);
#5539=AXIS2_PLACEMENT_3D('',#8074,#6242,#6243);
#5540=AXIS2_PLACEMENT_3D('',#8078,#6245,#6246);
#5541=AXIS2_PLACEMENT_3D('',#8084,#6249,#6250);
#5542=AXIS2_PLACEMENT_3D('',#8088,#6252,#6253);
#5543=AXIS2_PLACEMENT_3D('',#8092,#6255,#6256);
#5544=AXIS2_PLACEMENT_3D('',#8096,#6258,#6259);
#5545=AXIS2_PLACEMENT_3D('',#8100,#6261,#6262);
#5546=AXIS2_PLACEMENT_3D('',#8104,#6264,#6265);
#5547=AXIS2_PLACEMENT_3D('',#8108,#6267,#6268);
#5548=AXIS2_PLACEMENT_3D('',#8112,#6270,#6271);
#5549=AXIS2_PLACEMENT_3D('',#8116,#6273,#6274);
#5550=AXIS2_PLACEMENT_3D('',#8120,#6276,#6277);
#5551=AXIS2_PLACEMENT_3D('',#8121,#6278,#6279);
#5552=AXIS2_PLACEMENT_3D('',#8123,#6280,#6281);
#5553=AXIS2_PLACEMENT_3D('',#8125,#6282,#6283);
#5554=AXIS2_PLACEMENT_3D('',#8127,#6284,#6285);
#5555=AXIS2_PLACEMENT_3D('',#8129,#6286,#6287);
#5556=AXIS2_PLACEMENT_3D('',#8131,#6288,#6289);
#5557=AXIS2_PLACEMENT_3D('',#8133,#6290,#6291);
#5558=AXIS2_PLACEMENT_3D('',#8135,#6292,#6293);
#5559=AXIS2_PLACEMENT_3D('',#8137,#6294,#6295);
#5560=AXIS2_PLACEMENT_3D('',#8139,#6296,#6297);
#5561=AXIS2_PLACEMENT_3D('',#8141,#6298,#6299);
#5562=AXIS2_PLACEMENT_3D('',#8142,#6300,#6301);
#5563=AXIS2_PLACEMENT_3D('',#8144,#6302,#6303);
#5564=AXIS2_PLACEMENT_3D('',#8146,#6304,#6305);
#5565=AXIS2_PLACEMENT_3D('',#8148,#6306,#6307);
#5566=AXIS2_PLACEMENT_3D('',#8150,#6308,#6309);
#5567=AXIS2_PLACEMENT_3D('',#8152,#6310,#6311);
#5568=AXIS2_PLACEMENT_3D('',#8154,#6312,#6313);
#5569=AXIS2_PLACEMENT_3D('',#8156,#6314,#6315);
#5570=AXIS2_PLACEMENT_3D('',#8158,#6316,#6317);
#5571=AXIS2_PLACEMENT_3D('',#8159,#6318,#6319);
#5572=AXIS2_PLACEMENT_3D('',#8161,#6320,#6321);
#5573=AXIS2_PLACEMENT_3D('',#8163,#6322,#6323);
#5574=AXIS2_PLACEMENT_3D('',#8165,#6324,#6325);
#5575=AXIS2_PLACEMENT_3D('',#8167,#6326,#6327);
#5576=AXIS2_PLACEMENT_3D('',#8169,#6328,#6329);
#5577=AXIS2_PLACEMENT_3D('',#8170,#6330,#6331);
#5578=AXIS2_PLACEMENT_3D('',#8172,#6332,#6333);
#5579=AXIS2_PLACEMENT_3D('',#8177,#6335,#6336);
#5580=AXIS2_PLACEMENT_3D('',#8181,#6338,#6339);
#5581=AXIS2_PLACEMENT_3D('',#8185,#6341,#6342);
#5582=AXIS2_PLACEMENT_3D('',#8189,#6344,#6345);
#5583=AXIS2_PLACEMENT_3D('',#8193,#6347,#6348);
#5584=AXIS2_PLACEMENT_3D('',#8209,#6356,#6357);
#5585=AXIS2_PLACEMENT_3D('',#8213,#6359,#6360);
#5586=AXIS2_PLACEMENT_3D('',#8217,#6362,#6363);
#5587=AXIS2_PLACEMENT_3D('',#8218,#6364,#6365);
#5588=AXIS2_PLACEMENT_3D('',#8220,#6366,#6367);
#5589=AXIS2_PLACEMENT_3D('',#8227,#6372,#6373);
#5590=AXIS2_PLACEMENT_3D('',#8234,#6378,#6379);
#5591=AXIS2_PLACEMENT_3D('',#8237,#6382,#6383);
#5592=AXIS2_PLACEMENT_3D('',#8243,#6387,#6388);
#5593=AXIS2_PLACEMENT_3D('',#8246,#6391,#6392);
#5594=AXIS2_PLACEMENT_3D('',#8247,#6393,#6394);
#5595=AXIS2_PLACEMENT_3D('',#8249,#6395,#6396);
#5596=AXIS2_PLACEMENT_3D('',#8251,#6397,#6398);
#5597=AXIS2_PLACEMENT_3D('',#8253,#6399,#6400);
#5598=AXIS2_PLACEMENT_3D('',#8258,#6402,#6403);
#5599=AXIS2_PLACEMENT_3D('',#8262,#6405,#6406);
#5600=AXIS2_PLACEMENT_3D('',#8265,#6408,#6409);
#5601=AXIS2_PLACEMENT_3D('',#8268,#6410,#6411);
#5602=AXIS2_PLACEMENT_3D('',#8275,#6415,#6416);
#5603=AXIS2_PLACEMENT_3D('',#8279,#6418,#6419);
#5604=AXIS2_PLACEMENT_3D('',#8282,#6421,#6422);
#5605=AXIS2_PLACEMENT_3D('',#8286,#6424,#6425);
#5606=AXIS2_PLACEMENT_3D('',#8292,#6428,#6429);
#5607=AXIS2_PLACEMENT_3D('',#8296,#6431,#6432);
#5608=AXIS2_PLACEMENT_3D('',#8302,#6435,#6436);
#5609=AXIS2_PLACEMENT_3D('',#8306,#6438,#6439);
#5610=AXIS2_PLACEMENT_3D('',#8310,#6441,#6442);
#5611=AXIS2_PLACEMENT_3D('',#8314,#6444,#6445);
#5612=AXIS2_PLACEMENT_3D('',#8320,#6448,#6449);
#5613=AXIS2_PLACEMENT_3D('',#8324,#6451,#6452);
#5614=AXIS2_PLACEMENT_3D('',#8330,#6455,#6456);
#5615=AXIS2_PLACEMENT_3D('',#8334,#6458,#6459);
#5616=AXIS2_PLACEMENT_3D('',#8340,#6462,#6463);
#5617=AXIS2_PLACEMENT_3D('',#8344,#6465,#6466);
#5618=AXIS2_PLACEMENT_3D('',#8348,#6468,#6469);
#5619=AXIS2_PLACEMENT_3D('',#8352,#6471,#6472);
#5620=AXIS2_PLACEMENT_3D('',#8360,#6476,#6477);
#5621=AXIS2_PLACEMENT_3D('',#8366,#6480,#6481);
#5622=AXIS2_PLACEMENT_3D('',#8370,#6483,#6484);
#5623=AXIS2_PLACEMENT_3D('',#8374,#6486,#6487);
#5624=AXIS2_PLACEMENT_3D('',#8378,#6489,#6490);
#5625=AXIS2_PLACEMENT_3D('',#8382,#6492,#6493);
#5626=AXIS2_PLACEMENT_3D('',#8386,#6495,#6496);
#5627=AXIS2_PLACEMENT_3D('',#8392,#6499,#6500);
#5628=AXIS2_PLACEMENT_3D('',#8412,#6510,#6511);
#5629=AXIS2_PLACEMENT_3D('',#8416,#6513,#6514);
#5630=AXIS2_PLACEMENT_3D('',#8423,#6518,#6519);
#5631=AXIS2_PLACEMENT_3D('',#8425,#6520,#6521);
#5632=AXIS2_PLACEMENT_3D('',#8427,#6522,#6523);
#5633=AXIS2_PLACEMENT_3D('',#8429,#6524,#6525);
#5634=AXIS2_PLACEMENT_3D('',#8431,#6526,#6527);
#5635=AXIS2_PLACEMENT_3D('',#8435,#6529,#6530);
#5636=AXIS2_PLACEMENT_3D('',#8437,#6531,#6532);
#5637=AXIS2_PLACEMENT_3D('',#8439,#6533,#6534);
#5638=AXIS2_PLACEMENT_3D('',#8440,#6535,#6536);
#5639=AXIS2_PLACEMENT_3D('',#8448,#6542,#6543);
#5640=AXIS2_PLACEMENT_3D('',#8451,#6546,#6547);
#5641=AXIS2_PLACEMENT_3D('',#8454,#6550,#6551);
#5642=AXIS2_PLACEMENT_3D('',#8455,#6552,#6553);
#5643=AXIS2_PLACEMENT_3D('',#8457,#6554,#6555);
#5644=AXIS2_PLACEMENT_3D('',#8459,#6556,#6557);
#5645=AXIS2_PLACEMENT_3D('',#8460,#6558,#6559);
#5646=AXIS2_PLACEMENT_3D('',#8462,#6560,#6561);
#5647=AXIS2_PLACEMENT_3D('',#8464,#6562,#6563);
#5648=AXIS2_PLACEMENT_3D('',#8465,#6564,#6565);
#5649=AXIS2_PLACEMENT_3D('',#8467,#6566,#6567);
#5650=AXIS2_PLACEMENT_3D('',#8469,#6568,#6569);
#5651=AXIS2_PLACEMENT_3D('',#8470,#6570,#6571);
#5652=AXIS2_PLACEMENT_3D('',#8517,#6572,#6573);
#5653=AXIS2_PLACEMENT_3D('',#8518,#6574,#6575);
#5654=AXIS2_PLACEMENT_3D('',#8520,#6576,#6577);
#5655=AXIS2_PLACEMENT_3D('',#8530,#6582,#6583);
#5656=AXIS2_PLACEMENT_3D('',#8540,#6589,#6590);
#5657=AXIS2_PLACEMENT_3D('',#8541,#6591,#6592);
#5658=AXIS2_PLACEMENT_3D('',#8545,#6594,#6595);
#5659=AXIS2_PLACEMENT_3D('',#8549,#6597,#6598);
#5660=AXIS2_PLACEMENT_3D('',#8553,#6600,#6601);
#5661=AXIS2_PLACEMENT_3D('',#8557,#6603,#6604);
#5662=AXIS2_PLACEMENT_3D('',#8559,#6605,#6606);
#5663=AXIS2_PLACEMENT_3D('',#8563,#6608,#6609);
#5664=AXIS2_PLACEMENT_3D('',#8570,#6613,#6614);
#5665=AXIS2_PLACEMENT_3D('',#8576,#6618,#6619);
#5666=AXIS2_PLACEMENT_3D('',#8580,#6621,#6622);
#5667=AXIS2_PLACEMENT_3D('',#8585,#6625,#6626);
#5668=AXIS2_PLACEMENT_3D('',#8591,#6629,#6630);
#5669=AXIS2_PLACEMENT_3D('',#8593,#6631,#6632);
#5670=AXIS2_PLACEMENT_3D('',#8597,#6634,#6635);
#5671=AXIS2_PLACEMENT_3D('',#8601,#6637,#6638);
#5672=AXIS2_PLACEMENT_3D('',#8606,#6641,#6642);
#5673=AXIS2_PLACEMENT_3D('',#8609,#6645,#6646);
#5674=AXIS2_PLACEMENT_3D('',#8612,#6648,#6649);
#5675=AXIS2_PLACEMENT_3D('',#8618,#6653,#6654);
#5676=AXIS2_PLACEMENT_3D('',#8621,#6657,#6658);
#5677=AXIS2_PLACEMENT_3D('',#8630,#6663,#6664);
#5678=AXIS2_PLACEMENT_3D('',#8631,#6665,#6666);
#5679=AXIS2_PLACEMENT_3D('',#8633,#6667,#6668);
#5680=AXIS2_PLACEMENT_3D('',#8638,#6670,#6671);
#5681=AXIS2_PLACEMENT_3D('',#8642,#6673,#6674);
#5682=AXIS2_PLACEMENT_3D('',#8647,#6677,#6678);
#5683=AXIS2_PLACEMENT_3D('',#8648,#6679,#6680);
#5684=AXIS2_PLACEMENT_3D('',#8649,#6681,#6682);
#5685=AXIS2_PLACEMENT_3D('',#8656,#6686,#6687);
#5686=AXIS2_PLACEMENT_3D('',#8660,#6689,#6690);
#5687=AXIS2_PLACEMENT_3D('',#8670,#6696,#6697);
#5688=AXIS2_PLACEMENT_3D('',#8673,#6699,#6700);
#5689=AXIS2_PLACEMENT_3D('',#8686,#6707,#6708);
#5690=AXIS2_PLACEMENT_3D('',#8689,#6711,#6712);
#5691=AXIS2_PLACEMENT_3D('',#8690,#6713,#6714);
#5692=AXIS2_PLACEMENT_3D('',#8692,#6715,#6716);
#5693=AXIS2_PLACEMENT_3D('',#8694,#6717,#6718);
#5694=AXIS2_PLACEMENT_3D('',#8695,#6719,#6720);
#5695=AXIS2_PLACEMENT_3D('',#8698,#6721,#6722);
#5696=AXIS2_PLACEMENT_3D('',#8702,#6724,#6725);
#5697=AXIS2_PLACEMENT_3D('',#8703,#6726,#6727);
#5698=AXIS2_PLACEMENT_3D('',#8707,#6729,#6730);
#5699=AXIS2_PLACEMENT_3D('',#8719,#6736,#6737);
#5700=AXIS2_PLACEMENT_3D('',#8723,#6739,#6740);
#5701=AXIS2_PLACEMENT_3D('',#8727,#6742,#6743);
#5702=AXIS2_PLACEMENT_3D('',#8728,#6744,#6745);
#5703=AXIS2_PLACEMENT_3D('',#8731,#6748,#6749);
#5704=AXIS2_PLACEMENT_3D('',#8734,#6752,#6753);
#5705=AXIS2_PLACEMENT_3D('',#8737,#6756,#6757);
#5706=AXIS2_PLACEMENT_3D('',#8739,#6759,#6760);
#5707=AXIS2_PLACEMENT_3D('',#8741,#6762,#6763);
#5708=AXIS2_PLACEMENT_3D('',#8743,#6765,#6766);
#5709=AXIS2_PLACEMENT_3D('',#8745,#6768,#6769);
#5710=AXIS2_PLACEMENT_3D('',#8747,#6771,#6772);
#5711=AXIS2_PLACEMENT_3D('',#8749,#6774,#6775);
#5712=AXIS2_PLACEMENT_3D('',#8751,#6777,#6778);
#5713=AXIS2_PLACEMENT_3D('',#8752,#6779,#6780);
#5714=AXIS2_PLACEMENT_3D('',#8753,#6781,#6782);
#5715=AXIS2_PLACEMENT_3D('',#8763,#6783,#6784);
#5716=AXIS2_PLACEMENT_3D('',#8765,#6785,#6786);
#5717=AXIS2_PLACEMENT_3D('',#8766,#6787,#6788);
#5718=AXIS2_PLACEMENT_3D('',#8767,#6789,#6790);
#5719=AXIS2_PLACEMENT_3D('',#8771,#6792,#6793);
#5720=AXIS2_PLACEMENT_3D('',#8774,#6795,#6796);
#5721=AXIS2_PLACEMENT_3D('',#8775,#6797,#6798);
#5722=AXIS2_PLACEMENT_3D('',#8784,#6799,#6800);
#5723=AXIS2_PLACEMENT_3D('',#8785,#6801,#6802);
#5724=AXIS2_PLACEMENT_3D('',#8786,#6803,#6804);
#5725=AXIS2_PLACEMENT_3D('',#8791,#6806,#6807);
#5726=AXIS2_PLACEMENT_3D('',#8794,#6809,#6810);
#5727=AXIS2_PLACEMENT_3D('',#8795,#6811,#6812);
#5728=AXIS2_PLACEMENT_3D('',#8800,#6815,#6816);
#5729=AXIS2_PLACEMENT_3D('',#8801,#6817,#6818);
#5730=AXIS2_PLACEMENT_3D('',#8803,#6819,#6820);
#5731=AXIS2_PLACEMENT_3D('',#8804,#6821,#6822);
#5732=AXIS2_PLACEMENT_3D('',#8805,#6823,#6824);
#5733=AXIS2_PLACEMENT_3D('',#8807,#6825,#6826);
#5734=AXIS2_PLACEMENT_3D('',#8808,#6827,#6828);
#5735=AXIS2_PLACEMENT_3D('',#8811,#6831,#6832);
#5736=AXIS2_PLACEMENT_3D('',#8818,#6833,#6834);
#5737=AXIS2_PLACEMENT_3D('',#8825,#6835,#6836);
#5738=AXIS2_PLACEMENT_3D('',#8827,#6837,#6838);
#5739=AXIS2_PLACEMENT_3D('',#8829,#6839,#6840);
#5740=AXIS2_PLACEMENT_3D('',#8830,#6841,#6842);
#5741=AXIS2_PLACEMENT_3D('',#8831,#6843,#6844);
#5742=AXIS2_PLACEMENT_3D('',#8832,#6845,#6846);
#5743=AXIS2_PLACEMENT_3D('',#8837,#6849,#6850);
#5744=AXIS2_PLACEMENT_3D('',#8840,#6852,#6853);
#5745=AXIS2_PLACEMENT_3D('',#8843,#6855,#6856);
#5746=AXIS2_PLACEMENT_3D('',#8844,#6857,#6858);
#5747=AXIS2_PLACEMENT_3D('',#8846,#6859,#6860);
#5748=AXIS2_PLACEMENT_3D('',#8847,#6861,#6862);
#5749=AXIS2_PLACEMENT_3D('',#8848,#6863,#6864);
#5750=AXIS2_PLACEMENT_3D('',#8851,#6865,#6866);
#5751=AXIS2_PLACEMENT_3D('',#8853,#6867,#6868);
#5752=AXIS2_PLACEMENT_3D('',#8854,#6869,#6870);
#5753=AXIS2_PLACEMENT_3D('',#8855,#6871,#6872);
#5754=AXIS2_PLACEMENT_3D('',#8856,#6873,#6874);
#5755=AXIS2_PLACEMENT_3D('',#8858,#6875,#6876);
#5756=AXIS2_PLACEMENT_3D('',#8859,#6877,#6878);
#5757=AXIS2_PLACEMENT_3D('',#8860,#6879,#6880);
#5758=AXIS2_PLACEMENT_3D('',#8861,#6881,#6882);
#5759=AXIS2_PLACEMENT_3D('',#8862,#6883,#6884);
#5760=AXIS2_PLACEMENT_3D('',#8865,#6887,#6888);
#5761=AXIS2_PLACEMENT_3D('',#8866,#6889,#6890);
#5762=AXIS2_PLACEMENT_3D('',#8871,#6893,#6894);
#5763=AXIS2_PLACEMENT_3D('',#8872,#6895,#6896);
#5764=AXIS2_PLACEMENT_3D('',#8877,#6899,#6900);
#5765=AXIS2_PLACEMENT_3D('',#8880,#6902,#6903);
#5766=AXIS2_PLACEMENT_3D('',#8883,#6905,#6906);
#5767=AXIS2_PLACEMENT_3D('',#8886,#6908,#6909);
#5768=AXIS2_PLACEMENT_3D('',#8889,#6911,#6912);
#5769=AXIS2_PLACEMENT_3D('',#8890,#6913,#6914);
#5770=AXIS2_PLACEMENT_3D('',#8894,#6917,#6918);
#5771=AXIS2_PLACEMENT_3D('',#8895,#6919,#6920);
#5772=AXIS2_PLACEMENT_3D('',#8896,#6921,#6922);
#5773=AXIS2_PLACEMENT_3D('',#8899,#6924,#6925);
#5774=AXIS2_PLACEMENT_3D('',#8902,#6927,#6928);
#5775=AXIS2_PLACEMENT_3D('',#8903,#6929,#6930);
#5776=AXIS2_PLACEMENT_3D('',#8904,#6931,#6932);
#5777=AXIS2_PLACEMENT_3D('',#8905,#6933,#6934);
#5778=AXIS2_PLACEMENT_3D('',#8907,#6935,#6936);
#5779=AXIS2_PLACEMENT_3D('',#8909,#6937,#6938);
#5780=AXIS2_PLACEMENT_3D('',#8910,#6939,#6940);
#5781=AXIS2_PLACEMENT_3D('',#8912,#6941,#6942);
#5782=AXIS2_PLACEMENT_3D('',#8914,#6943,#6944);
#5783=AXIS2_PLACEMENT_3D('',#8915,#6945,#6946);
#5784=AXIS2_PLACEMENT_3D('',#8917,#6947,#6948);
#5785=AXIS2_PLACEMENT_3D('',#8919,#6949,#6950);
#5786=AXIS2_PLACEMENT_3D('',#8920,#6951,#6952);
#5787=AXIS2_PLACEMENT_3D('',#8922,#6953,#6954);
#5788=AXIS2_PLACEMENT_3D('',#8924,#6955,#6956);
#5789=AXIS2_PLACEMENT_3D('',#8925,#6957,#6958);
#5790=AXIS2_PLACEMENT_3D('',#8927,#6959,#6960);
#5791=AXIS2_PLACEMENT_3D('',#8929,#6961,#6962);
#5792=AXIS2_PLACEMENT_3D('',#8930,#6963,#6964);
#5793=AXIS2_PLACEMENT_3D('',#8932,#6965,#6966);
#5794=AXIS2_PLACEMENT_3D('',#8934,#6967,#6968);
#5795=AXIS2_PLACEMENT_3D('',#8935,#6969,#6970);
#5796=AXIS2_PLACEMENT_3D('',#8937,#6971,#6972);
#5797=AXIS2_PLACEMENT_3D('',#8939,#6973,#6974);
#5798=AXIS2_PLACEMENT_3D('',#8940,#6975,#6976);
#5799=AXIS2_PLACEMENT_3D('',#8942,#6977,#6978);
#5800=AXIS2_PLACEMENT_3D('',#8944,#6979,#6980);
#5801=AXIS2_PLACEMENT_3D('',#8945,#6981,#6982);
#5802=AXIS2_PLACEMENT_3D('',#8947,#6983,#6984);
#5803=AXIS2_PLACEMENT_3D('',#8948,#6985,#6986);
#5804=AXIS2_PLACEMENT_3D('',#8950,#6987,#6988);
#5805=AXIS2_PLACEMENT_3D('',#8951,#6989,#6990);
#5806=AXIS2_PLACEMENT_3D('',#8953,#6991,#6992);
#5807=AXIS2_PLACEMENT_3D('',#8954,#6993,#6994);
#5808=AXIS2_PLACEMENT_3D('',#8956,#6995,#6996);
#5809=AXIS2_PLACEMENT_3D('',#8957,#6997,#6998);
#5810=AXIS2_PLACEMENT_3D('',#8959,#6999,#7000);
#5811=AXIS2_PLACEMENT_3D('',#8960,#7001,#7002);
#5812=AXIS2_PLACEMENT_3D('',#8962,#7003,#7004);
#5813=AXIS2_PLACEMENT_3D('',#8963,#7005,#7006);
#5814=AXIS2_PLACEMENT_3D('',#8965,#7007,#7008);
#5815=AXIS2_PLACEMENT_3D('',#8966,#7009,#7010);
#5816=AXIS2_PLACEMENT_3D('',#8968,#7011,#7012);
#5817=AXIS2_PLACEMENT_3D('',#8969,#7013,#7014);
#5818=AXIS2_PLACEMENT_3D('',#8971,#7015,#7016);
#5819=AXIS2_PLACEMENT_3D('',#8972,#7017,#7018);
#5820=AXIS2_PLACEMENT_3D('',#8974,#7019,#7020);
#5821=AXIS2_PLACEMENT_3D('',#8975,#7021,#7022);
#5822=AXIS2_PLACEMENT_3D('',#8977,#7023,#7024);
#5823=AXIS2_PLACEMENT_3D('',#8978,#7025,#7026);
#5824=AXIS2_PLACEMENT_3D('',#8980,#7027,#7028);
#5825=AXIS2_PLACEMENT_3D('',#8981,#7029,#7030);
#5826=AXIS2_PLACEMENT_3D('',#8983,#7031,#7032);
#5827=AXIS2_PLACEMENT_3D('',#8984,#7033,#7034);
#5828=AXIS2_PLACEMENT_3D('',#8986,#7035,#7036);
#5829=AXIS2_PLACEMENT_3D('',#8987,#7037,#7038);
#5830=AXIS2_PLACEMENT_3D('',#8989,#7039,#7040);
#5831=AXIS2_PLACEMENT_3D('',#8990,#7041,#7042);
#5832=AXIS2_PLACEMENT_3D('',#8992,#7043,#7044);
#5833=AXIS2_PLACEMENT_3D('',#8996,#7048,#7049);
#5834=AXIS2_PLACEMENT_3D('',#8998,#7051,#7052);
#5835=AXIS2_PLACEMENT_3D('',#9000,#7054,#7055);
#5836=AXIS2_PLACEMENT_3D('',#9001,#7056,#7057);
#5837=AXIS2_PLACEMENT_3D('',#9003,#7058,#7059);
#5838=AXIS2_PLACEMENT_3D('',#9016,#7060,#7061);
#5839=AXIS2_PLACEMENT_3D('',#9017,#7062,#7063);
#5840=AXIS2_PLACEMENT_3D('',#9018,#7064,#7065);
#5841=AXIS2_PLACEMENT_3D('',#9019,#7066,#7067);
#5842=AXIS2_PLACEMENT_3D('',#9020,#7068,#7069);
#5843=AXIS2_PLACEMENT_3D('',#9021,#7070,#7071);
#5844=AXIS2_PLACEMENT_3D('',#9100,#7072,#7073);
#5845=AXIS2_PLACEMENT_3D('',#9101,#7074,#7075);
#5846=AXIS2_PLACEMENT_3D('',#9102,#7076,#7077);
#5847=AXIS2_PLACEMENT_3D('',#9103,#7078,#7079);
#5848=AXIS2_PLACEMENT_3D('',#9104,#7080,#7081);
#5849=AXIS2_PLACEMENT_3D('',#9105,#7082,#7083);
#5850=AXIS2_PLACEMENT_3D('',#9127,#7084,#7085);
#5851=AXIS2_PLACEMENT_3D('',#9128,#7086,#7087);
#5852=AXIS2_PLACEMENT_3D('',#9129,#7088,#7089);
#5853=AXIS2_PLACEMENT_3D('',#9130,#7090,#7091);
#5854=AXIS2_PLACEMENT_3D('',#9131,#7092,#7093);
#5855=AXIS2_PLACEMENT_3D('',#9189,#7094,#7095);
#5856=AXIS2_PLACEMENT_3D('',#9190,#7096,#7097);
#5857=AXIS2_PLACEMENT_3D('',#9206,#7098,#7099);
#5858=AXIS2_PLACEMENT_3D('',#9207,#7100,#7101);
#5859=AXIS2_PLACEMENT_3D('',#9208,#7102,#7103);
#5860=AXIS2_PLACEMENT_3D('',#9224,#7104,#7105);
#5861=AXIS2_PLACEMENT_3D('',#9228,#7107,#7108);
#5862=AXIS2_PLACEMENT_3D('',#9232,#7110,#7111);
#5863=AXIS2_PLACEMENT_3D('',#9234,#7112,#7113);
#5864=AXIS2_PLACEMENT_3D('',#9235,#7114,#7115);
#5865=AXIS2_PLACEMENT_3D('',#9245,#7121,#7122);
#5866=AXIS2_PLACEMENT_3D('',#9250,#7125,#7126);
#5867=AXIS2_PLACEMENT_3D('',#9253,#7128,#7129);
#5868=AXIS2_PLACEMENT_3D('',#9254,#7130,#7131);
#5869=AXIS2_PLACEMENT_3D('',#9256,#7132,#7133);
#5870=AXIS2_PLACEMENT_3D('',#9257,#7134,#7135);
#5871=AXIS2_PLACEMENT_3D('',#9259,#7136,#7137);
#5872=AXIS2_PLACEMENT_3D('',#9265,#7140,#7141);
#5873=AXIS2_PLACEMENT_3D('',#9269,#7143,#7144);
#5874=AXIS2_PLACEMENT_3D('',#9273,#7146,#7147);
#5875=AXIS2_PLACEMENT_3D('',#9277,#7149,#7150);
#5876=AXIS2_PLACEMENT_3D('',#9278,#7151,#7152);
#5877=AXIS2_PLACEMENT_3D('',#9284,#7156,#7157);
#5878=AXIS2_PLACEMENT_3D('',#9287,#7159,#7160);
#5879=AXIS2_PLACEMENT_3D('',#9291,#7162,#7163);
#5880=AXIS2_PLACEMENT_3D('',#9295,#7165,#7166);
#5881=AXIS2_PLACEMENT_3D('',#9299,#7168,#7169);
#5882=AXIS2_PLACEMENT_3D('',#9306,#7173,#7174);
#5883=AXIS2_PLACEMENT_3D('',#9311,#7177,#7178);
#5884=AXIS2_PLACEMENT_3D('',#9312,#7179,#7180);
#5885=AXIS2_PLACEMENT_3D('',#9313,#7181,#7182);
#5886=AXIS2_PLACEMENT_3D('',#9315,#7183,#7184);
#5887=AXIS2_PLACEMENT_3D('',#9320,#7187,#7188);
#5888=AXIS2_PLACEMENT_3D('',#9321,#7189,#7190);
#5889=AXIS2_PLACEMENT_3D('',#9322,#7191,#7192);
#5890=AXIS2_PLACEMENT_3D('',#9323,#7193,#7194);
#5891=AXIS2_PLACEMENT_3D('',#9324,#7195,#7196);
#5892=AXIS2_PLACEMENT_3D('',#9325,#7197,#7198);
#5893=AXIS2_PLACEMENT_3D('',#9326,#7199,#7200);
#5894=AXIS2_PLACEMENT_3D('',#9327,#7201,#7202);
#5895=AXIS2_PLACEMENT_3D('',#9328,#7203,#7204);
#5896=AXIS2_PLACEMENT_3D('',#9329,#7205,#7206);
#5897=AXIS2_PLACEMENT_3D('',#9330,#7207,#7208);
#5898=AXIS2_PLACEMENT_3D('',#9331,#7209,#7210);
#5899=AXIS2_PLACEMENT_3D('',#9332,#7211,#7212);
#5900=AXIS2_PLACEMENT_3D('',#9333,#7213,#7214);
#5901=AXIS2_PLACEMENT_3D('',#9334,#7215,#7216);
#5902=AXIS2_PLACEMENT_3D('',#9340,#7220,#7221);
#5903=AXIS2_PLACEMENT_3D('',#9343,#7224,#7225);
#5904=AXIS2_PLACEMENT_3D('',#9344,#7226,#7227);
#5905=AXIS2_PLACEMENT_3D('',#9347,#7229,#7230);
#5906=AXIS2_PLACEMENT_3D('',#9348,#7231,#7232);
#5907=AXIS2_PLACEMENT_3D('',#9363,#7235,#7236);
#5908=AXIS2_PLACEMENT_3D('',#9365,#7238,#7239);
#5909=AXIS2_PLACEMENT_3D('',#9368,#7242,#7243);
#5910=AXIS2_PLACEMENT_3D('',#9370,#7245,#7246);
#5911=AXIS2_PLACEMENT_3D('',#9372,#7248,#7249);
#5912=AXIS2_PLACEMENT_3D('',#9375,#7252,#7253);
#5913=AXIS2_PLACEMENT_3D('',#9377,#7255,#7256);
#5914=AXIS2_PLACEMENT_3D('',#9378,#7257,#7258);
#5915=AXIS2_PLACEMENT_3D('',#9379,#7259,#7260);
#5916=AXIS2_PLACEMENT_3D('',#9382,#7263,#7264);
#5917=AXIS2_PLACEMENT_3D('',#9385,#7266,#7267);
#5918=AXIS2_PLACEMENT_3D('',#9387,#7269,#7270);
#5919=AXIS2_PLACEMENT_3D('',#9390,#7273,#7274);
#5920=AXIS2_PLACEMENT_3D('',#9393,#7277,#7278);
#5921=AXIS2_PLACEMENT_3D('',#9406,#7281,#7282);
#5922=AXIS2_PLACEMENT_3D('',#9408,#7284,#7285);
#5923=AXIS2_PLACEMENT_3D('',#9411,#7288,#7289);
#5924=AXIS2_PLACEMENT_3D('',#9414,#7292,#7293);
#5925=AXIS2_PLACEMENT_3D('',#9417,#7296,#7297);
#5926=AXIS2_PLACEMENT_3D('',#9419,#7299,#7300);
#5927=AXIS2_PLACEMENT_3D('',#9422,#7303,#7304);
#5928=AXIS2_PLACEMENT_3D('',#9425,#7307,#7308);
#5929=AXIS2_PLACEMENT_3D('',#9427,#7310,#7311);
#5930=AXIS2_PLACEMENT_3D('',#9428,#7312,#7313);
#5931=AXIS2_PLACEMENT_3D('',#9429,#7314,#7315);
#5932=AXIS2_PLACEMENT_3D('',#9430,#7316,#7317);
#5933=AXIS2_PLACEMENT_3D('',#9431,#7318,#7319);
#5934=AXIS2_PLACEMENT_3D('',#9433,#7320,#7321);
#5935=AXIS2_PLACEMENT_3D('',#9434,#7322,#7323);
#5936=AXIS2_PLACEMENT_3D('',#9435,#7324,#7325);
#5937=AXIS2_PLACEMENT_3D('',#9437,#7326,#7327);
#5938=AXIS2_PLACEMENT_3D('',#9438,#7328,#7329);
#5939=AXIS2_PLACEMENT_3D('',#9439,#7330,#7331);
#5940=AXIS2_PLACEMENT_3D('',#9440,#7332,#7333);
#5941=AXIS2_PLACEMENT_3D('',#9441,#7334,#7335);
#5942=AXIS2_PLACEMENT_3D('',#9443,#7336,#7337);
#5943=AXIS2_PLACEMENT_3D('',#9445,#7338,#7339);
#5944=AXIS2_PLACEMENT_3D('',#9446,#7340,#7341);
#5945=AXIS2_PLACEMENT_3D('',#9447,#7342,#7343);
#5946=AXIS2_PLACEMENT_3D('',#9449,#7344,#7345);
#5947=AXIS2_PLACEMENT_3D('',#9450,#7346,#7347);
#5948=AXIS2_PLACEMENT_3D('',#9452,#7348,#7349);
#5949=AXIS2_PLACEMENT_3D('',#9454,#7350,#7351);
#5950=AXIS2_PLACEMENT_3D('',#9455,#7352,#7353);
#5951=AXIS2_PLACEMENT_3D('',#9456,#7354,#7355);
#5952=AXIS2_PLACEMENT_3D('',#9458,#7356,#7357);
#5953=AXIS2_PLACEMENT_3D('',#9459,#7358,#7359);
#5954=AXIS2_PLACEMENT_3D('',#9460,#7360,#7361);
#5955=AXIS2_PLACEMENT_3D('',#9463,#7364,#7365);
#5956=AXIS2_PLACEMENT_3D('',#9466,#7368,#7369);
#5957=AXIS2_PLACEMENT_3D('',#9474,#7375,#7376);
#5958=AXIS2_PLACEMENT_3D('',#9477,#7379,#7380);
#5959=AXIS2_PLACEMENT_3D('',#9480,#7383,#7384);
#5960=AXIS2_PLACEMENT_3D('',#9483,#7387,#7388);
#5961=AXIS2_PLACEMENT_3D('',#9486,#7391,#7392);
#5962=AXIS2_PLACEMENT_3D('',#9489,#7395,#7396);
#5963=AXIS2_PLACEMENT_3D('',#9491,#7398,#7399);
#5964=AXIS2_PLACEMENT_3D('',#9493,#7401,#7402);
#5965=AXIS2_PLACEMENT_3D('',#9501,#7408,#7409);
#5966=AXIS2_PLACEMENT_3D('',#9505,#7412,#7413);
#5967=AXIS2_PLACEMENT_3D('',#9509,#7416,#7417);
#5968=AXIS2_PLACEMENT_3D('',#9515,#7421,#7422);
#5969=AXIS2_PLACEMENT_3D('',#9521,#7426,#7427);
#5970=AXIS2_PLACEMENT_3D('',#9527,#7431,#7432);
#5971=AXIS2_PLACEMENT_3D('',#9533,#7436,#7437);
#5972=AXIS2_PLACEMENT_3D('',#9539,#7441,#7442);
#5973=AXIS2_PLACEMENT_3D('',#9540,#7443,#7444);
#5974=AXIS2_PLACEMENT_3D('',#9542,#7445,#7446);
#5975=AXIS2_PLACEMENT_3D('',#9543,#7447,#7448);
#5976=AXIS2_PLACEMENT_3D('',#9544,#7449,#7450);
#5977=AXIS2_PLACEMENT_3D('',#9545,#7451,#7452);
#5978=AXIS2_PLACEMENT_3D('',#9546,#7453,#7454);
#5979=AXIS2_PLACEMENT_3D('',#9547,#7455,#7456);
#5980=AXIS2_PLACEMENT_3D('',#9548,#7457,#7458);
#5981=AXIS2_PLACEMENT_3D('',#9552,#7461,#7462);
#5982=AXIS2_PLACEMENT_3D('',#9558,#7466,#7467);
#5983=AXIS2_PLACEMENT_3D('',#9562,#7470,#7471);
#5984=AXIS2_PLACEMENT_3D('',#9563,#7472,#7473);
#5985=AXIS2_PLACEMENT_3D('',#9565,#7474,#7475);
#5986=AXIS2_PLACEMENT_3D('',#9566,#7476,#7477);
#5987=AXIS2_PLACEMENT_3D('',#9567,#7478,#7479);
#5988=AXIS2_PLACEMENT_3D('',#9571,#7482,#7483);
#5989=AXIS2_PLACEMENT_3D('',#9577,#7487,#7488);
#5990=AXIS2_PLACEMENT_3D('',#9581,#7491,#7492);
#5991=AXIS2_PLACEMENT_3D('',#9582,#7493,#7494);
#5992=AXIS2_PLACEMENT_3D('',#9584,#7495,#7496);
#5993=AXIS2_PLACEMENT_3D('',#9585,#7497,#7498);
#5994=AXIS2_PLACEMENT_3D('',#9586,#7499,#7500);
#5995=AXIS2_PLACEMENT_3D('',#9587,#7501,#7502);
#5996=AXIS2_PLACEMENT_3D('',#9589,#7503,#7504);
#5997=AXIS2_PLACEMENT_3D('',#9590,#7505,#7506);
#5998=AXIS2_PLACEMENT_3D('',#9592,#7507,#7508);
#5999=AXIS2_PLACEMENT_3D('',#9593,#7509,#7510);
#6000=AXIS2_PLACEMENT_3D('',#9595,#7511,#7512);
#6001=AXIS2_PLACEMENT_3D('',#9596,#7513,#7514);
#6002=AXIS2_PLACEMENT_3D('',#9598,#7515,#7516);
#6003=AXIS2_PLACEMENT_3D('',#9599,#7517,#7518);
#6004=AXIS2_PLACEMENT_3D('',#9600,#7519,#7520);
#6005=AXIS2_PLACEMENT_3D('',#9602,#7521,#7522);
#6006=AXIS2_PLACEMENT_3D('',#9603,#7523,#7524);
#6007=AXIS2_PLACEMENT_3D('',#9604,#7525,#7526);
#6008=AXIS2_PLACEMENT_3D('',#9606,#7527,#7528);
#6009=AXIS2_PLACEMENT_3D('',#9607,#7529,#7530);
#6010=AXIS2_PLACEMENT_3D('',#9610,#7533,#7534);
#6011=AXIS2_PLACEMENT_3D('',#9613,#7537,#7538);
#6012=AXIS2_PLACEMENT_3D('',#9616,#7541,#7542);
#6013=AXIS2_PLACEMENT_3D('',#9619,#7545,#7546);
#6014=AXIS2_PLACEMENT_3D('',#9622,#7549,#7550);
#6015=AXIS2_PLACEMENT_3D('',#9625,#7553,#7554);
#6016=AXIS2_PLACEMENT_3D('',#9628,#7557,#7558);
#6017=AXIS2_PLACEMENT_3D('',#9630,#7560,#7561);
#6018=AXIS2_PLACEMENT_3D('',#9632,#7563,#7564);
#6019=AXIS2_PLACEMENT_3D('',#9634,#7566,#7567);
#6020=AXIS2_PLACEMENT_3D('',#9646,#7569,#7570);
#6021=AXIS2_PLACEMENT_3D('',#9647,#7571,#7572);
#6022=AXIS2_PLACEMENT_3D('',#9648,#7573,#7574);
#6023=AXIS2_PLACEMENT_3D('',#9649,#7575,#7576);
#6024=AXIS2_PLACEMENT_3D('',#9650,#7577,#7578);
#6025=AXIS2_PLACEMENT_3D('',#9653,#7580,#7581);
#6026=AXIS2_PLACEMENT_3D('',#9656,#7583,#7584);
#6027=AXIS2_PLACEMENT_3D('',#9657,#7585,#7586);
#6028=AXIS2_PLACEMENT_3D('',#9662,#7589,#7590);
#6029=AXIS2_PLACEMENT_3D('',#9663,#7591,#7592);
#6030=AXIS2_PLACEMENT_3D('',#9668,#7595,#7596);
#6031=AXIS2_PLACEMENT_3D('',#9671,#7598,#7599);
#6032=AXIS2_PLACEMENT_3D('',#9674,#7601,#7602);
#6033=AXIS2_PLACEMENT_3D('',#9675,#7603,#7604);
#6034=AXIS2_PLACEMENT_3D('',#9676,#7605,#7606);
#6035=AXIS2_PLACEMENT_3D('',#9677,#7607,#7608);
#6036=AXIS2_PLACEMENT_3D('',#9682,#7611,#7612);
#6037=AXIS2_PLACEMENT_3D('',#9683,#7613,#7614);
#6038=AXIS2_PLACEMENT_3D('',#9688,#7617,#7618);
#6039=AXIS2_PLACEMENT_3D('',#9689,#7619,#7620);
#6040=AXIS2_PLACEMENT_3D('',#9694,#7623,#7624);
#6041=AXIS2_PLACEMENT_3D('',#9697,#7626,#7627);
#6042=AXIS2_PLACEMENT_3D('',#9700,#7629,#7630);
#6043=AXIS2_PLACEMENT_3D('',#9701,#7631,#7632);
#6044=AXIS2_PLACEMENT_3D('',#9702,#7633,#7634);
#6045=AXIS2_PLACEMENT_3D('',#9703,#7635,#7636);
#6046=AXIS2_PLACEMENT_3D('',#9704,#7637,#7638);
#6047=AXIS2_PLACEMENT_3D('',#9705,#7639,#7640);
#6048=AXIS2_PLACEMENT_3D('',#9706,#7641,#7642);
#6049=AXIS2_PLACEMENT_3D('',#9707,#7643,#7644);
#6050=AXIS2_PLACEMENT_3D('',#9708,#7645,#7646);
#6051=AXIS2_PLACEMENT_3D('',#9709,#7647,#7648);
#6052=AXIS2_PLACEMENT_3D('',#9710,#7649,#7650);
#6053=AXIS2_PLACEMENT_3D('',#9711,#7651,#7652);
#6054=AXIS2_PLACEMENT_3D('',#9712,#7653,#7654);
#6055=AXIS2_PLACEMENT_3D('',#9713,#7655,#7656);
#6056=AXIS2_PLACEMENT_3D('',#9714,#7657,#7658);
#6057=AXIS2_PLACEMENT_3D('',#9715,#7659,#7660);
#6058=AXIS2_PLACEMENT_3D('',#9716,#7661,#7662);
#6059=AXIS2_PLACEMENT_3D('',#9717,#7663,#7664);
#6060=AXIS2_PLACEMENT_3D('',#9718,#7665,#7666);
#6061=AXIS2_PLACEMENT_3D('',#9719,#7667,#7668);
#6062=AXIS2_PLACEMENT_3D('',#9724,#7669,#7670);
#6063=AXIS2_PLACEMENT_3D('',#9725,#7671,#7672);
#6064=AXIS2_PLACEMENT_3D('',#9726,#7673,#7674);
#6065=AXIS2_PLACEMENT_3D('',#9727,#7675,#7676);
#6066=AXIS2_PLACEMENT_3D('',#9728,#7677,#7678);
#6067=AXIS2_PLACEMENT_3D('',#9729,#7679,#7680);
#6068=AXIS2_PLACEMENT_3D('',#9730,#7681,#7682);
#6069=AXIS2_PLACEMENT_3D('',#9731,#7683,#7684);
#6070=AXIS2_PLACEMENT_3D('',#9732,#7685,#7686);
#6071=AXIS2_PLACEMENT_3D('',#9733,#7687,#7688);
#6072=AXIS2_PLACEMENT_3D('',#9734,#7689,#7690);
#6073=AXIS2_PLACEMENT_3D('',#9735,#7691,#7692);
#6074=AXIS2_PLACEMENT_3D('',#9736,#7693,#7694);
#6075=AXIS2_PLACEMENT_3D('',#9737,#7695,#7696);
#6076=AXIS2_PLACEMENT_3D('',#9738,#7697,#7698);
#6077=AXIS2_PLACEMENT_3D('',#9739,#7699,#7700);
#6078=AXIS2_PLACEMENT_3D('',#9740,#7701,#7702);
#6079=AXIS2_PLACEMENT_3D('',#9741,#7703,#7704);
#6080=AXIS2_PLACEMENT_3D('',#9742,#7705,#7706);
#6081=AXIS2_PLACEMENT_3D('',#9743,#7707,#7708);
#6082=AXIS2_PLACEMENT_3D('',#9744,#7709,#7710);
#6083=AXIS2_PLACEMENT_3D('',#9745,#7711,#7712);
#6084=AXIS2_PLACEMENT_3D('',#9746,#7713,#7714);
#6085=AXIS2_PLACEMENT_3D('',#9747,#7715,#7716);
#6086=AXIS2_PLACEMENT_3D('',#9748,#7717,#7718);
#6087=AXIS2_PLACEMENT_3D('',#9749,#7719,#7720);
#6088=AXIS2_PLACEMENT_3D('',#9750,#7721,#7722);
#6089=AXIS2_PLACEMENT_3D('',#9751,#7723,#7724);
#6090=AXIS2_PLACEMENT_3D('',#9752,#7725,#7726);
#6091=AXIS2_PLACEMENT_3D('',#9753,#7727,#7728);
#6092=AXIS2_PLACEMENT_3D('',#9754,#7729,#7730);
#6093=AXIS2_PLACEMENT_3D('',#9755,#7731,#7732);
#6094=AXIS2_PLACEMENT_3D('',#9756,#7733,#7734);
#6095=AXIS2_PLACEMENT_3D('',#9795,#7735,#7736);
#6096=AXIS2_PLACEMENT_3D('',#9807,#7737,#7738);
#6097=AXIS2_PLACEMENT_3D('',#9808,#7739,#7740);
#6098=AXIS2_PLACEMENT_3D('',#9809,#7741,#7742);
#6099=AXIS2_PLACEMENT_3D('',#9810,#7743,#7744);
#6100=AXIS2_PLACEMENT_3D('',#9811,#7745,#7746);
#6101=AXIS2_PLACEMENT_3D('',#9812,#7747,#7748);
#6102=AXIS2_PLACEMENT_3D('',#9813,#7749,#7750);
#6103=AXIS2_PLACEMENT_3D('',#9814,#7751,#7752);
#6104=AXIS2_PLACEMENT_3D('',#9815,#7753,#7754);
#6105=AXIS2_PLACEMENT_3D('',#9816,#7755,#7756);
#6106=AXIS2_PLACEMENT_3D('',#9817,#7757,#7758);
#6107=AXIS2_PLACEMENT_3D('',#9818,#7759,#7760);
#6108=AXIS2_PLACEMENT_3D('',#9819,#7761,#7762);
#6109=AXIS2_PLACEMENT_3D('',#9820,#7763,#7764);
#6110=AXIS2_PLACEMENT_3D('',#9821,#7765,#7766);
#6111=AXIS2_PLACEMENT_3D('',#9822,#7767,#7768);
#6112=AXIS2_PLACEMENT_3D('',#9823,#7769,#7770);
#6113=AXIS2_PLACEMENT_3D('',#9824,#7771,#7772);
#6114=AXIS2_PLACEMENT_3D('',#9825,#7773,#7774);
#6115=AXIS2_PLACEMENT_3D('',#9826,#7775,#7776);
#6116=AXIS2_PLACEMENT_3D('',#9827,#7777,#7778);
#6117=AXIS2_PLACEMENT_3D('',#9828,#7779,#7780);
#6118=AXIS2_PLACEMENT_3D('',#9829,#7781,#7782);
#6119=AXIS2_PLACEMENT_3D('',#9830,#7783,#7784);
#6120=AXIS2_PLACEMENT_3D('',#9831,#7785,#7786);
#6121=AXIS2_PLACEMENT_3D('',#9832,#7787,#7788);
#6122=AXIS2_PLACEMENT_3D('',#9833,#7789,#7790);
#6123=AXIS2_PLACEMENT_3D('',#9834,#7791,#7792);
#6124=AXIS2_PLACEMENT_3D('',#9835,#7793,#7794);
#6125=AXIS2_PLACEMENT_3D('',#9836,#7795,#7796);
#6126=AXIS2_PLACEMENT_3D('',#9837,#7797,#7798);
#6127=AXIS2_PLACEMENT_3D('',#9838,#7799,#7800);
#6128=AXIS2_PLACEMENT_3D('',#9839,#7801,#7802);
#6129=AXIS2_PLACEMENT_3D('',#9840,#7803,#7804);
#6130=AXIS2_PLACEMENT_3D('',#9841,#7805,#7806);
#6131=AXIS2_PLACEMENT_3D('',#9842,#7807,#7808);
#6132=AXIS2_PLACEMENT_3D('',#9843,#7809,#7810);
#6133=AXIS2_PLACEMENT_3D('',#9844,#7811,#7812);
#6134=AXIS2_PLACEMENT_3D('',#9845,#7813,#7814);
#6135=AXIS2_PLACEMENT_3D('',#9846,#7815,#7816);
#6136=AXIS2_PLACEMENT_3D('',#9847,#7817,#7818);
#6137=AXIS2_PLACEMENT_3D('',#9848,#7819,#7820);
#6138=AXIS2_PLACEMENT_3D('',#9849,#7821,#7822);
#6139=AXIS2_PLACEMENT_3D('',#9850,#7823,#7824);
#6140=AXIS2_PLACEMENT_3D('',#9851,#7825,#7826);
#6141=AXIS2_PLACEMENT_3D('',#9852,#7827,#7828);
#6142=AXIS2_PLACEMENT_3D('',#9853,#7829,#7830);
#6143=AXIS2_PLACEMENT_3D('',#9854,#7831,#7832);
#6144=AXIS2_PLACEMENT_3D('',#9855,#7833,#7834);
#6145=AXIS2_PLACEMENT_3D('',#9856,#7835,#7836);
#6146=AXIS2_PLACEMENT_3D('',#9857,#7837,#7838);
#6147=AXIS2_PLACEMENT_3D('',#9858,#7839,#7840);
#6148=AXIS2_PLACEMENT_3D('',#9859,#7841,#7842);
#6149=AXIS2_PLACEMENT_3D('',#9860,#7843,#7844);
#6150=AXIS2_PLACEMENT_3D('',#9861,#7845,#7846);
#6151=AXIS2_PLACEMENT_3D('',#9863,#7847,#7848);
#6152=AXIS2_PLACEMENT_3D('',#9864,#7849,#7850);
#6153=AXIS2_PLACEMENT_3D('',#9866,#7851,#7852);
#6154=AXIS2_PLACEMENT_3D('',#9867,#7853,#7854);
#6155=AXIS2_PLACEMENT_3D('',#9869,#7855,#7856);
#6156=AXIS2_PLACEMENT_3D('',#9870,#7857,#7858);
#6157=AXIS2_PLACEMENT_3D('',#9872,#7859,#7860);
#6158=AXIS2_PLACEMENT_3D('',#9873,#7861,#7862);
#6159=DIRECTION('',(0.,0.,1.));
#6160=DIRECTION('',(1.,0.,0.));
#6161=DIRECTION('',(0.,-2.41352831440252E-16,1.));
#6162=DIRECTION('',(1.,0.,0.));
#6163=DIRECTION('',(0.939692620785908,0.342020143325671,8.25475300012513E-17));
#6164=DIRECTION('',(1.,0.,0.));
#6165=DIRECTION('',(0.,-1.,-2.41352831440252E-16));
#6166=DIRECTION('',(0.,-2.41352831440252E-16,1.));
#6167=DIRECTION('',(0.,-1.,-2.41352831440252E-16));
#6168=DIRECTION('',(1.,0.,0.));
#6169=DIRECTION('',(0.,0.,-1.));
#6170=DIRECTION('',(1.,0.,0.));
#6171=DIRECTION('',(0.,0.,-1.));
#6172=DIRECTION('',(1.,0.,0.));
#6173=DIRECTION('',(0.,0.,-1.));
#6174=DIRECTION('',(1.,0.,0.));
#6175=DIRECTION('',(0.,0.,-1.));
#6176=DIRECTION('',(-0.993019714616415,0.117948490380904,0.));
#6177=DIRECTION('',(-0.117948490380904,-0.993019714616415,0.));
#6178=DIRECTION('',(1.,0.,0.));
#6179=DIRECTION('',(0.,-1.,0.));
#6180=DIRECTION('',(1.,0.,0.));
#6181=DIRECTION('',(0.,-1.,0.));
#6182=DIRECTION('',(1.,0.,0.));
#6183=DIRECTION('',(0.,1.,0.));
#6184=DIRECTION('',(1.,0.,0.));
#6185=DIRECTION('',(0.,0.,-1.));
#6186=DIRECTION('',(0.,0.,1.));
#6187=DIRECTION('',(1.,0.,0.));
#6188=DIRECTION('',(0.,0.,-1.));
#6189=DIRECTION('',(0.,-0.642787609686537,-0.76604444311898));
#6190=DIRECTION('',(1.,0.,0.));
#6191=DIRECTION('',(0.,0.,-1.));
#6192=DIRECTION('',(0.,0.,-1.));
#6193=DIRECTION('',(0.,0.996413173733364,0.0846214346995175));
#6194=DIRECTION('',(0.,0.987087134207428,0.160184236060127));
#6195=DIRECTION('',(0.,0.972039234882402,0.234818495543333));
#6196=DIRECTION('',(0.,0.951739739108935,0.30690628700119));
#6197=DIRECTION('',(0.,0.92610220238168,0.377272727272728));
#6198=DIRECTION('',(0.,0.902377051066583,0.430947395523373));
#6199=DIRECTION('',(0.,0.875544246002407,0.483137944372078));
#6200=DIRECTION('',(0.,0.,-1.));
#6201=DIRECTION('',(0.,0.464467566924682,-0.885590130520359));
#6202=DIRECTION('',(0.,0.,1.));
#6203=DIRECTION('',(1.,0.,0.));
#6204=DIRECTION('',(0.,0.,-1.));
#6205=DIRECTION('',(0.,0.822655786461208,-0.568539758505852));
#6206=DIRECTION('',(1.,0.,0.));
#6207=DIRECTION('',(0.,0.,-1.));
#6208=DIRECTION('',(0.,-0.93542504422574,-0.353525086288475));
#6209=DIRECTION('',(0.,0.89301643574032,-0.450024049910286));
#6210=DIRECTION('',(0.,0.946412814236988,-0.322959417029486));
#6211=DIRECTION('',(1.,0.,0.));
#6212=DIRECTION('',(0.,0.,-1.));
#6213=DIRECTION('',(0.,0.,1.));
#6214=DIRECTION('',(1.,0.,0.));
#6215=DIRECTION('',(0.,0.,-1.));
#6216=DIRECTION('',(0.,0.943143837275032,-0.332384870609552));
#6217=DIRECTION('',(1.,0.,0.));
#6218=DIRECTION('',(0.,0.,-1.));
#6219=DIRECTION('',(0.,-0.704325397488021,-0.709877267176053));
#6220=DIRECTION('',(1.,0.,0.));
#6221=DIRECTION('',(0.,0.,-1.));
#6222=DIRECTION('',(0.,0.946412814236988,-0.322959417029486));
#6223=DIRECTION('',(0.,0.986512243775258,-0.16368748541506));
#6224=DIRECTION('',(1.,0.,0.));
#6225=DIRECTION('',(0.,0.,-1.));
#6226=DIRECTION('',(0.,-0.258819045102599,0.965925826289048));
#6227=DIRECTION('',(1.,0.,0.));
#6228=DIRECTION('',(0.,0.,-1.));
#6229=DIRECTION('',(0.,1.,0.));
#6230=DIRECTION('',(1.,0.,0.));
#6231=DIRECTION('',(0.,0.,-1.));
#6232=DIRECTION('',(0.,-0.258819045102521,-0.965925826289068));
#6233=DIRECTION('',(1.,0.,0.));
#6234=DIRECTION('',(0.,0.,-1.));
#6235=DIRECTION('',(0.,1.,0.));
#6236=DIRECTION('',(1.,0.,0.));
#6237=DIRECTION('',(0.,0.,-1.));
#6238=DIRECTION('',(0.,-0.258819045102607,0.965925826289045));
#6239=DIRECTION('',(1.,0.,0.));
#6240=DIRECTION('',(0.,0.,-1.));
#6241=DIRECTION('',(0.,1.,0.));
#6242=DIRECTION('',(1.,0.,0.));
#6243=DIRECTION('',(0.,0.,-1.));
#6244=DIRECTION('',(0.,-0.258819045102521,-0.965925826289068));
#6245=DIRECTION('',(1.,0.,0.));
#6246=DIRECTION('',(0.,0.,-1.));
#6247=DIRECTION('',(0.,1.,0.));
#6248=DIRECTION('',(0.,0.,-1.));
#6249=DIRECTION('',(1.,0.,0.));
#6250=DIRECTION('',(0.,0.,-1.));
#6251=DIRECTION('',(0.,0.64278760968654,-0.766044443118978));
#6252=DIRECTION('',(1.,0.,0.));
#6253=DIRECTION('',(0.,0.,-1.));
#6254=DIRECTION('',(0.,0.,1.));
#6255=DIRECTION('',(1.,0.,0.));
#6256=DIRECTION('',(0.,0.,-1.));
#6257=DIRECTION('',(0.,-0.64278760968654,-0.766044443118978));
#6258=DIRECTION('',(1.,0.,0.));
#6259=DIRECTION('',(0.,0.,-1.));
#6260=DIRECTION('',(0.,0.,-1.));
#6261=DIRECTION('',(1.,0.,0.));
#6262=DIRECTION('',(0.,0.,-1.));
#6263=DIRECTION('',(0.,0.642787609686539,-0.766044443118978));
#6264=DIRECTION('',(1.,0.,0.));
#6265=DIRECTION('',(0.,0.,-1.));
#6266=DIRECTION('',(0.,0.,1.));
#6267=DIRECTION('',(1.,0.,0.));
#6268=DIRECTION('',(0.,0.,-1.));
#6269=DIRECTION('',(0.,-0.642787609686539,-0.766044443118978));
#6270=DIRECTION('',(1.,0.,0.));
#6271=DIRECTION('',(0.,0.,-1.));
#6272=DIRECTION('',(0.,0.,-1.));
#6273=DIRECTION('',(1.,0.,0.));
#6274=DIRECTION('',(0.,0.,-1.));
#6275=DIRECTION('',(0.,0.64278760968654,-0.766044443118978));
#6276=DIRECTION('',(1.,0.,0.));
#6277=DIRECTION('',(0.,0.,-1.));
#6278=DIRECTION('',(1.,0.,0.));
#6279=DIRECTION('',(0.,0.,-1.));
#6280=DIRECTION('',(1.,0.,0.));
#6281=DIRECTION('',(0.,0.,-1.));
#6282=DIRECTION('',(1.,0.,0.));
#6283=DIRECTION('',(0.,0.,-1.));
#6284=DIRECTION('',(1.,0.,0.));
#6285=DIRECTION('',(0.,0.,-1.));
#6286=DIRECTION('',(1.,0.,0.));
#6287=DIRECTION('',(0.,0.,-1.));
#6288=DIRECTION('',(1.,0.,0.));
#6289=DIRECTION('',(0.,0.,-1.));
#6290=DIRECTION('',(1.,0.,0.));
#6291=DIRECTION('',(0.,0.,-1.));
#6292=DIRECTION('',(1.,0.,0.));
#6293=DIRECTION('',(0.,0.,-1.));
#6294=DIRECTION('',(1.,0.,0.));
#6295=DIRECTION('',(0.,0.,-1.));
#6296=DIRECTION('',(1.,0.,0.));
#6297=DIRECTION('',(0.,0.,-1.));
#6298=DIRECTION('',(1.,0.,0.));
#6299=DIRECTION('',(0.,0.,-1.));
#6300=DIRECTION('',(1.,0.,0.));
#6301=DIRECTION('',(0.,0.,-1.));
#6302=DIRECTION('',(1.,0.,0.));
#6303=DIRECTION('',(0.,0.,-1.));
#6304=DIRECTION('',(1.,0.,0.));
#6305=DIRECTION('',(0.,0.,-1.));
#6306=DIRECTION('',(1.,0.,0.));
#6307=DIRECTION('',(0.,0.,-1.));
#6308=DIRECTION('',(1.,0.,0.));
#6309=DIRECTION('',(0.,0.,-1.));
#6310=DIRECTION('',(1.,0.,0.));
#6311=DIRECTION('',(0.,0.,-1.));
#6312=DIRECTION('',(1.,0.,0.));
#6313=DIRECTION('',(0.,0.,-1.));
#6314=DIRECTION('',(1.,0.,0.));
#6315=DIRECTION('',(0.,0.,-1.));
#6316=DIRECTION('',(1.,0.,0.));
#6317=DIRECTION('',(0.,0.,-1.));
#6318=DIRECTION('',(1.,0.,0.));
#6319=DIRECTION('',(0.,0.,-1.));
#6320=DIRECTION('',(1.,0.,0.));
#6321=DIRECTION('',(0.,0.,-1.));
#6322=DIRECTION('',(1.,0.,0.));
#6323=DIRECTION('',(0.,0.,-1.));
#6324=DIRECTION('',(1.,0.,0.));
#6325=DIRECTION('',(0.,0.,-1.));
#6326=DIRECTION('',(1.,0.,0.));
#6327=DIRECTION('',(0.,0.,-1.));
#6328=DIRECTION('',(1.,0.,0.));
#6329=DIRECTION('',(0.,1.,0.));
#6330=DIRECTION('',(1.,0.,0.));
#6331=DIRECTION('',(0.,0.,-1.));
#6332=DIRECTION('',(1.,0.,0.));
#6333=DIRECTION('',(0.,0.,-1.));
#6334=DIRECTION('',(0.,-0.642787609686539,-0.766044443118978));
#6335=DIRECTION('',(1.,0.,0.));
#6336=DIRECTION('',(0.,0.,-1.));
#6337=DIRECTION('',(0.,0.,1.));
#6338=DIRECTION('',(1.,0.,0.));
#6339=DIRECTION('',(0.,0.,-1.));
#6340=DIRECTION('',(0.,0.642787609686539,-0.766044443118978));
#6341=DIRECTION('',(1.,0.,0.));
#6342=DIRECTION('',(0.,0.,-1.));
#6343=DIRECTION('',(0.,0.,1.));
#6344=DIRECTION('',(1.,0.,0.));
#6345=DIRECTION('',(0.,0.,-1.));
#6346=DIRECTION('',(0.,-0.64278760968654,-0.766044443118978));
#6347=DIRECTION('',(1.,0.,0.));
#6348=DIRECTION('',(0.,0.,-1.));
#6349=DIRECTION('',(0.,0.,1.));
#6350=DIRECTION('',(0.,0.894427190999916,0.447213595499959));
#6351=DIRECTION('',(0.,1.,0.));
#6352=DIRECTION('',(0.,-4.5970118108549E-16,1.));
#6353=DIRECTION('',(0.,1.,0.));
#6354=DIRECTION('',(0.,-0.891038857786684,0.453927035892557));
#6355=DIRECTION('',(0.,0.,1.));
#6356=DIRECTION('',(1.,0.,0.));
#6357=DIRECTION('',(0.,0.,-1.));
#6358=DIRECTION('',(0.,0.64278760968654,-0.766044443118978));
#6359=DIRECTION('',(1.,0.,0.));
#6360=DIRECTION('',(0.,0.,-1.));
#6361=DIRECTION('',(0.,0.,1.));
#6362=DIRECTION('',(1.,0.,0.));
#6363=DIRECTION('',(0.,0.,-1.));
#6364=DIRECTION('',(1.,0.,0.));
#6365=DIRECTION('',(0.,0.,-1.));
#6366=DIRECTION('',(0.,-1.,0.));
#6367=DIRECTION('',(0.,0.,-1.));
#6368=DIRECTION('',(-1.,0.,0.));
#6369=DIRECTION('',(0.,0.,1.));
#6370=DIRECTION('',(-1.,0.,0.));
#6371=DIRECTION('',(-1.,0.,0.));
#6372=DIRECTION('',(0.,-1.,0.));
#6373=DIRECTION('',(0.,0.,-1.));
#6374=DIRECTION('',(0.,0.,1.));
#6375=DIRECTION('',(-1.,0.,0.));
#6376=DIRECTION('',(-1.,0.,0.));
#6377=DIRECTION('',(1.,0.,0.));
#6378=DIRECTION('',(0.,-1.,0.));
#6379=DIRECTION('',(0.,0.,-1.));
#6380=DIRECTION('',(-1.,0.,0.));
#6381=DIRECTION('',(-1.,0.,0.));
#6382=DIRECTION('',(0.,-1.,0.));
#6383=DIRECTION('',(0.,0.,-1.));
#6384=DIRECTION('',(0.,0.,-1.));
#6385=DIRECTION('',(-1.,0.,0.));
#6386=DIRECTION('',(1.,0.,0.));
#6387=DIRECTION('',(0.,-1.,0.));
#6388=DIRECTION('',(0.,0.,-1.));
#6389=DIRECTION('',(-1.,0.,0.));
#6390=DIRECTION('',(-1.,0.,0.));
#6391=DIRECTION('',(1.,0.,0.));
#6392=DIRECTION('',(0.,1.,0.));
#6393=DIRECTION('',(1.,0.,0.));
#6394=DIRECTION('',(0.,0.,-1.));
#6395=DIRECTION('',(1.,0.,0.));
#6396=DIRECTION('',(0.,0.,-1.));
#6397=DIRECTION('',(1.,0.,0.));
#6398=DIRECTION('',(0.,0.,-1.));
#6399=DIRECTION('',(1.,0.,0.));
#6400=DIRECTION('',(0.,-1.,0.));
#6401=DIRECTION('',(0.,-1.,0.));
#6402=DIRECTION('',(1.,0.,0.));
#6403=DIRECTION('',(0.,-1.,0.));
#6404=DIRECTION('',(0.,0.,-1.));
#6405=DIRECTION('',(1.,0.,0.));
#6406=DIRECTION('',(0.,1.,0.));
#6407=DIRECTION('',(0.,-1.,0.));
#6408=DIRECTION('',(1.,0.,0.));
#6409=DIRECTION('',(0.,0.,-1.));
#6410=DIRECTION('',(1.,0.,0.));
#6411=DIRECTION('',(0.,0.,-1.));
#6412=DIRECTION('',(0.,-4.5970118108549E-16,1.));
#6413=DIRECTION('',(0.,1.,0.));
#6414=DIRECTION('',(0.,0.894427190999916,0.447213595499959));
#6415=DIRECTION('',(1.,0.,0.));
#6416=DIRECTION('',(0.,0.,-1.));
#6417=DIRECTION('',(0.,0.64278760968654,-0.766044443118978));
#6418=DIRECTION('',(1.,0.,0.));
#6419=DIRECTION('',(0.,0.,-1.));
#6420=DIRECTION('',(0.,1.,0.));
#6421=DIRECTION('',(1.,0.,0.));
#6422=DIRECTION('',(0.,0.,-1.));
#6423=DIRECTION('',(0.,-0.258819045102521,-0.965925826289068));
#6424=DIRECTION('',(1.,0.,0.));
#6425=DIRECTION('',(0.,0.,-1.));
#6426=DIRECTION('',(0.,1.,0.));
#6427=DIRECTION('',(0.,-0.342020143325668,-0.939692620785909));
#6428=DIRECTION('',(1.,0.,0.));
#6429=DIRECTION('',(0.,0.,-1.));
#6430=DIRECTION('',(0.,1.,1.33440267382831E-16));
#6431=DIRECTION('',(1.,0.,0.));
#6432=DIRECTION('',(0.,0.,-1.));
#6433=DIRECTION('',(0.,-0.342020143325667,0.939692620785909));
#6434=DIRECTION('',(0.,1.,0.));
#6435=DIRECTION('',(1.,0.,0.));
#6436=DIRECTION('',(0.,0.,-1.));
#6437=DIRECTION('',(0.,-0.258819045102607,0.965925826289045));
#6438=DIRECTION('',(1.,0.,0.));
#6439=DIRECTION('',(0.,0.,-1.));
#6440=DIRECTION('',(0.,1.,0.));
#6441=DIRECTION('',(1.,0.,0.));
#6442=DIRECTION('',(0.,0.,-1.));
#6443=DIRECTION('',(0.,-0.258819045102521,-0.965925826289068));
#6444=DIRECTION('',(1.,0.,0.));
#6445=DIRECTION('',(0.,0.,-1.));
#6446=DIRECTION('',(0.,1.,0.));
#6447=DIRECTION('',(0.,0.342020143325673,0.939692620785907));
#6448=DIRECTION('',(1.,0.,0.));
#6449=DIRECTION('',(0.,0.,-1.));
#6450=DIRECTION('',(0.,-1.,-1.33440267382831E-16));
#6451=DIRECTION('',(1.,0.,0.));
#6452=DIRECTION('',(0.,0.,-1.));
#6453=DIRECTION('',(0.,0.342020143325672,-0.939692620785907));
#6454=DIRECTION('',(0.,1.,0.));
#6455=DIRECTION('',(1.,0.,0.));
#6456=DIRECTION('',(0.,0.,-1.));
#6457=DIRECTION('',(0.,-0.258819045102599,0.965925826289048));
#6458=DIRECTION('',(1.,0.,0.));
#6459=DIRECTION('',(0.,0.,-1.));
#6460=DIRECTION('',(0.,0.986512243775258,-0.16368748541506));
#6461=DIRECTION('',(0.,0.946412814236988,-0.322959417029486));
#6462=DIRECTION('',(1.,0.,0.));
#6463=DIRECTION('',(0.,0.,-1.));
#6464=DIRECTION('',(0.,-0.704325397488021,-0.709877267176053));
#6465=DIRECTION('',(1.,0.,0.));
#6466=DIRECTION('',(0.,0.,-1.));
#6467=DIRECTION('',(0.,0.943143837275032,-0.332384870609552));
#6468=DIRECTION('',(1.,0.,0.));
#6469=DIRECTION('',(0.,0.,-1.));
#6470=DIRECTION('',(0.,0.,1.));
#6471=DIRECTION('',(1.,0.,0.));
#6472=DIRECTION('',(0.,0.,-1.));
#6473=DIRECTION('',(0.,0.946412814236988,-0.322959417029486));
#6474=DIRECTION('',(0.,0.89301643574032,-0.450024049910286));
#6475=DIRECTION('',(0.,-0.93542504422574,-0.353525086288475));
#6476=DIRECTION('',(1.,0.,0.));
#6477=DIRECTION('',(0.,0.,-1.));
#6478=DIRECTION('',(0.,0.822655786461208,-0.568539758505852));
#6479=DIRECTION('',(0.,-0.568539758505851,-0.822655786461208));
#6480=DIRECTION('',(1.,0.,0.));
#6481=DIRECTION('',(0.,0.,-1.));
#6482=DIRECTION('',(0.,-0.649897757667429,0.760021647440945));
#6483=DIRECTION('',(1.,0.,0.));
#6484=DIRECTION('',(0.,0.,-1.));
#6485=DIRECTION('',(0.,-0.760021647440945,-0.649897757667428));
#6486=DIRECTION('',(1.,0.,0.));
#6487=DIRECTION('',(0.,0.,-1.));
#6488=DIRECTION('',(0.,0.649897757667429,-0.760021647440945));
#6489=DIRECTION('',(1.,0.,0.));
#6490=DIRECTION('',(0.,0.,-1.));
#6491=DIRECTION('',(0.,0.760021647440945,0.649897757667429));
#6492=DIRECTION('',(1.,0.,0.));
#6493=DIRECTION('',(0.,0.,-1.));
#6494=DIRECTION('',(0.,-0.649897757667429,0.760021647440945));
#6495=DIRECTION('',(1.,0.,0.));
#6496=DIRECTION('',(0.,0.,-1.));
#6497=DIRECTION('',(0.,0.568539758505852,0.822655786461208));
#6498=DIRECTION('',(0.,0.822655786461208,-0.568539758505852));
#6499=DIRECTION('',(1.,0.,0.));
#6500=DIRECTION('',(0.,0.,-1.));
#6501=DIRECTION('',(0.,0.,1.));
#6502=DIRECTION('',(0.,0.464467566924682,-0.885590130520359));
#6503=DIRECTION('',(0.,-0.970976346395825,-0.239175531231384));
#6504=DIRECTION('',(0.,0.,1.));
#6505=DIRECTION('',(0.,0.875544246002407,0.483137944372078));
#6506=DIRECTION('',(0.,0.92610220238168,0.377272727272728));
#6507=DIRECTION('',(0.,0.972039234882402,0.234818495543333));
#6508=DIRECTION('',(0.,0.996413173733364,0.0846214346995174));
#6509=DIRECTION('',(0.,0.,-1.));
#6510=DIRECTION('',(1.,0.,0.));
#6511=DIRECTION('',(0.,0.,-1.));
#6512=DIRECTION('',(0.,-0.642787609686537,-0.76604444311898));
#6513=DIRECTION('',(1.,0.,0.));
#6514=DIRECTION('',(0.,0.,-1.));
#6515=DIRECTION('',(0.,-0.891038857786684,0.453927035892557));
#6516=DIRECTION('',(0.,1.,0.));
#6517=DIRECTION('',(0.,-4.5970118108549E-16,1.));
#6518=DIRECTION('',(1.,0.,0.));
#6519=DIRECTION('',(0.,0.,-1.));
#6520=DIRECTION('',(1.,0.,0.));
#6521=DIRECTION('',(0.,0.,-1.));
#6522=DIRECTION('',(1.,0.,0.));
#6523=DIRECTION('',(0.,0.,-1.));
#6524=DIRECTION('',(1.,0.,0.));
#6525=DIRECTION('',(0.,0.,-1.));
#6526=DIRECTION('',(1.,0.,0.));
#6527=DIRECTION('',(0.,0.,-1.));
#6528=DIRECTION('',(0.,-4.5970118108549E-16,1.));
#6529=DIRECTION('',(1.,0.,0.));
#6530=DIRECTION('',(0.,0.,-1.));
#6531=DIRECTION('',(1.,0.,0.));
#6532=DIRECTION('',(0.,0.,-1.));
#6533=DIRECTION('',(1.,0.,0.));
#6534=DIRECTION('',(0.,0.,-1.));
#6535=DIRECTION('',(0.,0.,-1.));
#6536=DIRECTION('',(-1.,0.,0.));
#6537=DIRECTION('',(1.,0.,0.));
#6538=DIRECTION('',(-1.,0.,0.));
#6539=DIRECTION('',(0.,-1.,0.));
#6540=DIRECTION('',(-1.,0.,0.));
#6541=DIRECTION('',(1.,0.,0.));
#6542=DIRECTION('',(0.,0.,-1.));
#6543=DIRECTION('',(-1.,0.,0.));
#6544=DIRECTION('',(1.,0.,0.));
#6545=DIRECTION('',(1.,0.,0.));
#6546=DIRECTION('',(0.,-0.322959417029486,-0.946412814236988));
#6547=DIRECTION('',(0.,0.946412814236988,-0.322959417029486));
#6548=DIRECTION('',(1.,0.,0.));
#6549=DIRECTION('',(1.,0.,0.));
#6550=DIRECTION('',(1.,0.,0.));
#6551=DIRECTION('',(0.,1.,0.));
#6552=DIRECTION('',(1.,0.,0.));
#6553=DIRECTION('',(0.,0.,-1.));
#6554=DIRECTION('',(1.,0.,0.));
#6555=DIRECTION('',(0.,0.,-1.));
#6556=DIRECTION('',(1.,0.,0.));
#6557=DIRECTION('',(0.,1.,0.));
#6558=DIRECTION('',(1.,0.,0.));
#6559=DIRECTION('',(0.,0.,-1.));
#6560=DIRECTION('',(1.,0.,0.));
#6561=DIRECTION('',(0.,0.,-1.));
#6562=DIRECTION('',(1.,0.,0.));
#6563=DIRECTION('',(0.,1.,0.));
#6564=DIRECTION('',(1.,0.,0.));
#6565=DIRECTION('',(0.,0.,-1.));
#6566=DIRECTION('',(1.,0.,0.));
#6567=DIRECTION('',(0.,0.,-1.));
#6568=DIRECTION('',(-0.898794046299167,-0.438371146789079,0.));
#6569=DIRECTION('',(0.438371146789079,-0.898794046299167,0.));
#6570=DIRECTION('',(-1.,6.12323399573674E-17,0.));
#6571=DIRECTION('',(-6.12323399573674E-17,-1.,0.));
#6572=DIRECTION('',(0.,-1.,0.));
#6573=DIRECTION('',(0.,0.,-1.));
#6574=DIRECTION('',(0.,-1.,0.));
#6575=DIRECTION('',(0.,0.,-1.));
#6576=DIRECTION('',(0.,-1.,0.));
#6577=DIRECTION('',(0.,0.,-1.));
#6578=DIRECTION('',(1.,0.,0.));
#6579=DIRECTION('',(0.,-2.41352831440252E-16,1.));
#6580=DIRECTION('',(-1.,0.,0.));
#6581=DIRECTION('',(0.,0.,-1.));
#6582=DIRECTION('',(0.,-1.,0.));
#6583=DIRECTION('',(0.,0.,-1.));
#6584=DIRECTION('',(-1.,0.,0.));
#6585=DIRECTION('',(0.705835229042007,0.,0.708376050867912));
#6586=DIRECTION('',(1.,0.,0.));
#6587=DIRECTION('',(0.,-2.41352831440252E-16,1.));
#6588=DIRECTION('',(1.,0.,0.));
#6589=DIRECTION('',(0.,-1.,0.));
#6590=DIRECTION('',(0.,0.,-1.));
#6591=DIRECTION('',(0.,0.234818495543333,-0.972039234882402));
#6592=DIRECTION('',(0.,0.972039234882402,0.234818495543333));
#6593=DIRECTION('',(0.,-0.972039234882402,-0.234818495543333));
#6594=DIRECTION('',(0.,0.234818495543333,-0.972039234882402));
#6595=DIRECTION('',(1.24034519167319E-47,-0.972039234882402,-0.234818495543333));
#6596=DIRECTION('',(0.936501526879999,-0.340858680129169,-0.0823422754848995));
#6597=DIRECTION('',(0.,0.234818495543333,-0.972039234882402));
#6598=DIRECTION('',(-3.82106145179792E-32,0.972039234882402,0.234818495543333));
#6599=DIRECTION('',(0.,-0.972039234882402,-0.234818495543333));
#6600=DIRECTION('',(0.,0.234818495543333,-0.972039234882402));
#6601=DIRECTION('',(0.,0.972039234882402,0.234818495543333));
#6602=DIRECTION('',(-0.936501526879999,-0.34085868012917,-0.0823422754848996));
#6603=DIRECTION('',(0.,0.234818495543333,-0.972039234882402));
#6604=DIRECTION('',(0.,0.972039234882402,0.234818495543333));
#6605=DIRECTION('',(0.,0.234818495543333,-0.972039234882402));
#6606=DIRECTION('',(0.,0.972039234882402,0.234818495543333));
#6607=DIRECTION('',(0.,0.972039234882402,0.234818495543333));
#6608=DIRECTION('',(0.,0.234818495543333,-0.972039234882402));
#6609=DIRECTION('',(0.,0.972039234882402,0.234818495543333));
#6610=DIRECTION('',(1.,0.,0.));
#6611=DIRECTION('',(0.,0.972039234882402,0.234818495543333));
#6612=DIRECTION('',(1.,0.,0.));
#6613=DIRECTION('',(0.,-0.0846214346995174,0.996413173733364));
#6614=DIRECTION('',(0.,-0.996413173733364,-0.0846214346995174));
#6615=DIRECTION('',(1.,0.,0.));
#6616=DIRECTION('',(0.,0.996413173733364,0.0846214346995174));
#6617=DIRECTION('',(0.,-0.996413173733364,-0.0846214346995174));
#6618=DIRECTION('',(0.,-0.234818495543333,0.972039234882402));
#6619=DIRECTION('',(0.,-0.972039234882402,-0.234818495543333));
#6620=DIRECTION('',(-0.936501526879999,0.340858680129169,0.0823422754848994));
#6621=DIRECTION('',(0.,-0.234818495543333,0.972039234882402));
#6622=DIRECTION('',(1.24034519167319E-47,-0.972039234882402,-0.234818495543333));
#6623=DIRECTION('',(0.,0.972039234882402,0.234818495543333));
#6624=DIRECTION('',(-1.,0.,0.));
#6625=DIRECTION('',(0.,-0.234818495543333,0.972039234882402));
#6626=DIRECTION('',(0.,-0.972039234882402,-0.234818495543333));
#6627=DIRECTION('',(1.,0.,0.));
#6628=DIRECTION('',(1.92710774893833E-16,0.972039234882402,0.234818495543333));
#6629=DIRECTION('',(0.,-0.234818495543333,0.972039234882402));
#6630=DIRECTION('',(0.,-0.972039234882402,-0.234818495543333));
#6631=DIRECTION('',(0.,-0.234818495543333,0.972039234882402));
#6632=DIRECTION('',(0.,0.972039234882402,0.234818495543333));
#6633=DIRECTION('',(0.936501526879999,0.34085868012917,0.0823422754848995));
#6634=DIRECTION('',(0.,-0.234818495543333,0.972039234882402));
#6635=DIRECTION('',(0.,0.972039234882402,0.234818495543333));
#6636=DIRECTION('',(0.,0.972039234882402,0.234818495543333));
#6637=DIRECTION('',(0.,-0.234818495543333,0.972039234882402));
#6638=DIRECTION('',(-3.82106145179793E-32,0.972039234882402,0.234818495543333));
#6639=DIRECTION('',(-1.,0.,0.));
#6640=DIRECTION('',(0.,-0.972039234882402,-0.234818495543333));
#6641=DIRECTION('',(0.,0.160184236060129,-0.987087134207428));
#6642=DIRECTION('',(-1.,0.,0.));
#6643=DIRECTION('',(0.,-0.987087134207428,-0.160184236060129));
#6644=DIRECTION('',(9.79949649140923E-16,-0.987087134207428,-0.160184236060129));
#6645=DIRECTION('',(0.,0.160184236060129,-0.987087134207428));
#6646=DIRECTION('',(-5.60139951070471E-32,0.987087134207428,0.160184236060129));
#6647=DIRECTION('',(0.938248559043794,-0.341494547835096,-0.0554176438613867));
#6648=DIRECTION('',(0.,0.0846214346995175,-0.996413173733364));
#6649=DIRECTION('',(0.,0.996413173733364,0.0846214346995175));
#6650=DIRECTION('',(0.,-0.996413173733364,-0.0846214346995175));
#6651=DIRECTION('',(1.,0.,0.));
#6652=DIRECTION('',(0.,0.996413173733364,0.0846214346995175));
#6653=DIRECTION('',(0.,0.160184236060127,-0.987087134207428));
#6654=DIRECTION('',(0.,0.987087134207428,0.160184236060127));
#6655=DIRECTION('',(0.,-0.987087134207428,-0.160184236060127));
#6656=DIRECTION('',(0.,0.987087134207428,0.160184236060127));
#6657=DIRECTION('',(0.,1.,2.41352831440252E-16));
#6658=DIRECTION('',(0.,-2.41352831440252E-16,1.));
#6659=DIRECTION('',(0.,-2.41352831440252E-16,1.));
#6660=DIRECTION('',(1.,0.,0.));
#6661=DIRECTION('',(0.,-2.41352831440252E-16,1.));
#6662=DIRECTION('',(-1.,0.,0.));
#6663=DIRECTION('',(0.,-2.41352831440252E-16,1.));
#6664=DIRECTION('',(1.,0.,0.));
#6665=DIRECTION('',(0.,-2.41352831440252E-16,1.));
#6666=DIRECTION('',(0.,-1.,-2.41352831440252E-16));
#6667=DIRECTION('',(0.,-2.41352831440252E-16,1.));
#6668=DIRECTION('',(0.,-1.,-2.41352831440252E-16));
#6669=DIRECTION('',(0.,-1.,-2.41352831440252E-16));
#6670=DIRECTION('',(0.,-2.41352831440252E-16,1.));
#6671=DIRECTION('',(0.,-1.,-2.41352831440252E-16));
#6672=DIRECTION('',(0.939692620785908,-0.34202014332567,-8.25475300012512E-17));
#6673=DIRECTION('',(0.,-2.41352831440252E-16,1.));
#6674=DIRECTION('',(0.,-1.,-2.41352831440252E-16));
#6675=DIRECTION('',(0.,-1.,-2.41352831440252E-16));
#6676=DIRECTION('',(1.28498035257541E-16,1.,2.41352831440252E-16));
#6677=DIRECTION('',(0.,2.41352831440252E-16,-1.));
#6678=DIRECTION('',(0.,-1.,-2.41352831440252E-16));
#6679=DIRECTION('',(0.,0.30690628700119,-0.951739739108935));
#6680=DIRECTION('',(0.,0.951739739108935,0.30690628700119));
#6681=DIRECTION('',(0.,0.30690628700119,-0.951739739108935));
#6682=DIRECTION('',(0.,0.951739739108935,0.30690628700119));
#6683=DIRECTION('',(-1.22296686552023E-16,-0.951739739108935,-0.30690628700119));
#6684=DIRECTION('',(1.,0.,0.));
#6685=DIRECTION('',(0.,0.951739739108935,0.30690628700119));
#6686=DIRECTION('',(0.,0.377272727272728,-0.92610220238168));
#6687=DIRECTION('',(0.,0.92610220238168,0.377272727272728));
#6688=DIRECTION('',(1.,0.,0.));
#6689=DIRECTION('',(0.,0.377272727272728,-0.92610220238168));
#6690=DIRECTION('',(2.37826865455132E-32,0.92610220238168,0.377272727272728));
#6691=DIRECTION('',(0.,0.92610220238168,0.377272727272728));
#6692=DIRECTION('',(1.,0.,0.));
#6693=DIRECTION('',(0.,0.92610220238168,0.377272727272728));
#6694=DIRECTION('',(-1.19002313453728E-16,-0.92610220238168,-0.377272727272728));
#6695=DIRECTION('',(0.,0.92610220238168,0.377272727272728));
#6696=DIRECTION('',(0.,0.377272727272728,-0.92610220238168));
#6697=DIRECTION('',(-7.72003833854015E-48,-0.92610220238168,-0.377272727272728));
#6698=DIRECTION('',(-0.930702107578669,-0.338747864127458,-0.137998085123338));
#6699=DIRECTION('',(0.,-0.377272727272728,0.92610220238168));
#6700=DIRECTION('',(0.,-0.92610220238168,-0.377272727272728));
#6701=DIRECTION('',(0.,-0.92610220238168,-0.377272727272728));
#6702=DIRECTION('',(-1.,0.,0.));
#6703=DIRECTION('',(1.83603569328608E-16,0.92610220238168,0.377272727272728));
#6704=DIRECTION('',(-1.,0.,0.));
#6705=DIRECTION('',(0.,-0.92610220238168,-0.377272727272728));
#6706=DIRECTION('',(1.,0.,0.));
#6707=DIRECTION('',(0.,0.306906287001191,-0.951739739108934));
#6708=DIRECTION('',(-1.,0.,0.));
#6709=DIRECTION('',(1.8868631639455E-16,0.951739739108934,0.306906287001191));
#6710=DIRECTION('',(4.76600475180422E-16,-0.951739739108934,-0.306906287001191));
#6711=DIRECTION('',(1.,0.,0.));
#6712=DIRECTION('',(0.,1.,0.));
#6713=DIRECTION('',(1.,0.,0.));
#6714=DIRECTION('',(0.,-1.,0.));
#6715=DIRECTION('',(1.,0.,0.));
#6716=DIRECTION('',(0.,-1.,0.));
#6717=DIRECTION('',(0.,-0.234818495543333,0.972039234882402));
#6718=DIRECTION('',(0.,-0.972039234882402,-0.234818495543333));
#6719=DIRECTION('',(0.,-0.234818495543333,0.972039234882402));
#6720=DIRECTION('',(0.,0.972039234882402,0.234818495543333));
#6721=DIRECTION('',(0.,-0.234818495543333,0.972039234882402));
#6722=DIRECTION('',(0.,-0.972039234882402,-0.234818495543333));
#6723=DIRECTION('',(0.,-0.972039234882402,-0.234818495543333));
#6724=DIRECTION('',(0.,-0.234818495543333,0.972039234882402));
#6725=DIRECTION('',(0.,0.972039234882402,0.234818495543333));
#6726=DIRECTION('',(0.,-0.483137944372078,0.875544246002407));
#6727=DIRECTION('',(0.,-0.875544246002407,-0.483137944372078));
#6728=DIRECTION('',(0.923391087470661,-0.336086870426023,-0.185457583039873));
#6729=DIRECTION('',(0.,-0.483137944372078,0.875544246002407));
#6730=DIRECTION('',(6.02842304678935E-48,-0.875544246002407,-0.483137944372078));
#6731=DIRECTION('',(0.,-0.875544246002407,-0.483137944372078));
#6732=DIRECTION('',(-1.,0.,0.));
#6733=DIRECTION('',(0.,-0.875544246002407,-0.483137944372078));
#6734=DIRECTION('',(1.,0.,0.));
#6735=DIRECTION('',(0.,-0.875544246002407,-0.483137944372078));
#6736=DIRECTION('',(0.,-0.483137944372078,0.875544246002407));
#6737=DIRECTION('',(1.85714227570342E-32,0.875544246002407,0.483137944372078));
#6738=DIRECTION('',(0.92339108747066,0.336086870426026,0.185457583039874));
#6739=DIRECTION('',(0.,-0.483137944372078,0.875544246002407));
#6740=DIRECTION('',(-6.02842304678935E-48,-0.875544246002407,-0.483137944372078));
#6741=DIRECTION('',(0.,-0.875544246002407,-0.483137944372078));
#6742=DIRECTION('',(0.,-0.483137944372078,0.875544246002407));
#6743=DIRECTION('',(-1.8571422757034E-32,0.875544246002407,0.483137944372078));
#6744=DIRECTION('',(-0.707106781186548,-0.341630116714025,0.619103273577165));
#6745=DIRECTION('',(0.,-0.875544246002407,-0.483137944372078));
#6746=DIRECTION('',(-0.679184283379348,0.0845283920912963,-0.7290841241866));
#6747=DIRECTION('',(0.58864971041237,-0.769503493126042,0.247701216182425));
#6748=DIRECTION('',(-0.54668537446601,-0.721068676665363,0.425670136228772));
#6749=DIRECTION('',(0.796868031629607,-0.60415340780861,0.));
#6750=DIRECTION('',(1.1169544532635E-15,-0.508361119494754,-0.861143990390713));
#6751=DIRECTION('',(0.679184283379347,-0.679184283379347,-0.278239857714467));
#6752=DIRECTION('',(-0.686093231817539,-0.313520102699281,0.656491601208726));
#6753=DIRECTION('',(0.69134830186046,0.,0.722521643630596));
#6754=DIRECTION('',(-0.588649710412361,-0.291035166980732,-0.754181708881846));
#6755=DIRECTION('',(4.85454296794643E-16,-0.902377051066583,-0.430947395523373));
#6756=DIRECTION('',(-0.707106781186548,-0.707106781186548,0.));
#6757=DIRECTION('',(0.,0.,-1.));
#6758=DIRECTION('',(-0.696618741774445,0.696618741774445,0.171594455671446));
#6759=DIRECTION('',(0.,0.861143990390713,-0.508361119494754));
#6760=DIRECTION('',(-1.,0.,0.));
#6761=DIRECTION('',(0.,0.508361119494754,0.861143990390713));
#6762=DIRECTION('',(0.,0.430947395523373,-0.902377051066583));
#6763=DIRECTION('',(-1.,0.,0.));
#6764=DIRECTION('',(0.,0.902377051066583,0.430947395523373));
#6765=DIRECTION('',(-0.707106781186548,-0.266772103811288,0.654853147375882));
#6766=DIRECTION('',(0.,-0.92610220238168,-0.377272727272728));
#6767=DIRECTION('',(0.59177464150588,-0.730173915118941,0.34153891044867));
#6768=DIRECTION('',(-0.680215664849824,-0.224966003211214,0.697636686744672));
#6769=DIRECTION('',(0.715989933477938,0.,0.698110603814509));
#6770=DIRECTION('',(-0.591774641505915,-0.39309805344546,-0.703758974399571));
#6771=DIRECTION('',(-0.707106781186543,-0.166041750546715,0.687335534564734));
#6772=DIRECTION('',(0.,-0.972039234882402,-0.234818495543333));
#6773=DIRECTION('',(0.592014763850873,-0.670568664970556,0.447052776461796));
#6774=DIRECTION('',(-0.67976330759347,-0.117484173316029,0.723960851614115));
#6775=DIRECTION('',(0.729009420457379,0.,0.684503663163607));
#6776=DIRECTION('',(-0.592014763850862,-0.494784222867765,-0.636165931329045));
#6777=DIRECTION('',(-0.707106781186546,-0.0598363903097635,0.704570512010473));
#6778=DIRECTION('',(0.,-0.996413173733364,-0.0846214346995174));
#6779=DIRECTION('',(-0.898794046299167,-0.438371146789079,0.));
#6780=DIRECTION('',(-0.438371146789079,0.898794046299167,0.));
#6781=DIRECTION('',(0.898794046299167,0.438371146789079,0.));
#6782=DIRECTION('',(-0.438371146789079,0.898794046299167,0.));
#6783=DIRECTION('',(0.898794046299167,0.438371146789079,0.));
#6784=DIRECTION('',(-0.438371146789079,0.898794046299167,0.));
#6785=DIRECTION('',(0.438371146789074,-0.898794046299169,0.));
#6786=DIRECTION('',(0.898794046299169,0.438371146789074,0.));
#6787=DIRECTION('',(0.438371146789079,-0.898794046299167,0.));
#6788=DIRECTION('',(-0.898794046299167,-0.438371146789079,0.));
#6789=DIRECTION('',(-0.438371146789074,0.898794046299169,0.));
#6790=DIRECTION('',(-0.898794046299169,-0.438371146789074,0.));
#6791=DIRECTION('',(-0.438371146789079,0.898794046299167,0.));
#6792=DIRECTION('',(0.438371146789079,-0.898794046299167,0.));
#6793=DIRECTION('',(0.898794046299167,0.438371146789079,0.));
#6794=DIRECTION('',(-0.438371146789079,0.898794046299167,0.));
#6795=DIRECTION('',(-0.898794046299167,-0.438371146789079,0.));
#6796=DIRECTION('',(-0.438371146789079,0.898794046299167,0.));
#6797=DIRECTION('',(0.898794046299167,0.438371146789079,0.));
#6798=DIRECTION('',(-0.438371146789079,0.898794046299167,0.));
#6799=DIRECTION('',(0.898794046299167,0.438371146789079,0.));
#6800=DIRECTION('',(-0.438371146789079,0.898794046299167,0.));
#6801=DIRECTION('',(0.438371146789079,-0.898794046299167,0.));
#6802=DIRECTION('',(-0.898794046299167,-0.438371146789079,0.));
#6803=DIRECTION('',(-0.43837114678908,0.898794046299166,6.23663652873339E-15));
#6804=DIRECTION('',(-0.898794046299166,-0.43837114678908,0.));
#6805=DIRECTION('',(-0.438371146789079,0.898794046299167,0.));
#6806=DIRECTION('',(-0.309975210571081,0.635543365028236,-0.707106781186548));
#6807=DIRECTION('',(-0.309975210571081,0.635543365028236,0.707106781186548));
#6808=DIRECTION('',(-0.438371146789079,0.898794046299167,0.));
#6809=DIRECTION('',(0.,0.,1.));
#6810=DIRECTION('',(-1.,0.,0.));
#6811=DIRECTION('',(7.79579566091668E-16,3.80226359762943E-16,1.));
#6812=DIRECTION('',(1.,0.,-7.79579566091668E-16));
#6813=DIRECTION('',(0.,0.,1.));
#6814=DIRECTION('',(0.,0.,1.));
#6815=DIRECTION('',(-0.89879404629917,-0.438371146789072,0.));
#6816=DIRECTION('',(-0.438371146789072,0.89879404629917,0.));
#6817=DIRECTION('',(0.898794046299163,0.438371146789086,0.));
#6818=DIRECTION('',(-0.438371146789087,0.898794046299163,0.));
#6819=DIRECTION('',(0.0722192993062732,-0.148071506803817,-0.986336251833298));
#6820=DIRECTION('',(0.,-0.988918538506462,0.148459166770673));
#6821=DIRECTION('',(0.,6.93889390390723E-15,-1.));
#6822=DIRECTION('',(0.,1.,6.93889390390723E-15));
#6823=DIRECTION('',(0.43837114678908,-0.898794046299166,0.));
#6824=DIRECTION('',(0.898794046299166,0.43837114678908,0.));
#6825=DIRECTION('',(0.898794046299168,0.438371146789074,0.));
#6826=DIRECTION('',(-0.438371146789074,0.898794046299169,0.));
#6827=DIRECTION('',(-0.898794046299167,-0.438371146789079,0.));
#6828=DIRECTION('',(-0.438371146789079,0.898794046299167,0.));
#6829=DIRECTION('',(-0.898794046299167,-0.438371146789079,0.));
#6830=DIRECTION('',(-0.898794046299167,-0.438371146789079,0.));
#6831=DIRECTION('',(-0.898794046299167,-0.438371146789079,0.));
#6832=DIRECTION('',(-0.438371146789079,0.898794046299167,0.));
#6833=DIRECTION('',(0.898794046299167,0.438371146789079,0.));
#6834=DIRECTION('',(-0.438371146789079,0.898794046299167,0.));
#6835=DIRECTION('',(0.898794046299167,0.438371146789079,0.));
#6836=DIRECTION('',(-0.438371146789079,0.898794046299167,0.));
#6837=DIRECTION('',(0.0722192993062731,-0.148071506803816,0.986336251833298));
#6838=DIRECTION('',(0.,0.988918538506463,0.148459166770672));
#6839=DIRECTION('',(0.898794046299167,0.438371146789079,0.));
#6840=DIRECTION('',(-0.438371146789079,0.898794046299167,0.));
#6841=DIRECTION('',(0.898794046299167,0.438371146789079,0.));
#6842=DIRECTION('',(-0.438371146789079,0.898794046299167,0.));
#6843=DIRECTION('',(-0.438371146789079,0.898794046299167,0.));
#6844=DIRECTION('',(0.898794046299167,0.438371146789079,0.));
#6845=DIRECTION('',(-0.43837114678908,0.898794046299166,0.));
#6846=DIRECTION('',(-0.898794046299166,-0.43837114678908,0.));
#6847=DIRECTION('',(-0.438371146789079,0.898794046299167,0.));
#6848=DIRECTION('',(-0.438371146789079,0.898794046299167,0.));
#6849=DIRECTION('',(-0.898794046299167,-0.438371146789079,0.));
#6850=DIRECTION('',(-0.438371146789079,0.898794046299167,0.));
#6851=DIRECTION('',(-0.898794046299167,-0.438371146789079,0.));
#6852=DIRECTION('',(-0.94948883032496,0.313800830285929,0.));
#6853=DIRECTION('',(-0.313800830285929,-0.94948883032496,0.));
#6854=DIRECTION('',(-0.898794046299167,-0.438371146789079,0.));
#6855=DIRECTION('',(-0.898794046299166,-0.43837114678908,0.));
#6856=DIRECTION('',(-0.43837114678908,0.898794046299166,0.));
#6857=DIRECTION('',(0.898794046299167,0.438371146789078,0.));
#6858=DIRECTION('',(-0.438371146789078,0.898794046299167,0.));
#6859=DIRECTION('',(-0.438371146789078,0.898794046299167,0.));
#6860=DIRECTION('',(-0.898794046299167,-0.438371146789078,0.));
#6861=DIRECTION('',(-0.898794046299167,-0.438371146789079,0.));
#6862=DIRECTION('',(-0.438371146789079,0.898794046299167,0.));
#6863=DIRECTION('',(0.898794046299167,0.438371146789079,0.));
#6864=DIRECTION('',(-0.438371146789079,0.898794046299167,0.));
#6865=DIRECTION('',(-0.43837114678908,0.898794046299166,3.04181087810357E-15));
#6866=DIRECTION('',(-0.898794046299166,-0.43837114678908,0.));
#6867=DIRECTION('',(0.898794046299167,0.438371146789079,0.));
#6868=DIRECTION('',(-0.438371146789079,0.898794046299167,0.));
#6869=DIRECTION('',(0.168836205090704,-0.346165519895139,0.922856309880524));
#6870=DIRECTION('',(0.,0.936297684923717,0.351207410523308));
#6871=DIRECTION('',(-0.898794046299167,-0.438371146789079,0.));
#6872=DIRECTION('',(-0.438371146789079,0.898794046299167,0.));
#6873=DIRECTION('',(0.168836205090705,-0.346165519895139,-0.922856309880524));
#6874=DIRECTION('',(0.,-0.936297684923717,0.351207410523308));
#6875=DIRECTION('',(0.898794046299167,0.438371146789079,0.));
#6876=DIRECTION('',(-0.438371146789079,0.898794046299167,0.));
#6877=DIRECTION('',(-0.898794046299167,-0.438371146789079,0.));
#6878=DIRECTION('',(-0.438371146789079,0.898794046299167,0.));
#6879=DIRECTION('',(0.898794046299167,0.438371146789079,0.));
#6880=DIRECTION('',(-0.438371146789079,0.898794046299167,0.));
#6881=DIRECTION('',(0.898794046299167,0.438371146789079,0.));
#6882=DIRECTION('',(-0.438371146789079,0.898794046299167,0.));
#6883=DIRECTION('',(-0.898794046299167,-0.438371146789079,0.));
#6884=DIRECTION('',(-0.438371146789079,0.898794046299167,0.));
#6885=DIRECTION('',(-0.898794046299167,-0.438371146789079,0.));
#6886=DIRECTION('',(0.898794046299167,0.438371146789079,0.));
#6887=DIRECTION('',(-0.438371146789079,0.898794046299167,0.));
#6888=DIRECTION('',(0.898794046299167,0.438371146789079,0.));
#6889=DIRECTION('',(0.309975210571081,-0.635543365028236,-0.707106781186548));
#6890=DIRECTION('',(0.309975210571081,-0.635543365028236,0.707106781186548));
#6891=DIRECTION('',(-0.438371146789079,0.898794046299167,0.));
#6892=DIRECTION('',(-0.438371146789079,0.898794046299167,0.));
#6893=DIRECTION('',(0.438371146789079,-0.898794046299167,0.));
#6894=DIRECTION('',(-0.898794046299167,-0.438371146789079,0.));
#6895=DIRECTION('',(0.438371146789072,-0.89879404629917,0.));
#6896=DIRECTION('',(0.89879404629917,0.438371146789072,0.));
#6897=DIRECTION('',(-0.438371146789079,0.898794046299167,0.));
#6898=DIRECTION('',(-0.438371146789079,0.898794046299167,0.));
#6899=DIRECTION('',(-0.898794046299167,-0.438371146789079,0.));
#6900=DIRECTION('',(-0.438371146789079,0.898794046299167,0.));
#6901=DIRECTION('',(-0.898794046299167,-0.438371146789079,0.));
#6902=DIRECTION('',(-0.898794046299167,-0.438371146789079,0.));
#6903=DIRECTION('',(0.438371146789079,-0.898794046299167,0.));
#6904=DIRECTION('',(-0.898794046299167,-0.438371146789079,0.));
#6905=DIRECTION('',(-0.898794046299167,-0.438371146789079,0.));
#6906=DIRECTION('',(-0.438371146789079,0.898794046299167,0.));
#6907=DIRECTION('',(0.898794046299167,0.438371146789079,0.));
#6908=DIRECTION('',(-0.898794046299167,-0.438371146789079,0.));
#6909=DIRECTION('',(0.438371146789079,-0.898794046299167,0.));
#6910=DIRECTION('',(-0.898794046299167,-0.438371146789079,0.));
#6911=DIRECTION('',(0.,0.,1.));
#6912=DIRECTION('',(-1.,0.,0.));
#6913=DIRECTION('',(0.,0.,-1.));
#6914=DIRECTION('',(-1.,0.,0.));
#6915=DIRECTION('',(0.,0.,1.));
#6916=DIRECTION('',(0.,0.,1.));
#6917=DIRECTION('',(-0.438371146789072,0.89879404629917,0.));
#6918=DIRECTION('',(0.89879404629917,0.438371146789072,0.));
#6919=DIRECTION('',(0.898794046299166,0.43837114678908,3.04181087810357E-15));
#6920=DIRECTION('',(-0.43837114678908,0.898794046299166,0.));
#6921=DIRECTION('',(0.898794046299167,0.438371146789079,0.));
#6922=DIRECTION('',(0.438371146789079,-0.898794046299167,0.));
#6923=DIRECTION('',(-0.898794046299167,-0.438371146789079,0.));
#6924=DIRECTION('',(-0.94948883032496,0.31380083028593,0.));
#6925=DIRECTION('',(0.31380083028593,0.94948883032496,0.));
#6926=DIRECTION('',(-0.898794046299167,-0.438371146789079,0.));
#6927=DIRECTION('',(-0.898794046299167,-0.438371146789079,0.));
#6928=DIRECTION('',(-0.438371146789079,0.898794046299167,0.));
#6929=DIRECTION('',(-0.898794046299167,-0.438371146789079,0.));
#6930=DIRECTION('',(0.438371146789079,-0.898794046299167,0.));
#6931=DIRECTION('',(0.,0.,1.));
#6932=DIRECTION('',(-1.,0.,0.));
#6933=DIRECTION('',(0.,0.,1.));
#6934=DIRECTION('',(1.,0.,0.));
#6935=DIRECTION('',(0.,0.,-1.));
#6936=DIRECTION('',(-1.,0.,0.));
#6937=DIRECTION('',(0.,0.,1.));
#6938=DIRECTION('',(-1.,0.,0.));
#6939=DIRECTION('',(0.,0.,1.));
#6940=DIRECTION('',(1.,0.,0.));
#6941=DIRECTION('',(0.,0.,-1.));
#6942=DIRECTION('',(-1.,0.,0.));
#6943=DIRECTION('',(0.,0.,1.));
#6944=DIRECTION('',(-1.,0.,0.));
#6945=DIRECTION('',(0.,0.,1.));
#6946=DIRECTION('',(1.,0.,0.));
#6947=DIRECTION('',(0.,0.,-1.));
#6948=DIRECTION('',(-1.,0.,0.));
#6949=DIRECTION('',(0.,0.,1.));
#6950=DIRECTION('',(-1.,0.,0.));
#6951=DIRECTION('',(0.,0.,1.));
#6952=DIRECTION('',(1.,0.,0.));
#6953=DIRECTION('',(0.,0.,-1.));
#6954=DIRECTION('',(-1.,0.,0.));
#6955=DIRECTION('',(0.,0.,1.));
#6956=DIRECTION('',(-1.,0.,0.));
#6957=DIRECTION('',(0.,0.,-1.));
#6958=DIRECTION('',(-1.,0.,0.));
#6959=DIRECTION('',(0.,0.,1.));
#6960=DIRECTION('',(1.,0.,0.));
#6961=DIRECTION('',(0.,0.,1.));
#6962=DIRECTION('',(-1.,0.,0.));
#6963=DIRECTION('',(0.,0.,-1.));
#6964=DIRECTION('',(-1.,0.,0.));
#6965=DIRECTION('',(0.,0.,1.));
#6966=DIRECTION('',(1.,0.,0.));
#6967=DIRECTION('',(0.,0.,1.));
#6968=DIRECTION('',(-1.,0.,0.));
#6969=DIRECTION('',(0.,0.,-1.));
#6970=DIRECTION('',(-1.,0.,0.));
#6971=DIRECTION('',(0.,0.,1.));
#6972=DIRECTION('',(1.,0.,0.));
#6973=DIRECTION('',(0.,0.,1.));
#6974=DIRECTION('',(-1.,0.,0.));
#6975=DIRECTION('',(0.,0.,-1.));
#6976=DIRECTION('',(-1.,0.,0.));
#6977=DIRECTION('',(0.,0.,1.));
#6978=DIRECTION('',(1.,0.,0.));
#6979=DIRECTION('',(0.,0.,1.));
#6980=DIRECTION('',(-1.,0.,0.));
#6981=DIRECTION('',(0.,0.,-1.));
#6982=DIRECTION('',(-1.,0.,0.));
#6983=DIRECTION('',(0.,0.,-1.));
#6984=DIRECTION('',(1.,0.,0.));
#6985=DIRECTION('',(0.,0.,-1.));
#6986=DIRECTION('',(-1.,0.,0.));
#6987=DIRECTION('',(0.,0.,1.));
#6988=DIRECTION('',(-1.,0.,0.));
#6989=DIRECTION('',(0.,0.,-1.));
#6990=DIRECTION('',(-1.,0.,0.));
#6991=DIRECTION('',(0.,0.,-1.));
#6992=DIRECTION('',(1.,0.,0.));
#6993=DIRECTION('',(0.,0.,-1.));
#6994=DIRECTION('',(-1.,0.,0.));
#6995=DIRECTION('',(0.,0.,1.));
#6996=DIRECTION('',(-1.,0.,0.));
#6997=DIRECTION('',(0.,0.,-1.));
#6998=DIRECTION('',(-1.,0.,0.));
#6999=DIRECTION('',(0.,0.,-1.));
#7000=DIRECTION('',(1.,0.,0.));
#7001=DIRECTION('',(0.,0.,-1.));
#7002=DIRECTION('',(-1.,0.,0.));
#7003=DIRECTION('',(0.,0.,1.));
#7004=DIRECTION('',(-1.,0.,0.));
#7005=DIRECTION('',(0.,0.,-1.));
#7006=DIRECTION('',(-1.,0.,0.));
#7007=DIRECTION('',(0.,0.,-1.));
#7008=DIRECTION('',(1.,0.,0.));
#7009=DIRECTION('',(0.,0.,-1.));
#7010=DIRECTION('',(-1.,0.,0.));
#7011=DIRECTION('',(0.,0.,1.));
#7012=DIRECTION('',(-1.,0.,0.));
#7013=DIRECTION('',(0.,0.,-1.));
#7014=DIRECTION('',(-1.,0.,0.));
#7015=DIRECTION('',(0.,0.,1.));
#7016=DIRECTION('',(-1.,0.,0.));
#7017=DIRECTION('',(0.,0.,-1.));
#7018=DIRECTION('',(-1.,0.,0.));
#7019=DIRECTION('',(0.,0.,1.));
#7020=DIRECTION('',(-1.,0.,0.));
#7021=DIRECTION('',(0.,0.,-1.));
#7022=DIRECTION('',(-1.,0.,0.));
#7023=DIRECTION('',(0.,0.,1.));
#7024=DIRECTION('',(-1.,0.,0.));
#7025=DIRECTION('',(0.,0.,-1.));
#7026=DIRECTION('',(-1.,0.,0.));
#7027=DIRECTION('',(0.,0.,1.));
#7028=DIRECTION('',(-1.,0.,0.));
#7029=DIRECTION('',(0.,0.,-1.));
#7030=DIRECTION('',(-1.,0.,0.));
#7031=DIRECTION('',(0.,0.,1.));
#7032=DIRECTION('',(-1.,0.,0.));
#7033=DIRECTION('',(0.,0.,-1.));
#7034=DIRECTION('',(-1.,0.,0.));
#7035=DIRECTION('',(0.,0.,1.));
#7036=DIRECTION('',(-1.,0.,0.));
#7037=DIRECTION('',(0.,0.,-1.));
#7038=DIRECTION('',(-1.,0.,0.));
#7039=DIRECTION('',(0.,0.,1.));
#7040=DIRECTION('',(-1.,0.,0.));
#7041=DIRECTION('',(0.,0.,-1.));
#7042=DIRECTION('',(-1.,0.,0.));
#7043=DIRECTION('',(-0.438371146789079,0.898794046299167,0.));
#7044=DIRECTION('',(0.898794046299167,0.438371146789079,0.));
#7045=DIRECTION('',(0.,0.,-1.));
#7046=DIRECTION('',(-0.898794046299167,-0.438371146789079,0.));
#7047=DIRECTION('',(-0.898794046299167,-0.438371146789079,0.));
#7048=DIRECTION('',(0.,0.,-1.));
#7049=DIRECTION('',(1.,0.,0.));
#7050=DIRECTION('',(0.,-1.,0.));
#7051=DIRECTION('',(0.,0.,-1.));
#7052=DIRECTION('',(1.,0.,0.));
#7053=DIRECTION('',(0.,-1.,0.));
#7054=DIRECTION('',(-0.898794046299167,-0.438371146789079,0.));
#7055=DIRECTION('',(-0.438371146789079,0.898794046299167,0.));
#7056=DIRECTION('',(-0.998107594818162,-0.0614916999789668,0.));
#7057=DIRECTION('',(0.0614916999789668,-0.998107594818162,0.));
#7058=DIRECTION('',(-0.898794046299167,-0.438371146789079,0.));
#7059=DIRECTION('',(0.438371146789079,-0.898794046299167,0.));
#7060=DIRECTION('',(-0.898794046299167,-0.438371146789079,0.));
#7061=DIRECTION('',(-0.438371146789079,0.898794046299167,0.));
#7062=DIRECTION('',(-0.898794046299167,-0.438371146789079,0.));
#7063=DIRECTION('',(-0.438371146789079,0.898794046299167,0.));
#7064=DIRECTION('',(-0.998869653788996,0.047533301373379,0.));
#7065=DIRECTION('',(-0.047533301373379,-0.998869653788996,0.));
#7066=DIRECTION('',(0.,0.,-1.));
#7067=DIRECTION('',(1.,0.,0.));
#7068=DIRECTION('',(0.,0.,-1.));
#7069=DIRECTION('',(1.,0.,0.));
#7070=DIRECTION('',(-0.898794046299167,-0.438371146789079,0.));
#7071=DIRECTION('',(-0.438371146789079,0.898794046299167,0.));
#7072=DIRECTION('',(0.,1.,0.));
#7073=DIRECTION('',(0.,0.,1.));
#7074=DIRECTION('',(0.,0.,1.));
#7075=DIRECTION('',(1.,0.,0.));
#7076=DIRECTION('',(0.,0.,-1.));
#7077=DIRECTION('',(-1.,0.,0.));
#7078=DIRECTION('',(0.,0.,1.));
#7079=DIRECTION('',(1.,0.,0.));
#7080=DIRECTION('',(0.,1.,0.));
#7081=DIRECTION('',(0.,0.,1.));
#7082=DIRECTION('',(0.,1.,0.));
#7083=DIRECTION('',(0.,0.,1.));
#7084=DIRECTION('',(0.,1.,0.));
#7085=DIRECTION('',(0.,0.,1.));
#7086=DIRECTION('',(1.,0.,0.));
#7087=DIRECTION('',(0.,0.,-1.));
#7088=DIRECTION('',(0.,0.421146426986373,-0.906992660960723));
#7089=DIRECTION('',(0.,0.906992660960723,0.421146426986373));
#7090=DIRECTION('',(0.,-1.,0.));
#7091=DIRECTION('',(0.,0.,-1.));
#7092=DIRECTION('',(0.,1.,0.));
#7093=DIRECTION('',(0.,0.,1.));
#7094=DIRECTION('',(0.,-0.421146426986372,-0.906992660960723));
#7095=DIRECTION('',(0.,0.906992660960723,-0.421146426986372));
#7096=DIRECTION('',(1.,0.,0.));
#7097=DIRECTION('',(0.,0.,-1.));
#7098=DIRECTION('',(-0.0116380014844659,0.0238614391518982,-0.999647532204751));
#7099=DIRECTION('',(0.,0.999715236752027,0.0238630552494557));
#7100=DIRECTION('',(-0.898794046299167,-0.438371146789079,0.));
#7101=DIRECTION('',(0.438371146789079,-0.898794046299167,0.));
#7102=DIRECTION('',(0.0116380014844659,-0.0238614391518982,-0.999647532204751));
#7103=DIRECTION('',(0.,0.999715236752027,-0.0238630552494557));
#7104=DIRECTION('',(0.,2.41352831440252E-16,-1.));
#7105=DIRECTION('',(0.,1.,2.41352831440252E-16));
#7106=DIRECTION('',(0.,2.41352831440252E-16,-1.));
#7107=DIRECTION('',(0.,-2.41352831440252E-16,1.));
#7108=DIRECTION('',(0.,-1.,-2.41352831440252E-16));
#7109=DIRECTION('',(0.,2.41352831440252E-16,-1.));
#7110=DIRECTION('',(0.,0.247436083459723,-0.968904218487108));
#7111=DIRECTION('',(0.,-0.968904218487108,-0.247436083459723));
#7112=DIRECTION('',(0.,0.247436083459723,-0.968904218487108));
#7113=DIRECTION('',(0.,-0.968904218487108,-0.247436083459723));
#7114=DIRECTION('',(1.,-1.98254111540206E-16,-4.78491911649003E-32));
#7115=DIRECTION('',(1.98254111540206E-16,1.,0.));
#7116=DIRECTION('',(1.92710774893833E-16,0.972039234882402,0.234818495543333));
#7117=DIRECTION('',(-1.8868631639455E-16,-0.951739739108934,-0.306906287001191));
#7118=DIRECTION('',(1.83603569328608E-16,0.92610220238168,0.377272727272728));
#7119=DIRECTION('',(0.,2.41352831440252E-16,-1.));
#7120=DIRECTION('',(-1.98254111540206E-16,-1.,-2.41352831440252E-16));
#7121=DIRECTION('',(0.,1.,2.41352831440252E-16));
#7122=DIRECTION('',(0.,-2.41352831440252E-16,1.));
#7123=DIRECTION('',(0.,-2.41352831440252E-16,1.));
#7124=DIRECTION('',(1.,0.,0.));
#7125=DIRECTION('',(0.,1.,2.41352831440252E-16));
#7126=DIRECTION('',(4.86660063280649E-16,-2.41352831440252E-16,1.));
#7127=DIRECTION('',(-1.,0.,0.));
#7128=DIRECTION('',(0.,2.41352831440252E-16,-1.));
#7129=DIRECTION('',(0.,1.,2.41352831440252E-16));
#7130=DIRECTION('',(0.,-2.41352831440252E-16,1.));
#7131=DIRECTION('',(0.,-1.,-2.41352831440252E-16));
#7132=DIRECTION('',(0.,2.41352831440252E-16,-1.));
#7133=DIRECTION('',(0.,1.,2.41352831440252E-16));
#7134=DIRECTION('',(0.,-2.41352831440252E-16,1.));
#7135=DIRECTION('',(0.,-1.,-2.41352831440252E-16));
#7136=DIRECTION('',(0.,-2.41352831440252E-16,1.));
#7137=DIRECTION('',(1.,0.,0.));
#7138=DIRECTION('',(-1.98254111540206E-16,-1.,-2.41352831440252E-16));
#7139=DIRECTION('',(1.,0.,0.));
#7140=DIRECTION('',(0.,-2.41352831440252E-16,1.));
#7141=DIRECTION('',(0.,-1.,-2.41352831440252E-16));
#7142=DIRECTION('',(0.,-1.,-2.41352831440252E-16));
#7143=DIRECTION('',(0.,-2.41352831440252E-16,1.));
#7144=DIRECTION('',(0.,-1.,-2.41352831440252E-16));
#7145=DIRECTION('',(0.939692620785908,-0.34202014332567,-8.25475300012512E-17));
#7146=DIRECTION('',(0.,-2.41352831440252E-16,1.));
#7147=DIRECTION('',(0.,-1.,-2.41352831440252E-16));
#7148=DIRECTION('',(0.,-1.,-2.41352831440252E-16));
#7149=DIRECTION('',(0.,-2.41352831440252E-16,1.));
#7150=DIRECTION('',(0.,-1.,-2.41352831440252E-16));
#7151=DIRECTION('',(0.,0.430947395523372,-0.902377051066583));
#7152=DIRECTION('',(0.,0.902377051066583,0.430947395523373));
#7153=DIRECTION('',(0.,0.902377051066583,0.430947395523373));
#7154=DIRECTION('',(1.,0.,0.));
#7155=DIRECTION('',(0.,0.902377051066583,0.430947395523373));
#7156=DIRECTION('',(0.,0.483137944372078,-0.875544246002407));
#7157=DIRECTION('',(0.,0.875544246002407,0.483137944372078));
#7158=DIRECTION('',(0.,0.875544246002407,0.483137944372078));
#7159=DIRECTION('',(0.,0.483137944372078,-0.875544246002407));
#7160=DIRECTION('',(6.02842304678934E-48,-0.875544246002407,-0.483137944372078));
#7161=DIRECTION('',(-0.923391087470661,0.336086870426023,0.185457583039873));
#7162=DIRECTION('',(0.,0.483137944372078,-0.875544246002407));
#7163=DIRECTION('',(-1.8571422757034E-32,0.875544246002407,0.483137944372078));
#7164=DIRECTION('',(0.,0.875544246002407,0.483137944372078));
#7165=DIRECTION('',(0.,0.483137944372078,-0.875544246002407));
#7166=DIRECTION('',(-6.02842304678935E-48,-0.875544246002407,-0.483137944372078));
#7167=DIRECTION('',(-0.92339108747066,-0.336086870426026,-0.185457583039874));
#7168=DIRECTION('',(0.,0.483137944372078,-0.875544246002407));
#7169=DIRECTION('',(1.85714227570341E-32,0.875544246002407,0.483137944372078));
#7170=DIRECTION('',(0.,0.875544246002407,0.483137944372078));
#7171=DIRECTION('',(1.,0.,0.));
#7172=DIRECTION('',(0.,0.875544246002407,0.483137944372078));
#7173=DIRECTION('',(0.,-0.861143990390715,0.50836111949475));
#7174=DIRECTION('',(0.,-0.50836111949475,-0.861143990390715));
#7175=DIRECTION('',(0.,-0.50836111949475,-0.861143990390715));
#7176=DIRECTION('',(1.,0.,0.));
#7177=DIRECTION('',(0.,-0.861143990390715,0.50836111949475));
#7178=DIRECTION('',(0.,-0.50836111949475,-0.861143990390715));
#7179=DIRECTION('',(0.,-1.,0.));
#7180=DIRECTION('',(0.,0.,-1.));
#7181=DIRECTION('',(0.,-1.,0.));
#7182=DIRECTION('',(0.,0.,-1.));
#7183=DIRECTION('',(0.,-1.,0.));
#7184=DIRECTION('',(0.,0.,-1.));
#7185=DIRECTION('',(0.,0.,-1.));
#7186=DIRECTION('',(1.,0.,0.));
#7187=DIRECTION('',(0.,-1.,0.));
#7188=DIRECTION('',(0.,0.,-1.));
#7189=DIRECTION('',(0.,-0.875544246002407,-0.483137944372078));
#7190=DIRECTION('',(0.,0.483137944372078,-0.875544246002407));
#7191=DIRECTION('',(0.,-0.889343577021925,-0.457239545544617));
#7192=DIRECTION('',(0.,-0.45723954554462,0.889343577021923));
#7193=DIRECTION('',(0.,-0.902377051066583,-0.430947395523373));
#7194=DIRECTION('',(0.,0.430947395523372,-0.902377051066583));
#7195=DIRECTION('',(0.,-0.914633444378475,-0.404284135756483));
#7196=DIRECTION('',(0.,-0.404284135756484,0.914633444378475));
#7197=DIRECTION('',(0.,-0.92610220238168,-0.377272727272728));
#7198=DIRECTION('',(0.,0.377272727272728,-0.92610220238168));
#7199=DIRECTION('',(0.,-0.939579931822957,-0.342329595150007));
#7200=DIRECTION('',(0.,-0.342329595150005,0.939579931822958));
#7201=DIRECTION('',(0.,-0.951739739108935,-0.30690628700119));
#7202=DIRECTION('',(0.,0.30690628700119,-0.951739739108935));
#7203=DIRECTION('',(0.,-0.962564568022378,-0.271052490097199));
#7204=DIRECTION('',(0.,-0.271052490097201,0.962564568022378));
#7205=DIRECTION('',(0.,-0.972039234882402,-0.234818495543333));
#7206=DIRECTION('',(0.,0.234818495543333,-0.972039234882402));
#7207=DIRECTION('',(0.,-0.980273737630427,-0.197644628847012));
#7208=DIRECTION('',(0.,-0.19764462884701,0.980273737630427));
#7209=DIRECTION('',(0.,-0.987087134207428,-0.160184236060127));
#7210=DIRECTION('',(0.,0.160184236060127,-0.987087134207428));
#7211=DIRECTION('',(0.,-0.992469547209218,-0.122491623641495));
#7212=DIRECTION('',(0.,-0.122491623641497,0.992469547209218));
#7213=DIRECTION('',(0.,-0.996413173733364,-0.0846214346995175));
#7214=DIRECTION('',(0.,0.0846214346995175,-0.996413173733364));
#7215=DIRECTION('',(0.,1.,2.41352831440252E-16));
#7216=DIRECTION('',(0.,-2.41352831440252E-16,1.));
#7217=DIRECTION('',(-1.,0.,0.));
#7218=DIRECTION('',(8.97255901489819E-33,-2.41352831440252E-16,1.));
#7219=DIRECTION('',(1.44154686612614E-31,2.41352831440252E-16,-1.));
#7220=DIRECTION('',(0.,-2.41352831440252E-16,1.));
#7221=DIRECTION('',(0.,-1.,-2.41352831440252E-16));
#7222=DIRECTION('',(0.,-2.41352831440252E-16,1.));
#7223=DIRECTION('',(0.,-2.41352831440252E-16,1.));
#7224=DIRECTION('',(1.,-1.28498035257541E-16,-3.10133646439168E-32));
#7225=DIRECTION('',(1.28498035257541E-16,1.,0.));
#7226=DIRECTION('',(0.,-2.41352831440252E-16,1.));
#7227=DIRECTION('',(1.,0.,0.));
#7228=DIRECTION('',(0.939692620785908,0.34202014332567,8.25475300012513E-17));
#7229=DIRECTION('',(0.,-2.41352831440252E-16,1.));
#7230=DIRECTION('',(0.,-1.,-2.41352831440252E-16));
#7231=DIRECTION('',(0.,-2.41352831440252E-16,1.));
#7232=DIRECTION('',(0.,-1.,-2.41352831440252E-16));
#7233=DIRECTION('',(0.,-2.41352831440252E-16,1.));
#7234=DIRECTION('',(0.,-2.41352831440252E-16,1.));
#7235=DIRECTION('',(0.,0.,-1.));
#7236=DIRECTION('',(-1.,0.,0.));
#7237=DIRECTION('',(1.,0.,0.));
#7238=DIRECTION('',(0.,-0.16368748541506,-0.986512243775258));
#7239=DIRECTION('',(0.,0.986512243775258,-0.16368748541506));
#7240=DIRECTION('',(1.,0.,0.));
#7241=DIRECTION('',(1.,0.,0.));
#7242=DIRECTION('',(0.,-0.322959417029486,-0.946412814236988));
#7243=DIRECTION('',(0.,0.946412814236988,-0.322959417029486));
#7244=DIRECTION('',(1.,0.,0.));
#7245=DIRECTION('',(0.,-0.450024049910286,-0.89301643574032));
#7246=DIRECTION('',(0.,0.89301643574032,-0.450024049910286));
#7247=DIRECTION('',(1.,0.,0.));
#7248=DIRECTION('',(0.,-0.885590130520359,-0.464467566924682));
#7249=DIRECTION('',(0.,0.464467566924682,-0.885590130520359));
#7250=DIRECTION('',(1.,0.,0.));
#7251=DIRECTION('',(1.,0.,0.));
#7252=DIRECTION('',(0.,-0.239175531231384,0.970976346395825));
#7253=DIRECTION('',(0.,-0.970976346395825,-0.239175531231384));
#7254=DIRECTION('',(0.,-0.970976346395825,-0.239175531231384));
#7255=DIRECTION('',(-1.,0.,0.));
#7256=DIRECTION('',(0.,0.,1.));
#7257=DIRECTION('',(-1.,0.,0.));
#7258=DIRECTION('',(0.,0.,1.));
#7259=DIRECTION('',(-1.,0.,0.));
#7260=DIRECTION('',(0.,0.,1.));
#7261=DIRECTION('',(0.,-2.41352831440252E-16,1.));
#7262=DIRECTION('',(0.,-2.41352831440252E-16,1.));
#7263=DIRECTION('',(0.34202014332567,-0.939692620785908,-2.26797474710189E-16));
#7264=DIRECTION('',(0.939692620785908,0.34202014332567,0.));
#7265=DIRECTION('',(1.76062408317058E-32,-2.41352831440252E-16,1.));
#7266=DIRECTION('',(0.34202014332567,-0.939692620785908,-2.26797474710189E-16));
#7267=DIRECTION('',(-0.939692620785908,-0.34202014332567,-8.25475300012512E-17));
#7268=DIRECTION('',(2.99321924757841E-32,-2.41352831440252E-16,1.));
#7269=DIRECTION('',(-1.,0.,0.));
#7270=DIRECTION('',(0.,0.,1.));
#7271=DIRECTION('',(0.,-2.41352831440252E-16,1.));
#7272=DIRECTION('',(0.,-2.41352831440252E-16,1.));
#7273=DIRECTION('',(-0.34202014332567,-0.939692620785908,-2.26797474710189E-16));
#7274=DIRECTION('',(0.939692620785908,-0.34202014332567,0.));
#7275=DIRECTION('',(-1.23259516440783E-32,-2.41352831440252E-16,1.));
#7276=DIRECTION('',(-2.46519032881566E-32,-2.41352831440252E-16,1.));
#7277=DIRECTION('',(-1.,0.,0.));
#7278=DIRECTION('',(0.,0.,1.));
#7279=DIRECTION('',(0.,-2.41352831440252E-16,1.));
#7280=DIRECTION('',(0.,-2.41352831440252E-16,1.));
#7281=DIRECTION('',(-1.,0.,0.));
#7282=DIRECTION('',(0.,0.,1.));
#7283=DIRECTION('',(0.,-2.41352831440252E-16,1.));
#7284=DIRECTION('',(0.342020143325675,-0.939692620785906,-2.26797474710189E-16));
#7285=DIRECTION('',(0.939692620785906,0.342020143325675,0.));
#7286=DIRECTION('',(1.23259516440783E-32,-2.41352831440252E-16,1.));
#7287=DIRECTION('',(7.43345839974012E-34,-2.41352831440252E-16,1.));
#7288=DIRECTION('',(-1.,0.,0.));
#7289=DIRECTION('',(0.,0.,1.));
#7290=DIRECTION('',(0.,-2.41352831440252E-16,1.));
#7291=DIRECTION('',(0.,-2.41352831440252E-16,1.));
#7292=DIRECTION('',(-0.342020143325672,-0.939692620785907,-2.26797474710189E-16));
#7293=DIRECTION('',(0.939692620785907,-0.342020143325672,0.));
#7294=DIRECTION('',(0.,-2.41352831440252E-16,1.));
#7295=DIRECTION('',(-1.23259516440783E-32,-2.41352831440252E-16,1.));
#7296=DIRECTION('',(1.,0.,0.));
#7297=DIRECTION('',(0.,0.,-1.));
#7298=DIRECTION('',(0.,-2.41352831440252E-16,1.));
#7299=DIRECTION('',(0.342020143325668,0.939692620785908,2.26797474710189E-16));
#7300=DIRECTION('',(-0.939692620785909,0.342020143325668,0.));
#7301=DIRECTION('',(-1.15826058041043E-32,-2.41352831440252E-16,1.));
#7302=DIRECTION('',(-2.39085574481826E-32,-2.41352831440252E-16,1.));
#7303=DIRECTION('',(1.,0.,0.));
#7304=DIRECTION('',(0.,0.,-1.));
#7305=DIRECTION('',(0.,-2.41352831440252E-16,1.));
#7306=DIRECTION('',(0.,-2.41352831440252E-16,1.));
#7307=DIRECTION('',(0.342020143325669,-0.939692620785908,-2.26797474710189E-16));
#7308=DIRECTION('',(0.939692620785909,0.342020143325669,0.));
#7309=DIRECTION('',(-1.76062408317057E-32,-2.41352831440252E-16,1.));
#7310=DIRECTION('',(1.,0.,0.));
#7311=DIRECTION('',(0.,0.,-1.));
#7312=DIRECTION('',(1.,0.,0.));
#7313=DIRECTION('',(0.,0.,-1.));
#7314=DIRECTION('',(1.,0.,0.));
#7315=DIRECTION('',(0.,0.,-1.));
#7316=DIRECTION('',(-0.898794046299167,-0.438371146789079,0.));
#7317=DIRECTION('',(0.438371146789079,-0.898794046299167,0.));
#7318=DIRECTION('',(-1.,6.12323399573674E-17,0.));
#7319=DIRECTION('',(-6.12323399573674E-17,-1.,0.));
#7320=DIRECTION('',(-1.,6.12323399573674E-17,0.));
#7321=DIRECTION('',(6.12323399573674E-17,1.,0.));
#7322=DIRECTION('',(-1.,6.12323399573674E-17,0.));
#7323=DIRECTION('',(-6.12323399573674E-17,-1.,0.));
#7324=DIRECTION('',(-1.,6.12323399573674E-17,0.));
#7325=DIRECTION('',(-6.12323399573674E-17,-1.,0.));
#7326=DIRECTION('',(-1.,0.,0.));
#7327=DIRECTION('',(0.,0.,1.));
#7328=DIRECTION('',(-1.,0.,0.));
#7329=DIRECTION('',(0.,0.,1.));
#7330=DIRECTION('',(1.,0.,0.));
#7331=DIRECTION('',(0.,0.,-1.));
#7332=DIRECTION('',(-1.,6.12323399573674E-17,0.));
#7333=DIRECTION('',(6.12323399573674E-17,1.,0.));
#7334=DIRECTION('',(-1.,6.12323399573674E-17,0.));
#7335=DIRECTION('',(-6.12323399573674E-17,-1.,0.));
#7336=DIRECTION('',(-1.,6.12323399573674E-17,0.));
#7337=DIRECTION('',(-6.12323399573674E-17,-1.,0.));
#7338=DIRECTION('',(-1.,0.,0.));
#7339=DIRECTION('',(0.,0.,1.));
#7340=DIRECTION('',(-1.,0.,0.));
#7341=DIRECTION('',(0.,0.,1.));
#7342=DIRECTION('',(1.,0.,0.));
#7343=DIRECTION('',(0.,0.,-1.));
#7344=DIRECTION('',(-1.,6.12323399573674E-17,0.));
#7345=DIRECTION('',(6.12323399573674E-17,1.,0.));
#7346=DIRECTION('',(-1.,6.12323399573674E-17,0.));
#7347=DIRECTION('',(-6.12323399573674E-17,-1.,0.));
#7348=DIRECTION('',(-1.,6.12323399573674E-17,0.));
#7349=DIRECTION('',(-6.12323399573674E-17,-1.,0.));
#7350=DIRECTION('',(-1.,0.,0.));
#7351=DIRECTION('',(0.,0.,1.));
#7352=DIRECTION('',(-1.,0.,0.));
#7353=DIRECTION('',(0.,0.,1.));
#7354=DIRECTION('',(1.,0.,0.));
#7355=DIRECTION('',(0.,0.,-1.));
#7356=DIRECTION('',(1.,0.,0.));
#7357=DIRECTION('',(0.,0.,-1.));
#7358=DIRECTION('',(1.,0.,0.));
#7359=DIRECTION('',(0.,0.,-1.));
#7360=DIRECTION('',(0.,0.965925826289045,0.258819045102607));
#7361=DIRECTION('',(0.,-0.258819045102607,0.965925826289045));
#7362=DIRECTION('',(1.,0.,0.));
#7363=DIRECTION('',(1.,0.,0.));
#7364=DIRECTION('',(0.,-0.965925826289068,0.258819045102521));
#7365=DIRECTION('',(0.,-0.258819045102521,-0.965925826289068));
#7366=DIRECTION('',(1.,0.,0.));
#7367=DIRECTION('',(1.,0.,0.));
#7368=DIRECTION('',(0.,0.,-1.));
#7369=DIRECTION('',(-1.,0.,0.));
#7370=DIRECTION('',(1.,0.,0.));
#7371=DIRECTION('',(1.,0.,0.));
#7372=DIRECTION('',(-1.,0.,0.));
#7373=DIRECTION('',(0.,-1.,0.));
#7374=DIRECTION('',(-1.,0.,0.));
#7375=DIRECTION('',(0.,0.965925826289047,0.258819045102599));
#7376=DIRECTION('',(0.,-0.258819045102599,0.965925826289048));
#7377=DIRECTION('',(1.,0.,0.));
#7378=DIRECTION('',(1.,0.,0.));
#7379=DIRECTION('',(0.,-0.965925826289068,0.258819045102521));
#7380=DIRECTION('',(0.,-0.258819045102521,-0.965925826289068));
#7381=DIRECTION('',(1.,0.,0.));
#7382=DIRECTION('',(1.,0.,0.));
#7383=DIRECTION('',(0.,1.,0.));
#7384=DIRECTION('',(0.,0.,1.));
#7385=DIRECTION('',(1.,0.,0.));
#7386=DIRECTION('',(1.,0.,0.));
#7387=DIRECTION('',(0.,-0.709877267176053,0.704325397488021));
#7388=DIRECTION('',(0.,-0.704325397488021,-0.709877267176053));
#7389=DIRECTION('',(1.,0.,0.));
#7390=DIRECTION('',(1.,0.,0.));
#7391=DIRECTION('',(0.,-0.332384870609552,-0.943143837275032));
#7392=DIRECTION('',(0.,0.943143837275032,-0.332384870609552));
#7393=DIRECTION('',(1.,0.,0.));
#7394=DIRECTION('',(1.,0.,0.));
#7395=DIRECTION('',(0.,1.,0.));
#7396=DIRECTION('',(0.,0.,1.));
#7397=DIRECTION('',(1.,0.,0.));
#7398=DIRECTION('',(0.,-0.353525086288475,0.93542504422574));
#7399=DIRECTION('',(0.,-0.93542504422574,-0.353525086288475));
#7400=DIRECTION('',(1.,0.,0.));
#7401=DIRECTION('',(0.,-0.568539758505852,-0.822655786461207));
#7402=DIRECTION('',(0.,0.822655786461208,-0.568539758505852));
#7403=DIRECTION('',(1.,0.,0.));
#7404=DIRECTION('',(-1.,0.,0.));
#7405=DIRECTION('',(0.,-0.822655786461208,0.568539758505852));
#7406=DIRECTION('',(1.,0.,0.));
#7407=DIRECTION('',(1.,0.,0.));
#7408=DIRECTION('',(0.,-0.822655786461208,0.568539758505851));
#7409=DIRECTION('',(0.,-0.568539758505852,-0.822655786461208));
#7410=DIRECTION('',(-1.,0.,0.));
#7411=DIRECTION('',(0.,0.568539758505852,0.822655786461208));
#7412=DIRECTION('',(0.,0.822655786461208,-0.568539758505851));
#7413=DIRECTION('',(0.,0.568539758505851,0.822655786461208));
#7414=DIRECTION('',(0.,-0.568539758505851,-0.822655786461208));
#7415=DIRECTION('',(-1.,0.,0.));
#7416=DIRECTION('',(0.,-0.760021647440945,-0.649897757667429));
#7417=DIRECTION('',(0.,0.649897757667429,-0.760021647440945));
#7418=DIRECTION('',(0.,-0.649897757667429,0.760021647440945));
#7419=DIRECTION('',(-1.,0.,0.));
#7420=DIRECTION('',(-1.,0.,0.));
#7421=DIRECTION('',(0.,0.649897757667428,-0.760021647440945));
#7422=DIRECTION('',(0.,0.760021647440945,0.649897757667428));
#7423=DIRECTION('',(0.,-0.760021647440945,-0.649897757667428));
#7424=DIRECTION('',(-1.,0.,0.));
#7425=DIRECTION('',(-1.,0.,0.));
#7426=DIRECTION('',(0.,0.760021647440945,0.649897757667429));
#7427=DIRECTION('',(0.,-0.649897757667429,0.760021647440945));
#7428=DIRECTION('',(0.,0.649897757667429,-0.760021647440945));
#7429=DIRECTION('',(-1.,0.,0.));
#7430=DIRECTION('',(-1.,0.,0.));
#7431=DIRECTION('',(0.,-0.649897757667429,0.760021647440945));
#7432=DIRECTION('',(0.,-0.760021647440945,-0.649897757667429));
#7433=DIRECTION('',(0.,0.760021647440945,0.649897757667429));
#7434=DIRECTION('',(-1.,0.,0.));
#7435=DIRECTION('',(-1.,0.,0.));
#7436=DIRECTION('',(0.,-0.760021647440945,-0.649897757667429));
#7437=DIRECTION('',(0.,0.649897757667429,-0.760021647440945));
#7438=DIRECTION('',(-1.,0.,0.));
#7439=DIRECTION('',(0.,-0.649897757667429,0.760021647440945));
#7440=DIRECTION('',(-1.,0.,0.));
#7441=DIRECTION('',(1.,0.,0.));
#7442=DIRECTION('',(0.,1.,0.));
#7443=DIRECTION('',(1.,0.,0.));
#7444=DIRECTION('',(0.,0.,-1.));
#7445=DIRECTION('',(1.,0.,0.));
#7446=DIRECTION('',(0.,0.,-1.));
#7447=DIRECTION('',(1.,0.,0.));
#7448=DIRECTION('',(0.,0.,-1.));
#7449=DIRECTION('',(1.,0.,0.));
#7450=DIRECTION('',(0.,0.,-1.));
#7451=DIRECTION('',(1.,0.,0.));
#7452=DIRECTION('',(0.,0.,-1.));
#7453=DIRECTION('',(1.,0.,0.));
#7454=DIRECTION('',(0.,0.,-1.));
#7455=DIRECTION('',(1.,0.,0.));
#7456=DIRECTION('',(0.,0.,-1.));
#7457=DIRECTION('',(0.,-0.939692620785907,0.342020143325673));
#7458=DIRECTION('',(0.,-0.342020143325673,-0.939692620785907));
#7459=DIRECTION('',(0.,0.342020143325673,0.939692620785907));
#7460=DIRECTION('',(-1.,0.,0.));
#7461=DIRECTION('',(0.,1.33440267382831E-16,-1.));
#7462=DIRECTION('',(0.,1.,1.33440267382831E-16));
#7463=DIRECTION('',(-1.,0.,0.));
#7464=DIRECTION('',(0.,-1.,-1.33440267382831E-16));
#7465=DIRECTION('',(-1.,0.,0.));
#7466=DIRECTION('',(0.,0.939692620785907,0.342020143325672));
#7467=DIRECTION('',(0.,-0.342020143325672,0.939692620785907));
#7468=DIRECTION('',(-1.,0.,0.));
#7469=DIRECTION('',(0.,0.342020143325672,-0.939692620785907));
#7470=DIRECTION('',(1.,0.,0.));
#7471=DIRECTION('',(0.,1.,0.));
#7472=DIRECTION('',(1.,0.,0.));
#7473=DIRECTION('',(0.,0.,-1.));
#7474=DIRECTION('',(1.,0.,0.));
#7475=DIRECTION('',(0.,0.,-1.));
#7476=DIRECTION('',(1.,0.,0.));
#7477=DIRECTION('',(0.,0.,-1.));
#7478=DIRECTION('',(0.,0.939692620785909,-0.342020143325668));
#7479=DIRECTION('',(0.,0.342020143325668,0.939692620785909));
#7480=DIRECTION('',(0.,-0.342020143325668,-0.939692620785909));
#7481=DIRECTION('',(-1.,0.,0.));
#7482=DIRECTION('',(0.,-1.33440267382831E-16,1.));
#7483=DIRECTION('',(0.,-1.,-1.33440267382831E-16));
#7484=DIRECTION('',(-1.,0.,0.));
#7485=DIRECTION('',(0.,1.,1.33440267382831E-16));
#7486=DIRECTION('',(-1.,0.,0.));
#7487=DIRECTION('',(0.,-0.939692620785909,-0.342020143325667));
#7488=DIRECTION('',(0.,0.342020143325667,-0.939692620785909));
#7489=DIRECTION('',(-1.,0.,0.));
#7490=DIRECTION('',(0.,-0.342020143325667,0.939692620785909));
#7491=DIRECTION('',(1.,0.,0.));
#7492=DIRECTION('',(0.,1.,0.));
#7493=DIRECTION('',(1.,0.,0.));
#7494=DIRECTION('',(0.,0.,-1.));
#7495=DIRECTION('',(1.,0.,0.));
#7496=DIRECTION('',(0.,0.,-1.));
#7497=DIRECTION('',(1.,0.,0.));
#7498=DIRECTION('',(0.,0.,-1.));
#7499=DIRECTION('',(1.,0.,0.));
#7500=DIRECTION('',(0.,0.,-1.));
#7501=DIRECTION('',(-1.,0.,0.));
#7502=DIRECTION('',(0.,0.,1.));
#7503=DIRECTION('',(1.,0.,0.));
#7504=DIRECTION('',(0.,0.,-1.));
#7505=DIRECTION('',(-1.,0.,0.));
#7506=DIRECTION('',(0.,0.,1.));
#7507=DIRECTION('',(1.,0.,0.));
#7508=DIRECTION('',(0.,0.,-1.));
#7509=DIRECTION('',(-1.,0.,0.));
#7510=DIRECTION('',(0.,0.,1.));
#7511=DIRECTION('',(-1.,0.,0.));
#7512=DIRECTION('',(0.,0.,1.));
#7513=DIRECTION('',(-1.,0.,0.));
#7514=DIRECTION('',(0.,0.,1.));
#7515=DIRECTION('',(-1.,0.,0.));
#7516=DIRECTION('',(0.,-1.,0.));
#7517=DIRECTION('',(-1.,0.,0.));
#7518=DIRECTION('',(0.,0.,1.));
#7519=DIRECTION('',(-1.,0.,0.));
#7520=DIRECTION('',(0.,0.,1.));
#7521=DIRECTION('',(-1.,0.,0.));
#7522=DIRECTION('',(0.,-1.,0.));
#7523=DIRECTION('',(-1.,0.,0.));
#7524=DIRECTION('',(0.,0.,1.));
#7525=DIRECTION('',(-1.,0.,0.));
#7526=DIRECTION('',(0.,0.,1.));
#7527=DIRECTION('',(-1.,0.,0.));
#7528=DIRECTION('',(0.,-1.,0.));
#7529=DIRECTION('',(0.,0.766044443118978,0.642787609686539));
#7530=DIRECTION('',(0.,-0.642787609686539,0.766044443118978));
#7531=DIRECTION('',(-1.,0.,0.));
#7532=DIRECTION('',(-1.,0.,0.));
#7533=DIRECTION('',(0.,-1.,0.));
#7534=DIRECTION('',(0.,0.,-1.));
#7535=DIRECTION('',(-1.,0.,0.));
#7536=DIRECTION('',(-1.,0.,0.));
#7537=DIRECTION('',(0.,0.766044443118978,-0.642787609686539));
#7538=DIRECTION('',(0.,0.642787609686539,0.766044443118978));
#7539=DIRECTION('',(-1.,0.,0.));
#7540=DIRECTION('',(-1.,0.,0.));
#7541=DIRECTION('',(0.,0.766044443118978,0.64278760968654));
#7542=DIRECTION('',(0.,-0.64278760968654,0.766044443118978));
#7543=DIRECTION('',(-1.,0.,0.));
#7544=DIRECTION('',(-1.,0.,0.));
#7545=DIRECTION('',(0.,0.766044443118978,-0.64278760968654));
#7546=DIRECTION('',(0.,0.64278760968654,0.766044443118978));
#7547=DIRECTION('',(-1.,0.,0.));
#7548=DIRECTION('',(-1.,0.,0.));
#7549=DIRECTION('',(0.,0.76604444311898,-0.642787609686537));
#7550=DIRECTION('',(0.,0.642787609686537,0.76604444311898));
#7551=DIRECTION('',(-1.,0.,0.));
#7552=DIRECTION('',(-1.,0.,0.));
#7553=DIRECTION('',(0.,0.766044443118978,0.64278760968654));
#7554=DIRECTION('',(0.,-0.64278760968654,0.766044443118978));
#7555=DIRECTION('',(-1.,0.,0.));
#7556=DIRECTION('',(-1.,0.,0.));
#7557=DIRECTION('',(0.,-0.447213595499958,0.894427190999916));
#7558=DIRECTION('',(0.,-0.894427190999916,-0.447213595499958));
#7559=DIRECTION('',(-1.,0.,0.));
#7560=DIRECTION('',(0.,-0.453927035892557,-0.891038857786684));
#7561=DIRECTION('',(0.,0.891038857786684,-0.453927035892557));
#7562=DIRECTION('',(-1.,0.,0.));
#7563=DIRECTION('',(0.,0.,1.));
#7564=DIRECTION('',(1.,0.,0.));
#7565=DIRECTION('',(-1.,0.,0.));
#7566=DIRECTION('',(0.,-1.,-4.5970118108549E-16));
#7567=DIRECTION('',(0.,4.5970118108549E-16,-1.));
#7568=DIRECTION('',(-1.,0.,0.));
#7569=DIRECTION('',(0.,0.,1.));
#7570=DIRECTION('',(1.,0.,0.));
#7571=DIRECTION('',(1.,0.,0.));
#7572=DIRECTION('',(0.,0.,-1.));
#7573=DIRECTION('',(1.,0.,0.));
#7574=DIRECTION('',(0.,0.,-1.));
#7575=DIRECTION('',(1.,0.,0.));
#7576=DIRECTION('',(0.,0.,-1.));
#7577=DIRECTION('',(-1.,0.,0.));
#7578=DIRECTION('',(0.,0.,1.));
#7579=DIRECTION('',(-1.,0.,0.));
#7580=DIRECTION('',(1.,0.,0.));
#7581=DIRECTION('',(0.,0.,-1.));
#7582=DIRECTION('',(-1.,0.,0.));
#7583=DIRECTION('',(-1.,0.,0.));
#7584=DIRECTION('',(0.,0.,1.));
#7585=DIRECTION('',(1.,0.,0.));
#7586=DIRECTION('',(0.,0.,-1.));
#7587=DIRECTION('',(-1.,0.,0.));
#7588=DIRECTION('',(-1.,0.,0.));
#7589=DIRECTION('',(-1.,0.,0.));
#7590=DIRECTION('',(0.,0.,1.));
#7591=DIRECTION('',(1.,0.,0.));
#7592=DIRECTION('',(0.,0.,-1.));
#7593=DIRECTION('',(-1.,0.,0.));
#7594=DIRECTION('',(-1.,0.,0.));
#7595=DIRECTION('',(-1.,0.,0.));
#7596=DIRECTION('',(0.,0.,1.));
#7597=DIRECTION('',(-1.,0.,0.));
#7598=DIRECTION('',(1.,0.,0.));
#7599=DIRECTION('',(0.,0.,-1.));
#7600=DIRECTION('',(-1.,0.,0.));
#7601=DIRECTION('',(1.,0.,0.));
#7602=DIRECTION('',(0.,1.,0.));
#7603=DIRECTION('',(1.,0.,0.));
#7604=DIRECTION('',(0.,0.,-1.));
#7605=DIRECTION('',(-1.,0.,0.));
#7606=DIRECTION('',(0.,0.,1.));
#7607=DIRECTION('',(1.,0.,0.));
#7608=DIRECTION('',(0.,0.,-1.));
#7609=DIRECTION('',(-1.,0.,0.));
#7610=DIRECTION('',(-1.,0.,0.));
#7611=DIRECTION('',(-1.,0.,0.));
#7612=DIRECTION('',(0.,0.,1.));
#7613=DIRECTION('',(1.,0.,0.));
#7614=DIRECTION('',(0.,0.,-1.));
#7615=DIRECTION('',(-1.,0.,0.));
#7616=DIRECTION('',(-1.,0.,0.));
#7617=DIRECTION('',(-1.,0.,0.));
#7618=DIRECTION('',(0.,0.,1.));
#7619=DIRECTION('',(1.,0.,0.));
#7620=DIRECTION('',(0.,0.,-1.));
#7621=DIRECTION('',(-1.,0.,0.));
#7622=DIRECTION('',(-1.,0.,0.));
#7623=DIRECTION('',(-1.,0.,0.));
#7624=DIRECTION('',(0.,0.,1.));
#7625=DIRECTION('',(-1.,0.,0.));
#7626=DIRECTION('',(1.,0.,0.));
#7627=DIRECTION('',(0.,0.,-1.));
#7628=DIRECTION('',(-1.,0.,0.));
#7629=DIRECTION('',(1.,0.,0.));
#7630=DIRECTION('',(0.,0.,-1.));
#7631=DIRECTION('',(-1.,0.,0.));
#7632=DIRECTION('',(0.,0.,1.));
#7633=DIRECTION('',(-1.,0.,0.));
#7634=DIRECTION('',(0.,0.,1.));
#7635=DIRECTION('',(1.,0.,0.));
#7636=DIRECTION('',(0.,0.,-1.));
#7637=DIRECTION('',(-1.,0.,0.));
#7638=DIRECTION('',(0.,0.,1.));
#7639=DIRECTION('',(1.,0.,0.));
#7640=DIRECTION('',(0.,0.,-1.));
#7641=DIRECTION('',(-1.,0.,0.));
#7642=DIRECTION('',(0.,0.,1.));
#7643=DIRECTION('',(1.,0.,0.));
#7644=DIRECTION('',(0.,0.,-1.));
#7645=DIRECTION('',(-1.,0.,0.));
#7646=DIRECTION('',(0.,0.,1.));
#7647=DIRECTION('',(1.,0.,0.));
#7648=DIRECTION('',(0.,0.,-1.));
#7649=DIRECTION('',(-1.,0.,0.));
#7650=DIRECTION('',(0.,0.,1.));
#7651=DIRECTION('',(1.,0.,0.));
#7652=DIRECTION('',(0.,0.,-1.));
#7653=DIRECTION('',(2.91255991863105E-48,2.41352831440252E-16,-1.));
#7654=DIRECTION('',(0.,1.,2.41352831440252E-16));
#7655=DIRECTION('',(-8.97255901489812E-33,-2.41352831440252E-16,1.));
#7656=DIRECTION('',(0.,-1.,-2.41352831440252E-16));
#7657=DIRECTION('',(0.,-2.41352831440252E-16,1.));
#7658=DIRECTION('',(0.,-1.,-2.41352831440252E-16));
#7659=DIRECTION('',(0.,-2.41352831440252E-16,1.));
#7660=DIRECTION('',(0.,-1.,-2.41352831440252E-16));
#7661=DIRECTION('',(8.97255901489819E-33,-2.41352831440252E-16,1.));
#7662=DIRECTION('',(0.,-1.,-2.41352831440252E-16));
#7663=DIRECTION('',(2.91255991863106E-48,2.41352831440252E-16,-1.));
#7664=DIRECTION('',(0.,1.,2.41352831440252E-16));
#7665=DIRECTION('',(-8.97255901489818E-33,-2.41352831440252E-16,1.));
#7666=DIRECTION('',(0.,-1.,-2.41352831440252E-16));
#7667=DIRECTION('',(-2.91255991863106E-48,2.41352831440252E-16,-1.));
#7668=DIRECTION('',(0.,1.,2.41352831440252E-16));
#7669=DIRECTION('',(2.91255991863106E-48,2.41352831440252E-16,-1.));
#7670=DIRECTION('',(0.,1.,2.41352831440252E-16));
#7671=DIRECTION('',(8.97255901489831E-33,-2.41352831440252E-16,1.));
#7672=DIRECTION('',(0.,-1.,-2.41352831440252E-16));
#7673=DIRECTION('',(-2.91255991863106E-48,2.41352831440252E-16,-1.));
#7674=DIRECTION('',(0.,1.,2.41352831440252E-16));
#7675=DIRECTION('',(-8.97255901489823E-33,-2.41352831440252E-16,1.));
#7676=DIRECTION('',(0.,-1.,-2.41352831440252E-16));
#7677=DIRECTION('',(1.,0.,0.));
#7678=DIRECTION('',(0.,0.,-1.));
#7679=DIRECTION('',(1.,0.,0.));
#7680=DIRECTION('',(0.,0.,-1.));
#7681=DIRECTION('',(1.,0.,0.));
#7682=DIRECTION('',(0.,0.,-1.));
#7683=DIRECTION('',(1.,0.,0.));
#7684=DIRECTION('',(0.,0.,-1.));
#7685=DIRECTION('',(-1.,0.,0.));
#7686=DIRECTION('',(0.,0.,1.));
#7687=DIRECTION('',(-1.,0.,0.));
#7688=DIRECTION('',(0.,0.,1.));
#7689=DIRECTION('',(-1.,0.,0.));
#7690=DIRECTION('',(0.,0.,1.));
#7691=DIRECTION('',(-1.,0.,0.));
#7692=DIRECTION('',(0.,0.,1.));
#7693=DIRECTION('',(-1.,0.,0.));
#7694=DIRECTION('',(0.,0.,1.));
#7695=DIRECTION('',(1.,0.,0.));
#7696=DIRECTION('',(0.,0.,-1.));
#7697=DIRECTION('',(-1.,0.,0.));
#7698=DIRECTION('',(0.,0.,1.));
#7699=DIRECTION('',(1.,0.,0.));
#7700=DIRECTION('',(0.,0.,-1.));
#7701=DIRECTION('',(1.,0.,0.));
#7702=DIRECTION('',(0.,0.,-1.));
#7703=DIRECTION('',(1.,0.,0.));
#7704=DIRECTION('',(0.,0.,-1.));
#7705=DIRECTION('',(1.,0.,0.));
#7706=DIRECTION('',(0.,0.,-1.));
#7707=DIRECTION('',(-1.,0.,0.));
#7708=DIRECTION('',(0.,0.,1.));
#7709=DIRECTION('',(-1.,0.,0.));
#7710=DIRECTION('',(0.,0.,1.));
#7711=DIRECTION('',(1.,0.,0.));
#7712=DIRECTION('',(0.,0.,-1.));
#7713=DIRECTION('',(1.,0.,0.));
#7714=DIRECTION('',(0.,0.,-1.));
#7715=DIRECTION('',(1.,0.,0.));
#7716=DIRECTION('',(0.,0.,-1.));
#7717=DIRECTION('',(-1.,0.,0.));
#7718=DIRECTION('',(0.,0.,1.));
#7719=DIRECTION('',(1.,0.,0.));
#7720=DIRECTION('',(0.,0.,-1.));
#7721=DIRECTION('',(1.,0.,0.));
#7722=DIRECTION('',(0.,0.,-1.));
#7723=DIRECTION('',(-1.,0.,0.));
#7724=DIRECTION('',(0.,0.,1.));
#7725=DIRECTION('',(0.,-2.41352831440252E-16,1.));
#7726=DIRECTION('',(0.,-1.,-2.41352831440252E-16));
#7727=DIRECTION('',(0.,-1.,0.));
#7728=DIRECTION('',(0.,0.,-1.));
#7729=DIRECTION('',(1.98254111540206E-16,1.,2.41352831440252E-16));
#7730=DIRECTION('',(0.,-2.41352831440252E-16,1.));
#7731=DIRECTION('',(-0.707106781186548,0.707106781186548,1.70662223769976E-16));
#7732=DIRECTION('',(0.707106781186548,0.707106781186548,1.70662223769976E-16));
#7733=DIRECTION('',(-1.,0.,0.));
#7734=DIRECTION('',(0.,0.,1.));
#7735=DIRECTION('',(1.92710774893833E-16,0.972039234882402,0.234818495543333));
#7736=DIRECTION('',(0.,-0.234818495543333,0.972039234882402));
#7737=DIRECTION('',(-1.8868631639455E-16,-0.951739739108934,-0.306906287001191));
#7738=DIRECTION('',(0.,0.306906287001191,-0.951739739108934));
#7739=DIRECTION('',(-1.86275584604568E-16,-0.939579931822957,-0.342329595150008));
#7740=DIRECTION('',(-6.78682497403832E-17,-0.342329595150007,0.939579931822957));
#7741=DIRECTION('',(1.83603569328608E-16,0.92610220238168,0.377272727272728));
#7742=DIRECTION('',(0.,-0.377272727272728,0.92610220238168));
#7743=DIRECTION('',(-0.707106781186547,0.654853147375882,0.266772103811289));
#7744=DIRECTION('',(0.707106781186548,0.654853147375882,0.266772103811289));
#7745=DIRECTION('',(-1.,0.,0.));
#7746=DIRECTION('',(0.,0.,1.));
#7747=DIRECTION('',(-1.,0.,0.));
#7748=DIRECTION('',(0.,0.,1.));
#7749=DIRECTION('',(-1.,0.,0.));
#7750=DIRECTION('',(0.,0.,1.));
#7751=DIRECTION('',(1.,0.,0.));
#7752=DIRECTION('',(0.,0.,-1.));
#7753=DIRECTION('',(-1.98254111540206E-15,0.647689071844549,-0.761904761904758));
#7754=DIRECTION('',(0.,0.761904761904759,0.647689071844549));
#7755=DIRECTION('',(0.,-0.647689071844552,-0.761904761904756));
#7756=DIRECTION('',(0.,0.761904761904756,-0.647689071844552));
#7757=DIRECTION('',(-1.,0.,0.));
#7758=DIRECTION('',(0.,0.,1.));
#7759=DIRECTION('',(-1.,0.,0.));
#7760=DIRECTION('',(0.,0.,1.));
#7761=DIRECTION('',(-1.,0.,0.));
#7762=DIRECTION('',(0.,0.,1.));
#7763=DIRECTION('',(-3.96508223080411E-15,0.647689071844549,-0.761904761904758));
#7764=DIRECTION('',(0.,0.761904761904759,0.647689071844549));
#7765=DIRECTION('',(-1.,-1.38777878078144E-14,8.67361737988403E-16));
#7766=DIRECTION('',(1.38777878078144E-14,-1.,0.));
#7767=DIRECTION('',(0.,-0.64768907184454,-0.761904761904766));
#7768=DIRECTION('',(0.,0.761904761904766,-0.64768907184454));
#7769=DIRECTION('',(-1.,0.,0.));
#7770=DIRECTION('',(0.,0.,1.));
#7771=DIRECTION('',(-1.,0.,0.));
#7772=DIRECTION('',(0.,0.,1.));
#7773=DIRECTION('',(1.,0.,0.));
#7774=DIRECTION('',(0.,0.,-1.));
#7775=DIRECTION('',(0.,0.647689071844552,0.761904761904756));
#7776=DIRECTION('',(0.,-0.761904761904756,0.647689071844552));
#7777=DIRECTION('',(1.,0.,0.));
#7778=DIRECTION('',(0.,0.,-1.));
#7779=DIRECTION('',(1.22927266968357E-14,-0.647689071844549,0.761904761904758));
#7780=DIRECTION('',(0.,-0.761904761904759,-0.647689071844549));
#7781=DIRECTION('',(-1.,0.,0.));
#7782=DIRECTION('',(0.,0.,1.));
#7783=DIRECTION('',(-1.,0.,0.));
#7784=DIRECTION('',(0.,0.,1.));
#7785=DIRECTION('',(-1.,0.,0.));
#7786=DIRECTION('',(0.,0.,1.));
#7787=DIRECTION('',(-3.30423519233676E-15,-0.647689071844549,0.761904761904758));
#7788=DIRECTION('',(0.,-0.761904761904758,-0.647689071844549));
#7789=DIRECTION('',(-1.,0.,-1.3010426069826E-15));
#7790=DIRECTION('',(-1.3010426069826E-15,0.,1.));
#7791=DIRECTION('',(0.,0.647689071844551,0.761904761904757));
#7792=DIRECTION('',(0.,-0.761904761904757,0.647689071844551));
#7793=DIRECTION('',(1.,0.,0.));
#7794=DIRECTION('',(0.,0.,-1.));
#7795=DIRECTION('',(-1.,0.,0.));
#7796=DIRECTION('',(0.,0.,1.));
#7797=DIRECTION('',(-1.,0.,0.));
#7798=DIRECTION('',(0.,0.,1.));
#7799=DIRECTION('',(1.,0.,0.));
#7800=DIRECTION('',(0.,0.,-1.));
#7801=DIRECTION('',(0.,-0.64768907184455,0.761904761904758));
#7802=DIRECTION('',(0.,-0.761904761904758,-0.64768907184455));
#7803=DIRECTION('',(0.,-0.647689071844541,-0.761904761904765));
#7804=DIRECTION('',(0.,0.761904761904765,-0.647689071844541));
#7805=DIRECTION('',(-1.,0.,0.));
#7806=DIRECTION('',(0.,0.,1.));
#7807=DIRECTION('',(-1.,0.,0.));
#7808=DIRECTION('',(0.,0.,1.));
#7809=DIRECTION('',(-1.,0.,3.46944695195361E-15));
#7810=DIRECTION('',(3.46944695195361E-15,0.,1.));
#7811=DIRECTION('',(-2.64338815386941E-15,0.64768907184455,-0.761904761904758));
#7812=DIRECTION('',(0.,0.761904761904758,0.64768907184455));
#7813=DIRECTION('',(-1.,0.,3.46944695195361E-15));
#7814=DIRECTION('',(3.46944695195361E-15,0.,1.));
#7815=DIRECTION('',(0.,0.64768907184455,0.761904761904758));
#7816=DIRECTION('',(0.,-0.761904761904758,0.64768907184455));
#7817=DIRECTION('',(-1.,0.,0.));
#7818=DIRECTION('',(0.,0.,1.));
#7819=DIRECTION('',(-1.,0.,0.));
#7820=DIRECTION('',(0.,0.,1.));
#7821=DIRECTION('',(1.,0.,0.));
#7822=DIRECTION('',(0.,0.,-1.));
#7823=DIRECTION('',(0.,-0.647689071844552,-0.761904761904756));
#7824=DIRECTION('',(0.,0.761904761904756,-0.647689071844552));
#7825=DIRECTION('',(1.,0.,0.));
#7826=DIRECTION('',(0.,0.,-1.));
#7827=DIRECTION('',(1.16318796583683E-14,-0.64768907184455,0.761904761904758));
#7828=DIRECTION('',(0.,-0.761904761904758,-0.64768907184455));
#7829=DIRECTION('',(-1.,0.,0.));
#7830=DIRECTION('',(0.,0.,1.));
#7831=DIRECTION('',(-1.,0.,0.));
#7832=DIRECTION('',(0.,0.,1.));
#7833=DIRECTION('',(-1.,0.,0.));
#7834=DIRECTION('',(0.,0.,1.));
#7835=DIRECTION('',(2.64338815386941E-15,0.64768907184455,-0.761904761904758));
#7836=DIRECTION('',(0.,0.761904761904758,0.64768907184455));
#7837=DIRECTION('',(-1.,0.,-3.46944695195361E-15));
#7838=DIRECTION('',(-3.46944695195361E-15,0.,1.));
#7839=DIRECTION('',(0.,0.647689071844548,0.76190476190476));
#7840=DIRECTION('',(0.,-0.76190476190476,0.647689071844548));
#7841=DIRECTION('',(1.,0.,0.));
#7842=DIRECTION('',(0.,0.,-1.));
#7843=DIRECTION('',(0.,-1.,0.));
#7844=DIRECTION('',(0.,0.,-1.));
#7845=DIRECTION('',(0.,-1.,0.));
#7846=DIRECTION('',(0.,0.,-1.));
#7847=DIRECTION('',(0.,-1.,0.));
#7848=DIRECTION('',(1.,0.,0.));
#7849=DIRECTION('',(0.,-1.,0.));
#7850=DIRECTION('',(0.,0.,-1.));
#7851=DIRECTION('',(0.,-1.,0.));
#7852=DIRECTION('',(0.,0.,-1.));
#7853=DIRECTION('',(0.,-1.,0.));
#7854=DIRECTION('',(0.,0.,-1.));
#7855=DIRECTION('',(0.,-1.,0.));
#7856=DIRECTION('',(1.,0.,0.));
#7857=DIRECTION('',(0.,-1.,0.));
#7858=DIRECTION('',(0.,0.,-1.));
#7859=DIRECTION('',(0.,-1.,0.));
#7860=DIRECTION('',(0.,0.,-1.));
#7861=DIRECTION('',(0.,-1.,0.));
#7862=DIRECTION('',(0.,0.,-1.));
#7863=CARTESIAN_POINT('',(0.,0.,0.));
#7864=CARTESIAN_POINT('',(0.,-0.00399975927962488,0.16));
#7865=CARTESIAN_POINT('',(0.,-0.228633193884116,0.16));
#7866=CARTESIAN_POINT('',(-0.00924890103148385,-0.231999518559249,0.16));
#7867=CARTESIAN_POINT('',(0.00931595971334857,-0.225242461844834,0.16));
#7868=CARTESIAN_POINT('',(0.012,-0.231999518559249,0.16));
#7869=CARTESIAN_POINT('',(0.012,-0.231999518559249,0.16));
#7870=CARTESIAN_POINT('',(0.012,-0.245966387768231,0.16));
#7871=CARTESIAN_POINT('',(0.012,-0.227121847086405,0.16));
#7872=CARTESIAN_POINT('',(0.01,-0.227121847086405,0.16));
#7873=CARTESIAN_POINT('',(-0.084,-0.172,-0.004));
#7874=CARTESIAN_POINT('',(-0.092,-0.160392457398539,0.0097573600212857));
#7875=CARTESIAN_POINT('',(-0.092,-0.161494294839631,0.00964657773661169));
#7876=CARTESIAN_POINT('',(-0.0917630103358254,-0.163681225958621,0.00896865864011535));
#7877=CARTESIAN_POINT('',(-0.0901348447160304,-0.166034638696893,0.00698898182555237));
#7878=CARTESIAN_POINT('',(-0.0873503574538878,-0.167100780986014,0.00525763253479762));
#7879=CARTESIAN_POINT('',(-0.0851270307352908,-0.167280684492673,0.00481635191801445));
#7880=CARTESIAN_POINT('',(-0.0840000000000002,-0.167280684492673,0.00481635191801442));
#7881=CARTESIAN_POINT('',(-0.092,-0.160392457398539,0.0097573600212857));
#7882=CARTESIAN_POINT('',(-0.084,-0.167280684492672,0.0048163519180156));
#7883=CARTESIAN_POINT('',(-0.092,-0.172,-0.004));
#7884=CARTESIAN_POINT('',(-0.092,-0.16233385316493,0.0111843868945331));
#7885=CARTESIAN_POINT('',(-0.092,-0.16233385316493,0.0111843868945325));
#7886=CARTESIAN_POINT('',(-0.092,-0.163033563634493,0.0110118575756025));
#7887=CARTESIAN_POINT('',(-0.0918960754141977,-0.164447094208285,0.0106497505424206));
#7888=CARTESIAN_POINT('',(-0.0913598735070924,-0.167168541381978,0.0098869258759614));
#7889=CARTESIAN_POINT('',(-0.0901982243567589,-0.170459100907333,0.00881650156056619));
#7890=CARTESIAN_POINT('',(-0.0887538699883808,-0.173540764178775,0.00754340511833896));
#7891=CARTESIAN_POINT('',(-0.0878487804498389,-0.175993911305733,0.00630068782261433));
#7892=CARTESIAN_POINT('',(-0.0875720744417545,-0.177883262594043,0.00519484050257384));
#7893=CARTESIAN_POINT('',(-0.0878961403544457,-0.179650898778984,0.00400065631145934));
#7894=CARTESIAN_POINT('',(-0.0888220794457562,-0.181844211230945,0.00231638706946181));
#7895=CARTESIAN_POINT('',(-0.090241444887389,-0.184305518130809,7.97529403631788E-5));
#7896=CARTESIAN_POINT('',(-0.0913631130051326,-0.186638021944001,-0.00243673232545515));
#7897=CARTESIAN_POINT('',(-0.0918962532814952,-0.188469647260194,-0.00462300120564279));
#7898=CARTESIAN_POINT('',(-0.092,-0.189402739249439,-0.0058054219683144));
#7899=CARTESIAN_POINT('',(-0.092,-0.189842440711865,-0.00637640683461255));
#7900=CARTESIAN_POINT('',(-0.092,-0.189842440711866,-0.00637640683461238));
#7901=CARTESIAN_POINT('',(-0.092,-0.172,-0.004));
#7902=CARTESIAN_POINT('',(-0.092,-0.154038569775633,-0.00517771995618889));
#7903=CARTESIAN_POINT('',(-0.084,-0.162375313496392,-0.00671392883238924));
#7904=CARTESIAN_POINT('',(-0.0851265332388468,-0.162375313496392,-0.00671392883238924));
#7905=CARTESIAN_POINT('',(-0.0873445687111335,-0.161933553249715,-0.00688996369544648));
#7906=CARTESIAN_POINT('',(-0.0901212428924057,-0.159957543842079,-0.00732025668362395));
#7907=CARTESIAN_POINT('',(-0.0917532866560708,-0.156919397485785,-0.00700894740567179));
#7908=CARTESIAN_POINT('',(-0.092,-0.154898053851088,-0.00590794910850686));
#7909=CARTESIAN_POINT('',(-0.092,-0.154038569775633,-0.00517771995618904));
#7910=CARTESIAN_POINT('',(-0.084,-0.162375313496393,-0.00671392883238927));
#7911=CARTESIAN_POINT('',(-0.084,-0.172,-0.004));
#7912=CARTESIAN_POINT('',(-0.0875069691743127,-0.224497087914318,0.0263));
#7913=CARTESIAN_POINT('',(-0.092,-0.226688485469437,0.0263));
#7914=CARTESIAN_POINT('',(-0.092,-0.231687440284712,0.0263));
#7915=CARTESIAN_POINT('',(-0.0875069691743127,-0.224497087914318,0.0230279480628967));
#7916=CARTESIAN_POINT('',(-0.092,-0.226688485469437,0.022710125271071));
#7917=CARTESIAN_POINT('',(-0.092,-0.231687440284712,0.0219808914430237));
#7918=CARTESIAN_POINT('',(-0.0873243679692456,-0.222959750760119,0.0164838441886903));
#7919=CARTESIAN_POINT('',(-0.092,-0.224919043935184,0.0154447528438246));
#7920=CARTESIAN_POINT('',(-0.092,-0.229775715178286,0.0133426743290711));
#7921=CARTESIAN_POINT('',(-0.0865443605939443,-0.216392793449186,0.00816210839047562));
#7922=CARTESIAN_POINT('',(-0.092,-0.217474757503225,0.00657630797659901));
#7923=CARTESIAN_POINT('',(-0.092,-0.221609505749313,0.00235798307542779));
#7924=CARTESIAN_POINT('',(-0.0853769997623893,-0.206564670036487,0.00260170507142524));
#7925=CARTESIAN_POINT('',(-0.092,-0.206622561079249,0.00132120542153622));
#7926=CARTESIAN_POINT('',(-0.092,-0.209387937939167,-0.0049817493057187));
#7927=CARTESIAN_POINT('',(-0.0839999943614457,-0.194971528777498,0.000649141447130429));
#7928=CARTESIAN_POINT('',(-0.092,-0.194455081858172,0.000603658965692177));
#7929=CARTESIAN_POINT('',(-0.092,-0.194971517216748,-0.00755913328978783));
#7930=CARTESIAN_POINT('',(-0.0826230227918281,-0.183378672347706,0.00260172914005304));
#7931=CARTESIAN_POINT('',(-0.092,-0.183389622564474,0.00433501687839158));
#7932=CARTESIAN_POINT('',(-0.092,-0.180555450688024,-0.00498171753512997));
#7933=CARTESIAN_POINT('',(-0.0814555604662949,-0.173549694447416,0.00816201211596436));
#7934=CARTESIAN_POINT('',(-0.092,-0.175535984346795,0.0112215388198823));
#7935=CARTESIAN_POINT('',(-0.092,-0.168332820296794,0.00235785599307297));
#7936=CARTESIAN_POINT('',(-0.0808058644406997,-0.168079840955943,0.0150971730344169));
#7937=CARTESIAN_POINT('',(-0.092,-0.172352900594534,0.0176568011407127));
#7938=CARTESIAN_POINT('',(-0.092,-0.161530892548185,0.0115122684054303));
#7939=CARTESIAN_POINT('',(-0.0805382807895953,-0.165827028393462,0.0213914286874748));
#7940=CARTESIAN_POINT('',(-0.092,-0.171231269010204,0.0226336907982605));
#7941=CARTESIAN_POINT('',(-0.092,-0.1587294521979,0.0198206858674668));
#7942=CARTESIAN_POINT('',(-0.0804704058437335,-0.165255582678883,0.0263));
#7943=CARTESIAN_POINT('',(-0.092,-0.170971291148278,0.0263));
#7944=CARTESIAN_POINT('',(-0.092,-0.158018842221074,0.0263));
#7945=CARTESIAN_POINT('',(-0.0805382807895953,-0.165827028393462,0.0312085713125252));
#7946=CARTESIAN_POINT('',(-0.092,-0.171231269010204,0.0299663092017395));
#7947=CARTESIAN_POINT('',(-0.0920000000000001,-0.1587294521979,0.0327793141325332));
#7948=CARTESIAN_POINT('',(-0.0808058644406997,-0.168079840955943,0.037502826965583));
#7949=CARTESIAN_POINT('',(-0.092,-0.172352900594534,0.0349431988592872));
#7950=CARTESIAN_POINT('',(-0.092,-0.161530892548185,0.0410877315945695));
#7951=CARTESIAN_POINT('',(-0.0814555604662948,-0.173549694447416,0.0444379878840357));
#7952=CARTESIAN_POINT('',(-0.0919999999999999,-0.175535984346795,0.0413784611801178));
#7953=CARTESIAN_POINT('',(-0.092,-0.168332820296794,0.0502421440069271));
#7954=CARTESIAN_POINT('',(-0.0826230227918281,-0.183378672347706,0.0499982708599469));
#7955=CARTESIAN_POINT('',(-0.0920000000000001,-0.183389622564474,0.0482649831216084));
#7956=CARTESIAN_POINT('',(-0.092,-0.180555450688024,0.0575817175351299));
#7957=CARTESIAN_POINT('',(-0.0839999943614457,-0.194971528777498,0.0519508585528696));
#7958=CARTESIAN_POINT('',(-0.092,-0.194455081858172,0.0519963410343078));
#7959=CARTESIAN_POINT('',(-0.092,-0.194971517216748,0.0601591332897879));
#7960=CARTESIAN_POINT('',(-0.0853769997623893,-0.206564670036487,0.0499982949285748));
#7961=CARTESIAN_POINT('',(-0.092,-0.206622561079249,0.0512787945784637));
#7962=CARTESIAN_POINT('',(-0.092,-0.209387937939167,0.0575817493057187));
#7963=CARTESIAN_POINT('',(-0.0865443605939443,-0.216392793449186,0.0444378916095245));
#7964=CARTESIAN_POINT('',(-0.092,-0.217474757503225,0.0460236920234011));
#7965=CARTESIAN_POINT('',(-0.092,-0.221609505749312,0.0502420169245723));
#7966=CARTESIAN_POINT('',(-0.0873243679692456,-0.222959750760119,0.0361161558113098));
#7967=CARTESIAN_POINT('',(-0.0919999999999999,-0.224919043935184,0.0371552471561754));
#7968=CARTESIAN_POINT('',(-0.092,-0.229775715178286,0.0392573256709289));
#7969=CARTESIAN_POINT('',(-0.0875069691743127,-0.224497087914318,0.0295720519371033));
#7970=CARTESIAN_POINT('',(-0.092,-0.226688485469437,0.029889874728929));
#7971=CARTESIAN_POINT('',(-0.092,-0.231687440284712,0.0306191085569763));
#7972=CARTESIAN_POINT('',(-0.0875069691743127,-0.224497087914318,0.0263));
#7973=CARTESIAN_POINT('',(-0.092,-0.226688485469437,0.0263));
#7974=CARTESIAN_POINT('',(-0.092,-0.231687440284712,0.0263));
#7975=CARTESIAN_POINT('',(-0.084,-0.19497157624903,0.0263));
#7976=CARTESIAN_POINT('',(-0.0875069691743126,-0.224497087914318,0.0263));
#7977=CARTESIAN_POINT('',(-0.092,-0.167423114793222,0.0481156579431857));
#7978=CARTESIAN_POINT('',(-0.092,-0.16708716724151,0.0472842150754035));
#7979=CARTESIAN_POINT('',(-0.0919664397441306,-0.166167013189178,0.045756356331531));
#7980=CARTESIAN_POINT('',(-0.092,-0.164811021866775,0.0445699966460048));
#7981=CARTESIAN_POINT('',(-0.092,-0.164050805785207,0.0440943204838786));
#7982=CARTESIAN_POINT('',(-0.092,-0.167423114793222,0.0481156579431856));
#7983=CARTESIAN_POINT('',(-0.092,-0.164050805785207,0.0440943204838786));
#7984=CARTESIAN_POINT('',(-0.092,-0.19497157624903,0.0263));
#7985=CARTESIAN_POINT('',(-0.092,-0.19497157624903,0.0263));
#7986=CARTESIAN_POINT('',(-0.092,-0.2113,0.048837980727859));
#7987=CARTESIAN_POINT('',(-0.092,-0.0976100425553986,0.0894880851453314));
#7988=CARTESIAN_POINT('',(-0.092,-0.0976100425553986,0.0854880851453314));
#7989=CARTESIAN_POINT('',(-0.092,-0.0768869585876751,0.112482903256851));
#7990=CARTESIAN_POINT('',(-0.092,-0.0768869585876751,0.0949778580957603));
#7991=CARTESIAN_POINT('',(-0.092,-0.0768869585876751,0.129987948417942));
#7992=CARTESIAN_POINT('',(-0.092,-0.0788869585876751,0.129987948417942));
#7993=CARTESIAN_POINT('',(-0.092,-0.0804190474739131,0.131273523637315));
#7994=CARTESIAN_POINT('',(-0.092,-0.0812434792938376,0.130291004054071));
#7995=CARTESIAN_POINT('',(-0.092,-0.082067911113762,0.129308484470827));
#7996=CARTESIAN_POINT('',(-0.092,-0.0836,0.1305940596902));
#7997=CARTESIAN_POINT('',(-0.092,-0.0856,0.1305940596902));
#7998=CARTESIAN_POINT('',(-0.092,-0.0856,0.161897772302374));
#7999=CARTESIAN_POINT('',(-0.092,-0.0856,0.134230869316252));
#8000=CARTESIAN_POINT('',(-0.092,-0.112482586234038,0.131947837462072));
#8001=CARTESIAN_POINT('',(-0.092,-0.112178913901169,0.131973627153701));
#8002=CARTESIAN_POINT('',(-0.092,-0.119150233301586,0.130842323306464));
#8003=CARTESIAN_POINT('',(-0.092,-0.11884940322357,0.130891141931043));
#8004=CARTESIAN_POINT('',(-0.092,-0.194951028816192,0.112507039120395));
#8005=CARTESIAN_POINT('',(-0.092,-0.194659635001828,0.112577432016735));
#8006=CARTESIAN_POINT('',(-0.092,-0.201396275198988,0.110405076335014));
#8007=CARTESIAN_POINT('',(-0.092,-0.201110966681688,0.110497079404861));
#8008=CARTESIAN_POINT('',(-0.092,-0.24386503972127,0.0930800538366482));
#8009=CARTESIAN_POINT('',(-0.092,-0.243647555258658,0.0931686520023129));
#8010=CARTESIAN_POINT('',(-0.092,-0.250218402402014,0.0900306184503019));
#8011=CARTESIAN_POINT('',(-0.092,-0.250006489518621,0.0901318214951582));
#8012=CARTESIAN_POINT('',(-0.092,-0.323854415614763,0.0493814706440913));
#8013=CARTESIAN_POINT('',(-0.092,-0.329,0.0465420629570126));
#8014=CARTESIAN_POINT('',(-0.092,-0.329,0.0365446166585507));
#8015=CARTESIAN_POINT('',(-0.092,-0.329,0.0188724934943344));
#8016=CARTESIAN_POINT('',(-0.092,-0.328269967382976,0.0174805563029497));
#8017=CARTESIAN_POINT('',(-0.092,-0.327539934765952,0.016088619111565));
#8018=CARTESIAN_POINT('',(-0.092,-0.327539934765952,0.048837980727859));
#8019=CARTESIAN_POINT('',(-0.092,-0.327539934765952,0.028785904950231));
#8020=CARTESIAN_POINT('',(-0.092,-0.325539934765952,0.028785904950231));
#8021=CARTESIAN_POINT('',(-0.092,-0.32440285524894,0.0304312165231534));
#8022=CARTESIAN_POINT('',(-0.092,-0.256468153421457,-0.0165186495165791));
#8023=CARTESIAN_POINT('',(-0.092,-0.270416911706696,-0.00687862291315556));
#8024=CARTESIAN_POINT('',(-0.092,-0.271553991223707,-0.00852393448607798));
#8025=CARTESIAN_POINT('',(-0.092,-0.270846941051131,-0.0103947845745295));
#8026=CARTESIAN_POINT('',(-0.092,-0.199154124342115,0.0167000739283206));
#8027=CARTESIAN_POINT('',(-0.092,-0.282724300219666,-0.0148835936467853));
#8028=CARTESIAN_POINT('',(-0.092,-0.279679667427116,-0.0164178968521427));
#8029=CARTESIAN_POINT('',(-0.092,-0.276635034634566,-0.0179522000575001));
#8030=CARTESIAN_POINT('',(-0.092,-0.245030440800236,-0.0287371356021627));
#8031=CARTESIAN_POINT('',(-0.092,-0.266952738912233,-0.0212562430025576));
#8032=CARTESIAN_POINT('',(-0.092,-0.266306820078174,-0.0193634173740837));
#8033=CARTESIAN_POINT('',(-0.092,-0.264306820078174,-0.0193634173740837));
#8034=CARTESIAN_POINT('',(-0.092,-0.264306820078174,0.048837980727859));
#8035=CARTESIAN_POINT('',(-0.092,-0.264306820078174,-0.0151199236010515));
#8036=CARTESIAN_POINT('',(-0.092,-0.262306820078174,-0.0151199236010515));
#8037=CARTESIAN_POINT('',(-0.092,-0.261642050336955,-0.0132336359265015));
#8038=CARTESIAN_POINT('',(-0.092,-0.236320403625315,-0.0221575475646102));
#8039=CARTESIAN_POINT('',(-0.092,-0.223355870433206,-0.0267265374866806));
#8040=CARTESIAN_POINT('',(-0.092,-0.224020640174424,-0.0286128251612306));
#8041=CARTESIAN_POINT('',(-0.092,-0.222600885640072,-0.0300214759562066));
#8042=CARTESIAN_POINT('',(-0.092,-0.177566294106765,0.0153681023268875));
#8043=CARTESIAN_POINT('',(-0.092,-0.225070808797988,-0.0325108683701805));
#8044=CARTESIAN_POINT('',(-0.092,-0.223651054263636,-0.0339195191651565));
#8045=CARTESIAN_POINT('',(-0.092,-0.224296973097695,-0.0358123447936304));
#8046=CARTESIAN_POINT('',(-0.092,-0.245030440800236,-0.0287371356021627));
#8047=CARTESIAN_POINT('',(-0.092,-0.213425846965907,-0.0395220711468253));
#8048=CARTESIAN_POINT('',(-0.092,-0.210183325745153,-0.0400600879310863));
#8049=CARTESIAN_POINT('',(-0.092,-0.210003571538742,-0.0400899137282075));
#8050=CARTESIAN_POINT('',(-0.092,-0.209676196567911,-0.0381168892406569));
#8051=CARTESIAN_POINT('',(-0.092,-0.207744344915333,-0.0375992511504518));
#8052=CARTESIAN_POINT('',(-0.092,-0.229591836612042,0.0439366978795787));
#8053=CARTESIAN_POINT('',(-0.092,-0.209749544932901,-0.0301157428055526));
#8054=CARTESIAN_POINT('',(-0.092,-0.207817693280323,-0.0295981047153473));
#8055=CARTESIAN_POINT('',(-0.092,-0.207817693280323,-0.0275981047153473));
#8056=CARTESIAN_POINT('',(-0.092,-0.2113,-0.0275981047153473));
#8057=CARTESIAN_POINT('',(-0.092,-0.17433658618577,-0.0275981047153473));
#8058=CARTESIAN_POINT('',(-0.092,-0.17433658618577,-0.0295981047153473));
#8059=CARTESIAN_POINT('',(-0.092,-0.172404734533192,-0.0301157428055524));
#8060=CARTESIAN_POINT('',(-0.092,-0.155271792392645,0.0338252677461051));
#8061=CARTESIAN_POINT('',(-0.092,-0.174538875848588,-0.0380804666251423));
#8062=CARTESIAN_POINT('',(-0.092,-0.17260702419601,-0.0385981047153473));
#8063=CARTESIAN_POINT('',(-0.092,-0.17260702419601,-0.0405981047153473));
#8064=CARTESIAN_POINT('',(-0.092,-0.1462704022622,-0.0405981047153473));
#8065=CARTESIAN_POINT('',(-0.092,-0.148876853007882,-0.0405981047153473));
#8066=CARTESIAN_POINT('',(-0.092,-0.148876853007882,-0.0385981047153473));
#8067=CARTESIAN_POINT('',(-0.092,-0.146945001355304,-0.0380804666251422));
#8068=CARTESIAN_POINT('',(-0.092,-0.172985580672502,0.059104298445133));
#8069=CARTESIAN_POINT('',(-0.092,-0.149079142670701,-0.0301157428055526));
#8070=CARTESIAN_POINT('',(-0.092,-0.147147291018123,-0.0295981047153473));
#8071=CARTESIAN_POINT('',(-0.092,-0.147147291018123,-0.0275981047153473));
#8072=CARTESIAN_POINT('',(-0.092,-0.2113,-0.0275981047153473));
#8073=CARTESIAN_POINT('',(-0.092,-0.11366618392357,-0.0275981047153473));
#8074=CARTESIAN_POINT('',(-0.092,-0.11366618392357,-0.0295981047153473));
#8075=CARTESIAN_POINT('',(-0.092,-0.111734332270992,-0.0301157428055524));
#8076=CARTESIAN_POINT('',(-0.092,-0.0986655364531026,0.0186576671805551));
#8077=CARTESIAN_POINT('',(-0.092,-0.113868473586388,-0.0380804666251423));
#8078=CARTESIAN_POINT('',(-0.092,-0.11193662193381,-0.0385981047153473));
#8079=CARTESIAN_POINT('',(-0.092,-0.11193662193381,-0.0405981047153473));
#8080=CARTESIAN_POINT('',(-0.092,-0.1462704022622,-0.0405981047153473));
#8081=CARTESIAN_POINT('',(-0.092,-0.0856,-0.0405981047153473));
#8082=CARTESIAN_POINT('',(-0.092,-0.0856,0.161897772302374));
#8083=CARTESIAN_POINT('',(-0.092,-0.0856,-0.0260930595542566));
#8084=CARTESIAN_POINT('',(-0.092,-0.0836,-0.0260930595542566));
#8085=CARTESIAN_POINT('',(-0.092,-0.0820679111137621,-0.0248074843348836));
#8086=CARTESIAN_POINT('',(-0.092,-0.0812434792938376,-0.0257900039181275));
#8087=CARTESIAN_POINT('',(-0.092,-0.0804190474739131,-0.0267725235013715));
#8088=CARTESIAN_POINT('',(-0.092,-0.0788869585876751,-0.0254869482819985));
#8089=CARTESIAN_POINT('',(-0.092,-0.0768869585876751,-0.0254869482819985));
#8090=CARTESIAN_POINT('',(-0.092,-0.0768869585876751,-0.00798190312090767));
#8091=CARTESIAN_POINT('',(-0.092,-0.0768869585876751,0.00952314204018308));
#8092=CARTESIAN_POINT('',(-0.092,-0.0788869585876751,0.00952314204018308));
#8093=CARTESIAN_POINT('',(-0.092,-0.0804190474739131,0.0108087172595562));
#8094=CARTESIAN_POINT('',(-0.092,-0.0812434792938376,0.00982619767631216));
#8095=CARTESIAN_POINT('',(-0.092,-0.0820679111137621,0.00884367809306819));
#8096=CARTESIAN_POINT('',(-0.092,-0.0836,0.0101292533124413));
#8097=CARTESIAN_POINT('',(-0.092,-0.0856,0.0101292533124413));
#8098=CARTESIAN_POINT('',(-0.092,-0.0856,0.161897772302374));
#8099=CARTESIAN_POINT('',(-0.092,-0.0856,0.0391393436346228));
#8100=CARTESIAN_POINT('',(-0.092,-0.0836,0.0391393436346228));
#8101=CARTESIAN_POINT('',(-0.092,-0.0820679111137621,0.0404249188539959));
#8102=CARTESIAN_POINT('',(-0.092,-0.0812434792938376,0.0394423992707518));
#8103=CARTESIAN_POINT('',(-0.092,-0.0804190474739131,0.0384598796875079));
#8104=CARTESIAN_POINT('',(-0.092,-0.0788869585876751,0.0397454549068809));
#8105=CARTESIAN_POINT('',(-0.092,-0.0768869585876751,0.0397454549068809));
#8106=CARTESIAN_POINT('',(-0.092,-0.0768869585876751,0.0572505000679717));
#8107=CARTESIAN_POINT('',(-0.092,-0.0768869585876751,0.0747555452290625));
#8108=CARTESIAN_POINT('',(-0.092,-0.0788869585876751,0.0747555452290625));
#8109=CARTESIAN_POINT('',(-0.092,-0.0804190474739131,0.0760411204484355));
#8110=CARTESIAN_POINT('',(-0.092,-0.0812434792938376,0.0750586008651916));
#8111=CARTESIAN_POINT('',(-0.092,-0.0820679111137621,0.0740760812819476));
#8112=CARTESIAN_POINT('',(-0.092,-0.0836,0.0753616565013206));
#8113=CARTESIAN_POINT('',(-0.092,-0.0856,0.0753616565013206));
#8114=CARTESIAN_POINT('',(-0.092,-0.0856,0.161897772302374));
#8115=CARTESIAN_POINT('',(-0.092,-0.0856,0.0943717468235022));
#8116=CARTESIAN_POINT('',(-0.092,-0.0836,0.0943717468235022));
#8117=CARTESIAN_POINT('',(-0.092,-0.0820679111137621,0.0956573220428752));
#8118=CARTESIAN_POINT('',(-0.092,-0.0812434792938376,0.0946748024596313));
#8119=CARTESIAN_POINT('',(-0.092,-0.0804190474739131,0.0936922828763873));
#8120=CARTESIAN_POINT('',(-0.092,-0.0788869585876751,0.0949778580957603));
#8121=CARTESIAN_POINT('',(-0.092,-0.271,0.033));
#8122=CARTESIAN_POINT('',(-0.092,-0.271,0.015));
#8123=CARTESIAN_POINT('',(-0.092,-0.123,0.083));
#8124=CARTESIAN_POINT('',(-0.092,-0.123,0.065));
#8125=CARTESIAN_POINT('',(-0.092,-0.159542127185999,0.0013));
#8126=CARTESIAN_POINT('',(-0.092,-0.153065936709808,0.00680535711067864));
#8127=CARTESIAN_POINT('',(-0.092,-0.151542127185999,0.00810073525436774));
#8128=CARTESIAN_POINT('',(-0.092,-0.15001831766219,0.00680535711067864));
#8129=CARTESIAN_POINT('',(-0.092,-0.143542127185999,0.0013));
#8130=CARTESIAN_POINT('',(-0.092,-0.137065936709809,0.00680535711067864));
#8131=CARTESIAN_POINT('',(-0.092,-0.135542127185999,0.00810073525436773));
#8132=CARTESIAN_POINT('',(-0.092,-0.13401831766219,0.00680535711067864));
#8133=CARTESIAN_POINT('',(-0.092,-0.127542127185999,0.0013));
#8134=CARTESIAN_POINT('',(-0.092,-0.13401831766219,-0.00420535711067866));
#8135=CARTESIAN_POINT('',(-0.092,-0.135542127185999,-0.00550073525436774));
#8136=CARTESIAN_POINT('',(-0.092,-0.137065936709809,-0.00420535711067865));
#8137=CARTESIAN_POINT('',(-0.092,-0.143542127185999,0.0013));
#8138=CARTESIAN_POINT('',(-0.092,-0.15001831766219,-0.00420535711067865));
#8139=CARTESIAN_POINT('',(-0.092,-0.151542127185999,-0.00550073525436775));
#8140=CARTESIAN_POINT('',(-0.092,-0.153065936709808,-0.00420535711067865));
#8141=CARTESIAN_POINT('',(-0.092,-0.159542127185999,0.0013));
#8142=CARTESIAN_POINT('',(-0.092,-0.159542127185999,0.0513));
#8143=CARTESIAN_POINT('',(-0.092,-0.153065936709808,0.0568053571106787));
#8144=CARTESIAN_POINT('',(-0.092,-0.151542127185999,0.0581007352543678));
#8145=CARTESIAN_POINT('',(-0.092,-0.15001831766219,0.0568053571106787));
#8146=CARTESIAN_POINT('',(-0.092,-0.143542127185999,0.0513));
#8147=CARTESIAN_POINT('',(-0.092,-0.137065936709809,0.0568053571106786));
#8148=CARTESIAN_POINT('',(-0.092,-0.135542127185999,0.0581007352543677));
#8149=CARTESIAN_POINT('',(-0.092,-0.13401831766219,0.0568053571106786));
#8150=CARTESIAN_POINT('',(-0.092,-0.127542127185999,0.0513));
#8151=CARTESIAN_POINT('',(-0.092,-0.13401831766219,0.0457946428893214));
#8152=CARTESIAN_POINT('',(-0.092,-0.135542127185999,0.0444992647456322));
#8153=CARTESIAN_POINT('',(-0.092,-0.137065936709809,0.0457946428893214));
#8154=CARTESIAN_POINT('',(-0.092,-0.143542127185999,0.0513));
#8155=CARTESIAN_POINT('',(-0.092,-0.15001831766219,0.0457946428893214));
#8156=CARTESIAN_POINT('',(-0.092,-0.151542127185999,0.0444992647456322));
#8157=CARTESIAN_POINT('',(-0.092,-0.153065936709808,0.0457946428893214));
#8158=CARTESIAN_POINT('',(-0.092,-0.159542127185999,0.0513));
#8159=CARTESIAN_POINT('',(-0.092,-0.304612942701147,0.0289101039006345));
#8160=CARTESIAN_POINT('',(-0.092,-0.304612942701147,0.0244101039006345));
#8161=CARTESIAN_POINT('',(-0.092,-0.191077139733046,-0.0221689673426308));
#8162=CARTESIAN_POINT('',(-0.092,-0.191077139733046,-0.0266689673426308));
#8163=CARTESIAN_POINT('',(-0.092,-0.130406737470847,-0.0220447326596775));
#8164=CARTESIAN_POINT('',(-0.092,-0.130406737470847,-0.0265447326596776));
#8165=CARTESIAN_POINT('',(-0.092,-0.0976100425553986,0.00948808514533144));
#8166=CARTESIAN_POINT('',(-0.092,-0.0976100425553986,0.00548808514533144));
#8167=CARTESIAN_POINT('',(-0.092,-0.0976100425553986,0.0494880851453314));
#8168=CARTESIAN_POINT('',(-0.092,-0.0976100425553986,0.0454880851453314));
#8169=CARTESIAN_POINT('',(-0.096,-0.0576100425553986,0.0494892722416519));
#8170=CARTESIAN_POINT('',(-0.096,-0.0976100425553986,0.0894880851453314));
#8171=CARTESIAN_POINT('',(-0.096,-0.0976100425553986,0.0854880851453314));
#8172=CARTESIAN_POINT('',(-0.096,-0.0976100425553986,0.00948808514533144));
#8173=CARTESIAN_POINT('',(-0.096,-0.0976100425553986,0.00548808514533144));
#8174=CARTESIAN_POINT('',(-0.096,-0.0812434792938376,0.0750586008651916));
#8175=CARTESIAN_POINT('',(-0.096,-0.0804190474739131,0.0760411204484355));
#8176=CARTESIAN_POINT('',(-0.096,-0.0820679111137621,0.0740760812819476));
#8177=CARTESIAN_POINT('',(-0.096,-0.0788869585876751,0.0747555452290625));
#8178=CARTESIAN_POINT('',(-0.096,-0.0768869585876751,0.0747555452290625));
#8179=CARTESIAN_POINT('',(-0.096,-0.0768869585876751,0.0572505000679717));
#8180=CARTESIAN_POINT('',(-0.096,-0.0768869585876751,0.0397454549068809));
#8181=CARTESIAN_POINT('',(-0.096,-0.0788869585876751,0.0397454549068809));
#8182=CARTESIAN_POINT('',(-0.096,-0.0804190474739131,0.0384598796875079));
#8183=CARTESIAN_POINT('',(-0.096,-0.0812434792938376,0.0394423992707518));
#8184=CARTESIAN_POINT('',(-0.096,-0.0820679111137621,0.0404249188539959));
#8185=CARTESIAN_POINT('',(-0.096,-0.0836,0.0391393436346228));
#8186=CARTESIAN_POINT('',(-0.096,-0.0856,0.0391393436346228));
#8187=CARTESIAN_POINT('',(-0.096,-0.0856,0.161897772302374));
#8188=CARTESIAN_POINT('',(-0.096,-0.0856,0.0101292533124413));
#8189=CARTESIAN_POINT('',(-0.096,-0.0836,0.0101292533124413));
#8190=CARTESIAN_POINT('',(-0.096,-0.0820679111137621,0.00884367809306819));
#8191=CARTESIAN_POINT('',(-0.096,-0.0812434792938376,0.00982619767631216));
#8192=CARTESIAN_POINT('',(-0.096,-0.0804190474739131,0.0108087172595562));
#8193=CARTESIAN_POINT('',(-0.096,-0.0788869585876751,0.00952314204018308));
#8194=CARTESIAN_POINT('',(-0.096,-0.0768869585876751,0.00952314204018308));
#8195=CARTESIAN_POINT('',(-0.096,-0.0768869585876751,-0.00798190312090767));
#8196=CARTESIAN_POINT('',(-0.096,-0.0768869585876751,-0.0105266151952458));
#8197=CARTESIAN_POINT('',(-0.096,-0.0376100425553986,0.00911184282089245));
#8198=CARTESIAN_POINT('',(-0.096,-0.0776100425553986,-0.0108881571791075));
#8199=CARTESIAN_POINT('',(-0.096,-0.0976100425553986,-0.0108881571791076));
#8200=CARTESIAN_POINT('',(-0.096,-0.117610042555399,-0.0108881571791076));
#8201=CARTESIAN_POINT('',(-0.096,-0.117610042555399,0.0494892722416519));
#8202=CARTESIAN_POINT('',(-0.096,-0.117610042555399,0.109866701662411));
#8203=CARTESIAN_POINT('',(-0.096,-0.0976100425553987,0.109866701662411));
#8204=CARTESIAN_POINT('',(-0.096,-0.0776100425553987,0.109866701662411));
#8205=CARTESIAN_POINT('',(-0.096,-0.0376100425553987,0.0894892722416519));
#8206=CARTESIAN_POINT('',(-0.096,-0.0768869585876751,0.109498336849472));
#8207=CARTESIAN_POINT('',(-0.096,-0.0768869585876751,0.112482903256851));
#8208=CARTESIAN_POINT('',(-0.096,-0.0768869585876751,0.0949778580957603));
#8209=CARTESIAN_POINT('',(-0.096,-0.0788869585876751,0.0949778580957603));
#8210=CARTESIAN_POINT('',(-0.096,-0.0804190474739131,0.0936922828763873));
#8211=CARTESIAN_POINT('',(-0.096,-0.0812434792938376,0.0946748024596313));
#8212=CARTESIAN_POINT('',(-0.096,-0.0820679111137621,0.0956573220428752));
#8213=CARTESIAN_POINT('',(-0.096,-0.0836,0.0943717468235022));
#8214=CARTESIAN_POINT('',(-0.096,-0.0856,0.0943717468235022));
#8215=CARTESIAN_POINT('',(-0.096,-0.0856,0.161897772302374));
#8216=CARTESIAN_POINT('',(-0.096,-0.0856,0.0753616565013206));
#8217=CARTESIAN_POINT('',(-0.096,-0.0836,0.0753616565013206));
#8218=CARTESIAN_POINT('',(-0.096,-0.0976100425553986,0.0494880851453314));
#8219=CARTESIAN_POINT('',(-0.096,-0.0976100425553986,0.0454880851453314));
#8220=CARTESIAN_POINT('',(-0.092,-0.0768869585876751,-0.00798190312090767));
#8221=CARTESIAN_POINT('',(-0.092,-0.0768869585876751,-0.0254869482819985));
#8222=CARTESIAN_POINT('',(-0.1,-0.0768869585876751,-0.0254869482819985));
#8223=CARTESIAN_POINT('',(-0.1,-0.0768869585876751,-0.00798190312090767));
#8224=CARTESIAN_POINT('',(-0.1,-0.0768869585876751,-0.0105266151952458));
#8225=CARTESIAN_POINT('',(-0.092,-0.0768869585876751,-0.0105266151952458));
#8226=CARTESIAN_POINT('',(-0.092,-0.0768869585876751,0.00952314204018308));
#8227=CARTESIAN_POINT('',(-0.092,-0.0768869585876751,0.112482903256851));
#8228=CARTESIAN_POINT('',(-0.1,-0.0768869585876751,0.112482903256851));
#8229=CARTESIAN_POINT('',(-0.1,-0.0768869585876751,0.109498336849472));
#8230=CARTESIAN_POINT('',(-0.1,-0.0768869585876751,0.129987948417942));
#8231=CARTESIAN_POINT('',(-0.092,-0.0768869585876751,0.129987948417942));
#8232=CARTESIAN_POINT('',(-0.092,-0.0768869585876751,0.0949778580957603));
#8233=CARTESIAN_POINT('',(-0.092,-0.0768869585876751,0.109498336849472));
#8234=CARTESIAN_POINT('',(-0.147,-0.0856,0.161897772302374));
#8235=CARTESIAN_POINT('',(-0.096,-0.0856,0.0753616565013206));
#8236=CARTESIAN_POINT('',(-0.092,-0.0856,0.0943717468235022));
#8237=CARTESIAN_POINT('',(-0.147,-0.0856,0.161897772302374));
#8238=CARTESIAN_POINT('',(-0.1,-0.0856,-0.0100000000000003));
#8239=CARTESIAN_POINT('',(-0.1,-0.0856,-0.0260930595542566));
#8240=CARTESIAN_POINT('',(-0.1,-0.0856,-0.0405981047153473));
#8241=CARTESIAN_POINT('',(-0.092,-0.0856,-0.0260930595542566));
#8242=CARTESIAN_POINT('',(-0.126,-0.0856,-0.0405981047153473));
#8243=CARTESIAN_POINT('',(-0.147,-0.0856,0.161897772302374));
#8244=CARTESIAN_POINT('',(-0.092,-0.0856,0.0391393436346228));
#8245=CARTESIAN_POINT('',(-0.096,-0.0856,0.0101292533124413));
#8246=CARTESIAN_POINT('',(-0.1,-0.00649999999999978,-0.0100000000000003));
#8247=CARTESIAN_POINT('',(-0.1,-0.271,0.033));
#8248=CARTESIAN_POINT('',(-0.1,-0.271,0.0303));
#8249=CARTESIAN_POINT('',(-0.1,-0.172,-0.004));
#8250=CARTESIAN_POINT('',(-0.1,-0.172,-0.0067));
#8251=CARTESIAN_POINT('',(-0.1,-0.123,0.083));
#8252=CARTESIAN_POINT('',(-0.1,-0.123,0.0803));
#8253=CARTESIAN_POINT('',(-0.1,-0.204726228020353,0.0263));
#8254=CARTESIAN_POINT('',(-0.1,-0.167403075956448,0.0403));
#8255=CARTESIAN_POINT('',(-0.1,-0.167403075956448,0.0123));
#8256=CARTESIAN_POINT('',(-0.1,-0.00649999999999978,0.0123));
#8257=CARTESIAN_POINT('',(-0.1,-0.144256312555527,0.0123));
#8258=CARTESIAN_POINT('',(-0.1,-0.144256312555527,0.0203));
#8259=CARTESIAN_POINT('',(-0.1,-0.135355497031725,0.0203));
#8260=CARTESIAN_POINT('',(-0.1,-0.135355497031725,-0.0100000000000003));
#8261=CARTESIAN_POINT('',(-0.1,-0.135355497031725,0.0323));
#8262=CARTESIAN_POINT('',(-0.1,-0.144256312555527,0.0323));
#8263=CARTESIAN_POINT('',(-0.1,-0.144256312555527,0.0403));
#8264=CARTESIAN_POINT('',(-0.1,-0.165452145602184,0.0403));
#8265=CARTESIAN_POINT('',(-0.1,-0.143542127185999,0.0013));
#8266=CARTESIAN_POINT('',(-0.1,-0.151542127185999,-0.00550073525436775));
#8267=CARTESIAN_POINT('',(-0.1,-0.135542127185999,-0.00550073525436775));
#8268=CARTESIAN_POINT('',(-0.1,-0.127542127185999,0.0013));
#8269=CARTESIAN_POINT('',(-0.1,-0.117610042555399,-0.00210641965861338));
#8270=CARTESIAN_POINT('',(-0.1,-0.117610042555399,0.0494892722416519));
#8271=CARTESIAN_POINT('',(-0.1,-0.117610042555399,-0.0108881571791076));
#8272=CARTESIAN_POINT('',(-0.1,-0.0976100425553986,-0.0108881571791076));
#8273=CARTESIAN_POINT('',(-0.1,-0.0776100425553986,-0.0108881571791075));
#8274=CARTESIAN_POINT('',(-0.1,-0.0376100425553986,0.00911184282089245));
#8275=CARTESIAN_POINT('',(-0.1,-0.0788869585876751,-0.0254869482819985));
#8276=CARTESIAN_POINT('',(-0.1,-0.0804190474739131,-0.0267725235013715));
#8277=CARTESIAN_POINT('',(-0.1,-0.0812434792938376,-0.0257900039181275));
#8278=CARTESIAN_POINT('',(-0.1,-0.0820679111137621,-0.0248074843348836));
#8279=CARTESIAN_POINT('',(-0.1,-0.0836,-0.0260930595542566));
#8280=CARTESIAN_POINT('',(-0.1,-0.00649999999999978,-0.0405981047153473));
#8281=CARTESIAN_POINT('',(-0.1,-0.11193662193381,-0.0405981047153473));
#8282=CARTESIAN_POINT('',(-0.1,-0.11193662193381,-0.0385981047153473));
#8283=CARTESIAN_POINT('',(-0.1,-0.113868473586388,-0.0380804666251423));
#8284=CARTESIAN_POINT('',(-0.1,-0.0996560329825939,0.0149610838077728));
#8285=CARTESIAN_POINT('',(-0.1,-0.111734332270992,-0.0301157428055524));
#8286=CARTESIAN_POINT('',(-0.1,-0.11366618392357,-0.0295981047153473));
#8287=CARTESIAN_POINT('',(-0.1,-0.11366618392357,-0.0275981047153473));
#8288=CARTESIAN_POINT('',(-0.1,-0.00649999999999978,-0.0275981047153473));
#8289=CARTESIAN_POINT('',(-0.1,-0.121410410047775,-0.0275981047153473));
#8290=CARTESIAN_POINT('',(-0.1,-0.119408573759311,-0.0220981047153473));
#8291=CARTESIAN_POINT('',(-0.1,-0.118383648242759,-0.0192821450019987));
#8292=CARTESIAN_POINT('',(-0.1,-0.120263033484331,-0.0185981047153474));
#8293=CARTESIAN_POINT('',(-0.1,-0.120263033484331,-0.0165981047153473));
#8294=CARTESIAN_POINT('',(-0.1,-0.130406737470847,-0.0165981047153473));
#8295=CARTESIAN_POINT('',(-0.1,-0.140550441457362,-0.0165981047153473));
#8296=CARTESIAN_POINT('',(-0.1,-0.140550441457362,-0.0185981047153474));
#8297=CARTESIAN_POINT('',(-0.1,-0.142429826698934,-0.0192821450019987));
#8298=CARTESIAN_POINT('',(-0.1,-0.141404901182383,-0.0220981047153473));
#8299=CARTESIAN_POINT('',(-0.1,-0.139403064893918,-0.0275981047153473));
#8300=CARTESIAN_POINT('',(-0.1,-0.00649999999999978,-0.0275981047153473));
#8301=CARTESIAN_POINT('',(-0.1,-0.147147291018123,-0.0275981047153473));
#8302=CARTESIAN_POINT('',(-0.1,-0.147147291018123,-0.0295981047153473));
#8303=CARTESIAN_POINT('',(-0.1,-0.149079142670701,-0.0301157428055526));
#8304=CARTESIAN_POINT('',(-0.1,-0.14455708683805,-0.0469922849276626));
#8305=CARTESIAN_POINT('',(-0.1,-0.146945001355304,-0.0380804666251422));
#8306=CARTESIAN_POINT('',(-0.1,-0.148876853007882,-0.0385981047153473));
#8307=CARTESIAN_POINT('',(-0.1,-0.148876853007882,-0.0405981047153473));
#8308=CARTESIAN_POINT('',(-0.1,-0.00649999999999978,-0.0405981047153473));
#8309=CARTESIAN_POINT('',(-0.1,-0.17260702419601,-0.0405981047153473));
#8310=CARTESIAN_POINT('',(-0.1,-0.17260702419601,-0.0385981047153473));
#8311=CARTESIAN_POINT('',(-0.1,-0.174538875848588,-0.0380804666251423));
#8312=CARTESIAN_POINT('',(-0.1,-0.156262288922137,0.0301286843733228));
#8313=CARTESIAN_POINT('',(-0.1,-0.172404734533192,-0.0301157428055524));
#8314=CARTESIAN_POINT('',(-0.1,-0.17433658618577,-0.0295981047153473));
#8315=CARTESIAN_POINT('',(-0.1,-0.17433658618577,-0.0275981047153473));
#8316=CARTESIAN_POINT('',(-0.1,-0.00649999999999978,-0.0275981047153473));
#8317=CARTESIAN_POINT('',(-0.1,-0.182080812309974,-0.0275981047153473));
#8318=CARTESIAN_POINT('',(-0.1,-0.18007897602151,-0.0220981047153473));
#8319=CARTESIAN_POINT('',(-0.1,-0.179054050504959,-0.0192821450019987));
#8320=CARTESIAN_POINT('',(-0.1,-0.180933435746531,-0.0185981047153474));
#8321=CARTESIAN_POINT('',(-0.1,-0.180933435746531,-0.0165981047153473));
#8322=CARTESIAN_POINT('',(-0.1,-0.191077139733046,-0.0165981047153473));
#8323=CARTESIAN_POINT('',(-0.1,-0.201220843719562,-0.0165981047153473));
#8324=CARTESIAN_POINT('',(-0.1,-0.201220843719562,-0.0185981047153474));
#8325=CARTESIAN_POINT('',(-0.1,-0.203100228961133,-0.0192821450019987));
#8326=CARTESIAN_POINT('',(-0.1,-0.202075303444582,-0.0220981047153473));
#8327=CARTESIAN_POINT('',(-0.1,-0.200073467156118,-0.0275981047153473));
#8328=CARTESIAN_POINT('',(-0.1,-0.00649999999999978,-0.0275981047153473));
#8329=CARTESIAN_POINT('',(-0.1,-0.207817693280323,-0.0275981047153473));
#8330=CARTESIAN_POINT('',(-0.1,-0.207817693280323,-0.0295981047153473));
#8331=CARTESIAN_POINT('',(-0.1,-0.209749544932901,-0.0301157428055526));
#8332=CARTESIAN_POINT('',(-0.1,-0.201163342777591,-0.0621598854932156));
#8333=CARTESIAN_POINT('',(-0.1,-0.207744344915333,-0.0375992511504517));
#8334=CARTESIAN_POINT('',(-0.1,-0.209676196567911,-0.0381168892406569));
#8335=CARTESIAN_POINT('',(-0.1,-0.210003571538741,-0.0400899137282075));
#8336=CARTESIAN_POINT('',(-0.1,-0.0168115023438058,-0.0721453942437189));
#8337=CARTESIAN_POINT('',(-0.1,-0.213425846965907,-0.0395220711468253));
#8338=CARTESIAN_POINT('',(-0.1,-0.0371064497049563,-0.0996903284799595));
#8339=CARTESIAN_POINT('',(-0.1,-0.224296973097695,-0.0358123447936305));
#8340=CARTESIAN_POINT('',(-0.1,-0.223651054263636,-0.0339195191651565));
#8341=CARTESIAN_POINT('',(-0.1,-0.225070808797988,-0.0325108683701805));
#8342=CARTESIAN_POINT('',(-0.1,-0.105388368097638,0.0881149733733294));
#8343=CARTESIAN_POINT('',(-0.1,-0.222600885640072,-0.0300214759562066));
#8344=CARTESIAN_POINT('',(-0.1,-0.224020640174424,-0.0286128251612306));
#8345=CARTESIAN_POINT('',(-0.1,-0.223355870433206,-0.0267265374866806));
#8346=CARTESIAN_POINT('',(-0.1,-0.0357017197349522,-0.0928600349809715));
#8347=CARTESIAN_POINT('',(-0.1,-0.261642050336955,-0.0132336359265015));
#8348=CARTESIAN_POINT('',(-0.1,-0.262306820078174,-0.0151199236010515));
#8349=CARTESIAN_POINT('',(-0.1,-0.264306820078174,-0.0151199236010515));
#8350=CARTESIAN_POINT('',(-0.1,-0.264306820078174,-0.0100000000000003));
#8351=CARTESIAN_POINT('',(-0.1,-0.264306820078174,-0.0193634173740837));
#8352=CARTESIAN_POINT('',(-0.1,-0.266306820078174,-0.0193634173740837));
#8353=CARTESIAN_POINT('',(-0.1,-0.266952738912233,-0.0212562430025576));
#8354=CARTESIAN_POINT('',(-0.1,-0.0371064497049563,-0.0996903284799595));
#8355=CARTESIAN_POINT('',(-0.1,-0.276635034634566,-0.0179522000575001));
#8356=CARTESIAN_POINT('',(-0.1,-0.0644040129181208,-0.124903270706333));
#8357=CARTESIAN_POINT('',(-0.1,-0.282724300219666,-0.0148835936467853));
#8358=CARTESIAN_POINT('',(-0.1,-0.0394075233933411,0.0770730896320535));
#8359=CARTESIAN_POINT('',(-0.1,-0.270846941051131,-0.0103947845745295));
#8360=CARTESIAN_POINT('',(-0.1,-0.271553991223707,-0.00852393448607798));
#8361=CARTESIAN_POINT('',(-0.1,-0.270416911706696,-0.0068786229131555));
#8362=CARTESIAN_POINT('',(-0.1,-0.0903479242499393,-0.131324813322205));
#8363=CARTESIAN_POINT('',(-0.1,-0.303840504730177,0.0162205174790986));
#8364=CARTESIAN_POINT('',(-0.1,-0.306195753943874,0.0128125598732872));
#8365=CARTESIAN_POINT('',(-0.1,-0.301835373836504,0.0191218669583802));
#8366=CARTESIAN_POINT('',(-0.1,-0.300190062263582,0.0179847874413685));
#8367=CARTESIAN_POINT('',(-0.1,-0.2986700189687,0.0192845829567034));
#8368=CARTESIAN_POINT('',(-0.1,-0.29804950701991,0.018558926485339));
#8369=CARTESIAN_POINT('',(-0.1,-0.297040433979323,0.0173788680136071));
#8370=CARTESIAN_POINT('',(-0.1,-0.295520390684441,0.018678663528942));
#8371=CARTESIAN_POINT('',(-0.1,-0.294220595169106,0.0171586202340601));
#8372=CARTESIAN_POINT('',(-0.1,-0.290700237136593,0.020168893427225));
#8373=CARTESIAN_POINT('',(-0.1,-0.287179879104081,0.02317916662039));
#8374=CARTESIAN_POINT('',(-0.1,-0.288479674619416,0.0246992099152719));
#8375=CARTESIAN_POINT('',(-0.1,-0.286959631324534,0.0259990054306068));
#8376=CARTESIAN_POINT('',(-0.1,-0.29540830217421,0.0358792868473397));
#8377=CARTESIAN_POINT('',(-0.1,-0.303856973023886,0.0457595682640713));
#8378=CARTESIAN_POINT('',(-0.1,-0.305377016318769,0.0444597727487364));
#8379=CARTESIAN_POINT('',(-0.1,-0.306676811834104,0.0459798160436183));
#8380=CARTESIAN_POINT('',(-0.1,-0.310844589308134,0.0424159317201266));
#8381=CARTESIAN_POINT('',(-0.1,-0.315012366782164,0.0388520473966346));
#8382=CARTESIAN_POINT('',(-0.1,-0.313712571266829,0.0373320041017528));
#8383=CARTESIAN_POINT('',(-0.1,-0.315232614561712,0.036032208586418));
#8384=CARTESIAN_POINT('',(-0.1,-0.314223541521125,0.0348521501146865));
#8385=CARTESIAN_POINT('',(-0.1,-0.312915331460304,0.0333222664462269));
#8386=CARTESIAN_POINT('',(-0.1,-0.314435374755186,0.032022470930892));
#8387=CARTESIAN_POINT('',(-0.1,-0.312790063182263,0.0308853914138804));
#8388=CARTESIAN_POINT('',(-0.1,-0.320617292849946,0.0195596825575605));
#8389=CARTESIAN_POINT('',(-0.1,-0.316756175842235,0.0251465745929469));
#8390=CARTESIAN_POINT('',(-0.1,-0.0903479242499393,-0.131324813322205));
#8391=CARTESIAN_POINT('',(-0.1,-0.32440285524894,0.0304312165231534));
#8392=CARTESIAN_POINT('',(-0.1,-0.325539934765952,0.028785904950231));
#8393=CARTESIAN_POINT('',(-0.1,-0.327539934765952,0.028785904950231));
#8394=CARTESIAN_POINT('',(-0.1,-0.327539934765952,-0.0100000000000003));
#8395=CARTESIAN_POINT('',(-0.1,-0.327539934765952,0.016088619111565));
#8396=CARTESIAN_POINT('',(-0.1,-0.247550974145312,-0.136424579054773));
#8397=CARTESIAN_POINT('',(-0.1,-0.329,0.0188724934943344));
#8398=CARTESIAN_POINT('',(-0.1,-0.0316537598557709,0.0921162395548167));
#8399=CARTESIAN_POINT('',(-0.1,-0.333,0.0178871943894935));
#8400=CARTESIAN_POINT('',(-0.1,-0.333,0.0604018952846526));
#8401=CARTESIAN_POINT('',(-0.1,-0.333,0.0580405660520623));
#8402=CARTESIAN_POINT('',(-0.1,-0.251890744852283,0.10279782301599));
#8403=CARTESIAN_POINT('',(-0.1,-0.25209653368897,0.102684265767473));
#8404=CARTESIAN_POINT('',(-0.1,-0.201378584589688,0.123345591190473));
#8405=CARTESIAN_POINT('',(-0.1,-0.201656597966675,0.123232334937886));
#8406=CARTESIAN_POINT('',(-0.1,-0.11718658023486,0.143638015871849));
#8407=CARTESIAN_POINT('',(-0.1,-0.117483254790903,0.143566347290565));
#8408=CARTESIAN_POINT('',(-0.1,-0.0375761079927058,0.150352545609756));
#8409=CARTESIAN_POINT('',(-0.1,-0.0856,0.146274066171065));
#8410=CARTESIAN_POINT('',(-0.1,-0.0856,-0.0100000000000003));
#8411=CARTESIAN_POINT('',(-0.1,-0.0856,0.1305940596902));
#8412=CARTESIAN_POINT('',(-0.1,-0.0836,0.1305940596902));
#8413=CARTESIAN_POINT('',(-0.1,-0.082067911113762,0.129308484470827));
#8414=CARTESIAN_POINT('',(-0.1,-0.0812434792938376,0.130291004054071));
#8415=CARTESIAN_POINT('',(-0.1,-0.0804190474739131,0.131273523637315));
#8416=CARTESIAN_POINT('',(-0.1,-0.0788869585876751,0.129987948417942));
#8417=CARTESIAN_POINT('',(-0.1,-0.0376100425553987,0.0894892722416519));
#8418=CARTESIAN_POINT('',(-0.1,-0.0776100425553987,0.109866701662411));
#8419=CARTESIAN_POINT('',(-0.1,-0.0976100425553987,0.109866701662411));
#8420=CARTESIAN_POINT('',(-0.1,-0.117610042555399,0.109866701662411));
#8421=CARTESIAN_POINT('',(-0.1,-0.117610042555399,0.0494892722416519));
#8422=CARTESIAN_POINT('',(-0.1,-0.117610042555399,0.0547064196586134));
#8423=CARTESIAN_POINT('',(-0.1,-0.127542127185999,0.0513));
#8424=CARTESIAN_POINT('',(-0.1,-0.135542127185999,0.0581007352543677));
#8425=CARTESIAN_POINT('',(-0.1,-0.143542127185999,0.0513));
#8426=CARTESIAN_POINT('',(-0.1,-0.151542127185999,0.0581007352543678));
#8427=CARTESIAN_POINT('',(-0.1,-0.159542127185999,0.0513));
#8428=CARTESIAN_POINT('',(-0.1,-0.151542127185999,0.0444992647456322));
#8429=CARTESIAN_POINT('',(-0.1,-0.143542127185999,0.0513));
#8430=CARTESIAN_POINT('',(-0.1,-0.135542127185999,0.0444992647456322));
#8431=CARTESIAN_POINT('',(-0.1,-0.127542127185999,0.0513));
#8432=CARTESIAN_POINT('',(-0.1,-0.117610042555399,0.0478935803413866));
#8433=CARTESIAN_POINT('',(-0.1,-0.117610042555399,0.0494892722416519));
#8434=CARTESIAN_POINT('',(-0.1,-0.117610042555399,0.00470641965861338));
#8435=CARTESIAN_POINT('',(-0.1,-0.127542127185999,0.0013));
#8436=CARTESIAN_POINT('',(-0.1,-0.135542127185999,0.00810073525436773));
#8437=CARTESIAN_POINT('',(-0.1,-0.143542127185999,0.0013));
#8438=CARTESIAN_POINT('',(-0.1,-0.151542127185999,0.00810073525436775));
#8439=CARTESIAN_POINT('',(-0.1,-0.159542127185999,0.0013));
#8440=CARTESIAN_POINT('',(-0.142,-0.191077139733046,-0.0275981047153473));
#8441=CARTESIAN_POINT('',(-0.1,-0.207817693280323,-0.0275981047153473));
#8442=CARTESIAN_POINT('',(-0.0943,-0.200073467156118,-0.0275981047153473));
#8443=CARTESIAN_POINT('',(-0.0943,-0.200073467156118,-0.0275981047153473));
#8444=CARTESIAN_POINT('',(-0.0943,-0.191077139733046,-0.0275981047153473));
#8445=CARTESIAN_POINT('',(-0.0943,-0.182080812309974,-0.0275981047153473));
#8446=CARTESIAN_POINT('',(-0.0943,-0.182080812309974,-0.0275981047153473));
#8447=CARTESIAN_POINT('',(-0.092,-0.17433658618577,-0.0275981047153473));
#8448=CARTESIAN_POINT('',(-0.126,-0.1462704022622,-0.0405981047153473));
#8449=CARTESIAN_POINT('',(-0.126,-0.17260702419601,-0.0405981047153473));
#8450=CARTESIAN_POINT('',(-0.126,-0.148876853007882,-0.0405981047153473));
#8451=CARTESIAN_POINT('',(-0.126,-0.245030440800236,-0.0287371356021627));
#8452=CARTESIAN_POINT('',(-0.126,-0.266952738912233,-0.0212562430025576));
#8453=CARTESIAN_POINT('',(-0.126,-0.276635034634566,-0.0179522000575001));
#8454=CARTESIAN_POINT('',(-0.092,-0.2113,0.048837980727859));
#8455=CARTESIAN_POINT('',(-0.092,-0.123,0.083));
#8456=CARTESIAN_POINT('',(-0.092,-0.123,0.0803));
#8457=CARTESIAN_POINT('',(-0.092,-0.123,0.083));
#8458=CARTESIAN_POINT('',(-0.092,-0.123,0.078));
#8459=CARTESIAN_POINT('',(-0.092,-0.2113,0.048837980727859));
#8460=CARTESIAN_POINT('',(-0.092,-0.271,0.033));
#8461=CARTESIAN_POINT('',(-0.092,-0.271,0.0303));
#8462=CARTESIAN_POINT('',(-0.092,-0.271,0.033));
#8463=CARTESIAN_POINT('',(-0.092,-0.271,0.028));
#8464=CARTESIAN_POINT('',(-0.092,-0.2113,0.048837980727859));
#8465=CARTESIAN_POINT('',(-0.092,-0.172,-0.004));
#8466=CARTESIAN_POINT('',(-0.092,-0.172,-0.0067));
#8467=CARTESIAN_POINT('',(-0.092,-0.172,-0.004));
#8468=CARTESIAN_POINT('',(-0.092,-0.172,-0.009));
#8469=CARTESIAN_POINT('',(0.0109610762578196,-0.148655964712804,0.0263));
#8470=CARTESIAN_POINT('',(1.21430643318376E-17,-0.154002038809498,0.0263));
#8471=CARTESIAN_POINT('',(1.05097505176279E-17,-0.165363939332361,0.00348082206815583));
#8472=CARTESIAN_POINT('',(9.49100417398443E-18,-0.169878082122126,0.00577228041552015));
#8473=CARTESIAN_POINT('',(9.49100417398443E-18,-0.165363939332361,0.00348082206815584));
#8474=CARTESIAN_POINT('',(-0.000740926513555083,-0.16506414630174,0.00321488274747544));
#8475=CARTESIAN_POINT('',(-0.00229218164557865,-0.164654628106643,0.00279737892443975));
#8476=CARTESIAN_POINT('',(-0.00552095626172917,-0.164118364217619,0.00217331971907333));
#8477=CARTESIAN_POINT('',(-0.00962369792337511,-0.163764085395003,0.00167806917504358));
#8478=CARTESIAN_POINT('',(-0.0145458840109157,-0.163558733649163,0.00136331746320281));
#8479=CARTESIAN_POINT('',(-0.0211297358680574,-0.163481934320719,0.00123722338792357));
#8480=CARTESIAN_POINT('',(-0.0294098230075604,-0.163669304169269,0.00154844623650178));
#8481=CARTESIAN_POINT('',(-0.0375786728088231,-0.164231325696148,0.00233194484957378));
#8482=CARTESIAN_POINT('',(-0.0440417443592459,-0.164972674214802,0.00313333195421179));
#8483=CARTESIAN_POINT('',(-0.048853690124547,-0.165696464318567,0.00378669906736962));
#8484=CARTESIAN_POINT('',(-0.0536302897138344,-0.166610871924482,0.00445249636072663));
#8485=CARTESIAN_POINT('',(-0.0583718372321302,-0.167742424511402,0.00508327466989908));
#8486=CARTESIAN_POINT('',(-0.0622942149682273,-0.168895003760949,0.00553245519262056));
#8487=CARTESIAN_POINT('',(-0.0654125126890111,-0.169975110132097,0.00580577062324266));
#8488=CARTESIAN_POINT('',(-0.0677421803831645,-0.170880475116426,0.00595282766568363));
#8489=CARTESIAN_POINT('',(-0.0700526059595931,-0.171905190345154,0.00601905748576801));
#8490=CARTESIAN_POINT('',(-0.0719170295416656,-0.172877991702783,0.00597770005589542));
#8491=CARTESIAN_POINT('',(-0.0733387082562294,-0.173770215933912,0.00585075747811831));
#8492=CARTESIAN_POINT('',(-0.0743416720310183,-0.174516594976254,0.00568948430873179));
#8493=CARTESIAN_POINT('',(-0.0752335914142668,-0.175377041170819,0.00543047524083679));
#8494=CARTESIAN_POINT('',(-0.0757518744608536,-0.176258327201997,0.00506562120842911));
#8495=CARTESIAN_POINT('',(-0.0757494603792687,-0.177020858092644,0.00465610801570579));
#8496=CARTESIAN_POINT('',(-0.0754167240526312,-0.177695296262256,0.0042342242058846));
#8497=CARTESIAN_POINT('',(-0.074636112067719,-0.178284613254012,0.00378949307753566));
#8498=CARTESIAN_POINT('',(-0.0735428496394912,-0.178761559737326,0.00337439129649286));
#8499=CARTESIAN_POINT('',(-0.0720001518795244,-0.179227474917371,0.00292205089622031));
#8500=CARTESIAN_POINT('',(-0.0700077146685839,-0.179614837389159,0.0024901655837352));
#8501=CARTESIAN_POINT('',(-0.0675475235312436,-0.179931297774689,0.00209558966090778));
#8502=CARTESIAN_POINT('',(-0.0650861063387064,-0.180147459570769,0.00180087864005671));
#8503=CARTESIAN_POINT('',(-0.0617973445789464,-0.180346930240893,0.00151079974366905));
#8504=CARTESIAN_POINT('',(-0.0576788065459464,-0.180473171403702,0.00131112889959224));
#8505=CARTESIAN_POINT('',(-0.0527266756202348,-0.180492921307407,0.00127920838501916));
#8506=CARTESIAN_POINT('',(-0.0477659975329762,-0.180400295224634,0.00142750071095491));
#8507=CARTESIAN_POINT('',(-0.0427984028180062,-0.180196208645896,0.00173516247678865));
#8508=CARTESIAN_POINT('',(-0.0362197264665142,-0.179764153324611,0.00232455289153585));
#8509=CARTESIAN_POINT('',(-0.0280680213330166,-0.178886146225438,0.00333445705016264));
#8510=CARTESIAN_POINT('',(-0.0199787923455479,-0.177403606446224,0.00449310661457329));
#8511=CARTESIAN_POINT('',(-0.0136133168905117,-0.175757731321778,0.00530577837460798));
#8512=CARTESIAN_POINT('',(-0.00890941626308259,-0.174257870118813,0.00579021633872535));
#8513=CARTESIAN_POINT('',(-0.00503847647005318,-0.172720748963433,0.00601734978358588));
#8514=CARTESIAN_POINT('',(-0.00208125169622765,-0.171242736670842,0.00599433285505567));
#8515=CARTESIAN_POINT('',(-0.000669335944376608,-0.170378433591924,0.00588092493694605));
#8516=CARTESIAN_POINT('',(2.35520167668466E-16,-0.169878082122127,0.00577228041552028));
#8517=CARTESIAN_POINT('',(0.1,-0.337,0.0533509476423263));
#8518=CARTESIAN_POINT('',(-0.048,-0.337,0.0366518952846525));
#8519=CARTESIAN_POINT('',(-0.048,-0.337,0.0250948952846526));
#8520=CARTESIAN_POINT('',(0.,-0.337,0.0366518952846525));
#8521=CARTESIAN_POINT('',(0.,-0.337,0.0250948952846526));
#8522=CARTESIAN_POINT('',(0.1,-0.337,0.0169018952846526));
#8523=CARTESIAN_POINT('',(-0.096,-0.337,0.0169018952846525));
#8524=CARTESIAN_POINT('',(0.012,-0.337,0.0169018952846526));
#8525=CARTESIAN_POINT('',(0.012,-0.337,-0.176));
#8526=CARTESIAN_POINT('',(0.012,-0.337,0.0564018952846522));
#8527=CARTESIAN_POINT('',(0.1,-0.337,0.0564018952846526));
#8528=CARTESIAN_POINT('',(-0.096,-0.337,0.0564018952846526));
#8529=CARTESIAN_POINT('',(-0.096,-0.337,0.0129018952846526));
#8530=CARTESIAN_POINT('',(-0.147,-0.0856,0.161897772302374));
#8531=CARTESIAN_POINT('',(-0.1,-0.0856,0.1305940596902));
#8532=CARTESIAN_POINT('',(-0.0972247671515385,-0.0856,0.149059289130396));
#8533=CARTESIAN_POINT('',(-0.096,-0.0856,0.150288465122669));
#8534=CARTESIAN_POINT('',(0.1,-0.0856,0.150288465122669));
#8535=CARTESIAN_POINT('',(0.012,-0.0856,0.150288465122669));
#8536=CARTESIAN_POINT('',(0.012,-0.0856,-0.176));
#8537=CARTESIAN_POINT('',(0.012,-0.0856,0.142259667219461));
#8538=CARTESIAN_POINT('',(-0.092,-0.0856,0.142259667219461));
#8539=CARTESIAN_POINT('',(-0.084,-0.0856,0.142259667219461));
#8540=CARTESIAN_POINT('',(-0.084,-0.0856,0.134230869316252));
#8541=CARTESIAN_POINT('',(-0.092,-0.158630641985302,0.129511186689789));
#8542=CARTESIAN_POINT('',(0.012,-0.158630641985302,0.129511186689789));
#8543=CARTESIAN_POINT('',(0.012,-0.120431707190067,0.138739020380124));
#8544=CARTESIAN_POINT('',(0.012,-0.126145377377135,0.137358751570789));
#8545=CARTESIAN_POINT('',(0.01,-0.126145377377135,0.137358751570789));
#8546=CARTESIAN_POINT('',(0.0093159597133486,-0.128024762618707,0.136904742721007));
#8547=CARTESIAN_POINT('',(-0.06920170411114,-0.0994466701224727,0.143808440066388));
#8548=CARTESIAN_POINT('',(-0.00931595971334866,-0.121243298540143,0.138542961771601));
#8549=CARTESIAN_POINT('',(-0.01,-0.123122683781714,0.138088952921819));
#8550=CARTESIAN_POINT('',(-0.012,-0.123122683781714,0.138088952921819));
#8551=CARTESIAN_POINT('',(-0.012,-0.158630641985302,0.129511186689789));
#8552=CARTESIAN_POINT('',(-0.012,-0.160811765145365,0.128984286086746));
#8553=CARTESIAN_POINT('',(-0.01,-0.160811765145365,0.128984286086746));
#8554=CARTESIAN_POINT('',(-0.00931595971334863,-0.162691150386937,0.128530277236964));
#8555=CARTESIAN_POINT('',(-0.0804609506769587,-0.188585809414829,0.122274825134485));
#8556=CARTESIAN_POINT('',(-0.00644446566303587,-0.161646012024751,0.128782754512609));
#8557=CARTESIAN_POINT('',(-5.20417042793042E-18,-0.153999518559249,0.130629941361984));
#8558=CARTESIAN_POINT('',(0.00983736499269689,-0.155795695054047,0.130196033504047));
#8559=CARTESIAN_POINT('',(0.01,-0.157789071549944,0.129714487437776));
#8560=CARTESIAN_POINT('',(0.012,-0.157789071549944,0.129714487437776));
#8561=CARTESIAN_POINT('',(0.012,-0.158630641985302,0.129511186689789));
#8562=CARTESIAN_POINT('',(0.012,-0.174812745314353,0.125602026419202));
#8563=CARTESIAN_POINT('',(0.,-0.198999518559249,0.119759153516956));
#8564=CARTESIAN_POINT('',(-0.0269126615680614,-0.196829576780538,0.120283352999454));
#8565=CARTESIAN_POINT('',(-0.092,-0.196829576780538,0.120283352999454));
#8566=CARTESIAN_POINT('',(-0.084,-0.196829576780538,0.120283352999454));
#8567=CARTESIAN_POINT('',(-0.084,-0.120431707190067,0.138739020380124));
#8568=CARTESIAN_POINT('',(-0.084,-0.120431707190067,0.138739020380124));
#8569=CARTESIAN_POINT('',(-0.092,-0.120431707190067,0.138739020380124));
#8570=CARTESIAN_POINT('',(0.1,-0.0780202239742694,0.150932185558034));
#8571=CARTESIAN_POINT('',(0.1,-0.1141402015221,0.147864658550177));
#8572=CARTESIAN_POINT('',(-0.096,-0.1141402015221,0.147864658550177));
#8573=CARTESIAN_POINT('',(0.012,-0.1141402015221,0.147864658550177));
#8574=CARTESIAN_POINT('',(0.012,-0.0780202239742694,0.150932185558034));
#8575=CARTESIAN_POINT('',(-0.096,-0.118125854217033,0.147526172811379));
#8576=CARTESIAN_POINT('',(0.1,-0.160506764857906,0.137288086405689));
#8577=CARTESIAN_POINT('',(0.0998228724454942,-0.160966584848537,0.137177006282022));
#8578=CARTESIAN_POINT('',(0.0093159597133486,-0.128024762618707,0.145134863186224));
#8579=CARTESIAN_POINT('',(-0.00719844420284467,-0.122014011156563,0.146586898829205));
#8580=CARTESIAN_POINT('',(0.01,-0.126145377377135,0.145588872036006));
#8581=CARTESIAN_POINT('',(0.012,-0.126145377377135,0.145588872036006));
#8582=CARTESIAN_POINT('',(0.012,-0.160506764857906,0.137288086405689));
#8583=CARTESIAN_POINT('',(0.012,-0.122014011156563,0.146586898829205));
#8584=CARTESIAN_POINT('',(0.1,-0.122014011156563,0.146586898829205));
#8585=CARTESIAN_POINT('',(0.1,-0.160506764857906,0.137288086405689));
#8586=CARTESIAN_POINT('',(0.1,-0.198999518559249,0.127989273982173));
#8587=CARTESIAN_POINT('',(-0.096,-0.198999518559249,0.127989273982173));
#8588=CARTESIAN_POINT('',(-0.037,-0.198999518559249,0.127989273982173));
#8589=CARTESIAN_POINT('',(-0.037,-0.160506764857906,0.137288086405689));
#8590=CARTESIAN_POINT('',(-0.037,-0.198529881568163,0.128102725628713));
#8591=CARTESIAN_POINT('',(1.07156594925393E-18,-0.198529881568163,0.128102725628713));
#8592=CARTESIAN_POINT('',(-0.00597796807224061,-0.162015995199724,0.136923497008907));
#8593=CARTESIAN_POINT('',(-5.20417042793042E-18,-0.153999518559249,0.138860061827201));
#8594=CARTESIAN_POINT('',(-0.00644446566303587,-0.161646012024751,0.137012874977827));
#8595=CARTESIAN_POINT('',(0.0872959549482578,-0.127527289174646,0.145255039369978));
#8596=CARTESIAN_POINT('',(-0.00931595971334867,-0.162691150386937,0.136760397702182));
#8597=CARTESIAN_POINT('',(-0.01,-0.160811765145365,0.137214406551964));
#8598=CARTESIAN_POINT('',(-0.012,-0.160811765145365,0.137214406551964));
#8599=CARTESIAN_POINT('',(-0.012,-0.160506764857906,0.137288086405689));
#8600=CARTESIAN_POINT('',(-0.012,-0.123122683781714,0.146319073387036));
#8601=CARTESIAN_POINT('',(-0.01,-0.123122683781714,0.146319073387036));
#8602=CARTESIAN_POINT('',(-0.0116645855370752,-0.122014011156563,0.146586898829205));
#8603=CARTESIAN_POINT('',(0.1,-0.122014011156563,0.146586898829205));
#8604=CARTESIAN_POINT('',(-0.096,-0.122014011156563,0.146586898829205));
#8605=CARTESIAN_POINT('',(-0.096,-0.202887675498779,0.12705));
#8606=CARTESIAN_POINT('',(0.1,-0.122014011156563,0.146586898829205));
#8607=CARTESIAN_POINT('',(0.012,-0.122014011156563,0.146586898829205));
#8608=CARTESIAN_POINT('',(-0.096,-0.118077106339332,0.147225778689691));
#8609=CARTESIAN_POINT('',(-0.01,-0.123122683781714,0.146406983732203));
#8610=CARTESIAN_POINT('',(-0.00931595971334864,-0.121243298540143,0.146711969866406));
#8611=CARTESIAN_POINT('',(0.0871694566491231,-0.156361118136864,0.14101305949745));
#8612=CARTESIAN_POINT('',(-0.092,-0.099379778855817,0.1410894050357));
#8613=CARTESIAN_POINT('',(0.012,-0.099379778855817,0.1410894050357));
#8614=CARTESIAN_POINT('',(0.012,-0.113159557711634,0.139919142851939));
#8615=CARTESIAN_POINT('',(-0.092,-0.113159557711634,0.139919142851939));
#8616=CARTESIAN_POINT('',(-0.084,-0.113159557711634,0.139919142851939));
#8617=CARTESIAN_POINT('',(-0.084,-0.0856,0.142259667219461));
#8618=CARTESIAN_POINT('',(-0.092,-0.11679563245085,0.139329081616031));
#8619=CARTESIAN_POINT('',(0.012,-0.11679563245085,0.139329081616031));
#8620=CARTESIAN_POINT('',(-0.084,-0.113159557711634,0.139919142851939));
#8621=CARTESIAN_POINT('',(0.,-0.22599951855925,0.099));
#8622=CARTESIAN_POINT('',(-0.012,-0.22599951855925,0.099));
#8623=CARTESIAN_POINT('',(-0.012,-0.22599951855925,0.10899641150758));
#8624=CARTESIAN_POINT('',(-0.012,-0.22599951855925,0.156));
#8625=CARTESIAN_POINT('',(-0.092,-0.22599951855925,0.10899641150758));
#8626=CARTESIAN_POINT('',(-0.027,-0.22599951855925,0.10899641150758));
#8627=CARTESIAN_POINT('',(-0.027,-0.22599951855925,0.099));
#8628=CARTESIAN_POINT('',(-0.027,-0.22599951855925,0.156));
#8629=CARTESIAN_POINT('',(0.,-0.22599951855925,0.156));
#8630=CARTESIAN_POINT('',(3.46944695195361E-18,-0.184999518559249,0.156));
#8631=CARTESIAN_POINT('',(-0.0181865334794732,-0.20949951855925,0.156));
#8632=CARTESIAN_POINT('',(-0.0181865334794732,-0.211599518559249,0.156));
#8633=CARTESIAN_POINT('',(0.,-0.17799951855925,0.156));
#8634=CARTESIAN_POINT('',(0.,-0.180099518559249,0.156));
#8635=CARTESIAN_POINT('',(0.012,-0.184999518559249,0.156));
#8636=CARTESIAN_POINT('',(0.012,-0.174812745314353,0.156));
#8637=CARTESIAN_POINT('',(0.012,-0.195478152913596,0.156));
#8638=CARTESIAN_POINT('',(0.01,-0.195478152913596,0.156));
#8639=CARTESIAN_POINT('',(0.00931595971334858,-0.197357538155167,0.156));
#8640=CARTESIAN_POINT('',(-0.00288203066695086,-0.192917832738873,0.156));
#8641=CARTESIAN_POINT('',(-0.00931595971334864,-0.190576074076603,0.156));
#8642=CARTESIAN_POINT('',(-0.01,-0.192455459318175,0.156));
#8643=CARTESIAN_POINT('',(-0.012,-0.192455459318175,0.156));
#8644=CARTESIAN_POINT('',(-0.012,-0.184999518559249,0.156));
#8645=CARTESIAN_POINT('',(-0.027,-0.21249951855925,0.156));
#8646=CARTESIAN_POINT('',(-0.027,-0.198999518559249,0.156));
#8647=CARTESIAN_POINT('',(0.,-0.198999518559249,0.156));
#8648=CARTESIAN_POINT('',(-0.092,-0.200340551137768,0.11915117362367));
#8649=CARTESIAN_POINT('',(0.,-0.198999518559249,0.119583614670847));
#8650=CARTESIAN_POINT('',(-0.027,-0.198999518559249,0.119583614670847));
#8651=CARTESIAN_POINT('',(-0.027,-0.200340551137768,0.11915117362367));
#8652=CARTESIAN_POINT('',(-0.027,-0.203851525494997,0.118018994247885));
#8653=CARTESIAN_POINT('',(-0.092,-0.203851525494997,0.118018994247885));
#8654=CARTESIAN_POINT('',(-0.084,-0.203851525494997,0.118018994247885));
#8655=CARTESIAN_POINT('',(-0.084,-0.196829576780538,0.120283352999454));
#8656=CARTESIAN_POINT('',(-0.092,-0.225367373517225,0.109253932851793));
#8657=CARTESIAN_POINT('',(-0.092,-0.22599951855925,0.10899641150758));
#8658=CARTESIAN_POINT('',(0.00723596348524367,-0.22599951855925,0.10899641150758));
#8659=CARTESIAN_POINT('',(0.0116554089153838,-0.22599951855925,0.10899641150758));
#8660=CARTESIAN_POINT('',(0.01,-0.227121847086405,0.108539200690839));
#8661=CARTESIAN_POINT('',(0.012,-0.227121847086405,0.108539200690839));
#8662=CARTESIAN_POINT('',(0.012,-0.225367373517225,0.109253932851793));
#8663=CARTESIAN_POINT('',(0.012,-0.246883221539452,0.100488871455702));
#8664=CARTESIAN_POINT('',(-0.092,-0.246883221539452,0.100488871455702));
#8665=CARTESIAN_POINT('',(-0.084,-0.246883221539452,0.100488871455702));
#8666=CARTESIAN_POINT('',(-0.084,-0.203851525494997,0.118018994247885));
#8667=CARTESIAN_POINT('',(-0.027,-0.225367373517225,0.109253932851793));
#8668=CARTESIAN_POINT('',(-0.012,-0.225367373517225,0.109253932851793));
#8669=CARTESIAN_POINT('',(-0.012,-0.230144540681826,0.107307824873439));
#8670=CARTESIAN_POINT('',(-0.01,-0.230144540681826,0.107307824873439));
#8671=CARTESIAN_POINT('',(-0.00931595971334864,-0.232023925923397,0.106542206571419));
#8672=CARTESIAN_POINT('',(-0.0784904912234102,-0.25720139636237,0.0962854844581243));
#8673=CARTESIAN_POINT('',(0.1,-0.228355486064275,0.116675));
#8674=CARTESIAN_POINT('',(0.012,-0.228355486064275,0.116675));
#8675=CARTESIAN_POINT('',(0.012,-0.235244973104704,0.113868381509548));
#8676=CARTESIAN_POINT('',(0.012,-0.250118887820244,0.107809090909091));
#8677=CARTESIAN_POINT('',(0.1,-0.235244973104704,0.113868381509548));
#8678=CARTESIAN_POINT('',(-0.037,-0.235244973104704,0.113868381509548));
#8679=CARTESIAN_POINT('',(-0.037,-0.228355486064275,0.116675));
#8680=CARTESIAN_POINT('',(-0.037,-0.206592084308306,0.125540909090909));
#8681=CARTESIAN_POINT('',(0.1,-0.206592084308306,0.125540909090909));
#8682=CARTESIAN_POINT('',(-0.096,-0.206592084308306,0.125540909090909));
#8683=CARTESIAN_POINT('',(-0.096,-0.253823296629771,0.1063));
#8684=CARTESIAN_POINT('',(-0.096,-0.250118887820244,0.107809090909091));
#8685=CARTESIAN_POINT('',(0.1,-0.250118887820244,0.107809090909091));
#8686=CARTESIAN_POINT('',(0.1,-0.206592084308306,0.125540909090909));
#8687=CARTESIAN_POINT('',(-0.037,-0.206592084308306,0.125540909090909));
#8688=CARTESIAN_POINT('',(-0.096,-0.202795801433778,0.126765091536541));
#8689=CARTESIAN_POINT('',(-0.1,-0.00649999999999978,-0.0100000000000003));
#8690=CARTESIAN_POINT('',(-0.1,-0.202775297666084,0.0263));
#8691=CARTESIAN_POINT('',(-0.1,-0.225032899485291,0.0263));
#8692=CARTESIAN_POINT('',(-0.1,-0.204726228020353,0.0263));
#8693=CARTESIAN_POINT('',(-0.1,-0.229592881389973,0.0263));
#8694=CARTESIAN_POINT('',(0.1,-0.160506764857906,0.137288086405689));
#8695=CARTESIAN_POINT('',(-5.20417042793042E-18,-0.153999518559249,0.138860061827201));
#8696=CARTESIAN_POINT('',(0.00597796807224063,-0.162015995199724,0.136923497008907));
#8697=CARTESIAN_POINT('',(0.0098373649926969,-0.155795695054047,0.138426153969264));
#8698=CARTESIAN_POINT('',(1.07156594925393E-18,-0.198529881568163,0.128102725628713));
#8699=CARTESIAN_POINT('',(0.012,-0.163529881568163,0.136557782841512));
#8700=CARTESIAN_POINT('',(0.012,-0.160506764857906,0.137288086405689));
#8701=CARTESIAN_POINT('',(0.012,-0.157789071549944,0.137944607902994));
#8702=CARTESIAN_POINT('',(0.01,-0.157789071549944,0.137944607902994));
#8703=CARTESIAN_POINT('',(0.1,-0.295411648314886,0.0833509476423263));
#8704=CARTESIAN_POINT('',(0.0982652876403287,-0.299065221415032,0.0813348533041162));
#8705=CARTESIAN_POINT('',(-0.00931595971334863,-0.259908849613063,0.102941904081787));
#8706=CARTESIAN_POINT('',(0.00931595971334856,-0.266690313691627,0.0991997943829231));
#8707=CARTESIAN_POINT('',(0.01,-0.264810928450055,0.100236866268715));
#8708=CARTESIAN_POINT('',(0.012,-0.264810928450055,0.100236866268715));
#8709=CARTESIAN_POINT('',(0.012,-0.295411648314886,0.0833509476423263));
#8710=CARTESIAN_POINT('',(0.012,-0.257325473613782,0.104367448222511));
#8711=CARTESIAN_POINT('',(0.1,-0.257325473613782,0.104367448222511));
#8712=CARTESIAN_POINT('',(-0.096,-0.257325473613782,0.104367448222511));
#8713=CARTESIAN_POINT('',(-0.096,-0.337,0.0604018952846526));
#8714=CARTESIAN_POINT('',(-0.096,-0.333497823015991,0.0623344470621409));
#8715=CARTESIAN_POINT('',(0.1,-0.333497823015991,0.0623344470621409));
#8716=CARTESIAN_POINT('',(0.012,-0.333497823015991,0.0623344470621409));
#8717=CARTESIAN_POINT('',(0.012,-0.295411648314886,0.0833509476423263));
#8718=CARTESIAN_POINT('',(0.012,-0.296454622622865,0.0827754193746335));
#8719=CARTESIAN_POINT('',(0.01,-0.296454622622865,0.0827754193746335));
#8720=CARTESIAN_POINT('',(0.00931595971334859,-0.294575237381293,0.0838124912604257));
#8721=CARTESIAN_POINT('',(0.0862991957134961,-0.266555630939749,0.0992741142681626));
#8722=CARTESIAN_POINT('',(-0.00931595971334867,-0.301356701459857,0.0800703815615612));
#8723=CARTESIAN_POINT('',(-0.01,-0.299477316218286,0.0811074534473535));
#8724=CARTESIAN_POINT('',(-0.012,-0.299477316218286,0.0811074534473534));
#8725=CARTESIAN_POINT('',(-0.012,-0.295411648314886,0.0833509476423263));
#8726=CARTESIAN_POINT('',(-0.012,-0.261788234854635,0.101904832195995));
#8727=CARTESIAN_POINT('',(-0.01,-0.261788234854635,0.101904832195995));
#8728=CARTESIAN_POINT('',(-0.1,-0.111494120031656,0.180270705765572));
#8729=CARTESIAN_POINT('',(-0.096,-0.333497823015991,0.0623344470621409));
#8730=CARTESIAN_POINT('',(-0.1,-0.25209653368897,0.102684265767473));
#8731=CARTESIAN_POINT('',(-0.096,-0.333497823015991,0.0623344470621409));
#8732=CARTESIAN_POINT('',(-0.096,-0.333497823015991,0.0623344470621409));
#8733=CARTESIAN_POINT('',(-0.0987366344671132,-0.334263365532887,0.0575230060102386));
#8734=CARTESIAN_POINT('',(-0.1,-0.25209653368897,0.102684265767473));
#8735=CARTESIAN_POINT('',(-0.1,-0.25209653368897,0.102684265767473));
#8736=CARTESIAN_POINT('',(-0.096,-0.253722180717013,0.106088269565801));
#8737=CARTESIAN_POINT('',(-0.1,-0.333,-0.0100000000000003));
#8738=CARTESIAN_POINT('',(-0.0966664787351855,-0.336333521264815,0.017066065509946));
#8739=CARTESIAN_POINT('',(0.1,-0.337,0.0564018952846526));
#8740=CARTESIAN_POINT('',(0.012,-0.337,0.0564018952846526));
#8741=CARTESIAN_POINT('',(0.1,-0.257325473613781,0.104367448222512));
#8742=CARTESIAN_POINT('',(0.012,-0.257325473613781,0.104367448222512));
#8743=CARTESIAN_POINT('',(-0.1,-0.0808280169285935,0.172455118539413));
#8744=CARTESIAN_POINT('',(-0.1,-0.201656597966675,0.123232334937886));
#8745=CARTESIAN_POINT('',(-0.1,-0.201656597966675,0.123232334937886));
#8746=CARTESIAN_POINT('',(-0.1,-0.201656597966675,0.123232334937886));
#8747=CARTESIAN_POINT('',(-0.1,-0.0476715335764872,0.160430978633191));
#8748=CARTESIAN_POINT('',(-0.1,-0.117483254790903,0.143566347290565));
#8749=CARTESIAN_POINT('',(-0.1,-0.117483254790903,0.143566347290565));
#8750=CARTESIAN_POINT('',(-0.1,-0.117483254790903,0.143566347290565));
#8751=CARTESIAN_POINT('',(-0.1,-0.0202431212768504,0.15182456770078));
#8752=CARTESIAN_POINT('',(-0.114242085662426,-0.176415548270566,0.0213));
#8753=CARTESIAN_POINT('',(-0.114242085662426,-0.176415548270566,0.0213));
#8754=CARTESIAN_POINT('',(-0.114242085662426,-0.176415548270566,0.0253));
#8755=CARTESIAN_POINT('',(-0.112512560247083,-0.179961600873754,0.0219589785831961));
#8756=CARTESIAN_POINT('',(-0.112205742496579,-0.178309498453571,0.0255739044461947));
#8757=CARTESIAN_POINT('',(-0.112153169110391,-0.178417289869237,0.0252600773420017));
#8758=CARTESIAN_POINT('',(-0.112137284837772,-0.178716096786627,0.0246592353765528));
#8759=CARTESIAN_POINT('',(-0.112224076732253,-0.179372454661137,0.0234976647707554));
#8760=CARTESIAN_POINT('',(-0.112374282422955,-0.179777722615419,0.0225855345532334));
#8761=CARTESIAN_POINT('',(-0.112512560247083,-0.179961600873754,0.0219589785831961));
#8762=CARTESIAN_POINT('',(-0.112205742496579,-0.178309498453571,0.0255739044461947));
#8763=CARTESIAN_POINT('',(-0.113343291616127,-0.175977177123777,0.0213));
#8764=CARTESIAN_POINT('',(-0.113343291616127,-0.175977177123777,0.0263));
#8765=CARTESIAN_POINT('',(-0.114242085662426,-0.176415548270566,0.0263));
#8766=CARTESIAN_POINT('',(-0.113104601820526,-0.178747735761349,0.0263));
#8767=CARTESIAN_POINT('',(-0.114242085662426,-0.176415548270566,0.0263));
#8768=CARTESIAN_POINT('',(-0.114242085662426,-0.176415548270566,0.0273));
#8769=CARTESIAN_POINT('',(-0.126698267988652,-0.150876589795693,0.0273));
#8770=CARTESIAN_POINT('',(-0.126698267988652,-0.150876589795693,0.0273));
#8771=CARTESIAN_POINT('',(-0.126698267988652,-0.150876589795693,0.0263));
#8772=CARTESIAN_POINT('',(-0.126698267988652,-0.150876589795693,0.0253));
#8773=CARTESIAN_POINT('',(-0.113104601820526,-0.178747735761349,0.0253));
#8774=CARTESIAN_POINT('',(-0.114242085662426,-0.176415548270566,0.0313));
#8775=CARTESIAN_POINT('',(-0.113343291616127,-0.175977177123777,0.0313));
#8776=CARTESIAN_POINT('',(-0.112205742496579,-0.178309498453571,0.0270260955538052));
#8777=CARTESIAN_POINT('',(-0.112205742496579,-0.178309498453571,0.0270260955538052));
#8778=CARTESIAN_POINT('',(-0.112153169110391,-0.178417289869237,0.0273399226579983));
#8779=CARTESIAN_POINT('',(-0.112137284837774,-0.178716096786628,0.0279407646234464));
#8780=CARTESIAN_POINT('',(-0.112224076732241,-0.179372454661133,0.0291023352292485));
#8781=CARTESIAN_POINT('',(-0.112374282423005,-0.17977772261544,0.0300144654467493));
#8782=CARTESIAN_POINT('',(-0.112512560247083,-0.179961600873754,0.0306410214168039));
#8783=CARTESIAN_POINT('',(-0.112512560247083,-0.179961600873754,0.0306410214168039));
#8784=CARTESIAN_POINT('',(-0.114242085662426,-0.176415548270566,0.0313));
#8785=CARTESIAN_POINT('',(-0.225453857607921,-0.233544129109983,0.0213));
#8786=CARTESIAN_POINT('',(-0.226591341449822,-0.231211941619201,0.0213));
#8787=CARTESIAN_POINT('',(-0.226591341449822,-0.231211941619201,0.0253));
#8788=CARTESIAN_POINT('',(-0.230186517635019,-0.232965426206357,0.0213));
#8789=CARTESIAN_POINT('',(-0.239047523776048,-0.205672983144327,0.0253));
#8790=CARTESIAN_POINT('',(-0.239047523776048,-0.205672983144327,0.0253));
#8791=CARTESIAN_POINT('',(-0.237294039188892,-0.209268159329524,0.0213));
#8792=CARTESIAN_POINT('',(-0.240889215374089,-0.21102164391668,0.0213));
#8793=CARTESIAN_POINT('',(-0.228606502028664,-0.236204938273821,0.0213));
#8794=CARTESIAN_POINT('',(-0.237294039188892,-0.209268159329524,0.05865));
#8795=CARTESIAN_POINT('',(-0.237294039188892,-0.209268159329524,0.0203));
#8796=CARTESIAN_POINT('',(-0.240889215374089,-0.21102164391668,0.0203));
#8797=CARTESIAN_POINT('',(-0.239047523776048,-0.205672983144327,0.0203));
#8798=CARTESIAN_POINT('',(-0.240889215374089,-0.21102164391668,0.05865));
#8799=CARTESIAN_POINT('',(-0.239047523776048,-0.205672983144327,0.0208));
#8800=CARTESIAN_POINT('',(-0.226591341449822,-0.231211941619201,0.0213));
#8801=CARTESIAN_POINT('',(-0.226591341449822,-0.231211941619201,0.0213));
#8802=CARTESIAN_POINT('',(-0.224861816034478,-0.234757994222388,0.0219589785831961));
#8803=CARTESIAN_POINT('',(-0.226591341449822,-0.231211941619201,0.0213));
#8804=CARTESIAN_POINT('',(-0.237294039188892,-0.209268159329524,0.0203));
#8805=CARTESIAN_POINT('',(-0.237294039188892,-0.209268159329524,0.0203));
#8806=CARTESIAN_POINT('',(-0.237294039188892,-0.209268159329524,0.0163));
#8807=CARTESIAN_POINT('',(-0.237294039188892,-0.209268159329524,0.0203));
#8808=CARTESIAN_POINT('',(-0.101569896782932,-0.170234908785575,0.0213));
#8809=CARTESIAN_POINT('',(-0.0989396699021974,-0.168952061420519,0.0253));
#8810=CARTESIAN_POINT('',(-0.0998403713675886,-0.173780961388762,0.0219589785831961));
#8811=CARTESIAN_POINT('',(-0.213468567360905,-0.258117615745884,0.0263));
#8812=CARTESIAN_POINT('',(-0.229999880366348,-0.233348089315293,0.0192071338148596));
#8813=CARTESIAN_POINT('',(-0.22957675741485,-0.234215619928212,0.0179069611336494));
#8814=CARTESIAN_POINT('',(-0.229097882969223,-0.234907711205395,0.0164972642182047));
#8815=CARTESIAN_POINT('',(-0.228823229274134,-0.235470834731541,0.0149960110041265));
#8816=CARTESIAN_POINT('',(-0.228823229274133,-0.23547083473154,0.0149960110041265));
#8817=CARTESIAN_POINT('',(-0.229999880366348,-0.233348089315293,0.0192071338148596));
#8818=CARTESIAN_POINT('',(-0.216949581733893,-0.259815419896856,0.0263));
#8819=CARTESIAN_POINT('',(-0.228823229274134,-0.23547083473154,0.037603988995873));
#8820=CARTESIAN_POINT('',(-0.229999880366348,-0.233348089315293,0.0333928661851404));
#8821=CARTESIAN_POINT('',(-0.229576757414849,-0.234215619928212,0.0346930388663503));
#8822=CARTESIAN_POINT('',(-0.229097882969223,-0.234907711205395,0.036102735781795));
#8823=CARTESIAN_POINT('',(-0.228823229274134,-0.23547083473154,0.0376039889958729));
#8824=CARTESIAN_POINT('',(-0.229999880366348,-0.233348089315293,0.0333928661851404));
#8825=CARTESIAN_POINT('',(-0.217063743546102,-0.259871100333041,0.0263));
#8826=CARTESIAN_POINT('',(-0.230186517635019,-0.232965426206357,0.0313));
#8827=CARTESIAN_POINT('',(-0.226591341449822,-0.231211941619201,0.0313));
#8828=CARTESIAN_POINT('',(-0.224861816034478,-0.234757994222388,0.0306410214168039));
#8829=CARTESIAN_POINT('',(-0.213468567360905,-0.258117615745884,0.0263));
#8830=CARTESIAN_POINT('',(-0.217063743546102,-0.259871100333041,0.0263));
#8831=CARTESIAN_POINT('',(-0.22494293212811,-0.234591681584004,0.0203));
#8832=CARTESIAN_POINT('',(-0.228174089953333,-0.227966826282197,0.0203));
#8833=CARTESIAN_POINT('',(-0.23176926613853,-0.229720310869354,0.0203));
#8834=CARTESIAN_POINT('',(-0.228174089953333,-0.227966826282197,0.0163));
#8835=CARTESIAN_POINT('',(-0.228538108313306,-0.23634516617116,0.0203));
#8836=CARTESIAN_POINT('',(-0.232471956574212,-0.219154893838815,0.0163));
#8837=CARTESIAN_POINT('',(-0.0982447178247511,-0.141449273882265,0.0203));
#8838=CARTESIAN_POINT('',(-0.0999982024119074,-0.137854097697069,0.0203));
#8839=CARTESIAN_POINT('',(-0.102246515412844,-0.138950673216922,0.0203));
#8840=CARTESIAN_POINT('',(-0.104,-0.144256312555527,0.0203));
#8841=CARTESIAN_POINT('',(-0.104,-0.144256312555527,0.0163));
#8842=CARTESIAN_POINT('',(-0.0982447178247511,-0.141449273882265,0.0163));
#8843=CARTESIAN_POINT('',(-0.226591341449822,-0.231211941619201,0.0313));
#8844=CARTESIAN_POINT('',(-0.226591341449822,-0.231211941619201,0.0313));
#8845=CARTESIAN_POINT('',(-0.226591341449822,-0.231211941619201,0.0273));
#8846=CARTESIAN_POINT('',(-0.226591341449822,-0.231211941619201,0.0313));
#8847=CARTESIAN_POINT('',(-0.228174089953333,-0.227966826282197,0.0403));
#8848=CARTESIAN_POINT('',(-0.228174089953333,-0.227966826282197,0.0403));
#8849=CARTESIAN_POINT('',(-0.228174089953333,-0.227966826282197,0.0363));
#8850=CARTESIAN_POINT('',(-0.226555875637798,-0.231284657309838,0.0387594222833562));
#8851=CARTESIAN_POINT('',(-0.228174089953333,-0.227966826282197,0.0323));
#8852=CARTESIAN_POINT('',(-0.23176926613853,-0.229720310869354,0.0323));
#8853=CARTESIAN_POINT('',(-0.23176926613853,-0.229720310869354,0.0403));
#8854=CARTESIAN_POINT('',(-0.224937661322263,-0.234602488337479,0.0372188445667125));
#8855=CARTESIAN_POINT('',(-0.213468567360905,-0.258117615745884,0.0263));
#8856=CARTESIAN_POINT('',(-0.224937661322263,-0.234602488337479,0.0153811554332875));
#8857=CARTESIAN_POINT('',(-0.226555875637798,-0.231284657309838,0.0138405777166437));
#8858=CARTESIAN_POINT('',(-0.213468567360905,-0.258117615745884,0.0263));
#8859=CARTESIAN_POINT('',(-0.228174089953333,-0.227966826282197,0.0123));
#8860=CARTESIAN_POINT('',(-0.23176926613853,-0.229720310869354,0.0123));
#8861=CARTESIAN_POINT('',(-0.228174089953333,-0.227966826282197,0.0123));
#8862=CARTESIAN_POINT('',(-0.101569896782932,-0.170234908785575,0.0313));
#8863=CARTESIAN_POINT('',(-0.0998403713675886,-0.173780961388762,0.0306410214168039));
#8864=CARTESIAN_POINT('',(-0.113343291616127,-0.175977177123777,0.0273));
#8865=CARTESIAN_POINT('',(-0.22494293212811,-0.234591681584004,0.0313));
#8866=CARTESIAN_POINT('',(-0.237294039188892,-0.209268159329524,0.0313));
#8867=CARTESIAN_POINT('',(-0.239047523776048,-0.205672983144327,0.0273));
#8868=CARTESIAN_POINT('',(-0.240889215374089,-0.21102164391668,0.0313));
#8869=CARTESIAN_POINT('',(-0.225453857607921,-0.233544129109983,0.0273));
#8870=CARTESIAN_POINT('',(-0.228538108313306,-0.23634516617116,0.0313));
#8871=CARTESIAN_POINT('',(-0.232471956574212,-0.219154893838815,0.0323));
#8872=CARTESIAN_POINT('',(-0.237294039188892,-0.209268159329524,0.0323));
#8873=CARTESIAN_POINT('',(-0.240889215374089,-0.21102164391668,0.0323));
#8874=CARTESIAN_POINT('',(-0.237294039188892,-0.209268159329524,0.0363));
#8875=CARTESIAN_POINT('',(-0.230550497440592,-0.232219157012734,0.0323));
#8876=CARTESIAN_POINT('',(-0.239047523776048,-0.205672983144327,0.0363));
#8877=CARTESIAN_POINT('',(-0.114703725004336,-0.172623631460109,0.0403));
#8878=CARTESIAN_POINT('',(-0.1130855106888,-0.17594146248775,0.0387594222833562));
#8879=CARTESIAN_POINT('',(-0.102381785684465,-0.170720906984088,0.0387594222833562));
#8880=CARTESIAN_POINT('',(-0.104,-0.167403075956447,0.0403));
#8881=CARTESIAN_POINT('',(-0.104,-0.167403075956448,0.0363));
#8882=CARTESIAN_POINT('',(-0.0891247685891931,-0.160147940834938,0.0363));
#8883=CARTESIAN_POINT('',(-0.114703725004336,-0.172623631460109,0.0123));
#8884=CARTESIAN_POINT('',(-0.101218768697939,-0.166046578814093,0.0163));
#8885=CARTESIAN_POINT('',(-0.104,-0.167403075956447,0.0163));
#8886=CARTESIAN_POINT('',(-0.104,-0.167403075956447,0.0123));
#8887=CARTESIAN_POINT('',(-0.102381785684465,-0.170720906984088,0.0138405777166437));
#8888=CARTESIAN_POINT('',(-0.1130855106888,-0.17594146248775,0.0138405777166437));
#8889=CARTESIAN_POINT('',(-0.237294039188892,-0.209268159329524,0.05865));
#8890=CARTESIAN_POINT('',(-0.237294039188892,-0.209268159329524,0.0323));
#8891=CARTESIAN_POINT('',(-0.239047523776048,-0.205672983144327,0.0323));
#8892=CARTESIAN_POINT('',(-0.239047523776048,-0.205672983144327,0.0208));
#8893=CARTESIAN_POINT('',(-0.240889215374089,-0.21102164391668,0.05865));
#8894=CARTESIAN_POINT('',(-0.237294039188892,-0.209268159329524,0.0323));
#8895=CARTESIAN_POINT('',(-0.237294039188892,-0.209268159329524,0.0323));
#8896=CARTESIAN_POINT('',(-0.0982447178247511,-0.141449273882265,0.0323));
#8897=CARTESIAN_POINT('',(-0.0982465154128437,-0.141450150624559,0.0363));
#8898=CARTESIAN_POINT('',(-0.104,-0.144256312555527,0.0363));
#8899=CARTESIAN_POINT('',(-0.104,-0.144256312555527,0.0323));
#8900=CARTESIAN_POINT('',(-0.102246515412844,-0.138950673216922,0.0323));
#8901=CARTESIAN_POINT('',(-0.242642699961245,-0.207426467731484,0.0323));
#8902=CARTESIAN_POINT('',(-0.105919342435468,-0.191198528648571,0.0263));
#8903=CARTESIAN_POINT('',(-0.10022051752721,-0.20288285125046,0.0263));
#8904=CARTESIAN_POINT('',(-0.211767082064085,-0.207712647949987,0.0113));
#8905=CARTESIAN_POINT('',(-0.211767082064085,-0.207712647949987,0.0273));
#8906=CARTESIAN_POINT('',(-0.208767082064085,-0.207712647949987,0.0273));
#8907=CARTESIAN_POINT('',(-0.211767082064085,-0.207712647949987,0.0283));
#8908=CARTESIAN_POINT('',(-0.214767082064085,-0.207712647949987,0.0283));
#8909=CARTESIAN_POINT('',(-0.18480326067511,-0.194561513546315,0.0113));
#8910=CARTESIAN_POINT('',(-0.18480326067511,-0.194561513546315,0.0273));
#8911=CARTESIAN_POINT('',(-0.18180326067511,-0.194561513546315,0.0273));
#8912=CARTESIAN_POINT('',(-0.18480326067511,-0.194561513546315,0.0283));
#8913=CARTESIAN_POINT('',(-0.18780326067511,-0.194561513546315,0.0283));
#8914=CARTESIAN_POINT('',(-0.157839439286135,-0.181410379142642,0.0113));
#8915=CARTESIAN_POINT('',(-0.157839439286135,-0.181410379142642,0.0273));
#8916=CARTESIAN_POINT('',(-0.154839439286135,-0.181410379142642,0.0273));
#8917=CARTESIAN_POINT('',(-0.157839439286135,-0.181410379142642,0.0283));
#8918=CARTESIAN_POINT('',(-0.160839439286135,-0.181410379142642,0.0283));
#8919=CARTESIAN_POINT('',(-0.13087561789716,-0.16825924473897,0.0113));
#8920=CARTESIAN_POINT('',(-0.13087561789716,-0.16825924473897,0.0273));
#8921=CARTESIAN_POINT('',(-0.12787561789716,-0.16825924473897,0.0273));
#8922=CARTESIAN_POINT('',(-0.13087561789716,-0.16825924473897,0.0283));
#8923=CARTESIAN_POINT('',(-0.13387561789716,-0.16825924473897,0.0283));
#8924=CARTESIAN_POINT('',(-0.211767082064085,-0.207712647949987,0.0113));
#8925=CARTESIAN_POINT('',(-0.211767082064085,-0.207712647949987,0.0243));
#8926=CARTESIAN_POINT('',(-0.214767082064085,-0.207712647949987,0.0243));
#8927=CARTESIAN_POINT('',(-0.211767082064085,-0.207712647949987,0.0253));
#8928=CARTESIAN_POINT('',(-0.208767082064085,-0.207712647949987,0.0253));
#8929=CARTESIAN_POINT('',(-0.18480326067511,-0.194561513546315,0.0113));
#8930=CARTESIAN_POINT('',(-0.18480326067511,-0.194561513546315,0.0243));
#8931=CARTESIAN_POINT('',(-0.18780326067511,-0.194561513546315,0.0243));
#8932=CARTESIAN_POINT('',(-0.18480326067511,-0.194561513546315,0.0253));
#8933=CARTESIAN_POINT('',(-0.18180326067511,-0.194561513546315,0.0253));
#8934=CARTESIAN_POINT('',(-0.157839439286135,-0.181410379142642,0.0113));
#8935=CARTESIAN_POINT('',(-0.157839439286135,-0.181410379142642,0.0243));
#8936=CARTESIAN_POINT('',(-0.160839439286135,-0.181410379142642,0.0243));
#8937=CARTESIAN_POINT('',(-0.157839439286135,-0.181410379142642,0.0253));
#8938=CARTESIAN_POINT('',(-0.154839439286135,-0.181410379142642,0.0253));
#8939=CARTESIAN_POINT('',(-0.13087561789716,-0.16825924473897,0.0113));
#8940=CARTESIAN_POINT('',(-0.13087561789716,-0.16825924473897,0.0243));
#8941=CARTESIAN_POINT('',(-0.13387561789716,-0.16825924473897,0.0243));
#8942=CARTESIAN_POINT('',(-0.13087561789716,-0.16825924473897,0.0253));
#8943=CARTESIAN_POINT('',(-0.12787561789716,-0.16825924473897,0.0253));
#8944=CARTESIAN_POINT('',(-0.171321349980623,-0.185037065726048,0.0243));
#8945=CARTESIAN_POINT('',(-0.13087561789716,-0.16825924473897,0.0243));
#8946=CARTESIAN_POINT('',(-0.13507561789716,-0.16825924473897,0.0243));
#8947=CARTESIAN_POINT('',(-0.13087561789716,-0.16825924473897,0.0243));
#8948=CARTESIAN_POINT('',(-0.13087561789716,-0.16825924473897,0.0163));
#8949=CARTESIAN_POINT('',(-0.13507561789716,-0.16825924473897,0.0163));
#8950=CARTESIAN_POINT('',(-0.171321349980623,-0.185037065726048,0.0243));
#8951=CARTESIAN_POINT('',(-0.157839439286135,-0.181410379142642,0.0243));
#8952=CARTESIAN_POINT('',(-0.162039439286135,-0.181410379142642,0.0243));
#8953=CARTESIAN_POINT('',(-0.157839439286135,-0.181410379142642,0.0243));
#8954=CARTESIAN_POINT('',(-0.157839439286135,-0.181410379142642,0.0163));
#8955=CARTESIAN_POINT('',(-0.162039439286135,-0.181410379142642,0.0163));
#8956=CARTESIAN_POINT('',(-0.171321349980623,-0.185037065726048,0.0243));
#8957=CARTESIAN_POINT('',(-0.18480326067511,-0.194561513546315,0.0243));
#8958=CARTESIAN_POINT('',(-0.18900326067511,-0.194561513546315,0.0243));
#8959=CARTESIAN_POINT('',(-0.18480326067511,-0.194561513546315,0.0243));
#8960=CARTESIAN_POINT('',(-0.18480326067511,-0.194561513546315,0.0163));
#8961=CARTESIAN_POINT('',(-0.18900326067511,-0.194561513546315,0.0163));
#8962=CARTESIAN_POINT('',(-0.171321349980623,-0.185037065726048,0.0243));
#8963=CARTESIAN_POINT('',(-0.211767082064085,-0.207712647949987,0.0243));
#8964=CARTESIAN_POINT('',(-0.215967082064085,-0.207712647949987,0.0243));
#8965=CARTESIAN_POINT('',(-0.211767082064085,-0.207712647949987,0.0243));
#8966=CARTESIAN_POINT('',(-0.211767082064085,-0.207712647949987,0.0163));
#8967=CARTESIAN_POINT('',(-0.215967082064085,-0.207712647949987,0.0163));
#8968=CARTESIAN_POINT('',(-0.171321349980623,-0.185037065726048,0.0283));
#8969=CARTESIAN_POINT('',(-0.13087561789716,-0.16825924473897,0.0283));
#8970=CARTESIAN_POINT('',(-0.13507561789716,-0.16825924473897,0.0283));
#8971=CARTESIAN_POINT('',(-0.13087561789716,-0.16825924473897,0.0283));
#8972=CARTESIAN_POINT('',(-0.13087561789716,-0.16825924473897,0.0363));
#8973=CARTESIAN_POINT('',(-0.13507561789716,-0.16825924473897,0.0363));
#8974=CARTESIAN_POINT('',(-0.171321349980623,-0.185037065726048,0.0283));
#8975=CARTESIAN_POINT('',(-0.157839439286135,-0.181410379142642,0.0283));
#8976=CARTESIAN_POINT('',(-0.162039439286135,-0.181410379142642,0.0283));
#8977=CARTESIAN_POINT('',(-0.157839439286135,-0.181410379142642,0.0283));
#8978=CARTESIAN_POINT('',(-0.157839439286135,-0.181410379142642,0.0363));
#8979=CARTESIAN_POINT('',(-0.162039439286135,-0.181410379142642,0.0363));
#8980=CARTESIAN_POINT('',(-0.171321349980623,-0.185037065726048,0.0283));
#8981=CARTESIAN_POINT('',(-0.18480326067511,-0.194561513546315,0.0283));
#8982=CARTESIAN_POINT('',(-0.18900326067511,-0.194561513546315,0.0283));
#8983=CARTESIAN_POINT('',(-0.18480326067511,-0.194561513546315,0.0283));
#8984=CARTESIAN_POINT('',(-0.18480326067511,-0.194561513546315,0.0363));
#8985=CARTESIAN_POINT('',(-0.18900326067511,-0.194561513546315,0.0363));
#8986=CARTESIAN_POINT('',(-0.171321349980623,-0.185037065726048,0.0283));
#8987=CARTESIAN_POINT('',(-0.211767082064085,-0.207712647949987,0.0283));
#8988=CARTESIAN_POINT('',(-0.215967082064085,-0.207712647949987,0.0283));
#8989=CARTESIAN_POINT('',(-0.211767082064085,-0.207712647949987,0.0283));
#8990=CARTESIAN_POINT('',(-0.211767082064085,-0.207712647949987,0.0363));
#8991=CARTESIAN_POINT('',(-0.215967082064085,-0.207712647949987,0.0363));
#8992=CARTESIAN_POINT('',(-0.0999982024119074,-0.137854097697069,0.0208));
#8993=CARTESIAN_POINT('',(-0.102246515412844,-0.138950673216922,0.0208));
#8994=CARTESIAN_POINT('',(-0.0999982024119074,-0.137854097697069,0.0253));
#8995=CARTESIAN_POINT('',(-0.0999982024119074,-0.137854097697069,0.0273));
#8996=CARTESIAN_POINT('',(-0.0934226352100712,-0.151336008391557,0.0163));
#8997=CARTESIAN_POINT('',(-0.104,-0.151336008391557,0.0163));
#8998=CARTESIAN_POINT('',(-0.0934226352100712,-0.151336008391557,0.0363));
#8999=CARTESIAN_POINT('',(-0.104,-0.142305382201263,0.0363));
#9000=CARTESIAN_POINT('',(-0.0884471226940152,-0.197140582912258,0.0263));
#9001=CARTESIAN_POINT('',(-0.104,-0.204726228020353,0.0263));
#9002=CARTESIAN_POINT('',(-0.102246515412844,-0.23318805757517,0.0263));
#9003=CARTESIAN_POINT('',(-0.0993217234809112,-0.202444480103671,0.0263));
#9004=CARTESIAN_POINT('',(-0.110868731815202,-0.178769604557126,0.0269995472703024));
#9005=CARTESIAN_POINT('',(-0.110868731815202,-0.178769604557126,0.0256004527296977));
#9006=CARTESIAN_POINT('',(-0.110868731815202,-0.178769604557126,0.0256004527296977));
#9007=CARTESIAN_POINT('',(-0.110860352955659,-0.178786783765036,0.02488074958506));
#9008=CARTESIAN_POINT('',(-0.111330246528104,-0.179123334152398,0.0235372689031755));
#9009=CARTESIAN_POINT('',(-0.112126042730971,-0.179676057284028,0.0224810907289528));
#9010=CARTESIAN_POINT('',(-0.112512560247083,-0.179961600873754,0.0219589785831961));
#9011=CARTESIAN_POINT('',(-0.110868731815202,-0.178769604557126,0.0269995472703024));
#9012=CARTESIAN_POINT('',(-0.110860352955659,-0.178786783765036,0.02771925041494));
#9013=CARTESIAN_POINT('',(-0.111330246528066,-0.179123334152386,0.0290627310968596));
#9014=CARTESIAN_POINT('',(-0.112126042731048,-0.179676057284052,0.0301189092709769));
#9015=CARTESIAN_POINT('',(-0.112512560247083,-0.179961600873754,0.030641021416804));
#9016=CARTESIAN_POINT('',(-0.228538108313306,-0.23634516617116,0.05865));
#9017=CARTESIAN_POINT('',(-0.0999982024119074,-0.202774420923796,0.0263));
#9018=CARTESIAN_POINT('',(-0.104,-0.204726228020353,0.0263));
#9019=CARTESIAN_POINT('',(-0.0978021860602971,-0.171284248911301,0.0273));
#9020=CARTESIAN_POINT('',(-0.0978021860602971,-0.171284248911301,0.0253));
#9021=CARTESIAN_POINT('',(-0.228538108313306,-0.23634516617116,0.05865));
#9022=CARTESIAN_POINT('',(-0.102246515412844,-0.23318805757517,0.0263));
#9023=CARTESIAN_POINT('',(-0.1,-0.232092358797611,0.0263));
#9024=CARTESIAN_POINT('',(-0.1,-0.229592881389973,0.0263));
#9025=CARTESIAN_POINT('',(-0.102246515412844,-0.23318805757517,0.022851257214705));
#9026=CARTESIAN_POINT('',(-0.1,-0.232092358797611,0.0230115435272807));
#9027=CARTESIAN_POINT('',(-0.1,-0.229592881389973,0.0233747855312583));
#9028=CARTESIAN_POINT('',(-0.102337816073507,-0.2317061033789,0.0159537716441149));
#9029=CARTESIAN_POINT('',(-0.1,-0.230681746606152,0.016356196624492));
#9030=CARTESIAN_POINT('',(-0.1,-0.228298121288999,0.0175243565937749));
#9031=CARTESIAN_POINT('',(-0.102727819499575,-0.225375730634335,0.00718266276661969));
#9032=CARTESIAN_POINT('',(-0.1,-0.224647213694967,0.00779723076354846));
#9033=CARTESIAN_POINT('',(-0.1,-0.222767374067131,0.010084725344742));
#9034=CARTESIAN_POINT('',(-0.103311500874488,-0.215901658304999,0.00132199518381308));
#9035=CARTESIAN_POINT('',(-0.1,-0.215504262828509,0.00181927744609029));
#9036=CARTESIAN_POINT('',(-0.1,-0.214490025903037,0.00511372267014128));
#9037=CARTESIAN_POINT('',(-0.104,-0.204726228020353,-0.000735997591906543));
#9038=CARTESIAN_POINT('',(-0.1,-0.204474635748442,-0.000715785930621879));
#9039=CARTESIAN_POINT('',(-0.1,-0.204726228020353,0.00336813866492937));
#9040=CARTESIAN_POINT('',(-0.104688499125512,-0.193550797735707,0.00132199518381311));
#9041=CARTESIAN_POINT('',(-0.1,-0.19301790107461,0.000653577745003215));
#9042=CARTESIAN_POINT('',(-0.1,-0.194962430137669,0.00511372267014128));
#9043=CARTESIAN_POINT('',(-0.105272180500425,-0.184076725406371,0.00718266276661978));
#9044=CARTESIAN_POINT('',(-0.1,-0.182714511822704,0.00600025482001965));
#9045=CARTESIAN_POINT('',(-0.1,-0.186685081973575,0.010084725344742));
#9046=CARTESIAN_POINT('',(-0.105662183926493,-0.177746352661806,0.0159537716441148));
#9047=CARTESIAN_POINT('',(-0.1,-0.17528715127692,0.0149569469750403));
#9048=CARTESIAN_POINT('',(-0.1,-0.181154334751707,0.0175243565937748));
#9049=CARTESIAN_POINT('',(-0.105799134917488,-0.175523421367401,0.0263));
#9050=CARTESIAN_POINT('',(-0.1,-0.17251518606669,0.0263));
#9051=CARTESIAN_POINT('',(-0.1,-0.179212194600245,0.0263));
#9052=CARTESIAN_POINT('',(-0.105662183926493,-0.177746352661806,0.036646228355885));
#9053=CARTESIAN_POINT('',(-0.1,-0.17528715127692,0.0376430530249595));
#9054=CARTESIAN_POINT('',(-0.1,-0.181154334751707,0.0350756434062251));
#9055=CARTESIAN_POINT('',(-0.105272180500425,-0.184076725406371,0.0454173372333803));
#9056=CARTESIAN_POINT('',(-0.1,-0.182714511822704,0.0465997451799804));
#9057=CARTESIAN_POINT('',(-0.1,-0.186685081973575,0.0425152746552581));
#9058=CARTESIAN_POINT('',(-0.104688499125512,-0.193550797735707,0.0512780048161869));
#9059=CARTESIAN_POINT('',(-0.1,-0.19301790107461,0.0519464222549968));
#9060=CARTESIAN_POINT('',(-0.1,-0.194962430137669,0.0474862773298587));
#9061=CARTESIAN_POINT('',(-0.104,-0.204726228020353,0.0533359975919066));
#9062=CARTESIAN_POINT('',(-0.1,-0.204474635748443,0.0533157859306219));
#9063=CARTESIAN_POINT('',(-0.1,-0.204726228020353,0.0492318613350706));
#9064=CARTESIAN_POINT('',(-0.103311500874488,-0.215901658304999,0.0512780048161869));
#9065=CARTESIAN_POINT('',(-0.1,-0.215504262828509,0.0507807225539097));
#9066=CARTESIAN_POINT('',(-0.1,-0.214490025903037,0.0474862773298588));
#9067=CARTESIAN_POINT('',(-0.102727819499575,-0.225375730634335,0.0454173372333804));
#9068=CARTESIAN_POINT('',(-0.1,-0.224647213694967,0.0448027692364516));
#9069=CARTESIAN_POINT('',(-0.1,-0.222767374067131,0.0425152746552581));
#9070=CARTESIAN_POINT('',(-0.102337816073507,-0.2317061033789,0.0366462283558852));
#9071=CARTESIAN_POINT('',(-0.1,-0.230681746606152,0.036243803375508));
#9072=CARTESIAN_POINT('',(-0.1,-0.228298121288999,0.0350756434062252));
#9073=CARTESIAN_POINT('',(-0.102246515412844,-0.23318805757517,0.029748742785295));
#9074=CARTESIAN_POINT('',(-0.1,-0.232092358797611,0.0295884564727193));
#9075=CARTESIAN_POINT('',(-0.1,-0.229592881389974,0.0292252144687417));
#9076=CARTESIAN_POINT('',(-0.102246515412844,-0.23318805757517,0.0263));
#9077=CARTESIAN_POINT('',(-0.1,-0.232092358797611,0.0263));
#9078=CARTESIAN_POINT('',(-0.1,-0.229592881389973,0.0263));
#9079=CARTESIAN_POINT('',(-0.1,-0.135355497031725,0.0323));
#9080=CARTESIAN_POINT('',(-0.1,-0.137854974439362,0.0323));
#9081=CARTESIAN_POINT('',(-0.102246515412844,-0.138950673216922,0.0323));
#9082=CARTESIAN_POINT('',(-0.1,-0.13535549703174,0.0333471975566583));
#9083=CARTESIAN_POINT('',(-0.100000000000009,-0.137854974439384,0.0329831755344721));
#9084=CARTESIAN_POINT('',(-0.102246515412855,-0.138950673216927,0.0328235987783237));
#9085=CARTESIAN_POINT('',(-0.1,-0.135818951437101,0.0354411044705278));
#9086=CARTESIAN_POINT('',(-0.0999999999999967,-0.138237512644334,0.0343642875050116));
#9087=CARTESIAN_POINT('',(-0.10233781717665,-0.139226931265215,0.0338705522352666));
#9088=CARTESIAN_POINT('',(-0.1,-0.137798612045102,0.0381041427716895));
#9089=CARTESIAN_POINT('',(-0.0999999999999986,-0.139824926522379,0.035956055407894));
#9090=CARTESIAN_POINT('',(-0.102727815638556,-0.140406976528575,0.0352020713858435));
#9091=CARTESIAN_POINT('',(-0.1,-0.140761513625828,0.0398834499396686));
#9092=CARTESIAN_POINT('',(-0.100000000000009,-0.142063707243057,0.0367004710889041));
#9093=CARTESIAN_POINT('',(-0.10331151521542,-0.142173116624501,0.0360917249698364));
#9094=CARTESIAN_POINT('',(-0.1,-0.143091198523119,0.0403000000000081));
#9095=CARTESIAN_POINT('',(-0.0999999999999778,-0.143581176532481,0.0365231287414818));
#9096=CARTESIAN_POINT('',(-0.103770469403333,-0.143561805987267,0.0363));
#9097=CARTESIAN_POINT('',(-0.1,-0.144256312555527,0.0403));
#9098=CARTESIAN_POINT('',(-0.1,-0.144256312555527,0.0363));
#9099=CARTESIAN_POINT('',(-0.104,-0.144256312555527,0.0363));
#9100=CARTESIAN_POINT('',(-0.104,-0.144256312555527,0.0403));
#9101=CARTESIAN_POINT('',(-0.104,-0.135355497031725,0.0323));
#9102=CARTESIAN_POINT('',(-0.104,-0.135355497031725,0.0208));
#9103=CARTESIAN_POINT('',(-0.104,-0.135355497031725,0.0203));
#9104=CARTESIAN_POINT('',(-0.104,-0.00649999999999978,0.0403));
#9105=CARTESIAN_POINT('',(-0.104,-0.167403075956448,0.0403));
#9106=CARTESIAN_POINT('',(-0.1,-0.144256312555527,0.0123));
#9107=CARTESIAN_POINT('',(-0.1,-0.144256312555527,0.0163));
#9108=CARTESIAN_POINT('',(-0.104,-0.144256312555527,0.0163));
#9109=CARTESIAN_POINT('',(-0.1,-0.143091198523103,0.012299999999998));
#9110=CARTESIAN_POINT('',(-0.0999999999999822,-0.143581176532472,0.016076871258538));
#9111=CARTESIAN_POINT('',(-0.103770469403325,-0.14356180598725,0.0163));
#9112=CARTESIAN_POINT('',(-0.1,-0.140761513625836,0.0127165500603284));
#9113=CARTESIAN_POINT('',(-0.100000000000008,-0.14206370724306,0.0158995289110874));
#9114=CARTESIAN_POINT('',(-0.103311515215424,-0.142173116624509,0.0165082750301638));
#9115=CARTESIAN_POINT('',(-0.1,-0.1377986120451,0.0144958572283119));
#9116=CARTESIAN_POINT('',(-0.0999999999999991,-0.139824926522378,0.0166439445921073));
#9117=CARTESIAN_POINT('',(-0.102727815638555,-0.140406976528573,0.0173979286141561));
#9118=CARTESIAN_POINT('',(-0.1,-0.135818951437102,0.0171588955294697));
#9119=CARTESIAN_POINT('',(-0.0999999999999965,-0.138237512644334,0.018235712494991));
#9120=CARTESIAN_POINT('',(-0.10233781717665,-0.139226931265215,0.0187294477647348));
#9121=CARTESIAN_POINT('',(-0.1,-0.13535549703174,0.0192528024433466));
#9122=CARTESIAN_POINT('',(-0.100000000000009,-0.137854974439384,0.0196168244655211));
#9123=CARTESIAN_POINT('',(-0.102246515412855,-0.138950673216927,0.0197764012216733));
#9124=CARTESIAN_POINT('',(-0.1,-0.135355497031725,0.0203));
#9125=CARTESIAN_POINT('',(-0.1,-0.137854974439362,0.0203));
#9126=CARTESIAN_POINT('',(-0.102246515412844,-0.138950673216922,0.0203));
#9127=CARTESIAN_POINT('',(-0.104,-0.144256312555527,0.0123));
#9128=CARTESIAN_POINT('',(-0.104,-0.167403075956447,0.0403));
#9129=CARTESIAN_POINT('',(-0.104,-0.167403075956447,0.0403));
#9130=CARTESIAN_POINT('',(-0.104,-0.151336008391557,0.0123));
#9131=CARTESIAN_POINT('',(-0.104,-0.167403075956447,0.0123));
#9132=CARTESIAN_POINT('',(-0.1,-0.167403075956447,0.0402999999999999));
#9133=CARTESIAN_POINT('',(-0.1,-0.169765272085894,0.0392031548957584));
#9134=CARTESIAN_POINT('',(-0.102381785684465,-0.170720906984088,0.0387594222833562));
#9135=CARTESIAN_POINT('',(-0.1,-0.169185427024762,0.0441385208432174));
#9136=CARTESIAN_POINT('',(-0.100000000000155,-0.171479095515821,0.0427502505588013));
#9137=CARTESIAN_POINT('',(-0.102459062812931,-0.17234481645907,0.0421755474354795));
#9138=CARTESIAN_POINT('',(-0.1,-0.174230154024383,0.0512591803071255));
#9139=CARTESIAN_POINT('',(-0.0999999999999265,-0.176392761476334,0.0493304626598887));
#9140=CARTESIAN_POINT('',(-0.102677786285984,-0.176941093881605,0.0485126405209014));
#9141=CARTESIAN_POINT('',(-0.1,-0.185356135941973,0.0590285651050471));
#9142=CARTESIAN_POINT('',(-0.100000000000021,-0.187023413160686,0.0561821835951069));
#9143=CARTESIAN_POINT('',(-0.103160173818105,-0.187078034788976,0.0554270723837269));
#9144=CARTESIAN_POINT('',(-0.1,-0.198742263482017,0.0629787157079202));
#9145=CARTESIAN_POINT('',(-0.0999999999999941,-0.199598431286675,0.059251588162099));
#9146=CARTESIAN_POINT('',(-0.103740554145505,-0.199274206314169,0.0589425434154379));
#9147=CARTESIAN_POINT('',(-0.1,-0.212826672227875,0.062648977498797));
#9148=CARTESIAN_POINT('',(-0.100000000000002,-0.212458319390974,0.0582077433219823));
#9149=CARTESIAN_POINT('',(-0.104351209746604,-0.212106585535213,0.0586490900161237));
#9150=CARTESIAN_POINT('',(-0.1,-0.225965853055386,0.0580777521588598));
#9151=CARTESIAN_POINT('',(-0.0999999999999995,-0.22390950732416,0.053341769694107));
#9152=CARTESIAN_POINT('',(-0.104920883242376,-0.224077762605897,0.0545808880973621));
#9153=CARTESIAN_POINT('',(-0.1,-0.236626637073968,0.0497984645501952));
#9154=CARTESIAN_POINT('',(-0.1,-0.232556963600765,0.0455691788508718));
#9155=CARTESIAN_POINT('',(-0.105383101258801,-0.233790859249756,0.0472126637743829));
#9156=CARTESIAN_POINT('',(-0.1,-0.243565041543387,0.0387771987037783));
#9157=CARTESIAN_POINT('',(-0.1,-0.237680807213188,0.036189573169561));
#9158=CARTESIAN_POINT('',(-0.105683928622475,-0.240112476219782,0.0374041919688371));
#9159=CARTESIAN_POINT('',(-0.1,-0.245971442063246,0.0263));
#9160=CARTESIAN_POINT('',(-0.1,-0.239324423097961,0.0263));
#9161=CARTESIAN_POINT('',(-0.105788262569497,-0.242304960447253,0.0263));
#9162=CARTESIAN_POINT('',(-0.1,-0.243565041543387,0.0138228012962218));
#9163=CARTESIAN_POINT('',(-0.1,-0.237680807213188,0.0164104268304391));
#9164=CARTESIAN_POINT('',(-0.105683928622475,-0.240112476219782,0.015195808031163));
#9165=CARTESIAN_POINT('',(-0.1,-0.236626637073968,0.00280153544980475));
#9166=CARTESIAN_POINT('',(-0.1,-0.232556963600764,0.00703082114912805));
#9167=CARTESIAN_POINT('',(-0.105383101258801,-0.233790859249756,0.00538733622561718));
#9168=CARTESIAN_POINT('',(-0.1,-0.225965853055387,-0.00547775215885953));
#9169=CARTESIAN_POINT('',(-0.0999999999999997,-0.223909507324161,-0.000741769694106656));
#9170=CARTESIAN_POINT('',(-0.104920883242376,-0.224077762605898,-0.00198088809736199));
#9171=CARTESIAN_POINT('',(-0.1,-0.212826672227873,-0.0100489774987974));
#9172=CARTESIAN_POINT('',(-0.100000000000001,-0.212458319390972,-0.00560774332198271));
#9173=CARTESIAN_POINT('',(-0.104351209746603,-0.212106585535212,-0.00604909001612341));
#9174=CARTESIAN_POINT('',(-0.1,-0.198742263482025,-0.0103787157079189));
#9175=CARTESIAN_POINT('',(-0.099999999999997,-0.199598431286684,-0.00665158816209766));
#9176=CARTESIAN_POINT('',(-0.103740554145507,-0.199274206314172,-0.00634254341543913));
#9177=CARTESIAN_POINT('',(-0.1,-0.185356135941944,-0.00642856510505222));
#9178=CARTESIAN_POINT('',(-0.10000000000001,-0.187023413160658,-0.00358218359511222));
#9179=CARTESIAN_POINT('',(-0.103160173818094,-0.187078034788969,-0.00282707238372231));
#9180=CARTESIAN_POINT('',(-0.1,-0.174230154024492,0.00134081969289304));
#9181=CARTESIAN_POINT('',(-0.0999999999999632,-0.176392761476429,0.00326953734013335));
#9182=CARTESIAN_POINT('',(-0.102677786286024,-0.176941093881633,0.00408735947908094));
#9183=CARTESIAN_POINT('',(-0.1,-0.169185427024527,0.00846147915674218));
#9184=CARTESIAN_POINT('',(-0.100000000000078,-0.171479095515627,0.00984974944114415));
#9185=CARTESIAN_POINT('',(-0.102459062812845,-0.172344816459011,0.010424452564558));
#9186=CARTESIAN_POINT('',(-0.1,-0.167403075956447,0.0123));
#9187=CARTESIAN_POINT('',(-0.1,-0.169765272085895,0.0133968451042416));
#9188=CARTESIAN_POINT('',(-0.102381785684465,-0.170720906984088,0.0138405777166437));
#9189=CARTESIAN_POINT('',(-0.104,-0.167403075956448,0.0123));
#9190=CARTESIAN_POINT('',(-0.104,-0.167403075956447,0.0123));
#9191=CARTESIAN_POINT('',(-0.110868731815203,-0.178769604557125,0.0269995472703023));
#9192=CARTESIAN_POINT('',(-0.111767525861502,-0.179207975703914,0.0269995472703023));
#9193=CARTESIAN_POINT('',(-0.112205742496579,-0.178309498453571,0.0270260955538053));
#9194=CARTESIAN_POINT('',(-0.110860437295669,-0.178786610932947,0.0277120090844128));
#9195=CARTESIAN_POINT('',(-0.111623091402304,-0.179149825208095,0.0274156454200095));
#9196=CARTESIAN_POINT('',(-0.112126386927248,-0.178472201482221,0.0274997939367986));
#9197=CARTESIAN_POINT('',(-0.111322317039924,-0.179117913970653,0.0290506285998349));
#9198=CARTESIAN_POINT('',(-0.111614603917927,-0.179201786961622,0.0285834671320285));
#9199=CARTESIAN_POINT('',(-0.112145004056697,-0.179073179203979,0.0285242852104752));
#9200=CARTESIAN_POINT('',(-0.112123296068184,-0.179674028156356,0.0301151990285202));
#9201=CARTESIAN_POINT('',(-0.112237628094455,-0.179711033365676,0.0300142583794901));
#9202=CARTESIAN_POINT('',(-0.112351960146067,-0.1797480385984,0.0299133177883795));
#9203=CARTESIAN_POINT('',(-0.112512560247083,-0.179961600873753,0.0306410214168039));
#9204=CARTESIAN_POINT('',(-0.112512560247083,-0.179961600873753,0.0306410214168039));
#9205=CARTESIAN_POINT('',(-0.112512560247083,-0.179961600873753,0.0306410214168039));
#9206=CARTESIAN_POINT('',(-0.11130694845028,-0.177871127306782,0.0270260955538052));
#9207=CARTESIAN_POINT('',(-0.0993217234809112,-0.202444480103671,0.0263));
#9208=CARTESIAN_POINT('',(-0.11130694845028,-0.177871127306782,0.0255739044461947));
#9209=CARTESIAN_POINT('',(-0.112205742496579,-0.178309498453571,0.0255739044461947));
#9210=CARTESIAN_POINT('',(-0.111767525861502,-0.179207975703914,0.0256004527296977));
#9211=CARTESIAN_POINT('',(-0.110868731815203,-0.178769604557125,0.0256004527296977));
#9212=CARTESIAN_POINT('',(-0.112126386927248,-0.178472201482221,0.0251002060631963));
#9213=CARTESIAN_POINT('',(-0.11162309140231,-0.179149825208095,0.0251843545799941));
#9214=CARTESIAN_POINT('',(-0.11086043729567,-0.178786610932947,0.0248879909155923));
#9215=CARTESIAN_POINT('',(-0.112145004056707,-0.179073179203977,0.0240757147895663));
#9216=CARTESIAN_POINT('',(-0.111614603918018,-0.179201786961457,0.0240165328679741));
#9217=CARTESIAN_POINT('',(-0.111322317039944,-0.179117913970658,0.0235493714001895));
#9218=CARTESIAN_POINT('',(-0.112351960146046,-0.179748038598404,0.0226866822115426));
#9219=CARTESIAN_POINT('',(-0.112237628094283,-0.17971103336598,0.0225857416205024));
#9220=CARTESIAN_POINT('',(-0.112123296068144,-0.179674028156347,0.022484800971426));
#9221=CARTESIAN_POINT('',(-0.112512560247083,-0.179961600873753,0.0219589785831961));
#9222=CARTESIAN_POINT('',(-0.112512560247083,-0.179961600873753,0.0219589785831961));
#9223=CARTESIAN_POINT('',(-0.112512560247083,-0.179961600873753,0.0219589785831961));
#9224=CARTESIAN_POINT('',(1.07156594925393E-18,-0.198999518559249,0.16));
#9225=CARTESIAN_POINT('',(-0.035,-0.198999518559249,0.16));
#9226=CARTESIAN_POINT('',(-0.035,-0.198999518559249,0.158));
#9227=CARTESIAN_POINT('',(-0.035,-0.198999518559249,0.130046804098478));
#9228=CARTESIAN_POINT('',(1.07156594925393E-18,-0.198999518559249,0.158));
#9229=CARTESIAN_POINT('',(0.012,-0.166120954113702,0.158));
#9230=CARTESIAN_POINT('',(0.012,-0.166120954113702,0.16));
#9231=CARTESIAN_POINT('',(0.012,-0.166120954113702,0.138443241084671));
#9232=CARTESIAN_POINT('',(1.07156594925393E-18,-0.198999518559249,0.130046804098478));
#9233=CARTESIAN_POINT('',(-1.20444119242116E-18,-0.163999518559249,0.138985007437723));
#9234=CARTESIAN_POINT('',(1.07156594925393E-18,-0.198999518559249,0.130046804098478));
#9235=CARTESIAN_POINT('',(-0.035,-0.21649951855925,0.16));
#9236=CARTESIAN_POINT('',(-0.035,-0.208697672800659,0.127703991270773));
#9237=CARTESIAN_POINT('',(-0.035,-0.199613845865642,0.129894884212818));
#9238=CARTESIAN_POINT('',(-0.035,-0.206114810305845,0.12779622985117));
#9239=CARTESIAN_POINT('',(-0.035,-0.207277224011633,0.127421387801665));
#9240=CARTESIAN_POINT('',(-0.035,-0.203804123504622,0.128836249030806));
#9241=CARTESIAN_POINT('',(-0.035,-0.233999518559249,0.116535339893521));
#9242=CARTESIAN_POINT('',(-0.035,-0.233999518559249,0.16));
#9243=CARTESIAN_POINT('',(-0.035,-0.233999518559249,0.158));
#9244=CARTESIAN_POINT('',(-0.035,-0.198999518559249,0.158));
#9245=CARTESIAN_POINT('',(-0.0175,-0.233999518559249,0.16));
#9246=CARTESIAN_POINT('',(0.012,-0.233999518559249,0.16));
#9247=CARTESIAN_POINT('',(0.012,-0.233999518559249,0.115720585914311));
#9248=CARTESIAN_POINT('',(0.012,-0.233999518559249,0.158));
#9249=CARTESIAN_POINT('',(-0.035,-0.233999518559249,0.158));
#9250=CARTESIAN_POINT('',(-0.037,-0.233999518559249,0.116535339893521));
#9251=CARTESIAN_POINT('',(-0.0351477955952367,-0.233999518559249,0.115720585914311));
#9252=CARTESIAN_POINT('',(-0.0175,-0.233999518559249,0.115720585914311));
#9253=CARTESIAN_POINT('',(0.,-0.17799951855925,0.16));
#9254=CARTESIAN_POINT('',(0.,-0.17799951855925,0.16));
#9255=CARTESIAN_POINT('',(0.,-0.180099518559249,0.16));
#9256=CARTESIAN_POINT('',(-0.0181865334794732,-0.20949951855925,0.16));
#9257=CARTESIAN_POINT('',(-0.0181865334794732,-0.20949951855925,0.16));
#9258=CARTESIAN_POINT('',(-0.0181865334794732,-0.211599518559249,0.16));
#9259=CARTESIAN_POINT('',(0.,-0.00399975927962488,0.16));
#9260=CARTESIAN_POINT('',(-0.033,-0.233999518559249,0.16));
#9261=CARTESIAN_POINT('',(-0.033,-0.198999518559249,0.16));
#9262=CARTESIAN_POINT('',(-0.033,-0.231999518559249,0.16));
#9263=CARTESIAN_POINT('',(0.012,-0.231999518559249,0.16));
#9264=CARTESIAN_POINT('',(-0.0107477011931701,-0.231999518559249,0.16));
#9265=CARTESIAN_POINT('',(-0.01,-0.230144540681826,0.16));
#9266=CARTESIAN_POINT('',(-0.012,-0.230144540681826,0.16));
#9267=CARTESIAN_POINT('',(-0.012,-0.2113,0.16));
#9268=CARTESIAN_POINT('',(-0.012,-0.192455459318175,0.16));
#9269=CARTESIAN_POINT('',(-0.01,-0.192455459318175,0.16));
#9270=CARTESIAN_POINT('',(-0.00931595971334864,-0.190576074076603,0.16));
#9271=CARTESIAN_POINT('',(-1.30104260698261E-17,-0.193966806115885,0.16));
#9272=CARTESIAN_POINT('',(0.00931595971334858,-0.197357538155167,0.16));
#9273=CARTESIAN_POINT('',(0.01,-0.195478152913596,0.16));
#9274=CARTESIAN_POINT('',(0.012,-0.195478152913596,0.16));
#9275=CARTESIAN_POINT('',(0.012,-0.17663361223177,0.16));
#9276=CARTESIAN_POINT('',(0.012,-0.16825866626137,0.16));
#9277=CARTESIAN_POINT('',(1.07156594925393E-18,-0.198999518559249,0.16));
#9278=CARTESIAN_POINT('',(-0.092,-0.250274601552827,0.0988692531572681));
#9279=CARTESIAN_POINT('',(0.012,-0.250274601552827,0.0988692531572681));
#9280=CARTESIAN_POINT('',(0.012,-0.253665981566201,0.0972496348588346));
#9281=CARTESIAN_POINT('',(-0.092,-0.253665981566201,0.0972496348588346));
#9282=CARTESIAN_POINT('',(-0.084,-0.253665981566201,0.0972496348588346));
#9283=CARTESIAN_POINT('',(-0.084,-0.246883221539452,0.100488871455702));
#9284=CARTESIAN_POINT('',(-0.092,-0.29069275036797,0.0768177297354726));
#9285=CARTESIAN_POINT('',(0.012,-0.29069275036797,0.0768177297354726));
#9286=CARTESIAN_POINT('',(0.012,-0.264810928450055,0.0910996924062558));
#9287=CARTESIAN_POINT('',(0.01,-0.264810928450055,0.0910996924062558));
#9288=CARTESIAN_POINT('',(0.00931595971334859,-0.266690313691627,0.0900626205204636));
#9289=CARTESIAN_POINT('',(-0.0673541117827001,-0.238784689808004,0.10546134630858));
#9290=CARTESIAN_POINT('',(-0.00931595971334861,-0.259908849613063,0.093804730219328));
#9291=CARTESIAN_POINT('',(-0.01,-0.261788234854635,0.0927676583335359));
#9292=CARTESIAN_POINT('',(-0.012,-0.261788234854635,0.0927676583335358));
#9293=CARTESIAN_POINT('',(-0.012,-0.29069275036797,0.0768177297354726));
#9294=CARTESIAN_POINT('',(-0.012,-0.299477316218286,0.071970279584894));
#9295=CARTESIAN_POINT('',(-0.01,-0.299477316218286,0.071970279584894));
#9296=CARTESIAN_POINT('',(-0.00931595971334864,-0.301356701459857,0.0709332076991018));
#9297=CARTESIAN_POINT('',(-0.0754994274248508,-0.325445513707363,0.0576406536280049));
#9298=CARTESIAN_POINT('',(0.00931595971334861,-0.294575237381293,0.0746753173979662));
#9299=CARTESIAN_POINT('',(0.01,-0.296454622622865,0.073638245512174));
#9300=CARTESIAN_POINT('',(0.012,-0.296454622622865,0.073638245512174));
#9301=CARTESIAN_POINT('',(0.012,-0.29069275036797,0.0768177297354726));
#9302=CARTESIAN_POINT('',(0.012,-0.327719519169739,0.0563858246121106));
#9303=CARTESIAN_POINT('',(-0.092,-0.327719519169739,0.0563858246121106));
#9304=CARTESIAN_POINT('',(-0.084,-0.327719519169739,0.0563858246121106));
#9305=CARTESIAN_POINT('',(-0.084,-0.253665981566201,0.0972496348588346));
#9306=CARTESIAN_POINT('',(-0.092,-0.328359759584869,0.0553012822174387));
#9307=CARTESIAN_POINT('',(0.012,-0.328359759584869,0.0553012822174387));
#9308=CARTESIAN_POINT('',(0.012,-0.329,0.0542167398227668));
#9309=CARTESIAN_POINT('',(-0.092,-0.329,0.0542167398227668));
#9310=CARTESIAN_POINT('',(-0.0883414354915754,-0.329,0.0542167398227668));
#9311=CARTESIAN_POINT('',(-0.084,-0.335719519169739,0.0428341353523722));
#9312=CARTESIAN_POINT('',(-0.092,-0.329,0.0365446166585507));
#9313=CARTESIAN_POINT('',(-0.048,-0.329,0.0366518952846525));
#9314=CARTESIAN_POINT('',(-0.048,-0.329,0.0300948952846525));
#9315=CARTESIAN_POINT('',(0.,-0.329,0.0366518952846525));
#9316=CARTESIAN_POINT('',(0.,-0.329,0.0300948952846525));
#9317=CARTESIAN_POINT('',(0.012,-0.329,0.0365446166585507));
#9318=CARTESIAN_POINT('',(0.012,-0.329,0.0188724934943344));
#9319=CARTESIAN_POINT('',(-0.092,-0.329,0.0188724934943344));
#9320=CARTESIAN_POINT('',(-0.084,-0.329,0.0465420629570126));
#9321=CARTESIAN_POINT('',(-0.084,-0.286827646812993,0.0698133757674533));
#9322=CARTESIAN_POINT('',(-0.084,-0.250006489518622,0.0901318214951577));
#9323=CARTESIAN_POINT('',(-0.084,-0.24682702238864,0.0916502367487354));
#9324=CARTESIAN_POINT('',(-0.084,-0.243647555258657,0.0931686520023136));
#9325=CARTESIAN_POINT('',(-0.084,-0.222349191699043,0.10184511523274));
#9326=CARTESIAN_POINT('',(-0.084,-0.201110966681687,0.110497079404862));
#9327=CARTESIAN_POINT('',(-0.084,-0.197885300841758,0.111537255710798));
#9328=CARTESIAN_POINT('',(-0.084,-0.194659635001827,0.112577432016735));
#9329=CARTESIAN_POINT('',(-0.084,-0.156752094020956,0.12173487281073));
#9330=CARTESIAN_POINT('',(-0.084,-0.118849403223567,0.130891141931043));
#9331=CARTESIAN_POINT('',(-0.084,-0.115514158562369,0.131432384542372));
#9332=CARTESIAN_POINT('',(-0.084,-0.112178913901167,0.131973627153702));
#9333=CARTESIAN_POINT('',(-0.084,-0.0987028073782209,0.133118099645833));
#9334=CARTESIAN_POINT('',(0.,-0.22599951855925,0.099));
#9335=CARTESIAN_POINT('',(0.,-0.22599951855925,0.156));
#9336=CARTESIAN_POINT('',(0.0116554089153838,-0.22599951855925,0.156));
#9337=CARTESIAN_POINT('',(0.00723596348524373,-0.22599951855925,0.156));
#9338=CARTESIAN_POINT('',(0.0116554089153838,-0.22599951855925,0.156));
#9339=CARTESIAN_POINT('',(0.00723596348524367,-0.22599951855925,0.099));
#9340=CARTESIAN_POINT('',(0.,-0.198999518559249,0.099));
#9341=CARTESIAN_POINT('',(0.012,-0.174812745314353,0.099));
#9342=CARTESIAN_POINT('',(-0.027,-0.198999518559249,0.099));
#9343=CARTESIAN_POINT('',(-0.027,-0.21249951855925,0.099));
#9344=CARTESIAN_POINT('',(3.46944695195361E-18,-0.184999518559249,0.156));
#9345=CARTESIAN_POINT('',(0.0140235929319546,-0.223529023479418,0.156));
#9346=CARTESIAN_POINT('',(0.00931595971334857,-0.225242461844834,0.156));
#9347=CARTESIAN_POINT('',(0.01,-0.227121847086405,0.156));
#9348=CARTESIAN_POINT('',(-5.20417042793042E-18,-0.153999518559249,0.099));
#9349=CARTESIAN_POINT('',(-0.00597796807224063,-0.162015995199724,0.136923497008907));
#9350=CARTESIAN_POINT('',(-0.00551970019031988,-0.162357730214933,0.136840943034473));
#9351=CARTESIAN_POINT('',(-0.0045386482725817,-0.1629632335581,0.136954170010985));
#9352=CARTESIAN_POINT('',(-0.00252696871408329,-0.163775393544178,0.137678219144368));
#9353=CARTESIAN_POINT('',(-0.0010149027354423,-0.16399951855925,0.138470300492379));
#9354=CARTESIAN_POINT('',(4.856672674754E-17,-0.16399951855925,0.138985007437723));
#9355=CARTESIAN_POINT('',(0.00597796807224062,-0.162015995199724,0.136923497008907));
#9356=CARTESIAN_POINT('',(0.00551970019031988,-0.162357730214933,0.136840943034473));
#9357=CARTESIAN_POINT('',(0.00453864827258184,-0.1629632335581,0.136954170010985));
#9358=CARTESIAN_POINT('',(0.0025269687140832,-0.163775393544178,0.137678219144367));
#9359=CARTESIAN_POINT('',(0.00101490273544289,-0.163999518559249,0.13847030049238));
#9360=CARTESIAN_POINT('',(4.856672674754E-17,-0.163999518559249,0.138985007437723));
#9361=CARTESIAN_POINT('',(0.0098373649926969,-0.155795695054047,0.134311093736656));
#9362=CARTESIAN_POINT('',(-0.00644446566303587,-0.161646012024751,0.099));
#9363=CARTESIAN_POINT('',(-0.126,-0.1462704022622,-0.0405981047153473));
#9364=CARTESIAN_POINT('',(-0.126,-0.11193662193381,-0.0405981047153473));
#9365=CARTESIAN_POINT('',(-0.126,-0.210183325745153,-0.0400600879310863));
#9366=CARTESIAN_POINT('',(-0.126,-0.210003571538742,-0.0400899137282075));
#9367=CARTESIAN_POINT('',(-0.126,-0.213425846965907,-0.0395220711468253));
#9368=CARTESIAN_POINT('',(-0.126,-0.245030440800236,-0.0287371356021627));
#9369=CARTESIAN_POINT('',(-0.126,-0.224296973097695,-0.0358123447936304));
#9370=CARTESIAN_POINT('',(-0.126,-0.279679667427116,-0.0164178968521427));
#9371=CARTESIAN_POINT('',(-0.126,-0.282724300219666,-0.0148835936467852));
#9372=CARTESIAN_POINT('',(-0.126,-0.328269967382976,0.0174805563029497));
#9373=CARTESIAN_POINT('',(-0.126,-0.329,0.0188724934943344));
#9374=CARTESIAN_POINT('',(-0.126,-0.327539934765952,0.0160886191115651));
#9375=CARTESIAN_POINT('',(-0.126,-0.333,0.0178871943894935));
#9376=CARTESIAN_POINT('',(0.012,-0.333,0.0178871943894935));
#9377=CARTESIAN_POINT('',(0.012,-0.245966387768231,-0.176));
#9378=CARTESIAN_POINT('',(0.012,-0.231999518559249,0.158));
#9379=CARTESIAN_POINT('',(0.012,-0.235999518559249,0.115720585914311));
#9380=CARTESIAN_POINT('',(0.012,-0.264810928450055,0.0895235470649167));
#9381=CARTESIAN_POINT('',(0.012,-0.227121847086405,-0.176));
#9382=CARTESIAN_POINT('',(0.,-0.228633193884115,-0.176));
#9383=CARTESIAN_POINT('',(-0.00931595971334864,-0.232023925923397,0.16));
#9384=CARTESIAN_POINT('',(-0.00931595971334864,-0.232023925923397,0.159999851064598));
#9385=CARTESIAN_POINT('',(-0.00924890103148385,-0.231999518559249,0.158));
#9386=CARTESIAN_POINT('',(0.00931595971334857,-0.225242461844833,-0.176));
#9387=CARTESIAN_POINT('',(-0.012,-0.2113,-0.176));
#9388=CARTESIAN_POINT('',(-0.012,-0.192455459318175,-0.176));
#9389=CARTESIAN_POINT('',(-0.012,-0.230144540681826,0.106144235602045));
#9390=CARTESIAN_POINT('',(-1.30104260698261E-17,-0.193966806115885,-0.176));
#9391=CARTESIAN_POINT('',(0.00931595971334858,-0.197357538155167,0.16));
#9392=CARTESIAN_POINT('',(-0.00931595971334864,-0.190576074076603,-0.176));
#9393=CARTESIAN_POINT('',(0.012,-0.17663361223177,-0.176));
#9394=CARTESIAN_POINT('',(0.012,-0.166120954113702,0.158));
#9395=CARTESIAN_POINT('',(0.012,-0.166120954113702,0.158546978451748));
#9396=CARTESIAN_POINT('',(0.012,-0.166625487491344,0.159602658597069));
#9397=CARTESIAN_POINT('',(0.012,-0.167712640736759,0.16));
#9398=CARTESIAN_POINT('',(0.012,-0.16825866626137,0.16));
#9399=CARTESIAN_POINT('',(0.012,-0.195478152913596,0.156));
#9400=CARTESIAN_POINT('',(0.012,-0.157789071549944,-0.176));
#9401=CARTESIAN_POINT('',(0.012,-0.163529881568163,0.136557782841512));
#9402=CARTESIAN_POINT('',(0.012,-0.164132688647161,0.136412160888906));
#9403=CARTESIAN_POINT('',(0.012,-0.165453255380754,0.1366346540595));
#9404=CARTESIAN_POINT('',(0.012,-0.166120954113702,0.137821918557911));
#9405=CARTESIAN_POINT('',(0.012,-0.166120954113702,0.138443241084671));
#9406=CARTESIAN_POINT('',(0.012,-0.31529916330469,-0.176));
#9407=CARTESIAN_POINT('',(0.012,-0.296454622622865,-0.176));
#9408=CARTESIAN_POINT('',(-1.82145964977565E-17,-0.297965969420576,-0.176));
#9409=CARTESIAN_POINT('',(0.0093159597133486,-0.294575237381293,-0.176));
#9410=CARTESIAN_POINT('',(-0.00931595971334865,-0.301356701459857,0.0795313081060143));
#9411=CARTESIAN_POINT('',(-0.012,-0.28063277553646,-0.176));
#9412=CARTESIAN_POINT('',(-0.012,-0.299477316218286,0.0703941342435549));
#9413=CARTESIAN_POINT('',(-0.012,-0.261788234854635,-0.176));
#9414=CARTESIAN_POINT('',(5.20417042793042E-18,-0.263299581652346,-0.176));
#9415=CARTESIAN_POINT('',(0.00931595971334856,-0.266690313691627,0.0986607209273762));
#9416=CARTESIAN_POINT('',(-0.00931595971334864,-0.259908849613063,-0.176));
#9417=CARTESIAN_POINT('',(0.012,-0.107300836695309,-0.176));
#9418=CARTESIAN_POINT('',(0.012,-0.126145377377135,0.13666874739334));
#9419=CARTESIAN_POINT('',(-1.04083408558608E-17,-0.124634030579425,-0.176));
#9420=CARTESIAN_POINT('',(0.0093159597133486,-0.128024762618707,0.144898867858558));
#9421=CARTESIAN_POINT('',(-0.00931595971334866,-0.121243298540143,-0.176));
#9422=CARTESIAN_POINT('',(-0.012,-0.14196722446354,-0.176));
#9423=CARTESIAN_POINT('',(-0.012,-0.123122683781714,-0.176));
#9424=CARTESIAN_POINT('',(-0.012,-0.160811765145365,-0.176));
#9425=CARTESIAN_POINT('',(-1.04083408558608E-17,-0.159300418347655,-0.176));
#9426=CARTESIAN_POINT('',(-0.00931595971334865,-0.162691150386937,-0.176));
#9427=CARTESIAN_POINT('',(-0.117,-0.123,0.083));
#9428=CARTESIAN_POINT('',(-0.117,-0.172,-0.004));
#9429=CARTESIAN_POINT('',(-0.117,-0.271,0.033));
#9430=CARTESIAN_POINT('',(0.161598188159735,-0.0751853361907973,0.0263));
#9431=CARTESIAN_POINT('',(1.21430643318376E-17,-0.154002038809498,0.0263));
#9432=CARTESIAN_POINT('',(1.07801792906083E-17,-0.176259640628704,0.0263));
#9433=CARTESIAN_POINT('',(9.91097618624999E-18,-0.175141475678533,0.0463));
#9434=CARTESIAN_POINT('',(1.01034089948493E-17,-0.172,-0.004));
#9435=CARTESIAN_POINT('',(1.01034089948493E-17,-0.172,-0.004));
#9436=CARTESIAN_POINT('',(9.79724729506246E-18,-0.177,-0.004));
#9437=CARTESIAN_POINT('',(2.00000000001588E-6,-0.172,-0.004));
#9438=CARTESIAN_POINT('',(2.00000000001588E-6,-0.172,-0.004));
#9439=CARTESIAN_POINT('',(-0.084,-0.172,-0.004));
#9440=CARTESIAN_POINT('',(9.91097618624999E-18,-0.175141475678533,0.0463));
#9441=CARTESIAN_POINT('',(4.04161770782389E-18,-0.271,0.033));
#9442=CARTESIAN_POINT('',(3.73545600803706E-18,-0.276,0.033));
#9443=CARTESIAN_POINT('',(4.04161770782389E-18,-0.271,0.033));
#9444=CARTESIAN_POINT('',(3.42929430825022E-18,-0.281,0.033));
#9445=CARTESIAN_POINT('',(2.00000000001588E-6,-0.271,0.033));
#9446=CARTESIAN_POINT('',(2.00000000001588E-6,-0.271,0.033));
#9447=CARTESIAN_POINT('',(-0.084,-0.271,0.033));
#9448=CARTESIAN_POINT('',(-0.084,-0.271,0.023));
#9449=CARTESIAN_POINT('',(9.91097618624999E-18,-0.175141475678533,0.0463));
#9450=CARTESIAN_POINT('',(1.31040232104977E-17,-0.123,0.083));
#9451=CARTESIAN_POINT('',(1.27978615107108E-17,-0.128,0.083));
#9452=CARTESIAN_POINT('',(1.31040232104977E-17,-0.123,0.083));
#9453=CARTESIAN_POINT('',(1.2491699810924E-17,-0.133,0.083));
#9454=CARTESIAN_POINT('',(2.00000000001588E-6,-0.123,0.083));
#9455=CARTESIAN_POINT('',(2.00000000001588E-6,-0.123,0.083));
#9456=CARTESIAN_POINT('',(-0.084,-0.123,0.083));
#9457=CARTESIAN_POINT('',(-0.084,-0.123,0.073));
#9458=CARTESIAN_POINT('',(-0.084,-0.123,0.083));
#9459=CARTESIAN_POINT('',(-0.084,-0.271,0.033));
#9460=CARTESIAN_POINT('',(-0.142,-0.148012072013003,-0.0340981047153473));
#9461=CARTESIAN_POINT('',(-0.142,-0.146945001355304,-0.0380804666251422));
#9462=CARTESIAN_POINT('',(-0.092,-0.149079142670701,-0.0301157428055526));
#9463=CARTESIAN_POINT('',(-0.142,-0.11280140292869,-0.0340981047153473));
#9464=CARTESIAN_POINT('',(-0.142,-0.113868473586388,-0.0380804666251423));
#9465=CARTESIAN_POINT('',(-0.1,-0.111734332270992,-0.0301157428055524));
#9466=CARTESIAN_POINT('',(-0.142,-0.130406737470847,-0.0275981047153473));
#9467=CARTESIAN_POINT('',(-0.092,-0.11366618392357,-0.0275981047153473));
#9468=CARTESIAN_POINT('',(-0.1,-0.147147291018123,-0.0275981047153473));
#9469=CARTESIAN_POINT('',(-0.0943,-0.139403064893918,-0.0275981047153473));
#9470=CARTESIAN_POINT('',(-0.0943,-0.139403064893918,-0.0275981047153473));
#9471=CARTESIAN_POINT('',(-0.0943,-0.130406737470847,-0.0275981047153473));
#9472=CARTESIAN_POINT('',(-0.0943,-0.121410410047775,-0.0275981047153473));
#9473=CARTESIAN_POINT('',(-0.0943,-0.121410410047775,-0.0275981047153473));
#9474=CARTESIAN_POINT('',(-0.142,-0.208682474275203,-0.0340981047153475));
#9475=CARTESIAN_POINT('',(-0.142,-0.207744344915333,-0.0375992511504517));
#9476=CARTESIAN_POINT('',(-0.092,-0.209749544932901,-0.0301157428055526));
#9477=CARTESIAN_POINT('',(-0.142,-0.17347180519089,-0.0340981047153473));
#9478=CARTESIAN_POINT('',(-0.1,-0.172404734533192,-0.0301157428055524));
#9479=CARTESIAN_POINT('',(-0.142,-0.174538875848588,-0.0380804666251423));
#9480=CARTESIAN_POINT('',(-0.142,-0.264306820078174,-0.0172268317655694));
#9481=CARTESIAN_POINT('',(-0.092,-0.264306820078174,-0.0151199236010515));
#9482=CARTESIAN_POINT('',(-0.142,-0.264306820078174,-0.0193634173740837));
#9483=CARTESIAN_POINT('',(-0.142,-0.223848236222255,-0.031278658823172));
#9484=CARTESIAN_POINT('',(-0.1,-0.222600885640072,-0.0300214759562067));
#9485=CARTESIAN_POINT('',(-0.142,-0.225070808797988,-0.0325108683701805));
#9486=CARTESIAN_POINT('',(-0.142,-0.242340549035107,-0.0200359143905379));
#9487=CARTESIAN_POINT('',(-0.1,-0.261642050336955,-0.0132336359265015));
#9488=CARTESIAN_POINT('',(-0.092,-0.223355870433206,-0.0267265374866806));
#9489=CARTESIAN_POINT('',(-0.142,-0.327539934765952,0.024343940114636));
#9490=CARTESIAN_POINT('',(-0.092,-0.327539934765952,0.028785904950231));
#9491=CARTESIAN_POINT('',(-0.142,-0.275002066205271,-0.0119651305768355));
#9492=CARTESIAN_POINT('',(-0.1,-0.270846941051131,-0.0103947845745295));
#9493=CARTESIAN_POINT('',(-0.142,-0.297409883478414,0.0117762968054106));
#9494=CARTESIAN_POINT('',(-0.1,-0.32440285524894,0.0304312165231534));
#9495=CARTESIAN_POINT('',(-0.142,-0.316756175842235,0.0251465745929469));
#9496=CARTESIAN_POINT('',(-0.0943,-0.316756175842235,0.0251465745929469));
#9497=CARTESIAN_POINT('',(-0.0943,-0.297409883478414,0.0117762968054106));
#9498=CARTESIAN_POINT('',(-0.0943,-0.303840504730177,0.0162205174790986));
#9499=CARTESIAN_POINT('',(-0.142,-0.303840504730177,0.0162205174790986));
#9500=CARTESIAN_POINT('',(-0.092,-0.270416911706696,-0.00687862291315556));
#9501=CARTESIAN_POINT('',(-0.0943,-0.320617292849946,0.0195596825575605));
#9502=CARTESIAN_POINT('',(-0.0943,-0.312790063182263,0.0308853914138804));
#9503=CARTESIAN_POINT('',(-0.0943,-0.312790063182263,0.0308853914138804));
#9504=CARTESIAN_POINT('',(-0.0943,-0.320617292849946,0.0195596825575605));
#9505=CARTESIAN_POINT('',(-0.0943,-0.306195753943874,0.0128125598732872));
#9506=CARTESIAN_POINT('',(-0.0943,-0.306195753943874,0.0128125598732872));
#9507=CARTESIAN_POINT('',(-0.0943,-0.301835373836504,0.0191218669583802));
#9508=CARTESIAN_POINT('',(-0.0943,-0.301835373836504,0.0191218669583802));
#9509=CARTESIAN_POINT('',(-0.0943,-0.29804950701991,0.018558926485339));
#9510=CARTESIAN_POINT('',(-0.0943,-0.29804950701991,0.018558926485339));
#9511=CARTESIAN_POINT('',(-0.0943,-0.297040433979323,0.0173788680136071));
#9512=CARTESIAN_POINT('',(-0.0943,-0.2986700189687,0.0192845829567034));
#9513=CARTESIAN_POINT('',(-0.1,-0.297040433979323,0.0173788680136071));
#9514=CARTESIAN_POINT('',(-0.0943,-0.2986700189687,0.0192845829567034));
#9515=CARTESIAN_POINT('',(-0.0943,-0.290700237136593,0.020168893427225));
#9516=CARTESIAN_POINT('',(-0.0943,-0.290700237136593,0.020168893427225));
#9517=CARTESIAN_POINT('',(-0.0943,-0.287179879104081,0.02317916662039));
#9518=CARTESIAN_POINT('',(-0.0943,-0.294220595169106,0.0171586202340601));
#9519=CARTESIAN_POINT('',(-0.1,-0.287179879104081,0.02317916662039));
#9520=CARTESIAN_POINT('',(-0.0943,-0.294220595169106,0.0171586202340601));
#9521=CARTESIAN_POINT('',(-0.0943,-0.29540830217421,0.0358792868473397));
#9522=CARTESIAN_POINT('',(-0.0943,-0.29540830217421,0.0358792868473397));
#9523=CARTESIAN_POINT('',(-0.0943,-0.303856973023886,0.0457595682640713));
#9524=CARTESIAN_POINT('',(-0.0943,-0.286959631324534,0.0259990054306068));
#9525=CARTESIAN_POINT('',(-0.1,-0.303856973023886,0.0457595682640713));
#9526=CARTESIAN_POINT('',(-0.0943,-0.286959631324534,0.0259990054306068));
#9527=CARTESIAN_POINT('',(-0.0943,-0.310844589308134,0.0424159317201266));
#9528=CARTESIAN_POINT('',(-0.0943,-0.310844589308134,0.0424159317201266));
#9529=CARTESIAN_POINT('',(-0.0943,-0.315012366782164,0.0388520473966346));
#9530=CARTESIAN_POINT('',(-0.0943,-0.306676811834104,0.0459798160436183));
#9531=CARTESIAN_POINT('',(-0.1,-0.315012366782164,0.0388520473966347));
#9532=CARTESIAN_POINT('',(-0.0943,-0.306676811834104,0.0459798160436183));
#9533=CARTESIAN_POINT('',(-0.0943,-0.314223541521125,0.0348521501146865));
#9534=CARTESIAN_POINT('',(-0.0943,-0.315232614561712,0.036032208586418));
#9535=CARTESIAN_POINT('',(-0.0943,-0.315232614561712,0.036032208586418));
#9536=CARTESIAN_POINT('',(-0.0943,-0.314223541521125,0.0348521501146865));
#9537=CARTESIAN_POINT('',(-0.0943,-0.312915331460304,0.0333222664462269));
#9538=CARTESIAN_POINT('',(-0.0943,-0.312915331460304,0.0333222664462269));
#9539=CARTESIAN_POINT('',(-0.0943,-0.2113,-0.000659246578196743));
#9540=CARTESIAN_POINT('',(-0.0943,-0.304612942701147,0.0289101039006345));
#9541=CARTESIAN_POINT('',(-0.0943,-0.304612942701147,0.0268101039006345));
#9542=CARTESIAN_POINT('',(-0.0943,-0.313712571266829,0.0373320041017528));
#9543=CARTESIAN_POINT('',(-0.0943,-0.305377016318769,0.0444597727487364));
#9544=CARTESIAN_POINT('',(-0.0943,-0.288479674619416,0.0246992099152719));
#9545=CARTESIAN_POINT('',(-0.0943,-0.295520390684441,0.018678663528942));
#9546=CARTESIAN_POINT('',(-0.0943,-0.300190062263582,0.0179847874413685));
#9547=CARTESIAN_POINT('',(-0.0943,-0.314435374755186,0.032022470930892));
#9548=CARTESIAN_POINT('',(-0.0943,-0.18007897602151,-0.0220981047153473));
#9549=CARTESIAN_POINT('',(-0.0943,-0.18007897602151,-0.0220981047153473));
#9550=CARTESIAN_POINT('',(-0.0943,-0.179054050504959,-0.0192821450019987));
#9551=CARTESIAN_POINT('',(-0.1,-0.179054050504959,-0.0192821450019987));
#9552=CARTESIAN_POINT('',(-0.0943,-0.191077139733046,-0.0165981047153473));
#9553=CARTESIAN_POINT('',(-0.0943,-0.180933435746531,-0.0165981047153473));
#9554=CARTESIAN_POINT('',(-0.0943,-0.180933435746531,-0.0165981047153473));
#9555=CARTESIAN_POINT('',(-0.0943,-0.191077139733046,-0.0165981047153473));
#9556=CARTESIAN_POINT('',(-0.0943,-0.201220843719562,-0.0165981047153473));
#9557=CARTESIAN_POINT('',(-0.1,-0.201220843719562,-0.0165981047153473));
#9558=CARTESIAN_POINT('',(-0.0943,-0.202075303444582,-0.0220981047153473));
#9559=CARTESIAN_POINT('',(-0.0943,-0.203100228961133,-0.0192821450019987));
#9560=CARTESIAN_POINT('',(-0.0943,-0.203100228961133,-0.0192821450019987));
#9561=CARTESIAN_POINT('',(-0.0943,-0.202075303444582,-0.0220981047153473));
#9562=CARTESIAN_POINT('',(-0.0943,-0.2113,-0.000659246578196743));
#9563=CARTESIAN_POINT('',(-0.0943,-0.191077139733046,-0.0221689673426308));
#9564=CARTESIAN_POINT('',(-0.0943,-0.191077139733046,-0.0242689673426308));
#9565=CARTESIAN_POINT('',(-0.0943,-0.180933435746531,-0.0185981047153474));
#9566=CARTESIAN_POINT('',(-0.0943,-0.201220843719562,-0.0185981047153474));
#9567=CARTESIAN_POINT('',(-0.0943,-0.119408573759311,-0.0220981047153473));
#9568=CARTESIAN_POINT('',(-0.0943,-0.119408573759311,-0.0220981047153473));
#9569=CARTESIAN_POINT('',(-0.0943,-0.118383648242759,-0.0192821450019987));
#9570=CARTESIAN_POINT('',(-0.1,-0.118383648242759,-0.0192821450019987));
#9571=CARTESIAN_POINT('',(-0.0943,-0.130406737470847,-0.0165981047153473));
#9572=CARTESIAN_POINT('',(-0.0943,-0.120263033484331,-0.0165981047153473));
#9573=CARTESIAN_POINT('',(-0.0943,-0.120263033484331,-0.0165981047153473));
#9574=CARTESIAN_POINT('',(-0.0943,-0.130406737470847,-0.0165981047153473));
#9575=CARTESIAN_POINT('',(-0.0943,-0.140550441457362,-0.0165981047153473));
#9576=CARTESIAN_POINT('',(-0.1,-0.140550441457362,-0.0165981047153473));
#9577=CARTESIAN_POINT('',(-0.0943,-0.141404901182383,-0.0220981047153473));
#9578=CARTESIAN_POINT('',(-0.0943,-0.142429826698934,-0.0192821450019987));
#9579=CARTESIAN_POINT('',(-0.0943,-0.142429826698934,-0.0192821450019987));
#9580=CARTESIAN_POINT('',(-0.0943,-0.141404901182383,-0.0220981047153473));
#9581=CARTESIAN_POINT('',(-0.0943,-0.2113,-0.000659246578196743));
#9582=CARTESIAN_POINT('',(-0.0943,-0.130406737470847,-0.0220447326596775));
#9583=CARTESIAN_POINT('',(-0.0943,-0.130406737470847,-0.0241447326596776));
#9584=CARTESIAN_POINT('',(-0.0943,-0.120263033484331,-0.0185981047153474));
#9585=CARTESIAN_POINT('',(-0.0943,-0.140550441457362,-0.0185981047153474));
#9586=CARTESIAN_POINT('',(-0.147,-0.130406737470847,-0.0220447326596775));
#9587=CARTESIAN_POINT('',(-0.0886,-0.130406737470847,-0.0220447326596775));
#9588=CARTESIAN_POINT('',(-0.0886,-0.130406737470847,-0.0199447326596775));
#9589=CARTESIAN_POINT('',(-0.147,-0.191077139733046,-0.0221689673426308));
#9590=CARTESIAN_POINT('',(-0.0886,-0.191077139733046,-0.0221689673426308));
#9591=CARTESIAN_POINT('',(-0.0886,-0.191077139733046,-0.0200689673426308));
#9592=CARTESIAN_POINT('',(-0.147,-0.304612942701147,0.0289101039006345));
#9593=CARTESIAN_POINT('',(-0.0886,-0.304612942701147,0.0289101039006345));
#9594=CARTESIAN_POINT('',(-0.0886,-0.304612942701147,0.0310101039006345));
#9595=CARTESIAN_POINT('',(-0.0886,-0.304612942701147,0.0289101039006345));
#9596=CARTESIAN_POINT('',(-0.0886,-0.304612942701147,0.0289101039006345));
#9597=CARTESIAN_POINT('',(-0.0886,-0.304612942701147,0.0334101039006345));
#9598=CARTESIAN_POINT('',(-0.0886,-0.223195237671055,-0.00210604114623642));
#9599=CARTESIAN_POINT('',(-0.0886,-0.191077139733046,-0.0221689673426308));
#9600=CARTESIAN_POINT('',(-0.0886,-0.191077139733046,-0.0221689673426308));
#9601=CARTESIAN_POINT('',(-0.0886,-0.191077139733046,-0.0176689673426308));
#9602=CARTESIAN_POINT('',(-0.0886,-0.223195237671055,-0.00210604114623642));
#9603=CARTESIAN_POINT('',(-0.0886,-0.130406737470847,-0.0220447326596775));
#9604=CARTESIAN_POINT('',(-0.0886,-0.130406737470847,-0.0220447326596775));
#9605=CARTESIAN_POINT('',(-0.0886,-0.130406737470847,-0.0175447326596775));
#9606=CARTESIAN_POINT('',(-0.0886,-0.223195237671055,-0.00210604114623642));
#9607=CARTESIAN_POINT('',(-0.092,-0.0812434792938376,0.0394423992707518));
#9608=CARTESIAN_POINT('',(-0.092,-0.0804190474739131,0.0384598796875079));
#9609=CARTESIAN_POINT('',(-0.096,-0.0820679111137621,0.0404249188539959));
#9610=CARTESIAN_POINT('',(-0.092,-0.0768869585876751,0.0572505000679717));
#9611=CARTESIAN_POINT('',(-0.092,-0.0768869585876751,0.0747555452290625));
#9612=CARTESIAN_POINT('',(-0.092,-0.0768869585876751,0.0397454549068809));
#9613=CARTESIAN_POINT('',(-0.092,-0.0812434792938376,0.0750586008651916));
#9614=CARTESIAN_POINT('',(-0.092,-0.0804190474739131,0.0760411204484355));
#9615=CARTESIAN_POINT('',(-0.092,-0.0820679111137621,0.0740760812819476));
#9616=CARTESIAN_POINT('',(-0.092,-0.0812434792938376,-0.0257900039181275));
#9617=CARTESIAN_POINT('',(-0.092,-0.0804190474739131,-0.0267725235013715));
#9618=CARTESIAN_POINT('',(-0.1,-0.0820679111137621,-0.0248074843348836));
#9619=CARTESIAN_POINT('',(-0.092,-0.0812434792938376,0.00982619767631216));
#9620=CARTESIAN_POINT('',(-0.092,-0.0804190474739131,0.0108087172595562));
#9621=CARTESIAN_POINT('',(-0.092,-0.0820679111137621,0.00884367809306819));
#9622=CARTESIAN_POINT('',(-0.092,-0.0812434792938376,0.130291004054071));
#9623=CARTESIAN_POINT('',(-0.092,-0.082067911113762,0.129308484470827));
#9624=CARTESIAN_POINT('',(-0.092,-0.0804190474739131,0.131273523637315));
#9625=CARTESIAN_POINT('',(-0.092,-0.0812434792938376,0.0946748024596313));
#9626=CARTESIAN_POINT('',(-0.092,-0.0804190474739131,0.0936922828763873));
#9627=CARTESIAN_POINT('',(-0.096,-0.0820679111137621,0.0956573220428752));
#9628=CARTESIAN_POINT('',(-0.096,-0.0376100425553986,0.00911184282089245));
#9629=CARTESIAN_POINT('',(-0.096,-0.0776100425553986,-0.0108881571791075));
#9630=CARTESIAN_POINT('',(-0.096,-0.0376100425553987,0.0894892722416519));
#9631=CARTESIAN_POINT('',(-0.096,-0.0776100425553987,0.109866701662411));
#9632=CARTESIAN_POINT('',(-0.096,-0.0976100425553987,0.109866701662411));
#9633=CARTESIAN_POINT('',(-0.096,-0.117610042555399,0.109866701662411));
#9634=CARTESIAN_POINT('',(-0.096,-0.117610042555399,0.0494892722416519));
#9635=CARTESIAN_POINT('',(-0.1,-0.117610042555399,-0.00210641965861338));
#9636=CARTESIAN_POINT('',(-0.1,-0.117610042555399,-0.000970719527294856));
#9637=CARTESIAN_POINT('',(-0.0998353472751704,-0.117610042555399,0.00129863810700259));
#9638=CARTESIAN_POINT('',(-0.1,-0.117610042555399,0.00356981337621986));
#9639=CARTESIAN_POINT('',(-0.1,-0.117610042555399,0.00470641965861337));
#9640=CARTESIAN_POINT('',(-0.1,-0.117610042555399,0.0478935803413866));
#9641=CARTESIAN_POINT('',(-0.1,-0.117610042555399,0.0490292804727051));
#9642=CARTESIAN_POINT('',(-0.0998353472751703,-0.117610042555399,0.0512986381070026));
#9643=CARTESIAN_POINT('',(-0.1,-0.117610042555399,0.0535698133762199));
#9644=CARTESIAN_POINT('',(-0.1,-0.117610042555399,0.0547064196586134));
#9645=CARTESIAN_POINT('',(-0.096,-0.117610042555399,-0.0108881571791076));
#9646=CARTESIAN_POINT('',(-0.096,-0.0976100425553986,-0.0108881571791076));
#9647=CARTESIAN_POINT('',(-0.353,-0.0976100425553986,0.00948808514533144));
#9648=CARTESIAN_POINT('',(-0.353,-0.0976100425553986,0.0494880851453314));
#9649=CARTESIAN_POINT('',(-0.353,-0.0976100425553986,0.0894880851453314));
#9650=CARTESIAN_POINT('',(-0.084,-0.159542127185999,0.0513));
#9651=CARTESIAN_POINT('',(-0.084,-0.153065936709808,0.0457946428893214));
#9652=CARTESIAN_POINT('',(-0.098,-0.153065936709808,0.0457946428893214));
#9653=CARTESIAN_POINT('',(-0.098,-0.159542127185999,0.0513));
#9654=CARTESIAN_POINT('',(-0.098,-0.153065936709808,0.0568053571106787));
#9655=CARTESIAN_POINT('',(-0.084,-0.153065936709808,0.0568053571106787));
#9656=CARTESIAN_POINT('',(-0.084,-0.143542127185999,0.0513));
#9657=CARTESIAN_POINT('',(-0.098,-0.143542127185999,0.0513));
#9658=CARTESIAN_POINT('',(-0.098,-0.137065936709809,0.0457946428893214));
#9659=CARTESIAN_POINT('',(-0.098,-0.15001831766219,0.0457946428893214));
#9660=CARTESIAN_POINT('',(-0.084,-0.15001831766219,0.0457946428893214));
#9661=CARTESIAN_POINT('',(-0.084,-0.137065936709809,0.0457946428893214));
#9662=CARTESIAN_POINT('',(-0.084,-0.127542127185999,0.0513));
#9663=CARTESIAN_POINT('',(-0.098,-0.127542127185999,0.0513));
#9664=CARTESIAN_POINT('',(-0.098,-0.13401831766219,0.0568053571106786));
#9665=CARTESIAN_POINT('',(-0.098,-0.13401831766219,0.0457946428893214));
#9666=CARTESIAN_POINT('',(-0.084,-0.13401831766219,0.0457946428893214));
#9667=CARTESIAN_POINT('',(-0.084,-0.13401831766219,0.0568053571106786));
#9668=CARTESIAN_POINT('',(-0.084,-0.143542127185999,0.0513));
#9669=CARTESIAN_POINT('',(-0.084,-0.15001831766219,0.0568053571106787));
#9670=CARTESIAN_POINT('',(-0.098,-0.15001831766219,0.0568053571106787));
#9671=CARTESIAN_POINT('',(-0.098,-0.143542127185999,0.0513));
#9672=CARTESIAN_POINT('',(-0.098,-0.137065936709809,0.0568053571106786));
#9673=CARTESIAN_POINT('',(-0.084,-0.137065936709809,0.0568053571106786));
#9674=CARTESIAN_POINT('',(-0.084,-0.00496808532155318,0.0263));
#9675=CARTESIAN_POINT('',(-0.084,-0.159542127185999,0.0013));
#9676=CARTESIAN_POINT('',(-0.084,-0.159542127185999,0.0013));
#9677=CARTESIAN_POINT('',(-0.098,-0.159542127185999,0.0013));
#9678=CARTESIAN_POINT('',(-0.098,-0.153065936709808,-0.00420535711067865));
#9679=CARTESIAN_POINT('',(-0.098,-0.153065936709808,0.00680535711067864));
#9680=CARTESIAN_POINT('',(-0.084,-0.153065936709808,0.00680535711067865));
#9681=CARTESIAN_POINT('',(-0.084,-0.153065936709808,-0.00420535711067865));
#9682=CARTESIAN_POINT('',(-0.084,-0.143542127185999,0.0013));
#9683=CARTESIAN_POINT('',(-0.098,-0.143542127185999,0.0013));
#9684=CARTESIAN_POINT('',(-0.098,-0.137065936709809,-0.00420535711067864));
#9685=CARTESIAN_POINT('',(-0.098,-0.15001831766219,-0.00420535711067865));
#9686=CARTESIAN_POINT('',(-0.084,-0.15001831766219,-0.00420535711067866));
#9687=CARTESIAN_POINT('',(-0.084,-0.137065936709809,-0.00420535711067864));
#9688=CARTESIAN_POINT('',(-0.084,-0.127542127185999,0.0013));
#9689=CARTESIAN_POINT('',(-0.098,-0.127542127185999,0.0013));
#9690=CARTESIAN_POINT('',(-0.098,-0.13401831766219,0.00680535711067864));
#9691=CARTESIAN_POINT('',(-0.098,-0.13401831766219,-0.00420535711067866));
#9692=CARTESIAN_POINT('',(-0.084,-0.13401831766219,-0.00420535711067866));
#9693=CARTESIAN_POINT('',(-0.084,-0.13401831766219,0.00680535711067864));
#9694=CARTESIAN_POINT('',(-0.084,-0.143542127185999,0.0013));
#9695=CARTESIAN_POINT('',(-0.084,-0.15001831766219,0.00680535711067865));
#9696=CARTESIAN_POINT('',(-0.098,-0.15001831766219,0.00680535711067864));
#9697=CARTESIAN_POINT('',(-0.098,-0.143542127185999,0.0013));
#9698=CARTESIAN_POINT('',(-0.098,-0.137065936709809,0.00680535711067864));
#9699=CARTESIAN_POINT('',(-0.084,-0.137065936709809,0.00680535711067864));
#9700=CARTESIAN_POINT('',(-0.147,-0.0836,0.1305940596902));
#9701=CARTESIAN_POINT('',(-0.092,-0.0788869585876751,0.129987948417942));
#9702=CARTESIAN_POINT('',(-0.092,-0.0788869585876751,0.0747555452290625));
#9703=CARTESIAN_POINT('',(-0.147,-0.0836,0.0753616565013206));
#9704=CARTESIAN_POINT('',(-0.092,-0.0788869585876751,0.0397454549068809));
#9705=CARTESIAN_POINT('',(-0.092,-0.0836,0.0391393436346228));
#9706=CARTESIAN_POINT('',(-0.092,-0.0788869585876751,0.0949778580957603));
#9707=CARTESIAN_POINT('',(-0.092,-0.0836,0.0943717468235022));
#9708=CARTESIAN_POINT('',(-0.092,-0.0788869585876751,-0.0254869482819985));
#9709=CARTESIAN_POINT('',(-0.092,-0.0836,-0.0260930595542566));
#9710=CARTESIAN_POINT('',(-0.092,-0.0788869585876751,0.00952314204018308));
#9711=CARTESIAN_POINT('',(-0.147,-0.0836,0.0101292533124413));
#9712=CARTESIAN_POINT('',(0.01,-0.126145377377135,-0.176));
#9713=CARTESIAN_POINT('',(-0.01,-0.123122683781714,-0.176));
#9714=CARTESIAN_POINT('',(-0.01,-0.160811765145365,-0.176));
#9715=CARTESIAN_POINT('',(0.01,-0.157789071549944,-0.176));
#9716=CARTESIAN_POINT('',(0.01,-0.227121847086405,-0.176));
#9717=CARTESIAN_POINT('',(0.01,-0.195478152913595,-0.176));
#9718=CARTESIAN_POINT('',(-0.01,-0.192455459318175,-0.176));
#9719=CARTESIAN_POINT('',(-0.01,-0.230144540681826,-0.176));
#9720=CARTESIAN_POINT('',(-0.0107477011931701,-0.231999518559249,0.16));
#9721=CARTESIAN_POINT('',(-0.0102909096247474,-0.232183641294564,0.16));
#9722=CARTESIAN_POINT('',(-0.00977872880042667,-0.232192360096432,0.159997795394419));
#9723=CARTESIAN_POINT('',(-0.00931595971334864,-0.232023925923397,0.159999851064598));
#9724=CARTESIAN_POINT('',(0.01,-0.264810928450055,-0.176));
#9725=CARTESIAN_POINT('',(0.01,-0.296454622622865,-0.176));
#9726=CARTESIAN_POINT('',(-0.01,-0.299477316218285,-0.176));
#9727=CARTESIAN_POINT('',(-0.01,-0.261788234854635,-0.176));
#9728=CARTESIAN_POINT('',(-0.0943,-0.313712571266829,0.0373320041017528));
#9729=CARTESIAN_POINT('',(-0.0943,-0.305377016318769,0.0444597727487364));
#9730=CARTESIAN_POINT('',(-0.0943,-0.288479674619416,0.0246992099152719));
#9731=CARTESIAN_POINT('',(-0.0943,-0.295520390684441,0.018678663528942));
#9732=CARTESIAN_POINT('',(-0.0943,-0.300190062263582,0.0179847874413685));
#9733=CARTESIAN_POINT('',(-0.0943,-0.314435374755186,0.032022470930892));
#9734=CARTESIAN_POINT('',(-0.142,-0.325539934765952,0.028785904950231));
#9735=CARTESIAN_POINT('',(-0.142,-0.271553991223707,-0.00852393448607798));
#9736=CARTESIAN_POINT('',(-0.142,-0.262306820078174,-0.0151199236010515));
#9737=CARTESIAN_POINT('',(-0.126,-0.266306820078174,-0.0193634173740837));
#9738=CARTESIAN_POINT('',(-0.142,-0.224020640174424,-0.0286128251612306));
#9739=CARTESIAN_POINT('',(-0.142,-0.223651054263636,-0.0339195191651565));
#9740=CARTESIAN_POINT('',(-0.0943,-0.180933435746531,-0.0185981047153474));
#9741=CARTESIAN_POINT('',(-0.0943,-0.201220843719562,-0.0185981047153474));
#9742=CARTESIAN_POINT('',(-0.126,-0.209676196567911,-0.0381168892406569));
#9743=CARTESIAN_POINT('',(-0.142,-0.207817693280323,-0.0295981047153473));
#9744=CARTESIAN_POINT('',(-0.142,-0.17433658618577,-0.0295981047153473));
#9745=CARTESIAN_POINT('',(-0.142,-0.17260702419601,-0.0385981047153473));
#9746=CARTESIAN_POINT('',(-0.126,-0.148876853007882,-0.0385981047153473));
#9747=CARTESIAN_POINT('',(-0.142,-0.11193662193381,-0.0385981047153473));
#9748=CARTESIAN_POINT('',(-0.142,-0.11366618392357,-0.0295981047153473));
#9749=CARTESIAN_POINT('',(-0.0943,-0.120263033484331,-0.0185981047153474));
#9750=CARTESIAN_POINT('',(-0.0943,-0.140550441457362,-0.0185981047153474));
#9751=CARTESIAN_POINT('',(-0.142,-0.147147291018123,-0.0295981047153473));
#9752=CARTESIAN_POINT('',(1.07156594925393E-18,-0.198999518559249,0.158));
#9753=CARTESIAN_POINT('',(-0.033,-0.198999518559249,0.158));
#9754=CARTESIAN_POINT('',(-0.033,-0.00399975927962487,0.158));
#9755=CARTESIAN_POINT('',(-0.033,-0.231999518559249,0.158));
#9756=CARTESIAN_POINT('',(0.,-0.231999518559249,0.158));
#9757=CARTESIAN_POINT('',(0.0120895610281822,-0.166153780416442,0.138434857994135));
#9758=CARTESIAN_POINT('',(0.0118942959287881,-0.166081909011832,0.135941281754517));
#9759=CARTESIAN_POINT('',(0.0127803930869354,-0.16380724410291,0.13649077952437));
#9760=CARTESIAN_POINT('',(0.00820516342195257,-0.164724046619197,0.138799979462821));
#9761=CARTESIAN_POINT('',(0.00803801239005394,-0.164688906371632,0.136277793669512));
#9762=CARTESIAN_POINT('',(0.00867402990319458,-0.162295811231576,0.136855900992954));
#9763=CARTESIAN_POINT('',(0.00406553398165719,-0.163990889381025,0.138987211133238));
#9764=CARTESIAN_POINT('',(0.00399439675156211,-0.163991191701198,0.136446342739241));
#9765=CARTESIAN_POINT('',(0.00429785020918025,-0.161520759293985,0.137043132663675));
#9766=CARTESIAN_POINT('',(-7.36214502378152E-5,-0.163999595989591,0.138984987663776));
#9767=CARTESIAN_POINT('',(-7.23304304432242E-5,-0.163999593273964,0.13644431314591));
#9768=CARTESIAN_POINT('',(-7.78283902514047E-5,-0.161529963423096,0.137040909194011));
#9769=CARTESIAN_POINT('',(0.000329862345160041,-0.164001073010436,0.138984610466272));
#9770=CARTESIAN_POINT('',(0.000324078224779287,-0.164001018494772,0.136443968850954));
#9771=CARTESIAN_POINT('',(0.000348711622026329,-0.161531524845132,0.137040531996507));
#9772=CARTESIAN_POINT('',(-0.00427891118011932,-0.163957635057135,0.138995703530734));
#9773=CARTESIAN_POINT('',(-0.00420475248030957,-0.163959095902352,0.136454096220176));
#9774=CARTESIAN_POINT('',(-0.00452342039041134,-0.161485604723169,0.137051625061033));
#9775=CARTESIAN_POINT('',(-0.0135116419196015,-0.16571532385189,0.138546829820736));
#9776=CARTESIAN_POINT('',(-0.0131731111637577,-0.165617106727982,0.136053565465955));
#9777=CARTESIAN_POINT('',(-0.0142837357435796,-0.163343732877476,0.136602751350936));
#9778=CARTESIAN_POINT('',(-0.0252810019456835,-0.173479118876251,0.136564133288889));
#9779=CARTESIAN_POINT('',(-0.0248269488895986,-0.173063663586173,0.13425467791532));
#9780=CARTESIAN_POINT('',(-0.0267256306282918,-0.171551173331874,0.134620054819148));
#9781=CARTESIAN_POINT('',(-0.0331553741203214,-0.185174785230143,0.133577326315879));
#9782=CARTESIAN_POINT('',(-0.0328651126081921,-0.184501212621395,0.131491674159191));
#9783=CARTESIAN_POINT('',(-0.035049966927205,-0.183915163477345,0.13163324784605));
#9784=CARTESIAN_POINT('',(-0.035,-0.194390540335771,0.131223832228252));
#9785=CARTESIAN_POINT('',(-0.0349371846175663,-0.193833774449218,0.129237178610506));
#9786=CARTESIAN_POINT('',(-0.0369999999999826,-0.193657533160583,0.129279753758621));
#9787=CARTESIAN_POINT('',(-0.035,-0.198999518559249,0.130046804098478));
#9788=CARTESIAN_POINT('',(-0.035,-0.198529881568163,0.128102725628713));
#9789=CARTESIAN_POINT('',(-0.037,-0.198529881568163,0.128102725628713));
#9790=CARTESIAN_POINT('',(-0.037,-0.198529881568163,0.128102725628713));
#9791=CARTESIAN_POINT('',(-0.0364764012244017,-0.198529881568163,0.128102725628713));
#9792=CARTESIAN_POINT('',(-0.035433372263053,-0.198631645390983,0.12852398047171));
#9793=CARTESIAN_POINT('',(-0.035,-0.198876567882495,0.12953784554526));
#9794=CARTESIAN_POINT('',(-0.035,-0.19899951855925,0.130046804098478));
#9795=CARTESIAN_POINT('',(-0.037,-0.160976401848993,0.139232164875454));
#9796=CARTESIAN_POINT('',(-0.037,-0.198999518559249,0.127989273982173));
#9797=CARTESIAN_POINT('',(-0.0367524007294109,-0.198999518559249,0.127989273982173));
#9798=CARTESIAN_POINT('',(-0.0363713042674392,-0.199020767239381,0.128054426877299));
#9799=CARTESIAN_POINT('',(-0.0359538661661267,-0.199087966982386,0.128263299254789));
#9800=CARTESIAN_POINT('',(-0.0357408044020309,-0.19913510950354,0.128409828035437));
#9801=CARTESIAN_POINT('',(-0.0355709049867194,-0.199183198761311,0.128559173543985));
#9802=CARTESIAN_POINT('',(-0.0354952211123145,-0.199209054305964,0.12863901370997));
#9803=CARTESIAN_POINT('',(-0.0353570496898453,-0.199261236398707,0.128799839988253));
#9804=CARTESIAN_POINT('',(-0.0351364571110122,-0.19937011215178,0.129135696356469));
#9805=CARTESIAN_POINT('',(-0.0350009749084347,-0.199507200988571,0.129563636476218));
#9806=CARTESIAN_POINT('',(-0.0350000078643864,-0.199613331138431,0.129892753481829));
#9807=CARTESIAN_POINT('',(-0.037,-0.207205896882308,0.127444388569127));
#9808=CARTESIAN_POINT('',(-0.037,-0.207277224011633,0.127421387801665));
#9809=CARTESIAN_POINT('',(-0.037,-0.22911003151882,0.118527204404763));
#9810=CARTESIAN_POINT('',(-0.037,-0.235999518559249,0.115720585914311));
#9811=CARTESIAN_POINT('',(0.1,-0.235999518559249,0.115720585914311));
#9812=CARTESIAN_POINT('',(-0.084,-0.151542127185999,0.00810073525436774));
#9813=CARTESIAN_POINT('',(-0.098,-0.151542127185999,0.00810073525436774));
#9814=CARTESIAN_POINT('',(-0.098,-0.143542127185999,0.0013));
#9815=CARTESIAN_POINT('',(-0.098,-0.135542127185999,0.00810073525436773));
#9816=CARTESIAN_POINT('',(-0.098,-0.151542127185999,0.00810073525436775));
#9817=CARTESIAN_POINT('',(-0.084,-0.135542127185999,0.00810073525436773));
#9818=CARTESIAN_POINT('',(-0.098,-0.135542127185999,0.00810073525436774));
#9819=CARTESIAN_POINT('',(-0.098,-0.151542127185999,0.00810073525436775));
#9820=CARTESIAN_POINT('',(-0.098,-0.151542127185999,0.00810073525436774));
#9821=CARTESIAN_POINT('',(-0.098,-0.135542127185999,0.00810073525436773));
#9822=CARTESIAN_POINT('',(-0.098,-0.135542127185999,0.00810073525436773));
#9823=CARTESIAN_POINT('',(-0.084,-0.151542127185999,-0.00550073525436775));
#9824=CARTESIAN_POINT('',(-0.098,-0.151542127185999,-0.00550073525436775));
#9825=CARTESIAN_POINT('',(-0.098,-0.159542127185999,0.0013));
#9826=CARTESIAN_POINT('',(-0.098,-0.151542127185999,-0.00550073525436775));
#9827=CARTESIAN_POINT('',(-0.098,-0.127542127185999,0.0013));
#9828=CARTESIAN_POINT('',(-0.098,-0.135542127185999,-0.00550073525436775));
#9829=CARTESIAN_POINT('',(-0.084,-0.135542127185999,-0.00550073525436774));
#9830=CARTESIAN_POINT('',(-0.098,-0.135542127185999,-0.00550073525436774));
#9831=CARTESIAN_POINT('',(-0.098,-0.151542127185999,-0.00550073525436775));
#9832=CARTESIAN_POINT('',(-0.098,-0.151542127185999,-0.00550073525436775));
#9833=CARTESIAN_POINT('',(-0.098,-0.135542127185999,-0.00550073525436774));
#9834=CARTESIAN_POINT('',(-0.098,-0.135542127185999,-0.00550073525436775));
#9835=CARTESIAN_POINT('',(-0.098,-0.143542127185999,0.0013));
#9836=CARTESIAN_POINT('',(-0.084,-0.135542127185999,0.0581007352543677));
#9837=CARTESIAN_POINT('',(-0.098,-0.135542127185999,0.0581007352543677));
#9838=CARTESIAN_POINT('',(-0.098,-0.127542127185999,0.0513));
#9839=CARTESIAN_POINT('',(-0.098,-0.135542127185999,0.0444992647456322));
#9840=CARTESIAN_POINT('',(-0.098,-0.135542127185999,0.0581007352543677));
#9841=CARTESIAN_POINT('',(-0.084,-0.135542127185999,0.0444992647456322));
#9842=CARTESIAN_POINT('',(-0.098,-0.135542127185999,0.0444992647456322));
#9843=CARTESIAN_POINT('',(-0.098,-0.135542127185999,0.0581007352543677));
#9844=CARTESIAN_POINT('',(-0.098,-0.135542127185999,0.0581007352543677));
#9845=CARTESIAN_POINT('',(-0.098,-0.135542127185999,0.0444992647456322));
#9846=CARTESIAN_POINT('',(-0.098,-0.135542127185999,0.0444992647456322));
#9847=CARTESIAN_POINT('',(-0.084,-0.151542127185999,0.0581007352543678));
#9848=CARTESIAN_POINT('',(-0.098,-0.151542127185999,0.0581007352543677));
#9849=CARTESIAN_POINT('',(-0.098,-0.143542127185999,0.0513));
#9850=CARTESIAN_POINT('',(-0.098,-0.151542127185999,0.0581007352543678));
#9851=CARTESIAN_POINT('',(-0.098,-0.143542127185999,0.0513));
#9852=CARTESIAN_POINT('',(-0.098,-0.151542127185999,0.0444992647456322));
#9853=CARTESIAN_POINT('',(-0.084,-0.151542127185999,0.0444992647456322));
#9854=CARTESIAN_POINT('',(-0.098,-0.151542127185999,0.0444992647456322));
#9855=CARTESIAN_POINT('',(-0.098,-0.151542127185999,0.0581007352543678));
#9856=CARTESIAN_POINT('',(-0.098,-0.151542127185999,0.0581007352543678));
#9857=CARTESIAN_POINT('',(-0.098,-0.151542127185999,0.0444992647456322));
#9858=CARTESIAN_POINT('',(-0.098,-0.151542127185999,0.0444992647456322));
#9859=CARTESIAN_POINT('',(-0.098,-0.159542127185999,0.0513));
#9860=CARTESIAN_POINT('',(0.,-0.335984,0.0366518952846525));
#9861=CARTESIAN_POINT('',(0.,-0.335984,0.0366518952846525));
#9862=CARTESIAN_POINT('',(0.,-0.335984,0.0250948952846526));
#9863=CARTESIAN_POINT('',(0.,-0.335984,0.0366518952846525));
#9864=CARTESIAN_POINT('',(0.,-0.335984,0.0366518952846525));
#9865=CARTESIAN_POINT('',(0.,-0.335984,0.0300948952846525));
#9866=CARTESIAN_POINT('',(-0.048,-0.335984,0.0366518952846525));
#9867=CARTESIAN_POINT('',(-0.048,-0.335984,0.0366518952846525));
#9868=CARTESIAN_POINT('',(-0.048,-0.335984,0.0250948952846526));
#9869=CARTESIAN_POINT('',(0.,-0.335984,0.0366518952846525));
#9870=CARTESIAN_POINT('',(-0.048,-0.335984,0.0366518952846525));
#9871=CARTESIAN_POINT('',(-0.048,-0.335984,0.0300948952846525));
#9872=CARTESIAN_POINT('',(-0.048,-0.3287,0.0366518952846525));
#9873=CARTESIAN_POINT('',(0.,-0.3287,0.0366518952846525));
#9874=MECHANICAL_DESIGN_GEOMETRIC_PRESENTATION_REPRESENTATION('',(#5502),
#9875);
#9875=(
GEOMETRIC_REPRESENTATION_CONTEXT(3)
GLOBAL_UNCERTAINTY_ASSIGNED_CONTEXT((#9876))
GLOBAL_UNIT_ASSIGNED_CONTEXT((#9879,#9878,#9877))
REPRESENTATION_CONTEXT('Front L','TOP_LEVEL_ASSEMBLY_PART')
);
#9876=UNCERTAINTY_MEASURE_WITH_UNIT(LENGTH_MEASURE(2.E-5),#9879,
'DISTANCE_ACCURACY_VALUE','Maximum Tolerance applied to model');
#9877=(
NAMED_UNIT(*)
SI_UNIT($,.STERADIAN.)
SOLID_ANGLE_UNIT()
);
#9878=(
NAMED_UNIT(*)
PLANE_ANGLE_UNIT()
SI_UNIT($,.RADIAN.)
);
#9879=(
LENGTH_UNIT()
NAMED_UNIT(*)
SI_UNIT($,.METRE.)
);
#9880=PRODUCT_DEFINITION_SHAPE('','',#9881);
#9881=PRODUCT_DEFINITION('','',#9883,#9882);
#9882=PRODUCT_DEFINITION_CONTEXT('',#9889,'design');
#9883=PRODUCT_DEFINITION_FORMATION_WITH_SPECIFIED_SOURCE('','',#9885,
 .NOT_KNOWN.);
#9884=PRODUCT_RELATED_PRODUCT_CATEGORY('','',(#9885));
#9885=PRODUCT('Front L','Front L','Front L',(#9887));
#9886=PRODUCT_CATEGORY('','');
#9887=PRODUCT_CONTEXT('',#9889,'mechanical');
#9888=APPLICATION_PROTOCOL_DEFINITION('international standard',
'ap242_managed_model_based_3d_engineering',2020,#9889);
#9889=APPLICATION_CONTEXT('managed model based 3d engineering');
ENDSEC;
END-ISO-10303-21;
