ISO-10303-21;
HEADER;
/* Generated by software containing ST-Developer
 * from STEP Tools, Inc. (www.steptools.com) 
 */
/* OPTION: using custom renumber hook */

FILE_DESCRIPTION(
/* description */ ('STEP AP242 Edition 2',
'CAx-IF Rec.Pracs.---Representation and Presentation of Product Manufa
cturing Information (PMI)---4.0---2014-10-13',
'CAx-IF Rec.Pracs.---3D Tessellated Geometry---0.4---2014-09-14','2;1',
'CAx-IF Rec.Pracs.---User Defined Attributes---1.5---2016-08-15'),
/* implementation_level */ '2;1');

FILE_NAME(
/* name */ 'Main motor mount V3',
/* time_stamp */ '2026-07-28T23:06:40Z',
/* author */ (''),
/* organization */ (''),
/* preprocessor_version */ 'ST-DEVELOPER v20',
/* originating_system */ 'ONSHAPE BY PTC INC, 1.218',
/* authorisation */ '  ');

FILE_SCHEMA (('AP242_MANAGED_MODEL_BASED_3D_ENGINEERING_MIM_LF { 1 0 10303 442 3 1 4 }'));
ENDSEC;

DATA;
#10=SHAPE_REPRESENTATION_RELATIONSHIP('','',#5359,#11);
#11=ADVANCED_BREP_SHAPE_REPRESENTATION('',(#5357),#10201);
#12=DEGENERATE_TOROIDAL_SURFACE('',#5939,0.002,0.003,.T.);
#13=DEGENERATE_TOROIDAL_SURFACE('',#5952,0.002,0.003,.T.);
#14=SPHERICAL_SURFACE('',#5858,0.002);
#15=SPHERICAL_SURFACE('',#5863,0.002);
#16=SPHERICAL_SURFACE('',#5945,0.003);
#17=SPHERICAL_SURFACE('',#5958,0.003);
#18=(
BOUNDED_SURFACE()
B_SPLINE_SURFACE(3,2,((#9120,#9121,#9122),(#9123,#9124,#9125),(#9126,#9127,
#9128),(#9129,#9130,#9131),(#9132,#9133,#9134),(#9135,#9136,#9137),(#9138,
#9139,#9140),(#9141,#9142,#9143),(#9144,#9145,#9146),(#9147,#9148,#9149),
(#9150,#9151,#9152),(#9153,#9154,#9155),(#9156,#9157,#9158),(#9159,#9160,
#9161),(#9162,#9163,#9164),(#9165,#9166,#9167),(#9168,#9169,#9170),(#9171,
#9172,#9173),(#9174,#9175,#9176),(#9177,#9178,#9179),(#9180,#9181,#9182),
(#9183,#9184,#9185),(#9186,#9187,#9188),(#9189,#9190,#9191),(#9192,#9193,
#9194)),.UNSPECIFIED.,.T.,.F.,.F.)
B_SPLINE_SURFACE_WITH_KNOTS((1,3,1,1,1,1,1,1,1,1,1,1,1,1,1,1,1,1,1,1,1,
1,1,3,1),(3,3),(-0.196349540849362,0.,0.196349540849362,0.392699081698724,
0.589048622548086,0.785398163397448,0.98174770424681,1.17809724509617,1.5707963267949,
1.96349540849362,2.35619449019234,2.74889357189107,3.14159265358979,3.53429173528852,
3.92699081698724,4.31968989868597,4.71238898038469,5.10508806208341,5.30143760293278,
5.49778714378214,5.6941366846315,5.89048622548086,6.08683576633022,6.28318530717959,
6.47953484802895),(0.,1.),.UNSPECIFIED.)
GEOMETRIC_REPRESENTATION_ITEM()
RATIONAL_B_SPLINE_SURFACE(((1.,0.285743314100082,1.),(1.,0.285743314100082,
1.),(1.,0.29541571642851,1.),(1.,0.334304648725075,1.),(1.,0.388700566163143,
1.),(1.,0.451308873278744,1.),(1.,0.517249715314005,1.),(1.,0.605398989645701,
1.),(1.,0.710354714611528,1.),(1.,0.816813984020638,1.),(1.,0.897166528860153,
1.),(1.,0.947040026203791,1.),(1.,0.963939275541083,1.),(1.,0.947040026203792,
1.),(1.,0.897166528860153,1.),(1.,0.816813984020639,1.),(1.,0.710354714611526,
1.),(1.,0.605398989645703,1.),(1.,0.517249715314005,1.),(1.,0.451308873278744,
1.),(1.,0.388700566163145,1.),(1.,0.334304648725073,1.),(1.,0.295415716428511,
1.),(1.,0.285743314100082,1.),(1.,0.285743314100082,1.)))
REPRESENTATION_ITEM('')
SURFACE()
);
#19=(
BOUNDED_SURFACE()
B_SPLINE_SURFACE(3,2,((#9195,#9196,#9197),(#9198,#9199,#9200),(#9201,#9202,
#9203),(#9204,#9205,#9206),(#9207,#9208,#9209)),.UNSPECIFIED.,.F.,.F.,.F.)
B_SPLINE_SURFACE_WITH_KNOTS((4,1,4),(3,3),(1.5707963267949,1.99658418987687,
2.42237205295884),(0.,1.),.UNSPECIFIED.)
GEOMETRIC_REPRESENTATION_ITEM()
RATIONAL_B_SPLINE_SURFACE(((1.,0.707106781186548,1.),(1.,0.734588089045894,
1.),(1.,0.786219522029793,1.),(1.,0.82500643544094,1.),(1.,0.840242415990494,
1.)))
REPRESENTATION_ITEM('')
SURFACE()
);
#20=(
BOUNDED_SURFACE()
B_SPLINE_SURFACE(3,2,((#9225,#9226,#9227),(#9228,#9229,#9230),(#9231,#9232,
#9233),(#9234,#9235,#9236),(#9237,#9238,#9239)),.UNSPECIFIED.,.F.,.F.,.F.)
B_SPLINE_SURFACE_WITH_KNOTS((4,1,4),(3,3),(3.86086920499349,4.28662909268909,
4.71238898038469),(0.,1.),.UNSPECIFIED.)
GEOMETRIC_REPRESENTATION_ITEM()
RATIONAL_B_SPLINE_SURFACE(((1.,0.840236409512344,1.),(1.,0.825000347694089,
1.),(1.,0.786214558734675,1.),(1.,0.73458628345864,1.),(1.,0.707106781186548,
1.)))
REPRESENTATION_ITEM('')
SURFACE()
);
#21=(
BOUNDED_SURFACE()
B_SPLINE_SURFACE(3,2,((#9249,#9250,#9251),(#9252,#9253,#9254),(#9255,#9256,
#9257),(#9258,#9259,#9260),(#9261,#9262,#9263),(#9264,#9265,#9266),(#9267,
#9268,#9269)),.UNSPECIFIED.,.F.,.F.,.F.)
B_SPLINE_SURFACE_WITH_KNOTS((4,1,1,1,4),(3,3),(5.41803302698293,5.85060916708126,
6.28318530717959,6.71576144727792,7.14833758737625),(0.,1.),
 .UNSPECIFIED.)
GEOMETRIC_REPRESENTATION_ITEM()
RATIONAL_B_SPLINE_SURFACE(((1.,0.878242901746401,1.),(1.,0.904384527713835,
1.),(1.,0.944624762526285,1.),(1.,0.965146907378911,1.),(1.,0.944624762529985,
1.),(1.,0.904384527705199,1.),(1.,0.878242901746402,1.)))
REPRESENTATION_ITEM('')
SURFACE()
);
#22=(
BOUNDED_SURFACE()
B_SPLINE_SURFACE(3,2,((#9286,#9287,#9288),(#9289,#9290,#9291),(#9292,#9293,
#9294),(#9295,#9296,#9297)),.UNSPECIFIED.,.F.,.F.,.F.)
B_SPLINE_SURFACE_WITH_KNOTS((4,4),(3,3),(2.88042833955513,3.40275696762446),
(0.,1.),.PIECEWISE_BEZIER_KNOTS.)
GEOMETRIC_REPRESENTATION_ITEM()
RATIONAL_B_SPLINE_SURFACE(((1.,0.874382082516094,1.),(1.,0.88142150918624,
1.),(1.,0.88142150918624,1.),(1.,0.874382082516094,1.)))
REPRESENTATION_ITEM('')
SURFACE()
);
#23=(
BOUNDED_SURFACE()
B_SPLINE_SURFACE(3,2,((#9332,#9333,#9334),(#9335,#9336,#9337),(#9338,#9339,
#9340),(#9341,#9342,#9343),(#9344,#9345,#9346),(#9347,#9348,#9349),(#9350,
#9351,#9352)),.UNSPECIFIED.,.F.,.F.,.F.)
B_SPLINE_SURFACE_WITH_KNOTS((4,1,1,1,4),(3,3),(1.7130394325271E-17,0.00567359329272099,
0.011347186585442,0.0170207798781629,0.0226943731708839),(0.,1.),
 .UNSPECIFIED.)
GEOMETRIC_REPRESENTATION_ITEM()
RATIONAL_B_SPLINE_SURFACE(((1.,0.707106781186547,1.),(1.,0.749195913133859,
1.),(1.,0.827988025802518,1.),(1.,0.923888800713507,1.),(1.,0.985488584351894,
1.),(1.,0.99999999999979,1.),(1.,1.,1.)))
REPRESENTATION_ITEM('')
SURFACE()
);
#24=(
BOUNDED_SURFACE()
B_SPLINE_SURFACE(3,2,((#9358,#9359,#9360),(#9361,#9362,#9363),(#9364,#9365,
#9366),(#9367,#9368,#9369),(#9370,#9371,#9372),(#9373,#9374,#9375),(#9376,
#9377,#9378)),.UNSPECIFIED.,.F.,.F.,.F.)
B_SPLINE_SURFACE_WITH_KNOTS((4,1,1,1,4),(3,3),(4.11996825544492E-18,0.00567359329272092,
0.0113471865854418,0.0170207798781628,0.0226943731708837),(0.,1.),
 .UNSPECIFIED.)
GEOMETRIC_REPRESENTATION_ITEM()
RATIONAL_B_SPLINE_SURFACE(((1.,0.707106781186547,1.),(1.,0.749195913133965,
1.),(1.,0.827988025802468,1.),(1.,0.923888800713518,1.),(1.,0.985488584351891,
1.),(1.,0.99999999999979,1.),(1.,1.,1.)))
REPRESENTATION_ITEM('')
SURFACE()
);
#25=(
BOUNDED_SURFACE()
B_SPLINE_SURFACE(3,2,((#9379,#9380,#9381),(#9382,#9383,#9384),(#9385,#9386,
#9387),(#9388,#9389,#9390),(#9391,#9392,#9393),(#9394,#9395,#9396),(#9397,
#9398,#9399)),.UNSPECIFIED.,.F.,.F.,.F.)
B_SPLINE_SURFACE_WITH_KNOTS((4,1,1,1,4),(3,3),(-1.56125112837913E-17,0.00567359329272091,
0.0113471865854418,0.0170207798781628,0.0226943731708837),(0.,1.),
 .UNSPECIFIED.)
GEOMETRIC_REPRESENTATION_ITEM()
RATIONAL_B_SPLINE_SURFACE(((1.,0.707106781186547,1.),(1.,0.749195913133433,
1.),(1.,0.827988025802715,1.),(1.,0.923888800713452,1.),(1.,0.98548858435191,
1.),(1.,0.99999999999979,1.),(1.,1.,1.)))
REPRESENTATION_ITEM('')
SURFACE()
);
#26=(
BOUNDED_SURFACE()
B_SPLINE_SURFACE(3,2,((#9405,#9406,#9407),(#9408,#9409,#9410),(#9411,#9412,
#9413),(#9414,#9415,#9416),(#9417,#9418,#9419),(#9420,#9421,#9422),(#9423,
#9424,#9425)),.UNSPECIFIED.,.F.,.F.,.F.)
B_SPLINE_SURFACE_WITH_KNOTS((4,1,1,1,4),(3,3),(-2.81892564846231E-18,0.00567359329272097,
0.0113471865854419,0.0170207798781629,0.0226943731708839),(0.,1.),
 .UNSPECIFIED.)
GEOMETRIC_REPRESENTATION_ITEM()
RATIONAL_B_SPLINE_SURFACE(((1.,0.707106781186547,1.),(1.,0.749195913133859,
1.),(1.,0.827988025802518,1.),(1.,0.923888800713507,1.),(1.,0.985488584351894,
1.),(1.,0.99999999999979,1.),(1.,1.,1.)))
REPRESENTATION_ITEM('')
SURFACE()
);
#27=(
BOUNDED_SURFACE()
B_SPLINE_SURFACE(3,2,((#9435,#9436,#9437),(#9438,#9439,#9440),(#9441,#9442,
#9443),(#9444,#9445,#9446)),.UNSPECIFIED.,.F.,.F.,.F.)
B_SPLINE_SURFACE_WITH_KNOTS((4,4),(3,3),(-6.17995238316738E-18,0.00103831044427285),
(0.,1.),.PIECEWISE_BEZIER_KNOTS.)
GEOMETRIC_REPRESENTATION_ITEM()
RATIONAL_B_SPLINE_SURFACE(((1.,0.691746024158297,1.),(1.,0.740638761171407,
1.),(1.,0.783027858466204,1.),(1.,0.789048167946707,1.)))
REPRESENTATION_ITEM('')
SURFACE()
);
#28=(
BOUNDED_SURFACE()
B_SPLINE_SURFACE(3,2,((#9449,#9450,#9451),(#9452,#9453,#9454),(#9455,#9456,
#9457),(#9458,#9459,#9460),(#9461,#9462,#9463),(#9464,#9465,#9466),(#9467,
#9468,#9469),(#9470,#9471,#9472),(#9473,#9474,#9475),(#9476,#9477,#9478),
(#9479,#9480,#9481),(#9482,#9483,#9484),(#9485,#9486,#9487),(#9488,#9489,
#9490),(#9491,#9492,#9493)),.UNSPECIFIED.,.F.,.F.,.F.)
B_SPLINE_SURFACE_WITH_KNOTS((4,1,1,1,1,1,1,1,1,1,1,1,4),(3,3),(4.76377384454798,
5.05902836990605,5.35428289526413,5.64953742062221,5.79716468330125,5.94479194598029,
6.09241920865933,6.24004647133837,6.38767373401741,6.53530099669644,6.68292825937548,
6.83055552205452,7.1258100474126),(0.,1.),.UNSPECIFIED.)
GEOMETRIC_REPRESENTATION_ITEM()
RATIONAL_B_SPLINE_SURFACE(((1.,0.691746024158279,1.),(1.,0.662024875294766,
1.),(1.,0.599154937936707,1.),(1.,0.49925423798489,1.),(1.,0.41737017630307,
1.),(1.,0.359569317838097,1.),(1.,0.322922320754191,1.),(1.,0.29642522582188,
1.),(1.,0.283744925455871,1.),(1.,0.287136351742909,1.),(1.,0.30595953943221,
1.),(1.,0.337129103126751,1.),(1.,0.390238449224625,1.),(1.,0.438085746543006,
1.),(1.,0.470728208050922,1.)))
REPRESENTATION_ITEM('')
SURFACE()
);
#29=(
BOUNDED_SURFACE()
B_SPLINE_SURFACE(3,2,((#9495,#9496,#9497),(#9498,#9499,#9500),(#9501,#9502,
#9503),(#9504,#9505,#9506),(#9507,#9508,#9509),(#9510,#9511,#9512),(#9513,
#9514,#9515),(#9516,#9517,#9518),(#9519,#9520,#9521),(#9522,#9523,#9524),
(#9525,#9526,#9527),(#9528,#9529,#9530),(#9531,#9532,#9533),(#9534,#9535,
#9536)),.UNSPECIFIED.,.F.,.F.,.F.)
B_SPLINE_SURFACE_WITH_KNOTS((4,1,1,1,1,1,1,1,1,1,1,4),(3,3),(-2.81892564846231E-18,
0.00288460662299711,0.00576921324599423,0.00865381986899135,0.0115384264919885,
0.0144230331149856,0.0158653364264841,0.0173076397379827,0.0187499430494813,
0.0201922463609798,0.0216345496724784,0.0230768529839769),(0.,1.),
 .UNSPECIFIED.)
GEOMETRIC_REPRESENTATION_ITEM()
RATIONAL_B_SPLINE_SURFACE(((1.,0.789048167946718,1.),(1.,0.788946473429105,
1.),(1.,0.788727876386717,1.),(1.,0.773514806211935,1.),(1.,0.725596315978572,
1.),(1.,0.643954485472736,1.),(1.,0.555035879056829,1.),(1.,0.479659997711159,
1.),(1.,0.427389777942264,1.),(1.,0.39024051385882,1.),(1.,0.384876376073042,
1.),(1.,0.414563671180658,1.),(1.,0.447829300935133,1.),(1.,0.465598350674314,
1.)))
REPRESENTATION_ITEM('')
SURFACE()
);
#30=(
BOUNDED_SURFACE()
B_SPLINE_SURFACE(3,2,((#9538,#9539,#9540),(#9541,#9542,#9543),(#9544,#9545,
#9546),(#9547,#9548,#9549),(#9550,#9551,#9552),(#9553,#9554,#9555),(#9556,
#9557,#9558)),.UNSPECIFIED.,.F.,.F.,.F.)
B_SPLINE_SURFACE_WITH_KNOTS((4,1,1,1,4),(3,3),(-6.88468379528295E-18,0.000291247601652641,
0.000582495203305288,0.000873742804957936,0.00116499040661058),(0.,1.),
 .UNSPECIFIED.)
GEOMETRIC_REPRESENTATION_ITEM()
RATIONAL_B_SPLINE_SURFACE(((1.,0.465598350674341,1.),(1.,0.457271551631016,
1.),(1.,0.444144240669288,1.),(1.,0.436255011752398,1.),(1.,0.443602122732672,
1.),(1.,0.4598965345874,1.),(1.,0.470728208050939,1.)))
REPRESENTATION_ITEM('')
SURFACE()
);
#31=(
BOUNDED_SURFACE()
B_SPLINE_SURFACE(3,2,((#9559,#9560,#9561),(#9562,#9563,#9564),(#9565,#9566,
#9567),(#9568,#9569,#9570),(#9571,#9572,#9573),(#9574,#9575,#9576),(#9577,
#9578,#9579),(#9580,#9581,#9582),(#9583,#9584,#9585),(#9586,#9587,#9588),
(#9589,#9590,#9591),(#9592,#9593,#9594),(#9595,#9596,#9597),(#9598,#9599,
#9600),(#9601,#9602,#9603),(#9604,#9605,#9606),(#9607,#9608,#9609),(#9610,
#9611,#9612),(#9613,#9614,#9615)),.UNSPECIFIED.,.T.,.F.,.F.)
B_SPLINE_SURFACE_WITH_KNOTS((1,3,1,1,1,1,1,1,1,1,1,1,1,1,1,1,1,3,1),(3,
3),(-0.00235190970976703,0.,0.00235190970976703,0.00470381941953406,0.00705572912930109,
0.00940763883906812,0.0117595485488351,0.0141114582586022,0.0164633679683692,
0.0188152776781362,0.0211671873879033,0.0235190970976703,0.0258710068074373,
0.0282229165172043,0.0305748262269714,0.0329267359367384,0.0352786456465054,
0.0376305553562725,0.0399824650660395),(0.,1.),.UNSPECIFIED.)
GEOMETRIC_REPRESENTATION_ITEM()
RATIONAL_B_SPLINE_SURFACE(((1.,0.70575581609879,1.),(1.,0.708461183783653,
1.),(1.,0.705454231290797,1.),(1.,0.678069620373538,1.),(1.,0.642197869841503,
1.),(1.,0.618687144296666,1.),(1.,0.623882581633003,1.),(1.,0.654078281527975,
1.),(1.,0.689236414119755,1.),(1.,0.709960279197915,1.),(1.,0.705462625113417,
1.),(1.,0.678059520173818,1.),(1.,0.642111782890065,1.),(1.,0.618657278308238,
1.),(1.,0.623942434842995,1.),(1.,0.654073127814644,1.),(1.,0.689222025181617,
1.),(1.,0.703050448413926,1.),(1.,0.70575581609879,1.)))
REPRESENTATION_ITEM('')
SURFACE()
);
#32=(
BOUNDED_SURFACE()
B_SPLINE_SURFACE(3,2,((#9616,#9617,#9618),(#9619,#9620,#9621),(#9622,#9623,
#9624),(#9625,#9626,#9627),(#9628,#9629,#9630),(#9631,#9632,#9633),(#9634,
#9635,#9636)),.UNSPECIFIED.,.F.,.F.,.F.)
B_SPLINE_SURFACE_WITH_KNOTS((4,1,1,1,4),(3,3),(5.36680075380325E-18,0.000291256506442092,
0.000582513012884178,0.000873769519326264,0.00116502602576835),(0.,1.),
 .UNSPECIFIED.)
GEOMETRIC_REPRESENTATION_ITEM()
RATIONAL_B_SPLINE_SURFACE(((1.,0.47072820805092,1.),(1.,0.459898935565123,
1.),(1.,0.443692106020733,1.),(1.,0.436250830017116,1.),(1.,0.44406405538289,
1.),(1.,0.457269625208961,1.),(1.,0.465598350674303,1.)))
REPRESENTATION_ITEM('')
SURFACE()
);
#33=(
BOUNDED_SURFACE()
B_SPLINE_SURFACE(3,2,((#9639,#9640,#9641),(#9642,#9643,#9644),(#9645,#9646,
#9647),(#9648,#9649,#9650),(#9651,#9652,#9653),(#9654,#9655,#9656),(#9657,
#9658,#9659),(#9660,#9661,#9662),(#9663,#9664,#9665),(#9666,#9667,#9668),
(#9669,#9670,#9671),(#9672,#9673,#9674),(#9675,#9676,#9677),(#9678,#9679,
#9680),(#9681,#9682,#9683)),.UNSPECIFIED.,.F.,.F.,.F.)
B_SPLINE_SURFACE_WITH_KNOTS((4,1,1,1,1,1,1,1,1,1,1,1,4),(3,3),(5.44056056694657,
5.73581509230465,5.88344235498369,6.03106961766273,6.17869688034177,6.32632414302081,
6.47395140569984,6.62157866837888,6.76920593105792,6.91683319373696,7.21208771909504,
7.50734224445312,7.8025967698112),(0.,1.),.UNSPECIFIED.)
GEOMETRIC_REPRESENTATION_ITEM()
RATIONAL_B_SPLINE_SURFACE(((1.,0.470728208050924,1.),(1.,0.438085746548203,
1.),(1.,0.390238449223458,1.),(1.,0.337129103126973,1.),(1.,0.305959539432147,
1.),(1.,0.287136351742935,1.),(1.,0.283744925455867,1.),(1.,0.29642522582187,
1.),(1.,0.322922320754201,1.),(1.,0.359569317838101,1.),(1.,0.417370176303026,
1.),(1.,0.499254237985229,1.),(1.,0.599154937935477,1.),(1.,0.662024875297397,
1.),(1.,0.691746024158278,1.)))
REPRESENTATION_ITEM('')
SURFACE()
);
#34=(
BOUNDED_SURFACE()
B_SPLINE_SURFACE(3,2,((#9685,#9686,#9687),(#9688,#9689,#9690),(#9691,#9692,
#9693),(#9694,#9695,#9696),(#9697,#9698,#9699),(#9700,#9701,#9702),(#9703,
#9704,#9705),(#9706,#9707,#9708),(#9709,#9710,#9711),(#9712,#9713,#9714),
(#9715,#9716,#9717),(#9718,#9719,#9720),(#9721,#9722,#9723),(#9724,#9725,
#9726)),.UNSPECIFIED.,.F.,.F.,.F.)
B_SPLINE_SURFACE_WITH_KNOTS((4,1,1,1,1,1,1,1,1,1,1,4),(3,3),(9.97465998686664E-18,
0.00144732785932495,0.0028946557186499,0.00434198357797484,0.00578931143729978,
0.00723663929662473,0.00868396715594967,0.0115786228745996,0.0144732785932494,
0.0173679343118993,0.0202625900305492,0.0231572457491991),(0.,1.),
 .UNSPECIFIED.)
GEOMETRIC_REPRESENTATION_ITEM()
RATIONAL_B_SPLINE_SURFACE(((1.,0.465598350674314,1.),(1.,0.447847122745641,
1.),(1.,0.414906528535052,1.),(1.,0.385019498291957,1.),(1.,0.39003608320459,
1.),(1.,0.427106885755684,1.),(1.,0.479699445138171,1.),(1.,0.554656838276305,
1.),(1.,0.644414841213341,1.),(1.,0.725647308085839,1.),(1.,0.773386869217318,
1.),(1.,0.788722144601644,1.),(1.,0.788946229085467,1.),(1.,0.789048167946718,
1.)))
REPRESENTATION_ITEM('')
SURFACE()
);
#35=(
BOUNDED_SURFACE()
B_SPLINE_SURFACE(3,2,((#9728,#9729,#9730),(#9731,#9732,#9733),(#9734,#9735,
#9736),(#9737,#9738,#9739)),.UNSPECIFIED.,.F.,.F.,.F.)
B_SPLINE_SURFACE_WITH_KNOTS((4,4),(3,3),(6.07153216591882E-18,0.0010373416660717),
(0.,1.),.PIECEWISE_BEZIER_KNOTS.)
GEOMETRIC_REPRESENTATION_ITEM()
RATIONAL_B_SPLINE_SURFACE(((1.,0.789048167946716,1.),(1.,0.783036704283843,
1.),(1.,0.740579799057856,1.),(1.,0.691746024158265,1.)))
REPRESENTATION_ITEM('')
SURFACE()
);
#36=(
BOUNDED_SURFACE()
B_SPLINE_SURFACE(3,2,((#9935,#9936,#9937),(#9938,#9939,#9940),(#9941,#9942,
#9943),(#9944,#9945,#9946)),.UNSPECIFIED.,.F.,.F.,.F.)
B_SPLINE_SURFACE_WITH_KNOTS((4,4),(3,3),(-2.68882138776405E-17,0.00206618276770866),
(0.,1.),.PIECEWISE_BEZIER_KNOTS.)
GEOMETRIC_REPRESENTATION_ITEM()
RATIONAL_B_SPLINE_SURFACE(((1.,0.707106781186548,1.),(1.,0.710854873073374,
1.),(1.,0.714749019319205,1.),(1.,0.718804752900471,1.)))
REPRESENTATION_ITEM('')
SURFACE()
);
#37=(
BOUNDED_SURFACE()
B_SPLINE_SURFACE(3,2,((#9948,#9949,#9950),(#9951,#9952,#9953),(#9954,#9955,
#9956),(#9957,#9958,#9959),(#9960,#9961,#9962),(#9963,#9964,#9965),(#9966,
#9967,#9968),(#9969,#9970,#9971)),.UNSPECIFIED.,.F.,.F.,.F.)
B_SPLINE_SURFACE_WITH_KNOTS((4,1,1,1,1,4),(3,3),(3.55618312575245E-17,0.00155168338897095,
0.00310336677794187,0.0062067335558837,0.00931010033382553,0.0124134671117674),
(0.,1.),.UNSPECIFIED.)
GEOMETRIC_REPRESENTATION_ITEM()
RATIONAL_B_SPLINE_SURFACE(((1.,0.718804752900471,1.),(1.,0.727470838137531,
1.),(1.,0.752170591039689,1.),(1.,0.820221755466733,1.),(1.,0.910243055977799,
1.),(1.,0.982746053209356,1.),(1.,0.999999999999885,1.),(1.,1.,1.)))
REPRESENTATION_ITEM('')
SURFACE()
);
#38=(
BOUNDED_SURFACE()
B_SPLINE_SURFACE(3,2,((#9984,#9985,#9986),(#9987,#9988,#9989),(#9990,#9991,
#9992),(#9993,#9994,#9995)),.UNSPECIFIED.,.F.,.F.,.F.)
B_SPLINE_SURFACE_WITH_KNOTS((4,4),(3,3),(-2.42861286636753E-17,0.00295154459725483),
(0.,1.),.PIECEWISE_BEZIER_KNOTS.)
GEOMETRIC_REPRESENTATION_ITEM()
RATIONAL_B_SPLINE_SURFACE(((1.,0.707106781186548,1.),(1.,0.716395960564713,
1.),(1.,0.726032757246164,1.),(1.,0.736033895179529,1.)))
REPRESENTATION_ITEM('')
SURFACE()
);
#39=(
BOUNDED_SURFACE()
B_SPLINE_SURFACE(3,2,((#9997,#9998,#9999),(#10000,#10001,#10002),(#10003,
#10004,#10005),(#10006,#10007,#10008),(#10009,#10010,#10011),(#10012,#10013,
#10014),(#10015,#10016,#10017)),.UNSPECIFIED.,.F.,.F.,.F.)
B_SPLINE_SURFACE_WITH_KNOTS((4,1,1,1,4),(3,3),(8.67361737988404E-18,0.00289363237285595,
0.0057872647457119,0.00868089711856784,0.0115745294914238),(0.,1.),
 .UNSPECIFIED.)
GEOMETRIC_REPRESENTATION_ITEM()
RATIONAL_B_SPLINE_SURFACE(((1.,0.736033895179529,1.),(1.,0.759344177277263,
1.),(1.,0.825515893759277,1.),(1.,0.921674218776495,1.),(1.,0.985408058488615,
1.),(1.,0.999999999999893,1.),(1.,1.,1.)))
REPRESENTATION_ITEM('')
SURFACE()
);
#40=(
BOUNDED_SURFACE()
B_SPLINE_SURFACE(3,2,((#10044,#10045,#10046),(#10047,#10048,#10049),(#10050,
#10051,#10052),(#10053,#10054,#10055)),.UNSPECIFIED.,.F.,.F.,.F.)
B_SPLINE_SURFACE_WITH_KNOTS((4,4),(3,3),(0.0185871502478906,0.022159578348119),
(0.,1.),.PIECEWISE_BEZIER_KNOTS.)
GEOMETRIC_REPRESENTATION_ITEM()
RATIONAL_B_SPLINE_SURFACE(((1.,0.707106781186548,1.),(1.,0.761225282365956,
1.),(1.,0.809438976352486,1.),(1.,0.852350913513124,1.)))
REPRESENTATION_ITEM('')
SURFACE()
);
#41=(
BOUNDED_SURFACE()
B_SPLINE_SURFACE(3,2,((#10057,#10058,#10059),(#10060,#10061,#10062),(#10063,
#10064,#10065),(#10066,#10067,#10068),(#10069,#10070,#10071)),
 .UNSPECIFIED.,.F.,.F.,.F.)
B_SPLINE_SURFACE_WITH_KNOTS((4,1,4),(3,3),(0.0232111347115807,0.0250639299902643,
0.026916725268948),(0.,1.),.UNSPECIFIED.)
GEOMETRIC_REPRESENTATION_ITEM()
RATIONAL_B_SPLINE_SURFACE(((1.,0.963624111659431,1.),(1.,0.963624111938896,
1.),(1.,0.940145079162438,1.),(1.,0.884870243707022,1.),(1.,0.852350913513123,
1.)))
REPRESENTATION_ITEM('')
SURFACE()
);
#42=(
BOUNDED_SURFACE()
B_SPLINE_SURFACE(3,2,((#10075,#10076,#10077),(#10078,#10079,#10080),(#10081,
#10082,#10083),(#10084,#10085,#10086),(#10087,#10088,#10089),(#10090,#10091,
#10092),(#10093,#10094,#10095)),.UNSPECIFIED.,.F.,.F.,.F.)
B_SPLINE_SURFACE_WITH_KNOTS((4,1,1,1,4),(3,3),(-4.33680868994202E-17,0.00405790992507392,
0.00811581985014789,0.0121737297752219,0.0162316397002958),(0.,1.),
 .UNSPECIFIED.)
GEOMETRIC_REPRESENTATION_ITEM()
RATIONAL_B_SPLINE_SURFACE(((1.,0.963624111659431,1.),(1.,0.972914389987637,
1.),(1.,0.982141768198677,1.),(1.,0.985223672839898,1.),(1.,0.982116325499038,
1.),(1.,0.972946527964292,1.),(1.,0.963624111659429,1.)))
REPRESENTATION_ITEM('')
SURFACE()
);
#43=(
BOUNDED_SURFACE()
B_SPLINE_SURFACE(3,2,((#10099,#10100,#10101),(#10102,#10103,#10104),(#10105,
#10106,#10107),(#10108,#10109,#10110),(#10111,#10112,#10113)),
 .UNSPECIFIED.,.F.,.F.,.F.)
B_SPLINE_SURFACE_WITH_KNOTS((4,1,4),(3,3),(0.0227432052691554,0.0245855092163156,
0.0264278131634759),(0.,1.),.UNSPECIFIED.)
GEOMETRIC_REPRESENTATION_ITEM()
RATIONAL_B_SPLINE_SURFACE(((1.,0.852350913513127,1.),(1.,0.884837996238643,
1.),(1.,0.940269051504902,1.),(1.,0.963624111119775,1.),(1.,0.963624111659431,
1.)))
REPRESENTATION_ITEM('')
SURFACE()
);
#44=(
BOUNDED_SURFACE()
B_SPLINE_SURFACE(3,2,((#10117,#10118,#10119),(#10120,#10121,#10122),(#10123,
#10124,#10125),(#10126,#10127,#10128)),.UNSPECIFIED.,.F.,.F.,.F.)
B_SPLINE_SURFACE_WITH_KNOTS((4,4),(3,3),(0.0185871502478906,0.022159578348119),
(0.,1.),.PIECEWISE_BEZIER_KNOTS.)
GEOMETRIC_REPRESENTATION_ITEM()
RATIONAL_B_SPLINE_SURFACE(((1.,0.707106781186548,1.),(1.,0.761225282365956,
1.),(1.,0.809438976351057,1.),(1.,0.852350913513125,1.)))
REPRESENTATION_ITEM('')
SURFACE()
);
#45=(
BOUNDED_SURFACE()
B_SPLINE_SURFACE(3,2,((#10129,#10130,#10131),(#10132,#10133,#10134),(#10135,
#10136,#10137),(#10138,#10139,#10140),(#10141,#10142,#10143),(#10144,#10145,
#10146),(#10147,#10148,#10149)),.UNSPECIFIED.,.F.,.F.,.F.)
B_SPLINE_SURFACE_WITH_KNOTS((4,1,1,1,4),(3,3),(0.0185871502478906,0.0203737003322655,
0.0221602504166404,0.0239468005010154,0.0257333505853903),(0.,1.),
 .UNSPECIFIED.)
GEOMETRIC_REPRESENTATION_ITEM()
RATIONAL_B_SPLINE_SURFACE(((1.,0.707106781186548,1.),(1.,0.734171122338944,
1.),(1.,0.785103049737666,1.),(1.,0.854028597807658,1.),(1.,0.913033346211134,
1.),(1.,0.938071545496457,1.),(1.,0.942322420381301,1.)))
REPRESENTATION_ITEM('')
SURFACE()
);
#46=(
BOUNDED_SURFACE()
B_SPLINE_SURFACE(3,2,((#10153,#10154,#10155),(#10156,#10157,#10158),(#10159,
#10160,#10161),(#10162,#10163,#10164),(#10165,#10166,#10167),(#10168,#10169,
#10170)),.UNSPECIFIED.,.F.,.F.,.F.)
B_SPLINE_SURFACE_WITH_KNOTS((4,1,1,4),(3,3),(-1.3541685134344E-15,0.00141365211329281,
0.00282730422658698,0.00565460845317532),(0.,1.),.UNSPECIFIED.)
GEOMETRIC_REPRESENTATION_ITEM()
RATIONAL_B_SPLINE_SURFACE(((1.,0.707106781186712,1.),(1.,0.749271709704991,
1.),(1.,0.829782256382817,1.),(1.,0.957989584262883,1.),(1.,1.00000000000021,
1.),(1.,1.,1.)))
REPRESENTATION_ITEM('')
SURFACE()
);
#47=(
BOUNDED_SURFACE()
B_SPLINE_SURFACE(3,2,((#10174,#10175,#10176),(#10177,#10178,#10179),(#10180,
#10181,#10182),(#10183,#10184,#10185),(#10186,#10187,#10188),(#10189,#10190,
#10191)),.UNSPECIFIED.,.F.,.F.,.F.)
B_SPLINE_SURFACE_WITH_KNOTS((4,1,1,4),(3,3),(2.55871712706579E-17,0.00141365211329434,
0.00282730422658866,0.00565460845317729),(0.,1.),.UNSPECIFIED.)
GEOMETRIC_REPRESENTATION_ITEM()
RATIONAL_B_SPLINE_SURFACE(((1.,0.707106781186552,1.),(1.,0.749271709788752,
1.),(1.,0.829782256344698,1.),(1.,0.957989584285734,1.),(1.,1.00000000000021,
1.),(1.,1.,1.)))
REPRESENTATION_ITEM('')
SURFACE()
);
#48=TOROIDAL_SURFACE('',#5533,0.0355,0.0005);
#49=TOROIDAL_SURFACE('',#5537,0.0355,0.0005);
#50=TOROIDAL_SURFACE('',#5866,0.0315,0.004);
#51=TOROIDAL_SURFACE('',#5867,0.0315,0.004);
#52=TOROIDAL_SURFACE('',#5926,0.01,0.005);
#53=TOROIDAL_SURFACE('',#5929,0.0325,0.005);
#54=TOROIDAL_SURFACE('',#5933,0.01,0.005);
#55=TOROIDAL_SURFACE('',#5936,0.0325,0.005);
#56=TOROIDAL_SURFACE('',#5983,0.0385,0.003);
#57=TOROIDAL_SURFACE('',#5986,0.0385,0.003);
#58=TOROIDAL_SURFACE('',#5995,0.0245,0.003);
#59=TOROIDAL_SURFACE('',#5997,0.004125,0.001);
#60=TOROIDAL_SURFACE('',#5998,0.004125,0.001);
#61=TOROIDAL_SURFACE('',#5999,0.004125,0.001);
#62=TOROIDAL_SURFACE('',#6000,0.004125,0.001);
#63=TOROIDAL_SURFACE('',#6001,0.005325,0.001);
#64=TOROIDAL_SURFACE('',#6002,0.005325,0.001);
#65=TOROIDAL_SURFACE('',#6003,0.005325,0.001);
#66=TOROIDAL_SURFACE('',#6004,0.005325,0.001);
#67=PLANE('',#5374);
#68=PLANE('',#5375);
#69=PLANE('',#5383);
#70=PLANE('',#5384);
#71=PLANE('',#5390);
#72=PLANE('',#5500);
#73=PLANE('',#5520);
#74=PLANE('',#5524);
#75=PLANE('',#5528);
#76=PLANE('',#5532);
#77=PLANE('',#5540);
#78=PLANE('',#5541);
#79=PLANE('',#5550);
#80=PLANE('',#5551);
#81=PLANE('',#5552);
#82=PLANE('',#5563);
#83=PLANE('',#5564);
#84=PLANE('',#5573);
#85=PLANE('',#5574);
#86=PLANE('',#5583);
#87=PLANE('',#5584);
#88=PLANE('',#5593);
#89=PLANE('',#5594);
#90=PLANE('',#5595);
#91=PLANE('',#5606);
#92=PLANE('',#5607);
#93=PLANE('',#5608);
#94=PLANE('',#5619);
#95=PLANE('',#5620);
#96=PLANE('',#5628);
#97=PLANE('',#5629);
#98=PLANE('',#5630);
#99=PLANE('',#5641);
#100=PLANE('',#5642);
#101=PLANE('',#5643);
#102=PLANE('',#5654);
#103=PLANE('',#5655);
#104=PLANE('',#5656);
#105=PLANE('',#5667);
#106=PLANE('',#5668);
#107=PLANE('',#5677);
#108=PLANE('',#5678);
#109=PLANE('',#5687);
#110=PLANE('',#5688);
#111=PLANE('',#5697);
#112=PLANE('',#5698);
#113=PLANE('',#5707);
#114=PLANE('',#5708);
#115=PLANE('',#5717);
#116=PLANE('',#5718);
#117=PLANE('',#5727);
#118=PLANE('',#5728);
#119=PLANE('',#5729);
#120=PLANE('',#5740);
#121=PLANE('',#5741);
#122=PLANE('',#5749);
#123=PLANE('',#5750);
#124=PLANE('',#5759);
#125=PLANE('',#5760);
#126=PLANE('',#5769);
#127=PLANE('',#5770);
#128=PLANE('',#5779);
#129=PLANE('',#5780);
#130=PLANE('',#5781);
#131=PLANE('',#5792);
#132=PLANE('',#5793);
#133=PLANE('',#5800);
#134=PLANE('',#5801);
#135=PLANE('',#5802);
#136=PLANE('',#5804);
#137=PLANE('',#5806);
#138=PLANE('',#5811);
#139=PLANE('',#5812);
#140=PLANE('',#5813);
#141=PLANE('',#5814);
#142=PLANE('',#5815);
#143=PLANE('',#5816);
#144=PLANE('',#5817);
#145=PLANE('',#5818);
#146=PLANE('',#5819);
#147=PLANE('',#5820);
#148=PLANE('',#5821);
#149=PLANE('',#5822);
#150=PLANE('',#5823);
#151=PLANE('',#5824);
#152=PLANE('',#5825);
#153=PLANE('',#5826);
#154=PLANE('',#5827);
#155=PLANE('',#5828);
#156=PLANE('',#5829);
#157=PLANE('',#5830);
#158=PLANE('',#5831);
#159=PLANE('',#5832);
#160=PLANE('',#5833);
#161=PLANE('',#5834);
#162=PLANE('',#5838);
#163=PLANE('',#5842);
#164=PLANE('',#5849);
#165=PLANE('',#5881);
#166=PLANE('',#5890);
#167=PLANE('',#5897);
#168=PLANE('',#5904);
#169=PLANE('',#5905);
#170=PLANE('',#5907);
#171=PLANE('',#5912);
#172=PLANE('',#5914);
#173=PLANE('',#5916);
#174=PLANE('',#5921);
#175=B_SPLINE_CURVE_WITH_KNOTS('',3,(#7658,#7659,#7660,#7661,#7662),
 .UNSPECIFIED.,.F.,.F.,(4,1,4),(0.,0.00312619887990604,0.00625239775981208),
 .UNSPECIFIED.);
#176=B_SPLINE_CURVE_WITH_KNOTS('',3,(#7666,#7667,#7668,#7669,#7670),
 .UNSPECIFIED.,.F.,.F.,(4,1,4),(0.,0.00312619887990494,0.00625239775980987),
 .UNSPECIFIED.);
#177=B_SPLINE_CURVE_WITH_KNOTS('',3,(#7683,#7684,#7685,#7686,#7687,#7688,
#7689,#7690,#7691,#7692,#7693,#7694,#7695,#7696,#7697,#7698,#7699,#7700),
 .UNSPECIFIED.,.T.,.F.,(1,1,1,1,1,1,1,1,1,1,1,1,1,1,1,1,1,1,1,1,1,1),(-0.00725341221517892,
-0.00483560814345261,-0.0024178040717263,1.9940267866935E-18,0.00241780407172631,
0.00483560814345261,0.00725341221517892,0.00967121628690522,0.0120890203586315,
0.0145068244303578,0.0169246285020841,0.0193424325738104,0.0241780407172631,
0.0265958447889894,0.0290136488607157,0.031431452932442,0.0338492570041683,
0.0362670610758946,0.0386848651476209,0.0411026692193472,0.0435204732910735,
0.0459382773627998),.UNSPECIFIED.);
#178=B_SPLINE_CURVE_WITH_KNOTS('',3,(#7705,#7706,#7707,#7708,#7709,#7710,
#7711,#7712,#7713,#7714,#7715,#7716,#7717),.UNSPECIFIED.,.F.,.F.,(4,1,1,
1,1,1,1,1,1,1,4),(0.,0.00293879838440605,0.0058775967688121,0.00881639515321815,
0.0117551935376242,0.0146939919220303,0.0176327903064363,0.0191021894986393,
0.0205715886908424,0.0220409878830454,0.0235103870752484),.UNSPECIFIED.);
#179=B_SPLINE_CURVE_WITH_KNOTS('',3,(#7731,#7732,#7733,#7734,#7735,#7736,
#7737,#7738,#7739,#7740,#7741,#7742,#7743,#7744),.UNSPECIFIED.,.F.,.F.,
(4,1,1,1,1,1,1,1,1,1,1,4),(9.00094169793547E-17,0.00147491892107622,0.00294983784215234,
0.00442475676322847,0.0058996756843046,0.00737459460538072,0.00884951352645685,
0.0117993513686091,0.0147491892107614,0.0176990270529136,0.0206488648950659,
0.0235987027372181),.UNSPECIFIED.);
#180=B_SPLINE_CURVE_WITH_KNOTS('',3,(#7753,#7754,#7755,#7756),
 .UNSPECIFIED.,.F.,.F.,(4,4),(0.,0.00360843266931717),.UNSPECIFIED.);
#181=B_SPLINE_CURVE_WITH_KNOTS('',3,(#7761,#7762,#7763,#7764,#7765,#7766),
 .UNSPECIFIED.,.F.,.F.,(4,1,1,4),(0.,0.00567359329272092,0.0113471865854418,
0.0226943731708837),.UNSPECIFIED.);
#182=B_SPLINE_CURVE_WITH_KNOTS('',3,(#7800,#7801,#7802,#7803),
 .UNSPECIFIED.,.F.,.F.,(4,4),(0.,0.00368193032303022),.UNSPECIFIED.);
#183=B_SPLINE_CURVE_WITH_KNOTS('',3,(#7823,#7824,#7825,#7826,#7827,#7828),
 .UNSPECIFIED.,.F.,.F.,(4,1,1,4),(0.,0.00358700992557807,0.00538051488836711,
0.00717401985115614),.UNSPECIFIED.);
#184=B_SPLINE_CURVE_WITH_KNOTS('',3,(#7834,#7835,#7836,#7837,#7838,#7839),
 .UNSPECIFIED.,.F.,.F.,(4,1,1,4),(0.,0.00567359329272093,0.0113471865854419,
0.0226943731708837),.UNSPECIFIED.);
#185=B_SPLINE_CURVE_WITH_KNOTS('',3,(#8250,#8251,#8252,#8253),
 .UNSPECIFIED.,.F.,.F.,(4,4),(0.,0.00312107923621471),.UNSPECIFIED.);
#186=B_SPLINE_CURVE_WITH_KNOTS('',3,(#8256,#8257,#8258,#8259),
 .UNSPECIFIED.,.F.,.F.,(4,4),(0.,0.00293121792418612),.UNSPECIFIED.);
#187=B_SPLINE_CURVE_WITH_KNOTS('',3,(#8261,#8262,#8263,#8264),
 .UNSPECIFIED.,.F.,.F.,(4,4),(0.,0.00292891279751144),.UNSPECIFIED.);
#188=B_SPLINE_CURVE_WITH_KNOTS('',3,(#8266,#8267,#8268,#8269),
 .UNSPECIFIED.,.F.,.F.,(4,4),(0.,0.00312090080251965),.UNSPECIFIED.);
#189=B_SPLINE_CURVE_WITH_KNOTS('',3,(#8273,#8274,#8275,#8276,#8277),
 .UNSPECIFIED.,.F.,.F.,(4,1,4),(0.,0.00758049696019117,0.0151609939203823),
 .UNSPECIFIED.);
#190=B_SPLINE_CURVE_WITH_KNOTS('',3,(#8475,#8476,#8477,#8478,#8479,#8480,
#8481,#8482,#8483),.UNSPECIFIED.,.F.,.F.,(4,1,1,1,1,1,4),(0.,0.00213396003639155,
0.0042679200727831,0.00533490009097887,0.00640188010917465,0.00746886012737042,
0.0085358401455662),.UNSPECIFIED.);
#191=B_SPLINE_CURVE_WITH_KNOTS('',3,(#8723,#8724,#8725,#8726,#8727,#8728,
#8729,#8730,#8731),.UNSPECIFIED.,.F.,.F.,(4,1,1,1,1,1,4),(0.,0.00107580728379778,
0.00215161456759556,0.00322742185139334,0.00430322913519113,0.00645484370278669,
0.00860645827038225),.UNSPECIFIED.);
#192=B_SPLINE_CURVE_WITH_KNOTS('',3,(#8853,#8854,#8855,#8856,#8857,#8858,
#8859,#8860,#8861),.UNSPECIFIED.,.F.,.F.,(4,1,1,1,1,1,4),(0.,0.00213396003639155,
0.00426792007278311,0.00533490009097888,0.00640188010917466,0.00746886012737044,
0.00853584014556621),.UNSPECIFIED.);
#193=B_SPLINE_CURVE_WITH_KNOTS('',3,(#8978,#8979,#8980,#8981,#8982,#8983),
 .UNSPECIFIED.,.F.,.F.,(4,1,1,4),(0.,0.00567359329272097,0.0113471865854419,
0.0226943731708839),.UNSPECIFIED.);
#194=B_SPLINE_CURVE_WITH_KNOTS('',3,(#8984,#8985,#8986,#8987,#8988,#8989),
 .UNSPECIFIED.,.F.,.F.,(4,1,1,4),(0.,0.00567359329272098,0.011347186585442,
0.0226943731708839),.UNSPECIFIED.);
#195=B_SPLINE_CURVE_WITH_KNOTS('',3,(#8992,#8993,#8994,#8995,#8996,#8997),
 .UNSPECIFIED.,.F.,.F.,(4,1,1,4),(0.,0.0017088890898671,0.00341777817973421,
0.00683555635946841),.UNSPECIFIED.);
#196=B_SPLINE_CURVE_WITH_KNOTS('',3,(#9027,#9028,#9029,#9030),
 .UNSPECIFIED.,.F.,.F.,(4,4),(0.,0.000924719133146436),.UNSPECIFIED.);
#197=B_SPLINE_CURVE_WITH_KNOTS('',3,(#9032,#9033,#9034,#9035,#9036,#9037,
#9038,#9039,#9040,#9041,#9042,#9043,#9044,#9045),.UNSPECIFIED.,.F.,.F.,
(4,1,1,1,1,1,1,1,1,1,1,4),(0.,0.00251429553317283,0.00502859106634567,0.0075428865995185,
0.0100571821326913,0.0125714776658642,0.0138286254324506,0.015085773199037,
0.0163429209656234,0.0176000687322098,0.0188572164987963,0.0201143642653827),
 .UNSPECIFIED.);
#198=B_SPLINE_CURVE_WITH_KNOTS('',3,(#9047,#9048,#9049,#9050,#9051),
 .UNSPECIFIED.,.F.,.F.,(4,1,4),(0.,0.000503273828363645,0.00100654765672729),
 .UNSPECIFIED.);
#199=B_SPLINE_CURVE_WITH_KNOTS('',3,(#9059,#9060,#9061,#9062,#9063),
 .UNSPECIFIED.,.F.,.F.,(4,1,4),(0.,0.000503691282638868,0.00100738256527774),
 .UNSPECIFIED.);
#200=B_SPLINE_CURVE_WITH_KNOTS('',3,(#9065,#9066,#9067,#9068,#9069,#9070,
#9071,#9072,#9073,#9074,#9075,#9076,#9077),.UNSPECIFIED.,.F.,.F.,(4,1,1,
1,1,1,1,1,1,1,4),(0.,0.00124883787013637,0.00249767574027275,0.00374651361040912,
0.00499535148054549,0.00749302722081824,0.00999070296109099,0.0124883787013637,
0.0149860544416365,0.0174837301819092,0.019981405922182),.UNSPECIFIED.);
#201=B_SPLINE_CURVE_WITH_KNOTS('',3,(#9079,#9080,#9081,#9082),
 .UNSPECIFIED.,.F.,.F.,(4,4),(0.,0.000915361470481624),.UNSPECIFIED.);
#202=B_SPLINE_CURVE_WITH_KNOTS('',3,(#9100,#9101,#9102,#9103,#9104,#9105,
#9106,#9107,#9108,#9109,#9110,#9111,#9112,#9113,#9114,#9115,#9116,#9117,
#9118),.UNSPECIFIED.,.T.,.F.,(1,1,1,1,1,1,1,1,1,1,1,1,1,1,1,1,1,1,1,1,1,
1,1),(-0.00596027056766444,-0.0039735137117763,-0.00198675685588815,4.47090853608084E-19,
0.00198675685588815,0.0039735137117763,0.00596027056766445,0.00794702742355259,
0.00993378427944074,0.0119205411353289,0.013907297991217,0.0158940548471052,
0.0178808117029933,0.0198675685588815,0.0218543254147696,0.0238410822706578,
0.0258278391265459,0.0278145959824341,0.0298013528383222,0.0317881096942104,
0.0337748665500985,0.0357616234059867,0.0377483802618748),.UNSPECIFIED.);
#203=B_SPLINE_CURVE_WITH_KNOTS('',3,(#9210,#9211,#9212,#9213),
 .UNSPECIFIED.,.F.,.F.,(4,4),(1.80746615453936E-17,0.00229954015907503),
 .UNSPECIFIED.);
#204=B_SPLINE_CURVE_WITH_KNOTS('',3,(#9218,#9219,#9220,#9221,#9222,#9223),
 .UNSPECIFIED.,.F.,.F.,(4,1,1,4),(0.,0.000466341307516288,0.000932682615032576,
0.00186536523006515),.UNSPECIFIED.);
#205=B_SPLINE_CURVE_WITH_KNOTS('',3,(#9240,#9241,#9242,#9243),
 .UNSPECIFIED.,.F.,.F.,(4,4),(0.,0.00230007223792362),.UNSPECIFIED.);
#206=B_SPLINE_CURVE_WITH_KNOTS('',3,(#9270,#9271,#9272,#9273,#9274,#9275),
 .UNSPECIFIED.,.F.,.F.,(4,1,1,4),(0.,0.00376943666179081,0.00753887332358162,
0.0150777466471632),.UNSPECIFIED.);
#207=B_SPLINE_CURVE_WITH_KNOTS('',3,(#9280,#9281,#9282,#9283,#9284,#9285),
 .UNSPECIFIED.,.F.,.F.,(4,1,1,4),(0.,0.00091352911703551,0.00137029367555326,
0.00182705823407102),.UNSPECIFIED.);
#208=B_SPLINE_CURVE_WITH_KNOTS('',3,(#9298,#9299,#9300,#9301),
 .UNSPECIFIED.,.F.,.F.,(4,4),(0.,0.00202841517979496),.UNSPECIFIED.);
#209=B_SPLINE_CURVE_WITH_KNOTS('',3,(#9302,#9303,#9304,#9305),
 .UNSPECIFIED.,.F.,.F.,(4,4),(1.0842021724855E-19,0.0020289773496017),
 .UNSPECIFIED.);
#210=B_SPLINE_CURVE_WITH_KNOTS('',3,(#9307,#9308,#9309,#9310,#9311,#9312),
 .UNSPECIFIED.,.F.,.F.,(4,1,1,4),(0.,0.00547674011578753,0.0109534802315751,
0.0219069604631501),.UNSPECIFIED.);
#211=B_SPLINE_CURVE_WITH_KNOTS('',3,(#9313,#9314,#9315,#9316,#9317,#9318),
 .UNSPECIFIED.,.F.,.F.,(4,1,1,4),(0.,0.00547674011578753,0.0109534802315751,
0.0219069604631501),.UNSPECIFIED.);
#212=B_SPLINE_CURVE_WITH_KNOTS('',3,(#9320,#9321,#9322,#9323,#9324,#9325),
 .UNSPECIFIED.,.F.,.F.,(4,1,1,4),(0.,0.00547674011578752,0.010953480231575,
0.0219069604631501),.UNSPECIFIED.);
#213=B_SPLINE_CURVE_WITH_KNOTS('',3,(#9326,#9327,#9328,#9329,#9330,#9331),
 .UNSPECIFIED.,.F.,.F.,(4,1,1,4),(0.,0.00547674011578754,0.0109534802315751,
0.0219069604631501),.UNSPECIFIED.);
#214=B_SPLINE_CURVE_WITH_KNOTS('',3,(#9758,#9759,#9760,#9761,#9762),
 .UNSPECIFIED.,.F.,.F.,(4,1,4),(0.,0.0039064617909629,0.00781292358192579),
 .UNSPECIFIED.);
#215=B_SPLINE_CURVE_WITH_KNOTS('',3,(#9779,#9780,#9781,#9782,#9783),
 .UNSPECIFIED.,.F.,.F.,(4,1,4),(0.,0.00390646277092925,0.0078129255418585),
 .UNSPECIFIED.);
#216=B_SPLINE_CURVE_WITH_KNOTS('',3,(#9805,#9806,#9807,#9808),
 .UNSPECIFIED.,.F.,.F.,(4,4),(0.,0.00206618276770868),.UNSPECIFIED.);
#217=B_SPLINE_CURVE_WITH_KNOTS('',3,(#9841,#9842,#9843,#9844),
 .UNSPECIFIED.,.F.,.F.,(4,4),(0.,0.00295154459725486),.UNSPECIFIED.);
#218=B_SPLINE_CURVE_WITH_KNOTS('',3,(#9864,#9865,#9866,#9867,#9868,#9869),
 .UNSPECIFIED.,.F.,.F.,(4,1,1,4),(9.70254892704222E-16,0.00427870912277217,
0.00641806368415776,0.00855741824554336),.UNSPECIFIED.);
#219=B_SPLINE_CURVE_WITH_KNOTS('',3,(#9871,#9872,#9873,#9874,#9875,#9876,
#9877),.UNSPECIFIED.,.F.,.F.,(4,1,1,1,4),(0.,0.0023225109189496,0.00464502183789919,
0.00696753275684879,0.00929004367579838),.UNSPECIFIED.);
#220=B_SPLINE_CURVE_WITH_KNOTS('',3,(#9879,#9880,#9881,#9882,#9883,#9884,
#9885),.UNSPECIFIED.,.F.,.F.,(4,1,1,1,4),(0.,0.00230388244988729,0.00460776489977457,
0.00691164734966186,0.00921552979954915),.UNSPECIFIED.);
#221=B_SPLINE_CURVE_WITH_KNOTS('',3,(#9887,#9888,#9889,#9890),
 .UNSPECIFIED.,.F.,.F.,(4,4),(0.,0.00191828847222578),.UNSPECIFIED.);
#222=B_SPLINE_CURVE_WITH_KNOTS('',3,(#9895,#9896,#9897,#9898,#9899,#9900),
 .UNSPECIFIED.,.F.,.F.,(4,1,1,4),(0.,0.0042787091227721,0.00641806368415814,
0.00855741824554419),.UNSPECIFIED.);
#223=B_SPLINE_CURVE_WITH_KNOTS('',3,(#9903,#9904,#9905,#9906,#9907,#9908,
#9909),.UNSPECIFIED.,.F.,.F.,(4,1,1,1,4),(0.,0.00247231166778247,0.00494462333556495,
0.00741693500334742,0.00988924667112989),.UNSPECIFIED.);
#224=B_SPLINE_CURVE_WITH_KNOTS('',3,(#9911,#9912,#9913,#9914),
 .UNSPECIFIED.,.F.,.F.,(4,4),(0.,0.00130792889385688),.UNSPECIFIED.);
#225=B_SPLINE_CURVE_WITH_KNOTS('',3,(#9916,#9917,#9918,#9919,#9920,#9921,
#9922),.UNSPECIFIED.,.F.,.F.,(4,1,1,1,4),(0.,0.00244239253987794,0.00488478507975587,
0.00732717761963381,0.00976957015951174),.UNSPECIFIED.);
#226=ELLIPSE('',#5363,0.0622872319739392,0.0355);
#227=ELLIPSE('',#5369,0.0321688738733732,0.0275);
#228=ELLIPSE('',#5370,0.0321688738733732,0.0275);
#229=ELLIPSE('',#5373,0.0321688738733732,0.0275);
#230=ELLIPSE('',#5376,0.0127816721118682,0.007);
#231=ELLIPSE('',#5377,0.0304768181784285,0.0255);
#232=ELLIPSE('',#5378,0.0109557189530299,0.006);
#233=ELLIPSE('',#5379,0.0304768181784285,0.0255);
#234=ELLIPSE('',#5380,0.0109557189530299,0.006);
#235=ELLIPSE('',#5381,0.0304768181784285,0.0255);
#236=ELLIPSE('',#5382,0.0611694308210834,0.0335);
#237=ELLIPSE('',#5837,0.0104416367384514,0.005);
#238=ELLIPSE('',#5841,0.0104416367384514,0.005);
#239=ELLIPSE('',#5845,0.0118055555555555,0.005);
#240=ELLIPSE('',#5847,0.0622872319739392,0.0355);
#241=ELLIPSE('',#5870,0.00565685424949238,0.004);
#242=ELLIPSE('',#5875,0.00565685424949238,0.004);
#243=CIRCLE('',#5362,0.0355);
#244=CIRCLE('',#5365,0.0275);
#245=CIRCLE('',#5366,0.0275);
#246=CIRCLE('',#5367,0.0275);
#247=CIRCLE('',#5368,0.0275);
#248=CIRCLE('',#5371,0.0275);
#249=CIRCLE('',#5372,0.0275);
#250=CIRCLE('',#5385,0.032);
#251=CIRCLE('',#5386,0.0355);
#252=CIRCLE('',#5387,0.032);
#253=CIRCLE('',#5388,0.0012446);
#254=CIRCLE('',#5389,0.0012446);
#255=CIRCLE('',#5391,0.0012446);
#256=CIRCLE('',#5392,0.0012446);
#257=CIRCLE('',#5393,0.0012446);
#258=CIRCLE('',#5394,0.0057);
#259=CIRCLE('',#5395,0.0012446);
#260=CIRCLE('',#5396,0.0012446);
#261=CIRCLE('',#5397,0.0012446);
#262=CIRCLE('',#5398,0.0012446);
#263=CIRCLE('',#5399,0.0057);
#264=CIRCLE('',#5400,0.0012446);
#265=CIRCLE('',#5401,0.0012446);
#266=CIRCLE('',#5402,0.0012446);
#267=CIRCLE('',#5403,0.0057);
#268=CIRCLE('',#5404,0.0012446);
#269=CIRCLE('',#5405,0.0012446);
#270=CIRCLE('',#5406,0.0012446);
#271=CIRCLE('',#5407,0.0012446);
#272=CIRCLE('',#5408,0.0012446);
#273=CIRCLE('',#5409,0.0057);
#274=CIRCLE('',#5410,0.0012446);
#275=CIRCLE('',#5411,0.0012446);
#276=CIRCLE('',#5412,0.0012446);
#277=CIRCLE('',#5413,0.0057);
#278=CIRCLE('',#5414,0.0012446);
#279=CIRCLE('',#5415,0.0012446);
#280=CIRCLE('',#5416,0.0012446);
#281=CIRCLE('',#5417,0.0012446);
#282=CIRCLE('',#5418,0.0057);
#283=CIRCLE('',#5419,0.0012446);
#284=CIRCLE('',#5420,0.0012446);
#285=CIRCLE('',#5421,0.0012446);
#286=CIRCLE('',#5422,0.0012446);
#287=CIRCLE('',#5423,0.0012446);
#288=CIRCLE('',#5424,0.0057);
#289=CIRCLE('',#5425,0.0012446);
#290=CIRCLE('',#5426,0.0012446);
#291=CIRCLE('',#5427,0.0012446);
#292=CIRCLE('',#5428,0.0057);
#293=CIRCLE('',#5429,0.0012446);
#294=CIRCLE('',#5430,0.0012446);
#295=CIRCLE('',#5431,0.0355);
#296=CIRCLE('',#5432,0.00175);
#297=CIRCLE('',#5433,0.00175);
#298=CIRCLE('',#5434,0.00175);
#299=CIRCLE('',#5435,0.00175);
#300=CIRCLE('',#5436,0.0012446);
#301=CIRCLE('',#5437,0.0012446);
#302=CIRCLE('',#5438,0.0012446);
#303=CIRCLE('',#5439,0.0057);
#304=CIRCLE('',#5440,0.0012446);
#305=CIRCLE('',#5441,0.0012446);
#306=CIRCLE('',#5442,0.0012446);
#307=CIRCLE('',#5443,0.0057);
#308=CIRCLE('',#5444,0.0012446);
#309=CIRCLE('',#5445,0.0012446);
#310=CIRCLE('',#5446,0.032);
#311=CIRCLE('',#5447,0.0012446);
#312=CIRCLE('',#5448,0.0012446);
#313=CIRCLE('',#5449,0.0012446);
#314=CIRCLE('',#5450,0.032);
#315=CIRCLE('',#5451,0.0012446);
#316=CIRCLE('',#5452,0.0012446);
#317=CIRCLE('',#5453,0.0012446);
#318=CIRCLE('',#5454,0.0012446);
#319=CIRCLE('',#5455,0.032);
#320=CIRCLE('',#5456,0.0012446);
#321=CIRCLE('',#5457,0.0012446);
#322=CIRCLE('',#5458,0.0012446);
#323=CIRCLE('',#5459,0.0057);
#324=CIRCLE('',#5460,0.0012446);
#325=CIRCLE('',#5461,0.0012446);
#326=CIRCLE('',#5462,0.0012446);
#327=CIRCLE('',#5463,0.0057);
#328=CIRCLE('',#5464,0.0012446);
#329=CIRCLE('',#5465,0.0012446);
#330=CIRCLE('',#5466,0.0057);
#331=CIRCLE('',#5467,0.0012446);
#332=CIRCLE('',#5468,0.0012446);
#333=CIRCLE('',#5469,0.0012446);
#334=CIRCLE('',#5470,0.0057);
#335=CIRCLE('',#5471,0.0012446);
#336=CIRCLE('',#5472,0.0012446);
#337=CIRCLE('',#5473,0.0012446);
#338=CIRCLE('',#5474,0.0057);
#339=CIRCLE('',#5475,0.0012446);
#340=CIRCLE('',#5476,0.0012446);
#341=CIRCLE('',#5477,0.0012446);
#342=CIRCLE('',#5478,0.032);
#343=CIRCLE('',#5479,0.0012446);
#344=CIRCLE('',#5480,0.0012446);
#345=CIRCLE('',#5481,0.0012446);
#346=CIRCLE('',#5482,0.032);
#347=CIRCLE('',#5483,0.0012446);
#348=CIRCLE('',#5484,0.0012446);
#349=CIRCLE('',#5485,0.0012446);
#350=CIRCLE('',#5486,0.0012446);
#351=CIRCLE('',#5487,0.032);
#352=CIRCLE('',#5488,0.0012446);
#353=CIRCLE('',#5489,0.0012446);
#354=CIRCLE('',#5490,0.0012446);
#355=CIRCLE('',#5491,0.032);
#356=CIRCLE('',#5492,0.0012446);
#357=CIRCLE('',#5493,0.0012446);
#358=CIRCLE('',#5494,0.0012446);
#359=CIRCLE('',#5495,0.032);
#360=CIRCLE('',#5496,0.0012446);
#361=CIRCLE('',#5497,0.0012446);
#362=CIRCLE('',#5498,0.0057);
#363=CIRCLE('',#5499,0.0012446);
#364=CIRCLE('',#5501,0.0355);
#365=CIRCLE('',#5502,0.032);
#366=CIRCLE('',#5503,0.0012446);
#367=CIRCLE('',#5504,0.0012446);
#368=CIRCLE('',#5505,0.032);
#369=CIRCLE('',#5507,0.00175);
#370=CIRCLE('',#5509,0.00175);
#371=CIRCLE('',#5511,0.00175);
#372=CIRCLE('',#5513,0.00175);
#373=CIRCLE('',#5515,0.036);
#374=CIRCLE('',#5516,0.036);
#375=CIRCLE('',#5518,0.0022);
#376=CIRCLE('',#5519,0.0022);
#377=CIRCLE('',#5522,0.0022);
#378=CIRCLE('',#5523,0.0022);
#379=CIRCLE('',#5526,0.0022);
#380=CIRCLE('',#5527,0.0022);
#381=CIRCLE('',#5530,0.0022);
#382=CIRCLE('',#5531,0.0022);
#383=CIRCLE('',#5534,0.0355);
#384=CIRCLE('',#5535,0.0359285714285713);
#385=CIRCLE('',#5536,0.0359285714285713);
#386=CIRCLE('',#5539,0.0057);
#387=CIRCLE('',#5543,0.0012446);
#388=CIRCLE('',#5545,0.0012446);
#389=CIRCLE('',#5547,0.0012446);
#390=CIRCLE('',#5549,0.0057);
#391=CIRCLE('',#5554,0.0012446);
#392=CIRCLE('',#5556,0.0012446);
#393=CIRCLE('',#5558,0.0012446);
#394=CIRCLE('',#5560,0.0012446);
#395=CIRCLE('',#5562,0.0057);
#396=CIRCLE('',#5566,0.0012446);
#397=CIRCLE('',#5568,0.0012446);
#398=CIRCLE('',#5570,0.0012446);
#399=CIRCLE('',#5572,0.032);
#400=CIRCLE('',#5576,0.0012446);
#401=CIRCLE('',#5578,0.0012446);
#402=CIRCLE('',#5580,0.0012446);
#403=CIRCLE('',#5582,0.032);
#404=CIRCLE('',#5586,0.0012446);
#405=CIRCLE('',#5588,0.0012446);
#406=CIRCLE('',#5590,0.0012446);
#407=CIRCLE('',#5592,0.0057);
#408=CIRCLE('',#5597,0.0012446);
#409=CIRCLE('',#5599,0.0012446);
#410=CIRCLE('',#5601,0.0012446);
#411=CIRCLE('',#5603,0.0012446);
#412=CIRCLE('',#5605,0.0057);
#413=CIRCLE('',#5610,0.0012446);
#414=CIRCLE('',#5612,0.0012446);
#415=CIRCLE('',#5614,0.0012446);
#416=CIRCLE('',#5616,0.0012446);
#417=CIRCLE('',#5618,0.032);
#418=CIRCLE('',#5622,0.0012446);
#419=CIRCLE('',#5624,0.0012446);
#420=CIRCLE('',#5627,0.0057);
#421=CIRCLE('',#5632,0.0012446);
#422=CIRCLE('',#5634,0.0012446);
#423=CIRCLE('',#5636,0.0012446);
#424=CIRCLE('',#5638,0.0012446);
#425=CIRCLE('',#5640,0.0057);
#426=CIRCLE('',#5645,0.0012446);
#427=CIRCLE('',#5647,0.0012446);
#428=CIRCLE('',#5649,0.0012446);
#429=CIRCLE('',#5651,0.0012446);
#430=CIRCLE('',#5653,0.0057);
#431=CIRCLE('',#5658,0.0012446);
#432=CIRCLE('',#5660,0.0012446);
#433=CIRCLE('',#5662,0.0012446);
#434=CIRCLE('',#5664,0.0012446);
#435=CIRCLE('',#5666,0.0057);
#436=CIRCLE('',#5670,0.0012446);
#437=CIRCLE('',#5672,0.0012446);
#438=CIRCLE('',#5674,0.0012446);
#439=CIRCLE('',#5676,0.0057);
#440=CIRCLE('',#5680,0.0012446);
#441=CIRCLE('',#5682,0.0012446);
#442=CIRCLE('',#5684,0.0012446);
#443=CIRCLE('',#5686,0.0057);
#444=CIRCLE('',#5690,0.0012446);
#445=CIRCLE('',#5692,0.0012446);
#446=CIRCLE('',#5694,0.0012446);
#447=CIRCLE('',#5696,0.0057);
#448=CIRCLE('',#5700,0.0012446);
#449=CIRCLE('',#5702,0.0012446);
#450=CIRCLE('',#5704,0.0012446);
#451=CIRCLE('',#5706,0.0057);
#452=CIRCLE('',#5710,0.0012446);
#453=CIRCLE('',#5712,0.0012446);
#454=CIRCLE('',#5714,0.0012446);
#455=CIRCLE('',#5716,0.032);
#456=CIRCLE('',#5719,0.003);
#457=CIRCLE('',#5721,0.0012446);
#458=CIRCLE('',#5723,0.0012446);
#459=CIRCLE('',#5726,0.0057);
#460=CIRCLE('',#5731,0.0012446);
#461=CIRCLE('',#5733,0.0012446);
#462=CIRCLE('',#5735,0.0012446);
#463=CIRCLE('',#5737,0.0012446);
#464=CIRCLE('',#5739,0.032);
#465=CIRCLE('',#5743,0.0012446);
#466=CIRCLE('',#5745,0.0012446);
#467=CIRCLE('',#5748,0.032);
#468=CIRCLE('',#5752,0.0012446);
#469=CIRCLE('',#5754,0.0012446);
#470=CIRCLE('',#5756,0.0012446);
#471=CIRCLE('',#5758,0.032);
#472=CIRCLE('',#5762,0.0012446);
#473=CIRCLE('',#5764,0.0012446);
#474=CIRCLE('',#5766,0.0012446);
#475=CIRCLE('',#5768,0.032);
#476=CIRCLE('',#5771,0.003);
#477=CIRCLE('',#5773,0.0012446);
#478=CIRCLE('',#5775,0.0012446);
#479=CIRCLE('',#5778,0.0057);
#480=CIRCLE('',#5783,0.0012446);
#481=CIRCLE('',#5785,0.0012446);
#482=CIRCLE('',#5787,0.0012446);
#483=CIRCLE('',#5789,0.0012446);
#484=CIRCLE('',#5791,0.0057);
#485=CIRCLE('',#5795,0.0012446);
#486=CIRCLE('',#5797,0.0012446);
#487=CIRCLE('',#5799,0.0012446);
#488=CIRCLE('',#5803,0.0315);
#489=CIRCLE('',#5805,0.0315);
#490=CIRCLE('',#5807,0.01);
#491=CIRCLE('',#5808,0.0245);
#492=CIRCLE('',#5809,0.01);
#493=CIRCLE('',#5810,0.02135);
#494=CIRCLE('',#5835,0.005);
#495=CIRCLE('',#5839,0.005);
#496=CIRCLE('',#5843,0.005);
#497=CIRCLE('',#5848,0.0355);
#498=CIRCLE('',#5850,0.005);
#499=CIRCLE('',#5852,0.002);
#500=CIRCLE('',#5854,0.002);
#501=CIRCLE('',#5856,0.002);
#502=CIRCLE('',#5857,0.002);
#503=CIRCLE('',#5859,0.002);
#504=CIRCLE('',#5861,0.002);
#505=CIRCLE('',#5862,0.002);
#506=CIRCLE('',#5864,0.002);
#507=CIRCLE('',#5868,0.004);
#508=CIRCLE('',#5872,0.004);
#509=CIRCLE('',#5873,0.004);
#510=CIRCLE('',#5877,0.004);
#511=CIRCLE('',#5879,0.02135);
#512=CIRCLE('',#5880,0.02135);
#513=CIRCLE('',#5882,0.001);
#514=CIRCLE('',#5883,0.001);
#515=CIRCLE('',#5884,0.001);
#516=CIRCLE('',#5885,0.001);
#517=CIRCLE('',#5886,0.001);
#518=CIRCLE('',#5887,0.001);
#519=CIRCLE('',#5888,0.001);
#520=CIRCLE('',#5889,0.001);
#521=CIRCLE('',#5891,0.004325);
#522=CIRCLE('',#5892,0.004325);
#523=CIRCLE('',#5893,0.004325);
#524=CIRCLE('',#5894,0.004325);
#525=CIRCLE('',#5895,0.003);
#526=CIRCLE('',#5896,0.003);
#527=CIRCLE('',#5898,0.003125);
#528=CIRCLE('',#5899,0.003125);
#529=CIRCLE('',#5900,0.003125);
#530=CIRCLE('',#5901,0.003125);
#531=CIRCLE('',#5902,0.003);
#532=CIRCLE('',#5903,0.003);
#533=CIRCLE('',#5906,0.0325);
#534=CIRCLE('',#5908,0.004125);
#535=CIRCLE('',#5909,0.004125);
#536=CIRCLE('',#5910,0.004125);
#537=CIRCLE('',#5911,0.004125);
#538=CIRCLE('',#5913,0.002);
#539=CIRCLE('',#5915,0.0325);
#540=CIRCLE('',#5917,0.005325);
#541=CIRCLE('',#5918,0.005325);
#542=CIRCLE('',#5919,0.005325);
#543=CIRCLE('',#5920,0.005325);
#544=CIRCLE('',#5922,0.002);
#545=CIRCLE('',#5924,0.005);
#546=CIRCLE('',#5925,0.005);
#547=CIRCLE('',#5927,0.005);
#548=CIRCLE('',#5931,0.005);
#549=CIRCLE('',#5932,0.005);
#550=CIRCLE('',#5934,0.005);
#551=CIRCLE('',#5938,0.003);
#552=CIRCLE('',#5940,0.003);
#553=CIRCLE('',#5942,0.003);
#554=CIRCLE('',#5944,0.003);
#555=CIRCLE('',#5946,0.003);
#556=CIRCLE('',#5948,0.003);
#557=CIRCLE('',#5949,0.003);
#558=CIRCLE('',#5951,0.003);
#559=CIRCLE('',#5953,0.003);
#560=CIRCLE('',#5955,0.003);
#561=CIRCLE('',#5957,0.003);
#562=CIRCLE('',#5959,0.003);
#563=CIRCLE('',#5961,0.003);
#564=CIRCLE('',#5962,0.003);
#565=CIRCLE('',#5964,0.004325);
#566=CIRCLE('',#5966,0.004325);
#567=CIRCLE('',#5968,0.004325);
#568=CIRCLE('',#5970,0.004325);
#569=CIRCLE('',#5972,0.003125);
#570=CIRCLE('',#5974,0.003125);
#571=CIRCLE('',#5976,0.003125);
#572=CIRCLE('',#5978,0.003125);
#573=CIRCLE('',#5980,0.003);
#574=CIRCLE('',#5981,0.003);
#575=CIRCLE('',#5982,0.003);
#576=CIRCLE('',#5984,0.003);
#577=CIRCLE('',#5985,0.003);
#578=CIRCLE('',#5987,0.003);
#579=CIRCLE('',#5988,0.003);
#580=CIRCLE('',#5990,0.003);
#581=CIRCLE('',#5991,0.003);
#582=CIRCLE('',#5994,0.003);
#583=CIRCLE('',#5996,0.003);
#584=ORIENTED_EDGE('',*,*,#2104,.T.);
#585=ORIENTED_EDGE('',*,*,#2105,.T.);
#586=ORIENTED_EDGE('',*,*,#2106,.T.);
#587=ORIENTED_EDGE('',*,*,#2107,.T.);
#588=ORIENTED_EDGE('',*,*,#2108,.T.);
#589=ORIENTED_EDGE('',*,*,#2109,.T.);
#590=ORIENTED_EDGE('',*,*,#2110,.T.);
#591=ORIENTED_EDGE('',*,*,#2111,.T.);
#592=ORIENTED_EDGE('',*,*,#2112,.T.);
#593=ORIENTED_EDGE('',*,*,#2113,.T.);
#594=ORIENTED_EDGE('',*,*,#2114,.T.);
#595=ORIENTED_EDGE('',*,*,#2115,.T.);
#596=ORIENTED_EDGE('',*,*,#2116,.T.);
#597=ORIENTED_EDGE('',*,*,#2117,.T.);
#598=ORIENTED_EDGE('',*,*,#2118,.T.);
#599=ORIENTED_EDGE('',*,*,#2119,.T.);
#600=ORIENTED_EDGE('',*,*,#2120,.T.);
#601=ORIENTED_EDGE('',*,*,#2121,.T.);
#602=ORIENTED_EDGE('',*,*,#2122,.T.);
#603=ORIENTED_EDGE('',*,*,#2123,.T.);
#604=ORIENTED_EDGE('',*,*,#2124,.F.);
#605=ORIENTED_EDGE('',*,*,#2125,.T.);
#606=ORIENTED_EDGE('',*,*,#2126,.T.);
#607=ORIENTED_EDGE('',*,*,#2127,.F.);
#608=ORIENTED_EDGE('',*,*,#2128,.T.);
#609=ORIENTED_EDGE('',*,*,#2129,.T.);
#610=ORIENTED_EDGE('',*,*,#2130,.T.);
#611=ORIENTED_EDGE('',*,*,#2131,.T.);
#612=ORIENTED_EDGE('',*,*,#2132,.T.);
#613=ORIENTED_EDGE('',*,*,#2124,.T.);
#614=ORIENTED_EDGE('',*,*,#2133,.T.);
#615=ORIENTED_EDGE('',*,*,#2134,.T.);
#616=ORIENTED_EDGE('',*,*,#2135,.F.);
#617=ORIENTED_EDGE('',*,*,#2136,.F.);
#618=ORIENTED_EDGE('',*,*,#2137,.F.);
#619=ORIENTED_EDGE('',*,*,#2138,.F.);
#620=ORIENTED_EDGE('',*,*,#2139,.T.);
#621=ORIENTED_EDGE('',*,*,#2140,.T.);
#622=ORIENTED_EDGE('',*,*,#2141,.T.);
#623=ORIENTED_EDGE('',*,*,#2142,.T.);
#624=ORIENTED_EDGE('',*,*,#2143,.T.);
#625=ORIENTED_EDGE('',*,*,#2144,.T.);
#626=ORIENTED_EDGE('',*,*,#2145,.T.);
#627=ORIENTED_EDGE('',*,*,#2146,.T.);
#628=ORIENTED_EDGE('',*,*,#2147,.T.);
#629=ORIENTED_EDGE('',*,*,#2148,.T.);
#630=ORIENTED_EDGE('',*,*,#2149,.T.);
#631=ORIENTED_EDGE('',*,*,#2150,.T.);
#632=ORIENTED_EDGE('',*,*,#2151,.T.);
#633=ORIENTED_EDGE('',*,*,#2152,.T.);
#634=ORIENTED_EDGE('',*,*,#2153,.T.);
#635=ORIENTED_EDGE('',*,*,#2154,.T.);
#636=ORIENTED_EDGE('',*,*,#2155,.T.);
#637=ORIENTED_EDGE('',*,*,#2156,.T.);
#638=ORIENTED_EDGE('',*,*,#2157,.T.);
#639=ORIENTED_EDGE('',*,*,#2158,.T.);
#640=ORIENTED_EDGE('',*,*,#2159,.T.);
#641=ORIENTED_EDGE('',*,*,#2160,.T.);
#642=ORIENTED_EDGE('',*,*,#2161,.T.);
#643=ORIENTED_EDGE('',*,*,#2162,.T.);
#644=ORIENTED_EDGE('',*,*,#2121,.F.);
#645=ORIENTED_EDGE('',*,*,#2163,.T.);
#646=ORIENTED_EDGE('',*,*,#2164,.F.);
#647=ORIENTED_EDGE('',*,*,#2165,.T.);
#648=ORIENTED_EDGE('',*,*,#2166,.T.);
#649=ORIENTED_EDGE('',*,*,#2167,.T.);
#650=ORIENTED_EDGE('',*,*,#2168,.F.);
#651=ORIENTED_EDGE('',*,*,#2169,.F.);
#652=ORIENTED_EDGE('',*,*,#2170,.F.);
#653=ORIENTED_EDGE('',*,*,#2171,.T.);
#654=ORIENTED_EDGE('',*,*,#2172,.F.);
#655=ORIENTED_EDGE('',*,*,#2173,.F.);
#656=ORIENTED_EDGE('',*,*,#2174,.F.);
#657=ORIENTED_EDGE('',*,*,#2175,.T.);
#658=ORIENTED_EDGE('',*,*,#2176,.F.);
#659=ORIENTED_EDGE('',*,*,#2177,.T.);
#660=ORIENTED_EDGE('',*,*,#2178,.F.);
#661=ORIENTED_EDGE('',*,*,#2179,.T.);
#662=ORIENTED_EDGE('',*,*,#2180,.F.);
#663=ORIENTED_EDGE('',*,*,#2181,.T.);
#664=ORIENTED_EDGE('',*,*,#2182,.F.);
#665=ORIENTED_EDGE('',*,*,#2183,.T.);
#666=ORIENTED_EDGE('',*,*,#2184,.F.);
#667=ORIENTED_EDGE('',*,*,#2185,.T.);
#668=ORIENTED_EDGE('',*,*,#2186,.F.);
#669=ORIENTED_EDGE('',*,*,#2187,.T.);
#670=ORIENTED_EDGE('',*,*,#2188,.F.);
#671=ORIENTED_EDGE('',*,*,#2189,.T.);
#672=ORIENTED_EDGE('',*,*,#2190,.F.);
#673=ORIENTED_EDGE('',*,*,#2191,.T.);
#674=ORIENTED_EDGE('',*,*,#2192,.F.);
#675=ORIENTED_EDGE('',*,*,#2193,.T.);
#676=ORIENTED_EDGE('',*,*,#2194,.F.);
#677=ORIENTED_EDGE('',*,*,#2195,.T.);
#678=ORIENTED_EDGE('',*,*,#2196,.F.);
#679=ORIENTED_EDGE('',*,*,#2197,.T.);
#680=ORIENTED_EDGE('',*,*,#2198,.F.);
#681=ORIENTED_EDGE('',*,*,#2199,.T.);
#682=ORIENTED_EDGE('',*,*,#2200,.F.);
#683=ORIENTED_EDGE('',*,*,#2201,.T.);
#684=ORIENTED_EDGE('',*,*,#2202,.F.);
#685=ORIENTED_EDGE('',*,*,#2203,.T.);
#686=ORIENTED_EDGE('',*,*,#2204,.F.);
#687=ORIENTED_EDGE('',*,*,#2205,.T.);
#688=ORIENTED_EDGE('',*,*,#2206,.F.);
#689=ORIENTED_EDGE('',*,*,#2207,.T.);
#690=ORIENTED_EDGE('',*,*,#2208,.F.);
#691=ORIENTED_EDGE('',*,*,#2209,.T.);
#692=ORIENTED_EDGE('',*,*,#2210,.F.);
#693=ORIENTED_EDGE('',*,*,#2211,.T.);
#694=ORIENTED_EDGE('',*,*,#2212,.F.);
#695=ORIENTED_EDGE('',*,*,#2213,.T.);
#696=ORIENTED_EDGE('',*,*,#2214,.F.);
#697=ORIENTED_EDGE('',*,*,#2215,.T.);
#698=ORIENTED_EDGE('',*,*,#2216,.F.);
#699=ORIENTED_EDGE('',*,*,#2217,.T.);
#700=ORIENTED_EDGE('',*,*,#2218,.F.);
#701=ORIENTED_EDGE('',*,*,#2219,.T.);
#702=ORIENTED_EDGE('',*,*,#2220,.F.);
#703=ORIENTED_EDGE('',*,*,#2221,.T.);
#704=ORIENTED_EDGE('',*,*,#2222,.F.);
#705=ORIENTED_EDGE('',*,*,#2223,.T.);
#706=ORIENTED_EDGE('',*,*,#2224,.F.);
#707=ORIENTED_EDGE('',*,*,#2225,.T.);
#708=ORIENTED_EDGE('',*,*,#2226,.F.);
#709=ORIENTED_EDGE('',*,*,#2227,.T.);
#710=ORIENTED_EDGE('',*,*,#2228,.F.);
#711=ORIENTED_EDGE('',*,*,#2229,.T.);
#712=ORIENTED_EDGE('',*,*,#2230,.F.);
#713=ORIENTED_EDGE('',*,*,#2231,.T.);
#714=ORIENTED_EDGE('',*,*,#2232,.F.);
#715=ORIENTED_EDGE('',*,*,#2233,.T.);
#716=ORIENTED_EDGE('',*,*,#2234,.F.);
#717=ORIENTED_EDGE('',*,*,#2235,.T.);
#718=ORIENTED_EDGE('',*,*,#2236,.F.);
#719=ORIENTED_EDGE('',*,*,#2237,.T.);
#720=ORIENTED_EDGE('',*,*,#2238,.T.);
#721=ORIENTED_EDGE('',*,*,#2239,.F.);
#722=ORIENTED_EDGE('',*,*,#2240,.F.);
#723=ORIENTED_EDGE('',*,*,#2241,.F.);
#724=ORIENTED_EDGE('',*,*,#2242,.F.);
#725=ORIENTED_EDGE('',*,*,#2243,.F.);
#726=ORIENTED_EDGE('',*,*,#2244,.T.);
#727=ORIENTED_EDGE('',*,*,#2245,.F.);
#728=ORIENTED_EDGE('',*,*,#2246,.T.);
#729=ORIENTED_EDGE('',*,*,#2247,.F.);
#730=ORIENTED_EDGE('',*,*,#2248,.T.);
#731=ORIENTED_EDGE('',*,*,#2249,.F.);
#732=ORIENTED_EDGE('',*,*,#2250,.T.);
#733=ORIENTED_EDGE('',*,*,#2251,.F.);
#734=ORIENTED_EDGE('',*,*,#2252,.T.);
#735=ORIENTED_EDGE('',*,*,#2253,.F.);
#736=ORIENTED_EDGE('',*,*,#2254,.T.);
#737=ORIENTED_EDGE('',*,*,#2255,.F.);
#738=ORIENTED_EDGE('',*,*,#2256,.T.);
#739=ORIENTED_EDGE('',*,*,#2257,.F.);
#740=ORIENTED_EDGE('',*,*,#2258,.F.);
#741=ORIENTED_EDGE('',*,*,#2259,.F.);
#742=ORIENTED_EDGE('',*,*,#2260,.T.);
#743=ORIENTED_EDGE('',*,*,#2261,.F.);
#744=ORIENTED_EDGE('',*,*,#2262,.T.);
#745=ORIENTED_EDGE('',*,*,#2263,.F.);
#746=ORIENTED_EDGE('',*,*,#2264,.F.);
#747=ORIENTED_EDGE('',*,*,#2265,.F.);
#748=ORIENTED_EDGE('',*,*,#2266,.T.);
#749=ORIENTED_EDGE('',*,*,#2267,.F.);
#750=ORIENTED_EDGE('',*,*,#2268,.T.);
#751=ORIENTED_EDGE('',*,*,#2269,.F.);
#752=ORIENTED_EDGE('',*,*,#2270,.T.);
#753=ORIENTED_EDGE('',*,*,#2271,.F.);
#754=ORIENTED_EDGE('',*,*,#2272,.F.);
#755=ORIENTED_EDGE('',*,*,#2273,.F.);
#756=ORIENTED_EDGE('',*,*,#2274,.T.);
#757=ORIENTED_EDGE('',*,*,#2275,.F.);
#758=ORIENTED_EDGE('',*,*,#2276,.T.);
#759=ORIENTED_EDGE('',*,*,#2277,.F.);
#760=ORIENTED_EDGE('',*,*,#2278,.T.);
#761=ORIENTED_EDGE('',*,*,#2279,.F.);
#762=ORIENTED_EDGE('',*,*,#2280,.T.);
#763=ORIENTED_EDGE('',*,*,#2281,.F.);
#764=ORIENTED_EDGE('',*,*,#2282,.T.);
#765=ORIENTED_EDGE('',*,*,#2283,.F.);
#766=ORIENTED_EDGE('',*,*,#2284,.T.);
#767=ORIENTED_EDGE('',*,*,#2285,.F.);
#768=ORIENTED_EDGE('',*,*,#2286,.T.);
#769=ORIENTED_EDGE('',*,*,#2287,.F.);
#770=ORIENTED_EDGE('',*,*,#2288,.T.);
#771=ORIENTED_EDGE('',*,*,#2289,.F.);
#772=ORIENTED_EDGE('',*,*,#2290,.T.);
#773=ORIENTED_EDGE('',*,*,#2291,.F.);
#774=ORIENTED_EDGE('',*,*,#2292,.T.);
#775=ORIENTED_EDGE('',*,*,#2293,.F.);
#776=ORIENTED_EDGE('',*,*,#2294,.T.);
#777=ORIENTED_EDGE('',*,*,#2295,.F.);
#778=ORIENTED_EDGE('',*,*,#2296,.T.);
#779=ORIENTED_EDGE('',*,*,#2297,.F.);
#780=ORIENTED_EDGE('',*,*,#2298,.T.);
#781=ORIENTED_EDGE('',*,*,#2299,.F.);
#782=ORIENTED_EDGE('',*,*,#2300,.T.);
#783=ORIENTED_EDGE('',*,*,#2301,.F.);
#784=ORIENTED_EDGE('',*,*,#2302,.T.);
#785=ORIENTED_EDGE('',*,*,#2303,.F.);
#786=ORIENTED_EDGE('',*,*,#2304,.T.);
#787=ORIENTED_EDGE('',*,*,#2305,.F.);
#788=ORIENTED_EDGE('',*,*,#2306,.F.);
#789=ORIENTED_EDGE('',*,*,#2307,.F.);
#790=ORIENTED_EDGE('',*,*,#2308,.T.);
#791=ORIENTED_EDGE('',*,*,#2309,.F.);
#792=ORIENTED_EDGE('',*,*,#2310,.T.);
#793=ORIENTED_EDGE('',*,*,#2311,.F.);
#794=ORIENTED_EDGE('',*,*,#2312,.F.);
#795=ORIENTED_EDGE('',*,*,#2313,.F.);
#796=ORIENTED_EDGE('',*,*,#2314,.T.);
#797=ORIENTED_EDGE('',*,*,#2315,.F.);
#798=ORIENTED_EDGE('',*,*,#2316,.T.);
#799=ORIENTED_EDGE('',*,*,#2317,.F.);
#800=ORIENTED_EDGE('',*,*,#2318,.T.);
#801=ORIENTED_EDGE('',*,*,#2319,.F.);
#802=ORIENTED_EDGE('',*,*,#2320,.F.);
#803=ORIENTED_EDGE('',*,*,#2321,.F.);
#804=ORIENTED_EDGE('',*,*,#2322,.T.);
#805=ORIENTED_EDGE('',*,*,#2323,.F.);
#806=ORIENTED_EDGE('',*,*,#2324,.T.);
#807=ORIENTED_EDGE('',*,*,#2325,.F.);
#808=ORIENTED_EDGE('',*,*,#2326,.F.);
#809=ORIENTED_EDGE('',*,*,#2327,.F.);
#810=ORIENTED_EDGE('',*,*,#2328,.T.);
#811=ORIENTED_EDGE('',*,*,#2329,.F.);
#812=ORIENTED_EDGE('',*,*,#2330,.T.);
#813=ORIENTED_EDGE('',*,*,#2331,.F.);
#814=ORIENTED_EDGE('',*,*,#2332,.F.);
#815=ORIENTED_EDGE('',*,*,#2333,.F.);
#816=ORIENTED_EDGE('',*,*,#2334,.T.);
#817=ORIENTED_EDGE('',*,*,#2335,.F.);
#818=ORIENTED_EDGE('',*,*,#2336,.T.);
#819=ORIENTED_EDGE('',*,*,#2337,.F.);
#820=ORIENTED_EDGE('',*,*,#2338,.T.);
#821=ORIENTED_EDGE('',*,*,#2339,.T.);
#822=ORIENTED_EDGE('',*,*,#2340,.T.);
#823=ORIENTED_EDGE('',*,*,#2341,.F.);
#824=ORIENTED_EDGE('',*,*,#2342,.F.);
#825=ORIENTED_EDGE('',*,*,#2343,.F.);
#826=ORIENTED_EDGE('',*,*,#2138,.T.);
#827=ORIENTED_EDGE('',*,*,#2344,.F.);
#828=ORIENTED_EDGE('',*,*,#2345,.F.);
#829=ORIENTED_EDGE('',*,*,#2346,.F.);
#830=ORIENTED_EDGE('',*,*,#2136,.T.);
#831=ORIENTED_EDGE('',*,*,#2242,.T.);
#832=ORIENTED_EDGE('',*,*,#2347,.F.);
#833=ORIENTED_EDGE('',*,*,#2241,.T.);
#834=ORIENTED_EDGE('',*,*,#2348,.F.);
#835=ORIENTED_EDGE('',*,*,#2240,.T.);
#836=ORIENTED_EDGE('',*,*,#2349,.F.);
#837=ORIENTED_EDGE('',*,*,#2239,.T.);
#838=ORIENTED_EDGE('',*,*,#2350,.F.);
#839=ORIENTED_EDGE('',*,*,#2351,.T.);
#840=ORIENTED_EDGE('',*,*,#2352,.T.);
#841=ORIENTED_EDGE('',*,*,#2353,.F.);
#842=ORIENTED_EDGE('',*,*,#2354,.T.);
#843=ORIENTED_EDGE('',*,*,#2350,.T.);
#844=ORIENTED_EDGE('',*,*,#2353,.T.);
#845=ORIENTED_EDGE('',*,*,#2355,.F.);
#846=ORIENTED_EDGE('',*,*,#2356,.T.);
#847=ORIENTED_EDGE('',*,*,#2347,.T.);
#848=ORIENTED_EDGE('',*,*,#2355,.T.);
#849=ORIENTED_EDGE('',*,*,#2357,.F.);
#850=ORIENTED_EDGE('',*,*,#2358,.T.);
#851=ORIENTED_EDGE('',*,*,#2348,.T.);
#852=ORIENTED_EDGE('',*,*,#2357,.T.);
#853=ORIENTED_EDGE('',*,*,#2359,.F.);
#854=ORIENTED_EDGE('',*,*,#2360,.T.);
#855=ORIENTED_EDGE('',*,*,#2349,.T.);
#856=ORIENTED_EDGE('',*,*,#2359,.T.);
#857=ORIENTED_EDGE('',*,*,#2361,.T.);
#858=ORIENTED_EDGE('',*,*,#2362,.T.);
#859=ORIENTED_EDGE('',*,*,#2339,.F.);
#860=ORIENTED_EDGE('',*,*,#2363,.F.);
#861=ORIENTED_EDGE('',*,*,#2166,.F.);
#862=ORIENTED_EDGE('',*,*,#2364,.T.);
#863=ORIENTED_EDGE('',*,*,#2365,.T.);
#864=ORIENTED_EDGE('',*,*,#2366,.T.);
#865=ORIENTED_EDGE('',*,*,#2367,.T.);
#866=ORIENTED_EDGE('',*,*,#2368,.T.);
#867=ORIENTED_EDGE('',*,*,#2351,.F.);
#868=ORIENTED_EDGE('',*,*,#2352,.F.);
#869=ORIENTED_EDGE('',*,*,#2238,.F.);
#870=ORIENTED_EDGE('',*,*,#2369,.F.);
#871=ORIENTED_EDGE('',*,*,#2370,.F.);
#872=ORIENTED_EDGE('',*,*,#2371,.F.);
#873=ORIENTED_EDGE('',*,*,#2248,.F.);
#874=ORIENTED_EDGE('',*,*,#2372,.F.);
#875=ORIENTED_EDGE('',*,*,#2373,.T.);
#876=ORIENTED_EDGE('',*,*,#2374,.F.);
#877=ORIENTED_EDGE('',*,*,#2244,.F.);
#878=ORIENTED_EDGE('',*,*,#2375,.F.);
#879=ORIENTED_EDGE('',*,*,#2376,.T.);
#880=ORIENTED_EDGE('',*,*,#2377,.F.);
#881=ORIENTED_EDGE('',*,*,#2246,.F.);
#882=ORIENTED_EDGE('',*,*,#2245,.T.);
#883=ORIENTED_EDGE('',*,*,#2374,.T.);
#884=ORIENTED_EDGE('',*,*,#2378,.T.);
#885=ORIENTED_EDGE('',*,*,#2375,.T.);
#886=ORIENTED_EDGE('',*,*,#2243,.T.);
#887=ORIENTED_EDGE('',*,*,#2371,.T.);
#888=ORIENTED_EDGE('',*,*,#2379,.T.);
#889=ORIENTED_EDGE('',*,*,#2372,.T.);
#890=ORIENTED_EDGE('',*,*,#2247,.T.);
#891=ORIENTED_EDGE('',*,*,#2377,.T.);
#892=ORIENTED_EDGE('',*,*,#2380,.T.);
#893=ORIENTED_EDGE('',*,*,#2369,.T.);
#894=ORIENTED_EDGE('',*,*,#2381,.F.);
#895=ORIENTED_EDGE('',*,*,#2382,.F.);
#896=ORIENTED_EDGE('',*,*,#2383,.F.);
#897=ORIENTED_EDGE('',*,*,#2233,.F.);
#898=ORIENTED_EDGE('',*,*,#2384,.F.);
#899=ORIENTED_EDGE('',*,*,#2385,.T.);
#900=ORIENTED_EDGE('',*,*,#2386,.F.);
#901=ORIENTED_EDGE('',*,*,#2237,.F.);
#902=ORIENTED_EDGE('',*,*,#2387,.F.);
#903=ORIENTED_EDGE('',*,*,#2388,.T.);
#904=ORIENTED_EDGE('',*,*,#2389,.F.);
#905=ORIENTED_EDGE('',*,*,#2235,.F.);
#906=ORIENTED_EDGE('',*,*,#2390,.F.);
#907=ORIENTED_EDGE('',*,*,#2391,.T.);
#908=ORIENTED_EDGE('',*,*,#2392,.F.);
#909=ORIENTED_EDGE('',*,*,#2231,.F.);
#910=ORIENTED_EDGE('',*,*,#2230,.T.);
#911=ORIENTED_EDGE('',*,*,#2386,.T.);
#912=ORIENTED_EDGE('',*,*,#2393,.T.);
#913=ORIENTED_EDGE('',*,*,#2390,.T.);
#914=ORIENTED_EDGE('',*,*,#2236,.T.);
#915=ORIENTED_EDGE('',*,*,#2389,.T.);
#916=ORIENTED_EDGE('',*,*,#2394,.T.);
#917=ORIENTED_EDGE('',*,*,#2384,.T.);
#918=ORIENTED_EDGE('',*,*,#2232,.T.);
#919=ORIENTED_EDGE('',*,*,#2392,.T.);
#920=ORIENTED_EDGE('',*,*,#2395,.T.);
#921=ORIENTED_EDGE('',*,*,#2381,.T.);
#922=ORIENTED_EDGE('',*,*,#2234,.T.);
#923=ORIENTED_EDGE('',*,*,#2383,.T.);
#924=ORIENTED_EDGE('',*,*,#2396,.T.);
#925=ORIENTED_EDGE('',*,*,#2387,.T.);
#926=ORIENTED_EDGE('',*,*,#2397,.F.);
#927=ORIENTED_EDGE('',*,*,#2398,.F.);
#928=ORIENTED_EDGE('',*,*,#2399,.F.);
#929=ORIENTED_EDGE('',*,*,#2254,.F.);
#930=ORIENTED_EDGE('',*,*,#2400,.F.);
#931=ORIENTED_EDGE('',*,*,#2401,.T.);
#932=ORIENTED_EDGE('',*,*,#2402,.F.);
#933=ORIENTED_EDGE('',*,*,#2250,.F.);
#934=ORIENTED_EDGE('',*,*,#2403,.F.);
#935=ORIENTED_EDGE('',*,*,#2404,.T.);
#936=ORIENTED_EDGE('',*,*,#2405,.F.);
#937=ORIENTED_EDGE('',*,*,#2252,.F.);
#938=ORIENTED_EDGE('',*,*,#2251,.T.);
#939=ORIENTED_EDGE('',*,*,#2402,.T.);
#940=ORIENTED_EDGE('',*,*,#2406,.T.);
#941=ORIENTED_EDGE('',*,*,#2403,.T.);
#942=ORIENTED_EDGE('',*,*,#2249,.T.);
#943=ORIENTED_EDGE('',*,*,#2399,.T.);
#944=ORIENTED_EDGE('',*,*,#2407,.T.);
#945=ORIENTED_EDGE('',*,*,#2400,.T.);
#946=ORIENTED_EDGE('',*,*,#2253,.T.);
#947=ORIENTED_EDGE('',*,*,#2405,.T.);
#948=ORIENTED_EDGE('',*,*,#2408,.T.);
#949=ORIENTED_EDGE('',*,*,#2397,.T.);
#950=ORIENTED_EDGE('',*,*,#2258,.T.);
#951=ORIENTED_EDGE('',*,*,#2409,.F.);
#952=ORIENTED_EDGE('',*,*,#2410,.T.);
#953=ORIENTED_EDGE('',*,*,#2411,.F.);
#954=ORIENTED_EDGE('',*,*,#2412,.F.);
#955=ORIENTED_EDGE('',*,*,#2413,.T.);
#956=ORIENTED_EDGE('',*,*,#2414,.F.);
#957=ORIENTED_EDGE('',*,*,#2260,.F.);
#958=ORIENTED_EDGE('',*,*,#2415,.F.);
#959=ORIENTED_EDGE('',*,*,#2416,.T.);
#960=ORIENTED_EDGE('',*,*,#2417,.F.);
#961=ORIENTED_EDGE('',*,*,#2256,.F.);
#962=ORIENTED_EDGE('',*,*,#2257,.T.);
#963=ORIENTED_EDGE('',*,*,#2417,.T.);
#964=ORIENTED_EDGE('',*,*,#2418,.T.);
#965=ORIENTED_EDGE('',*,*,#2409,.T.);
#966=ORIENTED_EDGE('',*,*,#2255,.T.);
#967=ORIENTED_EDGE('',*,*,#2414,.T.);
#968=ORIENTED_EDGE('',*,*,#2419,.T.);
#969=ORIENTED_EDGE('',*,*,#2415,.T.);
#970=ORIENTED_EDGE('',*,*,#2259,.T.);
#971=ORIENTED_EDGE('',*,*,#2411,.T.);
#972=ORIENTED_EDGE('',*,*,#2420,.T.);
#973=ORIENTED_EDGE('',*,*,#2412,.T.);
#974=ORIENTED_EDGE('',*,*,#2264,.T.);
#975=ORIENTED_EDGE('',*,*,#2421,.F.);
#976=ORIENTED_EDGE('',*,*,#2422,.T.);
#977=ORIENTED_EDGE('',*,*,#2423,.F.);
#978=ORIENTED_EDGE('',*,*,#2424,.F.);
#979=ORIENTED_EDGE('',*,*,#2425,.T.);
#980=ORIENTED_EDGE('',*,*,#2426,.F.);
#981=ORIENTED_EDGE('',*,*,#2262,.F.);
#982=ORIENTED_EDGE('',*,*,#2427,.F.);
#983=ORIENTED_EDGE('',*,*,#2428,.T.);
#984=ORIENTED_EDGE('',*,*,#2429,.F.);
#985=ORIENTED_EDGE('',*,*,#2266,.F.);
#986=ORIENTED_EDGE('',*,*,#2261,.T.);
#987=ORIENTED_EDGE('',*,*,#2429,.T.);
#988=ORIENTED_EDGE('',*,*,#2430,.T.);
#989=ORIENTED_EDGE('',*,*,#2424,.T.);
#990=ORIENTED_EDGE('',*,*,#2263,.T.);
#991=ORIENTED_EDGE('',*,*,#2426,.T.);
#992=ORIENTED_EDGE('',*,*,#2431,.T.);
#993=ORIENTED_EDGE('',*,*,#2421,.T.);
#994=ORIENTED_EDGE('',*,*,#2265,.T.);
#995=ORIENTED_EDGE('',*,*,#2423,.T.);
#996=ORIENTED_EDGE('',*,*,#2432,.T.);
#997=ORIENTED_EDGE('',*,*,#2427,.T.);
#998=ORIENTED_EDGE('',*,*,#2433,.F.);
#999=ORIENTED_EDGE('',*,*,#2434,.F.);
#1000=ORIENTED_EDGE('',*,*,#2435,.F.);
#1001=ORIENTED_EDGE('',*,*,#2227,.F.);
#1002=ORIENTED_EDGE('',*,*,#2436,.F.);
#1003=ORIENTED_EDGE('',*,*,#2437,.T.);
#1004=ORIENTED_EDGE('',*,*,#2438,.F.);
#1005=ORIENTED_EDGE('',*,*,#2225,.F.);
#1006=ORIENTED_EDGE('',*,*,#2439,.F.);
#1007=ORIENTED_EDGE('',*,*,#2440,.T.);
#1008=ORIENTED_EDGE('',*,*,#2441,.F.);
#1009=ORIENTED_EDGE('',*,*,#2229,.F.);
#1010=ORIENTED_EDGE('',*,*,#2442,.F.);
#1011=ORIENTED_EDGE('',*,*,#2443,.T.);
#1012=ORIENTED_EDGE('',*,*,#2444,.F.);
#1013=ORIENTED_EDGE('',*,*,#2223,.F.);
#1014=ORIENTED_EDGE('',*,*,#2222,.T.);
#1015=ORIENTED_EDGE('',*,*,#2441,.T.);
#1016=ORIENTED_EDGE('',*,*,#2445,.T.);
#1017=ORIENTED_EDGE('',*,*,#2442,.T.);
#1018=ORIENTED_EDGE('',*,*,#2224,.T.);
#1019=ORIENTED_EDGE('',*,*,#2444,.T.);
#1020=ORIENTED_EDGE('',*,*,#2446,.T.);
#1021=ORIENTED_EDGE('',*,*,#2436,.T.);
#1022=ORIENTED_EDGE('',*,*,#2228,.T.);
#1023=ORIENTED_EDGE('',*,*,#2435,.T.);
#1024=ORIENTED_EDGE('',*,*,#2447,.T.);
#1025=ORIENTED_EDGE('',*,*,#2439,.T.);
#1026=ORIENTED_EDGE('',*,*,#2226,.T.);
#1027=ORIENTED_EDGE('',*,*,#2438,.T.);
#1028=ORIENTED_EDGE('',*,*,#2448,.T.);
#1029=ORIENTED_EDGE('',*,*,#2433,.T.);
#1030=ORIENTED_EDGE('',*,*,#2449,.F.);
#1031=ORIENTED_EDGE('',*,*,#2450,.F.);
#1032=ORIENTED_EDGE('',*,*,#2451,.F.);
#1033=ORIENTED_EDGE('',*,*,#2217,.F.);
#1034=ORIENTED_EDGE('',*,*,#2452,.F.);
#1035=ORIENTED_EDGE('',*,*,#2453,.T.);
#1036=ORIENTED_EDGE('',*,*,#2454,.F.);
#1037=ORIENTED_EDGE('',*,*,#2215,.F.);
#1038=ORIENTED_EDGE('',*,*,#2455,.F.);
#1039=ORIENTED_EDGE('',*,*,#2456,.T.);
#1040=ORIENTED_EDGE('',*,*,#2457,.F.);
#1041=ORIENTED_EDGE('',*,*,#2219,.F.);
#1042=ORIENTED_EDGE('',*,*,#2458,.F.);
#1043=ORIENTED_EDGE('',*,*,#2459,.T.);
#1044=ORIENTED_EDGE('',*,*,#2460,.F.);
#1045=ORIENTED_EDGE('',*,*,#2221,.F.);
#1046=ORIENTED_EDGE('',*,*,#2214,.T.);
#1047=ORIENTED_EDGE('',*,*,#2460,.T.);
#1048=ORIENTED_EDGE('',*,*,#2461,.T.);
#1049=ORIENTED_EDGE('',*,*,#2452,.T.);
#1050=ORIENTED_EDGE('',*,*,#2220,.T.);
#1051=ORIENTED_EDGE('',*,*,#2457,.T.);
#1052=ORIENTED_EDGE('',*,*,#2462,.T.);
#1053=ORIENTED_EDGE('',*,*,#2458,.T.);
#1054=ORIENTED_EDGE('',*,*,#2216,.T.);
#1055=ORIENTED_EDGE('',*,*,#2454,.T.);
#1056=ORIENTED_EDGE('',*,*,#2463,.T.);
#1057=ORIENTED_EDGE('',*,*,#2449,.T.);
#1058=ORIENTED_EDGE('',*,*,#2218,.T.);
#1059=ORIENTED_EDGE('',*,*,#2451,.T.);
#1060=ORIENTED_EDGE('',*,*,#2464,.T.);
#1061=ORIENTED_EDGE('',*,*,#2455,.T.);
#1062=ORIENTED_EDGE('',*,*,#2272,.T.);
#1063=ORIENTED_EDGE('',*,*,#2465,.F.);
#1064=ORIENTED_EDGE('',*,*,#2341,.T.);
#1065=ORIENTED_EDGE('',*,*,#2466,.T.);
#1066=ORIENTED_EDGE('',*,*,#2128,.F.);
#1067=ORIENTED_EDGE('',*,*,#2467,.T.);
#1068=ORIENTED_EDGE('',*,*,#2468,.F.);
#1069=ORIENTED_EDGE('',*,*,#2469,.F.);
#1070=ORIENTED_EDGE('',*,*,#2470,.T.);
#1071=ORIENTED_EDGE('',*,*,#2471,.F.);
#1072=ORIENTED_EDGE('',*,*,#2268,.F.);
#1073=ORIENTED_EDGE('',*,*,#2472,.F.);
#1074=ORIENTED_EDGE('',*,*,#2473,.T.);
#1075=ORIENTED_EDGE('',*,*,#2343,.T.);
#1076=ORIENTED_EDGE('',*,*,#2474,.F.);
#1077=ORIENTED_EDGE('',*,*,#2270,.F.);
#1078=ORIENTED_EDGE('',*,*,#2269,.T.);
#1079=ORIENTED_EDGE('',*,*,#2471,.T.);
#1080=ORIENTED_EDGE('',*,*,#2475,.T.);
#1081=ORIENTED_EDGE('',*,*,#2472,.T.);
#1082=ORIENTED_EDGE('',*,*,#2267,.T.);
#1083=ORIENTED_EDGE('',*,*,#2468,.T.);
#1084=ORIENTED_EDGE('',*,*,#2476,.T.);
#1085=ORIENTED_EDGE('',*,*,#2469,.T.);
#1086=ORIENTED_EDGE('',*,*,#2271,.T.);
#1087=ORIENTED_EDGE('',*,*,#2474,.T.);
#1088=ORIENTED_EDGE('',*,*,#2342,.T.);
#1089=ORIENTED_EDGE('',*,*,#2465,.T.);
#1090=ORIENTED_EDGE('',*,*,#2477,.F.);
#1091=ORIENTED_EDGE('',*,*,#2478,.F.);
#1092=ORIENTED_EDGE('',*,*,#2479,.F.);
#1093=ORIENTED_EDGE('',*,*,#2209,.F.);
#1094=ORIENTED_EDGE('',*,*,#2480,.F.);
#1095=ORIENTED_EDGE('',*,*,#2481,.T.);
#1096=ORIENTED_EDGE('',*,*,#2482,.F.);
#1097=ORIENTED_EDGE('',*,*,#2207,.F.);
#1098=ORIENTED_EDGE('',*,*,#2483,.F.);
#1099=ORIENTED_EDGE('',*,*,#2484,.T.);
#1100=ORIENTED_EDGE('',*,*,#2485,.F.);
#1101=ORIENTED_EDGE('',*,*,#2211,.F.);
#1102=ORIENTED_EDGE('',*,*,#2486,.F.);
#1103=ORIENTED_EDGE('',*,*,#2487,.T.);
#1104=ORIENTED_EDGE('',*,*,#2488,.F.);
#1105=ORIENTED_EDGE('',*,*,#2213,.F.);
#1106=ORIENTED_EDGE('',*,*,#2206,.T.);
#1107=ORIENTED_EDGE('',*,*,#2488,.T.);
#1108=ORIENTED_EDGE('',*,*,#2489,.T.);
#1109=ORIENTED_EDGE('',*,*,#2480,.T.);
#1110=ORIENTED_EDGE('',*,*,#2212,.T.);
#1111=ORIENTED_EDGE('',*,*,#2485,.T.);
#1112=ORIENTED_EDGE('',*,*,#2490,.T.);
#1113=ORIENTED_EDGE('',*,*,#2486,.T.);
#1114=ORIENTED_EDGE('',*,*,#2208,.T.);
#1115=ORIENTED_EDGE('',*,*,#2482,.T.);
#1116=ORIENTED_EDGE('',*,*,#2491,.T.);
#1117=ORIENTED_EDGE('',*,*,#2477,.T.);
#1118=ORIENTED_EDGE('',*,*,#2210,.T.);
#1119=ORIENTED_EDGE('',*,*,#2479,.T.);
#1120=ORIENTED_EDGE('',*,*,#2492,.T.);
#1121=ORIENTED_EDGE('',*,*,#2483,.T.);
#1122=ORIENTED_EDGE('',*,*,#2493,.F.);
#1123=ORIENTED_EDGE('',*,*,#2494,.F.);
#1124=ORIENTED_EDGE('',*,*,#2495,.F.);
#1125=ORIENTED_EDGE('',*,*,#2203,.F.);
#1126=ORIENTED_EDGE('',*,*,#2496,.F.);
#1127=ORIENTED_EDGE('',*,*,#2497,.T.);
#1128=ORIENTED_EDGE('',*,*,#2498,.F.);
#1129=ORIENTED_EDGE('',*,*,#2201,.F.);
#1130=ORIENTED_EDGE('',*,*,#2499,.F.);
#1131=ORIENTED_EDGE('',*,*,#2500,.T.);
#1132=ORIENTED_EDGE('',*,*,#2501,.F.);
#1133=ORIENTED_EDGE('',*,*,#2205,.F.);
#1134=ORIENTED_EDGE('',*,*,#2502,.F.);
#1135=ORIENTED_EDGE('',*,*,#2503,.T.);
#1136=ORIENTED_EDGE('',*,*,#2504,.F.);
#1137=ORIENTED_EDGE('',*,*,#2199,.F.);
#1138=ORIENTED_EDGE('',*,*,#2198,.T.);
#1139=ORIENTED_EDGE('',*,*,#2501,.T.);
#1140=ORIENTED_EDGE('',*,*,#2505,.T.);
#1141=ORIENTED_EDGE('',*,*,#2502,.T.);
#1142=ORIENTED_EDGE('',*,*,#2200,.T.);
#1143=ORIENTED_EDGE('',*,*,#2504,.T.);
#1144=ORIENTED_EDGE('',*,*,#2506,.T.);
#1145=ORIENTED_EDGE('',*,*,#2496,.T.);
#1146=ORIENTED_EDGE('',*,*,#2204,.T.);
#1147=ORIENTED_EDGE('',*,*,#2495,.T.);
#1148=ORIENTED_EDGE('',*,*,#2507,.T.);
#1149=ORIENTED_EDGE('',*,*,#2499,.T.);
#1150=ORIENTED_EDGE('',*,*,#2202,.T.);
#1151=ORIENTED_EDGE('',*,*,#2498,.T.);
#1152=ORIENTED_EDGE('',*,*,#2508,.T.);
#1153=ORIENTED_EDGE('',*,*,#2493,.T.);
#1154=ORIENTED_EDGE('',*,*,#2509,.F.);
#1155=ORIENTED_EDGE('',*,*,#2510,.F.);
#1156=ORIENTED_EDGE('',*,*,#2511,.F.);
#1157=ORIENTED_EDGE('',*,*,#2193,.F.);
#1158=ORIENTED_EDGE('',*,*,#2512,.F.);
#1159=ORIENTED_EDGE('',*,*,#2513,.T.);
#1160=ORIENTED_EDGE('',*,*,#2514,.F.);
#1161=ORIENTED_EDGE('',*,*,#2191,.F.);
#1162=ORIENTED_EDGE('',*,*,#2515,.F.);
#1163=ORIENTED_EDGE('',*,*,#2516,.T.);
#1164=ORIENTED_EDGE('',*,*,#2517,.F.);
#1165=ORIENTED_EDGE('',*,*,#2195,.F.);
#1166=ORIENTED_EDGE('',*,*,#2518,.F.);
#1167=ORIENTED_EDGE('',*,*,#2519,.T.);
#1168=ORIENTED_EDGE('',*,*,#2520,.F.);
#1169=ORIENTED_EDGE('',*,*,#2197,.F.);
#1170=ORIENTED_EDGE('',*,*,#2190,.T.);
#1171=ORIENTED_EDGE('',*,*,#2520,.T.);
#1172=ORIENTED_EDGE('',*,*,#2521,.T.);
#1173=ORIENTED_EDGE('',*,*,#2512,.T.);
#1174=ORIENTED_EDGE('',*,*,#2196,.T.);
#1175=ORIENTED_EDGE('',*,*,#2517,.T.);
#1176=ORIENTED_EDGE('',*,*,#2522,.T.);
#1177=ORIENTED_EDGE('',*,*,#2518,.T.);
#1178=ORIENTED_EDGE('',*,*,#2192,.T.);
#1179=ORIENTED_EDGE('',*,*,#2514,.T.);
#1180=ORIENTED_EDGE('',*,*,#2523,.T.);
#1181=ORIENTED_EDGE('',*,*,#2509,.T.);
#1182=ORIENTED_EDGE('',*,*,#2194,.T.);
#1183=ORIENTED_EDGE('',*,*,#2511,.T.);
#1184=ORIENTED_EDGE('',*,*,#2524,.T.);
#1185=ORIENTED_EDGE('',*,*,#2515,.T.);
#1186=ORIENTED_EDGE('',*,*,#2525,.F.);
#1187=ORIENTED_EDGE('',*,*,#2526,.F.);
#1188=ORIENTED_EDGE('',*,*,#2527,.F.);
#1189=ORIENTED_EDGE('',*,*,#2278,.F.);
#1190=ORIENTED_EDGE('',*,*,#2528,.F.);
#1191=ORIENTED_EDGE('',*,*,#2529,.T.);
#1192=ORIENTED_EDGE('',*,*,#2530,.F.);
#1193=ORIENTED_EDGE('',*,*,#2276,.F.);
#1194=ORIENTED_EDGE('',*,*,#2531,.F.);
#1195=ORIENTED_EDGE('',*,*,#2532,.T.);
#1196=ORIENTED_EDGE('',*,*,#2533,.F.);
#1197=ORIENTED_EDGE('',*,*,#2274,.F.);
#1198=ORIENTED_EDGE('',*,*,#2275,.T.);
#1199=ORIENTED_EDGE('',*,*,#2533,.T.);
#1200=ORIENTED_EDGE('',*,*,#2534,.T.);
#1201=ORIENTED_EDGE('',*,*,#2528,.T.);
#1202=ORIENTED_EDGE('',*,*,#2273,.T.);
#1203=ORIENTED_EDGE('',*,*,#2527,.T.);
#1204=ORIENTED_EDGE('',*,*,#2535,.T.);
#1205=ORIENTED_EDGE('',*,*,#2531,.T.);
#1206=ORIENTED_EDGE('',*,*,#2277,.T.);
#1207=ORIENTED_EDGE('',*,*,#2530,.T.);
#1208=ORIENTED_EDGE('',*,*,#2536,.T.);
#1209=ORIENTED_EDGE('',*,*,#2525,.T.);
#1210=ORIENTED_EDGE('',*,*,#2537,.F.);
#1211=ORIENTED_EDGE('',*,*,#2538,.F.);
#1212=ORIENTED_EDGE('',*,*,#2539,.F.);
#1213=ORIENTED_EDGE('',*,*,#2284,.F.);
#1214=ORIENTED_EDGE('',*,*,#2540,.F.);
#1215=ORIENTED_EDGE('',*,*,#2541,.T.);
#1216=ORIENTED_EDGE('',*,*,#2542,.F.);
#1217=ORIENTED_EDGE('',*,*,#2280,.F.);
#1218=ORIENTED_EDGE('',*,*,#2543,.F.);
#1219=ORIENTED_EDGE('',*,*,#2544,.T.);
#1220=ORIENTED_EDGE('',*,*,#2545,.F.);
#1221=ORIENTED_EDGE('',*,*,#2282,.F.);
#1222=ORIENTED_EDGE('',*,*,#2281,.T.);
#1223=ORIENTED_EDGE('',*,*,#2542,.T.);
#1224=ORIENTED_EDGE('',*,*,#2546,.T.);
#1225=ORIENTED_EDGE('',*,*,#2543,.T.);
#1226=ORIENTED_EDGE('',*,*,#2279,.T.);
#1227=ORIENTED_EDGE('',*,*,#2539,.T.);
#1228=ORIENTED_EDGE('',*,*,#2547,.T.);
#1229=ORIENTED_EDGE('',*,*,#2540,.T.);
#1230=ORIENTED_EDGE('',*,*,#2283,.T.);
#1231=ORIENTED_EDGE('',*,*,#2545,.T.);
#1232=ORIENTED_EDGE('',*,*,#2548,.T.);
#1233=ORIENTED_EDGE('',*,*,#2537,.T.);
#1234=ORIENTED_EDGE('',*,*,#2549,.F.);
#1235=ORIENTED_EDGE('',*,*,#2550,.F.);
#1236=ORIENTED_EDGE('',*,*,#2551,.F.);
#1237=ORIENTED_EDGE('',*,*,#2288,.F.);
#1238=ORIENTED_EDGE('',*,*,#2552,.F.);
#1239=ORIENTED_EDGE('',*,*,#2553,.T.);
#1240=ORIENTED_EDGE('',*,*,#2554,.F.);
#1241=ORIENTED_EDGE('',*,*,#2286,.F.);
#1242=ORIENTED_EDGE('',*,*,#2555,.F.);
#1243=ORIENTED_EDGE('',*,*,#2556,.T.);
#1244=ORIENTED_EDGE('',*,*,#2557,.F.);
#1245=ORIENTED_EDGE('',*,*,#2290,.F.);
#1246=ORIENTED_EDGE('',*,*,#2285,.T.);
#1247=ORIENTED_EDGE('',*,*,#2557,.T.);
#1248=ORIENTED_EDGE('',*,*,#2558,.T.);
#1249=ORIENTED_EDGE('',*,*,#2552,.T.);
#1250=ORIENTED_EDGE('',*,*,#2287,.T.);
#1251=ORIENTED_EDGE('',*,*,#2554,.T.);
#1252=ORIENTED_EDGE('',*,*,#2559,.T.);
#1253=ORIENTED_EDGE('',*,*,#2549,.T.);
#1254=ORIENTED_EDGE('',*,*,#2289,.T.);
#1255=ORIENTED_EDGE('',*,*,#2551,.T.);
#1256=ORIENTED_EDGE('',*,*,#2560,.T.);
#1257=ORIENTED_EDGE('',*,*,#2555,.T.);
#1258=ORIENTED_EDGE('',*,*,#2561,.F.);
#1259=ORIENTED_EDGE('',*,*,#2562,.F.);
#1260=ORIENTED_EDGE('',*,*,#2563,.F.);
#1261=ORIENTED_EDGE('',*,*,#2294,.F.);
#1262=ORIENTED_EDGE('',*,*,#2564,.F.);
#1263=ORIENTED_EDGE('',*,*,#2565,.T.);
#1264=ORIENTED_EDGE('',*,*,#2566,.F.);
#1265=ORIENTED_EDGE('',*,*,#2292,.F.);
#1266=ORIENTED_EDGE('',*,*,#2567,.F.);
#1267=ORIENTED_EDGE('',*,*,#2568,.T.);
#1268=ORIENTED_EDGE('',*,*,#2569,.F.);
#1269=ORIENTED_EDGE('',*,*,#2296,.F.);
#1270=ORIENTED_EDGE('',*,*,#2291,.T.);
#1271=ORIENTED_EDGE('',*,*,#2569,.T.);
#1272=ORIENTED_EDGE('',*,*,#2570,.T.);
#1273=ORIENTED_EDGE('',*,*,#2564,.T.);
#1274=ORIENTED_EDGE('',*,*,#2293,.T.);
#1275=ORIENTED_EDGE('',*,*,#2566,.T.);
#1276=ORIENTED_EDGE('',*,*,#2571,.T.);
#1277=ORIENTED_EDGE('',*,*,#2561,.T.);
#1278=ORIENTED_EDGE('',*,*,#2295,.T.);
#1279=ORIENTED_EDGE('',*,*,#2563,.T.);
#1280=ORIENTED_EDGE('',*,*,#2572,.T.);
#1281=ORIENTED_EDGE('',*,*,#2567,.T.);
#1282=ORIENTED_EDGE('',*,*,#2573,.F.);
#1283=ORIENTED_EDGE('',*,*,#2574,.F.);
#1284=ORIENTED_EDGE('',*,*,#2575,.F.);
#1285=ORIENTED_EDGE('',*,*,#2300,.F.);
#1286=ORIENTED_EDGE('',*,*,#2576,.F.);
#1287=ORIENTED_EDGE('',*,*,#2577,.T.);
#1288=ORIENTED_EDGE('',*,*,#2578,.F.);
#1289=ORIENTED_EDGE('',*,*,#2298,.F.);
#1290=ORIENTED_EDGE('',*,*,#2579,.F.);
#1291=ORIENTED_EDGE('',*,*,#2580,.T.);
#1292=ORIENTED_EDGE('',*,*,#2581,.F.);
#1293=ORIENTED_EDGE('',*,*,#2302,.F.);
#1294=ORIENTED_EDGE('',*,*,#2297,.T.);
#1295=ORIENTED_EDGE('',*,*,#2581,.T.);
#1296=ORIENTED_EDGE('',*,*,#2582,.T.);
#1297=ORIENTED_EDGE('',*,*,#2576,.T.);
#1298=ORIENTED_EDGE('',*,*,#2299,.T.);
#1299=ORIENTED_EDGE('',*,*,#2578,.T.);
#1300=ORIENTED_EDGE('',*,*,#2583,.T.);
#1301=ORIENTED_EDGE('',*,*,#2573,.T.);
#1302=ORIENTED_EDGE('',*,*,#2301,.T.);
#1303=ORIENTED_EDGE('',*,*,#2575,.T.);
#1304=ORIENTED_EDGE('',*,*,#2584,.T.);
#1305=ORIENTED_EDGE('',*,*,#2579,.T.);
#1306=ORIENTED_EDGE('',*,*,#2306,.T.);
#1307=ORIENTED_EDGE('',*,*,#2585,.F.);
#1308=ORIENTED_EDGE('',*,*,#2586,.T.);
#1309=ORIENTED_EDGE('',*,*,#2151,.F.);
#1310=ORIENTED_EDGE('',*,*,#2587,.T.);
#1311=ORIENTED_EDGE('',*,*,#2164,.T.);
#1312=ORIENTED_EDGE('',*,*,#2588,.F.);
#1313=ORIENTED_EDGE('',*,*,#2589,.F.);
#1314=ORIENTED_EDGE('',*,*,#2590,.T.);
#1315=ORIENTED_EDGE('',*,*,#2591,.F.);
#1316=ORIENTED_EDGE('',*,*,#2304,.F.);
#1317=ORIENTED_EDGE('',*,*,#2592,.F.);
#1318=ORIENTED_EDGE('',*,*,#2172,.T.);
#1319=ORIENTED_EDGE('',*,*,#2593,.T.);
#1320=ORIENTED_EDGE('',*,*,#2153,.F.);
#1321=ORIENTED_EDGE('',*,*,#2594,.T.);
#1322=ORIENTED_EDGE('',*,*,#2595,.F.);
#1323=ORIENTED_EDGE('',*,*,#2308,.F.);
#1324=ORIENTED_EDGE('',*,*,#2303,.T.);
#1325=ORIENTED_EDGE('',*,*,#2595,.T.);
#1326=ORIENTED_EDGE('',*,*,#2596,.T.);
#1327=ORIENTED_EDGE('',*,*,#2589,.T.);
#1328=ORIENTED_EDGE('',*,*,#2305,.T.);
#1329=ORIENTED_EDGE('',*,*,#2591,.T.);
#1330=ORIENTED_EDGE('',*,*,#2597,.T.);
#1331=ORIENTED_EDGE('',*,*,#2585,.T.);
#1332=ORIENTED_EDGE('',*,*,#2307,.T.);
#1333=ORIENTED_EDGE('',*,*,#2588,.T.);
#1334=ORIENTED_EDGE('',*,*,#2173,.T.);
#1335=ORIENTED_EDGE('',*,*,#2592,.T.);
#1336=ORIENTED_EDGE('',*,*,#2598,.F.);
#1337=ORIENTED_EDGE('',*,*,#2599,.F.);
#1338=ORIENTED_EDGE('',*,*,#2600,.F.);
#1339=ORIENTED_EDGE('',*,*,#2187,.F.);
#1340=ORIENTED_EDGE('',*,*,#2601,.F.);
#1341=ORIENTED_EDGE('',*,*,#2602,.T.);
#1342=ORIENTED_EDGE('',*,*,#2603,.F.);
#1343=ORIENTED_EDGE('',*,*,#2185,.F.);
#1344=ORIENTED_EDGE('',*,*,#2604,.F.);
#1345=ORIENTED_EDGE('',*,*,#2605,.T.);
#1346=ORIENTED_EDGE('',*,*,#2606,.F.);
#1347=ORIENTED_EDGE('',*,*,#2189,.F.);
#1348=ORIENTED_EDGE('',*,*,#2607,.F.);
#1349=ORIENTED_EDGE('',*,*,#2608,.T.);
#1350=ORIENTED_EDGE('',*,*,#2609,.F.);
#1351=ORIENTED_EDGE('',*,*,#2183,.F.);
#1352=ORIENTED_EDGE('',*,*,#2182,.T.);
#1353=ORIENTED_EDGE('',*,*,#2606,.T.);
#1354=ORIENTED_EDGE('',*,*,#2610,.T.);
#1355=ORIENTED_EDGE('',*,*,#2607,.T.);
#1356=ORIENTED_EDGE('',*,*,#2184,.T.);
#1357=ORIENTED_EDGE('',*,*,#2609,.T.);
#1358=ORIENTED_EDGE('',*,*,#2611,.T.);
#1359=ORIENTED_EDGE('',*,*,#2601,.T.);
#1360=ORIENTED_EDGE('',*,*,#2188,.T.);
#1361=ORIENTED_EDGE('',*,*,#2600,.T.);
#1362=ORIENTED_EDGE('',*,*,#2612,.T.);
#1363=ORIENTED_EDGE('',*,*,#2604,.T.);
#1364=ORIENTED_EDGE('',*,*,#2186,.T.);
#1365=ORIENTED_EDGE('',*,*,#2603,.T.);
#1366=ORIENTED_EDGE('',*,*,#2613,.T.);
#1367=ORIENTED_EDGE('',*,*,#2598,.T.);
#1368=ORIENTED_EDGE('',*,*,#2312,.T.);
#1369=ORIENTED_EDGE('',*,*,#2614,.F.);
#1370=ORIENTED_EDGE('',*,*,#2615,.T.);
#1371=ORIENTED_EDGE('',*,*,#2346,.T.);
#1372=ORIENTED_EDGE('',*,*,#2616,.F.);
#1373=ORIENTED_EDGE('',*,*,#2617,.F.);
#1374=ORIENTED_EDGE('',*,*,#2618,.T.);
#1375=ORIENTED_EDGE('',*,*,#2619,.F.);
#1376=ORIENTED_EDGE('',*,*,#2310,.F.);
#1377=ORIENTED_EDGE('',*,*,#2620,.F.);
#1378=ORIENTED_EDGE('',*,*,#2344,.T.);
#1379=ORIENTED_EDGE('',*,*,#2621,.T.);
#1380=ORIENTED_EDGE('',*,*,#2622,.F.);
#1381=ORIENTED_EDGE('',*,*,#2314,.F.);
#1382=ORIENTED_EDGE('',*,*,#2309,.T.);
#1383=ORIENTED_EDGE('',*,*,#2622,.T.);
#1384=ORIENTED_EDGE('',*,*,#2623,.T.);
#1385=ORIENTED_EDGE('',*,*,#2617,.T.);
#1386=ORIENTED_EDGE('',*,*,#2311,.T.);
#1387=ORIENTED_EDGE('',*,*,#2619,.T.);
#1388=ORIENTED_EDGE('',*,*,#2624,.T.);
#1389=ORIENTED_EDGE('',*,*,#2614,.T.);
#1390=ORIENTED_EDGE('',*,*,#2313,.T.);
#1391=ORIENTED_EDGE('',*,*,#2616,.T.);
#1392=ORIENTED_EDGE('',*,*,#2345,.T.);
#1393=ORIENTED_EDGE('',*,*,#2620,.T.);
#1394=ORIENTED_EDGE('',*,*,#2320,.T.);
#1395=ORIENTED_EDGE('',*,*,#2625,.F.);
#1396=ORIENTED_EDGE('',*,*,#2626,.T.);
#1397=ORIENTED_EDGE('',*,*,#2627,.F.);
#1398=ORIENTED_EDGE('',*,*,#2628,.F.);
#1399=ORIENTED_EDGE('',*,*,#2629,.T.);
#1400=ORIENTED_EDGE('',*,*,#2630,.F.);
#1401=ORIENTED_EDGE('',*,*,#2316,.F.);
#1402=ORIENTED_EDGE('',*,*,#2631,.F.);
#1403=ORIENTED_EDGE('',*,*,#2632,.T.);
#1404=ORIENTED_EDGE('',*,*,#2633,.F.);
#1405=ORIENTED_EDGE('',*,*,#2318,.F.);
#1406=ORIENTED_EDGE('',*,*,#2317,.T.);
#1407=ORIENTED_EDGE('',*,*,#2630,.T.);
#1408=ORIENTED_EDGE('',*,*,#2634,.T.);
#1409=ORIENTED_EDGE('',*,*,#2631,.T.);
#1410=ORIENTED_EDGE('',*,*,#2315,.T.);
#1411=ORIENTED_EDGE('',*,*,#2627,.T.);
#1412=ORIENTED_EDGE('',*,*,#2635,.T.);
#1413=ORIENTED_EDGE('',*,*,#2628,.T.);
#1414=ORIENTED_EDGE('',*,*,#2319,.T.);
#1415=ORIENTED_EDGE('',*,*,#2633,.T.);
#1416=ORIENTED_EDGE('',*,*,#2636,.T.);
#1417=ORIENTED_EDGE('',*,*,#2625,.T.);
#1418=ORIENTED_EDGE('',*,*,#2326,.T.);
#1419=ORIENTED_EDGE('',*,*,#2637,.F.);
#1420=ORIENTED_EDGE('',*,*,#2638,.T.);
#1421=ORIENTED_EDGE('',*,*,#2639,.F.);
#1422=ORIENTED_EDGE('',*,*,#2640,.F.);
#1423=ORIENTED_EDGE('',*,*,#2641,.T.);
#1424=ORIENTED_EDGE('',*,*,#2642,.F.);
#1425=ORIENTED_EDGE('',*,*,#2324,.F.);
#1426=ORIENTED_EDGE('',*,*,#2643,.F.);
#1427=ORIENTED_EDGE('',*,*,#2644,.T.);
#1428=ORIENTED_EDGE('',*,*,#2645,.F.);
#1429=ORIENTED_EDGE('',*,*,#2322,.F.);
#1430=ORIENTED_EDGE('',*,*,#2321,.T.);
#1431=ORIENTED_EDGE('',*,*,#2639,.T.);
#1432=ORIENTED_EDGE('',*,*,#2646,.T.);
#1433=ORIENTED_EDGE('',*,*,#2643,.T.);
#1434=ORIENTED_EDGE('',*,*,#2323,.T.);
#1435=ORIENTED_EDGE('',*,*,#2645,.T.);
#1436=ORIENTED_EDGE('',*,*,#2647,.T.);
#1437=ORIENTED_EDGE('',*,*,#2640,.T.);
#1438=ORIENTED_EDGE('',*,*,#2325,.T.);
#1439=ORIENTED_EDGE('',*,*,#2642,.T.);
#1440=ORIENTED_EDGE('',*,*,#2648,.T.);
#1441=ORIENTED_EDGE('',*,*,#2637,.T.);
#1442=ORIENTED_EDGE('',*,*,#2332,.T.);
#1443=ORIENTED_EDGE('',*,*,#2649,.F.);
#1444=ORIENTED_EDGE('',*,*,#2168,.T.);
#1445=ORIENTED_EDGE('',*,*,#2650,.T.);
#1446=ORIENTED_EDGE('',*,*,#2157,.F.);
#1447=ORIENTED_EDGE('',*,*,#2651,.T.);
#1448=ORIENTED_EDGE('',*,*,#2652,.F.);
#1449=ORIENTED_EDGE('',*,*,#2653,.F.);
#1450=ORIENTED_EDGE('',*,*,#2654,.T.);
#1451=ORIENTED_EDGE('',*,*,#2655,.F.);
#1452=ORIENTED_EDGE('',*,*,#2328,.F.);
#1453=ORIENTED_EDGE('',*,*,#2656,.F.);
#1454=ORIENTED_EDGE('',*,*,#2657,.T.);
#1455=ORIENTED_EDGE('',*,*,#2155,.F.);
#1456=ORIENTED_EDGE('',*,*,#2658,.T.);
#1457=ORIENTED_EDGE('',*,*,#2170,.T.);
#1458=ORIENTED_EDGE('',*,*,#2659,.F.);
#1459=ORIENTED_EDGE('',*,*,#2330,.F.);
#1460=ORIENTED_EDGE('',*,*,#2329,.T.);
#1461=ORIENTED_EDGE('',*,*,#2655,.T.);
#1462=ORIENTED_EDGE('',*,*,#2660,.T.);
#1463=ORIENTED_EDGE('',*,*,#2656,.T.);
#1464=ORIENTED_EDGE('',*,*,#2327,.T.);
#1465=ORIENTED_EDGE('',*,*,#2652,.T.);
#1466=ORIENTED_EDGE('',*,*,#2661,.T.);
#1467=ORIENTED_EDGE('',*,*,#2653,.T.);
#1468=ORIENTED_EDGE('',*,*,#2331,.T.);
#1469=ORIENTED_EDGE('',*,*,#2659,.T.);
#1470=ORIENTED_EDGE('',*,*,#2169,.T.);
#1471=ORIENTED_EDGE('',*,*,#2649,.T.);
#1472=ORIENTED_EDGE('',*,*,#2662,.F.);
#1473=ORIENTED_EDGE('',*,*,#2663,.F.);
#1474=ORIENTED_EDGE('',*,*,#2664,.F.);
#1475=ORIENTED_EDGE('',*,*,#2179,.F.);
#1476=ORIENTED_EDGE('',*,*,#2665,.F.);
#1477=ORIENTED_EDGE('',*,*,#2666,.T.);
#1478=ORIENTED_EDGE('',*,*,#2667,.F.);
#1479=ORIENTED_EDGE('',*,*,#2177,.F.);
#1480=ORIENTED_EDGE('',*,*,#2668,.F.);
#1481=ORIENTED_EDGE('',*,*,#2669,.T.);
#1482=ORIENTED_EDGE('',*,*,#2670,.F.);
#1483=ORIENTED_EDGE('',*,*,#2181,.F.);
#1484=ORIENTED_EDGE('',*,*,#2671,.F.);
#1485=ORIENTED_EDGE('',*,*,#2672,.T.);
#1486=ORIENTED_EDGE('',*,*,#2673,.F.);
#1487=ORIENTED_EDGE('',*,*,#2175,.F.);
#1488=ORIENTED_EDGE('',*,*,#2174,.T.);
#1489=ORIENTED_EDGE('',*,*,#2670,.T.);
#1490=ORIENTED_EDGE('',*,*,#2674,.T.);
#1491=ORIENTED_EDGE('',*,*,#2671,.T.);
#1492=ORIENTED_EDGE('',*,*,#2176,.T.);
#1493=ORIENTED_EDGE('',*,*,#2673,.T.);
#1494=ORIENTED_EDGE('',*,*,#2675,.T.);
#1495=ORIENTED_EDGE('',*,*,#2665,.T.);
#1496=ORIENTED_EDGE('',*,*,#2180,.T.);
#1497=ORIENTED_EDGE('',*,*,#2664,.T.);
#1498=ORIENTED_EDGE('',*,*,#2676,.T.);
#1499=ORIENTED_EDGE('',*,*,#2668,.T.);
#1500=ORIENTED_EDGE('',*,*,#2178,.T.);
#1501=ORIENTED_EDGE('',*,*,#2667,.T.);
#1502=ORIENTED_EDGE('',*,*,#2677,.T.);
#1503=ORIENTED_EDGE('',*,*,#2662,.T.);
#1504=ORIENTED_EDGE('',*,*,#2678,.F.);
#1505=ORIENTED_EDGE('',*,*,#2679,.F.);
#1506=ORIENTED_EDGE('',*,*,#2680,.F.);
#1507=ORIENTED_EDGE('',*,*,#2336,.F.);
#1508=ORIENTED_EDGE('',*,*,#2681,.F.);
#1509=ORIENTED_EDGE('',*,*,#2682,.T.);
#1510=ORIENTED_EDGE('',*,*,#2683,.F.);
#1511=ORIENTED_EDGE('',*,*,#2334,.F.);
#1512=ORIENTED_EDGE('',*,*,#2684,.F.);
#1513=ORIENTED_EDGE('',*,*,#2685,.T.);
#1514=ORIENTED_EDGE('',*,*,#2686,.F.);
#1515=ORIENTED_EDGE('',*,*,#2338,.F.);
#1516=ORIENTED_EDGE('',*,*,#2333,.T.);
#1517=ORIENTED_EDGE('',*,*,#2686,.T.);
#1518=ORIENTED_EDGE('',*,*,#2687,.T.);
#1519=ORIENTED_EDGE('',*,*,#2681,.T.);
#1520=ORIENTED_EDGE('',*,*,#2335,.T.);
#1521=ORIENTED_EDGE('',*,*,#2683,.T.);
#1522=ORIENTED_EDGE('',*,*,#2688,.T.);
#1523=ORIENTED_EDGE('',*,*,#2678,.T.);
#1524=ORIENTED_EDGE('',*,*,#2337,.T.);
#1525=ORIENTED_EDGE('',*,*,#2680,.T.);
#1526=ORIENTED_EDGE('',*,*,#2689,.T.);
#1527=ORIENTED_EDGE('',*,*,#2684,.T.);
#1528=ORIENTED_EDGE('',*,*,#2687,.F.);
#1529=ORIENTED_EDGE('',*,*,#2685,.F.);
#1530=ORIENTED_EDGE('',*,*,#2689,.F.);
#1531=ORIENTED_EDGE('',*,*,#2679,.T.);
#1532=ORIENTED_EDGE('',*,*,#2688,.F.);
#1533=ORIENTED_EDGE('',*,*,#2682,.F.);
#1534=ORIENTED_EDGE('',*,*,#2675,.F.);
#1535=ORIENTED_EDGE('',*,*,#2672,.F.);
#1536=ORIENTED_EDGE('',*,*,#2674,.F.);
#1537=ORIENTED_EDGE('',*,*,#2669,.F.);
#1538=ORIENTED_EDGE('',*,*,#2676,.F.);
#1539=ORIENTED_EDGE('',*,*,#2663,.T.);
#1540=ORIENTED_EDGE('',*,*,#2677,.F.);
#1541=ORIENTED_EDGE('',*,*,#2666,.F.);
#1542=ORIENTED_EDGE('',*,*,#2690,.T.);
#1543=ORIENTED_EDGE('',*,*,#2691,.T.);
#1544=ORIENTED_EDGE('',*,*,#2692,.T.);
#1545=ORIENTED_EDGE('',*,*,#2693,.T.);
#1546=ORIENTED_EDGE('',*,*,#2694,.T.);
#1547=ORIENTED_EDGE('',*,*,#2695,.T.);
#1548=ORIENTED_EDGE('',*,*,#2696,.T.);
#1549=ORIENTED_EDGE('',*,*,#2697,.T.);
#1550=ORIENTED_EDGE('',*,*,#2698,.T.);
#1551=ORIENTED_EDGE('',*,*,#2699,.T.);
#1552=ORIENTED_EDGE('',*,*,#2700,.T.);
#1553=ORIENTED_EDGE('',*,*,#2701,.F.);
#1554=ORIENTED_EDGE('',*,*,#2702,.F.);
#1555=ORIENTED_EDGE('',*,*,#2703,.T.);
#1556=ORIENTED_EDGE('',*,*,#2704,.T.);
#1557=ORIENTED_EDGE('',*,*,#2705,.T.);
#1558=ORIENTED_EDGE('',*,*,#2135,.T.);
#1559=ORIENTED_EDGE('',*,*,#2706,.T.);
#1560=ORIENTED_EDGE('',*,*,#2707,.T.);
#1561=ORIENTED_EDGE('',*,*,#2708,.T.);
#1562=ORIENTED_EDGE('',*,*,#2709,.T.);
#1563=ORIENTED_EDGE('',*,*,#2160,.F.);
#1564=ORIENTED_EDGE('',*,*,#2710,.T.);
#1565=ORIENTED_EDGE('',*,*,#2363,.T.);
#1566=ORIENTED_EDGE('',*,*,#2473,.F.);
#1567=ORIENTED_EDGE('',*,*,#2475,.F.);
#1568=ORIENTED_EDGE('',*,*,#2470,.F.);
#1569=ORIENTED_EDGE('',*,*,#2476,.F.);
#1570=ORIENTED_EDGE('',*,*,#2467,.F.);
#1571=ORIENTED_EDGE('',*,*,#2127,.T.);
#1572=ORIENTED_EDGE('',*,*,#2586,.F.);
#1573=ORIENTED_EDGE('',*,*,#2597,.F.);
#1574=ORIENTED_EDGE('',*,*,#2590,.F.);
#1575=ORIENTED_EDGE('',*,*,#2596,.F.);
#1576=ORIENTED_EDGE('',*,*,#2594,.F.);
#1577=ORIENTED_EDGE('',*,*,#2152,.F.);
#1578=ORIENTED_EDGE('',*,*,#2615,.F.);
#1579=ORIENTED_EDGE('',*,*,#2624,.F.);
#1580=ORIENTED_EDGE('',*,*,#2618,.F.);
#1581=ORIENTED_EDGE('',*,*,#2623,.F.);
#1582=ORIENTED_EDGE('',*,*,#2621,.F.);
#1583=ORIENTED_EDGE('',*,*,#2137,.T.);
#1584=ORIENTED_EDGE('',*,*,#2657,.F.);
#1585=ORIENTED_EDGE('',*,*,#2660,.F.);
#1586=ORIENTED_EDGE('',*,*,#2654,.F.);
#1587=ORIENTED_EDGE('',*,*,#2661,.F.);
#1588=ORIENTED_EDGE('',*,*,#2651,.F.);
#1589=ORIENTED_EDGE('',*,*,#2156,.F.);
#1590=ORIENTED_EDGE('',*,*,#2646,.F.);
#1591=ORIENTED_EDGE('',*,*,#2638,.F.);
#1592=ORIENTED_EDGE('',*,*,#2648,.F.);
#1593=ORIENTED_EDGE('',*,*,#2641,.F.);
#1594=ORIENTED_EDGE('',*,*,#2647,.F.);
#1595=ORIENTED_EDGE('',*,*,#2644,.F.);
#1596=ORIENTED_EDGE('',*,*,#2634,.F.);
#1597=ORIENTED_EDGE('',*,*,#2629,.F.);
#1598=ORIENTED_EDGE('',*,*,#2635,.F.);
#1599=ORIENTED_EDGE('',*,*,#2626,.F.);
#1600=ORIENTED_EDGE('',*,*,#2636,.F.);
#1601=ORIENTED_EDGE('',*,*,#2632,.F.);
#1602=ORIENTED_EDGE('',*,*,#2611,.F.);
#1603=ORIENTED_EDGE('',*,*,#2608,.F.);
#1604=ORIENTED_EDGE('',*,*,#2610,.F.);
#1605=ORIENTED_EDGE('',*,*,#2605,.F.);
#1606=ORIENTED_EDGE('',*,*,#2612,.F.);
#1607=ORIENTED_EDGE('',*,*,#2599,.T.);
#1608=ORIENTED_EDGE('',*,*,#2613,.F.);
#1609=ORIENTED_EDGE('',*,*,#2602,.F.);
#1610=ORIENTED_EDGE('',*,*,#2582,.F.);
#1611=ORIENTED_EDGE('',*,*,#2580,.F.);
#1612=ORIENTED_EDGE('',*,*,#2584,.F.);
#1613=ORIENTED_EDGE('',*,*,#2574,.T.);
#1614=ORIENTED_EDGE('',*,*,#2583,.F.);
#1615=ORIENTED_EDGE('',*,*,#2577,.F.);
#1616=ORIENTED_EDGE('',*,*,#2570,.F.);
#1617=ORIENTED_EDGE('',*,*,#2568,.F.);
#1618=ORIENTED_EDGE('',*,*,#2572,.F.);
#1619=ORIENTED_EDGE('',*,*,#2562,.T.);
#1620=ORIENTED_EDGE('',*,*,#2571,.F.);
#1621=ORIENTED_EDGE('',*,*,#2565,.F.);
#1622=ORIENTED_EDGE('',*,*,#2558,.F.);
#1623=ORIENTED_EDGE('',*,*,#2556,.F.);
#1624=ORIENTED_EDGE('',*,*,#2560,.F.);
#1625=ORIENTED_EDGE('',*,*,#2550,.T.);
#1626=ORIENTED_EDGE('',*,*,#2559,.F.);
#1627=ORIENTED_EDGE('',*,*,#2553,.F.);
#1628=ORIENTED_EDGE('',*,*,#2547,.F.);
#1629=ORIENTED_EDGE('',*,*,#2538,.T.);
#1630=ORIENTED_EDGE('',*,*,#2548,.F.);
#1631=ORIENTED_EDGE('',*,*,#2544,.F.);
#1632=ORIENTED_EDGE('',*,*,#2546,.F.);
#1633=ORIENTED_EDGE('',*,*,#2541,.F.);
#1634=ORIENTED_EDGE('',*,*,#2535,.F.);
#1635=ORIENTED_EDGE('',*,*,#2526,.T.);
#1636=ORIENTED_EDGE('',*,*,#2536,.F.);
#1637=ORIENTED_EDGE('',*,*,#2529,.F.);
#1638=ORIENTED_EDGE('',*,*,#2534,.F.);
#1639=ORIENTED_EDGE('',*,*,#2532,.F.);
#1640=ORIENTED_EDGE('',*,*,#2523,.F.);
#1641=ORIENTED_EDGE('',*,*,#2513,.F.);
#1642=ORIENTED_EDGE('',*,*,#2521,.F.);
#1643=ORIENTED_EDGE('',*,*,#2519,.F.);
#1644=ORIENTED_EDGE('',*,*,#2522,.F.);
#1645=ORIENTED_EDGE('',*,*,#2516,.F.);
#1646=ORIENTED_EDGE('',*,*,#2524,.F.);
#1647=ORIENTED_EDGE('',*,*,#2510,.T.);
#1648=ORIENTED_EDGE('',*,*,#2506,.F.);
#1649=ORIENTED_EDGE('',*,*,#2503,.F.);
#1650=ORIENTED_EDGE('',*,*,#2505,.F.);
#1651=ORIENTED_EDGE('',*,*,#2500,.F.);
#1652=ORIENTED_EDGE('',*,*,#2507,.F.);
#1653=ORIENTED_EDGE('',*,*,#2494,.T.);
#1654=ORIENTED_EDGE('',*,*,#2508,.F.);
#1655=ORIENTED_EDGE('',*,*,#2497,.F.);
#1656=ORIENTED_EDGE('',*,*,#2491,.F.);
#1657=ORIENTED_EDGE('',*,*,#2481,.F.);
#1658=ORIENTED_EDGE('',*,*,#2489,.F.);
#1659=ORIENTED_EDGE('',*,*,#2487,.F.);
#1660=ORIENTED_EDGE('',*,*,#2490,.F.);
#1661=ORIENTED_EDGE('',*,*,#2484,.F.);
#1662=ORIENTED_EDGE('',*,*,#2492,.F.);
#1663=ORIENTED_EDGE('',*,*,#2478,.T.);
#1664=ORIENTED_EDGE('',*,*,#2463,.F.);
#1665=ORIENTED_EDGE('',*,*,#2453,.F.);
#1666=ORIENTED_EDGE('',*,*,#2461,.F.);
#1667=ORIENTED_EDGE('',*,*,#2459,.F.);
#1668=ORIENTED_EDGE('',*,*,#2462,.F.);
#1669=ORIENTED_EDGE('',*,*,#2456,.F.);
#1670=ORIENTED_EDGE('',*,*,#2464,.F.);
#1671=ORIENTED_EDGE('',*,*,#2450,.T.);
#1672=ORIENTED_EDGE('',*,*,#2446,.F.);
#1673=ORIENTED_EDGE('',*,*,#2443,.F.);
#1674=ORIENTED_EDGE('',*,*,#2445,.F.);
#1675=ORIENTED_EDGE('',*,*,#2440,.F.);
#1676=ORIENTED_EDGE('',*,*,#2447,.F.);
#1677=ORIENTED_EDGE('',*,*,#2434,.T.);
#1678=ORIENTED_EDGE('',*,*,#2448,.F.);
#1679=ORIENTED_EDGE('',*,*,#2437,.F.);
#1680=ORIENTED_EDGE('',*,*,#2422,.F.);
#1681=ORIENTED_EDGE('',*,*,#2431,.F.);
#1682=ORIENTED_EDGE('',*,*,#2425,.F.);
#1683=ORIENTED_EDGE('',*,*,#2430,.F.);
#1684=ORIENTED_EDGE('',*,*,#2428,.F.);
#1685=ORIENTED_EDGE('',*,*,#2432,.F.);
#1686=ORIENTED_EDGE('',*,*,#2410,.F.);
#1687=ORIENTED_EDGE('',*,*,#2418,.F.);
#1688=ORIENTED_EDGE('',*,*,#2416,.F.);
#1689=ORIENTED_EDGE('',*,*,#2419,.F.);
#1690=ORIENTED_EDGE('',*,*,#2413,.F.);
#1691=ORIENTED_EDGE('',*,*,#2420,.F.);
#1692=ORIENTED_EDGE('',*,*,#2407,.F.);
#1693=ORIENTED_EDGE('',*,*,#2398,.T.);
#1694=ORIENTED_EDGE('',*,*,#2408,.F.);
#1695=ORIENTED_EDGE('',*,*,#2404,.F.);
#1696=ORIENTED_EDGE('',*,*,#2406,.F.);
#1697=ORIENTED_EDGE('',*,*,#2401,.F.);
#1698=ORIENTED_EDGE('',*,*,#2395,.F.);
#1699=ORIENTED_EDGE('',*,*,#2391,.F.);
#1700=ORIENTED_EDGE('',*,*,#2393,.F.);
#1701=ORIENTED_EDGE('',*,*,#2385,.F.);
#1702=ORIENTED_EDGE('',*,*,#2394,.F.);
#1703=ORIENTED_EDGE('',*,*,#2388,.F.);
#1704=ORIENTED_EDGE('',*,*,#2396,.F.);
#1705=ORIENTED_EDGE('',*,*,#2382,.T.);
#1706=ORIENTED_EDGE('',*,*,#2379,.F.);
#1707=ORIENTED_EDGE('',*,*,#2370,.T.);
#1708=ORIENTED_EDGE('',*,*,#2380,.F.);
#1709=ORIENTED_EDGE('',*,*,#2376,.F.);
#1710=ORIENTED_EDGE('',*,*,#2378,.F.);
#1711=ORIENTED_EDGE('',*,*,#2373,.F.);
#1712=ORIENTED_EDGE('',*,*,#2711,.F.);
#1713=ORIENTED_EDGE('',*,*,#2360,.F.);
#1714=ORIENTED_EDGE('',*,*,#2712,.T.);
#1715=ORIENTED_EDGE('',*,*,#2713,.T.);
#1716=ORIENTED_EDGE('',*,*,#2714,.T.);
#1717=ORIENTED_EDGE('',*,*,#2715,.T.);
#1718=ORIENTED_EDGE('',*,*,#2711,.T.);
#1719=ORIENTED_EDGE('',*,*,#2716,.F.);
#1720=ORIENTED_EDGE('',*,*,#2356,.F.);
#1721=ORIENTED_EDGE('',*,*,#2717,.T.);
#1722=ORIENTED_EDGE('',*,*,#2718,.T.);
#1723=ORIENTED_EDGE('',*,*,#2719,.T.);
#1724=ORIENTED_EDGE('',*,*,#2720,.T.);
#1725=ORIENTED_EDGE('',*,*,#2716,.T.);
#1726=ORIENTED_EDGE('',*,*,#2721,.F.);
#1727=ORIENTED_EDGE('',*,*,#2354,.F.);
#1728=ORIENTED_EDGE('',*,*,#2722,.T.);
#1729=ORIENTED_EDGE('',*,*,#2721,.T.);
#1730=ORIENTED_EDGE('',*,*,#2723,.T.);
#1731=ORIENTED_EDGE('',*,*,#2724,.T.);
#1732=ORIENTED_EDGE('',*,*,#2725,.T.);
#1733=ORIENTED_EDGE('',*,*,#2726,.F.);
#1734=ORIENTED_EDGE('',*,*,#2358,.F.);
#1735=ORIENTED_EDGE('',*,*,#2727,.T.);
#1736=ORIENTED_EDGE('',*,*,#2726,.T.);
#1737=ORIENTED_EDGE('',*,*,#2139,.F.);
#1738=ORIENTED_EDGE('',*,*,#2722,.F.);
#1739=ORIENTED_EDGE('',*,*,#2120,.F.);
#1740=ORIENTED_EDGE('',*,*,#2728,.T.);
#1741=ORIENTED_EDGE('',*,*,#2140,.F.);
#1742=ORIENTED_EDGE('',*,*,#2729,.F.);
#1743=ORIENTED_EDGE('',*,*,#2729,.T.);
#1744=ORIENTED_EDGE('',*,*,#2147,.F.);
#1745=ORIENTED_EDGE('',*,*,#2730,.F.);
#1746=ORIENTED_EDGE('',*,*,#2163,.F.);
#1747=ORIENTED_EDGE('',*,*,#2725,.F.);
#1748=ORIENTED_EDGE('',*,*,#2731,.T.);
#1749=ORIENTED_EDGE('',*,*,#2148,.F.);
#1750=ORIENTED_EDGE('',*,*,#2732,.F.);
#1751=ORIENTED_EDGE('',*,*,#2144,.F.);
#1752=ORIENTED_EDGE('',*,*,#2733,.T.);
#1753=ORIENTED_EDGE('',*,*,#2125,.F.);
#1754=ORIENTED_EDGE('',*,*,#2734,.F.);
#1755=ORIENTED_EDGE('',*,*,#2732,.T.);
#1756=ORIENTED_EDGE('',*,*,#2730,.T.);
#1757=ORIENTED_EDGE('',*,*,#2735,.F.);
#1758=ORIENTED_EDGE('',*,*,#2734,.T.);
#1759=ORIENTED_EDGE('',*,*,#2132,.F.);
#1760=ORIENTED_EDGE('',*,*,#2736,.F.);
#1761=ORIENTED_EDGE('',*,*,#2145,.F.);
#1762=ORIENTED_EDGE('',*,*,#2106,.F.);
#1763=ORIENTED_EDGE('',*,*,#2737,.T.);
#1764=ORIENTED_EDGE('',*,*,#2723,.F.);
#1765=ORIENTED_EDGE('',*,*,#2735,.T.);
#1766=ORIENTED_EDGE('',*,*,#2146,.F.);
#1767=ORIENTED_EDGE('',*,*,#2738,.F.);
#1768=ORIENTED_EDGE('',*,*,#2738,.T.);
#1769=ORIENTED_EDGE('',*,*,#2736,.T.);
#1770=ORIENTED_EDGE('',*,*,#2739,.F.);
#1771=ORIENTED_EDGE('',*,*,#2131,.F.);
#1772=ORIENTED_EDGE('',*,*,#2740,.T.);
#1773=ORIENTED_EDGE('',*,*,#2104,.F.);
#1774=ORIENTED_EDGE('',*,*,#2739,.T.);
#1775=ORIENTED_EDGE('',*,*,#2142,.F.);
#1776=ORIENTED_EDGE('',*,*,#2741,.T.);
#1777=ORIENTED_EDGE('',*,*,#2118,.F.);
#1778=ORIENTED_EDGE('',*,*,#2742,.T.);
#1779=ORIENTED_EDGE('',*,*,#2692,.F.);
#1780=ORIENTED_EDGE('',*,*,#2743,.T.);
#1781=ORIENTED_EDGE('',*,*,#2122,.F.);
#1782=ORIENTED_EDGE('',*,*,#2744,.T.);
#1783=ORIENTED_EDGE('',*,*,#2695,.F.);
#1784=ORIENTED_EDGE('',*,*,#2745,.T.);
#1785=ORIENTED_EDGE('',*,*,#2123,.F.);
#1786=ORIENTED_EDGE('',*,*,#2746,.T.);
#1787=ORIENTED_EDGE('',*,*,#2746,.F.);
#1788=ORIENTED_EDGE('',*,*,#2707,.F.);
#1789=ORIENTED_EDGE('',*,*,#2747,.F.);
#1790=ORIENTED_EDGE('',*,*,#2747,.T.);
#1791=ORIENTED_EDGE('',*,*,#2706,.F.);
#1792=ORIENTED_EDGE('',*,*,#2748,.F.);
#1793=ORIENTED_EDGE('',*,*,#2693,.F.);
#1794=ORIENTED_EDGE('',*,*,#2748,.T.);
#1795=ORIENTED_EDGE('',*,*,#2134,.F.);
#1796=ORIENTED_EDGE('',*,*,#2749,.F.);
#1797=ORIENTED_EDGE('',*,*,#2694,.F.);
#1798=ORIENTED_EDGE('',*,*,#2133,.F.);
#1799=ORIENTED_EDGE('',*,*,#2745,.F.);
#1800=ORIENTED_EDGE('',*,*,#2749,.T.);
#1801=ORIENTED_EDGE('',*,*,#2744,.F.);
#1802=ORIENTED_EDGE('',*,*,#2162,.F.);
#1803=ORIENTED_EDGE('',*,*,#2750,.F.);
#1804=ORIENTED_EDGE('',*,*,#2750,.T.);
#1805=ORIENTED_EDGE('',*,*,#2161,.F.);
#1806=ORIENTED_EDGE('',*,*,#2751,.F.);
#1807=ORIENTED_EDGE('',*,*,#2690,.F.);
#1808=ORIENTED_EDGE('',*,*,#2751,.T.);
#1809=ORIENTED_EDGE('',*,*,#2709,.F.);
#1810=ORIENTED_EDGE('',*,*,#2752,.F.);
#1811=ORIENTED_EDGE('',*,*,#2691,.F.);
#1812=ORIENTED_EDGE('',*,*,#2708,.F.);
#1813=ORIENTED_EDGE('',*,*,#2743,.F.);
#1814=ORIENTED_EDGE('',*,*,#2752,.T.);
#1815=ORIENTED_EDGE('',*,*,#2753,.T.);
#1816=ORIENTED_EDGE('',*,*,#2754,.T.);
#1817=ORIENTED_EDGE('',*,*,#2702,.T.);
#1818=ORIENTED_EDGE('',*,*,#2755,.F.);
#1819=ORIENTED_EDGE('',*,*,#2756,.F.);
#1820=ORIENTED_EDGE('',*,*,#2756,.T.);
#1821=ORIENTED_EDGE('',*,*,#2757,.F.);
#1822=ORIENTED_EDGE('',*,*,#2741,.F.);
#1823=ORIENTED_EDGE('',*,*,#2758,.F.);
#1824=ORIENTED_EDGE('',*,*,#2720,.F.);
#1825=ORIENTED_EDGE('',*,*,#2758,.T.);
#1826=ORIENTED_EDGE('',*,*,#2141,.F.);
#1827=ORIENTED_EDGE('',*,*,#2759,.F.);
#1828=ORIENTED_EDGE('',*,*,#2717,.F.);
#1829=ORIENTED_EDGE('',*,*,#2757,.T.);
#1830=ORIENTED_EDGE('',*,*,#2719,.F.);
#1831=ORIENTED_EDGE('',*,*,#2760,.F.);
#1832=ORIENTED_EDGE('',*,*,#2119,.F.);
#1833=ORIENTED_EDGE('',*,*,#2759,.T.);
#1834=ORIENTED_EDGE('',*,*,#2728,.F.);
#1835=ORIENTED_EDGE('',*,*,#2760,.T.);
#1836=ORIENTED_EDGE('',*,*,#2718,.F.);
#1837=ORIENTED_EDGE('',*,*,#2117,.F.);
#1838=ORIENTED_EDGE('',*,*,#2727,.F.);
#1839=ORIENTED_EDGE('',*,*,#2761,.F.);
#1840=ORIENTED_EDGE('',*,*,#2733,.F.);
#1841=ORIENTED_EDGE('',*,*,#2762,.F.);
#1842=ORIENTED_EDGE('',*,*,#2715,.F.);
#1843=ORIENTED_EDGE('',*,*,#2762,.T.);
#1844=ORIENTED_EDGE('',*,*,#2143,.F.);
#1845=ORIENTED_EDGE('',*,*,#2763,.F.);
#1846=ORIENTED_EDGE('',*,*,#2712,.F.);
#1847=ORIENTED_EDGE('',*,*,#2761,.T.);
#1848=ORIENTED_EDGE('',*,*,#2714,.F.);
#1849=ORIENTED_EDGE('',*,*,#2764,.F.);
#1850=ORIENTED_EDGE('',*,*,#2126,.F.);
#1851=ORIENTED_EDGE('',*,*,#2763,.T.);
#1852=ORIENTED_EDGE('',*,*,#2742,.F.);
#1853=ORIENTED_EDGE('',*,*,#2764,.T.);
#1854=ORIENTED_EDGE('',*,*,#2713,.F.);
#1855=ORIENTED_EDGE('',*,*,#2765,.T.);
#1856=ORIENTED_EDGE('',*,*,#2766,.T.);
#1857=ORIENTED_EDGE('',*,*,#2767,.T.);
#1858=ORIENTED_EDGE('',*,*,#2768,.T.);
#1859=ORIENTED_EDGE('',*,*,#2769,.F.);
#1860=ORIENTED_EDGE('',*,*,#2770,.T.);
#1861=ORIENTED_EDGE('',*,*,#2771,.T.);
#1862=ORIENTED_EDGE('',*,*,#2772,.T.);
#1863=ORIENTED_EDGE('',*,*,#2703,.F.);
#1864=ORIENTED_EDGE('',*,*,#2754,.F.);
#1865=ORIENTED_EDGE('',*,*,#2773,.T.);
#1866=ORIENTED_EDGE('',*,*,#2113,.F.);
#1867=ORIENTED_EDGE('',*,*,#2774,.T.);
#1868=ORIENTED_EDGE('',*,*,#2775,.F.);
#1869=ORIENTED_EDGE('',*,*,#2776,.F.);
#1870=ORIENTED_EDGE('',*,*,#2777,.F.);
#1871=ORIENTED_EDGE('',*,*,#2778,.F.);
#1872=ORIENTED_EDGE('',*,*,#2779,.F.);
#1873=ORIENTED_EDGE('',*,*,#2780,.T.);
#1874=ORIENTED_EDGE('',*,*,#2781,.T.);
#1875=ORIENTED_EDGE('',*,*,#2782,.T.);
#1876=ORIENTED_EDGE('',*,*,#2115,.F.);
#1877=ORIENTED_EDGE('',*,*,#2783,.F.);
#1878=ORIENTED_EDGE('',*,*,#2755,.T.);
#1879=ORIENTED_EDGE('',*,*,#2701,.T.);
#1880=ORIENTED_EDGE('',*,*,#2784,.T.);
#1881=ORIENTED_EDGE('',*,*,#2114,.F.);
#1882=ORIENTED_EDGE('',*,*,#2773,.F.);
#1883=ORIENTED_EDGE('',*,*,#2753,.F.);
#1884=ORIENTED_EDGE('',*,*,#2783,.T.);
#1885=ORIENTED_EDGE('',*,*,#2785,.T.);
#1886=ORIENTED_EDGE('',*,*,#2786,.T.);
#1887=ORIENTED_EDGE('',*,*,#2787,.T.);
#1888=ORIENTED_EDGE('',*,*,#2781,.F.);
#1889=ORIENTED_EDGE('',*,*,#2788,.T.);
#1890=ORIENTED_EDGE('',*,*,#2789,.T.);
#1891=ORIENTED_EDGE('',*,*,#2790,.T.);
#1892=ORIENTED_EDGE('',*,*,#2791,.T.);
#1893=ORIENTED_EDGE('',*,*,#2792,.T.);
#1894=ORIENTED_EDGE('',*,*,#2793,.T.);
#1895=ORIENTED_EDGE('',*,*,#2794,.T.);
#1896=ORIENTED_EDGE('',*,*,#2795,.T.);
#1897=ORIENTED_EDGE('',*,*,#2796,.T.);
#1898=ORIENTED_EDGE('',*,*,#2797,.T.);
#1899=ORIENTED_EDGE('',*,*,#2798,.T.);
#1900=ORIENTED_EDGE('',*,*,#2779,.T.);
#1901=ORIENTED_EDGE('',*,*,#2799,.T.);
#1902=ORIENTED_EDGE('',*,*,#2800,.T.);
#1903=ORIENTED_EDGE('',*,*,#2801,.T.);
#1904=ORIENTED_EDGE('',*,*,#2802,.T.);
#1905=ORIENTED_EDGE('',*,*,#2803,.T.);
#1906=ORIENTED_EDGE('',*,*,#2769,.T.);
#1907=ORIENTED_EDGE('',*,*,#2804,.T.);
#1908=ORIENTED_EDGE('',*,*,#2805,.T.);
#1909=ORIENTED_EDGE('',*,*,#2806,.T.);
#1910=ORIENTED_EDGE('',*,*,#2807,.T.);
#1911=ORIENTED_EDGE('',*,*,#2808,.T.);
#1912=ORIENTED_EDGE('',*,*,#2809,.T.);
#1913=ORIENTED_EDGE('',*,*,#2810,.T.);
#1914=ORIENTED_EDGE('',*,*,#2811,.T.);
#1915=ORIENTED_EDGE('',*,*,#2812,.T.);
#1916=ORIENTED_EDGE('',*,*,#2771,.F.);
#1917=ORIENTED_EDGE('',*,*,#2813,.T.);
#1918=ORIENTED_EDGE('',*,*,#2814,.T.);
#1919=ORIENTED_EDGE('',*,*,#2815,.T.);
#1920=ORIENTED_EDGE('',*,*,#2816,.T.);
#1921=ORIENTED_EDGE('',*,*,#2705,.F.);
#1922=ORIENTED_EDGE('',*,*,#2817,.T.);
#1923=ORIENTED_EDGE('',*,*,#2811,.F.);
#1924=ORIENTED_EDGE('',*,*,#2818,.F.);
#1925=ORIENTED_EDGE('',*,*,#2819,.F.);
#1926=ORIENTED_EDGE('',*,*,#2820,.T.);
#1927=ORIENTED_EDGE('',*,*,#2696,.F.);
#1928=ORIENTED_EDGE('',*,*,#2818,.T.);
#1929=ORIENTED_EDGE('',*,*,#2810,.F.);
#1930=ORIENTED_EDGE('',*,*,#2821,.T.);
#1931=ORIENTED_EDGE('',*,*,#2111,.F.);
#1932=ORIENTED_EDGE('',*,*,#2819,.T.);
#1933=ORIENTED_EDGE('',*,*,#2112,.F.);
#1934=ORIENTED_EDGE('',*,*,#2822,.T.);
#1935=ORIENTED_EDGE('',*,*,#2823,.T.);
#1936=ORIENTED_EDGE('',*,*,#2801,.F.);
#1937=ORIENTED_EDGE('',*,*,#2774,.F.);
#1938=ORIENTED_EDGE('',*,*,#2796,.F.);
#1939=ORIENTED_EDGE('',*,*,#2824,.T.);
#1940=ORIENTED_EDGE('',*,*,#2699,.F.);
#1941=ORIENTED_EDGE('',*,*,#2825,.F.);
#1942=ORIENTED_EDGE('',*,*,#2698,.F.);
#1943=ORIENTED_EDGE('',*,*,#2826,.T.);
#1944=ORIENTED_EDGE('',*,*,#2827,.F.);
#1945=ORIENTED_EDGE('',*,*,#2825,.T.);
#1946=ORIENTED_EDGE('',*,*,#2107,.F.);
#1947=ORIENTED_EDGE('',*,*,#2828,.T.);
#1948=ORIENTED_EDGE('',*,*,#2792,.F.);
#1949=ORIENTED_EDGE('',*,*,#2827,.T.);
#1950=ORIENTED_EDGE('',*,*,#2829,.T.);
#1951=ORIENTED_EDGE('',*,*,#2830,.T.);
#1952=ORIENTED_EDGE('',*,*,#2116,.F.);
#1953=ORIENTED_EDGE('',*,*,#2782,.F.);
#1954=ORIENTED_EDGE('',*,*,#2787,.F.);
#1955=ORIENTED_EDGE('',*,*,#2784,.F.);
#1956=ORIENTED_EDGE('',*,*,#2700,.F.);
#1957=ORIENTED_EDGE('',*,*,#2831,.F.);
#1958=ORIENTED_EDGE('',*,*,#2799,.F.);
#1959=ORIENTED_EDGE('',*,*,#2831,.T.);
#1960=ORIENTED_EDGE('',*,*,#2824,.F.);
#1961=ORIENTED_EDGE('',*,*,#2832,.F.);
#1962=ORIENTED_EDGE('',*,*,#2800,.F.);
#1963=ORIENTED_EDGE('',*,*,#2832,.T.);
#1964=ORIENTED_EDGE('',*,*,#2795,.F.);
#1965=ORIENTED_EDGE('',*,*,#2833,.F.);
#1966=ORIENTED_EDGE('',*,*,#2797,.F.);
#1967=ORIENTED_EDGE('',*,*,#2780,.F.);
#1968=ORIENTED_EDGE('',*,*,#2798,.F.);
#1969=ORIENTED_EDGE('',*,*,#2834,.F.);
#1970=ORIENTED_EDGE('',*,*,#2785,.F.);
#1971=ORIENTED_EDGE('',*,*,#2834,.T.);
#1972=ORIENTED_EDGE('',*,*,#2833,.T.);
#1973=ORIENTED_EDGE('',*,*,#2835,.F.);
#1974=ORIENTED_EDGE('',*,*,#2835,.T.);
#1975=ORIENTED_EDGE('',*,*,#2794,.F.);
#1976=ORIENTED_EDGE('',*,*,#2836,.F.);
#1977=ORIENTED_EDGE('',*,*,#2786,.F.);
#1978=ORIENTED_EDGE('',*,*,#2836,.T.);
#1979=ORIENTED_EDGE('',*,*,#2793,.F.);
#1980=ORIENTED_EDGE('',*,*,#2837,.F.);
#1981=ORIENTED_EDGE('',*,*,#2829,.F.);
#1982=ORIENTED_EDGE('',*,*,#2837,.T.);
#1983=ORIENTED_EDGE('',*,*,#2828,.F.);
#1984=ORIENTED_EDGE('',*,*,#2830,.F.);
#1985=ORIENTED_EDGE('',*,*,#2772,.F.);
#1986=ORIENTED_EDGE('',*,*,#2816,.F.);
#1987=ORIENTED_EDGE('',*,*,#2838,.F.);
#1988=ORIENTED_EDGE('',*,*,#2704,.F.);
#1989=ORIENTED_EDGE('',*,*,#2838,.T.);
#1990=ORIENTED_EDGE('',*,*,#2815,.F.);
#1991=ORIENTED_EDGE('',*,*,#2839,.F.);
#1992=ORIENTED_EDGE('',*,*,#2817,.F.);
#1993=ORIENTED_EDGE('',*,*,#2770,.F.);
#1994=ORIENTED_EDGE('',*,*,#2803,.F.);
#1995=ORIENTED_EDGE('',*,*,#2840,.F.);
#1996=ORIENTED_EDGE('',*,*,#2813,.F.);
#1997=ORIENTED_EDGE('',*,*,#2839,.T.);
#1998=ORIENTED_EDGE('',*,*,#2814,.F.);
#1999=ORIENTED_EDGE('',*,*,#2841,.F.);
#2000=ORIENTED_EDGE('',*,*,#2812,.F.);
#2001=ORIENTED_EDGE('',*,*,#2841,.T.);
#2002=ORIENTED_EDGE('',*,*,#2840,.T.);
#2003=ORIENTED_EDGE('',*,*,#2842,.F.);
#2004=ORIENTED_EDGE('',*,*,#2842,.T.);
#2005=ORIENTED_EDGE('',*,*,#2802,.F.);
#2006=ORIENTED_EDGE('',*,*,#2843,.F.);
#2007=ORIENTED_EDGE('',*,*,#2808,.F.);
#2008=ORIENTED_EDGE('',*,*,#2843,.T.);
#2009=ORIENTED_EDGE('',*,*,#2823,.F.);
#2010=ORIENTED_EDGE('',*,*,#2844,.F.);
#2011=ORIENTED_EDGE('',*,*,#2809,.F.);
#2012=ORIENTED_EDGE('',*,*,#2822,.F.);
#2013=ORIENTED_EDGE('',*,*,#2821,.F.);
#2014=ORIENTED_EDGE('',*,*,#2844,.T.);
#2015=ORIENTED_EDGE('',*,*,#2845,.T.);
#2016=ORIENTED_EDGE('',*,*,#2768,.F.);
#2017=ORIENTED_EDGE('',*,*,#2846,.T.);
#2018=ORIENTED_EDGE('',*,*,#2767,.F.);
#2019=ORIENTED_EDGE('',*,*,#2847,.T.);
#2020=ORIENTED_EDGE('',*,*,#2766,.F.);
#2021=ORIENTED_EDGE('',*,*,#2848,.T.);
#2022=ORIENTED_EDGE('',*,*,#2765,.F.);
#2023=ORIENTED_EDGE('',*,*,#2849,.T.);
#2024=ORIENTED_EDGE('',*,*,#2778,.T.);
#2025=ORIENTED_EDGE('',*,*,#2850,.T.);
#2026=ORIENTED_EDGE('',*,*,#2777,.T.);
#2027=ORIENTED_EDGE('',*,*,#2851,.T.);
#2028=ORIENTED_EDGE('',*,*,#2776,.T.);
#2029=ORIENTED_EDGE('',*,*,#2852,.T.);
#2030=ORIENTED_EDGE('',*,*,#2775,.T.);
#2031=ORIENTED_EDGE('',*,*,#2587,.F.);
#2032=ORIENTED_EDGE('',*,*,#2150,.F.);
#2033=ORIENTED_EDGE('',*,*,#2853,.F.);
#2034=ORIENTED_EDGE('',*,*,#2165,.F.);
#2035=ORIENTED_EDGE('',*,*,#2853,.T.);
#2036=ORIENTED_EDGE('',*,*,#2149,.F.);
#2037=ORIENTED_EDGE('',*,*,#2854,.F.);
#2038=ORIENTED_EDGE('',*,*,#2364,.F.);
#2039=ORIENTED_EDGE('',*,*,#2854,.T.);
#2040=ORIENTED_EDGE('',*,*,#2731,.F.);
#2041=ORIENTED_EDGE('',*,*,#2855,.F.);
#2042=ORIENTED_EDGE('',*,*,#2365,.F.);
#2043=ORIENTED_EDGE('',*,*,#2855,.T.);
#2044=ORIENTED_EDGE('',*,*,#2724,.F.);
#2045=ORIENTED_EDGE('',*,*,#2856,.F.);
#2046=ORIENTED_EDGE('',*,*,#2366,.F.);
#2047=ORIENTED_EDGE('',*,*,#2856,.T.);
#2048=ORIENTED_EDGE('',*,*,#2737,.F.);
#2049=ORIENTED_EDGE('',*,*,#2857,.F.);
#2050=ORIENTED_EDGE('',*,*,#2367,.F.);
#2051=ORIENTED_EDGE('',*,*,#2857,.T.);
#2052=ORIENTED_EDGE('',*,*,#2105,.F.);
#2053=ORIENTED_EDGE('',*,*,#2858,.F.);
#2054=ORIENTED_EDGE('',*,*,#2368,.F.);
#2055=ORIENTED_EDGE('',*,*,#2858,.T.);
#2056=ORIENTED_EDGE('',*,*,#2740,.F.);
#2057=ORIENTED_EDGE('',*,*,#2859,.F.);
#2058=ORIENTED_EDGE('',*,*,#2361,.F.);
#2059=ORIENTED_EDGE('',*,*,#2466,.F.);
#2060=ORIENTED_EDGE('',*,*,#2340,.F.);
#2061=ORIENTED_EDGE('',*,*,#2860,.F.);
#2062=ORIENTED_EDGE('',*,*,#2129,.F.);
#2063=ORIENTED_EDGE('',*,*,#2859,.T.);
#2064=ORIENTED_EDGE('',*,*,#2130,.F.);
#2065=ORIENTED_EDGE('',*,*,#2860,.T.);
#2066=ORIENTED_EDGE('',*,*,#2362,.F.);
#2067=ORIENTED_EDGE('',*,*,#2710,.F.);
#2068=ORIENTED_EDGE('',*,*,#2159,.F.);
#2069=ORIENTED_EDGE('',*,*,#2861,.F.);
#2070=ORIENTED_EDGE('',*,*,#2650,.F.);
#2071=ORIENTED_EDGE('',*,*,#2167,.F.);
#2072=ORIENTED_EDGE('',*,*,#2861,.T.);
#2073=ORIENTED_EDGE('',*,*,#2158,.F.);
#2074=ORIENTED_EDGE('',*,*,#2593,.F.);
#2075=ORIENTED_EDGE('',*,*,#2171,.F.);
#2076=ORIENTED_EDGE('',*,*,#2658,.F.);
#2077=ORIENTED_EDGE('',*,*,#2154,.F.);
#2078=ORIENTED_EDGE('',*,*,#2820,.F.);
#2079=ORIENTED_EDGE('',*,*,#2110,.F.);
#2080=ORIENTED_EDGE('',*,*,#2862,.F.);
#2081=ORIENTED_EDGE('',*,*,#2862,.T.);
#2082=ORIENTED_EDGE('',*,*,#2109,.F.);
#2083=ORIENTED_EDGE('',*,*,#2863,.F.);
#2084=ORIENTED_EDGE('',*,*,#2697,.F.);
#2085=ORIENTED_EDGE('',*,*,#2108,.F.);
#2086=ORIENTED_EDGE('',*,*,#2826,.F.);
#2087=ORIENTED_EDGE('',*,*,#2863,.T.);
#2088=ORIENTED_EDGE('',*,*,#2788,.F.);
#2089=ORIENTED_EDGE('',*,*,#2852,.F.);
#2090=ORIENTED_EDGE('',*,*,#2789,.F.);
#2091=ORIENTED_EDGE('',*,*,#2851,.F.);
#2092=ORIENTED_EDGE('',*,*,#2790,.F.);
#2093=ORIENTED_EDGE('',*,*,#2850,.F.);
#2094=ORIENTED_EDGE('',*,*,#2791,.F.);
#2095=ORIENTED_EDGE('',*,*,#2849,.F.);
#2096=ORIENTED_EDGE('',*,*,#2845,.F.);
#2097=ORIENTED_EDGE('',*,*,#2804,.F.);
#2098=ORIENTED_EDGE('',*,*,#2846,.F.);
#2099=ORIENTED_EDGE('',*,*,#2805,.F.);
#2100=ORIENTED_EDGE('',*,*,#2847,.F.);
#2101=ORIENTED_EDGE('',*,*,#2806,.F.);
#2102=ORIENTED_EDGE('',*,*,#2848,.F.);
#2103=ORIENTED_EDGE('',*,*,#2807,.F.);
#2104=EDGE_CURVE('',#2864,#2865,#3367,.T.);
#2105=EDGE_CURVE('',#2865,#2866,#243,.T.);
#2106=EDGE_CURVE('',#2866,#2864,#226,.T.);
#2107=EDGE_CURVE('',#2867,#2868,#3368,.F.);
#2108=EDGE_CURVE('',#2868,#2869,#175,.F.);
#2109=EDGE_CURVE('',#2869,#2870,#244,.T.);
#2110=EDGE_CURVE('',#2870,#2871,#176,.T.);
#2111=EDGE_CURVE('',#2871,#2872,#3369,.T.);
#2112=EDGE_CURVE('',#2872,#2873,#245,.T.);
#2113=EDGE_CURVE('',#2873,#2874,#3370,.F.);
#2114=EDGE_CURVE('',#2874,#2875,#246,.T.);
#2115=EDGE_CURVE('',#2875,#2876,#3371,.T.);
#2116=EDGE_CURVE('',#2876,#2867,#247,.T.);
#2117=EDGE_CURVE('',#2877,#2877,#177,.T.);
#2118=EDGE_CURVE('',#2878,#2879,#227,.T.);
#2119=EDGE_CURVE('',#2879,#2880,#178,.T.);
#2120=EDGE_CURVE('',#2880,#2881,#228,.T.);
#2121=EDGE_CURVE('',#2881,#2882,#3372,.T.);
#2122=EDGE_CURVE('',#2882,#2883,#248,.T.);
#2123=EDGE_CURVE('',#2883,#2884,#249,.T.);
#2124=EDGE_CURVE('',#2885,#2884,#3373,.T.);
#2125=EDGE_CURVE('',#2885,#2886,#229,.T.);
#2126=EDGE_CURVE('',#2886,#2878,#179,.T.);
#2127=EDGE_CURVE('',#2887,#2888,#3374,.T.);
#2128=EDGE_CURVE('',#2887,#2889,#3375,.T.);
#2129=EDGE_CURVE('',#2889,#2890,#3376,.F.);
#2130=EDGE_CURVE('',#2890,#2891,#180,.T.);
#2131=EDGE_CURVE('',#2891,#2892,#3377,.T.);
#2132=EDGE_CURVE('',#2892,#2885,#3378,.F.);
#2133=EDGE_CURVE('',#2884,#2893,#181,.F.);
#2134=EDGE_CURVE('',#2893,#2894,#3379,.F.);
#2135=EDGE_CURVE('',#2895,#2894,#3380,.T.);
#2136=EDGE_CURVE('',#2896,#2895,#3381,.T.);
#2137=EDGE_CURVE('',#2897,#2896,#3382,.T.);
#2138=EDGE_CURVE('',#2888,#2897,#3383,.T.);
#2139=EDGE_CURVE('',#2898,#2898,#230,.F.);
#2140=EDGE_CURVE('',#2899,#2900,#231,.T.);
#2141=EDGE_CURVE('',#2900,#2901,#232,.F.);
#2142=EDGE_CURVE('',#2901,#2902,#233,.T.);
#2143=EDGE_CURVE('',#2902,#2903,#234,.F.);
#2144=EDGE_CURVE('',#2903,#2904,#235,.T.);
#2145=EDGE_CURVE('',#2904,#2905,#3384,.T.);
#2146=EDGE_CURVE('',#2905,#2906,#236,.T.);
#2147=EDGE_CURVE('',#2906,#2899,#3385,.F.);
#2148=EDGE_CURVE('',#2907,#2908,#3386,.T.);
#2149=EDGE_CURVE('',#2908,#2909,#182,.T.);
#2150=EDGE_CURVE('',#2909,#2910,#3387,.T.);
#2151=EDGE_CURVE('',#2910,#2911,#3388,.F.);
#2152=EDGE_CURVE('',#2911,#2912,#3389,.T.);
#2153=EDGE_CURVE('',#2912,#2913,#3390,.T.);
#2154=EDGE_CURVE('',#2913,#2914,#3391,.T.);
#2155=EDGE_CURVE('',#2914,#2915,#3392,.T.);
#2156=EDGE_CURVE('',#2915,#2916,#3393,.T.);
#2157=EDGE_CURVE('',#2916,#2917,#3394,.T.);
#2158=EDGE_CURVE('',#2917,#2918,#3395,.T.);
#2159=EDGE_CURVE('',#2918,#2919,#183,.T.);
#2160=EDGE_CURVE('',#2919,#2920,#3396,.T.);
#2161=EDGE_CURVE('',#2920,#2921,#3397,.T.);
#2162=EDGE_CURVE('',#2921,#2882,#184,.T.);
#2163=EDGE_CURVE('',#2881,#2907,#3398,.T.);
#2164=EDGE_CURVE('',#2922,#2923,#250,.F.);
#2165=EDGE_CURVE('',#2922,#2924,#3399,.F.);
#2166=EDGE_CURVE('',#2924,#2925,#251,.F.);
#2167=EDGE_CURVE('',#2925,#2926,#3400,.F.);
#2168=EDGE_CURVE('',#2927,#2926,#252,.F.);
#2169=EDGE_CURVE('',#2928,#2927,#253,.F.);
#2170=EDGE_CURVE('',#2929,#2928,#3401,.T.);
#2171=EDGE_CURVE('',#2929,#2930,#3402,.F.);
#2172=EDGE_CURVE('',#2931,#2930,#3403,.T.);
#2173=EDGE_CURVE('',#2923,#2931,#254,.F.);
#2174=EDGE_CURVE('',#2932,#2933,#255,.T.);
#2175=EDGE_CURVE('',#2932,#2934,#3404,.T.);
#2176=EDGE_CURVE('',#2935,#2934,#256,.T.);
#2177=EDGE_CURVE('',#2935,#2936,#3405,.T.);
#2178=EDGE_CURVE('',#2937,#2936,#257,.T.);
#2179=EDGE_CURVE('',#2937,#2938,#258,.T.);
#2180=EDGE_CURVE('',#2939,#2938,#259,.T.);
#2181=EDGE_CURVE('',#2939,#2933,#3406,.T.);
#2182=EDGE_CURVE('',#2940,#2941,#260,.T.);
#2183=EDGE_CURVE('',#2940,#2942,#3407,.T.);
#2184=EDGE_CURVE('',#2943,#2942,#261,.T.);
#2185=EDGE_CURVE('',#2943,#2944,#3408,.T.);
#2186=EDGE_CURVE('',#2945,#2944,#262,.T.);
#2187=EDGE_CURVE('',#2945,#2946,#263,.T.);
#2188=EDGE_CURVE('',#2947,#2946,#264,.T.);
#2189=EDGE_CURVE('',#2947,#2941,#3409,.T.);
#2190=EDGE_CURVE('',#2948,#2949,#265,.T.);
#2191=EDGE_CURVE('',#2948,#2950,#3410,.T.);
#2192=EDGE_CURVE('',#2951,#2950,#266,.T.);
#2193=EDGE_CURVE('',#2951,#2952,#267,.T.);
#2194=EDGE_CURVE('',#2953,#2952,#268,.T.);
#2195=EDGE_CURVE('',#2953,#2954,#3411,.T.);
#2196=EDGE_CURVE('',#2955,#2954,#269,.T.);
#2197=EDGE_CURVE('',#2955,#2949,#3412,.T.);
#2198=EDGE_CURVE('',#2956,#2957,#270,.T.);
#2199=EDGE_CURVE('',#2956,#2958,#3413,.T.);
#2200=EDGE_CURVE('',#2959,#2958,#271,.T.);
#2201=EDGE_CURVE('',#2959,#2960,#3414,.T.);
#2202=EDGE_CURVE('',#2961,#2960,#272,.T.);
#2203=EDGE_CURVE('',#2961,#2962,#273,.T.);
#2204=EDGE_CURVE('',#2963,#2962,#274,.T.);
#2205=EDGE_CURVE('',#2963,#2957,#3415,.T.);
#2206=EDGE_CURVE('',#2964,#2965,#275,.T.);
#2207=EDGE_CURVE('',#2964,#2966,#3416,.T.);
#2208=EDGE_CURVE('',#2967,#2966,#276,.T.);
#2209=EDGE_CURVE('',#2967,#2968,#277,.T.);
#2210=EDGE_CURVE('',#2969,#2968,#278,.T.);
#2211=EDGE_CURVE('',#2969,#2970,#3417,.T.);
#2212=EDGE_CURVE('',#2971,#2970,#279,.T.);
#2213=EDGE_CURVE('',#2971,#2965,#3418,.T.);
#2214=EDGE_CURVE('',#2972,#2973,#280,.T.);
#2215=EDGE_CURVE('',#2972,#2974,#3419,.T.);
#2216=EDGE_CURVE('',#2975,#2974,#281,.T.);
#2217=EDGE_CURVE('',#2975,#2976,#282,.T.);
#2218=EDGE_CURVE('',#2977,#2976,#283,.T.);
#2219=EDGE_CURVE('',#2977,#2978,#3420,.T.);
#2220=EDGE_CURVE('',#2979,#2978,#284,.T.);
#2221=EDGE_CURVE('',#2979,#2973,#3421,.T.);
#2222=EDGE_CURVE('',#2980,#2981,#285,.T.);
#2223=EDGE_CURVE('',#2980,#2982,#3422,.T.);
#2224=EDGE_CURVE('',#2983,#2982,#286,.T.);
#2225=EDGE_CURVE('',#2983,#2984,#3423,.T.);
#2226=EDGE_CURVE('',#2985,#2984,#287,.T.);
#2227=EDGE_CURVE('',#2985,#2986,#288,.T.);
#2228=EDGE_CURVE('',#2987,#2986,#289,.T.);
#2229=EDGE_CURVE('',#2987,#2981,#3424,.T.);
#2230=EDGE_CURVE('',#2988,#2989,#290,.T.);
#2231=EDGE_CURVE('',#2988,#2990,#3425,.T.);
#2232=EDGE_CURVE('',#2991,#2990,#291,.T.);
#2233=EDGE_CURVE('',#2991,#2992,#292,.T.);
#2234=EDGE_CURVE('',#2993,#2992,#293,.T.);
#2235=EDGE_CURVE('',#2993,#2994,#3426,.T.);
#2236=EDGE_CURVE('',#2995,#2994,#294,.T.);
#2237=EDGE_CURVE('',#2995,#2989,#3427,.T.);
#2238=EDGE_CURVE('',#2996,#2996,#295,.T.);
#2239=EDGE_CURVE('',#2997,#2997,#296,.T.);
#2240=EDGE_CURVE('',#2998,#2998,#297,.T.);
#2241=EDGE_CURVE('',#2999,#2999,#298,.T.);
#2242=EDGE_CURVE('',#3000,#3000,#299,.T.);
#2243=EDGE_CURVE('',#3001,#3002,#300,.T.);
#2244=EDGE_CURVE('',#3001,#3003,#3428,.T.);
#2245=EDGE_CURVE('',#3004,#3003,#301,.T.);
#2246=EDGE_CURVE('',#3004,#3005,#3429,.T.);
#2247=EDGE_CURVE('',#3006,#3005,#302,.T.);
#2248=EDGE_CURVE('',#3006,#3002,#303,.T.);
#2249=EDGE_CURVE('',#3007,#3008,#304,.T.);
#2250=EDGE_CURVE('',#3007,#3009,#3430,.T.);
#2251=EDGE_CURVE('',#3010,#3009,#305,.T.);
#2252=EDGE_CURVE('',#3010,#3011,#3431,.T.);
#2253=EDGE_CURVE('',#3012,#3011,#306,.T.);
#2254=EDGE_CURVE('',#3012,#3008,#307,.T.);
#2255=EDGE_CURVE('',#3013,#3014,#308,.T.);
#2256=EDGE_CURVE('',#3013,#3015,#3432,.T.);
#2257=EDGE_CURVE('',#3016,#3015,#309,.T.);
#2258=EDGE_CURVE('',#3017,#3016,#310,.T.);
#2259=EDGE_CURVE('',#3018,#3017,#311,.T.);
#2260=EDGE_CURVE('',#3018,#3014,#3433,.T.);
#2261=EDGE_CURVE('',#3019,#3020,#312,.T.);
#2262=EDGE_CURVE('',#3019,#3021,#3434,.T.);
#2263=EDGE_CURVE('',#3022,#3021,#313,.T.);
#2264=EDGE_CURVE('',#3023,#3022,#314,.T.);
#2265=EDGE_CURVE('',#3024,#3023,#315,.T.);
#2266=EDGE_CURVE('',#3024,#3020,#3435,.T.);
#2267=EDGE_CURVE('',#3025,#3026,#316,.T.);
#2268=EDGE_CURVE('',#3025,#3027,#3436,.T.);
#2269=EDGE_CURVE('',#3028,#3027,#317,.T.);
#2270=EDGE_CURVE('',#3028,#3029,#3437,.T.);
#2271=EDGE_CURVE('',#3030,#3029,#318,.T.);
#2272=EDGE_CURVE('',#3026,#3030,#319,.T.);
#2273=EDGE_CURVE('',#3031,#3032,#320,.T.);
#2274=EDGE_CURVE('',#3031,#3033,#3438,.T.);
#2275=EDGE_CURVE('',#3034,#3033,#321,.T.);
#2276=EDGE_CURVE('',#3034,#3035,#3439,.T.);
#2277=EDGE_CURVE('',#3036,#3035,#322,.T.);
#2278=EDGE_CURVE('',#3036,#3032,#323,.T.);
#2279=EDGE_CURVE('',#3037,#3038,#324,.T.);
#2280=EDGE_CURVE('',#3037,#3039,#3440,.T.);
#2281=EDGE_CURVE('',#3040,#3039,#325,.T.);
#2282=EDGE_CURVE('',#3040,#3041,#3441,.T.);
#2283=EDGE_CURVE('',#3042,#3041,#326,.T.);
#2284=EDGE_CURVE('',#3042,#3038,#327,.T.);
#2285=EDGE_CURVE('',#3043,#3044,#328,.T.);
#2286=EDGE_CURVE('',#3043,#3045,#3442,.T.);
#2287=EDGE_CURVE('',#3046,#3045,#329,.T.);
#2288=EDGE_CURVE('',#3046,#3047,#330,.T.);
#2289=EDGE_CURVE('',#3048,#3047,#331,.T.);
#2290=EDGE_CURVE('',#3048,#3044,#3443,.T.);
#2291=EDGE_CURVE('',#3049,#3050,#332,.T.);
#2292=EDGE_CURVE('',#3049,#3051,#3444,.T.);
#2293=EDGE_CURVE('',#3052,#3051,#333,.T.);
#2294=EDGE_CURVE('',#3052,#3053,#334,.T.);
#2295=EDGE_CURVE('',#3054,#3053,#335,.T.);
#2296=EDGE_CURVE('',#3054,#3050,#3445,.T.);
#2297=EDGE_CURVE('',#3055,#3056,#336,.T.);
#2298=EDGE_CURVE('',#3055,#3057,#3446,.T.);
#2299=EDGE_CURVE('',#3058,#3057,#337,.T.);
#2300=EDGE_CURVE('',#3058,#3059,#338,.T.);
#2301=EDGE_CURVE('',#3060,#3059,#339,.T.);
#2302=EDGE_CURVE('',#3060,#3056,#3447,.T.);
#2303=EDGE_CURVE('',#3061,#3062,#340,.T.);
#2304=EDGE_CURVE('',#3061,#3063,#3448,.T.);
#2305=EDGE_CURVE('',#3064,#3063,#341,.T.);
#2306=EDGE_CURVE('',#3065,#3064,#342,.T.);
#2307=EDGE_CURVE('',#3066,#3065,#343,.T.);
#2308=EDGE_CURVE('',#3066,#3062,#3449,.T.);
#2309=EDGE_CURVE('',#3067,#3068,#344,.T.);
#2310=EDGE_CURVE('',#3067,#3069,#3450,.T.);
#2311=EDGE_CURVE('',#3070,#3069,#345,.T.);
#2312=EDGE_CURVE('',#3071,#3070,#346,.T.);
#2313=EDGE_CURVE('',#3072,#3071,#347,.T.);
#2314=EDGE_CURVE('',#3072,#3068,#3451,.T.);
#2315=EDGE_CURVE('',#3073,#3074,#348,.T.);
#2316=EDGE_CURVE('',#3073,#3075,#3452,.T.);
#2317=EDGE_CURVE('',#3076,#3075,#349,.T.);
#2318=EDGE_CURVE('',#3076,#3077,#3453,.T.);
#2319=EDGE_CURVE('',#3078,#3077,#350,.T.);
#2320=EDGE_CURVE('',#3074,#3078,#351,.T.);
#2321=EDGE_CURVE('',#3079,#3080,#352,.T.);
#2322=EDGE_CURVE('',#3079,#3081,#3454,.T.);
#2323=EDGE_CURVE('',#3082,#3081,#353,.T.);
#2324=EDGE_CURVE('',#3082,#3083,#3455,.T.);
#2325=EDGE_CURVE('',#3084,#3083,#354,.T.);
#2326=EDGE_CURVE('',#3080,#3084,#355,.T.);
#2327=EDGE_CURVE('',#3085,#3086,#356,.T.);
#2328=EDGE_CURVE('',#3085,#3087,#3456,.T.);
#2329=EDGE_CURVE('',#3088,#3087,#357,.T.);
#2330=EDGE_CURVE('',#3088,#3089,#3457,.T.);
#2331=EDGE_CURVE('',#3090,#3089,#358,.T.);
#2332=EDGE_CURVE('',#3086,#3090,#359,.T.);
#2333=EDGE_CURVE('',#3091,#3092,#360,.T.);
#2334=EDGE_CURVE('',#3091,#3093,#3458,.T.);
#2335=EDGE_CURVE('',#3094,#3093,#361,.T.);
#2336=EDGE_CURVE('',#3094,#3095,#362,.T.);
#2337=EDGE_CURVE('',#3096,#3095,#363,.T.);
#2338=EDGE_CURVE('',#3096,#3092,#3459,.T.);
#2339=EDGE_CURVE('',#2895,#3097,#364,.F.);
#2340=EDGE_CURVE('',#3097,#3098,#3460,.T.);
#2341=EDGE_CURVE('',#3099,#3098,#365,.F.);
#2342=EDGE_CURVE('',#3100,#3099,#366,.F.);
#2343=EDGE_CURVE('',#2888,#3100,#3461,.T.);
#2344=EDGE_CURVE('',#3101,#2897,#3462,.T.);
#2345=EDGE_CURVE('',#3102,#3101,#367,.F.);
#2346=EDGE_CURVE('',#2896,#3102,#368,.F.);
#2347=EDGE_CURVE('',#3103,#3103,#369,.T.);
#2348=EDGE_CURVE('',#3104,#3104,#370,.T.);
#2349=EDGE_CURVE('',#3105,#3105,#371,.T.);
#2350=EDGE_CURVE('',#3106,#3106,#372,.T.);
#2351=EDGE_CURVE('',#3107,#3107,#373,.T.);
#2352=EDGE_CURVE('',#3108,#3108,#374,.F.);
#2353=EDGE_CURVE('',#3109,#3109,#375,.T.);
#2354=EDGE_CURVE('',#3110,#3110,#376,.F.);
#2355=EDGE_CURVE('',#3111,#3111,#377,.T.);
#2356=EDGE_CURVE('',#3112,#3112,#378,.F.);
#2357=EDGE_CURVE('',#3113,#3113,#379,.T.);
#2358=EDGE_CURVE('',#3114,#3114,#380,.F.);
#2359=EDGE_CURVE('',#3115,#3115,#381,.T.);
#2360=EDGE_CURVE('',#3116,#3116,#382,.F.);
#2361=EDGE_CURVE('',#3117,#3118,#185,.T.);
#2362=EDGE_CURVE('',#3118,#3097,#186,.T.);
#2363=EDGE_CURVE('',#2925,#2895,#383,.F.);
#2364=EDGE_CURVE('',#2924,#3119,#187,.T.);
#2365=EDGE_CURVE('',#3119,#3120,#188,.T.);
#2366=EDGE_CURVE('',#3120,#3121,#384,.T.);
#2367=EDGE_CURVE('',#3121,#3122,#189,.T.);
#2368=EDGE_CURVE('',#3122,#3117,#385,.T.);
#2369=EDGE_CURVE('',#3123,#3006,#3463,.F.);
#2370=EDGE_CURVE('',#3124,#3123,#386,.F.);
#2371=EDGE_CURVE('',#3002,#3124,#3464,.T.);
#2372=EDGE_CURVE('',#3125,#3001,#3465,.F.);
#2373=EDGE_CURVE('',#3125,#3126,#3466,.T.);
#2374=EDGE_CURVE('',#3003,#3126,#3467,.T.);
#2375=EDGE_CURVE('',#3127,#3004,#3468,.F.);
#2376=EDGE_CURVE('',#3127,#3128,#3469,.T.);
#2377=EDGE_CURVE('',#3005,#3128,#3470,.T.);
#2378=EDGE_CURVE('',#3126,#3127,#387,.F.);
#2379=EDGE_CURVE('',#3124,#3125,#388,.F.);
#2380=EDGE_CURVE('',#3128,#3123,#389,.F.);
#2381=EDGE_CURVE('',#3129,#2991,#3471,.F.);
#2382=EDGE_CURVE('',#3130,#3129,#390,.F.);
#2383=EDGE_CURVE('',#2992,#3130,#3472,.T.);
#2384=EDGE_CURVE('',#3131,#2995,#3473,.T.);
#2385=EDGE_CURVE('',#3131,#3132,#3474,.T.);
#2386=EDGE_CURVE('',#2989,#3132,#3475,.T.);
#2387=EDGE_CURVE('',#3133,#2993,#3476,.F.);
#2388=EDGE_CURVE('',#3133,#3134,#3477,.T.);
#2389=EDGE_CURVE('',#2994,#3134,#3478,.F.);
#2390=EDGE_CURVE('',#3135,#2988,#3479,.F.);
#2391=EDGE_CURVE('',#3135,#3136,#3480,.T.);
#2392=EDGE_CURVE('',#2990,#3136,#3481,.T.);
#2393=EDGE_CURVE('',#3132,#3135,#391,.F.);
#2394=EDGE_CURVE('',#3134,#3131,#392,.F.);
#2395=EDGE_CURVE('',#3136,#3129,#393,.F.);
#2396=EDGE_CURVE('',#3130,#3133,#394,.F.);
#2397=EDGE_CURVE('',#3137,#3012,#3482,.F.);
#2398=EDGE_CURVE('',#3138,#3137,#395,.F.);
#2399=EDGE_CURVE('',#3008,#3138,#3483,.T.);
#2400=EDGE_CURVE('',#3139,#3007,#3484,.F.);
#2401=EDGE_CURVE('',#3139,#3140,#3485,.T.);
#2402=EDGE_CURVE('',#3009,#3140,#3486,.T.);
#2403=EDGE_CURVE('',#3141,#3010,#3487,.F.);
#2404=EDGE_CURVE('',#3141,#3142,#3488,.T.);
#2405=EDGE_CURVE('',#3011,#3142,#3489,.T.);
#2406=EDGE_CURVE('',#3140,#3141,#396,.F.);
#2407=EDGE_CURVE('',#3138,#3139,#397,.F.);
#2408=EDGE_CURVE('',#3142,#3137,#398,.F.);
#2409=EDGE_CURVE('',#3143,#3016,#3490,.F.);
#2410=EDGE_CURVE('',#3143,#3144,#399,.F.);
#2411=EDGE_CURVE('',#3017,#3144,#3491,.T.);
#2412=EDGE_CURVE('',#3145,#3018,#3492,.T.);
#2413=EDGE_CURVE('',#3145,#3146,#3493,.T.);
#2414=EDGE_CURVE('',#3014,#3146,#3494,.T.);
#2415=EDGE_CURVE('',#3147,#3013,#3495,.F.);
#2416=EDGE_CURVE('',#3147,#3148,#3496,.T.);
#2417=EDGE_CURVE('',#3015,#3148,#3497,.F.);
#2418=EDGE_CURVE('',#3148,#3143,#400,.F.);
#2419=EDGE_CURVE('',#3146,#3147,#401,.F.);
#2420=EDGE_CURVE('',#3144,#3145,#402,.F.);
#2421=EDGE_CURVE('',#3149,#3022,#3498,.F.);
#2422=EDGE_CURVE('',#3149,#3150,#403,.F.);
#2423=EDGE_CURVE('',#3023,#3150,#3499,.T.);
#2424=EDGE_CURVE('',#3151,#3019,#3500,.T.);
#2425=EDGE_CURVE('',#3151,#3152,#3501,.T.);
#2426=EDGE_CURVE('',#3021,#3152,#3502,.F.);
#2427=EDGE_CURVE('',#3153,#3024,#3503,.T.);
#2428=EDGE_CURVE('',#3153,#3154,#3504,.T.);
#2429=EDGE_CURVE('',#3020,#3154,#3505,.F.);
#2430=EDGE_CURVE('',#3154,#3151,#404,.F.);
#2431=EDGE_CURVE('',#3152,#3149,#405,.F.);
#2432=EDGE_CURVE('',#3150,#3153,#406,.F.);
#2433=EDGE_CURVE('',#3155,#2985,#3506,.F.);
#2434=EDGE_CURVE('',#3156,#3155,#407,.F.);
#2435=EDGE_CURVE('',#2986,#3156,#3507,.T.);
#2436=EDGE_CURVE('',#3157,#2983,#3508,.F.);
#2437=EDGE_CURVE('',#3157,#3158,#3509,.T.);
#2438=EDGE_CURVE('',#2984,#3158,#3510,.T.);
#2439=EDGE_CURVE('',#3159,#2987,#3511,.F.);
#2440=EDGE_CURVE('',#3159,#3160,#3512,.T.);
#2441=EDGE_CURVE('',#2981,#3160,#3513,.T.);
#2442=EDGE_CURVE('',#3161,#2980,#3514,.F.);
#2443=EDGE_CURVE('',#3161,#3162,#3515,.T.);
#2444=EDGE_CURVE('',#2982,#3162,#3516,.T.);
#2445=EDGE_CURVE('',#3160,#3161,#408,.F.);
#2446=EDGE_CURVE('',#3162,#3157,#409,.F.);
#2447=EDGE_CURVE('',#3156,#3159,#410,.F.);
#2448=EDGE_CURVE('',#3158,#3155,#411,.F.);
#2449=EDGE_CURVE('',#3163,#2975,#3517,.F.);
#2450=EDGE_CURVE('',#3164,#3163,#412,.F.);
#2451=EDGE_CURVE('',#2976,#3164,#3518,.T.);
#2452=EDGE_CURVE('',#3165,#2972,#3519,.F.);
#2453=EDGE_CURVE('',#3165,#3166,#3520,.T.);
#2454=EDGE_CURVE('',#2974,#3166,#3521,.T.);
#2455=EDGE_CURVE('',#3167,#2977,#3522,.F.);
#2456=EDGE_CURVE('',#3167,#3168,#3523,.T.);
#2457=EDGE_CURVE('',#2978,#3168,#3524,.F.);
#2458=EDGE_CURVE('',#3169,#2979,#3525,.T.);
#2459=EDGE_CURVE('',#3169,#3170,#3526,.T.);
#2460=EDGE_CURVE('',#2973,#3170,#3527,.T.);
#2461=EDGE_CURVE('',#3170,#3165,#413,.F.);
#2462=EDGE_CURVE('',#3168,#3169,#414,.F.);
#2463=EDGE_CURVE('',#3166,#3163,#415,.F.);
#2464=EDGE_CURVE('',#3164,#3167,#416,.F.);
#2465=EDGE_CURVE('',#3099,#3030,#3528,.F.);
#2466=EDGE_CURVE('',#3098,#2889,#190,.T.);
#2467=EDGE_CURVE('',#2887,#3171,#417,.F.);
#2468=EDGE_CURVE('',#3026,#3171,#3529,.T.);
#2469=EDGE_CURVE('',#3172,#3025,#3530,.T.);
#2470=EDGE_CURVE('',#3172,#3173,#3531,.T.);
#2471=EDGE_CURVE('',#3027,#3173,#3532,.T.);
#2472=EDGE_CURVE('',#3174,#3028,#3533,.F.);
#2473=EDGE_CURVE('',#3174,#2888,#3534,.T.);
#2474=EDGE_CURVE('',#3029,#3100,#3535,.F.);
#2475=EDGE_CURVE('',#3173,#3174,#418,.F.);
#2476=EDGE_CURVE('',#3171,#3172,#419,.F.);
#2477=EDGE_CURVE('',#3175,#2967,#3536,.F.);
#2478=EDGE_CURVE('',#3176,#3175,#420,.F.);
#2479=EDGE_CURVE('',#2968,#3176,#3537,.T.);
#2480=EDGE_CURVE('',#3177,#2964,#3538,.F.);
#2481=EDGE_CURVE('',#3177,#3178,#3539,.T.);
#2482=EDGE_CURVE('',#2966,#3178,#3540,.T.);
#2483=EDGE_CURVE('',#3179,#2969,#3541,.F.);
#2484=EDGE_CURVE('',#3179,#3180,#3542,.T.);
#2485=EDGE_CURVE('',#2970,#3180,#3543,.F.);
#2486=EDGE_CURVE('',#3181,#2971,#3544,.T.);
#2487=EDGE_CURVE('',#3181,#3182,#3545,.T.);
#2488=EDGE_CURVE('',#2965,#3182,#3546,.T.);
#2489=EDGE_CURVE('',#3182,#3177,#421,.F.);
#2490=EDGE_CURVE('',#3180,#3181,#422,.F.);
#2491=EDGE_CURVE('',#3178,#3175,#423,.F.);
#2492=EDGE_CURVE('',#3176,#3179,#424,.F.);
#2493=EDGE_CURVE('',#3183,#2961,#3547,.F.);
#2494=EDGE_CURVE('',#3184,#3183,#425,.F.);
#2495=EDGE_CURVE('',#2962,#3184,#3548,.T.);
#2496=EDGE_CURVE('',#3185,#2959,#3549,.F.);
#2497=EDGE_CURVE('',#3185,#3186,#3550,.T.);
#2498=EDGE_CURVE('',#2960,#3186,#3551,.T.);
#2499=EDGE_CURVE('',#3187,#2963,#3552,.F.);
#2500=EDGE_CURVE('',#3187,#3188,#3553,.T.);
#2501=EDGE_CURVE('',#2957,#3188,#3554,.F.);
#2502=EDGE_CURVE('',#3189,#2956,#3555,.T.);
#2503=EDGE_CURVE('',#3189,#3190,#3556,.T.);
#2504=EDGE_CURVE('',#2958,#3190,#3557,.T.);
#2505=EDGE_CURVE('',#3188,#3189,#426,.F.);
#2506=EDGE_CURVE('',#3190,#3185,#427,.F.);
#2507=EDGE_CURVE('',#3184,#3187,#428,.F.);
#2508=EDGE_CURVE('',#3186,#3183,#429,.F.);
#2509=EDGE_CURVE('',#3191,#2951,#3558,.F.);
#2510=EDGE_CURVE('',#3192,#3191,#430,.F.);
#2511=EDGE_CURVE('',#2952,#3192,#3559,.T.);
#2512=EDGE_CURVE('',#3193,#2948,#3560,.F.);
#2513=EDGE_CURVE('',#3193,#3194,#3561,.T.);
#2514=EDGE_CURVE('',#2950,#3194,#3562,.T.);
#2515=EDGE_CURVE('',#3195,#2953,#3563,.F.);
#2516=EDGE_CURVE('',#3195,#3196,#3564,.T.);
#2517=EDGE_CURVE('',#2954,#3196,#3565,.F.);
#2518=EDGE_CURVE('',#3197,#2955,#3566,.T.);
#2519=EDGE_CURVE('',#3197,#3198,#3567,.T.);
#2520=EDGE_CURVE('',#2949,#3198,#3568,.T.);
#2521=EDGE_CURVE('',#3198,#3193,#431,.F.);
#2522=EDGE_CURVE('',#3196,#3197,#432,.F.);
#2523=EDGE_CURVE('',#3194,#3191,#433,.F.);
#2524=EDGE_CURVE('',#3192,#3195,#434,.F.);
#2525=EDGE_CURVE('',#3199,#3036,#3569,.F.);
#2526=EDGE_CURVE('',#3200,#3199,#435,.F.);
#2527=EDGE_CURVE('',#3032,#3200,#3570,.T.);
#2528=EDGE_CURVE('',#3201,#3034,#3571,.F.);
#2529=EDGE_CURVE('',#3201,#3202,#3572,.T.);
#2530=EDGE_CURVE('',#3035,#3202,#3573,.T.);
#2531=EDGE_CURVE('',#3203,#3031,#3574,.F.);
#2532=EDGE_CURVE('',#3203,#3204,#3575,.T.);
#2533=EDGE_CURVE('',#3033,#3204,#3576,.T.);
#2534=EDGE_CURVE('',#3204,#3201,#436,.F.);
#2535=EDGE_CURVE('',#3200,#3203,#437,.F.);
#2536=EDGE_CURVE('',#3202,#3199,#438,.F.);
#2537=EDGE_CURVE('',#3205,#3042,#3577,.F.);
#2538=EDGE_CURVE('',#3206,#3205,#439,.F.);
#2539=EDGE_CURVE('',#3038,#3206,#3578,.T.);
#2540=EDGE_CURVE('',#3207,#3037,#3579,.F.);
#2541=EDGE_CURVE('',#3207,#3208,#3580,.T.);
#2542=EDGE_CURVE('',#3039,#3208,#3581,.T.);
#2543=EDGE_CURVE('',#3209,#3040,#3582,.F.);
#2544=EDGE_CURVE('',#3209,#3210,#3583,.T.);
#2545=EDGE_CURVE('',#3041,#3210,#3584,.T.);
#2546=EDGE_CURVE('',#3208,#3209,#440,.F.);
#2547=EDGE_CURVE('',#3206,#3207,#441,.F.);
#2548=EDGE_CURVE('',#3210,#3205,#442,.F.);
#2549=EDGE_CURVE('',#3211,#3046,#3585,.F.);
#2550=EDGE_CURVE('',#3212,#3211,#443,.F.);
#2551=EDGE_CURVE('',#3047,#3212,#3586,.T.);
#2552=EDGE_CURVE('',#3213,#3043,#3587,.T.);
#2553=EDGE_CURVE('',#3213,#3214,#3588,.T.);
#2554=EDGE_CURVE('',#3045,#3214,#3589,.T.);
#2555=EDGE_CURVE('',#3215,#3048,#3590,.F.);
#2556=EDGE_CURVE('',#3215,#3216,#3591,.T.);
#2557=EDGE_CURVE('',#3044,#3216,#3592,.F.);
#2558=EDGE_CURVE('',#3216,#3213,#444,.F.);
#2559=EDGE_CURVE('',#3214,#3211,#445,.F.);
#2560=EDGE_CURVE('',#3212,#3215,#446,.F.);
#2561=EDGE_CURVE('',#3217,#3052,#3593,.F.);
#2562=EDGE_CURVE('',#3218,#3217,#447,.F.);
#2563=EDGE_CURVE('',#3053,#3218,#3594,.T.);
#2564=EDGE_CURVE('',#3219,#3049,#3595,.T.);
#2565=EDGE_CURVE('',#3219,#3220,#3596,.T.);
#2566=EDGE_CURVE('',#3051,#3220,#3597,.T.);
#2567=EDGE_CURVE('',#3221,#3054,#3598,.F.);
#2568=EDGE_CURVE('',#3221,#3222,#3599,.T.);
#2569=EDGE_CURVE('',#3050,#3222,#3600,.F.);
#2570=EDGE_CURVE('',#3222,#3219,#448,.F.);
#2571=EDGE_CURVE('',#3220,#3217,#449,.F.);
#2572=EDGE_CURVE('',#3218,#3221,#450,.F.);
#2573=EDGE_CURVE('',#3223,#3058,#3601,.F.);
#2574=EDGE_CURVE('',#3224,#3223,#451,.F.);
#2575=EDGE_CURVE('',#3059,#3224,#3602,.T.);
#2576=EDGE_CURVE('',#3225,#3055,#3603,.T.);
#2577=EDGE_CURVE('',#3225,#3226,#3604,.T.);
#2578=EDGE_CURVE('',#3057,#3226,#3605,.T.);
#2579=EDGE_CURVE('',#3227,#3060,#3606,.F.);
#2580=EDGE_CURVE('',#3227,#3228,#3607,.T.);
#2581=EDGE_CURVE('',#3056,#3228,#3608,.F.);
#2582=EDGE_CURVE('',#3228,#3225,#452,.F.);
#2583=EDGE_CURVE('',#3226,#3223,#453,.F.);
#2584=EDGE_CURVE('',#3224,#3227,#454,.F.);
#2585=EDGE_CURVE('',#3229,#3064,#3609,.F.);
#2586=EDGE_CURVE('',#3229,#2911,#455,.F.);
#2587=EDGE_CURVE('',#2910,#2922,#191,.T.);
#2588=EDGE_CURVE('',#3065,#2923,#3610,.T.);
#2589=EDGE_CURVE('',#3230,#3061,#3611,.T.);
#2590=EDGE_CURVE('',#3230,#3231,#3612,.T.);
#2591=EDGE_CURVE('',#3063,#3231,#3613,.F.);
#2592=EDGE_CURVE('',#2931,#3066,#3614,.T.);
#2593=EDGE_CURVE('',#2930,#2913,#456,.F.);
#2594=EDGE_CURVE('',#2912,#3232,#3615,.T.);
#2595=EDGE_CURVE('',#3062,#3232,#3616,.F.);
#2596=EDGE_CURVE('',#3232,#3230,#457,.F.);
#2597=EDGE_CURVE('',#3231,#3229,#458,.F.);
#2598=EDGE_CURVE('',#3233,#2945,#3617,.F.);
#2599=EDGE_CURVE('',#3234,#3233,#459,.F.);
#2600=EDGE_CURVE('',#2946,#3234,#3618,.T.);
#2601=EDGE_CURVE('',#3235,#2943,#3619,.F.);
#2602=EDGE_CURVE('',#3235,#3236,#3620,.T.);
#2603=EDGE_CURVE('',#2944,#3236,#3621,.T.);
#2604=EDGE_CURVE('',#3237,#2947,#3622,.F.);
#2605=EDGE_CURVE('',#3237,#3238,#3623,.T.);
#2606=EDGE_CURVE('',#2941,#3238,#3624,.F.);
#2607=EDGE_CURVE('',#3239,#2940,#3625,.T.);
#2608=EDGE_CURVE('',#3239,#3240,#3626,.T.);
#2609=EDGE_CURVE('',#2942,#3240,#3627,.T.);
#2610=EDGE_CURVE('',#3238,#3239,#460,.F.);
#2611=EDGE_CURVE('',#3240,#3235,#461,.F.);
#2612=EDGE_CURVE('',#3234,#3237,#462,.F.);
#2613=EDGE_CURVE('',#3236,#3233,#463,.F.);
#2614=EDGE_CURVE('',#3241,#3070,#3628,.F.);
#2615=EDGE_CURVE('',#3241,#2896,#464,.F.);
#2616=EDGE_CURVE('',#3071,#3102,#3629,.T.);
#2617=EDGE_CURVE('',#3242,#3067,#3630,.T.);
#2618=EDGE_CURVE('',#3242,#3243,#3631,.T.);
#2619=EDGE_CURVE('',#3069,#3243,#3632,.F.);
#2620=EDGE_CURVE('',#3101,#3072,#3633,.T.);
#2621=EDGE_CURVE('',#2897,#3244,#3634,.T.);
#2622=EDGE_CURVE('',#3068,#3244,#3635,.F.);
#2623=EDGE_CURVE('',#3244,#3242,#465,.F.);
#2624=EDGE_CURVE('',#3243,#3241,#466,.F.);
#2625=EDGE_CURVE('',#3245,#3078,#3636,.F.);
#2626=EDGE_CURVE('',#3245,#3246,#467,.F.);
#2627=EDGE_CURVE('',#3074,#3246,#3637,.T.);
#2628=EDGE_CURVE('',#3247,#3073,#3638,.T.);
#2629=EDGE_CURVE('',#3247,#3248,#3639,.T.);
#2630=EDGE_CURVE('',#3075,#3248,#3640,.T.);
#2631=EDGE_CURVE('',#3249,#3076,#3641,.F.);
#2632=EDGE_CURVE('',#3249,#3250,#3642,.T.);
#2633=EDGE_CURVE('',#3077,#3250,#3643,.F.);
#2634=EDGE_CURVE('',#3248,#3249,#468,.F.);
#2635=EDGE_CURVE('',#3246,#3247,#469,.F.);
#2636=EDGE_CURVE('',#3250,#3245,#470,.F.);
#2637=EDGE_CURVE('',#3251,#3084,#3644,.F.);
#2638=EDGE_CURVE('',#3251,#3252,#471,.F.);
#2639=EDGE_CURVE('',#3080,#3252,#3645,.T.);
#2640=EDGE_CURVE('',#3253,#3082,#3646,.T.);
#2641=EDGE_CURVE('',#3253,#3254,#3647,.T.);
#2642=EDGE_CURVE('',#3083,#3254,#3648,.F.);
#2643=EDGE_CURVE('',#3255,#3079,#3649,.T.);
#2644=EDGE_CURVE('',#3255,#3256,#3650,.T.);
#2645=EDGE_CURVE('',#3081,#3256,#3651,.F.);
#2646=EDGE_CURVE('',#3252,#3255,#472,.F.);
#2647=EDGE_CURVE('',#3256,#3253,#473,.F.);
#2648=EDGE_CURVE('',#3254,#3251,#474,.F.);
#2649=EDGE_CURVE('',#2927,#3090,#3652,.F.);
#2650=EDGE_CURVE('',#2926,#2917,#192,.T.);
#2651=EDGE_CURVE('',#2916,#3257,#475,.F.);
#2652=EDGE_CURVE('',#3086,#3257,#3653,.T.);
#2653=EDGE_CURVE('',#3258,#3085,#3654,.T.);
#2654=EDGE_CURVE('',#3258,#3259,#3655,.T.);
#2655=EDGE_CURVE('',#3087,#3259,#3656,.T.);
#2656=EDGE_CURVE('',#3260,#3088,#3657,.F.);
#2657=EDGE_CURVE('',#3260,#2915,#3658,.T.);
#2658=EDGE_CURVE('',#2914,#2929,#476,.F.);
#2659=EDGE_CURVE('',#3089,#2928,#3659,.F.);
#2660=EDGE_CURVE('',#3259,#3260,#477,.F.);
#2661=EDGE_CURVE('',#3257,#3258,#478,.F.);
#2662=EDGE_CURVE('',#3261,#2937,#3660,.F.);
#2663=EDGE_CURVE('',#3262,#3261,#479,.F.);
#2664=EDGE_CURVE('',#2938,#3262,#3661,.T.);
#2665=EDGE_CURVE('',#3263,#2935,#3662,.F.);
#2666=EDGE_CURVE('',#3263,#3264,#3663,.T.);
#2667=EDGE_CURVE('',#2936,#3264,#3664,.T.);
#2668=EDGE_CURVE('',#3265,#2939,#3665,.F.);
#2669=EDGE_CURVE('',#3265,#3266,#3666,.T.);
#2670=EDGE_CURVE('',#2933,#3266,#3667,.F.);
#2671=EDGE_CURVE('',#3267,#2932,#3668,.T.);
#2672=EDGE_CURVE('',#3267,#3268,#3669,.T.);
#2673=EDGE_CURVE('',#2934,#3268,#3670,.T.);
#2674=EDGE_CURVE('',#3266,#3267,#480,.F.);
#2675=EDGE_CURVE('',#3268,#3263,#481,.F.);
#2676=EDGE_CURVE('',#3262,#3265,#482,.F.);
#2677=EDGE_CURVE('',#3264,#3261,#483,.F.);
#2678=EDGE_CURVE('',#3269,#3094,#3671,.F.);
#2679=EDGE_CURVE('',#3270,#3269,#484,.F.);
#2680=EDGE_CURVE('',#3095,#3270,#3672,.T.);
#2681=EDGE_CURVE('',#3271,#3091,#3673,.T.);
#2682=EDGE_CURVE('',#3271,#3272,#3674,.T.);
#2683=EDGE_CURVE('',#3093,#3272,#3675,.T.);
#2684=EDGE_CURVE('',#3273,#3096,#3676,.F.);
#2685=EDGE_CURVE('',#3273,#3274,#3677,.T.);
#2686=EDGE_CURVE('',#3092,#3274,#3678,.F.);
#2687=EDGE_CURVE('',#3274,#3271,#485,.F.);
#2688=EDGE_CURVE('',#3272,#3269,#486,.F.);
#2689=EDGE_CURVE('',#3270,#3273,#487,.F.);
#2690=EDGE_CURVE('',#3275,#3276,#3679,.F.);
#2691=EDGE_CURVE('',#3276,#3277,#3680,.F.);
#2692=EDGE_CURVE('',#3277,#3275,#488,.F.);
#2693=EDGE_CURVE('',#3278,#3279,#3681,.F.);
#2694=EDGE_CURVE('',#3279,#3280,#3682,.T.);
#2695=EDGE_CURVE('',#3280,#3278,#489,.F.);
#2696=EDGE_CURVE('',#3281,#3282,#490,.T.);
#2697=EDGE_CURVE('',#3282,#3283,#491,.F.);
#2698=EDGE_CURVE('',#3283,#3284,#492,.T.);
#2699=EDGE_CURVE('',#3284,#3285,#3683,.F.);
#2700=EDGE_CURVE('',#3285,#3286,#3684,.F.);
#2701=EDGE_CURVE('',#3287,#3286,#3685,.T.);
#2702=EDGE_CURVE('',#3288,#3287,#493,.F.);
#2703=EDGE_CURVE('',#3288,#3289,#3686,.T.);
#2704=EDGE_CURVE('',#3289,#3290,#3687,.F.);
#2705=EDGE_CURVE('',#3290,#3281,#3688,.T.);
#2706=EDGE_CURVE('',#2894,#3291,#3689,.T.);
#2707=EDGE_CURVE('',#3291,#2883,#193,.T.);
#2708=EDGE_CURVE('',#2883,#3292,#194,.F.);
#2709=EDGE_CURVE('',#3292,#2920,#3690,.T.);
#2710=EDGE_CURVE('',#2919,#2925,#195,.T.);
#2711=EDGE_CURVE('',#3293,#3293,#494,.T.);
#2712=EDGE_CURVE('',#3294,#3295,#237,.F.);
#2713=EDGE_CURVE('',#3295,#3296,#196,.T.);
#2714=EDGE_CURVE('',#3296,#3297,#197,.T.);
#2715=EDGE_CURVE('',#3297,#3294,#198,.T.);
#2716=EDGE_CURVE('',#3298,#3298,#495,.T.);
#2717=EDGE_CURVE('',#3299,#3300,#238,.F.);
#2718=EDGE_CURVE('',#3300,#3301,#199,.T.);
#2719=EDGE_CURVE('',#3301,#3302,#200,.T.);
#2720=EDGE_CURVE('',#3302,#3299,#201,.T.);
#2721=EDGE_CURVE('',#3303,#3303,#496,.T.);
#2722=EDGE_CURVE('',#3304,#3304,#239,.F.);
#2723=EDGE_CURVE('',#3305,#3306,#240,.T.);
#2724=EDGE_CURVE('',#3306,#3307,#497,.T.);
#2725=EDGE_CURVE('',#3307,#3305,#3691,.F.);
#2726=EDGE_CURVE('',#3308,#3308,#498,.T.);
#2727=EDGE_CURVE('',#3309,#3309,#202,.T.);
#2728=EDGE_CURVE('',#2880,#2900,#203,.T.);
#2729=EDGE_CURVE('',#2881,#2899,#499,.T.);
#2730=EDGE_CURVE('',#2907,#2906,#500,.T.);
#2731=EDGE_CURVE('',#3307,#2908,#204,.T.);
#2732=EDGE_CURVE('',#3305,#2907,#501,.T.);
#2733=EDGE_CURVE('',#2903,#2886,#205,.T.);
#2734=EDGE_CURVE('',#2904,#2885,#502,.T.);
#2735=EDGE_CURVE('',#3305,#2906,#503,.F.);
#2736=EDGE_CURVE('',#2905,#2892,#504,.T.);
#2737=EDGE_CURVE('',#2866,#3306,#206,.T.);
#2738=EDGE_CURVE('',#2864,#2905,#505,.T.);
#2739=EDGE_CURVE('',#2864,#2892,#506,.F.);
#2740=EDGE_CURVE('',#2891,#2865,#207,.T.);
#2741=EDGE_CURVE('',#2901,#2879,#208,.T.);
#2742=EDGE_CURVE('',#2878,#2902,#209,.T.);
#2743=EDGE_CURVE('',#3277,#2883,#210,.T.);
#2744=EDGE_CURVE('',#2882,#3275,#211,.F.);
#2745=EDGE_CURVE('',#3280,#2884,#212,.T.);
#2746=EDGE_CURVE('',#2883,#3278,#213,.F.);
#2747=EDGE_CURVE('',#3278,#3291,#507,.T.);
#2748=EDGE_CURVE('',#3279,#2894,#241,.F.);
#2749=EDGE_CURVE('',#3280,#2893,#508,.T.);
#2750=EDGE_CURVE('',#3275,#2921,#509,.T.);
#2751=EDGE_CURVE('',#3276,#2920,#242,.T.);
#2752=EDGE_CURVE('',#3277,#3292,#510,.T.);
#2753=EDGE_CURVE('',#3310,#3311,#511,.F.);
#2754=EDGE_CURVE('',#3311,#3288,#3692,.T.);
#2755=EDGE_CURVE('',#3310,#3287,#3693,.T.);
#2756=EDGE_CURVE('',#3312,#3312,#512,.T.);
#2757=EDGE_CURVE('',#2879,#3302,#513,.T.);
#2758=EDGE_CURVE('',#3299,#2901,#514,.T.);
#2759=EDGE_CURVE('',#3300,#2900,#515,.T.);
#2760=EDGE_CURVE('',#2880,#3301,#516,.T.);
#2761=EDGE_CURVE('',#2886,#3297,#517,.T.);
#2762=EDGE_CURVE('',#3294,#2903,#518,.T.);
#2763=EDGE_CURVE('',#3295,#2902,#519,.T.);
#2764=EDGE_CURVE('',#2878,#3296,#520,.T.);
#2765=EDGE_CURVE('',#3313,#3313,#521,.F.);
#2766=EDGE_CURVE('',#3314,#3314,#522,.F.);
#2767=EDGE_CURVE('',#3315,#3315,#523,.F.);
#2768=EDGE_CURVE('',#3316,#3316,#524,.F.);
#2769=EDGE_CURVE('',#3317,#3318,#3694,.T.);
#2770=EDGE_CURVE('',#3317,#3319,#525,.T.);
#2771=EDGE_CURVE('',#3319,#3320,#3695,.T.);
#2772=EDGE_CURVE('',#3320,#3289,#526,.T.);
#2773=EDGE_CURVE('',#3311,#2874,#3696,.T.);
#2774=EDGE_CURVE('',#2873,#3318,#214,.T.);
#2775=EDGE_CURVE('',#3321,#3321,#527,.F.);
#2776=EDGE_CURVE('',#3322,#3322,#528,.F.);
#2777=EDGE_CURVE('',#3323,#3323,#529,.F.);
#2778=EDGE_CURVE('',#3324,#3324,#530,.F.);
#2779=EDGE_CURVE('',#3325,#3326,#3697,.T.);
#2780=EDGE_CURVE('',#3325,#3327,#531,.F.);
#2781=EDGE_CURVE('',#3327,#3328,#3698,.T.);
#2782=EDGE_CURVE('',#3328,#2876,#215,.T.);
#2783=EDGE_CURVE('',#3310,#2875,#3699,.T.);
#2784=EDGE_CURVE('',#3286,#3326,#532,.F.);
#2785=EDGE_CURVE('',#3327,#3329,#3700,.T.);
#2786=EDGE_CURVE('',#3329,#3330,#3701,.T.);
#2787=EDGE_CURVE('',#3330,#3328,#533,.F.);
#2788=EDGE_CURVE('',#3331,#3331,#534,.F.);
#2789=EDGE_CURVE('',#3332,#3332,#535,.F.);
#2790=EDGE_CURVE('',#3333,#3333,#536,.F.);
#2791=EDGE_CURVE('',#3334,#3334,#537,.F.);
#2792=EDGE_CURVE('',#3335,#3336,#3702,.F.);
#2793=EDGE_CURVE('',#3336,#3337,#216,.T.);
#2794=EDGE_CURVE('',#3337,#3338,#3703,.F.);
#2795=EDGE_CURVE('',#3338,#3339,#3704,.T.);
#2796=EDGE_CURVE('',#3339,#3335,#3705,.T.);
#2797=EDGE_CURVE('',#3340,#3341,#3706,.F.);
#2798=EDGE_CURVE('',#3341,#3325,#3707,.F.);
#2799=EDGE_CURVE('',#3326,#3342,#3708,.T.);
#2800=EDGE_CURVE('',#3342,#3340,#538,.T.);
#2801=EDGE_CURVE('',#3318,#3343,#539,.F.);
#2802=EDGE_CURVE('',#3343,#3344,#3709,.F.);
#2803=EDGE_CURVE('',#3344,#3317,#3710,.T.);
#2804=EDGE_CURVE('',#3345,#3345,#540,.T.);
#2805=EDGE_CURVE('',#3346,#3346,#541,.T.);
#2806=EDGE_CURVE('',#3347,#3347,#542,.T.);
#2807=EDGE_CURVE('',#3348,#3348,#543,.T.);
#2808=EDGE_CURVE('',#3349,#3350,#3711,.T.);
#2809=EDGE_CURVE('',#3350,#3351,#217,.T.);
#2810=EDGE_CURVE('',#3351,#3352,#3712,.F.);
#2811=EDGE_CURVE('',#3352,#3353,#3713,.F.);
#2812=EDGE_CURVE('',#3353,#3349,#3714,.F.);
#2813=EDGE_CURVE('',#3319,#3354,#3715,.F.);
#2814=EDGE_CURVE('',#3354,#3355,#3716,.T.);
#2815=EDGE_CURVE('',#3355,#3356,#544,.T.);
#2816=EDGE_CURVE('',#3356,#3320,#3717,.T.);
#2817=EDGE_CURVE('',#3290,#3353,#545,.F.);
#2818=EDGE_CURVE('',#3281,#3352,#546,.T.);
#2819=EDGE_CURVE('',#2871,#3352,#547,.F.);
#2820=EDGE_CURVE('',#2871,#3282,#218,.F.);
#2821=EDGE_CURVE('',#3351,#2872,#219,.T.);
#2822=EDGE_CURVE('',#2872,#3357,#220,.F.);
#2823=EDGE_CURVE('',#3357,#3343,#221,.T.);
#2824=EDGE_CURVE('',#3339,#3285,#548,.F.);
#2825=EDGE_CURVE('',#3335,#3284,#549,.T.);
#2826=EDGE_CURVE('',#3283,#2868,#222,.T.);
#2827=EDGE_CURVE('',#3335,#2868,#550,.F.);
#2828=EDGE_CURVE('',#2867,#3336,#223,.F.);
#2829=EDGE_CURVE('',#3330,#3358,#224,.T.);
#2830=EDGE_CURVE('',#3358,#2867,#225,.T.);
#2831=EDGE_CURVE('',#3342,#3285,#551,.T.);
#2832=EDGE_CURVE('',#3340,#3339,#552,.T.);
#2833=EDGE_CURVE('',#3341,#3338,#553,.T.);
#2834=EDGE_CURVE('',#3329,#3341,#554,.T.);
#2835=EDGE_CURVE('',#3329,#3338,#555,.F.);
#2836=EDGE_CURVE('',#3330,#3337,#556,.T.);
#2837=EDGE_CURVE('',#3358,#3336,#557,.T.);
#2838=EDGE_CURVE('',#3290,#3356,#558,.T.);
#2839=EDGE_CURVE('',#3353,#3355,#559,.T.);
#2840=EDGE_CURVE('',#3354,#3344,#560,.T.);
#2841=EDGE_CURVE('',#3349,#3354,#561,.T.);
#2842=EDGE_CURVE('',#3349,#3344,#562,.F.);
#2843=EDGE_CURVE('',#3350,#3343,#563,.T.);
#2844=EDGE_CURVE('',#3351,#3357,#564,.T.);
#2845=EDGE_CURVE('',#3359,#3359,#565,.F.);
#2846=EDGE_CURVE('',#3360,#3360,#566,.F.);
#2847=EDGE_CURVE('',#3361,#3361,#567,.F.);
#2848=EDGE_CURVE('',#3362,#3362,#568,.F.);
#2849=EDGE_CURVE('',#3363,#3363,#569,.T.);
#2850=EDGE_CURVE('',#3364,#3364,#570,.T.);
#2851=EDGE_CURVE('',#3365,#3365,#571,.T.);
#2852=EDGE_CURVE('',#3366,#3366,#572,.T.);
#2853=EDGE_CURVE('',#2924,#2909,#573,.T.);
#2854=EDGE_CURVE('',#3119,#2908,#574,.T.);
#2855=EDGE_CURVE('',#3120,#3307,#575,.T.);
#2856=EDGE_CURVE('',#3121,#3306,#576,.T.);
#2857=EDGE_CURVE('',#3122,#2866,#577,.T.);
#2858=EDGE_CURVE('',#3117,#2865,#578,.T.);
#2859=EDGE_CURVE('',#3118,#2891,#579,.T.);
#2860=EDGE_CURVE('',#2890,#3097,#580,.T.);
#2861=EDGE_CURVE('',#2925,#2918,#581,.T.);
#2862=EDGE_CURVE('',#3282,#2870,#582,.T.);
#2863=EDGE_CURVE('',#3283,#2869,#583,.T.);
#2864=VERTEX_POINT('',#7649);
#2865=VERTEX_POINT('',#7650);
#2866=VERTEX_POINT('',#7652);
#2867=VERTEX_POINT('',#7656);
#2868=VERTEX_POINT('',#7657);
#2869=VERTEX_POINT('',#7663);
#2870=VERTEX_POINT('',#7665);
#2871=VERTEX_POINT('',#7671);
#2872=VERTEX_POINT('',#7673);
#2873=VERTEX_POINT('',#7675);
#2874=VERTEX_POINT('',#7677);
#2875=VERTEX_POINT('',#7679);
#2876=VERTEX_POINT('',#7681);
#2877=VERTEX_POINT('',#7701);
#2878=VERTEX_POINT('',#7703);
#2879=VERTEX_POINT('',#7704);
#2880=VERTEX_POINT('',#7718);
#2881=VERTEX_POINT('',#7720);
#2882=VERTEX_POINT('',#7722);
#2883=VERTEX_POINT('',#7724);
#2884=VERTEX_POINT('',#7726);
#2885=VERTEX_POINT('',#7728);
#2886=VERTEX_POINT('',#7730);
#2887=VERTEX_POINT('',#7747);
#2888=VERTEX_POINT('',#7748);
#2889=VERTEX_POINT('',#7750);
#2890=VERTEX_POINT('',#7752);
#2891=VERTEX_POINT('',#7757);
#2892=VERTEX_POINT('',#7759);
#2893=VERTEX_POINT('',#7767);
#2894=VERTEX_POINT('',#7769);
#2895=VERTEX_POINT('',#7771);
#2896=VERTEX_POINT('',#7773);
#2897=VERTEX_POINT('',#7775);
#2898=VERTEX_POINT('',#7779);
#2899=VERTEX_POINT('',#7781);
#2900=VERTEX_POINT('',#7782);
#2901=VERTEX_POINT('',#7784);
#2902=VERTEX_POINT('',#7786);
#2903=VERTEX_POINT('',#7788);
#2904=VERTEX_POINT('',#7790);
#2905=VERTEX_POINT('',#7792);
#2906=VERTEX_POINT('',#7794);
#2907=VERTEX_POINT('',#7798);
#2908=VERTEX_POINT('',#7799);
#2909=VERTEX_POINT('',#7804);
#2910=VERTEX_POINT('',#7806);
#2911=VERTEX_POINT('',#7808);
#2912=VERTEX_POINT('',#7810);
#2913=VERTEX_POINT('',#7812);
#2914=VERTEX_POINT('',#7814);
#2915=VERTEX_POINT('',#7816);
#2916=VERTEX_POINT('',#7818);
#2917=VERTEX_POINT('',#7820);
#2918=VERTEX_POINT('',#7822);
#2919=VERTEX_POINT('',#7829);
#2920=VERTEX_POINT('',#7831);
#2921=VERTEX_POINT('',#7833);
#2922=VERTEX_POINT('',#7843);
#2923=VERTEX_POINT('',#7844);
#2924=VERTEX_POINT('',#7846);
#2925=VERTEX_POINT('',#7848);
#2926=VERTEX_POINT('',#7850);
#2927=VERTEX_POINT('',#7852);
#2928=VERTEX_POINT('',#7854);
#2929=VERTEX_POINT('',#7856);
#2930=VERTEX_POINT('',#7858);
#2931=VERTEX_POINT('',#7860);
#2932=VERTEX_POINT('',#7864);
#2933=VERTEX_POINT('',#7865);
#2934=VERTEX_POINT('',#7867);
#2935=VERTEX_POINT('',#7869);
#2936=VERTEX_POINT('',#7871);
#2937=VERTEX_POINT('',#7873);
#2938=VERTEX_POINT('',#7875);
#2939=VERTEX_POINT('',#7877);
#2940=VERTEX_POINT('',#7880);
#2941=VERTEX_POINT('',#7881);
#2942=VERTEX_POINT('',#7883);
#2943=VERTEX_POINT('',#7885);
#2944=VERTEX_POINT('',#7887);
#2945=VERTEX_POINT('',#7889);
#2946=VERTEX_POINT('',#7891);
#2947=VERTEX_POINT('',#7893);
#2948=VERTEX_POINT('',#7896);
#2949=VERTEX_POINT('',#7897);
#2950=VERTEX_POINT('',#7899);
#2951=VERTEX_POINT('',#7901);
#2952=VERTEX_POINT('',#7903);
#2953=VERTEX_POINT('',#7905);
#2954=VERTEX_POINT('',#7907);
#2955=VERTEX_POINT('',#7909);
#2956=VERTEX_POINT('',#7912);
#2957=VERTEX_POINT('',#7913);
#2958=VERTEX_POINT('',#7915);
#2959=VERTEX_POINT('',#7917);
#2960=VERTEX_POINT('',#7919);
#2961=VERTEX_POINT('',#7921);
#2962=VERTEX_POINT('',#7923);
#2963=VERTEX_POINT('',#7925);
#2964=VERTEX_POINT('',#7928);
#2965=VERTEX_POINT('',#7929);
#2966=VERTEX_POINT('',#7931);
#2967=VERTEX_POINT('',#7933);
#2968=VERTEX_POINT('',#7935);
#2969=VERTEX_POINT('',#7937);
#2970=VERTEX_POINT('',#7939);
#2971=VERTEX_POINT('',#7941);
#2972=VERTEX_POINT('',#7944);
#2973=VERTEX_POINT('',#7945);
#2974=VERTEX_POINT('',#7947);
#2975=VERTEX_POINT('',#7949);
#2976=VERTEX_POINT('',#7951);
#2977=VERTEX_POINT('',#7953);
#2978=VERTEX_POINT('',#7955);
#2979=VERTEX_POINT('',#7957);
#2980=VERTEX_POINT('',#7960);
#2981=VERTEX_POINT('',#7961);
#2982=VERTEX_POINT('',#7963);
#2983=VERTEX_POINT('',#7965);
#2984=VERTEX_POINT('',#7967);
#2985=VERTEX_POINT('',#7969);
#2986=VERTEX_POINT('',#7971);
#2987=VERTEX_POINT('',#7973);
#2988=VERTEX_POINT('',#7976);
#2989=VERTEX_POINT('',#7977);
#2990=VERTEX_POINT('',#7979);
#2991=VERTEX_POINT('',#7981);
#2992=VERTEX_POINT('',#7983);
#2993=VERTEX_POINT('',#7985);
#2994=VERTEX_POINT('',#7987);
#2995=VERTEX_POINT('',#7989);
#2996=VERTEX_POINT('',#7992);
#2997=VERTEX_POINT('',#7994);
#2998=VERTEX_POINT('',#7996);
#2999=VERTEX_POINT('',#7998);
#3000=VERTEX_POINT('',#8000);
#3001=VERTEX_POINT('',#8002);
#3002=VERTEX_POINT('',#8003);
#3003=VERTEX_POINT('',#8005);
#3004=VERTEX_POINT('',#8007);
#3005=VERTEX_POINT('',#8009);
#3006=VERTEX_POINT('',#8011);
#3007=VERTEX_POINT('',#8014);
#3008=VERTEX_POINT('',#8015);
#3009=VERTEX_POINT('',#8017);
#3010=VERTEX_POINT('',#8019);
#3011=VERTEX_POINT('',#8021);
#3012=VERTEX_POINT('',#8023);
#3013=VERTEX_POINT('',#8026);
#3014=VERTEX_POINT('',#8027);
#3015=VERTEX_POINT('',#8029);
#3016=VERTEX_POINT('',#8031);
#3017=VERTEX_POINT('',#8033);
#3018=VERTEX_POINT('',#8035);
#3019=VERTEX_POINT('',#8038);
#3020=VERTEX_POINT('',#8039);
#3021=VERTEX_POINT('',#8041);
#3022=VERTEX_POINT('',#8043);
#3023=VERTEX_POINT('',#8045);
#3024=VERTEX_POINT('',#8047);
#3025=VERTEX_POINT('',#8050);
#3026=VERTEX_POINT('',#8051);
#3027=VERTEX_POINT('',#8053);
#3028=VERTEX_POINT('',#8055);
#3029=VERTEX_POINT('',#8057);
#3030=VERTEX_POINT('',#8059);
#3031=VERTEX_POINT('',#8062);
#3032=VERTEX_POINT('',#8063);
#3033=VERTEX_POINT('',#8065);
#3034=VERTEX_POINT('',#8067);
#3035=VERTEX_POINT('',#8069);
#3036=VERTEX_POINT('',#8071);
#3037=VERTEX_POINT('',#8074);
#3038=VERTEX_POINT('',#8075);
#3039=VERTEX_POINT('',#8077);
#3040=VERTEX_POINT('',#8079);
#3041=VERTEX_POINT('',#8081);
#3042=VERTEX_POINT('',#8083);
#3043=VERTEX_POINT('',#8086);
#3044=VERTEX_POINT('',#8087);
#3045=VERTEX_POINT('',#8089);
#3046=VERTEX_POINT('',#8091);
#3047=VERTEX_POINT('',#8093);
#3048=VERTEX_POINT('',#8095);
#3049=VERTEX_POINT('',#8098);
#3050=VERTEX_POINT('',#8099);
#3051=VERTEX_POINT('',#8101);
#3052=VERTEX_POINT('',#8103);
#3053=VERTEX_POINT('',#8105);
#3054=VERTEX_POINT('',#8107);
#3055=VERTEX_POINT('',#8110);
#3056=VERTEX_POINT('',#8111);
#3057=VERTEX_POINT('',#8113);
#3058=VERTEX_POINT('',#8115);
#3059=VERTEX_POINT('',#8117);
#3060=VERTEX_POINT('',#8119);
#3061=VERTEX_POINT('',#8122);
#3062=VERTEX_POINT('',#8123);
#3063=VERTEX_POINT('',#8125);
#3064=VERTEX_POINT('',#8127);
#3065=VERTEX_POINT('',#8129);
#3066=VERTEX_POINT('',#8131);
#3067=VERTEX_POINT('',#8134);
#3068=VERTEX_POINT('',#8135);
#3069=VERTEX_POINT('',#8137);
#3070=VERTEX_POINT('',#8139);
#3071=VERTEX_POINT('',#8141);
#3072=VERTEX_POINT('',#8143);
#3073=VERTEX_POINT('',#8146);
#3074=VERTEX_POINT('',#8147);
#3075=VERTEX_POINT('',#8149);
#3076=VERTEX_POINT('',#8151);
#3077=VERTEX_POINT('',#8153);
#3078=VERTEX_POINT('',#8155);
#3079=VERTEX_POINT('',#8158);
#3080=VERTEX_POINT('',#8159);
#3081=VERTEX_POINT('',#8161);
#3082=VERTEX_POINT('',#8163);
#3083=VERTEX_POINT('',#8165);
#3084=VERTEX_POINT('',#8167);
#3085=VERTEX_POINT('',#8170);
#3086=VERTEX_POINT('',#8171);
#3087=VERTEX_POINT('',#8173);
#3088=VERTEX_POINT('',#8175);
#3089=VERTEX_POINT('',#8177);
#3090=VERTEX_POINT('',#8179);
#3091=VERTEX_POINT('',#8182);
#3092=VERTEX_POINT('',#8183);
#3093=VERTEX_POINT('',#8185);
#3094=VERTEX_POINT('',#8187);
#3095=VERTEX_POINT('',#8189);
#3096=VERTEX_POINT('',#8191);
#3097=VERTEX_POINT('',#8195);
#3098=VERTEX_POINT('',#8197);
#3099=VERTEX_POINT('',#8199);
#3100=VERTEX_POINT('',#8201);
#3101=VERTEX_POINT('',#8204);
#3102=VERTEX_POINT('',#8206);
#3103=VERTEX_POINT('',#8210);
#3104=VERTEX_POINT('',#8213);
#3105=VERTEX_POINT('',#8216);
#3106=VERTEX_POINT('',#8219);
#3107=VERTEX_POINT('',#8222);
#3108=VERTEX_POINT('',#8224);
#3109=VERTEX_POINT('',#8227);
#3110=VERTEX_POINT('',#8229);
#3111=VERTEX_POINT('',#8233);
#3112=VERTEX_POINT('',#8235);
#3113=VERTEX_POINT('',#8239);
#3114=VERTEX_POINT('',#8241);
#3115=VERTEX_POINT('',#8245);
#3116=VERTEX_POINT('',#8247);
#3117=VERTEX_POINT('',#8254);
#3118=VERTEX_POINT('',#8255);
#3119=VERTEX_POINT('',#8265);
#3120=VERTEX_POINT('',#8270);
#3121=VERTEX_POINT('',#8272);
#3122=VERTEX_POINT('',#8278);
#3123=VERTEX_POINT('',#8283);
#3124=VERTEX_POINT('',#8285);
#3125=VERTEX_POINT('',#8289);
#3126=VERTEX_POINT('',#8291);
#3127=VERTEX_POINT('',#8295);
#3128=VERTEX_POINT('',#8297);
#3129=VERTEX_POINT('',#8307);
#3130=VERTEX_POINT('',#8309);
#3131=VERTEX_POINT('',#8313);
#3132=VERTEX_POINT('',#8315);
#3133=VERTEX_POINT('',#8319);
#3134=VERTEX_POINT('',#8321);
#3135=VERTEX_POINT('',#8325);
#3136=VERTEX_POINT('',#8327);
#3137=VERTEX_POINT('',#8339);
#3138=VERTEX_POINT('',#8341);
#3139=VERTEX_POINT('',#8345);
#3140=VERTEX_POINT('',#8347);
#3141=VERTEX_POINT('',#8351);
#3142=VERTEX_POINT('',#8353);
#3143=VERTEX_POINT('',#8363);
#3144=VERTEX_POINT('',#8365);
#3145=VERTEX_POINT('',#8369);
#3146=VERTEX_POINT('',#8371);
#3147=VERTEX_POINT('',#8375);
#3148=VERTEX_POINT('',#8377);
#3149=VERTEX_POINT('',#8387);
#3150=VERTEX_POINT('',#8389);
#3151=VERTEX_POINT('',#8393);
#3152=VERTEX_POINT('',#8395);
#3153=VERTEX_POINT('',#8399);
#3154=VERTEX_POINT('',#8401);
#3155=VERTEX_POINT('',#8411);
#3156=VERTEX_POINT('',#8413);
#3157=VERTEX_POINT('',#8417);
#3158=VERTEX_POINT('',#8419);
#3159=VERTEX_POINT('',#8423);
#3160=VERTEX_POINT('',#8425);
#3161=VERTEX_POINT('',#8429);
#3162=VERTEX_POINT('',#8431);
#3163=VERTEX_POINT('',#8443);
#3164=VERTEX_POINT('',#8445);
#3165=VERTEX_POINT('',#8449);
#3166=VERTEX_POINT('',#8451);
#3167=VERTEX_POINT('',#8455);
#3168=VERTEX_POINT('',#8457);
#3169=VERTEX_POINT('',#8461);
#3170=VERTEX_POINT('',#8463);
#3171=VERTEX_POINT('',#8485);
#3172=VERTEX_POINT('',#8489);
#3173=VERTEX_POINT('',#8491);
#3174=VERTEX_POINT('',#8495);
#3175=VERTEX_POINT('',#8505);
#3176=VERTEX_POINT('',#8507);
#3177=VERTEX_POINT('',#8511);
#3178=VERTEX_POINT('',#8513);
#3179=VERTEX_POINT('',#8517);
#3180=VERTEX_POINT('',#8519);
#3181=VERTEX_POINT('',#8523);
#3182=VERTEX_POINT('',#8525);
#3183=VERTEX_POINT('',#8537);
#3184=VERTEX_POINT('',#8539);
#3185=VERTEX_POINT('',#8543);
#3186=VERTEX_POINT('',#8545);
#3187=VERTEX_POINT('',#8549);
#3188=VERTEX_POINT('',#8551);
#3189=VERTEX_POINT('',#8555);
#3190=VERTEX_POINT('',#8557);
#3191=VERTEX_POINT('',#8569);
#3192=VERTEX_POINT('',#8571);
#3193=VERTEX_POINT('',#8575);
#3194=VERTEX_POINT('',#8577);
#3195=VERTEX_POINT('',#8581);
#3196=VERTEX_POINT('',#8583);
#3197=VERTEX_POINT('',#8587);
#3198=VERTEX_POINT('',#8589);
#3199=VERTEX_POINT('',#8601);
#3200=VERTEX_POINT('',#8603);
#3201=VERTEX_POINT('',#8607);
#3202=VERTEX_POINT('',#8609);
#3203=VERTEX_POINT('',#8613);
#3204=VERTEX_POINT('',#8615);
#3205=VERTEX_POINT('',#8625);
#3206=VERTEX_POINT('',#8627);
#3207=VERTEX_POINT('',#8631);
#3208=VERTEX_POINT('',#8633);
#3209=VERTEX_POINT('',#8637);
#3210=VERTEX_POINT('',#8639);
#3211=VERTEX_POINT('',#8649);
#3212=VERTEX_POINT('',#8651);
#3213=VERTEX_POINT('',#8655);
#3214=VERTEX_POINT('',#8657);
#3215=VERTEX_POINT('',#8661);
#3216=VERTEX_POINT('',#8663);
#3217=VERTEX_POINT('',#8673);
#3218=VERTEX_POINT('',#8675);
#3219=VERTEX_POINT('',#8679);
#3220=VERTEX_POINT('',#8681);
#3221=VERTEX_POINT('',#8685);
#3222=VERTEX_POINT('',#8687);
#3223=VERTEX_POINT('',#8697);
#3224=VERTEX_POINT('',#8699);
#3225=VERTEX_POINT('',#8703);
#3226=VERTEX_POINT('',#8705);
#3227=VERTEX_POINT('',#8709);
#3228=VERTEX_POINT('',#8711);
#3229=VERTEX_POINT('',#8721);
#3230=VERTEX_POINT('',#8735);
#3231=VERTEX_POINT('',#8737);
#3232=VERTEX_POINT('',#8743);
#3233=VERTEX_POINT('',#8752);
#3234=VERTEX_POINT('',#8754);
#3235=VERTEX_POINT('',#8758);
#3236=VERTEX_POINT('',#8760);
#3237=VERTEX_POINT('',#8764);
#3238=VERTEX_POINT('',#8766);
#3239=VERTEX_POINT('',#8770);
#3240=VERTEX_POINT('',#8772);
#3241=VERTEX_POINT('',#8784);
#3242=VERTEX_POINT('',#8789);
#3243=VERTEX_POINT('',#8791);
#3244=VERTEX_POINT('',#8796);
#3245=VERTEX_POINT('',#8805);
#3246=VERTEX_POINT('',#8807);
#3247=VERTEX_POINT('',#8811);
#3248=VERTEX_POINT('',#8813);
#3249=VERTEX_POINT('',#8817);
#3250=VERTEX_POINT('',#8819);
#3251=VERTEX_POINT('',#8829);
#3252=VERTEX_POINT('',#8831);
#3253=VERTEX_POINT('',#8835);
#3254=VERTEX_POINT('',#8837);
#3255=VERTEX_POINT('',#8841);
#3256=VERTEX_POINT('',#8843);
#3257=VERTEX_POINT('',#8863);
#3258=VERTEX_POINT('',#8867);
#3259=VERTEX_POINT('',#8869);
#3260=VERTEX_POINT('',#8873);
#3261=VERTEX_POINT('',#8884);
#3262=VERTEX_POINT('',#8886);
#3263=VERTEX_POINT('',#8890);
#3264=VERTEX_POINT('',#8892);
#3265=VERTEX_POINT('',#8896);
#3266=VERTEX_POINT('',#8898);
#3267=VERTEX_POINT('',#8902);
#3268=VERTEX_POINT('',#8904);
#3269=VERTEX_POINT('',#8916);
#3270=VERTEX_POINT('',#8918);
#3271=VERTEX_POINT('',#8922);
#3272=VERTEX_POINT('',#8924);
#3273=VERTEX_POINT('',#8928);
#3274=VERTEX_POINT('',#8930);
#3275=VERTEX_POINT('',#8942);
#3276=VERTEX_POINT('',#8943);
#3277=VERTEX_POINT('',#8945);
#3278=VERTEX_POINT('',#8949);
#3279=VERTEX_POINT('',#8950);
#3280=VERTEX_POINT('',#8952);
#3281=VERTEX_POINT('',#8956);
#3282=VERTEX_POINT('',#8957);
#3283=VERTEX_POINT('',#8959);
#3284=VERTEX_POINT('',#8961);
#3285=VERTEX_POINT('',#8963);
#3286=VERTEX_POINT('',#8965);
#3287=VERTEX_POINT('',#8967);
#3288=VERTEX_POINT('',#8969);
#3289=VERTEX_POINT('',#8971);
#3290=VERTEX_POINT('',#8973);
#3291=VERTEX_POINT('',#8977);
#3292=VERTEX_POINT('',#8990);
#3293=VERTEX_POINT('',#9022);
#3294=VERTEX_POINT('',#9025);
#3295=VERTEX_POINT('',#9026);
#3296=VERTEX_POINT('',#9031);
#3297=VERTEX_POINT('',#9046);
#3298=VERTEX_POINT('',#9054);
#3299=VERTEX_POINT('',#9057);
#3300=VERTEX_POINT('',#9058);
#3301=VERTEX_POINT('',#9064);
#3302=VERTEX_POINT('',#9078);
#3303=VERTEX_POINT('',#9085);
#3304=VERTEX_POINT('',#9088);
#3305=VERTEX_POINT('',#9091);
#3306=VERTEX_POINT('',#9092);
#3307=VERTEX_POINT('',#9094);
#3308=VERTEX_POINT('',#9098);
#3309=VERTEX_POINT('',#9119);
#3310=VERTEX_POINT('',#9428);
#3311=VERTEX_POINT('',#9429);
#3312=VERTEX_POINT('',#9433);
#3313=VERTEX_POINT('',#9742);
#3314=VERTEX_POINT('',#9744);
#3315=VERTEX_POINT('',#9746);
#3316=VERTEX_POINT('',#9748);
#3317=VERTEX_POINT('',#9750);
#3318=VERTEX_POINT('',#9751);
#3319=VERTEX_POINT('',#9753);
#3320=VERTEX_POINT('',#9755);
#3321=VERTEX_POINT('',#9765);
#3322=VERTEX_POINT('',#9767);
#3323=VERTEX_POINT('',#9769);
#3324=VERTEX_POINT('',#9771);
#3325=VERTEX_POINT('',#9773);
#3326=VERTEX_POINT('',#9774);
#3327=VERTEX_POINT('',#9776);
#3328=VERTEX_POINT('',#9778);
#3329=VERTEX_POINT('',#9789);
#3330=VERTEX_POINT('',#9791);
#3331=VERTEX_POINT('',#9795);
#3332=VERTEX_POINT('',#9797);
#3333=VERTEX_POINT('',#9799);
#3334=VERTEX_POINT('',#9801);
#3335=VERTEX_POINT('',#9803);
#3336=VERTEX_POINT('',#9804);
#3337=VERTEX_POINT('',#9809);
#3338=VERTEX_POINT('',#9811);
#3339=VERTEX_POINT('',#9813);
#3340=VERTEX_POINT('',#9817);
#3341=VERTEX_POINT('',#9818);
#3342=VERTEX_POINT('',#9821);
#3343=VERTEX_POINT('',#9825);
#3344=VERTEX_POINT('',#9827);
#3345=VERTEX_POINT('',#9831);
#3346=VERTEX_POINT('',#9833);
#3347=VERTEX_POINT('',#9835);
#3348=VERTEX_POINT('',#9837);
#3349=VERTEX_POINT('',#9839);
#3350=VERTEX_POINT('',#9840);
#3351=VERTEX_POINT('',#9845);
#3352=VERTEX_POINT('',#9847);
#3353=VERTEX_POINT('',#9849);
#3354=VERTEX_POINT('',#9853);
#3355=VERTEX_POINT('',#9855);
#3356=VERTEX_POINT('',#9857);
#3357=VERTEX_POINT('',#9886);
#3358=VERTEX_POINT('',#9915);
#3359=VERTEX_POINT('',#10020);
#3360=VERTEX_POINT('',#10023);
#3361=VERTEX_POINT('',#10026);
#3362=VERTEX_POINT('',#10029);
#3363=VERTEX_POINT('',#10032);
#3364=VERTEX_POINT('',#10035);
#3365=VERTEX_POINT('',#10038);
#3366=VERTEX_POINT('',#10041);
#3367=LINE('',#7648,#3718);
#3368=LINE('',#7655,#3719);
#3369=LINE('',#7672,#3720);
#3370=LINE('',#7676,#3721);
#3371=LINE('',#7680,#3722);
#3372=LINE('',#7721,#3723);
#3373=LINE('',#7727,#3724);
#3374=LINE('',#7746,#3725);
#3375=LINE('',#7749,#3726);
#3376=LINE('',#7751,#3727);
#3377=LINE('',#7758,#3728);
#3378=LINE('',#7760,#3729);
#3379=LINE('',#7768,#3730);
#3380=LINE('',#7770,#3731);
#3381=LINE('',#7772,#3732);
#3382=LINE('',#7774,#3733);
#3383=LINE('',#7776,#3734);
#3384=LINE('',#7791,#3735);
#3385=LINE('',#7795,#3736);
#3386=LINE('',#7797,#3737);
#3387=LINE('',#7805,#3738);
#3388=LINE('',#7807,#3739);
#3389=LINE('',#7809,#3740);
#3390=LINE('',#7811,#3741);
#3391=LINE('',#7813,#3742);
#3392=LINE('',#7815,#3743);
#3393=LINE('',#7817,#3744);
#3394=LINE('',#7819,#3745);
#3395=LINE('',#7821,#3746);
#3396=LINE('',#7830,#3747);
#3397=LINE('',#7832,#3748);
#3398=LINE('',#7840,#3749);
#3399=LINE('',#7845,#3750);
#3400=LINE('',#7849,#3751);
#3401=LINE('',#7855,#3752);
#3402=LINE('',#7857,#3753);
#3403=LINE('',#7859,#3754);
#3404=LINE('',#7866,#3755);
#3405=LINE('',#7870,#3756);
#3406=LINE('',#7878,#3757);
#3407=LINE('',#7882,#3758);
#3408=LINE('',#7886,#3759);
#3409=LINE('',#7894,#3760);
#3410=LINE('',#7898,#3761);
#3411=LINE('',#7906,#3762);
#3412=LINE('',#7910,#3763);
#3413=LINE('',#7914,#3764);
#3414=LINE('',#7918,#3765);
#3415=LINE('',#7926,#3766);
#3416=LINE('',#7930,#3767);
#3417=LINE('',#7938,#3768);
#3418=LINE('',#7942,#3769);
#3419=LINE('',#7946,#3770);
#3420=LINE('',#7954,#3771);
#3421=LINE('',#7958,#3772);
#3422=LINE('',#7962,#3773);
#3423=LINE('',#7966,#3774);
#3424=LINE('',#7974,#3775);
#3425=LINE('',#7978,#3776);
#3426=LINE('',#7986,#3777);
#3427=LINE('',#7990,#3778);
#3428=LINE('',#8004,#3779);
#3429=LINE('',#8008,#3780);
#3430=LINE('',#8016,#3781);
#3431=LINE('',#8020,#3782);
#3432=LINE('',#8028,#3783);
#3433=LINE('',#8036,#3784);
#3434=LINE('',#8040,#3785);
#3435=LINE('',#8048,#3786);
#3436=LINE('',#8052,#3787);
#3437=LINE('',#8056,#3788);
#3438=LINE('',#8064,#3789);
#3439=LINE('',#8068,#3790);
#3440=LINE('',#8076,#3791);
#3441=LINE('',#8080,#3792);
#3442=LINE('',#8088,#3793);
#3443=LINE('',#8096,#3794);
#3444=LINE('',#8100,#3795);
#3445=LINE('',#8108,#3796);
#3446=LINE('',#8112,#3797);
#3447=LINE('',#8120,#3798);
#3448=LINE('',#8124,#3799);
#3449=LINE('',#8132,#3800);
#3450=LINE('',#8136,#3801);
#3451=LINE('',#8144,#3802);
#3452=LINE('',#8148,#3803);
#3453=LINE('',#8152,#3804);
#3454=LINE('',#8160,#3805);
#3455=LINE('',#8164,#3806);
#3456=LINE('',#8172,#3807);
#3457=LINE('',#8176,#3808);
#3458=LINE('',#8184,#3809);
#3459=LINE('',#8192,#3810);
#3460=LINE('',#8196,#3811);
#3461=LINE('',#8202,#3812);
#3462=LINE('',#8203,#3813);
#3463=LINE('',#8282,#3814);
#3464=LINE('',#8286,#3815);
#3465=LINE('',#8288,#3816);
#3466=LINE('',#8290,#3817);
#3467=LINE('',#8292,#3818);
#3468=LINE('',#8294,#3819);
#3469=LINE('',#8296,#3820);
#3470=LINE('',#8298,#3821);
#3471=LINE('',#8306,#3822);
#3472=LINE('',#8310,#3823);
#3473=LINE('',#8312,#3824);
#3474=LINE('',#8314,#3825);
#3475=LINE('',#8316,#3826);
#3476=LINE('',#8318,#3827);
#3477=LINE('',#8320,#3828);
#3478=LINE('',#8322,#3829);
#3479=LINE('',#8324,#3830);
#3480=LINE('',#8326,#3831);
#3481=LINE('',#8328,#3832);
#3482=LINE('',#8338,#3833);
#3483=LINE('',#8342,#3834);
#3484=LINE('',#8344,#3835);
#3485=LINE('',#8346,#3836);
#3486=LINE('',#8348,#3837);
#3487=LINE('',#8350,#3838);
#3488=LINE('',#8352,#3839);
#3489=LINE('',#8354,#3840);
#3490=LINE('',#8362,#3841);
#3491=LINE('',#8366,#3842);
#3492=LINE('',#8368,#3843);
#3493=LINE('',#8370,#3844);
#3494=LINE('',#8372,#3845);
#3495=LINE('',#8374,#3846);
#3496=LINE('',#8376,#3847);
#3497=LINE('',#8378,#3848);
#3498=LINE('',#8386,#3849);
#3499=LINE('',#8390,#3850);
#3500=LINE('',#8392,#3851);
#3501=LINE('',#8394,#3852);
#3502=LINE('',#8396,#3853);
#3503=LINE('',#8398,#3854);
#3504=LINE('',#8400,#3855);
#3505=LINE('',#8402,#3856);
#3506=LINE('',#8410,#3857);
#3507=LINE('',#8414,#3858);
#3508=LINE('',#8416,#3859);
#3509=LINE('',#8418,#3860);
#3510=LINE('',#8420,#3861);
#3511=LINE('',#8422,#3862);
#3512=LINE('',#8424,#3863);
#3513=LINE('',#8426,#3864);
#3514=LINE('',#8428,#3865);
#3515=LINE('',#8430,#3866);
#3516=LINE('',#8432,#3867);
#3517=LINE('',#8442,#3868);
#3518=LINE('',#8446,#3869);
#3519=LINE('',#8448,#3870);
#3520=LINE('',#8450,#3871);
#3521=LINE('',#8452,#3872);
#3522=LINE('',#8454,#3873);
#3523=LINE('',#8456,#3874);
#3524=LINE('',#8458,#3875);
#3525=LINE('',#8460,#3876);
#3526=LINE('',#8462,#3877);
#3527=LINE('',#8464,#3878);
#3528=LINE('',#8474,#3879);
#3529=LINE('',#8486,#3880);
#3530=LINE('',#8488,#3881);
#3531=LINE('',#8490,#3882);
#3532=LINE('',#8492,#3883);
#3533=LINE('',#8494,#3884);
#3534=LINE('',#8496,#3885);
#3535=LINE('',#8497,#3886);
#3536=LINE('',#8504,#3887);
#3537=LINE('',#8508,#3888);
#3538=LINE('',#8510,#3889);
#3539=LINE('',#8512,#3890);
#3540=LINE('',#8514,#3891);
#3541=LINE('',#8516,#3892);
#3542=LINE('',#8518,#3893);
#3543=LINE('',#8520,#3894);
#3544=LINE('',#8522,#3895);
#3545=LINE('',#8524,#3896);
#3546=LINE('',#8526,#3897);
#3547=LINE('',#8536,#3898);
#3548=LINE('',#8540,#3899);
#3549=LINE('',#8542,#3900);
#3550=LINE('',#8544,#3901);
#3551=LINE('',#8546,#3902);
#3552=LINE('',#8548,#3903);
#3553=LINE('',#8550,#3904);
#3554=LINE('',#8552,#3905);
#3555=LINE('',#8554,#3906);
#3556=LINE('',#8556,#3907);
#3557=LINE('',#8558,#3908);
#3558=LINE('',#8568,#3909);
#3559=LINE('',#8572,#3910);
#3560=LINE('',#8574,#3911);
#3561=LINE('',#8576,#3912);
#3562=LINE('',#8578,#3913);
#3563=LINE('',#8580,#3914);
#3564=LINE('',#8582,#3915);
#3565=LINE('',#8584,#3916);
#3566=LINE('',#8586,#3917);
#3567=LINE('',#8588,#3918);
#3568=LINE('',#8590,#3919);
#3569=LINE('',#8600,#3920);
#3570=LINE('',#8604,#3921);
#3571=LINE('',#8606,#3922);
#3572=LINE('',#8608,#3923);
#3573=LINE('',#8610,#3924);
#3574=LINE('',#8612,#3925);
#3575=LINE('',#8614,#3926);
#3576=LINE('',#8616,#3927);
#3577=LINE('',#8624,#3928);
#3578=LINE('',#8628,#3929);
#3579=LINE('',#8630,#3930);
#3580=LINE('',#8632,#3931);
#3581=LINE('',#8634,#3932);
#3582=LINE('',#8636,#3933);
#3583=LINE('',#8638,#3934);
#3584=LINE('',#8640,#3935);
#3585=LINE('',#8648,#3936);
#3586=LINE('',#8652,#3937);
#3587=LINE('',#8654,#3938);
#3588=LINE('',#8656,#3939);
#3589=LINE('',#8658,#3940);
#3590=LINE('',#8660,#3941);
#3591=LINE('',#8662,#3942);
#3592=LINE('',#8664,#3943);
#3593=LINE('',#8672,#3944);
#3594=LINE('',#8676,#3945);
#3595=LINE('',#8678,#3946);
#3596=LINE('',#8680,#3947);
#3597=LINE('',#8682,#3948);
#3598=LINE('',#8684,#3949);
#3599=LINE('',#8686,#3950);
#3600=LINE('',#8688,#3951);
#3601=LINE('',#8696,#3952);
#3602=LINE('',#8700,#3953);
#3603=LINE('',#8702,#3954);
#3604=LINE('',#8704,#3955);
#3605=LINE('',#8706,#3956);
#3606=LINE('',#8708,#3957);
#3607=LINE('',#8710,#3958);
#3608=LINE('',#8712,#3959);
#3609=LINE('',#8720,#3960);
#3610=LINE('',#8732,#3961);
#3611=LINE('',#8734,#3962);
#3612=LINE('',#8736,#3963);
#3613=LINE('',#8738,#3964);
#3614=LINE('',#8740,#3965);
#3615=LINE('',#8742,#3966);
#3616=LINE('',#8744,#3967);
#3617=LINE('',#8751,#3968);
#3618=LINE('',#8755,#3969);
#3619=LINE('',#8757,#3970);
#3620=LINE('',#8759,#3971);
#3621=LINE('',#8761,#3972);
#3622=LINE('',#8763,#3973);
#3623=LINE('',#8765,#3974);
#3624=LINE('',#8767,#3975);
#3625=LINE('',#8769,#3976);
#3626=LINE('',#8771,#3977);
#3627=LINE('',#8773,#3978);
#3628=LINE('',#8783,#3979);
#3629=LINE('',#8786,#3980);
#3630=LINE('',#8788,#3981);
#3631=LINE('',#8790,#3982);
#3632=LINE('',#8792,#3983);
#3633=LINE('',#8794,#3984);
#3634=LINE('',#8795,#3985);
#3635=LINE('',#8797,#3986);
#3636=LINE('',#8804,#3987);
#3637=LINE('',#8808,#3988);
#3638=LINE('',#8810,#3989);
#3639=LINE('',#8812,#3990);
#3640=LINE('',#8814,#3991);
#3641=LINE('',#8816,#3992);
#3642=LINE('',#8818,#3993);
#3643=LINE('',#8820,#3994);
#3644=LINE('',#8828,#3995);
#3645=LINE('',#8832,#3996);
#3646=LINE('',#8834,#3997);
#3647=LINE('',#8836,#3998);
#3648=LINE('',#8838,#3999);
#3649=LINE('',#8840,#4000);
#3650=LINE('',#8842,#4001);
#3651=LINE('',#8844,#4002);
#3652=LINE('',#8852,#4003);
#3653=LINE('',#8864,#4004);
#3654=LINE('',#8866,#4005);
#3655=LINE('',#8868,#4006);
#3656=LINE('',#8870,#4007);
#3657=LINE('',#8872,#4008);
#3658=LINE('',#8874,#4009);
#3659=LINE('',#8876,#4010);
#3660=LINE('',#8883,#4011);
#3661=LINE('',#8887,#4012);
#3662=LINE('',#8889,#4013);
#3663=LINE('',#8891,#4014);
#3664=LINE('',#8893,#4015);
#3665=LINE('',#8895,#4016);
#3666=LINE('',#8897,#4017);
#3667=LINE('',#8899,#4018);
#3668=LINE('',#8901,#4019);
#3669=LINE('',#8903,#4020);
#3670=LINE('',#8905,#4021);
#3671=LINE('',#8915,#4022);
#3672=LINE('',#8919,#4023);
#3673=LINE('',#8921,#4024);
#3674=LINE('',#8923,#4025);
#3675=LINE('',#8925,#4026);
#3676=LINE('',#8927,#4027);
#3677=LINE('',#8929,#4028);
#3678=LINE('',#8931,#4029);
#3679=LINE('',#8941,#4030);
#3680=LINE('',#8944,#4031);
#3681=LINE('',#8948,#4032);
#3682=LINE('',#8951,#4033);
#3683=LINE('',#8962,#4034);
#3684=LINE('',#8964,#4035);
#3685=LINE('',#8966,#4036);
#3686=LINE('',#8970,#4037);
#3687=LINE('',#8972,#4038);
#3688=LINE('',#8974,#4039);
#3689=LINE('',#8976,#4040);
#3690=LINE('',#8991,#4041);
#3691=LINE('',#9095,#4042);
#3692=LINE('',#9430,#4043);
#3693=LINE('',#9431,#4044);
#3694=LINE('',#9749,#4045);
#3695=LINE('',#9754,#4046);
#3696=LINE('',#9757,#4047);
#3697=LINE('',#9772,#4048);
#3698=LINE('',#9777,#4049);
#3699=LINE('',#9784,#4050);
#3700=LINE('',#9788,#4051);
#3701=LINE('',#9790,#4052);
#3702=LINE('',#9802,#4053);
#3703=LINE('',#9810,#4054);
#3704=LINE('',#9812,#4055);
#3705=LINE('',#9814,#4056);
#3706=LINE('',#9816,#4057);
#3707=LINE('',#9819,#4058);
#3708=LINE('',#9820,#4059);
#3709=LINE('',#9826,#4060);
#3710=LINE('',#9828,#4061);
#3711=LINE('',#9838,#4062);
#3712=LINE('',#9846,#4063);
#3713=LINE('',#9848,#4064);
#3714=LINE('',#9850,#4065);
#3715=LINE('',#9852,#4066);
#3716=LINE('',#9854,#4067);
#3717=LINE('',#9858,#4068);
#3718=VECTOR('',#6009,1.);
#3719=VECTOR('',#6016,1.);
#3720=VECTOR('',#6019,1.);
#3721=VECTOR('',#6022,1.);
#3722=VECTOR('',#6025,1.);
#3723=VECTOR('',#6032,1.);
#3724=VECTOR('',#6037,1.);
#3725=VECTOR('',#6042,1.);
#3726=VECTOR('',#6043,1.);
#3727=VECTOR('',#6044,1.);
#3728=VECTOR('',#6045,1.);
#3729=VECTOR('',#6046,1.);
#3730=VECTOR('',#6047,1.);
#3731=VECTOR('',#6048,1.);
#3732=VECTOR('',#6049,1.);
#3733=VECTOR('',#6050,1.);
#3734=VECTOR('',#6051,1.);
#3735=VECTOR('',#6066,1.);
#3736=VECTOR('',#6069,1.);
#3737=VECTOR('',#6072,1.);
#3738=VECTOR('',#6073,1.);
#3739=VECTOR('',#6074,1.);
#3740=VECTOR('',#6075,1.);
#3741=VECTOR('',#6076,1.);
#3742=VECTOR('',#6077,1.);
#3743=VECTOR('',#6078,1.);
#3744=VECTOR('',#6079,1.);
#3745=VECTOR('',#6080,1.);
#3746=VECTOR('',#6081,1.);
#3747=VECTOR('',#6082,1.);
#3748=VECTOR('',#6083,1.);
#3749=VECTOR('',#6084,1.);
#3750=VECTOR('',#6089,1.);
#3751=VECTOR('',#6092,1.);
#3752=VECTOR('',#6097,1.);
#3753=VECTOR('',#6098,1.);
#3754=VECTOR('',#6099,1.);
#3755=VECTOR('',#6106,1.);
#3756=VECTOR('',#6109,1.);
#3757=VECTOR('',#6116,1.);
#3758=VECTOR('',#6119,1.);
#3759=VECTOR('',#6122,1.);
#3760=VECTOR('',#6129,1.);
#3761=VECTOR('',#6132,1.);
#3762=VECTOR('',#6139,1.);
#3763=VECTOR('',#6142,1.);
#3764=VECTOR('',#6145,1.);
#3765=VECTOR('',#6148,1.);
#3766=VECTOR('',#6155,1.);
#3767=VECTOR('',#6158,1.);
#3768=VECTOR('',#6165,1.);
#3769=VECTOR('',#6168,1.);
#3770=VECTOR('',#6171,1.);
#3771=VECTOR('',#6178,1.);
#3772=VECTOR('',#6181,1.);
#3773=VECTOR('',#6184,1.);
#3774=VECTOR('',#6187,1.);
#3775=VECTOR('',#6194,1.);
#3776=VECTOR('',#6197,1.);
#3777=VECTOR('',#6204,1.);
#3778=VECTOR('',#6207,1.);
#3779=VECTOR('',#6220,1.);
#3780=VECTOR('',#6223,1.);
#3781=VECTOR('',#6230,1.);
#3782=VECTOR('',#6233,1.);
#3783=VECTOR('',#6240,1.);
#3784=VECTOR('',#6247,1.);
#3785=VECTOR('',#6250,1.);
#3786=VECTOR('',#6257,1.);
#3787=VECTOR('',#6260,1.);
#3788=VECTOR('',#6263,1.);
#3789=VECTOR('',#6270,1.);
#3790=VECTOR('',#6273,1.);
#3791=VECTOR('',#6280,1.);
#3792=VECTOR('',#6283,1.);
#3793=VECTOR('',#6290,1.);
#3794=VECTOR('',#6297,1.);
#3795=VECTOR('',#6300,1.);
#3796=VECTOR('',#6307,1.);
#3797=VECTOR('',#6310,1.);
#3798=VECTOR('',#6317,1.);
#3799=VECTOR('',#6320,1.);
#3800=VECTOR('',#6327,1.);
#3801=VECTOR('',#6330,1.);
#3802=VECTOR('',#6337,1.);
#3803=VECTOR('',#6340,1.);
#3804=VECTOR('',#6343,1.);
#3805=VECTOR('',#6350,1.);
#3806=VECTOR('',#6353,1.);
#3807=VECTOR('',#6360,1.);
#3808=VECTOR('',#6363,1.);
#3809=VECTOR('',#6370,1.);
#3810=VECTOR('',#6377,1.);
#3811=VECTOR('',#6382,1.);
#3812=VECTOR('',#6387,1.);
#3813=VECTOR('',#6388,1.);
#3814=VECTOR('',#6459,1.);
#3815=VECTOR('',#6462,1.);
#3816=VECTOR('',#6465,1.);
#3817=VECTOR('',#6466,1.);
#3818=VECTOR('',#6467,1.);
#3819=VECTOR('',#6470,1.);
#3820=VECTOR('',#6471,1.);
#3821=VECTOR('',#6472,1.);
#3822=VECTOR('',#6487,1.);
#3823=VECTOR('',#6490,1.);
#3824=VECTOR('',#6493,1.);
#3825=VECTOR('',#6494,1.);
#3826=VECTOR('',#6495,1.);
#3827=VECTOR('',#6498,1.);
#3828=VECTOR('',#6499,1.);
#3829=VECTOR('',#6500,1.);
#3830=VECTOR('',#6503,1.);
#3831=VECTOR('',#6504,1.);
#3832=VECTOR('',#6505,1.);
#3833=VECTOR('',#6524,1.);
#3834=VECTOR('',#6527,1.);
#3835=VECTOR('',#6530,1.);
#3836=VECTOR('',#6531,1.);
#3837=VECTOR('',#6532,1.);
#3838=VECTOR('',#6535,1.);
#3839=VECTOR('',#6536,1.);
#3840=VECTOR('',#6537,1.);
#3841=VECTOR('',#6552,1.);
#3842=VECTOR('',#6555,1.);
#3843=VECTOR('',#6558,1.);
#3844=VECTOR('',#6559,1.);
#3845=VECTOR('',#6560,1.);
#3846=VECTOR('',#6563,1.);
#3847=VECTOR('',#6564,1.);
#3848=VECTOR('',#6565,1.);
#3849=VECTOR('',#6580,1.);
#3850=VECTOR('',#6583,1.);
#3851=VECTOR('',#6586,1.);
#3852=VECTOR('',#6587,1.);
#3853=VECTOR('',#6588,1.);
#3854=VECTOR('',#6591,1.);
#3855=VECTOR('',#6592,1.);
#3856=VECTOR('',#6593,1.);
#3857=VECTOR('',#6608,1.);
#3858=VECTOR('',#6611,1.);
#3859=VECTOR('',#6614,1.);
#3860=VECTOR('',#6615,1.);
#3861=VECTOR('',#6616,1.);
#3862=VECTOR('',#6619,1.);
#3863=VECTOR('',#6620,1.);
#3864=VECTOR('',#6621,1.);
#3865=VECTOR('',#6624,1.);
#3866=VECTOR('',#6625,1.);
#3867=VECTOR('',#6626,1.);
#3868=VECTOR('',#6645,1.);
#3869=VECTOR('',#6648,1.);
#3870=VECTOR('',#6651,1.);
#3871=VECTOR('',#6652,1.);
#3872=VECTOR('',#6653,1.);
#3873=VECTOR('',#6656,1.);
#3874=VECTOR('',#6657,1.);
#3875=VECTOR('',#6658,1.);
#3876=VECTOR('',#6661,1.);
#3877=VECTOR('',#6662,1.);
#3878=VECTOR('',#6663,1.);
#3879=VECTOR('',#6682,1.);
#3880=VECTOR('',#6685,1.);
#3881=VECTOR('',#6688,1.);
#3882=VECTOR('',#6689,1.);
#3883=VECTOR('',#6690,1.);
#3884=VECTOR('',#6693,1.);
#3885=VECTOR('',#6694,1.);
#3886=VECTOR('',#6695,1.);
#3887=VECTOR('',#6708,1.);
#3888=VECTOR('',#6711,1.);
#3889=VECTOR('',#6714,1.);
#3890=VECTOR('',#6715,1.);
#3891=VECTOR('',#6716,1.);
#3892=VECTOR('',#6719,1.);
#3893=VECTOR('',#6720,1.);
#3894=VECTOR('',#6721,1.);
#3895=VECTOR('',#6724,1.);
#3896=VECTOR('',#6725,1.);
#3897=VECTOR('',#6726,1.);
#3898=VECTOR('',#6745,1.);
#3899=VECTOR('',#6748,1.);
#3900=VECTOR('',#6751,1.);
#3901=VECTOR('',#6752,1.);
#3902=VECTOR('',#6753,1.);
#3903=VECTOR('',#6756,1.);
#3904=VECTOR('',#6757,1.);
#3905=VECTOR('',#6758,1.);
#3906=VECTOR('',#6761,1.);
#3907=VECTOR('',#6762,1.);
#3908=VECTOR('',#6763,1.);
#3909=VECTOR('',#6782,1.);
#3910=VECTOR('',#6785,1.);
#3911=VECTOR('',#6788,1.);
#3912=VECTOR('',#6789,1.);
#3913=VECTOR('',#6790,1.);
#3914=VECTOR('',#6793,1.);
#3915=VECTOR('',#6794,1.);
#3916=VECTOR('',#6795,1.);
#3917=VECTOR('',#6798,1.);
#3918=VECTOR('',#6799,1.);
#3919=VECTOR('',#6800,1.);
#3920=VECTOR('',#6819,1.);
#3921=VECTOR('',#6822,1.);
#3922=VECTOR('',#6825,1.);
#3923=VECTOR('',#6826,1.);
#3924=VECTOR('',#6827,1.);
#3925=VECTOR('',#6830,1.);
#3926=VECTOR('',#6831,1.);
#3927=VECTOR('',#6832,1.);
#3928=VECTOR('',#6847,1.);
#3929=VECTOR('',#6850,1.);
#3930=VECTOR('',#6853,1.);
#3931=VECTOR('',#6854,1.);
#3932=VECTOR('',#6855,1.);
#3933=VECTOR('',#6858,1.);
#3934=VECTOR('',#6859,1.);
#3935=VECTOR('',#6860,1.);
#3936=VECTOR('',#6875,1.);
#3937=VECTOR('',#6878,1.);
#3938=VECTOR('',#6881,1.);
#3939=VECTOR('',#6882,1.);
#3940=VECTOR('',#6883,1.);
#3941=VECTOR('',#6886,1.);
#3942=VECTOR('',#6887,1.);
#3943=VECTOR('',#6888,1.);
#3944=VECTOR('',#6903,1.);
#3945=VECTOR('',#6906,1.);
#3946=VECTOR('',#6909,1.);
#3947=VECTOR('',#6910,1.);
#3948=VECTOR('',#6911,1.);
#3949=VECTOR('',#6914,1.);
#3950=VECTOR('',#6915,1.);
#3951=VECTOR('',#6916,1.);
#3952=VECTOR('',#6931,1.);
#3953=VECTOR('',#6934,1.);
#3954=VECTOR('',#6937,1.);
#3955=VECTOR('',#6938,1.);
#3956=VECTOR('',#6939,1.);
#3957=VECTOR('',#6942,1.);
#3958=VECTOR('',#6943,1.);
#3959=VECTOR('',#6944,1.);
#3960=VECTOR('',#6959,1.);
#3961=VECTOR('',#6962,1.);
#3962=VECTOR('',#6965,1.);
#3963=VECTOR('',#6966,1.);
#3964=VECTOR('',#6967,1.);
#3965=VECTOR('',#6970,1.);
#3966=VECTOR('',#6973,1.);
#3967=VECTOR('',#6974,1.);
#3968=VECTOR('',#6987,1.);
#3969=VECTOR('',#6990,1.);
#3970=VECTOR('',#6993,1.);
#3971=VECTOR('',#6994,1.);
#3972=VECTOR('',#6995,1.);
#3973=VECTOR('',#6998,1.);
#3974=VECTOR('',#6999,1.);
#3975=VECTOR('',#7000,1.);
#3976=VECTOR('',#7003,1.);
#3977=VECTOR('',#7004,1.);
#3978=VECTOR('',#7005,1.);
#3979=VECTOR('',#7024,1.);
#3980=VECTOR('',#7027,1.);
#3981=VECTOR('',#7030,1.);
#3982=VECTOR('',#7031,1.);
#3983=VECTOR('',#7032,1.);
#3984=VECTOR('',#7035,1.);
#3985=VECTOR('',#7036,1.);
#3986=VECTOR('',#7037,1.);
#3987=VECTOR('',#7050,1.);
#3988=VECTOR('',#7053,1.);
#3989=VECTOR('',#7056,1.);
#3990=VECTOR('',#7057,1.);
#3991=VECTOR('',#7058,1.);
#3992=VECTOR('',#7061,1.);
#3993=VECTOR('',#7062,1.);
#3994=VECTOR('',#7063,1.);
#3995=VECTOR('',#7078,1.);
#3996=VECTOR('',#7081,1.);
#3997=VECTOR('',#7084,1.);
#3998=VECTOR('',#7085,1.);
#3999=VECTOR('',#7086,1.);
#4000=VECTOR('',#7089,1.);
#4001=VECTOR('',#7090,1.);
#4002=VECTOR('',#7091,1.);
#4003=VECTOR('',#7106,1.);
#4004=VECTOR('',#7109,1.);
#4005=VECTOR('',#7112,1.);
#4006=VECTOR('',#7113,1.);
#4007=VECTOR('',#7114,1.);
#4008=VECTOR('',#7117,1.);
#4009=VECTOR('',#7118,1.);
#4010=VECTOR('',#7121,1.);
#4011=VECTOR('',#7134,1.);
#4012=VECTOR('',#7137,1.);
#4013=VECTOR('',#7140,1.);
#4014=VECTOR('',#7141,1.);
#4015=VECTOR('',#7142,1.);
#4016=VECTOR('',#7145,1.);
#4017=VECTOR('',#7146,1.);
#4018=VECTOR('',#7147,1.);
#4019=VECTOR('',#7150,1.);
#4020=VECTOR('',#7151,1.);
#4021=VECTOR('',#7152,1.);
#4022=VECTOR('',#7171,1.);
#4023=VECTOR('',#7174,1.);
#4024=VECTOR('',#7177,1.);
#4025=VECTOR('',#7178,1.);
#4026=VECTOR('',#7179,1.);
#4027=VECTOR('',#7182,1.);
#4028=VECTOR('',#7183,1.);
#4029=VECTOR('',#7184,1.);
#4030=VECTOR('',#7203,1.);
#4031=VECTOR('',#7204,1.);
#4032=VECTOR('',#7209,1.);
#4033=VECTOR('',#7210,1.);
#4034=VECTOR('',#7221,1.);
#4035=VECTOR('',#7222,1.);
#4036=VECTOR('',#7223,1.);
#4037=VECTOR('',#7226,1.);
#4038=VECTOR('',#7227,1.);
#4039=VECTOR('',#7228,1.);
#4040=VECTOR('',#7231,1.);
#4041=VECTOR('',#7232,1.);
#4042=VECTOR('',#7307,1.);
#4043=VECTOR('',#7370,1.);
#4044=VECTOR('',#7371,1.);
#4045=VECTOR('',#7402,1.);
#4046=VECTOR('',#7405,1.);
#4047=VECTOR('',#7408,1.);
#4048=VECTOR('',#7419,1.);
#4049=VECTOR('',#7422,1.);
#4050=VECTOR('',#7423,1.);
#4051=VECTOR('',#7430,1.);
#4052=VECTOR('',#7431,1.);
#4053=VECTOR('',#7444,1.);
#4054=VECTOR('',#7445,1.);
#4055=VECTOR('',#7446,1.);
#4056=VECTOR('',#7447,1.);
#4057=VECTOR('',#7450,1.);
#4058=VECTOR('',#7451,1.);
#4059=VECTOR('',#7452,1.);
#4060=VECTOR('',#7459,1.);
#4061=VECTOR('',#7460,1.);
#4062=VECTOR('',#7471,1.);
#4063=VECTOR('',#7472,1.);
#4064=VECTOR('',#7473,1.);
#4065=VECTOR('',#7474,1.);
#4066=VECTOR('',#7477,1.);
#4067=VECTOR('',#7478,1.);
#4068=VECTOR('',#7481,1.);
#4069=EDGE_LOOP('',(#584,#585,#586));
#4070=EDGE_LOOP('',(#587,#588,#589,#590,#591,#592,#593,#594,#595,#596));
#4071=EDGE_LOOP('',(#597));
#4072=EDGE_LOOP('',(#598,#599,#600,#601,#602,#603,#604,#605,#606));
#4073=EDGE_LOOP('',(#607,#608,#609,#610,#611,#612,#613,#614,#615,#616,#617,
#618,#619));
#4074=EDGE_LOOP('',(#620));
#4075=EDGE_LOOP('',(#621,#622,#623,#624,#625,#626,#627,#628));
#4076=EDGE_LOOP('',(#629,#630,#631,#632,#633,#634,#635,#636,#637,#638,#639,
#640,#641,#642,#643,#644,#645));
#4077=EDGE_LOOP('',(#646,#647,#648,#649,#650,#651,#652,#653,#654,#655));
#4078=EDGE_LOOP('',(#656,#657,#658,#659,#660,#661,#662,#663));
#4079=EDGE_LOOP('',(#664,#665,#666,#667,#668,#669,#670,#671));
#4080=EDGE_LOOP('',(#672,#673,#674,#675,#676,#677,#678,#679));
#4081=EDGE_LOOP('',(#680,#681,#682,#683,#684,#685,#686,#687));
#4082=EDGE_LOOP('',(#688,#689,#690,#691,#692,#693,#694,#695));
#4083=EDGE_LOOP('',(#696,#697,#698,#699,#700,#701,#702,#703));
#4084=EDGE_LOOP('',(#704,#705,#706,#707,#708,#709,#710,#711));
#4085=EDGE_LOOP('',(#712,#713,#714,#715,#716,#717,#718,#719));
#4086=EDGE_LOOP('',(#720));
#4087=EDGE_LOOP('',(#721));
#4088=EDGE_LOOP('',(#722));
#4089=EDGE_LOOP('',(#723));
#4090=EDGE_LOOP('',(#724));
#4091=EDGE_LOOP('',(#725,#726,#727,#728,#729,#730));
#4092=EDGE_LOOP('',(#731,#732,#733,#734,#735,#736));
#4093=EDGE_LOOP('',(#737,#738,#739,#740,#741,#742));
#4094=EDGE_LOOP('',(#743,#744,#745,#746,#747,#748));
#4095=EDGE_LOOP('',(#749,#750,#751,#752,#753,#754));
#4096=EDGE_LOOP('',(#755,#756,#757,#758,#759,#760));
#4097=EDGE_LOOP('',(#761,#762,#763,#764,#765,#766));
#4098=EDGE_LOOP('',(#767,#768,#769,#770,#771,#772));
#4099=EDGE_LOOP('',(#773,#774,#775,#776,#777,#778));
#4100=EDGE_LOOP('',(#779,#780,#781,#782,#783,#784));
#4101=EDGE_LOOP('',(#785,#786,#787,#788,#789,#790));
#4102=EDGE_LOOP('',(#791,#792,#793,#794,#795,#796));
#4103=EDGE_LOOP('',(#797,#798,#799,#800,#801,#802));
#4104=EDGE_LOOP('',(#803,#804,#805,#806,#807,#808));
#4105=EDGE_LOOP('',(#809,#810,#811,#812,#813,#814));
#4106=EDGE_LOOP('',(#815,#816,#817,#818,#819,#820));
#4107=EDGE_LOOP('',(#821,#822,#823,#824,#825,#826,#827,#828,#829,#830));
#4108=EDGE_LOOP('',(#831));
#4109=EDGE_LOOP('',(#832));
#4110=EDGE_LOOP('',(#833));
#4111=EDGE_LOOP('',(#834));
#4112=EDGE_LOOP('',(#835));
#4113=EDGE_LOOP('',(#836));
#4114=EDGE_LOOP('',(#837));
#4115=EDGE_LOOP('',(#838));
#4116=EDGE_LOOP('',(#839));
#4117=EDGE_LOOP('',(#840));
#4118=EDGE_LOOP('',(#841));
#4119=EDGE_LOOP('',(#842));
#4120=EDGE_LOOP('',(#843));
#4121=EDGE_LOOP('',(#844));
#4122=EDGE_LOOP('',(#845));
#4123=EDGE_LOOP('',(#846));
#4124=EDGE_LOOP('',(#847));
#4125=EDGE_LOOP('',(#848));
#4126=EDGE_LOOP('',(#849));
#4127=EDGE_LOOP('',(#850));
#4128=EDGE_LOOP('',(#851));
#4129=EDGE_LOOP('',(#852));
#4130=EDGE_LOOP('',(#853));
#4131=EDGE_LOOP('',(#854));
#4132=EDGE_LOOP('',(#855));
#4133=EDGE_LOOP('',(#856));
#4134=EDGE_LOOP('',(#857,#858,#859,#860,#861,#862,#863,#864,#865,#866));
#4135=EDGE_LOOP('',(#867));
#4136=EDGE_LOOP('',(#868));
#4137=EDGE_LOOP('',(#869));
#4138=EDGE_LOOP('',(#870,#871,#872,#873));
#4139=EDGE_LOOP('',(#874,#875,#876,#877));
#4140=EDGE_LOOP('',(#878,#879,#880,#881));
#4141=EDGE_LOOP('',(#882,#883,#884,#885));
#4142=EDGE_LOOP('',(#886,#887,#888,#889));
#4143=EDGE_LOOP('',(#890,#891,#892,#893));
#4144=EDGE_LOOP('',(#894,#895,#896,#897));
#4145=EDGE_LOOP('',(#898,#899,#900,#901));
#4146=EDGE_LOOP('',(#902,#903,#904,#905));
#4147=EDGE_LOOP('',(#906,#907,#908,#909));
#4148=EDGE_LOOP('',(#910,#911,#912,#913));
#4149=EDGE_LOOP('',(#914,#915,#916,#917));
#4150=EDGE_LOOP('',(#918,#919,#920,#921));
#4151=EDGE_LOOP('',(#922,#923,#924,#925));
#4152=EDGE_LOOP('',(#926,#927,#928,#929));
#4153=EDGE_LOOP('',(#930,#931,#932,#933));
#4154=EDGE_LOOP('',(#934,#935,#936,#937));
#4155=EDGE_LOOP('',(#938,#939,#940,#941));
#4156=EDGE_LOOP('',(#942,#943,#944,#945));
#4157=EDGE_LOOP('',(#946,#947,#948,#949));
#4158=EDGE_LOOP('',(#950,#951,#952,#953));
#4159=EDGE_LOOP('',(#954,#955,#956,#957));
#4160=EDGE_LOOP('',(#958,#959,#960,#961));
#4161=EDGE_LOOP('',(#962,#963,#964,#965));
#4162=EDGE_LOOP('',(#966,#967,#968,#969));
#4163=EDGE_LOOP('',(#970,#971,#972,#973));
#4164=EDGE_LOOP('',(#974,#975,#976,#977));
#4165=EDGE_LOOP('',(#978,#979,#980,#981));
#4166=EDGE_LOOP('',(#982,#983,#984,#985));
#4167=EDGE_LOOP('',(#986,#987,#988,#989));
#4168=EDGE_LOOP('',(#990,#991,#992,#993));
#4169=EDGE_LOOP('',(#994,#995,#996,#997));
#4170=EDGE_LOOP('',(#998,#999,#1000,#1001));
#4171=EDGE_LOOP('',(#1002,#1003,#1004,#1005));
#4172=EDGE_LOOP('',(#1006,#1007,#1008,#1009));
#4173=EDGE_LOOP('',(#1010,#1011,#1012,#1013));
#4174=EDGE_LOOP('',(#1014,#1015,#1016,#1017));
#4175=EDGE_LOOP('',(#1018,#1019,#1020,#1021));
#4176=EDGE_LOOP('',(#1022,#1023,#1024,#1025));
#4177=EDGE_LOOP('',(#1026,#1027,#1028,#1029));
#4178=EDGE_LOOP('',(#1030,#1031,#1032,#1033));
#4179=EDGE_LOOP('',(#1034,#1035,#1036,#1037));
#4180=EDGE_LOOP('',(#1038,#1039,#1040,#1041));
#4181=EDGE_LOOP('',(#1042,#1043,#1044,#1045));
#4182=EDGE_LOOP('',(#1046,#1047,#1048,#1049));
#4183=EDGE_LOOP('',(#1050,#1051,#1052,#1053));
#4184=EDGE_LOOP('',(#1054,#1055,#1056,#1057));
#4185=EDGE_LOOP('',(#1058,#1059,#1060,#1061));
#4186=EDGE_LOOP('',(#1062,#1063,#1064,#1065,#1066,#1067,#1068));
#4187=EDGE_LOOP('',(#1069,#1070,#1071,#1072));
#4188=EDGE_LOOP('',(#1073,#1074,#1075,#1076,#1077));
#4189=EDGE_LOOP('',(#1078,#1079,#1080,#1081));
#4190=EDGE_LOOP('',(#1082,#1083,#1084,#1085));
#4191=EDGE_LOOP('',(#1086,#1087,#1088,#1089));
#4192=EDGE_LOOP('',(#1090,#1091,#1092,#1093));
#4193=EDGE_LOOP('',(#1094,#1095,#1096,#1097));
#4194=EDGE_LOOP('',(#1098,#1099,#1100,#1101));
#4195=EDGE_LOOP('',(#1102,#1103,#1104,#1105));
#4196=EDGE_LOOP('',(#1106,#1107,#1108,#1109));
#4197=EDGE_LOOP('',(#1110,#1111,#1112,#1113));
#4198=EDGE_LOOP('',(#1114,#1115,#1116,#1117));
#4199=EDGE_LOOP('',(#1118,#1119,#1120,#1121));
#4200=EDGE_LOOP('',(#1122,#1123,#1124,#1125));
#4201=EDGE_LOOP('',(#1126,#1127,#1128,#1129));
#4202=EDGE_LOOP('',(#1130,#1131,#1132,#1133));
#4203=EDGE_LOOP('',(#1134,#1135,#1136,#1137));
#4204=EDGE_LOOP('',(#1138,#1139,#1140,#1141));
#4205=EDGE_LOOP('',(#1142,#1143,#1144,#1145));
#4206=EDGE_LOOP('',(#1146,#1147,#1148,#1149));
#4207=EDGE_LOOP('',(#1150,#1151,#1152,#1153));
#4208=EDGE_LOOP('',(#1154,#1155,#1156,#1157));
#4209=EDGE_LOOP('',(#1158,#1159,#1160,#1161));
#4210=EDGE_LOOP('',(#1162,#1163,#1164,#1165));
#4211=EDGE_LOOP('',(#1166,#1167,#1168,#1169));
#4212=EDGE_LOOP('',(#1170,#1171,#1172,#1173));
#4213=EDGE_LOOP('',(#1174,#1175,#1176,#1177));
#4214=EDGE_LOOP('',(#1178,#1179,#1180,#1181));
#4215=EDGE_LOOP('',(#1182,#1183,#1184,#1185));
#4216=EDGE_LOOP('',(#1186,#1187,#1188,#1189));
#4217=EDGE_LOOP('',(#1190,#1191,#1192,#1193));
#4218=EDGE_LOOP('',(#1194,#1195,#1196,#1197));
#4219=EDGE_LOOP('',(#1198,#1199,#1200,#1201));
#4220=EDGE_LOOP('',(#1202,#1203,#1204,#1205));
#4221=EDGE_LOOP('',(#1206,#1207,#1208,#1209));
#4222=EDGE_LOOP('',(#1210,#1211,#1212,#1213));
#4223=EDGE_LOOP('',(#1214,#1215,#1216,#1217));
#4224=EDGE_LOOP('',(#1218,#1219,#1220,#1221));
#4225=EDGE_LOOP('',(#1222,#1223,#1224,#1225));
#4226=EDGE_LOOP('',(#1226,#1227,#1228,#1229));
#4227=EDGE_LOOP('',(#1230,#1231,#1232,#1233));
#4228=EDGE_LOOP('',(#1234,#1235,#1236,#1237));
#4229=EDGE_LOOP('',(#1238,#1239,#1240,#1241));
#4230=EDGE_LOOP('',(#1242,#1243,#1244,#1245));
#4231=EDGE_LOOP('',(#1246,#1247,#1248,#1249));
#4232=EDGE_LOOP('',(#1250,#1251,#1252,#1253));
#4233=EDGE_LOOP('',(#1254,#1255,#1256,#1257));
#4234=EDGE_LOOP('',(#1258,#1259,#1260,#1261));
#4235=EDGE_LOOP('',(#1262,#1263,#1264,#1265));
#4236=EDGE_LOOP('',(#1266,#1267,#1268,#1269));
#4237=EDGE_LOOP('',(#1270,#1271,#1272,#1273));
#4238=EDGE_LOOP('',(#1274,#1275,#1276,#1277));
#4239=EDGE_LOOP('',(#1278,#1279,#1280,#1281));
#4240=EDGE_LOOP('',(#1282,#1283,#1284,#1285));
#4241=EDGE_LOOP('',(#1286,#1287,#1288,#1289));
#4242=EDGE_LOOP('',(#1290,#1291,#1292,#1293));
#4243=EDGE_LOOP('',(#1294,#1295,#1296,#1297));
#4244=EDGE_LOOP('',(#1298,#1299,#1300,#1301));
#4245=EDGE_LOOP('',(#1302,#1303,#1304,#1305));
#4246=EDGE_LOOP('',(#1306,#1307,#1308,#1309,#1310,#1311,#1312));
#4247=EDGE_LOOP('',(#1313,#1314,#1315,#1316));
#4248=EDGE_LOOP('',(#1317,#1318,#1319,#1320,#1321,#1322,#1323));
#4249=EDGE_LOOP('',(#1324,#1325,#1326,#1327));
#4250=EDGE_LOOP('',(#1328,#1329,#1330,#1331));
#4251=EDGE_LOOP('',(#1332,#1333,#1334,#1335));
#4252=EDGE_LOOP('',(#1336,#1337,#1338,#1339));
#4253=EDGE_LOOP('',(#1340,#1341,#1342,#1343));
#4254=EDGE_LOOP('',(#1344,#1345,#1346,#1347));
#4255=EDGE_LOOP('',(#1348,#1349,#1350,#1351));
#4256=EDGE_LOOP('',(#1352,#1353,#1354,#1355));
#4257=EDGE_LOOP('',(#1356,#1357,#1358,#1359));
#4258=EDGE_LOOP('',(#1360,#1361,#1362,#1363));
#4259=EDGE_LOOP('',(#1364,#1365,#1366,#1367));
#4260=EDGE_LOOP('',(#1368,#1369,#1370,#1371,#1372));
#4261=EDGE_LOOP('',(#1373,#1374,#1375,#1376));
#4262=EDGE_LOOP('',(#1377,#1378,#1379,#1380,#1381));
#4263=EDGE_LOOP('',(#1382,#1383,#1384,#1385));
#4264=EDGE_LOOP('',(#1386,#1387,#1388,#1389));
#4265=EDGE_LOOP('',(#1390,#1391,#1392,#1393));
#4266=EDGE_LOOP('',(#1394,#1395,#1396,#1397));
#4267=EDGE_LOOP('',(#1398,#1399,#1400,#1401));
#4268=EDGE_LOOP('',(#1402,#1403,#1404,#1405));
#4269=EDGE_LOOP('',(#1406,#1407,#1408,#1409));
#4270=EDGE_LOOP('',(#1410,#1411,#1412,#1413));
#4271=EDGE_LOOP('',(#1414,#1415,#1416,#1417));
#4272=EDGE_LOOP('',(#1418,#1419,#1420,#1421));
#4273=EDGE_LOOP('',(#1422,#1423,#1424,#1425));
#4274=EDGE_LOOP('',(#1426,#1427,#1428,#1429));
#4275=EDGE_LOOP('',(#1430,#1431,#1432,#1433));
#4276=EDGE_LOOP('',(#1434,#1435,#1436,#1437));
#4277=EDGE_LOOP('',(#1438,#1439,#1440,#1441));
#4278=EDGE_LOOP('',(#1442,#1443,#1444,#1445,#1446,#1447,#1448));
#4279=EDGE_LOOP('',(#1449,#1450,#1451,#1452));
#4280=EDGE_LOOP('',(#1453,#1454,#1455,#1456,#1457,#1458,#1459));
#4281=EDGE_LOOP('',(#1460,#1461,#1462,#1463));
#4282=EDGE_LOOP('',(#1464,#1465,#1466,#1467));
#4283=EDGE_LOOP('',(#1468,#1469,#1470,#1471));
#4284=EDGE_LOOP('',(#1472,#1473,#1474,#1475));
#4285=EDGE_LOOP('',(#1476,#1477,#1478,#1479));
#4286=EDGE_LOOP('',(#1480,#1481,#1482,#1483));
#4287=EDGE_LOOP('',(#1484,#1485,#1486,#1487));
#4288=EDGE_LOOP('',(#1488,#1489,#1490,#1491));
#4289=EDGE_LOOP('',(#1492,#1493,#1494,#1495));
#4290=EDGE_LOOP('',(#1496,#1497,#1498,#1499));
#4291=EDGE_LOOP('',(#1500,#1501,#1502,#1503));
#4292=EDGE_LOOP('',(#1504,#1505,#1506,#1507));
#4293=EDGE_LOOP('',(#1508,#1509,#1510,#1511));
#4294=EDGE_LOOP('',(#1512,#1513,#1514,#1515));
#4295=EDGE_LOOP('',(#1516,#1517,#1518,#1519));
#4296=EDGE_LOOP('',(#1520,#1521,#1522,#1523));
#4297=EDGE_LOOP('',(#1524,#1525,#1526,#1527));
#4298=EDGE_LOOP('',(#1528,#1529,#1530,#1531,#1532,#1533));
#4299=EDGE_LOOP('',(#1534,#1535,#1536,#1537,#1538,#1539,#1540,#1541));
#4300=EDGE_LOOP('',(#1542,#1543,#1544));
#4301=EDGE_LOOP('',(#1545,#1546,#1547));
#4302=EDGE_LOOP('',(#1548,#1549,#1550,#1551,#1552,#1553,#1554,#1555,#1556,
#1557));
#4303=EDGE_LOOP('',(#1558,#1559,#1560,#1561,#1562,#1563,#1564,#1565));
#4304=EDGE_LOOP('',(#1566,#1567,#1568,#1569,#1570,#1571));
#4305=EDGE_LOOP('',(#1572,#1573,#1574,#1575,#1576,#1577));
#4306=EDGE_LOOP('',(#1578,#1579,#1580,#1581,#1582,#1583));
#4307=EDGE_LOOP('',(#1584,#1585,#1586,#1587,#1588,#1589));
#4308=EDGE_LOOP('',(#1590,#1591,#1592,#1593,#1594,#1595));
#4309=EDGE_LOOP('',(#1596,#1597,#1598,#1599,#1600,#1601));
#4310=EDGE_LOOP('',(#1602,#1603,#1604,#1605,#1606,#1607,#1608,#1609));
#4311=EDGE_LOOP('',(#1610,#1611,#1612,#1613,#1614,#1615));
#4312=EDGE_LOOP('',(#1616,#1617,#1618,#1619,#1620,#1621));
#4313=EDGE_LOOP('',(#1622,#1623,#1624,#1625,#1626,#1627));
#4314=EDGE_LOOP('',(#1628,#1629,#1630,#1631,#1632,#1633));
#4315=EDGE_LOOP('',(#1634,#1635,#1636,#1637,#1638,#1639));
#4316=EDGE_LOOP('',(#1640,#1641,#1642,#1643,#1644,#1645,#1646,#1647));
#4317=EDGE_LOOP('',(#1648,#1649,#1650,#1651,#1652,#1653,#1654,#1655));
#4318=EDGE_LOOP('',(#1656,#1657,#1658,#1659,#1660,#1661,#1662,#1663));
#4319=EDGE_LOOP('',(#1664,#1665,#1666,#1667,#1668,#1669,#1670,#1671));
#4320=EDGE_LOOP('',(#1672,#1673,#1674,#1675,#1676,#1677,#1678,#1679));
#4321=EDGE_LOOP('',(#1680,#1681,#1682,#1683,#1684,#1685));
#4322=EDGE_LOOP('',(#1686,#1687,#1688,#1689,#1690,#1691));
#4323=EDGE_LOOP('',(#1692,#1693,#1694,#1695,#1696,#1697));
#4324=EDGE_LOOP('',(#1698,#1699,#1700,#1701,#1702,#1703,#1704,#1705));
#4325=EDGE_LOOP('',(#1706,#1707,#1708,#1709,#1710,#1711));
#4326=EDGE_LOOP('',(#1712));
#4327=EDGE_LOOP('',(#1713));
#4328=EDGE_LOOP('',(#1714,#1715,#1716,#1717));
#4329=EDGE_LOOP('',(#1718));
#4330=EDGE_LOOP('',(#1719));
#4331=EDGE_LOOP('',(#1720));
#4332=EDGE_LOOP('',(#1721,#1722,#1723,#1724));
#4333=EDGE_LOOP('',(#1725));
#4334=EDGE_LOOP('',(#1726));
#4335=EDGE_LOOP('',(#1727));
#4336=EDGE_LOOP('',(#1728));
#4337=EDGE_LOOP('',(#1729));
#4338=EDGE_LOOP('',(#1730,#1731,#1732));
#4339=EDGE_LOOP('',(#1733));
#4340=EDGE_LOOP('',(#1734));
#4341=EDGE_LOOP('',(#1735));
#4342=EDGE_LOOP('',(#1736));
#4343=EDGE_LOOP('',(#1737));
#4344=EDGE_LOOP('',(#1738));
#4345=EDGE_LOOP('',(#1739,#1740,#1741,#1742));
#4346=EDGE_LOOP('',(#1743,#1744,#1745,#1746));
#4347=EDGE_LOOP('',(#1747,#1748,#1749,#1750));
#4348=EDGE_LOOP('',(#1751,#1752,#1753,#1754));
#4349=EDGE_LOOP('',(#1755,#1756,#1757));
#4350=EDGE_LOOP('',(#1758,#1759,#1760,#1761));
#4351=EDGE_LOOP('',(#1762,#1763,#1764,#1765,#1766,#1767));
#4352=EDGE_LOOP('',(#1768,#1769,#1770));
#4353=EDGE_LOOP('',(#1771,#1772,#1773,#1774));
#4354=EDGE_LOOP('',(#1775,#1776,#1777,#1778));
#4355=EDGE_LOOP('',(#1779,#1780,#1781,#1782));
#4356=EDGE_LOOP('',(#1783,#1784,#1785,#1786));
#4357=EDGE_LOOP('',(#1787,#1788,#1789));
#4358=EDGE_LOOP('',(#1790,#1791,#1792,#1793));
#4359=EDGE_LOOP('',(#1794,#1795,#1796,#1797));
#4360=EDGE_LOOP('',(#1798,#1799,#1800));
#4361=EDGE_LOOP('',(#1801,#1802,#1803));
#4362=EDGE_LOOP('',(#1804,#1805,#1806,#1807));
#4363=EDGE_LOOP('',(#1808,#1809,#1810,#1811));
#4364=EDGE_LOOP('',(#1812,#1813,#1814));
#4365=EDGE_LOOP('',(#1815,#1816,#1817,#1818));
#4366=EDGE_LOOP('',(#1819));
#4367=EDGE_LOOP('',(#1820));
#4368=EDGE_LOOP('',(#1821,#1822,#1823,#1824));
#4369=EDGE_LOOP('',(#1825,#1826,#1827,#1828));
#4370=EDGE_LOOP('',(#1829,#1830,#1831,#1832));
#4371=EDGE_LOOP('',(#1833,#1834,#1835,#1836));
#4372=EDGE_LOOP('',(#1837));
#4373=EDGE_LOOP('',(#1838));
#4374=EDGE_LOOP('',(#1839,#1840,#1841,#1842));
#4375=EDGE_LOOP('',(#1843,#1844,#1845,#1846));
#4376=EDGE_LOOP('',(#1847,#1848,#1849,#1850));
#4377=EDGE_LOOP('',(#1851,#1852,#1853,#1854));
#4378=EDGE_LOOP('',(#1855));
#4379=EDGE_LOOP('',(#1856));
#4380=EDGE_LOOP('',(#1857));
#4381=EDGE_LOOP('',(#1858));
#4382=EDGE_LOOP('',(#1859,#1860,#1861,#1862,#1863,#1864,#1865,#1866,#1867));
#4383=EDGE_LOOP('',(#1868));
#4384=EDGE_LOOP('',(#1869));
#4385=EDGE_LOOP('',(#1870));
#4386=EDGE_LOOP('',(#1871));
#4387=EDGE_LOOP('',(#1872,#1873,#1874,#1875,#1876,#1877,#1878,#1879,#1880));
#4388=EDGE_LOOP('',(#1881,#1882,#1883,#1884));
#4389=EDGE_LOOP('',(#1885,#1886,#1887,#1888));
#4390=EDGE_LOOP('',(#1889));
#4391=EDGE_LOOP('',(#1890));
#4392=EDGE_LOOP('',(#1891));
#4393=EDGE_LOOP('',(#1892));
#4394=EDGE_LOOP('',(#1893,#1894,#1895,#1896,#1897));
#4395=EDGE_LOOP('',(#1898,#1899,#1900,#1901,#1902));
#4396=EDGE_LOOP('',(#1903,#1904,#1905,#1906));
#4397=EDGE_LOOP('',(#1907));
#4398=EDGE_LOOP('',(#1908));
#4399=EDGE_LOOP('',(#1909));
#4400=EDGE_LOOP('',(#1910));
#4401=EDGE_LOOP('',(#1911,#1912,#1913,#1914,#1915));
#4402=EDGE_LOOP('',(#1916,#1917,#1918,#1919,#1920));
#4403=EDGE_LOOP('',(#1921,#1922,#1923,#1924));
#4404=EDGE_LOOP('',(#1925,#1926,#1927,#1928));
#4405=EDGE_LOOP('',(#1929,#1930,#1931,#1932));
#4406=EDGE_LOOP('',(#1933,#1934,#1935,#1936,#1937));
#4407=EDGE_LOOP('',(#1938,#1939,#1940,#1941));
#4408=EDGE_LOOP('',(#1942,#1943,#1944,#1945));
#4409=EDGE_LOOP('',(#1946,#1947,#1948,#1949));
#4410=EDGE_LOOP('',(#1950,#1951,#1952,#1953,#1954));
#4411=EDGE_LOOP('',(#1955,#1956,#1957,#1958));
#4412=EDGE_LOOP('',(#1959,#1960,#1961,#1962));
#4413=EDGE_LOOP('',(#1963,#1964,#1965,#1966));
#4414=EDGE_LOOP('',(#1967,#1968,#1969,#1970));
#4415=EDGE_LOOP('',(#1971,#1972,#1973));
#4416=EDGE_LOOP('',(#1974,#1975,#1976,#1977));
#4417=EDGE_LOOP('',(#1978,#1979,#1980,#1981));
#4418=EDGE_LOOP('',(#1982,#1983,#1984));
#4419=EDGE_LOOP('',(#1985,#1986,#1987,#1988));
#4420=EDGE_LOOP('',(#1989,#1990,#1991,#1992));
#4421=EDGE_LOOP('',(#1993,#1994,#1995,#1996));
#4422=EDGE_LOOP('',(#1997,#1998,#1999,#2000));
#4423=EDGE_LOOP('',(#2001,#2002,#2003));
#4424=EDGE_LOOP('',(#2004,#2005,#2006,#2007));
#4425=EDGE_LOOP('',(#2008,#2009,#2010,#2011));
#4426=EDGE_LOOP('',(#2012,#2013,#2014));
#4427=EDGE_LOOP('',(#2015));
#4428=EDGE_LOOP('',(#2016));
#4429=EDGE_LOOP('',(#2017));
#4430=EDGE_LOOP('',(#2018));
#4431=EDGE_LOOP('',(#2019));
#4432=EDGE_LOOP('',(#2020));
#4433=EDGE_LOOP('',(#2021));
#4434=EDGE_LOOP('',(#2022));
#4435=EDGE_LOOP('',(#2023));
#4436=EDGE_LOOP('',(#2024));
#4437=EDGE_LOOP('',(#2025));
#4438=EDGE_LOOP('',(#2026));
#4439=EDGE_LOOP('',(#2027));
#4440=EDGE_LOOP('',(#2028));
#4441=EDGE_LOOP('',(#2029));
#4442=EDGE_LOOP('',(#2030));
#4443=EDGE_LOOP('',(#2031,#2032,#2033,#2034));
#4444=EDGE_LOOP('',(#2035,#2036,#2037,#2038));
#4445=EDGE_LOOP('',(#2039,#2040,#2041,#2042));
#4446=EDGE_LOOP('',(#2043,#2044,#2045,#2046));
#4447=EDGE_LOOP('',(#2047,#2048,#2049,#2050));
#4448=EDGE_LOOP('',(#2051,#2052,#2053,#2054));
#4449=EDGE_LOOP('',(#2055,#2056,#2057,#2058));
#4450=EDGE_LOOP('',(#2059,#2060,#2061,#2062));
#4451=EDGE_LOOP('',(#2063,#2064,#2065,#2066));
#4452=EDGE_LOOP('',(#2067,#2068,#2069));
#4453=EDGE_LOOP('',(#2070,#2071,#2072,#2073));
#4454=EDGE_LOOP('',(#2074,#2075,#2076,#2077));
#4455=EDGE_LOOP('',(#2078,#2079,#2080));
#4456=EDGE_LOOP('',(#2081,#2082,#2083,#2084));
#4457=EDGE_LOOP('',(#2085,#2086,#2087));
#4458=EDGE_LOOP('',(#2088));
#4459=EDGE_LOOP('',(#2089));
#4460=EDGE_LOOP('',(#2090));
#4461=EDGE_LOOP('',(#2091));
#4462=EDGE_LOOP('',(#2092));
#4463=EDGE_LOOP('',(#2093));
#4464=EDGE_LOOP('',(#2094));
#4465=EDGE_LOOP('',(#2095));
#4466=EDGE_LOOP('',(#2096));
#4467=EDGE_LOOP('',(#2097));
#4468=EDGE_LOOP('',(#2098));
#4469=EDGE_LOOP('',(#2099));
#4470=EDGE_LOOP('',(#2100));
#4471=EDGE_LOOP('',(#2101));
#4472=EDGE_LOOP('',(#2102));
#4473=EDGE_LOOP('',(#2103));
#4474=FACE_BOUND('',#4069,.T.);
#4475=FACE_BOUND('',#4070,.T.);
#4476=FACE_BOUND('',#4071,.T.);
#4477=FACE_BOUND('',#4072,.T.);
#4478=FACE_BOUND('',#4073,.T.);
#4479=FACE_BOUND('',#4074,.T.);
#4480=FACE_BOUND('',#4075,.T.);
#4481=FACE_BOUND('',#4076,.T.);
#4482=FACE_BOUND('',#4077,.T.);
#4483=FACE_BOUND('',#4078,.T.);
#4484=FACE_BOUND('',#4079,.T.);
#4485=FACE_BOUND('',#4080,.T.);
#4486=FACE_BOUND('',#4081,.T.);
#4487=FACE_BOUND('',#4082,.T.);
#4488=FACE_BOUND('',#4083,.T.);
#4489=FACE_BOUND('',#4084,.T.);
#4490=FACE_BOUND('',#4085,.T.);
#4491=FACE_BOUND('',#4086,.T.);
#4492=FACE_BOUND('',#4087,.T.);
#4493=FACE_BOUND('',#4088,.T.);
#4494=FACE_BOUND('',#4089,.T.);
#4495=FACE_BOUND('',#4090,.T.);
#4496=FACE_BOUND('',#4091,.T.);
#4497=FACE_BOUND('',#4092,.T.);
#4498=FACE_BOUND('',#4093,.T.);
#4499=FACE_BOUND('',#4094,.T.);
#4500=FACE_BOUND('',#4095,.T.);
#4501=FACE_BOUND('',#4096,.T.);
#4502=FACE_BOUND('',#4097,.T.);
#4503=FACE_BOUND('',#4098,.T.);
#4504=FACE_BOUND('',#4099,.T.);
#4505=FACE_BOUND('',#4100,.T.);
#4506=FACE_BOUND('',#4101,.T.);
#4507=FACE_BOUND('',#4102,.T.);
#4508=FACE_BOUND('',#4103,.T.);
#4509=FACE_BOUND('',#4104,.T.);
#4510=FACE_BOUND('',#4105,.T.);
#4511=FACE_BOUND('',#4106,.T.);
#4512=FACE_BOUND('',#4107,.T.);
#4513=FACE_BOUND('',#4108,.T.);
#4514=FACE_BOUND('',#4109,.T.);
#4515=FACE_BOUND('',#4110,.T.);
#4516=FACE_BOUND('',#4111,.T.);
#4517=FACE_BOUND('',#4112,.T.);
#4518=FACE_BOUND('',#4113,.T.);
#4519=FACE_BOUND('',#4114,.T.);
#4520=FACE_BOUND('',#4115,.T.);
#4521=FACE_BOUND('',#4116,.T.);
#4522=FACE_BOUND('',#4117,.T.);
#4523=FACE_BOUND('',#4118,.T.);
#4524=FACE_BOUND('',#4119,.T.);
#4525=FACE_BOUND('',#4120,.T.);
#4526=FACE_BOUND('',#4121,.T.);
#4527=FACE_BOUND('',#4122,.T.);
#4528=FACE_BOUND('',#4123,.T.);
#4529=FACE_BOUND('',#4124,.T.);
#4530=FACE_BOUND('',#4125,.T.);
#4531=FACE_BOUND('',#4126,.T.);
#4532=FACE_BOUND('',#4127,.T.);
#4533=FACE_BOUND('',#4128,.T.);
#4534=FACE_BOUND('',#4129,.T.);
#4535=FACE_BOUND('',#4130,.T.);
#4536=FACE_BOUND('',#4131,.T.);
#4537=FACE_BOUND('',#4132,.T.);
#4538=FACE_BOUND('',#4133,.T.);
#4539=FACE_BOUND('',#4134,.T.);
#4540=FACE_BOUND('',#4135,.T.);
#4541=FACE_BOUND('',#4136,.T.);
#4542=FACE_BOUND('',#4137,.T.);
#4543=FACE_BOUND('',#4138,.T.);
#4544=FACE_BOUND('',#4139,.T.);
#4545=FACE_BOUND('',#4140,.T.);
#4546=FACE_BOUND('',#4141,.T.);
#4547=FACE_BOUND('',#4142,.T.);
#4548=FACE_BOUND('',#4143,.T.);
#4549=FACE_BOUND('',#4144,.T.);
#4550=FACE_BOUND('',#4145,.T.);
#4551=FACE_BOUND('',#4146,.T.);
#4552=FACE_BOUND('',#4147,.T.);
#4553=FACE_BOUND('',#4148,.T.);
#4554=FACE_BOUND('',#4149,.T.);
#4555=FACE_BOUND('',#4150,.T.);
#4556=FACE_BOUND('',#4151,.T.);
#4557=FACE_BOUND('',#4152,.T.);
#4558=FACE_BOUND('',#4153,.T.);
#4559=FACE_BOUND('',#4154,.T.);
#4560=FACE_BOUND('',#4155,.T.);
#4561=FACE_BOUND('',#4156,.T.);
#4562=FACE_BOUND('',#4157,.T.);
#4563=FACE_BOUND('',#4158,.T.);
#4564=FACE_BOUND('',#4159,.T.);
#4565=FACE_BOUND('',#4160,.T.);
#4566=FACE_BOUND('',#4161,.T.);
#4567=FACE_BOUND('',#4162,.T.);
#4568=FACE_BOUND('',#4163,.T.);
#4569=FACE_BOUND('',#4164,.T.);
#4570=FACE_BOUND('',#4165,.T.);
#4571=FACE_BOUND('',#4166,.T.);
#4572=FACE_BOUND('',#4167,.T.);
#4573=FACE_BOUND('',#4168,.T.);
#4574=FACE_BOUND('',#4169,.T.);
#4575=FACE_BOUND('',#4170,.T.);
#4576=FACE_BOUND('',#4171,.T.);
#4577=FACE_BOUND('',#4172,.T.);
#4578=FACE_BOUND('',#4173,.T.);
#4579=FACE_BOUND('',#4174,.T.);
#4580=FACE_BOUND('',#4175,.T.);
#4581=FACE_BOUND('',#4176,.T.);
#4582=FACE_BOUND('',#4177,.T.);
#4583=FACE_BOUND('',#4178,.T.);
#4584=FACE_BOUND('',#4179,.T.);
#4585=FACE_BOUND('',#4180,.T.);
#4586=FACE_BOUND('',#4181,.T.);
#4587=FACE_BOUND('',#4182,.T.);
#4588=FACE_BOUND('',#4183,.T.);
#4589=FACE_BOUND('',#4184,.T.);
#4590=FACE_BOUND('',#4185,.T.);
#4591=FACE_BOUND('',#4186,.T.);
#4592=FACE_BOUND('',#4187,.T.);
#4593=FACE_BOUND('',#4188,.T.);
#4594=FACE_BOUND('',#4189,.T.);
#4595=FACE_BOUND('',#4190,.T.);
#4596=FACE_BOUND('',#4191,.T.);
#4597=FACE_BOUND('',#4192,.T.);
#4598=FACE_BOUND('',#4193,.T.);
#4599=FACE_BOUND('',#4194,.T.);
#4600=FACE_BOUND('',#4195,.T.);
#4601=FACE_BOUND('',#4196,.T.);
#4602=FACE_BOUND('',#4197,.T.);
#4603=FACE_BOUND('',#4198,.T.);
#4604=FACE_BOUND('',#4199,.T.);
#4605=FACE_BOUND('',#4200,.T.);
#4606=FACE_BOUND('',#4201,.T.);
#4607=FACE_BOUND('',#4202,.T.);
#4608=FACE_BOUND('',#4203,.T.);
#4609=FACE_BOUND('',#4204,.T.);
#4610=FACE_BOUND('',#4205,.T.);
#4611=FACE_BOUND('',#4206,.T.);
#4612=FACE_BOUND('',#4207,.T.);
#4613=FACE_BOUND('',#4208,.T.);
#4614=FACE_BOUND('',#4209,.T.);
#4615=FACE_BOUND('',#4210,.T.);
#4616=FACE_BOUND('',#4211,.T.);
#4617=FACE_BOUND('',#4212,.T.);
#4618=FACE_BOUND('',#4213,.T.);
#4619=FACE_BOUND('',#4214,.T.);
#4620=FACE_BOUND('',#4215,.T.);
#4621=FACE_BOUND('',#4216,.T.);
#4622=FACE_BOUND('',#4217,.T.);
#4623=FACE_BOUND('',#4218,.T.);
#4624=FACE_BOUND('',#4219,.T.);
#4625=FACE_BOUND('',#4220,.T.);
#4626=FACE_BOUND('',#4221,.T.);
#4627=FACE_BOUND('',#4222,.T.);
#4628=FACE_BOUND('',#4223,.T.);
#4629=FACE_BOUND('',#4224,.T.);
#4630=FACE_BOUND('',#4225,.T.);
#4631=FACE_BOUND('',#4226,.T.);
#4632=FACE_BOUND('',#4227,.T.);
#4633=FACE_BOUND('',#4228,.T.);
#4634=FACE_BOUND('',#4229,.T.);
#4635=FACE_BOUND('',#4230,.T.);
#4636=FACE_BOUND('',#4231,.T.);
#4637=FACE_BOUND('',#4232,.T.);
#4638=FACE_BOUND('',#4233,.T.);
#4639=FACE_BOUND('',#4234,.T.);
#4640=FACE_BOUND('',#4235,.T.);
#4641=FACE_BOUND('',#4236,.T.);
#4642=FACE_BOUND('',#4237,.T.);
#4643=FACE_BOUND('',#4238,.T.);
#4644=FACE_BOUND('',#4239,.T.);
#4645=FACE_BOUND('',#4240,.T.);
#4646=FACE_BOUND('',#4241,.T.);
#4647=FACE_BOUND('',#4242,.T.);
#4648=FACE_BOUND('',#4243,.T.);
#4649=FACE_BOUND('',#4244,.T.);
#4650=FACE_BOUND('',#4245,.T.);
#4651=FACE_BOUND('',#4246,.T.);
#4652=FACE_BOUND('',#4247,.T.);
#4653=FACE_BOUND('',#4248,.T.);
#4654=FACE_BOUND('',#4249,.T.);
#4655=FACE_BOUND('',#4250,.T.);
#4656=FACE_BOUND('',#4251,.T.);
#4657=FACE_BOUND('',#4252,.T.);
#4658=FACE_BOUND('',#4253,.T.);
#4659=FACE_BOUND('',#4254,.T.);
#4660=FACE_BOUND('',#4255,.T.);
#4661=FACE_BOUND('',#4256,.T.);
#4662=FACE_BOUND('',#4257,.T.);
#4663=FACE_BOUND('',#4258,.T.);
#4664=FACE_BOUND('',#4259,.T.);
#4665=FACE_BOUND('',#4260,.T.);
#4666=FACE_BOUND('',#4261,.T.);
#4667=FACE_BOUND('',#4262,.T.);
#4668=FACE_BOUND('',#4263,.T.);
#4669=FACE_BOUND('',#4264,.T.);
#4670=FACE_BOUND('',#4265,.T.);
#4671=FACE_BOUND('',#4266,.T.);
#4672=FACE_BOUND('',#4267,.T.);
#4673=FACE_BOUND('',#4268,.T.);
#4674=FACE_BOUND('',#4269,.T.);
#4675=FACE_BOUND('',#4270,.T.);
#4676=FACE_BOUND('',#4271,.T.);
#4677=FACE_BOUND('',#4272,.T.);
#4678=FACE_BOUND('',#4273,.T.);
#4679=FACE_BOUND('',#4274,.T.);
#4680=FACE_BOUND('',#4275,.T.);
#4681=FACE_BOUND('',#4276,.T.);
#4682=FACE_BOUND('',#4277,.T.);
#4683=FACE_BOUND('',#4278,.T.);
#4684=FACE_BOUND('',#4279,.T.);
#4685=FACE_BOUND('',#4280,.T.);
#4686=FACE_BOUND('',#4281,.T.);
#4687=FACE_BOUND('',#4282,.T.);
#4688=FACE_BOUND('',#4283,.T.);
#4689=FACE_BOUND('',#4284,.T.);
#4690=FACE_BOUND('',#4285,.T.);
#4691=FACE_BOUND('',#4286,.T.);
#4692=FACE_BOUND('',#4287,.T.);
#4693=FACE_BOUND('',#4288,.T.);
#4694=FACE_BOUND('',#4289,.T.);
#4695=FACE_BOUND('',#4290,.T.);
#4696=FACE_BOUND('',#4291,.T.);
#4697=FACE_BOUND('',#4292,.T.);
#4698=FACE_BOUND('',#4293,.T.);
#4699=FACE_BOUND('',#4294,.T.);
#4700=FACE_BOUND('',#4295,.T.);
#4701=FACE_BOUND('',#4296,.T.);
#4702=FACE_BOUND('',#4297,.T.);
#4703=FACE_BOUND('',#4298,.T.);
#4704=FACE_BOUND('',#4299,.T.);
#4705=FACE_BOUND('',#4300,.T.);
#4706=FACE_BOUND('',#4301,.T.);
#4707=FACE_BOUND('',#4302,.T.);
#4708=FACE_BOUND('',#4303,.T.);
#4709=FACE_BOUND('',#4304,.T.);
#4710=FACE_BOUND('',#4305,.T.);
#4711=FACE_BOUND('',#4306,.T.);
#4712=FACE_BOUND('',#4307,.T.);
#4713=FACE_BOUND('',#4308,.T.);
#4714=FACE_BOUND('',#4309,.T.);
#4715=FACE_BOUND('',#4310,.T.);
#4716=FACE_BOUND('',#4311,.T.);
#4717=FACE_BOUND('',#4312,.T.);
#4718=FACE_BOUND('',#4313,.T.);
#4719=FACE_BOUND('',#4314,.T.);
#4720=FACE_BOUND('',#4315,.T.);
#4721=FACE_BOUND('',#4316,.T.);
#4722=FACE_BOUND('',#4317,.T.);
#4723=FACE_BOUND('',#4318,.T.);
#4724=FACE_BOUND('',#4319,.T.);
#4725=FACE_BOUND('',#4320,.T.);
#4726=FACE_BOUND('',#4321,.T.);
#4727=FACE_BOUND('',#4322,.T.);
#4728=FACE_BOUND('',#4323,.T.);
#4729=FACE_BOUND('',#4324,.T.);
#4730=FACE_BOUND('',#4325,.T.);
#4731=FACE_BOUND('',#4326,.T.);
#4732=FACE_BOUND('',#4327,.T.);
#4733=FACE_BOUND('',#4328,.T.);
#4734=FACE_BOUND('',#4329,.T.);
#4735=FACE_BOUND('',#4330,.T.);
#4736=FACE_BOUND('',#4331,.T.);
#4737=FACE_BOUND('',#4332,.T.);
#4738=FACE_BOUND('',#4333,.T.);
#4739=FACE_BOUND('',#4334,.T.);
#4740=FACE_BOUND('',#4335,.T.);
#4741=FACE_BOUND('',#4336,.T.);
#4742=FACE_BOUND('',#4337,.T.);
#4743=FACE_BOUND('',#4338,.T.);
#4744=FACE_BOUND('',#4339,.T.);
#4745=FACE_BOUND('',#4340,.T.);
#4746=FACE_BOUND('',#4341,.T.);
#4747=FACE_BOUND('',#4342,.T.);
#4748=FACE_BOUND('',#4343,.T.);
#4749=FACE_BOUND('',#4344,.T.);
#4750=FACE_BOUND('',#4345,.T.);
#4751=FACE_BOUND('',#4346,.T.);
#4752=FACE_BOUND('',#4347,.T.);
#4753=FACE_BOUND('',#4348,.T.);
#4754=FACE_BOUND('',#4349,.T.);
#4755=FACE_BOUND('',#4350,.T.);
#4756=FACE_BOUND('',#4351,.T.);
#4757=FACE_BOUND('',#4352,.T.);
#4758=FACE_BOUND('',#4353,.T.);
#4759=FACE_BOUND('',#4354,.T.);
#4760=FACE_BOUND('',#4355,.T.);
#4761=FACE_BOUND('',#4356,.T.);
#4762=FACE_BOUND('',#4357,.T.);
#4763=FACE_BOUND('',#4358,.T.);
#4764=FACE_BOUND('',#4359,.T.);
#4765=FACE_BOUND('',#4360,.T.);
#4766=FACE_BOUND('',#4361,.T.);
#4767=FACE_BOUND('',#4362,.T.);
#4768=FACE_BOUND('',#4363,.T.);
#4769=FACE_BOUND('',#4364,.T.);
#4770=FACE_BOUND('',#4365,.T.);
#4771=FACE_BOUND('',#4366,.T.);
#4772=FACE_BOUND('',#4367,.T.);
#4773=FACE_BOUND('',#4368,.T.);
#4774=FACE_BOUND('',#4369,.T.);
#4775=FACE_BOUND('',#4370,.T.);
#4776=FACE_BOUND('',#4371,.T.);
#4777=FACE_BOUND('',#4372,.T.);
#4778=FACE_BOUND('',#4373,.T.);
#4779=FACE_BOUND('',#4374,.T.);
#4780=FACE_BOUND('',#4375,.T.);
#4781=FACE_BOUND('',#4376,.T.);
#4782=FACE_BOUND('',#4377,.T.);
#4783=FACE_BOUND('',#4378,.T.);
#4784=FACE_BOUND('',#4379,.T.);
#4785=FACE_BOUND('',#4380,.T.);
#4786=FACE_BOUND('',#4381,.T.);
#4787=FACE_BOUND('',#4382,.T.);
#4788=FACE_BOUND('',#4383,.T.);
#4789=FACE_BOUND('',#4384,.T.);
#4790=FACE_BOUND('',#4385,.T.);
#4791=FACE_BOUND('',#4386,.T.);
#4792=FACE_BOUND('',#4387,.T.);
#4793=FACE_BOUND('',#4388,.T.);
#4794=FACE_BOUND('',#4389,.T.);
#4795=FACE_BOUND('',#4390,.T.);
#4796=FACE_BOUND('',#4391,.T.);
#4797=FACE_BOUND('',#4392,.T.);
#4798=FACE_BOUND('',#4393,.T.);
#4799=FACE_BOUND('',#4394,.T.);
#4800=FACE_BOUND('',#4395,.T.);
#4801=FACE_BOUND('',#4396,.T.);
#4802=FACE_BOUND('',#4397,.T.);
#4803=FACE_BOUND('',#4398,.T.);
#4804=FACE_BOUND('',#4399,.T.);
#4805=FACE_BOUND('',#4400,.T.);
#4806=FACE_BOUND('',#4401,.T.);
#4807=FACE_BOUND('',#4402,.T.);
#4808=FACE_BOUND('',#4403,.T.);
#4809=FACE_BOUND('',#4404,.T.);
#4810=FACE_BOUND('',#4405,.T.);
#4811=FACE_BOUND('',#4406,.T.);
#4812=FACE_BOUND('',#4407,.T.);
#4813=FACE_BOUND('',#4408,.T.);
#4814=FACE_BOUND('',#4409,.T.);
#4815=FACE_BOUND('',#4410,.T.);
#4816=FACE_BOUND('',#4411,.T.);
#4817=FACE_BOUND('',#4412,.T.);
#4818=FACE_BOUND('',#4413,.T.);
#4819=FACE_BOUND('',#4414,.T.);
#4820=FACE_BOUND('',#4415,.T.);
#4821=FACE_BOUND('',#4416,.T.);
#4822=FACE_BOUND('',#4417,.T.);
#4823=FACE_BOUND('',#4418,.T.);
#4824=FACE_BOUND('',#4419,.T.);
#4825=FACE_BOUND('',#4420,.T.);
#4826=FACE_BOUND('',#4421,.T.);
#4827=FACE_BOUND('',#4422,.T.);
#4828=FACE_BOUND('',#4423,.T.);
#4829=FACE_BOUND('',#4424,.T.);
#4830=FACE_BOUND('',#4425,.T.);
#4831=FACE_BOUND('',#4426,.T.);
#4832=FACE_BOUND('',#4427,.T.);
#4833=FACE_BOUND('',#4428,.T.);
#4834=FACE_BOUND('',#4429,.T.);
#4835=FACE_BOUND('',#4430,.T.);
#4836=FACE_BOUND('',#4431,.T.);
#4837=FACE_BOUND('',#4432,.T.);
#4838=FACE_BOUND('',#4433,.T.);
#4839=FACE_BOUND('',#4434,.T.);
#4840=FACE_BOUND('',#4435,.T.);
#4841=FACE_BOUND('',#4436,.T.);
#4842=FACE_BOUND('',#4437,.T.);
#4843=FACE_BOUND('',#4438,.T.);
#4844=FACE_BOUND('',#4439,.T.);
#4845=FACE_BOUND('',#4440,.T.);
#4846=FACE_BOUND('',#4441,.T.);
#4847=FACE_BOUND('',#4442,.T.);
#4848=FACE_BOUND('',#4443,.T.);
#4849=FACE_BOUND('',#4444,.T.);
#4850=FACE_BOUND('',#4445,.T.);
#4851=FACE_BOUND('',#4446,.T.);
#4852=FACE_BOUND('',#4447,.T.);
#4853=FACE_BOUND('',#4448,.T.);
#4854=FACE_BOUND('',#4449,.T.);
#4855=FACE_BOUND('',#4450,.T.);
#4856=FACE_BOUND('',#4451,.T.);
#4857=FACE_BOUND('',#4452,.T.);
#4858=FACE_BOUND('',#4453,.T.);
#4859=FACE_BOUND('',#4454,.T.);
#4860=FACE_BOUND('',#4455,.T.);
#4861=FACE_BOUND('',#4456,.T.);
#4862=FACE_BOUND('',#4457,.T.);
#4863=FACE_BOUND('',#4458,.T.);
#4864=FACE_BOUND('',#4459,.T.);
#4865=FACE_BOUND('',#4460,.T.);
#4866=FACE_BOUND('',#4461,.T.);
#4867=FACE_BOUND('',#4462,.T.);
#4868=FACE_BOUND('',#4463,.T.);
#4869=FACE_BOUND('',#4464,.T.);
#4870=FACE_BOUND('',#4465,.T.);
#4871=FACE_BOUND('',#4466,.T.);
#4872=FACE_BOUND('',#4467,.T.);
#4873=FACE_BOUND('',#4468,.T.);
#4874=FACE_BOUND('',#4469,.T.);
#4875=FACE_BOUND('',#4470,.T.);
#4876=FACE_BOUND('',#4471,.T.);
#4877=FACE_BOUND('',#4472,.T.);
#4878=FACE_BOUND('',#4473,.T.);
#4879=CYLINDRICAL_SURFACE('',#5361,0.0355);
#4880=CYLINDRICAL_SURFACE('',#5364,0.0275);
#4881=CYLINDRICAL_SURFACE('',#5506,0.00175);
#4882=CYLINDRICAL_SURFACE('',#5508,0.00175);
#4883=CYLINDRICAL_SURFACE('',#5510,0.00175);
#4884=CYLINDRICAL_SURFACE('',#5512,0.00175);
#4885=CYLINDRICAL_SURFACE('',#5514,0.036);
#4886=CYLINDRICAL_SURFACE('',#5517,0.0022);
#4887=CYLINDRICAL_SURFACE('',#5521,0.0022);
#4888=CYLINDRICAL_SURFACE('',#5525,0.0022);
#4889=CYLINDRICAL_SURFACE('',#5529,0.0022);
#4890=CYLINDRICAL_SURFACE('',#5538,0.0057);
#4891=CYLINDRICAL_SURFACE('',#5542,0.0012446);
#4892=CYLINDRICAL_SURFACE('',#5544,0.0012446);
#4893=CYLINDRICAL_SURFACE('',#5546,0.0012446);
#4894=CYLINDRICAL_SURFACE('',#5548,0.0057);
#4895=CYLINDRICAL_SURFACE('',#5553,0.0012446);
#4896=CYLINDRICAL_SURFACE('',#5555,0.0012446);
#4897=CYLINDRICAL_SURFACE('',#5557,0.0012446);
#4898=CYLINDRICAL_SURFACE('',#5559,0.0012446);
#4899=CYLINDRICAL_SURFACE('',#5561,0.0057);
#4900=CYLINDRICAL_SURFACE('',#5565,0.0012446);
#4901=CYLINDRICAL_SURFACE('',#5567,0.0012446);
#4902=CYLINDRICAL_SURFACE('',#5569,0.0012446);
#4903=CYLINDRICAL_SURFACE('',#5571,0.032);
#4904=CYLINDRICAL_SURFACE('',#5575,0.0012446);
#4905=CYLINDRICAL_SURFACE('',#5577,0.0012446);
#4906=CYLINDRICAL_SURFACE('',#5579,0.0012446);
#4907=CYLINDRICAL_SURFACE('',#5581,0.032);
#4908=CYLINDRICAL_SURFACE('',#5585,0.0012446);
#4909=CYLINDRICAL_SURFACE('',#5587,0.0012446);
#4910=CYLINDRICAL_SURFACE('',#5589,0.0012446);
#4911=CYLINDRICAL_SURFACE('',#5591,0.0057);
#4912=CYLINDRICAL_SURFACE('',#5596,0.0012446);
#4913=CYLINDRICAL_SURFACE('',#5598,0.0012446);
#4914=CYLINDRICAL_SURFACE('',#5600,0.0012446);
#4915=CYLINDRICAL_SURFACE('',#5602,0.0012446);
#4916=CYLINDRICAL_SURFACE('',#5604,0.0057);
#4917=CYLINDRICAL_SURFACE('',#5609,0.0012446);
#4918=CYLINDRICAL_SURFACE('',#5611,0.0012446);
#4919=CYLINDRICAL_SURFACE('',#5613,0.0012446);
#4920=CYLINDRICAL_SURFACE('',#5615,0.0012446);
#4921=CYLINDRICAL_SURFACE('',#5617,0.032);
#4922=CYLINDRICAL_SURFACE('',#5621,0.0012446);
#4923=CYLINDRICAL_SURFACE('',#5623,0.0012446);
#4924=CYLINDRICAL_SURFACE('',#5625,0.0012446);
#4925=CYLINDRICAL_SURFACE('',#5626,0.0057);
#4926=CYLINDRICAL_SURFACE('',#5631,0.0012446);
#4927=CYLINDRICAL_SURFACE('',#5633,0.0012446);
#4928=CYLINDRICAL_SURFACE('',#5635,0.0012446);
#4929=CYLINDRICAL_SURFACE('',#5637,0.0012446);
#4930=CYLINDRICAL_SURFACE('',#5639,0.0057);
#4931=CYLINDRICAL_SURFACE('',#5644,0.0012446);
#4932=CYLINDRICAL_SURFACE('',#5646,0.0012446);
#4933=CYLINDRICAL_SURFACE('',#5648,0.0012446);
#4934=CYLINDRICAL_SURFACE('',#5650,0.0012446);
#4935=CYLINDRICAL_SURFACE('',#5652,0.0057);
#4936=CYLINDRICAL_SURFACE('',#5657,0.0012446);
#4937=CYLINDRICAL_SURFACE('',#5659,0.0012446);
#4938=CYLINDRICAL_SURFACE('',#5661,0.0012446);
#4939=CYLINDRICAL_SURFACE('',#5663,0.0012446);
#4940=CYLINDRICAL_SURFACE('',#5665,0.0057);
#4941=CYLINDRICAL_SURFACE('',#5669,0.0012446);
#4942=CYLINDRICAL_SURFACE('',#5671,0.0012446);
#4943=CYLINDRICAL_SURFACE('',#5673,0.0012446);
#4944=CYLINDRICAL_SURFACE('',#5675,0.0057);
#4945=CYLINDRICAL_SURFACE('',#5679,0.0012446);
#4946=CYLINDRICAL_SURFACE('',#5681,0.0012446);
#4947=CYLINDRICAL_SURFACE('',#5683,0.0012446);
#4948=CYLINDRICAL_SURFACE('',#5685,0.0057);
#4949=CYLINDRICAL_SURFACE('',#5689,0.0012446);
#4950=CYLINDRICAL_SURFACE('',#5691,0.0012446);
#4951=CYLINDRICAL_SURFACE('',#5693,0.0012446);
#4952=CYLINDRICAL_SURFACE('',#5695,0.0057);
#4953=CYLINDRICAL_SURFACE('',#5699,0.0012446);
#4954=CYLINDRICAL_SURFACE('',#5701,0.0012446);
#4955=CYLINDRICAL_SURFACE('',#5703,0.0012446);
#4956=CYLINDRICAL_SURFACE('',#5705,0.0057);
#4957=CYLINDRICAL_SURFACE('',#5709,0.0012446);
#4958=CYLINDRICAL_SURFACE('',#5711,0.0012446);
#4959=CYLINDRICAL_SURFACE('',#5713,0.0012446);
#4960=CYLINDRICAL_SURFACE('',#5715,0.032);
#4961=CYLINDRICAL_SURFACE('',#5720,0.0012446);
#4962=CYLINDRICAL_SURFACE('',#5722,0.0012446);
#4963=CYLINDRICAL_SURFACE('',#5724,0.0012446);
#4964=CYLINDRICAL_SURFACE('',#5725,0.0057);
#4965=CYLINDRICAL_SURFACE('',#5730,0.0012446);
#4966=CYLINDRICAL_SURFACE('',#5732,0.0012446);
#4967=CYLINDRICAL_SURFACE('',#5734,0.0012446);
#4968=CYLINDRICAL_SURFACE('',#5736,0.0012446);
#4969=CYLINDRICAL_SURFACE('',#5738,0.032);
#4970=CYLINDRICAL_SURFACE('',#5742,0.0012446);
#4971=CYLINDRICAL_SURFACE('',#5744,0.0012446);
#4972=CYLINDRICAL_SURFACE('',#5746,0.0012446);
#4973=CYLINDRICAL_SURFACE('',#5747,0.032);
#4974=CYLINDRICAL_SURFACE('',#5751,0.0012446);
#4975=CYLINDRICAL_SURFACE('',#5753,0.0012446);
#4976=CYLINDRICAL_SURFACE('',#5755,0.0012446);
#4977=CYLINDRICAL_SURFACE('',#5757,0.032);
#4978=CYLINDRICAL_SURFACE('',#5761,0.0012446);
#4979=CYLINDRICAL_SURFACE('',#5763,0.0012446);
#4980=CYLINDRICAL_SURFACE('',#5765,0.0012446);
#4981=CYLINDRICAL_SURFACE('',#5767,0.032);
#4982=CYLINDRICAL_SURFACE('',#5772,0.0012446);
#4983=CYLINDRICAL_SURFACE('',#5774,0.0012446);
#4984=CYLINDRICAL_SURFACE('',#5776,0.0012446);
#4985=CYLINDRICAL_SURFACE('',#5777,0.0057);
#4986=CYLINDRICAL_SURFACE('',#5782,0.0012446);
#4987=CYLINDRICAL_SURFACE('',#5784,0.0012446);
#4988=CYLINDRICAL_SURFACE('',#5786,0.0012446);
#4989=CYLINDRICAL_SURFACE('',#5788,0.0012446);
#4990=CYLINDRICAL_SURFACE('',#5790,0.0057);
#4991=CYLINDRICAL_SURFACE('',#5794,0.0012446);
#4992=CYLINDRICAL_SURFACE('',#5796,0.0012446);
#4993=CYLINDRICAL_SURFACE('',#5798,0.0012446);
#4994=CYLINDRICAL_SURFACE('',#5836,0.005);
#4995=CYLINDRICAL_SURFACE('',#5840,0.005);
#4996=CYLINDRICAL_SURFACE('',#5844,0.005);
#4997=CYLINDRICAL_SURFACE('',#5846,0.0355);
#4998=CYLINDRICAL_SURFACE('',#5851,0.005);
#4999=CYLINDRICAL_SURFACE('',#5853,0.002);
#5000=CYLINDRICAL_SURFACE('',#5855,0.002);
#5001=CYLINDRICAL_SURFACE('',#5860,0.002);
#5002=CYLINDRICAL_SURFACE('',#5865,0.002);
#5003=CYLINDRICAL_SURFACE('',#5869,0.004);
#5004=CYLINDRICAL_SURFACE('',#5871,0.004);
#5005=CYLINDRICAL_SURFACE('',#5874,0.004);
#5006=CYLINDRICAL_SURFACE('',#5876,0.004);
#5007=CYLINDRICAL_SURFACE('',#5878,0.02135);
#5008=CYLINDRICAL_SURFACE('',#5923,0.005);
#5009=CYLINDRICAL_SURFACE('',#5928,0.005);
#5010=CYLINDRICAL_SURFACE('',#5930,0.005);
#5011=CYLINDRICAL_SURFACE('',#5935,0.005);
#5012=CYLINDRICAL_SURFACE('',#5937,0.003);
#5013=CYLINDRICAL_SURFACE('',#5941,0.003);
#5014=CYLINDRICAL_SURFACE('',#5943,0.003);
#5015=CYLINDRICAL_SURFACE('',#5947,0.003);
#5016=CYLINDRICAL_SURFACE('',#5950,0.003);
#5017=CYLINDRICAL_SURFACE('',#5954,0.003);
#5018=CYLINDRICAL_SURFACE('',#5956,0.003);
#5019=CYLINDRICAL_SURFACE('',#5960,0.003);
#5020=CYLINDRICAL_SURFACE('',#5963,0.004325);
#5021=CYLINDRICAL_SURFACE('',#5965,0.004325);
#5022=CYLINDRICAL_SURFACE('',#5967,0.004325);
#5023=CYLINDRICAL_SURFACE('',#5969,0.004325);
#5024=CYLINDRICAL_SURFACE('',#5971,0.003125);
#5025=CYLINDRICAL_SURFACE('',#5973,0.003125);
#5026=CYLINDRICAL_SURFACE('',#5975,0.003125);
#5027=CYLINDRICAL_SURFACE('',#5977,0.003125);
#5028=CYLINDRICAL_SURFACE('',#5979,0.003);
#5029=CYLINDRICAL_SURFACE('',#5989,0.003);
#5030=CYLINDRICAL_SURFACE('',#5992,0.003);
#5031=CYLINDRICAL_SURFACE('',#5993,0.003);
#5032=ADVANCED_FACE('',(#4474),#4879,.T.);
#5033=ADVANCED_FACE('',(#4475,#4476,#4477),#4880,.T.);
#5034=ADVANCED_FACE('',(#4478),#67,.T.);
#5035=ADVANCED_FACE('',(#4479,#4480),#68,.T.);
#5036=ADVANCED_FACE('',(#4481),#69,.F.);
#5037=ADVANCED_FACE('',(#4482),#70,.F.);
#5038=ADVANCED_FACE('',(#4483,#4484,#4485,#4486,#4487,#4488,#4489,#4490,
#4491,#4492,#4493,#4494,#4495,#4496,#4497,#4498,#4499,#4500,#4501,#4502,
#4503,#4504,#4505,#4506,#4507,#4508,#4509,#4510,#4511),#71,.T.);
#5039=ADVANCED_FACE('',(#4512),#72,.F.);
#5040=ADVANCED_FACE('',(#4513,#4514),#4881,.F.);
#5041=ADVANCED_FACE('',(#4515,#4516),#4882,.F.);
#5042=ADVANCED_FACE('',(#4517,#4518),#4883,.F.);
#5043=ADVANCED_FACE('',(#4519,#4520),#4884,.F.);
#5044=ADVANCED_FACE('',(#4521,#4522),#4885,.T.);
#5045=ADVANCED_FACE('',(#4523,#4524),#4886,.F.);
#5046=ADVANCED_FACE('',(#4525,#4526),#73,.T.);
#5047=ADVANCED_FACE('',(#4527,#4528),#4887,.F.);
#5048=ADVANCED_FACE('',(#4529,#4530),#74,.T.);
#5049=ADVANCED_FACE('',(#4531,#4532),#4888,.F.);
#5050=ADVANCED_FACE('',(#4533,#4534),#75,.T.);
#5051=ADVANCED_FACE('',(#4535,#4536),#4889,.F.);
#5052=ADVANCED_FACE('',(#4537,#4538),#76,.T.);
#5053=ADVANCED_FACE('',(#4539,#4540),#48,.T.);
#5054=ADVANCED_FACE('',(#4541,#4542),#49,.T.);
#5055=ADVANCED_FACE('',(#4543),#4890,.T.);
#5056=ADVANCED_FACE('',(#4544),#77,.T.);
#5057=ADVANCED_FACE('',(#4545),#78,.T.);
#5058=ADVANCED_FACE('',(#4546),#4891,.F.);
#5059=ADVANCED_FACE('',(#4547),#4892,.F.);
#5060=ADVANCED_FACE('',(#4548),#4893,.F.);
#5061=ADVANCED_FACE('',(#4549),#4894,.T.);
#5062=ADVANCED_FACE('',(#4550),#79,.T.);
#5063=ADVANCED_FACE('',(#4551),#80,.T.);
#5064=ADVANCED_FACE('',(#4552),#81,.T.);
#5065=ADVANCED_FACE('',(#4553),#4895,.F.);
#5066=ADVANCED_FACE('',(#4554),#4896,.F.);
#5067=ADVANCED_FACE('',(#4555),#4897,.F.);
#5068=ADVANCED_FACE('',(#4556),#4898,.F.);
#5069=ADVANCED_FACE('',(#4557),#4899,.T.);
#5070=ADVANCED_FACE('',(#4558),#82,.T.);
#5071=ADVANCED_FACE('',(#4559),#83,.T.);
#5072=ADVANCED_FACE('',(#4560),#4900,.F.);
#5073=ADVANCED_FACE('',(#4561),#4901,.F.);
#5074=ADVANCED_FACE('',(#4562),#4902,.F.);
#5075=ADVANCED_FACE('',(#4563),#4903,.F.);
#5076=ADVANCED_FACE('',(#4564),#84,.T.);
#5077=ADVANCED_FACE('',(#4565),#85,.T.);
#5078=ADVANCED_FACE('',(#4566),#4904,.F.);
#5079=ADVANCED_FACE('',(#4567),#4905,.F.);
#5080=ADVANCED_FACE('',(#4568),#4906,.F.);
#5081=ADVANCED_FACE('',(#4569),#4907,.F.);
#5082=ADVANCED_FACE('',(#4570),#86,.T.);
#5083=ADVANCED_FACE('',(#4571),#87,.T.);
#5084=ADVANCED_FACE('',(#4572),#4908,.F.);
#5085=ADVANCED_FACE('',(#4573),#4909,.F.);
#5086=ADVANCED_FACE('',(#4574),#4910,.F.);
#5087=ADVANCED_FACE('',(#4575),#4911,.T.);
#5088=ADVANCED_FACE('',(#4576),#88,.T.);
#5089=ADVANCED_FACE('',(#4577),#89,.T.);
#5090=ADVANCED_FACE('',(#4578),#90,.T.);
#5091=ADVANCED_FACE('',(#4579),#4912,.F.);
#5092=ADVANCED_FACE('',(#4580),#4913,.F.);
#5093=ADVANCED_FACE('',(#4581),#4914,.F.);
#5094=ADVANCED_FACE('',(#4582),#4915,.F.);
#5095=ADVANCED_FACE('',(#4583),#4916,.T.);
#5096=ADVANCED_FACE('',(#4584),#91,.T.);
#5097=ADVANCED_FACE('',(#4585),#92,.T.);
#5098=ADVANCED_FACE('',(#4586),#93,.T.);
#5099=ADVANCED_FACE('',(#4587),#4917,.F.);
#5100=ADVANCED_FACE('',(#4588),#4918,.F.);
#5101=ADVANCED_FACE('',(#4589),#4919,.F.);
#5102=ADVANCED_FACE('',(#4590),#4920,.F.);
#5103=ADVANCED_FACE('',(#4591),#4921,.F.);
#5104=ADVANCED_FACE('',(#4592),#94,.T.);
#5105=ADVANCED_FACE('',(#4593),#95,.T.);
#5106=ADVANCED_FACE('',(#4594),#4922,.F.);
#5107=ADVANCED_FACE('',(#4595),#4923,.F.);
#5108=ADVANCED_FACE('',(#4596),#4924,.F.);
#5109=ADVANCED_FACE('',(#4597),#4925,.T.);
#5110=ADVANCED_FACE('',(#4598),#96,.T.);
#5111=ADVANCED_FACE('',(#4599),#97,.T.);
#5112=ADVANCED_FACE('',(#4600),#98,.T.);
#5113=ADVANCED_FACE('',(#4601),#4926,.F.);
#5114=ADVANCED_FACE('',(#4602),#4927,.F.);
#5115=ADVANCED_FACE('',(#4603),#4928,.F.);
#5116=ADVANCED_FACE('',(#4604),#4929,.F.);
#5117=ADVANCED_FACE('',(#4605),#4930,.T.);
#5118=ADVANCED_FACE('',(#4606),#99,.T.);
#5119=ADVANCED_FACE('',(#4607),#100,.T.);
#5120=ADVANCED_FACE('',(#4608),#101,.T.);
#5121=ADVANCED_FACE('',(#4609),#4931,.F.);
#5122=ADVANCED_FACE('',(#4610),#4932,.F.);
#5123=ADVANCED_FACE('',(#4611),#4933,.F.);
#5124=ADVANCED_FACE('',(#4612),#4934,.F.);
#5125=ADVANCED_FACE('',(#4613),#4935,.T.);
#5126=ADVANCED_FACE('',(#4614),#102,.T.);
#5127=ADVANCED_FACE('',(#4615),#103,.T.);
#5128=ADVANCED_FACE('',(#4616),#104,.T.);
#5129=ADVANCED_FACE('',(#4617),#4936,.F.);
#5130=ADVANCED_FACE('',(#4618),#4937,.F.);
#5131=ADVANCED_FACE('',(#4619),#4938,.F.);
#5132=ADVANCED_FACE('',(#4620),#4939,.F.);
#5133=ADVANCED_FACE('',(#4621),#4940,.T.);
#5134=ADVANCED_FACE('',(#4622),#105,.T.);
#5135=ADVANCED_FACE('',(#4623),#106,.T.);
#5136=ADVANCED_FACE('',(#4624),#4941,.F.);
#5137=ADVANCED_FACE('',(#4625),#4942,.F.);
#5138=ADVANCED_FACE('',(#4626),#4943,.F.);
#5139=ADVANCED_FACE('',(#4627),#4944,.T.);
#5140=ADVANCED_FACE('',(#4628),#107,.T.);
#5141=ADVANCED_FACE('',(#4629),#108,.T.);
#5142=ADVANCED_FACE('',(#4630),#4945,.F.);
#5143=ADVANCED_FACE('',(#4631),#4946,.F.);
#5144=ADVANCED_FACE('',(#4632),#4947,.F.);
#5145=ADVANCED_FACE('',(#4633),#4948,.T.);
#5146=ADVANCED_FACE('',(#4634),#109,.T.);
#5147=ADVANCED_FACE('',(#4635),#110,.T.);
#5148=ADVANCED_FACE('',(#4636),#4949,.F.);
#5149=ADVANCED_FACE('',(#4637),#4950,.F.);
#5150=ADVANCED_FACE('',(#4638),#4951,.F.);
#5151=ADVANCED_FACE('',(#4639),#4952,.T.);
#5152=ADVANCED_FACE('',(#4640),#111,.T.);
#5153=ADVANCED_FACE('',(#4641),#112,.T.);
#5154=ADVANCED_FACE('',(#4642),#4953,.F.);
#5155=ADVANCED_FACE('',(#4643),#4954,.F.);
#5156=ADVANCED_FACE('',(#4644),#4955,.F.);
#5157=ADVANCED_FACE('',(#4645),#4956,.T.);
#5158=ADVANCED_FACE('',(#4646),#113,.T.);
#5159=ADVANCED_FACE('',(#4647),#114,.T.);
#5160=ADVANCED_FACE('',(#4648),#4957,.F.);
#5161=ADVANCED_FACE('',(#4649),#4958,.F.);
#5162=ADVANCED_FACE('',(#4650),#4959,.F.);
#5163=ADVANCED_FACE('',(#4651),#4960,.F.);
#5164=ADVANCED_FACE('',(#4652),#115,.T.);
#5165=ADVANCED_FACE('',(#4653),#116,.T.);
#5166=ADVANCED_FACE('',(#4654),#4961,.F.);
#5167=ADVANCED_FACE('',(#4655),#4962,.F.);
#5168=ADVANCED_FACE('',(#4656),#4963,.F.);
#5169=ADVANCED_FACE('',(#4657),#4964,.T.);
#5170=ADVANCED_FACE('',(#4658),#117,.T.);
#5171=ADVANCED_FACE('',(#4659),#118,.T.);
#5172=ADVANCED_FACE('',(#4660),#119,.T.);
#5173=ADVANCED_FACE('',(#4661),#4965,.F.);
#5174=ADVANCED_FACE('',(#4662),#4966,.F.);
#5175=ADVANCED_FACE('',(#4663),#4967,.F.);
#5176=ADVANCED_FACE('',(#4664),#4968,.F.);
#5177=ADVANCED_FACE('',(#4665),#4969,.F.);
#5178=ADVANCED_FACE('',(#4666),#120,.T.);
#5179=ADVANCED_FACE('',(#4667),#121,.T.);
#5180=ADVANCED_FACE('',(#4668),#4970,.F.);
#5181=ADVANCED_FACE('',(#4669),#4971,.F.);
#5182=ADVANCED_FACE('',(#4670),#4972,.F.);
#5183=ADVANCED_FACE('',(#4671),#4973,.F.);
#5184=ADVANCED_FACE('',(#4672),#122,.T.);
#5185=ADVANCED_FACE('',(#4673),#123,.T.);
#5186=ADVANCED_FACE('',(#4674),#4974,.F.);
#5187=ADVANCED_FACE('',(#4675),#4975,.F.);
#5188=ADVANCED_FACE('',(#4676),#4976,.F.);
#5189=ADVANCED_FACE('',(#4677),#4977,.F.);
#5190=ADVANCED_FACE('',(#4678),#124,.T.);
#5191=ADVANCED_FACE('',(#4679),#125,.T.);
#5192=ADVANCED_FACE('',(#4680),#4978,.F.);
#5193=ADVANCED_FACE('',(#4681),#4979,.F.);
#5194=ADVANCED_FACE('',(#4682),#4980,.F.);
#5195=ADVANCED_FACE('',(#4683),#4981,.F.);
#5196=ADVANCED_FACE('',(#4684),#126,.T.);
#5197=ADVANCED_FACE('',(#4685),#127,.T.);
#5198=ADVANCED_FACE('',(#4686),#4982,.F.);
#5199=ADVANCED_FACE('',(#4687),#4983,.F.);
#5200=ADVANCED_FACE('',(#4688),#4984,.F.);
#5201=ADVANCED_FACE('',(#4689),#4985,.T.);
#5202=ADVANCED_FACE('',(#4690),#128,.T.);
#5203=ADVANCED_FACE('',(#4691),#129,.T.);
#5204=ADVANCED_FACE('',(#4692),#130,.T.);
#5205=ADVANCED_FACE('',(#4693),#4986,.F.);
#5206=ADVANCED_FACE('',(#4694),#4987,.F.);
#5207=ADVANCED_FACE('',(#4695),#4988,.F.);
#5208=ADVANCED_FACE('',(#4696),#4989,.F.);
#5209=ADVANCED_FACE('',(#4697),#4990,.T.);
#5210=ADVANCED_FACE('',(#4698),#131,.T.);
#5211=ADVANCED_FACE('',(#4699),#132,.T.);
#5212=ADVANCED_FACE('',(#4700),#4991,.F.);
#5213=ADVANCED_FACE('',(#4701),#4992,.F.);
#5214=ADVANCED_FACE('',(#4702),#4993,.F.);
#5215=ADVANCED_FACE('',(#4703),#133,.T.);
#5216=ADVANCED_FACE('',(#4704),#134,.T.);
#5217=ADVANCED_FACE('',(#4705),#135,.T.);
#5218=ADVANCED_FACE('',(#4706),#136,.T.);
#5219=ADVANCED_FACE('',(#4707),#137,.F.);
#5220=ADVANCED_FACE('',(#4708),#138,.T.);
#5221=ADVANCED_FACE('',(#4709),#139,.T.);
#5222=ADVANCED_FACE('',(#4710),#140,.T.);
#5223=ADVANCED_FACE('',(#4711),#141,.T.);
#5224=ADVANCED_FACE('',(#4712),#142,.T.);
#5225=ADVANCED_FACE('',(#4713),#143,.T.);
#5226=ADVANCED_FACE('',(#4714),#144,.T.);
#5227=ADVANCED_FACE('',(#4715),#145,.T.);
#5228=ADVANCED_FACE('',(#4716),#146,.T.);
#5229=ADVANCED_FACE('',(#4717),#147,.T.);
#5230=ADVANCED_FACE('',(#4718),#148,.T.);
#5231=ADVANCED_FACE('',(#4719),#149,.T.);
#5232=ADVANCED_FACE('',(#4720),#150,.T.);
#5233=ADVANCED_FACE('',(#4721),#151,.T.);
#5234=ADVANCED_FACE('',(#4722),#152,.T.);
#5235=ADVANCED_FACE('',(#4723),#153,.T.);
#5236=ADVANCED_FACE('',(#4724),#154,.T.);
#5237=ADVANCED_FACE('',(#4725),#155,.T.);
#5238=ADVANCED_FACE('',(#4726),#156,.T.);
#5239=ADVANCED_FACE('',(#4727),#157,.T.);
#5240=ADVANCED_FACE('',(#4728),#158,.T.);
#5241=ADVANCED_FACE('',(#4729),#159,.T.);
#5242=ADVANCED_FACE('',(#4730),#160,.T.);
#5243=ADVANCED_FACE('',(#4731,#4732),#161,.F.);
#5244=ADVANCED_FACE('',(#4733,#4734),#4994,.F.);
#5245=ADVANCED_FACE('',(#4735,#4736),#162,.F.);
#5246=ADVANCED_FACE('',(#4737,#4738),#4995,.F.);
#5247=ADVANCED_FACE('',(#4739,#4740),#163,.F.);
#5248=ADVANCED_FACE('',(#4741,#4742),#4996,.F.);
#5249=ADVANCED_FACE('',(#4743),#4997,.T.);
#5250=ADVANCED_FACE('',(#4744,#4745),#164,.F.);
#5251=ADVANCED_FACE('',(#4746,#4747),#4998,.F.);
#5252=ADVANCED_FACE('',(#4748,#4749),#18,.T.);
#5253=ADVANCED_FACE('',(#4750),#19,.T.);
#5254=ADVANCED_FACE('',(#4751),#4999,.T.);
#5255=ADVANCED_FACE('',(#4752),#5000,.T.);
#5256=ADVANCED_FACE('',(#4753),#20,.T.);
#5257=ADVANCED_FACE('',(#4754),#14,.T.);
#5258=ADVANCED_FACE('',(#4755),#5001,.T.);
#5259=ADVANCED_FACE('',(#4756),#21,.T.);
#5260=ADVANCED_FACE('',(#4757),#15,.T.);
#5261=ADVANCED_FACE('',(#4758),#5002,.T.);
#5262=ADVANCED_FACE('',(#4759),#22,.T.);
#5263=ADVANCED_FACE('',(#4760),#50,.F.);
#5264=ADVANCED_FACE('',(#4761),#51,.F.);
#5265=ADVANCED_FACE('',(#4762),#23,.T.);
#5266=ADVANCED_FACE('',(#4763),#5003,.T.);
#5267=ADVANCED_FACE('',(#4764),#5004,.T.);
#5268=ADVANCED_FACE('',(#4765),#24,.T.);
#5269=ADVANCED_FACE('',(#4766),#25,.T.);
#5270=ADVANCED_FACE('',(#4767),#5005,.T.);
#5271=ADVANCED_FACE('',(#4768),#5006,.T.);
#5272=ADVANCED_FACE('',(#4769),#26,.T.);
#5273=ADVANCED_FACE('',(#4770,#4771),#5007,.F.);
#5274=ADVANCED_FACE('',(#4772),#165,.T.);
#5275=ADVANCED_FACE('',(#4773),#27,.T.);
#5276=ADVANCED_FACE('',(#4774),#28,.T.);
#5277=ADVANCED_FACE('',(#4775),#29,.T.);
#5278=ADVANCED_FACE('',(#4776),#30,.T.);
#5279=ADVANCED_FACE('',(#4777,#4778),#31,.T.);
#5280=ADVANCED_FACE('',(#4779),#32,.T.);
#5281=ADVANCED_FACE('',(#4780),#33,.T.);
#5282=ADVANCED_FACE('',(#4781),#34,.T.);
#5283=ADVANCED_FACE('',(#4782),#35,.T.);
#5284=ADVANCED_FACE('',(#4783,#4784,#4785,#4786,#4787),#166,.T.);
#5285=ADVANCED_FACE('',(#4788,#4789,#4790,#4791,#4792),#167,.F.);
#5286=ADVANCED_FACE('',(#4793),#168,.T.);
#5287=ADVANCED_FACE('',(#4794),#169,.T.);
#5288=ADVANCED_FACE('',(#4795,#4796,#4797,#4798,#4799),#170,.T.);
#5289=ADVANCED_FACE('',(#4800),#171,.T.);
#5290=ADVANCED_FACE('',(#4801),#172,.T.);
#5291=ADVANCED_FACE('',(#4802,#4803,#4804,#4805,#4806),#173,.F.);
#5292=ADVANCED_FACE('',(#4807),#174,.T.);
#5293=ADVANCED_FACE('',(#4808),#5008,.T.);
#5294=ADVANCED_FACE('',(#4809),#52,.T.);
#5295=ADVANCED_FACE('',(#4810),#5009,.F.);
#5296=ADVANCED_FACE('',(#4811),#53,.F.);
#5297=ADVANCED_FACE('',(#4812),#5010,.T.);
#5298=ADVANCED_FACE('',(#4813),#54,.T.);
#5299=ADVANCED_FACE('',(#4814),#5011,.F.);
#5300=ADVANCED_FACE('',(#4815),#55,.F.);
#5301=ADVANCED_FACE('',(#4816),#5012,.T.);
#5302=ADVANCED_FACE('',(#4817),#12,.T.);
#5303=ADVANCED_FACE('',(#4818),#5013,.T.);
#5304=ADVANCED_FACE('',(#4819),#5014,.T.);
#5305=ADVANCED_FACE('',(#4820),#16,.T.);
#5306=ADVANCED_FACE('',(#4821),#5015,.T.);
#5307=ADVANCED_FACE('',(#4822),#36,.T.);
#5308=ADVANCED_FACE('',(#4823),#37,.T.);
#5309=ADVANCED_FACE('',(#4824),#5016,.T.);
#5310=ADVANCED_FACE('',(#4825),#13,.T.);
#5311=ADVANCED_FACE('',(#4826),#5017,.T.);
#5312=ADVANCED_FACE('',(#4827),#5018,.T.);
#5313=ADVANCED_FACE('',(#4828),#17,.T.);
#5314=ADVANCED_FACE('',(#4829),#5019,.T.);
#5315=ADVANCED_FACE('',(#4830),#38,.T.);
#5316=ADVANCED_FACE('',(#4831),#39,.T.);
#5317=ADVANCED_FACE('',(#4832,#4833),#5020,.F.);
#5318=ADVANCED_FACE('',(#4834,#4835),#5021,.F.);
#5319=ADVANCED_FACE('',(#4836,#4837),#5022,.F.);
#5320=ADVANCED_FACE('',(#4838,#4839),#5023,.F.);
#5321=ADVANCED_FACE('',(#4840,#4841),#5024,.F.);
#5322=ADVANCED_FACE('',(#4842,#4843),#5025,.F.);
#5323=ADVANCED_FACE('',(#4844,#4845),#5026,.F.);
#5324=ADVANCED_FACE('',(#4846,#4847),#5027,.F.);
#5325=ADVANCED_FACE('',(#4848),#5028,.F.);
#5326=ADVANCED_FACE('',(#4849),#40,.F.);
#5327=ADVANCED_FACE('',(#4850),#41,.F.);
#5328=ADVANCED_FACE('',(#4851),#56,.F.);
#5329=ADVANCED_FACE('',(#4852),#42,.F.);
#5330=ADVANCED_FACE('',(#4853),#57,.F.);
#5331=ADVANCED_FACE('',(#4854),#43,.F.);
#5332=ADVANCED_FACE('',(#4855),#5029,.F.);
#5333=ADVANCED_FACE('',(#4856),#44,.F.);
#5334=ADVANCED_FACE('',(#4857),#45,.F.);
#5335=ADVANCED_FACE('',(#4858),#5030,.F.);
#5336=ADVANCED_FACE('',(#4859),#5031,.F.);
#5337=ADVANCED_FACE('',(#4860),#46,.T.);
#5338=ADVANCED_FACE('',(#4861),#58,.T.);
#5339=ADVANCED_FACE('',(#4862),#47,.T.);
#5340=ADVANCED_FACE('',(#4863,#4864),#59,.T.);
#5341=ADVANCED_FACE('',(#4865,#4866),#60,.T.);
#5342=ADVANCED_FACE('',(#4867,#4868),#61,.T.);
#5343=ADVANCED_FACE('',(#4869,#4870),#62,.T.);
#5344=ADVANCED_FACE('',(#4871,#4872),#63,.T.);
#5345=ADVANCED_FACE('',(#4873,#4874),#64,.T.);
#5346=ADVANCED_FACE('',(#4875,#4876),#65,.T.);
#5347=ADVANCED_FACE('',(#4877,#4878),#66,.T.);
#5348=CLOSED_SHELL('',(#5032,#5033,#5034,#5035,#5036,#5037,#5038,#5039,
#5040,#5041,#5042,#5043,#5044,#5045,#5046,#5047,#5048,#5049,#5050,#5051,
#5052,#5053,#5054,#5055,#5056,#5057,#5058,#5059,#5060,#5061,#5062,#5063,
#5064,#5065,#5066,#5067,#5068,#5069,#5070,#5071,#5072,#5073,#5074,#5075,
#5076,#5077,#5078,#5079,#5080,#5081,#5082,#5083,#5084,#5085,#5086,#5087,
#5088,#5089,#5090,#5091,#5092,#5093,#5094,#5095,#5096,#5097,#5098,#5099,
#5100,#5101,#5102,#5103,#5104,#5105,#5106,#5107,#5108,#5109,#5110,#5111,
#5112,#5113,#5114,#5115,#5116,#5117,#5118,#5119,#5120,#5121,#5122,#5123,
#5124,#5125,#5126,#5127,#5128,#5129,#5130,#5131,#5132,#5133,#5134,#5135,
#5136,#5137,#5138,#5139,#5140,#5141,#5142,#5143,#5144,#5145,#5146,#5147,
#5148,#5149,#5150,#5151,#5152,#5153,#5154,#5155,#5156,#5157,#5158,#5159,
#5160,#5161,#5162,#5163,#5164,#5165,#5166,#5167,#5168,#5169,#5170,#5171,
#5172,#5173,#5174,#5175,#5176,#5177,#5178,#5179,#5180,#5181,#5182,#5183,
#5184,#5185,#5186,#5187,#5188,#5189,#5190,#5191,#5192,#5193,#5194,#5195,
#5196,#5197,#5198,#5199,#5200,#5201,#5202,#5203,#5204,#5205,#5206,#5207,
#5208,#5209,#5210,#5211,#5212,#5213,#5214,#5215,#5216,#5217,#5218,#5219,
#5220,#5221,#5222,#5223,#5224,#5225,#5226,#5227,#5228,#5229,#5230,#5231,
#5232,#5233,#5234,#5235,#5236,#5237,#5238,#5239,#5240,#5241,#5242,#5243,
#5244,#5245,#5246,#5247,#5248,#5249,#5250,#5251,#5252,#5253,#5254,#5255,
#5256,#5257,#5258,#5259,#5260,#5261,#5262,#5263,#5264,#5265,#5266,#5267,
#5268,#5269,#5270,#5271,#5272,#5273,#5274,#5275,#5276,#5277,#5278,#5279,
#5280,#5281,#5282,#5283,#5284,#5285,#5286,#5287,#5288,#5289,#5290,#5291,
#5292,#5293,#5294,#5295,#5296,#5297,#5298,#5299,#5300,#5301,#5302,#5303,
#5304,#5305,#5306,#5307,#5308,#5309,#5310,#5311,#5312,#5313,#5314,#5315,
#5316,#5317,#5318,#5319,#5320,#5321,#5322,#5323,#5324,#5325,#5326,#5327,
#5328,#5329,#5330,#5331,#5332,#5333,#5334,#5335,#5336,#5337,#5338,#5339,
#5340,#5341,#5342,#5343,#5344,#5345,#5346,#5347));
#5349=STYLED_ITEM('',(#5350),#5357);
#5350=PRESENTATION_STYLE_ASSIGNMENT((#5351));
#5351=SURFACE_STYLE_USAGE(.BOTH.,#5352);
#5352=SURFACE_SIDE_STYLE('',(#5353));
#5353=SURFACE_STYLE_FILL_AREA(#5354);
#5354=FILL_AREA_STYLE('',(#5355));
#5355=FILL_AREA_STYLE_COLOUR('',#5356);
#5356=COLOUR_RGB('',0.4,0.4,0.4);
#5357=MANIFOLD_SOLID_BREP('Clamp v1',#5348);
#5358=SHAPE_DEFINITION_REPRESENTATION(#10206,#5359);
#5359=SHAPE_REPRESENTATION('Clamp v1',(#5360),#10201);
#5360=AXIS2_PLACEMENT_3D('',#7646,#6005,#6006);
#5361=AXIS2_PLACEMENT_3D('',#7647,#6007,#6008);
#5362=AXIS2_PLACEMENT_3D('',#7651,#6010,#6011);
#5363=AXIS2_PLACEMENT_3D('',#7653,#6012,#6013);
#5364=AXIS2_PLACEMENT_3D('',#7654,#6014,#6015);
#5365=AXIS2_PLACEMENT_3D('',#7664,#6017,#6018);
#5366=AXIS2_PLACEMENT_3D('',#7674,#6020,#6021);
#5367=AXIS2_PLACEMENT_3D('',#7678,#6023,#6024);
#5368=AXIS2_PLACEMENT_3D('',#7682,#6026,#6027);
#5369=AXIS2_PLACEMENT_3D('',#7702,#6028,#6029);
#5370=AXIS2_PLACEMENT_3D('',#7719,#6030,#6031);
#5371=AXIS2_PLACEMENT_3D('',#7723,#6033,#6034);
#5372=AXIS2_PLACEMENT_3D('',#7725,#6035,#6036);
#5373=AXIS2_PLACEMENT_3D('',#7729,#6038,#6039);
#5374=AXIS2_PLACEMENT_3D('',#7745,#6040,#6041);
#5375=AXIS2_PLACEMENT_3D('',#7777,#6052,#6053);
#5376=AXIS2_PLACEMENT_3D('',#7778,#6054,#6055);
#5377=AXIS2_PLACEMENT_3D('',#7780,#6056,#6057);
#5378=AXIS2_PLACEMENT_3D('',#7783,#6058,#6059);
#5379=AXIS2_PLACEMENT_3D('',#7785,#6060,#6061);
#5380=AXIS2_PLACEMENT_3D('',#7787,#6062,#6063);
#5381=AXIS2_PLACEMENT_3D('',#7789,#6064,#6065);
#5382=AXIS2_PLACEMENT_3D('',#7793,#6067,#6068);
#5383=AXIS2_PLACEMENT_3D('',#7796,#6070,#6071);
#5384=AXIS2_PLACEMENT_3D('',#7841,#6085,#6086);
#5385=AXIS2_PLACEMENT_3D('',#7842,#6087,#6088);
#5386=AXIS2_PLACEMENT_3D('',#7847,#6090,#6091);
#5387=AXIS2_PLACEMENT_3D('',#7851,#6093,#6094);
#5388=AXIS2_PLACEMENT_3D('',#7853,#6095,#6096);
#5389=AXIS2_PLACEMENT_3D('',#7861,#6100,#6101);
#5390=AXIS2_PLACEMENT_3D('',#7862,#6102,#6103);
#5391=AXIS2_PLACEMENT_3D('',#7863,#6104,#6105);
#5392=AXIS2_PLACEMENT_3D('',#7868,#6107,#6108);
#5393=AXIS2_PLACEMENT_3D('',#7872,#6110,#6111);
#5394=AXIS2_PLACEMENT_3D('',#7874,#6112,#6113);
#5395=AXIS2_PLACEMENT_3D('',#7876,#6114,#6115);
#5396=AXIS2_PLACEMENT_3D('',#7879,#6117,#6118);
#5397=AXIS2_PLACEMENT_3D('',#7884,#6120,#6121);
#5398=AXIS2_PLACEMENT_3D('',#7888,#6123,#6124);
#5399=AXIS2_PLACEMENT_3D('',#7890,#6125,#6126);
#5400=AXIS2_PLACEMENT_3D('',#7892,#6127,#6128);
#5401=AXIS2_PLACEMENT_3D('',#7895,#6130,#6131);
#5402=AXIS2_PLACEMENT_3D('',#7900,#6133,#6134);
#5403=AXIS2_PLACEMENT_3D('',#7902,#6135,#6136);
#5404=AXIS2_PLACEMENT_3D('',#7904,#6137,#6138);
#5405=AXIS2_PLACEMENT_3D('',#7908,#6140,#6141);
#5406=AXIS2_PLACEMENT_3D('',#7911,#6143,#6144);
#5407=AXIS2_PLACEMENT_3D('',#7916,#6146,#6147);
#5408=AXIS2_PLACEMENT_3D('',#7920,#6149,#6150);
#5409=AXIS2_PLACEMENT_3D('',#7922,#6151,#6152);
#5410=AXIS2_PLACEMENT_3D('',#7924,#6153,#6154);
#5411=AXIS2_PLACEMENT_3D('',#7927,#6156,#6157);
#5412=AXIS2_PLACEMENT_3D('',#7932,#6159,#6160);
#5413=AXIS2_PLACEMENT_3D('',#7934,#6161,#6162);
#5414=AXIS2_PLACEMENT_3D('',#7936,#6163,#6164);
#5415=AXIS2_PLACEMENT_3D('',#7940,#6166,#6167);
#5416=AXIS2_PLACEMENT_3D('',#7943,#6169,#6170);
#5417=AXIS2_PLACEMENT_3D('',#7948,#6172,#6173);
#5418=AXIS2_PLACEMENT_3D('',#7950,#6174,#6175);
#5419=AXIS2_PLACEMENT_3D('',#7952,#6176,#6177);
#5420=AXIS2_PLACEMENT_3D('',#7956,#6179,#6180);
#5421=AXIS2_PLACEMENT_3D('',#7959,#6182,#6183);
#5422=AXIS2_PLACEMENT_3D('',#7964,#6185,#6186);
#5423=AXIS2_PLACEMENT_3D('',#7968,#6188,#6189);
#5424=AXIS2_PLACEMENT_3D('',#7970,#6190,#6191);
#5425=AXIS2_PLACEMENT_3D('',#7972,#6192,#6193);
#5426=AXIS2_PLACEMENT_3D('',#7975,#6195,#6196);
#5427=AXIS2_PLACEMENT_3D('',#7980,#6198,#6199);
#5428=AXIS2_PLACEMENT_3D('',#7982,#6200,#6201);
#5429=AXIS2_PLACEMENT_3D('',#7984,#6202,#6203);
#5430=AXIS2_PLACEMENT_3D('',#7988,#6205,#6206);
#5431=AXIS2_PLACEMENT_3D('',#7991,#6208,#6209);
#5432=AXIS2_PLACEMENT_3D('',#7993,#6210,#6211);
#5433=AXIS2_PLACEMENT_3D('',#7995,#6212,#6213);
#5434=AXIS2_PLACEMENT_3D('',#7997,#6214,#6215);
#5435=AXIS2_PLACEMENT_3D('',#7999,#6216,#6217);
#5436=AXIS2_PLACEMENT_3D('',#8001,#6218,#6219);
#5437=AXIS2_PLACEMENT_3D('',#8006,#6221,#6222);
#5438=AXIS2_PLACEMENT_3D('',#8010,#6224,#6225);
#5439=AXIS2_PLACEMENT_3D('',#8012,#6226,#6227);
#5440=AXIS2_PLACEMENT_3D('',#8013,#6228,#6229);
#5441=AXIS2_PLACEMENT_3D('',#8018,#6231,#6232);
#5442=AXIS2_PLACEMENT_3D('',#8022,#6234,#6235);
#5443=AXIS2_PLACEMENT_3D('',#8024,#6236,#6237);
#5444=AXIS2_PLACEMENT_3D('',#8025,#6238,#6239);
#5445=AXIS2_PLACEMENT_3D('',#8030,#6241,#6242);
#5446=AXIS2_PLACEMENT_3D('',#8032,#6243,#6244);
#5447=AXIS2_PLACEMENT_3D('',#8034,#6245,#6246);
#5448=AXIS2_PLACEMENT_3D('',#8037,#6248,#6249);
#5449=AXIS2_PLACEMENT_3D('',#8042,#6251,#6252);
#5450=AXIS2_PLACEMENT_3D('',#8044,#6253,#6254);
#5451=AXIS2_PLACEMENT_3D('',#8046,#6255,#6256);
#5452=AXIS2_PLACEMENT_3D('',#8049,#6258,#6259);
#5453=AXIS2_PLACEMENT_3D('',#8054,#6261,#6262);
#5454=AXIS2_PLACEMENT_3D('',#8058,#6264,#6265);
#5455=AXIS2_PLACEMENT_3D('',#8060,#6266,#6267);
#5456=AXIS2_PLACEMENT_3D('',#8061,#6268,#6269);
#5457=AXIS2_PLACEMENT_3D('',#8066,#6271,#6272);
#5458=AXIS2_PLACEMENT_3D('',#8070,#6274,#6275);
#5459=AXIS2_PLACEMENT_3D('',#8072,#6276,#6277);
#5460=AXIS2_PLACEMENT_3D('',#8073,#6278,#6279);
#5461=AXIS2_PLACEMENT_3D('',#8078,#6281,#6282);
#5462=AXIS2_PLACEMENT_3D('',#8082,#6284,#6285);
#5463=AXIS2_PLACEMENT_3D('',#8084,#6286,#6287);
#5464=AXIS2_PLACEMENT_3D('',#8085,#6288,#6289);
#5465=AXIS2_PLACEMENT_3D('',#8090,#6291,#6292);
#5466=AXIS2_PLACEMENT_3D('',#8092,#6293,#6294);
#5467=AXIS2_PLACEMENT_3D('',#8094,#6295,#6296);
#5468=AXIS2_PLACEMENT_3D('',#8097,#6298,#6299);
#5469=AXIS2_PLACEMENT_3D('',#8102,#6301,#6302);
#5470=AXIS2_PLACEMENT_3D('',#8104,#6303,#6304);
#5471=AXIS2_PLACEMENT_3D('',#8106,#6305,#6306);
#5472=AXIS2_PLACEMENT_3D('',#8109,#6308,#6309);
#5473=AXIS2_PLACEMENT_3D('',#8114,#6311,#6312);
#5474=AXIS2_PLACEMENT_3D('',#8116,#6313,#6314);
#5475=AXIS2_PLACEMENT_3D('',#8118,#6315,#6316);
#5476=AXIS2_PLACEMENT_3D('',#8121,#6318,#6319);
#5477=AXIS2_PLACEMENT_3D('',#8126,#6321,#6322);
#5478=AXIS2_PLACEMENT_3D('',#8128,#6323,#6324);
#5479=AXIS2_PLACEMENT_3D('',#8130,#6325,#6326);
#5480=AXIS2_PLACEMENT_3D('',#8133,#6328,#6329);
#5481=AXIS2_PLACEMENT_3D('',#8138,#6331,#6332);
#5482=AXIS2_PLACEMENT_3D('',#8140,#6333,#6334);
#5483=AXIS2_PLACEMENT_3D('',#8142,#6335,#6336);
#5484=AXIS2_PLACEMENT_3D('',#8145,#6338,#6339);
#5485=AXIS2_PLACEMENT_3D('',#8150,#6341,#6342);
#5486=AXIS2_PLACEMENT_3D('',#8154,#6344,#6345);
#5487=AXIS2_PLACEMENT_3D('',#8156,#6346,#6347);
#5488=AXIS2_PLACEMENT_3D('',#8157,#6348,#6349);
#5489=AXIS2_PLACEMENT_3D('',#8162,#6351,#6352);
#5490=AXIS2_PLACEMENT_3D('',#8166,#6354,#6355);
#5491=AXIS2_PLACEMENT_3D('',#8168,#6356,#6357);
#5492=AXIS2_PLACEMENT_3D('',#8169,#6358,#6359);
#5493=AXIS2_PLACEMENT_3D('',#8174,#6361,#6362);
#5494=AXIS2_PLACEMENT_3D('',#8178,#6364,#6365);
#5495=AXIS2_PLACEMENT_3D('',#8180,#6366,#6367);
#5496=AXIS2_PLACEMENT_3D('',#8181,#6368,#6369);
#5497=AXIS2_PLACEMENT_3D('',#8186,#6371,#6372);
#5498=AXIS2_PLACEMENT_3D('',#8188,#6373,#6374);
#5499=AXIS2_PLACEMENT_3D('',#8190,#6375,#6376);
#5500=AXIS2_PLACEMENT_3D('',#8193,#6378,#6379);
#5501=AXIS2_PLACEMENT_3D('',#8194,#6380,#6381);
#5502=AXIS2_PLACEMENT_3D('',#8198,#6383,#6384);
#5503=AXIS2_PLACEMENT_3D('',#8200,#6385,#6386);
#5504=AXIS2_PLACEMENT_3D('',#8205,#6389,#6390);
#5505=AXIS2_PLACEMENT_3D('',#8207,#6391,#6392);
#5506=AXIS2_PLACEMENT_3D('',#8208,#6393,#6394);
#5507=AXIS2_PLACEMENT_3D('',#8209,#6395,#6396);
#5508=AXIS2_PLACEMENT_3D('',#8211,#6397,#6398);
#5509=AXIS2_PLACEMENT_3D('',#8212,#6399,#6400);
#5510=AXIS2_PLACEMENT_3D('',#8214,#6401,#6402);
#5511=AXIS2_PLACEMENT_3D('',#8215,#6403,#6404);
#5512=AXIS2_PLACEMENT_3D('',#8217,#6405,#6406);
#5513=AXIS2_PLACEMENT_3D('',#8218,#6407,#6408);
#5514=AXIS2_PLACEMENT_3D('',#8220,#6409,#6410);
#5515=AXIS2_PLACEMENT_3D('',#8221,#6411,#6412);
#5516=AXIS2_PLACEMENT_3D('',#8223,#6413,#6414);
#5517=AXIS2_PLACEMENT_3D('',#8225,#6415,#6416);
#5518=AXIS2_PLACEMENT_3D('',#8226,#6417,#6418);
#5519=AXIS2_PLACEMENT_3D('',#8228,#6419,#6420);
#5520=AXIS2_PLACEMENT_3D('',#8230,#6421,#6422);
#5521=AXIS2_PLACEMENT_3D('',#8231,#6423,#6424);
#5522=AXIS2_PLACEMENT_3D('',#8232,#6425,#6426);
#5523=AXIS2_PLACEMENT_3D('',#8234,#6427,#6428);
#5524=AXIS2_PLACEMENT_3D('',#8236,#6429,#6430);
#5525=AXIS2_PLACEMENT_3D('',#8237,#6431,#6432);
#5526=AXIS2_PLACEMENT_3D('',#8238,#6433,#6434);
#5527=AXIS2_PLACEMENT_3D('',#8240,#6435,#6436);
#5528=AXIS2_PLACEMENT_3D('',#8242,#6437,#6438);
#5529=AXIS2_PLACEMENT_3D('',#8243,#6439,#6440);
#5530=AXIS2_PLACEMENT_3D('',#8244,#6441,#6442);
#5531=AXIS2_PLACEMENT_3D('',#8246,#6443,#6444);
#5532=AXIS2_PLACEMENT_3D('',#8248,#6445,#6446);
#5533=AXIS2_PLACEMENT_3D('',#8249,#6447,#6448);
#5534=AXIS2_PLACEMENT_3D('',#8260,#6449,#6450);
#5535=AXIS2_PLACEMENT_3D('',#8271,#6451,#6452);
#5536=AXIS2_PLACEMENT_3D('',#8279,#6453,#6454);
#5537=AXIS2_PLACEMENT_3D('',#8280,#6455,#6456);
#5538=AXIS2_PLACEMENT_3D('',#8281,#6457,#6458);
#5539=AXIS2_PLACEMENT_3D('',#8284,#6460,#6461);
#5540=AXIS2_PLACEMENT_3D('',#8287,#6463,#6464);
#5541=AXIS2_PLACEMENT_3D('',#8293,#6468,#6469);
#5542=AXIS2_PLACEMENT_3D('',#8299,#6473,#6474);
#5543=AXIS2_PLACEMENT_3D('',#8300,#6475,#6476);
#5544=AXIS2_PLACEMENT_3D('',#8301,#6477,#6478);
#5545=AXIS2_PLACEMENT_3D('',#8302,#6479,#6480);
#5546=AXIS2_PLACEMENT_3D('',#8303,#6481,#6482);
#5547=AXIS2_PLACEMENT_3D('',#8304,#6483,#6484);
#5548=AXIS2_PLACEMENT_3D('',#8305,#6485,#6486);
#5549=AXIS2_PLACEMENT_3D('',#8308,#6488,#6489);
#5550=AXIS2_PLACEMENT_3D('',#8311,#6491,#6492);
#5551=AXIS2_PLACEMENT_3D('',#8317,#6496,#6497);
#5552=AXIS2_PLACEMENT_3D('',#8323,#6501,#6502);
#5553=AXIS2_PLACEMENT_3D('',#8329,#6506,#6507);
#5554=AXIS2_PLACEMENT_3D('',#8330,#6508,#6509);
#5555=AXIS2_PLACEMENT_3D('',#8331,#6510,#6511);
#5556=AXIS2_PLACEMENT_3D('',#8332,#6512,#6513);
#5557=AXIS2_PLACEMENT_3D('',#8333,#6514,#6515);
#5558=AXIS2_PLACEMENT_3D('',#8334,#6516,#6517);
#5559=AXIS2_PLACEMENT_3D('',#8335,#6518,#6519);
#5560=AXIS2_PLACEMENT_3D('',#8336,#6520,#6521);
#5561=AXIS2_PLACEMENT_3D('',#8337,#6522,#6523);
#5562=AXIS2_PLACEMENT_3D('',#8340,#6525,#6526);
#5563=AXIS2_PLACEMENT_3D('',#8343,#6528,#6529);
#5564=AXIS2_PLACEMENT_3D('',#8349,#6533,#6534);
#5565=AXIS2_PLACEMENT_3D('',#8355,#6538,#6539);
#5566=AXIS2_PLACEMENT_3D('',#8356,#6540,#6541);
#5567=AXIS2_PLACEMENT_3D('',#8357,#6542,#6543);
#5568=AXIS2_PLACEMENT_3D('',#8358,#6544,#6545);
#5569=AXIS2_PLACEMENT_3D('',#8359,#6546,#6547);
#5570=AXIS2_PLACEMENT_3D('',#8360,#6548,#6549);
#5571=AXIS2_PLACEMENT_3D('',#8361,#6550,#6551);
#5572=AXIS2_PLACEMENT_3D('',#8364,#6553,#6554);
#5573=AXIS2_PLACEMENT_3D('',#8367,#6556,#6557);
#5574=AXIS2_PLACEMENT_3D('',#8373,#6561,#6562);
#5575=AXIS2_PLACEMENT_3D('',#8379,#6566,#6567);
#5576=AXIS2_PLACEMENT_3D('',#8380,#6568,#6569);
#5577=AXIS2_PLACEMENT_3D('',#8381,#6570,#6571);
#5578=AXIS2_PLACEMENT_3D('',#8382,#6572,#6573);
#5579=AXIS2_PLACEMENT_3D('',#8383,#6574,#6575);
#5580=AXIS2_PLACEMENT_3D('',#8384,#6576,#6577);
#5581=AXIS2_PLACEMENT_3D('',#8385,#6578,#6579);
#5582=AXIS2_PLACEMENT_3D('',#8388,#6581,#6582);
#5583=AXIS2_PLACEMENT_3D('',#8391,#6584,#6585);
#5584=AXIS2_PLACEMENT_3D('',#8397,#6589,#6590);
#5585=AXIS2_PLACEMENT_3D('',#8403,#6594,#6595);
#5586=AXIS2_PLACEMENT_3D('',#8404,#6596,#6597);
#5587=AXIS2_PLACEMENT_3D('',#8405,#6598,#6599);
#5588=AXIS2_PLACEMENT_3D('',#8406,#6600,#6601);
#5589=AXIS2_PLACEMENT_3D('',#8407,#6602,#6603);
#5590=AXIS2_PLACEMENT_3D('',#8408,#6604,#6605);
#5591=AXIS2_PLACEMENT_3D('',#8409,#6606,#6607);
#5592=AXIS2_PLACEMENT_3D('',#8412,#6609,#6610);
#5593=AXIS2_PLACEMENT_3D('',#8415,#6612,#6613);
#5594=AXIS2_PLACEMENT_3D('',#8421,#6617,#6618);
#5595=AXIS2_PLACEMENT_3D('',#8427,#6622,#6623);
#5596=AXIS2_PLACEMENT_3D('',#8433,#6627,#6628);
#5597=AXIS2_PLACEMENT_3D('',#8434,#6629,#6630);
#5598=AXIS2_PLACEMENT_3D('',#8435,#6631,#6632);
#5599=AXIS2_PLACEMENT_3D('',#8436,#6633,#6634);
#5600=AXIS2_PLACEMENT_3D('',#8437,#6635,#6636);
#5601=AXIS2_PLACEMENT_3D('',#8438,#6637,#6638);
#5602=AXIS2_PLACEMENT_3D('',#8439,#6639,#6640);
#5603=AXIS2_PLACEMENT_3D('',#8440,#6641,#6642);
#5604=AXIS2_PLACEMENT_3D('',#8441,#6643,#6644);
#5605=AXIS2_PLACEMENT_3D('',#8444,#6646,#6647);
#5606=AXIS2_PLACEMENT_3D('',#8447,#6649,#6650);
#5607=AXIS2_PLACEMENT_3D('',#8453,#6654,#6655);
#5608=AXIS2_PLACEMENT_3D('',#8459,#6659,#6660);
#5609=AXIS2_PLACEMENT_3D('',#8465,#6664,#6665);
#5610=AXIS2_PLACEMENT_3D('',#8466,#6666,#6667);
#5611=AXIS2_PLACEMENT_3D('',#8467,#6668,#6669);
#5612=AXIS2_PLACEMENT_3D('',#8468,#6670,#6671);
#5613=AXIS2_PLACEMENT_3D('',#8469,#6672,#6673);
#5614=AXIS2_PLACEMENT_3D('',#8470,#6674,#6675);
#5615=AXIS2_PLACEMENT_3D('',#8471,#6676,#6677);
#5616=AXIS2_PLACEMENT_3D('',#8472,#6678,#6679);
#5617=AXIS2_PLACEMENT_3D('',#8473,#6680,#6681);
#5618=AXIS2_PLACEMENT_3D('',#8484,#6683,#6684);
#5619=AXIS2_PLACEMENT_3D('',#8487,#6686,#6687);
#5620=AXIS2_PLACEMENT_3D('',#8493,#6691,#6692);
#5621=AXIS2_PLACEMENT_3D('',#8498,#6696,#6697);
#5622=AXIS2_PLACEMENT_3D('',#8499,#6698,#6699);
#5623=AXIS2_PLACEMENT_3D('',#8500,#6700,#6701);
#5624=AXIS2_PLACEMENT_3D('',#8501,#6702,#6703);
#5625=AXIS2_PLACEMENT_3D('',#8502,#6704,#6705);
#5626=AXIS2_PLACEMENT_3D('',#8503,#6706,#6707);
#5627=AXIS2_PLACEMENT_3D('',#8506,#6709,#6710);
#5628=AXIS2_PLACEMENT_3D('',#8509,#6712,#6713);
#5629=AXIS2_PLACEMENT_3D('',#8515,#6717,#6718);
#5630=AXIS2_PLACEMENT_3D('',#8521,#6722,#6723);
#5631=AXIS2_PLACEMENT_3D('',#8527,#6727,#6728);
#5632=AXIS2_PLACEMENT_3D('',#8528,#6729,#6730);
#5633=AXIS2_PLACEMENT_3D('',#8529,#6731,#6732);
#5634=AXIS2_PLACEMENT_3D('',#8530,#6733,#6734);
#5635=AXIS2_PLACEMENT_3D('',#8531,#6735,#6736);
#5636=AXIS2_PLACEMENT_3D('',#8532,#6737,#6738);
#5637=AXIS2_PLACEMENT_3D('',#8533,#6739,#6740);
#5638=AXIS2_PLACEMENT_3D('',#8534,#6741,#6742);
#5639=AXIS2_PLACEMENT_3D('',#8535,#6743,#6744);
#5640=AXIS2_PLACEMENT_3D('',#8538,#6746,#6747);
#5641=AXIS2_PLACEMENT_3D('',#8541,#6749,#6750);
#5642=AXIS2_PLACEMENT_3D('',#8547,#6754,#6755);
#5643=AXIS2_PLACEMENT_3D('',#8553,#6759,#6760);
#5644=AXIS2_PLACEMENT_3D('',#8559,#6764,#6765);
#5645=AXIS2_PLACEMENT_3D('',#8560,#6766,#6767);
#5646=AXIS2_PLACEMENT_3D('',#8561,#6768,#6769);
#5647=AXIS2_PLACEMENT_3D('',#8562,#6770,#6771);
#5648=AXIS2_PLACEMENT_3D('',#8563,#6772,#6773);
#5649=AXIS2_PLACEMENT_3D('',#8564,#6774,#6775);
#5650=AXIS2_PLACEMENT_3D('',#8565,#6776,#6777);
#5651=AXIS2_PLACEMENT_3D('',#8566,#6778,#6779);
#5652=AXIS2_PLACEMENT_3D('',#8567,#6780,#6781);
#5653=AXIS2_PLACEMENT_3D('',#8570,#6783,#6784);
#5654=AXIS2_PLACEMENT_3D('',#8573,#6786,#6787);
#5655=AXIS2_PLACEMENT_3D('',#8579,#6791,#6792);
#5656=AXIS2_PLACEMENT_3D('',#8585,#6796,#6797);
#5657=AXIS2_PLACEMENT_3D('',#8591,#6801,#6802);
#5658=AXIS2_PLACEMENT_3D('',#8592,#6803,#6804);
#5659=AXIS2_PLACEMENT_3D('',#8593,#6805,#6806);
#5660=AXIS2_PLACEMENT_3D('',#8594,#6807,#6808);
#5661=AXIS2_PLACEMENT_3D('',#8595,#6809,#6810);
#5662=AXIS2_PLACEMENT_3D('',#8596,#6811,#6812);
#5663=AXIS2_PLACEMENT_3D('',#8597,#6813,#6814);
#5664=AXIS2_PLACEMENT_3D('',#8598,#6815,#6816);
#5665=AXIS2_PLACEMENT_3D('',#8599,#6817,#6818);
#5666=AXIS2_PLACEMENT_3D('',#8602,#6820,#6821);
#5667=AXIS2_PLACEMENT_3D('',#8605,#6823,#6824);
#5668=AXIS2_PLACEMENT_3D('',#8611,#6828,#6829);
#5669=AXIS2_PLACEMENT_3D('',#8617,#6833,#6834);
#5670=AXIS2_PLACEMENT_3D('',#8618,#6835,#6836);
#5671=AXIS2_PLACEMENT_3D('',#8619,#6837,#6838);
#5672=AXIS2_PLACEMENT_3D('',#8620,#6839,#6840);
#5673=AXIS2_PLACEMENT_3D('',#8621,#6841,#6842);
#5674=AXIS2_PLACEMENT_3D('',#8622,#6843,#6844);
#5675=AXIS2_PLACEMENT_3D('',#8623,#6845,#6846);
#5676=AXIS2_PLACEMENT_3D('',#8626,#6848,#6849);
#5677=AXIS2_PLACEMENT_3D('',#8629,#6851,#6852);
#5678=AXIS2_PLACEMENT_3D('',#8635,#6856,#6857);
#5679=AXIS2_PLACEMENT_3D('',#8641,#6861,#6862);
#5680=AXIS2_PLACEMENT_3D('',#8642,#6863,#6864);
#5681=AXIS2_PLACEMENT_3D('',#8643,#6865,#6866);
#5682=AXIS2_PLACEMENT_3D('',#8644,#6867,#6868);
#5683=AXIS2_PLACEMENT_3D('',#8645,#6869,#6870);
#5684=AXIS2_PLACEMENT_3D('',#8646,#6871,#6872);
#5685=AXIS2_PLACEMENT_3D('',#8647,#6873,#6874);
#5686=AXIS2_PLACEMENT_3D('',#8650,#6876,#6877);
#5687=AXIS2_PLACEMENT_3D('',#8653,#6879,#6880);
#5688=AXIS2_PLACEMENT_3D('',#8659,#6884,#6885);
#5689=AXIS2_PLACEMENT_3D('',#8665,#6889,#6890);
#5690=AXIS2_PLACEMENT_3D('',#8666,#6891,#6892);
#5691=AXIS2_PLACEMENT_3D('',#8667,#6893,#6894);
#5692=AXIS2_PLACEMENT_3D('',#8668,#6895,#6896);
#5693=AXIS2_PLACEMENT_3D('',#8669,#6897,#6898);
#5694=AXIS2_PLACEMENT_3D('',#8670,#6899,#6900);
#5695=AXIS2_PLACEMENT_3D('',#8671,#6901,#6902);
#5696=AXIS2_PLACEMENT_3D('',#8674,#6904,#6905);
#5697=AXIS2_PLACEMENT_3D('',#8677,#6907,#6908);
#5698=AXIS2_PLACEMENT_3D('',#8683,#6912,#6913);
#5699=AXIS2_PLACEMENT_3D('',#8689,#6917,#6918);
#5700=AXIS2_PLACEMENT_3D('',#8690,#6919,#6920);
#5701=AXIS2_PLACEMENT_3D('',#8691,#6921,#6922);
#5702=AXIS2_PLACEMENT_3D('',#8692,#6923,#6924);
#5703=AXIS2_PLACEMENT_3D('',#8693,#6925,#6926);
#5704=AXIS2_PLACEMENT_3D('',#8694,#6927,#6928);
#5705=AXIS2_PLACEMENT_3D('',#8695,#6929,#6930);
#5706=AXIS2_PLACEMENT_3D('',#8698,#6932,#6933);
#5707=AXIS2_PLACEMENT_3D('',#8701,#6935,#6936);
#5708=AXIS2_PLACEMENT_3D('',#8707,#6940,#6941);
#5709=AXIS2_PLACEMENT_3D('',#8713,#6945,#6946);
#5710=AXIS2_PLACEMENT_3D('',#8714,#6947,#6948);
#5711=AXIS2_PLACEMENT_3D('',#8715,#6949,#6950);
#5712=AXIS2_PLACEMENT_3D('',#8716,#6951,#6952);
#5713=AXIS2_PLACEMENT_3D('',#8717,#6953,#6954);
#5714=AXIS2_PLACEMENT_3D('',#8718,#6955,#6956);
#5715=AXIS2_PLACEMENT_3D('',#8719,#6957,#6958);
#5716=AXIS2_PLACEMENT_3D('',#8722,#6960,#6961);
#5717=AXIS2_PLACEMENT_3D('',#8733,#6963,#6964);
#5718=AXIS2_PLACEMENT_3D('',#8739,#6968,#6969);
#5719=AXIS2_PLACEMENT_3D('',#8741,#6971,#6972);
#5720=AXIS2_PLACEMENT_3D('',#8745,#6975,#6976);
#5721=AXIS2_PLACEMENT_3D('',#8746,#6977,#6978);
#5722=AXIS2_PLACEMENT_3D('',#8747,#6979,#6980);
#5723=AXIS2_PLACEMENT_3D('',#8748,#6981,#6982);
#5724=AXIS2_PLACEMENT_3D('',#8749,#6983,#6984);
#5725=AXIS2_PLACEMENT_3D('',#8750,#6985,#6986);
#5726=AXIS2_PLACEMENT_3D('',#8753,#6988,#6989);
#5727=AXIS2_PLACEMENT_3D('',#8756,#6991,#6992);
#5728=AXIS2_PLACEMENT_3D('',#8762,#6996,#6997);
#5729=AXIS2_PLACEMENT_3D('',#8768,#7001,#7002);
#5730=AXIS2_PLACEMENT_3D('',#8774,#7006,#7007);
#5731=AXIS2_PLACEMENT_3D('',#8775,#7008,#7009);
#5732=AXIS2_PLACEMENT_3D('',#8776,#7010,#7011);
#5733=AXIS2_PLACEMENT_3D('',#8777,#7012,#7013);
#5734=AXIS2_PLACEMENT_3D('',#8778,#7014,#7015);
#5735=AXIS2_PLACEMENT_3D('',#8779,#7016,#7017);
#5736=AXIS2_PLACEMENT_3D('',#8780,#7018,#7019);
#5737=AXIS2_PLACEMENT_3D('',#8781,#7020,#7021);
#5738=AXIS2_PLACEMENT_3D('',#8782,#7022,#7023);
#5739=AXIS2_PLACEMENT_3D('',#8785,#7025,#7026);
#5740=AXIS2_PLACEMENT_3D('',#8787,#7028,#7029);
#5741=AXIS2_PLACEMENT_3D('',#8793,#7033,#7034);
#5742=AXIS2_PLACEMENT_3D('',#8798,#7038,#7039);
#5743=AXIS2_PLACEMENT_3D('',#8799,#7040,#7041);
#5744=AXIS2_PLACEMENT_3D('',#8800,#7042,#7043);
#5745=AXIS2_PLACEMENT_3D('',#8801,#7044,#7045);
#5746=AXIS2_PLACEMENT_3D('',#8802,#7046,#7047);
#5747=AXIS2_PLACEMENT_3D('',#8803,#7048,#7049);
#5748=AXIS2_PLACEMENT_3D('',#8806,#7051,#7052);
#5749=AXIS2_PLACEMENT_3D('',#8809,#7054,#7055);
#5750=AXIS2_PLACEMENT_3D('',#8815,#7059,#7060);
#5751=AXIS2_PLACEMENT_3D('',#8821,#7064,#7065);
#5752=AXIS2_PLACEMENT_3D('',#8822,#7066,#7067);
#5753=AXIS2_PLACEMENT_3D('',#8823,#7068,#7069);
#5754=AXIS2_PLACEMENT_3D('',#8824,#7070,#7071);
#5755=AXIS2_PLACEMENT_3D('',#8825,#7072,#7073);
#5756=AXIS2_PLACEMENT_3D('',#8826,#7074,#7075);
#5757=AXIS2_PLACEMENT_3D('',#8827,#7076,#7077);
#5758=AXIS2_PLACEMENT_3D('',#8830,#7079,#7080);
#5759=AXIS2_PLACEMENT_3D('',#8833,#7082,#7083);
#5760=AXIS2_PLACEMENT_3D('',#8839,#7087,#7088);
#5761=AXIS2_PLACEMENT_3D('',#8845,#7092,#7093);
#5762=AXIS2_PLACEMENT_3D('',#8846,#7094,#7095);
#5763=AXIS2_PLACEMENT_3D('',#8847,#7096,#7097);
#5764=AXIS2_PLACEMENT_3D('',#8848,#7098,#7099);
#5765=AXIS2_PLACEMENT_3D('',#8849,#7100,#7101);
#5766=AXIS2_PLACEMENT_3D('',#8850,#7102,#7103);
#5767=AXIS2_PLACEMENT_3D('',#8851,#7104,#7105);
#5768=AXIS2_PLACEMENT_3D('',#8862,#7107,#7108);
#5769=AXIS2_PLACEMENT_3D('',#8865,#7110,#7111);
#5770=AXIS2_PLACEMENT_3D('',#8871,#7115,#7116);
#5771=AXIS2_PLACEMENT_3D('',#8875,#7119,#7120);
#5772=AXIS2_PLACEMENT_3D('',#8877,#7122,#7123);
#5773=AXIS2_PLACEMENT_3D('',#8878,#7124,#7125);
#5774=AXIS2_PLACEMENT_3D('',#8879,#7126,#7127);
#5775=AXIS2_PLACEMENT_3D('',#8880,#7128,#7129);
#5776=AXIS2_PLACEMENT_3D('',#8881,#7130,#7131);
#5777=AXIS2_PLACEMENT_3D('',#8882,#7132,#7133);
#5778=AXIS2_PLACEMENT_3D('',#8885,#7135,#7136);
#5779=AXIS2_PLACEMENT_3D('',#8888,#7138,#7139);
#5780=AXIS2_PLACEMENT_3D('',#8894,#7143,#7144);
#5781=AXIS2_PLACEMENT_3D('',#8900,#7148,#7149);
#5782=AXIS2_PLACEMENT_3D('',#8906,#7153,#7154);
#5783=AXIS2_PLACEMENT_3D('',#8907,#7155,#7156);
#5784=AXIS2_PLACEMENT_3D('',#8908,#7157,#7158);
#5785=AXIS2_PLACEMENT_3D('',#8909,#7159,#7160);
#5786=AXIS2_PLACEMENT_3D('',#8910,#7161,#7162);
#5787=AXIS2_PLACEMENT_3D('',#8911,#7163,#7164);
#5788=AXIS2_PLACEMENT_3D('',#8912,#7165,#7166);
#5789=AXIS2_PLACEMENT_3D('',#8913,#7167,#7168);
#5790=AXIS2_PLACEMENT_3D('',#8914,#7169,#7170);
#5791=AXIS2_PLACEMENT_3D('',#8917,#7172,#7173);
#5792=AXIS2_PLACEMENT_3D('',#8920,#7175,#7176);
#5793=AXIS2_PLACEMENT_3D('',#8926,#7180,#7181);
#5794=AXIS2_PLACEMENT_3D('',#8932,#7185,#7186);
#5795=AXIS2_PLACEMENT_3D('',#8933,#7187,#7188);
#5796=AXIS2_PLACEMENT_3D('',#8934,#7189,#7190);
#5797=AXIS2_PLACEMENT_3D('',#8935,#7191,#7192);
#5798=AXIS2_PLACEMENT_3D('',#8936,#7193,#7194);
#5799=AXIS2_PLACEMENT_3D('',#8937,#7195,#7196);
#5800=AXIS2_PLACEMENT_3D('',#8938,#7197,#7198);
#5801=AXIS2_PLACEMENT_3D('',#8939,#7199,#7200);
#5802=AXIS2_PLACEMENT_3D('',#8940,#7201,#7202);
#5803=AXIS2_PLACEMENT_3D('',#8946,#7205,#7206);
#5804=AXIS2_PLACEMENT_3D('',#8947,#7207,#7208);
#5805=AXIS2_PLACEMENT_3D('',#8953,#7211,#7212);
#5806=AXIS2_PLACEMENT_3D('',#8954,#7213,#7214);
#5807=AXIS2_PLACEMENT_3D('',#8955,#7215,#7216);
#5808=AXIS2_PLACEMENT_3D('',#8958,#7217,#7218);
#5809=AXIS2_PLACEMENT_3D('',#8960,#7219,#7220);
#5810=AXIS2_PLACEMENT_3D('',#8968,#7224,#7225);
#5811=AXIS2_PLACEMENT_3D('',#8975,#7229,#7230);
#5812=AXIS2_PLACEMENT_3D('',#8998,#7233,#7234);
#5813=AXIS2_PLACEMENT_3D('',#8999,#7235,#7236);
#5814=AXIS2_PLACEMENT_3D('',#9000,#7237,#7238);
#5815=AXIS2_PLACEMENT_3D('',#9001,#7239,#7240);
#5816=AXIS2_PLACEMENT_3D('',#9002,#7241,#7242);
#5817=AXIS2_PLACEMENT_3D('',#9003,#7243,#7244);
#5818=AXIS2_PLACEMENT_3D('',#9004,#7245,#7246);
#5819=AXIS2_PLACEMENT_3D('',#9005,#7247,#7248);
#5820=AXIS2_PLACEMENT_3D('',#9006,#7249,#7250);
#5821=AXIS2_PLACEMENT_3D('',#9007,#7251,#7252);
#5822=AXIS2_PLACEMENT_3D('',#9008,#7253,#7254);
#5823=AXIS2_PLACEMENT_3D('',#9009,#7255,#7256);
#5824=AXIS2_PLACEMENT_3D('',#9010,#7257,#7258);
#5825=AXIS2_PLACEMENT_3D('',#9011,#7259,#7260);
#5826=AXIS2_PLACEMENT_3D('',#9012,#7261,#7262);
#5827=AXIS2_PLACEMENT_3D('',#9013,#7263,#7264);
#5828=AXIS2_PLACEMENT_3D('',#9014,#7265,#7266);
#5829=AXIS2_PLACEMENT_3D('',#9015,#7267,#7268);
#5830=AXIS2_PLACEMENT_3D('',#9016,#7269,#7270);
#5831=AXIS2_PLACEMENT_3D('',#9017,#7271,#7272);
#5832=AXIS2_PLACEMENT_3D('',#9018,#7273,#7274);
#5833=AXIS2_PLACEMENT_3D('',#9019,#7275,#7276);
#5834=AXIS2_PLACEMENT_3D('',#9020,#7277,#7278);
#5835=AXIS2_PLACEMENT_3D('',#9021,#7279,#7280);
#5836=AXIS2_PLACEMENT_3D('',#9023,#7281,#7282);
#5837=AXIS2_PLACEMENT_3D('',#9024,#7283,#7284);
#5838=AXIS2_PLACEMENT_3D('',#9052,#7285,#7286);
#5839=AXIS2_PLACEMENT_3D('',#9053,#7287,#7288);
#5840=AXIS2_PLACEMENT_3D('',#9055,#7289,#7290);
#5841=AXIS2_PLACEMENT_3D('',#9056,#7291,#7292);
#5842=AXIS2_PLACEMENT_3D('',#9083,#7293,#7294);
#5843=AXIS2_PLACEMENT_3D('',#9084,#7295,#7296);
#5844=AXIS2_PLACEMENT_3D('',#9086,#7297,#7298);
#5845=AXIS2_PLACEMENT_3D('',#9087,#7299,#7300);
#5846=AXIS2_PLACEMENT_3D('',#9089,#7301,#7302);
#5847=AXIS2_PLACEMENT_3D('',#9090,#7303,#7304);
#5848=AXIS2_PLACEMENT_3D('',#9093,#7305,#7306);
#5849=AXIS2_PLACEMENT_3D('',#9096,#7308,#7309);
#5850=AXIS2_PLACEMENT_3D('',#9097,#7310,#7311);
#5851=AXIS2_PLACEMENT_3D('',#9099,#7312,#7313);
#5852=AXIS2_PLACEMENT_3D('',#9214,#7314,#7315);
#5853=AXIS2_PLACEMENT_3D('',#9215,#7316,#7317);
#5854=AXIS2_PLACEMENT_3D('',#9216,#7318,#7319);
#5855=AXIS2_PLACEMENT_3D('',#9217,#7320,#7321);
#5856=AXIS2_PLACEMENT_3D('',#9224,#7322,#7323);
#5857=AXIS2_PLACEMENT_3D('',#9244,#7324,#7325);
#5858=AXIS2_PLACEMENT_3D('',#9245,#7326,#7327);
#5859=AXIS2_PLACEMENT_3D('',#9246,#7328,#7329);
#5860=AXIS2_PLACEMENT_3D('',#9247,#7330,#7331);
#5861=AXIS2_PLACEMENT_3D('',#9248,#7332,#7333);
#5862=AXIS2_PLACEMENT_3D('',#9276,#7334,#7335);
#5863=AXIS2_PLACEMENT_3D('',#9277,#7336,#7337);
#5864=AXIS2_PLACEMENT_3D('',#9278,#7338,#7339);
#5865=AXIS2_PLACEMENT_3D('',#9279,#7340,#7341);
#5866=AXIS2_PLACEMENT_3D('',#9306,#7342,#7343);
#5867=AXIS2_PLACEMENT_3D('',#9319,#7344,#7345);
#5868=AXIS2_PLACEMENT_3D('',#9353,#7346,#7347);
#5869=AXIS2_PLACEMENT_3D('',#9354,#7348,#7349);
#5870=AXIS2_PLACEMENT_3D('',#9355,#7350,#7351);
#5871=AXIS2_PLACEMENT_3D('',#9356,#7352,#7353);
#5872=AXIS2_PLACEMENT_3D('',#9357,#7354,#7355);
#5873=AXIS2_PLACEMENT_3D('',#9400,#7356,#7357);
#5874=AXIS2_PLACEMENT_3D('',#9401,#7358,#7359);
#5875=AXIS2_PLACEMENT_3D('',#9402,#7360,#7361);
#5876=AXIS2_PLACEMENT_3D('',#9403,#7362,#7363);
#5877=AXIS2_PLACEMENT_3D('',#9404,#7364,#7365);
#5878=AXIS2_PLACEMENT_3D('',#9426,#7366,#7367);
#5879=AXIS2_PLACEMENT_3D('',#9427,#7368,#7369);
#5880=AXIS2_PLACEMENT_3D('',#9432,#7372,#7373);
#5881=AXIS2_PLACEMENT_3D('',#9434,#7374,#7375);
#5882=AXIS2_PLACEMENT_3D('',#9447,#7376,#7377);
#5883=AXIS2_PLACEMENT_3D('',#9448,#7378,#7379);
#5884=AXIS2_PLACEMENT_3D('',#9494,#7380,#7381);
#5885=AXIS2_PLACEMENT_3D('',#9537,#7382,#7383);
#5886=AXIS2_PLACEMENT_3D('',#9637,#7384,#7385);
#5887=AXIS2_PLACEMENT_3D('',#9638,#7386,#7387);
#5888=AXIS2_PLACEMENT_3D('',#9684,#7388,#7389);
#5889=AXIS2_PLACEMENT_3D('',#9727,#7390,#7391);
#5890=AXIS2_PLACEMENT_3D('',#9740,#7392,#7393);
#5891=AXIS2_PLACEMENT_3D('',#9741,#7394,#7395);
#5892=AXIS2_PLACEMENT_3D('',#9743,#7396,#7397);
#5893=AXIS2_PLACEMENT_3D('',#9745,#7398,#7399);
#5894=AXIS2_PLACEMENT_3D('',#9747,#7400,#7401);
#5895=AXIS2_PLACEMENT_3D('',#9752,#7403,#7404);
#5896=AXIS2_PLACEMENT_3D('',#9756,#7406,#7407);
#5897=AXIS2_PLACEMENT_3D('',#9763,#7409,#7410);
#5898=AXIS2_PLACEMENT_3D('',#9764,#7411,#7412);
#5899=AXIS2_PLACEMENT_3D('',#9766,#7413,#7414);
#5900=AXIS2_PLACEMENT_3D('',#9768,#7415,#7416);
#5901=AXIS2_PLACEMENT_3D('',#9770,#7417,#7418);
#5902=AXIS2_PLACEMENT_3D('',#9775,#7420,#7421);
#5903=AXIS2_PLACEMENT_3D('',#9785,#7424,#7425);
#5904=AXIS2_PLACEMENT_3D('',#9786,#7426,#7427);
#5905=AXIS2_PLACEMENT_3D('',#9787,#7428,#7429);
#5906=AXIS2_PLACEMENT_3D('',#9792,#7432,#7433);
#5907=AXIS2_PLACEMENT_3D('',#9793,#7434,#7435);
#5908=AXIS2_PLACEMENT_3D('',#9794,#7436,#7437);
#5909=AXIS2_PLACEMENT_3D('',#9796,#7438,#7439);
#5910=AXIS2_PLACEMENT_3D('',#9798,#7440,#7441);
#5911=AXIS2_PLACEMENT_3D('',#9800,#7442,#7443);
#5912=AXIS2_PLACEMENT_3D('',#9815,#7448,#7449);
#5913=AXIS2_PLACEMENT_3D('',#9822,#7453,#7454);
#5914=AXIS2_PLACEMENT_3D('',#9823,#7455,#7456);
#5915=AXIS2_PLACEMENT_3D('',#9824,#7457,#7458);
#5916=AXIS2_PLACEMENT_3D('',#9829,#7461,#7462);
#5917=AXIS2_PLACEMENT_3D('',#9830,#7463,#7464);
#5918=AXIS2_PLACEMENT_3D('',#9832,#7465,#7466);
#5919=AXIS2_PLACEMENT_3D('',#9834,#7467,#7468);
#5920=AXIS2_PLACEMENT_3D('',#9836,#7469,#7470);
#5921=AXIS2_PLACEMENT_3D('',#9851,#7475,#7476);
#5922=AXIS2_PLACEMENT_3D('',#9856,#7479,#7480);
#5923=AXIS2_PLACEMENT_3D('',#9859,#7482,#7483);
#5924=AXIS2_PLACEMENT_3D('',#9860,#7484,#7485);
#5925=AXIS2_PLACEMENT_3D('',#9861,#7486,#7487);
#5926=AXIS2_PLACEMENT_3D('',#9862,#7488,#7489);
#5927=AXIS2_PLACEMENT_3D('',#9863,#7490,#7491);
#5928=AXIS2_PLACEMENT_3D('',#9870,#7492,#7493);
#5929=AXIS2_PLACEMENT_3D('',#9878,#7494,#7495);
#5930=AXIS2_PLACEMENT_3D('',#9891,#7496,#7497);
#5931=AXIS2_PLACEMENT_3D('',#9892,#7498,#7499);
#5932=AXIS2_PLACEMENT_3D('',#9893,#7500,#7501);
#5933=AXIS2_PLACEMENT_3D('',#9894,#7502,#7503);
#5934=AXIS2_PLACEMENT_3D('',#9901,#7504,#7505);
#5935=AXIS2_PLACEMENT_3D('',#9902,#7506,#7507);
#5936=AXIS2_PLACEMENT_3D('',#9910,#7508,#7509);
#5937=AXIS2_PLACEMENT_3D('',#9923,#7510,#7511);
#5938=AXIS2_PLACEMENT_3D('',#9924,#7512,#7513);
#5939=AXIS2_PLACEMENT_3D('',#9925,#7514,#7515);
#5940=AXIS2_PLACEMENT_3D('',#9926,#7516,#7517);
#5941=AXIS2_PLACEMENT_3D('',#9927,#7518,#7519);
#5942=AXIS2_PLACEMENT_3D('',#9928,#7520,#7521);
#5943=AXIS2_PLACEMENT_3D('',#9929,#7522,#7523);
#5944=AXIS2_PLACEMENT_3D('',#9930,#7524,#7525);
#5945=AXIS2_PLACEMENT_3D('',#9931,#7526,#7527);
#5946=AXIS2_PLACEMENT_3D('',#9932,#7528,#7529);
#5947=AXIS2_PLACEMENT_3D('',#9933,#7530,#7531);
#5948=AXIS2_PLACEMENT_3D('',#9934,#7532,#7533);
#5949=AXIS2_PLACEMENT_3D('',#9947,#7534,#7535);
#5950=AXIS2_PLACEMENT_3D('',#9972,#7536,#7537);
#5951=AXIS2_PLACEMENT_3D('',#9973,#7538,#7539);
#5952=AXIS2_PLACEMENT_3D('',#9974,#7540,#7541);
#5953=AXIS2_PLACEMENT_3D('',#9975,#7542,#7543);
#5954=AXIS2_PLACEMENT_3D('',#9976,#7544,#7545);
#5955=AXIS2_PLACEMENT_3D('',#9977,#7546,#7547);
#5956=AXIS2_PLACEMENT_3D('',#9978,#7548,#7549);
#5957=AXIS2_PLACEMENT_3D('',#9979,#7550,#7551);
#5958=AXIS2_PLACEMENT_3D('',#9980,#7552,#7553);
#5959=AXIS2_PLACEMENT_3D('',#9981,#7554,#7555);
#5960=AXIS2_PLACEMENT_3D('',#9982,#7556,#7557);
#5961=AXIS2_PLACEMENT_3D('',#9983,#7558,#7559);
#5962=AXIS2_PLACEMENT_3D('',#9996,#7560,#7561);
#5963=AXIS2_PLACEMENT_3D('',#10018,#7562,#7563);
#5964=AXIS2_PLACEMENT_3D('',#10019,#7564,#7565);
#5965=AXIS2_PLACEMENT_3D('',#10021,#7566,#7567);
#5966=AXIS2_PLACEMENT_3D('',#10022,#7568,#7569);
#5967=AXIS2_PLACEMENT_3D('',#10024,#7570,#7571);
#5968=AXIS2_PLACEMENT_3D('',#10025,#7572,#7573);
#5969=AXIS2_PLACEMENT_3D('',#10027,#7574,#7575);
#5970=AXIS2_PLACEMENT_3D('',#10028,#7576,#7577);
#5971=AXIS2_PLACEMENT_3D('',#10030,#7578,#7579);
#5972=AXIS2_PLACEMENT_3D('',#10031,#7580,#7581);
#5973=AXIS2_PLACEMENT_3D('',#10033,#7582,#7583);
#5974=AXIS2_PLACEMENT_3D('',#10034,#7584,#7585);
#5975=AXIS2_PLACEMENT_3D('',#10036,#7586,#7587);
#5976=AXIS2_PLACEMENT_3D('',#10037,#7588,#7589);
#5977=AXIS2_PLACEMENT_3D('',#10039,#7590,#7591);
#5978=AXIS2_PLACEMENT_3D('',#10040,#7592,#7593);
#5979=AXIS2_PLACEMENT_3D('',#10042,#7594,#7595);
#5980=AXIS2_PLACEMENT_3D('',#10043,#7596,#7597);
#5981=AXIS2_PLACEMENT_3D('',#10056,#7598,#7599);
#5982=AXIS2_PLACEMENT_3D('',#10072,#7600,#7601);
#5983=AXIS2_PLACEMENT_3D('',#10073,#7602,#7603);
#5984=AXIS2_PLACEMENT_3D('',#10074,#7604,#7605);
#5985=AXIS2_PLACEMENT_3D('',#10096,#7606,#7607);
#5986=AXIS2_PLACEMENT_3D('',#10097,#7608,#7609);
#5987=AXIS2_PLACEMENT_3D('',#10098,#7610,#7611);
#5988=AXIS2_PLACEMENT_3D('',#10114,#7612,#7613);
#5989=AXIS2_PLACEMENT_3D('',#10115,#7614,#7615);
#5990=AXIS2_PLACEMENT_3D('',#10116,#7616,#7617);
#5991=AXIS2_PLACEMENT_3D('',#10150,#7618,#7619);
#5992=AXIS2_PLACEMENT_3D('',#10151,#7620,#7621);
#5993=AXIS2_PLACEMENT_3D('',#10152,#7622,#7623);
#5994=AXIS2_PLACEMENT_3D('',#10171,#7624,#7625);
#5995=AXIS2_PLACEMENT_3D('',#10172,#7626,#7627);
#5996=AXIS2_PLACEMENT_3D('',#10173,#7628,#7629);
#5997=AXIS2_PLACEMENT_3D('',#10192,#7630,#7631);
#5998=AXIS2_PLACEMENT_3D('',#10193,#7632,#7633);
#5999=AXIS2_PLACEMENT_3D('',#10194,#7634,#7635);
#6000=AXIS2_PLACEMENT_3D('',#10195,#7636,#7637);
#6001=AXIS2_PLACEMENT_3D('',#10196,#7638,#7639);
#6002=AXIS2_PLACEMENT_3D('',#10197,#7640,#7641);
#6003=AXIS2_PLACEMENT_3D('',#10198,#7642,#7643);
#6004=AXIS2_PLACEMENT_3D('',#10199,#7644,#7645);
#6005=DIRECTION('',(0.,0.,1.));
#6006=DIRECTION('',(1.,0.,0.));
#6007=DIRECTION('',(0.,-1.20466908053945E-16,1.));
#6008=DIRECTION('',(0.,-1.,-1.20466908053945E-16));
#6009=DIRECTION('',(0.,-1.20466908053945E-16,1.));
#6010=DIRECTION('',(0.,6.02334540269725E-17,-1.));
#6011=DIRECTION('',(0.,1.,6.02334540269725E-17));
#6012=DIRECTION('',(0.,0.821686145516458,0.56994024096067));
#6013=DIRECTION('',(0.,-0.56994024096067,0.821686145516458));
#6014=DIRECTION('',(0.,-1.,0.));
#6015=DIRECTION('',(0.,0.,-1.));
#6016=DIRECTION('',(0.,-1.,0.));
#6017=DIRECTION('',(0.,-1.,0.));
#6018=DIRECTION('',(0.,0.,-1.));
#6019=DIRECTION('',(0.,-1.,0.));
#6020=DIRECTION('',(0.,-1.,0.));
#6021=DIRECTION('',(0.,0.,-1.));
#6022=DIRECTION('',(0.,-1.,0.));
#6023=DIRECTION('',(0.,-1.,0.));
#6024=DIRECTION('',(0.,0.,-1.));
#6025=DIRECTION('',(0.,-1.,0.));
#6026=DIRECTION('',(0.,-1.,0.));
#6027=DIRECTION('',(0.,0.,-1.));
#6028=DIRECTION('',(0.,0.854863620910345,0.518852762972362));
#6029=DIRECTION('',(0.,-0.518852762972362,0.854863620910345));
#6030=DIRECTION('',(0.,0.854863620910345,0.518852762972362));
#6031=DIRECTION('',(0.,-0.518852762972362,0.854863620910345));
#6032=DIRECTION('',(0.,1.,0.));
#6033=DIRECTION('',(0.,1.,0.));
#6034=DIRECTION('',(0.,0.,1.));
#6035=DIRECTION('',(0.,1.,0.));
#6036=DIRECTION('',(0.,0.,1.));
#6037=DIRECTION('',(0.,1.,0.));
#6038=DIRECTION('',(0.,0.854863620910345,0.518852762972362));
#6039=DIRECTION('',(0.,-0.518852762972362,0.854863620910345));
#6040=DIRECTION('',(1.,0.,0.));
#6041=DIRECTION('',(0.,1.,0.));
#6042=DIRECTION('',(0.,1.,1.20466908053945E-16));
#6043=DIRECTION('',(0.,0.,-1.));
#6044=DIRECTION('',(0.,1.,0.));
#6045=DIRECTION('',(0.,1.20466908053945E-16,-1.));
#6046=DIRECTION('',(0.,-0.547659174694388,0.836701516894204));
#6047=DIRECTION('',(0.,0.,-1.));
#6048=DIRECTION('',(0.,1.,1.20466908053945E-16));
#6049=DIRECTION('',(0.,1.,1.20466908053945E-16));
#6050=DIRECTION('',(0.,1.,1.20466908053945E-16));
#6051=DIRECTION('',(0.,1.,1.20466908053945E-16));
#6052=DIRECTION('',(0.,-0.836701516894204,-0.547659174694388));
#6053=DIRECTION('',(0.,0.547659174694388,-0.836701516894204));
#6054=DIRECTION('',(0.,-0.836701516894204,-0.547659174694388));
#6055=DIRECTION('',(0.,-0.547659174694388,0.836701516894204));
#6056=DIRECTION('',(0.,-0.836701516894204,-0.547659174694388));
#6057=DIRECTION('',(0.,-0.547659174694388,0.836701516894204));
#6058=DIRECTION('',(0.,-0.836701516894204,-0.547659174694388));
#6059=DIRECTION('',(0.,-0.547659174694388,0.836701516894204));
#6060=DIRECTION('',(0.,-0.836701516894204,-0.547659174694388));
#6061=DIRECTION('',(0.,-0.547659174694388,0.836701516894204));
#6062=DIRECTION('',(0.,-0.836701516894204,-0.547659174694388));
#6063=DIRECTION('',(0.,-0.547659174694388,0.836701516894204));
#6064=DIRECTION('',(0.,-0.836701516894204,-0.547659174694388));
#6065=DIRECTION('',(0.,-0.547659174694388,0.836701516894204));
#6066=DIRECTION('',(0.,-0.547659174694388,0.836701516894204));
#6067=DIRECTION('',(0.,-0.836701516894204,-0.547659174694388));
#6068=DIRECTION('',(0.,-0.547659174694388,0.836701516894204));
#6069=DIRECTION('',(0.,-0.547659174694388,0.836701516894204));
#6070=DIRECTION('',(1.,0.,0.));
#6071=DIRECTION('',(0.,1.,0.));
#6072=DIRECTION('',(0.,-1.20466908053945E-16,1.));
#6073=DIRECTION('',(0.,1.,0.));
#6074=DIRECTION('',(0.,0.,-1.));
#6075=DIRECTION('',(0.,1.,1.20466908053945E-16));
#6076=DIRECTION('',(0.,0.,-1.));
#6077=DIRECTION('',(0.,1.,0.));
#6078=DIRECTION('',(0.,0.,1.));
#6079=DIRECTION('',(0.,1.,1.20466908053945E-16));
#6080=DIRECTION('',(0.,0.,-1.));
#6081=DIRECTION('',(0.,1.,0.));
#6082=DIRECTION('',(0.,1.,1.20466908053945E-16));
#6083=DIRECTION('',(0.,0.,-1.));
#6084=DIRECTION('',(0.,-0.547659174694388,0.836701516894204));
#6085=DIRECTION('',(0.,0.,1.));
#6086=DIRECTION('',(1.,0.,0.));
#6087=DIRECTION('',(0.,0.,1.));
#6088=DIRECTION('',(1.,0.,0.));
#6089=DIRECTION('',(0.,1.,0.));
#6090=DIRECTION('',(0.,0.,1.));
#6091=DIRECTION('',(1.,0.,0.));
#6092=DIRECTION('',(0.,1.,0.));
#6093=DIRECTION('',(0.,0.,1.));
#6094=DIRECTION('',(1.,0.,0.));
#6095=DIRECTION('',(0.,0.,1.));
#6096=DIRECTION('',(1.,0.,0.));
#6097=DIRECTION('',(-1.,0.,0.));
#6098=DIRECTION('',(0.,1.,0.));
#6099=DIRECTION('',(1.,0.,0.));
#6100=DIRECTION('',(0.,0.,1.));
#6101=DIRECTION('',(1.,0.,0.));
#6102=DIRECTION('',(0.,0.,1.));
#6103=DIRECTION('',(1.,0.,0.));
#6104=DIRECTION('',(0.,0.,1.));
#6105=DIRECTION('',(1.,0.,0.));
#6106=DIRECTION('',(0.125346128862864,-0.992113072174283,0.));
#6107=DIRECTION('',(0.,0.,1.));
#6108=DIRECTION('',(1.,0.,0.));
#6109=DIRECTION('',(-1.,0.,0.));
#6110=DIRECTION('',(0.,0.,1.));
#6111=DIRECTION('',(1.,0.,0.));
#6112=DIRECTION('',(0.,0.,1.));
#6113=DIRECTION('',(1.,0.,0.));
#6114=DIRECTION('',(0.,0.,1.));
#6115=DIRECTION('',(1.,0.,0.));
#6116=DIRECTION('',(0.386770751569246,0.922175897391903,0.));
#6117=DIRECTION('',(0.,0.,1.));
#6118=DIRECTION('',(1.,0.,0.));
#6119=DIRECTION('',(-0.125346128862864,0.992113072174283,0.));
#6120=DIRECTION('',(0.,0.,1.));
#6121=DIRECTION('',(1.,0.,0.));
#6122=DIRECTION('',(1.,0.,0.));
#6123=DIRECTION('',(0.,0.,1.));
#6124=DIRECTION('',(1.,0.,0.));
#6125=DIRECTION('',(0.,0.,1.));
#6126=DIRECTION('',(1.,0.,0.));
#6127=DIRECTION('',(0.,0.,1.));
#6128=DIRECTION('',(1.,0.,0.));
#6129=DIRECTION('',(-0.386770751569246,-0.922175897391903,0.));
#6130=DIRECTION('',(0.,0.,1.));
#6131=DIRECTION('',(1.,0.,0.));
#6132=DIRECTION('',(-0.922175897391903,-0.386770751569246,0.));
#6133=DIRECTION('',(0.,0.,1.));
#6134=DIRECTION('',(1.,0.,0.));
#6135=DIRECTION('',(0.,0.,1.));
#6136=DIRECTION('',(1.,0.,0.));
#6137=DIRECTION('',(0.,0.,1.));
#6138=DIRECTION('',(1.,0.,0.));
#6139=DIRECTION('',(0.,1.,0.));
#6140=DIRECTION('',(0.,0.,1.));
#6141=DIRECTION('',(1.,0.,0.));
#6142=DIRECTION('',(0.992113072174283,-0.125346128862864,0.));
#6143=DIRECTION('',(0.,0.,1.));
#6144=DIRECTION('',(1.,0.,0.));
#6145=DIRECTION('',(0.992113072174283,0.125346128862864,0.));
#6146=DIRECTION('',(0.,0.,1.));
#6147=DIRECTION('',(1.,0.,0.));
#6148=DIRECTION('',(0.,-1.,0.));
#6149=DIRECTION('',(0.,0.,1.));
#6150=DIRECTION('',(1.,0.,0.));
#6151=DIRECTION('',(0.,0.,1.));
#6152=DIRECTION('',(1.,0.,0.));
#6153=DIRECTION('',(0.,0.,1.));
#6154=DIRECTION('',(1.,0.,0.));
#6155=DIRECTION('',(-0.922175897391903,0.386770751569247,0.));
#6156=DIRECTION('',(0.,0.,1.));
#6157=DIRECTION('',(1.,0.,0.));
#6158=DIRECTION('',(0.386770751569246,-0.922175897391903,0.));
#6159=DIRECTION('',(0.,0.,1.));
#6160=DIRECTION('',(1.,0.,0.));
#6161=DIRECTION('',(0.,0.,1.));
#6162=DIRECTION('',(1.,0.,0.));
#6163=DIRECTION('',(0.,0.,1.));
#6164=DIRECTION('',(1.,0.,0.));
#6165=DIRECTION('',(-1.,0.,0.));
#6166=DIRECTION('',(0.,0.,1.));
#6167=DIRECTION('',(1.,0.,0.));
#6168=DIRECTION('',(0.125346128862864,0.992113072174283,0.));
#6169=DIRECTION('',(0.,0.,1.));
#6170=DIRECTION('',(1.,0.,0.));
#6171=DIRECTION('',(-0.386770751569246,0.922175897391903,0.));
#6172=DIRECTION('',(0.,0.,1.));
#6173=DIRECTION('',(1.,0.,0.));
#6174=DIRECTION('',(0.,0.,1.));
#6175=DIRECTION('',(1.,0.,0.));
#6176=DIRECTION('',(0.,0.,1.));
#6177=DIRECTION('',(1.,0.,0.));
#6178=DIRECTION('',(1.,0.,0.));
#6179=DIRECTION('',(0.,0.,1.));
#6180=DIRECTION('',(1.,0.,0.));
#6181=DIRECTION('',(-0.125346128862864,-0.992113072174283,0.));
#6182=DIRECTION('',(0.,0.,1.));
#6183=DIRECTION('',(1.,0.,0.));
#6184=DIRECTION('',(-0.992113072174283,-0.125346128862864,0.));
#6185=DIRECTION('',(0.,0.,1.));
#6186=DIRECTION('',(1.,0.,0.));
#6187=DIRECTION('',(0.,1.,0.));
#6188=DIRECTION('',(0.,0.,1.));
#6189=DIRECTION('',(1.,0.,0.));
#6190=DIRECTION('',(0.,0.,1.));
#6191=DIRECTION('',(1.,0.,0.));
#6192=DIRECTION('',(0.,0.,1.));
#6193=DIRECTION('',(1.,0.,0.));
#6194=DIRECTION('',(0.922175897391903,-0.386770751569246,0.));
#6195=DIRECTION('',(0.,0.,1.));
#6196=DIRECTION('',(1.,0.,0.));
#6197=DIRECTION('',(0.922175897391903,0.386770751569247,0.));
#6198=DIRECTION('',(0.,0.,1.));
#6199=DIRECTION('',(1.,0.,0.));
#6200=DIRECTION('',(0.,0.,1.));
#6201=DIRECTION('',(1.,0.,0.));
#6202=DIRECTION('',(0.,0.,1.));
#6203=DIRECTION('',(1.,0.,0.));
#6204=DIRECTION('',(0.,-1.,0.));
#6205=DIRECTION('',(0.,0.,1.));
#6206=DIRECTION('',(1.,0.,0.));
#6207=DIRECTION('',(-0.992113072174283,0.125346128862864,0.));
#6208=DIRECTION('',(0.,0.,1.));
#6209=DIRECTION('',(1.,0.,0.));
#6210=DIRECTION('',(0.,0.,1.));
#6211=DIRECTION('',(1.,0.,0.));
#6212=DIRECTION('',(0.,0.,1.));
#6213=DIRECTION('',(1.,0.,0.));
#6214=DIRECTION('',(0.,0.,1.));
#6215=DIRECTION('',(1.,0.,0.));
#6216=DIRECTION('',(0.,0.,1.));
#6217=DIRECTION('',(1.,0.,0.));
#6218=DIRECTION('',(0.,0.,1.));
#6219=DIRECTION('',(1.,0.,0.));
#6220=DIRECTION('',(0.386770751569246,-0.922175897391903,0.));
#6221=DIRECTION('',(0.,0.,1.));
#6222=DIRECTION('',(1.,0.,0.));
#6223=DIRECTION('',(-0.707106781186548,0.707106781186548,0.));
#6224=DIRECTION('',(0.,0.,1.));
#6225=DIRECTION('',(1.,0.,0.));
#6226=DIRECTION('',(0.,0.,1.));
#6227=DIRECTION('',(1.,0.,0.));
#6228=DIRECTION('',(0.,0.,1.));
#6229=DIRECTION('',(1.,0.,0.));
#6230=DIRECTION('',(-0.922175897391903,-0.386770751569246,0.));
#6231=DIRECTION('',(0.,0.,1.));
#6232=DIRECTION('',(1.,0.,0.));
#6233=DIRECTION('',(0.707106781186547,0.707106781186548,0.));
#6234=DIRECTION('',(0.,0.,1.));
#6235=DIRECTION('',(1.,0.,0.));
#6236=DIRECTION('',(0.,0.,1.));
#6237=DIRECTION('',(1.,0.,0.));
#6238=DIRECTION('',(0.,0.,1.));
#6239=DIRECTION('',(1.,0.,0.));
#6240=DIRECTION('',(0.,-1.,0.));
#6241=DIRECTION('',(0.,0.,1.));
#6242=DIRECTION('',(1.,0.,0.));
#6243=DIRECTION('',(0.,0.,1.));
#6244=DIRECTION('',(1.,0.,0.));
#6245=DIRECTION('',(0.,0.,1.));
#6246=DIRECTION('',(1.,0.,0.));
#6247=DIRECTION('',(0.992113072174283,-0.125346128862864,0.));
#6248=DIRECTION('',(0.,0.,1.));
#6249=DIRECTION('',(1.,0.,0.));
#6250=DIRECTION('',(0.992113072174283,0.125346128862864,0.));
#6251=DIRECTION('',(0.,0.,1.));
#6252=DIRECTION('',(1.,0.,0.));
#6253=DIRECTION('',(0.,0.,1.));
#6254=DIRECTION('',(1.,0.,0.));
#6255=DIRECTION('',(0.,0.,1.));
#6256=DIRECTION('',(1.,0.,0.));
#6257=DIRECTION('',(0.,1.,0.));
#6258=DIRECTION('',(0.,0.,1.));
#6259=DIRECTION('',(1.,0.,0.));
#6260=DIRECTION('',(0.125346128862864,0.992113072174283,0.));
#6261=DIRECTION('',(0.,0.,1.));
#6262=DIRECTION('',(1.,0.,0.));
#6263=DIRECTION('',(1.,0.,0.));
#6264=DIRECTION('',(0.,0.,1.));
#6265=DIRECTION('',(1.,0.,0.));
#6266=DIRECTION('',(0.,0.,1.));
#6267=DIRECTION('',(1.,0.,0.));
#6268=DIRECTION('',(0.,0.,1.));
#6269=DIRECTION('',(1.,0.,0.));
#6270=DIRECTION('',(0.922175897391903,0.386770751569246,0.));
#6271=DIRECTION('',(0.,0.,1.));
#6272=DIRECTION('',(1.,0.,0.));
#6273=DIRECTION('',(-0.707106781186547,-0.707106781186548,0.));
#6274=DIRECTION('',(0.,0.,1.));
#6275=DIRECTION('',(1.,0.,0.));
#6276=DIRECTION('',(0.,0.,1.));
#6277=DIRECTION('',(1.,0.,0.));
#6278=DIRECTION('',(0.,0.,1.));
#6279=DIRECTION('',(1.,0.,0.));
#6280=DIRECTION('',(-0.386770751569246,0.922175897391903,0.));
#6281=DIRECTION('',(0.,0.,1.));
#6282=DIRECTION('',(1.,0.,0.));
#6283=DIRECTION('',(0.707106781186548,-0.707106781186548,0.));
#6284=DIRECTION('',(0.,0.,1.));
#6285=DIRECTION('',(1.,0.,0.));
#6286=DIRECTION('',(0.,0.,1.));
#6287=DIRECTION('',(1.,0.,0.));
#6288=DIRECTION('',(0.,0.,1.));
#6289=DIRECTION('',(1.,0.,0.));
#6290=DIRECTION('',(0.922175897391903,-0.386770751569246,0.));
#6291=DIRECTION('',(0.,0.,1.));
#6292=DIRECTION('',(1.,0.,0.));
#6293=DIRECTION('',(0.,0.,1.));
#6294=DIRECTION('',(1.,0.,0.));
#6295=DIRECTION('',(0.,0.,1.));
#6296=DIRECTION('',(1.,0.,0.));
#6297=DIRECTION('',(-0.707106781186547,0.707106781186548,0.));
#6298=DIRECTION('',(0.,0.,1.));
#6299=DIRECTION('',(1.,0.,0.));
#6300=DIRECTION('',(0.386770751569246,0.922175897391903,0.));
#6301=DIRECTION('',(0.,0.,1.));
#6302=DIRECTION('',(1.,0.,0.));
#6303=DIRECTION('',(0.,0.,1.));
#6304=DIRECTION('',(1.,0.,0.));
#6305=DIRECTION('',(0.,0.,1.));
#6306=DIRECTION('',(1.,0.,0.));
#6307=DIRECTION('',(-0.707106781186548,-0.707106781186548,0.));
#6308=DIRECTION('',(0.,0.,1.));
#6309=DIRECTION('',(1.,0.,0.));
#6310=DIRECTION('',(-0.922175897391903,0.386770751569246,0.));
#6311=DIRECTION('',(0.,0.,1.));
#6312=DIRECTION('',(1.,0.,0.));
#6313=DIRECTION('',(0.,0.,1.));
#6314=DIRECTION('',(1.,0.,0.));
#6315=DIRECTION('',(0.,0.,1.));
#6316=DIRECTION('',(1.,0.,0.));
#6317=DIRECTION('',(0.707106781186547,-0.707106781186548,0.));
#6318=DIRECTION('',(0.,0.,1.));
#6319=DIRECTION('',(1.,0.,0.));
#6320=DIRECTION('',(0.125346128862864,-0.992113072174283,0.));
#6321=DIRECTION('',(0.,0.,1.));
#6322=DIRECTION('',(1.,0.,0.));
#6323=DIRECTION('',(0.,0.,1.));
#6324=DIRECTION('',(1.,0.,0.));
#6325=DIRECTION('',(0.,0.,1.));
#6326=DIRECTION('',(1.,0.,0.));
#6327=DIRECTION('',(1.,0.,0.));
#6328=DIRECTION('',(0.,0.,1.));
#6329=DIRECTION('',(1.,0.,0.));
#6330=DIRECTION('',(-0.125346128862864,0.992113072174283,0.));
#6331=DIRECTION('',(0.,0.,1.));
#6332=DIRECTION('',(1.,0.,0.));
#6333=DIRECTION('',(0.,0.,1.));
#6334=DIRECTION('',(1.,0.,0.));
#6335=DIRECTION('',(0.,0.,1.));
#6336=DIRECTION('',(1.,0.,0.));
#6337=DIRECTION('',(-1.,0.,0.));
#6338=DIRECTION('',(0.,0.,1.));
#6339=DIRECTION('',(1.,0.,0.));
#6340=DIRECTION('',(-0.992113072174283,0.125346128862864,0.));
#6341=DIRECTION('',(0.,0.,1.));
#6342=DIRECTION('',(1.,0.,0.));
#6343=DIRECTION('',(0.,1.,0.));
#6344=DIRECTION('',(0.,0.,1.));
#6345=DIRECTION('',(1.,0.,0.));
#6346=DIRECTION('',(0.,0.,1.));
#6347=DIRECTION('',(1.,0.,0.));
#6348=DIRECTION('',(0.,0.,1.));
#6349=DIRECTION('',(1.,0.,0.));
#6350=DIRECTION('',(0.,-1.,0.));
#6351=DIRECTION('',(0.,0.,1.));
#6352=DIRECTION('',(1.,0.,0.));
#6353=DIRECTION('',(-0.992113072174283,-0.125346128862864,0.));
#6354=DIRECTION('',(0.,0.,1.));
#6355=DIRECTION('',(1.,0.,0.));
#6356=DIRECTION('',(0.,0.,1.));
#6357=DIRECTION('',(1.,0.,0.));
#6358=DIRECTION('',(0.,0.,1.));
#6359=DIRECTION('',(1.,0.,0.));
#6360=DIRECTION('',(-0.125346128862864,-0.992113072174283,0.));
#6361=DIRECTION('',(0.,0.,1.));
#6362=DIRECTION('',(1.,0.,0.));
#6363=DIRECTION('',(-1.,0.,0.));
#6364=DIRECTION('',(0.,0.,1.));
#6365=DIRECTION('',(1.,0.,0.));
#6366=DIRECTION('',(0.,0.,1.));
#6367=DIRECTION('',(1.,0.,0.));
#6368=DIRECTION('',(0.,0.,1.));
#6369=DIRECTION('',(1.,0.,0.));
#6370=DIRECTION('',(-0.386770751569246,-0.922175897391903,0.));
#6371=DIRECTION('',(0.,0.,1.));
#6372=DIRECTION('',(1.,0.,0.));
#6373=DIRECTION('',(0.,0.,1.));
#6374=DIRECTION('',(1.,0.,0.));
#6375=DIRECTION('',(0.,0.,1.));
#6376=DIRECTION('',(1.,0.,0.));
#6377=DIRECTION('',(0.707106781186547,0.707106781186548,0.));
#6378=DIRECTION('',(0.,0.,1.));
#6379=DIRECTION('',(1.,0.,0.));
#6380=DIRECTION('',(0.,0.,1.));
#6381=DIRECTION('',(1.,0.,0.));
#6382=DIRECTION('',(0.,1.,0.));
#6383=DIRECTION('',(0.,0.,1.));
#6384=DIRECTION('',(1.,0.,0.));
#6385=DIRECTION('',(0.,0.,1.));
#6386=DIRECTION('',(1.,0.,0.));
#6387=DIRECTION('',(1.,0.,0.));
#6388=DIRECTION('',(-1.,0.,0.));
#6389=DIRECTION('',(0.,0.,1.));
#6390=DIRECTION('',(1.,0.,0.));
#6391=DIRECTION('',(0.,0.,1.));
#6392=DIRECTION('',(1.,0.,0.));
#6393=DIRECTION('',(0.,0.,-1.));
#6394=DIRECTION('',(-1.,0.,0.));
#6395=DIRECTION('',(0.,0.,1.));
#6396=DIRECTION('',(1.,0.,0.));
#6397=DIRECTION('',(0.,0.,-1.));
#6398=DIRECTION('',(-1.,0.,0.));
#6399=DIRECTION('',(0.,0.,1.));
#6400=DIRECTION('',(1.,0.,0.));
#6401=DIRECTION('',(0.,0.,-1.));
#6402=DIRECTION('',(-1.,0.,0.));
#6403=DIRECTION('',(0.,0.,1.));
#6404=DIRECTION('',(1.,0.,0.));
#6405=DIRECTION('',(0.,0.,-1.));
#6406=DIRECTION('',(-1.,0.,0.));
#6407=DIRECTION('',(0.,0.,1.));
#6408=DIRECTION('',(1.,0.,0.));
#6409=DIRECTION('',(0.,0.,-1.));
#6410=DIRECTION('',(-1.,0.,0.));
#6411=DIRECTION('',(0.,0.,1.));
#6412=DIRECTION('',(1.,0.,0.));
#6413=DIRECTION('',(0.,0.,1.));
#6414=DIRECTION('',(1.,0.,0.));
#6415=DIRECTION('',(0.,0.,-1.));
#6416=DIRECTION('',(-1.,0.,0.));
#6417=DIRECTION('',(0.,0.,-1.));
#6418=DIRECTION('',(-1.,0.,0.));
#6419=DIRECTION('',(0.,-1.20466908053945E-16,1.));
#6420=DIRECTION('',(0.,-1.,-1.20466908053945E-16));
#6421=DIRECTION('',(0.,0.,-1.));
#6422=DIRECTION('',(1.,0.,0.));
#6423=DIRECTION('',(0.,0.,-1.));
#6424=DIRECTION('',(-1.,0.,0.));
#6425=DIRECTION('',(0.,0.,-1.));
#6426=DIRECTION('',(-1.,0.,0.));
#6427=DIRECTION('',(0.,-1.20466908053945E-16,1.));
#6428=DIRECTION('',(0.,-1.,-1.20466908053945E-16));
#6429=DIRECTION('',(0.,0.,-1.));
#6430=DIRECTION('',(1.,0.,0.));
#6431=DIRECTION('',(0.,0.,-1.));
#6432=DIRECTION('',(-1.,0.,0.));
#6433=DIRECTION('',(0.,0.,-1.));
#6434=DIRECTION('',(-1.,0.,0.));
#6435=DIRECTION('',(0.,-1.20466908053945E-16,1.));
#6436=DIRECTION('',(0.,-1.,-1.20466908053945E-16));
#6437=DIRECTION('',(0.,0.,-1.));
#6438=DIRECTION('',(1.,0.,0.));
#6439=DIRECTION('',(0.,0.,-1.));
#6440=DIRECTION('',(-1.,0.,0.));
#6441=DIRECTION('',(0.,0.,-1.));
#6442=DIRECTION('',(-1.,0.,0.));
#6443=DIRECTION('',(0.,-1.20466908053945E-16,1.));
#6444=DIRECTION('',(0.,-1.,-1.20466908053945E-16));
#6445=DIRECTION('',(0.,0.,-1.));
#6446=DIRECTION('',(1.,0.,0.));
#6447=DIRECTION('',(0.,0.,1.));
#6448=DIRECTION('',(1.,0.,0.));
#6449=DIRECTION('',(0.,0.,1.));
#6450=DIRECTION('',(1.,0.,0.));
#6451=DIRECTION('',(0.,-6.02334540269725E-17,1.));
#6452=DIRECTION('',(0.,-1.,-6.02334540269725E-17));
#6453=DIRECTION('',(0.,-6.02334540269725E-17,1.));
#6454=DIRECTION('',(0.,-1.,-6.02334540269725E-17));
#6455=DIRECTION('',(0.,0.,1.));
#6456=DIRECTION('',(1.,0.,0.));
#6457=DIRECTION('',(0.,0.,-1.));
#6458=DIRECTION('',(-1.,0.,0.));
#6459=DIRECTION('',(0.,0.,-1.));
#6460=DIRECTION('',(0.,0.,1.));
#6461=DIRECTION('',(1.,0.,0.));
#6462=DIRECTION('',(0.,0.,-1.));
#6463=DIRECTION('',(-0.922175897391903,-0.386770751569246,0.));
#6464=DIRECTION('',(0.386770751569246,-0.922175897391903,0.));
#6465=DIRECTION('',(0.,0.,-1.));
#6466=DIRECTION('',(0.386770751569246,-0.922175897391903,0.));
#6467=DIRECTION('',(0.,0.,-1.));
#6468=DIRECTION('',(0.707106781186548,0.707106781186548,0.));
#6469=DIRECTION('',(-0.707106781186548,0.707106781186548,0.));
#6470=DIRECTION('',(0.,0.,-1.));
#6471=DIRECTION('',(-0.707106781186548,0.707106781186548,0.));
#6472=DIRECTION('',(0.,0.,-1.));
#6473=DIRECTION('',(0.,0.,-1.));
#6474=DIRECTION('',(-1.,0.,0.));
#6475=DIRECTION('',(0.,0.,1.));
#6476=DIRECTION('',(1.,0.,0.));
#6477=DIRECTION('',(0.,0.,-1.));
#6478=DIRECTION('',(-1.,0.,0.));
#6479=DIRECTION('',(0.,0.,1.));
#6480=DIRECTION('',(1.,0.,0.));
#6481=DIRECTION('',(0.,0.,-1.));
#6482=DIRECTION('',(-1.,0.,0.));
#6483=DIRECTION('',(0.,0.,1.));
#6484=DIRECTION('',(1.,0.,0.));
#6485=DIRECTION('',(0.,0.,-1.));
#6486=DIRECTION('',(-1.,0.,0.));
#6487=DIRECTION('',(0.,0.,-1.));
#6488=DIRECTION('',(0.,0.,1.));
#6489=DIRECTION('',(1.,0.,0.));
#6490=DIRECTION('',(0.,0.,-1.));
#6491=DIRECTION('',(0.125346128862864,0.992113072174283,0.));
#6492=DIRECTION('',(-0.992113072174283,0.125346128862864,0.));
#6493=DIRECTION('',(0.,0.,1.));
#6494=DIRECTION('',(-0.992113072174283,0.125346128862864,0.));
#6495=DIRECTION('',(0.,0.,-1.));
#6496=DIRECTION('',(-1.,0.,0.));
#6497=DIRECTION('',(0.,0.,1.));
#6498=DIRECTION('',(0.,0.,-1.));
#6499=DIRECTION('',(0.,-1.,0.));
#6500=DIRECTION('',(0.,0.,1.));
#6501=DIRECTION('',(0.386770751569246,-0.922175897391902,0.));
#6502=DIRECTION('',(0.922175897391903,0.386770751569247,0.));
#6503=DIRECTION('',(0.,0.,-1.));
#6504=DIRECTION('',(0.922175897391903,0.386770751569247,0.));
#6505=DIRECTION('',(0.,0.,-1.));
#6506=DIRECTION('',(0.,0.,-1.));
#6507=DIRECTION('',(-1.,0.,0.));
#6508=DIRECTION('',(0.,0.,1.));
#6509=DIRECTION('',(1.,0.,0.));
#6510=DIRECTION('',(0.,0.,1.));
#6511=DIRECTION('',(1.,0.,0.));
#6512=DIRECTION('',(0.,0.,1.));
#6513=DIRECTION('',(1.,0.,0.));
#6514=DIRECTION('',(0.,0.,-1.));
#6515=DIRECTION('',(-1.,0.,0.));
#6516=DIRECTION('',(0.,0.,1.));
#6517=DIRECTION('',(1.,0.,0.));
#6518=DIRECTION('',(0.,0.,-1.));
#6519=DIRECTION('',(-1.,0.,0.));
#6520=DIRECTION('',(0.,0.,1.));
#6521=DIRECTION('',(1.,0.,0.));
#6522=DIRECTION('',(0.,0.,-1.));
#6523=DIRECTION('',(-1.,0.,0.));
#6524=DIRECTION('',(0.,0.,-1.));
#6525=DIRECTION('',(0.,0.,1.));
#6526=DIRECTION('',(1.,0.,0.));
#6527=DIRECTION('',(0.,0.,-1.));
#6528=DIRECTION('',(-0.386770751569246,0.922175897391902,0.));
#6529=DIRECTION('',(-0.922175897391903,-0.386770751569246,0.));
#6530=DIRECTION('',(0.,0.,-1.));
#6531=DIRECTION('',(-0.922175897391903,-0.386770751569246,0.));
#6532=DIRECTION('',(0.,0.,-1.));
#6533=DIRECTION('',(0.707106781186548,-0.707106781186547,0.));
#6534=DIRECTION('',(0.707106781186547,0.707106781186548,0.));
#6535=DIRECTION('',(0.,0.,-1.));
#6536=DIRECTION('',(0.707106781186547,0.707106781186548,0.));
#6537=DIRECTION('',(0.,0.,-1.));
#6538=DIRECTION('',(0.,0.,-1.));
#6539=DIRECTION('',(-1.,0.,0.));
#6540=DIRECTION('',(0.,0.,1.));
#6541=DIRECTION('',(1.,0.,0.));
#6542=DIRECTION('',(0.,0.,-1.));
#6543=DIRECTION('',(-1.,0.,0.));
#6544=DIRECTION('',(0.,0.,1.));
#6545=DIRECTION('',(1.,0.,0.));
#6546=DIRECTION('',(0.,0.,-1.));
#6547=DIRECTION('',(-1.,0.,0.));
#6548=DIRECTION('',(0.,0.,1.));
#6549=DIRECTION('',(1.,0.,0.));
#6550=DIRECTION('',(0.,0.,-1.));
#6551=DIRECTION('',(-1.,0.,0.));
#6552=DIRECTION('',(0.,0.,-1.));
#6553=DIRECTION('',(0.,0.,1.));
#6554=DIRECTION('',(1.,0.,0.));
#6555=DIRECTION('',(0.,0.,-1.));
#6556=DIRECTION('',(-0.125346128862864,-0.992113072174283,0.));
#6557=DIRECTION('',(0.992113072174283,-0.125346128862864,0.));
#6558=DIRECTION('',(0.,0.,1.));
#6559=DIRECTION('',(0.992113072174283,-0.125346128862864,0.));
#6560=DIRECTION('',(0.,0.,-1.));
#6561=DIRECTION('',(-1.,0.,0.));
#6562=DIRECTION('',(0.,0.,1.));
#6563=DIRECTION('',(0.,0.,-1.));
#6564=DIRECTION('',(0.,-1.,0.));
#6565=DIRECTION('',(0.,0.,1.));
#6566=DIRECTION('',(0.,0.,-1.));
#6567=DIRECTION('',(-1.,0.,0.));
#6568=DIRECTION('',(0.,0.,1.));
#6569=DIRECTION('',(1.,0.,0.));
#6570=DIRECTION('',(0.,0.,-1.));
#6571=DIRECTION('',(-1.,0.,0.));
#6572=DIRECTION('',(0.,0.,1.));
#6573=DIRECTION('',(1.,0.,0.));
#6574=DIRECTION('',(0.,0.,-1.));
#6575=DIRECTION('',(-1.,0.,0.));
#6576=DIRECTION('',(0.,0.,1.));
#6577=DIRECTION('',(1.,0.,0.));
#6578=DIRECTION('',(0.,0.,-1.));
#6579=DIRECTION('',(-1.,0.,0.));
#6580=DIRECTION('',(0.,0.,-1.));
#6581=DIRECTION('',(0.,0.,1.));
#6582=DIRECTION('',(1.,0.,0.));
#6583=DIRECTION('',(0.,0.,-1.));
#6584=DIRECTION('',(0.125346128862864,-0.992113072174283,0.));
#6585=DIRECTION('',(0.992113072174283,0.125346128862864,0.));
#6586=DIRECTION('',(0.,0.,1.));
#6587=DIRECTION('',(0.992113072174283,0.125346128862864,0.));
#6588=DIRECTION('',(0.,0.,1.));
#6589=DIRECTION('',(1.,0.,0.));
#6590=DIRECTION('',(0.,0.,-1.));
#6591=DIRECTION('',(0.,0.,1.));
#6592=DIRECTION('',(0.,1.,0.));
#6593=DIRECTION('',(0.,0.,1.));
#6594=DIRECTION('',(0.,0.,1.));
#6595=DIRECTION('',(1.,0.,0.));
#6596=DIRECTION('',(0.,0.,1.));
#6597=DIRECTION('',(1.,0.,0.));
#6598=DIRECTION('',(0.,0.,-1.));
#6599=DIRECTION('',(-1.,0.,0.));
#6600=DIRECTION('',(0.,0.,1.));
#6601=DIRECTION('',(1.,0.,0.));
#6602=DIRECTION('',(0.,0.,-1.));
#6603=DIRECTION('',(-1.,0.,0.));
#6604=DIRECTION('',(0.,0.,1.));
#6605=DIRECTION('',(1.,0.,0.));
#6606=DIRECTION('',(0.,0.,-1.));
#6607=DIRECTION('',(-1.,0.,0.));
#6608=DIRECTION('',(0.,0.,-1.));
#6609=DIRECTION('',(0.,0.,1.));
#6610=DIRECTION('',(1.,0.,0.));
#6611=DIRECTION('',(0.,0.,-1.));
#6612=DIRECTION('',(1.,0.,0.));
#6613=DIRECTION('',(0.,0.,-1.));
#6614=DIRECTION('',(0.,0.,-1.));
#6615=DIRECTION('',(0.,1.,0.));
#6616=DIRECTION('',(0.,0.,-1.));
#6617=DIRECTION('',(-0.386770751569246,-0.922175897391903,0.));
#6618=DIRECTION('',(0.922175897391903,-0.386770751569246,0.));
#6619=DIRECTION('',(0.,0.,-1.));
#6620=DIRECTION('',(0.922175897391903,-0.386770751569246,0.));
#6621=DIRECTION('',(0.,0.,-1.));
#6622=DIRECTION('',(-0.125346128862864,0.992113072174283,0.));
#6623=DIRECTION('',(-0.992113072174283,-0.125346128862864,0.));
#6624=DIRECTION('',(0.,0.,-1.));
#6625=DIRECTION('',(-0.992113072174283,-0.125346128862864,0.));
#6626=DIRECTION('',(0.,0.,-1.));
#6627=DIRECTION('',(0.,0.,-1.));
#6628=DIRECTION('',(-1.,0.,0.));
#6629=DIRECTION('',(0.,0.,1.));
#6630=DIRECTION('',(1.,0.,0.));
#6631=DIRECTION('',(0.,0.,-1.));
#6632=DIRECTION('',(-1.,0.,0.));
#6633=DIRECTION('',(0.,0.,1.));
#6634=DIRECTION('',(1.,0.,0.));
#6635=DIRECTION('',(0.,0.,-1.));
#6636=DIRECTION('',(-1.,0.,0.));
#6637=DIRECTION('',(0.,0.,1.));
#6638=DIRECTION('',(1.,0.,0.));
#6639=DIRECTION('',(0.,0.,-1.));
#6640=DIRECTION('',(-1.,0.,0.));
#6641=DIRECTION('',(0.,0.,1.));
#6642=DIRECTION('',(1.,0.,0.));
#6643=DIRECTION('',(0.,0.,-1.));
#6644=DIRECTION('',(-1.,0.,0.));
#6645=DIRECTION('',(0.,0.,-1.));
#6646=DIRECTION('',(0.,0.,1.));
#6647=DIRECTION('',(1.,0.,0.));
#6648=DIRECTION('',(0.,0.,-1.));
#6649=DIRECTION('',(0.922175897391903,0.386770751569246,0.));
#6650=DIRECTION('',(-0.386770751569246,0.922175897391903,0.));
#6651=DIRECTION('',(0.,0.,-1.));
#6652=DIRECTION('',(-0.386770751569246,0.922175897391903,0.));
#6653=DIRECTION('',(0.,0.,-1.));
#6654=DIRECTION('',(0.,-1.,0.));
#6655=DIRECTION('',(0.,0.,-1.));
#6656=DIRECTION('',(0.,0.,-1.));
#6657=DIRECTION('',(1.,0.,0.));
#6658=DIRECTION('',(0.,0.,1.));
#6659=DIRECTION('',(-0.992113072174283,0.125346128862864,0.));
#6660=DIRECTION('',(-0.125346128862864,-0.992113072174283,0.));
#6661=DIRECTION('',(0.,0.,1.));
#6662=DIRECTION('',(-0.125346128862864,-0.992113072174283,0.));
#6663=DIRECTION('',(0.,0.,-1.));
#6664=DIRECTION('',(0.,0.,-1.));
#6665=DIRECTION('',(-1.,0.,0.));
#6666=DIRECTION('',(0.,0.,1.));
#6667=DIRECTION('',(1.,0.,0.));
#6668=DIRECTION('',(0.,0.,1.));
#6669=DIRECTION('',(1.,0.,0.));
#6670=DIRECTION('',(0.,0.,1.));
#6671=DIRECTION('',(1.,0.,0.));
#6672=DIRECTION('',(0.,0.,-1.));
#6673=DIRECTION('',(-1.,0.,0.));
#6674=DIRECTION('',(0.,0.,1.));
#6675=DIRECTION('',(1.,0.,0.));
#6676=DIRECTION('',(0.,0.,-1.));
#6677=DIRECTION('',(-1.,0.,0.));
#6678=DIRECTION('',(0.,0.,1.));
#6679=DIRECTION('',(1.,0.,0.));
#6680=DIRECTION('',(0.,0.,-1.));
#6681=DIRECTION('',(-1.,0.,0.));
#6682=DIRECTION('',(0.,0.,-1.));
#6683=DIRECTION('',(0.,0.,1.));
#6684=DIRECTION('',(1.,0.,0.));
#6685=DIRECTION('',(0.,0.,-1.));
#6686=DIRECTION('',(0.992113072174283,-0.125346128862864,0.));
#6687=DIRECTION('',(0.125346128862864,0.992113072174283,0.));
#6688=DIRECTION('',(0.,0.,1.));
#6689=DIRECTION('',(0.125346128862864,0.992113072174283,0.));
#6690=DIRECTION('',(0.,0.,-1.));
#6691=DIRECTION('',(0.,-1.,0.));
#6692=DIRECTION('',(0.,0.,-1.));
#6693=DIRECTION('',(0.,0.,-1.));
#6694=DIRECTION('',(1.,0.,0.));
#6695=DIRECTION('',(0.,0.,1.));
#6696=DIRECTION('',(0.,0.,-1.));
#6697=DIRECTION('',(-1.,0.,0.));
#6698=DIRECTION('',(0.,0.,1.));
#6699=DIRECTION('',(1.,0.,0.));
#6700=DIRECTION('',(0.,0.,-1.));
#6701=DIRECTION('',(-1.,0.,0.));
#6702=DIRECTION('',(0.,0.,1.));
#6703=DIRECTION('',(1.,0.,0.));
#6704=DIRECTION('',(0.,0.,-1.));
#6705=DIRECTION('',(-1.,0.,0.));
#6706=DIRECTION('',(0.,0.,-1.));
#6707=DIRECTION('',(-1.,0.,0.));
#6708=DIRECTION('',(0.,0.,-1.));
#6709=DIRECTION('',(0.,0.,1.));
#6710=DIRECTION('',(1.,0.,0.));
#6711=DIRECTION('',(0.,0.,-1.));
#6712=DIRECTION('',(-0.922175897391903,-0.386770751569246,0.));
#6713=DIRECTION('',(0.386770751569246,-0.922175897391903,0.));
#6714=DIRECTION('',(0.,0.,-1.));
#6715=DIRECTION('',(0.386770751569246,-0.922175897391903,0.));
#6716=DIRECTION('',(0.,0.,-1.));
#6717=DIRECTION('',(0.,1.,0.));
#6718=DIRECTION('',(0.,0.,1.));
#6719=DIRECTION('',(0.,0.,-1.));
#6720=DIRECTION('',(-1.,0.,0.));
#6721=DIRECTION('',(0.,0.,1.));
#6722=DIRECTION('',(0.992113072174283,-0.125346128862864,0.));
#6723=DIRECTION('',(0.125346128862864,0.992113072174283,0.));
#6724=DIRECTION('',(0.,0.,1.));
#6725=DIRECTION('',(0.125346128862864,0.992113072174283,0.));
#6726=DIRECTION('',(0.,0.,-1.));
#6727=DIRECTION('',(0.,0.,-1.));
#6728=DIRECTION('',(-1.,0.,0.));
#6729=DIRECTION('',(0.,0.,1.));
#6730=DIRECTION('',(1.,0.,0.));
#6731=DIRECTION('',(0.,0.,1.));
#6732=DIRECTION('',(1.,0.,0.));
#6733=DIRECTION('',(0.,0.,1.));
#6734=DIRECTION('',(1.,0.,0.));
#6735=DIRECTION('',(0.,0.,-1.));
#6736=DIRECTION('',(-1.,0.,0.));
#6737=DIRECTION('',(0.,0.,1.));
#6738=DIRECTION('',(1.,0.,0.));
#6739=DIRECTION('',(0.,0.,-1.));
#6740=DIRECTION('',(-1.,0.,0.));
#6741=DIRECTION('',(0.,0.,1.));
#6742=DIRECTION('',(1.,0.,0.));
#6743=DIRECTION('',(0.,0.,-1.));
#6744=DIRECTION('',(-1.,0.,0.));
#6745=DIRECTION('',(0.,0.,-1.));
#6746=DIRECTION('',(0.,0.,1.));
#6747=DIRECTION('',(1.,0.,0.));
#6748=DIRECTION('',(0.,0.,-1.));
#6749=DIRECTION('',(-1.,0.,0.));
#6750=DIRECTION('',(0.,0.,1.));
#6751=DIRECTION('',(0.,0.,-1.));
#6752=DIRECTION('',(0.,-1.,0.));
#6753=DIRECTION('',(0.,0.,-1.));
#6754=DIRECTION('',(0.386770751569246,0.922175897391902,0.));
#6755=DIRECTION('',(-0.922175897391903,0.386770751569247,0.));
#6756=DIRECTION('',(0.,0.,-1.));
#6757=DIRECTION('',(-0.922175897391903,0.386770751569247,0.));
#6758=DIRECTION('',(0.,0.,1.));
#6759=DIRECTION('',(0.125346128862864,-0.992113072174283,0.));
#6760=DIRECTION('',(0.992113072174283,0.125346128862864,0.));
#6761=DIRECTION('',(0.,0.,1.));
#6762=DIRECTION('',(0.992113072174283,0.125346128862864,0.));
#6763=DIRECTION('',(0.,0.,-1.));
#6764=DIRECTION('',(0.,0.,1.));
#6765=DIRECTION('',(1.,0.,0.));
#6766=DIRECTION('',(0.,0.,1.));
#6767=DIRECTION('',(1.,0.,0.));
#6768=DIRECTION('',(0.,0.,-1.));
#6769=DIRECTION('',(-1.,0.,0.));
#6770=DIRECTION('',(0.,0.,1.));
#6771=DIRECTION('',(1.,0.,0.));
#6772=DIRECTION('',(0.,0.,-1.));
#6773=DIRECTION('',(-1.,0.,0.));
#6774=DIRECTION('',(0.,0.,1.));
#6775=DIRECTION('',(1.,0.,0.));
#6776=DIRECTION('',(0.,0.,-1.));
#6777=DIRECTION('',(-1.,0.,0.));
#6778=DIRECTION('',(0.,0.,1.));
#6779=DIRECTION('',(1.,0.,0.));
#6780=DIRECTION('',(0.,0.,-1.));
#6781=DIRECTION('',(-1.,0.,0.));
#6782=DIRECTION('',(0.,0.,-1.));
#6783=DIRECTION('',(0.,0.,1.));
#6784=DIRECTION('',(1.,0.,0.));
#6785=DIRECTION('',(0.,0.,-1.));
#6786=DIRECTION('',(-0.386770751569246,0.922175897391902,0.));
#6787=DIRECTION('',(-0.922175897391903,-0.386770751569246,0.));
#6788=DIRECTION('',(0.,0.,-1.));
#6789=DIRECTION('',(-0.922175897391903,-0.386770751569246,0.));
#6790=DIRECTION('',(0.,0.,-1.));
#6791=DIRECTION('',(1.,0.,0.));
#6792=DIRECTION('',(0.,0.,-1.));
#6793=DIRECTION('',(0.,0.,-1.));
#6794=DIRECTION('',(0.,1.,0.));
#6795=DIRECTION('',(0.,0.,1.));
#6796=DIRECTION('',(-0.125346128862864,-0.992113072174283,0.));
#6797=DIRECTION('',(0.992113072174283,-0.125346128862864,0.));
#6798=DIRECTION('',(0.,0.,1.));
#6799=DIRECTION('',(0.992113072174283,-0.125346128862864,0.));
#6800=DIRECTION('',(0.,0.,-1.));
#6801=DIRECTION('',(0.,0.,-1.));
#6802=DIRECTION('',(-1.,0.,0.));
#6803=DIRECTION('',(0.,0.,1.));
#6804=DIRECTION('',(1.,0.,0.));
#6805=DIRECTION('',(0.,0.,1.));
#6806=DIRECTION('',(1.,0.,0.));
#6807=DIRECTION('',(0.,0.,1.));
#6808=DIRECTION('',(1.,0.,0.));
#6809=DIRECTION('',(0.,0.,-1.));
#6810=DIRECTION('',(-1.,0.,0.));
#6811=DIRECTION('',(0.,0.,1.));
#6812=DIRECTION('',(1.,0.,0.));
#6813=DIRECTION('',(0.,0.,-1.));
#6814=DIRECTION('',(-1.,0.,0.));
#6815=DIRECTION('',(0.,0.,1.));
#6816=DIRECTION('',(1.,0.,0.));
#6817=DIRECTION('',(0.,0.,-1.));
#6818=DIRECTION('',(-1.,0.,0.));
#6819=DIRECTION('',(0.,0.,-1.));
#6820=DIRECTION('',(0.,0.,1.));
#6821=DIRECTION('',(1.,0.,0.));
#6822=DIRECTION('',(0.,0.,-1.));
#6823=DIRECTION('',(-0.707106781186548,0.707106781186547,0.));
#6824=DIRECTION('',(-0.707106781186547,-0.707106781186548,0.));
#6825=DIRECTION('',(0.,0.,-1.));
#6826=DIRECTION('',(-0.707106781186547,-0.707106781186548,0.));
#6827=DIRECTION('',(0.,0.,-1.));
#6828=DIRECTION('',(0.386770751569246,-0.922175897391903,0.));
#6829=DIRECTION('',(0.922175897391903,0.386770751569246,0.));
#6830=DIRECTION('',(0.,0.,-1.));
#6831=DIRECTION('',(0.922175897391903,0.386770751569246,0.));
#6832=DIRECTION('',(0.,0.,-1.));
#6833=DIRECTION('',(0.,0.,-1.));
#6834=DIRECTION('',(-1.,0.,0.));
#6835=DIRECTION('',(0.,0.,1.));
#6836=DIRECTION('',(1.,0.,0.));
#6837=DIRECTION('',(0.,0.,-1.));
#6838=DIRECTION('',(-1.,0.,0.));
#6839=DIRECTION('',(0.,0.,1.));
#6840=DIRECTION('',(1.,0.,0.));
#6841=DIRECTION('',(0.,0.,-1.));
#6842=DIRECTION('',(-1.,0.,0.));
#6843=DIRECTION('',(0.,0.,1.));
#6844=DIRECTION('',(1.,0.,0.));
#6845=DIRECTION('',(0.,0.,-1.));
#6846=DIRECTION('',(-1.,0.,0.));
#6847=DIRECTION('',(0.,0.,-1.));
#6848=DIRECTION('',(0.,0.,1.));
#6849=DIRECTION('',(1.,0.,0.));
#6850=DIRECTION('',(0.,0.,-1.));
#6851=DIRECTION('',(0.922175897391903,0.386770751569246,0.));
#6852=DIRECTION('',(-0.386770751569246,0.922175897391903,0.));
#6853=DIRECTION('',(0.,0.,-1.));
#6854=DIRECTION('',(-0.386770751569246,0.922175897391903,0.));
#6855=DIRECTION('',(0.,0.,-1.));
#6856=DIRECTION('',(-0.707106781186548,-0.707106781186548,0.));
#6857=DIRECTION('',(0.707106781186548,-0.707106781186548,0.));
#6858=DIRECTION('',(0.,0.,-1.));
#6859=DIRECTION('',(0.707106781186548,-0.707106781186548,0.));
#6860=DIRECTION('',(0.,0.,-1.));
#6861=DIRECTION('',(0.,0.,-1.));
#6862=DIRECTION('',(-1.,0.,0.));
#6863=DIRECTION('',(0.,0.,1.));
#6864=DIRECTION('',(1.,0.,0.));
#6865=DIRECTION('',(0.,0.,-1.));
#6866=DIRECTION('',(-1.,0.,0.));
#6867=DIRECTION('',(0.,0.,1.));
#6868=DIRECTION('',(1.,0.,0.));
#6869=DIRECTION('',(0.,0.,-1.));
#6870=DIRECTION('',(-1.,0.,0.));
#6871=DIRECTION('',(0.,0.,1.));
#6872=DIRECTION('',(1.,0.,0.));
#6873=DIRECTION('',(0.,0.,-1.));
#6874=DIRECTION('',(-1.,0.,0.));
#6875=DIRECTION('',(0.,0.,-1.));
#6876=DIRECTION('',(0.,0.,1.));
#6877=DIRECTION('',(1.,0.,0.));
#6878=DIRECTION('',(0.,0.,-1.));
#6879=DIRECTION('',(-0.386770751569246,-0.922175897391902,0.));
#6880=DIRECTION('',(0.922175897391903,-0.386770751569246,0.));
#6881=DIRECTION('',(0.,0.,1.));
#6882=DIRECTION('',(0.922175897391903,-0.386770751569246,0.));
#6883=DIRECTION('',(0.,0.,-1.));
#6884=DIRECTION('',(0.707106781186548,0.707106781186547,0.));
#6885=DIRECTION('',(-0.707106781186547,0.707106781186548,0.));
#6886=DIRECTION('',(0.,0.,-1.));
#6887=DIRECTION('',(-0.707106781186547,0.707106781186548,0.));
#6888=DIRECTION('',(0.,0.,1.));
#6889=DIRECTION('',(0.,0.,1.));
#6890=DIRECTION('',(1.,0.,0.));
#6891=DIRECTION('',(0.,0.,1.));
#6892=DIRECTION('',(1.,0.,0.));
#6893=DIRECTION('',(0.,0.,-1.));
#6894=DIRECTION('',(-1.,0.,0.));
#6895=DIRECTION('',(0.,0.,1.));
#6896=DIRECTION('',(1.,0.,0.));
#6897=DIRECTION('',(0.,0.,-1.));
#6898=DIRECTION('',(-1.,0.,0.));
#6899=DIRECTION('',(0.,0.,1.));
#6900=DIRECTION('',(1.,0.,0.));
#6901=DIRECTION('',(0.,0.,-1.));
#6902=DIRECTION('',(-1.,0.,0.));
#6903=DIRECTION('',(0.,0.,-1.));
#6904=DIRECTION('',(0.,0.,1.));
#6905=DIRECTION('',(1.,0.,0.));
#6906=DIRECTION('',(0.,0.,-1.));
#6907=DIRECTION('',(0.922175897391903,-0.386770751569246,0.));
#6908=DIRECTION('',(0.386770751569246,0.922175897391903,0.));
#6909=DIRECTION('',(0.,0.,1.));
#6910=DIRECTION('',(0.386770751569246,0.922175897391903,0.));
#6911=DIRECTION('',(0.,0.,-1.));
#6912=DIRECTION('',(-0.707106781186548,0.707106781186548,0.));
#6913=DIRECTION('',(-0.707106781186548,-0.707106781186548,0.));
#6914=DIRECTION('',(0.,0.,-1.));
#6915=DIRECTION('',(-0.707106781186548,-0.707106781186548,0.));
#6916=DIRECTION('',(0.,0.,1.));
#6917=DIRECTION('',(0.,0.,1.));
#6918=DIRECTION('',(1.,0.,0.));
#6919=DIRECTION('',(0.,0.,1.));
#6920=DIRECTION('',(1.,0.,0.));
#6921=DIRECTION('',(0.,0.,-1.));
#6922=DIRECTION('',(-1.,0.,0.));
#6923=DIRECTION('',(0.,0.,1.));
#6924=DIRECTION('',(1.,0.,0.));
#6925=DIRECTION('',(0.,0.,-1.));
#6926=DIRECTION('',(-1.,0.,0.));
#6927=DIRECTION('',(0.,0.,1.));
#6928=DIRECTION('',(1.,0.,0.));
#6929=DIRECTION('',(0.,0.,-1.));
#6930=DIRECTION('',(-1.,0.,0.));
#6931=DIRECTION('',(0.,0.,-1.));
#6932=DIRECTION('',(0.,0.,1.));
#6933=DIRECTION('',(1.,0.,0.));
#6934=DIRECTION('',(0.,0.,-1.));
#6935=DIRECTION('',(0.386770751569246,0.922175897391903,0.));
#6936=DIRECTION('',(-0.922175897391903,0.386770751569246,0.));
#6937=DIRECTION('',(0.,0.,1.));
#6938=DIRECTION('',(-0.922175897391903,0.386770751569246,0.));
#6939=DIRECTION('',(0.,0.,-1.));
#6940=DIRECTION('',(-0.707106781186548,-0.707106781186547,0.));
#6941=DIRECTION('',(0.707106781186547,-0.707106781186548,0.));
#6942=DIRECTION('',(0.,0.,-1.));
#6943=DIRECTION('',(0.707106781186547,-0.707106781186548,0.));
#6944=DIRECTION('',(0.,0.,1.));
#6945=DIRECTION('',(0.,0.,1.));
#6946=DIRECTION('',(1.,0.,0.));
#6947=DIRECTION('',(0.,0.,1.));
#6948=DIRECTION('',(1.,0.,0.));
#6949=DIRECTION('',(0.,0.,-1.));
#6950=DIRECTION('',(-1.,0.,0.));
#6951=DIRECTION('',(0.,0.,1.));
#6952=DIRECTION('',(1.,0.,0.));
#6953=DIRECTION('',(0.,0.,-1.));
#6954=DIRECTION('',(-1.,0.,0.));
#6955=DIRECTION('',(0.,0.,1.));
#6956=DIRECTION('',(1.,0.,0.));
#6957=DIRECTION('',(0.,0.,-1.));
#6958=DIRECTION('',(-1.,0.,0.));
#6959=DIRECTION('',(0.,0.,-1.));
#6960=DIRECTION('',(0.,0.,1.));
#6961=DIRECTION('',(1.,0.,0.));
#6962=DIRECTION('',(0.,0.,-1.));
#6963=DIRECTION('',(-0.992113072174283,-0.125346128862864,0.));
#6964=DIRECTION('',(0.125346128862864,-0.992113072174283,0.));
#6965=DIRECTION('',(0.,0.,1.));
#6966=DIRECTION('',(0.125346128862864,-0.992113072174283,0.));
#6967=DIRECTION('',(0.,0.,1.));
#6968=DIRECTION('',(0.,-1.,0.));
#6969=DIRECTION('',(0.,0.,-1.));
#6970=DIRECTION('',(0.,0.,1.));
#6971=DIRECTION('',(0.,-1.,0.));
#6972=DIRECTION('',(0.,0.,-1.));
#6973=DIRECTION('',(1.,0.,0.));
#6974=DIRECTION('',(0.,0.,1.));
#6975=DIRECTION('',(0.,0.,1.));
#6976=DIRECTION('',(1.,0.,0.));
#6977=DIRECTION('',(0.,0.,1.));
#6978=DIRECTION('',(1.,0.,0.));
#6979=DIRECTION('',(0.,0.,-1.));
#6980=DIRECTION('',(-1.,0.,0.));
#6981=DIRECTION('',(0.,0.,1.));
#6982=DIRECTION('',(1.,0.,0.));
#6983=DIRECTION('',(0.,0.,-1.));
#6984=DIRECTION('',(-1.,0.,0.));
#6985=DIRECTION('',(0.,0.,-1.));
#6986=DIRECTION('',(-1.,0.,0.));
#6987=DIRECTION('',(0.,0.,-1.));
#6988=DIRECTION('',(0.,0.,1.));
#6989=DIRECTION('',(1.,0.,0.));
#6990=DIRECTION('',(0.,0.,-1.));
#6991=DIRECTION('',(0.,-1.,0.));
#6992=DIRECTION('',(0.,0.,-1.));
#6993=DIRECTION('',(0.,0.,-1.));
#6994=DIRECTION('',(1.,0.,0.));
#6995=DIRECTION('',(0.,0.,-1.));
#6996=DIRECTION('',(-0.922175897391903,0.386770751569246,0.));
#6997=DIRECTION('',(-0.386770751569246,-0.922175897391903,0.));
#6998=DIRECTION('',(0.,0.,-1.));
#6999=DIRECTION('',(-0.386770751569246,-0.922175897391903,0.));
#7000=DIRECTION('',(0.,0.,1.));
#7001=DIRECTION('',(0.992113072174283,0.125346128862864,0.));
#7002=DIRECTION('',(-0.125346128862864,0.992113072174283,0.));
#7003=DIRECTION('',(0.,0.,1.));
#7004=DIRECTION('',(-0.125346128862864,0.992113072174283,0.));
#7005=DIRECTION('',(0.,0.,-1.));
#7006=DIRECTION('',(0.,0.,1.));
#7007=DIRECTION('',(1.,0.,0.));
#7008=DIRECTION('',(0.,0.,1.));
#7009=DIRECTION('',(1.,0.,0.));
#7010=DIRECTION('',(0.,0.,-1.));
#7011=DIRECTION('',(-1.,0.,0.));
#7012=DIRECTION('',(0.,0.,1.));
#7013=DIRECTION('',(1.,0.,0.));
#7014=DIRECTION('',(0.,0.,-1.));
#7015=DIRECTION('',(-1.,0.,0.));
#7016=DIRECTION('',(0.,0.,1.));
#7017=DIRECTION('',(1.,0.,0.));
#7018=DIRECTION('',(0.,0.,-1.));
#7019=DIRECTION('',(-1.,0.,0.));
#7020=DIRECTION('',(0.,0.,1.));
#7021=DIRECTION('',(1.,0.,0.));
#7022=DIRECTION('',(0.,0.,-1.));
#7023=DIRECTION('',(-1.,0.,0.));
#7024=DIRECTION('',(0.,0.,-1.));
#7025=DIRECTION('',(0.,0.,1.));
#7026=DIRECTION('',(1.,0.,0.));
#7027=DIRECTION('',(0.,0.,-1.));
#7028=DIRECTION('',(0.992113072174283,0.125346128862864,0.));
#7029=DIRECTION('',(-0.125346128862864,0.992113072174283,0.));
#7030=DIRECTION('',(0.,0.,1.));
#7031=DIRECTION('',(-0.125346128862864,0.992113072174283,0.));
#7032=DIRECTION('',(0.,0.,1.));
#7033=DIRECTION('',(0.,1.,0.));
#7034=DIRECTION('',(0.,0.,1.));
#7035=DIRECTION('',(0.,0.,1.));
#7036=DIRECTION('',(-1.,0.,0.));
#7037=DIRECTION('',(0.,0.,1.));
#7038=DIRECTION('',(0.,0.,1.));
#7039=DIRECTION('',(1.,0.,0.));
#7040=DIRECTION('',(0.,0.,1.));
#7041=DIRECTION('',(1.,0.,0.));
#7042=DIRECTION('',(0.,0.,-1.));
#7043=DIRECTION('',(-1.,0.,0.));
#7044=DIRECTION('',(0.,0.,1.));
#7045=DIRECTION('',(1.,0.,0.));
#7046=DIRECTION('',(0.,0.,-1.));
#7047=DIRECTION('',(-1.,0.,0.));
#7048=DIRECTION('',(0.,0.,-1.));
#7049=DIRECTION('',(-1.,0.,0.));
#7050=DIRECTION('',(0.,0.,-1.));
#7051=DIRECTION('',(0.,0.,1.));
#7052=DIRECTION('',(1.,0.,0.));
#7053=DIRECTION('',(0.,0.,-1.));
#7054=DIRECTION('',(0.125346128862864,0.992113072174283,0.));
#7055=DIRECTION('',(-0.992113072174283,0.125346128862864,0.));
#7056=DIRECTION('',(0.,0.,1.));
#7057=DIRECTION('',(-0.992113072174283,0.125346128862864,0.));
#7058=DIRECTION('',(0.,0.,-1.));
#7059=DIRECTION('',(1.,0.,0.));
#7060=DIRECTION('',(0.,0.,-1.));
#7061=DIRECTION('',(0.,0.,-1.));
#7062=DIRECTION('',(0.,1.,0.));
#7063=DIRECTION('',(0.,0.,1.));
#7064=DIRECTION('',(0.,0.,-1.));
#7065=DIRECTION('',(-1.,0.,0.));
#7066=DIRECTION('',(0.,0.,1.));
#7067=DIRECTION('',(1.,0.,0.));
#7068=DIRECTION('',(0.,0.,-1.));
#7069=DIRECTION('',(-1.,0.,0.));
#7070=DIRECTION('',(0.,0.,1.));
#7071=DIRECTION('',(1.,0.,0.));
#7072=DIRECTION('',(0.,0.,-1.));
#7073=DIRECTION('',(-1.,0.,0.));
#7074=DIRECTION('',(0.,0.,1.));
#7075=DIRECTION('',(1.,0.,0.));
#7076=DIRECTION('',(0.,0.,-1.));
#7077=DIRECTION('',(-1.,0.,0.));
#7078=DIRECTION('',(0.,0.,-1.));
#7079=DIRECTION('',(0.,0.,1.));
#7080=DIRECTION('',(1.,0.,0.));
#7081=DIRECTION('',(0.,0.,-1.));
#7082=DIRECTION('',(-0.125346128862864,0.992113072174283,0.));
#7083=DIRECTION('',(-0.992113072174283,-0.125346128862864,0.));
#7084=DIRECTION('',(0.,0.,1.));
#7085=DIRECTION('',(-0.992113072174283,-0.125346128862864,0.));
#7086=DIRECTION('',(0.,0.,1.));
#7087=DIRECTION('',(-1.,0.,0.));
#7088=DIRECTION('',(0.,0.,1.));
#7089=DIRECTION('',(0.,0.,1.));
#7090=DIRECTION('',(0.,-1.,0.));
#7091=DIRECTION('',(0.,0.,1.));
#7092=DIRECTION('',(0.,0.,-1.));
#7093=DIRECTION('',(-1.,0.,0.));
#7094=DIRECTION('',(0.,0.,1.));
#7095=DIRECTION('',(1.,0.,0.));
#7096=DIRECTION('',(0.,0.,1.));
#7097=DIRECTION('',(1.,0.,0.));
#7098=DIRECTION('',(0.,0.,1.));
#7099=DIRECTION('',(1.,0.,0.));
#7100=DIRECTION('',(0.,0.,-1.));
#7101=DIRECTION('',(-1.,0.,0.));
#7102=DIRECTION('',(0.,0.,1.));
#7103=DIRECTION('',(1.,0.,0.));
#7104=DIRECTION('',(0.,0.,-1.));
#7105=DIRECTION('',(-1.,0.,0.));
#7106=DIRECTION('',(0.,0.,-1.));
#7107=DIRECTION('',(0.,0.,1.));
#7108=DIRECTION('',(1.,0.,0.));
#7109=DIRECTION('',(0.,0.,-1.));
#7110=DIRECTION('',(-0.992113072174283,0.125346128862864,0.));
#7111=DIRECTION('',(-0.125346128862864,-0.992113072174283,0.));
#7112=DIRECTION('',(0.,0.,1.));
#7113=DIRECTION('',(-0.125346128862864,-0.992113072174283,0.));
#7114=DIRECTION('',(0.,0.,-1.));
#7115=DIRECTION('',(0.,1.,0.));
#7116=DIRECTION('',(0.,0.,1.));
#7117=DIRECTION('',(0.,0.,-1.));
#7118=DIRECTION('',(-1.,0.,0.));
#7119=DIRECTION('',(0.,1.,0.));
#7120=DIRECTION('',(0.,0.,1.));
#7121=DIRECTION('',(0.,0.,1.));
#7122=DIRECTION('',(0.,0.,-1.));
#7123=DIRECTION('',(-1.,0.,0.));
#7124=DIRECTION('',(0.,0.,1.));
#7125=DIRECTION('',(1.,0.,0.));
#7126=DIRECTION('',(0.,0.,-1.));
#7127=DIRECTION('',(-1.,0.,0.));
#7128=DIRECTION('',(0.,0.,1.));
#7129=DIRECTION('',(1.,0.,0.));
#7130=DIRECTION('',(0.,0.,-1.));
#7131=DIRECTION('',(-1.,0.,0.));
#7132=DIRECTION('',(0.,0.,-1.));
#7133=DIRECTION('',(-1.,0.,0.));
#7134=DIRECTION('',(0.,0.,-1.));
#7135=DIRECTION('',(0.,0.,1.));
#7136=DIRECTION('',(1.,0.,0.));
#7137=DIRECTION('',(0.,0.,-1.));
#7138=DIRECTION('',(0.,1.,0.));
#7139=DIRECTION('',(0.,0.,1.));
#7140=DIRECTION('',(0.,0.,-1.));
#7141=DIRECTION('',(-1.,0.,0.));
#7142=DIRECTION('',(0.,0.,-1.));
#7143=DIRECTION('',(0.922175897391903,-0.386770751569246,0.));
#7144=DIRECTION('',(0.386770751569246,0.922175897391903,0.));
#7145=DIRECTION('',(0.,0.,-1.));
#7146=DIRECTION('',(0.386770751569246,0.922175897391903,0.));
#7147=DIRECTION('',(0.,0.,1.));
#7148=DIRECTION('',(-0.992113072174283,-0.125346128862864,0.));
#7149=DIRECTION('',(0.125346128862864,-0.992113072174283,0.));
#7150=DIRECTION('',(0.,0.,1.));
#7151=DIRECTION('',(0.125346128862864,-0.992113072174283,0.));
#7152=DIRECTION('',(0.,0.,-1.));
#7153=DIRECTION('',(0.,0.,1.));
#7154=DIRECTION('',(1.,0.,0.));
#7155=DIRECTION('',(0.,0.,1.));
#7156=DIRECTION('',(1.,0.,0.));
#7157=DIRECTION('',(0.,0.,-1.));
#7158=DIRECTION('',(-1.,0.,0.));
#7159=DIRECTION('',(0.,0.,1.));
#7160=DIRECTION('',(1.,0.,0.));
#7161=DIRECTION('',(0.,0.,-1.));
#7162=DIRECTION('',(-1.,0.,0.));
#7163=DIRECTION('',(0.,0.,1.));
#7164=DIRECTION('',(1.,0.,0.));
#7165=DIRECTION('',(0.,0.,-1.));
#7166=DIRECTION('',(-1.,0.,0.));
#7167=DIRECTION('',(0.,0.,1.));
#7168=DIRECTION('',(1.,0.,0.));
#7169=DIRECTION('',(0.,0.,-1.));
#7170=DIRECTION('',(-1.,0.,0.));
#7171=DIRECTION('',(0.,0.,-1.));
#7172=DIRECTION('',(0.,0.,1.));
#7173=DIRECTION('',(1.,0.,0.));
#7174=DIRECTION('',(0.,0.,-1.));
#7175=DIRECTION('',(-0.922175897391903,0.386770751569246,0.));
#7176=DIRECTION('',(-0.386770751569246,-0.922175897391903,0.));
#7177=DIRECTION('',(0.,0.,1.));
#7178=DIRECTION('',(-0.386770751569246,-0.922175897391903,0.));
#7179=DIRECTION('',(0.,0.,-1.));
#7180=DIRECTION('',(0.707106781186548,-0.707106781186547,0.));
#7181=DIRECTION('',(0.707106781186547,0.707106781186548,0.));
#7182=DIRECTION('',(0.,0.,-1.));
#7183=DIRECTION('',(0.707106781186547,0.707106781186548,0.));
#7184=DIRECTION('',(0.,0.,1.));
#7185=DIRECTION('',(0.,0.,1.));
#7186=DIRECTION('',(1.,0.,0.));
#7187=DIRECTION('',(0.,0.,1.));
#7188=DIRECTION('',(1.,0.,0.));
#7189=DIRECTION('',(0.,0.,-1.));
#7190=DIRECTION('',(-1.,0.,0.));
#7191=DIRECTION('',(0.,0.,1.));
#7192=DIRECTION('',(1.,0.,0.));
#7193=DIRECTION('',(0.,0.,-1.));
#7194=DIRECTION('',(-1.,0.,0.));
#7195=DIRECTION('',(0.,0.,1.));
#7196=DIRECTION('',(1.,0.,0.));
#7197=DIRECTION('',(0.,-1.20466908053945E-16,1.));
#7198=DIRECTION('',(0.,-1.,-1.20466908053945E-16));
#7199=DIRECTION('',(0.,-1.20466908053945E-16,1.));
#7200=DIRECTION('',(0.,-1.,-1.20466908053945E-16));
#7201=DIRECTION('',(0.,1.,0.));
#7202=DIRECTION('',(0.,0.,1.));
#7203=DIRECTION('',(0.,0.,-1.));
#7204=DIRECTION('',(-1.,0.,0.));
#7205=DIRECTION('',(0.,1.,0.));
#7206=DIRECTION('',(0.,0.,1.));
#7207=DIRECTION('',(0.,1.,0.));
#7208=DIRECTION('',(0.,0.,1.));
#7209=DIRECTION('',(-1.,0.,0.));
#7210=DIRECTION('',(0.,0.,-1.));
#7211=DIRECTION('',(0.,1.,0.));
#7212=DIRECTION('',(0.,0.,1.));
#7213=DIRECTION('',(0.,-1.,0.));
#7214=DIRECTION('',(0.,0.,-1.));
#7215=DIRECTION('',(0.,-1.,0.));
#7216=DIRECTION('',(0.,0.,-1.));
#7217=DIRECTION('',(0.,-1.,0.));
#7218=DIRECTION('',(0.,0.,-1.));
#7219=DIRECTION('',(0.,-1.,0.));
#7220=DIRECTION('',(0.,0.,-1.));
#7221=DIRECTION('',(-1.,0.,0.));
#7222=DIRECTION('',(0.,0.,1.));
#7223=DIRECTION('',(1.,0.,0.));
#7224=DIRECTION('',(0.,-1.,0.));
#7225=DIRECTION('',(0.,0.,-1.));
#7226=DIRECTION('',(1.,0.,0.));
#7227=DIRECTION('',(0.,0.,1.));
#7228=DIRECTION('',(-1.,0.,0.));
#7229=DIRECTION('',(0.,-1.20466908053945E-16,1.));
#7230=DIRECTION('',(0.,-1.,-1.20466908053945E-16));
#7231=DIRECTION('',(-1.,0.,0.));
#7232=DIRECTION('',(-1.,0.,0.));
#7233=DIRECTION('',(0.,-1.20466908053945E-16,1.));
#7234=DIRECTION('',(0.,-1.,-1.20466908053945E-16));
#7235=DIRECTION('',(0.,-1.20466908053945E-16,1.));
#7236=DIRECTION('',(0.,-1.,-1.20466908053945E-16));
#7237=DIRECTION('',(0.,-1.20466908053945E-16,1.));
#7238=DIRECTION('',(0.,-1.,-1.20466908053945E-16));
#7239=DIRECTION('',(0.,-1.20466908053945E-16,1.));
#7240=DIRECTION('',(0.,-1.,-1.20466908053945E-16));
#7241=DIRECTION('',(0.,-1.20466908053945E-16,1.));
#7242=DIRECTION('',(0.,-1.,-1.20466908053945E-16));
#7243=DIRECTION('',(0.,-1.20466908053945E-16,1.));
#7244=DIRECTION('',(0.,-1.,-1.20466908053945E-16));
#7245=DIRECTION('',(0.,-1.20466908053945E-16,1.));
#7246=DIRECTION('',(0.,-1.,-1.20466908053945E-16));
#7247=DIRECTION('',(0.,-1.20466908053945E-16,1.));
#7248=DIRECTION('',(0.,-1.,-1.20466908053945E-16));
#7249=DIRECTION('',(0.,-1.20466908053945E-16,1.));
#7250=DIRECTION('',(0.,-1.,-1.20466908053945E-16));
#7251=DIRECTION('',(0.,-1.20466908053945E-16,1.));
#7252=DIRECTION('',(0.,-1.,-1.20466908053945E-16));
#7253=DIRECTION('',(0.,-1.20466908053945E-16,1.));
#7254=DIRECTION('',(0.,-1.,-1.20466908053945E-16));
#7255=DIRECTION('',(0.,-1.20466908053945E-16,1.));
#7256=DIRECTION('',(0.,-1.,-1.20466908053945E-16));
#7257=DIRECTION('',(0.,-1.20466908053945E-16,1.));
#7258=DIRECTION('',(0.,-1.,-1.20466908053945E-16));
#7259=DIRECTION('',(0.,-1.20466908053945E-16,1.));
#7260=DIRECTION('',(0.,-1.,-1.20466908053945E-16));
#7261=DIRECTION('',(0.,-1.20466908053945E-16,1.));
#7262=DIRECTION('',(0.,-1.,-1.20466908053945E-16));
#7263=DIRECTION('',(0.,-1.20466908053945E-16,1.));
#7264=DIRECTION('',(0.,-1.,-1.20466908053945E-16));
#7265=DIRECTION('',(0.,-1.20466908053945E-16,1.));
#7266=DIRECTION('',(0.,-1.,-1.20466908053945E-16));
#7267=DIRECTION('',(0.,-1.20466908053945E-16,1.));
#7268=DIRECTION('',(0.,-1.,-1.20466908053945E-16));
#7269=DIRECTION('',(0.,-1.20466908053945E-16,1.));
#7270=DIRECTION('',(0.,-1.,-1.20466908053945E-16));
#7271=DIRECTION('',(0.,-1.20466908053945E-16,1.));
#7272=DIRECTION('',(0.,-1.,-1.20466908053945E-16));
#7273=DIRECTION('',(0.,-1.20466908053945E-16,1.));
#7274=DIRECTION('',(0.,-1.,-1.20466908053945E-16));
#7275=DIRECTION('',(0.,-1.20466908053945E-16,1.));
#7276=DIRECTION('',(0.,-1.,-1.20466908053945E-16));
#7277=DIRECTION('',(0.,-1.20466908053945E-16,1.));
#7278=DIRECTION('',(1.,0.,0.));
#7279=DIRECTION('',(0.,-1.20466908053945E-16,1.));
#7280=DIRECTION('',(0.,-1.,-1.20466908053945E-16));
#7281=DIRECTION('',(0.,-1.20466908053945E-16,1.));
#7282=DIRECTION('',(0.,-1.,-1.20466908053945E-16));
#7283=DIRECTION('',(0.,0.877895572914385,0.478852130680574));
#7284=DIRECTION('',(0.,-0.478852130680574,0.877895572914384));
#7285=DIRECTION('',(0.,-1.20466908053945E-16,1.));
#7286=DIRECTION('',(1.,0.,0.));
#7287=DIRECTION('',(0.,-1.20466908053945E-16,1.));
#7288=DIRECTION('',(0.,-1.,-1.20466908053945E-16));
#7289=DIRECTION('',(0.,-1.20466908053945E-16,1.));
#7290=DIRECTION('',(0.,-1.,-1.20466908053945E-16));
#7291=DIRECTION('',(0.,0.877895572914385,0.478852130680574));
#7292=DIRECTION('',(0.,-0.478852130680573,0.877895572914384));
#7293=DIRECTION('',(0.,-1.20466908053945E-16,1.));
#7294=DIRECTION('',(1.,0.,0.));
#7295=DIRECTION('',(0.,-1.20466908053945E-16,1.));
#7296=DIRECTION('',(0.,-1.,-1.20466908053945E-16));
#7297=DIRECTION('',(0.,-1.20466908053945E-16,1.));
#7298=DIRECTION('',(0.,-1.,-1.20466908053945E-16));
#7299=DIRECTION('',(0.,0.905882352941177,0.423529411764706));
#7300=DIRECTION('',(0.,-0.423529411764706,0.905882352941176));
#7301=DIRECTION('',(0.,-1.20466908053945E-16,1.));
#7302=DIRECTION('',(0.,-1.,-1.20466908053945E-16));
#7303=DIRECTION('',(0.,0.821686145516458,0.56994024096067));
#7304=DIRECTION('',(0.,-0.56994024096067,0.821686145516458));
#7305=DIRECTION('',(0.,6.02334540269725E-17,-1.));
#7306=DIRECTION('',(0.,1.,6.02334540269725E-17));
#7307=DIRECTION('',(0.,-1.20466908053945E-16,1.));
#7308=DIRECTION('',(0.,-1.20466908053945E-16,1.));
#7309=DIRECTION('',(1.,0.,0.));
#7310=DIRECTION('',(0.,-1.20466908053945E-16,1.));
#7311=DIRECTION('',(0.,-1.,-1.20466908053945E-16));
#7312=DIRECTION('',(0.,-1.20466908053945E-16,1.));
#7313=DIRECTION('',(0.,-1.,-1.20466908053945E-16));
#7314=DIRECTION('',(0.,-0.547659174694387,0.836701516894205));
#7315=DIRECTION('',(0.,-0.836701516894205,-0.547659174694387));
#7316=DIRECTION('',(0.,0.547659174694388,-0.836701516894204));
#7317=DIRECTION('',(0.,0.836701516894204,0.547659174694388));
#7318=DIRECTION('',(0.,-0.547659174694393,0.836701516894201));
#7319=DIRECTION('',(0.,-0.836701516894201,-0.547659174694393));
#7320=DIRECTION('',(0.,-1.20466908053945E-16,1.));
#7321=DIRECTION('',(0.,-1.,-1.20466908053945E-16));
#7322=DIRECTION('',(-6.93889390390722E-15,8.14440624538867E-15,-1.));
#7323=DIRECTION('',(0.,1.,8.14440624538867E-15));
#7324=DIRECTION('',(2.90289152748356E-15,-0.547659174694389,0.836701516894203));
#7325=DIRECTION('',(0.,-0.836701516894203,-0.547659174694389));
#7326=DIRECTION('',(-0.761194029850745,-0.648524208429865,3.46944695195361E-15));
#7327=DIRECTION('',(0.648524208429865,-0.761194029850745,0.));
#7328=DIRECTION('',(-0.422833018121639,0.49629291371746,-0.758225284846119));
#7329=DIRECTION('',(0.,0.836701516894204,0.547659174694388));
#7330=DIRECTION('',(0.,-0.547659174694388,0.836701516894204));
#7331=DIRECTION('',(0.,-0.836701516894204,-0.547659174694388));
#7332=DIRECTION('',(-4.35433729122534E-15,-0.547659174694388,0.836701516894204));
#7333=DIRECTION('',(0.,-0.836701516894204,-0.547659174694388));
#7334=DIRECTION('',(0.422833018121642,0.496292913717461,-0.758225284846117));
#7335=DIRECTION('',(0.,0.836701516894202,0.54765917469439));
#7336=DIRECTION('',(0.761194029850745,-0.648524208429865,1.73472347597681E-15));
#7337=DIRECTION('',(0.648524208429865,0.761194029850745,0.));
#7338=DIRECTION('',(0.,5.34975704353962E-15,-1.));
#7339=DIRECTION('',(0.,1.,5.34975704353962E-15));
#7340=DIRECTION('',(0.,-1.20466908053945E-16,1.));
#7341=DIRECTION('',(0.,-1.,-1.20466908053945E-16));
#7342=DIRECTION('',(0.,1.,0.));
#7343=DIRECTION('',(0.,0.,1.));
#7344=DIRECTION('',(0.,1.,0.));
#7345=DIRECTION('',(0.,0.,1.));
#7346=DIRECTION('',(1.,0.,0.));
#7347=DIRECTION('',(0.,0.,-1.));
#7348=DIRECTION('',(-1.,0.,0.));
#7349=DIRECTION('',(0.,0.,1.));
#7350=DIRECTION('',(-0.707106781186548,0.,0.707106781186548));
#7351=DIRECTION('',(-0.707106781186548,0.,-0.707106781186548));
#7352=DIRECTION('',(0.,0.,-1.));
#7353=DIRECTION('',(-1.,0.,0.));
#7354=DIRECTION('',(0.,0.,-1.));
#7355=DIRECTION('',(-1.,0.,0.));
#7356=DIRECTION('',(-1.3010426069826E-15,8.67361737988405E-16,1.));
#7357=DIRECTION('',(1.,0.,1.3010426069826E-15));
#7358=DIRECTION('',(0.,0.,1.));
#7359=DIRECTION('',(1.,0.,0.));
#7360=DIRECTION('',(0.707106781186548,0.,0.707106781186548));
#7361=DIRECTION('',(-0.707106781186548,0.,0.707106781186548));
#7362=DIRECTION('',(-1.,0.,0.));
#7363=DIRECTION('',(0.,0.,1.));
#7364=DIRECTION('',(1.,0.,0.));
#7365=DIRECTION('',(0.,0.,-1.));
#7366=DIRECTION('',(0.,1.,0.));
#7367=DIRECTION('',(0.,0.,1.));
#7368=DIRECTION('',(0.,-1.,0.));
#7369=DIRECTION('',(0.,0.,-1.));
#7370=DIRECTION('',(0.,1.,0.));
#7371=DIRECTION('',(0.,1.,0.));
#7372=DIRECTION('',(0.,1.,0.));
#7373=DIRECTION('',(0.,0.,1.));
#7374=DIRECTION('',(0.,1.,0.));
#7375=DIRECTION('',(-1.,0.,0.));
#7376=DIRECTION('',(-0.0944854703982362,0.995236636240675,0.0240111175910259));
#7377=DIRECTION('',(-0.99552365411722,-0.0945127192133325,0.));
#7378=DIRECTION('',(-0.0281550207495919,-0.547442065523969,0.836369822328282));
#7379=DIRECTION('',(0.,-0.836701516894203,-0.54765917469439));
#7380=DIRECTION('',(-0.438789837242205,0.492120902567915,-0.751851378923188));
#7381=DIRECTION('',(0.,0.836701516894199,0.547659174694396));
#7382=DIRECTION('',(0.474319568963783,-0.772645175901109,-0.421948312776286));
#7383=DIRECTION('',(0.852226149144322,0.523173576086025,0.));
#7384=DIRECTION('',(0.474319568963879,0.772645175900962,0.42194831277645));
#7385=DIRECTION('',(-0.85222614914423,0.523173576086174,0.));
#7386=DIRECTION('',(-0.438789837242198,-0.492120902567911,0.751851378923196));
#7387=DIRECTION('',(0.,-0.836701516894204,-0.547659174694389));
#7388=DIRECTION('',(-0.0281550207495907,0.547442065523968,-0.836369822328282));
#7389=DIRECTION('',(0.,0.836701516894203,0.547659174694389));
#7390=DIRECTION('',(-0.0944854703982384,-0.995236636240675,-0.0240111175910244));
#7391=DIRECTION('',(0.99552365411722,-0.0945127192133347,0.));
#7392=DIRECTION('',(0.,0.,1.));
#7393=DIRECTION('',(1.,0.,0.));
#7394=DIRECTION('',(0.,0.,1.));
#7395=DIRECTION('',(1.,0.,0.));
#7396=DIRECTION('',(0.,0.,1.));
#7397=DIRECTION('',(1.,0.,0.));
#7398=DIRECTION('',(0.,0.,1.));
#7399=DIRECTION('',(1.,0.,0.));
#7400=DIRECTION('',(0.,0.,1.));
#7401=DIRECTION('',(1.,0.,0.));
#7402=DIRECTION('',(-1.,0.,0.));
#7403=DIRECTION('',(0.,0.,1.));
#7404=DIRECTION('',(1.,0.,0.));
#7405=DIRECTION('',(0.,1.,0.));
#7406=DIRECTION('',(0.,0.,1.));
#7407=DIRECTION('',(1.,0.,0.));
#7408=DIRECTION('',(1.,0.,0.));
#7409=DIRECTION('',(0.,0.,1.));
#7410=DIRECTION('',(1.,0.,0.));
#7411=DIRECTION('',(0.,0.,1.));
#7412=DIRECTION('',(1.,0.,0.));
#7413=DIRECTION('',(0.,0.,1.));
#7414=DIRECTION('',(1.,0.,0.));
#7415=DIRECTION('',(0.,0.,1.));
#7416=DIRECTION('',(1.,0.,0.));
#7417=DIRECTION('',(0.,0.,1.));
#7418=DIRECTION('',(1.,0.,0.));
#7419=DIRECTION('',(0.,1.,0.));
#7420=DIRECTION('',(0.,0.,1.));
#7421=DIRECTION('',(1.,0.,0.));
#7422=DIRECTION('',(-1.,0.,0.));
#7423=DIRECTION('',(1.,0.,0.));
#7424=DIRECTION('',(0.,0.,1.));
#7425=DIRECTION('',(1.,0.,0.));
#7426=DIRECTION('',(0.,1.,0.));
#7427=DIRECTION('',(-1.,0.,0.));
#7428=DIRECTION('',(0.,-1.,0.));
#7429=DIRECTION('',(0.,0.,-1.));
#7430=DIRECTION('',(0.,0.,1.));
#7431=DIRECTION('',(-1.,0.,0.));
#7432=DIRECTION('',(0.,-1.,0.));
#7433=DIRECTION('',(0.,0.,-1.));
#7434=DIRECTION('',(0.,0.,1.));
#7435=DIRECTION('',(1.,0.,0.));
#7436=DIRECTION('',(0.,0.,1.));
#7437=DIRECTION('',(1.,0.,0.));
#7438=DIRECTION('',(0.,0.,1.));
#7439=DIRECTION('',(1.,0.,0.));
#7440=DIRECTION('',(0.,0.,1.));
#7441=DIRECTION('',(1.,0.,0.));
#7442=DIRECTION('',(0.,0.,1.));
#7443=DIRECTION('',(1.,0.,0.));
#7444=DIRECTION('',(0.,1.,0.));
#7445=DIRECTION('',(-1.,0.,0.));
#7446=DIRECTION('',(0.,1.,0.));
#7447=DIRECTION('',(-1.,0.,0.));
#7448=DIRECTION('',(1.,0.,0.));
#7449=DIRECTION('',(0.,1.,0.));
#7450=DIRECTION('',(0.,1.,0.));
#7451=DIRECTION('',(0.,0.,1.));
#7452=DIRECTION('',(0.,0.,1.));
#7453=DIRECTION('',(1.,0.,0.));
#7454=DIRECTION('',(0.,0.,-1.));
#7455=DIRECTION('',(0.,-1.,0.));
#7456=DIRECTION('',(0.,0.,-1.));
#7457=DIRECTION('',(0.,-1.,0.));
#7458=DIRECTION('',(0.,0.,-1.));
#7459=DIRECTION('',(-1.,0.,0.));
#7460=DIRECTION('',(0.,0.,1.));
#7461=DIRECTION('',(0.,0.,1.));
#7462=DIRECTION('',(1.,0.,0.));
#7463=DIRECTION('',(0.,0.,1.));
#7464=DIRECTION('',(1.,0.,0.));
#7465=DIRECTION('',(0.,0.,1.));
#7466=DIRECTION('',(1.,0.,0.));
#7467=DIRECTION('',(0.,0.,1.));
#7468=DIRECTION('',(1.,0.,0.));
#7469=DIRECTION('',(0.,0.,1.));
#7470=DIRECTION('',(1.,0.,0.));
#7471=DIRECTION('',(-1.,0.,0.));
#7472=DIRECTION('',(0.,-1.,0.));
#7473=DIRECTION('',(-1.,0.,0.));
#7474=DIRECTION('',(0.,1.,0.));
#7475=DIRECTION('',(1.,0.,0.));
#7476=DIRECTION('',(0.,1.,0.));
#7477=DIRECTION('',(0.,0.,1.));
#7478=DIRECTION('',(0.,1.,0.));
#7479=DIRECTION('',(1.,0.,0.));
#7480=DIRECTION('',(0.,0.,-1.));
#7481=DIRECTION('',(0.,0.,1.));
#7482=DIRECTION('',(-1.,0.,0.));
#7483=DIRECTION('',(0.,0.,1.));
#7484=DIRECTION('',(1.,0.,0.));
#7485=DIRECTION('',(0.,0.,-1.));
#7486=DIRECTION('',(-1.,0.,0.));
#7487=DIRECTION('',(0.,0.,1.));
#7488=DIRECTION('',(0.,-1.,0.));
#7489=DIRECTION('',(0.,0.,-1.));
#7490=DIRECTION('',(0.,-1.,0.));
#7491=DIRECTION('',(0.,0.,-1.));
#7492=DIRECTION('',(0.,-1.,0.));
#7493=DIRECTION('',(0.,0.,-1.));
#7494=DIRECTION('',(0.,-1.,0.));
#7495=DIRECTION('',(0.,0.,-1.));
#7496=DIRECTION('',(1.,0.,0.));
#7497=DIRECTION('',(0.,0.,-1.));
#7498=DIRECTION('',(1.,0.,0.));
#7499=DIRECTION('',(0.,0.,-1.));
#7500=DIRECTION('',(-1.,0.,0.));
#7501=DIRECTION('',(0.,0.,1.));
#7502=DIRECTION('',(0.,-1.,0.));
#7503=DIRECTION('',(0.,0.,-1.));
#7504=DIRECTION('',(0.,-1.,0.));
#7505=DIRECTION('',(0.,0.,-1.));
#7506=DIRECTION('',(0.,-1.,0.));
#7507=DIRECTION('',(0.,0.,-1.));
#7508=DIRECTION('',(0.,-1.,0.));
#7509=DIRECTION('',(0.,0.,-1.));
#7510=DIRECTION('',(0.,0.,-1.));
#7511=DIRECTION('',(-1.,0.,0.));
#7512=DIRECTION('',(0.,0.,1.));
#7513=DIRECTION('',(1.,0.,0.));
#7514=DIRECTION('',(1.,0.,0.));
#7515=DIRECTION('',(0.,0.,-1.));
#7516=DIRECTION('',(0.,-1.,0.));
#7517=DIRECTION('',(0.,0.,-1.));
#7518=DIRECTION('',(0.,1.,0.));
#7519=DIRECTION('',(0.,0.,1.));
#7520=DIRECTION('',(0.,-1.,0.));
#7521=DIRECTION('',(0.,0.,-1.));
#7522=DIRECTION('',(0.,0.,1.));
#7523=DIRECTION('',(1.,0.,0.));
#7524=DIRECTION('',(0.,0.,1.));
#7525=DIRECTION('',(1.,0.,0.));
#7526=DIRECTION('',(1.,0.,0.));
#7527=DIRECTION('',(0.,0.,-1.));
#7528=DIRECTION('',(1.,0.,0.));
#7529=DIRECTION('',(0.,0.,-1.));
#7530=DIRECTION('',(-1.,0.,0.));
#7531=DIRECTION('',(0.,0.,1.));
#7532=DIRECTION('',(-1.,0.,0.));
#7533=DIRECTION('',(0.,0.,1.));
#7534=DIRECTION('',(-0.967716451216219,-0.252041405418805,1.11914696400916E-15));
#7535=DIRECTION('',(0.252041405418805,-0.967716451216219,0.));
#7536=DIRECTION('',(0.,0.,-1.));
#7537=DIRECTION('',(-1.,0.,0.));
#7538=DIRECTION('',(0.,0.,-1.));
#7539=DIRECTION('',(-1.,0.,0.));
#7540=DIRECTION('',(1.,0.,0.));
#7541=DIRECTION('',(0.,0.,-1.));
#7542=DIRECTION('',(0.,-1.,0.));
#7543=DIRECTION('',(0.,0.,-1.));
#7544=DIRECTION('',(0.,0.,1.));
#7545=DIRECTION('',(1.,0.,0.));
#7546=DIRECTION('',(0.,0.,-1.));
#7547=DIRECTION('',(-1.,0.,0.));
#7548=DIRECTION('',(0.,-1.,0.));
#7549=DIRECTION('',(0.,0.,-1.));
#7550=DIRECTION('',(0.,-1.,0.));
#7551=DIRECTION('',(0.,0.,-1.));
#7552=DIRECTION('',(1.,0.,0.));
#7553=DIRECTION('',(0.,0.,-1.));
#7554=DIRECTION('',(1.,0.,0.));
#7555=DIRECTION('',(0.,0.,-1.));
#7556=DIRECTION('',(1.,0.,0.));
#7557=DIRECTION('',(0.,0.,-1.));
#7558=DIRECTION('',(-1.,0.,0.));
#7559=DIRECTION('',(0.,0.,1.));
#7560=DIRECTION('',(-0.93857012680662,-0.345088564090735,0.));
#7561=DIRECTION('',(0.345088564090735,-0.93857012680662,0.));
#7562=DIRECTION('',(0.,0.,-1.));
#7563=DIRECTION('',(-1.,0.,0.));
#7564=DIRECTION('',(0.,0.,1.));
#7565=DIRECTION('',(1.,0.,0.));
#7566=DIRECTION('',(0.,0.,-1.));
#7567=DIRECTION('',(-1.,0.,0.));
#7568=DIRECTION('',(0.,0.,1.));
#7569=DIRECTION('',(1.,0.,0.));
#7570=DIRECTION('',(0.,0.,-1.));
#7571=DIRECTION('',(-1.,0.,0.));
#7572=DIRECTION('',(0.,0.,1.));
#7573=DIRECTION('',(1.,0.,0.));
#7574=DIRECTION('',(0.,0.,-1.));
#7575=DIRECTION('',(-1.,0.,0.));
#7576=DIRECTION('',(0.,0.,1.));
#7577=DIRECTION('',(1.,0.,0.));
#7578=DIRECTION('',(0.,0.,1.));
#7579=DIRECTION('',(1.,0.,0.));
#7580=DIRECTION('',(0.,0.,1.));
#7581=DIRECTION('',(1.,0.,0.));
#7582=DIRECTION('',(0.,0.,1.));
#7583=DIRECTION('',(1.,0.,0.));
#7584=DIRECTION('',(0.,0.,1.));
#7585=DIRECTION('',(1.,0.,0.));
#7586=DIRECTION('',(0.,0.,1.));
#7587=DIRECTION('',(1.,0.,0.));
#7588=DIRECTION('',(0.,0.,1.));
#7589=DIRECTION('',(1.,0.,0.));
#7590=DIRECTION('',(0.,0.,1.));
#7591=DIRECTION('',(1.,0.,0.));
#7592=DIRECTION('',(0.,0.,1.));
#7593=DIRECTION('',(1.,0.,0.));
#7594=DIRECTION('',(0.,-1.,0.));
#7595=DIRECTION('',(0.,0.,-1.));
#7596=DIRECTION('',(0.,1.,0.));
#7597=DIRECTION('',(0.,0.,1.));
#7598=DIRECTION('',(1.18271721970796E-15,0.932197727350333,-0.361949440009062));
#7599=DIRECTION('',(0.,0.361949440009062,0.932197727350333));
#7600=DIRECTION('',(-0.648524208429864,0.761194029850746,-1.82719188575464E-16));
#7601=DIRECTION('',(-0.761194029850747,-0.648524208429864,0.));
#7602=DIRECTION('',(0.,6.02334540269725E-17,-1.));
#7603=DIRECTION('',(0.,1.,6.02334540269725E-17));
#7604=DIRECTION('',(-0.977818968578177,0.209451819492482,2.28398985719332E-16));
#7605=DIRECTION('',(-0.209451819492482,-0.977818968578177,0.));
#7606=DIRECTION('',(-0.977818968578176,-0.209451819492481,-3.19758580007065E-16));
#7607=DIRECTION('',(0.209451819492482,-0.977818968578177,0.));
#7608=DIRECTION('',(0.,6.02334540269725E-17,-1.));
#7609=DIRECTION('',(0.,1.,6.02334540269725E-17));
#7610=DIRECTION('',(-0.648524208429862,-0.761194029850747,1.46175350860372E-15));
#7611=DIRECTION('',(0.761194029850748,-0.648524208429862,0.));
#7612=DIRECTION('',(2.67937553476612E-15,-0.932197727350333,0.361949440009062));
#7613=DIRECTION('',(0.,-0.361949440009062,-0.932197727350333));
#7614=DIRECTION('',(0.,1.,0.));
#7615=DIRECTION('',(0.,0.,1.));
#7616=DIRECTION('',(0.,1.,1.15648231731787E-15));
#7617=DIRECTION('',(0.,-1.15648231731787E-15,1.));
#7618=DIRECTION('',(-6.93889390390723E-15,1.,-6.93889390390723E-15));
#7619=DIRECTION('',(-1.,-6.93889390390723E-15,0.));
#7620=DIRECTION('',(0.,-1.,0.));
#7621=DIRECTION('',(0.,0.,-1.));
#7622=DIRECTION('',(0.,-1.,0.));
#7623=DIRECTION('',(0.,0.,-1.));
#7624=DIRECTION('',(-0.638665104771411,1.27814344803042E-13,-0.769484817229894));
#7625=DIRECTION('',(-0.769484817229894,0.,0.638665104771411));
#7626=DIRECTION('',(0.,-1.,0.));
#7627=DIRECTION('',(0.,0.,-1.));
#7628=DIRECTION('',(0.557369997915436,0.,-0.830264226270016));
#7629=DIRECTION('',(-0.830264226270016,0.,-0.557369997915436));
#7630=DIRECTION('',(0.,0.,1.));
#7631=DIRECTION('',(1.,0.,0.));
#7632=DIRECTION('',(0.,0.,1.));
#7633=DIRECTION('',(1.,0.,0.));
#7634=DIRECTION('',(0.,0.,1.));
#7635=DIRECTION('',(1.,0.,0.));
#7636=DIRECTION('',(0.,0.,1.));
#7637=DIRECTION('',(1.,0.,0.));
#7638=DIRECTION('',(0.,0.,1.));
#7639=DIRECTION('',(1.,0.,0.));
#7640=DIRECTION('',(0.,0.,1.));
#7641=DIRECTION('',(1.,0.,0.));
#7642=DIRECTION('',(0.,0.,1.));
#7643=DIRECTION('',(1.,0.,0.));
#7644=DIRECTION('',(0.,0.,1.));
#7645=DIRECTION('',(1.,0.,0.));
#7646=CARTESIAN_POINT('',(0.,0.,0.));
#7647=CARTESIAN_POINT('',(0.,1.11430088160679E-17,-0.0792));
#7648=CARTESIAN_POINT('',(0.0270223880597015,-0.0230226093992601,-0.0792));
#7649=CARTESIAN_POINT('',(0.0270223880597015,-0.0230226093992601,-0.0231562644036561));
#7650=CARTESIAN_POINT('',(0.0270223880597015,-0.0230226093992601,-0.00630277563773199));
#7651=CARTESIAN_POINT('',(0.,2.36130559143082E-18,-0.00630277563773199));
#7652=CARTESIAN_POINT('',(0.00743553959198311,-0.0347125733845252,-0.00630277563773199));
#7653=CARTESIAN_POINT('',(0.,8.39011031883903E-18,-0.0563480936823234));
#7654=CARTESIAN_POINT('',(0.,0.0635,-0.0325));
#7655=CARTESIAN_POINT('',(0.0255567879101428,0.0635,-0.0223461538461539));
#7656=CARTESIAN_POINT('',(0.0255567879101428,0.041,-0.0223461538461539));
#7657=CARTESIAN_POINT('',(0.0255567879101428,0.141,-0.0223461538461539));
#7658=CARTESIAN_POINT('',(0.0228322662224255,0.143,-0.0171723250573255));
#7659=CARTESIAN_POINT('',(0.0234195818016555,0.143,-0.018047196537293));
#7660=CARTESIAN_POINT('',(0.0244521064713154,0.142420829826078,-0.0198063553225873));
#7661=CARTESIAN_POINT('',(0.0252144512408094,0.141475681825315,-0.0214845073804245));
#7662=CARTESIAN_POINT('',(0.0255567879101429,0.141,-0.0223461538461539));
#7663=CARTESIAN_POINT('',(0.0228322662224254,0.143,-0.0171723250573255));
#7664=CARTESIAN_POINT('',(0.,0.143,-0.0325));
#7665=CARTESIAN_POINT('',(0.0211608324738143,0.143,-0.0500632903812232));
#7666=CARTESIAN_POINT('',(0.0211608324738143,0.143,-0.0500632903812232));
#7667=CARTESIAN_POINT('',(0.0218338108676025,0.143,-0.0492524637798095));
#7668=CARTESIAN_POINT('',(0.0230393477409845,0.142420829826103,-0.0476070374908806));
#7669=CARTESIAN_POINT('',(0.0239678846520483,0.141475681825265,-0.046014811664734));
#7670=CARTESIAN_POINT('',(0.0243958054887267,0.141,-0.0451923076923077));
#7671=CARTESIAN_POINT('',(0.0243958054887267,0.141,-0.0451923076923077));
#7672=CARTESIAN_POINT('',(0.0243958054887267,0.0635,-0.0451923076923077));
#7673=CARTESIAN_POINT('',(0.0243958054887267,0.041,-0.0451923076923077));
#7674=CARTESIAN_POINT('',(0.,0.041,-0.0325));
#7675=CARTESIAN_POINT('',(0.0274818121673226,0.041,-0.0335));
#7676=CARTESIAN_POINT('',(0.0274818121673226,0.041,-0.0335));
#7677=CARTESIAN_POINT('',(0.0274818121673226,0.046,-0.0335));
#7678=CARTESIAN_POINT('',(0.,0.046,-0.0325));
#7679=CARTESIAN_POINT('',(0.0274818121673226,0.046,-0.0315));
#7680=CARTESIAN_POINT('',(0.0274818121673226,0.046,-0.0315));
#7681=CARTESIAN_POINT('',(0.0274818121673226,0.041,-0.0315));
#7682=CARTESIAN_POINT('',(0.,0.041,-0.0325));
#7683=CARTESIAN_POINT('',(-0.00241224485676699,0.00680461061101251,-0.0599259246093202));
#7684=CARTESIAN_POINT('',(-1.08138670984297E-6,0.00634744101627326,-0.0600371029403743));
#7685=CARTESIAN_POINT('',(0.00241657040360638,0.00680562532389446,-0.0599256636291825));
#7686=CARTESIAN_POINT('',(0.00447252409059237,0.00810744021910916,-0.0596534442000797));
#7687=CARTESIAN_POINT('',(0.00588610318729452,0.0100950408843259,-0.0593683212093324));
#7688=CARTESIAN_POINT('',(0.00639713802844429,0.0125038851853209,-0.0592444934620348));
#7689=CARTESIAN_POINT('',(0.00588382948463512,0.0149094446033238,-0.059368805709433));
#7690=CARTESIAN_POINT('',(0.00446880538243797,0.0168960422739779,-0.0596542382826523));
#7691=CARTESIAN_POINT('',(0.00241386065214118,0.0181947613540915,-0.059925194428595));
#7692=CARTESIAN_POINT('',(-0.000812860852386696,0.0188087698843538,-0.0600781017911271));
#7693=CARTESIAN_POINT('',(-0.00400368065326271,0.0175595559515723,-0.059752507529345));
#7694=CARTESIAN_POINT('',(-0.00588420982923855,0.014905757229128,-0.0593678721336749));
#7695=CARTESIAN_POINT('',(-0.0063966773237371,0.0125047535080788,-0.059244823637405));
#7696=CARTESIAN_POINT('',(-0.00588756418217776,0.0100976717611572,-0.0593679344274845));
#7697=CARTESIAN_POINT('',(-0.00447104405568133,0.00810495594284983,-0.0596538286966442));
#7698=CARTESIAN_POINT('',(-0.00241224485676699,0.00680461061101251,-0.0599259246093202));
#7699=CARTESIAN_POINT('',(-1.08138670984297E-6,0.00634744101627326,-0.0600371029403743));
#7700=CARTESIAN_POINT('',(0.00241657040360638,0.00680562532389446,-0.0599256636291825));
#7701=CARTESIAN_POINT('',(7.26614992208551E-19,0.0065,-0.06));
#7702=CARTESIAN_POINT('',(0.,-0.0156096613193389,-0.0325));
#7703=CARTESIAN_POINT('',(0.00677315460643996,0.00056707631528001,-0.0591528493162975));
#7704=CARTESIAN_POINT('',(-0.00677315460643995,0.000567076315280014,-0.0591528493162975));
#7705=CARTESIAN_POINT('',(-0.00677315460643995,0.000567076315280014,-0.0591528493162975));
#7706=CARTESIAN_POINT('',(-0.00687066001717964,0.00155677552017341,-0.0591280707564495));
#7707=CARTESIAN_POINT('',(-0.00757794418337941,0.00344362030658429,-0.0589540779160471));
#7708=CARTESIAN_POINT('',(-0.00979622789220841,0.00540532281930185,-0.0582440370369833));
#7709=CARTESIAN_POINT('',(-0.0124781329225166,0.00616193941628065,-0.05706816763167));
#7710=CARTESIAN_POINT('',(-0.0150549778921485,0.0058254410377496,-0.0555730050570887));
#7711=CARTESIAN_POINT('',(-0.0172444685603336,0.00459165292275797,-0.0539703740053516));
#7712=CARTESIAN_POINT('',(-0.0186016913903026,0.00284295312812458,-0.0527647518001463));
#7713=CARTESIAN_POINT('',(-0.0191734832124491,0.00100660799865485,-0.0522143427075385));
#7714=CARTESIAN_POINT('',(-0.0192416021914135,-0.000490765233635518,-0.0521470842116011));
#7715=CARTESIAN_POINT('',(-0.018928461019889,-0.00193058867036043,-0.0524524435415469));
#7716=CARTESIAN_POINT('',(-0.0185192937036975,-0.00276029650212358,-0.0528319956824015));
#7717=CARTESIAN_POINT('',(-0.0182780118720307,-0.00313904145651613,-0.0530466367565571));
#7718=CARTESIAN_POINT('',(-0.0182780118720307,-0.00313904145651613,-0.0530466367565571));
#7719=CARTESIAN_POINT('',(0.,-0.0156096613193389,-0.0325));
#7720=CARTESIAN_POINT('',(-0.0275,-0.0156096613193389,-0.0325));
#7721=CARTESIAN_POINT('',(-0.0275,-0.0371,-0.0325));
#7722=CARTESIAN_POINT('',(-0.0275,0.04,-0.0325));
#7723=CARTESIAN_POINT('',(0.,0.04,-0.0325));
#7724=CARTESIAN_POINT('',(-3.46944695195361E-18,0.04,-0.005));
#7725=CARTESIAN_POINT('',(0.,0.04,-0.0325));
#7726=CARTESIAN_POINT('',(0.0275,0.04,-0.0325));
#7727=CARTESIAN_POINT('',(0.0275,-0.0371,-0.0325));
#7728=CARTESIAN_POINT('',(0.0275,-0.0156096613193389,-0.0325));
#7729=CARTESIAN_POINT('',(0.,-0.0156096613193389,-0.0325));
#7730=CARTESIAN_POINT('',(0.0182780118720307,-0.00313904145651615,-0.0530466367565571));
#7731=CARTESIAN_POINT('',(0.0182780118720307,-0.00313904145651604,-0.0530466367565571));
#7732=CARTESIAN_POINT('',(0.0185189647945778,-0.00276081279739813,-0.0528322882755333));
#7733=CARTESIAN_POINT('',(0.0189241420368468,-0.00193932488057586,-0.0524565085743842));
#7734=CARTESIAN_POINT('',(0.0192401208219786,-0.000508684966927919,-0.0521485509444237));
#7735=CARTESIAN_POINT('',(0.0191758677729779,0.000994378590663007,-0.0522120583245171));
#7736=CARTESIAN_POINT('',(0.0187494980216887,0.00237555391635273,-0.0526223336139023));
#7737=CARTESIAN_POINT('',(0.0180576183973461,0.00354104737849387,-0.0532494041921585));
#7738=CARTESIAN_POINT('',(0.0168867206376409,0.00479269963810023,-0.054230984667644));
#7739=CARTESIAN_POINT('',(0.0150466732703373,0.00582972463054964,-0.0555793148870058));
#7740=CARTESIAN_POINT('',(0.01247453067771,0.00615992427089039,-0.0570692488426512));
#7741=CARTESIAN_POINT('',(0.00980478870819909,0.00540797396549942,-0.0582405951781114));
#7742=CARTESIAN_POINT('',(0.00758500561057492,0.00345584426815456,-0.058952255247734));
#7743=CARTESIAN_POINT('',(0.00687090506401567,0.00155926279402763,-0.0591280084839289));
#7744=CARTESIAN_POINT('',(0.00677315460643995,0.00056707631528001,-0.0591528493162975));
#7745=CARTESIAN_POINT('',(0.0275,0.0275,-0.0325));
#7746=CARTESIAN_POINT('',(0.0275,0.018,-0.005));
#7747=CARTESIAN_POINT('',(0.0275,-0.0163630681719536,-0.005));
#7748=CARTESIAN_POINT('',(0.0275,-0.0015,-0.005));
#7749=CARTESIAN_POINT('',(0.0275,-0.0163630681719536,-0.005));
#7750=CARTESIAN_POINT('',(0.0275,-0.0163630681719536,-0.008));
#7751=CARTESIAN_POINT('',(0.0275,0.0275,-0.008));
#7752=CARTESIAN_POINT('',(0.0275,-0.018165902124585,-0.008));
#7753=CARTESIAN_POINT('',(0.0275,-0.018165902124585,-0.008));
#7754=CARTESIAN_POINT('',(0.0275,-0.0193851937148832,-0.008));
#7755=CARTESIAN_POINT('',(0.0275,-0.0205801432070914,-0.0078534549111878));
#7756=CARTESIAN_POINT('',(0.0275,-0.0217255609824005,-0.0074087173730177));
#7757=CARTESIAN_POINT('',(0.0275,-0.0217255609824005,-0.0074087173730177));
#7758=CARTESIAN_POINT('',(0.0275,-0.0217255609824005,-0.0257014739545723));
#7759=CARTESIAN_POINT('',(0.0275,-0.0217255609824005,-0.0231562644036561));
#7760=CARTESIAN_POINT('',(0.0275,-0.00267975595718589,-0.0522540220810671));
#7761=CARTESIAN_POINT('',(0.0275,0.032,-0.011523823036597));
#7762=CARTESIAN_POINT('',(0.0275,0.032,-0.0134408660459705));
#7763=CARTESIAN_POINT('',(0.0275,0.0325895681504774,-0.0171873617810214));
#7764=CARTESIAN_POINT('',(0.0275,0.0352300724991045,-0.0243562324074025));
#7765=CARTESIAN_POINT('',(0.0275,0.0380938527117276,-0.0292330261021425));
#7766=CARTESIAN_POINT('',(0.0275,0.04,-0.0325));
#7767=CARTESIAN_POINT('',(0.0275,0.032,-0.011523823036597));
#7768=CARTESIAN_POINT('',(0.0275,0.032,-0.0325));
#7769=CARTESIAN_POINT('',(0.0275,0.032,-0.005));
#7770=CARTESIAN_POINT('',(0.0275,0.018,-0.005));
#7771=CARTESIAN_POINT('',(0.0275,0.0224499443206436,-0.005));
#7772=CARTESIAN_POINT('',(0.0275,0.018,-0.005));
#7773=CARTESIAN_POINT('',(0.0275,0.0163630681719536,-0.005));
#7774=CARTESIAN_POINT('',(0.0275,0.018,-0.005));
#7775=CARTESIAN_POINT('',(0.0275,0.0015,-0.005));
#7776=CARTESIAN_POINT('',(0.0275,0.018,-0.005));
#7777=CARTESIAN_POINT('',(0.0275,-0.018,-0.0325));
#7778=CARTESIAN_POINT('',(-7.7965560168146E-18,-0.0141734030337884,-0.03834618980949));
#7779=CARTESIAN_POINT('',(-7.7965560168146E-18,-0.0211734030337884,-0.0276517453650455));
#7780=CARTESIAN_POINT('',(0.,-0.0172830643531273,-0.0335953183493888));
#7781=CARTESIAN_POINT('',(-0.0255,-0.0172830643531273,-0.0335953183493888));
#7782=CARTESIAN_POINT('',(-0.0169783548168397,-0.00482973772190021,-0.0526212340359858));
#7783=CARTESIAN_POINT('',(-0.0125,-0.00083670151689419,-0.0587217060158561));
#7784=CARTESIAN_POINT('',(-0.00650791947001496,-0.00114487504297038,-0.0582508853510174));
#7785=CARTESIAN_POINT('',(0.,-0.0172830643531273,-0.0335953183493888));
#7786=CARTESIAN_POINT('',(0.00650791947001496,-0.00114487504297038,-0.0582508853510174));
#7787=CARTESIAN_POINT('',(0.0125,-0.000836701516894202,-0.058721706015856));
#7788=CARTESIAN_POINT('',(0.0169783548168397,-0.00482973772190021,-0.0526212340359858));
#7789=CARTESIAN_POINT('',(0.,-0.0172830643531273,-0.0335953183493888));
#7790=CARTESIAN_POINT('',(0.0255,-0.0172830643531273,-0.0335953183493888));
#7791=CARTESIAN_POINT('',(0.0255,-0.018,-0.0325));
#7792=CARTESIAN_POINT('',(0.0255,-0.0233989640161889,-0.0242515827530448));
#7793=CARTESIAN_POINT('',(0.,-0.0016734030337884,-0.0574434120317121));
#7794=CARTESIAN_POINT('',(-0.0255,-0.0233989640161889,-0.0242515827530448));
#7795=CARTESIAN_POINT('',(-0.0255,-0.018,-0.0325));
#7796=CARTESIAN_POINT('',(-0.0275,0.0275,-0.0325));
#7797=CARTESIAN_POINT('',(-0.0275,-0.0217255609824005,-0.0325));
#7798=CARTESIAN_POINT('',(-0.0275,-0.0217255609824005,-0.0231562644036561));
#7799=CARTESIAN_POINT('',(-0.0275,-0.0217255609824005,-0.0074087173730177));
#7800=CARTESIAN_POINT('',(-0.0275,-0.0217255609824005,-0.0074087173730177));
#7801=CARTESIAN_POINT('',(-0.0275,-0.0205814530943844,-0.0078529463141828));
#7802=CARTESIAN_POINT('',(-0.0275,-0.0193844852881915,-0.008));
#7803=CARTESIAN_POINT('',(-0.0275,-0.018165902124585,-0.008));
#7804=CARTESIAN_POINT('',(-0.0275,-0.018165902124585,-0.008));
#7805=CARTESIAN_POINT('',(-0.0275,-0.0163630681719536,-0.008));
#7806=CARTESIAN_POINT('',(-0.0275,-0.0163630681719536,-0.008));
#7807=CARTESIAN_POINT('',(-0.0275,-0.0163630681719536,-0.008));
#7808=CARTESIAN_POINT('',(-0.0275,-0.0163630681719536,-0.005));
#7809=CARTESIAN_POINT('',(-0.0275,0.018,-0.005));
#7810=CARTESIAN_POINT('',(-0.0275,-0.0015,-0.005));
#7811=CARTESIAN_POINT('',(-0.0275,-0.0015,-0.0325));
#7812=CARTESIAN_POINT('',(-0.0275,-0.0015,-0.008));
#7813=CARTESIAN_POINT('',(-0.0275,0.0015,-0.008));
#7814=CARTESIAN_POINT('',(-0.0275,0.0015,-0.008));
#7815=CARTESIAN_POINT('',(-0.0275,0.0015,-0.0325));
#7816=CARTESIAN_POINT('',(-0.0275,0.0015,-0.005));
#7817=CARTESIAN_POINT('',(-0.0275,0.018,-0.005));
#7818=CARTESIAN_POINT('',(-0.0275,0.0163630681719536,-0.005));
#7819=CARTESIAN_POINT('',(-0.0275,0.0163630681719536,-0.005));
#7820=CARTESIAN_POINT('',(-0.0275,0.0163630681719536,-0.008));
#7821=CARTESIAN_POINT('',(-0.0275,0.0224499443206436,-0.008));
#7822=CARTESIAN_POINT('',(-0.0275,0.018165902124585,-0.008));
#7823=CARTESIAN_POINT('',(-0.0275,0.018165902124585,-0.008));
#7824=CARTESIAN_POINT('',(-0.0275,0.0193772385604585,-0.008));
#7825=CARTESIAN_POINT('',(-0.0275,0.0211774077286965,-0.00777880250738142));
#7826=CARTESIAN_POINT('',(-0.0275,0.0233606160252999,-0.00661850689726455));
#7827=CARTESIAN_POINT('',(-0.0275,0.0241087056497842,-0.00559929472734569));
#7828=CARTESIAN_POINT('',(-0.0275,0.0242477053486466,-0.005));
#7829=CARTESIAN_POINT('',(-0.0275,0.0242477053486465,-0.005));
#7830=CARTESIAN_POINT('',(-0.0275,0.018,-0.005));
#7831=CARTESIAN_POINT('',(-0.0275,0.032,-0.005));
#7832=CARTESIAN_POINT('',(-0.0275,0.032,-0.0171377085042628));
#7833=CARTESIAN_POINT('',(-0.0275,0.032,-0.0115238230365969));
#7834=CARTESIAN_POINT('',(-0.0275,0.032,-0.0115238230365969));
#7835=CARTESIAN_POINT('',(-0.0275,0.032,-0.0134408660459704));
#7836=CARTESIAN_POINT('',(-0.0275,0.0325895681504784,-0.0171873617810208));
#7837=CARTESIAN_POINT('',(-0.0275,0.0352300724990996,-0.0243562324074054));
#7838=CARTESIAN_POINT('',(-0.0275,0.0380938527117491,-0.02923302610213));
#7839=CARTESIAN_POINT('',(-0.0275,0.04,-0.0325));
#7840=CARTESIAN_POINT('',(-0.0275,-0.0207765412868553,-0.0246061556051834));
#7841=CARTESIAN_POINT('',(0.,0.,-0.005));
#7842=CARTESIAN_POINT('',(0.,2.20436423846524E-18,-0.005));
#7843=CARTESIAN_POINT('',(-0.0305,-0.00968245836551854,-0.005));
#7844=CARTESIAN_POINT('',(-0.0318723259651576,-0.00285566762259636,-0.005));
#7845=CARTESIAN_POINT('',(-0.0305,-0.0217255609824005,-0.005));
#7846=CARTESIAN_POINT('',(-0.0305,-0.018165902124585,-0.005));
#7847=CARTESIAN_POINT('',(0.,2.20436423846524E-18,-0.005));
#7848=CARTESIAN_POINT('',(-0.0305,0.018165902124585,-0.005));
#7849=CARTESIAN_POINT('',(-0.0305,0.0163630681719536,-0.005));
#7850=CARTESIAN_POINT('',(-0.0305,0.00968245836551854,-0.005));
#7851=CARTESIAN_POINT('',(0.,2.20436423846524E-18,-0.005));
#7852=CARTESIAN_POINT('',(-0.0318723259651576,0.00285566762259636,-0.005));
#7853=CARTESIAN_POINT('',(-0.0306326916871502,0.0027446,-0.005));
#7854=CARTESIAN_POINT('',(-0.0306326916871502,0.0015,-0.005));
#7855=CARTESIAN_POINT('',(0.,0.0015,-0.005));
#7856=CARTESIAN_POINT('',(-0.0305,0.0015,-0.005));
#7857=CARTESIAN_POINT('',(-0.0305,-0.0015,-0.005));
#7858=CARTESIAN_POINT('',(-0.0305,-0.0015,-0.005));
#7859=CARTESIAN_POINT('',(0.,-0.0015,-0.005));
#7860=CARTESIAN_POINT('',(-0.0306326916871502,-0.0015,-0.005));
#7861=CARTESIAN_POINT('',(-0.0306326916871502,-0.0027446,-0.005));
#7862=CARTESIAN_POINT('',(0.,0.,0.005));
#7863=CARTESIAN_POINT('',(0.0200928708694885,0.0110074572355278,0.005));
#7864=CARTESIAN_POINT('',(0.0213276547991166,0.0111634630275105,0.005));
#7865=CARTESIAN_POINT('',(0.0189451307475945,0.0114888321129309,0.005));
#7866=CARTESIAN_POINT('',(0.0223808228302316,0.00282765098174449,0.005));
#7867=CARTESIAN_POINT('',(0.0223716055310126,0.00290060579198272,0.005));
#7868=CARTESIAN_POINT('',(0.0211368216013845,0.0027446,0.005));
#7869=CARTESIAN_POINT('',(0.0211368216013845,0.0015,0.005));
#7870=CARTESIAN_POINT('',(0.,0.0015,0.005));
#7871=CARTESIAN_POINT('',(0.0188792350638615,0.0015,0.005));
#7872=CARTESIAN_POINT('',(0.0188792350638615,0.0027446,0.005));
#7873=CARTESIAN_POINT('',(0.0177359588549392,0.00225271721913429,0.005));
#7874=CARTESIAN_POINT('',(0.0125,1.53693173292993E-18,0.005));
#7875=CARTESIAN_POINT('',(0.0166025172646359,0.00395718992384305,0.005));
#7876=CARTESIAN_POINT('',(0.0174983055080684,0.00482124581493342,0.005));
#7877=CARTESIAN_POINT('',(0.0163505653861745,0.0053026206923365,0.005));
#7878=CARTESIAN_POINT('',(0.0120133686677199,-0.00503853943877024,0.005));
#7879=CARTESIAN_POINT('',(-0.0200928708694885,-0.0110074572355278,0.005));
#7880=CARTESIAN_POINT('',(-0.0213276547991166,-0.0111634630275105,0.005));
#7881=CARTESIAN_POINT('',(-0.0189451307475945,-0.0114888321129309,0.005));
#7882=CARTESIAN_POINT('',(-0.0223808228302316,-0.00282765098174449,0.005));
#7883=CARTESIAN_POINT('',(-0.0223716055310126,-0.00290060579198272,0.005));
#7884=CARTESIAN_POINT('',(-0.0211368216013845,-0.0027446,0.005));
#7885=CARTESIAN_POINT('',(-0.0211368216013845,-0.0015,0.005));
#7886=CARTESIAN_POINT('',(0.,-0.0015,0.005));
#7887=CARTESIAN_POINT('',(-0.0188792350638615,-0.0015,0.005));
#7888=CARTESIAN_POINT('',(-0.0188792350638615,-0.0027446,0.005));
#7889=CARTESIAN_POINT('',(-0.0177359588549392,-0.00225271721913429,0.005));
#7890=CARTESIAN_POINT('',(-0.0125,-6.12323399573676E-21,0.005));
#7891=CARTESIAN_POINT('',(-0.0166025172646359,-0.00395718992384305,0.005));
#7892=CARTESIAN_POINT('',(-0.0174983055080684,-0.00482124581493341,0.005));
#7893=CARTESIAN_POINT('',(-0.0163505653861745,-0.0053026206923365,0.005));
#7894=CARTESIAN_POINT('',(-0.0120133686677199,0.00503853943877024,0.005));
#7895=CARTESIAN_POINT('',(0.0110074572355278,0.0200928708694885,0.005));
#7896=CARTESIAN_POINT('',(0.0114888321129309,0.0189451307475946,0.005));
#7897=CARTESIAN_POINT('',(0.0111634630275105,0.0213276547991166,0.005));
#7898=CARTESIAN_POINT('',(-0.00503853943877025,0.0120133686677199,0.005));
#7899=CARTESIAN_POINT('',(0.00530262069233649,0.0163505653861745,0.005));
#7900=CARTESIAN_POINT('',(0.00482124581493341,0.0174983055080684,0.005));
#7901=CARTESIAN_POINT('',(0.00395718992384305,0.0166025172646359,0.005));
#7902=CARTESIAN_POINT('',(-7.71527483462832E-19,0.0125,0.005));
#7903=CARTESIAN_POINT('',(0.00225271721913429,0.0177359588549392,0.005));
#7904=CARTESIAN_POINT('',(0.0027446,0.0188792350638615,0.005));
#7905=CARTESIAN_POINT('',(0.0015,0.0188792350638615,0.005));
#7906=CARTESIAN_POINT('',(0.0015,0.,0.005));
#7907=CARTESIAN_POINT('',(0.0015,0.0211368216013845,0.005));
#7908=CARTESIAN_POINT('',(0.0027446,0.0211368216013845,0.005));
#7909=CARTESIAN_POINT('',(0.00290060579198272,0.0223716055310126,0.005));
#7910=CARTESIAN_POINT('',(0.00282765098174449,0.0223808228302316,0.005));
#7911=CARTESIAN_POINT('',(-0.0110074572355278,0.0200928708694885,0.005));
#7912=CARTESIAN_POINT('',(-0.0111634630275105,0.0213276547991166,0.005));
#7913=CARTESIAN_POINT('',(-0.0114888321129309,0.0189451307475946,0.005));
#7914=CARTESIAN_POINT('',(-0.00282765098174448,0.0223808228302316,0.005));
#7915=CARTESIAN_POINT('',(-0.00290060579198273,0.0223716055310126,0.005));
#7916=CARTESIAN_POINT('',(-0.0027446,0.0211368216013845,0.005));
#7917=CARTESIAN_POINT('',(-0.0015,0.0211368216013845,0.005));
#7918=CARTESIAN_POINT('',(-0.0015,0.,0.005));
#7919=CARTESIAN_POINT('',(-0.0015,0.0188792350638615,0.005));
#7920=CARTESIAN_POINT('',(-0.0027446,0.0188792350638615,0.005));
#7921=CARTESIAN_POINT('',(-0.00225271721913429,0.0177359588549392,0.005));
#7922=CARTESIAN_POINT('',(-7.71527483462832E-19,0.0125,0.005));
#7923=CARTESIAN_POINT('',(-0.00395718992384305,0.0166025172646359,0.005));
#7924=CARTESIAN_POINT('',(-0.00482124581493341,0.0174983055080684,0.005));
#7925=CARTESIAN_POINT('',(-0.0053026206923365,0.0163505653861745,0.005));
#7926=CARTESIAN_POINT('',(0.00503853943877025,0.0120133686677199,0.005));
#7927=CARTESIAN_POINT('',(-0.0200928708694885,0.0110074572355278,0.005));
#7928=CARTESIAN_POINT('',(-0.0189451307475945,0.0114888321129309,0.005));
#7929=CARTESIAN_POINT('',(-0.0213276547991166,0.0111634630275105,0.005));
#7930=CARTESIAN_POINT('',(-0.0120133686677199,-0.00503853943877024,0.005));
#7931=CARTESIAN_POINT('',(-0.0163505653861745,0.0053026206923365,0.005));
#7932=CARTESIAN_POINT('',(-0.0174983055080684,0.00482124581493341,0.005));
#7933=CARTESIAN_POINT('',(-0.0166025172646359,0.00395718992384305,0.005));
#7934=CARTESIAN_POINT('',(-0.0125,-6.12323399573676E-21,0.005));
#7935=CARTESIAN_POINT('',(-0.0177359588549392,0.00225271721913429,0.005));
#7936=CARTESIAN_POINT('',(-0.0188792350638615,0.0027446,0.005));
#7937=CARTESIAN_POINT('',(-0.0188792350638615,0.0015,0.005));
#7938=CARTESIAN_POINT('',(0.,0.0015,0.005));
#7939=CARTESIAN_POINT('',(-0.0211368216013845,0.0015,0.005));
#7940=CARTESIAN_POINT('',(-0.0211368216013845,0.0027446,0.005));
#7941=CARTESIAN_POINT('',(-0.0223716055310126,0.00290060579198272,0.005));
#7942=CARTESIAN_POINT('',(-0.0223808228302316,0.00282765098174449,0.005));
#7943=CARTESIAN_POINT('',(0.0200928708694885,-0.0110074572355278,0.005));
#7944=CARTESIAN_POINT('',(0.0189451307475945,-0.0114888321129309,0.005));
#7945=CARTESIAN_POINT('',(0.0213276547991166,-0.0111634630275105,0.005));
#7946=CARTESIAN_POINT('',(0.0120133686677199,0.00503853943877024,0.005));
#7947=CARTESIAN_POINT('',(0.0163505653861745,-0.0053026206923365,0.005));
#7948=CARTESIAN_POINT('',(0.0174983055080684,-0.00482124581493342,0.005));
#7949=CARTESIAN_POINT('',(0.0166025172646359,-0.00395718992384305,0.005));
#7950=CARTESIAN_POINT('',(0.0125,1.53693173292993E-18,0.005));
#7951=CARTESIAN_POINT('',(0.0177359588549392,-0.00225271721913429,0.005));
#7952=CARTESIAN_POINT('',(0.0188792350638615,-0.0027446,0.005));
#7953=CARTESIAN_POINT('',(0.0188792350638615,-0.0015,0.005));
#7954=CARTESIAN_POINT('',(0.,-0.0015,0.005));
#7955=CARTESIAN_POINT('',(0.0211368216013845,-0.0015,0.005));
#7956=CARTESIAN_POINT('',(0.0211368216013845,-0.0027446,0.005));
#7957=CARTESIAN_POINT('',(0.0223716055310126,-0.00290060579198272,0.005));
#7958=CARTESIAN_POINT('',(0.0223808228302316,-0.00282765098174449,0.005));
#7959=CARTESIAN_POINT('',(0.0110074572355278,-0.0200928708694885,0.005));
#7960=CARTESIAN_POINT('',(0.0111634630275105,-0.0213276547991166,0.005));
#7961=CARTESIAN_POINT('',(0.0114888321129309,-0.0189451307475946,0.005));
#7962=CARTESIAN_POINT('',(0.00282765098174449,-0.0223808228302316,0.005));
#7963=CARTESIAN_POINT('',(0.00290060579198272,-0.0223716055310126,0.005));
#7964=CARTESIAN_POINT('',(0.0027446,-0.0211368216013845,0.005));
#7965=CARTESIAN_POINT('',(0.0015,-0.0211368216013845,0.005));
#7966=CARTESIAN_POINT('',(0.0015,0.,0.005));
#7967=CARTESIAN_POINT('',(0.0015,-0.0188792350638615,0.005));
#7968=CARTESIAN_POINT('',(0.0027446,-0.0188792350638615,0.005));
#7969=CARTESIAN_POINT('',(0.00225271721913429,-0.0177359588549392,0.005));
#7970=CARTESIAN_POINT('',(-7.59281015471359E-19,-0.0125,0.005));
#7971=CARTESIAN_POINT('',(0.00395718992384304,-0.0166025172646359,0.005));
#7972=CARTESIAN_POINT('',(0.00482124581493341,-0.0174983055080684,0.005));
#7973=CARTESIAN_POINT('',(0.00530262069233649,-0.0163505653861745,0.005));
#7974=CARTESIAN_POINT('',(-0.00503853943877025,-0.0120133686677199,0.005));
#7975=CARTESIAN_POINT('',(-0.0110074572355278,-0.0200928708694885,0.005));
#7976=CARTESIAN_POINT('',(-0.0114888321129309,-0.0189451307475946,0.005));
#7977=CARTESIAN_POINT('',(-0.0111634630275105,-0.0213276547991166,0.005));
#7978=CARTESIAN_POINT('',(0.00503853943877025,-0.0120133686677199,0.005));
#7979=CARTESIAN_POINT('',(-0.0053026206923365,-0.0163505653861745,0.005));
#7980=CARTESIAN_POINT('',(-0.00482124581493341,-0.0174983055080684,0.005));
#7981=CARTESIAN_POINT('',(-0.00395718992384305,-0.0166025172646359,0.005));
#7982=CARTESIAN_POINT('',(-7.59281015471359E-19,-0.0125,0.005));
#7983=CARTESIAN_POINT('',(-0.00225271721913429,-0.0177359588549392,0.005));
#7984=CARTESIAN_POINT('',(-0.0027446,-0.0188792350638615,0.005));
#7985=CARTESIAN_POINT('',(-0.0015,-0.0188792350638615,0.005));
#7986=CARTESIAN_POINT('',(-0.0015,0.,0.005));
#7987=CARTESIAN_POINT('',(-0.0015,-0.0211368216013845,0.005));
#7988=CARTESIAN_POINT('',(-0.0027446,-0.0211368216013845,0.005));
#7989=CARTESIAN_POINT('',(-0.00290060579198273,-0.0223716055310126,0.005));
#7990=CARTESIAN_POINT('',(-0.00282765098174448,-0.0223808228302316,0.005));
#7991=CARTESIAN_POINT('',(0.,2.20436423846524E-18,0.005));
#7992=CARTESIAN_POINT('',(0.0355,2.20436423846524E-18,0.005));
#7993=CARTESIAN_POINT('',(2.06124775004561E-18,-0.0125,0.005));
#7994=CARTESIAN_POINT('',(0.00175,-0.0125,0.005));
#7995=CARTESIAN_POINT('',(0.0125,1.41072644655431E-18,0.005));
#7996=CARTESIAN_POINT('',(0.01425,1.41072644655431E-18,0.005));
#7997=CARTESIAN_POINT('',(-7.6020514306301E-19,0.0125,0.005));
#7998=CARTESIAN_POINT('',(0.00175,0.0125,0.005));
#7999=CARTESIAN_POINT('',(-0.0125,1.07156594925393E-19,0.005));
#8000=CARTESIAN_POINT('',(-0.01075,1.07156594925393E-19,0.005));
#8001=CARTESIAN_POINT('',(0.0124362975721048,-0.00694430782444732,0.005));
#8002=CARTESIAN_POINT('',(0.0135840376939987,-0.00646293294704423,0.005));
#8003=CARTESIAN_POINT('',(0.0124477142183851,-0.00569976018767815,0.005));
#8004=CARTESIAN_POINT('',(0.00924684097554416,0.0038782271840625,0.005));
#8005=CARTESIAN_POINT('',(0.0147474733900605,-0.00923690784747429,0.005));
#8006=CARTESIAN_POINT('',(0.0135997332681666,-0.00971828272487737,0.005));
#8007=CARTESIAN_POINT('',(0.0127196681683018,-0.0105983478247421,0.005));
#8008=CARTESIAN_POINT('',(0.00106066017177982,0.00106066017177982,0.005));
#8009=CARTESIAN_POINT('',(0.0096652059656767,-0.00754388562211706,0.005));
#8010=CARTESIAN_POINT('',(0.0105452710655415,-0.00666382052225228,0.005));
#8011=CARTESIAN_POINT('',(0.0108955944292812,-0.00546954136693805,0.005));
#8012=CARTESIAN_POINT('',(0.0125,1.53693173292993E-18,0.005));
#8013=CARTESIAN_POINT('',(-0.00694430782444732,-0.0124362975721048,0.005));
#8014=CARTESIAN_POINT('',(-0.00646293294704424,-0.0135840376939987,0.005));
#8015=CARTESIAN_POINT('',(-0.00569976018767816,-0.0124477142183851,0.005));
#8016=CARTESIAN_POINT('',(0.00387822718406251,-0.00924684097554416,0.005));
#8017=CARTESIAN_POINT('',(-0.00923690784747431,-0.0147474733900605,0.005));
#8018=CARTESIAN_POINT('',(-0.00971828272487739,-0.0135997332681666,0.005));
#8019=CARTESIAN_POINT('',(-0.0105983478247422,-0.0127196681683018,0.005));
#8020=CARTESIAN_POINT('',(0.00106066017177982,-0.00106066017177982,0.005));
#8021=CARTESIAN_POINT('',(-0.00754388562211706,-0.0096652059656767,0.005));
#8022=CARTESIAN_POINT('',(-0.00666382052225228,-0.0105452710655415,0.005));
#8023=CARTESIAN_POINT('',(-0.00546954136693805,-0.0108955944292812,0.005));
#8024=CARTESIAN_POINT('',(-7.59281015471359E-19,-0.0125,0.005));
#8025=CARTESIAN_POINT('',(-0.0027446,-0.0266696586881594,0.005));
#8026=CARTESIAN_POINT('',(-0.0015,-0.0266696586881594,0.005));
#8027=CARTESIAN_POINT('',(-0.00258859420801728,-0.0254348747585312,0.005));
#8028=CARTESIAN_POINT('',(-0.0015,0.,0.005));
#8029=CARTESIAN_POINT('',(-0.0015,-0.0306326916871502,0.005));
#8030=CARTESIAN_POINT('',(-0.0027446,-0.0306326916871502,0.005));
#8031=CARTESIAN_POINT('',(-0.00285566762259636,-0.0318723259651576,0.005));
#8032=CARTESIAN_POINT('',(0.,2.20436423846524E-18,0.005));
#8033=CARTESIAN_POINT('',(-0.01906452353777,-0.0257010494392313,0.005));
#8034=CARTESIAN_POINT('',(-0.0183230327254229,-0.0247014392476042,0.005));
#8035=CARTESIAN_POINT('',(-0.0181670269334402,-0.0234666553179761,0.005));
#8036=CARTESIAN_POINT('',(-0.00320368936833307,-0.0253571620467545,0.005));
#8037=CARTESIAN_POINT('',(0.0027446,-0.0266696586881594,0.005));
#8038=CARTESIAN_POINT('',(0.00258859420801728,-0.0254348747585312,0.005));
#8039=CARTESIAN_POINT('',(0.0015,-0.0266696586881594,0.005));
#8040=CARTESIAN_POINT('',(0.00320368936833308,-0.0253571620467545,0.005));
#8041=CARTESIAN_POINT('',(0.0181670269334402,-0.0234666553179761,0.005));
#8042=CARTESIAN_POINT('',(0.0183230327254229,-0.0247014392476042,0.005));
#8043=CARTESIAN_POINT('',(0.01906452353777,-0.0257010494392313,0.005));
#8044=CARTESIAN_POINT('',(0.,2.20436423846524E-18,0.005));
#8045=CARTESIAN_POINT('',(0.00285566762259636,-0.0318723259651576,0.005));
#8046=CARTESIAN_POINT('',(0.0027446,-0.0306326916871502,0.005));
#8047=CARTESIAN_POINT('',(0.0015,-0.0306326916871502,0.005));
#8048=CARTESIAN_POINT('',(0.0015,0.,0.005));
#8049=CARTESIAN_POINT('',(0.0247014392476042,-0.0183230327254229,0.005));
#8050=CARTESIAN_POINT('',(0.0234666553179761,-0.0181670269334402,0.005));
#8051=CARTESIAN_POINT('',(0.0257010494392313,-0.01906452353777,0.005));
#8052=CARTESIAN_POINT('',(0.0253571620467545,-0.00320368936833308,0.005));
#8053=CARTESIAN_POINT('',(0.0254348747585312,-0.00258859420801728,0.005));
#8054=CARTESIAN_POINT('',(0.0266696586881594,-0.0027446,0.005));
#8055=CARTESIAN_POINT('',(0.0266696586881594,-0.0015,0.005));
#8056=CARTESIAN_POINT('',(0.,-0.0015,0.005));
#8057=CARTESIAN_POINT('',(0.0306326916871502,-0.0015,0.005));
#8058=CARTESIAN_POINT('',(0.0306326916871502,-0.0027446,0.005));
#8059=CARTESIAN_POINT('',(0.0318723259651576,-0.00285566762259636,0.005));
#8060=CARTESIAN_POINT('',(0.,2.20436423846524E-18,0.005));
#8061=CARTESIAN_POINT('',(0.00694430782444732,0.0124362975721048,0.005));
#8062=CARTESIAN_POINT('',(0.00646293294704424,0.0135840376939987,0.005));
#8063=CARTESIAN_POINT('',(0.00569976018767815,0.0124477142183851,0.005));
#8064=CARTESIAN_POINT('',(-0.0038782271840625,0.00924684097554416,0.005));
#8065=CARTESIAN_POINT('',(0.0092369078474743,0.0147474733900605,0.005));
#8066=CARTESIAN_POINT('',(0.00971828272487739,0.0135997332681666,0.005));
#8067=CARTESIAN_POINT('',(0.0105983478247422,0.0127196681683018,0.005));
#8068=CARTESIAN_POINT('',(-0.00106066017177982,0.00106066017177982,0.005));
#8069=CARTESIAN_POINT('',(0.00754388562211706,0.0096652059656767,0.005));
#8070=CARTESIAN_POINT('',(0.00666382052225228,0.0105452710655415,0.005));
#8071=CARTESIAN_POINT('',(0.00546954136693805,0.0108955944292812,0.005));
#8072=CARTESIAN_POINT('',(-7.71527483462832E-19,0.0125,0.005));
#8073=CARTESIAN_POINT('',(-0.0124362975721048,0.00694430782444732,0.005));
#8074=CARTESIAN_POINT('',(-0.0135840376939987,0.00646293294704424,0.005));
#8075=CARTESIAN_POINT('',(-0.0124477142183851,0.00569976018767816,0.005));
#8076=CARTESIAN_POINT('',(-0.00924684097554416,-0.0038782271840625,0.005));
#8077=CARTESIAN_POINT('',(-0.0147474733900605,0.0092369078474743,0.005));
#8078=CARTESIAN_POINT('',(-0.0135997332681666,0.00971828272487738,0.005));
#8079=CARTESIAN_POINT('',(-0.0127196681683018,0.0105983478247422,0.005));
#8080=CARTESIAN_POINT('',(-0.00106066017177982,-0.00106066017177982,0.005));
#8081=CARTESIAN_POINT('',(-0.0096652059656767,0.00754388562211706,0.005));
#8082=CARTESIAN_POINT('',(-0.0105452710655415,0.00666382052225228,0.005));
#8083=CARTESIAN_POINT('',(-0.0108955944292812,0.00546954136693805,0.005));
#8084=CARTESIAN_POINT('',(-0.0125,-6.12323399573676E-21,0.005));
#8085=CARTESIAN_POINT('',(-0.00971828272487739,0.0135997332681666,0.005));
#8086=CARTESIAN_POINT('',(-0.00923690784747431,0.0147474733900605,0.005));
#8087=CARTESIAN_POINT('',(-0.0105983478247422,0.0127196681683018,0.005));
#8088=CARTESIAN_POINT('',(0.00387822718406251,0.00924684097554416,0.005));
#8089=CARTESIAN_POINT('',(-0.00646293294704424,0.0135840376939987,0.005));
#8090=CARTESIAN_POINT('',(-0.00694430782444732,0.0124362975721048,0.005));
#8091=CARTESIAN_POINT('',(-0.00569976018767816,0.0124477142183851,0.005));
#8092=CARTESIAN_POINT('',(-7.71527483462832E-19,0.0125,0.005));
#8093=CARTESIAN_POINT('',(-0.00546954136693805,0.0108955944292812,0.005));
#8094=CARTESIAN_POINT('',(-0.00666382052225228,0.0105452710655415,0.005));
#8095=CARTESIAN_POINT('',(-0.00754388562211706,0.0096652059656767,0.005));
#8096=CARTESIAN_POINT('',(0.00106066017177982,0.00106066017177982,0.005));
#8097=CARTESIAN_POINT('',(-0.0135997332681666,-0.00971828272487738,0.005));
#8098=CARTESIAN_POINT('',(-0.0147474733900605,-0.0092369078474743,0.005));
#8099=CARTESIAN_POINT('',(-0.0127196681683018,-0.0105983478247422,0.005));
#8100=CARTESIAN_POINT('',(-0.00924684097554416,0.0038782271840625,0.005));
#8101=CARTESIAN_POINT('',(-0.0135840376939987,-0.00646293294704424,0.005));
#8102=CARTESIAN_POINT('',(-0.0124362975721048,-0.00694430782444732,0.005));
#8103=CARTESIAN_POINT('',(-0.0124477142183851,-0.00569976018767816,0.005));
#8104=CARTESIAN_POINT('',(-0.0125,-6.12323399573676E-21,0.005));
#8105=CARTESIAN_POINT('',(-0.0108955944292812,-0.00546954136693805,0.005));
#8106=CARTESIAN_POINT('',(-0.0105452710655415,-0.00666382052225228,0.005));
#8107=CARTESIAN_POINT('',(-0.0096652059656767,-0.00754388562211706,0.005));
#8108=CARTESIAN_POINT('',(-0.00106066017177982,0.00106066017177982,0.005));
#8109=CARTESIAN_POINT('',(0.00971828272487739,-0.0135997332681666,0.005));
#8110=CARTESIAN_POINT('',(0.0092369078474743,-0.0147474733900605,0.005));
#8111=CARTESIAN_POINT('',(0.0105983478247422,-0.0127196681683018,0.005));
#8112=CARTESIAN_POINT('',(-0.0038782271840625,-0.00924684097554416,0.005));
#8113=CARTESIAN_POINT('',(0.00646293294704424,-0.0135840376939987,0.005));
#8114=CARTESIAN_POINT('',(0.00694430782444732,-0.0124362975721048,0.005));
#8115=CARTESIAN_POINT('',(0.00569976018767815,-0.0124477142183851,0.005));
#8116=CARTESIAN_POINT('',(-7.59281015471359E-19,-0.0125,0.005));
#8117=CARTESIAN_POINT('',(0.00546954136693805,-0.0108955944292812,0.005));
#8118=CARTESIAN_POINT('',(0.00666382052225228,-0.0105452710655415,0.005));
#8119=CARTESIAN_POINT('',(0.00754388562211706,-0.0096652059656767,0.005));
#8120=CARTESIAN_POINT('',(-0.00106066017177982,-0.00106066017177982,0.005));
#8121=CARTESIAN_POINT('',(-0.0266696586881594,-0.0027446,0.005));
#8122=CARTESIAN_POINT('',(-0.0254348747585312,-0.00258859420801728,0.005));
#8123=CARTESIAN_POINT('',(-0.0266696586881594,-0.0015,0.005));
#8124=CARTESIAN_POINT('',(-0.0253571620467545,-0.00320368936833308,0.005));
#8125=CARTESIAN_POINT('',(-0.0234666553179761,-0.0181670269334402,0.005));
#8126=CARTESIAN_POINT('',(-0.0247014392476042,-0.0183230327254229,0.005));
#8127=CARTESIAN_POINT('',(-0.0257010494392313,-0.01906452353777,0.005));
#8128=CARTESIAN_POINT('',(0.,2.20436423846524E-18,0.005));
#8129=CARTESIAN_POINT('',(-0.0318723259651576,-0.00285566762259636,0.005));
#8130=CARTESIAN_POINT('',(-0.0306326916871502,-0.0027446,0.005));
#8131=CARTESIAN_POINT('',(-0.0306326916871502,-0.0015,0.005));
#8132=CARTESIAN_POINT('',(0.,-0.0015,0.005));
#8133=CARTESIAN_POINT('',(0.0266696586881594,0.0027446,0.005));
#8134=CARTESIAN_POINT('',(0.0254348747585312,0.00258859420801728,0.005));
#8135=CARTESIAN_POINT('',(0.0266696586881594,0.0015,0.005));
#8136=CARTESIAN_POINT('',(0.0253571620467545,0.00320368936833308,0.005));
#8137=CARTESIAN_POINT('',(0.0234666553179761,0.0181670269334402,0.005));
#8138=CARTESIAN_POINT('',(0.0247014392476042,0.0183230327254229,0.005));
#8139=CARTESIAN_POINT('',(0.0257010494392313,0.01906452353777,0.005));
#8140=CARTESIAN_POINT('',(0.,2.20436423846524E-18,0.005));
#8141=CARTESIAN_POINT('',(0.0318723259651576,0.00285566762259636,0.005));
#8142=CARTESIAN_POINT('',(0.0306326916871502,0.0027446,0.005));
#8143=CARTESIAN_POINT('',(0.0306326916871502,0.0015,0.005));
#8144=CARTESIAN_POINT('',(0.,0.0015,0.005));
#8145=CARTESIAN_POINT('',(0.0183230327254229,0.0247014392476042,0.005));
#8146=CARTESIAN_POINT('',(0.0181670269334402,0.0234666553179761,0.005));
#8147=CARTESIAN_POINT('',(0.01906452353777,0.0257010494392313,0.005));
#8148=CARTESIAN_POINT('',(0.00320368936833308,0.0253571620467545,0.005));
#8149=CARTESIAN_POINT('',(0.00258859420801728,0.0254348747585312,0.005));
#8150=CARTESIAN_POINT('',(0.0027446,0.0266696586881594,0.005));
#8151=CARTESIAN_POINT('',(0.0015,0.0266696586881594,0.005));
#8152=CARTESIAN_POINT('',(0.0015,0.,0.005));
#8153=CARTESIAN_POINT('',(0.0015,0.0306326916871502,0.005));
#8154=CARTESIAN_POINT('',(0.0027446,0.0306326916871502,0.005));
#8155=CARTESIAN_POINT('',(0.00285566762259636,0.0318723259651576,0.005));
#8156=CARTESIAN_POINT('',(0.,2.20436423846524E-18,0.005));
#8157=CARTESIAN_POINT('',(-0.0027446,0.0306326916871502,0.005));
#8158=CARTESIAN_POINT('',(-0.0015,0.0306326916871502,0.005));
#8159=CARTESIAN_POINT('',(-0.00285566762259635,0.0318723259651576,0.005));
#8160=CARTESIAN_POINT('',(-0.0015,0.,0.005));
#8161=CARTESIAN_POINT('',(-0.0015,0.0266696586881594,0.005));
#8162=CARTESIAN_POINT('',(-0.0027446,0.0266696586881594,0.005));
#8163=CARTESIAN_POINT('',(-0.00258859420801728,0.0254348747585312,0.005));
#8164=CARTESIAN_POINT('',(-0.00320368936833307,0.0253571620467545,0.005));
#8165=CARTESIAN_POINT('',(-0.0181670269334402,0.0234666553179761,0.005));
#8166=CARTESIAN_POINT('',(-0.0183230327254229,0.0247014392476042,0.005));
#8167=CARTESIAN_POINT('',(-0.01906452353777,0.0257010494392313,0.005));
#8168=CARTESIAN_POINT('',(0.,2.20436423846524E-18,0.005));
#8169=CARTESIAN_POINT('',(-0.0247014392476042,0.0183230327254229,0.005));
#8170=CARTESIAN_POINT('',(-0.0234666553179761,0.0181670269334402,0.005));
#8171=CARTESIAN_POINT('',(-0.0257010494392313,0.01906452353777,0.005));
#8172=CARTESIAN_POINT('',(-0.0253571620467545,0.00320368936833308,0.005));
#8173=CARTESIAN_POINT('',(-0.0254348747585312,0.00258859420801728,0.005));
#8174=CARTESIAN_POINT('',(-0.0266696586881594,0.0027446,0.005));
#8175=CARTESIAN_POINT('',(-0.0266696586881594,0.0015,0.005));
#8176=CARTESIAN_POINT('',(0.,0.0015,0.005));
#8177=CARTESIAN_POINT('',(-0.0306326916871502,0.0015,0.005));
#8178=CARTESIAN_POINT('',(-0.0306326916871502,0.0027446,0.005));
#8179=CARTESIAN_POINT('',(-0.0318723259651576,0.00285566762259636,0.005));
#8180=CARTESIAN_POINT('',(0.,2.20436423846524E-18,0.005));
#8181=CARTESIAN_POINT('',(0.0135997332681666,0.0097182827248774,0.005));
#8182=CARTESIAN_POINT('',(0.0147474733900605,0.00923690784747432,0.005));
#8183=CARTESIAN_POINT('',(0.0127196681683018,0.0105983478247422,0.005));
#8184=CARTESIAN_POINT('',(0.00924684097554416,-0.0038782271840625,0.005));
#8185=CARTESIAN_POINT('',(0.0135840376939987,0.00646293294704424,0.005));
#8186=CARTESIAN_POINT('',(0.0124362975721048,0.00694430782444732,0.005));
#8187=CARTESIAN_POINT('',(0.0124477142183851,0.00569976018767816,0.005));
#8188=CARTESIAN_POINT('',(0.0125,1.53693173292993E-18,0.005));
#8189=CARTESIAN_POINT('',(0.0108955944292812,0.00546954136693805,0.005));
#8190=CARTESIAN_POINT('',(0.0105452710655415,0.00666382052225228,0.005));
#8191=CARTESIAN_POINT('',(0.00966520596567669,0.00754388562211706,0.005));
#8192=CARTESIAN_POINT('',(0.00106066017177982,-0.00106066017177982,0.005));
#8193=CARTESIAN_POINT('',(0.,0.,-0.005));
#8194=CARTESIAN_POINT('',(0.,2.20436423846524E-18,-0.005));
#8195=CARTESIAN_POINT('',(0.0305,-0.018165902124585,-0.005));
#8196=CARTESIAN_POINT('',(0.0305,0.,-0.005));
#8197=CARTESIAN_POINT('',(0.0305,-0.00968245836551854,-0.005));
#8198=CARTESIAN_POINT('',(0.,2.20436423846524E-18,-0.005));
#8199=CARTESIAN_POINT('',(0.0318723259651576,-0.00285566762259636,-0.005));
#8200=CARTESIAN_POINT('',(0.0306326916871502,-0.0027446,-0.005));
#8201=CARTESIAN_POINT('',(0.0306326916871502,-0.0015,-0.005));
#8202=CARTESIAN_POINT('',(0.,-0.0015,-0.005));
#8203=CARTESIAN_POINT('',(0.,0.0015,-0.005));
#8204=CARTESIAN_POINT('',(0.0306326916871502,0.0015,-0.005));
#8205=CARTESIAN_POINT('',(0.0306326916871502,0.0027446,-0.005));
#8206=CARTESIAN_POINT('',(0.0318723259651576,0.00285566762259636,-0.005));
#8207=CARTESIAN_POINT('',(0.,2.20436423846524E-18,-0.005));
#8208=CARTESIAN_POINT('',(-0.0125,1.07156594925393E-19,0.005));
#8209=CARTESIAN_POINT('',(-0.0125,1.07156594925393E-19,0.0007));
#8210=CARTESIAN_POINT('',(-0.01075,1.07156594925393E-19,0.0007));
#8211=CARTESIAN_POINT('',(-7.6020514306301E-19,0.0125,0.005));
#8212=CARTESIAN_POINT('',(-7.6020514306301E-19,0.0125,0.0007));
#8213=CARTESIAN_POINT('',(0.00175,0.0125,0.0007));
#8214=CARTESIAN_POINT('',(0.0125,1.41072644655431E-18,0.005));
#8215=CARTESIAN_POINT('',(0.0125,1.41072644655431E-18,0.0007));
#8216=CARTESIAN_POINT('',(0.01425,1.41072644655431E-18,0.0007));
#8217=CARTESIAN_POINT('',(2.06124775004561E-18,-0.0125,0.005));
#8218=CARTESIAN_POINT('',(2.06124775004561E-18,-0.0125,0.0007));
#8219=CARTESIAN_POINT('',(0.00175,-0.0125,0.0007));
#8220=CARTESIAN_POINT('',(0.,2.20436423846524E-18,0.005));
#8221=CARTESIAN_POINT('',(0.,2.20436423846524E-18,-0.0045));
#8222=CARTESIAN_POINT('',(0.036,2.20436423846524E-18,-0.0045));
#8223=CARTESIAN_POINT('',(0.,2.20436423846524E-18,0.0045));
#8224=CARTESIAN_POINT('',(0.036,2.20436423846524E-18,0.0045));
#8225=CARTESIAN_POINT('',(-7.59281015471359E-19,-0.0125,0.0007));
#8226=CARTESIAN_POINT('',(-7.59281015471359E-19,-0.0125,0.0007));
#8227=CARTESIAN_POINT('',(-0.0022,-0.0125,0.0007));
#8228=CARTESIAN_POINT('',(-7.59281015471359E-19,-0.0125,-0.005));
#8229=CARTESIAN_POINT('',(-7.59281015471359E-19,-0.0147,-0.005));
#8230=CARTESIAN_POINT('',(0.,0.,0.0007));
#8231=CARTESIAN_POINT('',(-0.0125,-6.12323399573676E-21,0.0007));
#8232=CARTESIAN_POINT('',(-0.0125,-6.12323399573676E-21,0.0007));
#8233=CARTESIAN_POINT('',(-0.0147,-6.12323399573676E-21,0.0007));
#8234=CARTESIAN_POINT('',(-0.0125,-6.12323399573676E-21,-0.005));
#8235=CARTESIAN_POINT('',(-0.0125,-0.0022,-0.005));
#8236=CARTESIAN_POINT('',(0.,0.,0.0007));
#8237=CARTESIAN_POINT('',(-7.71527483462832E-19,0.0125,0.0007));
#8238=CARTESIAN_POINT('',(-7.71527483462832E-19,0.0125,0.0007));
#8239=CARTESIAN_POINT('',(-0.0022,0.0125,0.0007));
#8240=CARTESIAN_POINT('',(-7.71527483462832E-19,0.0125,-0.005));
#8241=CARTESIAN_POINT('',(-7.71527483462832E-19,0.0103,-0.005));
#8242=CARTESIAN_POINT('',(0.,0.,0.0007));
#8243=CARTESIAN_POINT('',(0.0125,1.53693173292993E-18,0.0007));
#8244=CARTESIAN_POINT('',(0.0125,1.53693173292993E-18,0.0007));
#8245=CARTESIAN_POINT('',(0.0103,1.53693173292993E-18,0.0007));
#8246=CARTESIAN_POINT('',(0.0125,1.53693173292993E-18,-0.005));
#8247=CARTESIAN_POINT('',(0.0125,-0.0022,-0.005));
#8248=CARTESIAN_POINT('',(0.,0.,0.0007));
#8249=CARTESIAN_POINT('',(0.,2.20436423846524E-18,-0.0045));
#8250=CARTESIAN_POINT('',(0.0273486140724946,-0.0233005483457301,-0.00475753937681886));
#8251=CARTESIAN_POINT('',(0.0280236130386214,-0.0225082800286922,-0.00475753937681886));
#8252=CARTESIAN_POINT('',(0.028631599177283,-0.0216621483096631,-0.00484194820354764));
#8253=CARTESIAN_POINT('',(0.0291409875214,-0.0207575180814277,-0.00491553105328827));
#8254=CARTESIAN_POINT('',(0.0273486140724946,-0.0233005483457301,-0.00475753937681886));
#8255=CARTESIAN_POINT('',(0.0291409875214,-0.0207575180814278,-0.00491553105328824));
#8256=CARTESIAN_POINT('',(0.0291409875214001,-0.0207575180814278,-0.00491553105328824));
#8257=CARTESIAN_POINT('',(0.029619190665921,-0.0199082701063477,-0.00498460909666157));
#8258=CARTESIAN_POINT('',(0.0300731565203007,-0.0190443738602649,-0.005));
#8259=CARTESIAN_POINT('',(0.0305,-0.018165902124585,-0.005));
#8260=CARTESIAN_POINT('',(0.,2.20436423846524E-18,-0.005));
#8261=CARTESIAN_POINT('',(-0.0305,-0.018165902124585,-0.005));
#8262=CARTESIAN_POINT('',(-0.0300732843702055,-0.0190441107368178,-0.005));
#8263=CARTESIAN_POINT('',(-0.029618954145602,-0.0199086901462498,-0.00498457493051054));
#8264=CARTESIAN_POINT('',(-0.0291409875214001,-0.0207575180814278,-0.00491553105328823));
#8265=CARTESIAN_POINT('',(-0.0291409875214,-0.0207575180814278,-0.00491553105328824));
#8266=CARTESIAN_POINT('',(-0.0291409875214,-0.0207575180814278,-0.00491553105328824));
#8267=CARTESIAN_POINT('',(-0.0286316354668166,-0.0216620838625483,-0.00484195344569209));
#8268=CARTESIAN_POINT('',(-0.0280235533728458,-0.0225083500603603,-0.00475753937681886));
#8269=CARTESIAN_POINT('',(-0.0273486140724946,-0.0233005483457301,-0.00475753937681886));
#8270=CARTESIAN_POINT('',(-0.0273486140724946,-0.0233005483457301,-0.00475753937681886));
#8271=CARTESIAN_POINT('',(0.,2.21987672467898E-18,-0.00475753937681877));
#8272=CARTESIAN_POINT('',(-0.00752530465747986,-0.0351316386567729,-0.00475753937681877));
#8273=CARTESIAN_POINT('',(-0.00752530465747986,-0.0351316386567729,-0.00475753937681877));
#8274=CARTESIAN_POINT('',(-0.00504861339970216,-0.0356621535137479,-0.00475753937681875));
#8275=CARTESIAN_POINT('',(2.27313925068406E-5,-0.0361330749242315,-0.00484848723537731));
#8276=CARTESIAN_POINT('',(0.0050466279879125,-0.03566257879504,-0.00475753937681621));
#8277=CARTESIAN_POINT('',(0.00752530465747986,-0.0351316386567753,-0.0047575393768167));
#8278=CARTESIAN_POINT('',(0.00752530465747989,-0.0351316386567731,-0.00475753937681886));
#8279=CARTESIAN_POINT('',(0.,2.21987672467898E-18,-0.00475753937681877));
#8280=CARTESIAN_POINT('',(0.,2.20436423846524E-18,0.0045));
#8281=CARTESIAN_POINT('',(0.0125,1.53693173292993E-18,0.0714453670809734));
#8282=CARTESIAN_POINT('',(0.0108955944292812,-0.00546954136693805,-0.005));
#8283=CARTESIAN_POINT('',(0.0108955944292812,-0.00546954136693805,-0.005));
#8284=CARTESIAN_POINT('',(0.0125,1.53693173292993E-18,-0.005));
#8285=CARTESIAN_POINT('',(0.0124477142183851,-0.00569976018767815,-0.005));
#8286=CARTESIAN_POINT('',(0.0124477142183851,-0.00569976018767815,0.0667007670809734));
#8287=CARTESIAN_POINT('',(0.0156316669799757,-0.0113450869534175,0.0714453670809734));
#8288=CARTESIAN_POINT('',(0.0135840376939987,-0.00646293294704423,0.0714453670809734));
#8289=CARTESIAN_POINT('',(0.0135840376939987,-0.00646293294704423,-0.005));
#8290=CARTESIAN_POINT('',(0.00924684097554416,0.0038782271840625,-0.005));
#8291=CARTESIAN_POINT('',(0.0147474733900605,-0.00923690784747429,-0.005));
#8292=CARTESIAN_POINT('',(0.0147474733900605,-0.00923690784747429,0.0714453670809734));
#8293=CARTESIAN_POINT('',(0.0137885822331377,-0.011667261889578,0.0714453670809734));
#8294=CARTESIAN_POINT('',(0.0127196681683018,-0.0105983478247421,0.0714453670809734));
#8295=CARTESIAN_POINT('',(0.0127196681683018,-0.0105983478247421,-0.005));
#8296=CARTESIAN_POINT('',(0.00106066017177982,0.00106066017177982,-0.005));
#8297=CARTESIAN_POINT('',(0.0096652059656767,-0.00754388562211706,-0.005));
#8298=CARTESIAN_POINT('',(0.0096652059656767,-0.00754388562211706,0.0714453670809734));
#8299=CARTESIAN_POINT('',(0.0135997332681666,-0.00971828272487737,0.0714453670809734));
#8300=CARTESIAN_POINT('',(0.0135997332681666,-0.00971828272487737,-0.005));
#8301=CARTESIAN_POINT('',(0.0124362975721048,-0.00694430782444732,0.0714453670809734));
#8302=CARTESIAN_POINT('',(0.0124362975721048,-0.00694430782444732,-0.005));
#8303=CARTESIAN_POINT('',(0.0105452710655415,-0.00666382052225228,0.0714453670809734));
#8304=CARTESIAN_POINT('',(0.0105452710655415,-0.00666382052225228,-0.005));
#8305=CARTESIAN_POINT('',(-7.59281015471359E-19,-0.0125,0.0714453670809734));
#8306=CARTESIAN_POINT('',(-0.00395718992384305,-0.0166025172646359,-0.005));
#8307=CARTESIAN_POINT('',(-0.00395718992384305,-0.0166025172646359,-0.005));
#8308=CARTESIAN_POINT('',(-7.59281015471359E-19,-0.0125,-0.005));
#8309=CARTESIAN_POINT('',(-0.00225271721913429,-0.0177359588549392,-0.005));
#8310=CARTESIAN_POINT('',(-0.00225271721913429,-0.0177359588549392,0.0667007670809734));
#8311=CARTESIAN_POINT('',(-0.0105769116327693,-0.0214017612178021,0.0714453670809734));
#8312=CARTESIAN_POINT('',(-0.00290060579198273,-0.0223716055310126,0.0714453670809734));
#8313=CARTESIAN_POINT('',(-0.00290060579198272,-0.0223716055310126,-0.005));
#8314=CARTESIAN_POINT('',(-0.00282765098174448,-0.0223808228302316,-0.005));
#8315=CARTESIAN_POINT('',(-0.0111634630275105,-0.0213276547991166,-0.005));
#8316=CARTESIAN_POINT('',(-0.0111634630275105,-0.0213276547991166,0.0714453670809734));
#8317=CARTESIAN_POINT('',(-0.0015,-0.018,0.0714453670809734));
#8318=CARTESIAN_POINT('',(-0.0015,-0.0188792350638615,0.0714453670809734));
#8319=CARTESIAN_POINT('',(-0.0015,-0.0188792350638615,-0.005));
#8320=CARTESIAN_POINT('',(-0.0015,0.,-0.005));
#8321=CARTESIAN_POINT('',(-0.0015,-0.0211368216013845,-0.005));
#8322=CARTESIAN_POINT('',(-0.0015,-0.0211368216013845,0.0714453670809734));
#8323=CARTESIAN_POINT('',(-0.0101847746987097,-0.0183981946721514,0.0714453670809734));
#8324=CARTESIAN_POINT('',(-0.0114888321129309,-0.0189451307475946,0.0714453670809734));
#8325=CARTESIAN_POINT('',(-0.0114888321129309,-0.0189451307475946,-0.005));
#8326=CARTESIAN_POINT('',(0.00503853943877025,-0.0120133686677199,-0.005));
#8327=CARTESIAN_POINT('',(-0.0053026206923365,-0.0163505653861745,-0.005));
#8328=CARTESIAN_POINT('',(-0.0053026206923365,-0.0163505653861745,0.0714453670809734));
#8329=CARTESIAN_POINT('',(-0.0110074572355278,-0.0200928708694885,0.0714453670809734));
#8330=CARTESIAN_POINT('',(-0.0110074572355278,-0.0200928708694885,-0.005));
#8331=CARTESIAN_POINT('',(-0.0027446,-0.0211368216013845,0.0714453670809734));
#8332=CARTESIAN_POINT('',(-0.0027446,-0.0211368216013845,-0.005));
#8333=CARTESIAN_POINT('',(-0.00482124581493341,-0.0174983055080684,0.0714453670809734));
#8334=CARTESIAN_POINT('',(-0.00482124581493341,-0.0174983055080684,-0.005));
#8335=CARTESIAN_POINT('',(-0.0027446,-0.0188792350638615,0.0714453670809734));
#8336=CARTESIAN_POINT('',(-0.0027446,-0.0188792350638615,-0.005));
#8337=CARTESIAN_POINT('',(-7.59281015471359E-19,-0.0125,0.0714453670809734));
#8338=CARTESIAN_POINT('',(-0.00546954136693805,-0.0108955944292812,-0.005));
#8339=CARTESIAN_POINT('',(-0.00546954136693805,-0.0108955944292812,-0.005));
#8340=CARTESIAN_POINT('',(-7.59281015471359E-19,-0.0125,-0.005));
#8341=CARTESIAN_POINT('',(-0.00569976018767816,-0.0124477142183851,-0.005));
#8342=CARTESIAN_POINT('',(-0.00569976018767816,-0.0124477142183851,0.0667007670809734));
#8343=CARTESIAN_POINT('',(-0.0113450869534175,-0.0156316669799757,0.0714453670809734));
#8344=CARTESIAN_POINT('',(-0.00646293294704424,-0.0135840376939987,0.0714453670809734));
#8345=CARTESIAN_POINT('',(-0.00646293294704424,-0.0135840376939987,-0.005));
#8346=CARTESIAN_POINT('',(0.00387822718406251,-0.00924684097554416,-0.005));
#8347=CARTESIAN_POINT('',(-0.00923690784747431,-0.0147474733900605,-0.005));
#8348=CARTESIAN_POINT('',(-0.00923690784747431,-0.0147474733900605,0.0714453670809734));
#8349=CARTESIAN_POINT('',(-0.011667261889578,-0.0137885822331377,0.0714453670809734));
#8350=CARTESIAN_POINT('',(-0.0105983478247422,-0.0127196681683018,0.0714453670809734));
#8351=CARTESIAN_POINT('',(-0.0105983478247422,-0.0127196681683018,-0.005));
#8352=CARTESIAN_POINT('',(0.00106066017177982,-0.00106066017177982,-0.005));
#8353=CARTESIAN_POINT('',(-0.00754388562211706,-0.0096652059656767,-0.005));
#8354=CARTESIAN_POINT('',(-0.00754388562211706,-0.0096652059656767,0.0714453670809734));
#8355=CARTESIAN_POINT('',(-0.00971828272487739,-0.0135997332681666,0.0714453670809734));
#8356=CARTESIAN_POINT('',(-0.00971828272487739,-0.0135997332681666,-0.005));
#8357=CARTESIAN_POINT('',(-0.00694430782444732,-0.0124362975721048,0.0714453670809734));
#8358=CARTESIAN_POINT('',(-0.00694430782444732,-0.0124362975721048,-0.005));
#8359=CARTESIAN_POINT('',(-0.00666382052225228,-0.0105452710655415,0.0714453670809734));
#8360=CARTESIAN_POINT('',(-0.00666382052225228,-0.0105452710655415,-0.005));
#8361=CARTESIAN_POINT('',(0.,2.20436423846524E-18,0.0714453670809734));
#8362=CARTESIAN_POINT('',(-0.00285566762259636,-0.0318723259651576,-0.005));
#8363=CARTESIAN_POINT('',(-0.00285566762259636,-0.0318723259651576,-0.005));
#8364=CARTESIAN_POINT('',(0.,2.20436423846524E-18,-0.005));
#8365=CARTESIAN_POINT('',(-0.01906452353777,-0.0257010494392313,-0.005));
#8366=CARTESIAN_POINT('',(-0.01906452353777,-0.0257010494392313,0.0667007670809734));
#8367=CARTESIAN_POINT('',(-0.0109529500193579,-0.024378100434325,0.0714453670809734));
#8368=CARTESIAN_POINT('',(-0.0181670269334402,-0.0234666553179761,0.0714453670809734));
#8369=CARTESIAN_POINT('',(-0.0181670269334402,-0.0234666553179761,-0.005));
#8370=CARTESIAN_POINT('',(-0.00320368936833307,-0.0253571620467545,-0.005));
#8371=CARTESIAN_POINT('',(-0.00258859420801728,-0.0254348747585312,-0.005));
#8372=CARTESIAN_POINT('',(-0.00258859420801728,-0.0254348747585312,0.0714453670809734));
#8373=CARTESIAN_POINT('',(-0.0015,-0.018,0.0714453670809734));
#8374=CARTESIAN_POINT('',(-0.0015,-0.0266696586881594,0.0714453670809734));
#8375=CARTESIAN_POINT('',(-0.0015,-0.0266696586881594,-0.005));
#8376=CARTESIAN_POINT('',(-0.0015,0.,-0.005));
#8377=CARTESIAN_POINT('',(-0.0015,-0.0306326916871502,-0.005));
#8378=CARTESIAN_POINT('',(-0.0015,-0.0306326916871502,0.0714453670809734));
#8379=CARTESIAN_POINT('',(-0.0027446,-0.0306326916871502,0.0714453670809734));
#8380=CARTESIAN_POINT('',(-0.0027446,-0.0306326916871502,-0.005));
#8381=CARTESIAN_POINT('',(-0.0027446,-0.0266696586881594,0.0714453670809734));
#8382=CARTESIAN_POINT('',(-0.0027446,-0.0266696586881594,-0.005));
#8383=CARTESIAN_POINT('',(-0.0183230327254229,-0.0247014392476042,0.0714453670809734));
#8384=CARTESIAN_POINT('',(-0.0183230327254229,-0.0247014392476042,-0.005));
#8385=CARTESIAN_POINT('',(0.,2.20436423846524E-18,0.0714453670809734));
#8386=CARTESIAN_POINT('',(0.01906452353777,-0.0257010494392313,-0.005));
#8387=CARTESIAN_POINT('',(0.01906452353777,-0.0257010494392313,-0.005));
#8388=CARTESIAN_POINT('',(0.,2.20436423846524E-18,-0.005));
#8389=CARTESIAN_POINT('',(0.00285566762259636,-0.0318723259651576,-0.005));
#8390=CARTESIAN_POINT('',(0.00285566762259636,-0.0318723259651576,0.0667007670809734));
#8391=CARTESIAN_POINT('',(0.0109529500193579,-0.024378100434325,0.0714453670809734));
#8392=CARTESIAN_POINT('',(0.00258859420801728,-0.0254348747585312,0.0714453670809734));
#8393=CARTESIAN_POINT('',(0.00258859420801728,-0.0254348747585312,-0.005));
#8394=CARTESIAN_POINT('',(0.00320368936833308,-0.0253571620467545,-0.005));
#8395=CARTESIAN_POINT('',(0.0181670269334402,-0.0234666553179761,-0.005));
#8396=CARTESIAN_POINT('',(0.0181670269334402,-0.0234666553179761,0.0714453670809734));
#8397=CARTESIAN_POINT('',(0.0015,-0.018,0.0714453670809734));
#8398=CARTESIAN_POINT('',(0.0015,-0.0306326916871502,0.0714453670809734));
#8399=CARTESIAN_POINT('',(0.0015,-0.0306326916871502,-0.005));
#8400=CARTESIAN_POINT('',(0.0015,0.,-0.005));
#8401=CARTESIAN_POINT('',(0.0015,-0.0266696586881594,-0.005));
#8402=CARTESIAN_POINT('',(0.0015,-0.0266696586881594,0.0714453670809734));
#8403=CARTESIAN_POINT('',(0.0027446,-0.0266696586881594,0.0714453670809734));
#8404=CARTESIAN_POINT('',(0.0027446,-0.0266696586881594,-0.005));
#8405=CARTESIAN_POINT('',(0.0183230327254229,-0.0247014392476042,0.0714453670809734));
#8406=CARTESIAN_POINT('',(0.0183230327254229,-0.0247014392476042,-0.005));
#8407=CARTESIAN_POINT('',(0.0027446,-0.0306326916871502,0.0714453670809734));
#8408=CARTESIAN_POINT('',(0.0027446,-0.0306326916871502,-0.005));
#8409=CARTESIAN_POINT('',(-7.59281015471359E-19,-0.0125,0.0714453670809734));
#8410=CARTESIAN_POINT('',(0.00225271721913429,-0.0177359588549392,-0.005));
#8411=CARTESIAN_POINT('',(0.00225271721913429,-0.0177359588549392,-0.005));
#8412=CARTESIAN_POINT('',(-7.59281015471359E-19,-0.0125,-0.005));
#8413=CARTESIAN_POINT('',(0.00395718992384304,-0.0166025172646359,-0.005));
#8414=CARTESIAN_POINT('',(0.00395718992384304,-0.0166025172646359,0.0667007670809734));
#8415=CARTESIAN_POINT('',(0.0015,-0.018,0.0714453670809734));
#8416=CARTESIAN_POINT('',(0.0015,-0.0211368216013845,0.0714453670809734));
#8417=CARTESIAN_POINT('',(0.0015,-0.0211368216013845,-0.005));
#8418=CARTESIAN_POINT('',(0.0015,0.,-0.005));
#8419=CARTESIAN_POINT('',(0.0015,-0.0188792350638615,-0.005));
#8420=CARTESIAN_POINT('',(0.0015,-0.0188792350638615,0.0714453670809734));
#8421=CARTESIAN_POINT('',(0.0101847746987097,-0.0183981946721514,0.0714453670809734));
#8422=CARTESIAN_POINT('',(0.00530262069233649,-0.0163505653861745,0.0714453670809734));
#8423=CARTESIAN_POINT('',(0.00530262069233649,-0.0163505653861745,-0.005));
#8424=CARTESIAN_POINT('',(-0.00503853943877025,-0.0120133686677199,-0.005));
#8425=CARTESIAN_POINT('',(0.0114888321129309,-0.0189451307475946,-0.005));
#8426=CARTESIAN_POINT('',(0.0114888321129309,-0.0189451307475946,0.0714453670809734));
#8427=CARTESIAN_POINT('',(0.0105769116327693,-0.0214017612178021,0.0714453670809734));
#8428=CARTESIAN_POINT('',(0.0111634630275105,-0.0213276547991166,0.0714453670809734));
#8429=CARTESIAN_POINT('',(0.0111634630275105,-0.0213276547991166,-0.005));
#8430=CARTESIAN_POINT('',(0.00282765098174449,-0.0223808228302316,-0.005));
#8431=CARTESIAN_POINT('',(0.00290060579198272,-0.0223716055310126,-0.005));
#8432=CARTESIAN_POINT('',(0.00290060579198272,-0.0223716055310126,0.0714453670809734));
#8433=CARTESIAN_POINT('',(0.0110074572355278,-0.0200928708694885,0.0714453670809734));
#8434=CARTESIAN_POINT('',(0.0110074572355278,-0.0200928708694885,-0.005));
#8435=CARTESIAN_POINT('',(0.0027446,-0.0211368216013845,0.0714453670809734));
#8436=CARTESIAN_POINT('',(0.0027446,-0.0211368216013845,-0.005));
#8437=CARTESIAN_POINT('',(0.00482124581493341,-0.0174983055080684,0.0714453670809734));
#8438=CARTESIAN_POINT('',(0.00482124581493341,-0.0174983055080684,-0.005));
#8439=CARTESIAN_POINT('',(0.0027446,-0.0188792350638615,0.0714453670809734));
#8440=CARTESIAN_POINT('',(0.0027446,-0.0188792350638615,-0.005));
#8441=CARTESIAN_POINT('',(0.0125,1.53693173292993E-18,0.0714453670809734));
#8442=CARTESIAN_POINT('',(0.0166025172646359,-0.00395718992384305,-0.005));
#8443=CARTESIAN_POINT('',(0.0166025172646359,-0.00395718992384305,-0.005));
#8444=CARTESIAN_POINT('',(0.0125,1.53693173292993E-18,-0.005));
#8445=CARTESIAN_POINT('',(0.0177359588549392,-0.00225271721913429,-0.005));
#8446=CARTESIAN_POINT('',(0.0177359588549392,-0.00225271721913429,0.0667007670809734));
#8447=CARTESIAN_POINT('',(0.0183981946721514,-0.0101847746987097,0.0714453670809734));
#8448=CARTESIAN_POINT('',(0.0189451307475945,-0.0114888321129309,0.0714453670809734));
#8449=CARTESIAN_POINT('',(0.0189451307475945,-0.0114888321129309,-0.005));
#8450=CARTESIAN_POINT('',(0.0120133686677199,0.00503853943877024,-0.005));
#8451=CARTESIAN_POINT('',(0.0163505653861745,-0.0053026206923365,-0.005));
#8452=CARTESIAN_POINT('',(0.0163505653861745,-0.0053026206923365,0.0714453670809734));
#8453=CARTESIAN_POINT('',(0.018,-0.0015,0.0714453670809734));
#8454=CARTESIAN_POINT('',(0.0188792350638615,-0.0015,0.0714453670809734));
#8455=CARTESIAN_POINT('',(0.0188792350638615,-0.0015,-0.005));
#8456=CARTESIAN_POINT('',(0.,-0.0015,-0.005));
#8457=CARTESIAN_POINT('',(0.0211368216013845,-0.0015,-0.005));
#8458=CARTESIAN_POINT('',(0.0211368216013845,-0.0015,0.0714453670809734));
#8459=CARTESIAN_POINT('',(0.0214017612178021,-0.0105769116327693,0.0714453670809734));
#8460=CARTESIAN_POINT('',(0.0223716055310126,-0.00290060579198272,0.0714453670809734));
#8461=CARTESIAN_POINT('',(0.0223716055310126,-0.00290060579198272,-0.005));
#8462=CARTESIAN_POINT('',(0.0223808228302316,-0.00282765098174449,-0.005));
#8463=CARTESIAN_POINT('',(0.0213276547991166,-0.0111634630275105,-0.005));
#8464=CARTESIAN_POINT('',(0.0213276547991166,-0.0111634630275105,0.0714453670809734));
#8465=CARTESIAN_POINT('',(0.0200928708694885,-0.0110074572355278,0.0714453670809734));
#8466=CARTESIAN_POINT('',(0.0200928708694885,-0.0110074572355278,-0.005));
#8467=CARTESIAN_POINT('',(0.0211368216013845,-0.0027446,0.0714453670809734));
#8468=CARTESIAN_POINT('',(0.0211368216013845,-0.0027446,-0.005));
#8469=CARTESIAN_POINT('',(0.0174983055080684,-0.00482124581493342,0.0714453670809734));
#8470=CARTESIAN_POINT('',(0.0174983055080684,-0.00482124581493342,-0.005));
#8471=CARTESIAN_POINT('',(0.0188792350638615,-0.0027446,0.0714453670809734));
#8472=CARTESIAN_POINT('',(0.0188792350638615,-0.0027446,-0.005));
#8473=CARTESIAN_POINT('',(0.,2.20436423846524E-18,0.0714453670809734));
#8474=CARTESIAN_POINT('',(0.0318723259651576,-0.00285566762259636,-0.005));
#8475=CARTESIAN_POINT('',(0.0305,-0.00968245836551854,-0.005));
#8476=CARTESIAN_POINT('',(0.0302835807914397,-0.0103641845978355,-0.005));
#8477=CARTESIAN_POINT('',(0.0298079019235259,-0.0117049063945647,-0.00504622730549837));
#8478=CARTESIAN_POINT('',(0.0291057510506753,-0.0133308188715302,-0.00530341810796981));
#8479=CARTESIAN_POINT('',(0.0284986214737524,-0.0145656389942555,-0.00573858808748682));
#8480=CARTESIAN_POINT('',(0.028053062009886,-0.0154047430713336,-0.00621567288277573));
#8481=CARTESIAN_POINT('',(0.0276412631487015,-0.0161276816621254,-0.00693736375579552));
#8482=CARTESIAN_POINT('',(0.0275,-0.0163630681719536,-0.00763516998927959));
#8483=CARTESIAN_POINT('',(0.0275,-0.0163630681719536,-0.008));
#8484=CARTESIAN_POINT('',(0.,2.20436423846524E-18,-0.005));
#8485=CARTESIAN_POINT('',(0.0257010494392313,-0.01906452353777,-0.005));
#8486=CARTESIAN_POINT('',(0.0257010494392313,-0.01906452353777,0.0667007670809734));
#8487=CARTESIAN_POINT('',(0.024378100434325,-0.0109529500193579,0.0714453670809734));
#8488=CARTESIAN_POINT('',(0.0234666553179761,-0.0181670269334402,0.0714453670809734));
#8489=CARTESIAN_POINT('',(0.0234666553179761,-0.0181670269334402,-0.005));
#8490=CARTESIAN_POINT('',(0.0253571620467545,-0.00320368936833308,-0.005));
#8491=CARTESIAN_POINT('',(0.0254348747585312,-0.00258859420801728,-0.005));
#8492=CARTESIAN_POINT('',(0.0254348747585312,-0.00258859420801728,0.0714453670809734));
#8493=CARTESIAN_POINT('',(0.018,-0.0015,0.0714453670809734));
#8494=CARTESIAN_POINT('',(0.0266696586881594,-0.0015,0.0714453670809734));
#8495=CARTESIAN_POINT('',(0.0266696586881594,-0.0015,-0.005));
#8496=CARTESIAN_POINT('',(0.,-0.0015,-0.005));
#8497=CARTESIAN_POINT('',(0.0306326916871502,-0.0015,0.0714453670809734));
#8498=CARTESIAN_POINT('',(0.0266696586881594,-0.0027446,0.0714453670809734));
#8499=CARTESIAN_POINT('',(0.0266696586881594,-0.0027446,-0.005));
#8500=CARTESIAN_POINT('',(0.0247014392476042,-0.0183230327254229,0.0714453670809734));
#8501=CARTESIAN_POINT('',(0.0247014392476042,-0.0183230327254229,-0.005));
#8502=CARTESIAN_POINT('',(0.0306326916871502,-0.0027446,0.0714453670809734));
#8503=CARTESIAN_POINT('',(-0.0125,-6.12323399573676E-21,0.0714453670809734));
#8504=CARTESIAN_POINT('',(-0.0166025172646359,0.00395718992384305,-0.005));
#8505=CARTESIAN_POINT('',(-0.0166025172646359,0.00395718992384305,-0.005));
#8506=CARTESIAN_POINT('',(-0.0125,-6.12323399573676E-21,-0.005));
#8507=CARTESIAN_POINT('',(-0.0177359588549392,0.00225271721913429,-0.005));
#8508=CARTESIAN_POINT('',(-0.0177359588549392,0.00225271721913429,0.0667007670809734));
#8509=CARTESIAN_POINT('',(-0.0183981946721514,0.0101847746987097,0.0714453670809734));
#8510=CARTESIAN_POINT('',(-0.0189451307475945,0.0114888321129309,0.0714453670809734));
#8511=CARTESIAN_POINT('',(-0.0189451307475945,0.0114888321129309,-0.005));
#8512=CARTESIAN_POINT('',(-0.0120133686677199,-0.00503853943877024,-0.005));
#8513=CARTESIAN_POINT('',(-0.0163505653861745,0.0053026206923365,-0.005));
#8514=CARTESIAN_POINT('',(-0.0163505653861745,0.0053026206923365,0.0714453670809734));
#8515=CARTESIAN_POINT('',(-0.018,0.0015,0.0714453670809734));
#8516=CARTESIAN_POINT('',(-0.0188792350638615,0.0015,0.0714453670809734));
#8517=CARTESIAN_POINT('',(-0.0188792350638615,0.0015,-0.005));
#8518=CARTESIAN_POINT('',(0.,0.0015,-0.005));
#8519=CARTESIAN_POINT('',(-0.0211368216013845,0.0015,-0.005));
#8520=CARTESIAN_POINT('',(-0.0211368216013845,0.0015,0.0714453670809734));
#8521=CARTESIAN_POINT('',(-0.0214017612178021,0.0105769116327693,0.0714453670809734));
#8522=CARTESIAN_POINT('',(-0.0223716055310126,0.00290060579198272,0.0714453670809734));
#8523=CARTESIAN_POINT('',(-0.0223716055310126,0.00290060579198272,-0.005));
#8524=CARTESIAN_POINT('',(-0.0223808228302316,0.00282765098174449,-0.005));
#8525=CARTESIAN_POINT('',(-0.0213276547991166,0.0111634630275105,-0.005));
#8526=CARTESIAN_POINT('',(-0.0213276547991166,0.0111634630275105,0.0714453670809734));
#8527=CARTESIAN_POINT('',(-0.0200928708694885,0.0110074572355278,0.0714453670809734));
#8528=CARTESIAN_POINT('',(-0.0200928708694885,0.0110074572355278,-0.005));
#8529=CARTESIAN_POINT('',(-0.0211368216013845,0.0027446,0.0714453670809734));
#8530=CARTESIAN_POINT('',(-0.0211368216013845,0.0027446,-0.005));
#8531=CARTESIAN_POINT('',(-0.0174983055080684,0.00482124581493341,0.0714453670809734));
#8532=CARTESIAN_POINT('',(-0.0174983055080684,0.00482124581493341,-0.005));
#8533=CARTESIAN_POINT('',(-0.0188792350638615,0.0027446,0.0714453670809734));
#8534=CARTESIAN_POINT('',(-0.0188792350638615,0.0027446,-0.005));
#8535=CARTESIAN_POINT('',(-7.71527483462832E-19,0.0125,0.0714453670809734));
#8536=CARTESIAN_POINT('',(-0.00225271721913429,0.0177359588549392,-0.005));
#8537=CARTESIAN_POINT('',(-0.00225271721913429,0.0177359588549392,-0.005));
#8538=CARTESIAN_POINT('',(-7.71527483462832E-19,0.0125,-0.005));
#8539=CARTESIAN_POINT('',(-0.00395718992384305,0.0166025172646359,-0.005));
#8540=CARTESIAN_POINT('',(-0.00395718992384305,0.0166025172646359,0.0667007670809734));
#8541=CARTESIAN_POINT('',(-0.0015,-0.018,0.0714453670809734));
#8542=CARTESIAN_POINT('',(-0.0015,0.0211368216013845,0.0714453670809734));
#8543=CARTESIAN_POINT('',(-0.0015,0.0211368216013845,-0.005));
#8544=CARTESIAN_POINT('',(-0.0015,0.,-0.005));
#8545=CARTESIAN_POINT('',(-0.0015,0.0188792350638615,-0.005));
#8546=CARTESIAN_POINT('',(-0.0015,0.0188792350638615,0.0714453670809734));
#8547=CARTESIAN_POINT('',(-0.0101847746987097,0.0183981946721514,0.0714453670809734));
#8548=CARTESIAN_POINT('',(-0.0053026206923365,0.0163505653861745,0.0714453670809734));
#8549=CARTESIAN_POINT('',(-0.0053026206923365,0.0163505653861745,-0.005));
#8550=CARTESIAN_POINT('',(0.00503853943877025,0.0120133686677199,-0.005));
#8551=CARTESIAN_POINT('',(-0.0114888321129309,0.0189451307475946,-0.005));
#8552=CARTESIAN_POINT('',(-0.0114888321129309,0.0189451307475946,0.0714453670809734));
#8553=CARTESIAN_POINT('',(-0.0105769116327693,0.0214017612178021,0.0714453670809734));
#8554=CARTESIAN_POINT('',(-0.0111634630275105,0.0213276547991166,0.0714453670809734));
#8555=CARTESIAN_POINT('',(-0.0111634630275105,0.0213276547991166,-0.005));
#8556=CARTESIAN_POINT('',(-0.00282765098174448,0.0223808228302316,-0.005));
#8557=CARTESIAN_POINT('',(-0.00290060579198272,0.0223716055310126,-0.005));
#8558=CARTESIAN_POINT('',(-0.00290060579198273,0.0223716055310126,0.0714453670809734));
#8559=CARTESIAN_POINT('',(-0.0110074572355278,0.0200928708694885,0.0714453670809734));
#8560=CARTESIAN_POINT('',(-0.0110074572355278,0.0200928708694885,-0.005));
#8561=CARTESIAN_POINT('',(-0.0027446,0.0211368216013845,0.0714453670809734));
#8562=CARTESIAN_POINT('',(-0.0027446,0.0211368216013845,-0.005));
#8563=CARTESIAN_POINT('',(-0.00482124581493341,0.0174983055080684,0.0714453670809734));
#8564=CARTESIAN_POINT('',(-0.00482124581493341,0.0174983055080684,-0.005));
#8565=CARTESIAN_POINT('',(-0.0027446,0.0188792350638615,0.0714453670809734));
#8566=CARTESIAN_POINT('',(-0.0027446,0.0188792350638615,-0.005));
#8567=CARTESIAN_POINT('',(-7.71527483462832E-19,0.0125,0.0714453670809734));
#8568=CARTESIAN_POINT('',(0.00395718992384305,0.0166025172646359,-0.005));
#8569=CARTESIAN_POINT('',(0.00395718992384305,0.0166025172646359,-0.005));
#8570=CARTESIAN_POINT('',(-7.71527483462832E-19,0.0125,-0.005));
#8571=CARTESIAN_POINT('',(0.00225271721913429,0.0177359588549392,-0.005));
#8572=CARTESIAN_POINT('',(0.00225271721913429,0.0177359588549392,0.0667007670809734));
#8573=CARTESIAN_POINT('',(0.0101847746987097,0.0183981946721514,0.0714453670809734));
#8574=CARTESIAN_POINT('',(0.0114888321129309,0.0189451307475946,0.0714453670809734));
#8575=CARTESIAN_POINT('',(0.0114888321129309,0.0189451307475946,-0.005));
#8576=CARTESIAN_POINT('',(-0.00503853943877025,0.0120133686677199,-0.005));
#8577=CARTESIAN_POINT('',(0.00530262069233649,0.0163505653861745,-0.005));
#8578=CARTESIAN_POINT('',(0.00530262069233649,0.0163505653861745,0.0714453670809734));
#8579=CARTESIAN_POINT('',(0.0015,-0.018,0.0714453670809734));
#8580=CARTESIAN_POINT('',(0.0015,0.0188792350638615,0.0714453670809734));
#8581=CARTESIAN_POINT('',(0.0015,0.0188792350638615,-0.005));
#8582=CARTESIAN_POINT('',(0.0015,0.,-0.005));
#8583=CARTESIAN_POINT('',(0.0015,0.0211368216013845,-0.005));
#8584=CARTESIAN_POINT('',(0.0015,0.0211368216013845,0.0714453670809734));
#8585=CARTESIAN_POINT('',(0.0105769116327693,0.0214017612178021,0.0714453670809734));
#8586=CARTESIAN_POINT('',(0.00290060579198272,0.0223716055310126,0.0714453670809734));
#8587=CARTESIAN_POINT('',(0.00290060579198272,0.0223716055310126,-0.005));
#8588=CARTESIAN_POINT('',(0.00282765098174449,0.0223808228302316,-0.005));
#8589=CARTESIAN_POINT('',(0.0111634630275105,0.0213276547991166,-0.005));
#8590=CARTESIAN_POINT('',(0.0111634630275105,0.0213276547991166,0.0714453670809734));
#8591=CARTESIAN_POINT('',(0.0110074572355278,0.0200928708694885,0.0714453670809734));
#8592=CARTESIAN_POINT('',(0.0110074572355278,0.0200928708694885,-0.005));
#8593=CARTESIAN_POINT('',(0.0027446,0.0211368216013845,0.0714453670809734));
#8594=CARTESIAN_POINT('',(0.0027446,0.0211368216013845,-0.005));
#8595=CARTESIAN_POINT('',(0.00482124581493341,0.0174983055080684,0.0714453670809734));
#8596=CARTESIAN_POINT('',(0.00482124581493341,0.0174983055080684,-0.005));
#8597=CARTESIAN_POINT('',(0.0027446,0.0188792350638615,0.0714453670809734));
#8598=CARTESIAN_POINT('',(0.0027446,0.0188792350638615,-0.005));
#8599=CARTESIAN_POINT('',(-7.71527483462832E-19,0.0125,0.0714453670809734));
#8600=CARTESIAN_POINT('',(0.00546954136693805,0.0108955944292812,-0.005));
#8601=CARTESIAN_POINT('',(0.00546954136693805,0.0108955944292812,-0.005));
#8602=CARTESIAN_POINT('',(-7.71527483462832E-19,0.0125,-0.005));
#8603=CARTESIAN_POINT('',(0.00569976018767815,0.0124477142183851,-0.005));
#8604=CARTESIAN_POINT('',(0.00569976018767815,0.0124477142183851,0.0667007670809734));
#8605=CARTESIAN_POINT('',(0.011667261889578,0.0137885822331377,0.0714453670809734));
#8606=CARTESIAN_POINT('',(0.0105983478247422,0.0127196681683018,0.0714453670809734));
#8607=CARTESIAN_POINT('',(0.0105983478247422,0.0127196681683018,-0.005));
#8608=CARTESIAN_POINT('',(-0.00106066017177982,0.00106066017177982,-0.005));
#8609=CARTESIAN_POINT('',(0.00754388562211706,0.0096652059656767,-0.005));
#8610=CARTESIAN_POINT('',(0.00754388562211706,0.0096652059656767,0.0714453670809734));
#8611=CARTESIAN_POINT('',(0.0113450869534175,0.0156316669799757,0.0714453670809734));
#8612=CARTESIAN_POINT('',(0.00646293294704424,0.0135840376939987,0.0714453670809734));
#8613=CARTESIAN_POINT('',(0.00646293294704424,0.0135840376939987,-0.005));
#8614=CARTESIAN_POINT('',(-0.0038782271840625,0.00924684097554416,-0.005));
#8615=CARTESIAN_POINT('',(0.00923690784747431,0.0147474733900605,-0.005));
#8616=CARTESIAN_POINT('',(0.0092369078474743,0.0147474733900605,0.0714453670809734));
#8617=CARTESIAN_POINT('',(0.00971828272487739,0.0135997332681666,0.0714453670809734));
#8618=CARTESIAN_POINT('',(0.00971828272487739,0.0135997332681666,-0.005));
#8619=CARTESIAN_POINT('',(0.00694430782444732,0.0124362975721048,0.0714453670809734));
#8620=CARTESIAN_POINT('',(0.00694430782444732,0.0124362975721048,-0.005));
#8621=CARTESIAN_POINT('',(0.00666382052225228,0.0105452710655415,0.0714453670809734));
#8622=CARTESIAN_POINT('',(0.00666382052225228,0.0105452710655415,-0.005));
#8623=CARTESIAN_POINT('',(-0.0125,-6.12323399573676E-21,0.0714453670809734));
#8624=CARTESIAN_POINT('',(-0.0108955944292812,0.00546954136693805,-0.005));
#8625=CARTESIAN_POINT('',(-0.0108955944292812,0.00546954136693805,-0.005));
#8626=CARTESIAN_POINT('',(-0.0125,-6.12323399573676E-21,-0.005));
#8627=CARTESIAN_POINT('',(-0.0124477142183851,0.00569976018767816,-0.005));
#8628=CARTESIAN_POINT('',(-0.0124477142183851,0.00569976018767816,0.0667007670809734));
#8629=CARTESIAN_POINT('',(-0.0156316669799757,0.0113450869534175,0.0714453670809734));
#8630=CARTESIAN_POINT('',(-0.0135840376939987,0.00646293294704424,0.0714453670809734));
#8631=CARTESIAN_POINT('',(-0.0135840376939987,0.00646293294704424,-0.005));
#8632=CARTESIAN_POINT('',(-0.00924684097554416,-0.0038782271840625,-0.005));
#8633=CARTESIAN_POINT('',(-0.0147474733900605,0.00923690784747429,-0.005));
#8634=CARTESIAN_POINT('',(-0.0147474733900605,0.0092369078474743,0.0714453670809734));
#8635=CARTESIAN_POINT('',(-0.0137885822331377,0.011667261889578,0.0714453670809734));
#8636=CARTESIAN_POINT('',(-0.0127196681683018,0.0105983478247422,0.0714453670809734));
#8637=CARTESIAN_POINT('',(-0.0127196681683018,0.0105983478247422,-0.005));
#8638=CARTESIAN_POINT('',(-0.00106066017177982,-0.00106066017177982,-0.005));
#8639=CARTESIAN_POINT('',(-0.0096652059656767,0.00754388562211706,-0.005));
#8640=CARTESIAN_POINT('',(-0.0096652059656767,0.00754388562211706,0.0714453670809734));
#8641=CARTESIAN_POINT('',(-0.0135997332681666,0.00971828272487738,0.0714453670809734));
#8642=CARTESIAN_POINT('',(-0.0135997332681666,0.00971828272487738,-0.005));
#8643=CARTESIAN_POINT('',(-0.0124362975721048,0.00694430782444732,0.0714453670809734));
#8644=CARTESIAN_POINT('',(-0.0124362975721048,0.00694430782444732,-0.005));
#8645=CARTESIAN_POINT('',(-0.0105452710655415,0.00666382052225228,0.0714453670809734));
#8646=CARTESIAN_POINT('',(-0.0105452710655415,0.00666382052225228,-0.005));
#8647=CARTESIAN_POINT('',(-7.71527483462832E-19,0.0125,0.0714453670809734));
#8648=CARTESIAN_POINT('',(-0.00569976018767816,0.0124477142183851,-0.005));
#8649=CARTESIAN_POINT('',(-0.00569976018767816,0.0124477142183851,-0.005));
#8650=CARTESIAN_POINT('',(-7.71527483462832E-19,0.0125,-0.005));
#8651=CARTESIAN_POINT('',(-0.00546954136693805,0.0108955944292812,-0.005));
#8652=CARTESIAN_POINT('',(-0.00546954136693805,0.0108955944292812,0.0667007670809734));
#8653=CARTESIAN_POINT('',(-0.0113450869534175,0.0156316669799757,0.0714453670809734));
#8654=CARTESIAN_POINT('',(-0.00923690784747431,0.0147474733900605,0.0714453670809734));
#8655=CARTESIAN_POINT('',(-0.00923690784747431,0.0147474733900605,-0.005));
#8656=CARTESIAN_POINT('',(0.00387822718406251,0.00924684097554416,-0.005));
#8657=CARTESIAN_POINT('',(-0.00646293294704424,0.0135840376939987,-0.005));
#8658=CARTESIAN_POINT('',(-0.00646293294704424,0.0135840376939987,0.0714453670809734));
#8659=CARTESIAN_POINT('',(-0.011667261889578,0.0137885822331377,0.0714453670809734));
#8660=CARTESIAN_POINT('',(-0.00754388562211706,0.0096652059656767,0.0714453670809734));
#8661=CARTESIAN_POINT('',(-0.00754388562211706,0.0096652059656767,-0.005));
#8662=CARTESIAN_POINT('',(0.00106066017177982,0.00106066017177982,-0.005));
#8663=CARTESIAN_POINT('',(-0.0105983478247422,0.0127196681683018,-0.005));
#8664=CARTESIAN_POINT('',(-0.0105983478247422,0.0127196681683018,0.0714453670809734));
#8665=CARTESIAN_POINT('',(-0.00971828272487739,0.0135997332681666,0.0714453670809734));
#8666=CARTESIAN_POINT('',(-0.00971828272487739,0.0135997332681666,-0.005));
#8667=CARTESIAN_POINT('',(-0.00694430782444732,0.0124362975721048,0.0714453670809734));
#8668=CARTESIAN_POINT('',(-0.00694430782444732,0.0124362975721048,-0.005));
#8669=CARTESIAN_POINT('',(-0.00666382052225228,0.0105452710655415,0.0714453670809734));
#8670=CARTESIAN_POINT('',(-0.00666382052225228,0.0105452710655415,-0.005));
#8671=CARTESIAN_POINT('',(-0.0125,-6.12323399573676E-21,0.0714453670809734));
#8672=CARTESIAN_POINT('',(-0.0124477142183851,-0.00569976018767816,-0.005));
#8673=CARTESIAN_POINT('',(-0.0124477142183851,-0.00569976018767816,-0.005));
#8674=CARTESIAN_POINT('',(-0.0125,-6.12323399573676E-21,-0.005));
#8675=CARTESIAN_POINT('',(-0.0108955944292812,-0.00546954136693805,-0.005));
#8676=CARTESIAN_POINT('',(-0.0108955944292812,-0.00546954136693805,0.0667007670809734));
#8677=CARTESIAN_POINT('',(-0.0156316669799757,-0.0113450869534175,0.0714453670809734));
#8678=CARTESIAN_POINT('',(-0.0147474733900605,-0.0092369078474743,0.0714453670809734));
#8679=CARTESIAN_POINT('',(-0.0147474733900605,-0.00923690784747429,-0.005));
#8680=CARTESIAN_POINT('',(-0.00924684097554416,0.0038782271840625,-0.005));
#8681=CARTESIAN_POINT('',(-0.0135840376939987,-0.00646293294704424,-0.005));
#8682=CARTESIAN_POINT('',(-0.0135840376939987,-0.00646293294704424,0.0714453670809734));
#8683=CARTESIAN_POINT('',(-0.0137885822331377,-0.011667261889578,0.0714453670809734));
#8684=CARTESIAN_POINT('',(-0.0096652059656767,-0.00754388562211706,0.0714453670809734));
#8685=CARTESIAN_POINT('',(-0.0096652059656767,-0.00754388562211706,-0.005));
#8686=CARTESIAN_POINT('',(-0.00106066017177982,0.00106066017177982,-0.005));
#8687=CARTESIAN_POINT('',(-0.0127196681683018,-0.0105983478247422,-0.005));
#8688=CARTESIAN_POINT('',(-0.0127196681683018,-0.0105983478247422,0.0714453670809734));
#8689=CARTESIAN_POINT('',(-0.0135997332681666,-0.00971828272487738,0.0714453670809734));
#8690=CARTESIAN_POINT('',(-0.0135997332681666,-0.00971828272487738,-0.005));
#8691=CARTESIAN_POINT('',(-0.0124362975721048,-0.00694430782444732,0.0714453670809734));
#8692=CARTESIAN_POINT('',(-0.0124362975721048,-0.00694430782444732,-0.005));
#8693=CARTESIAN_POINT('',(-0.0105452710655415,-0.00666382052225228,0.0714453670809734));
#8694=CARTESIAN_POINT('',(-0.0105452710655415,-0.00666382052225228,-0.005));
#8695=CARTESIAN_POINT('',(-7.59281015471359E-19,-0.0125,0.0714453670809734));
#8696=CARTESIAN_POINT('',(0.00569976018767815,-0.0124477142183851,-0.005));
#8697=CARTESIAN_POINT('',(0.00569976018767815,-0.0124477142183851,-0.005));
#8698=CARTESIAN_POINT('',(-7.59281015471359E-19,-0.0125,-0.005));
#8699=CARTESIAN_POINT('',(0.00546954136693805,-0.0108955944292812,-0.005));
#8700=CARTESIAN_POINT('',(0.00546954136693805,-0.0108955944292812,0.0667007670809734));
#8701=CARTESIAN_POINT('',(0.0113450869534175,-0.0156316669799757,0.0714453670809734));
#8702=CARTESIAN_POINT('',(0.0092369078474743,-0.0147474733900605,0.0714453670809734));
#8703=CARTESIAN_POINT('',(0.0092369078474743,-0.0147474733900605,-0.005));
#8704=CARTESIAN_POINT('',(-0.0038782271840625,-0.00924684097554416,-0.005));
#8705=CARTESIAN_POINT('',(0.00646293294704424,-0.0135840376939987,-0.005));
#8706=CARTESIAN_POINT('',(0.00646293294704424,-0.0135840376939987,0.0714453670809734));
#8707=CARTESIAN_POINT('',(0.011667261889578,-0.0137885822331377,0.0714453670809734));
#8708=CARTESIAN_POINT('',(0.00754388562211706,-0.0096652059656767,0.0714453670809734));
#8709=CARTESIAN_POINT('',(0.00754388562211706,-0.0096652059656767,-0.005));
#8710=CARTESIAN_POINT('',(-0.00106066017177982,-0.00106066017177982,-0.005));
#8711=CARTESIAN_POINT('',(0.0105983478247422,-0.0127196681683018,-0.005));
#8712=CARTESIAN_POINT('',(0.0105983478247422,-0.0127196681683018,0.0714453670809734));
#8713=CARTESIAN_POINT('',(0.00971828272487739,-0.0135997332681666,0.0714453670809734));
#8714=CARTESIAN_POINT('',(0.00971828272487739,-0.0135997332681666,-0.005));
#8715=CARTESIAN_POINT('',(0.00694430782444732,-0.0124362975721048,0.0714453670809734));
#8716=CARTESIAN_POINT('',(0.00694430782444732,-0.0124362975721048,-0.005));
#8717=CARTESIAN_POINT('',(0.00666382052225228,-0.0105452710655415,0.0714453670809734));
#8718=CARTESIAN_POINT('',(0.00666382052225228,-0.0105452710655415,-0.005));
#8719=CARTESIAN_POINT('',(0.,2.20436423846524E-18,0.0714453670809734));
#8720=CARTESIAN_POINT('',(-0.0257010494392313,-0.01906452353777,-0.005));
#8721=CARTESIAN_POINT('',(-0.0257010494392313,-0.01906452353777,-0.005));
#8722=CARTESIAN_POINT('',(0.,2.20436423846524E-18,-0.005));
#8723=CARTESIAN_POINT('',(-0.0275,-0.0163630681719536,-0.008));
#8724=CARTESIAN_POINT('',(-0.0275,-0.0163630681719536,-0.00763582736464216));
#8725=CARTESIAN_POINT('',(-0.0276411201589832,-0.0161278707239321,-0.00693813843961463));
#8726=CARTESIAN_POINT('',(-0.0280517026633292,-0.0154072849035277,-0.00621718858718808));
#8727=CARTESIAN_POINT('',(-0.0285010316666193,-0.0145610639067736,-0.00573619086139453));
#8728=CARTESIAN_POINT('',(-0.0291066339039685,-0.0133284221895586,-0.00530360777826937));
#8729=CARTESIAN_POINT('',(-0.0298033339870501,-0.0117165878052388,-0.00504720165956331));
#8730=CARTESIAN_POINT('',(-0.0302835677215001,-0.0103642257684908,-0.005));
#8731=CARTESIAN_POINT('',(-0.0305,-0.00968245836551854,-0.005));
#8732=CARTESIAN_POINT('',(-0.0318723259651576,-0.00285566762259636,0.0667007670809734));
#8733=CARTESIAN_POINT('',(-0.024378100434325,-0.0109529500193579,0.0714453670809734));
#8734=CARTESIAN_POINT('',(-0.0254348747585312,-0.00258859420801728,0.0714453670809734));
#8735=CARTESIAN_POINT('',(-0.0254348747585312,-0.00258859420801728,-0.005));
#8736=CARTESIAN_POINT('',(-0.0253571620467545,-0.00320368936833308,-0.005));
#8737=CARTESIAN_POINT('',(-0.0234666553179761,-0.0181670269334402,-0.005));
#8738=CARTESIAN_POINT('',(-0.0234666553179761,-0.0181670269334402,0.0714453670809734));
#8739=CARTESIAN_POINT('',(-0.018,-0.0015,0.0714453670809734));
#8740=CARTESIAN_POINT('',(-0.0306326916871502,-0.0015,0.0714453670809734));
#8741=CARTESIAN_POINT('',(-0.0305,-0.0015,-0.008));
#8742=CARTESIAN_POINT('',(0.,-0.0015,-0.005));
#8743=CARTESIAN_POINT('',(-0.0266696586881594,-0.0015,-0.005));
#8744=CARTESIAN_POINT('',(-0.0266696586881594,-0.0015,0.0714453670809734));
#8745=CARTESIAN_POINT('',(-0.0266696586881594,-0.0027446,0.0714453670809734));
#8746=CARTESIAN_POINT('',(-0.0266696586881594,-0.0027446,-0.005));
#8747=CARTESIAN_POINT('',(-0.0247014392476042,-0.0183230327254229,0.0714453670809734));
#8748=CARTESIAN_POINT('',(-0.0247014392476042,-0.0183230327254229,-0.005));
#8749=CARTESIAN_POINT('',(-0.0306326916871502,-0.0027446,0.0714453670809734));
#8750=CARTESIAN_POINT('',(-0.0125,-6.12323399573676E-21,0.0714453670809734));
#8751=CARTESIAN_POINT('',(-0.0177359588549392,-0.00225271721913429,-0.005));
#8752=CARTESIAN_POINT('',(-0.0177359588549392,-0.00225271721913429,-0.005));
#8753=CARTESIAN_POINT('',(-0.0125,-6.12323399573676E-21,-0.005));
#8754=CARTESIAN_POINT('',(-0.0166025172646359,-0.00395718992384305,-0.005));
#8755=CARTESIAN_POINT('',(-0.0166025172646359,-0.00395718992384305,0.0667007670809734));
#8756=CARTESIAN_POINT('',(-0.018,-0.0015,0.0714453670809734));
#8757=CARTESIAN_POINT('',(-0.0211368216013845,-0.0015,0.0714453670809734));
#8758=CARTESIAN_POINT('',(-0.0211368216013845,-0.0015,-0.005));
#8759=CARTESIAN_POINT('',(0.,-0.0015,-0.005));
#8760=CARTESIAN_POINT('',(-0.0188792350638615,-0.0015,-0.005));
#8761=CARTESIAN_POINT('',(-0.0188792350638615,-0.0015,0.0714453670809734));
#8762=CARTESIAN_POINT('',(-0.0183981946721514,-0.0101847746987097,0.0714453670809734));
#8763=CARTESIAN_POINT('',(-0.0163505653861745,-0.0053026206923365,0.0714453670809734));
#8764=CARTESIAN_POINT('',(-0.0163505653861745,-0.0053026206923365,-0.005));
#8765=CARTESIAN_POINT('',(-0.0120133686677199,0.00503853943877024,-0.005));
#8766=CARTESIAN_POINT('',(-0.0189451307475945,-0.0114888321129309,-0.005));
#8767=CARTESIAN_POINT('',(-0.0189451307475945,-0.0114888321129309,0.0714453670809734));
#8768=CARTESIAN_POINT('',(-0.0214017612178021,-0.0105769116327693,0.0714453670809734));
#8769=CARTESIAN_POINT('',(-0.0213276547991166,-0.0111634630275105,0.0714453670809734));
#8770=CARTESIAN_POINT('',(-0.0213276547991166,-0.0111634630275105,-0.005));
#8771=CARTESIAN_POINT('',(-0.0223808228302316,-0.00282765098174449,-0.005));
#8772=CARTESIAN_POINT('',(-0.0223716055310126,-0.00290060579198272,-0.005));
#8773=CARTESIAN_POINT('',(-0.0223716055310126,-0.00290060579198272,0.0714453670809734));
#8774=CARTESIAN_POINT('',(-0.0200928708694885,-0.0110074572355278,0.0714453670809734));
#8775=CARTESIAN_POINT('',(-0.0200928708694885,-0.0110074572355278,-0.005));
#8776=CARTESIAN_POINT('',(-0.0211368216013845,-0.0027446,0.0714453670809734));
#8777=CARTESIAN_POINT('',(-0.0211368216013845,-0.0027446,-0.005));
#8778=CARTESIAN_POINT('',(-0.0174983055080684,-0.00482124581493341,0.0714453670809734));
#8779=CARTESIAN_POINT('',(-0.0174983055080684,-0.00482124581493341,-0.005));
#8780=CARTESIAN_POINT('',(-0.0188792350638615,-0.0027446,0.0714453670809734));
#8781=CARTESIAN_POINT('',(-0.0188792350638615,-0.0027446,-0.005));
#8782=CARTESIAN_POINT('',(0.,2.20436423846524E-18,0.0714453670809734));
#8783=CARTESIAN_POINT('',(0.0257010494392313,0.01906452353777,-0.005));
#8784=CARTESIAN_POINT('',(0.0257010494392313,0.01906452353777,-0.005));
#8785=CARTESIAN_POINT('',(0.,2.20436423846524E-18,-0.005));
#8786=CARTESIAN_POINT('',(0.0318723259651576,0.00285566762259636,0.0667007670809734));
#8787=CARTESIAN_POINT('',(0.024378100434325,0.0109529500193579,0.0714453670809734));
#8788=CARTESIAN_POINT('',(0.0254348747585312,0.00258859420801728,0.0714453670809734));
#8789=CARTESIAN_POINT('',(0.0254348747585312,0.00258859420801728,-0.005));
#8790=CARTESIAN_POINT('',(0.0253571620467545,0.00320368936833308,-0.005));
#8791=CARTESIAN_POINT('',(0.0234666553179761,0.0181670269334402,-0.005));
#8792=CARTESIAN_POINT('',(0.0234666553179761,0.0181670269334402,0.0714453670809734));
#8793=CARTESIAN_POINT('',(0.018,0.0015,0.0714453670809734));
#8794=CARTESIAN_POINT('',(0.0306326916871502,0.0015,0.0714453670809734));
#8795=CARTESIAN_POINT('',(0.,0.0015,-0.005));
#8796=CARTESIAN_POINT('',(0.0266696586881594,0.0015,-0.005));
#8797=CARTESIAN_POINT('',(0.0266696586881594,0.0015,0.0714453670809734));
#8798=CARTESIAN_POINT('',(0.0266696586881594,0.0027446,0.0714453670809734));
#8799=CARTESIAN_POINT('',(0.0266696586881594,0.0027446,-0.005));
#8800=CARTESIAN_POINT('',(0.0247014392476042,0.0183230327254229,0.0714453670809734));
#8801=CARTESIAN_POINT('',(0.0247014392476042,0.0183230327254229,-0.005));
#8802=CARTESIAN_POINT('',(0.0306326916871502,0.0027446,0.0714453670809734));
#8803=CARTESIAN_POINT('',(0.,2.20436423846524E-18,0.0714453670809734));
#8804=CARTESIAN_POINT('',(0.00285566762259635,0.0318723259651576,-0.005));
#8805=CARTESIAN_POINT('',(0.00285566762259636,0.0318723259651576,-0.005));
#8806=CARTESIAN_POINT('',(0.,2.20436423846524E-18,-0.005));
#8807=CARTESIAN_POINT('',(0.01906452353777,0.0257010494392313,-0.005));
#8808=CARTESIAN_POINT('',(0.01906452353777,0.0257010494392313,0.0667007670809734));
#8809=CARTESIAN_POINT('',(0.0109529500193579,0.024378100434325,0.0714453670809734));
#8810=CARTESIAN_POINT('',(0.0181670269334402,0.0234666553179761,0.0714453670809734));
#8811=CARTESIAN_POINT('',(0.0181670269334402,0.0234666553179761,-0.005));
#8812=CARTESIAN_POINT('',(0.00320368936833308,0.0253571620467545,-0.005));
#8813=CARTESIAN_POINT('',(0.00258859420801728,0.0254348747585312,-0.005));
#8814=CARTESIAN_POINT('',(0.00258859420801728,0.0254348747585312,0.0714453670809734));
#8815=CARTESIAN_POINT('',(0.0015,-0.018,0.0714453670809734));
#8816=CARTESIAN_POINT('',(0.0015,0.0266696586881594,0.0714453670809734));
#8817=CARTESIAN_POINT('',(0.0015,0.0266696586881594,-0.005));
#8818=CARTESIAN_POINT('',(0.0015,0.,-0.005));
#8819=CARTESIAN_POINT('',(0.0015,0.0306326916871502,-0.005));
#8820=CARTESIAN_POINT('',(0.0015,0.0306326916871502,0.0714453670809734));
#8821=CARTESIAN_POINT('',(0.0027446,0.0266696586881594,0.0714453670809734));
#8822=CARTESIAN_POINT('',(0.0027446,0.0266696586881594,-0.005));
#8823=CARTESIAN_POINT('',(0.0183230327254229,0.0247014392476042,0.0714453670809734));
#8824=CARTESIAN_POINT('',(0.0183230327254229,0.0247014392476042,-0.005));
#8825=CARTESIAN_POINT('',(0.0027446,0.0306326916871502,0.0714453670809734));
#8826=CARTESIAN_POINT('',(0.0027446,0.0306326916871502,-0.005));
#8827=CARTESIAN_POINT('',(0.,2.20436423846524E-18,0.0714453670809734));
#8828=CARTESIAN_POINT('',(-0.01906452353777,0.0257010494392313,-0.005));
#8829=CARTESIAN_POINT('',(-0.01906452353777,0.0257010494392313,-0.005));
#8830=CARTESIAN_POINT('',(0.,2.20436423846524E-18,-0.005));
#8831=CARTESIAN_POINT('',(-0.00285566762259636,0.0318723259651576,-0.005));
#8832=CARTESIAN_POINT('',(-0.00285566762259635,0.0318723259651576,0.0667007670809734));
#8833=CARTESIAN_POINT('',(-0.0109529500193579,0.024378100434325,0.0714453670809734));
#8834=CARTESIAN_POINT('',(-0.00258859420801728,0.0254348747585312,0.0714453670809734));
#8835=CARTESIAN_POINT('',(-0.00258859420801728,0.0254348747585312,-0.005));
#8836=CARTESIAN_POINT('',(-0.00320368936833307,0.0253571620467545,-0.005));
#8837=CARTESIAN_POINT('',(-0.0181670269334402,0.0234666553179761,-0.005));
#8838=CARTESIAN_POINT('',(-0.0181670269334402,0.0234666553179761,0.0714453670809734));
#8839=CARTESIAN_POINT('',(-0.0015,-0.018,0.0714453670809734));
#8840=CARTESIAN_POINT('',(-0.0015,0.0306326916871502,0.0714453670809734));
#8841=CARTESIAN_POINT('',(-0.0015,0.0306326916871502,-0.005));
#8842=CARTESIAN_POINT('',(-0.0015,0.,-0.005));
#8843=CARTESIAN_POINT('',(-0.0015,0.0266696586881594,-0.005));
#8844=CARTESIAN_POINT('',(-0.0015,0.0266696586881594,0.0714453670809734));
#8845=CARTESIAN_POINT('',(-0.0027446,0.0306326916871502,0.0714453670809734));
#8846=CARTESIAN_POINT('',(-0.0027446,0.0306326916871502,-0.005));
#8847=CARTESIAN_POINT('',(-0.0027446,0.0266696586881594,0.0714453670809734));
#8848=CARTESIAN_POINT('',(-0.0027446,0.0266696586881594,-0.005));
#8849=CARTESIAN_POINT('',(-0.0183230327254229,0.0247014392476042,0.0714453670809734));
#8850=CARTESIAN_POINT('',(-0.0183230327254229,0.0247014392476042,-0.005));
#8851=CARTESIAN_POINT('',(0.,2.20436423846524E-18,0.0714453670809734));
#8852=CARTESIAN_POINT('',(-0.0318723259651576,0.00285566762259636,-0.005));
#8853=CARTESIAN_POINT('',(-0.0305,0.00968245836551854,-0.005));
#8854=CARTESIAN_POINT('',(-0.0302835807914397,0.0103641845978355,-0.005));
#8855=CARTESIAN_POINT('',(-0.0298079019235259,0.0117049063945647,-0.00504622730549837));
#8856=CARTESIAN_POINT('',(-0.0291057510506753,0.0133308188715302,-0.00530341810796982));
#8857=CARTESIAN_POINT('',(-0.0284986214737524,0.0145656389942555,-0.00573858808748682));
#8858=CARTESIAN_POINT('',(-0.028053062009886,0.0154047430713336,-0.00621567288277575));
#8859=CARTESIAN_POINT('',(-0.0276412631487015,0.0161276816621254,-0.00693736375579551));
#8860=CARTESIAN_POINT('',(-0.0275,0.0163630681719536,-0.0076351699892796));
#8861=CARTESIAN_POINT('',(-0.0275,0.0163630681719536,-0.008));
#8862=CARTESIAN_POINT('',(0.,2.20436423846524E-18,-0.005));
#8863=CARTESIAN_POINT('',(-0.0257010494392313,0.01906452353777,-0.005));
#8864=CARTESIAN_POINT('',(-0.0257010494392313,0.01906452353777,0.0667007670809734));
#8865=CARTESIAN_POINT('',(-0.024378100434325,0.0109529500193579,0.0714453670809734));
#8866=CARTESIAN_POINT('',(-0.0234666553179761,0.0181670269334402,0.0714453670809734));
#8867=CARTESIAN_POINT('',(-0.0234666553179761,0.0181670269334402,-0.005));
#8868=CARTESIAN_POINT('',(-0.0253571620467545,0.00320368936833308,-0.005));
#8869=CARTESIAN_POINT('',(-0.0254348747585312,0.00258859420801728,-0.005));
#8870=CARTESIAN_POINT('',(-0.0254348747585312,0.00258859420801728,0.0714453670809734));
#8871=CARTESIAN_POINT('',(-0.018,0.0015,0.0714453670809734));
#8872=CARTESIAN_POINT('',(-0.0266696586881594,0.0015,0.0714453670809734));
#8873=CARTESIAN_POINT('',(-0.0266696586881594,0.0015,-0.005));
#8874=CARTESIAN_POINT('',(0.,0.0015,-0.005));
#8875=CARTESIAN_POINT('',(-0.0305,0.0015,-0.008));
#8876=CARTESIAN_POINT('',(-0.0306326916871502,0.0015,0.0714453670809734));
#8877=CARTESIAN_POINT('',(-0.0266696586881594,0.0027446,0.0714453670809734));
#8878=CARTESIAN_POINT('',(-0.0266696586881594,0.0027446,-0.005));
#8879=CARTESIAN_POINT('',(-0.0247014392476042,0.0183230327254229,0.0714453670809734));
#8880=CARTESIAN_POINT('',(-0.0247014392476042,0.0183230327254229,-0.005));
#8881=CARTESIAN_POINT('',(-0.0306326916871502,0.0027446,0.0714453670809734));
#8882=CARTESIAN_POINT('',(0.0125,1.53693173292993E-18,0.0714453670809734));
#8883=CARTESIAN_POINT('',(0.0177359588549392,0.00225271721913429,-0.005));
#8884=CARTESIAN_POINT('',(0.0177359588549392,0.00225271721913429,-0.005));
#8885=CARTESIAN_POINT('',(0.0125,1.53693173292993E-18,-0.005));
#8886=CARTESIAN_POINT('',(0.0166025172646359,0.00395718992384305,-0.005));
#8887=CARTESIAN_POINT('',(0.0166025172646359,0.00395718992384305,0.0667007670809734));
#8888=CARTESIAN_POINT('',(0.018,0.0015,0.0714453670809734));
#8889=CARTESIAN_POINT('',(0.0211368216013845,0.0015,0.0714453670809734));
#8890=CARTESIAN_POINT('',(0.0211368216013845,0.0015,-0.005));
#8891=CARTESIAN_POINT('',(0.,0.0015,-0.005));
#8892=CARTESIAN_POINT('',(0.0188792350638615,0.0015,-0.005));
#8893=CARTESIAN_POINT('',(0.0188792350638615,0.0015,0.0714453670809734));
#8894=CARTESIAN_POINT('',(0.0183981946721514,0.0101847746987097,0.0714453670809734));
#8895=CARTESIAN_POINT('',(0.0163505653861745,0.0053026206923365,0.0714453670809734));
#8896=CARTESIAN_POINT('',(0.0163505653861745,0.0053026206923365,-0.005));
#8897=CARTESIAN_POINT('',(0.0120133686677199,-0.00503853943877024,-0.005));
#8898=CARTESIAN_POINT('',(0.0189451307475945,0.0114888321129309,-0.005));
#8899=CARTESIAN_POINT('',(0.0189451307475945,0.0114888321129309,0.0714453670809734));
#8900=CARTESIAN_POINT('',(0.0214017612178021,0.0105769116327693,0.0714453670809734));
#8901=CARTESIAN_POINT('',(0.0213276547991166,0.0111634630275105,0.0714453670809734));
#8902=CARTESIAN_POINT('',(0.0213276547991166,0.0111634630275105,-0.005));
#8903=CARTESIAN_POINT('',(0.0223808228302316,0.00282765098174449,-0.005));
#8904=CARTESIAN_POINT('',(0.0223716055310126,0.00290060579198272,-0.005));
#8905=CARTESIAN_POINT('',(0.0223716055310126,0.00290060579198272,0.0714453670809734));
#8906=CARTESIAN_POINT('',(0.0200928708694885,0.0110074572355278,0.0714453670809734));
#8907=CARTESIAN_POINT('',(0.0200928708694885,0.0110074572355278,-0.005));
#8908=CARTESIAN_POINT('',(0.0211368216013845,0.0027446,0.0714453670809734));
#8909=CARTESIAN_POINT('',(0.0211368216013845,0.0027446,-0.005));
#8910=CARTESIAN_POINT('',(0.0174983055080684,0.00482124581493342,0.0714453670809734));
#8911=CARTESIAN_POINT('',(0.0174983055080684,0.00482124581493342,-0.005));
#8912=CARTESIAN_POINT('',(0.0188792350638615,0.0027446,0.0714453670809734));
#8913=CARTESIAN_POINT('',(0.0188792350638615,0.0027446,-0.005));
#8914=CARTESIAN_POINT('',(0.0125,1.53693173292993E-18,0.0714453670809734));
#8915=CARTESIAN_POINT('',(0.0124477142183851,0.00569976018767816,-0.005));
#8916=CARTESIAN_POINT('',(0.0124477142183851,0.00569976018767816,-0.005));
#8917=CARTESIAN_POINT('',(0.0125,1.53693173292993E-18,-0.005));
#8918=CARTESIAN_POINT('',(0.0108955944292812,0.00546954136693805,-0.005));
#8919=CARTESIAN_POINT('',(0.0108955944292812,0.00546954136693805,0.0667007670809734));
#8920=CARTESIAN_POINT('',(0.0156316669799757,0.0113450869534175,0.0714453670809734));
#8921=CARTESIAN_POINT('',(0.0147474733900605,0.00923690784747432,0.0714453670809734));
#8922=CARTESIAN_POINT('',(0.0147474733900605,0.00923690784747432,-0.005));
#8923=CARTESIAN_POINT('',(0.00924684097554416,-0.0038782271840625,-0.005));
#8924=CARTESIAN_POINT('',(0.0135840376939987,0.00646293294704424,-0.005));
#8925=CARTESIAN_POINT('',(0.0135840376939987,0.00646293294704424,0.0714453670809734));
#8926=CARTESIAN_POINT('',(-0.011667261889578,-0.0137885822331377,0.0714453670809734));
#8927=CARTESIAN_POINT('',(0.00966520596567668,0.00754388562211705,0.0714453670809734));
#8928=CARTESIAN_POINT('',(0.00966520596567669,0.00754388562211706,-0.005));
#8929=CARTESIAN_POINT('',(0.00106066017177982,-0.00106066017177982,-0.005));
#8930=CARTESIAN_POINT('',(0.0127196681683018,0.0105983478247422,-0.005));
#8931=CARTESIAN_POINT('',(0.0127196681683018,0.0105983478247422,0.0714453670809734));
#8932=CARTESIAN_POINT('',(0.0135997332681666,0.0097182827248774,0.0714453670809734));
#8933=CARTESIAN_POINT('',(0.0135997332681666,0.0097182827248774,-0.005));
#8934=CARTESIAN_POINT('',(0.0124362975721048,0.00694430782444732,0.0714453670809734));
#8935=CARTESIAN_POINT('',(0.0124362975721048,0.00694430782444732,-0.005));
#8936=CARTESIAN_POINT('',(0.0105452710655415,0.00666382052225228,0.0714453670809734));
#8937=CARTESIAN_POINT('',(0.0105452710655415,0.00666382052225228,-0.005));
#8938=CARTESIAN_POINT('',(0.0275,0.018,-0.005));
#8939=CARTESIAN_POINT('',(0.0275,0.018,-0.005));
#8940=CARTESIAN_POINT('',(0.0275,0.036,-0.04625));
#8941=CARTESIAN_POINT('',(-0.0235,0.036,-0.005));
#8942=CARTESIAN_POINT('',(-0.0235,0.036,-0.0115238230365969));
#8943=CARTESIAN_POINT('',(-0.0235,0.036,-0.009));
#8944=CARTESIAN_POINT('',(0.0275,0.036,-0.009));
#8945=CARTESIAN_POINT('',(-0.020976176963403,0.036,-0.009));
#8946=CARTESIAN_POINT('',(0.,0.036,-0.0325));
#8947=CARTESIAN_POINT('',(0.0275,0.036,-0.04625));
#8948=CARTESIAN_POINT('',(0.0275,0.036,-0.009));
#8949=CARTESIAN_POINT('',(0.020976176963403,0.036,-0.009));
#8950=CARTESIAN_POINT('',(0.0235,0.036,-0.009));
#8951=CARTESIAN_POINT('',(0.0235,0.036,-0.04625));
#8952=CARTESIAN_POINT('',(0.0235,0.036,-0.011523823036597));
#8953=CARTESIAN_POINT('',(0.,0.036,-0.0325));
#8954=CARTESIAN_POINT('',(0.,0.146,-0.01875));
#8955=CARTESIAN_POINT('',(0.028831406486677,0.146,-0.0475));
#8956=CARTESIAN_POINT('',(0.028831406486677,0.146,-0.0375));
#8957=CARTESIAN_POINT('',(0.0188523780221242,0.146,-0.0481472950669094));
#8958=CARTESIAN_POINT('',(0.,0.146,-0.0325));
#8959=CARTESIAN_POINT('',(0.0203414735436154,0.146,-0.0188444350510719));
#8960=CARTESIAN_POINT('',(0.0302034766210779,0.146,-0.0205));
#8961=CARTESIAN_POINT('',(0.0302034766210779,0.146,-0.0305));
#8962=CARTESIAN_POINT('',(0.043,0.146,-0.0305));
#8963=CARTESIAN_POINT('',(0.04,0.146,-0.0305));
#8964=CARTESIAN_POINT('',(0.04,0.146,-0.0315));
#8965=CARTESIAN_POINT('',(0.04,0.146,-0.0315));
#8966=CARTESIAN_POINT('',(0.0137409060836613,0.146,-0.0315));
#8967=CARTESIAN_POINT('',(0.0213265679376687,0.146,-0.0315));
#8968=CARTESIAN_POINT('',(0.,0.146,-0.0325));
#8969=CARTESIAN_POINT('',(0.0213265679376687,0.146,-0.0335));
#8970=CARTESIAN_POINT('',(0.0137409060836613,0.146,-0.0335));
#8971=CARTESIAN_POINT('',(0.04,0.146,-0.0335));
#8972=CARTESIAN_POINT('',(0.04,0.146,-0.0375));
#8973=CARTESIAN_POINT('',(0.04,0.146,-0.0375));
#8974=CARTESIAN_POINT('',(0.,0.146,-0.0375));
#8975=CARTESIAN_POINT('',(0.0275,0.018,-0.005));
#8976=CARTESIAN_POINT('',(0.0275,0.032,-0.005));
#8977=CARTESIAN_POINT('',(0.020976176963403,0.032,-0.005));
#8978=CARTESIAN_POINT('',(0.020976176963403,0.032,-0.005));
#8979=CARTESIAN_POINT('',(0.0190591339540295,0.032,-0.005));
#8980=CARTESIAN_POINT('',(0.0153126382189856,0.0325895681504894,-0.005));
#8981=CARTESIAN_POINT('',(0.00814376759256244,0.0352300724990447,-0.005));
#8982=CARTESIAN_POINT('',(0.00326697389801121,0.0380938527119911,-0.005));
#8983=CARTESIAN_POINT('',(0.,0.04,-0.005));
#8984=CARTESIAN_POINT('',(-0.020976176963403,0.032,-0.005));
#8985=CARTESIAN_POINT('',(-0.0190591339540295,0.032,-0.005));
#8986=CARTESIAN_POINT('',(-0.0153126382189858,0.0325895681504898,-0.005));
#8987=CARTESIAN_POINT('',(-0.00814376759256108,0.0352300724990424,-0.005));
#8988=CARTESIAN_POINT('',(-0.00326697389801715,0.0380938527120012,-0.005));
#8989=CARTESIAN_POINT('',(0.,0.04,-0.005));
#8990=CARTESIAN_POINT('',(-0.020976176963403,0.032,-0.005));
#8991=CARTESIAN_POINT('',(0.0275,0.032,-0.005));
#8992=CARTESIAN_POINT('',(-0.0275,0.0242477053486465,-0.005));
#8993=CARTESIAN_POINT('',(-0.0275,0.0236685240838649,-0.005));
#8994=CARTESIAN_POINT('',(-0.0278522908816054,0.0225592638001524,-0.005));
#8995=CARTESIAN_POINT('',(-0.0290912123202087,0.0206418112619951,-0.005));
#8996=CARTESIAN_POINT('',(-0.0299600150152585,0.0191690612253014,-0.00499999999999999));
#8997=CARTESIAN_POINT('',(-0.0305,0.018165902124585,-0.005));
#8998=CARTESIAN_POINT('',(0.0275,0.018,-0.005));
#8999=CARTESIAN_POINT('',(0.0275,0.018,-0.005));
#9000=CARTESIAN_POINT('',(0.0275,0.018,-0.005));
#9001=CARTESIAN_POINT('',(0.0275,0.018,-0.005));
#9002=CARTESIAN_POINT('',(0.0275,0.018,-0.005));
#9003=CARTESIAN_POINT('',(0.0275,0.018,-0.005));
#9004=CARTESIAN_POINT('',(0.0275,0.018,-0.005));
#9005=CARTESIAN_POINT('',(0.0275,0.018,-0.005));
#9006=CARTESIAN_POINT('',(0.0275,0.018,-0.005));
#9007=CARTESIAN_POINT('',(0.0275,0.018,-0.005));
#9008=CARTESIAN_POINT('',(0.0275,0.018,-0.005));
#9009=CARTESIAN_POINT('',(0.0275,0.018,-0.005));
#9010=CARTESIAN_POINT('',(0.0275,0.018,-0.005));
#9011=CARTESIAN_POINT('',(0.0275,0.018,-0.005));
#9012=CARTESIAN_POINT('',(0.0275,0.018,-0.005));
#9013=CARTESIAN_POINT('',(0.0275,0.018,-0.005));
#9014=CARTESIAN_POINT('',(0.0275,0.018,-0.005));
#9015=CARTESIAN_POINT('',(0.0275,0.018,-0.005));
#9016=CARTESIAN_POINT('',(0.0275,0.018,-0.005));
#9017=CARTESIAN_POINT('',(0.0275,0.018,-0.005));
#9018=CARTESIAN_POINT('',(0.0275,0.018,-0.005));
#9019=CARTESIAN_POINT('',(0.0275,0.018,-0.005));
#9020=CARTESIAN_POINT('',(-6.93889390390723E-18,-0.00925,-0.005));
#9021=CARTESIAN_POINT('',(0.0125,-4.89800872814358E-18,-0.005));
#9022=CARTESIAN_POINT('',(0.0125,-0.00500000000000001,-0.005));
#9023=CARTESIAN_POINT('',(0.0125,4.04063584945913E-18,-0.0792));
#9024=CARTESIAN_POINT('',(0.0125,1.5077042835268E-18,-0.0581740468411617));
#9025=CARTESIAN_POINT('',(0.0162319623473664,-0.00332753017083834,-0.0520735748612914));
#9026=CARTESIAN_POINT('',(0.0075065995583458,-0.000256811271730148,-0.0577032261763231));
#9027=CARTESIAN_POINT('',(0.0075065995583458,-0.000256811271730148,-0.0577032261763231));
#9028=CARTESIAN_POINT('',(0.00749900889942544,-0.000109219620670461,-0.0579738108699325));
#9029=CARTESIAN_POINT('',(0.00749310172437426,0.000164150740609208,-0.0581925837322846));
#9030=CARTESIAN_POINT('',(0.0075223817294139,0.000472563596066676,-0.0581836547957049));
#9031=CARTESIAN_POINT('',(0.0075223817294139,0.000472563596066676,-0.0581836547957049));
#9032=CARTESIAN_POINT('',(0.0075223817294139,0.000472563596066676,-0.0581836547957049));
#9033=CARTESIAN_POINT('',(0.00760157683017818,0.00130674334200206,-0.0581595042523157));
#9034=CARTESIAN_POINT('',(0.00818412997831805,0.00290654357250998,-0.0579879893676));
#9035=CARTESIAN_POINT('',(0.0100176870143895,0.00454694645234981,-0.0572790977895876));
#9036=CARTESIAN_POINT('',(0.0121917766529554,0.00513923957570464,-0.0561204836432435));
#9037=CARTESIAN_POINT('',(0.0142312722262821,0.00483042345340108,-0.0546866269117469));
#9038=CARTESIAN_POINT('',(0.0156695005698452,0.00396928865674326,-0.0534155592557143));
#9039=CARTESIAN_POINT('',(0.0165878909478779,0.00294341130576204,-0.0524906665757208));
#9040=CARTESIAN_POINT('',(0.0171365727124877,0.00198530655394469,-0.0518941412681853));
#9041=CARTESIAN_POINT('',(0.0174813526688,0.000836380186936585,-0.0514962027759883));
#9042=CARTESIAN_POINT('',(0.017534632677604,-0.000427734656868876,-0.0514330206028039));
#9043=CARTESIAN_POINT('',(0.0172754467835563,-0.00162928549605925,-0.0517360437421664));
#9044=CARTESIAN_POINT('',(0.0169519925535181,-0.0023049626074727,-0.0520957406106501));
#9045=CARTESIAN_POINT('',(0.0167611307457217,-0.00261586788042995,-0.0522994863290459));
#9046=CARTESIAN_POINT('',(0.0167611307457217,-0.00261586788042995,-0.0522994863290459));
#9047=CARTESIAN_POINT('',(0.0167611307457217,-0.00261586788042995,-0.0522994863290459));
#9048=CARTESIAN_POINT('',(0.0166835513063659,-0.00274224128665121,-0.0523823026807655));
#9049=CARTESIAN_POINT('',(0.0164814809925834,-0.00303890972703375,-0.0524331456369452));
#9050=CARTESIAN_POINT('',(0.0162985080096113,-0.00325289646561907,-0.0522104033208601));
#9051=CARTESIAN_POINT('',(0.0162319623473664,-0.00332753017083834,-0.0520735748612914));
#9052=CARTESIAN_POINT('',(-6.93889390390723E-18,-0.00925,-0.005));
#9053=CARTESIAN_POINT('',(-0.0125,7.63348630761722E-18,-0.005));
#9054=CARTESIAN_POINT('',(-0.0125,-0.00499999999999999,-0.005));
#9055=CARTESIAN_POINT('',(-0.0125,1.65721308852199E-17,-0.0792));
#9056=CARTESIAN_POINT('',(-0.0125,1.40391993192876E-17,-0.0581740468411617));
#9057=CARTESIAN_POINT('',(-0.0075065995583458,-0.000256811271730145,-0.0577032261763231));
#9058=CARTESIAN_POINT('',(-0.0162319623473664,-0.00332753017083834,-0.0520735748612914));
#9059=CARTESIAN_POINT('',(-0.0162319623473664,-0.00332753017083834,-0.0520735748612914));
#9060=CARTESIAN_POINT('',(-0.0162985094618546,-0.00325289483686832,-0.0522104063069031));
#9061=CARTESIAN_POINT('',(-0.0164814760742199,-0.00303892062138441,-0.0524331646766029));
#9062=CARTESIAN_POINT('',(-0.0166835807854762,-0.00274219326651074,-0.0523822712117012));
#9063=CARTESIAN_POINT('',(-0.0167611307457216,-0.00261586788043011,-0.052299486329046));
#9064=CARTESIAN_POINT('',(-0.0167611307457216,-0.00261586788043011,-0.052299486329046));
#9065=CARTESIAN_POINT('',(-0.0167611307457216,-0.00261586788043011,-0.052299486329046));
#9066=CARTESIAN_POINT('',(-0.0169521680384599,-0.00230467675042069,-0.0520955532797956));
#9067=CARTESIAN_POINT('',(-0.0172788320411604,-0.00162056138708655,-0.0517322222310569));
#9068=CARTESIAN_POINT('',(-0.0175354941813949,-0.000420147259787924,-0.0514319875851571));
#9069=CARTESIAN_POINT('',(-0.0174790737143023,0.000852267493173088,-0.0514988414341622));
#9070=CARTESIAN_POINT('',(-0.0170157155259317,0.00237407341623021,-0.0520337394881622));
#9071=CARTESIAN_POINT('',(-0.015946923233374,0.00380403846675298,-0.0531720557727307));
#9072=CARTESIAN_POINT('',(-0.0142358680267347,0.00482752063987849,-0.0546821344272388));
#9073=CARTESIAN_POINT('',(-0.0121929711554797,0.00514053735268944,-0.056120393838804));
#9074=CARTESIAN_POINT('',(-0.0100107059955768,0.00454481664707381,-0.0572824753028641));
#9075=CARTESIAN_POINT('',(-0.00817762879455837,0.00289530236477972,-0.0579900418428884));
#9076=CARTESIAN_POINT('',(-0.00760135067385852,0.00130436118679986,-0.058159573218678));
#9077=CARTESIAN_POINT('',(-0.0075223817294139,0.00047256359606668,-0.0581836547957049));
#9078=CARTESIAN_POINT('',(-0.0075223817294139,0.000472563596066679,-0.0581836547957049));
#9079=CARTESIAN_POINT('',(-0.0075223817294139,0.000472563596066679,-0.0581836547957049));
#9080=CARTESIAN_POINT('',(-0.00749298303152292,0.000162900522204031,-0.0581926199276657));
#9081=CARTESIAN_POINT('',(-0.00749899055698408,-0.000108862972949565,-0.0579744647240875));
#9082=CARTESIAN_POINT('',(-0.0075065995583458,-0.000256811271730144,-0.0577032261763231));
#9083=CARTESIAN_POINT('',(-6.93889390390723E-18,-0.00925,-0.005));
#9084=CARTESIAN_POINT('',(-7.7965560168146E-18,-0.0125,-0.005));
#9085=CARTESIAN_POINT('',(-7.7965560168146E-18,-0.0175,-0.005));
#9086=CARTESIAN_POINT('',(-7.7965560168146E-18,-0.0125,-0.0792));
#9087=CARTESIAN_POINT('',(-7.7965560168146E-18,-0.0125,-0.0372508714601012));
#9088=CARTESIAN_POINT('',(-7.7965560168146E-18,-0.0175,-0.0265564270156567));
#9089=CARTESIAN_POINT('',(0.,1.11430088160679E-17,-0.0792));
#9090=CARTESIAN_POINT('',(0.,8.39011031883903E-18,-0.0563480936823234));
#9091=CARTESIAN_POINT('',(-0.0270223880597015,-0.0230226093992601,-0.0231562644036561));
#9092=CARTESIAN_POINT('',(-0.00743553959198311,-0.0347125733845252,-0.00630277563773199));
#9093=CARTESIAN_POINT('',(0.,2.36130559143082E-18,-0.00630277563773199));
#9094=CARTESIAN_POINT('',(-0.0270223880597015,-0.0230226093992601,-0.006302775637732));
#9095=CARTESIAN_POINT('',(-0.0270223880597015,-0.0230226093992601,-0.0792));
#9096=CARTESIAN_POINT('',(-6.93889390390723E-18,-0.00925,-0.005));
#9097=CARTESIAN_POINT('',(6.2657475178804E-18,0.0125,-0.005));
#9098=CARTESIAN_POINT('',(6.2657475178804E-18,0.0075,-0.005));
#9099=CARTESIAN_POINT('',(6.2657475178804E-18,0.0125,-0.0792));
#9100=CARTESIAN_POINT('',(0.00197810545014826,0.00776620992057601,-0.05892504920912));
#9101=CARTESIAN_POINT('',(-8.16924956147211E-7,0.00736711827016953,-0.0590374107474422));
#9102=CARTESIAN_POINT('',(-0.00197483775032365,0.00776531699874585,-0.0589253078011111));
#9103=CARTESIAN_POINT('',(-0.00362777336437287,0.00887492495080763,-0.0586584333374755));
#9104=CARTESIAN_POINT('',(-0.00473829409555987,0.0105328073598796,-0.0583878494036935));
#9105=CARTESIAN_POINT('',(-0.00513153025618596,0.0125039173203194,-0.0582736298113195));
#9106=CARTESIAN_POINT('',(-0.00473557803972292,0.0144717816498114,-0.0583885472486677));
#9107=CARTESIAN_POINT('',(-0.00362803079479738,0.0161244335201249,-0.0586583637240216));
#9108=CARTESIAN_POINT('',(-0.00197456380657989,0.0172346222429188,-0.0589252701244714));
#9109=CARTESIAN_POINT('',(-4.39378715434518E-6,0.0176326263050576,-0.0590373440326187));
#9110=CARTESIAN_POINT('',(0.00197554417331105,0.0172348679470707,-0.0589253524980193));
#9111=CARTESIAN_POINT('',(0.003624985660278,0.0161267431200736,-0.0586588632508645));
#9112=CARTESIAN_POINT('',(0.00473521007169311,0.0144738692615732,-0.0583887186333593));
#9113=CARTESIAN_POINT('',(0.00513189177836329,0.0125032487092718,-0.0582735107708025));
#9114=CARTESIAN_POINT('',(0.00473721775550532,0.0105305589000314,-0.0583881536843794));
#9115=CARTESIAN_POINT('',(0.00362829340446564,0.00887633304131144,-0.0586582139413512));
#9116=CARTESIAN_POINT('',(0.00197810545014826,0.00776620992057601,-0.05892504920912));
#9117=CARTESIAN_POINT('',(-8.16924956147211E-7,0.00736711827016953,-0.0590374107474422));
#9118=CARTESIAN_POINT('',(-0.00197483775032365,0.00776531699874585,-0.0589253078011111));
#9119=CARTESIAN_POINT('',(2.79618339518896E-18,0.0075,-0.059));
#9120=CARTESIAN_POINT('',(-7.88757080483204E-18,-0.0211734030337884,-0.0276517453650455));
#9121=CARTESIAN_POINT('',(-7.75464579808558E-18,-0.0175,-0.0332638888888889));
#9122=CARTESIAN_POINT('',(-7.86046575051991E-18,-0.0175,-0.0265564270156567));
#9123=CARTESIAN_POINT('',(-0.000458145007803794,-0.0211734030337884,-0.0276517453650455));
#9124=CARTESIAN_POINT('',(0.000339707303750469,-0.0175,-0.0332638888888889));
#9125=CARTESIAN_POINT('',(-0.000327246434145569,-0.0175,-0.0265564270156567));
#9126=CARTESIAN_POINT('',(-0.00137443502341136,-0.021083156201491,-0.0277896224699443));
#9127=CARTESIAN_POINT('',(0.000985754163365454,-0.0177112171099238,-0.0329411960820608));
#9128=CARTESIAN_POINT('',(-0.000981739302436688,-0.0174355379769304,-0.0266943041205555));
#9129=CARTESIAN_POINT('',(-0.00269605343103198,-0.020682248723765,-0.028402120005359));
#9130=CARTESIAN_POINT('',(0.000867155048507506,-0.0182388102272518,-0.0321351510416986));
#9131=CARTESIAN_POINT('',(-0.00192575245073713,-0.0171491754928404,-0.0273068016559703));
#9132=CARTESIAN_POINT('',(-0.00391405541179454,-0.0200312074716535,-0.0293967663627516));
#9133=CARTESIAN_POINT('',(-0.000128391603825209,-0.0184329182813058,-0.0318385970702272));
#9134=CARTESIAN_POINT('',(-0.00279575386556753,-0.0166841460270465,-0.0283014480133628));
#9135=CARTESIAN_POINT('',(-0.00498167470861322,-0.0191550633090584,-0.0307353199444942));
#9136=CARTESIAN_POINT('',(-0.00143230492142356,-0.0181709345244782,-0.0322388500320472));
#9137=CARTESIAN_POINT('',(-0.00355833907758087,-0.01605832876805,-0.0296400015951054));
#9138=CARTESIAN_POINT('',(-0.00585773056358764,-0.0180874423046785,-0.0323664075900745));
#9139=CARTESIAN_POINT('',(-0.0026968390468516,-0.0175207561429411,-0.0332321781149511));
#9140=CARTESIAN_POINT('',(-0.00418409325970546,-0.0152957423363501,-0.0312710892406858));
#9141=CARTESIAN_POINT('',(-0.00672625881712835,-0.016463566514149,-0.0348473289367168));
#9142=CARTESIAN_POINT('',(-0.00406339985106778,-0.016320085451902,-0.0350665361151497));
#9143=CARTESIAN_POINT('',(-0.00480447058366311,-0.0141358310574004,-0.033752010587328));
#9144=CARTESIAN_POINT('',(-0.00718236874159187,-0.0141734957544271,-0.0383460481529586));
#9145=CARTESIAN_POINT('',(-0.00516936714136604,-0.0143422439665035,-0.0380882383845085));
#9146=CARTESIAN_POINT('',(-0.00513026338685134,-0.0125000662290276,-0.0372507298035699));
#9147=CARTESIAN_POINT('',(-0.00663548820139691,-0.0114248545189288,-0.0425453611516366));
#9148=CARTESIAN_POINT('',(-0.00527330494457897,-0.011706158716693,-0.0421155908494968));
#9149=CARTESIAN_POINT('',(-0.00473963442956923,-0.0105367510608145,-0.0414500428022479));
#9150=CARTESIAN_POINT('',(-0.00507861881829457,-0.00909480021325459,-0.046105166340861));
#9151=CARTESIAN_POINT('',(-0.00423758560850442,-0.00941435341776915,-0.045616960056186));
#9152=CARTESIAN_POINT('',(-0.00362758487021041,-0.00887242655676156,-0.0450098479914723));
#9153=CARTESIAN_POINT('',(-0.00274852133525983,-0.00753787802094836,-0.0484837974679956));
#9154=CARTESIAN_POINT('',(-0.00234749569702539,-0.0078660931273535,-0.0479823577220988));
#9155=CARTESIAN_POINT('',(-0.00196322952518559,-0.00776033927654282,-0.0473884791186068));
#9156=CARTESIAN_POINT('',(6.02408963547615E-19,-0.00699116554020845,-0.0493190526469038));
#9157=CARTESIAN_POINT('',(-2.69651123279195E-18,-0.00732016250726622,-0.0488164183916766));
#9158=CARTESIAN_POINT('',(-1.53688131219852E-18,-0.00736983036172861,-0.048223734297515));
#9159=CARTESIAN_POINT('',(0.00274852133525977,-0.00753787802094835,-0.0484837974679956));
#9160=CARTESIAN_POINT('',(0.00234749569702535,-0.00786609312735348,-0.0479823577220988));
#9161=CARTESIAN_POINT('',(0.00196322952518555,-0.00776033927654281,-0.0473884791186068));
#9162=CARTESIAN_POINT('',(0.00507861881829458,-0.00909480021325461,-0.046105166340861));
#9163=CARTESIAN_POINT('',(0.00423758560850442,-0.00941435341776916,-0.045616960056186));
#9164=CARTESIAN_POINT('',(0.00362758487021041,-0.00887242655676158,-0.0450098479914723));
#9165=CARTESIAN_POINT('',(0.00663548820139689,-0.0114248545189287,-0.0425453611516367));
#9166=CARTESIAN_POINT('',(0.00527330494457895,-0.0117061587166929,-0.0421155908494969));
#9167=CARTESIAN_POINT('',(0.0047396344295692,-0.0105367510608145,-0.0414500428022479));
#9168=CARTESIAN_POINT('',(0.00718236874159186,-0.0141734957544271,-0.0383460481529586));
#9169=CARTESIAN_POINT('',(0.00516936714136602,-0.0143422439665035,-0.0380882383845085));
#9170=CARTESIAN_POINT('',(0.00513026338685132,-0.0125000662290276,-0.0372507298035698));
#9171=CARTESIAN_POINT('',(0.00672625881712835,-0.016463566514149,-0.0348473289367169));
#9172=CARTESIAN_POINT('',(0.00406339985106778,-0.016320085451902,-0.0350665361151497));
#9173=CARTESIAN_POINT('',(0.0048044705836631,-0.0141358310574004,-0.0337520105873281));
#9174=CARTESIAN_POINT('',(0.00585773056358762,-0.0180874423046785,-0.0323664075900745));
#9175=CARTESIAN_POINT('',(0.00269683904685157,-0.0175207561429411,-0.033232178114951));
#9176=CARTESIAN_POINT('',(0.00418409325970544,-0.0152957423363501,-0.0312710892406857));
#9177=CARTESIAN_POINT('',(0.00498167470861323,-0.0191550633090583,-0.0307353199444942));
#9178=CARTESIAN_POINT('',(0.00143230492142356,-0.0181709345244782,-0.0322388500320472));
#9179=CARTESIAN_POINT('',(0.00355833907758087,-0.0160583287680499,-0.0296400015951055));
#9180=CARTESIAN_POINT('',(0.00391405541179452,-0.0200312074716535,-0.0293967663627516));
#9181=CARTESIAN_POINT('',(0.000128391603825213,-0.0184329182813059,-0.0318385970702272));
#9182=CARTESIAN_POINT('',(0.00279575386556751,-0.0166841460270465,-0.0283014480133628));
#9183=CARTESIAN_POINT('',(0.00269605343103197,-0.020682248723765,-0.0284021200053591));
#9184=CARTESIAN_POINT('',(-0.000867155048507566,-0.0182388102272518,-0.0321351510416987));
#9185=CARTESIAN_POINT('',(0.00192575245073712,-0.0171491754928404,-0.0273068016559703));
#9186=CARTESIAN_POINT('',(0.00137443502341136,-0.021083156201491,-0.0277896224699443));
#9187=CARTESIAN_POINT('',(-0.000985754163365458,-0.0177112171099238,-0.0329411960820608));
#9188=CARTESIAN_POINT('',(0.000981739302436681,-0.0174355379769304,-0.0266943041205555));
#9189=CARTESIAN_POINT('',(0.000458145007803779,-0.0211734030337884,-0.0276517453650455));
#9190=CARTESIAN_POINT('',(-0.000339707303750484,-0.0175,-0.0332638888888889));
#9191=CARTESIAN_POINT('',(0.000327246434145554,-0.0175,-0.0265564270156567));
#9192=CARTESIAN_POINT('',(-7.88757080483204E-18,-0.0211734030337884,-0.0276517453650455));
#9193=CARTESIAN_POINT('',(-7.75464579808558E-18,-0.0175,-0.0332638888888889));
#9194=CARTESIAN_POINT('',(-7.86046575051991E-18,-0.0175,-0.0265564270156567));
#9195=CARTESIAN_POINT('',(-0.0275,-0.015609661319339,-0.0325));
#9196=CARTESIAN_POINT('',(-0.0275,-0.0172830643531274,-0.0335953183493888));
#9197=CARTESIAN_POINT('',(-0.0255,-0.0172830643531274,-0.0335953183493888));
#9198=CARTESIAN_POINT('',(-0.0275,-0.0132407324802415,-0.0364030554129648));
#9199=CARTESIAN_POINT('',(-0.0273503580001175,-0.0148775526376034,-0.0372704056925007));
#9200=CARTESIAN_POINT('',(-0.025499999999985,-0.0149141355140318,-0.0372145151868959));
#9201=CARTESIAN_POINT('',(-0.025812596104449,-0.00850427621280448,-0.0442068572697538));
#9202=CARTESIAN_POINT('',(-0.0255807861604005,-0.0100477585356556,-0.0446492577927943));
#9203=CARTESIAN_POINT('',(-0.0239353163877709,-0.010177679246596,-0.0444507678177006));
#9204=CARTESIAN_POINT('',(-0.0210533035614285,-0.00461341299478625,-0.0506174570707168));
#9205=CARTESIAN_POINT('',(-0.0206940687991682,-0.00587112472299917,-0.051030226117597));
#9206=CARTESIAN_POINT('',(-0.0195221542115031,-0.00628681602856652,-0.0503951421785789));
#9207=CARTESIAN_POINT('',(-0.0181169591582059,-0.00305276619369622,-0.0531887841803209));
#9208=CARTESIAN_POINT('',(-0.0177324948289778,-0.00423788353738534,-0.0535254557067724));
#9209=CARTESIAN_POINT('',(-0.0167993621285182,-0.00472616922748463,-0.0527794636802318));
#9210=CARTESIAN_POINT('',(-0.0182780118720307,-0.00313904145651612,-0.0530466367565572));
#9211=CARTESIAN_POINT('',(-0.0179720270845126,-0.00379773890309014,-0.053318836710505));
#9212=CARTESIAN_POINT('',(-0.0174351238108466,-0.00448644459285609,-0.0531457096498032));
#9213=CARTESIAN_POINT('',(-0.0169783548168397,-0.0048297377219002,-0.0526212340359858));
#9214=CARTESIAN_POINT('',(-0.0255,-0.0156096613193389,-0.0325));
#9215=CARTESIAN_POINT('',(-0.0255,-0.00267975595718589,-0.0522540220810671));
#9216=CARTESIAN_POINT('',(-0.0255,-0.0217255609824005,-0.0231562644036561));
#9217=CARTESIAN_POINT('',(-0.0255,-0.0217255609824004,-0.0792));
#9218=CARTESIAN_POINT('',(-0.0270223880597015,-0.0230226093992601,-0.006302775637732));
#9219=CARTESIAN_POINT('',(-0.027123870529818,-0.0229034961119178,-0.006302775637732));
#9220=CARTESIAN_POINT('',(-0.0272827504952641,-0.0226580124888142,-0.00644373272569797));
#9221=CARTESIAN_POINT('',(-0.027449198156016,-0.0222498717872921,-0.00685344937571914));
#9222=CARTESIAN_POINT('',(-0.0275,-0.0219446380147436,-0.00719606182031417));
#9223=CARTESIAN_POINT('',(-0.0275,-0.0217255609824005,-0.0074087173730177));
#9224=CARTESIAN_POINT('',(-0.0255,-0.0217255609824005,-0.0231562644036561));
#9225=CARTESIAN_POINT('',(0.0181181166833099,-0.00305338144503299,-0.0531877704900738));
#9226=CARTESIAN_POINT('',(0.0177336411319696,-0.00423851573254123,-0.053524489853062));
#9227=CARTESIAN_POINT('',(0.0168004354699782,-0.0047267844788214,-0.0527785237129118));
#9228=CARTESIAN_POINT('',(0.0210541242981004,-0.00461402541348238,-0.0506164480475039));
#9229=CARTESIAN_POINT('',(0.0206948853827838,-0.00587175558195191,-0.0510292623054189));
#9230=CARTESIAN_POINT('',(0.019522915258245,-0.00628742844726339,-0.0503942065389032));
#9231=CARTESIAN_POINT('',(0.0258128212365401,-0.00850474267384824,-0.0442060887268993));
#9232=CARTESIAN_POINT('',(0.0255810043843829,-0.0100482234300246,-0.0446485475374164));
#9233=CARTESIAN_POINT('',(0.0239355251466143,-0.0101781457076383,-0.044450055168886));
#9234=CARTESIAN_POINT('',(0.0275,-0.0132408881251184,-0.036402798971983));
#9235=CARTESIAN_POINT('',(0.0273503674641665,-0.014877704773786,-0.0372701732622941));
#9236=CARTESIAN_POINT('',(0.025499999999985,-0.014914291158911,-0.0372142773961083));
#9237=CARTESIAN_POINT('',(0.0275,-0.0156096613193389,-0.0325));
#9238=CARTESIAN_POINT('',(0.0275,-0.0172830643531273,-0.0335953183493888));
#9239=CARTESIAN_POINT('',(0.0255,-0.0172830643531273,-0.0335953183493888));
#9240=CARTESIAN_POINT('',(0.0169783548168397,-0.00482973772190021,-0.0526212340359858));
#9241=CARTESIAN_POINT('',(0.0174351005918094,-0.00448646204355004,-0.0531456829890208));
#9242=CARTESIAN_POINT('',(0.017972011867294,-0.00379777166139527,-0.0533188502475381));
#9243=CARTESIAN_POINT('',(0.0182780118720307,-0.00313904145651603,-0.0530466367565571));
#9244=CARTESIAN_POINT('',(0.0255,-0.0156096613193389,-0.0325));
#9245=CARTESIAN_POINT('',(-0.0255,-0.0217255609824005,-0.0231562644036561));
#9246=CARTESIAN_POINT('',(-0.0255,-0.0217255609824005,-0.0231562644036561));
#9247=CARTESIAN_POINT('',(0.0255,-0.0163265969662116,-0.0314046816506112));
#9248=CARTESIAN_POINT('',(0.0255,-0.0217255609824005,-0.0231562644036561));
#9249=CARTESIAN_POINT('',(0.0270223880597015,-0.0230226093992602,-0.0231562644036561));
#9250=CARTESIAN_POINT('',(0.0264868839288741,-0.0236511480752999,-0.0238663015516252));
#9251=CARTESIAN_POINT('',(0.0255,-0.0233989640161888,-0.0242515827530448));
#9252=CARTESIAN_POINT('',(0.0237027108896344,-0.026919022840795,-0.0175387825835778));
#9253=CARTESIAN_POINT('',(0.0232699954930699,-0.0272486306546829,-0.0183701476109168));
#9254=CARTESIAN_POINT('',(0.022367346895864,-0.0270758612075023,-0.0186341009329825));
#9255=CARTESIAN_POINT('',(0.0153536814617836,-0.0332505945936916,-0.00841051892577998));
#9256=CARTESIAN_POINT('',(0.0151685263585645,-0.0332879110378368,-0.0091434692477433));
#9257=CARTESIAN_POINT('',(0.0144886853230866,-0.0330507246926214,-0.00950583727516181));
#9258=CARTESIAN_POINT('',(-2.82746582557481E-15,-0.0366247027031513,-0.00354604772726998));
#9259=CARTESIAN_POINT('',(2.17358736532253E-14,-0.0365825263981115,-0.00411002911399481));
#9260=CARTESIAN_POINT('',(-3.10909150988628E-15,-0.0362347422043686,-0.00464136607665911));
#9261=CARTESIAN_POINT('',(-0.0153536814617723,-0.0332505945937032,-0.00841051892574718));
#9262=CARTESIAN_POINT('',(-0.015168526358594,-0.0332879110378112,-0.00914346924780103));
#9263=CARTESIAN_POINT('',(-0.0144886853230742,-0.0330507246926347,-0.00950583727514145));
#9264=CARTESIAN_POINT('',(-0.0237027108896579,-0.0269190228407674,-0.0175387825836549));
#9265=CARTESIAN_POINT('',(-0.0232699954931073,-0.0272486306546873,-0.0183701476108649));
#9266=CARTESIAN_POINT('',(-0.0223673468958897,-0.0270758612074709,-0.0186341009330306));
#9267=CARTESIAN_POINT('',(-0.0270223880597015,-0.0230226093992602,-0.0231562644036561));
#9268=CARTESIAN_POINT('',(-0.0264868839288741,-0.0236511480752999,-0.0238663015516252));
#9269=CARTESIAN_POINT('',(-0.0255,-0.0233989640161888,-0.0242515827530448));
#9270=CARTESIAN_POINT('',(0.00743553959198311,-0.0347125733845253,-0.00630277563773199));
#9271=CARTESIAN_POINT('',(0.00622335545511258,-0.0349722269412533,-0.00608652750649441));
#9272=CARTESIAN_POINT('',(0.00373896001839235,-0.0353281143608031,-0.00580991035501725));
#9273=CARTESIAN_POINT('',(-0.00124176127290165,-0.0355013906741682,-0.00568803032800989));
#9274=CARTESIAN_POINT('',(-0.00501389052217782,-0.0352312980361656,-0.0058707644688591));
#9275=CARTESIAN_POINT('',(-0.00743553959198311,-0.0347125733845253,-0.00630277563773199));
#9276=CARTESIAN_POINT('',(0.0255,-0.0217255609824005,-0.0231562644036561));
#9277=CARTESIAN_POINT('',(0.0255,-0.0217255609824005,-0.0231562644036561));
#9278=CARTESIAN_POINT('',(0.0255,-0.0217255609824005,-0.0231562644036561));
#9279=CARTESIAN_POINT('',(0.0255,-0.0217255609824004,-0.0792));
#9280=CARTESIAN_POINT('',(0.0275,-0.0217255609824005,-0.0074087173730177));
#9281=CARTESIAN_POINT('',(0.0275,-0.0219445977204232,-0.00719610093354709));
#9282=CARTESIAN_POINT('',(0.02744915970903,-0.0222497986275726,-0.00685361122543635));
#9283=CARTESIAN_POINT('',(0.0272830019758395,-0.0226575795585051,-0.00644403817969952));
#9284=CARTESIAN_POINT('',(0.0271238396456768,-0.0229035323616423,-0.00630277563773199));
#9285=CARTESIAN_POINT('',(0.0270223880597015,-0.0230226093992601,-0.00630277563773199));
#9286=CARTESIAN_POINT('',(-0.0071006528669936,0.000515259055569645,-0.0590674750185722));
#9287=CARTESIAN_POINT('',(-0.00692196665462237,-0.000579120716155586,-0.0591152322392068));
#9288=CARTESIAN_POINT('',(-0.00658424174939406,-0.00115814397821876,-0.0582306133666102));
#9289=CARTESIAN_POINT('',(-0.00247500193877567,0.00126561642901864,-0.0603037664426613));
#9290=CARTESIAN_POINT('',(-0.00244333753706459,0.000182724381197288,-0.0602791622489756));
#9291=CARTESIAN_POINT('',(-0.00229500179777286,-0.000407786604789257,-0.0593769926871276));
#9292=CARTESIAN_POINT('',(0.00247500193878296,0.0012656164289874,-0.0603037664426593));
#9293=CARTESIAN_POINT('',(0.00244333753707123,0.000182724381166275,-0.0602791622489756));
#9294=CARTESIAN_POINT('',(0.00229500179778652,-0.000407786604798625,-0.0593769926871132));
#9295=CARTESIAN_POINT('',(0.00710065286699359,0.000515259055569648,-0.0590674750185722));
#9296=CARTESIAN_POINT('',(0.00692196665462236,-0.000579120716155582,-0.0591152322392068));
#9297=CARTESIAN_POINT('',(0.00658424174939406,-0.00115814397821876,-0.0582306133666102));
#9298=CARTESIAN_POINT('',(-0.00650791947001496,-0.00114487504297038,-0.0582508853510174));
#9299=CARTESIAN_POINT('',(-0.00659955187714904,-0.00077243513837523,-0.0588198907608156));
#9300=CARTESIAN_POINT('',(-0.00668850115697458,-0.000113907771863905,-0.0591743618718368));
#9301=CARTESIAN_POINT('',(-0.00677315460643995,0.000567076315280012,-0.0591528493162975));
#9302=CARTESIAN_POINT('',(0.00677315460643995,0.000567076315280011,-0.0591528493162975));
#9303=CARTESIAN_POINT('',(0.00668862432468541,-0.000112916964617964,-0.0591743305718457));
#9304=CARTESIAN_POINT('',(0.00659942486213139,-0.000772951390894777,-0.0588191020416885));
#9305=CARTESIAN_POINT('',(0.00650791947001496,-0.00114487504297038,-0.0582508853510174));
#9306=CARTESIAN_POINT('',(0.,0.04,-0.0325));
#9307=CARTESIAN_POINT('',(-0.020976176963403,0.036,-0.009));
#9308=CARTESIAN_POINT('',(-0.0192291749559145,0.036,-0.00844242962336305));
#9309=CARTESIAN_POINT('',(-0.0157564188254646,0.0363893847171971,-0.00736113977914633));
#9310=CARTESIAN_POINT('',(-0.00880200993223509,0.037786935762355,-0.00560592872243588));
#9311=CARTESIAN_POINT('',(-0.00354273142065839,0.0391168095220574,-0.005));
#9312=CARTESIAN_POINT('',(0.,0.04,-0.005));
#9313=CARTESIAN_POINT('',(-0.0235,0.036,-0.0115238230365969));
#9314=CARTESIAN_POINT('',(-0.0240575703766369,0.036,-0.0132708250440855));
#9315=CARTESIAN_POINT('',(-0.0251388602208537,0.0363893847171946,-0.016743581174536));
#9316=CARTESIAN_POINT('',(-0.0268940712775641,0.0377869357623676,-0.0236979900677618));
#9317=CARTESIAN_POINT('',(-0.0275,0.0391168095220021,-0.0289572685793554));
#9318=CARTESIAN_POINT('',(-0.0275,0.04,-0.0325));
#9319=CARTESIAN_POINT('',(0.,0.04,-0.0325));
#9320=CARTESIAN_POINT('',(0.0235,0.036,-0.011523823036597));
#9321=CARTESIAN_POINT('',(0.024057570376637,0.036,-0.0132708250440855));
#9322=CARTESIAN_POINT('',(0.0251388602208537,0.0363893847171946,-0.016743581174536));
#9323=CARTESIAN_POINT('',(0.0268940712775641,0.0377869357623676,-0.0236979900677618));
#9324=CARTESIAN_POINT('',(0.0275,0.0391168095220021,-0.0289572685793554));
#9325=CARTESIAN_POINT('',(0.0275,0.04,-0.0325));
#9326=CARTESIAN_POINT('',(0.020976176963403,0.036,-0.009));
#9327=CARTESIAN_POINT('',(0.0192291749559145,0.036,-0.00844242962336305));
#9328=CARTESIAN_POINT('',(0.0157564188254652,0.0363893847171998,-0.00736113977914634));
#9329=CARTESIAN_POINT('',(0.00880200993223174,0.0377869357623417,-0.00560592872243587));
#9330=CARTESIAN_POINT('',(0.00354273142067306,0.0391168095221162,-0.005));
#9331=CARTESIAN_POINT('',(0.,0.04,-0.005));
#9332=CARTESIAN_POINT('',(0.020976176963403,0.036,-0.009));
#9333=CARTESIAN_POINT('',(0.020976176963403,0.036,-0.005));
#9334=CARTESIAN_POINT('',(0.020976176963403,0.032,-0.005));
#9335=CARTESIAN_POINT('',(0.0194841775044232,0.036,-0.00852381582980522));
#9336=CARTESIAN_POINT('',(0.0195679966469719,0.0355505674133208,-0.00499999999999228));
#9337=CARTESIAN_POINT('',(0.0190591339546528,0.0320000000037845,-0.005));
#9338=CARTESIAN_POINT('',(0.0163741772772975,0.0362947997897481,-0.00754673653332733));
#9339=CARTESIAN_POINT('',(0.0163397403272756,0.035182881634052,-0.00500000000000274));
#9340=CARTESIAN_POINT('',(0.015313514984819,0.0325895995777403,-0.005));
#9341=CARTESIAN_POINT('',(0.011209789722442,0.0372849182051907,-0.00618821500981205));
#9342=CARTESIAN_POINT('',(0.0108260483317217,0.036067827796006,-0.0050000000000008));
#9343=CARTESIAN_POINT('',(0.00993291656781643,0.0345698364108511,-0.005));
#9344=CARTESIAN_POINT('',(0.00573664638055667,0.0385698339423834,-0.00523449473843908));
#9345=CARTESIAN_POINT('',(0.00539695377972234,0.0378255462538162,-0.00499999999999469));
#9346=CARTESIAN_POINT('',(0.00490396975576872,0.0371396678846439,-0.005));
#9347=CARTESIAN_POINT('',(0.00191152728224344,0.0395234631780149,-0.005));
#9348=CARTESIAN_POINT('',(0.00177250711798762,0.0392851947660824,-0.00500000000001171));
#9349=CARTESIAN_POINT('',(0.00163348694901694,0.0390469263560035,-0.005));
#9350=CARTESIAN_POINT('',(0.,0.04,-0.005));
#9351=CARTESIAN_POINT('',(0.,0.04,-0.005));
#9352=CARTESIAN_POINT('',(0.,0.04,-0.005));
#9353=CARTESIAN_POINT('',(0.020976176963403,0.032,-0.009));
#9354=CARTESIAN_POINT('',(0.0275,0.032,-0.009));
#9355=CARTESIAN_POINT('',(0.0235,0.032,-0.009));
#9356=CARTESIAN_POINT('',(0.0235,0.032,-0.04625));
#9357=CARTESIAN_POINT('',(0.0235,0.032,-0.011523823036597));
#9358=CARTESIAN_POINT('',(0.0275,0.032,-0.011523823036597));
#9359=CARTESIAN_POINT('',(0.0275,0.036,-0.011523823036597));
#9360=CARTESIAN_POINT('',(0.0235,0.036,-0.011523823036597));
#9361=CARTESIAN_POINT('',(0.0275,0.0320000000037845,-0.0134408660453439));
#9362=CARTESIAN_POINT('',(0.0274999999999947,0.0355505674133335,-0.0129320033530104));
#9363=CARTESIAN_POINT('',(0.0239761841701914,0.036,-0.0130158224955651));
#9364=CARTESIAN_POINT('',(0.0275,0.0325895995777457,-0.0171864850151795));
#9365=CARTESIAN_POINT('',(0.0275000000000021,0.0351828816340523,-0.0161602596727285));
#9366=CARTESIAN_POINT('',(0.0249532634666742,0.0362947997897514,-0.0161258227227046));
#9367=CARTESIAN_POINT('',(0.0275,0.0345698364108322,-0.0225670834321937));
#9368=CARTESIAN_POINT('',(0.0274999999999998,0.0360678277959895,-0.0216739516682871));
#9369=CARTESIAN_POINT('',(0.0263117849901875,0.0372849182051792,-0.0212902102775678));
#9370=CARTESIAN_POINT('',(0.0275,0.037139667884714,-0.0275960302441919));
#9371=CARTESIAN_POINT('',(0.027499999999999,0.0378255462538778,-0.0271030462202407));
#9372=CARTESIAN_POINT('',(0.0272655052615611,0.0385698339424261,-0.0267633536194019));
#9373=CARTESIAN_POINT('',(0.0275,0.0390469263558526,-0.0308665130510684));
#9374=CARTESIAN_POINT('',(0.0275000000000025,0.0392851947659512,-0.0307274928820922));
#9375=CARTESIAN_POINT('',(0.0275,0.039523463177923,-0.030588472717847));
#9376=CARTESIAN_POINT('',(0.0275,0.04,-0.0325));
#9377=CARTESIAN_POINT('',(0.0275,0.04,-0.0325));
#9378=CARTESIAN_POINT('',(0.0275,0.04,-0.0325));
#9379=CARTESIAN_POINT('',(-0.0235,0.036,-0.0115238230365969));
#9380=CARTESIAN_POINT('',(-0.0275,0.036,-0.0115238230365969));
#9381=CARTESIAN_POINT('',(-0.0275,0.032,-0.0115238230365969));
#9382=CARTESIAN_POINT('',(-0.0239761841701815,0.036,-0.0130158224955651));
#9383=CARTESIAN_POINT('',(-0.0275000000000053,0.0355505674133011,-0.0129320033530218));
#9384=CARTESIAN_POINT('',(-0.0275,0.0320000000037845,-0.0134408660453438));
#9385=CARTESIAN_POINT('',(-0.0249532634666788,0.0362947997897507,-0.0161258227227046));
#9386=CARTESIAN_POINT('',(-0.0274999999999976,0.0351828816340655,-0.0161602596727227));
#9387=CARTESIAN_POINT('',(-0.0275,0.0325895995777452,-0.0171864850151795));
#9388=CARTESIAN_POINT('',(-0.0263117849901863,0.0372849182051816,-0.0212902102775678));
#9389=CARTESIAN_POINT('',(-0.0275000000000009,0.036067827795988,-0.0216739516682889));
#9390=CARTESIAN_POINT('',(-0.0275,0.0345698364108338,-0.0225670834321937));
#9391=CARTESIAN_POINT('',(-0.0272655052615614,0.038569833942417,-0.0267633536194018));
#9392=CARTESIAN_POINT('',(-0.0274999999999987,0.0378255462538724,-0.0271030462202401));
#9393=CARTESIAN_POINT('',(-0.0275,0.0371396678847079,-0.0275960302441919));
#9394=CARTESIAN_POINT('',(-0.0275,0.0395234631779427,-0.030588472717847));
#9395=CARTESIAN_POINT('',(-0.0275000000000025,0.0392851947659643,-0.0307274928820922));
#9396=CARTESIAN_POINT('',(-0.0275,0.0390469263558657,-0.0308665130510684));
#9397=CARTESIAN_POINT('',(-0.0275,0.04,-0.0325));
#9398=CARTESIAN_POINT('',(-0.0275,0.04,-0.0325));
#9399=CARTESIAN_POINT('',(-0.0275,0.04,-0.0325));
#9400=CARTESIAN_POINT('',(-0.0235,0.032,-0.0115238230365969));
#9401=CARTESIAN_POINT('',(-0.0235,0.032,-0.0325));
#9402=CARTESIAN_POINT('',(-0.0235,0.032,-0.009));
#9403=CARTESIAN_POINT('',(0.0275,0.032,-0.009));
#9404=CARTESIAN_POINT('',(-0.020976176963403,0.032,-0.009));
#9405=CARTESIAN_POINT('',(-0.020976176963403,0.032,-0.005));
#9406=CARTESIAN_POINT('',(-0.020976176963403,0.036,-0.005));
#9407=CARTESIAN_POINT('',(-0.020976176963403,0.036,-0.009));
#9408=CARTESIAN_POINT('',(-0.0190591339546528,0.0320000000037845,-0.005));
#9409=CARTESIAN_POINT('',(-0.0195679966469719,0.0355505674133208,-0.00499999999999449));
#9410=CARTESIAN_POINT('',(-0.0194841775044232,0.036,-0.00852381582980522));
#9411=CARTESIAN_POINT('',(-0.015313514984819,0.0325895995777403,-0.005));
#9412=CARTESIAN_POINT('',(-0.0163397403272756,0.035182881634052,-0.00500000000000272));
#9413=CARTESIAN_POINT('',(-0.0163741772772975,0.0362947997897481,-0.00754673653332733));
#9414=CARTESIAN_POINT('',(-0.00993291656781642,0.0345698364108511,-0.005));
#9415=CARTESIAN_POINT('',(-0.0108260483317217,0.036067827796006,-0.00499999999999814));
#9416=CARTESIAN_POINT('',(-0.0112097897224419,0.0372849182051907,-0.00618821500981205));
#9417=CARTESIAN_POINT('',(-0.00490396975576876,0.0371396678846439,-0.005));
#9418=CARTESIAN_POINT('',(-0.00539695377972238,0.0378255462538162,-0.00500000000000468));
#9419=CARTESIAN_POINT('',(-0.00573664638055671,0.0385698339423834,-0.00523449473843908));
#9420=CARTESIAN_POINT('',(-0.00163348694901686,0.0390469263560035,-0.005));
#9421=CARTESIAN_POINT('',(-0.00177250711798753,0.0392851947660824,-0.00499999999999039));
#9422=CARTESIAN_POINT('',(-0.00191152728224335,0.0395234631780149,-0.005));
#9423=CARTESIAN_POINT('',(0.,0.04,-0.005));
#9424=CARTESIAN_POINT('',(0.,0.04,-0.005));
#9425=CARTESIAN_POINT('',(0.,0.04,-0.005));
#9426=CARTESIAN_POINT('',(0.,0.036,-0.0325));
#9427=CARTESIAN_POINT('',(0.,0.046,-0.0325));
#9428=CARTESIAN_POINT('',(0.0213265679376687,0.046,-0.0315));
#9429=CARTESIAN_POINT('',(0.0213265679376687,0.046,-0.0335));
#9430=CARTESIAN_POINT('',(0.0213265679376687,0.046,-0.0335));
#9431=CARTESIAN_POINT('',(0.0213265679376687,0.046,-0.0315));
#9432=CARTESIAN_POINT('',(0.,0.036,-0.0325));
#9433=CARTESIAN_POINT('',(0.,0.036,-0.01115));
#9434=CARTESIAN_POINT('',(0.,0.036,-0.0325));
#9435=CARTESIAN_POINT('',(-0.0075065995583458,-0.000256811271730148,-0.057703226176323));
#9436=CARTESIAN_POINT('',(-0.00755144493597608,-0.00112877817161172,-0.0582754777933708));
#9437=CARTESIAN_POINT('',(-0.00650791947001501,-0.00114487504297042,-0.0582508853510173));
#9438=CARTESIAN_POINT('',(-0.00749836711253914,-9.67408112323647E-5,-0.0579966886062816));
#9439=CARTESIAN_POINT('',(-0.00750338634738926,-0.000703296261013586,-0.058732174444324));
#9440=CARTESIAN_POINT('',(-0.00659777813414206,-0.000779644409602957,-0.0588088765964399));
#9441=CARTESIAN_POINT('',(-0.00749469986939556,0.00018098436030253,-0.0581920963013581));
#9442=CARTESIAN_POINT('',(-0.00746731118549223,-9.58313521203916E-5,-0.0589934509806651));
#9443=CARTESIAN_POINT('',(-0.00668657980470936,-0.000129364106060375,-0.0591748501354289));
#9444=CARTESIAN_POINT('',(-0.0075223817294139,0.000472563596066677,-0.0581836547957049));
#9445=CARTESIAN_POINT('',(-0.00752414858797326,0.000491174313269211,-0.0589620029911986));
#9446=CARTESIAN_POINT('',(-0.00677315460643992,0.000567076315280043,-0.0591528493162975));
#9447=CARTESIAN_POINT('',(-0.00652685807529667,0.000567076315280012,-0.0581836547957049));
#9448=CARTESIAN_POINT('',(-0.00650791947001496,-0.000308173526076177,-0.0577032261763231));
#9449=CARTESIAN_POINT('',(-0.00650791947001496,-0.00114487504297037,-0.0582508853510175));
#9450=CARTESIAN_POINT('',(-0.00755144493597608,-0.00112877817161172,-0.058275477793371));
#9451=CARTESIAN_POINT('',(-0.0075065995583458,-0.000256811271730132,-0.0577032261763231));
#9452=CARTESIAN_POINT('',(-0.00653824934615628,-0.00173460467553611,-0.0573499095234865));
#9453=CARTESIAN_POINT('',(-0.00767131405948171,-0.00171135166319375,-0.0573854349590134));
#9454=CARTESIAN_POINT('',(-0.00753187445512988,-0.000748252632205163,-0.0568022503487948));
#9455=CARTESIAN_POINT('',(-0.00677429906348587,-0.00290494539129372,-0.0555618889855235));
#9456=CARTESIAN_POINT('',(-0.008131967568156,-0.00286062985296528,-0.0556295932801899));
#9457=CARTESIAN_POINT('',(-0.00772858255290506,-0.00172353656199793,-0.0550142298108278));
#9458=CARTESIAN_POINT('',(-0.0076238681811631,-0.00448159762620717,-0.053153114737739));
#9459=CARTESIAN_POINT('',(-0.00932837132817004,-0.00422734322595425,-0.0535415589603483));
#9460=CARTESIAN_POINT('',(-0.00843655681763588,-0.00303741342442792,-0.052605455563045));
#9461=CARTESIAN_POINT('',(-0.00868360305894462,-0.00553239805709847,-0.051547725190544));
#9462=CARTESIAN_POINT('',(-0.0105849209349484,-0.00491571081807852,-0.0524898862501577));
#9463=CARTESIAN_POINT('',(-0.00931966921578719,-0.00391308045017016,-0.0510000660158495));
#9464=CARTESIAN_POINT('',(-0.00968714922210766,-0.00616118258746105,-0.0505870821580456));
#9465=CARTESIAN_POINT('',(-0.0115409545269017,-0.00515458894932213,-0.0521249335496467));
#9466=CARTESIAN_POINT('',(-0.0101559576850897,-0.00443706755880571,-0.0500394229833512));
#9467=CARTESIAN_POINT('',(-0.0105009161851904,-0.00651703650313481,-0.050043416453544));
#9468=CARTESIAN_POINT('',(-0.0121436733843489,-0.00517206164977224,-0.0520982391461813));
#9469=CARTESIAN_POINT('',(-0.010834096820992,-0.00473361248853383,-0.0494957572788496));
#9470=CARTESIAN_POINT('',(-0.0113581941755793,-0.00674929320757266,-0.049688579821764));
#9471=CARTESIAN_POINT('',(-0.0124785735906675,-0.0050744326400504,-0.0522473945777008));
#9472=CARTESIAN_POINT('',(-0.0115484951463161,-0.00492715974223205,-0.0491409206470696));
#9473=CARTESIAN_POINT('',(-0.0122403056594632,-0.00685293321574028,-0.0495302409203968));
#9474=CARTESIAN_POINT('',(-0.0125195185863998,-0.00498485697378314,-0.0523842462900535));
#9475=CARTESIAN_POINT('',(-0.0122835880495527,-0.00501352641570506,-0.0489825817457024));
#9476=CARTESIAN_POINT('',(-0.0131280667291363,-0.00682569096042334,-0.0495718610326866));
#9477=CARTESIAN_POINT('',(-0.0124694112679598,-0.00501193797063632,-0.0523428725448611));
#9478=CARTESIAN_POINT('',(-0.0130233889409469,-0.00499082453627427,-0.0490242018579922));
#9479=CARTESIAN_POINT('',(-0.0140021698035289,-0.00666816981326154,-0.0498125183408504));
#9480=CARTESIAN_POINT('',(-0.0126220391527683,-0.00512235227887206,-0.0521741840183899));
#9481=CARTESIAN_POINT('',(-0.0137518081696074,-0.00485955691363945,-0.049264859166156));
#9482=CARTESIAN_POINT('',(-0.0148435736441102,-0.00638376453908192,-0.0502470263986248));
#9483=CARTESIAN_POINT('',(-0.013081132120294,-0.00518335013389388,-0.0520809928509954));
#9484=CARTESIAN_POINT('',(-0.0144529780367584,-0.00462255251848975,-0.0496993672239304));
#9485=CARTESIAN_POINT('',(-0.0158975717701986,-0.005843784339068,-0.0510719961486461));
#9486=CARTESIAN_POINT('',(-0.0139526945453164,-0.00507512588536979,-0.0522463354529073));
#9487=CARTESIAN_POINT('',(-0.0153313098084994,-0.00417256901847825,-0.050524336973952));
#9488=CARTESIAN_POINT('',(-0.016585367478778,-0.00527048923228569,-0.0519478636728968));
#9489=CARTESIAN_POINT('',(-0.014779692940066,-0.00473238562345474,-0.0527699664086104));
#9490=CARTESIAN_POINT('',(-0.0159044728989792,-0.0036948230961592,-0.0514002044982011));
#9491=CARTESIAN_POINT('',(-0.0169783548168397,-0.00482973772190021,-0.0526212340359858));
#9492=CARTESIAN_POINT('',(-0.0152941426296096,-0.00437933366940865,-0.0533093513384034));
#9493=CARTESIAN_POINT('',(-0.0162319623473664,-0.00332753017083834,-0.0520735748612914));
#9494=CARTESIAN_POINT('',(-0.0169783548168396,-0.00399303620500601,-0.0520735748612914));
#9495=CARTESIAN_POINT('',(-0.0075223817294139,0.00047256359606668,-0.0581836547957049));
#9496=CARTESIAN_POINT('',(-0.00752414858797326,0.00049117431326919,-0.0589620029911986));
#9497=CARTESIAN_POINT('',(-0.00677315460643995,0.000567076315280013,-0.0591528493162975));
#9498=CARTESIAN_POINT('',(-0.00759918681319224,0.00128156875742704,-0.0581602330872744));
#9499=CARTESIAN_POINT('',(-0.00760703931094087,0.00133212890787698,-0.0589380690295753));
#9500=CARTESIAN_POINT('',(-0.00686879867797854,0.00153788250844599,-0.0591285437692233));
#9501=CARTESIAN_POINT('',(-0.0081475121344175,0.00283270022308343,-0.0579984704996748));
#9502=CARTESIAN_POINT('',(-0.00819968551222157,0.00295079531549177,-0.0587715793674247));
#9503=CARTESIAN_POINT('',(-0.00755161888207319,0.0033992402679166,-0.0589606769338986));
#9504=CARTESIAN_POINT('',(-0.00991742537929291,0.00449098976685767,-0.0573233524791406));
#9505=CARTESIAN_POINT('',(-0.0101629135106136,0.00466217525370592,-0.0580952195749514));
#9506=CARTESIAN_POINT('',(-0.00975566179369689,0.0053891877201712,-0.058260082761299));
#9507=CARTESIAN_POINT('',(-0.0121093538713313,0.00514156796885997,-0.0561737310832313));
#9508=CARTESIAN_POINT('',(-0.0126248992956331,0.00520557501931115,-0.0569818863617131));
#9509=CARTESIAN_POINT('',(-0.0124852331226251,0.00616988156264745,-0.0570670794260146));
#9510=CARTESIAN_POINT('',(-0.0142145970765642,0.00484411571859069,-0.0547032606500288));
#9511=CARTESIAN_POINT('',(-0.0149411030777017,0.00460586204696643,-0.0556319544562832));
#9512=CARTESIAN_POINT('',(-0.0151068567368977,0.00581293886230488,-0.0555411195424768));
#9513=CARTESIAN_POINT('',(-0.0156882935893665,0.00396034919136803,-0.0533990937015716));
#9514=CARTESIAN_POINT('',(-0.0163798215948041,0.00338809973245029,-0.0546126670533404));
#9515=CARTESIAN_POINT('',(-0.0169420259792085,0.00475241902964121,-0.0541877387469162));
#9516=CARTESIAN_POINT('',(-0.0166240228275906,0.00289528242022349,-0.0524529258726082));
#9517=CARTESIAN_POINT('',(-0.0171259655523919,0.00216564056629836,-0.0540585679811226));
#9518=CARTESIAN_POINT('',(-0.0181072737098257,0.00347433890426973,-0.0532058664715717));
#9519=CARTESIAN_POINT('',(-0.0171622786697694,0.00192345946197994,-0.0518649559723461));
#9520=CARTESIAN_POINT('',(-0.0174401717165956,0.001190054389423,-0.0538409551796268));
#9521=CARTESIAN_POINT('',(-0.0187775545699212,0.00230815135436968,-0.052595709027917));
#9522=CARTESIAN_POINT('',(-0.0174872276398066,0.000784627000650455,-0.0514892078522163));
#9523=CARTESIAN_POINT('',(-0.0175054165713607,0.000381234819582488,-0.0538371245017976));
#9524=CARTESIAN_POINT('',(-0.0191822080042127,0.000941552400803968,-0.0522057817333923));
#9525=CARTESIAN_POINT('',(-0.0175303727511272,-0.000438353793596532,-0.0514380169265282));
#9526=CARTESIAN_POINT('',(-0.0175016171097428,-0.000202857250888493,-0.0538501359011785));
#9527=CARTESIAN_POINT('',(-0.0192359358790419,-0.000526024552403298,-0.052152659074847));
#9528=CARTESIAN_POINT('',(-0.0172797253532628,-0.00161595850700933,-0.0517310921393595));
#9529=CARTESIAN_POINT('',(-0.0174796219331497,-0.000933090879420058,-0.0538226391924472));
#9530=CARTESIAN_POINT('',(-0.0189238089294345,-0.00193915020808479,-0.0524567937289717));
#9531=CARTESIAN_POINT('',(-0.0169540674489083,-0.0023015826965042,-0.0520935256487173));
#9532=CARTESIAN_POINT('',(-0.0173155279151158,-0.00159522481793994,-0.0539267465292771));
#9533=CARTESIAN_POINT('',(-0.0185182726744744,-0.00276189923650835,-0.0528329039762739));
#9534=CARTESIAN_POINT('',(-0.0167611307457216,-0.00261586788043011,-0.052299486329046));
#9535=CARTESIAN_POINT('',(-0.0171807302834919,-0.00193235916630145,-0.054022763708131));
#9536=CARTESIAN_POINT('',(-0.0182780118720307,-0.00313904145651613,-0.0530466367565572));
#9537=CARTESIAN_POINT('',(-0.017613356894866,-0.00313904145651613,-0.052299486329046));
#9538=CARTESIAN_POINT('',(-0.0167611307457216,-0.00261586788043011,-0.052299486329046));
#9539=CARTESIAN_POINT('',(-0.0171807302834918,-0.00193235916630148,-0.0540227637081309));
#9540=CARTESIAN_POINT('',(-0.0182780118720307,-0.00313904145651608,-0.0530466367565572));
#9541=CARTESIAN_POINT('',(-0.0167222415708769,-0.00267921659151999,-0.0523410006654037));
#9542=CARTESIAN_POINT('',(-0.017068103399961,-0.0021390289755512,-0.0541879487964936));
#9543=CARTESIAN_POINT('',(-0.0182025515966061,-0.00330148579170276,-0.0531137652032426));
#9544=CARTESIAN_POINT('',(-0.0166372616610666,-0.00281123721302754,-0.0523958396286755));
#9545=CARTESIAN_POINT('',(-0.0167901936536574,-0.00260529630607236,-0.0544328234705879));
#9546=CARTESIAN_POINT('',(-0.0180253973121443,-0.00363388285162162,-0.053199689882864));
#9547=CARTESIAN_POINT('',(-0.0164933405223857,-0.00301214012771354,-0.0523841589237172));
#9548=CARTESIAN_POINT('',(-0.0162410284919366,-0.0033653971313355,-0.0544411352550748));
#9549=CARTESIAN_POINT('',(-0.0176905489147683,-0.00412216085807035,-0.0531669922125277));
#9550=CARTESIAN_POINT('',(-0.0163502522366508,-0.0031922498586816,-0.052275007688241));
#9551=CARTESIAN_POINT('',(-0.0156781705142564,-0.00401528375169248,-0.0540365724405442));
#9552=CARTESIAN_POINT('',(-0.0173239039756167,-0.00454097452533565,-0.0529692378741619));
#9553=CARTESIAN_POINT('',(-0.0162679369910718,-0.00328718312396701,-0.0521475444485121));
#9554=CARTESIAN_POINT('',(-0.015397317421823,-0.0042870504385152,-0.0535648244682611));
#9555=CARTESIAN_POINT('',(-0.0170886093786499,-0.00474687388431638,-0.0527478315656277));
#9556=CARTESIAN_POINT('',(-0.0162319623473664,-0.00332753017083834,-0.0520735748612914));
#9557=CARTESIAN_POINT('',(-0.0152941426296097,-0.00437933366940855,-0.0533093513384035));
#9558=CARTESIAN_POINT('',(-0.0169783548168397,-0.00482973772190017,-0.0526212340359858));
#9559=CARTESIAN_POINT('',(-0.000649238612609652,0.00754233026272457,-0.0589885451560181));
#9560=CARTESIAN_POINT('',(-0.000678253170777359,0.00754612990499373,-0.0599919433262055));
#9561=CARTESIAN_POINT('',(-0.000808485819476171,0.00655079631526948,-0.0599881128977546));
#9562=CARTESIAN_POINT('',(1.70323241295496E-6,0.00745718643718704,-0.059011434552004));
#9563=CARTESIAN_POINT('',(-2.39421455577147E-6,0.00745405593053769,-0.0600078376963636));
#9564=CARTESIAN_POINT('',(2.12100640103671E-6,0.00644862372462445,-0.0600118660445325));
#9565=CARTESIAN_POINT('',(0.00134016314766876,0.00754722329764203,-0.0589856557105466));
#9566=CARTESIAN_POINT('',(0.00142211297629968,0.00755590661681687,-0.0599888053680084));
#9567=CARTESIAN_POINT('',(0.00166888241030449,0.00655666795717043,-0.0599851144166049));
#9568=CARTESIAN_POINT('',(0.00313020990813747,0.00843697379017476,-0.058755658383641));
#9569=CARTESIAN_POINT('',(0.0032676367348491,0.00853628170325777,-0.059827531853642));
#9570=CARTESIAN_POINT('',(0.00389799724409572,0.00762436854820971,-0.0597464379452879));
#9571=CARTESIAN_POINT('',(0.0044418970589559,0.0099350717511464,-0.0584674408048469));
#9572=CARTESIAN_POINT('',(0.00452079966809536,0.0100873849151675,-0.0596502849829922));
#9573=CARTESIAN_POINT('',(0.00553141897907716,0.00942208610137568,-0.0594473442314449));
#9574=CARTESIAN_POINT('',(0.00508692885820569,0.0118296086908051,-0.0582870644466042));
#9575=CARTESIAN_POINT('',(0.00507571919726525,0.0118874796819419,-0.0595582321656144));
#9576=CARTESIAN_POINT('',(0.00633466612531274,0.0116955304289661,-0.0592601612181741));
#9577=CARTESIAN_POINT('',(0.00495432971018319,0.0138352401971902,-0.0583263195293624));
#9578=CARTESIAN_POINT('',(0.00496645343879652,0.0137282420436188,-0.0595767595220049));
#9579=CARTESIAN_POINT('',(0.00616954265796398,0.0141022882366282,-0.05930089762481));
#9580=CARTESIAN_POINT('',(0.0040639243112504,0.015629751692547,-0.0585611840312477));
#9581=CARTESIAN_POINT('',(0.00417354362520725,0.0154822649479337,-0.0597043073302823));
#9582=CARTESIAN_POINT('',(0.00506073593476465,0.0162557020310564,-0.0595446249380873));
#9583=CARTESIAN_POINT('',(0.00256468383712251,0.016942286221785,-0.0588484409006117));
#9584=CARTESIAN_POINT('',(0.00269593127337563,0.0168764544336148,-0.0598907910575669));
#9585=CARTESIAN_POINT('',(0.00319375723113369,0.017830743466142,-0.0598427216893141));
#9586=CARTESIAN_POINT('',(0.000667187087592497,0.0175877248723499,-0.0590242866728044));
#9587=CARTESIAN_POINT('',(0.000709759906389582,0.0175964175247026,-0.0600172671478352));
#9588=CARTESIAN_POINT('',(0.000830836750586881,0.0186052698468199,-0.0600252031510234));
#9589=CARTESIAN_POINT('',(-0.00133926328187986,0.0174529980530321,-0.0589857279060606));
#9590=CARTESIAN_POINT('',(-0.00142116537689836,0.0174443599080951,-0.0599888592273427));
#9591=CARTESIAN_POINT('',(-0.00166776182271832,0.0184435976636385,-0.059985189336478));
#9592=CARTESIAN_POINT('',(-0.00313120035910725,0.0165628608460495,-0.0587555679507412));
#9593=CARTESIAN_POINT('',(-0.00326877483544382,0.0164634136441005,-0.0598274483236995));
#9594=CARTESIAN_POINT('',(-0.00389923063586941,0.0173754330152594,-0.0597463440998258));
#9595=CARTESIAN_POINT('',(-0.00444461895685131,0.0150609136428632,-0.058466762164106));
#9596=CARTESIAN_POINT('',(-0.00452334252664423,0.0149084760955397,-0.0596498883263955));
#9597=CARTESIAN_POINT('',(-0.00553480851230541,0.0155730963714359,-0.0594466399816195));
#9598=CARTESIAN_POINT('',(-0.00508767248252519,0.0131647190733631,-0.0582868395574303));
#9599=CARTESIAN_POINT('',(-0.00507632084867259,0.0131073725289889,-0.0595581280339149));
#9600=CARTESIAN_POINT('',(-0.00633559214805023,0.0132976628880358,-0.0592599278426163));
#9601=CARTESIAN_POINT('',(-0.00495267952710929,0.01116056897967,-0.058326779135175));
#9602=CARTESIAN_POINT('',(-0.00496499691716898,0.011267678633327,-0.0595770006831335));
#9603=CARTESIAN_POINT('',(-0.00616748771300402,0.010892682775604,-0.0593013745742382));
#9604=CARTESIAN_POINT('',(-0.00406390908684322,0.0093709082703179,-0.0585611491489002));
#9605=CARTESIAN_POINT('',(-0.00417342435904353,0.00951824151290539,-0.0597043071258439));
#9606=CARTESIAN_POINT('',(-0.00506071697606892,0.00874508992438149,-0.0595445887394247));
#9607=CARTESIAN_POINT('',(-0.00256548792246688,0.00805808625086718,-0.0588483193346311));
#9608=CARTESIAN_POINT('',(-0.00269677083363228,0.00812400180955387,-0.0598907031610272));
#9609=CARTESIAN_POINT('',(-0.00319475854495876,0.00716970350104062,-0.0598425955359379));
#9610=CARTESIAN_POINT('',(-0.00130018045763226,0.00762747408826209,-0.0589656557600322));
#9611=CARTESIAN_POINT('',(-0.00135931359435826,0.00763891248849958,-0.0599759266316382));
#9612=CARTESIAN_POINT('',(-0.00161909264535338,0.00665296890591451,-0.0599643597509768));
#9613=CARTESIAN_POINT('',(-0.000649238612609652,0.00754233026272457,-0.0589885451560181));
#9614=CARTESIAN_POINT('',(-0.000678253170777359,0.00754612990499373,-0.0599919433262055));
#9615=CARTESIAN_POINT('',(-0.000808485819476171,0.00655079631526948,-0.0599881128977546));
#9616=CARTESIAN_POINT('',(0.0162319623473664,-0.00332753017083834,-0.0520735748612914));
#9617=CARTESIAN_POINT('',(0.0152941426296097,-0.00437933366940863,-0.0533093513384035));
#9618=CARTESIAN_POINT('',(0.0169783548168397,-0.0048297377219002,-0.0526212340359858));
#9619=CARTESIAN_POINT('',(0.0162679290191291,-0.00328719206482968,-0.0521475280534602));
#9620=CARTESIAN_POINT('',(0.0153972940219382,-0.0042870713666422,-0.0535647665106806));
#9621=CARTESIAN_POINT('',(0.0170885849447148,-0.00474689224914563,-0.0527478035082497));
#9622=CARTESIAN_POINT('',(0.016349699910182,-0.00319289734381135,-0.0522742511001743));
#9623=CARTESIAN_POINT('',(0.0156761629429515,-0.00401729791033421,-0.0540336782956628));
#9624=CARTESIAN_POINT('',(0.0173223634892328,-0.00454240368095715,-0.0529679153748554));
#9625=CARTESIAN_POINT('',(0.0164926557504609,-0.00301304098376703,-0.052383863066297));
#9626=CARTESIAN_POINT('',(0.0162382825376755,-0.00336882828014324,-0.0544401582046979));
#9627=CARTESIAN_POINT('',(0.0176888761460634,-0.00412430599771596,-0.0531664263403642));
#9628=CARTESIAN_POINT('',(0.0166366523869012,-0.00281216260871239,-0.0523961307809186));
#9629=CARTESIAN_POINT('',(0.0167880888809008,-0.00260868540350475,-0.0544342339203474));
#9630=CARTESIAN_POINT('',(0.0180240930273892,-0.00363619537047456,-0.0532001322910831));
#9631=CARTESIAN_POINT('',(0.0167222325756189,-0.0026792312443893,-0.0523410102707876));
#9632=CARTESIAN_POINT('',(0.0170680768767204,-0.00213907764928492,-0.0541879877109498));
#9633=CARTESIAN_POINT('',(0.0182025341406824,-0.00330152336681395,-0.0531137807317977));
#9634=CARTESIAN_POINT('',(0.0167611307457217,-0.00261586788042998,-0.0522994863290459));
#9635=CARTESIAN_POINT('',(0.0171807302834922,-0.0019323591663009,-0.0540227637081308));
#9636=CARTESIAN_POINT('',(0.0182780118720309,-0.0031390414565158,-0.053046636756557));
#9637=CARTESIAN_POINT('',(0.017613356894866,-0.00313904145651608,-0.052299486329046));
#9638=CARTESIAN_POINT('',(0.0169783548168397,-0.00399303620500601,-0.0520735748612914));
#9639=CARTESIAN_POINT('',(0.0169783548168397,-0.00482973772190021,-0.0526212340359858));
#9640=CARTESIAN_POINT('',(0.0152941426296096,-0.00437933366940866,-0.0533093513384034));
#9641=CARTESIAN_POINT('',(0.0162319623473664,-0.00332753017083834,-0.0520735748612914));
#9642=CARTESIAN_POINT('',(0.0165853674787734,-0.00527048923228427,-0.051947863672899));
#9643=CARTESIAN_POINT('',(0.0147796929401142,-0.00473238562342211,-0.0527699664086301));
#9644=CARTESIAN_POINT('',(0.0159044728989807,-0.00369482309615757,-0.0514002044982042));
#9645=CARTESIAN_POINT('',(0.0158975717701997,-0.0058437843390683,-0.0510719961486457));
#9646=CARTESIAN_POINT('',(0.0139526945453017,-0.00507512588537907,-0.0522463354529008));
#9647=CARTESIAN_POINT('',(0.0153313098084991,-0.0041725690184786,-0.0505243369739514));
#9648=CARTESIAN_POINT('',(0.01484357364411,-0.00638376453908187,-0.0502470263986249));
#9649=CARTESIAN_POINT('',(0.0130811321202977,-0.00518335013389181,-0.0520809928509969));
#9650=CARTESIAN_POINT('',(0.0144529780367585,-0.00462255251848969,-0.0496993672239305));
#9651=CARTESIAN_POINT('',(0.0140021698035289,-0.00666816981326158,-0.0498125183408504));
#9652=CARTESIAN_POINT('',(0.0126220391527671,-0.00512235227887266,-0.0521741840183896));
#9653=CARTESIAN_POINT('',(0.0137518081696074,-0.00485955691363949,-0.049264859166156));
#9654=CARTESIAN_POINT('',(0.0131280667291363,-0.00682569096042334,-0.0495718610326866));
#9655=CARTESIAN_POINT('',(0.0124694112679602,-0.0050119379706362,-0.0523428725448611));
#9656=CARTESIAN_POINT('',(0.0130233889409469,-0.00499082453627427,-0.0490242018579922));
#9657=CARTESIAN_POINT('',(0.0122403056594633,-0.0068529332157403,-0.0495302409203968));
#9658=CARTESIAN_POINT('',(0.0125195185863996,-0.0049848569737832,-0.0523842462900535));
#9659=CARTESIAN_POINT('',(0.0122835880495527,-0.00501352641570508,-0.0489825817457024));
#9660=CARTESIAN_POINT('',(0.0113581941755794,-0.00674929320757269,-0.049688579821764));
#9661=CARTESIAN_POINT('',(0.0124785735906677,-0.00507443264005036,-0.0522473945777008));
#9662=CARTESIAN_POINT('',(0.0115484951463161,-0.00492715974223207,-0.0491409206470696));
#9663=CARTESIAN_POINT('',(0.0105009161851904,-0.0065170365031348,-0.0500434164535441));
#9664=CARTESIAN_POINT('',(0.0121436733843488,-0.0051720616497723,-0.0520982391461812));
#9665=CARTESIAN_POINT('',(0.010834096820992,-0.00473361248853383,-0.0494957572788497));
#9666=CARTESIAN_POINT('',(0.00968714922210768,-0.00616118258746108,-0.0505870821580456));
#9667=CARTESIAN_POINT('',(0.0115409545269016,-0.00515458894932201,-0.0521249335496469));
#9668=CARTESIAN_POINT('',(0.0101559576850897,-0.00443706755880573,-0.0500394229833512));
#9669=CARTESIAN_POINT('',(0.00868360305894467,-0.00553239805709843,-0.0515477251905441));
#9670=CARTESIAN_POINT('',(0.010584920934949,-0.00491571081807912,-0.052489886250157));
#9671=CARTESIAN_POINT('',(0.00931966921578722,-0.0039130804501702,-0.0510000660158497));
#9672=CARTESIAN_POINT('',(0.00762386818116301,-0.00448159762620779,-0.0531531147377381));
#9673=CARTESIAN_POINT('',(0.00932837132816743,-0.00422734322595089,-0.0535415589603525));
#9674=CARTESIAN_POINT('',(0.00843655681763585,-0.00303741342442791,-0.0526054555630436));
#9675=CARTESIAN_POINT('',(0.00677429906348612,-0.00290494539129141,-0.055561888985527));
#9676=CARTESIAN_POINT('',(0.00813196756816141,-0.0028606298529727,-0.0556295932801816));
#9677=CARTESIAN_POINT('',(0.00772858255290508,-0.00172353656199797,-0.055014229810833));
#9678=CARTESIAN_POINT('',(0.00653824934615581,-0.00173460467554124,-0.0573499095234787));
#9679=CARTESIAN_POINT('',(0.0076713140594731,-0.00171135166318403,-0.0573854349590225));
#9680=CARTESIAN_POINT('',(0.00753187445512988,-0.000748252632205227,-0.0568022503487836));
#9681=CARTESIAN_POINT('',(0.00650791947001496,-0.00114487504297035,-0.0582508853510175));
#9682=CARTESIAN_POINT('',(0.00755144493597608,-0.00112877817161171,-0.058275477793371));
#9683=CARTESIAN_POINT('',(0.0075065995583458,-0.000256811271730124,-0.0577032261763231));
#9684=CARTESIAN_POINT('',(0.00650791947001496,-0.000308173526076177,-0.0577032261763231));
#9685=CARTESIAN_POINT('',(0.0167611307457216,-0.00261586788043011,-0.052299486329046));
#9686=CARTESIAN_POINT('',(0.0171807302834919,-0.00193235916630146,-0.054022763708131));
#9687=CARTESIAN_POINT('',(0.0182780118720307,-0.00313904145651614,-0.0530466367565572));
#9688=CARTESIAN_POINT('',(0.0169538739395263,-0.00230189791455605,-0.0520937322210484));
#9689=CARTESIAN_POINT('',(0.0173153873578647,-0.00159557635611923,-0.0539268466491179));
#9690=CARTESIAN_POINT('',(0.0185180317001003,-0.00276227749789192,-0.052833118343838));
#9691=CARTESIAN_POINT('',(0.0172764906643434,-0.00162281246234818,-0.0517347362411797));
#9692=CARTESIAN_POINT('',(0.0174782134963591,-0.000939876619672972,-0.0538234191994798));
#9693=CARTESIAN_POINT('',(0.0189197808264498,-0.00194737495462074,-0.0524605753440446));
#9694=CARTESIAN_POINT('',(0.0175292711915288,-0.000451683239825057,-0.05143934803009));
#9695=CARTESIAN_POINT('',(0.0175019015709367,-0.000209368290232733,-0.0538496272561012));
#9696=CARTESIAN_POINT('',(0.0192345641255266,-0.000542019887842876,-0.0521540404087382));
#9697=CARTESIAN_POINT('',(0.0174888475413045,0.000776095339839675,-0.0514872672029547));
#9698=CARTESIAN_POINT('',(0.0175051918923051,0.000376479482624167,-0.0538376628435241));
#9699=CARTESIAN_POINT('',(0.0191842252400544,0.000931314407821757,-0.0522037678520814));
#9700=CARTESIAN_POINT('',(0.0171651394513808,0.00191778457251833,-0.0518618193235899));
#9701=CARTESIAN_POINT('',(0.0174419055326527,0.00118414461404872,-0.0538398119896602));
#9702=CARTESIAN_POINT('',(0.0187811170526791,0.00230134148701821,-0.0525924540150573));
#9703=CARTESIAN_POINT('',(0.0166234710234372,0.00289592898560017,-0.0524534412239272));
#9704=CARTESIAN_POINT('',(0.0171253400236905,0.00216638653764492,-0.0540589887264727));
#9705=CARTESIAN_POINT('',(0.0181065865574837,0.00347511478272117,-0.0532064012701101));
#9706=CARTESIAN_POINT('',(0.0156936783661337,0.00395557082634111,-0.0533940014553799));
#9707=CARTESIAN_POINT('',(0.0163847413771803,0.00338250446856372,-0.0546091483543587));
#9708=CARTESIAN_POINT('',(0.0169487315502815,0.00474668499160885,-0.0541824543404909));
#9709=CARTESIAN_POINT('',(0.0142067261304577,0.00484873899312755,-0.0547100882865587));
#9710=CARTESIAN_POINT('',(0.0149341064540605,0.00461128832809909,-0.0556367868237397));
#9711=CARTESIAN_POINT('',(0.0150970551813295,0.00581848679175255,-0.0555482048256681));
#9712=CARTESIAN_POINT('',(0.0121051040279475,0.00513945677842504,-0.0561755973321017));
#9713=CARTESIAN_POINT('',(0.0126190382319391,0.00520387845666569,-0.0569844467445276));
#9714=CARTESIAN_POINT('',(0.0124799408649708,0.00616734813411235,-0.0570690160993709));
#9715=CARTESIAN_POINT('',(0.0099245338797391,0.00449336215710547,-0.0573198987875826));
#9716=CARTESIAN_POINT('',(0.0101707959171397,0.00466413349618018,-0.0580918365121806));
#9717=CARTESIAN_POINT('',(0.00976451388805368,0.00539203458851786,-0.0582564987417567));
#9718=CARTESIAN_POINT('',(0.00815264714411576,0.00284233789285186,-0.0579969274029082));
#9719=CARTESIAN_POINT('',(0.00820533356536324,0.00296095693261324,-0.0587699840317759));
#9720=CARTESIAN_POINT('',(0.00755801342446152,0.00341080547145477,-0.0589590756070687));
#9721=CARTESIAN_POINT('',(0.00759937135926724,0.00128351262259637,-0.0581601768110222));
#9722=CARTESIAN_POINT('',(0.00760723850146332,0.0013341498020832,-0.0589380115150711));
#9723=CARTESIAN_POINT('',(0.00686902848574238,0.00154021514704553,-0.0591284853693316));
#9724=CARTESIAN_POINT('',(0.0075223817294139,0.000472563596066678,-0.0581836547957049));
#9725=CARTESIAN_POINT('',(0.00752414858797326,0.000491174313269188,-0.0589620029911986));
#9726=CARTESIAN_POINT('',(0.00677315460643995,0.000567076315280013,-0.0591528493162975));
#9727=CARTESIAN_POINT('',(0.00652685807529668,0.00056707631528001,-0.0581836547957049));
#9728=CARTESIAN_POINT('',(0.0075223817294139,0.000472563596066676,-0.0581836547957049));
#9729=CARTESIAN_POINT('',(0.00752414858797326,0.000491174313269208,-0.0589620029911986));
#9730=CARTESIAN_POINT('',(0.00677315460643995,0.000567076315280038,-0.0591528493162975));
#9731=CARTESIAN_POINT('',(0.00749474054569638,0.000181412812895642,-0.0581920838939979));
#9732=CARTESIAN_POINT('',(0.00746739534597016,-9.4962172219333E-5,-0.058993404411059));
#9733=CARTESIAN_POINT('',(0.00668670702081613,-0.000128340741916716,-0.0591748178066392));
#9734=CARTESIAN_POINT('',(0.00749837704199849,-9.69338781734787E-5,-0.0579963347229161));
#9735=CARTESIAN_POINT('',(0.00750344048325441,-0.000703775598929116,-0.0587316600382175));
#9736=CARTESIAN_POINT('',(0.00659766976844657,-0.000780084865086845,-0.0588082036783395));
#9737=CARTESIAN_POINT('',(0.0075065995583458,-0.000256811271730145,-0.0577032261763231));
#9738=CARTESIAN_POINT('',(0.00755144493597608,-0.00112877817161173,-0.058275477793371));
#9739=CARTESIAN_POINT('',(0.00650791947001492,-0.00114487504297035,-0.0582508853510175));
#9740=CARTESIAN_POINT('',(0.0137409060836613,0.046,-0.0335));
#9741=CARTESIAN_POINT('',(0.0345,0.057545912659346,-0.0335));
#9742=CARTESIAN_POINT('',(0.038825,0.057545912659346,-0.0335));
#9743=CARTESIAN_POINT('',(0.0345,0.081545912659346,-0.0335));
#9744=CARTESIAN_POINT('',(0.038825,0.081545912659346,-0.0335));
#9745=CARTESIAN_POINT('',(0.0345,0.105545912659346,-0.0335));
#9746=CARTESIAN_POINT('',(0.038825,0.105545912659346,-0.0335));
#9747=CARTESIAN_POINT('',(0.0345,0.129545912659346,-0.0335));
#9748=CARTESIAN_POINT('',(0.038825,0.129545912659346,-0.0335));
#9749=CARTESIAN_POINT('',(0.043,0.046,-0.0335));
#9750=CARTESIAN_POINT('',(0.04,0.046,-0.0335));
#9751=CARTESIAN_POINT('',(0.0324846117415616,0.046,-0.0335));
#9752=CARTESIAN_POINT('',(0.04,0.049,-0.0335));
#9753=CARTESIAN_POINT('',(0.043,0.049,-0.0335));
#9754=CARTESIAN_POINT('',(0.043,0.096,-0.0335));
#9755=CARTESIAN_POINT('',(0.043,0.143,-0.0335));
#9756=CARTESIAN_POINT('',(0.04,0.143,-0.0335));
#9757=CARTESIAN_POINT('',(0.0137409060836613,0.046,-0.0335));
#9758=CARTESIAN_POINT('',(0.0274818121673226,0.041,-0.0335));
#9759=CARTESIAN_POINT('',(0.0274818121673226,0.0423209079245576,-0.0335));
#9760=CARTESIAN_POINT('',(0.0285699904890737,0.0449089764779668,-0.0335));
#9761=CARTESIAN_POINT('',(0.0311637245789042,0.046,-0.0335));
#9762=CARTESIAN_POINT('',(0.0324846117415616,0.046,-0.0335));
#9763=CARTESIAN_POINT('',(0.0137409060836613,0.046,-0.0315));
#9764=CARTESIAN_POINT('',(0.0345,0.129545912659346,-0.0315));
#9765=CARTESIAN_POINT('',(0.037625,0.129545912659346,-0.0315));
#9766=CARTESIAN_POINT('',(0.0345,0.105545912659346,-0.0315));
#9767=CARTESIAN_POINT('',(0.037625,0.105545912659346,-0.0315));
#9768=CARTESIAN_POINT('',(0.0345,0.081545912659346,-0.0315));
#9769=CARTESIAN_POINT('',(0.037625,0.081545912659346,-0.0315));
#9770=CARTESIAN_POINT('',(0.0345,0.057545912659346,-0.0315));
#9771=CARTESIAN_POINT('',(0.037625,0.057545912659346,-0.0315));
#9772=CARTESIAN_POINT('',(0.043,0.096,-0.0315));
#9773=CARTESIAN_POINT('',(0.043,0.049,-0.0315));
#9774=CARTESIAN_POINT('',(0.043,0.143,-0.0315));
#9775=CARTESIAN_POINT('',(0.04,0.049,-0.0315));
#9776=CARTESIAN_POINT('',(0.04,0.046,-0.0315));
#9777=CARTESIAN_POINT('',(0.043,0.046,-0.0315));
#9778=CARTESIAN_POINT('',(0.0324846117415616,0.046,-0.0315));
#9779=CARTESIAN_POINT('',(0.0324846117415616,0.046,-0.0315));
#9780=CARTESIAN_POINT('',(0.0311637107851903,0.046,-0.0315));
#9781=CARTESIAN_POINT('',(0.0285750508430022,0.0449140192594044,-0.0315));
#9782=CARTESIAN_POINT('',(0.0274818121673226,0.0423209207147209,-0.0315));
#9783=CARTESIAN_POINT('',(0.0274818121673226,0.041,-0.0315));
#9784=CARTESIAN_POINT('',(0.0137409060836613,0.046,-0.0315));
#9785=CARTESIAN_POINT('',(0.04,0.143,-0.0315));
#9786=CARTESIAN_POINT('',(0.,0.046,-0.0325));
#9787=CARTESIAN_POINT('',(0.043,0.046,-0.0285));
#9788=CARTESIAN_POINT('',(0.04,0.046,-0.0285));
#9789=CARTESIAN_POINT('',(0.04,0.046,-0.0285));
#9790=CARTESIAN_POINT('',(0.043,0.046,-0.0285));
#9791=CARTESIAN_POINT('',(0.0322529068457403,0.046,-0.0285));
#9792=CARTESIAN_POINT('',(0.,0.046,-0.0325));
#9793=CARTESIAN_POINT('',(0.043,0.096,-0.0255));
#9794=CARTESIAN_POINT('',(0.0345,0.129545912659346,-0.0255));
#9795=CARTESIAN_POINT('',(0.038625,0.129545912659346,-0.0255));
#9796=CARTESIAN_POINT('',(0.0345,0.105545912659346,-0.0255));
#9797=CARTESIAN_POINT('',(0.038625,0.105545912659346,-0.0255));
#9798=CARTESIAN_POINT('',(0.0345,0.081545912659346,-0.0255));
#9799=CARTESIAN_POINT('',(0.038625,0.081545912659346,-0.0255));
#9800=CARTESIAN_POINT('',(0.0345,0.057545912659346,-0.0255));
#9801=CARTESIAN_POINT('',(0.038625,0.057545912659346,-0.0255));
#9802=CARTESIAN_POINT('',(0.0302034766210779,0.046,-0.0255));
#9803=CARTESIAN_POINT('',(0.0302034766210779,0.141,-0.0255));
#9804=CARTESIAN_POINT('',(0.0302034766210779,0.0487374224232412,-0.0255));
#9805=CARTESIAN_POINT('',(0.0302034766210779,0.0487374224232412,-0.0255));
#9806=CARTESIAN_POINT('',(0.0308754119652344,0.0489124277445612,-0.0255));
#9807=CARTESIAN_POINT('',(0.0315585494290296,0.049,-0.0255));
#9808=CARTESIAN_POINT('',(0.0322529068457403,0.049,-0.0255));
#9809=CARTESIAN_POINT('',(0.0322529068457403,0.049,-0.0255));
#9810=CARTESIAN_POINT('',(0.043,0.049,-0.0255));
#9811=CARTESIAN_POINT('',(0.04,0.049,-0.0255));
#9812=CARTESIAN_POINT('',(0.04,0.096,-0.0255));
#9813=CARTESIAN_POINT('',(0.04,0.141,-0.0255));
#9814=CARTESIAN_POINT('',(0.0265941722939444,0.141,-0.0255));
#9815=CARTESIAN_POINT('',(0.043,0.096,-0.034));
#9816=CARTESIAN_POINT('',(0.043,0.096,-0.0285));
#9817=CARTESIAN_POINT('',(0.043,0.141,-0.0285));
#9818=CARTESIAN_POINT('',(0.043,0.049,-0.0285));
#9819=CARTESIAN_POINT('',(0.043,0.049,-0.034));
#9820=CARTESIAN_POINT('',(0.043,0.143,-0.0305));
#9821=CARTESIAN_POINT('',(0.043,0.143,-0.0305));
#9822=CARTESIAN_POINT('',(0.043,0.141,-0.0305));
#9823=CARTESIAN_POINT('',(0.043,0.046,-0.038));
#9824=CARTESIAN_POINT('',(0.,0.046,-0.0325));
#9825=CARTESIAN_POINT('',(0.0317372021451167,0.046,-0.0395));
#9826=CARTESIAN_POINT('',(0.043,0.046,-0.0395));
#9827=CARTESIAN_POINT('',(0.04,0.046,-0.0395));
#9828=CARTESIAN_POINT('',(0.04,0.046,-0.038));
#9829=CARTESIAN_POINT('',(0.043,0.096,-0.0425));
#9830=CARTESIAN_POINT('',(0.0345,0.129545912659346,-0.0425));
#9831=CARTESIAN_POINT('',(0.039825,0.129545912659346,-0.0425));
#9832=CARTESIAN_POINT('',(0.0345,0.105545912659346,-0.0425));
#9833=CARTESIAN_POINT('',(0.039825,0.105545912659346,-0.0425));
#9834=CARTESIAN_POINT('',(0.0345,0.081545912659346,-0.0425));
#9835=CARTESIAN_POINT('',(0.039825,0.081545912659346,-0.0425));
#9836=CARTESIAN_POINT('',(0.0345,0.057545912659346,-0.0425));
#9837=CARTESIAN_POINT('',(0.039825,0.057545912659346,-0.0425));
#9838=CARTESIAN_POINT('',(0.0309232921921323,0.049,-0.0425));
#9839=CARTESIAN_POINT('',(0.04,0.049,-0.0425));
#9840=CARTESIAN_POINT('',(0.0317372021451167,0.049,-0.0425));
#9841=CARTESIAN_POINT('',(0.0317372021451167,0.049,-0.0425));
#9842=CARTESIAN_POINT('',(0.0307378642088465,0.049,-0.0425));
#9843=CARTESIAN_POINT('',(0.0297693118735102,0.0488271887677245,-0.0425));
#9844=CARTESIAN_POINT('',(0.028831406486677,0.0484823446117567,-0.0425));
#9845=CARTESIAN_POINT('',(0.028831406486677,0.0484823446117567,-0.0425));
#9846=CARTESIAN_POINT('',(0.028831406486677,0.096,-0.0425));
#9847=CARTESIAN_POINT('',(0.028831406486677,0.141,-0.0425));
#9848=CARTESIAN_POINT('',(0.043,0.141,-0.0425));
#9849=CARTESIAN_POINT('',(0.04,0.141,-0.0425));
#9850=CARTESIAN_POINT('',(0.04,0.046,-0.0425));
#9851=CARTESIAN_POINT('',(0.043,0.096,-0.034));
#9852=CARTESIAN_POINT('',(0.043,0.049,-0.034));
#9853=CARTESIAN_POINT('',(0.043,0.049,-0.0395));
#9854=CARTESIAN_POINT('',(0.043,0.141,-0.0395));
#9855=CARTESIAN_POINT('',(0.043,0.141,-0.0395));
#9856=CARTESIAN_POINT('',(0.043,0.141,-0.0375));
#9857=CARTESIAN_POINT('',(0.043,0.143,-0.0375));
#9858=CARTESIAN_POINT('',(0.043,0.143,-0.0335));
#9859=CARTESIAN_POINT('',(0.,0.141,-0.0375));
#9860=CARTESIAN_POINT('',(0.04,0.141,-0.0375));
#9861=CARTESIAN_POINT('',(0.028831406486677,0.141,-0.0375));
#9862=CARTESIAN_POINT('',(0.028831406486677,0.141,-0.0475));
#9863=CARTESIAN_POINT('',(0.028831406486677,0.141,-0.0475));
#9864=CARTESIAN_POINT('',(0.0188523780221251,0.146,-0.048147295066909));
#9865=CARTESIAN_POINT('',(0.020146138956664,0.146,-0.0474983975760025));
#9866=CARTESIAN_POINT('',(0.0220811520079514,0.145186215998883,-0.0466435222918892));
#9867=CARTESIAN_POINT('',(0.0237994845338293,0.142990680036614,-0.0458603186742077));
#9868=CARTESIAN_POINT('',(0.0242647395500845,0.141654137277199,-0.0454442287158778));
#9869=CARTESIAN_POINT('',(0.0243958054887267,0.141,-0.0451923076923077));
#9870=CARTESIAN_POINT('',(0.028831406486677,0.0635,-0.0475));
#9871=CARTESIAN_POINT('',(0.028831406486677,0.0484823446117567,-0.0425));
#9872=CARTESIAN_POINT('',(0.0281488144926689,0.0480807896347219,-0.0425));
#9873=CARTESIAN_POINT('',(0.0270409457167698,0.0469883230292434,-0.0427552868060544));
#9874=CARTESIAN_POINT('',(0.0258540998791265,0.0450808890892924,-0.0434183402726679));
#9875=CARTESIAN_POINT('',(0.0249846288715711,0.0430613475201627,-0.0442378038110825));
#9876=CARTESIAN_POINT('',(0.0245662251712654,0.041680440762815,-0.0448647450829341));
#9877=CARTESIAN_POINT('',(0.0243958054887267,0.041,-0.0451923076923077));
#9878=CARTESIAN_POINT('',(0.,0.041,-0.0325));
#9879=CARTESIAN_POINT('',(0.0298630575126724,0.0456764653823479,-0.0397504753691189));
#9880=CARTESIAN_POINT('',(0.0291319143777895,0.045417130658519,-0.039856763864826));
#9881=CARTESIAN_POINT('',(0.0278879918781909,0.0446950166652164,-0.040507814314747));
#9882=CARTESIAN_POINT('',(0.0264908309367287,0.0434902493153183,-0.0419052457580319));
#9883=CARTESIAN_POINT('',(0.02534403240578,0.0422485882452355,-0.043491051227804));
#9884=CARTESIAN_POINT('',(0.0246941646899795,0.0414145754541567,-0.0446188333316171));
#9885=CARTESIAN_POINT('',(0.0243958054887267,0.041,-0.0451923076923077));
#9886=CARTESIAN_POINT('',(0.0298630575126724,0.0456764653823479,-0.0397504753691189));
#9887=CARTESIAN_POINT('',(0.0298630575126724,0.0456764653823479,-0.0397504753691189));
#9888=CARTESIAN_POINT('',(0.0304686970576367,0.04589128428256,-0.0396624317110391));
#9889=CARTESIAN_POINT('',(0.0310932777980328,0.046,-0.0395790611155641));
#9890=CARTESIAN_POINT('',(0.0317372021451167,0.046,-0.0395));
#9891=CARTESIAN_POINT('',(0.043,0.141,-0.0305));
#9892=CARTESIAN_POINT('',(0.04,0.141,-0.0305));
#9893=CARTESIAN_POINT('',(0.0302034766210779,0.141,-0.0305));
#9894=CARTESIAN_POINT('',(0.0302034766210779,0.141,-0.0205));
#9895=CARTESIAN_POINT('',(0.0203414735436154,0.146,-0.0188444350510719));
#9896=CARTESIAN_POINT('',(0.0215627889386133,0.146,-0.0196211422129969));
#9897=CARTESIAN_POINT('',(0.0234011724354727,0.145186215998878,-0.0206677717455787));
#9898=CARTESIAN_POINT('',(0.0250312572145924,0.142990680036623,-0.0216211332663168));
#9899=CARTESIAN_POINT('',(0.0254519351592122,0.141654137277179,-0.0220822440452047));
#9900=CARTESIAN_POINT('',(0.0255567879101428,0.141,-0.0223461538461539));
#9901=CARTESIAN_POINT('',(0.0302034766210779,0.141,-0.0205));
#9902=CARTESIAN_POINT('',(0.0302034766210779,0.0635,-0.0205));
#9903=CARTESIAN_POINT('',(0.0302034766210779,0.0487374224232412,-0.0255));
#9904=CARTESIAN_POINT('',(0.0294283263275174,0.0484144022341695,-0.0255));
#9905=CARTESIAN_POINT('',(0.0281708656808787,0.0473156634836131,-0.0251656907916649));
#9906=CARTESIAN_POINT('',(0.026930182905681,0.0453084277120964,-0.0243575137272833));
#9907=CARTESIAN_POINT('',(0.0260810758779549,0.0431877836609949,-0.0234152802374852));
#9908=CARTESIAN_POINT('',(0.0257019172329312,0.0417243288507559,-0.0227114380218096));
#9909=CARTESIAN_POINT('',(0.0255567879101428,0.041,-0.0223461538461539));
#9910=CARTESIAN_POINT('',(0.,0.041,-0.0325));
#9911=CARTESIAN_POINT('',(0.0322529068457403,0.046,-0.0285));
#9912=CARTESIAN_POINT('',(0.0318146070236187,0.046,-0.0284681686316085));
#9913=CARTESIAN_POINT('',(0.0313833766268981,0.0459451653396999,-0.0284348691064504));
#9914=CARTESIAN_POINT('',(0.0309591799650514,0.0458358890145258,-0.0283999183632462));
#9915=CARTESIAN_POINT('',(0.0309591799650514,0.0458358890145258,-0.0283999183632462));
#9916=CARTESIAN_POINT('',(0.0309591799650514,0.0458358890145258,-0.0283999183632462));
#9917=CARTESIAN_POINT('',(0.0301581281502893,0.0456295319012704,-0.0283339174754759));
#9918=CARTESIAN_POINT('',(0.0288037542021718,0.0449035146467432,-0.0276140324714358));
#9919=CARTESIAN_POINT('',(0.0274317565681315,0.043632839005315,-0.0260188440788049));
#9920=CARTESIAN_POINT('',(0.0263783917844161,0.0423256569926758,-0.0242438734780636));
#9921=CARTESIAN_POINT('',(0.025809825225445,0.0414394998522731,-0.0229830377325696));
#9922=CARTESIAN_POINT('',(0.0255567879101428,0.041,-0.0223461538461539));
#9923=CARTESIAN_POINT('',(0.04,0.143,-0.034));
#9924=CARTESIAN_POINT('',(0.04,0.143,-0.0305));
#9925=CARTESIAN_POINT('',(0.04,0.141,-0.0305));
#9926=CARTESIAN_POINT('',(0.04,0.141,-0.0285));
#9927=CARTESIAN_POINT('',(0.04,0.096,-0.0285));
#9928=CARTESIAN_POINT('',(0.04,0.049,-0.0285));
#9929=CARTESIAN_POINT('',(0.04,0.049,-0.0285));
#9930=CARTESIAN_POINT('',(0.04,0.049,-0.0285));
#9931=CARTESIAN_POINT('',(0.04,0.049,-0.0285));
#9932=CARTESIAN_POINT('',(0.04,0.049,-0.0285));
#9933=CARTESIAN_POINT('',(0.043,0.049,-0.0285));
#9934=CARTESIAN_POINT('',(0.0322529068457403,0.049,-0.0285));
#9935=CARTESIAN_POINT('',(0.0322529068457403,0.049,-0.0255));
#9936=CARTESIAN_POINT('',(0.0322529068457403,0.046,-0.0255));
#9937=CARTESIAN_POINT('',(0.0322529068457403,0.046,-0.0285));
#9938=CARTESIAN_POINT('',(0.0315585494292072,0.04899999999861,-0.0255));
#9939=CARTESIAN_POINT('',(0.031817298170095,0.0460316359248614,-0.0254999999999967));
#9940=CARTESIAN_POINT('',(0.0318149891815944,0.046,-0.0284681963857253));
#9941=CARTESIAN_POINT('',(0.0308754119654037,0.0489124277432419,-0.0255));
#9942=CARTESIAN_POINT('',(0.0313781148650146,0.0460098249194334,-0.0255000000000019));
#9943=CARTESIAN_POINT('',(0.0313837725802192,0.0459452673403226,-0.0284349017301587));
#9944=CARTESIAN_POINT('',(0.0302034766210779,0.0487374224232412,-0.0255));
#9945=CARTESIAN_POINT('',(0.0309347831792802,0.0459295608098738,-0.0255));
#9946=CARTESIAN_POINT('',(0.0309591799650514,0.0458358890145257,-0.0283999183632462));
#9947=CARTESIAN_POINT('',(0.0302034766210779,0.0487374224232412,-0.0285));
#9948=CARTESIAN_POINT('',(0.0302034766210779,0.0487374224232412,-0.0255));
#9949=CARTESIAN_POINT('',(0.0309347831792802,0.0459295608098738,-0.0255));
#9950=CARTESIAN_POINT('',(0.0309591799650514,0.0458358890145257,-0.0283999183632462));
#9951=CARTESIAN_POINT('',(0.0298846321180275,0.0486045537203151,-0.0255));
#9952=CARTESIAN_POINT('',(0.030775772758705,0.0459128157330799,-0.0255460790790386));
#9953=CARTESIAN_POINT('',(0.0306368179454129,0.0457528460771266,-0.028373358056325));
#9954=CARTESIAN_POINT('',(0.0292795139429086,0.0482521560267923,-0.0254405297543998));
#9955=CARTESIAN_POINT('',(0.030404065724086,0.045868647251401,-0.0256331002192285));
#9956=CARTESIAN_POINT('',(0.0300196087167877,0.0455325975158725,-0.0282233267978361));
#9957=CARTESIAN_POINT('',(0.0281688696052491,0.0472377908850529,-0.0251270491713123));
#9958=CARTESIAN_POINT('',(0.0293700425938305,0.0455616924727982,-0.0256393015329377));
#9959=CARTESIAN_POINT('',(0.0288606429881421,0.0448986193036621,-0.0275868832391178));
#9960=CARTESIAN_POINT('',(0.0270657774841249,0.0455899316215194,-0.0244775071969584));
#9961=CARTESIAN_POINT('',(0.0278802572318356,0.0446465020172146,-0.0251634889540866));
#9962=CARTESIAN_POINT('',(0.0276457763964702,0.0438687072632767,-0.0263295217224956));
#9963=CARTESIAN_POINT('',(0.0261326787356413,0.043367693733172,-0.0235000641283281));
#9964=CARTESIAN_POINT('',(0.0264223972801085,0.0429548960551258,-0.0239668702228115));
#9965=CARTESIAN_POINT('',(0.0264827158318918,0.042479808583285,-0.0244610900916768));
#9966=CARTESIAN_POINT('',(0.0257132955237183,0.0417811170482375,-0.0227400766834579));
#9967=CARTESIAN_POINT('',(0.0257755791671924,0.0416346576049619,-0.0228968418975159));
#9968=CARTESIAN_POINT('',(0.0258378628083553,0.0414881981551413,-0.0230536071058981));
#9969=CARTESIAN_POINT('',(0.0255567879101428,0.041,-0.0223461538461538));
#9970=CARTESIAN_POINT('',(0.0255567879101428,0.041,-0.0223461538461538));
#9971=CARTESIAN_POINT('',(0.0255567879101428,0.041,-0.0223461538461538));
#9972=CARTESIAN_POINT('',(0.04,0.143,-0.034));
#9973=CARTESIAN_POINT('',(0.04,0.143,-0.0375));
#9974=CARTESIAN_POINT('',(0.04,0.141,-0.0375));
#9975=CARTESIAN_POINT('',(0.04,0.141,-0.0395));
#9976=CARTESIAN_POINT('',(0.04,0.049,-0.038));
#9977=CARTESIAN_POINT('',(0.04,0.049,-0.0395));
#9978=CARTESIAN_POINT('',(0.04,0.096,-0.0395));
#9979=CARTESIAN_POINT('',(0.04,0.049,-0.0395));
#9980=CARTESIAN_POINT('',(0.04,0.049,-0.0395));
#9981=CARTESIAN_POINT('',(0.04,0.049,-0.0395));
#9982=CARTESIAN_POINT('',(0.043,0.049,-0.0395));
#9983=CARTESIAN_POINT('',(0.0317372021451167,0.049,-0.0395));
#9984=CARTESIAN_POINT('',(0.0317372021451167,0.046,-0.0395));
#9985=CARTESIAN_POINT('',(0.0317372021451167,0.046,-0.0425));
#9986=CARTESIAN_POINT('',(0.0317372021451167,0.049,-0.0425));
#9987=CARTESIAN_POINT('',(0.0310952310031479,0.046,-0.0395788213007586));
#9988=CARTESIAN_POINT('',(0.0311035551497879,0.046077799261437,-0.0425000000000267));
#9989=CARTESIAN_POINT('',(0.0307378642093343,0.0489999999972922,-0.0425));
#9990=CARTESIAN_POINT('',(0.0304706950895941,0.0458919929797073,-0.0396621412508881));
#9991=CARTESIAN_POINT('',(0.0304516006002571,0.0460499341846137,-0.0424999999999868));
#9992=CARTESIAN_POINT('',(0.029769311873986,0.0488271887650565,-0.0425));
#9993=CARTESIAN_POINT('',(0.0298630575126724,0.045676465382348,-0.0397504753691189));
#9994=CARTESIAN_POINT('',(0.0297835604723339,0.0458926810295626,-0.0425));
#9995=CARTESIAN_POINT('',(0.028831406486677,0.0484823446117567,-0.0425));
#9996=CARTESIAN_POINT('',(0.028831406486677,0.0484823446117567,-0.0395));
#9997=CARTESIAN_POINT('',(0.0298630575126724,0.045676465382348,-0.0397504753691189));
#9998=CARTESIAN_POINT('',(0.0297835604723339,0.0458926810295626,-0.0425));
#9999=CARTESIAN_POINT('',(0.028831406486677,0.0484823446117567,-0.0425));
#10000=CARTESIAN_POINT('',(0.0292652832067088,0.0454644362641832,-0.0398373756397893));
#10001=CARTESIAN_POINT('',(0.0294309499556002,0.0458366531091064,-0.0423935543207947));
#10002=CARTESIAN_POINT('',(0.0282547307662925,0.0481430980162031,-0.0425));
#10003=CARTESIAN_POINT('',(0.0281397268040956,0.0448677960661264,-0.0403314635538289));
#10004=CARTESIAN_POINT('',(0.0284800143529218,0.0455870310198774,-0.0422618134008711));
#10005=CARTESIAN_POINT('',(0.0272031089744967,0.0471884737088155,-0.0426959775136201));
#10006=CARTESIAN_POINT('',(0.0266878051868022,0.043685139494046,-0.0416651319482258));
#10007=CARTESIAN_POINT('',(0.0267550456006533,0.0444248363845892,-0.0427504935832106));
#10008=CARTESIAN_POINT('',(0.0259617625984263,0.0452962231896626,-0.0433359234306471));
#10009=CARTESIAN_POINT('',(0.0254398307669727,0.0423673526171216,-0.0433321505121436));
#10010=CARTESIAN_POINT('',(0.0253276489444717,0.0428035415156878,-0.0437786090435561));
#10011=CARTESIAN_POINT('',(0.025025890570111,0.0431877641876257,-0.0441818885600578));
#10012=CARTESIAN_POINT('',(0.0247234043042967,0.041455204327204,-0.0445626320512241));
#10013=CARTESIAN_POINT('',(0.0246508113861623,0.0415917656284256,-0.044702162446667));
#10014=CARTESIAN_POINT('',(0.0245782184653416,0.0417283269235278,-0.0448416928471591));
#10015=CARTESIAN_POINT('',(0.0243958054887267,0.041,-0.0451923076923077));
#10016=CARTESIAN_POINT('',(0.0243958054887267,0.041,-0.0451923076923077));
#10017=CARTESIAN_POINT('',(0.0243958054887267,0.041,-0.0451923076923077));
#10018=CARTESIAN_POINT('',(0.0345,0.129545912659346,-0.033498));
#10019=CARTESIAN_POINT('',(0.0345,0.129545912659346,-0.0415));
#10020=CARTESIAN_POINT('',(0.038825,0.129545912659346,-0.0415));
#10021=CARTESIAN_POINT('',(0.0345,0.105545912659346,-0.033498));
#10022=CARTESIAN_POINT('',(0.0345,0.105545912659346,-0.0415));
#10023=CARTESIAN_POINT('',(0.038825,0.105545912659346,-0.0415));
#10024=CARTESIAN_POINT('',(0.0345,0.081545912659346,-0.033498));
#10025=CARTESIAN_POINT('',(0.0345,0.081545912659346,-0.0415));
#10026=CARTESIAN_POINT('',(0.038825,0.081545912659346,-0.0415));
#10027=CARTESIAN_POINT('',(0.0345,0.057545912659346,-0.033498));
#10028=CARTESIAN_POINT('',(0.0345,0.057545912659346,-0.0415));
#10029=CARTESIAN_POINT('',(0.038825,0.057545912659346,-0.0415));
#10030=CARTESIAN_POINT('',(0.0345,0.057545912659346,-0.031502));
#10031=CARTESIAN_POINT('',(0.0345,0.057545912659346,-0.0265));
#10032=CARTESIAN_POINT('',(0.037625,0.057545912659346,-0.0265));
#10033=CARTESIAN_POINT('',(0.0345,0.081545912659346,-0.031502));
#10034=CARTESIAN_POINT('',(0.0345,0.081545912659346,-0.0265));
#10035=CARTESIAN_POINT('',(0.037625,0.081545912659346,-0.0265));
#10036=CARTESIAN_POINT('',(0.0345,0.105545912659346,-0.031502));
#10037=CARTESIAN_POINT('',(0.0345,0.105545912659346,-0.0265));
#10038=CARTESIAN_POINT('',(0.037625,0.105545912659346,-0.0265));
#10039=CARTESIAN_POINT('',(0.0345,0.129545912659346,-0.031502));
#10040=CARTESIAN_POINT('',(0.0345,0.129545912659346,-0.0265));
#10041=CARTESIAN_POINT('',(0.037625,0.129545912659346,-0.0265));
#10042=CARTESIAN_POINT('',(-0.0305,0.0275,-0.008));
#10043=CARTESIAN_POINT('',(-0.0305,-0.018165902124585,-0.008));
#10044=CARTESIAN_POINT('',(-0.0305,-0.0181659021245849,-0.005));
#10045=CARTESIAN_POINT('',(-0.0275,-0.0181659021245849,-0.00500000000000001));
#10046=CARTESIAN_POINT('',(-0.0275,-0.018165902124585,-0.008));
#10047=CARTESIAN_POINT('',(-0.0300407892881206,-0.019110987734266,-0.005));
#10048=CARTESIAN_POINT('',(-0.0274999999999979,-0.0190437978854326,-0.00542656362026872));
#10049=CARTESIAN_POINT('',(-0.0275,-0.0193844951720467,-0.00800000000259484));
#10050=CARTESIAN_POINT('',(-0.029579899869844,-0.0199780472107506,-0.00497893340836946));
#10051=CARTESIAN_POINT('',(-0.0274999999999913,-0.020048530012127,-0.00570255358236911));
#10052=CARTESIAN_POINT('',(-0.0275,-0.0205825153467277,-0.00785253385410991));
#10053=CARTESIAN_POINT('',(-0.0291409875214001,-0.0207575180814278,-0.00491553105328824));
#10054=CARTESIAN_POINT('',(-0.0275,-0.0210593255180205,-0.00569283355852797));
#10055=CARTESIAN_POINT('',(-0.0275,-0.0217255609824004,-0.00740871737301769));
#10056=CARTESIAN_POINT('',(-0.0305,-0.0217255609824005,-0.0074087173730177));
#10057=CARTESIAN_POINT('',(-0.0270223880597015,-0.0230226093992601,-0.00630277563773202));
#10058=CARTESIAN_POINT('',(-0.0270223880597015,-0.0230226093992601,-0.00547072534339416));
#10059=CARTESIAN_POINT('',(-0.0273486140724947,-0.0233005483457301,-0.00475753937681886));
#10060=CARTESIAN_POINT('',(-0.0271831822853801,-0.0228338799686082,-0.00630277563364602));
#10061=CARTESIAN_POINT('',(-0.027280044353602,-0.0227201898016357,-0.00547072534168901));
#10062=CARTESIAN_POINT('',(-0.0277237508780587,-0.0228602380340748,-0.00475753937608185));
#10063=CARTESIAN_POINT('',(-0.0274244410680875,-0.0224041908951409,-0.00666844361282326));
#10064=CARTESIAN_POINT('',(-0.0276238967174129,-0.0219702320823534,-0.00564074388639222));
#10065=CARTESIAN_POINT('',(-0.0284115743068562,-0.0219625253660249,-0.0048097776585869));
#10066=CARTESIAN_POINT('',(-0.0275,-0.0219559060475196,-0.00718512406018309));
#10067=CARTESIAN_POINT('',(-0.027573912110245,-0.0213125089719776,-0.00573062892828212));
#10068=CARTESIAN_POINT('',(-0.0289198649125678,-0.0211502129658011,-0.00488358915238374));
#10069=CARTESIAN_POINT('',(-0.0275,-0.0217255609824005,-0.00740871737301799));
#10070=CARTESIAN_POINT('',(-0.0275,-0.0210593255180206,-0.00569283355852824));
#10071=CARTESIAN_POINT('',(-0.0291409875214001,-0.020757518081428,-0.0049155310532885));
#10072=CARTESIAN_POINT('',(-0.0293059701492537,-0.0249681820245497,-0.00630277563773199));
#10073=CARTESIAN_POINT('',(0.,4.53255442285545E-18,-0.00630277563773199));
#10074=CARTESIAN_POINT('',(-0.00806389505046053,-0.0376460302902596,-0.00630277563773191));
#10075=CARTESIAN_POINT('',(-0.00752530465747989,-0.0351316386567731,-0.00475753937681886));
#10076=CARTESIAN_POINT('',(-0.00743553959198311,-0.0347125733845253,-0.00547072534339416));
#10077=CARTESIAN_POINT('',(-0.00743553959198311,-0.0347125733845253,-0.006302775637732));
#10078=CARTESIAN_POINT('',(-0.00628459724838938,-0.0353974019857011,-0.00475753937700779));
#10079=CARTESIAN_POINT('',(-0.00626362256195633,-0.035022194759863,-0.00537538319537291));
#10080=CARTESIAN_POINT('',(-0.00626641651196439,-0.0349630031309196,-0.00609420940304245));
#10081=CARTESIAN_POINT('',(-0.00379511442192174,-0.035781309558202,-0.00477969163250047));
#10082=CARTESIAN_POINT('',(-0.00383314832012952,-0.0354507035862882,-0.00525413956173632));
#10083=CARTESIAN_POINT('',(-0.0038679648411328,-0.0353184037224064,-0.00581740391755575));
#10084=CARTESIAN_POINT('',(1.25423322540278E-5,-0.035956154454241,-0.00481468657618582));
#10085=CARTESIAN_POINT('',(1.27542486955919E-5,-0.0356305502778571,-0.00522154063535791));
#10086=CARTESIAN_POINT('',(1.28939341318564E-5,-0.0354614381305603,-0.00571457453915828));
#10087=CARTESIAN_POINT('',(0.00379497230643653,-0.0357803994801196,-0.00477964248213644));
#10088=CARTESIAN_POINT('',(0.00383263752016682,-0.0354496990494617,-0.00525441980471098));
#10089=CARTESIAN_POINT('',(0.00386746656184539,-0.0353175690732506,-0.0058180659573377));
#10090=CARTESIAN_POINT('',(0.00628030525363697,-0.0353983213441268,-0.00475753937701203));
#10091=CARTESIAN_POINT('',(0.00625960737864195,-0.0350232555742515,-0.00537505653720185));
#10092=CARTESIAN_POINT('',(0.00626237214954563,-0.0349638694457431,-0.00609348790713954));
#10093=CARTESIAN_POINT('',(0.00752530465747989,-0.0351316386567731,-0.00475753937681889));
#10094=CARTESIAN_POINT('',(0.00743553959198317,-0.0347125733845253,-0.00547072534339421));
#10095=CARTESIAN_POINT('',(0.00743553959198322,-0.0347125733845252,-0.00630277563773208));
#10096=CARTESIAN_POINT('',(0.00806389505046056,-0.0376460302902598,-0.00630277563773201));
#10097=CARTESIAN_POINT('',(0.,4.53255442285545E-18,-0.00630277563773199));
#10098=CARTESIAN_POINT('',(0.0293059701492537,-0.0249681820245497,-0.00630277563773198));
#10099=CARTESIAN_POINT('',(0.0275,-0.0217255609824004,-0.00740871737301767));
#10100=CARTESIAN_POINT('',(0.0275,-0.0210593255180205,-0.00569283355852798));
#10101=CARTESIAN_POINT('',(0.0291409875214,-0.0207575180814278,-0.00491553105328824));
#10102=CARTESIAN_POINT('',(0.0275,-0.0219556776280837,-0.00718534578481607));
#10103=CARTESIAN_POINT('',(0.0275738415072366,-0.0213122671225767,-0.0057305928255225));
#10104=CARTESIAN_POINT('',(0.028920084186795,-0.0211498235535941,-0.00488362082723687));
#10105=CARTESIAN_POINT('',(0.0274233202578131,-0.0224063149055699,-0.00666711728441777));
#10106=CARTESIAN_POINT('',(0.0276223840000127,-0.0219735596506602,-0.00564039858124913));
#10107=CARTESIAN_POINT('',(0.0284082225850278,-0.0219669452459167,-0.0048095881829243));
#10108=CARTESIAN_POINT('',(0.0271845661158863,-0.0228322557215777,-0.00630277564572652));
#10109=CARTESIAN_POINT('',(0.0272822617949879,-0.0227175871069627,-0.00547072534677641));
#10110=CARTESIAN_POINT('',(0.0277269793869975,-0.0228564486257489,-0.00475753937825426));
#10111=CARTESIAN_POINT('',(0.0270223880597015,-0.0230226093992601,-0.00630277563773201));
#10112=CARTESIAN_POINT('',(0.0270223880597015,-0.0230226093992602,-0.00547072534339415));
#10113=CARTESIAN_POINT('',(0.0273486140724946,-0.0233005483457301,-0.00475753937681886));
#10114=CARTESIAN_POINT('',(0.0305,-0.0217255609824005,-0.0074087173730177));
#10115=CARTESIAN_POINT('',(0.0305,0.,-0.008));
#10116=CARTESIAN_POINT('',(0.0305,-0.018165902124585,-0.008));
#10117=CARTESIAN_POINT('',(0.0275,-0.018165902124585,-0.008));
#10118=CARTESIAN_POINT('',(0.0275,-0.0181659021245849,-0.00500000000000001));
#10119=CARTESIAN_POINT('',(0.0305,-0.0181659021245849,-0.005));
#10120=CARTESIAN_POINT('',(0.0275,-0.0193844951720467,-0.00800000000259484));
#10121=CARTESIAN_POINT('',(0.0274999999999979,-0.0190437978854326,-0.00542656362026872));
#10122=CARTESIAN_POINT('',(0.0300407892881206,-0.019110987734266,-0.005));
#10123=CARTESIAN_POINT('',(0.0275,-0.0205825153466894,-0.00785253385412107));
#10124=CARTESIAN_POINT('',(0.027500000000003,-0.0200485300120915,-0.00570255358236342));
#10125=CARTESIAN_POINT('',(0.0295798998698591,-0.0199780472107267,-0.00497893340837052));
#10126=CARTESIAN_POINT('',(0.0275,-0.0217255609824005,-0.00740871737301768));
#10127=CARTESIAN_POINT('',(0.0275,-0.0210593255180205,-0.00569283355852797));
#10128=CARTESIAN_POINT('',(0.0291409875214,-0.0207575180814278,-0.00491553105328824));
#10129=CARTESIAN_POINT('',(-0.0275,0.018165902124585,-0.008));
#10130=CARTESIAN_POINT('',(-0.0275,0.018165902124585,-0.005));
#10131=CARTESIAN_POINT('',(-0.0305,0.018165902124585,-0.005));
#10132=CARTESIAN_POINT('',(-0.0275,0.0187753132731599,-0.00800000000129766));
#10133=CARTESIAN_POINT('',(-0.0274999999999984,0.0186211108277286,-0.00522118283405475));
#10134=CARTESIAN_POINT('',(-0.0302703514492023,0.0186385338272673,-0.005));
#10135=CARTESIAN_POINT('',(-0.0275,0.0199782415976723,-0.00791896857701672));
#10136=CARTESIAN_POINT('',(-0.0275000000000006,0.0195574401843478,-0.00556273202676031));
#10137=CARTESIAN_POINT('',(-0.0298121794851938,0.0195411000368288,-0.00498842408251843));
#10138=CARTESIAN_POINT('',(-0.0275,0.0217478908345413,-0.00748250728823032));
#10139=CARTESIAN_POINT('',(-0.0275000000000001,0.0210354315720604,-0.00575866637234936));
#10140=CARTESIAN_POINT('',(-0.0291322627502424,0.0207854112884589,-0.0049260724697191));
#10141=CARTESIAN_POINT('',(-0.0275,0.0233874315339427,-0.0066018034349853));
#10142=CARTESIAN_POINT('',(-0.0274999999999991,0.0224432068536384,-0.00555836299829571));
#10143=CARTESIAN_POINT('',(-0.028503208399671,0.0218650027069683,-0.00480025763359424));
#10144=CARTESIAN_POINT('',(-0.0275,0.0241308029181619,-0.00555413795336205));
#10145=CARTESIAN_POINT('',(-0.0275000000000019,0.0231053944739185,-0.00504476647474099));
#10146=CARTESIAN_POINT('',(-0.0282202390733344,0.0223273148066814,-0.00465059113615519));
#10147=CARTESIAN_POINT('',(-0.0275,0.0242571684182437,-0.00495734076831448));
#10148=CARTESIAN_POINT('',(-0.0275,0.0232147013522094,-0.00473660938592369));
#10149=CARTESIAN_POINT('',(-0.0281721707362804,0.0224058062379498,-0.0045653343954735));
#10150=CARTESIAN_POINT('',(-0.0305,0.018165902124585,-0.008));
#10151=CARTESIAN_POINT('',(-0.0305,0.0275,-0.008));
#10152=CARTESIAN_POINT('',(-0.0305,0.0275,-0.008));
#10153=CARTESIAN_POINT('',(0.0188523780221273,0.146,-0.0481472950669079));
#10154=CARTESIAN_POINT('',(0.0211608324738151,0.145999999999999,-0.0500632903812223));
#10155=CARTESIAN_POINT('',(0.0211608324738142,0.143,-0.0500632903812233));
#10156=CARTESIAN_POINT('',(0.0196489405333319,0.145999999999999,-0.0477477719413106));
#10157=CARTESIAN_POINT('',(0.021688016137443,0.14566235265719,-0.0494281220758551));
#10158=CARTESIAN_POINT('',(0.0215033404810677,0.142999999981952,-0.0496506254189575));
#10159=CARTESIAN_POINT('',(0.0211058958109599,0.145611150592527,-0.0470596340238919));
#10160=CARTESIAN_POINT('',(0.0224705396929836,0.144840193868381,-0.0483939601680327));
#10161=CARTESIAN_POINT('',(0.0221482528858589,0.142844460245214,-0.048824729377009));
#10162=CARTESIAN_POINT('',(0.0233504302302142,0.1439378375057,-0.0460891925772671));
#10163=CARTESIAN_POINT('',(0.0235137097011503,0.143135839354903,-0.0468124382900294));
#10164=CARTESIAN_POINT('',(0.0232863952186361,0.14217513499736,-0.0471846051654563));
#10165=CARTESIAN_POINT('',(0.024160220711226,0.142175782485881,-0.0456451237244541));
#10166=CARTESIAN_POINT('',(0.0240664675687885,0.141823047757132,-0.0458253260550599));
#10167=CARTESIAN_POINT('',(0.023972714439991,0.141470312994345,-0.0460055283594393));
#10168=CARTESIAN_POINT('',(0.0243958054887267,0.141,-0.0451923076923077));
#10169=CARTESIAN_POINT('',(0.0243958054887267,0.141,-0.0451923076923077));
#10170=CARTESIAN_POINT('',(0.0243958054887267,0.141,-0.0451923076923077));
#10171=CARTESIAN_POINT('',(0.0188523780221246,0.143,-0.048147295066909));
#10172=CARTESIAN_POINT('',(0.,0.143,-0.0325));
#10173=CARTESIAN_POINT('',(0.0203414735436154,0.143,-0.0188444350510719));
#10174=CARTESIAN_POINT('',(0.0228322662224254,0.143,-0.0171723250573255));
#10175=CARTESIAN_POINT('',(0.0228322662224255,0.146,-0.0171723250573256));
#10176=CARTESIAN_POINT('',(0.0203414735436154,0.146,-0.0188444350510719));
#10177=CARTESIAN_POINT('',(0.0231311766940278,0.142999999981952,-0.0176175852477863));
#10178=CARTESIAN_POINT('',(0.0232923451512941,0.145662352656563,-0.0178576634942113));
#10179=CARTESIAN_POINT('',(0.02109343167917,0.146,-0.0193226499898312));
#10180=CARTESIAN_POINT('',(0.0236890432308167,0.142844460245215,-0.0185046034019925));
#10181=CARTESIAN_POINT('',(0.0239660013889844,0.144840193868604,-0.0189658246894204));
#10182=CARTESIAN_POINT('',(0.0224731227956647,0.145611150592529,-0.0201549389355898));
#10183=CARTESIAN_POINT('',(0.0246550580320125,0.142175134997354,-0.0202516554349574));
#10184=CARTESIAN_POINT('',(0.0248434738136032,0.143135839354817,-0.0206449486466243));
#10185=CARTESIAN_POINT('',(0.0246077178644616,0.143937837505692,-0.0213479164119267));
#10186=CARTESIAN_POINT('',(0.0252183150711555,0.141470312994371,-0.0214942324728851));
#10187=CARTESIAN_POINT('',(0.0252933175741812,0.141823047757184,-0.0216830105017915));
#10188=CARTESIAN_POINT('',(0.0253683200881444,0.142175782485921,-0.0218717885581908));
#10189=CARTESIAN_POINT('',(0.0255567879101428,0.141,-0.0223461538461538));
#10190=CARTESIAN_POINT('',(0.0255567879101428,0.141,-0.0223461538461538));
#10191=CARTESIAN_POINT('',(0.0255567879101428,0.141,-0.0223461538461538));
#10192=CARTESIAN_POINT('',(0.0345,0.129545912659346,-0.0265));
#10193=CARTESIAN_POINT('',(0.0345,0.105545912659346,-0.0265));
#10194=CARTESIAN_POINT('',(0.0345,0.081545912659346,-0.0265));
#10195=CARTESIAN_POINT('',(0.0345,0.057545912659346,-0.0265));
#10196=CARTESIAN_POINT('',(0.0345,0.129545912659346,-0.0415));
#10197=CARTESIAN_POINT('',(0.0345,0.105545912659346,-0.0415));
#10198=CARTESIAN_POINT('',(0.0345,0.081545912659346,-0.0415));
#10199=CARTESIAN_POINT('',(0.0345,0.057545912659346,-0.0415));
#10200=MECHANICAL_DESIGN_GEOMETRIC_PRESENTATION_REPRESENTATION('',(#5349),
#10201);
#10201=(
GEOMETRIC_REPRESENTATION_CONTEXT(3)
GLOBAL_UNCERTAINTY_ASSIGNED_CONTEXT((#10202))
GLOBAL_UNIT_ASSIGNED_CONTEXT((#10205,#10204,#10203))
REPRESENTATION_CONTEXT('Clamp v1','TOP_LEVEL_ASSEMBLY_PART')
);
#10202=UNCERTAINTY_MEASURE_WITH_UNIT(LENGTH_MEASURE(2.E-5),#10205,
'DISTANCE_ACCURACY_VALUE','Maximum Tolerance applied to model');
#10203=(
NAMED_UNIT(*)
SI_UNIT($,.STERADIAN.)
SOLID_ANGLE_UNIT()
);
#10204=(
NAMED_UNIT(*)
PLANE_ANGLE_UNIT()
SI_UNIT($,.RADIAN.)
);
#10205=(
LENGTH_UNIT()
NAMED_UNIT(*)
SI_UNIT($,.METRE.)
);
#10206=PRODUCT_DEFINITION_SHAPE('','',#10207);
#10207=PRODUCT_DEFINITION('','',#10209,#10208);
#10208=PRODUCT_DEFINITION_CONTEXT('',#10215,'design');
#10209=PRODUCT_DEFINITION_FORMATION_WITH_SPECIFIED_SOURCE('','',#10211,
 .NOT_KNOWN.);
#10210=PRODUCT_RELATED_PRODUCT_CATEGORY('','',(#10211));
#10211=PRODUCT('Clamp v1','Clamp v1','Clamp v1',(#10213));
#10212=PRODUCT_CATEGORY('','');
#10213=PRODUCT_CONTEXT('',#10215,'mechanical');
#10214=APPLICATION_PROTOCOL_DEFINITION('international standard',
'ap242_managed_model_based_3d_engineering',2020,#10215);
#10215=APPLICATION_CONTEXT('managed model based 3d engineering');
ENDSEC;
END-ISO-10303-21;
